title,date,time,report_type,project_relevant,pdf_url,archive_offset
Water Level,2026-09-24,15:30,water_level,True,https://www.dmc.gov.lk/images/dmcreports/Water_level_&_Rainfall_2026__1790244886.pdf,0
Water level & Rainfall,2026-09-24,12:30,water_level_rainfall,True,https://www.dmc.gov.lk/images/dmcreports/Water_level_&_Rainfall_2026__1790233491.pdf,0
Flood Warning  for Kuda Ganga SubBasin Of Kalu River - NO 03 (2026.09.24)_Extended,2026-09-24,11:00,flood_warning,True,https://www.dmc.gov.lk/images/dmcreports/Flood_Warning__for_Kuda_Ganga_SubBasin_Of_Kalu_River_-_NO_03_(2026__1790231378.pdf,0
Water level & Rainfall,2026-09-24,09:30,water_level_rainfall,True,https://www.dmc.gov.lk/images/dmcreports/Water_level_&_Rainfall_2026__1790224088.pdf,0
Water Level,2026-09-24,06:30,water_level,True,https://www.dmc.gov.lk/images/dmcreports/Water_level_&_Rainfall_2026__1790212433.pdf,0
Water Level,2026-09-24,03:30,water_level,True,https://www.dmc.gov.lk/images/dmcreports/Water_level_&_Rainfall_2026__1790201532.pdf,0
Flood warning for Gin River Basin - NO 03,2026-09-24,02:30,flood_warning,True,https://www.dmc.gov.lk/images/dmcreports/Flood_warning_for_Gin_River_Basin_-_NO_03_(2026__1790198298.pdf,0
Flood warning for Nilwala River Basin - NO 01,2026-09-24,02:00,flood_warning,True,https://www.dmc.gov.lk/images/dmcreports/Flood_warning_for_Nilwala_River_Basin_-_NO_01_(2026__1790197233.pdf,0
The Water Level,2026-09-24,00:30,water_level,True,https://www.dmc.gov.lk/images/dmcreports/Water_level_&_Rainfall_2026__1790192158.pdf,0
Water Level,2026-09-23,15:30,water_level,True,https://www.dmc.gov.lk/images/dmcreports/Water_level_&_Rainfall_2026__1790157734.pdf,0
Water level & Rainfall,2026-09-23,12:30,water_level_rainfall,True,https://www.dmc.gov.lk/images/dmcreports/Water_level_&_Rainfall_2026__1790147206.pdf,10
Water level & Rainfall,2026-09-23,09:30,water_level_rainfall,True,https://www.dmc.gov.lk/images/dmcreports/Water_level_&_Rainfall_2026__1790136844.pdf,10
Water Level,2026-09-23,03:30,water_level,True,https://www.dmc.gov.lk/images/dmcreports/Water_level_&_Rainfall_2026__1790125143.pdf,10
The Water Level,2026-09-23,00:30,water_level,True,https://www.dmc.gov.lk/images/dmcreports/Water_level_&_Rainfall_2026__1790104489.pdf,10
Water Level,2026-09-22,21:30,water_level,True,https://www.dmc.gov.lk/images/dmcreports/Water_level_&_Rainfall_2026__1790093650.pdf,10
Water Level report,2026-09-22,18:30,water_level,True,https://www.dmc.gov.lk/images/dmcreports/Water_level_&_Rainfall_2026__1790086667.pdf,10
Water Level,2026-09-22,15:30,water_level,True,https://www.dmc.gov.lk/images/dmcreports/Water_level_&_Rainfall_2026__1790072418.pdf,10
The Water Level,2026-09-22,12:30,water_level,True,https://www.dmc.gov.lk/images/dmcreports/Water_level_&_Rainfall_2026__1790018459.pdf,10
Water Level,2026-09-22,12:30,water_level,True,https://www.dmc.gov.lk/images/dmcreports/Water_level_&_Rainfall_2026__1790060806.pdf,10
Water level & Rainfall,2026-09-22,09:30,water_level_rainfall,True,https://www.dmc.gov.lk/images/dmcreports/Water_level_&_Rainfall_2026__1790050027.pdf,10
River Water Level,2026-09-22,06:30,water_level,True,https://www.dmc.gov.lk/images/dmcreports/Water_level_&_Rainfall_2026__1790040644.pdf,20
Water Level,2026-09-22,03:00,water_level,True,https://www.dmc.gov.lk/images/dmcreports/Water_level_&_Rainfall_2026__1790032093.pdf,20
Water Level,2026-09-21,21:30,water_level,True,https://www.dmc.gov.lk/images/dmcreports/Water_level_&_Rainfall_2026__1790008467.pdf,20
Water Level,2026-09-21,18:30,water_level,True,https://www.dmc.gov.lk/images/dmcreports/Water_level_&_Rainfall_2026__1789996060.pdf,20
Water level & Rainfall,2026-09-21,15:30,water_level_rainfall,True,https://www.dmc.gov.lk/images/dmcreports/Water_level_&_Rainfall_2026__1789985752.pdf,20
Flood Warning for Gin River Basin - NO 02 -Extended,2026-09-21,13:00,flood_warning,True,https://www.dmc.gov.lk/images/dmcreports/Flood_Warning_for_Gin_River_Basin_-_NO_02_(2026__1789976288.pdf,20
Water level & Rainfall,2026-09-21,12:30,water_level_rainfall,True,https://www.dmc.gov.lk/images/dmcreports/Water_level_&_Rainfall_2026__1789975634.pdf,20
Water level & Rainfall,2026-09-21,09:30,water_level_rainfall,True,https://www.dmc.gov.lk/images/dmcreports/Water_level_&_Rainfall_2026__1789964775.pdf,20
Water Level,2026-09-21,06:30,water_level,True,https://www.dmc.gov.lk/images/dmcreports/Water_level_&_Rainfall_2026__1789953277.pdf,20
Water Level,2026-09-21,03:00,water_level,True,https://www.dmc.gov.lk/images/dmcreports/Water_level_&_Rainfall_2026__1789944257.pdf,20
Water Level,2026-09-21,00:30,water_level,True,https://www.dmc.gov.lk/images/dmcreports/Water_level_&_Rainfall_2026__1789931917.pdf,30
Water Level,2026-09-20,21:30,water_level,True,https://www.dmc.gov.lk/images/dmcreports/Water_level_&_Rainfall_2026__1789921394.pdf,30
Water Level,2026-09-20,18:00,water_level,True,https://www.dmc.gov.lk/images/dmcreports/Water_level_&_Rainfall_2026__1789918604.pdf,30
Water level & Rainfall,2026-09-20,15:30,water_level_rainfall,True,https://www.dmc.gov.lk/images/dmcreports/Water_level_&_Rainfall_2026__1789898749.pdf,30
Flood Warning  for Mahaweli River Minor Flood - No 03,2026-09-20,13:00,flood_warning,True,https://www.dmc.gov.lk/images/dmcreports/Flood_Warning__for_Mahaweli_River_Minor_Flood_-_No_03_-_2026__1789892562.pdf,30
Water level & Rainfall,2026-09-20,12:30,water_level_rainfall,True,https://www.dmc.gov.lk/images/dmcreports/Water_level_&_Rainfall_2026__1789889008.pdf,30
Flood warning for Gin River Basin - NO 01,2026-09-20,12:30,flood_warning,True,https://www.dmc.gov.lk/images/dmcreports/Flood_warning_for_Gin_River_Basin_-_NO_01_(2026__1789889081.pdf,30
Flood Warning for Mahaweli River - No 02,2026-09-20,10:30,flood_warning,True,https://www.dmc.gov.lk/images/dmcreports/Flood_Warning_for_Mahaweli_River_-_No_02_-_2026__1789883542.pdf,30
Flood Warning  for Kuda Ganga Sub Basin of Kalu River - NO 01,2026-09-20,09:30,flood_warning,True,https://www.dmc.gov.lk/images/dmcreports/Flood_Warning__for_Kuda_Ganga_SubBasin_Of_Kalu_River_-_NO_01_(2026__1789878586.pdf,30
Water level & Rainfall,2026-09-20,09:30,water_level_rainfall,True,https://www.dmc.gov.lk/images/dmcreports/Water_level_&_Rainfall_2026__1789879291.pdf,30
Flood Warning for Mahaweli River - No 01,2026-09-20,08:00,flood_warning,True,https://www.dmc.gov.lk/images/dmcreports/Flood_Warning__for_Mahaweli_River_-_No_01_-_2026__1789874571.pdf,40
Flood Warning  for Mahaweli River - No 01 (Tamil Language),2026-09-20,08:00,flood_warning,True,https://www.dmc.gov.lk/images/dmcreports/Flood_Warning__for_Mahaweli_River_-_No_01_-_2026__1789874663.pdf,40
Water level & Rainfall,2026-09-20,06:30,water_level_rainfall,True,https://www.dmc.gov.lk/images/dmcreports/Water_level_&_Rainfall_2026__1789869575.pdf,40
Water Level,2026-09-19,18:00,water_level,True,https://www.dmc.gov.lk/images/dmcreports/Water_level_&_Rainfall_2026__1789822652.pdf,40
Water level & Rainfall,2026-09-19,12:30,water_level_rainfall,True,https://www.dmc.gov.lk/images/dmcreports/Water_level_&_Rainfall_2026__1789801223.pdf,40
Water level & Rainfall,2026-09-19,09:30,water_level_rainfall,True,https://www.dmc.gov.lk/images/dmcreports/Water_level_&_Rainfall_2026__1789791467.pdf,40
Water Level,2026-09-19,06:30,water_level,True,https://www.dmc.gov.lk/images/dmcreports/Water_level_&_Rainfall_2026__1789780369.pdf,40
Water Level,2026-09-19,00:00,water_level,True,https://www.dmc.gov.lk/images/dmcreports/Water_level_&_Rainfall_2026__1789760264.pdf,40
Water Level,2026-09-18,18:00,water_level,True,https://www.dmc.gov.lk/images/dmcreports/Water_level_&_Rainfall_2026__1789737128.pdf,40
Water Level,2026-09-18,12:30,water_level,True,https://www.dmc.gov.lk/images/dmcreports/Water_level_&_Rainfall_2026__1789715613.pdf,40
Water Level,2026-09-18,09:30,water_level,True,https://www.dmc.gov.lk/images/dmcreports/Water_level_&_Rainfall_2026__1789705848.pdf,50
Water level & Rainfall,2026-09-18,06:30,water_level_rainfall,True,https://www.dmc.gov.lk/images/dmcreports/Water_level_&_Rainfall_2026__1789697269.pdf,50
Water Level,2026-09-18,00:30,water_level,True,https://www.dmc.gov.lk/images/dmcreports/Water_level_&_Rainfall_2026__1789673947.pdf,50
Water Level,2026-09-17,18:00,water_level,True,https://www.dmc.gov.lk/images/dmcreports/Water_level_&_Rainfall_2026__1789649916.pdf,50
Water Level,2026-09-17,06:00,water_level,True,https://www.dmc.gov.lk/images/dmcreports/Water_level_&_Rainfall_2026__1789606719.pdf,50
Water Level,2026-09-16,18:00,water_level,True,https://www.dmc.gov.lk/images/dmcreports/Water_level_&_Rainfall_2026__1789564722.pdf,50
Water level & Rainfall,2026-09-16,12:30,water_level_rainfall,True,https://www.dmc.gov.lk/images/dmcreports/Water_level_&_Rainfall_2026__1789543890.pdf,50
Water level & Rainfall,2026-09-16,09:30,water_level_rainfall,True,https://www.dmc.gov.lk/images/dmcreports/Water_level_&_Rainfall_2026__1789532746.pdf,50
Water Level,2026-09-16,06:00,water_level,True,https://www.dmc.gov.lk/images/dmcreports/Water_level_&_Rainfall_2026__1789521317.pdf,50
Water Level,2026-09-16,00:30,water_level,True,https://www.dmc.gov.lk/images/dmcreports/Water_level_&_Rainfall_2026__1789500456.pdf,50
Water Level,2026-09-16,00:30,water_level,True,https://www.dmc.gov.lk/images/dmcreports/Water_level_&_Rainfall_2026__1789516375.pdf,60
Water level & Rainfall,2026-09-15,09:30,water_level_rainfall,True,https://www.dmc.gov.lk/images/dmcreports/Water_level_&_Rainfall_2026__1789446011.pdf,60
Water Level,2026-09-14,09:00,water_level,True,https://www.dmc.gov.lk/images/dmcreports/Water_level_&_Rainfall_2026__1789362080.pdf,60
Water Level,2026-09-13,10:00,water_level,True,https://www.dmc.gov.lk/images/dmcreports/Water_level_&_Rainfall_2026__1789272972.pdf,60
Water level & Rainfall,2026-09-12,09:30,water_level_rainfall,True,https://www.dmc.gov.lk/images/dmcreports/Water_level_&_Rainfall_2026__1789185958.pdf,60
Water level & Rainfall,2026-09-11,09:30,water_level_rainfall,True,https://www.dmc.gov.lk/images/dmcreports/Water_level_&_Rainfall_2026__1789099550.pdf,60
Water Level,2026-09-10,10:00,water_level,True,https://www.dmc.gov.lk/images/dmcreports/Water_level_&_Rainfall_2026__1789019309.pdf,60
Water level & Rainfall,2026-09-09,09:30,water_level_rainfall,True,https://www.dmc.gov.lk/images/dmcreports/Water_level_&_Rainfall_2026__1788928363.pdf,60
Water Level,2026-09-08,09:00,water_level,True,https://www.dmc.gov.lk/images/dmcreports/Water_level_&_Rainfall_2026__1788844777.pdf,60
Water level,2026-08-25,18:30,water_level,True,https://www.dmc.gov.lk/images/dmcreports/Water_level_&_Rainfall_2026__1787662801.pdf,60
Water Level,2026-08-20,06:00,water_level,True,https://www.dmc.gov.lk/images/dmcreports/Water_level_&_Rainfall_2026__1787188609.pdf,70
River Water Level,2026-08-20,00:30,water_level,True,https://www.dmc.gov.lk/images/dmcreports/Water_level_&_Rainfall_2026__1787167695.pdf,70
River Water Level,2026-08-19,00:30,water_level,True,https://www.dmc.gov.lk/images/dmcreports/Water_level_&_Rainfall_2026__1787080007.pdf,70
Water level & Rainfall,2026-08-18,12:30,water_level_rainfall,True,https://www.dmc.gov.lk/images/dmcreports/Water_level_&_Rainfall_2026__1787036491.pdf,70
River Water Level,2026-08-18,00:30,water_level,True,https://www.dmc.gov.lk/images/dmcreports/Water_level_&_Rainfall_2026__1786994515.pdf,70
Water level & Rainfall,2026-08-16,12:30,water_level_rainfall,True,https://www.dmc.gov.lk/images/dmcreports/Water_level_&_Rainfall_2026__1786863391.pdf,70
Water level & Rainfall,2026-08-16,09:30,water_level_rainfall,True,https://www.dmc.gov.lk/images/dmcreports/Water_level_&_Rainfall_2026__1786853445.pdf,70
Water Level,2026-08-16,06:30,water_level,True,https://www.dmc.gov.lk/images/dmcreports/Water_level_&_Rainfall_2026__1786843473.pdf,70
Water level & Rainfall,2026-08-15,06:00,water_level_rainfall,True,https://www.dmc.gov.lk/images/dmcreports/Water_level_&_Rainfall_2026__1786756090.pdf,70
Water Level,2026-08-14,12:00,water_level,True,https://www.dmc.gov.lk/images/dmcreports/Water_level_&_Rainfall_2026__1786690456.pdf,70
Water level,2026-08-13,12:30,water_level,True,https://www.dmc.gov.lk/images/dmcreports/Water_level_&_Rainfall_2026__1786606275.pdf,80
Water Level,2026-08-13,09:30,water_level,True,https://www.dmc.gov.lk/images/dmcreports/Water_level_&_Rainfall_2026__1786596509.pdf,80
River Water Level,2026-08-13,00:30,water_level,True,https://www.dmc.gov.lk/images/dmcreports/Water_level_&_Rainfall_2026__1786563812.pdf,80
Withdrawal of Flood warning Mahaweli Gaga,2026-08-12,12:00,flood_warning,True,https://www.dmc.gov.lk/images/dmcreports/Withdrawal_of_Flood_warning_Mahaweli_Gaga_at_1200_noon_on_2026__1786518637.pdf,80
River Water Level,2026-08-12,03:30,water_level,True,https://www.dmc.gov.lk/images/dmcreports/Water_level_&_Rainfall_2026__1786486089.pdf,80
River Water Level,2026-08-12,00:30,water_level,True,https://www.dmc.gov.lk/images/dmcreports/Water_level_&_Rainfall_2026__1786475948.pdf,80
Water Level,2026-08-11,18:30,water_level,True,https://www.dmc.gov.lk/images/dmcreports/Water_level_&_Rainfall_2026__1786453967.pdf,80
Water level,2026-08-11,15:00,water_level,True,https://www.dmc.gov.lk/images/dmcreports/Water_level_&_Rainfall_2026__1786443416.pdf,80
Water level,2026-08-11,09:00,water_level,True,https://www.dmc.gov.lk/images/dmcreports/Water_level_&_Rainfall_2026__1786420759.pdf,80
Water Level,2026-08-11,06:30,water_level,True,https://www.dmc.gov.lk/images/dmcreports/Water_level_&_Rainfall_2026__1786410514.pdf,80
Water Level,2026-08-10,21:30,water_level,True,https://www.dmc.gov.lk/images/dmcreports/Water_level_&_Rainfall_2026__1786378044.pdf,90
Water Level,2026-08-10,18:30,water_level,True,https://www.dmc.gov.lk/images/dmcreports/Water_level_&_Rainfall_2026__1786368382.pdf,90
Water Level,2026-08-10,15:00,water_level,True,https://www.dmc.gov.lk/images/dmcreports/Water_level_&_Rainfall_2026__1786356027.pdf,90
Water Level,2026-08-10,12:30,water_level,True,https://www.dmc.gov.lk/images/dmcreports/Water_level_&_Rainfall_2026__1786345625.pdf,90
Water Level,2026-08-10,09:30,water_level,True,https://www.dmc.gov.lk/images/dmcreports/Water_level_&_Rainfall_2026__1786339627.pdf,90
Water Level,2026-08-10,06:30,water_level,True,https://www.dmc.gov.lk/images/dmcreports/Water_level_&_Rainfall_2026__1786323688.pdf,90
Water Level,2026-08-10,03:30,water_level,True,https://www.dmc.gov.lk/images/dmcreports/Water_level_&_Rainfall_2026__1786312976.pdf,90
Water level,2026-08-10,00:30,water_level,True,https://www.dmc.gov.lk/images/dmcreports/Water_level_&_Rainfall_2026__1786302107.pdf,90
Water level & Rainfall,2026-08-09,15:30,water_level_rainfall,True,https://www.dmc.gov.lk/images/dmcreports/Water_level_&_Rainfall_2026__1786270087.pdf,90
Water Level,2026-08-09,12:30,water_level,True,https://www.dmc.gov.lk/images/dmcreports/Water_level_&_Rainfall_2026__1786260155.pdf,90
Water level & Rainfall,2026-08-09,09:00,water_level_rainfall,True,https://www.dmc.gov.lk/images/dmcreports/Water_level_&_Rainfall_2026__1786251367.pdf,100
Water level,2026-08-09,05:30,water_level,True,https://www.dmc.gov.lk/images/dmcreports/Water_level_&_Rainfall_2026__1786238335.pdf,100
Water level,2026-08-09,03:30,water_level,True,https://www.dmc.gov.lk/images/dmcreports/Water_level_&_Rainfall_2026__1786232971.pdf,100
Water Level,2026-08-09,00:30,water_level,True,https://www.dmc.gov.lk/images/dmcreports/Water_level_&_Rainfall_2026__1786215485.pdf,100
Water Level,2026-08-08,21:30,water_level,True,https://www.dmc.gov.lk/images/dmcreports/Water_level_&_Rainfall_2026__1786205410.pdf,100
Water level & Rainfall,2026-08-08,15:30,water_level_rainfall,True,https://www.dmc.gov.lk/images/dmcreports/Water_level_&_Rainfall_2026__1786183143.pdf,100
Water Level,2026-08-08,12:30,water_level,True,https://www.dmc.gov.lk/images/dmcreports/Water_level_&_Rainfall_2026__1786172441.pdf,100
Water Level,2026-08-08,10:30,water_level,True,https://www.dmc.gov.lk/images/dmcreports/Water_level_&_Rainfall_2026__1786165895.pdf,100
Water Level,2026-08-08,03:00,water_level,True,https://www.dmc.gov.lk/images/dmcreports/Water_level_&_Rainfall_2026__1786142780.pdf,100
Water Level,2026-08-08,00:30,water_level,True,https://www.dmc.gov.lk/images/dmcreports/Water_level_&_Rainfall_2026__1786129230.pdf,100
Water Level,2026-08-07,21:30,water_level,True,https://www.dmc.gov.lk/images/dmcreports/Water_level_&_Rainfall_2026__1786118466.pdf,110
Water Level,2026-08-07,18:30,water_level,True,https://www.dmc.gov.lk/images/dmcreports/Water_level_&_Rainfall_2026__1786110437.pdf,110
Water level & Rainfall,2026-08-07,15:30,water_level_rainfall,True,https://www.dmc.gov.lk/images/dmcreports/Water_level_&_Rainfall_2026__1786096736.pdf,110
Water Level,2026-08-07,12:30,water_level,True,https://www.dmc.gov.lk/images/dmcreports/Water_level_&_Rainfall_2026__1786086069.pdf,110
Water Level,2026-08-07,09:00,water_level,True,https://www.dmc.gov.lk/images/dmcreports/Water_level_&_Rainfall_2026__1786075654.pdf,110
Water level & Rainfall,2026-08-07,07:15,water_level_rainfall,True,https://www.dmc.gov.lk/images/dmcreports/Water_level_&_Rainfall_2026__1786067851.pdf,110
Water Level,2026-08-07,03:30,water_level,True,https://www.dmc.gov.lk/images/dmcreports/Water_level_&_Rainfall_2026__1786054878.pdf,110
Water Level,2026-08-07,01:00,water_level,True,https://www.dmc.gov.lk/images/dmcreports/Water_level_&_Rainfall_2026__1786049142.pdf,110
Water Level,2026-08-06,18:30,water_level,True,https://www.dmc.gov.lk/images/dmcreports/Water_level_&_Rainfall_2026__1786022357.pdf,110
Water Level,2026-08-06,15:30,water_level,True,https://www.dmc.gov.lk/images/dmcreports/Water_level_&_Rainfall_2026__1786010869.pdf,110
Water level & Rainfall,2026-08-06,12:30,water_level_rainfall,True,https://www.dmc.gov.lk/images/dmcreports/Water_level_&_Rainfall_2026__1785999929.pdf,120
Water Level,2026-08-06,06:30,water_level,True,https://www.dmc.gov.lk/images/dmcreports/Water_level_&_Rainfall_2026__1785978847.pdf,120
Water Level,2026-08-06,03:30,water_level,True,https://www.dmc.gov.lk/images/dmcreports/Water_level_&_Rainfall_2026__1785972504.pdf,120
River Water Level,2026-08-06,00:30,water_level,True,https://www.dmc.gov.lk/images/dmcreports/Water_level_&_Rainfall_2026__1785957435.pdf,120
Water Level,2026-08-05,21:00,water_level,True,https://www.dmc.gov.lk/images/dmcreports/Water_level_&_Rainfall_2026__1785945930.pdf,120
water Level,2026-08-05,18:30,water_level,True,https://www.dmc.gov.lk/images/dmcreports/Water_level_&_Rainfall_2026__1785935918.pdf,120
Water Level,2026-08-05,15:30,water_level,True,https://www.dmc.gov.lk/images/dmcreports/Water_level_&_Rainfall_2026__1785924315.pdf,120
Flood warning For  Mahaweli River,2026-08-05,13:30,flood_warning,True,https://www.dmc.gov.lk/images/dmcreports/Flood_Warning__for_Mahaweli_River_-_No_03_-_2026__1785917875.pdf,120
Water Level,2026-08-05,12:30,water_level,True,https://www.dmc.gov.lk/images/dmcreports/Water_level_&_Rainfall_2026__1785914597.pdf,120
Water Level,2026-08-05,09:30,water_level,True,https://www.dmc.gov.lk/images/dmcreports/Water_level_&_Rainfall_2026__1785902691.pdf,120
Water Level,2026-08-05,06:00,water_level,True,https://www.dmc.gov.lk/images/dmcreports/Water_level_&_Rainfall_2026__1785893051.pdf,130
Water Level,2026-08-05,03:30,water_level,True,https://www.dmc.gov.lk/images/dmcreports/Water_level_&_Rainfall_2026__1785884961.pdf,130
River Water Level,2026-08-05,00:30,water_level,True,https://www.dmc.gov.lk/images/dmcreports/Water_level_&_Rainfall_2026__1785872996.pdf,130
Water Level,2026-08-04,21:30,water_level,True,https://www.dmc.gov.lk/images/dmcreports/Water_level_&_Rainfall_2026__1785860500.pdf,130
Water Level,2026-08-04,18:30,water_level,True,https://www.dmc.gov.lk/images/dmcreports/Water_level_&_Rainfall_2026__1785849776.pdf,130
Flood Withdrawal,2026-08-04,16:00,other,False,https://www.dmc.gov.lk/images/dmcreports/Withdrawal_of_Flood_warning_2026__1785839711.pdf,130
Water Level,2026-08-04,15:00,water_level,True,https://www.dmc.gov.lk/images/dmcreports/Water_level_&_Rainfall_2026__1785837522.pdf,130
Water level & Rainfall,2026-08-04,12:30,water_level_rainfall,True,https://www.dmc.gov.lk/images/dmcreports/Water_level_&_Rainfall_2026__1785827254.pdf,130
Water Level,2026-08-04,09:30,water_level,True,https://www.dmc.gov.lk/images/dmcreports/Water_level_&_Rainfall_2026__1785818048.pdf,130
Water Level,2026-08-04,06:30,water_level,True,https://www.dmc.gov.lk/images/dmcreports/Water_level_&_Rainfall_2026__1785806634.pdf,130
Water Level,2026-08-04,03:30,water_level,True,https://www.dmc.gov.lk/images/dmcreports/Water_level_&_Rainfall_2026__1785794672.pdf,140
Water Level,2026-08-04,00:30,water_level,True,https://www.dmc.gov.lk/images/dmcreports/Water_level_&_Rainfall_2026__1785783982.pdf,140
water level report at 2100hrs,2026-08-03,21:00,water_level,True,https://www.dmc.gov.lk/images/dmcreports/Water_level_&_Rainfall_2026__1785773598.pdf,140
Water Level,2026-08-03,18:30,water_level,True,https://www.dmc.gov.lk/images/dmcreports/Water_level_&_Rainfall_2026__1785763705.pdf,140
Water Level,2026-08-03,15:30,water_level,True,https://www.dmc.gov.lk/images/dmcreports/Water_level_&_Rainfall_2026__1785752093.pdf,140
Flood warning Kelani River - No 04,2026-08-03,15:30,flood_warning,True,https://www.dmc.gov.lk/images/dmcreports/Flood_warning_for_Kelani_Basin_-_No_04_-_2026__1785753010.pdf,140
Flood Warning for Kelani River - No 03,2026-08-03,15:00,flood_warning,True,https://www.dmc.gov.lk/images/dmcreports/Flood_Warning__for_Kelani_River_-_No_03_-_2026__1785750039.pdf,140
Flood warning for Kalu River Basin - No 01,2026-08-03,14:10,flood_warning,True,https://www.dmc.gov.lk/images/dmcreports/Flood_warning_for_Kalu_River_Basin_-_No_01_-_2026__1785812316.pdf,140
Flood Warning for Mahaweli River - No 01 (Red),2026-08-03,13:00,flood_warning,True,https://www.dmc.gov.lk/images/dmcreports/Flood_Warning__for_Mahaweli_River_-_No_01_-_2026__1785744305.pdf,140
Flood Warning - Mahaweli River,2026-08-03,12:30,flood_warning,True,https://www.dmc.gov.lk/images/dmcreports/Flood_Warning__for_Mahaweli_River_-_No_01_-_2026__1785700550.pdf,140
Water level & Rainfall,2026-08-03,12:30,water_level_rainfall,True,https://www.dmc.gov.lk/images/dmcreports/Water_level_&_Rainfall_2026__1785742992.pdf,150
Flood Warning for Kelani River - No 02,2026-08-03,11:30,flood_warning,True,https://www.dmc.gov.lk/images/dmcreports/Flood_Warning__for_Kelani_River_-_No_02_-_2026__1785739990.pdf,150
Water level & Rainfall,2026-08-03,09:30,water_level_rainfall,True,https://www.dmc.gov.lk/images/dmcreports/Water_level_&_Rainfall_2026__1785732887.pdf,150
Water Level,2026-08-03,06:30,water_level,True,https://www.dmc.gov.lk/images/dmcreports/Water_level_&_Rainfall_2026__1785719543.pdf,150
Water Level,2026-08-03,03:00,water_level,True,https://www.dmc.gov.lk/images/dmcreports/Water_level_&_Rainfall_2026__1785708054.pdf,150
Water Level,2026-08-03,00:30,water_level,True,https://www.dmc.gov.lk/images/dmcreports/Water_level_&_Rainfall_2026__1785698432.pdf,150
Water level & Rainfall,2026-08-02,15:30,water_level_rainfall,True,https://www.dmc.gov.lk/images/dmcreports/Water_level_&_Rainfall_2026__1785665691.pdf,150
Water Level,2026-08-02,12:30,water_level,True,https://www.dmc.gov.lk/images/dmcreports/Water_level_&_Rainfall_2026__1785610989.pdf,150
Water level & Rainfall,2026-08-02,12:30,water_level_rainfall,True,https://www.dmc.gov.lk/images/dmcreports/Water_level_&_Rainfall_2026__1785654844.pdf,150
Water Level,2026-08-02,09:00,water_level,True,https://www.dmc.gov.lk/images/dmcreports/Water_level_&_Rainfall_2026__1785644374.pdf,150
Water Level,2026-08-02,03:00,water_level,True,https://www.dmc.gov.lk/images/dmcreports/Water_level_&_Rainfall_2026__1785625407.pdf,160
Water Level,2026-08-01,21:30,water_level,True,https://www.dmc.gov.lk/images/dmcreports/Water_level_&_Rainfall_2026__1785601286.pdf,160
Water Level,2026-08-01,18:30,water_level,True,https://www.dmc.gov.lk/images/dmcreports/Water_level_&_Rainfall_2026__1785590553.pdf,160
Water Level,2026-08-01,15:30,water_level,True,https://www.dmc.gov.lk/images/dmcreports/Water_level_&_Rainfall_2026__1785578892.pdf,160
Water level & Rainfall,2026-08-01,12:00,water_level_rainfall,True,https://www.dmc.gov.lk/images/dmcreports/Water_level_&_Rainfall_2026__1785569178.pdf,160
Water level & Rainfall,2026-08-01,09:30,water_level_rainfall,True,https://www.dmc.gov.lk/images/dmcreports/Water_level_&_Rainfall_2026__1785558031.pdf,160
Flood warning for Kelani Basin - No 01,2026-08-01,07:30,flood_warning,True,https://www.dmc.gov.lk/images/dmcreports/Flood_warning_for_Kelani_Basin_-_No_01_-_2026__1785550855.pdf,160
Water level & Rainfall,2026-07-31,09:30,water_level_rainfall,True,https://www.dmc.gov.lk/images/dmcreports/Water_level_&_Rainfall_2026__1785471519.pdf,160
Water level & Rainfall,2026-07-30,09:30,water_level_rainfall,True,https://www.dmc.gov.lk/images/dmcreports/Water_level_&_Rainfall_2026__1785385807.pdf,160
Water level & Rainfall,2026-07-29,09:30,water_level_rainfall,True,https://www.dmc.gov.lk/images/dmcreports/Water_level_&_Rainfall_2026__1785301116.pdf,160
Water level & Rainfall,2026-07-27,09:30,water_level_rainfall,True,https://www.dmc.gov.lk/images/dmcreports/Water_level_&_Rainfall_2026__1785125655.pdf,170
Water level & Rainfall,2026-07-26,09:30,water_level_rainfall,True,https://www.dmc.gov.lk/images/dmcreports/Water_level_&_Rainfall_2026__1785038858.pdf,170
Water level & Rainfall,2026-07-22,09:30,water_level_rainfall,True,https://www.dmc.gov.lk/images/dmcreports/Water_level_&_Rainfall_2026__1784694155.pdf,170
Water level & Rainfall,2026-07-15,09:30,water_level_rainfall,True,https://www.dmc.gov.lk/images/dmcreports/Water_level_&_Rainfall_2026__1784091113.pdf,170
Water level & Rainfall,2026-07-12,09:30,water_level_rainfall,True,https://www.dmc.gov.lk/images/dmcreports/Water_level_&_Rainfall_2026__1783829627.pdf,170
Water Level,2026-07-11,09:30,water_level,True,https://www.dmc.gov.lk/images/dmcreports/Water_level_&_Rainfall_2026__1783744024.pdf,170
Water level & Rainfall,2026-07-08,09:30,water_level_rainfall,True,https://www.dmc.gov.lk/images/dmcreports/Water_level_&_Rainfall_2026__1783483652.pdf,170
Water level & Rainfall,2026-07-07,09:30,water_level_rainfall,True,https://www.dmc.gov.lk/images/dmcreports/Water_level_&_Rainfall_2026__1783397446.pdf,170
Water level & Rainfall,2026-07-05,09:30,water_level_rainfall,True,https://www.dmc.gov.lk/images/dmcreports/Water_level_&_Rainfall_2026__1783225959.pdf,170
Water level & Rainfall,2026-07-04,09:30,water_level_rainfall,True,https://www.dmc.gov.lk/images/dmcreports/Water_level_&_Rainfall_2026__1783141838.pdf,170
Water level & Rainfall,2026-07-03,09:30,water_level_rainfall,True,https://www.dmc.gov.lk/images/dmcreports/Water_level_&_Rainfall_2026__1783052413.pdf,180
Water level & Rainfall,2026-07-02,09:30,water_level_rainfall,True,https://www.dmc.gov.lk/images/dmcreports/Water_level_&_Rainfall_2026__1782966345.pdf,180
Water level & Rainfall,2026-07-01,09:30,water_level_rainfall,True,https://www.dmc.gov.lk/images/dmcreports/Water_level_&_Rainfall_2026__1782880633.pdf,180
Water level & Rainfall,2026-06-30,09:30,water_level_rainfall,True,https://www.dmc.gov.lk/images/dmcreports/Water_level_&_Rainfall_2026__1782792773.pdf,180
Water Level,2026-06-30,03:00,water_level,True,https://www.dmc.gov.lk/images/dmcreports/Water_level_&_Rainfall_2026__1782775970.pdf,180
Water Level,2026-06-29,21:00,water_level,True,https://www.dmc.gov.lk/images/dmcreports/Water_level_&_Rainfall_2026__1782751500.pdf,180
Water level & Rainfall,2026-06-29,15:30,water_level_rainfall,True,https://www.dmc.gov.lk/images/dmcreports/Water_level_&_Rainfall_2026__1782727562.pdf,180
Water level & Rainfall,2026-06-29,09:30,water_level_rainfall,True,https://www.dmc.gov.lk/images/dmcreports/Water_level_&_Rainfall_2026__1782705953.pdf,180
Water level & Rainfall,2026-06-29,06:00,water_level_rainfall,True,https://www.dmc.gov.lk/images/dmcreports/Water_level_&_Rainfall_2026__1782694984.pdf,180
Water Level,2026-06-24,15:00,water_level,True,https://www.dmc.gov.lk/images/dmcreports/Water_level_&_Rainfall_2026__1782295286.pdf,180
Water level & Rainfall,2026-06-24,12:30,water_level_rainfall,True,https://www.dmc.gov.lk/images/dmcreports/Water_level_&_Rainfall_2026__1782285648.pdf,190
Water level & Rainfall,2026-06-24,09:30,water_level_rainfall,True,https://www.dmc.gov.lk/images/dmcreports/Water_level_&_Rainfall_2026__1782274243.pdf,190
Water Level,2026-06-24,06:30,water_level,True,https://www.dmc.gov.lk/images/dmcreports/Water_level_&_Rainfall_2026__1782262437.pdf,190
Water Level,2026-06-24,03:30,water_level,True,https://www.dmc.gov.lk/images/dmcreports/Water_level_&_Rainfall_2026__1782252041.pdf,190
Water Level,2026-06-24,00:30,water_level,True,https://www.dmc.gov.lk/images/dmcreports/Water_level_&_Rainfall_2026__1782241423.pdf,190
Water Level,2026-06-23,21:00,water_level,True,https://www.dmc.gov.lk/images/dmcreports/Water_level_&_Rainfall_2026__1782230566.pdf,190
Water level & Rainfall,2026-06-23,15:30,water_level_rainfall,True,https://www.dmc.gov.lk/images/dmcreports/Water_level_&_Rainfall_2026__1782208791.pdf,190
Water Level,2026-06-23,12:30,water_level,True,https://www.dmc.gov.lk/images/dmcreports/Water_level_&_Rainfall_2026__1782155528.pdf,190
Water level & Rainfall,2026-06-23,12:30,water_level_rainfall,True,https://www.dmc.gov.lk/images/dmcreports/Water_level_&_Rainfall_2026__1782198089.pdf,190
Water level & Rainfall,2026-06-23,09:30,water_level_rainfall,True,https://www.dmc.gov.lk/images/dmcreports/Water_level_&_Rainfall_2026__1782187635.pdf,190
Water Level,2026-06-23,06:30,water_level,True,https://www.dmc.gov.lk/images/dmcreports/Water_level_&_Rainfall_2026__1782178595.pdf,200
Water Level,2026-06-22,21:00,water_level,True,https://www.dmc.gov.lk/images/dmcreports/Water_level_&_Rainfall_2026__1782144457.pdf,200
Water level & Rainfall,2026-06-21,09:30,water_level_rainfall,True,https://www.dmc.gov.lk/images/dmcreports/Water_level_&_Rainfall_2026__1782015351.pdf,200
Water level & Rainfall,2026-06-20,09:30,water_level_rainfall,True,https://www.dmc.gov.lk/images/dmcreports/Water_level_&_Rainfall_2026__1781928301.pdf,200
Water Level,2026-06-18,09:30,water_level,True,https://www.dmc.gov.lk/images/dmcreports/Water_level_&_Rainfall_2026__1781761209.pdf,200
Water level & Rainfall,2026-06-17,09:30,water_level_rainfall,True,https://www.dmc.gov.lk/images/dmcreports/Water_level_&_Rainfall_2026__1781672211.pdf,200
Water level & Rainfall,2026-06-16,09:30,water_level_rainfall,True,https://www.dmc.gov.lk/images/dmcreports/Water_level_&_Rainfall_2026__1781584316.pdf,200
Water level & Rainfall,2026-06-15,09:30,water_level_rainfall,True,https://www.dmc.gov.lk/images/dmcreports/Water_level_&_Rainfall_2026__1781497814.pdf,200
Water level & Rainfall,2026-06-14,15:30,water_level_rainfall,True,https://www.dmc.gov.lk/images/dmcreports/Water_level_&_Rainfall_2026__1781430874.pdf,200
Water Level,2026-06-14,12:00,water_level,True,https://www.dmc.gov.lk/images/dmcreports/Water_level_&_Rainfall_2026__1781420151.pdf,200
Water level & Rainfall,2026-06-14,09:30,water_level_rainfall,True,https://www.dmc.gov.lk/images/dmcreports/Water_level_&_Rainfall_2026__1781409530.pdf,210
Water Level,2026-06-14,06:30,water_level,True,https://www.dmc.gov.lk/images/dmcreports/Water_level_&_Rainfall_2026__1781400214.pdf,210
Water Level,2026-06-14,03:30,water_level,True,https://www.dmc.gov.lk/images/dmcreports/Water_level_&_Rainfall_2026__1781395810.pdf,210
Water Level,2026-06-14,00:30,water_level,True,https://www.dmc.gov.lk/images/dmcreports/Water_level_&_Rainfall_2026__1781381366.pdf,210
Water Level,2026-06-13,21:00,water_level,True,https://www.dmc.gov.lk/images/dmcreports/Water_level_&_Rainfall_2026__1781371775.pdf,210
Water Level,2026-06-13,18:00,water_level,True,https://www.dmc.gov.lk/images/dmcreports/Water_level_&_Rainfall_2026__1781356297.pdf,210
Water Level and Rainfall,2026-06-13,15:30,water_level_rainfall,True,https://www.dmc.gov.lk/images/dmcreports/Water_level_&_Rainfall_2026__1781346274.pdf,210
Water Level and Rainfall,2026-06-13,12:30,water_level_rainfall,True,https://www.dmc.gov.lk/images/dmcreports/Water_level_&_Rainfall_2026__1781334009.pdf,210
Water level,2026-06-13,09:30,water_level,True,https://www.dmc.gov.lk/images/dmcreports/Water_level_&_Rainfall_2026__1781323723.pdf,210
Water level,2026-06-13,06:30,water_level,True,https://www.dmc.gov.lk/images/dmcreports/Water_level_&_Rainfall_2026__1781313082.pdf,210
Water Level,2026-06-13,03:30,water_level,True,https://www.dmc.gov.lk/images/dmcreports/Water_level_&_Rainfall_2026__1781301730.pdf,220
Water Level,2026-06-13,00:30,water_level,True,https://www.dmc.gov.lk/images/dmcreports/Water_level_&_Rainfall_2026__1781291219.pdf,220
Water Level,2026-06-12,21:00,water_level,True,https://www.dmc.gov.lk/images/dmcreports/Water_level_&_Rainfall_2026__1781285273.pdf,220
Water Level,2026-06-12,18:00,water_level,True,https://www.dmc.gov.lk/images/dmcreports/Water_level_&_Rainfall_2026__1781271567.pdf,220
Water level & Rainfall,2026-06-12,09:30,water_level_rainfall,True,https://www.dmc.gov.lk/images/dmcreports/Water_level_&_Rainfall_2026__1781238192.pdf,220
Water level & Rainfall,2026-06-11,09:30,water_level_rainfall,True,https://www.dmc.gov.lk/images/dmcreports/Water_level_&_Rainfall_2026__1781151455.pdf,220
Water level & Rainfall,2026-06-10,09:30,water_level_rainfall,True,https://www.dmc.gov.lk/images/dmcreports/Water_level_&_Rainfall_2026__1781065959.pdf,220
water level,2026-06-08,09:30,water_level,True,https://www.dmc.gov.lk/images/dmcreports/Water_level_&_Rainfall_2026__1780892595.pdf,220
Water level & Rainfall,2026-06-06,09:30,water_level_rainfall,True,https://www.dmc.gov.lk/images/dmcreports/Water_level_&_Rainfall_2026__1780721265.pdf,220
Water level & Rainfall,2026-06-05,09:30,water_level_rainfall,True,https://www.dmc.gov.lk/images/dmcreports/Water_level_&_Rainfall_2026__1780634027.pdf,220
Water level & Rainfall,2026-06-04,09:30,water_level_rainfall,True,https://www.dmc.gov.lk/images/dmcreports/Water_level_&_Rainfall_2026__1780546619.pdf,230
Water level & Rainfall,2026-06-03,09:30,water_level_rainfall,True,https://www.dmc.gov.lk/images/dmcreports/Water_level_&_Rainfall_2026__1780460544.pdf,230
Water level & Rainfall,2026-06-02,09:30,water_level_rainfall,True,https://www.dmc.gov.lk/images/dmcreports/Water_level_&_Rainfall_2026__1780373534.pdf,230
water level,2026-06-01,12:30,water_level,True,https://www.dmc.gov.lk/images/dmcreports/Water_level_&_Rainfall_2026__1780254806.pdf,230
Water level & Rainfall,2026-06-01,12:30,water_level_rainfall,True,https://www.dmc.gov.lk/images/dmcreports/Water_level_&_Rainfall_2026__1780298439.pdf,230
Withdrawal of Flood warning,2026-06-01,12:30,flood_warning,True,https://www.dmc.gov.lk/images/dmcreports/Withdrawal_of_Flood_warning_on_2026__1780298780.pdf,230
water level,2026-06-01,09:30,water_level,True,https://www.dmc.gov.lk/images/dmcreports/Water_level_&_Rainfall_2026__1780286581.pdf,230
water level,2026-06-01,06:30,water_level,True,https://www.dmc.gov.lk/images/dmcreports/Water_level_&_Rainfall_2026__1780278799.pdf,230
water level,2026-06-01,03:30,water_level,True,https://www.dmc.gov.lk/images/dmcreports/Water_level_&_Rainfall_2026__1780270565.pdf,230
River Water Level,2026-05-31,21:00,water_level,True,https://www.dmc.gov.lk/images/dmcreports/Water_level_&_Rainfall_2026__1780243132.pdf,230
water level,2026-05-31,18:00,water_level,True,https://www.dmc.gov.lk/images/dmcreports/Water_level_&_Rainfall_2026__1780234994.pdf,240
Water level & Rainfall,2026-05-31,15:30,water_level_rainfall,True,https://www.dmc.gov.lk/images/dmcreports/Water_level_&_Rainfall_2026__1780221827.pdf,240
Water level & Rainfall,2026-05-31,12:30,water_level_rainfall,True,https://www.dmc.gov.lk/images/dmcreports/Water_level_&_Rainfall_2026__1780210921.pdf,240
Water level & Rainfall,2026-05-31,09:30,water_level_rainfall,True,https://www.dmc.gov.lk/images/dmcreports/Water_level_&_Rainfall_2026__1780199828.pdf,240
Water level,2026-05-31,06:00,water_level,True,https://www.dmc.gov.lk/images/dmcreports/Water_level_&_Rainfall_2026__1780189645.pdf,240
The Water level & Rainfall,2026-05-31,03:00,water_level_rainfall,True,https://www.dmc.gov.lk/images/dmcreports/Water_level_&_Rainfall_2026__1780184051.pdf,240
Water level & Rainfall,2026-05-31,00:30,water_level_rainfall,True,https://www.dmc.gov.lk/images/dmcreports/Water_level_&_Rainfall_2026__1780167651.pdf,240
Water Level,2026-05-30,21:00,water_level,True,https://www.dmc.gov.lk/images/dmcreports/Water_level_&_Rainfall_2026__1780158083.pdf,240
Water level,2026-05-30,18:00,water_level,True,https://www.dmc.gov.lk/images/dmcreports/Water_level_&_Rainfall_2026__1780147521.pdf,240
Water level & Rainfall,2026-05-30,15:30,water_level_rainfall,True,https://www.dmc.gov.lk/images/dmcreports/Water_level_&_Rainfall_2026__1780135179.pdf,240
Water level & Rainfall,2026-05-30,12:30,water_level_rainfall,True,https://www.dmc.gov.lk/images/dmcreports/Water_level_&_Rainfall_2026__1780124301.pdf,250
Water level & Rainfall,2026-05-30,09:30,water_level_rainfall,True,https://www.dmc.gov.lk/images/dmcreports/Water_level_&_Rainfall_2026__1780113429.pdf,250
water level,2026-05-30,06:30,water_level,True,https://www.dmc.gov.lk/images/dmcreports/Water_level_&_Rainfall_2026__1780103434.pdf,250
water level,2026-05-30,03:30,water_level,True,https://www.dmc.gov.lk/images/dmcreports/Water_level_&_Rainfall_2026__1780096374.pdf,250
water level,2026-05-30,00:30,water_level,True,https://www.dmc.gov.lk/images/dmcreports/Water_level_&_Rainfall_2026__1780082780.pdf,250
Water level & Rainfall,2026-05-29,21:00,water_level_rainfall,True,https://www.dmc.gov.lk/images/dmcreports/Water_level_&_Rainfall_2026__1780071559.pdf,250
Water level & Rainfall,2026-05-29,18:00,water_level_rainfall,True,https://www.dmc.gov.lk/images/dmcreports/Water_level_&_Rainfall_2026__1780060941.pdf,250
water level,2026-05-29,15:00,water_level,True,https://www.dmc.gov.lk/images/dmcreports/Water_level_&_Rainfall_2026__1780048650.pdf,250
Water level & Rainfall,2026-05-29,12:30,water_level_rainfall,True,https://www.dmc.gov.lk/images/dmcreports/Water_level_&_Rainfall_2026__1780037902.pdf,250
Flood Warning for Kuda Ganga SubBasin Of Kalu River - NO 01,2026-05-29,10:00,flood_warning,True,https://www.dmc.gov.lk/images/dmcreports/Flood_Warning_for_Kuda_Ganga_SubBasin_Of_Kalu_River_-_NO_01_(2026__1780033696.pdf,250
Flood Warning for Kuda Ganga SubBasin Of Kalu River - NO 01Tamil,2026-05-29,10:00,flood_warning,True,https://www.dmc.gov.lk/images/dmcreports/Flood_Warning_for_Kuda_Ganga_SubBasin_Of_Kalu_River_-_NO_01_(2026__1780033724.pdf,260
Water level & Rainfall,2026-05-29,09:30,water_level_rainfall,True,https://www.dmc.gov.lk/images/dmcreports/Water_level_&_Rainfall_2026__1780027766.pdf,260
water level,2026-05-29,06:30,water_level,True,https://www.dmc.gov.lk/images/dmcreports/Water_level_&_Rainfall_2026__1780016750.pdf,260
water level,2026-05-29,03:30,water_level,True,https://www.dmc.gov.lk/images/dmcreports/Water_level_&_Rainfall_2026__1780013006.pdf,260
water level,2026-05-29,00:30,water_level,True,https://www.dmc.gov.lk/images/dmcreports/Water_level_&_Rainfall_2026__1779995068.pdf,260
Water level & Rainfall,2026-05-28,15:30,water_level_rainfall,True,https://www.dmc.gov.lk/images/dmcreports/Water_level_&_Rainfall_2026__1779962603.pdf,260
Water level & Rainfall,2026-05-28,12:30,water_level_rainfall,True,https://www.dmc.gov.lk/images/dmcreports/Water_level_&_Rainfall_2026__1779954404.pdf,260
Water level & Rainfall,2026-05-28,09:30,water_level_rainfall,True,https://www.dmc.gov.lk/images/dmcreports/Water_level_&_Rainfall_2026__1779942318.pdf,260
water level,2026-05-28,06:30,water_level,True,https://www.dmc.gov.lk/images/dmcreports/Water_level_&_Rainfall_2026__1779931438.pdf,260
water level,2026-05-28,06:30,water_level,True,https://www.dmc.gov.lk/images/dmcreports/Water_level_&_Rainfall_2026__1779973958.pdf,260
water level,2026-05-28,03:30,water_level,True,https://www.dmc.gov.lk/images/dmcreports/Water_level_&_Rainfall_2026__1779922504.pdf,270
water level,2026-05-28,00:30,water_level,True,https://www.dmc.gov.lk/images/dmcreports/Water_level_&_Rainfall_2026__1779909696.pdf,270
water level,2026-05-27,18:30,water_level,True,https://www.dmc.gov.lk/images/dmcreports/Water_level_&_Rainfall_2026__1779891111.pdf,270
water level,2026-05-27,15:00,water_level,True,https://www.dmc.gov.lk/images/dmcreports/Water_level_&_Rainfall_2026__1779877448.pdf,270
water level,2026-05-27,12:30,water_level,True,https://www.dmc.gov.lk/images/dmcreports/Water_level_&_Rainfall_2026__1779865114.pdf,270
water level,2026-05-27,09:30,water_level,True,https://www.dmc.gov.lk/images/dmcreports/Water_level_&_Rainfall_2026__1779855111.pdf,270
water level,2026-05-27,09:30,water_level,True,https://www.dmc.gov.lk/images/dmcreports/Water_level_&_Rainfall_2026__1779897850.pdf,270
water level,2026-05-27,06:00,water_level,True,https://www.dmc.gov.lk/images/dmcreports/Water_level_&_Rainfall_2026__1779843849.pdf,270
water level,2026-05-27,03:30,water_level,True,https://www.dmc.gov.lk/images/dmcreports/Water_level_&_Rainfall_2026__1779835323.pdf,270
water level,2026-05-26,12:00,water_level,True,https://www.dmc.gov.lk/images/dmcreports/Water_level_&_Rainfall_2026__1779786142.pdf,270
Water Level,2026-05-26,09:00,water_level,True,https://www.dmc.gov.lk/images/dmcreports/Water_level_&_Rainfall_2026__1779768491.pdf,280
water level,2026-05-26,06:30,water_level,True,https://www.dmc.gov.lk/images/dmcreports/Water_level_&_Rainfall_2026__1779758839.pdf,280
Water level & Rainfall,2026-05-26,03:30,water_level_rainfall,True,https://www.dmc.gov.lk/images/dmcreports/Water_level_&_Rainfall_2026__1779747327.pdf,280
water level,2026-05-26,00:30,water_level,True,https://www.dmc.gov.lk/images/dmcreports/Water_level_&_Rainfall_2026__1779735490.pdf,280
Water Level,2026-05-25,21:30,water_level,True,https://www.dmc.gov.lk/images/dmcreports/Water_level_&_Rainfall_2026__1779727836.pdf,280
water level,2026-05-25,18:00,water_level,True,https://www.dmc.gov.lk/images/dmcreports/Water_level_&_Rainfall_2026__1779716939.pdf,280
water level,2026-05-25,15:30,water_level,True,https://www.dmc.gov.lk/images/dmcreports/Water_level_&_Rainfall_2026__1779704234.pdf,280
water level,2026-05-25,12:00,water_level,True,https://www.dmc.gov.lk/images/dmcreports/Water_level_&_Rainfall_2026__1779695377.pdf,280
water level,2026-05-25,09:30,water_level,True,https://www.dmc.gov.lk/images/dmcreports/Water_level_&_Rainfall_2026__1779690070.pdf,280
water level,2026-05-25,03:00,water_level,True,https://www.dmc.gov.lk/images/dmcreports/Water_level_&_Rainfall_2026__1779661503.pdf,280
water level,2026-05-25,00:30,water_level,True,https://www.dmc.gov.lk/images/dmcreports/Water_level_&_Rainfall_2026__1779649885.pdf,290
Water Level,2026-05-24,21:30,water_level,True,https://www.dmc.gov.lk/images/dmcreports/Water_level_&_Rainfall_2026__1779640074.pdf,290
water level,2026-05-24,18:30,water_level,True,https://www.dmc.gov.lk/images/dmcreports/Water_level_&_Rainfall_2026__1779628124.pdf,290
Water level & Rainfall,2026-05-24,15:30,water_level_rainfall,True,https://www.dmc.gov.lk/images/dmcreports/Water_level_&_Rainfall_2026__1779616610.pdf,290
Water level & Rainfall,2026-05-24,12:30,water_level_rainfall,True,https://www.dmc.gov.lk/images/dmcreports/Water_level_&_Rainfall_2026__1779606063.pdf,290
Water level & Rainfall,2026-05-24,09:30,water_level_rainfall,True,https://www.dmc.gov.lk/images/dmcreports/Water_level_&_Rainfall_2026__1779595225.pdf,290
Water Level,2026-05-24,06:30,water_level,True,https://www.dmc.gov.lk/images/dmcreports/Water_level_&_Rainfall_2026__1779587468.pdf,290
water level,2026-05-24,03:30,water_level,True,https://www.dmc.gov.lk/images/dmcreports/Water_level_&_Rainfall_2026__1779578000.pdf,290
water level,2026-05-24,00:30,water_level,True,https://www.dmc.gov.lk/images/dmcreports/Water_level_&_Rainfall_2026__1779562961.pdf,290
Water Level,2026-05-23,21:30,water_level,True,https://www.dmc.gov.lk/images/dmcreports/Water_level_&_Rainfall_2026__1779553840.pdf,290
water level,2026-05-23,18:30,water_level,True,https://www.dmc.gov.lk/images/dmcreports/Water_level_&_Rainfall_2026__1779545336.pdf,300
water level,2026-05-23,15:30,water_level,True,https://www.dmc.gov.lk/images/dmcreports/Water_level_&_Rainfall_2026__1779530613.pdf,300
water level,2026-05-23,12:30,water_level,True,https://www.dmc.gov.lk/images/dmcreports/Water_level_&_Rainfall_2026__1779521121.pdf,300
water level,2026-05-23,06:30,water_level,True,https://www.dmc.gov.lk/images/dmcreports/Water_level_&_Rainfall_2026__1779499587.pdf,300
Flood Warning - Attanagalu oya Basin  -No  02,2026-05-23,06:00,flood_warning,True,https://www.dmc.gov.lk/images/dmcreports/Flood_warning_for_Aththanagalu_Oya_Basin_-_No_02_-_(Extended_Warning)_2026__1779498084.pdf,300
water level,2026-05-23,03:30,water_level,True,https://www.dmc.gov.lk/images/dmcreports/Water_level_&_Rainfall_2026__1779487480.pdf,300
water level,2026-05-23,00:30,water_level,True,https://www.dmc.gov.lk/images/dmcreports/Water_level_&_Rainfall_2026__1779476816.pdf,300
water level,2026-05-22,21:00,water_level,True,https://www.dmc.gov.lk/images/dmcreports/Water_level_&_Rainfall_2026__1779467078.pdf,300
water level,2026-05-22,18:00,water_level,True,https://www.dmc.gov.lk/images/dmcreports/Water_level_&_Rainfall_2026__1779458438.pdf,300
Water level & Rainfall,2026-05-22,15:30,water_level_rainfall,True,https://www.dmc.gov.lk/images/dmcreports/Water_level_&_Rainfall_2026__1779444490.pdf,300
Water level & Rainfall,2026-05-22,12:30,water_level_rainfall,True,https://www.dmc.gov.lk/images/dmcreports/Water_level_&_Rainfall_2026__1779433853.pdf,310
Flood Warning,2026-05-22,10:00,flood_warning,True,https://www.dmc.gov.lk/images/dmcreports/Flood_Warning_for_Kelani_Basin-_No_02_-_2026__1779426380.pdf,310
Flood Warning for Kelani Basin- No 01,2026-05-22,07:00,flood_warning,True,https://www.dmc.gov.lk/images/dmcreports/Flood_Warning_for_Kelani_Basin-_No_01_-_2026__1779417214.pdf,310
Flood Warning - Attanagalu oya Basin  -No  02,2026-05-22,05:30,flood_warning,True,https://www.dmc.gov.lk/images/dmcreports/New_Flood_warning_for_Aththanagalu_Oya_Basin_-_No_01_-_2026__1779409710.pdf,310
Water level & Rainfall,2026-05-21,09:30,water_level_rainfall,True,https://www.dmc.gov.lk/images/dmcreports/Water_level_&_Rainfall_2026__1779336579.pdf,310
Water level & Rainfall,2026-05-20,09:30,water_level_rainfall,True,https://www.dmc.gov.lk/images/dmcreports/Water_level_&_Rainfall_2026__1779250938.pdf,310
Withdrawal of Flood warning,2026-05-19,10:00,flood_warning,True,https://www.dmc.gov.lk/images/dmcreports/Withdrawal_of_Flood_warning_2026__1779167731.pdf,310
Water level & Rainfall,2026-05-19,09:30,water_level_rainfall,True,https://www.dmc.gov.lk/images/dmcreports/Water_level_&_Rainfall_2026__1779165774.pdf,310
Water level & Rainfall,2026-05-18,09:30,water_level_rainfall,True,https://www.dmc.gov.lk/images/dmcreports/Water_level_&_Rainfall_2026__1779078023.pdf,310
Water level & Rainfall,2026-05-17,09:30,water_level_rainfall,True,https://www.dmc.gov.lk/images/dmcreports/Water_level_&_Rainfall_2026__1778993399.pdf,310
Flood warning for Kuda Ganga SubBasin of Kalu River - No 02 (Extended Warning),2026-05-17,09:00,flood_warning,True,https://www.dmc.gov.lk/images/dmcreports/Flood_warning_for_Kuda_Ganga_SubBasin_of_Kalu_River_-_No_02_(Extended_Warning)-_2026__1778992080.pdf,320
Water level & Rainfall,2026-05-16,15:30,water_level_rainfall,True,https://www.dmc.gov.lk/images/dmcreports/Water_level_&_Rainfall_2026__1778925560.pdf,320
Water level & Rainfall,2026-05-16,12:30,water_level_rainfall,True,https://www.dmc.gov.lk/images/dmcreports/Water_level_&_Rainfall_2026__1778914599.pdf,320
Water level & Rainfall,2026-05-16,09:30,water_level_rainfall,True,https://www.dmc.gov.lk/images/dmcreports/Water_level_&_Rainfall_2026__1778904394.pdf,320
water level,2026-05-16,06:30,water_level,True,https://www.dmc.gov.lk/images/dmcreports/Water_level_&_Rainfall_2026__1778894778.pdf,320
Water level,2026-05-16,03:30,water_level,True,https://www.dmc.gov.lk/images/dmcreports/Water_level_&_Rainfall_2026__1778883106.pdf,320
Water Level,2026-05-16,00:30,water_level,True,https://www.dmc.gov.lk/images/dmcreports/Water_level_&_Rainfall_2026__1778872299.pdf,320
Water Level,2026-05-15,21:30,water_level,True,https://www.dmc.gov.lk/images/dmcreports/Water_level_&_Rainfall_2026__1778860752.pdf,320
Flood Warning - Attanagalu oya Basin  -No  02,2026-05-15,19:45,flood_warning,True,https://www.dmc.gov.lk/images/dmcreports/Flood_warning_for_Aththanagalu_Oya_Basin_-_No_02_-_(Extended_Warning)_2026__1778855629.pdf,320
water level,2026-05-15,18:30,water_level,True,https://www.dmc.gov.lk/images/dmcreports/Water_level_&_Rainfall_2026__1778854747.pdf,320
water level,2026-05-15,15:00,water_level,True,https://www.dmc.gov.lk/images/dmcreports/Water_level_&_Rainfall_2026__1778839145.pdf,330
water level,2026-05-15,12:00,water_level,True,https://www.dmc.gov.lk/images/dmcreports/Water_level_&_Rainfall_2026__1778828902.pdf,330
water level,2026-05-15,09:30,water_level,True,https://www.dmc.gov.lk/images/dmcreports/Water_level_&_Rainfall_2026__1778817856.pdf,330
Flood Warning for Kuda Ganga SubBasin Of Kalu River - NO 01,2026-05-15,08:00,flood_warning,True,https://www.dmc.gov.lk/images/dmcreports/Flood_Warning__for_Kuda_Ganga_SubBasin_Of_Kalu_River_-_NO_01_(2026__1778815122.pdf,330
Water level & Rainfall,2026-05-15,06:30,water_level_rainfall,True,https://www.dmc.gov.lk/images/dmcreports/Water_level_&_Rainfall_2026__1778811039.pdf,330
water level,2026-05-15,03:30,water_level,True,https://www.dmc.gov.lk/images/dmcreports/Water_level_&_Rainfall_2026__1778796653.pdf,330
Water Level,2026-05-15,00:30,water_level,True,https://www.dmc.gov.lk/images/dmcreports/Water_level_&_Rainfall_2026__1778785741.pdf,330
Flood warning for Aththanagalu,2026-05-14,20:00,flood_warning,True,https://www.dmc.gov.lk/images/dmcreports/Flood_warning_for_Aththanagalu_Oya_Basin_-_No_01_-_2026__1778772410.pdf,330
water level,2026-05-14,18:30,water_level,True,https://www.dmc.gov.lk/images/dmcreports/Water_level_&_Rainfall_2026__1778766651.pdf,330
Water level,2026-05-14,18:00,water_level,True,https://www.dmc.gov.lk/images/dmcreports/Water_level_&_Rainfall_2026__1778764061.pdf,330
Water level,2026-05-14,15:30,water_level,True,https://www.dmc.gov.lk/images/dmcreports/Water_level_&_Rainfall_2026__1778753386.pdf,340
Water level & Rainfall,2026-05-14,12:30,water_level_rainfall,True,https://www.dmc.gov.lk/images/dmcreports/Water_level_&_Rainfall_2026__1778742650.pdf,340
water level,2026-05-14,09:00,water_level,True,https://www.dmc.gov.lk/images/dmcreports/Water_level_&_Rainfall_2026__1778732372.pdf,340
Water level,2026-05-14,06:30,water_level,True,https://www.dmc.gov.lk/images/dmcreports/Water_level_&_Rainfall_2026__1778724514.pdf,340
water level,2026-05-14,03:30,water_level,True,https://www.dmc.gov.lk/images/dmcreports/Water_level_&_Rainfall_2026__1778716522.pdf,340
Water Level,2026-05-14,00:30,water_level,True,https://www.dmc.gov.lk/images/dmcreports/Water_level_&_Rainfall_2026__1778701990.pdf,340
Water Level,2026-05-13,21:00,water_level,True,https://www.dmc.gov.lk/images/dmcreports/Water_level_&_Rainfall_2026__1778688753.pdf,340
water level,2026-05-13,18:00,water_level,True,https://www.dmc.gov.lk/images/dmcreports/Water_level_&_Rainfall_2026__1778677793.pdf,340
water Level,2026-05-13,15:30,water_level,True,https://www.dmc.gov.lk/images/dmcreports/Water_level_&_Rainfall_2026__1778667194.pdf,340
water level,2026-05-13,12:30,water_level,True,https://www.dmc.gov.lk/images/dmcreports/Water_level_&_Rainfall_2026__1778657650.pdf,340
Water level & Rainfall,2026-05-13,09:30,water_level_rainfall,True,https://www.dmc.gov.lk/images/dmcreports/Water_level_&_Rainfall_2026__1778645614.pdf,350
Water Level,2026-05-13,06:30,water_level,True,https://www.dmc.gov.lk/images/dmcreports/Water_level_&_Rainfall_2026__1778634341.pdf,350
River Water level,2026-05-13,03:30,water_level,True,https://www.dmc.gov.lk/images/dmcreports/Water_level_&_Rainfall_2026__1778625282.pdf,350
Water level & Rainfall,2026-05-13,00:00,water_level_rainfall,True,https://www.dmc.gov.lk/images/dmcreports/Water_level_&_Rainfall_2026__1778613357.pdf,350
Water Level,2026-05-12,21:30,water_level,True,https://www.dmc.gov.lk/images/dmcreports/Water_level_&_Rainfall_2026__1778605014.pdf,350
Water Level,2026-05-12,15:30,water_level,True,https://www.dmc.gov.lk/images/dmcreports/Water_level_&_Rainfall_2026__1778580249.pdf,350
Water level & Rainfall,2026-05-12,12:30,water_level_rainfall,True,https://www.dmc.gov.lk/images/dmcreports/Water_level_&_Rainfall_2026__1778569781.pdf,350
Water level & Rainfall,2026-05-12,09:30,water_level_rainfall,True,https://www.dmc.gov.lk/images/dmcreports/Water_level_&_Rainfall_2026__1778558986.pdf,350
water level,2026-05-12,06:30,water_level,True,https://www.dmc.gov.lk/images/dmcreports/Water_level_&_Rainfall_2026__1778550553.pdf,350
water level,2026-05-12,03:30,water_level,True,https://www.dmc.gov.lk/images/dmcreports/Water_level_&_Rainfall_2026__1778542417.pdf,350
Water Level,2026-05-11,21:30,water_level,True,https://www.dmc.gov.lk/images/dmcreports/Water_level_&_Rainfall_2026__1778517563.pdf,360
water level,2026-05-11,18:30,water_level,True,https://www.dmc.gov.lk/images/dmcreports/Water_level_&_Rainfall_2026__1778504630.pdf,360
water level,2026-05-11,15:30,water_level,True,https://www.dmc.gov.lk/images/dmcreports/Water_level_&_Rainfall_2026__1778493898.pdf,360
water level,2026-05-11,12:00,water_level,True,https://www.dmc.gov.lk/images/dmcreports/Water_level_&_Rainfall_2026__1778483341.pdf,360
Water level & Rainfall,2026-05-11,09:30,water_level_rainfall,True,https://www.dmc.gov.lk/images/dmcreports/Water_level_&_Rainfall_2026__1778472757.pdf,360
water level,2026-05-11,06:00,water_level,True,https://www.dmc.gov.lk/images/dmcreports/Water_level_&_Rainfall_2026__1778461651.pdf,360
water level,2026-05-11,03:30,water_level,True,https://www.dmc.gov.lk/images/dmcreports/Water_level_&_Rainfall_2026__1778450670.pdf,360
water level,2026-05-11,00:30,water_level,True,https://www.dmc.gov.lk/images/dmcreports/Water_level_&_Rainfall_2026__1778439555.pdf,360
Water level & Rainfall,2026-05-10,15:30,water_level_rainfall,True,https://www.dmc.gov.lk/images/dmcreports/Water_level_&_Rainfall_2026__1778407571.pdf,360
water level,2026-05-10,09:00,water_level,True,https://www.dmc.gov.lk/images/dmcreports/Water_level_&_Rainfall_2026__1778386412.pdf,360
Water Level,2026-05-10,06:00,water_level,True,https://www.dmc.gov.lk/images/dmcreports/Water_level_&_Rainfall_2026__1778374976.pdf,370
water level,2026-05-10,00:30,water_level,True,https://www.dmc.gov.lk/images/dmcreports/Water_level_&_Rainfall_2026__1778355183.pdf,370
water level,2026-05-09,21:30,water_level,True,https://www.dmc.gov.lk/images/dmcreports/Water_level_&_Rainfall_2026__1778349932.pdf,370
water level,2026-05-09,18:00,water_level,True,https://www.dmc.gov.lk/images/dmcreports/Water_level_&_Rainfall_2026__1778334013.pdf,370
Water level & Rainfall,2026-05-09,09:30,water_level_rainfall,True,https://www.dmc.gov.lk/images/dmcreports/Water_level_&_Rainfall_2026__1778300493.pdf,370
Water level & Rainfall,2026-05-07,09:30,water_level_rainfall,True,https://www.dmc.gov.lk/images/dmcreports/Water_level_&_Rainfall_2026__1778127364.pdf,370
Water level & Rainfall,2026-04-30,09:30,water_level_rainfall,True,https://www.dmc.gov.lk/images/dmcreports/Water_level_&_Rainfall_2026__1777524198.pdf,370
Water level & Rainfall,2026-04-26,09:30,water_level_rainfall,True,https://www.dmc.gov.lk/images/dmcreports/Water_level_&_Rainfall_2026__1777176491.pdf,370
Water level & Rainfall,2026-04-24,09:30,water_level_rainfall,True,https://www.dmc.gov.lk/images/dmcreports/Water_level_&_Rainfall_2026__1777005080.pdf,370
water level,2026-04-16,09:30,water_level,True,https://www.dmc.gov.lk/images/dmcreports/Water_level_&_Rainfall_2026__1776314275.pdf,370
Water Level,2026-04-15,09:30,water_level,True,https://www.dmc.gov.lk/images/dmcreports/Water_level_&_Rainfall_2026__1776229592.pdf,380
Water level & Rainfall,2026-04-09,09:30,water_level_rainfall,True,https://www.dmc.gov.lk/images/dmcreports/Water_level_&_Rainfall_2026__1775708446.pdf,380
Water level & Rainfall,2026-04-08,09:30,water_level_rainfall,True,https://www.dmc.gov.lk/images/dmcreports/Water_level_&_Rainfall_2026__1775621957.pdf,380
Water level & Rainfall,2026-04-05,09:30,water_level_rainfall,True,https://www.dmc.gov.lk/images/dmcreports/Water_level_&_Rainfall_2026__1775364290.pdf,380
Water level & Rainfall,2026-04-01,09:30,water_level_rainfall,True,https://www.dmc.gov.lk/images/dmcreports/Water_level_&_Rainfall_2026__1775018060.pdf,380
Water level & Rainfall,2026-03-26,09:30,water_level_rainfall,True,https://www.dmc.gov.lk/images/dmcreports/Water_level_&_Rainfall_2026__1774498675.pdf,380
Water level & Rainfall,2026-03-25,09:30,water_level_rainfall,True,https://www.dmc.gov.lk/images/dmcreports/Water_level_&_Rainfall_2026__1774413692.pdf,380
Water level & Rainfall,2026-03-24,09:30,water_level_rainfall,True,https://www.dmc.gov.lk/images/dmcreports/Water_level_&_Rainfall_2026__1774326145.pdf,380
Water level & Rainfall,2026-03-19,09:30,water_level_rainfall,True,https://www.dmc.gov.lk/images/dmcreports/Water_level_&_Rainfall_2026__1773894627.pdf,380
Water level & Rainfall,2026-03-18,09:30,water_level_rainfall,True,https://www.dmc.gov.lk/images/dmcreports/Water_level_&_Rainfall_2026__1773809479.pdf,380
Water level & Rainfall,2026-03-16,09:30,water_level_rainfall,True,https://www.dmc.gov.lk/images/dmcreports/Water_level_&_Rainfall_2026__1773634407.pdf,390
Water level & Rainfall,2026-03-15,09:30,water_level_rainfall,True,https://www.dmc.gov.lk/images/dmcreports/Water_level_&_Rainfall_2026__1773547833.pdf,390
Water level & Rainfall,2026-03-14,09:30,water_level_rainfall,True,https://www.dmc.gov.lk/images/dmcreports/Water_level_&_Rainfall_2026__1773461809.pdf,390
Water level & Rainfall,2026-03-13,09:30,water_level_rainfall,True,https://www.dmc.gov.lk/images/dmcreports/Water_level_&_Rainfall_2026__1773376146.pdf,390
Water level & Rainfall,2026-03-11,09:30,water_level_rainfall,True,https://www.dmc.gov.lk/images/dmcreports/Water_level_&_Rainfall_2026__1773203711.pdf,390
Water level & Rainfall,2026-03-09,09:30,water_level_rainfall,True,https://www.dmc.gov.lk/images/dmcreports/Water_level_&_Rainfall_2026__1773029099.pdf,390
water level,2026-03-08,09:30,water_level,True,https://www.dmc.gov.lk/images/dmcreports/Water_level_&_Rainfall_2026__1772942989.pdf,390
Water level & Rainfall,2026-03-07,09:30,water_level_rainfall,True,https://www.dmc.gov.lk/images/dmcreports/Water_level_&_Rainfall_2026__1772856713.pdf,390
Water level & Rainfall,2026-03-06,09:30,water_level_rainfall,True,https://www.dmc.gov.lk/images/dmcreports/Water_level_&_Rainfall_2026__1772771000.pdf,390
water level,2026-03-03,09:30,water_level,True,https://www.dmc.gov.lk/images/dmcreports/Water_level_&_Rainfall_2026__1772511536.pdf,390
water level,2026-03-01,10:00,water_level,True,https://www.dmc.gov.lk/images/dmcreports/Water_level_&_Rainfall_2026__1772339642.pdf,400
Water level & Rainfall,2026-02-25,09:30,water_level_rainfall,True,https://www.dmc.gov.lk/images/dmcreports/Water_level_&_Rainfall_2026__1771992544.pdf,400
Water level & Rainfall,2026-02-24,12:30,water_level_rainfall,True,https://www.dmc.gov.lk/images/dmcreports/Water_level_&_Rainfall_2026__1771917019.pdf,400
Flood warning Withdrawal - Mahaweli River,2026-02-24,12:30,flood_warning,True,https://www.dmc.gov.lk/images/dmcreports/Withdrawal_of_Flood_warning_Mahaweli__2026__1771918779.pdf,400
Water level & Rainfall,2026-02-24,09:30,water_level_rainfall,True,https://www.dmc.gov.lk/images/dmcreports/Water_level_&_Rainfall_2026__1771906191.pdf,400
Water level & Rainfall,2026-02-23,15:30,water_level_rainfall,True,https://www.dmc.gov.lk/images/dmcreports/Water_level_&_Rainfall_2026__1771840730.pdf,400
Water level & Rainfall,2026-02-23,12:30,water_level_rainfall,True,https://www.dmc.gov.lk/images/dmcreports/Water_level_&_Rainfall_2026__1771830929.pdf,400
Water level & Rainfall,2026-02-23,09:30,water_level_rainfall,True,https://www.dmc.gov.lk/images/dmcreports/Water_level_&_Rainfall_2026__1771819384.pdf,400
water level,2026-02-23,03:30,water_level,True,https://www.dmc.gov.lk/images/dmcreports/Water_level_&_Rainfall_2026__1771801312.pdf,400
water level,2026-02-23,01:30,water_level,True,https://www.dmc.gov.lk/images/dmcreports/Water_level_&_Rainfall_2026__1771792222.pdf,400
water level,2026-02-22,18:30,water_level,True,https://www.dmc.gov.lk/images/dmcreports/Water_level_&_Rainfall_2026__1771768637.pdf,410
Water level & Rainfall,2026-02-22,15:30,water_level_rainfall,True,https://www.dmc.gov.lk/images/dmcreports/Water_level_&_Rainfall_2026__1771754748.pdf,410
Water level & Rainfall,2026-02-22,12:30,water_level_rainfall,True,https://www.dmc.gov.lk/images/dmcreports/Water_level_&_Rainfall_2026__1771744515.pdf,410
Water level & Rainfall,2026-02-22,09:30,water_level_rainfall,True,https://www.dmc.gov.lk/images/dmcreports/Water_level_&_Rainfall_2026__1771734305.pdf,410
water level,2026-02-22,06:00,water_level,True,https://www.dmc.gov.lk/images/dmcreports/Water_level_&_Rainfall_2026__1771722476.pdf,410
water level,2026-02-22,01:30,water_level,True,https://www.dmc.gov.lk/images/dmcreports/Comman_Irrigation_letter___1771702835.pdf,410
water level,2026-02-22,01:30,water_level,True,https://www.dmc.gov.lk/images/dmcreports/Water_level_&_Rainfall_2026__1771702856.pdf,410
Flood Warning  for Mahaweli River - No 01,2026-02-22,00:30,flood_warning,True,https://www.dmc.gov.lk/images/dmcreports/Flood_warning__1771700480.pdf,410
Flood Warning  for Mahaweli River - No 01,2026-02-22,00:30,flood_warning,True,https://www.dmc.gov.lk/images/dmcreports/Flood_Warning__for_Mahaweli_River_-_No_01_-_2026__1771700498.pdf,410
Water Level,2026-02-21,21:30,water_level,True,https://www.dmc.gov.lk/images/dmcreports/Water_level_&_Rainfall_2026__1771690707.pdf,410
Water level,2026-02-21,18:00,water_level,True,https://www.dmc.gov.lk/images/dmcreports/Water_level_&_Rainfall_2026__1771678816.pdf,420
Water level & Rainfall,2026-02-21,09:30,water_level_rainfall,True,https://www.dmc.gov.lk/images/dmcreports/Water_level_&_Rainfall_2026__1771646697.pdf,420
water level,2026-02-21,06:30,water_level,True,https://www.dmc.gov.lk/images/dmcreports/Water_level_&_Rainfall_2026__1771635854.pdf,420
water level,2026-02-21,06:00,water_level,True,https://www.dmc.gov.lk/images/dmcreports/Water_level_&_Rainfall_2026__1771637966.pdf,420
water level,2026-02-21,00:30,water_level,True,https://www.dmc.gov.lk/images/dmcreports/Water_level_&_Rainfall_2026__1771616188.pdf,420
water level,2026-02-20,18:30,water_level,True,https://www.dmc.gov.lk/images/dmcreports/Water_level_&_Rainfall_2026__1771595228.pdf,420
Water level & Rainfall,2026-02-20,09:30,water_level_rainfall,True,https://www.dmc.gov.lk/images/dmcreports/Water_level_&_Rainfall_2026__1771560696.pdf,420
Water Level,2026-02-20,06:00,water_level,True,https://www.dmc.gov.lk/images/dmcreports/Water_level_&_Rainfall_2026__1771550141.pdf,420
Water level & Rainfall,2026-02-19,12:30,water_level_rainfall,True,https://www.dmc.gov.lk/images/dmcreports/Water_Level_and_Rainfall_on_19__1771484843.pdf,420
Water level & Rainfall,2026-02-19,09:30,water_level_rainfall,True,https://www.dmc.gov.lk/images/dmcreports/Water_level_&_Rainfall_2026__1771473887.pdf,420
water level,2026-02-19,00:30,water_level,True,https://www.dmc.gov.lk/images/dmcreports/Water_level_&_Rainfall_2026__1771441180.pdf,430
Water level & Rainfall,2026-02-18,13:20,water_level_rainfall,True,https://www.dmc.gov.lk/images/dmcreports/Water_level_&_Rainfall_2026__1771397685.pdf,430
Water level & Rainfall,2026-02-18,09:30,water_level_rainfall,True,https://www.dmc.gov.lk/images/dmcreports/Water_level_&_Rainfall_2026__1771388236.pdf,430
water level,2026-02-18,06:00,water_level,True,https://www.dmc.gov.lk/images/dmcreports/Water_level_&_Rainfall_2026__1771376736.pdf,430
water level,2026-02-17,18:30,water_level,True,https://www.dmc.gov.lk/images/dmcreports/Water_level_&_Rainfall_2026__1771333076.pdf,430
Water level & Rainfall,2026-02-17,12:30,water_level_rainfall,True,https://www.dmc.gov.lk/images/dmcreports/Water_level_&_Rainfall_2026__1771311808.pdf,430
Water level & Rainfall,2026-02-17,09:30,water_level_rainfall,True,https://www.dmc.gov.lk/images/dmcreports/Water_level_&_Rainfall_2026__1771301072.pdf,430
Water level & Rainfall,2026-02-17,06:30,water_level_rainfall,True,https://www.dmc.gov.lk/images/dmcreports/Water_level_&_Rainfall_2026__1771294035.pdf,430
Water level & Rainfall,2026-02-16,12:30,water_level_rainfall,True,https://www.dmc.gov.lk/images/dmcreports/Water_level_&_Rainfall_2026__1771224763.pdf,430
Water level & Rainfall,2026-02-16,09:30,water_level_rainfall,True,https://www.dmc.gov.lk/images/dmcreports/Water_level_&_Rainfall_2026__1771214719.pdf,430
water level,2026-02-16,06:00,water_level,True,https://www.dmc.gov.lk/images/dmcreports/Water_level_&_Rainfall_2026__1771204569.pdf,440
Water level & Rainfall,2026-02-15,12:30,water_level_rainfall,True,https://www.dmc.gov.lk/images/dmcreports/Water_level_&_Rainfall_2026__1771139502.pdf,440
Water level & Rainfall,2026-02-15,09:30,water_level_rainfall,True,https://www.dmc.gov.lk/images/dmcreports/Water_level_&_Rainfall_2026__1771128323.pdf,440
Water level & Rainfall,2026-02-14,12:00,water_level_rainfall,True,https://www.dmc.gov.lk/images/dmcreports/Water_level_&_Rainfall_2026__1771053443.pdf,440
Water level & Rainfall,2026-02-14,09:30,water_level_rainfall,True,https://www.dmc.gov.lk/images/dmcreports/Water_level_&_Rainfall_2026__1771042451.pdf,440
Water level & Rainfall,2026-02-13,09:30,water_level_rainfall,True,https://www.dmc.gov.lk/images/dmcreports/Water_level_&_Rainfall_2026__1770956229.pdf,440
Water level & Rainfall,2026-02-10,09:30,water_level_rainfall,True,https://www.dmc.gov.lk/images/dmcreports/Water_level_&_Rainfall_2026__1770697571.pdf,440
Water level & Rainfall,2026-02-09,09:30,water_level_rainfall,True,https://www.dmc.gov.lk/images/dmcreports/Water_level_&_Rainfall_2026__1770610190.pdf,440
water level,2026-02-07,09:30,water_level,True,https://www.dmc.gov.lk/images/dmcreports/Water_level_&_Rainfall_2026__1770439706.pdf,440
Water level,2026-02-06,09:30,water_level,True,https://www.dmc.gov.lk/images/dmcreports/Water_level_&_Rainfall_2026__1770352206.pdf,440
Water level & Rainfall,2026-02-05,09:30,water_level_rainfall,True,https://www.dmc.gov.lk/images/dmcreports/Water_level_&_Rainfall_2026__1770265581.pdf,450
water level,2026-02-04,09:30,water_level,True,https://www.dmc.gov.lk/images/dmcreports/Water_level_&_Rainfall_2026__1770183720.pdf,450
Water level & Rainfall,2026-02-02,09:30,water_level_rainfall,True,https://www.dmc.gov.lk/images/dmcreports/Water_level_&_Rainfall_2026__1770006443.pdf,450
Water level & Rainfall,2026-02-01,09:30,water_level_rainfall,True,https://www.dmc.gov.lk/images/dmcreports/Water_level_&_Rainfall_2026__1769920540.pdf,450
Water level & Rainfall,2026-01-31,09:30,water_level_rainfall,True,https://www.dmc.gov.lk/images/dmcreports/Water_level_&_Rainfall_2026__1769834511.pdf,450
Water level & Rainfall,2026-01-29,09:30,water_level_rainfall,True,https://www.dmc.gov.lk/images/dmcreports/Water_level_&_Rainfall_2026__1769659757.pdf,450
Water level & Rainfall,2026-01-26,09:30,water_level_rainfall,True,https://www.dmc.gov.lk/images/dmcreports/Water_level_&_Rainfall_2026__1769402924.pdf,450
Water level & Rainfall,2026-01-25,09:30,water_level_rainfall,True,https://www.dmc.gov.lk/images/dmcreports/Water_level_&_Rainfall_2026__1769316014.pdf,450
water level,2026-01-22,09:30,water_level,True,https://www.dmc.gov.lk/images/dmcreports/Water_level_&_Rainfall_2026__1769054628.pdf,450
Water level & Rainfall,2026-01-20,09:30,water_level_rainfall,True,https://www.dmc.gov.lk/images/dmcreports/Water_level_&_Rainfall_2026__1768882338.pdf,450
water level,2026-01-20,06:00,water_level,True,https://www.dmc.gov.lk/images/dmcreports/Water_level_&_Rainfall_2026__1768870511.pdf,460
water level,2026-01-20,00:00,water_level,True,https://www.dmc.gov.lk/images/dmcreports/Water_level_&_Rainfall_2026__1768855244.pdf,460
water level,2026-01-19,09:30,water_level,True,https://www.dmc.gov.lk/images/dmcreports/Water_level_&_Rainfall_2026__1768796714.pdf,460
water level,2026-01-19,06:30,water_level,True,https://www.dmc.gov.lk/images/dmcreports/Water_level_&_Rainfall_2026__1768785232.pdf,460
water level,2026-01-18,18:30,water_level,True,https://www.dmc.gov.lk/images/dmcreports/Water_level_&_Rainfall_2026__1768741606.pdf,460
Water level & Rainfall,2026-01-18,12:30,water_level_rainfall,True,https://www.dmc.gov.lk/images/dmcreports/Water_level_&_Rainfall_2026__1768719787.pdf,460
water level,2026-01-18,09:30,water_level,True,https://www.dmc.gov.lk/images/dmcreports/Water_level_&_Rainfall_2026__1768709119.pdf,460
water level,2026-01-18,00:30,water_level,True,https://www.dmc.gov.lk/images/dmcreports/Water_level_&_Rainfall_2026__1768676786.pdf,460
water level,2026-01-17,18:30,water_level,True,https://www.dmc.gov.lk/images/dmcreports/Water_level_&_Rainfall_2026__1768656882.pdf,460
Water level & Rainfall,2026-01-17,12:20,water_level_rainfall,True,https://www.dmc.gov.lk/images/dmcreports/Water_level_&_Rainfall_2026__1768632737.pdf,460
Water level & Rainfall,2026-01-17,09:30,water_level_rainfall,True,https://www.dmc.gov.lk/images/dmcreports/Water_level_&_Rainfall_2026__1768622208.pdf,470
water level,2026-01-17,06:30,water_level,True,https://www.dmc.gov.lk/images/dmcreports/Water_level_&_Rainfall_2026__1768611617.pdf,470
water level,2026-01-17,00:30,water_level,True,https://www.dmc.gov.lk/images/dmcreports/Water_level_&_Rainfall_2026__1768590668.pdf,470
water level,2026-01-16,18:00,water_level,True,https://www.dmc.gov.lk/images/dmcreports/Water_level_&_Rainfall_2026__1768568656.pdf,470
water level,2026-01-16,12:00,water_level,True,https://www.dmc.gov.lk/images/dmcreports/Water_level_&_Rainfall_2026__1768546497.pdf,470
Water level & Rainfall,2026-01-16,09:30,water_level_rainfall,True,https://www.dmc.gov.lk/images/dmcreports/Water_level_&_Rainfall_2026__1768536832.pdf,470
Water level & Rainfall,2026-01-15,09:30,water_level_rainfall,True,https://www.dmc.gov.lk/images/dmcreports/Water_level_&_Rainfall_2026__1768449674.pdf,470
Early Advisory for Flood Preparedness Withdrawal,2026-01-11,20:00,flood_advisory,True,https://www.dmc.gov.lk/images/dmcreports/Early_Advisory_for_Flood_Preparedness_Withdrawal_2026__1768143668.pdf,470
water level,2026-01-11,18:30,water_level,True,https://www.dmc.gov.lk/images/dmcreports/Water_level_&_Rainfall_2026__1768142704.pdf,470
Water Level Report,2026-01-11,09:30,water_level,True,https://www.dmc.gov.lk/images/dmcreports/Water_level_&_Rainfall_2026__1768104430.pdf,470
Water Level Report,2026-01-10,18:30,water_level,True,https://www.dmc.gov.lk/images/dmcreports/Water_level_&_Rainfall_2026__1768050556.pdf,480
Water Level Report,2026-01-10,15:00,water_level,True,https://www.dmc.gov.lk/images/dmcreports/Water_level_&_Rainfall_2026__1768038902.pdf,480
Water Level Report,2026-01-10,12:30,water_level,True,https://www.dmc.gov.lk/images/dmcreports/Water_level_&_Rainfall_2026__1768028848.pdf,480
Water level & Rainfall,2026-01-10,09:30,water_level_rainfall,True,https://www.dmc.gov.lk/images/dmcreports/Water_level_&_Rainfall_2026__1768017954.pdf,480
water level,2026-01-09,21:30,water_level,True,https://www.dmc.gov.lk/images/dmcreports/Water_level_&_Rainfall_2026__1767978177.pdf,480
water level,2026-01-09,05:30,water_level,True,https://www.dmc.gov.lk/images/dmcreports/Water_level_&_Rainfall_2026__1767917598.pdf,480
water level,2026-01-09,00:30,water_level,True,https://www.dmc.gov.lk/images/dmcreports/Water_level_&_Rainfall_2026__1767899478.pdf,480
water level,2026-01-08,21:30,water_level,True,https://www.dmc.gov.lk/images/dmcreports/Water_level_&_Rainfall_2026__1767887699.pdf,480
water level,2026-01-08,18:00,water_level,True,https://www.dmc.gov.lk/images/dmcreports/Water_level_&_Rainfall_2026__1767877866.pdf,480
Flood Warnning,2026-01-07,23:00,other,False,https://www.dmc.gov.lk/images/dmcreports/Common_Warning_Message_2026__1767873794.pdf,480
Water level,2026-01-06,09:30,water_level,True,https://www.dmc.gov.lk/images/dmcreports/Water_level_&_Rainfall_2026__1767684250.pdf,490
water level,2026-01-05,09:30,water_level,True,https://www.dmc.gov.lk/images/dmcreports/Water_Level_report_at_0930hrs_on_2026__1767587433.pdf,490
water level,2026-01-04,09:30,water_level,True,https://www.dmc.gov.lk/images/dmcreports/Water_level_report_at_0930hrs_on_2026__1767503033.pdf,490
water level,2026-01-03,09:30,water_level,True,https://www.dmc.gov.lk/images/dmcreports/Water_level_&_Rainfall_2026__1767414676.pdf,490
Water Level Report,2026-01-01,09:30,water_level,True,https://www.dmc.gov.lk/images/dmcreports/Water_Level_and_Rainfall_at_0930_hrs_on_01__1767243138.pdf,490
Water Level Report,2025-12-29,09:30,water_level,True,https://www.dmc.gov.lk/images/dmcreports/Water_level_&_Rainfall_2025__1766982455.pdf,490
Water level,2025-12-26,09:30,water_level,True,https://www.dmc.gov.lk/images/dmcreports/__1766734429.pdf,490
Water Level Report,2025-12-25,09:30,water_level,True,https://www.dmc.gov.lk/images/dmcreports/Water_Level_Report_at_0930hrs_on_2025__1766638298.pdf,490
Water Level Report,2025-12-24,09:30,water_level,True,https://www.dmc.gov.lk/images/dmcreports/Water_Level_Report_at_0930hrs_on_2025__1766550885.pdf,490
water level,2025-12-23,09:30,water_level,True,https://www.dmc.gov.lk/images/dmcreports/Water_Level_Report_at_0930hrs_on_2025__1766466037.pdf,490
Flood warning Withdrawal - Mahaweli River,2025-12-22,16:00,flood_warning,True,https://www.dmc.gov.lk/images/dmcreports/Flood_Warning_Withdrawal_for_Mahaweli_River_at_1500hrs_on_2025__1766403521.pdf,500
water level,2025-12-22,09:30,water_level,True,https://www.dmc.gov.lk/images/dmcreports/Water_Level_at_0930hrs_on_2025__1766377525.pdf,500
Water Level,2025-12-21,15:00,water_level,True,https://www.dmc.gov.lk/images/dmcreports/Water_level_&_Rainfall_2025__1766311388.pdf,500
Water Level Report,2025-12-21,09:30,water_level,True,https://www.dmc.gov.lk/images/dmcreports/Water_level_&_Rainfall_2025__1766291157.pdf,500
water level,2025-12-20,15:30,water_level,True,https://www.dmc.gov.lk/images/dmcreports/Water_level_&_Rainfall_2025__1766224988.pdf,500
water level,2025-12-20,09:30,water_level,True,https://www.dmc.gov.lk/images/dmcreports/Water_Level_at_0930hrs_on_2025__1766205716.pdf,500
water Level,2025-12-19,18:30,water_level,True,https://www.dmc.gov.lk/images/dmcreports/Water_level_&_Rainfall_2025__1766154786.pdf,500
Flood Warning,2025-12-19,17:30,flood_warning,True,https://www.dmc.gov.lk/images/dmcreports/Flood_warning_for_Mahaweli_River_Basin_-_No_02_-_(Extended_Warning)_2025__1766148672.pdf,500
Water Level,2025-12-19,15:30,water_level,True,https://www.dmc.gov.lk/images/dmcreports/Water_level_report_at_1530hrs_on_2025__1766139164.pdf,500
Water Level,2025-12-19,12:30,water_level,True,https://www.dmc.gov.lk/images/dmcreports/Water_level_&_Rainfall_2025__1766127636.pdf,500
Water Level,2025-12-19,09:30,water_level,True,https://www.dmc.gov.lk/images/dmcreports/Water_level_&_Rainfall_2025__1766119616.pdf,510
water level,2025-12-19,03:00,water_level,True,https://www.dmc.gov.lk/images/dmcreports/merged(16)__1766096463.pdf,510
water level,2025-12-19,00:30,water_level,True,https://www.dmc.gov.lk/images/dmcreports/Water_level_&_Rainfall_2025__1766088555.pdf,510
water level,2025-12-18,21:30,water_level,True,https://www.dmc.gov.lk/images/dmcreports/Water_level_&_Rainfall_2025__1766075159.pdf,510
Water Level,2025-12-18,18:30,water_level,True,https://www.dmc.gov.lk/images/dmcreports/Water_level_&_Rainfall_2025__1766063642.pdf,510
Flood Warning  for Mahaweli River - No 01 - 2025.12.18,2025-12-18,18:00,flood_warning,True,https://www.dmc.gov.lk/images/dmcreports/__1766071184.pdf,510
Water Level Report,2025-12-18,15:30,water_level,True,https://www.dmc.gov.lk/images/dmcreports/Water_level_&_Rainfall_2025__1766052493.pdf,510
River Water level,2025-12-18,09:30,water_level,True,https://www.dmc.gov.lk/images/dmcreports/Water_level_&_Rainfall_2025__1766032127.pdf,510
Water Level Report,2025-12-17,15:30,water_level,True,https://www.dmc.gov.lk/images/dmcreports/Water_level_&_Rainfall_2025__1765969861.pdf,510
Water level,2025-12-17,09:30,water_level,True,https://www.dmc.gov.lk/images/dmcreports/Water_level_&_Rainfall_2025__1765946294.pdf,520
water level,2025-12-16,09:30,water_level,True,https://www.dmc.gov.lk/images/dmcreports/Water_level_&_Rainfall_2025__1765865836.pdf,520
Water level,2025-12-15,15:00,water_level,True,https://www.dmc.gov.lk/images/dmcreports/Water_level_&_Rainfall_2025__1765794129.pdf,520
water level,2025-12-15,09:30,water_level,True,https://www.dmc.gov.lk/images/dmcreports/Water_level_&_Rainfall_2025__1765773368.pdf,520
water level,2025-12-14,15:30,water_level,True,https://www.dmc.gov.lk/images/dmcreports/Water_level_&_Rainfall_2025__1765707610.pdf,520
Water Level Report,2025-12-14,09:30,water_level,True,https://www.dmc.gov.lk/images/dmcreports/Water_level_&_Rainfall_2025__1765685915.pdf,520
water level,2025-12-13,15:30,water_level,True,https://www.dmc.gov.lk/images/dmcreports/Water_level_&_Rainfall_2025__1765622580.pdf,520
Water Level,2025-12-13,09:30,water_level,True,https://www.dmc.gov.lk/images/dmcreports/Water_level_&_Rainfall_2025__1765599471.pdf,520
water level,2025-12-12,15:30,water_level,True,https://www.dmc.gov.lk/images/dmcreports/Water_level_&_Rainfall_2025__1765534875.pdf,520
water level,2025-12-12,09:30,water_level,True,https://www.dmc.gov.lk/images/dmcreports/Water_level_&_Rainfall_2025__1765513372.pdf,520
water level,2025-12-12,06:30,water_level,True,https://www.dmc.gov.lk/images/dmcreports/Water_level_&_Rainfall_2025__1765507718.pdf,530
water level,2025-12-11,15:00,water_level,True,https://www.dmc.gov.lk/images/dmcreports/Water_level_&_Rainfall_2025__1765448284.pdf,530
Water Level,2025-12-11,12:30,water_level,True,https://www.dmc.gov.lk/images/dmcreports/Water_level_&_Rainfall_2025__1765436339.pdf,530
water level,2025-12-11,09:30,water_level,True,https://www.dmc.gov.lk/images/dmcreports/Water_level_&_Rainfall_2025__1765426115.pdf,530
water level,2025-12-11,06:30,water_level,True,https://www.dmc.gov.lk/images/dmcreports/Water_level_&_Rainfall_2025__1765414847.pdf,530
Water Level Report,2025-12-10,15:00,water_level,True,https://www.dmc.gov.lk/images/dmcreports/Water_level_&_Rainfall_2025__1765360582.pdf,530
Water Level Report,2025-12-10,09:30,water_level,True,https://www.dmc.gov.lk/images/dmcreports/Water_level_&_Rainfall_2025__1765341036.pdf,530
water level,2025-12-10,06:30,water_level,True,https://www.dmc.gov.lk/images/dmcreports/Water_level_&_Rainfall_2025__1765328194.pdf,530
water level,2025-12-10,00:30,water_level,True,https://www.dmc.gov.lk/images/dmcreports/Water_level_&_Rainfall_2025__1765308230.pdf,530
water level,2025-12-09,21:30,water_level,True,https://www.dmc.gov.lk/images/dmcreports/Water_level_&_Rainfall_2025__1765297049.pdf,530
water level,2025-12-09,15:30,water_level,True,https://www.dmc.gov.lk/images/dmcreports/Water_level_&_Rainfall_2025__1765279062.pdf,540
Water Level,2025-12-09,09:30,water_level,True,https://www.dmc.gov.lk/images/dmcreports/Water_level_&_Rainfall_2025__1765253502.pdf,540
water level,2025-12-09,06:30,water_level,True,https://www.dmc.gov.lk/images/dmcreports/Water_level_&_Rainfall_2025__1765242676.pdf,540
water level,2025-12-09,03:30,water_level,True,https://www.dmc.gov.lk/images/dmcreports/Water_level_&_Rainfall_2025__1765237246.pdf,540
water level,2025-12-09,00:30,water_level,True,https://www.dmc.gov.lk/images/dmcreports/Water_level_&_Rainfall_2025__1765221202.pdf,540
Water level,2025-12-08,18:30,water_level,True,https://www.dmc.gov.lk/images/dmcreports/Water_Level_Report_at_1830hrs_on_2025__1765201178.pdf,540
Water Level,2025-12-08,15:30,water_level,True,https://www.dmc.gov.lk/images/dmcreports/Water_Level_Report_at_1530hrs_on_2025__1765190365.pdf,540
Water Level,2025-12-08,09:30,water_level,True,https://www.dmc.gov.lk/images/dmcreports/Water_level_&_Rainfall_2025__1765167282.pdf,540
water level,2025-12-08,06:30,water_level,True,https://www.dmc.gov.lk/images/dmcreports/Water_Level_Report__merged(12)__1765159036.pdf,540
water level,2025-12-08,03:30,water_level,True,https://www.dmc.gov.lk/images/dmcreports/Water_Level_Report_at_0330hrs___1765146650.pdf,540
water level,2025-12-08,00:30,water_level,True,https://www.dmc.gov.lk/images/dmcreports/Water_level_&_Rainfall_2025__1765137588.pdf,550
Water Level,2025-12-07,18:30,water_level,True,https://www.dmc.gov.lk/images/dmcreports/Water_level_&_Rainfall_2025__1765116257.pdf,550
Water Level,2025-12-07,15:30,water_level,True,https://www.dmc.gov.lk/images/dmcreports/Water_level_&_Rainfall_2025__1765102095.pdf,550
water level,2025-12-07,09:30,water_level,True,https://www.dmc.gov.lk/images/dmcreports/Water_Level_Report_at_0930hrs__2025__1765081319.pdf,550
Water Level Report,2025-12-07,06:30,water_level,True,https://www.dmc.gov.lk/images/dmcreports/Water_level_&_Rainfall_2025__1765076153.pdf,550
water level,2025-12-07,03:30,water_level,True,https://www.dmc.gov.lk/images/dmcreports/Water_level_&_Rainfall_2025__1765060486.pdf,550
water level,2025-12-07,00:30,water_level,True,https://www.dmc.gov.lk/images/dmcreports/Water_Level_Report_at_0030hrs__1765048328.pdf,550
water level,2025-12-06,18:30,water_level,True,https://www.dmc.gov.lk/images/dmcreports/Water_level_&_Rainfall_2025__1765027646.pdf,550
Water Level,2025-12-06,15:30,water_level,True,https://www.dmc.gov.lk/images/dmcreports/Water_level_&_Rainfall_2025__1765017201.pdf,550
water level,2025-12-06,12:30,water_level,True,https://www.dmc.gov.lk/images/dmcreports/Water_Level__1765006472.pdf,550
Water level,2025-12-06,09:30,water_level,True,https://www.dmc.gov.lk/images/dmcreports/Water_level_&_Rainfall_2025__1764996544.pdf,560
water level,2025-12-06,06:30,water_level,True,https://www.dmc.gov.lk/images/dmcreports/Water_level_&_Rainfall_2025__1764984562.pdf,560
water level,2025-12-06,03:30,water_level,True,https://www.dmc.gov.lk/images/dmcreports/Water_level_&_Rainfall_2025__1764973168.pdf,560
Water Level,2025-12-06,00:30,water_level,True,https://www.dmc.gov.lk/images/dmcreports/Water_level_&_Rainfall_2025__1764962093.pdf,560
water level,2025-12-05,21:30,water_level,True,https://www.dmc.gov.lk/images/dmcreports/Water_level_&_Rainfall_2025__1764959107.pdf,560
Water Level,2025-12-05,12:30,water_level,True,https://www.dmc.gov.lk/images/dmcreports/Water_level_&_Rainfall_2025__1764919904.pdf,560
water level,2025-12-05,09:30,water_level,True,https://www.dmc.gov.lk/images/dmcreports/Water_level_&_Rainfall_2025__1764908801.pdf,560
water level,2025-12-05,06:30,water_level,True,https://www.dmc.gov.lk/images/dmcreports/Water_level_&_Rainfall_2025__1764899983.pdf,560
water level,2025-12-05,03:30,water_level,True,https://www.dmc.gov.lk/images/dmcreports/Water_level_&_Rainfall_2025__1764885705.pdf,560
water level,2025-12-05,00:30,water_level,True,https://www.dmc.gov.lk/images/dmcreports/Water_level_&_Rainfall_2025__1764875126.pdf,560
Water Level,2025-12-04,21:00,water_level,True,https://www.dmc.gov.lk/images/dmcreports/Water_level_&_Rainfall_2025__1764863874.pdf,570
water level,2025-12-04,18:30,water_level,True,https://www.dmc.gov.lk/images/dmcreports/Water_level_&_Rainfall_2025__1764855808.pdf,570
water level,2025-12-04,15:30,water_level,True,https://www.dmc.gov.lk/images/dmcreports/Water_level_&_Rainfall_2025__1764843270.pdf,570
water level,2025-12-04,12:30,water_level,True,https://www.dmc.gov.lk/images/dmcreports/Water_level_&_Rainfall_2025__1764832457.pdf,570
Water Level,2025-12-04,09:30,water_level,True,https://www.dmc.gov.lk/images/dmcreports/Water_level_&_Rainfall_2025__1764822022.pdf,570
Water level,2025-12-04,06:30,water_level,True,https://www.dmc.gov.lk/images/dmcreports/Water_level_&_Rainfall_2025__1764810004.pdf,570
Water Level,2025-12-04,03:00,water_level,True,https://www.dmc.gov.lk/images/dmcreports/Water_level_&_Rainfall_2025__1764799213.pdf,570
Water Level,2025-12-04,00:00,water_level,True,https://www.dmc.gov.lk/images/dmcreports/Water_level_&_Rainfall_2025__1764789247.pdf,570
Water level,2025-12-03,21:00,water_level,True,https://www.dmc.gov.lk/images/dmcreports/Water_level_&_Rainfall_2025__1764783030.pdf,570
Water level,2025-12-03,18:30,water_level,True,https://www.dmc.gov.lk/images/dmcreports/Water_level_&_Rainfall_2025__1764767046.pdf,570
Water Level Report,2025-12-03,15:30,water_level,True,https://www.dmc.gov.lk/images/dmcreports/Water_level_&_Rainfall_2025__1764756293.pdf,580
Water Level,2025-12-03,12:30,water_level,True,https://www.dmc.gov.lk/images/dmcreports/Water_level_&_Rainfall_2025__1764745089.pdf,580
Water Level,2025-12-03,09:30,water_level,True,https://www.dmc.gov.lk/images/dmcreports/Water_level_&_Rainfall_2025__1764735313.pdf,580
Water Level,2025-12-03,06:30,water_level,True,https://www.dmc.gov.lk/images/dmcreports/Water_level_&_Rainfall_2025__1764723796.pdf,580
water level,2025-12-03,03:30,water_level,True,https://www.dmc.gov.lk/images/dmcreports/Water_level_&_Rainfall_2025__1764715028.pdf,580
water level,2025-12-03,00:30,water_level,True,https://www.dmc.gov.lk/images/dmcreports/Water_level_&_Rainfall_2025__1764715007.pdf,580
Water Level,2025-12-02,21:30,water_level,True,https://www.dmc.gov.lk/images/dmcreports/Water_level_&_Rainfall_2025__1764696815.pdf,580
Water Level,2025-12-02,18:00,water_level,True,https://www.dmc.gov.lk/images/dmcreports/Water_level_&_Rainfall_2025__1764681494.pdf,580
Water Level Report,2025-12-02,15:30,water_level,True,https://www.dmc.gov.lk/images/dmcreports/Water_level_&_Rainfall_2025__1764670208.pdf,580
Water Level,2025-12-02,12:30,water_level,True,https://www.dmc.gov.lk/images/dmcreports/Water_level_&_Rainfall_2025__1764659440.pdf,580
water level,2025-12-02,09:30,water_level,True,https://www.dmc.gov.lk/images/dmcreports/Water_level_&_Rainfall_2025__1764649813.pdf,590
water level,2025-12-02,06:00,water_level,True,https://www.dmc.gov.lk/images/dmcreports/Water_level_&_Rainfall_2025__1764636975.pdf,590
Water Level,2025-12-02,03:30,water_level,True,https://www.dmc.gov.lk/images/dmcreports/Water_level_&_Rainfall_2025__1764627584.pdf,590
Water Level,2025-12-02,00:30,water_level,True,https://www.dmc.gov.lk/images/dmcreports/Water_level_&_Rainfall_2025__1764617676.pdf,590
Flood Warning,2025-12-01,21:00,flood_warning,True,https://www.dmc.gov.lk/images/dmcreports/Water_level_&_Rainfall_2025__1764604694.pdf,590
Water Level,2025-12-01,18:30,water_level,True,https://www.dmc.gov.lk/images/dmcreports/Water_level_&_Rainfall_2025__1764594498.pdf,590
Water Level,2025-12-01,15:30,water_level,True,https://www.dmc.gov.lk/images/dmcreports/Water_level_&_Rainfall_2025__1764583169.pdf,590
Flood Waning - Mahaweli River Basin No 09 - (Extended warning)-,2025-12-01,14:00,other,False,https://www.dmc.gov.lk/images/dmcreports/Flood_Warning__for_Mahaweli_River_-_No_09_-_(Extended_warning)_2025__1764582013.pdf,590
Water Level,2025-12-01,12:30,water_level,True,https://www.dmc.gov.lk/images/dmcreports/Water_level_&_Rainfall_2025__1764573566.pdf,590
Water Level,2025-12-01,12:30,water_level,True,https://www.dmc.gov.lk/images/dmcreports/Water_level_&_Rainfall_2025__1764573955.pdf,590
water level,2025-12-01,09:30,water_level,True,https://www.dmc.gov.lk/images/dmcreports/Water_level_&_Rainfall_2025__1764562692.pdf,600
water level,2025-12-01,06:30,water_level,True,https://www.dmc.gov.lk/images/dmcreports/Water_level_&_Rainfall_2025__1764551454.pdf,600
water level,2025-12-01,03:00,water_level,True,https://www.dmc.gov.lk/images/dmcreports/Water_level_&_Rainfall_2025__1764542484.pdf,600
flood Warning,2025-12-01,00:30,flood_warning,True,https://www.dmc.gov.lk/images/dmcreports/Flood_Warning_for_Malwathu_Oya_-_No_04_-_(Extended_warning)_2025__1764530306.pdf,600
water level,2025-12-01,00:30,water_level,True,https://www.dmc.gov.lk/images/dmcreports/Water_level_&_Rainfall_2025__1764532453.pdf,600
Water Level,2025-11-30,21:00,water_level,True,https://www.dmc.gov.lk/images/dmcreports/Water_level_&_Rainfall_2025__1764519601.pdf,600
water level,2025-11-30,18:00,water_level,True,https://www.dmc.gov.lk/images/dmcreports/Flood_Warning__forKelani_River_-_No_04_-_(Extended_warning)_2025__1764509107.pdf,600
Water Level,2025-11-30,18:00,water_level,True,https://www.dmc.gov.lk/images/dmcreports/Water_level_&_Rainfall_2025__1764510255.pdf,600
water level,2025-11-30,15:30,water_level,True,https://www.dmc.gov.lk/images/dmcreports/Water_level_&_Rainfall_2025__1764499644.pdf,600
water level,2025-11-30,12:00,water_level,True,https://www.dmc.gov.lk/images/dmcreports/Water_level_&_Rainfall_2025__1764488650.pdf,600
Flood Warning for Kalu River Basin,2025-11-30,10:00,flood_warning,True,https://www.dmc.gov.lk/images/dmcreports/Flood_warning_for_Kalu_River_Basin_-_No_03_-_2025__1764477012.pdf,610
water level,2025-11-30,09:30,water_level,True,https://www.dmc.gov.lk/images/dmcreports/Water_level_&_Rainfall_2025__1764476116.pdf,610
water level,2025-11-30,06:30,water_level,True,https://www.dmc.gov.lk/images/dmcreports/Water_level_&_Rainfall_2025__1764465089.pdf,610
water level,2025-11-30,03:00,water_level,True,https://www.dmc.gov.lk/images/dmcreports/Water_level_&_Rainfall_2025__1764454015.pdf,610
Water Level,2025-11-30,00:30,water_level,True,https://www.dmc.gov.lk/images/dmcreports/Water_level_&_Rainfall_2025__1764445162.pdf,610
water level,2025-11-29,21:30,water_level,True,https://www.dmc.gov.lk/images/dmcreports/Water_level_&_Rainfall_2025__1764433542.pdf,610
water level,2025-11-29,18:30,water_level,True,https://www.dmc.gov.lk/images/dmcreports/Water_level_&_Rainfall_2025__1764422591.pdf,610
Water Level and Rainfall,2025-11-29,15:30,water_level_rainfall,True,https://www.dmc.gov.lk/images/dmcreports/Water_level_&_Rainfall_2025__1764410427.pdf,610
Water level & Rainfall,2025-11-29,12:30,water_level_rainfall,True,https://www.dmc.gov.lk/images/dmcreports/Water_level_&_Rainfall_2025__1764401735.pdf,610
Water Level and Rainfall,2025-11-29,09:30,water_level_rainfall,True,https://www.dmc.gov.lk/images/dmcreports/Water_level_&_Rainfall_2025__1764390504.pdf,610
Water Level,2025-11-29,06:00,water_level,True,https://www.dmc.gov.lk/images/dmcreports/Water_level_&_Rainfall_2025__1764378360.pdf,620
water level,2025-11-29,03:00,water_level,True,https://www.dmc.gov.lk/images/dmcreports/Water_level_&_Rainfall_2025__1764369700.pdf,620
River Water level,2025-11-29,00:00,water_level,True,https://www.dmc.gov.lk/images/dmcreports/Water_level_&_Rainfall_2025__1764357341.pdf,620
flood Warning,2025-11-28,22:00,flood_warning,True,https://www.dmc.gov.lk/images/dmcreports/Flood_Warning__for_Malwathu_Oya_-_No_03_-_(Extended_warning)_2025__1764348800.pdf,620
water level,2025-11-28,21:30,water_level,True,https://www.dmc.gov.lk/images/dmcreports/Water_level_&_Rainfall_2025__1764346566.pdf,620
Major Flood warning for Aththanagalu Oya Basin - No 05,2025-11-28,15:30,flood_warning,True,https://www.dmc.gov.lk/images/dmcreports/Major_Flood_warning_for_Aththanagalu_Oya_Basin_-_No_05_-_2025__1764325849.pdf,620
Water Level,2025-11-28,15:30,water_level,True,https://www.dmc.gov.lk/images/dmcreports/Water_level_&_Rainfall_2025__1764326082.pdf,620
Major Flood Warning for Kelani River No 03 - 2025.11.28_SPECIAL ANNOUNCEMENT,2025-11-28,13:00,flood_warning,True,https://www.dmc.gov.lk/images/dmcreports/Major_Flood_warning_for_Kelani_Basin_-_No_03_-_2025__1764316532.pdf,620
Water Level,2025-11-28,12:30,water_level,True,https://www.dmc.gov.lk/images/dmcreports/Water_level_&_Rainfall_2025__1764314298.pdf,620
Flood Warning for Mundeni Aru - No 02  Extended warningnde,2025-11-28,12:30,flood_warning,True,https://www.dmc.gov.lk/images/dmcreports/Flood_Warning__for_Mundeni_Aru_-_No_02_-_(Extended_warning)_2025__1764314682.pdf,620
Flood warning for Mee Oya - No 02 - (Extended warning),2025-11-28,12:30,flood_warning,True,https://www.dmc.gov.lk/images/dmcreports/Flood_Warning__for_Mee_Oya_-_No_02_-_(Extended_warning)_2025__1764315006.pdf,630
Flood Warning for Gal Oya Basin - No 02 Extended Warning,2025-11-28,12:30,flood_warning,True,https://www.dmc.gov.lk/images/dmcreports/Flood_Warning__for_Gal_Oya_-_No_02_-_(Extended_warning)_2025__1764315366.pdf,630
Water Level,2025-11-28,09:30,water_level,True,https://www.dmc.gov.lk/images/dmcreports/Water_level_&_Rainfall_2025__1764304411.pdf,630
Flood warning for Kalu River - No 02,2025-11-28,08:00,flood_warning,True,https://www.dmc.gov.lk/images/dmcreports/Flood_warning_for_Kalu_River_Basin_-_No_02_-_2025__1764301129.pdf,630
flood Warning,2025-11-28,06:00,flood_warning,True,https://www.dmc.gov.lk/images/dmcreports/Major_Flood_warning_for_Kelani_Basin_-_No_03_-_2025__1764292134.pdf,630
water level,2025-11-28,06:00,water_level,True,https://www.dmc.gov.lk/images/dmcreports/Water_level_&_Rainfall_2025__1764294063.pdf,630
River Water level,2025-11-28,03:30,water_level,True,https://www.dmc.gov.lk/images/dmcreports/Flood_warning_for_Yan_Oya_Basin_-_No_02_-_2025__1764282201.pdf,630
water level,2025-11-28,03:30,water_level,True,https://www.dmc.gov.lk/images/dmcreports/Water_level_&_Rainfall_2025__1764282598.pdf,630
water level,2025-11-28,03:00,water_level,True,https://www.dmc.gov.lk/images/dmcreports/Major_Flood_warning_for_Aththanagalu_Oya_Basin_-_No_04_-_2025__1764280155.pdf,630
flood Warning,2025-11-28,01:00,flood_warning,True,https://www.dmc.gov.lk/images/dmcreports/Flood_warning_for_Kalu_River_Basin_-_No_01_-_2025__1764274616.pdf,630
Flood warning,2025-11-28,00:30,flood_warning,True,https://www.dmc.gov.lk/images/dmcreports/Flood_Warning_for_MA_Oya_-_No_01_-_2024__1764273502.pdf,640
Flood warning,2025-11-27,23:00,flood_warning,True,https://www.dmc.gov.lk/images/dmcreports/Flood_Warning__for_High_Attention_2025__1764267679.pdf,640
Flood warning for Menik Ganga Basin,2025-11-27,22:00,flood_warning,True,https://www.dmc.gov.lk/images/dmcreports/Flood_warning_for_Menik_Ganga_Basin_-_NO_01_(2025__1764263365.pdf,640
Flood warning for Kala Oya Basin,2025-11-27,19:00,flood_warning,True,https://www.dmc.gov.lk/images/dmcreports/Flood_warning_for_Kala_Oya_Basin_-_NO_02_(2025__1764263299.pdf,640
Water Level,2025-11-27,18:30,water_level,True,https://www.dmc.gov.lk/images/dmcreports/Water_level_&_Rainfall_2025__1764249885.pdf,640
Flood Warning - Mahaweli River  -No 01,2025-11-27,18:00,flood_warning,True,https://www.dmc.gov.lk/images/dmcreports/__1764247994.pdf,640
Flood Warning for Kelani River - No 01,2025-11-27,18:00,flood_warning,True,https://www.dmc.gov.lk/images/dmcreports/Flood_Warning_for_Kelani_Basin-_No_01_-_2025__1764250344.pdf,640
Water Level Report at 1230hrs,2025-11-27,12:30,water_level,True,https://www.dmc.gov.lk/images/dmcreports/Water_level_&_Rainfall_2025__1764228381.pdf,640
Water Level report at 0930hrs,2025-11-27,09:30,water_level,True,https://www.dmc.gov.lk/images/dmcreports/Water_level_&_Rainfall_2025__1764218689.pdf,640
Flood Warning  for Mahaweli River - No 07 - 2025.11.27,2025-11-27,09:00,flood_warning,True,https://www.dmc.gov.lk/images/dmcreports/Flood_Warning__for_Mahaweli_River_-_No_07_-_2025__1764259940.pdf,640
Flood warning maha oya basin,2025-11-27,08:00,flood_warning,True,https://www.dmc.gov.lk/images/dmcreports/Flood_warning_for_Maha_Oya_Basin_-_NO_03_(2025__1764211845.pdf,650
water level,2025-11-27,06:00,water_level,True,https://www.dmc.gov.lk/images/dmcreports/Water_level_&_Rainfall_2025__1764208836.pdf,650
Flood warning for Deduru Oya  -No 04,2025-11-27,04:00,flood_warning,True,https://www.dmc.gov.lk/images/dmcreports/Deduru_Oya_Flood_Warning_-_NO_04_(2025__1764197219.pdf,650
water level,2025-11-27,03:00,water_level,True,https://www.dmc.gov.lk/images/dmcreports/Flood_Warning__for_Kumbukkan_Oya_-_No_02_-_2025__1764194434.pdf,650
Flood Warning for Badulu Oya - No 03,2025-11-27,03:00,flood_warning,True,https://www.dmc.gov.lk/images/dmcreports/Flood_Warning__for_Badulu_Oya_-_No_03_-_2025__1764196855.pdf,650
Flood Warning  for Kelani Basin,2025-11-27,03:00,flood_warning,True,https://www.dmc.gov.lk/images/dmcreports/Flood_Warning_for_Kelani_Basin-_No_01_-_2024__1764196903.pdf,650
Water Level,2025-11-27,00:30,water_level,True,https://www.dmc.gov.lk/images/dmcreports/Water_level_&_Rainfall_2025__1764184008.pdf,650
Deduru Oya Flood warning - No 03,2025-11-26,21:00,flood_warning,True,https://www.dmc.gov.lk/images/dmcreports/Deduru_Oya_Flood_Warning_-_NO_03_(2025__1764173294.pdf,650
water level,2025-11-26,18:30,water_level,True,https://www.dmc.gov.lk/images/dmcreports/Water_level_&_Rainfall_2025__1764163123.pdf,650
water level,2025-11-26,15:00,water_level,True,https://www.dmc.gov.lk/images/dmcreports/Water_level_&_Rainfall_2025__1764153209.pdf,650
Flood Warning - Mahaweli River - No 01,2025-11-26,14:00,flood_warning,True,https://www.dmc.gov.lk/images/dmcreports/Flood_Warning__for_Mahaweli_River_-_No_01_-_2025__1764147065.pdf,660
Water level & Rainfall,2025-11-26,12:30,water_level_rainfall,True,https://www.dmc.gov.lk/images/dmcreports/Water_level_&_Rainfall_2025__1764141040.pdf,660
Flood Warning - Gal Oya Basin  -No 01,2025-11-26,12:30,flood_warning,True,https://www.dmc.gov.lk/images/dmcreports/Flood_warning_for_Gal_Oya_Basin_-_No_01_-_2025__1764141399.pdf,660
Flood warning - Mundeni Aru Basin - No 01,2025-11-26,10:30,flood_warning,True,https://www.dmc.gov.lk/images/dmcreports/Flood_Warning__for_Mundeni_Aru_-_No_01_-_2025__1764133668.pdf,660
Flood warning,2025-11-26,10:00,flood_warning,True,https://www.dmc.gov.lk/images/dmcreports/Flood_Warning_for_Mundeni_Aru_-No_01_-Tamil_Translation_2025__1764136018.pdf,660
water level,2025-11-26,09:30,water_level,True,https://www.dmc.gov.lk/images/dmcreports/Water_level_&_Rainfall_2025__1764131288.pdf,660
water level,2025-11-26,09:30,water_level,True,https://www.dmc.gov.lk/images/dmcreports/Water_level_&_Rainfall_2025__1764173321.pdf,660
water level,2025-11-26,03:00,water_level,True,https://www.dmc.gov.lk/images/dmcreports/Water_level_&_Rainfall_2025__1764109243.pdf,660
Water Level,2025-11-26,00:30,water_level,True,https://www.dmc.gov.lk/images/dmcreports/Water_level_&_Rainfall_2025__1764099355.pdf,660
Water Level,2025-11-25,21:30,water_level,True,https://www.dmc.gov.lk/images/dmcreports/Water_level_&_Rainfall_2025__1764087859.pdf,660
water level,2025-11-25,18:30,water_level,True,https://www.dmc.gov.lk/images/dmcreports/Water_level_&_Rainfall_2025__1764075616.pdf,670
Water Level,2025-11-25,15:00,water_level,True,https://www.dmc.gov.lk/images/dmcreports/Water_level_&_Rainfall_2025__1764065752.pdf,670
water level,2025-11-25,12:30,water_level,True,https://www.dmc.gov.lk/images/dmcreports/Water_level_&_Rainfall_2025__1764054144.pdf,670
water level,2025-11-25,09:30,water_level,True,https://www.dmc.gov.lk/images/dmcreports/Water_level_&_Rainfall_2025__1764044376.pdf,670
Prior Flood Warning Letter,2025-11-25,09:15,flood_warning,True,https://www.dmc.gov.lk/images/dmcreports/Prior_Flood_Warning_Letter_at_0915_hrs_on_2025__1764043091.pdf,670
Water level & Rainfall,2025-11-25,06:30,water_level_rainfall,True,https://www.dmc.gov.lk/images/dmcreports/Water_level_&_Rainfall_2025__1764037982.pdf,670
Water Level,2025-11-25,03:00,water_level,True,https://www.dmc.gov.lk/images/dmcreports/Water_level_&_Rainfall_2025__1764021801.pdf,670
River Water level,2025-11-25,00:30,water_level,True,https://www.dmc.gov.lk/images/dmcreports/Water_level_&_Rainfall_2025__1764012725.pdf,670
Water Level,2025-11-24,18:00,water_level,True,https://www.dmc.gov.lk/images/dmcreports/Water_level_&_Rainfall_2025__1763996892.pdf,670
Flood Warning,2025-11-24,17:00,flood_warning,True,https://www.dmc.gov.lk/images/dmcreports/Flood_warning_for_Kuda_Ganga_Sub_Basin_Of_Kalu_River_Basin_-_No_02_-_(Extended_warning)_2025__1763984991.pdf,670
Water level & Rainfall,2025-11-24,15:30,water_level_rainfall,True,https://www.dmc.gov.lk/images/dmcreports/Water_level_&_Rainfall_2025__1763978713.pdf,680
water level,2025-11-24,12:30,water_level,True,https://www.dmc.gov.lk/images/dmcreports/Water_level_&_Rainfall_2025__1763968246.pdf,680
Flood warning,2025-11-24,12:30,flood_warning,True,https://www.dmc.gov.lk/images/dmcreports/Deduru_Oya_Flood_Warning_-_NO_02(Extended)_(2025__1763970455.pdf,680
water level,2025-11-24,09:30,water_level,True,https://www.dmc.gov.lk/images/dmcreports/Water_level_&_Rainfall_2025__1764000337.pdf,680
Water level,2025-11-24,09:00,water_level,True,https://www.dmc.gov.lk/images/dmcreports/Water_level_&_Rainfall_2025__1763957302.pdf,680
Flood Warning - Attanagaluoya  -No  01,2025-11-24,06:00,flood_warning,True,https://www.dmc.gov.lk/images/dmcreports/Flood_warning_for_Aththanagalu_Oya_Basin_-_No_02_-_(Extended_warning)_2025__1763948478.pdf,680
water level,2025-11-24,06:00,water_level,True,https://www.dmc.gov.lk/images/dmcreports/Water_level_&_Rainfall_2025__1763949539.pdf,680
Water Level,2025-11-24,03:00,water_level,True,https://www.dmc.gov.lk/images/dmcreports/Water_level_&_Rainfall_2025__1763936569.pdf,680
Water Level,2025-11-24,00:00,water_level,True,https://www.dmc.gov.lk/images/dmcreports/Water_level_&_Rainfall_2025__1763924469.pdf,680
River Water level,2025-11-23,21:30,water_level,True,https://www.dmc.gov.lk/images/dmcreports/Water_level_&_Rainfall_2025__1763914165.pdf,680
water level,2025-11-23,18:30,water_level,True,https://www.dmc.gov.lk/images/dmcreports/Water_level_&_Rainfall_2025__1763903080.pdf,690
water level,2025-11-23,15:30,water_level,True,https://www.dmc.gov.lk/images/dmcreports/Water_level_&_Rainfall_2025__1763892538.pdf,690
Water level & Rainfall,2025-11-23,12:30,water_level_rainfall,True,https://www.dmc.gov.lk/images/dmcreports/Water_level_&_Rainfall_2025__1763881157.pdf,690
Water level & Rainfall,2025-11-23,09:30,water_level_rainfall,True,https://www.dmc.gov.lk/images/dmcreports/Water_level_&_Rainfall_2025__1763871814.pdf,690
Water Level,2025-11-23,06:00,water_level,True,https://www.dmc.gov.lk/images/dmcreports/Water_level_&_Rainfall_2025__1763860901.pdf,690
Water Level,2025-11-23,03:30,water_level,True,https://www.dmc.gov.lk/images/dmcreports/Water_level_&_Rainfall_2025__1763850275.pdf,690
Water level & Rainfall,2025-11-23,00:30,water_level_rainfall,True,https://www.dmc.gov.lk/images/dmcreports/Water_level_&_Rainfall_2025__1763845449.pdf,690
Flood Warning - Gin River  -No 01,2025-11-22,23:45,flood_warning,True,https://www.dmc.gov.lk/images/dmcreports/Flood_warning_for_Gin_Ganga_Basin_-_No_02_-_(Extended_warning)_2025__1763836377.pdf,690
Flood Warning - Nilwala River - No 01,2025-11-22,23:45,flood_warning,True,https://www.dmc.gov.lk/images/dmcreports/Flood_warning_for_Nilwala_Ganga_Basin_-_No_02_-_(Extended_warning)_2025__1763836443.pdf,690
Water level report at 1800hrs,2025-11-22,18:00,water_level,True,https://www.dmc.gov.lk/images/dmcreports/Water_level_&_Rainfall_2025__1763817026.pdf,690
Water level & Rainfall,2025-11-22,15:30,water_level_rainfall,True,https://www.dmc.gov.lk/images/dmcreports/Water_level_&_Rainfall_2025__1763806316.pdf,700
Water level & Rainfall,2025-11-22,12:30,water_level_rainfall,True,https://www.dmc.gov.lk/images/dmcreports/Water_level_&_Rainfall_2025__1763795930.pdf,700
Water level & Rainfall,2025-11-22,09:30,water_level_rainfall,True,https://www.dmc.gov.lk/images/dmcreports/Water_level_&_Rainfall_2025__1763784945.pdf,700
water level,2025-11-22,06:30,water_level,True,https://www.dmc.gov.lk/images/dmcreports/Water_level_&_Rainfall_2025__1763774800.pdf,700
River Water level,2025-11-22,03:00,water_level,True,https://www.dmc.gov.lk/images/dmcreports/Water_level_&_Rainfall_2025__1763763224.pdf,700
water level,2025-11-22,00:30,water_level,True,https://www.dmc.gov.lk/images/dmcreports/Water_level_&_Rainfall_2025__1763752484.pdf,700
Flood Warning - Gin River  -No 01,2025-11-21,23:15,flood_warning,True,https://www.dmc.gov.lk/images/dmcreports/Flood_warning_for_Gin_River_Basin_-_NO_01_(2025__1763748193.pdf,700
Flood Warning - Nilwala River - No 01,2025-11-21,23:15,flood_warning,True,https://www.dmc.gov.lk/images/dmcreports/Flood_warning_for_Nilwala_River_Basin_-_NO_01_(2025__1763748225.pdf,700
Water Level,2025-11-21,18:00,water_level,True,https://www.dmc.gov.lk/images/dmcreports/Water_level_&_Rainfall_2025__1763733105.pdf,700
Water level & Rainfall,2025-11-21,12:30,water_level_rainfall,True,https://www.dmc.gov.lk/images/dmcreports/Water_level_&_Rainfall_2025__1763708649.pdf,700
Water level & Rainfall,2025-11-21,09:30,water_level_rainfall,True,https://www.dmc.gov.lk/images/dmcreports/Water_level_&_Rainfall_2025__1763698804.pdf,710
Water Level,2025-11-21,06:00,water_level,True,https://www.dmc.gov.lk/images/dmcreports/Water_level_&_Rainfall_2025__1763687917.pdf,710
River Water Level,2025-11-21,00:30,water_level,True,https://www.dmc.gov.lk/images/dmcreports/Water_level_&_Rainfall_2025__1763673420.pdf,710
Water level & Rainfall,2025-11-20,09:30,water_level_rainfall,True,https://www.dmc.gov.lk/images/dmcreports/Water_level_&_Rainfall_2025__1763612932.pdf,710
water level,2025-11-20,06:00,water_level,True,https://www.dmc.gov.lk/images/dmcreports/Water_level_&_Rainfall_2025__1763600802.pdf,710
Water level & Rainfall,2025-11-19,12:30,water_level_rainfall,True,https://www.dmc.gov.lk/images/dmcreports/Water_level_&_Rainfall_2025__1763538394.pdf,710
Water level & Rainfall,2025-11-19,09:30,water_level_rainfall,True,https://www.dmc.gov.lk/images/dmcreports/Water_level_&_Rainfall_2025__1763525511.pdf,710
Water level & Rainfall,2025-11-19,00:30,water_level_rainfall,True,https://www.dmc.gov.lk/images/dmcreports/Water_level_&_Rainfall_2025__1763494390.pdf,710
water level,2025-11-18,18:00,water_level,True,https://www.dmc.gov.lk/images/dmcreports/Water_level_&_Rainfall_2025__1763470883.pdf,710
Water level & Rainfall,2025-11-18,12:30,water_level_rainfall,True,https://www.dmc.gov.lk/images/dmcreports/Water_level_&_Rainfall_2025__1763449462.pdf,710
Water level & Rainfall,2025-11-18,09:30,water_level_rainfall,True,https://www.dmc.gov.lk/images/dmcreports/Water_level_&_Rainfall_2025__1763439733.pdf,720
water level,2025-11-18,06:00,water_level,True,https://www.dmc.gov.lk/images/dmcreports/Water_level_&_Rainfall_2025__1763428553.pdf,720
Water level & Rainfall,2025-11-17,12:30,water_level_rainfall,True,https://www.dmc.gov.lk/images/dmcreports/Water_level_&_Rainfall_2025__1763363168.pdf,720
Water level & Rainfall,2025-11-17,09:30,water_level_rainfall,True,https://www.dmc.gov.lk/images/dmcreports/Water_level_&_Rainfall_2025__1763352424.pdf,720
Water level & Rainfall,2025-11-16,12:30,water_level_rainfall,True,https://www.dmc.gov.lk/images/dmcreports/Water_level_&_Rainfall_2025__1763277873.pdf,720
Water level & Rainfall,2025-11-15,12:30,water_level_rainfall,True,https://www.dmc.gov.lk/images/dmcreports/Water_level_&_Rainfall_2025__1763190959.pdf,720
Water level & Rainfall,2025-11-14,12:30,water_level_rainfall,True,https://www.dmc.gov.lk/images/dmcreports/Water_level_&_Rainfall_2025__1763104758.pdf,720
River Water level,2025-11-14,00:30,water_level,True,https://www.dmc.gov.lk/images/dmcreports/Water_level_&_Rainfall_2025__1763063579.pdf,720
Water level & Rainfall,2025-11-13,12:30,water_level_rainfall,True,https://www.dmc.gov.lk/images/dmcreports/Water_level_&_Rainfall_2025__1763017483.pdf,720
Water level & Rainfall,2025-11-13,09:00,water_level_rainfall,True,https://www.dmc.gov.lk/images/dmcreports/Water_level_&_Rainfall_2025__1763007416.pdf,730
River Water level,2025-11-13,00:30,water_level,True,https://www.dmc.gov.lk/images/dmcreports/Water_level_&_Rainfall_2025__1762975411.pdf,730
water level,2025-11-12,18:00,water_level,True,https://www.dmc.gov.lk/images/dmcreports/Water_level_&_Rainfall_2025__1762953724.pdf,730
Water Level,2025-11-12,09:30,water_level,True,https://www.dmc.gov.lk/images/dmcreports/Water_level_&_Rainfall_2025__1762921260.pdf,730
water level,2025-11-12,06:30,water_level,True,https://www.dmc.gov.lk/images/dmcreports/Water_level_&_Rainfall_2025__1762910377.pdf,730
River Water level,2025-11-12,00:30,water_level,True,https://www.dmc.gov.lk/images/dmcreports/Water_level_&_Rainfall_2025__1762889228.pdf,730
River Water level,2025-11-11,00:30,water_level,True,https://www.dmc.gov.lk/images/dmcreports/Water_level_&_Rainfall_2025__1762803549.pdf,730
Water level & Rainfall,2025-11-10,12:00,water_level_rainfall,True,https://www.dmc.gov.lk/images/dmcreports/Water_level_&_Rainfall_2025__1762758179.pdf,730
Water level & Rainfall,2025-11-10,09:00,water_level_rainfall,True,https://www.dmc.gov.lk/images/dmcreports/Water_level_&_Rainfall_2025__1762747761.pdf,730
Water Level,2025-11-06,09:00,water_level,True,https://www.dmc.gov.lk/images/dmcreports/Water_level_&_Rainfall_2025__1762403857.pdf,730
Water level & Rainfall,2025-11-03,09:00,water_level_rainfall,True,https://www.dmc.gov.lk/images/dmcreports/Water_level_&_Rainfall_2025__1762143985.pdf,740
Water level & Rainfall,2025-11-01,10:00,water_level_rainfall,True,https://www.dmc.gov.lk/images/dmcreports/Water_level_&_Rainfall_2025__1761971721.pdf,740
Water Level,2025-10-30,09:30,water_level,True,https://www.dmc.gov.lk/images/dmcreports/Water_level_&_Rainfall_2025__1761799284.pdf,740
Withdrawal of Flood warning Kudaganga Sub Basin of Kalu River,2025-10-27,15:00,flood_warning,True,https://www.dmc.gov.lk/images/dmcreports/Withdrawal_of_Flood_warning_Kudaganga_Sub_Basin_of_Kalu_River_2025__1761558090.pdf,740
Water Level,2025-10-27,09:00,water_level,True,https://www.dmc.gov.lk/images/dmcreports/Water_level_&_Rainfall_2025__1761539668.pdf,740
water level,2025-10-26,15:30,water_level,True,https://www.dmc.gov.lk/images/dmcreports/Water_level_&_Rainfall_2025__1761472777.pdf,740
Water level & Rainfall,2025-10-26,12:30,water_level_rainfall,True,https://www.dmc.gov.lk/images/dmcreports/Water_level_&_Rainfall_2025__1761462045.pdf,740
Water level & Rainfall,2025-10-26,09:30,water_level_rainfall,True,https://www.dmc.gov.lk/images/dmcreports/Water_level_&_Rainfall_2025__1761452025.pdf,740
water level,2025-10-26,06:30,water_level,True,https://www.dmc.gov.lk/images/dmcreports/Water_level_&_Rainfall_2025__1761441986.pdf,740
water level,2025-10-26,03:30,water_level,True,https://www.dmc.gov.lk/images/dmcreports/Water_level_&_Rainfall_2025__1761436545.pdf,740
water level,2025-10-26,00:30,water_level,True,https://www.dmc.gov.lk/images/dmcreports/Water_level_&_Rainfall_2025__1761418982.pdf,750
water level,2025-10-25,21:30,water_level,True,https://www.dmc.gov.lk/images/dmcreports/Water_level_&_Rainfall_2025__1761409292.pdf,750
Water Level,2025-10-25,18:30,water_level,True,https://www.dmc.gov.lk/images/dmcreports/Water_level_&_Rainfall_2025__1761402420.pdf,750
Water level & Rainfall,2025-10-25,15:30,water_level_rainfall,True,https://www.dmc.gov.lk/images/dmcreports/Water_level_&_Rainfall_2025__1761386405.pdf,750
Flood Warning for Kuda Ganga Sub Basin of Kalu River - NO 01 (Tamil),2025-10-25,12:45,flood_warning,True,https://www.dmc.gov.lk/images/dmcreports/Flood_Warning__for_Kuda_Ganga_SubBasin_Of_Kalu_River_-_NO_01_on_2025__1761376590.pdf,750
Water level & Rainfall,2025-10-25,12:30,water_level_rainfall,True,https://www.dmc.gov.lk/images/dmcreports/Water_level_&_Rainfall_2025__1761375578.pdf,750
Flood Warning for Kuda Ganga SubBasin Of Kalu River - NO 01,2025-10-25,11:30,flood_warning,True,https://www.dmc.gov.lk/images/dmcreports/Flood_Warning__for_Kuda_Ganga_SubBasin_Of_Kalu_River_-_NO_01_(2025__1761372465.pdf,750
water level,2025-10-25,09:30,water_level,True,https://www.dmc.gov.lk/images/dmcreports/Water_level_&_Rainfall_2025__1761365380.pdf,750
water level,2025-10-25,06:30,water_level,True,https://www.dmc.gov.lk/images/dmcreports/Water_level_&_Rainfall_2025__1761356612.pdf,750
water level,2025-10-25,03:30,water_level,True,https://www.dmc.gov.lk/images/dmcreports/Water_level_&_Rainfall_2025__1761349095.pdf,750
water level,2025-10-25,00:30,water_level,True,https://www.dmc.gov.lk/images/dmcreports/Water_level_&_Rainfall_2025__1761333493.pdf,760
Water Level,2025-10-24,18:30,water_level,True,https://www.dmc.gov.lk/images/dmcreports/Water_level_&_Rainfall_2025__1761314642.pdf,760
Water level & Rainfall,2025-10-24,15:30,water_level_rainfall,True,https://www.dmc.gov.lk/images/dmcreports/Water_level_&_Rainfall_2025__1761300983.pdf,760
water level,2025-10-24,12:30,water_level,True,https://www.dmc.gov.lk/images/dmcreports/Water_level_&_Rainfall_2025__1761289299.pdf,760
water level,2025-10-24,09:00,water_level,True,https://www.dmc.gov.lk/images/dmcreports/Water_level_&_Rainfall_2025__1761279093.pdf,760
water level,2025-10-24,06:00,water_level,True,https://www.dmc.gov.lk/images/dmcreports/Water_level_&_Rainfall_2025__1761268048.pdf,760
water level,2025-10-24,00:30,water_level,True,https://www.dmc.gov.lk/images/dmcreports/Water_level_&_Rainfall_2025__1761246364.pdf,760
water level,2025-10-23,21:30,water_level,True,https://www.dmc.gov.lk/images/dmcreports/Water_level_&_Rainfall_2025__1761235368.pdf,760
Water Level,2025-10-23,18:30,water_level,True,https://www.dmc.gov.lk/images/dmcreports/Water_level_&_Rainfall_2025__1761226515.pdf,760
Water level & Rainfall,2025-10-23,15:30,water_level_rainfall,True,https://www.dmc.gov.lk/images/dmcreports/Water_level_&_Rainfall_2025__1761213913.pdf,760
water level,2025-10-23,12:00,water_level,True,https://www.dmc.gov.lk/images/dmcreports/Water_level_&_Rainfall_2025__1761202542.pdf,770
water level,2025-10-23,09:30,water_level,True,https://www.dmc.gov.lk/images/dmcreports/Water_level_&_Rainfall_2025__1761192687.pdf,770
water level,2025-10-23,03:30,water_level,True,https://www.dmc.gov.lk/images/dmcreports/Water_level_&_Rainfall_2025__1761173698.pdf,770
Water Level,2025-10-23,00:30,water_level,True,https://www.dmc.gov.lk/images/dmcreports/Water_level_&_Rainfall_2025__1761159962.pdf,770
water level,2025-10-22,21:30,water_level,True,https://www.dmc.gov.lk/images/dmcreports/Water_level_&_Rainfall_2025__1761148939.pdf,770
water level,2025-10-22,18:00,water_level,True,https://www.dmc.gov.lk/images/dmcreports/Water_level_&_Rainfall_2025__1761137817.pdf,770
Withdrawal of Flood warning,2025-10-22,16:00,flood_warning,True,https://www.dmc.gov.lk/images/dmcreports/Withdrawal_of_Flood_warning_at_1600hrs_on_2025__1761129085.pdf,770
Water level & Rainfall,2025-10-22,15:30,water_level_rainfall,True,https://www.dmc.gov.lk/images/dmcreports/Water_level_&_Rainfall_2025__1761127405.pdf,770
Water level & Rainfall,2025-10-22,12:30,water_level_rainfall,True,https://www.dmc.gov.lk/images/dmcreports/Water_level_&_Rainfall_2025__1761116579.pdf,770
water level,2025-10-22,09:00,water_level,True,https://www.dmc.gov.lk/images/dmcreports/Water_level_&_Rainfall_2025__1761106157.pdf,770
water level,2025-10-22,06:30,water_level,True,https://www.dmc.gov.lk/images/dmcreports/Water_level_&_Rainfall_2025__1761097757.pdf,780
water level,2025-10-22,03:30,water_level,True,https://www.dmc.gov.lk/images/dmcreports/Water_level_&_Rainfall_2025__1761084635.pdf,780
Water Level,2025-10-22,00:30,water_level,True,https://www.dmc.gov.lk/images/dmcreports/Water_level_&_Rainfall_2025__1761073527.pdf,780
Water Level,2025-10-21,21:30,water_level,True,https://www.dmc.gov.lk/images/dmcreports/Water_level_&_Rainfall_2025__1761068469.pdf,780
Water Level,2025-10-21,18:00,water_level,True,https://www.dmc.gov.lk/images/dmcreports/Water_level_&_Rainfall_2025__1761051787.pdf,780
Water level & Rainfall,2025-10-21,15:30,water_level_rainfall,True,https://www.dmc.gov.lk/images/dmcreports/Water_level_&_Rainfall_2025__1761041416.pdf,780
Deduru Oya Flood warning,2025-10-21,13:00,flood_warning,True,https://www.dmc.gov.lk/images/dmcreports/03_Deduru_Oya_Flood_Warning_-_NO_02_(2025__1761033899.pdf,780
water level,2025-10-21,12:30,water_level,True,https://www.dmc.gov.lk/images/dmcreports/Water_level_&_Rainfall_2025__1761030966.pdf,780
water level,2025-10-21,09:30,water_level,True,https://www.dmc.gov.lk/images/dmcreports/Water_level_&_Rainfall_2025__1761020338.pdf,780
water level,2025-10-21,03:30,water_level,True,https://www.dmc.gov.lk/images/dmcreports/Water_level_&_Rainfall_2025__1760997884.pdf,780
Water level & Rainfall,2025-10-21,00:30,water_level_rainfall,True,https://www.dmc.gov.lk/images/dmcreports/Water_level_&_Rainfall_2025__1760988426.pdf,790
water level,2025-10-20,21:30,water_level,True,https://www.dmc.gov.lk/images/dmcreports/Water_level_&_Rainfall_2025__1760976037.pdf,790
water level,2025-10-20,18:00,water_level,True,https://www.dmc.gov.lk/images/dmcreports/Water_level_&_Rainfall_2025__1760965690.pdf,790
water level,2025-10-20,15:30,water_level,True,https://www.dmc.gov.lk/images/dmcreports/Water_level_&_Rainfall_2025__1760954672.pdf,790
Water level & Rainfall,2025-10-20,12:30,water_level_rainfall,True,https://www.dmc.gov.lk/images/dmcreports/Water_level_&_Rainfall_2025__1760944114.pdf,790
Water level & Rainfall,2025-10-20,09:30,water_level_rainfall,True,https://www.dmc.gov.lk/images/dmcreports/Water_level_&_Rainfall_2025__1760935318.pdf,790
Flood warning,2025-10-20,05:30,flood_warning,True,https://www.dmc.gov.lk/images/dmcreports/Deduru_Oya_Flood_Warning_-_NO_01_(2025__1760919897.pdf,790
Flood warning,2025-10-19,23:50,flood_warning,True,https://www.dmc.gov.lk/images/dmcreports/Maha_Oya_Flood_Warning_-_NO_01_(2025__1760900367.pdf,790
Water level & Rainfall,2025-10-19,09:30,water_level_rainfall,True,https://www.dmc.gov.lk/images/dmcreports/Water_level_&_Rainfall_2025__1760848623.pdf,790
water level,2025-10-15,09:30,water_level,True,https://www.dmc.gov.lk/images/dmcreports/Water_level_&_Rainfall_2025__1760502115.pdf,790
Water level & Rainfall,2025-09-28,09:30,water_level_rainfall,True,https://www.dmc.gov.lk/images/dmcreports/Water_level_&_Rainfall_2025__1759033417.pdf,800
water level,2025-09-27,15:30,water_level,True,https://www.dmc.gov.lk/images/dmcreports/Water_level_&_Rainfall_2025__1758967728.pdf,800
Water level & Rainfall,2025-09-27,12:30,water_level_rainfall,True,https://www.dmc.gov.lk/images/dmcreports/Water_level_&_Rainfall_2025__1758958248.pdf,800
Water level & Rainfall,2025-09-27,09:30,water_level_rainfall,True,https://www.dmc.gov.lk/images/dmcreports/Water_level_&_Rainfall_2025__1758946391.pdf,800
water level,2025-09-27,06:00,water_level,True,https://www.dmc.gov.lk/images/dmcreports/Water_level_&_Rainfall_2025__1758935619.pdf,800
water level,2025-09-27,04:00,water_level,True,https://www.dmc.gov.lk/images/dmcreports/Water_level_&_Rainfall_2025__1758926149.pdf,800
water level,2025-09-27,00:30,water_level,True,https://www.dmc.gov.lk/images/dmcreports/Water_level_&_Rainfall_2025__1758915908.pdf,800
water level,2025-09-26,21:30,water_level,True,https://www.dmc.gov.lk/images/dmcreports/Water_level_&_Rainfall_2025__1758903861.pdf,800
water level,2025-09-26,18:00,water_level,True,https://www.dmc.gov.lk/images/dmcreports/Water_level_&_Rainfall_2025__1758893270.pdf,800
Water level & Rainfall,2025-09-26,09:30,water_level_rainfall,True,https://www.dmc.gov.lk/images/dmcreports/Water_level_&_Rainfall_2025__1758861306.pdf,800
Water level & Rainfall,2025-08-27,09:30,water_level_rainfall,True,https://www.dmc.gov.lk/images/dmcreports/Water_level_&_Rainfall_2025__1756269852.pdf,810
Water level & Rainfall,2025-08-09,10:00,water_level_rainfall,True,https://www.dmc.gov.lk/images/dmcreports/Water_level_&_Rainfall_2025__1754714357.pdf,810
Water level & Rainfall,2025-08-03,09:30,water_level_rainfall,True,https://www.dmc.gov.lk/images/dmcreports/Water_level_&_Rainfall_2025__1754196528.pdf,810
Water level & Rainfall,2025-06-19,09:30,water_level_rainfall,True,https://www.dmc.gov.lk/images/dmcreports/Water_level_&_Rainfall_2025__1750307966.pdf,810
Water level & Rainfall,2025-06-17,09:30,water_level_rainfall,True,https://www.dmc.gov.lk/images/dmcreports/Water_level_&_Rainfall_2025__1750133894.pdf,810
Water level & Rainfall,2025-06-16,09:30,water_level_rainfall,True,https://www.dmc.gov.lk/images/dmcreports/Water_level_&_Rainfall_2025__1750049503.pdf,810
Water level & Rainfall,2025-06-15,09:30,water_level_rainfall,True,https://www.dmc.gov.lk/images/dmcreports/Water_level_&_Rainfall_2025__1749963674.pdf,810
water level,2025-06-13,09:30,water_level,True,https://www.dmc.gov.lk/images/dmcreports/Water_level_&_Rainfall_2025__1749793092.pdf,810
water level,2025-06-12,09:30,water_level,True,https://www.dmc.gov.lk/images/dmcreports/Water_level_&_Rainfall_2025__1749701835.pdf,810
Water Level,2025-06-10,10:00,water_level,True,https://www.dmc.gov.lk/images/dmcreports/Water_level_&_Rainfall_2025__1749530104.pdf,820
Withdrawal notice Tamil,2025-01-27,12:00,other,False,https://www.dmc.gov.lk/images/dmcreports/Withdrawal_notice_2025__1737958610.pdf,850
Withdrawal of Flood warning,2025-01-27,09:00,flood_warning,True,https://www.dmc.gov.lk/images/dmcreports/Withdrawal_of_Flood_warning_2025__1737950175.pdf,850
