affected_families,affected_people,deaths,disaster_types,enterprise_damage,extraction_status,families_in_safety_centres,families_with_relatives,file_name,fully_damaged_houses,grand_total_extracted,idp_families,idp_people,infrastructure_damage,injured,missing,partially_damaged_houses,peak_affected_families,peak_affected_people,peak_families_in_safety_centres,peak_people_in_safety_centres,peak_safety_centres,people_in_safety_centres,people_with_relatives,report_date,safety_centres,text_length,issue_time_standard,report_datetime,availability_datetime
0.0,0.0,0.0,Other,0.0,confirmed_zero_report,0.0,,situation_20230102_0600_dc5154e6.pdf,0.0,True,,,0.0,0.0,0.0,0.0,,,,,,0.0,,2023-01-02,0.0,2167,0600,2023-01-02 06:00:00,2023-01-02 06:00:00
0.0,0.0,0.0,Other,0.0,confirmed_zero_report,0.0,,situation_20230103_0600_43047f23.pdf,0.0,True,,,0.0,0.0,0.0,0.0,,,,,,0.0,,2023-01-03,0.0,2171,0600,2023-01-03 06:00:00,2023-01-03 06:00:00
0.0,0.0,0.0,Other,0.0,confirmed_zero_report,0.0,,situation_20230103_1800_a3820a14.pdf,0.0,True,,,0.0,0.0,0.0,0.0,,,,,,0.0,,2023-01-03,0.0,2169,1800,2023-01-03 18:00:00,2023-01-03 18:00:00
0.0,0.0,0.0,Other,0.0,confirmed_zero_report,0.0,,situation_20230104_0600_4df0e25e.pdf,0.0,True,,,0.0,0.0,0.0,0.0,,,,,,0.0,,2023-01-04,0.0,2169,0600,2023-01-04 06:00:00,2023-01-04 06:00:00
0.0,0.0,0.0,Other,0.0,confirmed_zero_report,0.0,,situation_20230105_0600_6413face.pdf,0.0,True,,,0.0,0.0,0.0,0.0,,,,,,0.0,,2023-01-05,0.0,2172,0600,2023-01-05 06:00:00,2023-01-05 06:00:00
0.0,0.0,0.0,Other,0.0,confirmed_zero_report,0.0,,situation_20230109_0600_772367fb.pdf,0.0,True,,,0.0,0.0,0.0,0.0,,,,,,0.0,,2023-01-09,0.0,2158,0600,2023-01-09 06:00:00,2023-01-09 06:00:00
2.0,9.0,0.0,Strong Wind,0.0,grand_total,0.0,,situation_20230109_1800_c933338a.pdf,0.0,True,,,0.0,0.0,0.0,2.0,,,,,,0.0,,2023-01-09,0.0,2365,1800,2023-01-09 18:00:00,2023-01-09 18:00:00
2.0,9.0,0.0,Strong Wind,0.0,grand_total,0.0,,situation_20230110_0600_69a4eec8.pdf,0.0,True,,,0.0,0.0,0.0,2.0,,,,,,0.0,,2023-01-10,0.0,2365,0600,2023-01-10 06:00:00,2023-01-10 06:00:00
24.0,203.0,0.0,Strong Wind,0.0,grand_total,0.0,,situation_20230110_1800_402c6ca0.pdf,0.0,True,,,0.0,0.0,0.0,24.0,,,,,,0.0,,2023-01-10,0.0,2355,1800,2023-01-10 18:00:00,2023-01-10 18:00:00
24.0,203.0,0.0,Strong Wind,0.0,grand_total,0.0,,situation_20230111_0600_a8a19a5a.pdf,0.0,True,,,0.0,0.0,0.0,24.0,,,,,,0.0,,2023-01-11,0.0,2355,0600,2023-01-11 06:00:00,2023-01-11 06:00:00
0.0,0.0,0.0,Other,0.0,grand_total,0.0,,situation_20230111_1800_3904df72.pdf,0.0,True,,,0.0,0.0,0.0,0.0,,,,,,0.0,,2023-01-11,0.0,2072,1800,2023-01-11 18:00:00,2023-01-11 18:00:00
0.0,0.0,0.0,Other,0.0,grand_total,0.0,,situation_20230112_0600_5c115285.pdf,0.0,True,,,0.0,0.0,0.0,0.0,,,,,,0.0,,2023-01-12,0.0,2072,0600,2023-01-12 06:00:00,2023-01-12 06:00:00
0.0,0.0,0.0,Other,0.0,grand_total,0.0,,situation_20230112_1800_b8077e1e.pdf,0.0,True,,,0.0,0.0,0.0,0.0,,,,,,0.0,,2023-01-12,0.0,2043,1800,2023-01-12 18:00:00,2023-01-12 18:00:00
0.0,0.0,0.0,Other,0.0,grand_total,0.0,,situation_20230113_0600_99a7a706.pdf,0.0,True,,,0.0,0.0,0.0,0.0,,,,,,0.0,,2023-01-13,0.0,2043,0600,2023-01-13 06:00:00,2023-01-13 06:00:00
0.0,0.0,0.0,Other,0.0,grand_total,0.0,,situation_20230115_0600_b35c9d4c.pdf,0.0,True,,,0.0,0.0,0.0,0.0,,,,,,0.0,,2023-01-15,0.0,2063,0600,2023-01-15 06:00:00,2023-01-15 06:00:00
12.0,49.0,0.0,Other,0.0,grand_total,2.0,,situation_20230116_1800_0af578b6.pdf,7.0,True,,,0.0,0.0,0.0,5.0,,,,,,9.0,,2023-01-16,1.0,2122,1800,2023-01-16 18:00:00,2023-01-16 18:00:00
12.0,49.0,0.0,Other,0.0,grand_total,2.0,,situation_20230117_0600_e2849096.pdf,7.0,True,,,0.0,0.0,0.0,5.0,,,,,,9.0,,2023-01-17,1.0,2122,0600,2023-01-17 06:00:00,2023-01-17 06:00:00
3.0,8.0,0.0,Strong Wind,0.0,grand_total,0.0,,situation_20230117_1800_ae9b19ab.pdf,0.0,True,,,0.0,0.0,0.0,3.0,,,,,,0.0,,2023-01-17,0.0,2171,1800,2023-01-17 18:00:00,2023-01-17 18:00:00
13.0,51.0,0.0,Other,0.0,grand_total,2.0,,situation_20230118_1800_73d32da8.pdf,7.0,True,,,0.0,0.0,0.0,6.0,,,,,,9.0,,2023-01-18,1.0,2380,1800,2023-01-18 18:00:00,2023-01-18 18:00:00
13.0,51.0,0.0,Other,0.0,grand_total,2.0,,situation_20230119_0600_3bb3b71e.pdf,7.0,True,,,0.0,0.0,0.0,6.0,,,,,,9.0,,2023-01-19,1.0,2380,0600,2023-01-19 06:00:00,2023-01-19 06:00:00
12.0,49.0,0.0,Other,0.0,grand_total,2.0,,situation_20230120_0600_6eb2fece.pdf,7.0,True,,,0.0,0.0,0.0,5.0,,,,,,9.0,,2023-01-20,1.0,2121,0600,2023-01-20 06:00:00,2023-01-20 06:00:00
8.0,33.0,1.0,"Heavy Rain, Strong Wind, Lightning",0.0,grand_total,0.0,,situation_20230120_1800_e05abc21.pdf,0.0,True,,,0.0,0.0,0.0,8.0,,,,,,0.0,,2023-01-20,0.0,2593,1800,2023-01-20 18:00:00,2023-01-20 18:00:00
8.0,33.0,1.0,"Heavy Rain, Strong Wind, Lightning",0.0,grand_total,0.0,,situation_20230121_0600_f66e27d6.pdf,0.0,True,,,0.0,0.0,0.0,8.0,,,,,,0.0,,2023-01-21,0.0,2593,0600,2023-01-21 06:00:00,2023-01-21 06:00:00
0.0,0.0,0.0,Other,0.0,grand_total,0.0,,situation_20230124_0600_38fa3a35.pdf,0.0,True,,,0.0,0.0,0.0,0.0,,,,,,0.0,,2023-01-24,0.0,2096,0600,2023-01-24 06:00:00,2023-01-24 06:00:00
5.0,16.0,0.0,"Heavy Rain, Strong Wind",0.0,grand_total,0.0,,situation_20230124_1800_607b6102.pdf,0.0,True,,,0.0,0.0,0.0,5.0,,,,,,0.0,,2023-01-24,0.0,2402,1800,2023-01-24 18:00:00,2023-01-24 18:00:00
0.0,0.0,0.0,Other,0.0,grand_total,0.0,,situation_20230125_1800_93a8e2e3.pdf,0.0,True,,,0.0,0.0,0.0,0.0,,,,,,0.0,,2023-01-25,0.0,2096,1800,2023-01-25 18:00:00,2023-01-25 18:00:00
2.0,5.0,0.0,Strong Wind,0.0,grand_total,0.0,,situation_20230126_1800_3e95f5a1.pdf,0.0,True,,,0.0,0.0,0.0,2.0,,,,,,0.0,,2023-01-26,0.0,2105,1800,2023-01-26 18:00:00,2023-01-26 18:00:00
4.0,16.0,0.0,"Strong Wind, Lightning",0.0,grand_total,0.0,,situation_20230127_1800_c4d06897.pdf,0.0,True,,,0.0,0.0,0.0,4.0,,,,,,0.0,,2023-01-27,0.0,2553,1800,2023-01-27 18:00:00,2023-01-27 18:00:00
4.0,16.0,0.0,"Strong Wind, Lightning",0.0,grand_total,0.0,,situation_20230128_0600_1680e5d6.pdf,0.0,True,,,0.0,0.0,0.0,4.0,,,,,,0.0,,2023-01-28,0.0,2553,0600,2023-01-28 06:00:00,2023-01-28 06:00:00
0.0,0.0,0.0,Other,0.0,grand_total,0.0,,situation_20230128_1800_a35b9fb4.pdf,0.0,True,,,0.0,0.0,0.0,0.0,,,,,,0.0,,2023-01-28,0.0,2096,1800,2023-01-28 18:00:00,2023-01-28 18:00:00
3.0,11.0,0.0,Strong Wind,0.0,grand_total,0.0,,situation_20230130_1800_76705d62.pdf,0.0,True,,,0.0,0.0,0.0,3.0,,,,,,0.0,,2023-01-30,0.0,2365,1800,2023-01-30 18:00:00,2023-01-30 18:00:00
0.0,0.0,0.0,Other,0.0,grand_total,0.0,,situation_20230131_1800_f81fd344.pdf,0.0,True,,,0.0,0.0,0.0,0.0,,,,,,0.0,,2023-01-31,0.0,2091,1800,2023-01-31 18:00:00,2023-01-31 18:00:00
3.0,15.0,0.0,Strong Wind,1.0,grand_total,0.0,,situation_20230201_1800_8f104fa8.pdf,0.0,True,,,1.0,2.0,0.0,2.0,,,,,,0.0,,2023-02-01,0.0,2410,1800,2023-02-01 18:00:00,2023-02-01 18:00:00
168.0,578.0,0.0,"Heavy Rain, Strong Wind",13.0,grand_total,0.0,,situation_20230202_1800_d0a3209b.pdf,0.0,True,,,1.0,2.0,0.0,157.0,,,,,,0.0,,2023-02-02,0.0,4546,1800,2023-02-02 18:00:00,2023-02-02 18:00:00
168.0,578.0,0.0,"Heavy Rain, Strong Wind",13.0,grand_total,0.0,,situation_20230203_0600_16ccdd11.pdf,0.0,True,,,1.0,2.0,0.0,157.0,,,,,,0.0,,2023-02-03,0.0,4546,0600,2023-02-03 06:00:00,2023-02-03 06:00:00
292.0,986.0,0.0,"Flood, Heavy Rain, Strong Wind",15.0,grand_total,0.0,,situation_20230203_1800_df723938.pdf,0.0,True,,,1.0,2.0,0.0,179.0,,,,,,0.0,,2023-02-03,0.0,4963,1800,2023-02-03 18:00:00,2023-02-03 18:00:00
292.0,986.0,0.0,"Flood, Heavy Rain, Strong Wind",15.0,grand_total,0.0,,situation_20230204_0600_5fe4382a.pdf,0.0,True,,,1.0,2.0,0.0,179.0,,,,,,0.0,,2023-02-04,0.0,4965,0600,2023-02-04 06:00:00,2023-02-04 06:00:00
305.0,1036.0,0.0,"Flood, Heavy Rain, Strong Wind",15.0,grand_total,0.0,,situation_20230204_1800_98a685b0.pdf,0.0,True,,,1.0,2.0,0.0,192.0,,,,,,0.0,,2023-02-04,0.0,5136,1800,2023-02-04 18:00:00,2023-02-04 18:00:00
306.0,1038.0,0.0,"Flood, Heavy Rain, Strong Wind",15.0,grand_total,0.0,,situation_20230205_0600_ff4876f7.pdf,0.0,True,,,1.0,2.0,0.0,193.0,,,,,,0.0,,2023-02-05,0.0,5161,0600,2023-02-05 06:00:00,2023-02-05 06:00:00
306.0,1038.0,0.0,"Flood, Heavy Rain, Strong Wind",15.0,grand_total,0.0,,situation_20230205_1800_5a8cc6cb.pdf,0.0,True,,,1.0,2.0,0.0,193.0,,,,,,0.0,,2023-02-05,0.0,5156,1800,2023-02-05 18:00:00,2023-02-05 18:00:00
306.0,1038.0,0.0,"Flood, Heavy Rain, Strong Wind",15.0,grand_total,0.0,,situation_20230206_0600_a480d8ce.pdf,0.0,True,,,1.0,2.0,0.0,193.0,,,,,,0.0,,2023-02-06,0.0,5156,0600,2023-02-06 06:00:00,2023-02-06 06:00:00
17.0,65.0,0.0,Strong Wind,0.0,grand_total,0.0,,situation_20230206_1800_e68937ca.pdf,1.0,True,,,0.0,0.0,0.0,13.0,,,,,,0.0,,2023-02-06,0.0,2713,1800,2023-02-06 18:00:00,2023-02-06 18:00:00
10.0,37.0,0.0,Strong Wind,0.0,grand_total,0.0,,situation_20230207_1800_d0c12c35.pdf,1.0,True,,,0.0,1.0,0.0,3.0,,,,,,0.0,,2023-02-07,0.0,2535,1800,2023-02-07 18:00:00,2023-02-07 18:00:00
10.0,37.0,0.0,Strong Wind,0.0,grand_total,0.0,,situation_20230208_0600_748c5a26.pdf,1.0,True,,,0.0,1.0,0.0,3.0,,,,,,0.0,,2023-02-08,0.0,2535,0600,2023-02-08 06:00:00,2023-02-08 06:00:00
11.0,38.0,1.0,Strong Wind,0.0,grand_total,0.0,,situation_20230208_1800_489b0f59.pdf,1.0,True,,,0.0,0.0,0.0,4.0,,,,,,0.0,,2023-02-08,0.0,2623,1800,2023-02-08 18:00:00,2023-02-08 18:00:00
2.0,5.0,1.0,Strong Wind,0.0,grand_total,0.0,,situation_20230209_0600_1dccf538.pdf,0.0,True,,,0.0,0.0,0.0,1.0,,,,,,0.0,,2023-02-09,0.0,2200,0600,2023-02-09 06:00:00,2023-02-09 06:00:00
2.0,4.0,0.0,Strong Wind,0.0,grand_total,0.0,,situation_20230209_1800_47204481.pdf,0.0,True,,,0.0,0.0,0.0,2.0,,,,,,0.0,,2023-02-09,0.0,2383,1800,2023-02-09 18:00:00,2023-02-09 18:00:00
2.0,4.0,0.0,Strong Wind,0.0,grand_total,0.0,,situation_20230210_0600_48203b09.pdf,0.0,True,,,0.0,0.0,0.0,2.0,,,,,,0.0,,2023-02-10,0.0,2383,0600,2023-02-10 06:00:00,2023-02-10 06:00:00
0.0,0.0,0.0,Other,0.0,grand_total,0.0,,situation_20230210_1800_7ce9615d.pdf,0.0,True,,,0.0,0.0,0.0,0.0,,,,,,0.0,,2023-02-10,0.0,2094,1800,2023-02-10 18:00:00,2023-02-10 18:00:00
0.0,0.0,0.0,Other,0.0,grand_total,0.0,,situation_20230212_0600_b90d0bcd.pdf,0.0,True,,,0.0,0.0,0.0,0.0,,,,,,0.0,,2023-02-12,0.0,2099,0600,2023-02-12 06:00:00,2023-02-12 06:00:00
2.0,8.0,0.0,Heavy Rain,0.0,grand_total,0.0,,situation_20230213_1800_8f72cf17.pdf,0.0,True,,,0.0,0.0,0.0,2.0,,,,,,0.0,,2023-02-13,0.0,2133,1800,2023-02-13 18:00:00,2023-02-13 18:00:00
2.0,8.0,0.0,Heavy Rain,0.0,grand_total,0.0,,situation_20230214_0530_a8a41bd3.pdf,0.0,True,,,0.0,0.0,0.0,2.0,,,,,,0.0,,2023-02-14,0.0,2133,0530,2023-02-14 05:30:00,2023-02-14 05:30:00
0.0,0.0,0.0,Other,0.0,grand_total,0.0,,situation_20230214_1800_0b3d5c61.pdf,0.0,True,,,0.0,0.0,0.0,0.0,,,,,,0.0,,2023-02-14,0.0,2097,1800,2023-02-14 18:00:00,2023-02-14 18:00:00
2.0,10.0,0.0,Strong Wind,0.0,grand_total,0.0,,situation_20230217_0600_f22d006b.pdf,0.0,True,,,0.0,0.0,0.0,2.0,,,,,,0.0,,2023-02-17,0.0,2350,0600,2023-02-17 06:00:00,2023-02-17 06:00:00
1.0,5.0,0.0,Strong Wind,0.0,grand_total,0.0,,situation_20230217_1800_4a4dd9c9.pdf,0.0,True,,,0.0,0.0,0.0,1.0,,,,,,0.0,,2023-02-17,0.0,2119,1800,2023-02-17 18:00:00,2023-02-17 18:00:00
0.0,0.0,0.0,Other,0.0,grand_total,0.0,,situation_20230218_0600_a069329a.pdf,0.0,True,,,0.0,0.0,0.0,0.0,,,,,,0.0,,2023-02-18,0.0,2110,0600,2023-02-18 06:00:00,2023-02-18 06:00:00
356.0,1271.0,0.0,"Heavy Rain, Strong Wind",0.0,grand_total,28.0,,situation_20230221_1800_693de2ca.pdf,9.0,True,,,0.0,0.0,0.0,23.0,,,,,,33.0,,2023-02-21,2.0,3226,1800,2023-02-21 18:00:00,2023-02-21 18:00:00
356.0,1271.0,0.0,"Heavy Rain, Strong Wind",0.0,grand_total,28.0,,situation_20230222_0600_d48d7cce.pdf,9.0,True,,,0.0,0.0,0.0,23.0,,,,,,33.0,,2023-02-22,2.0,3226,0600,2023-02-22 06:00:00,2023-02-22 06:00:00
357.0,1274.0,0.0,"Heavy Rain, Strong Wind",0.0,grand_total,28.0,,situation_20230222_1800_731a520d.pdf,9.0,True,,,0.0,0.0,0.0,24.0,,,,,,33.0,,2023-02-22,2.0,3282,1800,2023-02-22 18:00:00,2023-02-22 18:00:00
332.0,1192.0,0.0,"Heavy Rain, Strong Wind",0.0,grand_total,28.0,,situation_20230223_1800_e0604234.pdf,9.0,True,,,0.0,0.0,0.0,3.0,,,,,,33.0,,2023-02-23,2.0,2989,1800,2023-02-23 18:00:00,2023-02-23 18:00:00
332.0,1192.0,0.0,"Heavy Rain, Strong Wind",0.0,grand_total,28.0,,situation_20230224_0600_d5529797.pdf,9.0,True,,,0.0,0.0,0.0,3.0,,,,,,33.0,,2023-02-24,2.0,2989,0600,2023-02-24 06:00:00,2023-02-24 06:00:00
5.0,20.0,0.0,Strong Wind,0.0,grand_total,0.0,,situation_20230226_0600_2df64929.pdf,0.0,True,,,0.0,6.0,0.0,0.0,,,,,,0.0,,2023-02-26,0.0,2145,0600,2023-02-26 06:00:00,2023-02-26 06:00:00
6.0,24.0,1.0,"Strong Wind, Lightning",0.0,grand_total,0.0,,situation_20230227_0600_2746f43c.pdf,0.0,True,,,0.0,6.0,0.0,0.0,,,,,,0.0,,2023-02-27,0.0,2387,0600,2023-02-27 06:00:00,2023-02-27 06:00:00
37.0,160.0,2.0,"Strong Wind, Lightning",1.0,grand_total,0.0,,situation_20230227_1800_aab8255a.pdf,0.0,True,,,0.0,6.0,0.0,31.0,,,,,,0.0,,2023-02-27,0.0,3222,1800,2023-02-27 18:00:00,2023-02-27 18:00:00
37.0,160.0,2.0,"Strong Wind, Lightning",1.0,grand_total,0.0,,situation_20230228_0600_c6003761.pdf,0.0,True,,,0.0,6.0,0.0,31.0,,,,,,0.0,,2023-02-28,0.0,3222,0600,2023-02-28 06:00:00,2023-02-28 06:00:00
2.0,6.0,0.0,Other,0.0,grand_total,0.0,,situation_20230228_1800_8ded5ecc.pdf,0.0,True,,,0.0,0.0,0.0,2.0,,,,,,0.0,,2023-02-28,0.0,2155,1800,2023-02-28 18:00:00,2023-02-28 18:00:00
2.0,6.0,0.0,Other,0.0,grand_total,0.0,,situation_20230301_0600_6bebdc34.pdf,0.0,True,,,0.0,0.0,0.0,2.0,,,,,,0.0,,2023-03-01,0.0,2161,0600,2023-03-01 06:00:00,2023-03-01 06:00:00
7.0,28.0,0.0,Strong Wind,0.0,grand_total,0.0,,situation_20230301_1800_647a12bd.pdf,1.0,True,,,0.0,0.0,0.0,6.0,,,,,,0.0,,2023-03-01,0.0,2629,1800,2023-03-01 18:00:00,2023-03-01 18:00:00
7.0,28.0,0.0,Strong Wind,0.0,grand_total,0.0,,situation_20230302_0600_2e25a498.pdf,1.0,True,,,0.0,0.0,0.0,6.0,,,,,,0.0,,2023-03-02,0.0,2629,0600,2023-03-02 06:00:00,2023-03-02 06:00:00
6.0,19.0,0.0,Strong Wind,0.0,grand_total,0.0,,situation_20230303_0600_0892b90c.pdf,0.0,True,,,0.0,0.0,0.0,4.0,,,,,,0.0,,2023-03-03,0.0,2116,0600,2023-03-03 06:00:00,2023-03-03 06:00:00
12.0,49.0,1.0,"Strong Wind, Lightning",0.0,grand_total,0.0,,situation_20230307_1800_09a34879.pdf,0.0,True,,,0.0,0.0,0.0,12.0,,,,,,0.0,,2023-03-07,0.0,2538,1800,2023-03-07 18:00:00,2023-03-07 18:00:00
0.0,0.0,0.0,Other,0.0,confirmed_zero_report,0.0,,situation_20230308_0600_394a293f.pdf,0.0,True,,,0.0,0.0,0.0,0.0,,,,,,0.0,,2023-03-08,0.0,2005,0600,2023-03-08 06:00:00,2023-03-08 06:00:00
7.0,24.0,0.0,Strong Wind,0.0,grand_total,0.0,,situation_20230308_1800_f0d3f36a.pdf,0.0,True,,,0.0,0.0,0.0,7.0,,,,,,0.0,,2023-03-08,0.0,2424,1800,2023-03-08 18:00:00,2023-03-08 18:00:00
1.0,4.0,0.0,Strong Wind,0.0,grand_total,0.0,,situation_20230309_1800_c1196d0a.pdf,0.0,True,,,0.0,0.0,0.0,1.0,,,,,,0.0,,2023-03-09,0.0,2069,1800,2023-03-09 18:00:00,2023-03-09 18:00:00
0.0,0.0,0.0,Other,0.0,grand_total,0.0,,situation_20230310_0600_403a7624.pdf,0.0,True,,,0.0,0.0,0.0,0.0,,,,,,0.0,,2023-03-10,0.0,2031,0600,2023-03-10 06:00:00,2023-03-10 06:00:00
2.0,6.0,0.0,Strong Wind,0.0,grand_total,0.0,,situation_20230310_1800_c972ea45.pdf,0.0,True,,,0.0,0.0,0.0,2.0,,,,,,0.0,,2023-03-10,0.0,2202,1800,2023-03-10 18:00:00,2023-03-10 18:00:00
0.0,0.0,0.0,Other,0.0,grand_total,0.0,,situation_20230311_0600_122438cf.pdf,0.0,True,,,0.0,0.0,0.0,0.0,,,,,,0.0,,2023-03-11,0.0,2030,0600,2023-03-11 06:00:00,2023-03-11 06:00:00
0.0,0.0,0.0,Other,0.0,grand_total,0.0,,situation_20230312_0600_16302865.pdf,0.0,True,,,0.0,0.0,0.0,0.0,,,,,,0.0,,2023-03-12,0.0,2034,0600,2023-03-12 06:00:00,2023-03-12 06:00:00
10.0,43.0,0.0,Strong Wind,0.0,grand_total,0.0,,situation_20230313_1800_a2cf9849.pdf,2.0,True,,,0.0,0.0,0.0,8.0,,,,,,0.0,,2023-03-13,0.0,2191,1800,2023-03-13 18:00:00,2023-03-13 18:00:00
0.0,0.0,0.0,Other,0.0,grand_total,0.0,,situation_20230314_0600_7dd1d4be.pdf,0.0,True,,,0.0,0.0,0.0,0.0,,,,,,0.0,,2023-03-14,0.0,2032,0600,2023-03-14 06:00:00,2023-03-14 06:00:00
0.0,0.0,0.0,Other,0.0,grand_total,0.0,,situation_20230314_0600_9d48e535.pdf,0.0,True,,,0.0,0.0,0.0,0.0,,,,,,0.0,,2023-03-14,0.0,2032,0600,2023-03-14 06:00:00,2023-03-14 06:00:00
2.0,5.0,0.0,"Strong Wind, Lightning",0.0,grand_total,0.0,,situation_20230314_1800_ff9dc89e.pdf,0.0,True,,,0.0,0.0,0.0,2.0,,,,,,0.0,,2023-03-14,0.0,2098,1800,2023-03-14 18:00:00,2023-03-14 18:00:00
162.0,668.0,0.0,"Strong Wind, Lightning",5.0,grand_total,0.0,,situation_20230316_0600_cdb4ed0e.pdf,0.0,True,,,0.0,0.0,0.0,158.0,,,,,,0.0,,2023-03-16,0.0,2533,0600,2023-03-16 06:00:00,2023-03-16 06:00:00
30.0,77.0,0.0,"Strong Wind, Lightning",0.0,grand_total,0.0,,situation_20230316_1800_b68b8722.pdf,0.0,True,,,0.0,0.0,0.0,17.0,,,,,,0.0,,2023-03-16,0.0,2224,1800,2023-03-16 18:00:00,2023-03-16 18:00:00
62.0,220.0,0.0,Landslide,0.0,grand_total,62.0,,situation_20230320_0600_8003601d.pdf,3.0,True,,,0.0,5.0,0.0,20.0,,,,,,220.0,,2023-03-20,1.0,2311,0600,2023-03-20 06:00:00,2023-03-20 06:00:00
222.0,790.0,0.0,"Flood, Landslide, Heavy Rain, Strong Wind, Lightning",0.0,grand_total,70.0,,situation_20230320_1800_b8a08ef2.pdf,3.0,True,,,0.0,8.0,0.0,158.0,,,,,,240.0,,2023-03-20,1.0,4367,1800,2023-03-20 18:00:00,2023-03-20 18:00:00
222.0,790.0,0.0,"Flood, Landslide, Heavy Rain, Strong Wind, Lightning",0.0,grand_total,70.0,,situation_20230321_0600_6db3ffbf.pdf,3.0,True,,,0.0,8.0,0.0,158.0,,,,,,240.0,,2023-03-21,1.0,4367,0600,2023-03-21 06:00:00,2023-03-21 06:00:00
227.0,808.0,0.0,"Flood, Landslide, Heavy Rain, Strong Wind, Lightning",0.0,grand_total,70.0,,situation_20230321_1800_1847176f.pdf,3.0,True,,,0.0,8.0,0.0,162.0,,,,,,240.0,,2023-03-21,1.0,4646,1800,2023-03-21 18:00:00,2023-03-21 18:00:00
227.0,808.0,0.0,"Flood, Landslide, Heavy Rain, Strong Wind, Lightning",0.0,grand_total,70.0,,situation_20230322_0600_43a140e7.pdf,3.0,True,,,0.0,8.0,0.0,162.0,,,,,,240.0,,2023-03-22,1.0,4646,0600,2023-03-22 06:00:00,2023-03-22 06:00:00
213.0,775.0,1.0,"Flood, Landslide, Heavy Rain, Strong Wind, Lightning",2.0,grand_total,70.0,,situation_20230323_1800_8b44bce0.pdf,5.0,True,,,0.0,6.0,0.0,163.0,,,,,,240.0,,2023-03-23,1.0,3933,1800,2023-03-23 18:00:00,2023-03-23 18:00:00
213.0,775.0,1.0,"Flood, Landslide, Heavy Rain, Strong Wind, Lightning",2.0,grand_total,70.0,,situation_20230324_0600_db62cf18.pdf,5.0,True,,,0.0,6.0,0.0,163.0,,,,,,240.0,,2023-03-24,1.0,3933,0600,2023-03-24 06:00:00,2023-03-24 06:00:00
238.0,879.0,4.0,"Landslide, Heavy Rain, Strong Wind, Lightning",2.0,grand_total,71.0,,situation_20230324_1800_67dca0a8.pdf,4.0,True,,,0.0,6.0,0.0,186.0,,,,,,242.0,,2023-03-24,1.0,4482,1800,2023-03-24 18:00:00,2023-03-24 18:00:00
238.0,879.0,4.0,"Landslide, Heavy Rain, Strong Wind, Lightning",2.0,grand_total,71.0,,situation_20230325_0600_f64cc32c.pdf,4.0,True,,,0.0,6.0,0.0,186.0,,,,,,242.0,,2023-03-25,1.0,4446,0600,2023-03-25 06:00:00,2023-03-25 06:00:00
238.0,879.0,4.0,"Landslide, Heavy Rain, Strong Wind, Lightning",2.0,grand_total,71.0,,situation_20230325_1800_8da5aab5.pdf,4.0,True,,,0.0,6.0,0.0,186.0,,,,,,242.0,,2023-03-25,1.0,4451,1800,2023-03-25 18:00:00,2023-03-25 18:00:00
238.0,879.0,4.0,"Landslide, Heavy Rain, Strong Wind, Lightning",2.0,grand_total,71.0,,situation_20230326_0600_ad2e58a8.pdf,4.0,True,,,0.0,6.0,0.0,186.0,,,,,,242.0,,2023-03-26,1.0,4487,0600,2023-03-26 06:00:00,2023-03-26 06:00:00
238.0,879.0,4.0,"Landslide, Heavy Rain, Strong Wind, Lightning",2.0,grand_total,71.0,,situation_20230327_0600_9293724a.pdf,4.0,True,,,0.0,6.0,0.0,186.0,,,,,,242.0,,2023-03-27,1.0,4482,0600,2023-03-27 06:00:00,2023-03-27 06:00:00
165.0,558.0,0.0,"Landslide, Strong Wind, Lightning",1.0,grand_total,71.0,,situation_20230328_0600_014fc8fe.pdf,3.0,True,,,0.0,6.0,0.0,130.0,,,,,,242.0,,2023-03-28,1.0,3680,0600,2023-03-28 06:00:00,2023-03-28 06:00:00
90.0,304.0,0.0,"Landslide, Strong Wind, Lightning",0.0,grand_total,71.0,,situation_20230328_1800_8e7d9ad2.pdf,3.0,True,,,0.0,6.0,0.0,56.0,,,,,,242.0,,2023-03-28,1.0,3053,1800,2023-03-28 18:00:00,2023-03-28 18:00:00
90.0,304.0,0.0,"Landslide, Strong Wind, Lightning",0.0,grand_total,71.0,,situation_20230329_0600_d099ff02.pdf,3.0,True,,,0.0,6.0,0.0,56.0,,,,,,242.0,,2023-03-29,1.0,3053,0600,2023-03-29 06:00:00,2023-03-29 06:00:00
236.0,879.0,1.0,"Landslide, Strong Wind, Lightning",0.0,grand_total,71.0,,situation_20230329_1800_813e1e95.pdf,3.0,True,,,0.0,6.0,0.0,190.0,,,,,,242.0,,2023-03-29,1.0,3347,1800,2023-03-29 18:00:00,2023-03-29 18:00:00
72.0,246.0,0.0,"Landslide, Strong Wind",0.0,grand_total,71.0,,situation_20230330_1800_1ac1767d.pdf,3.0,True,,,0.0,6.0,0.0,38.0,,,,,,242.0,,2023-03-30,1.0,2524,1800,2023-03-30 18:00:00,2023-03-30 18:00:00
83.0,289.0,0.0,"Landslide, Strong Wind, Lightning",0.0,grand_total,71.0,,situation_20230331_0600_10014e15.pdf,3.0,True,,,0.0,6.0,0.0,49.0,,,,,,242.0,,2023-03-31,1.0,2985,0600,2023-03-31 06:00:00,2023-03-31 06:00:00
100.0,361.0,0.0,"Landslide, Strong Wind, Lightning",0.0,grand_total,71.0,,situation_20230331_1800_ce71db6c.pdf,3.0,True,,,0.0,6.0,0.0,64.0,,,,,,242.0,,2023-03-31,1.0,3263,1800,2023-03-31 18:00:00,2023-03-31 18:00:00
71.0,242.0,0.0,Landslide,0.0,grand_total,71.0,,situation_20230401_1800_01169914.pdf,3.0,True,,,0.0,6.0,0.0,37.0,,,,,,242.0,,2023-04-01,1.0,2310,1800,2023-04-01 18:00:00,2023-04-01 18:00:00
71.0,242.0,0.0,Landslide,0.0,grand_total,71.0,,situation_20230402_0600_6eb9346d.pdf,3.0,True,,,0.0,6.0,0.0,37.0,,,,,,242.0,,2023-04-02,1.0,2310,0600,2023-04-02 06:00:00,2023-04-02 06:00:00
71.0,242.0,0.0,Landslide,0.0,grand_total,71.0,,situation_20230403_0600_5667f989.pdf,3.0,True,,,0.0,6.0,0.0,37.0,,,,,,242.0,,2023-04-03,1.0,2307,0600,2023-04-03 06:00:00,2023-04-03 06:00:00
303.0,1083.0,0.0,"Landslide, Heavy Rain, Strong Wind, Lightning",4.0,grand_total,71.0,,situation_20230403_1800_a05a0c30.pdf,5.0,True,,,14.0,7.0,0.0,263.0,,,,,,242.0,,2023-04-03,1.0,4119,1800,2023-04-03 18:00:00,2023-04-03 18:00:00
222.0,731.0,0.0,"Landslide, Heavy Rain, Strong Wind, Lightning",0.0,grand_total,71.0,,situation_20230404_1800_6b62cad4.pdf,6.0,True,,,14.0,6.0,0.0,182.0,,,,,,242.0,,2023-04-04,1.0,4055,1800,2023-04-04 18:00:00,2023-04-04 18:00:00
222.0,731.0,0.0,"Landslide, Heavy Rain, Strong Wind, Lightning",0.0,grand_total,71.0,,situation_20230405_0600_ae9d24aa.pdf,6.0,True,,,14.0,6.0,0.0,182.0,,,,,,242.0,,2023-04-05,1.0,4095,0600,2023-04-05 06:00:00,2023-04-05 06:00:00
94.0,314.0,0.0,"Landslide, Strong Wind, Lightning",0.0,grand_total,71.0,,situation_20230405_1800_36a15098.pdf,3.0,True,,,0.0,6.0,0.0,63.0,,,,,,242.0,,2023-04-05,1.0,3002,1800,2023-04-05 18:00:00,2023-04-05 18:00:00
94.0,314.0,0.0,"Landslide, Strong Wind, Lightning",0.0,grand_total,71.0,,situation_20230406_0600_ef73b44e.pdf,3.0,True,,,0.0,6.0,0.0,63.0,,,,,,242.0,,2023-04-06,1.0,3002,0600,2023-04-06 06:00:00,2023-04-06 06:00:00
123.0,442.0,1.0,"Landslide, Heavy Rain, Strong Wind, Lightning",0.0,grand_total,71.0,,situation_20230406_1800_43a2cd2d.pdf,3.0,True,,,0.0,6.0,0.0,94.0,,,,,,242.0,,2023-04-06,1.0,3867,1800,2023-04-06 18:00:00,2023-04-06 18:00:00
123.0,442.0,1.0,"Landslide, Heavy Rain, Strong Wind, Lightning",0.0,grand_total,71.0,,situation_20230407_0600_797f775d.pdf,3.0,True,,,0.0,6.0,0.0,94.0,,,,,,242.0,,2023-04-07,1.0,3903,0600,2023-04-07 06:00:00,2023-04-07 06:00:00
150.0,538.0,0.0,"Landslide, Strong Wind, Lightning",2.0,grand_total,71.0,,situation_20230407_1800_d5702f5d.pdf,3.0,True,,,0.0,6.0,0.0,116.0,,,,,,242.0,,2023-04-07,1.0,2677,1800,2023-04-07 18:00:00,2023-04-07 18:00:00
178.0,646.0,0.0,"Landslide, Strong Wind, Lightning",2.0,grand_total,71.0,,situation_20230409_0600_5de21188.pdf,3.0,True,,,0.0,6.0,0.0,144.0,,,,,,242.0,,2023-04-09,1.0,2668,0600,2023-04-09 06:00:00,2023-04-09 06:00:00
178.0,646.0,0.0,"Landslide, Strong Wind, Lightning",2.0,grand_total,71.0,,situation_20230409_1800_7a6c02ff.pdf,3.0,True,,,0.0,6.0,0.0,144.0,,,,,,242.0,,2023-04-09,1.0,2672,1800,2023-04-09 18:00:00,2023-04-09 18:00:00
178.0,646.0,0.0,"Landslide, Strong Wind, Lightning",2.0,grand_total,71.0,,situation_20230410_0600_8f8987d9.pdf,3.0,True,,,0.0,6.0,0.0,144.0,,,,,,242.0,,2023-04-10,1.0,2672,0600,2023-04-10 06:00:00,2023-04-10 06:00:00
250.0,921.0,0.0,"Landslide, Heavy Rain, Strong Wind, Lightning",5.0,grand_total,71.0,,situation_20230410_1800_9c9479c4.pdf,3.0,True,,,0.0,6.0,0.0,218.0,,,,,,242.0,,2023-04-10,1.0,4171,1800,2023-04-10 18:00:00,2023-04-10 18:00:00
250.0,921.0,0.0,"Landslide, Heavy Rain, Strong Wind, Lightning",5.0,grand_total,71.0,,situation_20230411_0600_0537015d.pdf,3.0,True,,,0.0,6.0,0.0,218.0,,,,,,242.0,,2023-04-11,1.0,4171,0600,2023-04-11 06:00:00,2023-04-11 06:00:00
203.0,752.0,0.0,"Landslide, Strong Wind, Lightning",3.0,grand_total,70.0,,situation_20230411_1800_c4f4abf1.pdf,3.0,True,,,0.0,6.0,0.0,170.0,,,,,,240.0,,2023-04-11,1.0,3115,1800,2023-04-11 18:00:00,2023-04-11 18:00:00
204.0,756.0,0.0,"Landslide, Strong Wind, Lightning",3.0,grand_total,70.0,,situation_20230412_0600_bcbad21f.pdf,3.0,True,,,0.0,6.0,0.0,171.0,,,,,,240.0,,2023-04-12,1.0,3249,0600,2023-04-12 06:00:00,2023-04-12 06:00:00
203.0,751.0,0.0,"Landslide, Strong Wind, Lightning",3.0,grand_total,70.0,,situation_20230412_1800_69ce43ce.pdf,3.0,True,,,0.0,6.0,0.0,170.0,,,,,,240.0,,2023-04-12,1.0,2891,1800,2023-04-12 18:00:00,2023-04-12 18:00:00
203.0,751.0,0.0,"Landslide, Strong Wind, Lightning",3.0,grand_total,70.0,,situation_20230413_1800_fc4f8b47.pdf,3.0,True,,,0.0,6.0,0.0,170.0,,,,,,240.0,,2023-04-13,1.0,2891,1800,2023-04-13 18:00:00,2023-04-13 18:00:00
202.0,753.0,0.0,"Landslide, Strong Wind, Lightning",3.0,grand_total,70.0,,situation_20230414_1800_69d454e2.pdf,3.0,True,,,0.0,6.0,0.0,169.0,,,,,,240.0,,2023-04-14,1.0,2943,1800,2023-04-14 18:00:00,2023-04-14 18:00:00
3560.0,12083.0,2.0,"Landslide, Strong Wind, Lightning",0.0,grand_total,70.0,,situation_20230418_0600_d5d29293.pdf,3.0,True,,,0.0,8.0,0.0,98.0,,,,,,240.0,,2023-04-18,1.0,3581,0600,2023-04-18 06:00:00,2023-04-18 06:00:00
3595.0,12218.0,2.0,"Landslide, Heavy Rain, Strong Wind, Lightning",0.0,grand_total,70.0,,situation_20230418_1800_a3b5b367.pdf,3.0,True,,,0.0,8.0,0.0,133.0,,,,,,240.0,,2023-04-18,1.0,4228,1800,2023-04-18 18:00:00,2023-04-18 18:00:00
3523.0,11942.0,0.0,"Landslide, Strong Wind",0.0,grand_total,70.0,,situation_20230419_1800_cb0aa182.pdf,3.0,True,,,0.0,6.0,0.0,61.0,,,,,,240.0,,2023-04-19,1.0,2989,1800,2023-04-19 18:00:00,2023-04-19 18:00:00
3525.0,11950.0,0.0,"Landslide, Heavy Rain, Strong Wind",0.0,grand_total,70.0,,situation_20230420_1800_15116e45.pdf,3.0,True,,,0.0,6.0,0.0,63.0,,,,,,240.0,,2023-04-20,1.0,3060,1800,2023-04-20 18:00:00,2023-04-20 18:00:00
3515.0,11919.0,0.0,"Landslide, Strong Wind",0.0,grand_total,70.0,,situation_20230421_1800_9f0b34b1.pdf,3.0,True,,,0.0,6.0,0.0,54.0,,,,,,240.0,,2023-04-21,1.0,3218,1800,2023-04-21 18:00:00,2023-04-21 18:00:00
3515.0,11919.0,0.0,"Landslide, Strong Wind",0.0,grand_total,70.0,,situation_20230422_0600_9fb27a62.pdf,3.0,True,,,0.0,6.0,0.0,54.0,,,,,,240.0,,2023-04-22,1.0,3218,0600,2023-04-22 06:00:00,2023-04-22 06:00:00
3503.0,11873.0,0.0,"Landslide, Strong Wind, Lightning",0.0,grand_total,70.0,,situation_20230422_1800_238e9413.pdf,3.0,True,,,0.0,6.0,0.0,41.0,,,,,,240.0,,2023-04-22,1.0,2908,1800,2023-04-22 18:00:00,2023-04-22 18:00:00
3623.0,12392.0,2.0,"Flood, Landslide, Strong Wind, Lightning",0.0,grand_total,80.0,,situation_20230423_0600_4f2fb9d1.pdf,3.0,True,,,0.0,6.0,0.0,158.0,,,,,,270.0,,2023-04-23,2.0,3419,0600,2023-04-23 06:00:00,2023-04-23 06:00:00
3513.0,11905.0,0.0,"Landslide, Strong Wind, Lightning",1.0,grand_total,70.0,,situation_20230423_0600_98cd8395.pdf,3.0,True,,,2.0,6.0,0.0,50.0,,,,,,240.0,,2023-04-23,1.0,3060,0600,2023-04-23 06:00:00,2023-04-23 06:00:00
3516.0,11918.0,0.0,"Landslide, Strong Wind",1.0,grand_total,70.0,,situation_20230423_1800_9113d949.pdf,3.0,True,,,2.0,6.0,0.0,53.0,,,,,,240.0,,2023-04-23,1.0,2876,1800,2023-04-23 18:00:00,2023-04-23 18:00:00
3516.0,11918.0,0.0,"Landslide, Strong Wind",1.0,grand_total,70.0,,situation_20230424_0600_7b38d6ce.pdf,3.0,True,,,2.0,6.0,0.0,53.0,,,,,,240.0,,2023-04-24,1.0,2876,0600,2023-04-24 06:00:00,2023-04-24 06:00:00
6372.0,21190.0,1.0,"Landslide, Strong Wind, Lightning",4.0,grand_total,140.0,,situation_20230424_1800_e14f1b23.pdf,6.0,True,,,3.0,12.0,0.0,201.0,,,,,,480.0,,2023-04-24,2.0,5178,1800,2023-04-24 18:00:00,2023-04-24 18:00:00
6302.0,20950.0,1.0,"Landslide, Strong Wind, Lightning",4.0,grand_total,70.0,,situation_20230425_0600_8e45345e.pdf,3.0,True,,,3.0,6.0,0.0,164.0,,,,,,240.0,,2023-04-25,1.0,5220,0600,2023-04-25 06:00:00,2023-04-25 06:00:00
6547.0,21740.0,1.0,"Landslide, Heavy Rain, Strong Wind, Lightning",4.0,grand_total,70.0,,situation_20230425_1800_edb700c4.pdf,4.0,True,,,0.0,8.0,0.0,159.0,,,,,,240.0,,2023-04-25,1.0,5143,1800,2023-04-25 18:00:00,2023-04-25 18:00:00
6547.0,21740.0,1.0,"Landslide, Heavy Rain, Strong Wind, Lightning",4.0,grand_total,70.0,,situation_20230426_0600_098fe6c2.pdf,4.0,True,,,0.0,8.0,0.0,159.0,,,,,,240.0,,2023-04-26,1.0,5191,0600,2023-04-26 06:00:00,2023-04-26 06:00:00
6687.0,22191.0,0.0,"Landslide, Heavy Rain, Strong Wind, Lightning",6.0,grand_total,80.0,,situation_20230426_1800_4d729506.pdf,5.0,True,,,1.0,8.0,0.0,293.0,,,,,,270.0,,2023-04-26,2.0,6134,1800,2023-04-26 18:00:00,2023-04-26 18:00:00
6687.0,22191.0,0.0,"Landslide, Heavy Rain, Strong Wind, Lightning",6.0,grand_total,80.0,,situation_20230427_0600_4534ed70.pdf,5.0,True,,,1.0,8.0,0.0,293.0,,,,,,270.0,,2023-04-27,2.0,6194,0600,2023-04-27 06:00:00,2023-04-27 06:00:00
6523.0,21667.0,1.0,"Flood, Landslide, Heavy Rain, Strong Wind, Lightning",3.0,grand_total,80.0,,situation_20230427_1800_d9c6f5b0.pdf,3.0,True,,,2.0,6.0,0.0,136.0,,,,,,270.0,,2023-04-27,2.0,5296,1800,2023-04-27 18:00:00,2023-04-27 18:00:00
6523.0,21667.0,1.0,"Flood, Landslide, Heavy Rain, Strong Wind, Lightning",3.0,grand_total,80.0,,situation_20230428_0600_fa745f40.pdf,3.0,True,,,2.0,6.0,0.0,136.0,,,,,,270.0,,2023-04-28,2.0,5366,0600,2023-04-28 06:00:00,2023-04-28 06:00:00
6495.0,21532.0,0.0,"Flood, Landslide, Heavy Rain, Strong Wind, Lightning",2.0,grand_total,80.0,,situation_20230428_1800_7f937be8.pdf,3.0,True,,,0.0,6.0,0.0,105.0,,,,,,270.0,,2023-04-28,2.0,4547,1800,2023-04-28 18:00:00,2023-04-28 18:00:00
6500.0,21561.0,0.0,"Flood, Landslide, Heavy Rain, Strong Wind, Lightning",2.0,grand_total,80.0,,situation_20230429_0600_2a803c8f.pdf,3.0,True,,,0.0,7.0,0.0,109.0,,,,,,270.0,,2023-04-29,2.0,4908,0600,2023-04-29 06:00:00,2023-04-29 06:00:00
3501.0,11868.0,0.0,Landslide,0.0,grand_total,70.0,,situation_20230430_1800_8a80c13c.pdf,3.0,True,,,0.0,6.0,0.0,37.0,,,,,,240.0,,2023-04-30,1.0,2637,1800,2023-04-30 18:00:00,2023-04-30 18:00:00
3501.0,11868.0,0.0,Landslide,0.0,grand_total,70.0,,situation_20230501_0600_7bc5a844.pdf,3.0,True,,,0.0,6.0,0.0,37.0,,,,,,240.0,,2023-05-01,1.0,2635,0600,2023-05-01 06:00:00,2023-05-01 06:00:00
3501.0,11868.0,0.0,Landslide,0.0,grand_total,70.0,,situation_20230501_1800_e265f158.pdf,3.0,True,,,0.0,6.0,0.0,37.0,,,,,,240.0,,2023-05-01,1.0,2615,1800,2023-05-01 18:00:00,2023-05-01 18:00:00
3501.0,11868.0,0.0,Landslide,0.0,grand_total,70.0,,situation_20230502_0600_5e93f889.pdf,3.0,True,,,0.0,6.0,0.0,37.0,,,,,,240.0,,2023-05-02,1.0,2615,0600,2023-05-02 06:00:00,2023-05-02 06:00:00
77.0,265.0,0.0,"Landslide, Strong Wind",0.0,grand_total,70.0,,situation_20230502_1800_5b13c8ca.pdf,3.0,True,,,0.0,6.0,0.0,44.0,,,,,,240.0,,2023-05-02,1.0,3428,1800,2023-05-02 18:00:00,2023-05-02 18:00:00
77.0,265.0,0.0,"Landslide, Strong Wind",0.0,grand_total,70.0,,situation_20230503_0600_8c529f33.pdf,3.0,True,,,0.0,6.0,0.0,44.0,,,,,,240.0,,2023-05-03,1.0,3428,0600,2023-05-03 06:00:00,2023-05-03 06:00:00
176.0,660.0,0.0,"Flood, Landslide, Heavy Rain, Strong Wind, Lightning",0.0,grand_total,71.0,,situation_20230503_1800_9f6df2cc.pdf,3.0,True,,,0.0,6.0,0.0,62.0,,,,,,242.0,,2023-05-03,1.0,4386,1800,2023-05-03 18:00:00,2023-05-03 18:00:00
181.0,679.0,0.0,"Flood, Landslide, Heavy Rain, Strong Wind, Lightning",0.0,grand_total,71.0,,situation_20230504_1800_c3aabcd4.pdf,3.0,True,,,0.0,6.0,0.0,67.0,,,,,,242.0,,2023-05-04,1.0,4477,1800,2023-05-04 18:00:00,2023-05-04 18:00:00
181.0,679.0,0.0,"Flood, Landslide, Heavy Rain, Strong Wind, Lightning",0.0,grand_total,71.0,,situation_20230505_0600_63dacacf.pdf,3.0,True,,,0.0,6.0,0.0,67.0,,,,,,242.0,,2023-05-05,1.0,4521,0600,2023-05-05 06:00:00,2023-05-05 06:00:00
2249.0,9276.0,0.0,"Flood, Landslide, Heavy Rain, Strong Wind, Lightning",0.0,grand_total,71.0,,situation_20230505_1800_52e05cc8.pdf,3.0,True,,,1.0,6.0,0.0,82.0,,,,,,242.0,,2023-05-05,1.0,5205,1800,2023-05-05 18:00:00,2023-05-05 18:00:00
2249.0,9276.0,0.0,"Flood, Landslide, Heavy Rain, Strong Wind, Lightning",0.0,grand_total,71.0,,situation_20230506_0600_aa03a76d.pdf,3.0,True,,,1.0,6.0,0.0,82.0,,,,,,242.0,,2023-05-06,1.0,5205,0600,2023-05-06 06:00:00,2023-05-06 06:00:00
1634.0,6345.0,1.0,"Flood, Landslide, Heavy Rain, Strong Wind, Lightning",0.0,grand_total,71.0,,situation_20230507_1800_8f3aef0e.pdf,3.0,True,,,0.0,6.0,0.0,87.0,,,,,,242.0,,2023-05-07,1.0,5353,1800,2023-05-07 18:00:00,2023-05-07 18:00:00
1635.0,6349.0,1.0,"Flood, Landslide, Heavy Rain, Strong Wind, Lightning",0.0,grand_total,71.0,,situation_20230508_0600_ada7a333.pdf,3.0,True,,,1.0,6.0,0.0,88.0,,,,,,242.0,,2023-05-08,1.0,5416,0600,2023-05-08 06:00:00,2023-05-08 06:00:00
1751.0,6777.0,1.0,"Flood, Landslide, Heavy Rain, Strong Wind, Lightning",3.0,grand_total,82.0,,situation_20230508_1800_c4daf8e9.pdf,3.0,True,,,1.0,7.0,0.0,177.0,,,,,,283.0,,2023-05-08,2.0,7275,1800,2023-05-08 18:00:00,2023-05-08 18:00:00
1271.0,5347.0,1.0,"Flood, Landslide, Heavy Rain, Strong Wind, Lightning",3.0,grand_total,94.0,,situation_20230509_0600_9c68e4d2.pdf,3.0,True,,,1.0,8.0,0.0,171.0,,,,,,330.0,,2023-05-09,4.0,7029,0600,2023-05-09 06:00:00,2023-05-09 06:00:00
572.0,2055.0,0.0,"Flood, Landslide, Heavy Rain, Strong Wind, Lightning",3.0,grand_total,88.0,,situation_20230509_1800_74ffe2fc.pdf,3.0,True,,,2.0,7.0,0.0,190.0,,,,,,307.0,,2023-05-09,3.0,7329,1800,2023-05-09 18:00:00,2023-05-09 18:00:00
572.0,2055.0,0.0,"Flood, Landslide, Heavy Rain, Strong Wind, Lightning",3.0,grand_total,88.0,,situation_20230510_0600_3f42a269.pdf,3.0,True,,,2.0,7.0,0.0,190.0,,,,,,307.0,,2023-05-10,3.0,7265,0600,2023-05-10 06:00:00,2023-05-10 06:00:00
578.0,2115.0,0.0,"Flood, Landslide, Heavy Rain, Strong Wind, Lightning",3.0,grand_total,82.0,,situation_20230510_1800_26315d7c.pdf,3.0,True,,,3.0,7.0,0.0,218.0,,,,,,283.0,,2023-05-10,2.0,8108,1800,2023-05-10 18:00:00,2023-05-10 18:00:00
578.0,2115.0,0.0,"Flood, Landslide, Heavy Rain, Strong Wind, Lightning",3.0,grand_total,82.0,,situation_20230511_0600_13305937.pdf,3.0,True,,,3.0,7.0,0.0,218.0,,,,,,283.0,,2023-05-11,2.0,8036,0600,2023-05-11 06:00:00,2023-05-11 06:00:00
598.0,2189.0,0.0,"Flood, Landslide, Heavy Rain, Strong Wind, Lightning",11.0,grand_total,82.0,,situation_20230511_1800_785e707b.pdf,3.0,True,,,4.0,7.0,0.0,230.0,,,,,,283.0,,2023-05-11,2.0,8356,1800,2023-05-11 18:00:00,2023-05-11 18:00:00
598.0,2189.0,0.0,"Flood, Landslide, Heavy Rain, Strong Wind, Lightning",11.0,grand_total,82.0,,situation_20230512_0600_b027c6d2.pdf,3.0,True,,,4.0,7.0,0.0,230.0,,,,,,283.0,,2023-05-12,2.0,8428,0600,2023-05-12 06:00:00,2023-05-12 06:00:00
620.0,2270.0,0.0,"Flood, Landslide, Heavy Rain, Strong Wind, Lightning",11.0,grand_total,82.0,,situation_20230512_1800_4dd3f240.pdf,3.0,True,,,4.0,7.0,0.0,250.0,,,,,,283.0,,2023-05-12,2.0,8870,1800,2023-05-12 18:00:00,2023-05-12 18:00:00
621.0,2275.0,0.0,"Flood, Landslide, Heavy Rain, Strong Wind, Lightning",11.0,grand_total,82.0,,situation_20230513_1800_3454b473.pdf,3.0,True,,,4.0,8.0,0.0,251.0,,,,,,283.0,,2023-05-13,2.0,8935,1800,2023-05-13 18:00:00,2023-05-13 18:00:00
37.0,137.0,0.0,"Flood, Heavy Rain, Strong Wind, Lightning",0.0,grand_total,0.0,,situation_20230514_1800_af9f8da2.pdf,0.0,True,,,0.0,7.0,0.0,28.0,,,,,,0.0,,2023-05-14,0.0,4023,1800,2023-05-14 18:00:00,2023-05-14 18:00:00
428.0,1872.0,0.0,"Flood, Heavy Rain, Strong Wind, Lightning",0.0,grand_total,0.0,,situation_20230515_0600_1114727a.pdf,0.0,True,,,0.0,7.0,1.0,40.0,,,,,,0.0,,2023-05-15,0.0,4191,0600,2023-05-15 06:00:00,2023-05-15 06:00:00
1744.0,6564.0,0.0,"Flood, Heavy Rain, Strong Wind, Lightning",0.0,grand_total,0.0,,situation_20230515_1800_9ad29238.pdf,1.0,True,,,0.0,7.0,1.0,73.0,,,,,,0.0,,2023-05-15,0.0,4618,1800,2023-05-15 18:00:00,2023-05-15 18:00:00
2511.0,10055.0,0.0,"Flood, Heavy Rain, Strong Wind, Lightning",0.0,grand_total,0.0,,situation_20230516_0600_3547c220.pdf,1.0,True,,,0.0,7.0,1.0,76.0,,,,,,0.0,,2023-05-16,0.0,4821,0600,2023-05-16 06:00:00,2023-05-16 06:00:00
3640.0,14986.0,0.0,"Flood, Landslide, Heavy Rain, Strong Wind, Lightning",2.0,grand_total,0.0,,situation_20230516_1800_c40edb4b.pdf,4.0,True,,,0.0,7.0,1.0,221.0,,,,,,0.0,,2023-05-16,0.0,5585,1800,2023-05-16 18:00:00,2023-05-16 18:00:00
3640.0,14986.0,0.0,"Flood, Landslide, Heavy Rain, Strong Wind, Lightning",2.0,grand_total,0.0,,situation_20230517_0600_e023a83b.pdf,4.0,True,,,0.0,7.0,1.0,221.0,,,,,,0.0,,2023-05-17,0.0,5632,0600,2023-05-17 06:00:00,2023-05-17 06:00:00
2686.0,10445.0,0.0,"Flood, Heavy Rain, Strong Wind, Lightning",0.0,grand_total,0.0,,situation_20230517_1800_efebb53d.pdf,2.0,True,,,0.0,0.0,1.0,55.0,,,,,,0.0,,2023-05-17,0.0,3209,1800,2023-05-17 18:00:00,2023-05-17 18:00:00
2681.0,10443.0,0.0,"Flood, Strong Wind",0.0,grand_total,0.0,,situation_20230518_0600_cd319f03.pdf,2.0,True,,,0.0,0.0,1.0,52.0,,,,,,0.0,,2023-05-18,0.0,2721,0600,2023-05-18 06:00:00,2023-05-18 06:00:00
381.0,1514.0,0.0,"Flood, Strong Wind",0.0,grand_total,0.0,,situation_20230518_1800_19f0bdec.pdf,0.0,True,,,0.0,7.0,1.0,95.0,,,,,,0.0,,2023-05-18,0.0,2831,1800,2023-05-18 18:00:00,2023-05-18 18:00:00
381.0,1514.0,0.0,"Flood, Strong Wind",0.0,grand_total,0.0,,situation_20230519_0600_ebcbad2f.pdf,0.0,True,,,0.0,7.0,1.0,95.0,,,,,,0.0,,2023-05-19,0.0,2831,0600,2023-05-19 06:00:00,2023-05-19 06:00:00
14.0,52.0,0.0,"Heavy Rain, Strong Wind, Lightning",0.0,grand_total,0.0,,situation_20230519_1800_ccc5895c.pdf,0.0,True,,,0.0,7.0,0.0,14.0,,,,,,0.0,,2023-05-19,0.0,2826,1800,2023-05-19 18:00:00,2023-05-19 18:00:00
4.0,10.0,0.0,"Heavy Rain, Lightning",0.0,grand_total,0.0,,situation_20230520_1800_073cbd6b.pdf,0.0,True,,,0.0,0.0,0.0,4.0,,,,,,0.0,,2023-05-20,0.0,2327,1800,2023-05-20 18:00:00,2023-05-20 18:00:00
4.0,10.0,0.0,"Heavy Rain, Lightning",0.0,grand_total,0.0,,situation_20230521_0600_94487067.pdf,0.0,True,,,0.0,0.0,0.0,4.0,,,,,,0.0,,2023-05-21,0.0,2327,0600,2023-05-21 06:00:00,2023-05-21 06:00:00
49.0,179.0,0.0,"Flood, Heavy Rain",0.0,grand_total,0.0,,situation_20230522_0600_70e4f5da.pdf,0.0,True,,,0.0,0.0,0.0,1.0,,,,,,0.0,,2023-05-22,0.0,2845,0600,2023-05-22 06:00:00,2023-05-22 06:00:00
17.0,52.0,0.0,"Flood, Strong Wind, Lightning",1.0,grand_total,0.0,,situation_20230522_1800_1e4a48e7.pdf,1.0,True,,,0.0,0.0,0.0,9.0,,,,,,0.0,,2023-05-22,0.0,2657,1800,2023-05-22 18:00:00,2023-05-22 18:00:00
17.0,52.0,0.0,"Flood, Strong Wind, Lightning",1.0,grand_total,0.0,,situation_20230523_0600_354c9eab.pdf,1.0,True,,,0.0,0.0,0.0,9.0,,,,,,0.0,,2023-05-23,0.0,2658,0600,2023-05-23 06:00:00,2023-05-23 06:00:00
0.0,0.0,0.0,Other,0.0,confirmed_zero_report,0.0,,situation_20230523_1800_35ef0a39.pdf,0.0,True,,,0.0,0.0,0.0,0.0,,,,,,0.0,,2023-05-23,0.0,2163,1800,2023-05-23 18:00:00,2023-05-23 18:00:00
0.0,0.0,0.0,Other,0.0,confirmed_zero_report,0.0,,situation_20230524_0600_e8cb289e.pdf,0.0,True,,,0.0,0.0,0.0,0.0,,,,,,0.0,,2023-05-24,0.0,2080,0600,2023-05-24 06:00:00,2023-05-24 06:00:00
9.0,40.0,0.0,Lightning,0.0,grand_total,0.0,,situation_20230524_1800_8354e460.pdf,0.0,True,,,0.0,0.0,0.0,9.0,,,,,,0.0,,2023-05-24,0.0,2772,1800,2023-05-24 18:00:00,2023-05-24 18:00:00
1.0,4.0,0.0,Other,0.0,grand_total,0.0,,situation_20230525_1800_45d7387d.pdf,0.0,True,,,0.0,0.0,0.0,1.0,,,,,,0.0,,2023-05-25,0.0,2202,1800,2023-05-25 18:00:00,2023-05-25 18:00:00
1.0,4.0,1.0,Other,0.0,grand_total,0.0,,situation_20230526_1800_459c81c4.pdf,0.0,True,,,0.0,0.0,0.0,0.0,,,,,,0.0,,2023-05-26,0.0,2217,1800,2023-05-26 18:00:00,2023-05-26 18:00:00
0.0,0.0,0.0,Other,0.0,grand_total,0.0,,situation_20230528_0600_c98a75bc.pdf,0.0,True,,,0.0,0.0,0.0,0.0,,,,,,0.0,,2023-05-28,0.0,2188,0600,2023-05-28 06:00:00,2023-05-28 06:00:00
0.0,0.0,2.0,Lightning,0.0,grand_total,0.0,,situation_20230528_1800_a1c80965.pdf,0.0,True,,,0.0,0.0,0.0,0.0,,,,,,0.0,,2023-05-28,0.0,2187,1800,2023-05-28 18:00:00,2023-05-28 18:00:00
0.0,0.0,2.0,Lightning,0.0,grand_total,0.0,,situation_20230529_0600_b2d17cc0.pdf,0.0,True,,,0.0,0.0,0.0,0.0,,,,,,0.0,,2023-05-29,0.0,2187,0600,2023-05-29 06:00:00,2023-05-29 06:00:00
11.0,40.0,0.0,"Heavy Rain, Strong Wind",0.0,grand_total,0.0,,situation_20230529_1800_6bc974cc.pdf,0.0,True,,,0.0,0.0,0.0,10.0,,,,,,0.0,,2023-05-29,0.0,2446,1800,2023-05-29 18:00:00,2023-05-29 18:00:00
14.0,48.0,0.0,"Strong Wind, Lightning",0.0,grand_total,0.0,,situation_20230530_1800_786ea9bb.pdf,0.0,True,,,0.0,0.0,0.0,14.0,,,,,,0.0,,2023-05-30,0.0,2593,1800,2023-05-30 18:00:00,2023-05-30 18:00:00
14.0,44.0,0.0,Strong Wind,0.0,grand_total,0.0,,situation_20230531_1800_a147e152.pdf,1.0,True,,,0.0,0.0,0.0,13.0,,,,,,0.0,,2023-05-31,0.0,3107,1800,2023-05-31 18:00:00,2023-05-31 18:00:00
0.0,0.0,0.0,Other,0.0,confirmed_zero_report,0.0,,situation_20230601_0600_a8ab0fe4.pdf,0.0,True,,,0.0,0.0,0.0,0.0,,,,,,0.0,,2023-06-01,0.0,2120,0600,2023-06-01 06:00:00,2023-06-01 06:00:00
1.0,2.0,0.0,Lightning,0.0,grand_total,0.0,,situation_20230601_1800_201f0c44.pdf,0.0,True,,,0.0,1.0,0.0,0.0,,,,,,0.0,,2023-06-01,0.0,2157,1800,2023-06-01 18:00:00,2023-06-01 18:00:00
0.0,0.0,0.0,Other,0.0,grand_total,0.0,,situation_20230602_0600_ac63e4e9.pdf,0.0,True,,,0.0,0.0,0.0,0.0,,,,,,0.0,,2023-06-02,0.0,2057,0600,2023-06-02 06:00:00,2023-06-02 06:00:00
43.0,149.0,0.0,"Flood, Heavy Rain, Strong Wind, Lightning",0.0,grand_total,0.0,,situation_20230602_1800_eac26723.pdf,0.0,True,,,0.0,0.0,0.0,38.0,,,,,,0.0,,2023-06-02,0.0,2482,1800,2023-06-02 18:00:00,2023-06-02 18:00:00
43.0,149.0,0.0,"Flood, Heavy Rain, Strong Wind, Lightning",0.0,grand_total,0.0,,situation_20230603_0600_a90d41b6.pdf,0.0,True,,,0.0,0.0,0.0,38.0,,,,,,0.0,,2023-06-03,0.0,2482,0600,2023-06-03 06:00:00,2023-06-03 06:00:00
43.0,149.0,0.0,"Flood, Heavy Rain, Strong Wind, Lightning",0.0,grand_total,0.0,,situation_20230603_1800_48affaae.pdf,0.0,True,,,0.0,0.0,0.0,38.0,,,,,,0.0,,2023-06-03,0.0,2482,1800,2023-06-03 18:00:00,2023-06-03 18:00:00
43.0,149.0,0.0,"Flood, Heavy Rain, Strong Wind, Lightning",0.0,grand_total,0.0,,situation_20230604_0600_8783a7dd.pdf,0.0,True,,,0.0,0.0,0.0,38.0,,,,,,0.0,,2023-06-04,0.0,2482,0600,2023-06-04 06:00:00,2023-06-04 06:00:00
46.0,165.0,0.0,"Flood, Landslide, Heavy Rain, Strong Wind, Lightning",0.0,grand_total,0.0,,situation_20230604_1800_5266ea45.pdf,0.0,True,,,0.0,0.0,0.0,38.0,,,,,,0.0,,2023-06-04,0.0,2726,1800,2023-06-04 18:00:00,2023-06-04 18:00:00
46.0,165.0,0.0,"Flood, Landslide, Heavy Rain, Strong Wind, Lightning",0.0,grand_total,0.0,,situation_20230605_0600_cda99677.pdf,0.0,True,,,0.0,0.0,0.0,38.0,,,,,,0.0,,2023-06-05,0.0,2726,0600,2023-06-05 06:00:00,2023-06-05 06:00:00
109.0,413.0,0.0,"Flood, Landslide, Heavy Rain, Strong Wind, Lightning",35.0,grand_total,0.0,,situation_20230605_1800_60b7cb2c.pdf,1.0,True,,,0.0,5.0,0.0,61.0,,,,,,0.0,,2023-06-05,0.0,3642,1800,2023-06-05 18:00:00,2023-06-05 18:00:00
112.0,423.0,0.0,"Flood, Landslide, Heavy Rain, Strong Wind, Lightning",35.0,grand_total,0.0,,situation_20230606_0600_1ea87a91.pdf,1.0,True,,,0.0,5.0,0.0,64.0,,,,,,0.0,,2023-06-06,0.0,3672,0600,2023-06-06 06:00:00,2023-06-06 06:00:00
199.0,778.0,0.0,"Flood, Landslide, Heavy Rain, Strong Wind, Lightning",35.0,grand_total,0.0,,situation_20230606_1800_c0b593b8.pdf,1.0,True,,,0.0,5.0,0.0,90.0,,,,,,0.0,,2023-06-06,0.0,4269,1800,2023-06-06 18:00:00,2023-06-06 18:00:00
199.0,778.0,0.0,"Flood, Landslide, Heavy Rain, Strong Wind, Lightning",35.0,grand_total,0.0,,situation_20230607_0600_3f1413b6.pdf,1.0,True,,,0.0,5.0,0.0,90.0,,,,,,0.0,,2023-06-07,0.0,4229,0600,2023-06-07 06:00:00,2023-06-07 06:00:00
141.0,561.0,0.0,"Flood, Landslide, Heavy Rain, Strong Wind, Lightning",35.0,grand_total,0.0,,situation_20230607_1800_bdd96df9.pdf,1.0,True,,,0.0,5.0,0.0,37.0,,,,,,0.0,,2023-06-07,0.0,3653,1800,2023-06-07 18:00:00,2023-06-07 18:00:00
141.0,561.0,0.0,"Flood, Landslide, Heavy Rain, Strong Wind, Lightning",35.0,grand_total,0.0,,situation_20230608_0600_67f0429e.pdf,1.0,True,,,0.0,5.0,0.0,37.0,,,,,,0.0,,2023-06-08,0.0,3689,0600,2023-06-08 06:00:00,2023-06-08 06:00:00
200.0,762.0,0.0,"Flood, Landslide, Heavy Rain, Strong Wind, Lightning",35.0,grand_total,0.0,,situation_20230608_1800_5ca8e75b.pdf,1.0,True,,,0.0,5.0,0.0,87.0,,,,,,0.0,,2023-06-08,0.0,3942,1800,2023-06-08 18:00:00,2023-06-08 18:00:00
200.0,762.0,0.0,"Flood, Landslide, Heavy Rain, Strong Wind, Lightning",35.0,grand_total,0.0,,situation_20230609_0600_39bc1a74.pdf,1.0,True,,,0.0,5.0,0.0,87.0,,,,,,0.0,,2023-06-09,0.0,3978,0600,2023-06-09 06:00:00,2023-06-09 06:00:00
10.0,36.0,0.0,"Strong Wind, Lightning",0.0,grand_total,0.0,,situation_20230609_1800_9e62089c.pdf,0.0,True,,,0.0,1.0,0.0,10.0,,,,,,0.0,,2023-06-09,0.0,2329,1800,2023-06-09 18:00:00,2023-06-09 18:00:00
8.0,27.0,0.0,Strong Wind,1.0,grand_total,0.0,,situation_20230612_0600_ec0e2760.pdf,0.0,True,,,0.0,0.0,0.0,8.0,,,,,,0.0,,2023-06-12,0.0,2179,0600,2023-06-12 06:00:00,2023-06-12 06:00:00
27.0,99.0,1.0,"Strong Wind, Lightning",1.0,grand_total,0.0,,situation_20230612_1800_9c9ee67e.pdf,0.0,True,,,0.0,0.0,0.0,27.0,,,,,,0.0,,2023-06-12,0.0,3054,1800,2023-06-12 18:00:00,2023-06-12 18:00:00
151.0,579.0,0.0,"Flood, Heavy Rain, Strong Wind, Lightning",1.0,grand_total,0.0,,situation_20230613_1800_977e2585.pdf,0.0,True,,,0.0,2.0,0.0,118.0,,,,,,0.0,,2023-06-13,0.0,3972,1800,2023-06-13 18:00:00,2023-06-13 18:00:00
20.0,78.0,0.0,"Heavy Rain, Strong Wind, Lightning",1.0,grand_total,0.0,,situation_20230614_1800_fec2c479.pdf,0.0,True,,,0.0,0.0,0.0,19.0,,,,,,0.0,,2023-06-14,0.0,2890,1800,2023-06-14 18:00:00,2023-06-14 18:00:00
5.0,21.0,0.0,Heavy Rain,0.0,grand_total,0.0,,situation_20230615_1800_e4f3a9a8.pdf,0.0,True,,,0.0,0.0,0.0,5.0,,,,,,0.0,,2023-06-15,0.0,2376,1800,2023-06-15 18:00:00,2023-06-15 18:00:00
3742.0,13444.0,0.0,Other,0.0,grand_total,0.0,,situation_20230623_1800_75bd691c.pdf,0.0,True,,,0.0,0.0,0.0,0.0,,,,,,0.0,,2023-06-23,0.0,2589,1800,2023-06-23 18:00:00,2023-06-23 18:00:00
3742.0,13444.0,0.0,Other,0.0,grand_total,0.0,,situation_20230624_1800_e6ec0509.pdf,0.0,True,,,0.0,0.0,0.0,0.0,,,,,,0.0,,2023-06-24,0.0,2592,1800,2023-06-24 18:00:00,2023-06-24 18:00:00
3746.0,13453.0,0.0,Strong Wind,0.0,grand_total,0.0,,situation_20230626_1800_3e753b33.pdf,0.0,True,,,0.0,0.0,0.0,4.0,,,,,,0.0,,2023-06-26,0.0,2673,1800,2023-06-26 18:00:00,2023-06-26 18:00:00
3749.0,13464.0,0.0,"Strong Wind, Lightning",0.0,grand_total,0.0,,situation_20230627_1800_9ca379b9.pdf,0.0,True,,,0.0,0.0,0.0,7.0,,,,,,0.0,,2023-06-27,0.0,2771,1800,2023-06-27 18:00:00,2023-06-27 18:00:00
3749.0,13464.0,0.0,"Strong Wind, Lightning",0.0,grand_total,0.0,,situation_20230628_0600_806dae89.pdf,0.0,True,,,0.0,0.0,0.0,7.0,,,,,,0.0,,2023-06-28,0.0,2771,0600,2023-06-28 06:00:00,2023-06-28 06:00:00
3745.0,13458.0,0.0,"Heavy Rain, Strong Wind",0.0,grand_total,0.0,,situation_20230628_1800_88f273ab.pdf,0.0,True,,,0.0,0.0,0.0,3.0,,,,,,0.0,,2023-06-28,0.0,2691,1800,2023-06-28 18:00:00,2023-06-28 18:00:00
3742.0,13444.0,0.0,Other,0.0,grand_total,0.0,,situation_20230629_0600_2b6b3d87.pdf,0.0,True,,,0.0,0.0,0.0,0.0,,,,,,0.0,,2023-06-29,0.0,2600,0600,2023-06-29 06:00:00,2023-06-29 06:00:00
3742.0,13444.0,0.0,Other,0.0,grand_total,0.0,,situation_20230630_unknown_5b081288.pdf,0.0,True,,,0.0,0.0,0.0,0.0,,,,,,0.0,,2023-06-30,0.0,2600,0000,2023-06-30 00:00:00,2023-06-30 00:00:00
3752.0,13475.0,0.0,Other,0.0,grand_total,0.0,,situation_20230630_1800_64907388.pdf,0.0,True,,,0.0,0.0,0.0,10.0,,,,,,0.0,,2023-06-30,0.0,2840,1800,2023-06-30 18:00:00,2023-06-30 18:00:00
3742.0,13444.0,0.0,Other,0.0,grand_total,0.0,,situation_20230701_0600_356e204a.pdf,0.0,True,,,0.0,0.0,0.0,0.0,,,,,,0.0,,2023-07-01,0.0,2599,0600,2023-07-01 06:00:00,2023-07-01 06:00:00
3743.0,13449.0,0.0,Other,0.0,grand_total,0.0,,situation_20230701_1800_c921a432.pdf,0.0,True,,,0.0,0.0,0.0,1.0,,,,,,0.0,,2023-07-01,0.0,2837,1800,2023-07-01 18:00:00,2023-07-01 18:00:00
3742.0,13444.0,0.0,Other,0.0,grand_total,0.0,,situation_20230702_0600_efda53d9.pdf,0.0,True,,,0.0,0.0,0.0,0.0,,,,,,0.0,,2023-07-02,0.0,2603,0600,2023-07-02 06:00:00,2023-07-02 06:00:00
3742.0,13444.0,0.0,Other,0.0,grand_total,0.0,,situation_20230702_1800_848c14d6.pdf,0.0,True,,,0.0,0.0,0.0,0.0,,,,,,0.0,,2023-07-02,0.0,2599,1800,2023-07-02 18:00:00,2023-07-02 18:00:00
3743.0,13448.0,0.0,Other,0.0,grand_total,0.0,,situation_20230703_1800_59b09091.pdf,0.0,True,,,0.0,0.0,0.0,1.0,,,,,,0.0,,2023-07-03,0.0,2831,1800,2023-07-03 18:00:00,2023-07-03 18:00:00
44.0,188.0,0.0,"Heavy Rain, Strong Wind",0.0,grand_total,0.0,,situation_20230704_1800_4f7b4f58.pdf,0.0,True,,,0.0,0.0,0.0,41.0,,,,,,0.0,,2023-07-04,0.0,3480,1800,2023-07-04 18:00:00,2023-07-04 18:00:00
44.0,188.0,0.0,"Heavy Rain, Strong Wind",0.0,grand_total,0.0,,situation_20230705_0600_8d3580c8.pdf,0.0,True,,,0.0,0.0,0.0,41.0,,,,,,0.0,,2023-07-05,0.0,3480,0600,2023-07-05 06:00:00,2023-07-05 06:00:00
589.0,2224.0,0.0,Strong Wind,10.0,grand_total,28.0,,situation_20230705_1800_fae5b387.pdf,2.0,True,,,4.0,5.0,0.0,599.0,,,,,,121.0,,2023-07-05,2.0,6698,1800,2023-07-05 18:00:00,2023-07-05 18:00:00
594.0,2242.0,0.0,Strong Wind,10.0,grand_total,28.0,,situation_20230706_0600_6c17cc58.pdf,2.0,True,,,4.0,5.0,0.0,604.0,,,,,,121.0,,2023-07-06,2.0,6839,0600,2023-07-06 06:00:00,2023-07-06 06:00:00
1210.0,4630.0,0.0,Strong Wind,22.0,grand_total,32.0,,situation_20230706_1800_f2eeff3b.pdf,4.0,True,,,4.0,9.0,0.0,1141.0,,,,,,141.0,,2023-07-06,3.0,8698,1800,2023-07-06 18:00:00,2023-07-06 18:00:00
1214.0,4631.0,0.0,Strong Wind,22.0,grand_total,32.0,,situation_20230707_1200_3d244300.pdf,3.0,True,,,2.0,9.0,0.0,1145.0,,,,,,141.0,,2023-07-07,3.0,8791,1200,2023-07-07 12:00:00,2023-07-07 12:00:00
1583.0,6087.0,0.0,Strong Wind,27.0,grand_total,32.0,,situation_20230707_1800_6065aef3.pdf,3.0,True,,,4.0,9.0,0.0,1462.0,,,,,,141.0,,2023-07-07,3.0,9447,1800,2023-07-07 18:00:00,2023-07-07 18:00:00
1583.0,6087.0,0.0,Strong Wind,27.0,grand_total,32.0,,situation_20230708_0600_ea024546.pdf,3.0,True,,,4.0,9.0,0.0,1462.0,,,,,,141.0,,2023-07-08,3.0,9447,0600,2023-07-08 06:00:00,2023-07-08 06:00:00
54.0,238.0,0.0,Strong Wind,0.0,grand_total,32.0,,situation_20230709_1800_6efaa16e.pdf,0.0,True,,,0.0,0.0,0.0,39.0,,,,,,141.0,,2023-07-09,3.0,2424,1800,2023-07-09 18:00:00,2023-07-09 18:00:00
133.0,494.0,0.0,Strong Wind,0.0,grand_total,18.0,,situation_20230710_1800_1d566816.pdf,2.0,True,,,0.0,0.0,0.0,131.0,,,,,,75.0,,2023-07-10,1.0,3092,1800,2023-07-10 18:00:00,2023-07-10 18:00:00
133.0,494.0,0.0,Strong Wind,0.0,grand_total,18.0,,situation_20230711_0600_b83483eb.pdf,2.0,True,,,0.0,0.0,0.0,131.0,,,,,,75.0,,2023-07-11,1.0,3092,0600,2023-07-11 06:00:00,2023-07-11 06:00:00
135.0,501.0,0.0,Strong Wind,0.0,grand_total,18.0,,situation_20230711_1800_8a609f50.pdf,2.0,True,,,0.0,0.0,0.0,133.0,,,,,,75.0,,2023-07-11,1.0,3298,1800,2023-07-11 18:00:00,2023-07-11 18:00:00
20.0,82.0,0.0,Strong Wind,0.0,grand_total,18.0,,situation_20230712_0600_101f5e22.pdf,0.0,True,,,0.0,0.0,0.0,20.0,,,,,,75.0,,2023-07-12,1.0,2766,0600,2023-07-12 06:00:00,2023-07-12 06:00:00
23.0,91.0,0.0,"Strong Wind, Lightning",0.0,grand_total,18.0,,situation_20230712_1800_b61cd6ac.pdf,0.0,True,,,0.0,0.0,0.0,23.0,,,,,,75.0,,2023-07-12,1.0,2827,1800,2023-07-12 18:00:00,2023-07-12 18:00:00
23.0,91.0,0.0,"Strong Wind, Lightning",0.0,grand_total,18.0,,situation_20230713_0600_7837bd83.pdf,0.0,True,,,0.0,0.0,0.0,23.0,,,,,,75.0,,2023-07-13,1.0,2827,0600,2023-07-13 06:00:00,2023-07-13 06:00:00
22.0,87.0,0.0,"Strong Wind, Lightning",0.0,grand_total,18.0,,situation_20230713_1800_faea58a8.pdf,0.0,True,,,0.0,0.0,0.0,22.0,,,,,,75.0,,2023-07-13,1.0,2936,1800,2023-07-13 18:00:00,2023-07-13 18:00:00
5767.0,19933.0,0.0,Strong Wind,0.0,grand_total,18.0,,situation_20230714_1800_326131f8.pdf,0.0,True,,,0.0,0.0,0.0,20.0,,,,,,75.0,,2023-07-14,1.0,3120,1800,2023-07-14 18:00:00,2023-07-14 18:00:00
18.0,75.0,0.0,Other,0.0,grand_total,18.0,,situation_20230715_1800_f6f38498.pdf,0.0,True,,,0.0,0.0,0.0,18.0,,,,,,75.0,,2023-07-15,1.0,2297,1800,2023-07-15 18:00:00,2023-07-15 18:00:00
18.0,75.0,0.0,Other,0.0,grand_total,18.0,,situation_20230716_0600_9f678c03.pdf,0.0,True,,,0.0,0.0,0.0,18.0,,,,,,75.0,,2023-07-16,1.0,2297,0600,2023-07-16 06:00:00,2023-07-16 06:00:00
18.0,75.0,0.0,Other,0.0,grand_total,18.0,,situation_20230716_1800_914abf64.pdf,0.0,True,,,0.0,0.0,0.0,18.0,,,,,,75.0,,2023-07-16,1.0,2293,1800,2023-07-16 18:00:00,2023-07-16 18:00:00
21.0,85.0,0.0,Strong Wind,0.0,grand_total,18.0,,situation_20230717_1800_0ddab1c8.pdf,0.0,True,,,0.0,0.0,0.0,21.0,,,,,,75.0,,2023-07-17,1.0,2536,1800,2023-07-17 18:00:00,2023-07-17 18:00:00
23.0,92.0,0.0,Strong Wind,0.0,grand_total,18.0,,situation_20230718_0600_2919d45d.pdf,0.0,True,,,0.0,0.0,0.0,23.0,,,,,,75.0,,2023-07-18,1.0,3024,0600,2023-07-18 06:00:00,2023-07-18 06:00:00
18.0,75.0,0.0,Other,0.0,grand_total,18.0,,situation_20230720_0600_f580a48c.pdf,0.0,True,,,0.0,0.0,0.0,18.0,,,,,,75.0,,2023-07-20,1.0,2599,0600,2023-07-20 06:00:00,2023-07-20 06:00:00
5.0,17.0,0.0,Strong Wind,0.0,grand_total,0.0,,situation_20230720_1800_5ed58217.pdf,0.0,True,,,0.0,0.0,0.0,5.0,,,,,,0.0,,2023-07-20,0.0,2618,1800,2023-07-20 18:00:00,2023-07-20 18:00:00
0.0,0.0,0.0,Other,0.0,confirmed_zero_report,0.0,,situation_20230722_0600_81be6202.pdf,0.0,True,,,0.0,0.0,0.0,0.0,,,,,,0.0,,2023-07-22,0.0,2089,0600,2023-07-22 06:00:00,2023-07-22 06:00:00
0.0,0.0,0.0,Other,0.0,confirmed_zero_report,0.0,,situation_20230723_1800_59b5f6fc.pdf,0.0,True,,,0.0,0.0,0.0,0.0,,,,,,0.0,,2023-07-23,0.0,2089,1800,2023-07-23 18:00:00,2023-07-23 18:00:00
0.0,0.0,0.0,Other,0.0,confirmed_zero_report,0.0,,situation_20230724_0600_beb9d431.pdf,0.0,True,,,0.0,0.0,0.0,0.0,,,,,,0.0,,2023-07-24,0.0,2089,0600,2023-07-24 06:00:00,2023-07-24 06:00:00
39.0,150.0,0.0,Strong Wind,1.0,grand_total,0.0,,situation_20230724_1800_f16ee9a0.pdf,0.0,True,,,0.0,0.0,0.0,38.0,,,,,,0.0,,2023-07-24,0.0,2925,1800,2023-07-24 18:00:00,2023-07-24 18:00:00
8.0,29.0,0.0,Strong Wind,0.0,grand_total,0.0,,situation_20230725_1800_d568c410.pdf,0.0,True,,,0.0,0.0,0.0,8.0,,,,,,0.0,,2023-07-25,0.0,2301,1800,2023-07-25 18:00:00,2023-07-25 18:00:00
0.0,0.0,0.0,Other,0.0,grand_total,0.0,,situation_20230726_0600_36426eb1.pdf,0.0,True,,,0.0,0.0,0.0,0.0,,,,,,0.0,,2023-07-26,0.0,2166,0600,2023-07-26 06:00:00,2023-07-26 06:00:00
292.0,950.0,0.0,Strong Wind,2.0,grand_total,16.0,,situation_20230726_1800_207e7bdf.pdf,0.0,True,,,0.0,0.0,0.0,285.0,,,,,,65.0,,2023-07-26,1.0,2978,1800,2023-07-26 18:00:00,2023-07-26 18:00:00
292.0,950.0,0.0,Strong Wind,2.0,grand_total,16.0,,situation_20230727_0600_18fef53a.pdf,0.0,True,,,0.0,0.0,0.0,285.0,,,,,,65.0,,2023-07-27,1.0,2978,0600,2023-07-27 06:00:00,2023-07-27 06:00:00
2.0,6.0,0.0,Strong Wind,0.0,grand_total,0.0,,situation_20230731_1800_ac101d69.pdf,0.0,True,,,0.0,0.0,0.0,2.0,,,,,,0.0,,2023-07-31,0.0,2290,1800,2023-07-31 18:00:00,2023-07-31 18:00:00
27885.0,89485.0,0.0,Strong Wind,0.0,grand_total,0.0,,situation_20230804_1800_5cac01eb.pdf,0.0,True,,,0.0,0.0,0.0,2.0,,,,,,0.0,,2023-08-04,0.0,4089,1800,2023-08-04 18:00:00,2023-08-04 18:00:00
27883.0,89480.0,0.0,Other,0.0,grand_total,0.0,,situation_20230805_1800_6d3a6e10.pdf,0.0,True,,,0.0,0.0,0.0,0.0,,,,,,0.0,,2023-08-05,0.0,4047,1800,2023-08-05 18:00:00,2023-08-05 18:00:00
27883.0,89480.0,0.0,Other,0.0,grand_total,0.0,,situation_20230806_1800_80037d54.pdf,0.0,True,,,0.0,0.0,0.0,0.0,,,,,,0.0,,2023-08-06,0.0,4042,1800,2023-08-06 18:00:00,2023-08-06 18:00:00
27883.0,89480.0,0.0,Other,0.0,grand_total,0.0,,situation_20230807_0600_a788e13f.pdf,0.0,True,,,0.0,0.0,0.0,0.0,,,,,,0.0,,2023-08-07,0.0,4042,0600,2023-08-07 06:00:00,2023-08-07 06:00:00
28837.0,92731.0,0.0,Strong Wind,0.0,grand_total,0.0,,situation_20230807_1800_e1e7098f.pdf,0.0,True,,,0.0,0.0,0.0,2.0,,,,,,0.0,,2023-08-07,0.0,4224,1800,2023-08-07 18:00:00,2023-08-07 18:00:00
28948.0,93175.0,0.0,Strong Wind,0.0,grand_total,0.0,,situation_20230808_1800_f0532606.pdf,0.0,True,,,0.0,0.0,0.0,3.0,,,,,,0.0,,2023-08-08,0.0,4663,1800,2023-08-08 18:00:00,2023-08-08 18:00:00
28945.0,93164.0,0.0,Other,0.0,grand_total,0.0,,situation_20230809_0600_1134ecb9.pdf,0.0,True,,,0.0,0.0,0.0,0.0,,,,,,0.0,,2023-08-09,0.0,4512,0600,2023-08-09 06:00:00,2023-08-09 06:00:00
30155.0,97579.0,0.0,Strong Wind,1.0,grand_total,0.0,,situation_20230809_1800_84669402.pdf,0.0,True,,,0.0,0.0,0.0,27.0,,,,,,0.0,,2023-08-09,0.0,4745,1800,2023-08-09 18:00:00,2023-08-09 18:00:00
30892.0,99599.0,0.0,Strong Wind,0.0,grand_total,0.0,,situation_20230810_1800_070f164c.pdf,0.0,True,,,0.0,0.0,0.0,31.0,,,,,,0.0,,2023-08-10,0.0,5152,1800,2023-08-10 18:00:00,2023-08-10 18:00:00
49867.0,163111.0,0.0,Strong Wind,1.0,grand_total,0.0,,situation_20230811_1800_443805f8.pdf,2.0,True,,,0.0,0.0,0.0,99.0,,,,,,0.0,,2023-08-11,0.0,6119,1800,2023-08-11 18:00:00,2023-08-11 18:00:00
50602.0,168147.0,3.0,"Strong Wind, Lightning",0.0,grand_total,0.0,,situation_20230812_1800_3516ab05.pdf,0.0,True,,,0.0,0.0,1.0,4.0,,,,,,0.0,,2023-08-12,0.0,6480,1800,2023-08-12 18:00:00,2023-08-12 18:00:00
51641.0,171781.0,0.0,Other,0.0,grand_total,0.0,,situation_20230813_0600_cd292c64.pdf,0.0,True,,,0.0,0.0,0.0,0.0,,,,,,0.0,,2023-08-13,0.0,6185,0600,2023-08-13 06:00:00,2023-08-13 06:00:00
51641.0,171781.0,0.0,Other,0.0,grand_total,0.0,,situation_20230813_1800_85fbc616.pdf,0.0,True,,,0.0,0.0,0.0,0.0,,,,,,0.0,,2023-08-13,0.0,6182,1800,2023-08-13 18:00:00,2023-08-13 18:00:00
51641.0,171781.0,0.0,Other,0.0,grand_total,0.0,,situation_20230814_0600_0cd325fc.pdf,0.0,True,,,0.0,0.0,0.0,0.0,,,,,,0.0,,2023-08-14,0.0,6182,0600,2023-08-14 06:00:00,2023-08-14 06:00:00
52402.0,174009.0,0.0,Other,0.0,grand_total,0.0,,situation_20230814_1800_c3a0f3fe.pdf,0.0,True,,,0.0,0.0,0.0,0.0,,,,,,0.0,,2023-08-14,0.0,6211,1800,2023-08-14 18:00:00,2023-08-14 18:00:00
54984.0,183050.0,0.0,Strong Wind,0.0,grand_total,0.0,,situation_20230815_1800_0ac8f571.pdf,0.0,True,,,0.0,0.0,0.0,5.0,,,,,,0.0,,2023-08-15,0.0,7127,1800,2023-08-15 18:00:00,2023-08-15 18:00:00
54984.0,183050.0,0.0,Strong Wind,0.0,grand_total,0.0,,situation_20230816_0600_3f75cbf7.pdf,0.0,True,,,0.0,0.0,0.0,5.0,,,,,,0.0,,2023-08-16,0.0,7127,0600,2023-08-16 06:00:00,2023-08-16 06:00:00
54979.0,183038.0,0.0,Other,0.0,grand_total,0.0,,situation_20230816_1800_e0964b46.pdf,0.0,True,,,0.0,0.0,0.0,0.0,,,,,,0.0,,2023-08-16,0.0,7110,1800,2023-08-16 18:00:00,2023-08-16 18:00:00
54979.0,183038.0,0.0,Other,0.0,grand_total,0.0,,situation_20230817_0600_f7dea7ae.pdf,0.0,True,,,0.0,0.0,0.0,0.0,,,,,,0.0,,2023-08-17,0.0,7110,0600,2023-08-17 06:00:00,2023-08-17 06:00:00
60943.0,210652.0,0.0,Other,0.0,grand_total,0.0,,situation_20230817_1800_0cd755ae.pdf,0.0,True,,,0.0,0.0,0.0,0.0,,,,,,0.0,,2023-08-17,0.0,7078,1800,2023-08-17 18:00:00,2023-08-17 18:00:00
60943.0,210652.0,0.0,Other,0.0,grand_total,0.0,,situation_20230818_0600_9bba4f58.pdf,0.0,True,,,0.0,0.0,0.0,0.0,,,,,,0.0,,2023-08-18,0.0,7078,0600,2023-08-18 06:00:00,2023-08-18 06:00:00
60990.0,210798.0,0.0,Strong Wind,0.0,grand_total,0.0,,situation_20230818_1800_5002a8cc.pdf,0.0,True,,,0.0,0.0,0.0,2.0,,,,,,0.0,,2023-08-18,0.0,7163,1800,2023-08-18 18:00:00,2023-08-18 18:00:00
60990.0,210798.0,0.0,Strong Wind,0.0,grand_total,0.0,,situation_20230819_1800_8c70a4df.pdf,0.0,True,,,0.0,0.0,0.0,2.0,,,,,,0.0,,2023-08-19,0.0,7163,1800,2023-08-19 18:00:00,2023-08-19 18:00:00
60990.0,210798.0,0.0,Strong Wind,0.0,grand_total,0.0,,situation_20230820_0600_9d49d0f2.pdf,0.0,True,,,0.0,0.0,0.0,2.0,,,,,,0.0,,2023-08-20,0.0,7163,0600,2023-08-20 06:00:00,2023-08-20 06:00:00
60988.0,210790.0,0.0,Other,0.0,grand_total,0.0,,situation_20230820_1800_733e9e71.pdf,0.0,True,,,0.0,0.0,0.0,0.0,,,,,,0.0,,2023-08-20,0.0,7022,1800,2023-08-20 18:00:00,2023-08-20 18:00:00
60988.0,210790.0,0.0,Other,0.0,grand_total,0.0,,situation_20230821_0600_6ce1492c.pdf,0.0,True,,,0.0,0.0,0.0,0.0,,,,,,0.0,,2023-08-21,0.0,7098,0600,2023-08-21 06:00:00,2023-08-21 06:00:00
72100.0,248531.0,0.0,Strong Wind,0.0,grand_total,0.0,,situation_20230821_1800_1cd33808.pdf,0.0,True,,,0.0,0.0,0.0,4.0,,,,,,0.0,,2023-08-21,0.0,8073,1800,2023-08-21 18:00:00,2023-08-21 18:00:00
72100.0,248531.0,0.0,Strong Wind,0.0,grand_total,0.0,,situation_20230822_0600_62a0c9be.pdf,0.0,True,,,0.0,0.0,0.0,4.0,,,,,,0.0,,2023-08-22,0.0,8073,0600,2023-08-22 06:00:00,2023-08-22 06:00:00
81035.0,279739.0,1.0,Strong Wind,0.0,grand_total,0.0,,situation_20230822_1800_affb046b.pdf,3.0,True,,,0.0,1.0,0.0,5.0,,,,,,0.0,,2023-08-22,0.0,8798,1800,2023-08-22 18:00:00,2023-08-22 18:00:00
81162.0,280247.0,0.0,Strong Wind,0.0,grand_total,0.0,,situation_20230823_1800_88908493.pdf,1.0,True,,,0.0,0.0,0.0,3.0,,,,,,0.0,,2023-08-23,0.0,8572,1800,2023-08-23 18:00:00,2023-08-23 18:00:00
81158.0,280230.0,0.0,Other,0.0,grand_total,0.0,,situation_20230824_0600_63aa9ed6.pdf,0.0,True,,,0.0,0.0,0.0,0.0,,,,,,0.0,,2023-08-24,0.0,8310,0600,2023-08-24 06:00:00,2023-08-24 06:00:00
81158.0,280230.0,0.0,Other,0.0,grand_total,0.0,,situation_20230825_0600_a9640630.pdf,0.0,True,,,0.0,0.0,0.0,0.0,,,,,,0.0,,2023-08-25,0.0,8288,0600,2023-08-25 06:00:00,2023-08-25 06:00:00
81203.0,280400.0,0.0,"Heavy Rain, Strong Wind",0.0,grand_total,0.0,,situation_20230825_1800_5a8d2eae.pdf,0.0,True,,,0.0,0.0,0.0,0.0,,,,,,0.0,,2023-08-25,0.0,8694,1800,2023-08-25 18:00:00,2023-08-25 18:00:00
84646.0,291720.0,0.0,Strong Wind,0.0,grand_total,0.0,,situation_20230826_0600_9c586134.pdf,1.0,True,,,0.0,0.0,0.0,1.0,,,,,,0.0,,2023-08-26,0.0,8647,0600,2023-08-26 06:00:00,2023-08-26 06:00:00
84646.0,291720.0,0.0,Strong Wind,0.0,grand_total,0.0,,situation_20230826_1800_2442af55.pdf,1.0,True,,,0.0,0.0,0.0,1.0,,,,,,0.0,,2023-08-26,0.0,8734,1800,2023-08-26 18:00:00,2023-08-26 18:00:00
84646.0,291720.0,0.0,Strong Wind,0.0,grand_total,0.0,,situation_20230827_0600_3d605c61.pdf,1.0,True,,,0.0,0.0,0.0,1.0,,,,,,0.0,,2023-08-27,0.0,8646,0600,2023-08-27 06:00:00,2023-08-27 06:00:00
84647.0,291729.0,0.0,Other,0.0,grand_total,0.0,,situation_20230827_1800_b3380edf.pdf,0.0,True,,,0.0,0.0,0.0,4.0,,,,,,0.0,,2023-08-27,0.0,8572,1800,2023-08-27 18:00:00,2023-08-27 18:00:00
84643.0,291715.0,0.0,Other,0.0,grand_total,0.0,,situation_20230828_0600_74cf4fa1.pdf,0.0,True,,,0.0,0.0,0.0,0.0,,,,,,0.0,,2023-08-28,0.0,8609,0600,2023-08-28 06:00:00,2023-08-28 06:00:00
84681.0,291804.0,0.0,Other,0.0,grand_total,0.0,,situation_20230828_1800_0454c15a.pdf,0.0,True,,,0.0,0.0,0.0,0.0,,,,,,0.0,,2023-08-28,0.0,8666,1800,2023-08-28 18:00:00,2023-08-28 18:00:00
84681.0,291804.0,0.0,Other,0.0,grand_total,0.0,,situation_20230829_0600_3cbc6ecf.pdf,0.0,True,,,0.0,0.0,0.0,0.0,,,,,,0.0,,2023-08-29,0.0,8578,0600,2023-08-29 06:00:00,2023-08-29 06:00:00
89085.0,306934.0,0.0,Other,0.0,grand_total,0.0,,situation_20230829_1800_88c967ba.pdf,0.0,True,,,0.0,0.0,0.0,0.0,,,,,,0.0,,2023-08-29,0.0,9104,1800,2023-08-29 18:00:00,2023-08-29 18:00:00
89085.0,306934.0,0.0,Other,0.0,grand_total,0.0,,situation_20230830_0600_315f5b53.pdf,0.0,True,,,0.0,0.0,0.0,0.0,,,,,,0.0,,2023-08-30,0.0,9008,0600,2023-08-30 06:00:00,2023-08-30 06:00:00
89085.0,306934.0,0.0,Other,0.0,grand_total,0.0,,situation_20230830_1800_0a618dff.pdf,0.0,True,,,0.0,0.0,0.0,0.0,,,,,,0.0,,2023-08-30,0.0,9110,1800,2023-08-30 18:00:00,2023-08-30 18:00:00
89085.0,306934.0,0.0,Other,0.0,grand_total,0.0,,situation_20230831_0600_710d4501.pdf,0.0,True,,,0.0,0.0,0.0,0.0,,,,,,0.0,,2023-08-31,0.0,9014,0600,2023-08-31 06:00:00,2023-08-31 06:00:00
90580.0,312316.0,0.0,"Heavy Rain, Strong Wind",0.0,grand_total,0.0,,situation_20230831_1800_2876216b.pdf,0.0,True,,,0.0,0.0,0.0,20.0,,,,,,0.0,,2023-08-31,0.0,9521,1800,2023-08-31 18:00:00,2023-08-31 18:00:00
79741.0,279892.0,0.0,"Heavy Rain, Strong Wind",0.0,grand_total,0.0,,situation_20230901_1800_dd2384eb.pdf,0.0,True,,,0.0,0.0,0.0,15.0,,,,,,0.0,,2023-09-01,0.0,9137,1800,2023-09-01 18:00:00,2023-09-01 18:00:00
79741.0,279892.0,0.0,Other,0.0,grand_total,0.0,,situation_20230902_1800_666200e9.pdf,0.0,True,,,0.0,0.0,0.0,0.0,,,,,,0.0,,2023-09-02,0.0,8872,1800,2023-09-02 18:00:00,2023-09-02 18:00:00
18.0,62.0,0.0,"Strong Wind, Lightning",0.0,grand_total,0.0,,situation_20230903_1800_ded2d8fc.pdf,0.0,True,,,0.0,1.0,0.0,17.0,,,,,,0.0,,2023-09-03,0.0,2831,1800,2023-09-03 18:00:00,2023-09-03 18:00:00
28.0,98.0,0.0,"Strong Wind, Lightning",0.0,grand_total,0.0,,situation_20230904_0600_2707b1aa.pdf,0.0,True,,,0.0,1.0,0.0,26.0,,,,,,0.0,,2023-09-04,0.0,3232,0600,2023-09-04 06:00:00,2023-09-04 06:00:00
1630.0,6049.0,0.0,"Flood, Landslide, Heavy Rain, Strong Wind, Lightning",3.0,grand_total,0.0,,situation_20230904_1800_ed58b2a0.pdf,0.0,True,,,1.0,1.0,0.0,122.0,,,,,,0.0,,2023-09-04,0.0,5442,1800,2023-09-04 18:00:00,2023-09-04 18:00:00
1630.0,6049.0,0.0,"Flood, Landslide, Heavy Rain, Strong Wind, Lightning",3.0,grand_total,0.0,,situation_20230905_0600_7052ceaf.pdf,0.0,True,,,1.0,1.0,0.0,122.0,,,,,,0.0,,2023-09-05,0.0,5442,0600,2023-09-05 06:00:00,2023-09-05 06:00:00
1595.0,5806.0,0.0,"Landslide, Heavy Rain, Strong Wind, Lightning",3.0,grand_total,0.0,,situation_20230905_1800_595a2920.pdf,0.0,True,,,1.0,1.0,0.0,153.0,,,,,,0.0,,2023-09-05,0.0,6356,1800,2023-09-05 18:00:00,2023-09-05 18:00:00
1637.0,5958.0,0.0,"Landslide, Heavy Rain, Strong Wind, Lightning",3.0,grand_total,0.0,,situation_20230906_0600_19f574fa.pdf,0.0,True,,,1.0,1.0,0.0,193.0,,,,,,0.0,,2023-09-06,0.0,6458,0600,2023-09-06 06:00:00,2023-09-06 06:00:00
1648.0,5994.0,0.0,"Landslide, Heavy Rain, Strong Wind, Lightning",4.0,grand_total,0.0,,situation_20230906_1800_4cc11950.pdf,0.0,True,,,1.0,1.0,0.0,204.0,,,,,,0.0,,2023-09-06,0.0,6975,1800,2023-09-06 18:00:00,2023-09-06 18:00:00
1735.0,6285.0,0.0,"Landslide, Heavy Rain, Strong Wind, Lightning",6.0,grand_total,0.0,,situation_20230907_1800_043faa1b.pdf,1.0,True,,,1.0,1.0,0.0,291.0,,,,,,0.0,,2023-09-07,0.0,7325,1800,2023-09-07 18:00:00,2023-09-07 18:00:00
1747.0,6333.0,0.0,"Landslide, Heavy Rain, Strong Wind, Lightning",6.0,grand_total,0.0,,situation_20230908_1800_f5da3f8a.pdf,1.0,True,,,1.0,1.0,0.0,301.0,,,,,,0.0,,2023-09-08,0.0,7367,1800,2023-09-08 18:00:00,2023-09-08 18:00:00
1752.0,6355.0,0.0,"Landslide, Heavy Rain, Strong Wind, Lightning",6.0,grand_total,0.0,,situation_20230909_0600_60d0f4e5.pdf,1.0,True,,,1.0,1.0,0.0,306.0,,,,,,0.0,,2023-09-09,0.0,7494,0600,2023-09-09 06:00:00,2023-09-09 06:00:00
1756.0,6370.0,0.0,"Landslide, Heavy Rain, Strong Wind, Lightning",6.0,grand_total,0.0,,situation_20230909_1800_41816b38.pdf,1.0,True,,,1.0,1.0,0.0,309.0,,,,,,0.0,,2023-09-09,0.0,7235,1800,2023-09-09 18:00:00,2023-09-09 18:00:00
1756.0,6370.0,0.0,"Landslide, Heavy Rain, Strong Wind, Lightning",6.0,grand_total,0.0,,situation_20230910_0600_759f79f9.pdf,1.0,True,,,1.0,1.0,0.0,309.0,,,,,,0.0,,2023-09-10,0.0,7308,0600,2023-09-10 06:00:00,2023-09-10 06:00:00
1760.0,6385.0,0.0,"Landslide, Heavy Rain, Strong Wind, Lightning",6.0,grand_total,0.0,,situation_20230910_1800_e96eba08.pdf,1.0,True,,,1.0,1.0,0.0,313.0,,,,,,0.0,,2023-09-10,0.0,7262,1800,2023-09-10 18:00:00,2023-09-10 18:00:00
1760.0,6385.0,0.0,"Landslide, Heavy Rain, Strong Wind, Lightning",6.0,grand_total,0.0,,situation_20230911_0600_43fd8088.pdf,1.0,True,,,1.0,1.0,0.0,313.0,,,,,,0.0,,2023-09-11,0.0,7338,0600,2023-09-11 06:00:00,2023-09-11 06:00:00
9.0,38.0,0.0,"Heavy Rain, Strong Wind",0.0,grand_total,0.0,,situation_20230911_1800_c200c4cf.pdf,0.0,True,,,0.0,0.0,0.0,9.0,,,,,,0.0,,2023-09-11,0.0,2807,1800,2023-09-11 18:00:00,2023-09-11 18:00:00
9.0,38.0,0.0,"Heavy Rain, Strong Wind",0.0,grand_total,0.0,,situation_20230912_0600_b12e2151.pdf,0.0,True,,,0.0,0.0,0.0,9.0,,,,,,0.0,,2023-09-12,0.0,2807,0600,2023-09-12 06:00:00,2023-09-12 06:00:00
26.0,85.0,0.0,"Heavy Rain, Strong Wind",3.0,grand_total,0.0,,situation_20230912_1800_5b87e957.pdf,0.0,True,,,0.0,0.0,0.0,23.0,,,,,,0.0,,2023-09-12,0.0,3439,1800,2023-09-12 18:00:00,2023-09-12 18:00:00
26.0,85.0,0.0,"Heavy Rain, Strong Wind",3.0,grand_total,0.0,,situation_20230913_0600_4442e8ae.pdf,0.0,True,,,0.0,0.0,0.0,23.0,,,,,,0.0,,2023-09-13,0.0,3439,0600,2023-09-13 06:00:00,2023-09-13 06:00:00
42.0,154.0,0.0,"Heavy Rain, Strong Wind",3.0,grand_total,0.0,,situation_20230913_1800_16b74994.pdf,0.0,True,,,0.0,0.0,0.0,39.0,,,,,,0.0,,2023-09-13,0.0,4085,1800,2023-09-13 18:00:00,2023-09-13 18:00:00
42.0,154.0,0.0,"Heavy Rain, Strong Wind",3.0,grand_total,0.0,,situation_20230914_0600_ee6a2835.pdf,0.0,True,,,0.0,0.0,0.0,39.0,,,,,,0.0,,2023-09-14,0.0,4085,0600,2023-09-14 06:00:00,2023-09-14 06:00:00
10.0,38.0,0.0,"Heavy Rain, Strong Wind",0.0,grand_total,0.0,,situation_20230914_1800_0d023a51.pdf,0.0,True,,,0.0,0.0,2.0,8.0,,,,,,0.0,,2023-09-14,0.0,2804,1800,2023-09-14 18:00:00,2023-09-14 18:00:00
10.0,38.0,0.0,"Heavy Rain, Strong Wind",0.0,grand_total,0.0,,situation_20230915_0600_6ed481ae.pdf,0.0,True,,,0.0,0.0,2.0,8.0,,,,,,0.0,,2023-09-15,0.0,2804,0600,2023-09-15 06:00:00,2023-09-15 06:00:00
54.0,221.0,0.0,"Heavy Rain, Strong Wind",0.0,grand_total,0.0,,situation_20230915_1800_69de3e4f.pdf,0.0,True,,,0.0,1.0,0.0,54.0,,,,,,0.0,,2023-09-15,0.0,3692,1800,2023-09-15 18:00:00,2023-09-15 18:00:00
54.0,221.0,0.0,"Heavy Rain, Strong Wind",0.0,grand_total,0.0,,situation_20230916_0600_0bf778cf.pdf,0.0,True,,,0.0,1.0,0.0,54.0,,,,,,0.0,,2023-09-16,0.0,3644,0600,2023-09-16 06:00:00,2023-09-16 06:00:00
0.0,0.0,0.0,Other,0.0,confirmed_zero_report,0.0,,situation_20230916_1800_9c876233.pdf,0.0,True,,,0.0,0.0,0.0,0.0,,,,,,0.0,,2023-09-16,0.0,2189,1800,2023-09-16 18:00:00,2023-09-16 18:00:00
1.0,4.0,0.0,Other,0.0,grand_total,0.0,,situation_20230917_1800_d314412f.pdf,0.0,True,,,0.0,0.0,0.0,1.0,,,,,,0.0,,2023-09-17,0.0,2253,1800,2023-09-17 18:00:00,2023-09-17 18:00:00
0.0,0.0,0.0,Other,0.0,grand_total,0.0,,situation_20230918_0600_04c56989.pdf,0.0,True,,,0.0,0.0,0.0,0.0,,,,,,0.0,,2023-09-18,0.0,2247,0600,2023-09-18 06:00:00,2023-09-18 06:00:00
14.0,48.0,0.0,"Heavy Rain, Strong Wind",0.0,grand_total,0.0,,situation_20230918_1800_33c9e357.pdf,0.0,True,,,0.0,0.0,0.0,14.0,,,,,,0.0,,2023-09-18,0.0,3378,1800,2023-09-18 18:00:00,2023-09-18 18:00:00
3.0,13.0,0.0,"Heavy Rain, Strong Wind",0.0,grand_total,0.0,,situation_20230919_1800_a5d947dd.pdf,0.0,True,,,0.0,0.0,0.0,3.0,,,,,,0.0,,2023-09-19,0.0,2583,1800,2023-09-19 18:00:00,2023-09-19 18:00:00
3.0,13.0,0.0,"Heavy Rain, Strong Wind",0.0,grand_total,0.0,,situation_20230920_0600_6b584a84.pdf,0.0,True,,,0.0,0.0,0.0,3.0,,,,,,0.0,,2023-09-20,0.0,2583,0600,2023-09-20 06:00:00,2023-09-20 06:00:00
20.0,81.0,0.0,"Heavy Rain, Strong Wind, Lightning",1.0,grand_total,0.0,,situation_20230920_1800_3377cf96.pdf,0.0,True,,,0.0,3.0,0.0,12.0,,,,,,0.0,,2023-09-20,0.0,3571,1800,2023-09-20 18:00:00,2023-09-20 18:00:00
20.0,81.0,0.0,"Heavy Rain, Strong Wind, Lightning",1.0,grand_total,0.0,,situation_20230921_0600_92458381.pdf,0.0,True,,,0.0,3.0,0.0,12.0,,,,,,0.0,,2023-09-21,0.0,3571,0600,2023-09-21 06:00:00,2023-09-21 06:00:00
3.0,10.0,1.0,"Heavy Rain, Strong Wind",0.0,grand_total,0.0,,situation_20230921_1800_5eac127c.pdf,0.0,True,,,1.0,0.0,0.0,3.0,,,,,,0.0,,2023-09-21,0.0,2913,1800,2023-09-21 18:00:00,2023-09-21 18:00:00
6.0,22.0,0.0,Heavy Rain,0.0,grand_total,0.0,,situation_20230922_1800_b40487df.pdf,0.0,True,,,0.0,0.0,0.0,4.0,,,,,,0.0,,2023-09-22,0.0,2731,1800,2023-09-22 18:00:00,2023-09-22 18:00:00
6.0,22.0,0.0,Heavy Rain,0.0,grand_total,0.0,,situation_20230923_0600_05f3a74c.pdf,0.0,True,,,0.0,0.0,0.0,4.0,,,,,,0.0,,2023-09-23,0.0,2731,0600,2023-09-23 06:00:00,2023-09-23 06:00:00
6.0,22.0,0.0,Heavy Rain,0.0,grand_total,0.0,,situation_20230923_1800_d2cc879e.pdf,0.0,True,,,0.0,0.0,0.0,4.0,,,,,,0.0,,2023-09-23,0.0,2729,1800,2023-09-23 18:00:00,2023-09-23 18:00:00
7.0,25.0,0.0,Heavy Rain,0.0,grand_total,0.0,,situation_20230924_0600_5ddf7870.pdf,1.0,True,,,0.0,0.0,0.0,4.0,,,,,,0.0,,2023-09-24,0.0,2958,0600,2023-09-24 06:00:00,2023-09-24 06:00:00
7.0,24.0,0.0,"Heavy Rain, Strong Wind, Lightning",0.0,grand_total,0.0,,situation_20230925_1800_bf799648.pdf,0.0,True,,,0.0,0.0,0.0,7.0,,,,,,0.0,,2023-09-25,0.0,2797,1800,2023-09-25 18:00:00,2023-09-25 18:00:00
13.0,53.0,0.0,"Heavy Rain, Strong Wind, Lightning",0.0,grand_total,0.0,,situation_20230926_1800_d635a443.pdf,0.0,True,,,0.0,0.0,0.0,14.0,,,,,,0.0,,2023-09-26,0.0,3110,1800,2023-09-26 18:00:00,2023-09-26 18:00:00
0.0,0.0,0.0,Other,0.0,grand_total,0.0,,situation_20230927_0600_14d30e8d.pdf,0.0,True,,,0.0,0.0,0.0,0.0,,,,,,0.0,,2023-09-27,0.0,2163,0600,2023-09-27 06:00:00,2023-09-27 06:00:00
0.0,0.0,0.0,Other,0.0,grand_total,0.0,,situation_20230928_0600_2e09bd18.pdf,0.0,True,,,0.0,0.0,0.0,0.0,,,,,,0.0,,2023-09-28,0.0,2179,0600,2023-09-28 06:00:00,2023-09-28 06:00:00
31.0,132.0,0.0,"Flood, Heavy Rain",1.0,grand_total,0.0,,situation_20230928_1800_5f1d7c97.pdf,0.0,True,,,0.0,0.0,0.0,8.0,,,,,,0.0,,2023-09-28,0.0,2597,1800,2023-09-28 18:00:00,2023-09-28 18:00:00
32.0,135.0,0.0,"Flood, Heavy Rain",1.0,grand_total,0.0,,situation_20230929_0600_d92f9336.pdf,0.0,True,,,0.0,0.0,0.0,9.0,,,,,,0.0,,2023-09-29,0.0,2848,0600,2023-09-29 06:00:00,2023-09-29 06:00:00
164.0,644.0,0.0,"Flood, Heavy Rain, Strong Wind",1.0,grand_total,0.0,,situation_20230929_1800_b587f09f.pdf,0.0,True,,,0.0,0.0,0.0,36.0,,,,,,0.0,,2023-09-29,0.0,3507,1800,2023-09-29 18:00:00,2023-09-29 18:00:00
164.0,644.0,0.0,"Flood, Heavy Rain, Strong Wind",1.0,grand_total,0.0,,situation_20230930_0600_670d013f.pdf,0.0,True,,,0.0,0.0,0.0,36.0,,,,,,0.0,,2023-09-30,0.0,3507,0600,2023-09-30 06:00:00,2023-09-30 06:00:00
1275.0,5051.0,0.0,"Flood, Heavy Rain, Strong Wind",4.0,grand_total,0.0,,situation_20230930_1800_5f63d5d4.pdf,0.0,True,,,0.0,0.0,0.0,316.0,,,,,,0.0,,2023-09-30,0.0,4627,1800,2023-09-30 18:00:00,2023-09-30 18:00:00
1275.0,5051.0,0.0,"Flood, Heavy Rain, Strong Wind",4.0,grand_total,0.0,,situation_20231001_0600_f4426568.pdf,0.0,True,,,0.0,0.0,0.0,316.0,,,,,,0.0,,2023-10-01,0.0,4625,0600,2023-10-01 06:00:00,2023-10-01 06:00:00
3672.0,15496.0,0.0,"Flood, Strong Wind",5.0,grand_total,37.0,,situation_20231001_1800_6806f351.pdf,1.0,True,,,0.0,0.0,0.0,376.0,,,,,,147.0,,2023-10-01,3.0,4335,1800,2023-10-01 18:00:00,2023-10-01 18:00:00
3672.0,15496.0,0.0,"Flood, Strong Wind",5.0,grand_total,37.0,,situation_20231002_0600_c031922e.pdf,1.0,True,,,0.0,0.0,0.0,376.0,,,,,,147.0,,2023-10-02,3.0,4335,0600,2023-10-02 06:00:00,2023-10-02 06:00:00
6250.0,25863.0,0.0,"Flood, Heavy Rain, Strong Wind, Lightning",5.0,grand_total,31.0,,situation_20231002_1800_629d46f1.pdf,2.0,True,,,0.0,0.0,0.0,453.0,,,,,,124.0,,2023-10-02,3.0,6363,1800,2023-10-02 18:00:00,2023-10-02 18:00:00
6250.0,25863.0,0.0,"Flood, Heavy Rain, Strong Wind, Lightning",5.0,grand_total,31.0,,situation_20231003_0600_44f661fb.pdf,2.0,True,,,0.0,0.0,0.0,453.0,,,,,,124.0,,2023-10-03,3.0,6303,0600,2023-10-03 06:00:00,2023-10-03 06:00:00
7629.0,30353.0,0.0,"Flood, Heavy Rain, Strong Wind, Lightning",3.0,grand_total,109.0,,situation_20231003_1800_71611880.pdf,3.0,True,,,0.0,0.0,0.0,625.0,,,,,,434.0,,2023-10-03,9.0,6802,1800,2023-10-03 18:00:00,2023-10-03 18:00:00
8807.0,34827.0,0.0,"Flood, Heavy Rain, Strong Wind, Lightning",3.0,grand_total,109.0,,situation_20231004_0600_3fc61dbd.pdf,3.0,True,,,0.0,0.0,0.0,691.0,,,,,,434.0,,2023-10-04,9.0,6825,0600,2023-10-04 06:00:00,2023-10-04 06:00:00
11992.0,47963.0,0.0,"Flood, Heavy Rain, Strong Wind, Lightning",2.0,grand_total,220.0,,situation_20231004_1800_6d4a38b8.pdf,3.0,True,,,0.0,0.0,0.0,644.0,,,,,,930.0,,2023-10-04,10.0,6638,1800,2023-10-04 18:00:00,2023-10-04 18:00:00
12120.0,48821.0,0.0,"Flood, Heavy Rain, Strong Wind, Lightning",2.0,grand_total,220.0,,situation_20231005_0600_f0f384be.pdf,3.0,True,,,0.0,1.0,0.0,686.0,,,,,,930.0,,2023-10-05,10.0,6664,0600,2023-10-05 06:00:00,2023-10-05 06:00:00
13627.0,55780.0,1.0,"Flood, Heavy Rain, Strong Wind",3.0,grand_total,352.0,,situation_20231005_1800_81326948.pdf,4.0,True,,,0.0,3.0,0.0,702.0,,,,,,1473.0,,2023-10-05,15.0,6941,1800,2023-10-05 18:00:00,2023-10-05 18:00:00
13627.0,55780.0,1.0,"Flood, Heavy Rain, Strong Wind",3.0,grand_total,352.0,,situation_20231006_0600_9f684dc4.pdf,4.0,True,,,0.0,3.0,0.0,702.0,,,,,,1473.0,,2023-10-06,15.0,6941,0600,2023-10-06 06:00:00,2023-10-06 06:00:00
13027.0,53399.0,6.0,"Flood, Heavy Rain, Strong Wind",3.0,grand_total,381.0,,situation_20231006_1800_8e2770f4.pdf,5.0,True,,,1.0,20.0,0.0,720.0,,,,,,1556.0,,2023-10-06,16.0,7371,1800,2023-10-06 18:00:00,2023-10-06 18:00:00
13027.0,53399.0,6.0,"Flood, Heavy Rain, Strong Wind",3.0,grand_total,381.0,,situation_20231007_0600_1f75ff63.pdf,5.0,True,,,1.0,20.0,0.0,720.0,,,,,,1556.0,,2023-10-07,16.0,7371,0600,2023-10-07 06:00:00,2023-10-07 06:00:00
13351.0,54436.0,7.0,"Flood, Heavy Rain, Strong Wind, Lightning",2.0,grand_total,199.0,,situation_20231007_1800_fa8135b6.pdf,6.0,True,,,1.0,23.0,0.0,722.0,,,,,,788.0,,2023-10-07,11.0,7528,1800,2023-10-07 18:00:00,2023-10-07 18:00:00
13352.0,54440.0,7.0,"Flood, Heavy Rain, Strong Wind, Lightning",2.0,grand_total,195.0,,situation_20231008_0600_ba59071e.pdf,6.0,True,,,1.0,23.0,0.0,722.0,,,,,,781.0,,2023-10-08,11.0,7531,0600,2023-10-08 06:00:00,2023-10-08 06:00:00
18898.0,71320.0,2.0,"Flood, Heavy Rain, Strong Wind, Lightning",13.0,grand_total,555.0,,situation_20231008_1800_2719472b.pdf,12.0,True,,,1.0,6.0,0.0,1004.0,,,,,,1910.0,,2023-10-08,16.0,8613,1800,2023-10-08 18:00:00,2023-10-08 18:00:00
20480.0,75734.0,2.0,"Flood, Heavy Rain, Strong Wind, Lightning",13.0,grand_total,1071.0,,situation_20231009_0600_3deb4c93.pdf,13.0,True,,,1.0,5.0,0.0,1125.0,,,,,,3870.0,,2023-10-09,20.0,8672,0600,2023-10-09 06:00:00,2023-10-09 06:00:00
12719.0,46052.0,2.0,"Flood, Heavy Rain, Strong Wind, Lightning",13.0,grand_total,973.0,,situation_20231009_1800_8d7d02f4.pdf,27.0,True,,,2.0,6.0,0.0,1245.0,,,,,,3455.0,,2023-10-09,18.0,9366,1800,2023-10-09 18:00:00,2023-10-09 18:00:00
12722.0,46060.0,2.0,"Flood, Heavy Rain, Strong Wind, Lightning",13.0,grand_total,973.0,,situation_20231010_0600_54fc119d.pdf,28.0,True,,,2.0,6.0,0.0,1245.0,,,,,,3455.0,,2023-10-10,18.0,9541,0600,2023-10-10 06:00:00,2023-10-10 06:00:00
5690.0,20957.0,2.0,"Flood, Heavy Rain, Strong Wind, Lightning",13.0,grand_total,312.0,,situation_20231010_1800_93627e94.pdf,31.0,True,,,2.0,4.0,0.0,1296.0,,,,,,1056.0,,2023-10-10,13.0,9939,1800,2023-10-10 18:00:00,2023-10-10 18:00:00
5690.0,20957.0,2.0,"Flood, Heavy Rain, Strong Wind, Lightning",13.0,grand_total,312.0,,situation_20231011_0600_b1de019f.pdf,31.0,True,,,2.0,4.0,0.0,1296.0,,,,,,1056.0,,2023-10-11,13.0,9939,0600,2023-10-11 06:00:00,2023-10-11 06:00:00
5281.0,19328.0,2.0,"Flood, Heavy Rain, Strong Wind, Lightning",13.0,grand_total,303.0,,situation_20231011_1800_d85fbca0.pdf,32.0,True,,,2.0,4.0,0.0,1323.0,,,,,,1023.0,,2023-10-11,12.0,10185,1800,2023-10-11 18:00:00,2023-10-11 18:00:00
5011.0,18394.0,2.0,"Flood, Heavy Rain, Strong Wind, Lightning",13.0,grand_total,215.0,,situation_20231012_0600_91a1a5fb.pdf,33.0,True,,,2.0,4.0,0.0,1362.0,,,,,,814.0,,2023-10-12,10.0,9979,0600,2023-10-12 06:00:00,2023-10-12 06:00:00
4915.0,17950.0,3.0,"Flood, Heavy Rain, Strong Wind, Lightning",13.0,grand_total,215.0,,situation_20231012_1800_2224e172.pdf,33.0,True,,,2.0,4.0,0.0,1487.0,,,,,,814.0,,2023-10-12,10.0,11770,1800,2023-10-12 18:00:00,2023-10-12 18:00:00
4847.0,18013.0,3.0,"Flood, Landslide, Heavy Rain, Strong Wind, Lightning",14.0,grand_total,211.0,,situation_20231013_0900_585f9217.pdf,35.0,True,,,4.0,4.0,0.0,1520.0,,,,,,823.0,,2023-10-13,12.0,12236,0900,2023-10-13 09:00:00,2023-10-13 09:00:00
4860.0,18043.0,3.0,"Flood, Landslide, Heavy Rain, Strong Wind, Lightning",14.0,grand_total,211.0,,situation_20231013_1800_fec7253a.pdf,34.0,True,,,4.0,4.0,0.0,1492.0,,,,,,823.0,,2023-10-13,12.0,12294,1800,2023-10-13 18:00:00,2023-10-13 18:00:00
2367.0,8895.0,2.0,"Flood, Landslide, Heavy Rain, Strong Wind, Lightning",11.0,grand_total,171.0,,situation_20231014_0900_3dbbad52.pdf,28.0,True,,,0.0,1.0,0.0,1161.0,,,,,,586.0,,2023-10-14,8.0,7190,0900,2023-10-14 09:00:00,2023-10-14 09:00:00
2373.0,8974.0,2.0,"Flood, Landslide, Heavy Rain, Strong Wind",11.0,grand_total,238.0,,situation_20231015_0900_5f12368c.pdf,27.0,True,,,0.0,1.0,0.0,1152.0,,,,,,845.0,,2023-10-15,9.0,7072,0900,2023-10-15 09:00:00,2023-10-15 09:00:00
2323.0,8869.0,2.0,"Flood, Landslide, Heavy Rain",11.0,grand_total,242.0,,situation_20231016_0900_b625096c.pdf,27.0,True,,,0.0,1.0,0.0,1126.0,,,,,,897.0,,2023-10-16,10.0,6679,0900,2023-10-16 09:00:00,2023-10-16 09:00:00
2297.0,8714.0,1.0,"Flood, Landslide, Heavy Rain, Strong Wind, Lightning",13.0,grand_total,131.0,,situation_20231017_0900_bf18ee49.pdf,27.0,True,,,0.0,6.0,0.0,1171.0,,,,,,491.0,,2023-10-17,6.0,7974,0900,2023-10-17 09:00:00,2023-10-17 09:00:00
2420.0,9173.0,2.0,"Flood, Landslide, Heavy Rain, Strong Wind, Lightning",15.0,grand_total,173.0,,situation_20231018_0900_387c931f.pdf,28.0,True,,,0.0,5.0,0.0,1233.0,,,,,,622.0,,2023-10-18,9.0,8826,0900,2023-10-18 09:00:00,2023-10-18 09:00:00
2151.0,8328.0,1.0,"Flood, Landslide, Heavy Rain, Strong Wind, Lightning",5.0,grand_total,155.0,,situation_20231019_0900_88d1c529.pdf,24.0,True,,,0.0,3.0,0.0,974.0,,,,,,556.0,,2023-10-19,7.0,7589,0900,2023-10-19 09:00:00,2023-10-19 09:00:00
2215.0,8466.0,1.0,"Flood, Landslide, Heavy Rain, Strong Wind, Lightning",2.0,grand_total,155.0,,situation_20231020_0900_7137cc39.pdf,25.0,True,,,0.0,3.0,0.0,949.0,,,,,,556.0,,2023-10-20,7.0,6574,0900,2023-10-20 09:00:00,2023-10-20 09:00:00
3423.0,13658.0,1.0,"Flood, Landslide, Heavy Rain, Strong Wind, Lightning",2.0,grand_total,132.0,,situation_20231021_0900_e48b577f.pdf,23.0,True,,,0.0,3.0,0.0,950.0,,,,,,499.0,,2023-10-21,7.0,6165,0900,2023-10-21 09:00:00,2023-10-21 09:00:00
2087.0,8087.0,1.0,"Flood, Landslide, Heavy Rain",2.0,grand_total,132.0,,situation_20231022_0900_e2c50dd5.pdf,23.0,True,,,0.0,3.0,0.0,923.0,,,,,,499.0,,2023-10-22,7.0,4593,0900,2023-10-22 09:00:00,2023-10-22 09:00:00
2.0,5.0,1.0,"Flood, Landslide, Heavy Rain",0.0,grand_total,147.0,,situation_20231023_0900_542f56a7.pdf,0.0,True,,,0.0,1.0,0.0,2.0,,,,,,560.0,,2023-10-23,8.0,3153,0900,2023-10-23 09:00:00,2023-10-23 09:00:00
3912.0,10584.0,0.0,"Flood, Landslide, Heavy Rain, Strong Wind, Lightning",14.0,grand_total,200.0,,situation_20231024_0900_a71f366a.pdf,25.0,True,,,0.0,1.0,0.0,811.0,,,,,,689.0,,2023-10-24,8.0,5357,0900,2023-10-24 09:00:00,2023-10-24 09:00:00
4264.0,11988.0,0.0,"Flood, Landslide, Heavy Rain, Strong Wind, Lightning",0.0,grand_total,217.0,,situation_20231025_1500_2798a212.pdf,25.0,True,,,0.0,0.0,0.0,972.0,,,,,,728.0,,2023-10-25,9.0,4439,1500,2023-10-25 15:00:00,2023-10-25 15:00:00
1956.0,7439.0,0.0,"Flood, Landslide, Heavy Rain, Strong Wind, Lightning",0.0,grand_total,214.0,,situation_20231026_0900_84f5120b.pdf,26.0,True,,,0.0,0.0,0.0,996.0,,,,,,732.0,,2023-10-26,9.0,5388,0900,2023-10-26 09:00:00,2023-10-26 09:00:00
1907.0,7462.0,0.0,"Flood, Landslide, Heavy Rain, Strong Wind, Lightning",0.0,grand_total,214.0,,situation_20231027_0900_27422d6b.pdf,24.0,True,,,0.0,0.0,0.0,952.0,,,,,,732.0,,2023-10-27,9.0,4851,0900,2023-10-27 09:00:00,2023-10-27 09:00:00
1791.0,6848.0,0.0,"Flood, Landslide, Heavy Rain, Strong Wind, Lightning",0.0,grand_total,214.0,,situation_20231028_0900_20c60737.pdf,24.0,True,,,0.0,0.0,0.0,957.0,,,,,,732.0,,2023-10-28,9.0,4527,0900,2023-10-28 09:00:00,2023-10-28 09:00:00
1613.0,6160.0,0.0,"Flood, Landslide, Heavy Rain",0.0,grand_total,214.0,,situation_20231029_0900_08c66bdf.pdf,24.0,True,,,0.0,0.0,0.0,781.0,,,,,,732.0,,2023-10-29,9.0,3211,0900,2023-10-29 09:00:00,2023-10-29 09:00:00
1613.0,6160.0,0.0,"Flood, Landslide, Heavy Rain",0.0,grand_total,214.0,,situation_20231030_0900_b59fbda1.pdf,24.0,True,,,0.0,0.0,0.0,781.0,,,,,,732.0,,2023-10-30,9.0,3214,0900,2023-10-30 09:00:00,2023-10-30 09:00:00
1690.0,6443.0,0.0,"Flood, Landslide, Heavy Rain, Strong Wind, Lightning",2.0,grand_total,214.0,,situation_20231031_0900_a3f8cc03.pdf,24.0,True,,,0.0,0.0,0.0,848.0,,,,,,732.0,,2023-10-31,9.0,5708,0900,2023-10-31 09:00:00,2023-10-31 09:00:00
1498.0,5755.0,0.0,"Flood, Landslide, Heavy Rain, Strong Wind, Lightning",1.0,grand_total,192.0,,situation_20231101_0900_3e95677d.pdf,21.0,True,,,0.0,0.0,0.0,711.0,,,,,,669.0,,2023-11-01,8.0,5222,0900,2023-11-01 09:00:00,2023-11-01 09:00:00
1502.0,5780.0,0.0,"Flood, Landslide, Heavy Rain, Strong Wind, Lightning",5.0,grand_total,192.0,,situation_20231102_0900_56e2d4a8.pdf,21.0,True,,,0.0,2.0,0.0,712.0,,,,,,669.0,,2023-11-02,8.0,4177,0900,2023-11-02 09:00:00,2023-11-02 09:00:00
1752.0,6723.0,1.0,"Flood, Landslide, Heavy Rain, Strong Wind, Lightning",5.0,grand_total,225.0,,situation_20231103_0900_7cdd2e55.pdf,21.0,True,,,0.0,0.0,0.0,763.0,,,,,,809.0,,2023-11-03,11.0,6432,0900,2023-11-03 09:00:00,2023-11-03 09:00:00
372.0,1415.0,1.0,"Flood, Landslide, Heavy Rain, Lightning",1.0,grand_total,158.0,,situation_20231104_0900_2e47ff92.pdf,0.0,True,,,0.0,3.0,0.0,45.0,,,,,,564.0,,2023-11-04,10.0,4877,0900,2023-11-04 09:00:00,2023-11-04 09:00:00
88.0,362.0,1.0,"Flood, Landslide, Heavy Rain",0.0,grand_total,425.0,,situation_20231105_0900_65e7a8f0.pdf,0.0,True,,,0.0,0.0,0.0,0.0,,,,,,1111.0,,2023-11-05,17.0,3885,0900,2023-11-05 09:00:00,2023-11-05 09:00:00
69.0,267.0,2.0,"Flood, Landslide, Heavy Rain, Strong Wind, Lightning",0.0,grand_total,389.0,,situation_20231106_0900_3a9048a2.pdf,0.0,True,,,0.0,0.0,0.0,3.0,,,,,,959.0,,2023-11-06,17.0,4611,0900,2023-11-06 09:00:00,2023-11-06 09:00:00
3066.0,10892.0,1.0,"Flood, Landslide, Heavy Rain, Strong Wind, Lightning",0.0,grand_total,210.0,,situation_20231107_0900_afdd3b4d.pdf,2.0,True,,,0.0,2.0,0.0,190.0,,,,,,740.0,,2023-11-07,16.0,7907,0900,2023-11-07 09:00:00,2023-11-07 09:00:00
3935.0,14558.0,0.0,"Flood, Landslide, Heavy Rain, Strong Wind, Lightning",0.0,grand_total,371.0,,situation_20231108_0900_7278ea17.pdf,2.0,True,,,0.0,0.0,0.0,162.0,,,,,,1350.0,,2023-11-08,22.0,7236,0900,2023-11-08 09:00:00,2023-11-08 09:00:00
5949.0,22634.0,0.0,"Flood, Landslide, Heavy Rain, Strong Wind, Lightning",0.0,grand_total,479.0,,situation_20231109_0900_347788a7.pdf,0.0,True,,,2.0,0.0,0.0,248.0,,,,,,1743.0,,2023-11-09,28.0,7747,0900,2023-11-09 09:00:00,2023-11-09 09:00:00
5375.0,20578.0,0.0,"Flood, Landslide, Heavy Rain, Strong Wind, Lightning",1.0,grand_total,398.0,,situation_20231110_0900_1d543a88.pdf,1.0,True,,,2.0,0.0,0.0,89.0,,,,,,1450.0,,2023-11-10,25.0,5444,0900,2023-11-10 09:00:00,2023-11-10 09:00:00
5992.0,23132.0,0.0,"Flood, Landslide, Heavy Rain, Strong Wind, Lightning",1.0,grand_total,415.0,,situation_20231111_0900_c07bcca6.pdf,1.0,True,,,0.0,2.0,0.0,268.0,,,,,,1511.0,,2023-11-11,25.0,5545,0900,2023-11-11 09:00:00,2023-11-11 09:00:00
5523.0,21386.0,0.0,"Flood, Landslide, Heavy Rain, Strong Wind",0.0,grand_total,415.0,,situation_20231112_0900_7cef4317.pdf,1.0,True,,,0.0,0.0,0.0,252.0,,,,,,1511.0,,2023-11-12,25.0,4373,0900,2023-11-12 09:00:00,2023-11-12 09:00:00
5304.0,20549.0,0.0,"Flood, Landslide, Heavy Rain",0.0,grand_total,428.0,,situation_20231113_0900_04c8a991.pdf,1.0,True,,,0.0,0.0,4.0,8.0,,,,,,1569.0,,2023-11-13,22.0,4307,0900,2023-11-13 09:00:00,2023-11-13 09:00:00
5733.0,21697.0,2.0,"Flood, Landslide, Heavy Rain, Strong Wind, Lightning",4.0,grand_total,164.0,,situation_20231114_0900_d00d0358.pdf,2.0,True,,,7.0,2.0,4.0,183.0,,,,,,551.0,,2023-11-14,13.0,7437,0900,2023-11-14 09:00:00,2023-11-14 09:00:00
2900.0,10660.0,4.0,"Flood, Landslide, Heavy Rain, Strong Wind, Lightning",0.0,grand_total,154.0,,situation_20231115_0900_1892f5a0.pdf,2.0,True,,,1.0,2.0,0.0,48.0,,,,,,513.0,,2023-11-15,10.0,5444,0900,2023-11-15 09:00:00,2023-11-15 09:00:00
3766.0,14260.0,1.0,"Flood, Landslide, Heavy Rain, Strong Wind, Lightning",4.0,grand_total,154.0,,situation_20231116_0900_70b221d4.pdf,0.0,True,,,6.0,5.0,0.0,138.0,,,,,,510.0,,2023-11-16,10.0,5736,0900,2023-11-16 09:00:00,2023-11-16 09:00:00
2662.0,9831.0,0.0,"Flood, Landslide, Heavy Rain, Strong Wind, Lightning",1.0,grand_total,154.0,,situation_20231117_0900_2a3cf004.pdf,0.0,True,,,6.0,5.0,0.0,67.0,,,,,,510.0,,2023-11-17,10.0,5251,0900,2023-11-17 09:00:00,2023-11-17 09:00:00
1680.0,6089.0,0.0,"Flood, Landslide, Heavy Rain, Strong Wind, Lightning",0.0,grand_total,157.0,,situation_20231118_0900_7b8ae302.pdf,0.0,True,,,6.0,5.0,0.0,53.0,,,,,,520.0,,2023-11-18,11.0,5308,0900,2023-11-18 09:00:00,2023-11-18 09:00:00
0.0,0.0,0.0,"Flood, Landslide, Heavy Rain",0.0,grand_total,142.0,,situation_20231119_0900_7fadec90.pdf,0.0,True,,,0.0,0.0,0.0,0.0,,,,,,463.0,,2023-11-19,8.0,2858,0900,2023-11-19 09:00:00,2023-11-19 09:00:00
1.0,1.0,1.0,"Flood, Landslide, Heavy Rain",0.0,grand_total,142.0,,situation_20231120_0900_285f5028.pdf,0.0,True,,,0.0,0.0,0.0,0.0,,,,,,463.0,,2023-11-20,8.0,3070,0900,2023-11-20 09:00:00,2023-11-20 09:00:00
190.0,652.0,0.0,"Flood, Landslide, Heavy Rain, Lightning",0.0,grand_total,238.0,,situation_20231121_0900_08d3d55b.pdf,1.0,True,,,0.0,0.0,0.0,62.0,,,,,,817.0,,2023-11-21,11.0,3472,0900,2023-11-21 09:00:00,2023-11-21 09:00:00
798.0,2930.0,1.0,"Flood, Landslide, Heavy Rain, Strong Wind, Lightning",0.0,grand_total,191.0,,situation_20231122_0900_f85f8676.pdf,3.0,True,,,0.0,0.0,0.0,116.0,,,,,,639.0,,2023-11-22,11.0,5399,0900,2023-11-22 09:00:00,2023-11-22 09:00:00
127.0,517.0,3.0,"Flood, Landslide, Heavy Rain, Strong Wind, Lightning",0.0,grand_total,198.0,,situation_20231123_0900_dd2b9d20.pdf,1.0,True,,,0.0,0.0,0.0,37.0,,,,,,662.0,,2023-11-23,12.0,4928,0900,2023-11-23 09:00:00,2023-11-23 09:00:00
1419.0,5318.0,1.0,"Flood, Landslide, Heavy Rain, Strong Wind, Lightning",0.0,grand_total,430.0,,situation_20231124_0900_64ff2f13.pdf,4.0,True,,,0.0,0.0,1.0,114.0,,,,,,1562.0,,2023-11-24,18.0,5863,0900,2023-11-24 09:00:00,2023-11-24 09:00:00
3449.0,13077.0,0.0,"Flood, Landslide, Heavy Rain, Lightning",0.0,grand_total,589.0,,situation_20231125_0900_935424e9.pdf,5.0,True,,,0.0,0.0,1.0,186.0,,,,,,2192.0,,2023-11-25,23.0,6682,0900,2023-11-25 09:00:00,2023-11-25 09:00:00
1198.0,4898.0,1.0,"Flood, Landslide, Heavy Rain",0.0,grand_total,186.0,,situation_20231126_0900_e1c2ac82.pdf,0.0,True,,,0.0,0.0,1.0,6.0,,,,,,611.0,,2023-11-26,10.0,3652,0900,2023-11-26 09:00:00,2023-11-26 09:00:00
1198.0,4898.0,1.0,"Flood, Landslide, Heavy Rain",0.0,grand_total,186.0,,situation_20231127_0900_72896cac.pdf,0.0,True,,,0.0,0.0,1.0,6.0,,,,,,611.0,,2023-11-27,10.0,3674,0900,2023-11-27 09:00:00,2023-11-27 09:00:00
223.0,831.0,1.0,"Flood, Landslide, Heavy Rain, Strong Wind, Lightning",6.0,grand_total,194.0,,situation_20231128_0900_2eff2b97.pdf,1.0,True,,,0.0,0.0,1.0,116.0,,,,,,636.0,,2023-11-28,10.0,5129,0900,2023-11-28 09:00:00,2023-11-28 09:00:00
286.0,1029.0,0.0,"Landslide, Heavy Rain, Lightning",6.0,grand_total,295.0,,situation_20231129_0900_39191992.pdf,0.0,True,,,0.0,0.0,1.0,85.0,,,,,,947.0,,2023-11-29,12.0,3522,0900,2023-11-29 09:00:00,2023-11-29 09:00:00
298.0,1075.0,0.0,"Landslide, Heavy Rain, Lightning",6.0,grand_total,295.0,,situation_20231130_0900_93088f23.pdf,0.0,True,,,0.0,0.0,0.0,102.0,,,,,,947.0,,2023-11-30,12.0,4339,0900,2023-11-30 09:00:00,2023-11-30 09:00:00
386.0,1403.0,0.0,"Flood, Landslide, Heavy Rain, Lightning",8.0,grand_total,295.0,,situation_20231201_0900_5571574e.pdf,0.0,True,,,0.0,0.0,0.0,102.0,,,,,,947.0,,2023-12-01,12.0,4198,0900,2023-12-01 09:00:00,2023-12-01 09:00:00
133.0,451.0,0.0,"Flood, Landslide, Heavy Rain, Strong Wind, Lightning",0.0,grand_total,277.0,,situation_20231202_0900_eb632984.pdf,0.0,True,,,0.0,0.0,0.0,28.0,,,,,,888.0,,2023-12-02,11.0,4779,0900,2023-12-02 09:00:00,2023-12-02 09:00:00
75.0,221.0,0.0,"Flood, Landslide, Strong Wind",0.0,grand_total,217.0,,situation_20231203_0900_79232667.pdf,0.0,True,,,0.0,0.0,0.0,7.0,,,,,,741.0,,2023-12-03,12.0,3424,0900,2023-12-03 09:00:00,2023-12-03 09:00:00
0.0,0.0,0.0,Landslide,0.0,grand_total,217.0,,situation_20231204_0900_bd046532.pdf,0.0,True,,,0.0,0.0,0.0,0.0,,,,,,741.0,,2023-12-04,12.0,2836,0900,2023-12-04 09:00:00,2023-12-04 09:00:00
123.0,454.0,0.0,"Flood, Landslide, Heavy Rain, Strong Wind, Lightning",2.0,grand_total,183.0,,situation_20231205_0900_372ddd17.pdf,1.0,True,,,0.0,0.0,0.0,56.0,,,,,,621.0,,2023-12-05,12.0,5158,0900,2023-12-05 09:00:00,2023-12-05 09:00:00
44.0,169.0,0.0,"Landslide, Heavy Rain, Strong Wind, Lightning",0.0,grand_total,165.0,,situation_20231206_0900_069dc60b.pdf,1.0,True,,,0.0,0.0,0.0,41.0,,,,,,589.0,,2023-12-06,11.0,4520,0900,2023-12-06 09:00:00,2023-12-06 09:00:00
53.0,153.0,1.0,"Flood, Landslide, Heavy Rain, Strong Wind, Lightning",0.0,grand_total,165.0,,situation_20231207_0900_57026bad.pdf,0.0,True,,,0.0,0.0,0.0,24.0,,,,,,589.0,,2023-12-07,11.0,4442,0900,2023-12-07 09:00:00,2023-12-07 09:00:00
8.0,38.0,0.0,"Landslide, Heavy Rain, Strong Wind",0.0,grand_total,165.0,,situation_20231208_0900_4ebd3246.pdf,1.0,True,,,0.0,0.0,0.0,7.0,,,,,,589.0,,2023-12-08,11.0,3523,0900,2023-12-08 09:00:00,2023-12-08 09:00:00
123.0,500.0,1.0,"Flood, Landslide, Heavy Rain, Lightning",440.0,grand_total,176.0,,situation_20231209_0900_ff6f4706.pdf,0.0,True,,,0.0,1.0,0.0,51.0,,,,,,589.0,,2023-12-09,11.0,4330,0900,2023-12-09 09:00:00,2023-12-09 09:00:00
31.0,141.0,3.0,"Landslide, Heavy Rain, Strong Wind",0.0,grand_total,176.0,,situation_20231210_0900_ed2d4bc2.pdf,0.0,True,,,0.0,2.0,0.0,1.0,,,,,,589.0,,2023-12-10,11.0,3397,0900,2023-12-10 09:00:00,2023-12-10 09:00:00
83.0,279.0,0.0,"Landslide, Heavy Rain",0.0,grand_total,176.0,,situation_20231211_0900_372450e8.pdf,0.0,True,,,0.0,0.0,0.0,0.0,,,,,,589.0,,2023-12-11,11.0,2913,0900,2023-12-11 09:00:00,2023-12-11 09:00:00
265.0,946.0,1.0,"Flood, Landslide, Heavy Rain, Strong Wind, Lightning",1.0,grand_total,176.0,,situation_20231212_0900_6d73fe7e.pdf,7.0,True,,,0.0,3.0,0.0,87.0,,,,,,589.0,,2023-12-12,11.0,5454,0900,2023-12-12 09:00:00,2023-12-12 09:00:00
666.0,2250.0,0.0,"Flood, Landslide, Heavy Rain, Lightning",1.0,grand_total,176.0,,situation_20231213_0900_2f8034f2.pdf,7.0,True,,,2.0,1.0,0.0,35.0,,,,,,589.0,,2023-12-13,11.0,5075,0900,2023-12-13 09:00:00,2023-12-13 09:00:00
127.0,456.0,0.0,"Flood, Landslide, Heavy Rain, Strong Wind, Lightning",4.0,grand_total,176.0,,situation_20231214_0900_a68e8626.pdf,7.0,True,,,0.0,0.0,0.0,33.0,,,,,,589.0,,2023-12-14,11.0,4147,0900,2023-12-14 09:00:00,2023-12-14 09:00:00
237.0,840.0,1.0,"Flood, Landslide, Heavy Rain, Lightning",0.0,grand_total,176.0,,situation_20231215_0900_7b55f01d.pdf,7.0,True,,,0.0,0.0,0.0,21.0,,,,,,589.0,,2023-12-15,11.0,4659,0900,2023-12-15 09:00:00,2023-12-15 09:00:00
2271.0,7061.0,0.0,"Flood, Landslide, Heavy Rain, Strong Wind, Lightning",0.0,grand_total,212.0,,situation_20231216_0900_b8b6d0f9.pdf,0.0,True,,,0.0,1.0,0.0,33.0,,,,,,700.0,,2023-12-16,15.0,4995,0900,2023-12-16 09:00:00,2023-12-16 09:00:00
2256.0,7181.0,0.0,"Flood, Landslide, Heavy Rain",1.0,grand_total,490.0,,situation_20231217_0900_14a57581.pdf,0.0,True,,,0.0,0.0,0.0,32.0,,,,,,1625.0,,2023-12-17,25.0,4435,0900,2023-12-17 09:00:00,2023-12-17 09:00:00
1732.0,5815.0,0.0,"Flood, Landslide, Heavy Rain, Strong Wind",1.0,grand_total,540.0,,situation_20231218_0900_f9070bb1.pdf,0.0,True,,,0.0,0.0,0.0,16.0,,,,,,1771.0,,2023-12-18,22.0,4581,0900,2023-12-18 09:00:00,2023-12-18 09:00:00
3200.0,10958.0,0.0,"Flood, Landslide, Heavy Rain, Strong Wind, Lightning",0.0,grand_total,849.0,,situation_20231219_0900_87c1419e.pdf,0.0,True,,,0.0,1.0,0.0,61.0,,,,,,2796.0,,2023-12-19,32.0,6946,0900,2023-12-19 09:00:00,2023-12-19 09:00:00
2394.0,8196.0,0.0,"Flood, Landslide, Heavy Rain, Strong Wind, Lightning",1.0,grand_total,1140.0,,situation_20231220_0900_c467fed6.pdf,0.0,True,,,0.0,0.0,0.0,52.0,,,,,,3648.0,,2023-12-20,30.0,6673,0900,2023-12-20 09:00:00,2023-12-20 09:00:00
8925.0,28973.0,0.0,"Flood, Landslide, Heavy Rain, Strong Wind, Lightning",3.0,grand_total,499.0,,situation_20231221_0900_243a5660.pdf,10.0,True,,,0.0,0.0,0.0,170.0,,,,,,1581.0,,2023-12-21,18.0,6695,0900,2023-12-21 09:00:00,2023-12-21 09:00:00
9402.0,30377.0,0.0,"Flood, Landslide, Heavy Rain",1.0,grand_total,233.0,,situation_20231222_0900_9c84acdf.pdf,9.0,True,,,0.0,0.0,0.0,162.0,,,,,,783.0,,2023-12-22,14.0,6350,0900,2023-12-22 09:00:00,2023-12-22 09:00:00
9213.0,29805.0,0.0,"Flood, Landslide, Heavy Rain",1.0,grand_total,213.0,,situation_20231223_0900_6edf433b.pdf,9.0,True,,,0.0,1.0,0.0,164.0,,,,,,737.0,,2023-12-23,13.0,5978,0900,2023-12-23 09:00:00,2023-12-23 09:00:00
9205.0,29814.0,0.0,"Flood, Landslide, Heavy Rain",1.0,grand_total,190.0,,situation_20231224_0900_963899a9.pdf,9.0,True,,,0.0,1.0,0.0,156.0,,,,,,662.0,,2023-12-24,12.0,5200,0900,2023-12-24 09:00:00,2023-12-24 09:00:00
4166.0,14304.0,0.0,"Flood, Landslide, Heavy Rain",1.0,grand_total,158.0,,situation_20231226_0900_6b5e8b0e.pdf,9.0,True,,,0.0,0.0,0.0,102.0,,,,,,554.0,,2023-12-26,10.0,4388,0900,2023-12-26 09:00:00,2023-12-26 09:00:00
422.0,1514.0,0.0,"Landslide, Heavy Rain",0.0,grand_total,158.0,,situation_20231227_0900_404db119.pdf,9.0,True,,,0.0,0.0,0.0,46.0,,,,,,554.0,,2023-12-27,10.0,3047,0900,2023-12-27 09:00:00,2023-12-27 09:00:00
449.0,1622.0,0.0,"Landslide, Heavy Rain, Strong Wind, Lightning",1.0,grand_total,164.0,,situation_20231228_0900_9b39d77a.pdf,9.0,True,,,4.0,0.0,0.0,65.0,,,,,,583.0,,2023-12-28,11.0,4284,0900,2023-12-28 09:00:00,2023-12-28 09:00:00
334.0,1198.0,0.0,"Landslide, Heavy Rain, Strong Wind",0.0,grand_total,136.0,,situation_20231229_0900_0213234c.pdf,42.0,True,,,0.0,0.0,0.0,69.0,,,,,,465.0,,2023-12-29,9.0,4515,0900,2023-12-29 09:00:00,2023-12-29 09:00:00
823.0,2923.0,0.0,"Flood, Landslide, Heavy Rain, Strong Wind",0.0,grand_total,155.0,,situation_20231230_0900_7db1a2e8.pdf,12.0,True,,,0.0,3.0,0.0,165.0,,,,,,548.0,,2023-12-30,13.0,6353,0900,2023-12-30 09:00:00,2023-12-30 09:00:00
3409.0,12573.0,0.0,"Flood, Landslide, Heavy Rain, Strong Wind",0.0,grand_total,229.0,,situation_20231231_0900_47dea1b2.pdf,5.0,True,,,0.0,3.0,0.0,251.0,,,,,,770.0,,2023-12-31,17.0,7282,0900,2023-12-31 09:00:00,2023-12-31 09:00:00
4432.0,14700.0,0.0,"Flood, Landslide, Heavy Rain, Strong Wind",0.0,grand_total,324.0,,situation_20240101_0900_84b4e29a.pdf,3.0,True,,,1.0,4.0,0.0,182.0,,,,,,1030.0,,2024-01-01,19.0,5343,0900,2024-01-01 09:00:00,2024-01-01 09:00:00
5687.0,19202.0,0.0,"Flood, Landslide, Heavy Rain, Strong Wind",4.0,grand_total,508.0,,situation_20240102_0900_48903c0c.pdf,3.0,True,,,0.0,6.0,0.0,361.0,,,,,,1589.0,,2024-01-02,20.0,6472,0900,2024-01-02 09:00:00,2024-01-02 09:00:00
9573.0,33286.0,1.0,"Flood, Landslide, Heavy Rain, Strong Wind, Lightning",7.0,grand_total,736.0,,situation_20240103_0900_5d228f37.pdf,8.0,True,,,1.0,4.0,0.0,459.0,,,,,,2312.0,,2024-01-03,27.0,9137,0900,2024-01-03 09:00:00,2024-01-03 09:00:00
11241.0,38075.0,1.0,"Flood, Landslide, Heavy Rain, Strong Wind",9.0,grand_total,756.0,,situation_20240104_0900_d481dafd.pdf,8.0,True,,,1.0,4.0,0.0,563.0,,,,,,2348.0,,2024-01-04,26.0,9094,0900,2024-01-04 09:00:00,2024-01-04 09:00:00
7812.0,25662.0,1.0,"Flood, Landslide, Heavy Rain, Strong Wind, Lightning",8.0,grand_total,767.0,,situation_20240105_0900_f26e7fe9.pdf,3.0,True,,,1.0,4.0,0.0,255.0,,,,,,2393.0,,2024-01-05,25.0,6619,0900,2024-01-05 09:00:00,2024-01-05 09:00:00
6529.0,21739.0,1.0,"Flood, Landslide, Heavy Rain, Strong Wind",8.0,grand_total,551.0,,situation_20240106_0900_2b14095d.pdf,6.0,True,,,1.0,4.0,0.0,256.0,,,,,,1758.0,,2024-01-06,19.0,6149,0900,2024-01-06 09:00:00,2024-01-06 09:00:00
650.0,2208.0,1.0,"Landslide, Heavy Rain",3.0,grand_total,349.0,,situation_20240108_0900_1695088f.pdf,3.0,True,,,0.0,0.0,0.0,88.0,,,,,,1136.0,,2024-01-08,15.0,3485,0900,2024-01-08 09:00:00,2024-01-08 09:00:00
749.0,2546.0,1.0,"Landslide, Heavy Rain, Lightning",3.0,grand_total,345.0,,situation_20240109_0900_183f0e08.pdf,5.0,True,,,1.0,0.0,0.0,172.0,,,,,,1122.0,,2024-01-09,15.0,5537,0900,2024-01-09 09:00:00,2024-01-09 09:00:00
3348.0,11170.0,0.0,"Flood, Landslide, Heavy Rain, Strong Wind, Lightning",6.0,grand_total,399.0,,situation_20240110_0900_f1107519.pdf,3.0,True,,,0.0,0.0,1.0,112.0,,,,,,1237.0,,2024-01-10,19.0,5257,0900,2024-01-10 09:00:00,2024-01-10 09:00:00
33687.0,109635.0,2.0,"Flood, Landslide, Heavy Rain, Strong Wind, Lightning",3.0,grand_total,1587.0,,situation_20240111_0900_6fa4bf24.pdf,6.0,True,,,0.0,1.0,1.0,318.0,,,,,,4981.0,,2024-01-11,31.0,8379,0900,2024-01-11 09:00:00,2024-01-11 09:00:00
53641.0,178312.0,0.0,"Flood, Landslide, Heavy Rain, Strong Wind",5.0,grand_total,2659.0,,situation_20240112_0900_ad476523.pdf,12.0,True,,,0.0,1.0,0.0,288.0,,,,,,8351.0,,2024-01-12,48.0,7393,0900,2024-01-12 09:00:00,2024-01-12 09:00:00
66770.0,219862.0,0.0,"Flood, Landslide, Heavy Rain, Strong Wind, Lightning",6.0,grand_total,3201.0,,situation_20240113_0900_66468a3a.pdf,9.0,True,,,1.0,0.0,0.0,188.0,,,,,,9592.0,,2024-01-13,50.0,7614,0900,2024-01-13 09:00:00,2024-01-13 09:00:00
50796.0,168446.0,1.0,"Flood, Landslide, Heavy Rain, Strong Wind",4.0,grand_total,1241.0,,situation_20240114_0900_3feca663.pdf,12.0,True,,,0.0,0.0,0.0,156.0,,,,,,3828.0,,2024-01-14,33.0,6752,0900,2024-01-14 09:00:00,2024-01-14 09:00:00
49169.0,162868.0,0.0,"Flood, Landslide, Heavy Rain",2.0,grand_total,877.0,,situation_20240115_0900_7dbda875.pdf,8.0,True,,,0.0,0.0,0.0,105.0,,,,,,2764.0,,2024-01-15,29.0,5006,0900,2024-01-15 09:00:00,2024-01-15 09:00:00
1038.0,3220.0,0.0,"Flood, Landslide, Heavy Rain",2.0,grand_total,425.0,,situation_20240116_0900_66e61c1c.pdf,4.0,True,,,0.0,0.0,0.0,42.0,,,,,,1379.0,,2024-01-16,16.0,4232,0900,2024-01-16 09:00:00,2024-01-16 09:00:00
1009.0,3120.0,0.0,"Flood, Landslide, Heavy Rain",2.0,grand_total,444.0,,situation_20240117_0900_80443466.pdf,4.0,True,,,0.0,0.0,0.0,42.0,,,,,,1438.0,,2024-01-17,19.0,4395,0900,2024-01-17 09:00:00,2024-01-17 09:00:00
1202.0,4244.0,1.0,"Flood, Landslide, Heavy Rain",2.0,grand_total,397.0,,situation_20240118_0900_2424a9c7.pdf,4.0,True,,,4.0,0.0,0.0,105.0,,,,,,1309.0,,2024-01-18,16.0,5157,0900,2024-01-18 09:00:00,2024-01-18 09:00:00
655.0,2202.0,0.0,"Flood, Landslide, Heavy Rain, Strong Wind",2.0,grand_total,380.0,,situation_20240119_0900_96791baa.pdf,4.0,True,,,0.0,0.0,0.0,77.0,,,,,,1228.0,,2024-01-19,16.0,4443,0900,2024-01-19 09:00:00,2024-01-19 09:00:00
652.0,2192.0,0.0,"Flood, Landslide, Heavy Rain, Strong Wind",2.0,grand_total,380.0,,situation_20240120_0900_9110f823.pdf,4.0,True,,,0.0,0.0,0.0,74.0,,,,,,1228.0,,2024-01-20,16.0,4130,0900,2024-01-20 09:00:00,2024-01-20 09:00:00
652.0,2192.0,0.0,"Flood, Landslide, Heavy Rain, Strong Wind",2.0,grand_total,380.0,,situation_20240121_0900_e1ab7998.pdf,4.0,True,,,0.0,0.0,0.0,74.0,,,,,,1228.0,,2024-01-21,16.0,4151,0900,2024-01-21 09:00:00,2024-01-21 09:00:00
592.0,1988.0,0.0,"Landslide, Heavy Rain, Strong Wind",2.0,grand_total,295.0,,situation_20240122_0900_982ad3e6.pdf,3.0,True,,,0.0,0.0,0.0,74.0,,,,,,940.0,,2024-01-22,14.0,3671,0900,2024-01-22 09:00:00,2024-01-22 09:00:00
563.0,1866.0,0.0,"Landslide, Heavy Rain",2.0,grand_total,295.0,,situation_20240123_0900_d14b54bf.pdf,4.0,True,,,1.0,0.0,0.0,44.0,,,,,,940.0,,2024-01-23,14.0,3919,0900,2024-01-23 09:00:00,2024-01-23 09:00:00
535.0,1793.0,0.0,"Landslide, Heavy Rain, Strong Wind",2.0,grand_total,198.0,,situation_20240124_0900_4f8f76d0.pdf,3.0,True,,,0.0,0.0,0.0,53.0,,,,,,673.0,,2024-01-24,12.0,3840,0900,2024-01-24 09:00:00,2024-01-24 09:00:00
506.0,1692.0,0.0,Landslide,2.0,grand_total,198.0,,situation_20240125_0900_545f0195.pdf,3.0,True,,,0.0,0.0,0.0,39.0,,,,,,673.0,,2024-01-25,12.0,3295,0900,2024-01-25 09:00:00,2024-01-25 09:00:00
506.0,1692.0,0.0,Landslide,2.0,grand_total,198.0,,situation_20240126_0900_cfca6547.pdf,3.0,True,,,0.0,0.0,0.0,39.0,,,,,,673.0,,2024-01-26,12.0,3270,0900,2024-01-26 09:00:00,2024-01-26 09:00:00
506.0,1692.0,0.0,Landslide,2.0,grand_total,106.0,,situation_20240127_0900_3ebafb8b.pdf,3.0,True,,,0.0,0.0,0.0,39.0,,,,,,385.0,,2024-01-27,12.0,3287,0900,2024-01-27 09:00:00,2024-01-27 09:00:00
506.0,1692.0,0.0,Landslide,2.0,grand_total,106.0,,situation_20240128_0900_28ac0510.pdf,3.0,True,,,0.0,0.0,0.0,39.0,,,,,,385.0,,2024-01-28,12.0,3287,0900,2024-01-28 09:00:00,2024-01-28 09:00:00
506.0,1692.0,0.0,Landslide,2.0,grand_total,106.0,,situation_20240129_0900_bff020d6.pdf,3.0,True,,,0.0,0.0,0.0,39.0,,,,,,385.0,,2024-01-29,12.0,3271,0900,2024-01-29 09:00:00,2024-01-29 09:00:00
506.0,1692.0,0.0,Landslide,2.0,grand_total,106.0,,situation_20240130_0900_761702c4.pdf,3.0,True,,,0.0,0.0,0.0,39.0,,,,,,385.0,,2024-01-30,12.0,3271,0900,2024-01-30 09:00:00,2024-01-30 09:00:00
506.0,1692.0,0.0,Landslide,2.0,grand_total,106.0,,situation_20240131_0900_b6b7638f.pdf,3.0,True,,,0.0,0.0,0.0,39.0,,,,,,385.0,,2024-01-31,12.0,3267,0900,2024-01-31 09:00:00,2024-01-31 09:00:00
506.0,1692.0,0.0,Landslide,2.0,grand_total,106.0,,situation_20240201_0900_2d95e75d.pdf,3.0,True,,,0.0,0.0,0.0,39.0,,,,,,385.0,,2024-02-01,12.0,3268,0900,2024-02-01 09:00:00,2024-02-01 09:00:00
514.0,1720.0,0.0,"Landslide, Heavy Rain, Strong Wind, Lightning",2.0,grand_total,106.0,,situation_20240203_0900_3d62a4bd.pdf,3.0,True,,,0.0,0.0,0.0,51.0,,,,,,386.0,,2024-02-03,12.0,4117,0900,2024-02-03 09:00:00,2024-02-03 09:00:00
502.0,1675.0,0.0,Landslide,2.0,grand_total,106.0,,situation_20240205_0900_e9fc1821.pdf,3.0,True,,,0.0,0.0,0.0,39.0,,,,,,386.0,,2024-02-05,12.0,3265,0900,2024-02-05 09:00:00,2024-02-05 09:00:00
514.0,1722.0,1.0,"Landslide, Heavy Rain, Strong Wind, Lightning",3.0,grand_total,106.0,,situation_20240206_0900_20874263.pdf,4.0,True,,,0.0,0.0,0.0,50.0,,,,,,386.0,,2024-02-06,12.0,3937,0900,2024-02-06 09:00:00,2024-02-06 09:00:00
502.0,1675.0,0.0,Landslide,2.0,grand_total,106.0,,situation_20240207_0900_b0cc09b5.pdf,3.0,True,,,0.0,0.0,0.0,39.0,,,,,,386.0,,2024-02-07,12.0,3266,0900,2024-02-07 09:00:00,2024-02-07 09:00:00
502.0,1675.0,0.0,Landslide,2.0,grand_total,106.0,,situation_20240208_0900_45f4cf93.pdf,3.0,True,,,0.0,0.0,0.0,39.0,,,,,,386.0,,2024-02-08,12.0,3269,0900,2024-02-08 09:00:00,2024-02-08 09:00:00
502.0,1675.0,0.0,Landslide,2.0,grand_total,106.0,,situation_20240209_0900_419c5e1f.pdf,3.0,True,,,0.0,0.0,0.0,39.0,,,,,,386.0,,2024-02-09,12.0,3266,0900,2024-02-09 09:00:00,2024-02-09 09:00:00
502.0,1675.0,0.0,Landslide,2.0,grand_total,106.0,,situation_20240210_0900_4b4cdf15.pdf,3.0,True,,,0.0,0.0,0.0,39.0,,,,,,386.0,,2024-02-10,12.0,3285,0900,2024-02-10 09:00:00,2024-02-10 09:00:00
502.0,1675.0,0.0,Landslide,2.0,grand_total,106.0,,situation_20240211_0900_0ff60beb.pdf,3.0,True,,,0.0,0.0,0.0,39.0,,,,,,386.0,,2024-02-11,12.0,3290,0900,2024-02-11 09:00:00,2024-02-11 09:00:00
502.0,1675.0,0.0,Landslide,2.0,grand_total,106.0,,situation_20240212_0900_d5653894.pdf,3.0,True,,,0.0,0.0,0.0,39.0,,,,,,386.0,,2024-02-12,12.0,3271,0900,2024-02-12 09:00:00,2024-02-12 09:00:00
504.0,1685.0,0.0,Landslide,2.0,grand_total,106.0,,situation_20240213_0900_be1ebb30.pdf,3.0,True,,,0.0,0.0,0.0,41.0,,,,,,386.0,,2024-02-13,12.0,3534,0900,2024-02-13 09:00:00,2024-02-13 09:00:00
503.0,1681.0,0.0,Landslide,2.0,grand_total,106.0,,situation_20240214_0900_68b1e2d6.pdf,3.0,True,,,0.0,0.0,0.0,40.0,,,,,,386.0,,2024-02-14,12.0,3504,0900,2024-02-14 09:00:00,2024-02-14 09:00:00
507.0,1689.0,2.0,Landslide,2.0,grand_total,106.0,,situation_20240215_0900_94edc249.pdf,3.0,True,,,0.0,0.0,0.0,44.0,,,,,,386.0,,2024-02-15,12.0,3806,0900,2024-02-15 09:00:00,2024-02-15 09:00:00
304.0,1060.0,0.0,"Landslide, Heavy Rain",2.0,grand_total,90.0,,situation_20240216_0900_835a5526.pdf,3.0,True,,,0.0,0.0,0.0,39.0,,,,,,320.0,,2024-02-16,9.0,3068,0900,2024-02-16 09:00:00,2024-02-16 09:00:00
304.0,1060.0,0.0,"Landslide, Heavy Rain",2.0,grand_total,90.0,,situation_20240217_0900_18d0fce8.pdf,3.0,True,,,0.0,0.0,0.0,39.0,,,,,,320.0,,2024-02-17,9.0,3070,0900,2024-02-17 09:00:00,2024-02-17 09:00:00
304.0,1060.0,0.0,"Landslide, Heavy Rain",2.0,grand_total,90.0,,situation_20240218_0900_c4f4e38f.pdf,3.0,True,,,0.0,0.0,0.0,39.0,,,,,,320.0,,2024-02-18,9.0,3065,0900,2024-02-18 09:00:00,2024-02-18 09:00:00
304.0,1060.0,0.0,"Landslide, Heavy Rain",2.0,grand_total,90.0,,situation_20240219_0900_1c9dcdb3.pdf,3.0,True,,,0.0,0.0,0.0,39.0,,,,,,320.0,,2024-02-19,9.0,3065,0900,2024-02-19 09:00:00,2024-02-19 09:00:00
304.0,1060.0,0.0,"Landslide, Heavy Rain",2.0,grand_total,90.0,,situation_20240220_0900_4ed9116e.pdf,3.0,True,,,0.0,0.0,0.0,39.0,,,,,,320.0,,2024-02-20,9.0,3069,0900,2024-02-20 09:00:00,2024-02-20 09:00:00
304.0,1060.0,0.0,"Landslide, Heavy Rain",2.0,grand_total,90.0,,situation_20240221_0900_3b250048.pdf,3.0,True,,,0.0,0.0,0.0,39.0,,,,,,320.0,,2024-02-21,9.0,3069,0900,2024-02-21 09:00:00,2024-02-21 09:00:00
304.0,1060.0,0.0,"Landslide, Heavy Rain",2.0,grand_total,90.0,,situation_20240223_0900_65f3f39b.pdf,3.0,True,,,0.0,0.0,0.0,39.0,,,,,,320.0,,2024-02-23,9.0,3068,0900,2024-02-23 09:00:00,2024-02-23 09:00:00
304.0,1060.0,0.0,"Landslide, Heavy Rain",2.0,grand_total,90.0,,situation_20240225_0900_27ba8029.pdf,3.0,True,,,0.0,0.0,0.0,39.0,,,,,,320.0,,2024-02-25,9.0,3086,0900,2024-02-25 09:00:00,2024-02-25 09:00:00
304.0,1060.0,0.0,"Landslide, Heavy Rain",2.0,grand_total,90.0,,situation_20240226_0900_b5ea0d3d.pdf,3.0,True,,,0.0,0.0,0.0,39.0,,,,,,320.0,,2024-02-26,9.0,3066,0900,2024-02-26 09:00:00,2024-02-26 09:00:00
310.0,1082.0,0.0,"Landslide, Heavy Rain, Strong Wind",2.0,grand_total,90.0,,situation_20240227_0900_c431ccee.pdf,3.0,True,,,0.0,0.0,0.0,45.0,,,,,,320.0,,2024-02-27,9.0,3435,0900,2024-02-27 09:00:00,2024-02-27 09:00:00
310.0,1084.0,0.0,"Landslide, Heavy Rain, Strong Wind",3.0,grand_total,90.0,,situation_20240228_0900_6366dc47.pdf,3.0,True,,,0.0,0.0,0.0,45.0,,,,,,320.0,,2024-02-28,9.0,3470,0900,2024-02-28 09:00:00,2024-02-28 09:00:00
308.0,1073.0,1.0,"Landslide, Heavy Rain, Strong Wind",2.0,grand_total,90.0,,situation_20240229_0900_4a4aa574.pdf,3.0,True,,,0.0,0.0,0.0,42.0,,,,,,320.0,,2024-02-29,9.0,3335,0900,2024-02-29 09:00:00,2024-02-29 09:00:00
309.0,1075.0,0.0,"Landslide, Heavy Rain, Strong Wind",2.0,grand_total,90.0,,situation_20240301_0900_631b7b1e.pdf,3.0,True,,,0.0,0.0,0.0,44.0,,,,,,320.0,,2024-03-01,9.0,3337,0900,2024-03-01 09:00:00,2024-03-01 09:00:00
309.0,1080.0,0.0,"Landslide, Heavy Rain, Strong Wind",2.0,grand_total,90.0,,situation_20240302_0900_aebf0fa1.pdf,3.0,True,,,0.0,0.0,0.0,44.0,,,,,,320.0,,2024-03-02,9.0,3382,0900,2024-03-02 09:00:00,2024-03-02 09:00:00
307.0,1071.0,0.0,"Landslide, Heavy Rain, Strong Wind",2.0,grand_total,90.0,,situation_20240303_0900_02349027.pdf,3.0,True,,,0.0,0.0,0.0,42.0,,,,,,320.0,,2024-03-03,9.0,3120,0900,2024-03-03 09:00:00,2024-03-03 09:00:00
307.0,1071.0,0.0,"Landslide, Heavy Rain, Strong Wind",2.0,grand_total,90.0,,situation_20240304_0900_81e9b4b7.pdf,3.0,True,,,0.0,0.0,0.0,42.0,,,,,,320.0,,2024-03-04,9.0,3094,0900,2024-03-04 09:00:00,2024-03-04 09:00:00
308.0,1075.0,0.0,"Landslide, Heavy Rain, Strong Wind",3.0,grand_total,90.0,,situation_20240305_0900_a13fb241.pdf,3.0,True,,,0.0,0.0,0.0,42.0,,,,,,320.0,,2024-03-05,9.0,3350,0900,2024-03-05 09:00:00,2024-03-05 09:00:00
307.0,1071.0,0.0,"Landslide, Heavy Rain, Strong Wind",2.0,grand_total,90.0,,situation_20240307_0900_7e04f575.pdf,3.0,True,,,0.0,0.0,0.0,42.0,,,,,,320.0,,2024-03-07,9.0,3095,0900,2024-03-07 09:00:00,2024-03-07 09:00:00
311.0,1089.0,0.0,"Landslide, Heavy Rain, Strong Wind",2.0,grand_total,90.0,,situation_20240308_0900_caa23574.pdf,3.0,True,,,0.0,0.0,0.0,46.0,,,,,,320.0,,2024-03-08,9.0,3364,0900,2024-03-08 09:00:00,2024-03-08 09:00:00
308.0,1075.0,0.0,"Landslide, Heavy Rain, Strong Wind",2.0,grand_total,90.0,,situation_20240309_0900_9c7fe2b3.pdf,3.0,True,,,0.0,0.0,0.0,43.0,,,,,,320.0,,2024-03-09,9.0,3344,0900,2024-03-09 09:00:00,2024-03-09 09:00:00
307.0,1071.0,0.0,"Landslide, Heavy Rain, Strong Wind",2.0,grand_total,90.0,,situation_20240310_0900_886d3abe.pdf,3.0,True,,,0.0,0.0,0.0,42.0,,,,,,320.0,,2024-03-10,9.0,3116,0900,2024-03-10 09:00:00,2024-03-10 09:00:00
307.0,1071.0,0.0,"Landslide, Heavy Rain, Strong Wind",2.0,grand_total,90.0,,situation_20240311_0900_791619ce.pdf,3.0,True,,,0.0,0.0,0.0,42.0,,,,,,320.0,,2024-03-11,9.0,3094,0900,2024-03-11 09:00:00,2024-03-11 09:00:00
79.0,271.0,0.0,"Landslide, Heavy Rain, Strong Wind, Lightning",2.0,grand_total,62.0,,situation_20240312_0900_d0768b02.pdf,3.0,True,,,0.0,0.0,0.0,56.0,,,,,,218.0,,2024-03-12,6.0,3232,0900,2024-03-12 09:00:00,2024-03-12 09:00:00
1151.0,3717.0,0.0,"Landslide, Heavy Rain",2.0,grand_total,62.0,,situation_20240313_0900_eaac541f.pdf,3.0,True,,,0.0,0.0,0.0,39.0,,,,,,218.0,,2024-03-13,6.0,3197,0900,2024-03-13 09:00:00,2024-03-13 09:00:00
1152.0,3721.0,0.0,"Landslide, Heavy Rain",2.0,grand_total,62.0,,situation_20240314_0900_ca19ffce.pdf,3.0,True,,,0.0,0.0,0.0,40.0,,,,,,218.0,,2024-03-14,6.0,3245,0900,2024-03-14 09:00:00,2024-03-14 09:00:00
1232.0,4010.0,0.0,"Landslide, Heavy Rain",2.0,grand_total,62.0,,situation_20240315_0900_f380b9c0.pdf,3.0,True,,,0.0,0.0,0.0,40.0,,,,,,218.0,,2024-03-15,6.0,3259,0900,2024-03-15 09:00:00,2024-03-15 09:00:00
1552.0,4969.0,0.0,"Landslide, Heavy Rain",2.0,grand_total,62.0,,situation_20240316_0900_fa4ee3f0.pdf,3.0,True,,,0.0,0.0,0.0,39.0,,,,,,218.0,,2024-03-16,6.0,3241,0900,2024-03-16 09:00:00,2024-03-16 09:00:00
1552.0,4969.0,0.0,"Landslide, Heavy Rain",2.0,grand_total,62.0,,situation_20240317_0900_c386bad2.pdf,3.0,True,,,0.0,0.0,0.0,39.0,,,,,,218.0,,2024-03-17,6.0,3239,0900,2024-03-17 09:00:00,2024-03-17 09:00:00
1758.0,5587.0,0.0,"Landslide, Heavy Rain",2.0,grand_total,62.0,,situation_20240319_0900_9241751a.pdf,3.0,True,,,0.0,0.0,0.0,39.0,,,,,,218.0,,2024-03-19,6.0,3236,0900,2024-03-19 09:00:00,2024-03-19 09:00:00
1762.0,5600.0,0.0,"Landslide, Heavy Rain",2.0,grand_total,62.0,,situation_20240320_0900_8b74a036.pdf,3.0,True,,,1.0,0.0,0.0,43.0,,,,,,218.0,,2024-03-20,6.0,3686,0900,2024-03-20 09:00:00,2024-03-20 09:00:00
2097.0,6909.0,0.0,"Landslide, Heavy Rain",2.0,grand_total,62.0,,situation_20240321_0900_01c2fbd6.pdf,3.0,True,,,1.0,0.0,0.0,43.0,,,,,,218.0,,2024-03-21,6.0,3767,0900,2024-03-21 09:00:00,2024-03-21 09:00:00
2096.0,6906.0,0.0,"Landslide, Heavy Rain",2.0,grand_total,62.0,,situation_20240322_0900_37a5168e.pdf,3.0,True,,,1.0,0.0,0.0,42.0,,,,,,218.0,,2024-03-22,6.0,3507,0900,2024-03-22 09:00:00,2024-03-22 09:00:00
4018.0,13550.0,0.0,"Landslide, Heavy Rain",2.0,grand_total,62.0,,situation_20240323_0900_95e89dd3.pdf,3.0,True,,,0.0,0.0,0.0,39.0,,,,,,218.0,,2024-03-23,6.0,3449,0900,2024-03-23 09:00:00,2024-03-23 09:00:00
4018.0,13550.0,0.0,"Landslide, Heavy Rain",2.0,grand_total,62.0,,situation_20240324_0900_c0d34471.pdf,3.0,True,,,0.0,0.0,0.0,39.0,,,,,,218.0,,2024-03-24,6.0,3453,0900,2024-03-24 09:00:00,2024-03-24 09:00:00
4125.0,14044.0,0.0,Other,0.0,grand_total,0.0,,situation_20240327_0900_127a57d0.pdf,0.0,True,,,0.0,0.0,0.0,0.0,,,,,,0.0,,2024-03-27,0.0,2972,0900,2024-03-27 09:00:00,2024-03-27 09:00:00
3062.0,9976.0,0.0,Other,0.0,grand_total,0.0,,situation_20240328_0900_061e8a2e.pdf,0.0,True,,,0.0,0.0,0.0,1.0,,,,,,0.0,,2024-03-28,0.0,2925,0900,2024-03-28 09:00:00,2024-03-28 09:00:00
3089.0,10091.0,0.0,"Heavy Rain, Strong Wind, Lightning",0.0,grand_total,0.0,,situation_20240329_0900_926c0a4e.pdf,1.0,True,,,0.0,2.0,0.0,20.0,,,,,,0.0,,2024-03-29,0.0,3528,0900,2024-03-29 09:00:00,2024-03-29 09:00:00
3033.0,9882.0,0.0,Heavy Rain,0.0,grand_total,0.0,,situation_20240330_0900_823ccb40.pdf,0.0,True,,,0.0,0.0,0.0,6.0,,,,,,0.0,,2024-03-30,0.0,3030,0900,2024-03-30 09:00:00,2024-03-30 09:00:00
3027.0,9866.0,0.0,Other,0.0,grand_total,0.0,,situation_20240331_0900_f756735a.pdf,0.0,True,,,0.0,0.0,0.0,0.0,,,,,,0.0,,2024-03-31,0.0,2882,0900,2024-03-31 09:00:00,2024-03-31 09:00:00
3027.0,9866.0,0.0,Other,0.0,grand_total,0.0,,situation_20240401_0900_ad2e9133.pdf,0.0,True,,,0.0,0.0,0.0,0.0,,,,,,0.0,,2024-04-01,0.0,2885,0900,2024-04-01 09:00:00,2024-04-01 09:00:00
3060.0,9983.0,0.0,"Strong Wind, Lightning",1.0,grand_total,0.0,,situation_20240402_0900_a3fb4880.pdf,0.0,True,,,0.0,2.0,0.0,30.0,,,,,,0.0,,2024-04-02,0.0,3594,0900,2024-04-02 09:00:00,2024-04-02 09:00:00
3135.0,10240.0,0.0,"Heavy Rain, Strong Wind, Lightning",0.0,grand_total,0.0,,situation_20240403_0900_d2b3543d.pdf,0.0,True,,,0.0,0.0,0.0,15.0,,,,,,0.0,,2024-04-03,0.0,3509,0900,2024-04-03 09:00:00,2024-04-03 09:00:00
3136.0,10235.0,0.0,"Heavy Rain, Strong Wind, Lightning",0.0,grand_total,0.0,,situation_20240404_0900_492a049b.pdf,0.0,True,,,1.0,2.0,0.0,16.0,,,,,,0.0,,2024-04-04,0.0,3549,0900,2024-04-04 09:00:00,2024-04-04 09:00:00
3120.0,10185.0,0.0,Other,0.0,grand_total,0.0,,situation_20240405_0900_7b146a2f.pdf,0.0,True,,,0.0,0.0,0.0,0.0,,,,,,0.0,,2024-04-05,0.0,3039,0900,2024-04-05 09:00:00,2024-04-05 09:00:00
3123.0,10196.0,0.0,Strong Wind,0.0,grand_total,0.0,,situation_20240406_0900_6cdff662.pdf,0.0,True,,,0.0,0.0,0.0,3.0,,,,,,0.0,,2024-04-06,0.0,3499,0900,2024-04-06 09:00:00,2024-04-06 09:00:00
3120.0,10185.0,0.0,Other,0.0,grand_total,0.0,,situation_20240407_0900_9a3b2320.pdf,0.0,True,,,0.0,0.0,0.0,0.0,,,,,,0.0,,2024-04-07,0.0,3097,0900,2024-04-07 09:00:00,2024-04-07 09:00:00
3120.0,10185.0,0.0,Other,0.0,grand_total,0.0,,situation_20240408_0900_a1f5fd75.pdf,0.0,True,,,0.0,0.0,0.0,0.0,,,,,,0.0,,2024-04-08,0.0,3121,0900,2024-04-08 09:00:00,2024-04-08 09:00:00
3127.0,10211.0,0.0,"Heavy Rain, Strong Wind, Lightning",0.0,grand_total,0.0,,situation_20240409_0900_2507d9b8.pdf,0.0,True,,,0.0,0.0,0.0,7.0,,,,,,0.0,,2024-04-09,0.0,3376,0900,2024-04-09 09:00:00,2024-04-09 09:00:00
3120.0,10185.0,0.0,Other,0.0,grand_total,0.0,,situation_20240410_0900_039f1db7.pdf,0.0,True,,,0.0,0.0,0.0,0.0,,,,,,0.0,,2024-04-10,0.0,3121,0900,2024-04-10 09:00:00,2024-04-10 09:00:00
3215.0,10472.0,0.0,Other,0.0,grand_total,0.0,,situation_20240411_0900_a35816ba.pdf,1.0,True,,,0.0,0.0,0.0,1.0,,,,,,0.0,,2024-04-11,0.0,3430,0900,2024-04-11 09:00:00,2024-04-11 09:00:00
3213.0,10464.0,0.0,Other,0.0,grand_total,0.0,,situation_20240412_0900_892ec86d.pdf,0.0,True,,,0.0,0.0,0.0,0.0,,,,,,0.0,,2024-04-12,0.0,3180,0900,2024-04-12 09:00:00,2024-04-12 09:00:00
3217.0,10476.0,0.0,Strong Wind,0.0,grand_total,0.0,,situation_20240413_0900_11b72669.pdf,0.0,True,,,0.0,0.0,0.0,3.0,,,,,,0.0,,2024-04-13,0.0,3417,0900,2024-04-13 09:00:00,2024-04-13 09:00:00
3213.0,10464.0,0.0,Other,0.0,grand_total,0.0,,situation_20240414_0900_71227fda.pdf,0.0,True,,,0.0,0.0,0.0,0.0,,,,,,0.0,,2024-04-14,0.0,3182,0900,2024-04-14 09:00:00,2024-04-14 09:00:00
3213.0,10464.0,0.0,Other,0.0,grand_total,0.0,,situation_20240415_0900_fbd2943b.pdf,0.0,True,,,0.0,0.0,0.0,0.0,,,,,,0.0,,2024-04-15,0.0,3190,0900,2024-04-15 09:00:00,2024-04-15 09:00:00
3213.0,10464.0,0.0,Other,0.0,grand_total,0.0,,situation_20240416_0900_f2ac6cba.pdf,0.0,True,,,0.0,0.0,0.0,0.0,,,,,,0.0,,2024-04-16,0.0,3171,0900,2024-04-16 09:00:00,2024-04-16 09:00:00
3214.0,10468.0,0.0,Strong Wind,0.0,grand_total,0.0,,situation_20240417_0900_5b9e6077.pdf,0.0,True,,,0.0,0.0,0.0,3.0,,,,,,0.0,,2024-04-17,0.0,3552,0900,2024-04-17 09:00:00,2024-04-17 09:00:00
3646.0,11413.0,0.0,Strong Wind,0.0,grand_total,0.0,,situation_20240418_0900_68ae79f2.pdf,0.0,True,,,0.0,0.0,0.0,1.0,,,,,,0.0,,2024-04-18,0.0,3513,0900,2024-04-18 09:00:00,2024-04-18 09:00:00
3769.0,11839.0,0.0,Strong Wind,0.0,grand_total,0.0,,situation_20240420_0900_73ce08ce.pdf,0.0,True,,,0.0,0.0,0.0,10.0,,,,,,0.0,,2024-04-20,0.0,3872,0900,2024-04-20 09:00:00,2024-04-20 09:00:00
3769.0,11839.0,0.0,Strong Wind,0.0,grand_total,0.0,,situation_20240421_0900_ccb15fc6.pdf,0.0,True,,,0.0,0.0,0.0,10.0,,,,,,0.0,,2024-04-21,0.0,3870,0900,2024-04-21 09:00:00,2024-04-21 09:00:00
3759.0,11797.0,0.0,Other,0.0,grand_total,0.0,,situation_20240422_0900_7fc5a304.pdf,0.0,True,,,0.0,0.0,0.0,0.0,,,,,,0.0,,2024-04-22,0.0,3480,0900,2024-04-22 09:00:00,2024-04-22 09:00:00
3759.0,11797.0,0.0,Other,0.0,grand_total,0.0,,situation_20240423_0900_727b9ee9.pdf,0.0,True,,,0.0,0.0,0.0,0.0,,,,,,0.0,,2024-04-23,0.0,3479,0900,2024-04-23 09:00:00,2024-04-23 09:00:00
3759.0,11797.0,0.0,Other,0.0,grand_total,0.0,,situation_20240424_0900_33daebd0.pdf,0.0,True,,,0.0,0.0,0.0,0.0,,,,,,0.0,,2024-04-24,0.0,3486,0900,2024-04-24 09:00:00,2024-04-24 09:00:00
3791.0,11929.0,0.0,Lightning,0.0,grand_total,0.0,,situation_20240425_0900_e6022b4e.pdf,0.0,True,,,0.0,0.0,0.0,31.0,,,,,,0.0,,2024-04-25,0.0,4110,0900,2024-04-25 09:00:00,2024-04-25 09:00:00
3791.0,11929.0,0.0,Lightning,0.0,grand_total,0.0,,situation_20240426_0900_e035696d.pdf,0.0,True,,,0.0,0.0,0.0,31.0,,,,,,0.0,,2024-04-26,0.0,4076,0900,2024-04-26 09:00:00,2024-04-26 09:00:00
4226.0,13142.0,0.0,Heavy Rain,0.0,grand_total,0.0,,situation_20240427_0900_60f10af5.pdf,0.0,True,,,0.0,1.0,0.0,3.0,,,,,,0.0,,2024-04-27,0.0,4072,0900,2024-04-27 09:00:00,2024-04-27 09:00:00
4223.0,13131.0,0.0,Other,0.0,grand_total,0.0,,situation_20240428_0900_c9481c6a.pdf,0.0,True,,,0.0,0.0,0.0,0.0,,,,,,0.0,,2024-04-28,0.0,3721,0900,2024-04-28 09:00:00,2024-04-28 09:00:00
4224.0,13134.0,0.0,Other,1.0,grand_total,0.0,,situation_20240429_0900_1fb464a3.pdf,0.0,True,,,0.0,0.0,0.0,1.0,,,,,,0.0,,2024-04-29,0.0,3954,0900,2024-04-29 09:00:00,2024-04-29 09:00:00
4128.0,12809.0,3.0,"Heavy Rain, Strong Wind, Lightning",1.0,grand_total,0.0,,situation_20240430_0900_2f362e97.pdf,2.0,True,,,0.0,2.0,0.0,44.0,,,,,,0.0,,2024-04-30,0.0,5113,0900,2024-04-30 09:00:00,2024-04-30 09:00:00
4288.0,13377.0,0.0,Other,0.0,grand_total,0.0,,situation_20240501_0900_a333a036.pdf,0.0,True,,,0.0,0.0,0.0,0.0,,,,,,0.0,,2024-05-01,0.0,3700,0900,2024-05-01 09:00:00,2024-05-01 09:00:00
4080.0,12635.0,1.0,Other,0.0,grand_total,0.0,,situation_20240502_0900_b40f5b81.pdf,0.0,True,,,0.0,0.0,0.0,1.0,,,,,,0.0,,2024-05-02,0.0,3930,0900,2024-05-02 09:00:00,2024-05-02 09:00:00
1550.0,5009.0,1.0,"Heavy Rain, Strong Wind, Lightning",0.0,grand_total,0.0,,situation_20240503_0900_dadb48cb.pdf,0.0,True,,,0.0,0.0,0.0,8.0,,,,,,0.0,,2024-05-03,0.0,3653,0900,2024-05-03 09:00:00,2024-05-03 09:00:00
1542.0,4982.0,0.0,Other,0.0,grand_total,0.0,,situation_20240504_0900_42f5e4db.pdf,0.0,True,,,0.0,0.0,0.0,0.0,,,,,,0.0,,2024-05-04,0.0,3107,0900,2024-05-04 09:00:00,2024-05-04 09:00:00
1542.0,4982.0,0.0,Other,0.0,grand_total,0.0,,situation_20240505_0900_0421f3fc.pdf,0.0,True,,,0.0,0.0,0.0,0.0,,,,,,0.0,,2024-05-05,0.0,3112,0900,2024-05-05 09:00:00,2024-05-05 09:00:00
1542.0,4982.0,0.0,Other,0.0,grand_total,0.0,,situation_20240506_0900_e54b030f.pdf,0.0,True,,,0.0,0.0,0.0,0.0,,,,,,0.0,,2024-05-06,0.0,3085,0900,2024-05-06 09:00:00,2024-05-06 09:00:00
1551.0,5016.0,0.0,"Strong Wind, Lightning",0.0,grand_total,0.0,,situation_20240507_0900_cee4c58c.pdf,0.0,True,,,0.0,0.0,0.0,9.0,,,,,,0.0,,2024-05-07,0.0,3306,0900,2024-05-07 09:00:00,2024-05-07 09:00:00
1556.0,5036.0,0.0,"Strong Wind, Lightning",0.0,grand_total,0.0,,situation_20240510_0900_3ca6a78a.pdf,0.0,True,,,0.0,0.0,0.0,14.0,,,,,,0.0,,2024-05-10,0.0,3448,0900,2024-05-10 09:00:00,2024-05-10 09:00:00
1543.0,4987.0,0.0,Lightning,0.0,grand_total,0.0,,situation_20240512_0900_9de0024c.pdf,0.0,True,,,0.0,1.0,0.0,0.0,,,,,,0.0,,2024-05-12,0.0,3357,0900,2024-05-12 09:00:00,2024-05-12 09:00:00
1542.0,4982.0,0.0,Other,0.0,grand_total,0.0,,situation_20240513_0900_b1e2f7fc.pdf,0.0,True,,,0.0,0.0,0.0,0.0,,,,,,0.0,,2024-05-13,0.0,3108,0900,2024-05-13 09:00:00,2024-05-13 09:00:00
4236.0,13292.0,3.0,"Heavy Rain, Strong Wind, Lightning",0.0,grand_total,0.0,,situation_20240514_0900_320f6442.pdf,0.0,True,,,0.0,0.0,0.0,66.0,,,,,,0.0,,2024-05-14,0.0,4999,0900,2024-05-14 09:00:00,2024-05-14 09:00:00
4236.0,13292.0,3.0,"Heavy Rain, Strong Wind, Lightning",0.0,grand_total,0.0,,situation_20240514_1600_86a2a495.pdf,0.0,True,,,0.0,0.0,0.0,66.0,,,,,,0.0,,2024-05-14,0.0,5023,1600,2024-05-14 16:00:00,2024-05-14 16:00:00
4238.0,13298.0,3.0,"Heavy Rain, Strong Wind, Lightning",0.0,grand_total,0.0,,situation_20240515_0900_0416a669.pdf,0.0,True,,,0.0,0.0,0.0,68.0,,,,,,0.0,,2024-05-15,0.0,5065,0900,2024-05-15 09:00:00,2024-05-15 09:00:00
3598.0,10663.0,0.0,"Heavy Rain, Strong Wind, Lightning",0.0,grand_total,0.0,,situation_20240516_0900_8d819486.pdf,0.0,True,,,2.0,0.0,0.0,9.0,,,,,,0.0,,2024-05-16,0.0,3351,0900,2024-05-16 09:00:00,2024-05-16 09:00:00
3516.0,10289.0,0.0,Other,0.0,grand_total,0.0,,situation_20240517_0900_7a446044.pdf,0.0,True,,,0.0,0.0,0.0,1.0,,,,,,0.0,,2024-05-17,0.0,3132,0900,2024-05-17 09:00:00,2024-05-17 09:00:00
3532.0,10355.0,0.0,"Landslide, Heavy Rain, Strong Wind, Lightning",0.0,grand_total,0.0,,situation_20240518_0900_79e4578d.pdf,0.0,True,,,1.0,2.0,0.0,17.0,,,,,,0.0,,2024-05-18,0.0,4026,0900,2024-05-18 09:00:00,2024-05-18 09:00:00
3518.0,10299.0,0.0,"Heavy Rain, Strong Wind",0.0,grand_total,0.0,,situation_20240519_0900_33d16632.pdf,0.0,True,,,0.0,2.0,0.0,3.0,,,,,,0.0,,2024-05-19,0.0,3617,0900,2024-05-19 09:00:00,2024-05-19 09:00:00
8284.0,29447.0,0.0,"Flood, Heavy Rain, Strong Wind, Lightning",1.0,grand_total,340.0,,situation_20240520_0900_91b68742.pdf,0.0,True,,,1.0,1.0,0.0,18.0,,,,,,1140.0,,2024-05-20,4.0,4306,0900,2024-05-20 09:00:00,2024-05-20 09:00:00
7323.0,29228.0,0.0,"Flood, Heavy Rain, Strong Wind, Lightning",2.0,grand_total,554.0,,situation_20240521_0900_181a38b9.pdf,0.0,True,,,0.0,3.0,0.0,164.0,,,,,,1852.0,,2024-05-21,12.0,6796,0900,2024-05-21 09:00:00,2024-05-21 09:00:00
17325.0,67865.0,2.0,"Flood, Heavy Rain, Strong Wind, Lightning",2.0,grand_total,16.0,,situation_20240522_0900_0d4a2e50.pdf,1.0,True,,,0.0,2.0,0.0,410.0,,,,,,79.0,,2024-05-22,2.0,9192,0900,2024-05-22 09:00:00,2024-05-22 09:00:00
8944.0,33960.0,4.0,"Flood, Heavy Rain, Strong Wind, Lightning",3.0,grand_total,74.0,,situation_20240523_0900_b427c274.pdf,3.0,True,,,3.0,10.0,0.0,973.0,,,,,,246.0,,2024-05-23,3.0,12467,0900,2024-05-23 09:00:00,2024-05-23 09:00:00
9688.0,35796.0,6.0,"Flood, Heavy Rain, Strong Wind, Lightning",0.0,grand_total,34.0,,situation_20240524_0900_d3862289.pdf,5.0,True,,,2.0,11.0,0.0,1246.0,,,,,,121.0,,2024-05-24,4.0,12556,0900,2024-05-24 09:00:00,2024-05-24 09:00:00
12197.0,45344.0,7.0,"Flood, Heavy Rain, Strong Wind, Lightning",56.0,grand_total,51.0,,situation_20240525_0900_3b5fbe80.pdf,10.0,True,,,10.0,13.0,0.0,2797.0,,,,,,188.0,,2024-05-25,4.0,13177,0900,2024-05-25 09:00:00,2024-05-25 09:00:00
12207.0,45509.0,8.0,"Flood, Heavy Rain, Strong Wind, Lightning",57.0,grand_total,311.0,,situation_20240526_0900_0602c62f.pdf,12.0,True,,,10.0,13.0,0.0,3166.0,,,,,,1248.0,,2024-05-26,12.0,13462,0900,2024-05-26 09:00:00,2024-05-26 09:00:00
11949.0,44627.0,7.0,"Flood, Heavy Rain, Strong Wind, Lightning",62.0,grand_total,621.0,,situation_20240527_0900_17e879c2.pdf,15.0,True,,,12.0,15.0,0.0,3417.0,,,,,,2335.0,,2024-05-27,17.0,13608,0900,2024-05-27 09:00:00,2024-05-27 09:00:00
12224.0,45239.0,7.0,"Flood, Heavy Rain, Strong Wind, Lightning",71.0,grand_total,298.0,,situation_20240528_0900_38ab1915.pdf,19.0,True,,,12.0,14.0,0.0,4612.0,,,,,,1132.0,,2024-05-28,15.0,14419,0900,2024-05-28 09:00:00,2024-05-28 09:00:00
9587.0,35222.0,8.0,"Flood, Heavy Rain, Strong Wind, Lightning",98.0,grand_total,58.0,,situation_20240529_0900_eaa98cef.pdf,26.0,True,,,29.0,20.0,0.0,4718.0,,,,,,220.0,,2024-05-29,9.0,14190,0900,2024-05-29 09:00:00,2024-05-29 09:00:00
7028.0,25401.0,8.0,"Flood, Heavy Rain, Strong Wind, Lightning",98.0,grand_total,54.0,,situation_20240530_0900_4d70bf54.pdf,21.0,True,,,29.0,19.0,0.0,4654.0,,,,,,200.0,,2024-05-30,7.0,13380,0900,2024-05-30 09:00:00,2024-05-30 09:00:00
5341.0,18473.0,8.0,"Flood, Heavy Rain, Strong Wind, Lightning",98.0,grand_total,56.0,,situation_20240531_0900_754bac55.pdf,21.0,True,,,29.0,17.0,0.0,4906.0,,,,,,231.0,,2024-05-31,6.0,13193,0900,2024-05-31 09:00:00,2024-05-31 09:00:00
4947.0,17119.0,8.0,"Flood, Heavy Rain, Strong Wind, Lightning",108.0,grand_total,39.0,,situation_20240601_0900_86036628.pdf,28.0,True,,,30.0,20.0,0.0,5022.0,,,,,,161.0,,2024-06-01,4.0,13187,0900,2024-06-01 09:00:00,2024-06-01 09:00:00
3727.0,11864.0,15.0,"Flood, Landslide, Heavy Rain, Strong Wind, Lightning",54.0,grand_total,641.0,,situation_20240602_0900_19681c02.pdf,17.0,True,,,17.0,23.0,0.0,3304.0,,,,,,2611.0,,2024-06-02,21.0,12164,0900,2024-06-02 09:00:00,2024-06-02 09:00:00
41610.0,161290.0,17.0,"Flood, Landslide, Heavy Rain, Strong Wind, Lightning",197.0,grand_total,1888.0,,situation_20240604_0900_b46f5422.pdf,17.0,True,,,3.0,13.0,1.0,3381.0,,,,,,8212.0,,2024-06-04,123.0,10268,0900,2024-06-04 09:00:00,2024-06-04 09:00:00
66906.0,253581.0,21.0,"Flood, Landslide, Heavy Rain, Strong Wind, Lightning",698.0,grand_total,2565.0,,situation_20240605_0900_2f9c7a75.pdf,42.0,True,,,5.0,13.0,2.0,4303.0,,,,,,10737.0,,2024-06-05,154.0,10666,0900,2024-06-05 09:00:00,2024-06-05 09:00:00
68857.0,259990.0,24.0,"Flood, Landslide, Heavy Rain, Strong Wind, Lightning",998.0,grand_total,2310.0,,situation_20240606_0900_7c130c4d.pdf,52.0,True,,,6.0,16.0,1.0,5247.0,,,,,,9695.0,,2024-06-06,139.0,10767,0900,2024-06-06 09:00:00,2024-06-06 09:00:00
54569.0,206203.0,24.0,"Flood, Landslide, Heavy Rain, Strong Wind, Lightning",783.0,grand_total,1288.0,,situation_20240607_0900_82ba109a.pdf,60.0,True,,,8.0,16.0,1.0,5348.0,,,,,,5162.0,,2024-06-07,83.0,10186,0900,2024-06-07 09:00:00,2024-06-07 09:00:00
35022.0,132521.0,24.0,"Flood, Landslide, Heavy Rain, Strong Wind, Lightning",652.0,grand_total,450.0,,situation_20240608_0900_b92e53d7.pdf,68.0,True,,,8.0,9.0,1.0,4877.0,,,,,,1825.0,,2024-06-08,47.0,9052,0900,2024-06-08 09:00:00,2024-06-08 09:00:00
33189.0,124476.0,24.0,"Flood, Landslide, Heavy Rain, Strong Wind, Lightning",970.0,grand_total,330.0,,situation_20240609_0900_5bf52d8a.pdf,76.0,True,,,22.0,9.0,1.0,5707.0,,,,,,1304.0,,2024-06-09,29.0,8895,0900,2024-06-09 09:00:00,2024-06-09 09:00:00
32296.0,121176.0,24.0,"Flood, Landslide, Heavy Rain, Strong Wind, Lightning",1048.0,grand_total,147.0,,situation_20240610_0900_967237ea.pdf,77.0,True,,,76.0,7.0,1.0,5678.0,,,,,,513.0,,2024-06-10,19.0,8526,0900,2024-06-10 09:00:00,2024-06-10 09:00:00
31451.0,117973.0,23.0,"Flood, Landslide, Heavy Rain, Strong Wind, Lightning",1253.0,grand_total,136.0,,situation_20240611_0900_adfcad8d.pdf,78.0,True,,,101.0,7.0,1.0,6340.0,,,,,,466.0,,2024-06-11,17.0,8345,0900,2024-06-11 09:00:00,2024-06-11 09:00:00
27264.0,101720.0,25.0,"Flood, Landslide, Heavy Rain, Strong Wind, Lightning",1567.0,grand_total,39.0,,situation_20240612_0900_ed72cbaf.pdf,80.0,True,,,116.0,8.0,3.0,7497.0,,,,,,128.0,,2024-06-12,8.0,8088,0900,2024-06-12 09:00:00,2024-06-12 09:00:00
27288.0,101805.0,25.0,"Flood, Landslide, Heavy Rain, Strong Wind, Lightning",1581.0,grand_total,39.0,,situation_20240613_0900_76c98c28.pdf,80.0,True,,,116.0,8.0,5.0,7531.0,,,,,,128.0,,2024-06-13,8.0,8360,0900,2024-06-13 09:00:00,2024-06-13 09:00:00
27338.0,101852.0,25.0,"Flood, Landslide, Heavy Rain, Strong Wind, Lightning",1592.0,grand_total,38.0,,situation_20240614_0900_ed0e7d2d.pdf,80.0,True,,,121.0,7.0,3.0,7561.0,,,,,,124.0,,2024-06-14,7.0,8226,0900,2024-06-14 09:00:00,2024-06-14 09:00:00
433.0,948.0,0.0,"Flood, Landslide, Heavy Rain, Strong Wind, Lightning",0.0,grand_total,37.0,,situation_20240615_0900_7a40576a.pdf,0.0,True,,,0.0,0.0,0.0,1.0,,,,,,118.0,,2024-06-15,7.0,3252,0900,2024-06-15 09:00:00,2024-06-15 09:00:00
433.0,948.0,0.0,"Flood, Landslide, Heavy Rain, Strong Wind, Lightning",0.0,grand_total,37.0,,situation_20240616_0900_5adf1324.pdf,0.0,True,,,0.0,0.0,0.0,1.0,,,,,,118.0,,2024-06-16,7.0,3252,0900,2024-06-16 09:00:00,2024-06-16 09:00:00
432.0,946.0,0.0,"Flood, Landslide, Heavy Rain",0.0,grand_total,35.0,,situation_20240618_0900_a6652da7.pdf,0.0,True,,,0.0,0.0,0.0,0.0,,,,,,110.0,,2024-06-18,6.0,2750,0900,2024-06-18 09:00:00,2024-06-18 09:00:00
438.0,963.0,1.0,"Flood, Landslide, Heavy Rain, Strong Wind",0.0,grand_total,34.0,,situation_20240619_0900_53bce425.pdf,1.0,True,,,0.0,1.0,0.0,4.0,,,,,,107.0,,2024-06-19,5.0,3280,0900,2024-06-19 09:00:00,2024-06-19 09:00:00
440.0,976.0,0.0,"Flood, Landslide",0.0,grand_total,34.0,,situation_20240621_0900_eaa5d3f9.pdf,0.0,True,,,0.0,0.0,0.0,8.0,,,,,,107.0,,2024-06-21,5.0,2974,0900,2024-06-21 09:00:00,2024-06-21 09:00:00
436.0,963.0,0.0,"Flood, Landslide, Strong Wind",0.0,grand_total,34.0,,situation_20240622_0900_01f2e7a2.pdf,0.0,True,,,0.0,0.0,0.0,3.0,,,,,,107.0,,2024-06-22,5.0,2958,0900,2024-06-22 09:00:00,2024-06-22 09:00:00
432.0,946.0,0.0,"Flood, Landslide",0.0,grand_total,7.0,,situation_20240623_0900_980c42cf.pdf,0.0,True,,,0.0,0.0,0.0,0.0,,,,,,35.0,,2024-06-23,5.0,2708,0900,2024-06-23 09:00:00,2024-06-23 09:00:00
432.0,946.0,0.0,"Flood, Landslide",0.0,grand_total,6.0,,situation_20240624_0900_7b498be7.pdf,0.0,True,,,0.0,0.0,0.0,0.0,,,,,,30.0,,2024-06-24,4.0,2689,0900,2024-06-24 09:00:00,2024-06-24 09:00:00
432.0,946.0,0.0,"Flood, Landslide",0.0,grand_total,6.0,,situation_20240625_0900_1774b4c6.pdf,0.0,True,,,0.0,0.0,0.0,0.0,,,,,,30.0,,2024-06-25,4.0,2686,0900,2024-06-25 09:00:00,2024-06-25 09:00:00
561.0,1478.0,0.0,"Flood, Landslide, Strong Wind",0.0,grand_total,6.0,,situation_20240626_0900_1a5e15f0.pdf,0.0,True,,,0.0,0.0,0.0,120.0,,,,,,30.0,,2024-06-26,4.0,4072,0900,2024-06-26 09:00:00,2024-06-26 09:00:00
405.0,1344.0,1.0,"Flood, Heavy Rain, Strong Wind",0.0,grand_total,5.0,,situation_20240627_0900_08f7e456.pdf,0.0,True,,,0.0,1.0,0.0,141.0,,,,,,24.0,,2024-06-27,3.0,4922,0900,2024-06-27 09:00:00,2024-06-27 09:00:00
320.0,1115.0,1.0,"Flood, Landslide, Strong Wind",0.0,grand_total,6.0,,situation_20240628_0900_4908ca32.pdf,9.0,True,,,0.0,1.0,0.0,4.0,,,,,,30.0,,2024-06-28,4.0,3554,0900,2024-06-28 09:00:00,2024-06-28 09:00:00
320.0,1115.0,1.0,"Flood, Landslide, Strong Wind",0.0,grand_total,6.0,,situation_20240629_0900_91a7507b.pdf,9.0,True,,,0.0,1.0,0.0,4.0,,,,,,30.0,,2024-06-29,4.0,3552,0900,2024-06-29 09:00:00,2024-06-29 09:00:00
346.0,1133.0,1.0,"Flood, Landslide, Strong Wind, Lightning",0.0,grand_total,8.0,,situation_20240630_0900_996bdb11.pdf,0.0,True,,,0.0,1.0,0.0,15.0,,,,,,38.0,,2024-06-30,4.0,3335,0900,2024-06-30 09:00:00,2024-06-30 09:00:00
334.0,1115.0,0.0,"Flood, Landslide",0.0,grand_total,8.0,,situation_20240701_0900_85b74d9e.pdf,0.0,True,,,0.0,0.0,0.0,8.0,,,,,,38.0,,2024-07-01,4.0,2774,0900,2024-07-01 09:00:00,2024-07-01 09:00:00
337.0,1127.0,0.0,"Flood, Landslide, Strong Wind",0.0,grand_total,5.0,,situation_20240702_0900_63e487c5.pdf,0.0,True,,,0.0,0.0,0.0,11.0,,,,,,24.0,,2024-07-02,3.0,3071,0900,2024-07-02 09:00:00,2024-07-02 09:00:00
242.0,745.0,0.0,"Flood, Strong Wind",0.0,grand_total,5.0,,situation_20240703_0900_36f90644.pdf,0.0,True,,,0.0,0.0,0.0,3.0,,,,,,24.0,,2024-07-03,3.0,3078,0900,2024-07-03 09:00:00,2024-07-03 09:00:00
248.0,769.0,2.0,"Flood, Heavy Rain, Strong Wind",0.0,grand_total,9.0,,situation_20240704_0900_b3db4e3f.pdf,0.0,True,,,0.0,0.0,0.0,9.0,,,,,,40.0,,2024-07-04,4.0,2954,0900,2024-07-04 09:00:00,2024-07-04 09:00:00
249.0,777.0,4.0,Lightning,0.0,grand_total,4.0,,situation_20240705_0900_c828471d.pdf,3.0,True,,,0.0,0.0,0.0,5.0,,,,,,16.0,,2024-07-05,1.0,2968,0900,2024-07-05 09:00:00,2024-07-05 09:00:00
258.0,816.0,3.0,"Flood, Heavy Rain, Strong Wind",0.0,grand_total,16.0,,situation_20240706_0900_d58b56f9.pdf,0.0,True,,,0.0,0.0,0.0,13.0,,,,,,80.0,,2024-07-06,4.0,3600,0900,2024-07-06 09:00:00,2024-07-06 09:00:00
252.0,794.0,2.0,Flood,0.0,grand_total,17.0,,situation_20240708_0900_e6349c2a.pdf,0.0,True,,,0.0,0.0,0.0,9.0,,,,,,84.0,,2024-07-08,5.0,3055,0900,2024-07-08 09:00:00,2024-07-08 09:00:00
239.0,732.0,0.0,Flood,0.0,grand_total,17.0,,situation_20240709_0900_c2d71f5c.pdf,0.0,True,,,0.0,0.0,0.0,0.0,,,,,,84.0,,2024-07-09,5.0,3038,0900,2024-07-09 09:00:00,2024-07-09 09:00:00
239.0,732.0,0.0,Flood,0.0,grand_total,16.0,,situation_20240710_0900_69e0f02a.pdf,0.0,True,,,0.0,0.0,0.0,0.0,,,,,,81.0,,2024-07-10,4.0,3050,0900,2024-07-10 09:00:00,2024-07-10 09:00:00
290.0,950.0,0.0,"Flood, Heavy Rain, Strong Wind, Lightning",1.0,grand_total,16.0,,situation_20240711_0900_4163262c.pdf,0.0,True,,,0.0,0.0,0.0,50.0,,,,,,81.0,,2024-07-11,4.0,4249,0900,2024-07-11 09:00:00,2024-07-11 09:00:00
8372.0,26302.0,0.0,"Flood, Strong Wind, Lightning",0.0,grand_total,16.0,,situation_20240712_0900_cea907b5.pdf,0.0,True,,,0.0,0.0,0.0,15.0,,,,,,81.0,,2024-07-12,4.0,3937,0900,2024-07-12 09:00:00,2024-07-12 09:00:00
8367.0,26274.0,0.0,"Flood, Heavy Rain, Lightning",0.0,grand_total,8.0,,situation_20240713_0900_586cffe6.pdf,0.0,True,,,0.0,0.0,0.0,10.0,,,,,,37.0,,2024-07-13,3.0,3096,0900,2024-07-13 09:00:00,2024-07-13 09:00:00
8361.0,26255.0,0.0,"Flood, Strong Wind",0.0,grand_total,8.0,,situation_20240714_0900_5bcfe3c3.pdf,0.0,True,,,0.0,0.0,2.0,4.0,,,,,,37.0,,2024-07-14,3.0,3749,0900,2024-07-14 09:00:00,2024-07-14 09:00:00
8361.0,26255.0,0.0,"Flood, Strong Wind",0.0,grand_total,8.0,,situation_20240715_0900_a882f5d8.pdf,0.0,True,,,0.0,0.0,2.0,4.0,,,,,,37.0,,2024-07-15,3.0,3753,0900,2024-07-15 09:00:00,2024-07-15 09:00:00
8440.0,26550.0,0.0,"Flood, Heavy Rain, Strong Wind",1.0,grand_total,8.0,,situation_20240716_0900_cfe9be87.pdf,0.0,True,,,0.0,0.0,2.0,81.0,,,,,,37.0,,2024-07-16,3.0,4900,0900,2024-07-16 09:00:00,2024-07-16 09:00:00
8414.0,26452.0,0.0,"Flood, Strong Wind",1.0,grand_total,4.0,,situation_20240717_0900_9965bdaa.pdf,0.0,True,,,0.0,1.0,2.0,53.0,,,,,,21.0,,2024-07-17,2.0,4397,0900,2024-07-17 09:00:00,2024-07-17 09:00:00
8476.0,26691.0,0.0,"Flood, Strong Wind",0.0,grand_total,4.0,,situation_20240718_0900_82f70f57.pdf,0.0,True,,,0.0,0.0,2.0,110.0,,,,,,21.0,,2024-07-18,2.0,4662,0900,2024-07-18 09:00:00,2024-07-18 09:00:00
8595.0,27127.0,0.0,"Flood, Strong Wind",0.0,grand_total,4.0,,situation_20240719_0900_0fde41dd.pdf,0.0,True,,,0.0,0.0,2.0,228.0,,,,,,21.0,,2024-07-19,2.0,4543,0900,2024-07-19 09:00:00,2024-07-19 09:00:00
8437.0,26522.0,0.0,"Flood, Strong Wind",1.0,grand_total,4.0,,situation_20240720_0900_9123cadc.pdf,1.0,True,,,2.0,1.0,2.0,68.0,,,,,,21.0,,2024-07-20,2.0,3907,0900,2024-07-20 09:00:00,2024-07-20 09:00:00
8388.0,26357.0,0.0,"Flood, Strong Wind",0.0,grand_total,4.0,,situation_20240721_0900_962945f6.pdf,0.0,True,,,0.0,5.0,2.0,31.0,,,,,,21.0,,2024-07-21,2.0,3396,0900,2024-07-21 09:00:00,2024-07-21 09:00:00
8388.0,26357.0,0.0,"Flood, Strong Wind",0.0,grand_total,4.0,,situation_20240722_0900_e2ee6b99.pdf,0.0,True,,,0.0,5.0,2.0,31.0,,,,,,21.0,,2024-07-22,2.0,3379,0900,2024-07-22 09:00:00,2024-07-22 09:00:00
8553.0,27006.0,0.0,"Flood, Strong Wind",3.0,grand_total,4.0,,situation_20240723_0900_2ecd2461.pdf,0.0,True,,,0.0,5.0,3.0,192.0,,,,,,21.0,,2024-07-23,2.0,3927,0900,2024-07-23 09:00:00,2024-07-23 09:00:00
8700.0,27533.0,0.0,"Flood, Strong Wind",3.0,grand_total,4.0,,situation_20240724_0900_1de81fa1.pdf,0.0,True,,,0.0,6.0,2.0,331.0,,,,,,21.0,,2024-07-24,2.0,3923,0900,2024-07-24 09:00:00,2024-07-24 09:00:00
8758.0,27755.0,0.0,"Flood, Strong Wind",8.0,grand_total,4.0,,situation_20240725_0900_58b518ad.pdf,0.0,True,,,0.0,6.0,2.0,389.0,,,,,,21.0,,2024-07-25,2.0,4523,0900,2024-07-25 09:00:00,2024-07-25 09:00:00
8762.0,27766.0,0.0,"Flood, Strong Wind",8.0,grand_total,4.0,,situation_20240726_0900_648d1c8c.pdf,0.0,True,,,0.0,6.0,3.0,392.0,,,,,,21.0,,2024-07-26,2.0,4710,0900,2024-07-26 09:00:00,2024-07-26 09:00:00
8357.0,26238.0,0.0,Flood,0.0,grand_total,4.0,,situation_20240727_0900_f9179c87.pdf,0.0,True,,,0.0,0.0,2.0,0.0,,,,,,21.0,,2024-07-27,2.0,3123,0900,2024-07-27 09:00:00,2024-07-27 09:00:00
8357.0,26238.0,0.0,Flood,0.0,grand_total,4.0,,situation_20240728_0900_b4f77b4c.pdf,0.0,True,,,0.0,0.0,2.0,0.0,,,,,,21.0,,2024-07-28,2.0,3133,0900,2024-07-28 09:00:00,2024-07-28 09:00:00
8358.0,26243.0,0.0,"Flood, Strong Wind",0.0,grand_total,4.0,,situation_20240729_0900_e6425f74.pdf,0.0,True,,,0.0,0.0,2.0,1.0,,,,,,21.0,,2024-07-29,2.0,3394,0900,2024-07-29 09:00:00,2024-07-29 09:00:00
8384.0,26336.0,0.0,"Flood, Strong Wind",3.0,grand_total,4.0,,situation_20240730_0900_a4a6b4cf.pdf,0.0,True,,,0.0,0.0,2.0,27.0,,,,,,21.0,,2024-07-30,2.0,3855,0900,2024-07-30 09:00:00,2024-07-30 09:00:00
8398.0,26401.0,0.0,"Flood, Strong Wind",0.0,grand_total,4.0,,situation_20240731_0900_38107cf4.pdf,0.0,True,,,1.0,0.0,2.0,40.0,,,,,,21.0,,2024-07-31,2.0,4236,0900,2024-07-31 09:00:00,2024-07-31 09:00:00
8423.0,26473.0,0.0,"Flood, Strong Wind",6.0,grand_total,4.0,,situation_20240801_0900_09225274.pdf,0.0,True,,,1.0,0.0,2.0,54.0,,,,,,21.0,,2024-08-01,2.0,4105,0900,2024-08-01 09:00:00,2024-08-01 09:00:00
8548.0,26985.0,0.0,"Flood, Strong Wind",1.0,grand_total,4.0,,situation_20240802_0900_7a6dc101.pdf,0.0,True,,,0.0,1.0,2.0,26.0,,,,,,21.0,,2024-08-02,2.0,4151,0900,2024-08-02 09:00:00,2024-08-02 09:00:00
8523.0,26899.0,0.0,Flood,0.0,grand_total,4.0,,situation_20240803_0900_0b8c2ef9.pdf,0.0,True,,,0.0,0.0,2.0,2.0,,,,,,21.0,,2024-08-03,2.0,3567,0900,2024-08-03 09:00:00,2024-08-03 09:00:00
8521.0,26894.0,0.0,Flood,0.0,grand_total,4.0,,situation_20240804_0900_76f71783.pdf,0.0,True,,,0.0,0.0,2.0,0.0,,,,,,21.0,,2024-08-04,2.0,3431,0900,2024-08-04 09:00:00,2024-08-04 09:00:00
8521.0,26894.0,0.0,Flood,0.0,grand_total,4.0,,situation_20240805_0900_e4ae9673.pdf,0.0,True,,,0.0,0.0,2.0,0.0,,,,,,21.0,,2024-08-05,2.0,3408,0900,2024-08-05 09:00:00,2024-08-05 09:00:00
8529.0,26928.0,0.0,"Flood, Strong Wind",0.0,grand_total,4.0,,situation_20240806_0900_95961225.pdf,0.0,True,,,0.0,0.0,2.0,8.0,,,,,,21.0,,2024-08-06,2.0,3868,0900,2024-08-06 09:00:00,2024-08-06 09:00:00
8589.0,27121.0,0.0,"Flood, Strong Wind, Lightning",0.0,grand_total,4.0,,situation_20240807_0900_1241109e.pdf,0.0,True,,,0.0,0.0,2.0,68.0,,,,,,21.0,,2024-08-07,2.0,4328,0900,2024-08-07 09:00:00,2024-08-07 09:00:00
8522.0,26898.0,0.0,Flood,0.0,grand_total,4.0,,situation_20240809_0900_71388024.pdf,0.0,True,,,0.0,0.0,2.0,1.0,,,,,,21.0,,2024-08-09,2.0,3444,0900,2024-08-09 09:00:00,2024-08-09 09:00:00
8527.0,26915.0,1.0,"Flood, Strong Wind",0.0,grand_total,4.0,,situation_20240810_0900_2d0ac62d.pdf,0.0,True,,,0.0,0.0,2.0,6.0,,,,,,21.0,,2024-08-10,2.0,4203,0900,2024-08-10 09:00:00,2024-08-10 09:00:00
8521.0,26894.0,0.0,Flood,0.0,grand_total,4.0,,situation_20240811_0900_559426b1.pdf,0.0,True,,,0.0,0.0,2.0,0.0,,,,,,21.0,,2024-08-11,2.0,3363,0900,2024-08-11 09:00:00,2024-08-11 09:00:00
8521.0,26894.0,0.0,Flood,0.0,grand_total,3.0,,situation_20240812_0900_92d0fc59.pdf,0.0,True,,,0.0,0.0,1.0,0.0,,,,,,17.0,,2024-08-12,1.0,3302,0900,2024-08-12 09:00:00,2024-08-12 09:00:00
8525.0,26907.0,0.0,"Flood, Strong Wind, Lightning",4.0,grand_total,3.0,,situation_20240813_0900_855a472b.pdf,0.0,True,,,0.0,0.0,1.0,4.0,,,,,,17.0,,2024-08-13,1.0,4025,0900,2024-08-13 09:00:00,2024-08-13 09:00:00
8521.0,26894.0,0.0,Flood,0.0,grand_total,3.0,,situation_20240814_0900_0fa15ad8.pdf,0.0,True,,,0.0,0.0,1.0,0.0,,,,,,17.0,,2024-08-14,1.0,3373,0900,2024-08-14 09:00:00,2024-08-14 09:00:00
8524.0,26906.0,0.0,Flood,0.0,grand_total,3.0,,situation_20240815_0900_bb09ff69.pdf,0.0,True,,,0.0,0.0,1.0,3.0,,,,,,17.0,,2024-08-15,1.0,3592,0900,2024-08-15 09:00:00,2024-08-15 09:00:00
8521.0,26894.0,0.0,Flood,0.0,grand_total,3.0,,situation_20240816_0900_aa71592e.pdf,0.0,True,,,0.0,0.0,1.0,0.0,,,,,,17.0,,2024-08-16,1.0,3371,0900,2024-08-16 09:00:00,2024-08-16 09:00:00
8522.0,26898.0,0.0,"Flood, Strong Wind",0.0,grand_total,3.0,,situation_20240817_0900_8f7bd8ba.pdf,1.0,True,,,0.0,0.0,1.0,0.0,,,,,,17.0,,2024-08-17,1.0,3625,0900,2024-08-17 09:00:00,2024-08-17 09:00:00
8717.0,27642.0,0.0,"Flood, Heavy Rain, Strong Wind",0.0,grand_total,5.0,,situation_20240818_0900_5ce64632.pdf,1.0,True,,,0.0,2.0,1.0,158.0,,,,,,21.0,,2024-08-18,2.0,4124,0900,2024-08-18 09:00:00,2024-08-18 09:00:00
8779.0,27858.0,0.0,"Flood, Heavy Rain, Strong Wind",0.0,grand_total,3.0,,situation_20240819_0900_2618b10d.pdf,1.0,True,,,0.0,2.0,1.0,172.0,,,,,,17.0,,2024-08-19,1.0,4302,0900,2024-08-19 09:00:00,2024-08-19 09:00:00
9438.0,30136.0,0.0,"Flood, Landslide, Heavy Rain, Strong Wind",0.0,grand_total,0.0,,situation_20240820_0900_cac1579b.pdf,1.0,True,,,0.0,2.0,1.0,179.0,,,,,,0.0,,2024-08-20,0.0,4547,0900,2024-08-20 09:00:00,2024-08-20 09:00:00
9525.0,30424.0,2.0,"Flood, Landslide, Heavy Rain, Strong Wind",5.0,grand_total,0.0,,situation_20240821_0900_86a94651.pdf,1.0,True,,,0.0,1.0,1.0,221.0,,,,,,0.0,,2024-08-21,0.0,5610,0900,2024-08-21 09:00:00,2024-08-21 09:00:00
11929.0,39124.0,3.0,"Flood, Landslide, Heavy Rain, Strong Wind, Lightning",5.0,grand_total,16.0,,situation_20240822_0900_4b9e5aab.pdf,0.0,True,,,0.0,2.0,1.0,132.0,,,,,,51.0,,2024-08-22,2.0,6627,0900,2024-08-22 09:00:00,2024-08-22 09:00:00
12312.0,40450.0,3.0,"Flood, Landslide, Heavy Rain, Strong Wind, Lightning",5.0,grand_total,23.0,,situation_20240823_0900_f9a5b58c.pdf,0.0,True,,,0.0,2.0,1.0,141.0,,,,,,72.0,,2024-08-23,3.0,6611,0900,2024-08-23 09:00:00,2024-08-23 09:00:00
3308.0,11876.0,3.0,"Flood, Landslide, Heavy Rain, Strong Wind, Lightning",5.0,grand_total,9.0,,situation_20240824_0900_078271a9.pdf,0.0,True,,,0.0,2.0,1.0,163.0,,,,,,33.0,,2024-08-24,2.0,6399,0900,2024-08-24 09:00:00,2024-08-24 09:00:00
51.0,216.0,0.0,"Flood, Strong Wind",0.0,grand_total,9.0,,situation_20240825_0900_1408993f.pdf,0.0,True,,,0.0,0.0,1.0,4.0,,,,,,33.0,,2024-08-25,2.0,2909,0900,2024-08-25 09:00:00,2024-08-25 09:00:00
39.0,176.0,0.0,Flood,0.0,grand_total,9.0,,situation_20240826_0900_504b717b.pdf,0.0,True,,,0.0,0.0,1.0,0.0,,,,,,33.0,,2024-08-26,2.0,2681,0900,2024-08-26 09:00:00,2024-08-26 09:00:00
16.0,80.0,0.0,Flood,0.0,grand_total,0.0,,situation_20240827_0900_02fcf25d.pdf,0.0,True,,,0.0,0.0,1.0,1.0,,,,,,0.0,,2024-08-27,0.0,2872,0900,2024-08-27 09:00:00,2024-08-27 09:00:00
4.0,12.0,0.0,Strong Wind,0.0,grand_total,0.0,,situation_20240828_0900_de44127f.pdf,0.0,True,,,0.0,0.0,0.0,4.0,,,,,,0.0,,2024-08-28,0.0,2773,0900,2024-08-28 09:00:00,2024-08-28 09:00:00
7.0,28.0,0.0,"Flood, Heavy Rain, Strong Wind",0.0,grand_total,0.0,,situation_20240829_0900_18ea4f54.pdf,0.0,True,,,0.0,0.0,0.0,7.0,,,,,,0.0,,2024-08-29,0.0,2539,0900,2024-08-29 09:00:00,2024-08-29 09:00:00
2.0,10.0,0.0,Other,0.0,grand_total,0.0,,situation_20240831_0900_4bdb4f68.pdf,0.0,True,,,0.0,0.0,0.0,2.0,,,,,,0.0,,2024-08-31,0.0,2393,0900,2024-08-31 09:00:00,2024-08-31 09:00:00
29.0,110.0,0.0,"Heavy Rain, Strong Wind, Lightning",0.0,grand_total,0.0,,situation_20240903_0900_674a275c.pdf,0.0,True,,,0.0,0.0,0.0,27.0,,,,,,0.0,,2024-09-03,0.0,3222,0900,2024-09-03 09:00:00,2024-09-03 09:00:00
3.0,8.0,0.0,"Heavy Rain, Strong Wind",0.0,grand_total,0.0,,situation_20240904_0900_daeba128.pdf,0.0,True,,,0.0,0.0,0.0,3.0,,,,,,0.0,,2024-09-04,0.0,2409,0900,2024-09-04 09:00:00,2024-09-04 09:00:00
11.0,47.0,0.0,"Landslide, Heavy Rain, Strong Wind, Lightning",0.0,grand_total,0.0,,situation_20240905_0900_ad79d58c.pdf,0.0,True,,,0.0,0.0,3.0,12.0,,,,,,0.0,,2024-09-05,0.0,3017,0900,2024-09-05 09:00:00,2024-09-05 09:00:00
2.0,10.0,1.0,Heavy Rain,0.0,grand_total,0.0,,situation_20240906_0900_9b7df6c5.pdf,0.0,True,,,0.0,3.0,0.0,2.0,,,,,,0.0,,2024-09-06,0.0,2588,0900,2024-09-06 09:00:00,2024-09-06 09:00:00
9.0,23.0,2.0,"Strong Wind, Lightning",0.0,grand_total,0.0,,situation_20240910_0900_9d8e614c.pdf,0.0,True,,,0.0,0.0,0.0,7.0,,,,,,0.0,,2024-09-10,0.0,3243,0900,2024-09-10 09:00:00,2024-09-10 09:00:00
7.0,21.0,0.0,"Heavy Rain, Strong Wind",0.0,grand_total,0.0,,situation_20240912_0900_8933c71d.pdf,0.0,True,,,0.0,0.0,0.0,6.0,,,,,,0.0,,2024-09-12,0.0,2819,0900,2024-09-12 09:00:00,2024-09-12 09:00:00
5.0,22.0,1.0,Other,0.0,grand_total,0.0,,situation_20240913_0900_d13b3eb7.pdf,0.0,True,,,0.0,0.0,0.0,4.0,,,,,,0.0,,2024-09-13,0.0,2700,0900,2024-09-13 09:00:00,2024-09-13 09:00:00
3.0,13.0,0.0,"Heavy Rain, Strong Wind",0.0,grand_total,0.0,,situation_20240914_0900_6b0798f9.pdf,0.0,True,,,0.0,0.0,0.0,3.0,,,,,,0.0,,2024-09-14,0.0,2514,0900,2024-09-14 09:00:00,2024-09-14 09:00:00
0.0,0.0,0.0,Other,0.0,grand_total,0.0,,situation_20240915_0900_c52d5032.pdf,0.0,True,,,0.0,0.0,0.0,0.0,,,,,,0.0,,2024-09-15,0.0,2316,0900,2024-09-15 09:00:00,2024-09-15 09:00:00
0.0,0.0,0.0,Other,0.0,grand_total,0.0,,situation_20240916_0900_4abf55ae.pdf,0.0,True,,,0.0,0.0,0.0,0.0,,,,,,0.0,,2024-09-16,0.0,2316,0900,2024-09-16 09:00:00,2024-09-16 09:00:00
0.0,0.0,0.0,Other,1.0,grand_total,0.0,,situation_20240917_0900_5da2e725.pdf,0.0,True,,,0.0,0.0,0.0,0.0,,,,,,0.0,,2024-09-17,0.0,2323,0900,2024-09-17 09:00:00,2024-09-17 09:00:00
0.0,0.0,0.0,Other,0.0,grand_total,0.0,,situation_20240918_0900_1fe1bf5e.pdf,0.0,True,,,0.0,0.0,0.0,0.0,,,,,,0.0,,2024-09-18,0.0,2256,0900,2024-09-18 09:00:00,2024-09-18 09:00:00
6.0,24.0,0.0,Strong Wind,1.0,grand_total,0.0,,situation_20240919_0900_fc10dd58.pdf,0.0,True,,,0.0,0.0,0.0,6.0,,,,,,0.0,,2024-09-19,0.0,2583,0900,2024-09-19 09:00:00,2024-09-19 09:00:00
0.0,0.0,0.0,Other,0.0,confirmed_zero_report,0.0,,situation_20240920_0900_87c429e4.pdf,0.0,True,,,0.0,0.0,0.0,0.0,,,,,,0.0,,2024-09-20,0.0,2184,0900,2024-09-20 09:00:00,2024-09-20 09:00:00
0.0,0.0,0.0,Other,0.0,confirmed_zero_report,0.0,,situation_20240921_0900_8c9157e1.pdf,0.0,True,,,0.0,0.0,0.0,0.0,,,,,,0.0,,2024-09-21,0.0,2250,0900,2024-09-21 09:00:00,2024-09-21 09:00:00
0.0,0.0,0.0,Other,0.0,confirmed_zero_report,0.0,,situation_20240922_0900_27eda007.pdf,0.0,True,,,0.0,0.0,0.0,0.0,,,,,,0.0,,2024-09-22,0.0,2250,0900,2024-09-22 09:00:00,2024-09-22 09:00:00
0.0,0.0,0.0,Other,0.0,confirmed_zero_report,0.0,,situation_20240924_0900_632de086.pdf,0.0,True,,,0.0,0.0,0.0,0.0,,,,,,0.0,,2024-09-24,0.0,2238,0900,2024-09-24 09:00:00,2024-09-24 09:00:00
0.0,0.0,0.0,Other,0.0,confirmed_zero_report,0.0,,situation_20240925_0900_b218995c.pdf,0.0,True,,,0.0,0.0,0.0,0.0,,,,,,0.0,,2024-09-25,0.0,2254,0900,2024-09-25 09:00:00,2024-09-25 09:00:00
0.0,0.0,0.0,Other,0.0,confirmed_zero_report,0.0,,situation_20240926_0900_44592a4a.pdf,0.0,True,,,0.0,0.0,0.0,0.0,,,,,,0.0,,2024-09-26,0.0,2227,0900,2024-09-26 09:00:00,2024-09-26 09:00:00
0.0,0.0,0.0,Other,0.0,confirmed_zero_report,0.0,,situation_20240927_0900_1e2a887e.pdf,0.0,True,,,0.0,0.0,0.0,0.0,,,,,,0.0,,2024-09-27,0.0,2242,0900,2024-09-27 09:00:00,2024-09-27 09:00:00
6.0,24.0,0.0,Strong Wind,0.0,grand_total,0.0,,situation_20240928_0900_0f32e2f5.pdf,1.0,True,,,0.0,0.0,0.0,5.0,,,,,,0.0,,2024-09-28,0.0,2670,0900,2024-09-28 09:00:00,2024-09-28 09:00:00
195.0,706.0,0.0,"Heavy Rain, Strong Wind, Lightning",0.0,grand_total,0.0,,situation_20241001_0900_eb1521be.pdf,0.0,True,,,0.0,0.0,0.0,190.0,,,,,,0.0,,2024-10-01,0.0,3415,0900,2024-10-01 09:00:00,2024-10-01 09:00:00
46.0,174.0,0.0,"Strong Wind, Lightning",0.0,grand_total,0.0,,situation_20241002_0900_9a8f4db8.pdf,0.0,True,,,0.0,0.0,0.0,45.0,,,,,,0.0,,2024-10-02,0.0,2740,0900,2024-10-02 09:00:00,2024-10-02 09:00:00
8.0,33.0,0.0,"Heavy Rain, Strong Wind, Lightning",0.0,grand_total,0.0,,situation_20241003_0900_d6ed17f9.pdf,0.0,True,,,0.0,0.0,0.0,8.0,,,,,,0.0,,2024-10-03,0.0,2575,0900,2024-10-03 09:00:00,2024-10-03 09:00:00
28.0,99.0,0.0,Strong Wind,0.0,grand_total,0.0,,situation_20241004_0900_794df181.pdf,0.0,True,,,0.0,0.0,0.0,26.0,,,,,,0.0,,2024-10-04,0.0,2785,0900,2024-10-04 09:00:00,2024-10-04 09:00:00
5.0,21.0,0.0,Strong Wind,0.0,grand_total,0.0,,situation_20241005_0900_89b276ae.pdf,0.0,True,,,0.0,0.0,0.0,5.0,,,,,,0.0,,2024-10-05,0.0,2561,0900,2024-10-05 09:00:00,2024-10-05 09:00:00
0.0,0.0,0.0,Other,0.0,grand_total,0.0,,situation_20241006_0900_328e1221.pdf,0.0,True,,,0.0,0.0,0.0,0.0,,,,,,0.0,,2024-10-06,0.0,2274,0900,2024-10-06 09:00:00,2024-10-06 09:00:00
0.0,0.0,0.0,Other,0.0,grand_total,0.0,,situation_20241007_0900_487af880.pdf,0.0,True,,,0.0,0.0,0.0,0.0,,,,,,0.0,,2024-10-07,0.0,2250,0900,2024-10-07 09:00:00,2024-10-07 09:00:00
145.0,716.0,0.0,Flood,0.0,grand_total,0.0,,situation_20241008_0900_27b11165.pdf,0.0,True,,,0.0,0.0,0.0,4.0,,,,,,0.0,,2024-10-08,0.0,2563,0900,2024-10-08 09:00:00,2024-10-08 09:00:00
522.0,1943.0,0.0,"Flood, Heavy Rain, Strong Wind, Lightning",0.0,grand_total,14.0,,situation_20241009_0900_2973a677.pdf,0.0,True,,,0.0,0.0,0.0,8.0,,,,,,48.0,,2024-10-09,1.0,2779,0900,2024-10-09 09:00:00,2024-10-09 09:00:00
281.0,1056.0,0.0,"Flood, Heavy Rain, Strong Wind, Lightning",0.0,grand_total,0.0,,situation_20241010_0900_d79a6fa1.pdf,0.0,True,,,0.0,0.0,0.0,11.0,,,,,,0.0,,2024-10-10,0.0,3938,0900,2024-10-10 09:00:00,2024-10-10 09:00:00
298.0,1107.0,0.0,"Flood, Heavy Rain, Strong Wind, Cyclone",0.0,grand_total,6.0,,situation_20241011_0900_91357ad2.pdf,0.0,True,,,0.0,0.0,0.0,10.0,,,,,,24.0,,2024-10-11,1.0,3292,0900,2024-10-11 09:00:00,2024-10-11 09:00:00
5349.0,22069.0,1.0,"Flood, Heavy Rain, Strong Wind, Lightning",1.0,grand_total,24.0,,situation_20241012_0900_5eda10e5.pdf,0.0,True,,,1.0,2.0,1.0,120.0,,,,,,100.0,,2024-10-12,4.0,6005,0900,2024-10-12 09:00:00,2024-10-12 09:00:00
30017.0,118210.0,2.0,"Flood, Heavy Rain, Strong Wind, Lightning",18.0,grand_total,1721.0,,situation_20241013_0900_33e50c33.pdf,1.0,True,,,2.0,2.0,0.0,235.0,,,,,,6852.0,,2024-10-13,79.0,6867,0900,2024-10-13 09:00:00,2024-10-13 09:00:00
34492.0,134484.0,3.0,"Flood, Heavy Rain, Strong Wind, Lightning",29.0,grand_total,1753.0,,situation_20241014_0900_495d0e8b.pdf,1.0,True,,,2.0,2.0,0.0,240.0,,,,,,6963.0,,2024-10-14,81.0,6743,0900,2024-10-14 09:00:00,2024-10-14 09:00:00
39522.0,154782.0,3.0,"Flood, Heavy Rain, Strong Wind, Lightning",40.0,grand_total,2433.0,,situation_20241015_0900_a091e81e.pdf,1.0,True,,,1.0,2.0,0.0,321.0,,,,,,10361.0,,2024-10-15,80.0,7514,0900,2024-10-15 09:00:00,2024-10-15 09:00:00
35391.0,137792.0,3.0,"Flood, Heavy Rain, Strong Wind, Lightning",43.0,grand_total,2222.0,,situation_20241016_0900_176f8f3d.pdf,1.0,True,,,1.0,2.0,0.0,344.0,,,,,,9591.0,,2024-10-16,70.0,7618,0900,2024-10-16 09:00:00,2024-10-16 09:00:00
10008.0,38676.0,2.0,"Flood, Heavy Rain, Strong Wind, Lightning",45.0,grand_total,1116.0,,situation_20241017_0900_5c905f0b.pdf,0.0,True,,,2.0,3.0,0.0,371.0,,,,,,4622.0,,2024-10-17,38.0,7955,0900,2024-10-17 09:00:00,2024-10-17 09:00:00
4388.0,15838.0,2.0,"Flood, Heavy Rain, Strong Wind, Lightning",45.0,grand_total,197.0,,situation_20241018_0900_e6949f5c.pdf,0.0,True,,,2.0,3.0,0.0,368.0,,,,,,736.0,,2024-10-18,23.0,7795,0900,2024-10-18 09:00:00,2024-10-18 09:00:00
2831.0,10214.0,2.0,"Flood, Heavy Rain, Strong Wind, Lightning",45.0,grand_total,62.0,,situation_20241019_0900_e07cddc9.pdf,0.0,True,,,2.0,3.0,0.0,372.0,,,,,,206.0,,2024-10-19,7.0,7949,0900,2024-10-19 09:00:00,2024-10-19 09:00:00
2481.0,8923.0,2.0,"Flood, Heavy Rain, Strong Wind, Lightning",45.0,grand_total,62.0,,situation_20241020_0900_c51cca3c.pdf,0.0,True,,,2.0,3.0,0.0,372.0,,,,,,206.0,,2024-10-20,7.0,8008,0900,2024-10-20 09:00:00,2024-10-20 09:00:00
95.0,345.0,1.0,Flood,0.0,grand_total,52.0,,situation_20241021_0900_2f42c2d2.pdf,0.0,True,,,0.0,0.0,0.0,0.0,,,,,,170.0,,2024-10-21,4.0,2654,0900,2024-10-21 09:00:00,2024-10-21 09:00:00
369.0,940.0,0.0,Heavy Rain,0.0,grand_total,0.0,,situation_20241022_0900_0a91c52d.pdf,0.0,True,,,0.0,2.0,0.0,9.0,,,,,,0.0,,2024-10-22,0.0,2793,0900,2024-10-22 09:00:00,2024-10-22 09:00:00
489.0,1360.0,0.0,"Flood, Heavy Rain, Strong Wind, Lightning",0.0,grand_total,0.0,,situation_20241023_0900_184c9359.pdf,0.0,True,,,0.0,2.0,0.0,19.0,,,,,,0.0,,2024-10-23,0.0,3262,0900,2024-10-23 09:00:00,2024-10-23 09:00:00
434.0,1362.0,0.0,"Heavy Rain, Strong Wind",1.0,grand_total,0.0,,situation_20241024_0900_3cb58149.pdf,0.0,True,,,0.0,0.0,0.0,9.0,,,,,,0.0,,2024-10-24,0.0,2636,0900,2024-10-24 09:00:00,2024-10-24 09:00:00
3472.0,12858.0,0.0,"Flood, Heavy Rain, Strong Wind, Lightning",0.0,grand_total,97.0,,situation_20241025_0900_87746908.pdf,0.0,True,,,0.0,0.0,0.0,63.0,,,,,,336.0,,2024-10-25,3.0,4331,0900,2024-10-25 09:00:00,2024-10-25 09:00:00
3511.0,12860.0,0.0,"Flood, Heavy Rain, Strong Wind, Lightning",0.0,grand_total,89.0,,situation_20241027_0900_8cdc03fa.pdf,0.0,True,,,0.0,0.0,0.0,77.0,,,,,,302.0,,2024-10-27,3.0,5110,0900,2024-10-27 09:00:00,2024-10-27 09:00:00
3511.0,12860.0,0.0,"Flood, Heavy Rain, Strong Wind, Lightning",0.0,grand_total,89.0,,situation_20241028_0900_902f1b0c.pdf,0.0,True,,,0.0,0.0,0.0,77.0,,,,,,302.0,,2024-10-28,3.0,5101,0900,2024-10-28 09:00:00,2024-10-28 09:00:00
3207.0,11880.0,0.0,"Flood, Heavy Rain, Strong Wind, Lightning",0.0,grand_total,89.0,,situation_20241029_0900_5c616a84.pdf,0.0,True,,,0.0,0.0,0.0,79.0,,,,,,302.0,,2024-10-29,3.0,5113,0900,2024-10-29 09:00:00,2024-10-29 09:00:00
3045.0,11219.0,0.0,"Flood, Heavy Rain",0.0,grand_total,0.0,,situation_20241030_0900_09c8353d.pdf,0.0,True,,,0.0,0.0,0.0,15.0,,,,,,0.0,,2024-10-30,0.0,3106,0900,2024-10-30 09:00:00,2024-10-30 09:00:00
3045.0,11225.0,0.0,"Flood, Heavy Rain, Strong Wind",0.0,grand_total,0.0,,situation_20241031_0900_42fa601b.pdf,0.0,True,,,0.0,0.0,0.0,19.0,,,,,,0.0,,2024-10-31,0.0,3190,0900,2024-10-31 09:00:00,2024-10-31 09:00:00
3056.0,11264.0,1.0,"Flood, Heavy Rain, Strong Wind, Lightning",0.0,grand_total,0.0,,situation_20241101_0900_3c826a83.pdf,0.0,True,,,0.0,1.0,0.0,29.0,,,,,,0.0,,2024-11-01,0.0,3244,0900,2024-11-01 09:00:00,2024-11-01 09:00:00
177.0,583.0,1.0,"Flood, Heavy Rain, Strong Wind, Lightning",1.0,grand_total,0.0,,situation_20241102_0900_166485e0.pdf,0.0,True,,,0.0,1.0,0.0,49.0,,,,,,0.0,,2024-11-02,0.0,3353,0900,2024-11-02 09:00:00,2024-11-02 09:00:00
126.0,407.0,0.0,"Flood, Heavy Rain",1.0,grand_total,0.0,,situation_20241103_0900_87a078d2.pdf,0.0,True,,,1.0,0.0,0.0,15.0,,,,,,0.0,,2024-11-03,0.0,2589,0900,2024-11-03 09:00:00,2024-11-03 09:00:00
270.0,983.0,0.0,Flood,1.0,grand_total,0.0,,situation_20241104_0900_01fb72d9.pdf,0.0,True,,,0.0,0.0,0.0,16.0,,,,,,0.0,,2024-11-04,0.0,2379,0900,2024-11-04 09:00:00,2024-11-04 09:00:00
84.0,317.0,0.0,"Flood, Heavy Rain, Lightning",1.0,grand_total,0.0,,situation_20241105_0900_498eb861.pdf,0.0,True,,,1.0,0.0,0.0,79.0,,,,,,0.0,,2024-11-05,0.0,3314,0900,2024-11-05 09:00:00,2024-11-05 09:00:00
424.0,1602.0,0.0,"Flood, Landslide, Heavy Rain, Strong Wind, Lightning",0.0,grand_total,0.0,,situation_20241107_0900_1106db53.pdf,0.0,True,,,0.0,0.0,0.0,17.0,,,,,,0.0,,2024-11-07,0.0,3468,0900,2024-11-07 09:00:00,2024-11-07 09:00:00
277.0,1057.0,0.0,"Flood, Strong Wind",0.0,grand_total,0.0,,situation_20241108_0900_d0f11cc8.pdf,0.0,True,,,0.0,0.0,0.0,7.0,,,,,,0.0,,2024-11-08,0.0,2728,0900,2024-11-08 09:00:00,2024-11-08 09:00:00
3346.0,12257.0,0.0,"Flood, Heavy Rain, Strong Wind",0.0,grand_total,0.0,,situation_20241109_0900_746c98f4.pdf,0.0,True,,,0.0,0.0,0.0,7.0,,,,,,0.0,,2024-11-09,0.0,2994,0900,2024-11-09 09:00:00,2024-11-09 09:00:00
6897.0,23924.0,0.0,"Flood, Strong Wind, Lightning",0.0,grand_total,90.0,,situation_20241110_0900_2e11e2f7.pdf,0.0,True,,,1.0,0.0,0.0,14.0,,,,,,322.0,,2024-11-10,3.0,3450,0900,2024-11-10 09:00:00,2024-11-10 09:00:00
5180.0,17551.0,0.0,"Flood, Strong Wind, Lightning",0.0,grand_total,1.0,,situation_20241111_0900_d430b0a2.pdf,0.0,True,,,0.0,0.0,0.0,11.0,,,,,,2.0,,2024-11-11,1.0,3079,0900,2024-11-11 09:00:00,2024-11-11 09:00:00
5167.0,17491.0,0.0,"Flood, Heavy Rain, Strong Wind, Lightning",0.0,grand_total,1.0,,situation_20241112_0900_d4cbf20f.pdf,1.0,True,,,0.0,0.0,0.0,49.0,,,,,,2.0,,2024-11-12,1.0,4116,0900,2024-11-12 09:00:00,2024-11-12 09:00:00
2648.0,9089.0,1.0,"Flood, Strong Wind, Lightning",0.0,grand_total,1.0,,situation_20241113_0900_a1569fa2.pdf,0.0,True,,,1.0,0.0,0.0,17.0,,,,,,2.0,,2024-11-13,1.0,3505,0900,2024-11-13 09:00:00,2024-11-13 09:00:00
2678.0,9210.0,1.0,"Flood, Heavy Rain, Strong Wind, Lightning",2.0,grand_total,1.0,,situation_20241114_0900_bec669f0.pdf,0.0,True,,,0.0,0.0,0.0,44.0,,,,,,2.0,,2024-11-14,1.0,3187,0900,2024-11-14 09:00:00,2024-11-14 09:00:00
2692.0,9255.0,2.0,"Flood, Heavy Rain, Strong Wind, Lightning",2.0,grand_total,1.0,,situation_20241115_0900_85deb186.pdf,0.0,True,,,0.0,3.0,0.0,57.0,,,,,,2.0,,2024-11-15,1.0,3335,0900,2024-11-15 09:00:00,2024-11-15 09:00:00
2647.0,9066.0,2.0,Flood,0.0,grand_total,1.0,,situation_20241116_0900_3daef940.pdf,0.0,True,,,0.0,3.0,0.0,14.0,,,,,,2.0,,2024-11-16,1.0,2987,0900,2024-11-16 09:00:00,2024-11-16 09:00:00
0.0,0.0,0.0,Flood,0.0,grand_total,1.0,,situation_20241117_0900_e2d5d963.pdf,0.0,True,,,0.0,0.0,0.0,0.0,,,,,,2.0,,2024-11-17,1.0,2317,0900,2024-11-17 09:00:00,2024-11-17 09:00:00
0.0,0.0,0.0,Flood,0.0,grand_total,1.0,,situation_20241118_0900_fb3b62c4.pdf,0.0,True,,,0.0,0.0,0.0,0.0,,,,,,2.0,,2024-11-18,1.0,2298,0900,2024-11-18 09:00:00,2024-11-18 09:00:00
454.0,1643.0,2.0,"Flood, Heavy Rain, Strong Wind, Lightning",20.0,grand_total,0.0,,situation_20241119_0900_a903b8fc.pdf,3.0,True,,,0.0,0.0,0.0,36.0,,,,,,0.0,,2024-11-19,0.0,3615,0900,2024-11-19 09:00:00,2024-11-19 09:00:00
502.0,1981.0,0.0,"Flood, Landslide, Heavy Rain, Strong Wind, Lightning",25.0,grand_total,0.0,,situation_20241120_0900_3e7f8041.pdf,0.0,True,,,0.0,0.0,0.0,83.0,,,,,,0.0,,2024-11-20,0.0,4242,0900,2024-11-20 09:00:00,2024-11-20 09:00:00
580.0,2091.0,1.0,"Flood, Landslide, Heavy Rain, Strong Wind, Lightning",21.0,grand_total,0.0,,situation_20241121_0900_c638c694.pdf,0.0,True,,,0.0,0.0,1.0,46.0,,,,,,0.0,,2024-11-21,0.0,4473,0900,2024-11-21 09:00:00,2024-11-21 09:00:00
1026.0,3877.0,1.0,"Flood, Heavy Rain, Lightning",17.0,grand_total,0.0,,situation_20241122_0900_ec6b6559.pdf,0.0,True,,,0.0,0.0,0.0,32.0,,,,,,0.0,,2024-11-22,0.0,3492,0900,2024-11-22 09:00:00,2024-11-22 09:00:00
2010.0,7401.0,0.0,"Flood, Heavy Rain, Strong Wind, Lightning",0.0,grand_total,0.0,,situation_20241123_0900_528dc736.pdf,0.0,True,,,0.0,0.0,0.0,39.0,,,,,,0.0,,2024-11-23,0.0,3587,0900,2024-11-23 09:00:00,2024-11-23 09:00:00
4184.0,15622.0,0.0,"Flood, Heavy Rain, Strong Wind, Lightning",0.0,grand_total,122.0,,situation_20241124_0900_256964b1.pdf,1.0,True,,,0.0,0.0,0.0,44.0,,,,,,399.0,,2024-11-24,5.0,3645,0900,2024-11-24 09:00:00,2024-11-24 09:00:00
4410.0,16287.0,0.0,"Flood, Heavy Rain, Strong Wind, Lightning",0.0,grand_total,330.0,,situation_20241125_0900_fc76c239.pdf,1.0,True,,,0.0,0.0,0.0,48.0,,,,,,1136.0,,2024-11-25,14.0,4337,0900,2024-11-25 09:00:00,2024-11-25 09:00:00
15713.0,55561.0,0.0,"Flood, Heavy Rain, Strong Wind, Lightning",19.0,grand_total,535.0,,situation_20241126_0900_ea563072.pdf,1.0,True,,,0.0,0.0,0.0,131.0,,,,,,1731.0,,2024-11-26,22.0,6252,0900,2024-11-26 09:00:00,2024-11-26 09:00:00
59269.0,207582.0,1.0,"Flood, Heavy Rain, Strong Wind, Lightning",57.0,grand_total,3102.0,,situation_20241127_0900_3c42d9e4.pdf,6.0,True,,,178.0,8.0,7.0,561.0,,,,,,10137.0,,2024-11-27,101.0,11244,0900,2024-11-27 09:00:00,2024-11-27 09:00:00
113052.0,377511.0,12.0,"Flood, Landslide, Heavy Rain, Strong Wind",51.0,grand_total,10431.0,,situation_20241128_1600_11c4a2cc.pdf,91.0,True,,,178.0,17.0,1.0,1662.0,,,,,,32695.0,,2024-11-28,311.0,14110,1600,2024-11-28 16:00:00,2024-11-28 16:00:00
132071.0,441373.0,14.0,"Flood, Heavy Rain, Strong Wind, Lightning",10.0,grand_total,12054.0,,situation_20241129_1400_a7de2adb.pdf,99.0,True,,,9.0,19.0,1.0,2082.0,,,,,,37863.0,,2024-11-29,338.0,14458,1400,2024-11-29 14:00:00,2024-11-29 14:00:00
138944.0,465746.0,16.0,"Flood, Heavy Rain, Strong Wind, Lightning",10.0,grand_total,8984.0,,situation_20241130_1200_1e1bd766.pdf,98.0,True,,,9.0,19.0,0.0,2333.0,,,,,,29596.0,,2024-11-30,245.0,13826,1200,2024-11-30 12:00:00,2024-11-30 12:00:00
139934.0,471249.0,17.0,"Flood, Heavy Rain, Strong Wind, Lightning",10.0,grand_total,4745.0,,situation_20241201_1200_53f35672.pdf,100.0,True,,,9.0,19.0,0.0,2379.0,,,,,,15464.0,,2024-12-01,135.0,13640,1200,2024-12-01 12:00:00,2024-12-01 12:00:00
141151.0,475225.0,17.0,"Flood, Heavy Rain, Strong Wind, Lightning",56.0,grand_total,2170.0,,situation_20241202_1000_f7ccbd8a.pdf,106.0,True,,,26.0,19.0,0.0,2516.0,,,,,,7308.0,,2024-12-02,85.0,13490,1000,2024-12-02 10:00:00,2024-12-02 10:00:00
139512.0,468732.0,18.0,"Flood, Heavy Rain, Strong Wind, Lightning",60.0,grand_total,1567.0,,situation_20241203_1000_90e95a5d.pdf,107.0,True,,,28.0,19.0,0.0,2613.0,,,,,,5080.0,,2024-12-03,64.0,13842,1000,2024-12-03 10:00:00,2024-12-03 10:00:00
136824.0,456167.0,18.0,"Flood, Heavy Rain, Strong Wind, Lightning",68.0,grand_total,721.0,,situation_20241205_1000_d56a91f6.pdf,108.0,True,,,22.0,19.0,0.0,2730.0,,,,,,2367.0,,2024-12-05,39.0,14063,1000,2024-12-05 10:00:00,2024-12-05 10:00:00
125184.0,420033.0,18.0,"Flood, Heavy Rain, Strong Wind",65.0,grand_total,513.0,,situation_20241206_1200_23299e89.pdf,97.0,True,,,16.0,13.0,0.0,1780.0,,,,,,1686.0,,2024-12-06,17.0,8778,1200,2024-12-06 12:00:00,2024-12-06 12:00:00
125187.0,420047.0,18.0,"Flood, Heavy Rain, Strong Wind",65.0,grand_total,432.0,,situation_20241207_0900_d677a6d7.pdf,97.0,True,,,16.0,13.0,0.0,1789.0,,,,,,1463.0,,2024-12-07,17.0,9071,0900,2024-12-07 09:00:00,2024-12-07 09:00:00
125189.0,420053.0,18.0,"Flood, Heavy Rain, Strong Wind",65.0,grand_total,432.0,,situation_20241208_0900_8096c11c.pdf,97.0,True,,,16.0,13.0,0.0,1791.0,,,,,,1463.0,,2024-12-08,17.0,9311,0900,2024-12-08 09:00:00,2024-12-08 09:00:00
0.0,0.0,0.0,Flood,0.0,grand_total,40.0,,situation_20241209_1000_0b40bef6.pdf,0.0,True,,,0.0,0.0,0.0,0.0,,,,,,129.0,,2024-12-09,3.0,2742,1000,2024-12-09 10:00:00,2024-12-09 10:00:00
6.0,23.0,0.0,"Flood, Strong Wind, Lightning",0.0,grand_total,38.0,,situation_20241210_0900_61c6bbbf.pdf,0.0,True,,,0.0,0.0,0.0,6.0,,,,,,126.0,,2024-12-10,2.0,2940,0900,2024-12-10 09:00:00,2024-12-10 09:00:00
0.0,0.0,0.0,Other,0.0,confirmed_zero_report,0.0,,situation_20241211_0900_b48c6a1b.pdf,0.0,True,,,0.0,0.0,0.0,0.0,,,,,,0.0,,2024-12-11,0.0,2091,0900,2024-12-11 09:00:00,2024-12-11 09:00:00
3.0,10.0,0.0,Strong Wind,0.0,grand_total,0.0,,situation_20241212_0900_d1c47c75.pdf,0.0,True,,,0.0,0.0,0.0,3.0,,,,,,0.0,,2024-12-12,0.0,2565,0900,2024-12-12 09:00:00,2024-12-12 09:00:00
9.0,28.0,0.0,Strong Wind,0.0,grand_total,0.0,,situation_20241213_0900_91d7d9c8.pdf,0.0,True,,,0.0,0.0,0.0,9.0,,,,,,0.0,,2024-12-13,0.0,2753,0900,2024-12-13 09:00:00,2024-12-13 09:00:00
93.0,293.0,0.0,"Flood, Heavy Rain, Strong Wind",0.0,grand_total,35.0,,situation_20241214_0900_f975fba9.pdf,0.0,True,,,0.0,0.0,0.0,28.0,,,,,,123.0,,2024-12-14,2.0,3395,0900,2024-12-14 09:00:00,2024-12-14 09:00:00
251.0,771.0,0.0,"Flood, Heavy Rain, Strong Wind",2.0,grand_total,35.0,,situation_20241215_0900_9d405d14.pdf,0.0,True,,,0.0,0.0,0.0,8.0,,,,,,123.0,,2024-12-15,2.0,2746,0900,2024-12-15 09:00:00,2024-12-15 09:00:00
186.0,584.0,0.0,"Flood, Heavy Rain, Strong Wind",2.0,grand_total,35.0,,situation_20241216_0900_bf6142d7.pdf,0.0,True,,,0.0,0.0,0.0,9.0,,,,,,123.0,,2024-12-16,2.0,2963,0900,2024-12-16 09:00:00,2024-12-16 09:00:00
302.0,924.0,0.0,"Flood, Heavy Rain, Strong Wind",3.0,grand_total,51.0,,situation_20241217_0900_5f51bb45.pdf,0.0,True,,,0.0,1.0,0.0,29.0,,,,,,165.0,,2024-12-17,4.0,4215,0900,2024-12-17 09:00:00,2024-12-17 09:00:00
301.0,917.0,0.0,"Flood, Heavy Rain, Strong Wind, Lightning",2.0,grand_total,51.0,,situation_20241218_0900_6b750c74.pdf,0.0,True,,,0.0,0.0,0.0,12.0,,,,,,165.0,,2024-12-18,4.0,3377,0900,2024-12-18 09:00:00,2024-12-18 09:00:00
63.0,205.0,0.0,"Heavy Rain, Strong Wind",0.0,grand_total,51.0,,situation_20241219_0900_0a865b60.pdf,0.0,True,,,0.0,0.0,0.0,11.0,,,,,,165.0,,2024-12-19,4.0,3205,0900,2024-12-19 09:00:00,2024-12-19 09:00:00
59.0,188.0,0.0,Heavy Rain,2.0,grand_total,51.0,,situation_20241220_0900_6b1db6a8.pdf,0.0,True,,,0.0,0.0,0.0,4.0,,,,,,165.0,,2024-12-20,4.0,2763,0900,2024-12-20 09:00:00,2024-12-20 09:00:00
58.0,185.0,0.0,Other,2.0,grand_total,51.0,,situation_20241221_0900_84e1e9eb.pdf,0.0,True,,,0.0,0.0,0.0,3.0,,,,,,165.0,,2024-12-21,4.0,2535,0900,2024-12-21 09:00:00,2024-12-21 09:00:00
59.0,189.0,0.0,Other,3.0,grand_total,51.0,,situation_20241223_0900_a913c626.pdf,0.0,True,,,0.0,0.0,0.0,4.0,,,,,,165.0,,2024-12-23,4.0,2746,0900,2024-12-23 09:00:00,2024-12-23 09:00:00
276.0,917.0,0.0,"Flood, Heavy Rain, Strong Wind",3.0,grand_total,55.0,,situation_20241224_0900_dd756a5b.pdf,0.0,True,,,0.0,0.0,0.0,67.0,,,,,,186.0,,2024-12-24,4.0,3713,0900,2024-12-24 09:00:00,2024-12-24 09:00:00
239.0,736.0,0.0,"Flood, Strong Wind",2.0,grand_total,55.0,,situation_20241225_0900_fc343237.pdf,0.0,True,,,0.0,0.0,0.0,30.0,,,,,,186.0,,2024-12-25,4.0,2921,0900,2024-12-25 09:00:00,2024-12-25 09:00:00
239.0,736.0,0.0,"Flood, Strong Wind",2.0,grand_total,55.0,,situation_20241226_0900_c2f1785c.pdf,0.0,True,,,0.0,0.0,0.0,30.0,,,,,,186.0,,2024-12-26,4.0,2916,0900,2024-12-26 09:00:00,2024-12-26 09:00:00
240.0,737.0,1.0,"Flood, Strong Wind",2.0,grand_total,55.0,,situation_20241227_0900_e19f2161.pdf,0.0,True,,,0.0,0.0,0.0,30.0,,,,,,186.0,,2024-12-27,4.0,3162,0900,2024-12-27 09:00:00,2024-12-27 09:00:00
41.0,138.0,0.0,"Flood, Strong Wind",0.0,grand_total,41.0,,situation_20241228_0900_d7950be8.pdf,0.0,True,,,0.0,0.0,0.0,20.0,,,,,,138.0,,2024-12-28,3.0,2777,0900,2024-12-28 09:00:00,2024-12-28 09:00:00
41.0,138.0,0.0,"Flood, Strong Wind",0.0,grand_total,41.0,,situation_20241229_0900_bbc6d7e2.pdf,0.0,True,,,0.0,0.0,0.0,20.0,,,,,,138.0,,2024-12-29,3.0,2784,0900,2024-12-29 09:00:00,2024-12-29 09:00:00
21.0,79.0,1.0,"Heavy Rain, Strong Wind, Lightning",0.0,grand_total,0.0,,situation_20250101_0900_95809077.pdf,0.0,True,,,0.0,0.0,0.0,20.0,,,,,,0.0,,2025-01-01,0.0,2908,0900,2025-01-01 09:00:00,2025-01-01 09:00:00
4.0,13.0,0.0,Strong Wind,0.0,grand_total,0.0,,situation_20250102_0900_80b2effc.pdf,0.0,True,,,0.0,0.0,0.0,4.0,,,,,,0.0,,2025-01-02,0.0,2354,0900,2025-01-02 09:00:00,2025-01-02 09:00:00
12.0,43.0,1.0,"Heavy Rain, Strong Wind",0.0,grand_total,0.0,,situation_20250103_0900_6775c9f2.pdf,0.0,True,,,0.0,11.0,0.0,7.0,,,,,,0.0,,2025-01-03,0.0,2921,0900,2025-01-03 09:00:00,2025-01-03 09:00:00
0.0,12.0,3.0,Lightning,0.0,grand_total,0.0,,situation_20250105_0900_104e9918.pdf,0.0,True,,,0.0,11.0,0.0,0.0,,,,,,0.0,,2025-01-05,0.0,2336,0900,2025-01-05 09:00:00,2025-01-05 09:00:00
0.0,12.0,3.0,Lightning,0.0,grand_total,0.0,,situation_20250106_0900_c06a2f46.pdf,0.0,True,,,0.0,10.0,0.0,0.0,,,,,,0.0,,2025-01-06,0.0,2329,0900,2025-01-06 09:00:00,2025-01-06 09:00:00
13.0,51.0,0.0,"Heavy Rain, Strong Wind",0.0,grand_total,0.0,,situation_20250107_0900_f8610868.pdf,0.0,True,,,0.0,0.0,0.0,13.0,,,,,,0.0,,2025-01-07,0.0,2889,0900,2025-01-07 09:00:00,2025-01-07 09:00:00
0.0,0.0,0.0,Other,0.0,grand_total,0.0,,situation_20250108_0900_110f4db8.pdf,0.0,True,,,0.0,0.0,0.0,0.0,,,,,,0.0,,2025-01-08,0.0,2248,0900,2025-01-08 09:00:00,2025-01-08 09:00:00
1.0,4.0,0.0,Other,0.0,grand_total,0.0,,situation_20250109_0900_1e958848.pdf,0.0,True,,,0.0,0.0,0.0,0.0,,,,,,0.0,,2025-01-09,0.0,2287,0900,2025-01-09 09:00:00,2025-01-09 09:00:00
1.0,5.0,0.0,Other,0.0,grand_total,0.0,,situation_20250110_0900_c6d0a1c5.pdf,1.0,True,,,0.0,0.0,0.0,0.0,,,,,,0.0,,2025-01-10,0.0,2275,0900,2025-01-10 09:00:00,2025-01-10 09:00:00
14.0,45.0,0.0,Other,0.0,grand_total,14.0,,situation_20250111_0900_fb45c57b.pdf,0.0,True,,,0.0,0.0,0.0,0.0,,,,,,45.0,,2025-01-11,1.0,2364,0900,2025-01-11 09:00:00,2025-01-11 09:00:00
0.0,0.0,0.0,Other,0.0,grand_total,0.0,,situation_20250112_0900_2f31bce7.pdf,0.0,True,,,0.0,0.0,0.0,0.0,,,,,,0.0,,2025-01-12,0.0,2279,0900,2025-01-12 09:00:00,2025-01-12 09:00:00
33.0,122.0,0.0,"Landslide, Heavy Rain, Strong Wind",0.0,grand_total,0.0,,situation_20250113_0900_378f4643.pdf,3.0,True,,,0.0,0.0,0.0,26.0,,,,,,0.0,,2025-01-13,0.0,2708,0900,2025-01-13 09:00:00,2025-01-13 09:00:00
15.0,65.0,0.0,Strong Wind,0.0,grand_total,0.0,,situation_20250114_0900_4675fba6.pdf,0.0,True,,,0.0,0.0,0.0,15.0,,,,,,0.0,,2025-01-14,0.0,2317,0900,2025-01-14 09:00:00,2025-01-14 09:00:00
61.0,200.0,0.0,"Landslide, Heavy Rain, Strong Wind",0.0,grand_total,44.0,,situation_20250115_0900_b99dc53d.pdf,0.0,True,,,0.0,0.0,0.0,15.0,,,,,,135.0,,2025-01-15,1.0,2875,0900,2025-01-15 09:00:00,2025-01-15 09:00:00
281.0,930.0,0.0,"Flood, Heavy Rain",4.0,grand_total,20.0,,situation_20250116_0900_e8d8d4d7.pdf,0.0,True,,,0.0,0.0,0.0,45.0,,,,,,56.0,,2025-01-16,1.0,3822,0900,2025-01-16 09:00:00,2025-01-16 09:00:00
247.0,667.0,0.0,"Flood, Heavy Rain",0.0,grand_total,58.0,,situation_20250117_0900_1bbe96ea.pdf,0.0,True,,,0.0,0.0,0.0,0.0,,,,,,174.0,,2025-01-17,4.0,2731,0900,2025-01-17 09:00:00,2025-01-17 09:00:00
319.0,603.0,0.0,"Flood, Heavy Rain",0.0,grand_total,71.0,,situation_20250118_0900_4e664488.pdf,0.0,True,,,1.0,0.0,0.0,4.0,,,,,,200.0,,2025-01-18,4.0,3250,0900,2025-01-18 09:00:00,2025-01-18 09:00:00
325.0,910.0,0.0,"Flood, Heavy Rain, Strong Wind",1.0,grand_total,9.0,,situation_20250119_0900_f7cfd0e8.pdf,0.0,True,,,0.0,0.0,0.0,9.0,,,,,,46.0,,2025-01-19,4.0,3496,0900,2025-01-19 09:00:00,2025-01-19 09:00:00
5738.0,16930.0,1.0,"Flood, Heavy Rain, Strong Wind",0.0,grand_total,71.0,,situation_20250120_0900_a4b499e8.pdf,0.0,True,,,0.0,3.0,0.0,98.0,,,,,,239.0,,2025-01-20,8.0,5219,0900,2025-01-20 09:00:00,2025-01-20 09:00:00
6797.0,20333.0,2.0,"Flood, Heavy Rain, Strong Wind",5.0,grand_total,228.0,,situation_20250121_0900_366c957e.pdf,1.0,True,,,1.0,3.0,0.0,174.0,,,,,,686.0,,2025-01-21,18.0,6616,0900,2025-01-21 09:00:00,2025-01-21 09:00:00
5759.0,18607.0,2.0,"Flood, Heavy Rain, Strong Wind",9.0,grand_total,455.0,,situation_20250122_0900_8365a061.pdf,1.0,True,,,3.0,3.0,0.0,156.0,,,,,,1320.0,,2025-01-22,19.0,6935,0900,2025-01-22 09:00:00,2025-01-22 09:00:00
22368.0,73586.0,2.0,"Flood, Heavy Rain, Strong Wind",12.0,grand_total,441.0,,situation_20250123_0900_887db400.pdf,1.0,True,,,3.0,3.0,0.0,289.0,,,,,,1202.0,,2025-01-23,17.0,7981,0900,2025-01-23 09:00:00,2025-01-23 09:00:00
27733.0,92382.0,2.0,"Flood, Heavy Rain, Strong Wind",0.0,grand_total,233.0,,situation_20250124_0900_b81a3ed8.pdf,1.0,True,,,0.0,3.0,0.0,305.0,,,,,,820.0,,2025-01-24,13.0,8225,0900,2025-01-24 09:00:00,2025-01-24 09:00:00
27751.0,92471.0,2.0,"Flood, Heavy Rain, Strong Wind",0.0,grand_total,142.0,,situation_20250125_0900_9a0b5bac.pdf,1.0,True,,,0.0,3.0,0.0,319.0,,,,,,438.0,,2025-01-25,10.0,8390,0900,2025-01-25 09:00:00,2025-01-25 09:00:00
27751.0,92471.0,2.0,"Flood, Heavy Rain, Strong Wind",0.0,grand_total,142.0,,situation_20250126_0900_69934cae.pdf,1.0,True,,,0.0,3.0,0.0,319.0,,,,,,438.0,,2025-01-26,10.0,8387,0900,2025-01-26 09:00:00,2025-01-26 09:00:00
27753.0,92477.0,4.0,"Flood, Heavy Rain, Strong Wind",0.0,grand_total,142.0,,situation_20250127_0900_fddd5d23.pdf,1.0,True,,,0.0,3.0,0.0,319.0,,,,,,438.0,,2025-01-27,10.0,8366,0900,2025-01-27 09:00:00,2025-01-27 09:00:00
225.0,822.0,1.0,"Heavy Rain, Strong Wind",0.0,grand_total,11.0,,situation_20250128_0900_f46e1081.pdf,0.0,True,,,0.0,0.0,0.0,125.0,,,,,,47.0,,2025-01-28,3.0,3277,0900,2025-01-28 09:00:00,2025-01-28 09:00:00
24.0,96.0,0.0,"Heavy Rain, Strong Wind",0.0,grand_total,7.0,,situation_20250129_0900_347cf28e.pdf,0.0,True,,,0.0,0.0,0.0,25.0,,,,,,33.0,,2025-01-29,2.0,3007,0900,2025-01-29 09:00:00,2025-01-29 09:00:00
7.0,33.0,0.0,Other,0.0,grand_total,7.0,,situation_20250130_0900_2e417910.pdf,0.0,True,,,0.0,0.0,0.0,8.0,,,,,,33.0,,2025-01-30,2.0,2326,0900,2025-01-30 09:00:00,2025-01-30 09:00:00
52.0,233.0,0.0,"Flood, Landslide, Strong Wind",0.0,grand_total,22.0,,situation_20250131_0900_8767d452.pdf,0.0,True,,,0.0,0.0,0.0,21.0,,,,,,100.0,,2025-01-31,2.0,2634,0900,2025-01-31 09:00:00,2025-01-31 09:00:00
62.0,271.0,0.0,"Flood, Heavy Rain, Strong Wind, Lightning",0.0,grand_total,22.0,,situation_20250201_0900_987ff0b2.pdf,0.0,True,,,0.0,0.0,0.0,31.0,,,,,,100.0,,2025-02-01,2.0,3242,0900,2025-02-01 09:00:00,2025-02-01 09:00:00
52.0,230.0,0.0,Flood,0.0,grand_total,22.0,,situation_20250202_0900_f61491d7.pdf,0.0,True,,,0.0,0.0,0.0,21.0,,,,,,100.0,,2025-02-02,2.0,2463,0900,2025-02-02 09:00:00,2025-02-02 09:00:00
52.0,230.0,0.0,Flood,0.0,grand_total,37.0,,situation_20250203_0900_eba9f364.pdf,0.0,True,,,0.0,0.0,0.0,21.0,,,,,,147.0,,2025-02-03,3.0,2473,0900,2025-02-03 09:00:00,2025-02-03 09:00:00
252.0,985.0,0.0,"Flood, Landslide, Heavy Rain, Strong Wind",0.0,grand_total,11.0,,situation_20250204_0900_60601059.pdf,0.0,True,,,1.0,0.0,0.0,134.0,,,,,,37.0,,2025-02-04,2.0,3311,0900,2025-02-04 09:00:00,2025-02-04 09:00:00
241.0,942.0,0.0,"Flood, Landslide, Heavy Rain",0.0,grand_total,11.0,,situation_20250205_0900_0de7b393.pdf,0.0,True,,,0.0,0.0,0.0,123.0,,,,,,37.0,,2025-02-05,2.0,2493,0900,2025-02-05 09:00:00,2025-02-05 09:00:00
1.0,1.0,0.0,"Flood, Landslide",1.0,grand_total,11.0,,situation_20250206_0900_8d23a712.pdf,0.0,True,,,0.0,0.0,0.0,1.0,,,,,,37.0,,2025-02-06,2.0,2590,0900,2025-02-06 09:00:00,2025-02-06 09:00:00
243.0,948.0,0.0,"Flood, Landslide, Strong Wind",0.0,grand_total,0.0,,situation_20250207_0900_8ee869a5.pdf,0.0,True,,,0.0,0.0,0.0,125.0,,,,,,0.0,,2025-02-07,0.0,2931,0900,2025-02-07 09:00:00,2025-02-07 09:00:00
246.0,960.0,1.0,"Flood, Landslide, Strong Wind",0.0,grand_total,0.0,,situation_20250208_0900_44489b9b.pdf,0.0,True,,,0.0,0.0,0.0,129.0,,,,,,0.0,,2025-02-08,0.0,3560,0900,2025-02-08 09:00:00,2025-02-08 09:00:00
0.0,0.0,0.0,Other,0.0,confirmed_zero_report,0.0,,situation_20250209_0900_21f50e1f.pdf,0.0,True,,,0.0,0.0,0.0,0.0,,,,,,0.0,,2025-02-09,0.0,2265,0900,2025-02-09 09:00:00,2025-02-09 09:00:00
0.0,0.0,0.0,Other,0.0,confirmed_zero_report,0.0,,situation_20250210_0900_0201f714.pdf,0.0,True,,,0.0,0.0,0.0,0.0,,,,,,0.0,,2025-02-10,0.0,2255,0900,2025-02-10 09:00:00,2025-02-10 09:00:00
4.0,14.0,0.0,"Strong Wind, Lightning",0.0,grand_total,0.0,,situation_20250211_0900_40fd05b9.pdf,0.0,True,,,0.0,0.0,0.0,4.0,,,,,,0.0,,2025-02-11,0.0,2461,0900,2025-02-11 09:00:00,2025-02-11 09:00:00
1.0,1.0,0.0,Strong Wind,0.0,grand_total,0.0,,situation_20250212_0900_bff647f3.pdf,0.0,True,,,0.0,0.0,0.0,1.0,,,,,,0.0,,2025-02-12,0.0,2310,0900,2025-02-12 09:00:00,2025-02-12 09:00:00
0.0,0.0,0.0,Other,0.0,grand_total,0.0,,situation_20250213_0900_667a5939.pdf,0.0,True,,,0.0,0.0,0.0,0.0,,,,,,0.0,,2025-02-13,0.0,2261,0900,2025-02-13 09:00:00,2025-02-13 09:00:00
2.0,3.0,0.0,Other,0.0,grand_total,0.0,,situation_20250214_0900_1956f508.pdf,0.0,True,,,0.0,0.0,1.0,1.0,,,,,,0.0,,2025-02-14,0.0,2526,0900,2025-02-14 09:00:00,2025-02-14 09:00:00
1.0,1.0,1.0,Other,0.0,grand_total,0.0,,situation_20250215_0900_780293e2.pdf,0.0,True,,,0.0,0.0,0.0,0.0,,,,,,0.0,,2025-02-15,0.0,2310,0900,2025-02-15 09:00:00,2025-02-15 09:00:00
0.0,0.0,0.0,Other,0.0,grand_total,0.0,,situation_20250216_0900_8ddc693a.pdf,0.0,True,,,0.0,0.0,0.0,0.0,,,,,,0.0,,2025-02-16,0.0,2278,0900,2025-02-16 09:00:00,2025-02-16 09:00:00
0.0,0.0,0.0,Other,0.0,grand_total,0.0,,situation_20250217_0900_17ae8784.pdf,0.0,True,,,0.0,0.0,0.0,0.0,,,,,,0.0,,2025-02-17,0.0,2257,0900,2025-02-17 09:00:00,2025-02-17 09:00:00
1.0,4.0,0.0,Strong Wind,0.0,grand_total,0.0,,situation_20250218_0900_e528a2c5.pdf,0.0,True,,,0.0,0.0,0.0,1.0,,,,,,0.0,,2025-02-18,0.0,2293,0900,2025-02-18 09:00:00,2025-02-18 09:00:00
0.0,0.0,0.0,Other,0.0,grand_total,0.0,,situation_20250219_0900_3cba3ff5.pdf,0.0,True,,,0.0,0.0,0.0,0.0,,,,,,0.0,,2025-02-19,0.0,2248,0900,2025-02-19 09:00:00,2025-02-19 09:00:00
2.0,6.0,0.0,Heavy Rain,0.0,grand_total,0.0,,situation_20250220_0900_239231d5.pdf,0.0,True,,,0.0,0.0,0.0,2.0,,,,,,0.0,,2025-02-20,0.0,2281,0900,2025-02-20 09:00:00,2025-02-20 09:00:00
3.0,8.0,0.0,Strong Wind,0.0,grand_total,0.0,,situation_20250221_0900_d879e837.pdf,0.0,True,,,0.0,0.0,0.0,3.0,,,,,,0.0,,2025-02-21,0.0,2343,0900,2025-02-21 09:00:00,2025-02-21 09:00:00
1886.0,5777.0,0.0,Other,1.0,grand_total,0.0,,situation_20250222_0900_d075e43e.pdf,1.0,True,,,0.0,0.0,0.0,0.0,,,,,,0.0,,2025-02-22,0.0,2711,0900,2025-02-22 09:00:00,2025-02-22 09:00:00
2278.0,7194.0,0.0,Other,0.0,grand_total,0.0,,situation_20250223_0900_1ae8dc07.pdf,0.0,True,,,0.0,0.0,0.0,0.0,,,,,,0.0,,2025-02-23,0.0,2835,0900,2025-02-23 09:00:00,2025-02-23 09:00:00
2278.0,7194.0,0.0,Other,0.0,grand_total,0.0,,situation_20250224_0900_62c582b7.pdf,0.0,True,,,0.0,0.0,0.0,0.0,,,,,,0.0,,2025-02-24,0.0,2834,0900,2025-02-24 09:00:00,2025-02-24 09:00:00
2295.0,7258.0,0.0,Other,0.0,grand_total,0.0,,situation_20250225_0900_58bb25d3.pdf,0.0,True,,,0.0,0.0,0.0,0.0,,,,,,0.0,,2025-02-25,0.0,2860,0900,2025-02-25 09:00:00,2025-02-25 09:00:00
2295.0,12308.0,0.0,Other,0.0,grand_total,0.0,,situation_20250226_0900_54177a9f.pdf,0.0,True,,,0.0,0.0,0.0,0.0,,,,,,0.0,,2025-02-26,0.0,2996,0900,2025-02-26 09:00:00,2025-02-26 09:00:00
141.0,587.0,0.0,"Strong Wind, Lightning",0.0,grand_total,0.0,,situation_20250227_0900_38d96efc.pdf,0.0,True,,,0.0,1.0,0.0,141.0,,,,,,0.0,,2025-02-27,0.0,2703,0900,2025-02-27 09:00:00,2025-02-27 09:00:00
175.0,714.0,0.0,"Strong Wind, Lightning",0.0,grand_total,0.0,,situation_20250301_0900_80f898c1.pdf,0.0,True,,,0.0,1.0,0.0,164.0,,,,,,0.0,,2025-03-01,0.0,3276,0900,2025-03-01 09:00:00,2025-03-01 09:00:00
178.0,726.0,1.0,"Strong Wind, Lightning",0.0,grand_total,0.0,,situation_20250302_0900_02af25c3.pdf,0.0,True,,,0.0,1.0,0.0,177.0,,,,,,0.0,,2025-03-02,0.0,3528,0900,2025-03-02 09:00:00,2025-03-02 09:00:00
187.0,754.0,1.0,"Strong Wind, Lightning",0.0,grand_total,0.0,,situation_20250303_0900_6b204d23.pdf,0.0,True,,,0.0,1.0,0.0,184.0,,,,,,0.0,,2025-03-03,0.0,3665,0900,2025-03-03 09:00:00,2025-03-03 09:00:00
220.0,887.0,2.0,"Flood, Heavy Rain, Strong Wind, Lightning",0.0,grand_total,0.0,,situation_20250304_0900_daaffa89.pdf,0.0,True,,,0.0,1.0,0.0,218.0,,,,,,0.0,,2025-03-04,0.0,4345,0900,2025-03-04 09:00:00,2025-03-04 09:00:00
269.0,973.0,2.0,"Flood, Heavy Rain, Strong Wind, Lightning",0.0,grand_total,0.0,,situation_20250305_0900_b7a94cea.pdf,0.0,True,,,0.0,2.0,0.0,248.0,,,,,,0.0,,2025-03-05,0.0,5260,0900,2025-03-05 09:00:00,2025-03-05 09:00:00
290.0,1033.0,2.0,"Flood, Heavy Rain, Strong Wind, Lightning",0.0,grand_total,0.0,,situation_20250306_0900_56ca00ce.pdf,0.0,True,,,0.0,2.0,0.0,255.0,,,,,,0.0,,2025-03-06,0.0,5607,0900,2025-03-06 09:00:00,2025-03-06 09:00:00
0.0,0.0,0.0,Other,0.0,confirmed_zero_report,0.0,,situation_20250307_0900_63045fc4.pdf,0.0,True,,,0.0,0.0,0.0,0.0,,,,,,0.0,,2025-03-07,0.0,2265,0900,2025-03-07 09:00:00,2025-03-07 09:00:00
0.0,0.0,0.0,Other,0.0,confirmed_zero_report,0.0,,situation_20250308_0900_7c9ef882.pdf,0.0,True,,,0.0,0.0,0.0,0.0,,,,,,0.0,,2025-03-08,0.0,2284,0900,2025-03-08 09:00:00,2025-03-08 09:00:00
0.0,0.0,0.0,Other,0.0,confirmed_zero_report,0.0,,situation_20250309_0900_7ecf5d4f.pdf,0.0,True,,,0.0,0.0,0.0,0.0,,,,,,0.0,,2025-03-09,0.0,2279,0900,2025-03-09 09:00:00,2025-03-09 09:00:00
0.0,0.0,0.0,Other,0.0,confirmed_zero_report,0.0,,situation_20250310_0900_0657e34c.pdf,0.0,True,,,0.0,0.0,0.0,0.0,,,,,,0.0,,2025-03-10,0.0,2260,0900,2025-03-10 09:00:00,2025-03-10 09:00:00
0.0,0.0,0.0,Other,0.0,confirmed_zero_report,0.0,,situation_20250311_0900_e0342577.pdf,0.0,True,,,0.0,0.0,0.0,0.0,,,,,,0.0,,2025-03-11,0.0,2285,0900,2025-03-11 09:00:00,2025-03-11 09:00:00
4.0,10.0,0.0,Strong Wind,0.0,grand_total,0.0,,situation_20250312_0900_00e85978.pdf,1.0,True,,,0.0,0.0,0.0,3.0,,,,,,0.0,,2025-03-12,0.0,2548,0900,2025-03-12 09:00:00,2025-03-12 09:00:00
26.0,85.0,1.0,"Heavy Rain, Strong Wind",9.0,grand_total,0.0,,situation_20250313_0930_89913ef8.pdf,1.0,True,,,0.0,2.0,0.0,17.0,,,,,,0.0,,2025-03-13,0.0,3728,0930,2025-03-13 09:30:00,2025-03-13 09:30:00
15.0,56.0,5.0,"Strong Wind, Lightning",1.0,grand_total,0.0,,situation_20250316_0900_3b0b7aba.pdf,0.0,True,,,0.0,0.0,0.0,10.0,,,,,,0.0,,2025-03-16,0.0,3779,0900,2025-03-16 09:00:00,2025-03-16 09:00:00
17.0,66.0,5.0,"Strong Wind, Lightning",2.0,grand_total,0.0,,situation_20250317_0900_4dc1591c.pdf,0.0,True,,,0.0,0.0,0.0,11.0,,,,,,0.0,,2025-03-17,0.0,3831,0900,2025-03-17 09:00:00,2025-03-17 09:00:00
22.0,85.0,6.0,Strong Wind,1.0,grand_total,0.0,,situation_20250318_0900_fefb28ae.pdf,0.0,True,,,0.0,0.0,0.0,18.0,,,,,,0.0,,2025-03-18,0.0,3713,0900,2025-03-18 09:00:00,2025-03-18 09:00:00
54.0,339.0,6.0,"Heavy Rain, Strong Wind",0.0,grand_total,0.0,,situation_20250319_0900_136b473f.pdf,0.0,True,,,0.0,0.0,0.0,49.0,,,,,,0.0,,2025-03-19,0.0,4302,0900,2025-03-19 09:00:00,2025-03-19 09:00:00
17.0,70.0,6.0,"Strong Wind, Lightning",0.0,grand_total,0.0,,situation_20250320_0900_d51ad0b2.pdf,0.0,True,,,0.0,0.0,0.0,16.0,,,,,,0.0,,2025-03-20,0.0,4101,0900,2025-03-20 09:00:00,2025-03-20 09:00:00
12.0,47.0,0.0,"Strong Wind, Lightning",0.0,grand_total,0.0,,situation_20250322_0900_535bf914.pdf,0.0,True,,,0.0,0.0,0.0,11.0,,,,,,0.0,,2025-03-22,0.0,3087,0900,2025-03-22 09:00:00,2025-03-22 09:00:00
12.0,47.0,0.0,"Strong Wind, Lightning",0.0,grand_total,0.0,,situation_20250323_0900_869bbd80.pdf,0.0,True,,,0.0,0.0,0.0,11.0,,,,,,0.0,,2025-03-23,0.0,3084,0900,2025-03-23 09:00:00,2025-03-23 09:00:00
12.0,47.0,0.0,"Strong Wind, Lightning",0.0,grand_total,0.0,,situation_20250324_0900_7ac33ad8.pdf,0.0,True,,,0.0,0.0,0.0,11.0,,,,,,0.0,,2025-03-24,0.0,3075,0900,2025-03-24 09:00:00,2025-03-24 09:00:00
71.0,275.0,0.0,"Heavy Rain, Lightning",1.0,grand_total,0.0,,situation_20250325_0900_244e6d08.pdf,0.0,True,,,0.0,0.0,0.0,56.0,,,,,,0.0,,2025-03-25,0.0,3285,0900,2025-03-25 09:00:00,2025-03-25 09:00:00
126.0,463.0,0.0,"Heavy Rain, Lightning",1.0,grand_total,0.0,,situation_20250326_0900_6a992d07.pdf,0.0,True,,,0.0,0.0,0.0,104.0,,,,,,0.0,,2025-03-26,0.0,4021,0900,2025-03-26 09:00:00,2025-03-26 09:00:00
110.0,391.0,0.0,"Heavy Rain, Lightning",0.0,grand_total,0.0,,situation_20250327_0900_c03805be.pdf,0.0,True,,,0.0,0.0,0.0,108.0,,,,,,0.0,,2025-03-27,0.0,3562,0900,2025-03-27 09:00:00,2025-03-27 09:00:00
1.0,4.0,0.0,Other,0.0,grand_total,0.0,,situation_20250328_0900_663b5784.pdf,0.0,True,,,0.0,0.0,0.0,1.0,,,,,,0.0,,2025-03-28,0.0,2365,0900,2025-03-28 09:00:00,2025-03-28 09:00:00
6.0,23.0,0.0,Heavy Rain,0.0,grand_total,0.0,,situation_20250329_0900_3e035ea5.pdf,0.0,True,,,0.0,0.0,0.0,6.0,,,,,,0.0,,2025-03-29,0.0,2491,0900,2025-03-29 09:00:00,2025-03-29 09:00:00
51.0,204.0,0.0,Strong Wind,0.0,grand_total,0.0,,situation_20250401_0900_2d76f603.pdf,0.0,True,,,0.0,0.0,0.0,51.0,,,,,,0.0,,2025-04-01,0.0,2352,0900,2025-04-01 09:00:00,2025-04-01 09:00:00
24.0,109.0,0.0,"Heavy Rain, Strong Wind",1.0,grand_total,0.0,,situation_20250402_0900_621c9aa2.pdf,0.0,True,,,0.0,0.0,0.0,24.0,,,,,,0.0,,2025-04-02,0.0,2800,0900,2025-04-02 09:00:00,2025-04-02 09:00:00
2.0,8.0,0.0,Heavy Rain,0.0,grand_total,0.0,,situation_20250403_0900_5fd31dc2.pdf,0.0,True,,,0.0,0.0,0.0,2.0,,,,,,0.0,,2025-04-03,0.0,2374,0900,2025-04-03 09:00:00,2025-04-03 09:00:00
9.0,29.0,0.0,"Heavy Rain, Lightning",0.0,grand_total,0.0,,situation_20250404_0900_bc4faa97.pdf,0.0,True,,,0.0,0.0,0.0,9.0,,,,,,0.0,,2025-04-04,0.0,2463,0900,2025-04-04 09:00:00,2025-04-04 09:00:00
21.0,61.0,0.0,Lightning,0.0,grand_total,0.0,,situation_20250405_0900_efd66bcc.pdf,0.0,True,,,0.0,0.0,0.0,35.0,,,,,,0.0,,2025-04-05,0.0,2959,0900,2025-04-05 09:00:00,2025-04-05 09:00:00
21.0,61.0,0.0,Lightning,0.0,grand_total,0.0,,situation_20250406_0900_0f1b7cb2.pdf,0.0,True,,,0.0,0.0,0.0,35.0,,,,,,0.0,,2025-04-06,0.0,2963,0900,2025-04-06 09:00:00,2025-04-06 09:00:00
21.0,61.0,0.0,Lightning,0.0,grand_total,0.0,,situation_20250407_0900_e1ae0e92.pdf,0.0,True,,,0.0,0.0,0.0,35.0,,,,,,0.0,,2025-04-07,0.0,2937,0900,2025-04-07 09:00:00,2025-04-07 09:00:00
24.0,90.0,0.0,"Strong Wind, Lightning",0.0,grand_total,0.0,,situation_20250408_0900_ac563c28.pdf,0.0,True,,,2.0,0.0,0.0,24.0,,,,,,0.0,,2025-04-08,0.0,3137,0900,2025-04-08 09:00:00,2025-04-08 09:00:00
18.0,71.0,0.0,Lightning,0.0,grand_total,0.0,,situation_20250409_0900_bbfa7e33.pdf,0.0,True,,,1.0,1.0,0.0,13.0,,,,,,0.0,,2025-04-09,0.0,2667,0900,2025-04-09 09:00:00,2025-04-09 09:00:00
10.0,47.0,0.0,"Heavy Rain, Lightning",0.0,grand_total,0.0,,situation_20250410_0900_24d138cd.pdf,0.0,True,,,0.0,0.0,0.0,10.0,,,,,,0.0,,2025-04-10,0.0,2863,0900,2025-04-10 09:00:00,2025-04-10 09:00:00
11.0,43.0,0.0,"Heavy Rain, Strong Wind, Lightning",0.0,grand_total,0.0,,situation_20250411_0900_2ed15c71.pdf,0.0,True,,,0.0,0.0,0.0,11.0,,,,,,0.0,,2025-04-11,0.0,2744,0900,2025-04-11 09:00:00,2025-04-11 09:00:00
4.0,20.0,0.0,Other,0.0,grand_total,0.0,,situation_20250412_0900_3fd78daf.pdf,0.0,True,,,0.0,0.0,0.0,4.0,,,,,,0.0,,2025-04-12,0.0,2660,0900,2025-04-12 09:00:00,2025-04-12 09:00:00
0.0,0.0,0.0,Other,0.0,confirmed_zero_report,0.0,,situation_20250413_0900_721218c2.pdf,0.0,True,,,0.0,0.0,0.0,0.0,,,,,,0.0,,2025-04-13,0.0,2264,0900,2025-04-13 09:00:00,2025-04-13 09:00:00
0.0,0.0,0.0,Other,0.0,confirmed_zero_report,0.0,,situation_20250414_0900_896916d4.pdf,0.0,True,,,0.0,0.0,0.0,0.0,,,,,,0.0,,2025-04-14,0.0,2260,0900,2025-04-14 09:00:00,2025-04-14 09:00:00
0.0,0.0,0.0,Other,0.0,confirmed_zero_report,0.0,,situation_20250415_0900_519f3323.pdf,0.0,True,,,0.0,0.0,0.0,0.0,,,,,,0.0,,2025-04-15,0.0,2260,0900,2025-04-15 09:00:00,2025-04-15 09:00:00
0.0,0.0,0.0,Other,0.0,confirmed_zero_report,0.0,,situation_20250416_0900_9cff40c9.pdf,0.0,True,,,0.0,0.0,0.0,0.0,,,,,,0.0,,2025-04-16,0.0,2243,0900,2025-04-16 09:00:00,2025-04-16 09:00:00
1.0,4.0,0.0,Other,0.0,grand_total,0.0,,situation_20250417_0900_f7f8b877.pdf,0.0,True,,,0.0,0.0,0.0,1.0,,,,,,0.0,,2025-04-17,0.0,2336,0900,2025-04-17 09:00:00,2025-04-17 09:00:00
122.0,437.0,0.0,"Flood, Landslide, Heavy Rain, Lightning",0.0,grand_total,0.0,,situation_20250418_0900_c1f1ef90.pdf,0.0,True,,,0.0,0.0,0.0,36.0,,,,,,0.0,,2025-04-18,0.0,3102,0900,2025-04-18 09:00:00,2025-04-18 09:00:00
0.0,0.0,1.0,Lightning,0.0,grand_total,0.0,,situation_20250419_0900_a4f7a72e.pdf,0.0,True,,,0.0,1.0,0.0,0.0,,,,,,0.0,,2025-04-19,0.0,2355,0900,2025-04-19 09:00:00,2025-04-19 09:00:00
0.0,0.0,0.0,Other,0.0,grand_total,0.0,,situation_20250420_0900_6ee90878.pdf,0.0,True,,,0.0,0.0,0.0,0.0,,,,,,0.0,,2025-04-20,0.0,2339,0900,2025-04-20 09:00:00,2025-04-20 09:00:00
0.0,0.0,0.0,Other,0.0,grand_total,0.0,,situation_20250421_0900_fc0da96c.pdf,0.0,True,,,0.0,0.0,0.0,0.0,,,,,,0.0,,2025-04-21,0.0,2311,0900,2025-04-21 09:00:00,2025-04-21 09:00:00
21.0,78.0,0.0,Heavy Rain,0.0,grand_total,7.0,,situation_20250422_0900_9f910bbe.pdf,0.0,True,,,0.0,0.0,0.0,14.0,,,,,,27.0,,2025-04-22,1.0,2954,0900,2025-04-22 09:00:00,2025-04-22 09:00:00
3.0,12.0,0.0,Strong Wind,0.0,grand_total,0.0,,situation_20250423_0900_99828bdd.pdf,0.0,True,,,0.0,0.0,0.0,3.0,,,,,,0.0,,2025-04-23,0.0,2725,0900,2025-04-23 09:00:00,2025-04-23 09:00:00
221.0,976.0,0.0,"Flood, Heavy Rain, Strong Wind, Lightning",0.0,grand_total,0.0,,situation_20250424_0900_e1a5d2e2.pdf,0.0,True,,,0.0,0.0,0.0,4.0,,,,,,0.0,,2025-04-24,0.0,3062,0900,2025-04-24 09:00:00,2025-04-24 09:00:00
220.0,972.0,0.0,"Heavy Rain, Lightning",7.0,grand_total,0.0,,situation_20250425_0900_7e8a5c36.pdf,0.0,True,,,2.0,0.0,0.0,3.0,,,,,,0.0,,2025-04-25,0.0,3225,0900,2025-04-25 09:00:00,2025-04-25 09:00:00
220.0,972.0,0.0,"Heavy Rain, Lightning",7.0,grand_total,0.0,,situation_20250426_0900_347ba458.pdf,0.0,True,,,2.0,0.0,0.0,3.0,,,,,,0.0,,2025-04-26,0.0,3251,0900,2025-04-26 09:00:00,2025-04-26 09:00:00
95.0,414.0,0.0,"Flood, Lightning",0.0,grand_total,0.0,,situation_20250427_0900_4f8ef648.pdf,0.0,True,,,0.0,0.0,0.0,1.0,,,,,,0.0,,2025-04-27,0.0,2611,0900,2025-04-27 09:00:00,2025-04-27 09:00:00
22.0,100.0,0.0,Flood,0.0,grand_total,0.0,,situation_20250428_0900_6bfbc815.pdf,0.0,True,,,0.0,1.0,0.0,1.0,,,,,,0.0,,2025-04-28,0.0,2734,0900,2025-04-28 09:00:00,2025-04-28 09:00:00
54.0,217.0,1.0,"Flood, Heavy Rain, Strong Wind, Lightning",0.0,grand_total,0.0,,situation_20250429_0900_2c5e10d3.pdf,0.0,True,,,0.0,8.0,0.0,25.0,,,,,,0.0,,2025-04-29,0.0,3813,0900,2025-04-29 09:00:00,2025-04-29 09:00:00
46.0,175.0,1.0,"Heavy Rain, Strong Wind, Lightning",0.0,grand_total,0.0,,situation_20250430_0900_8c50f755.pdf,0.0,True,,,0.0,8.0,0.0,42.0,,,,,,0.0,,2025-04-30,0.0,3783,0900,2025-04-30 09:00:00,2025-04-30 09:00:00
0.0,0.0,0.0,Other,0.0,confirmed_zero_report,0.0,,situation_20250502_0900_6cbbf1ab.pdf,0.0,True,,,0.0,0.0,0.0,0.0,,,,,,0.0,,2025-05-02,0.0,2248,0900,2025-05-02 09:00:00,2025-05-02 09:00:00
0.0,0.0,0.0,Other,0.0,confirmed_zero_report,0.0,,situation_20250503_0900_27e24cae.pdf,0.0,True,,,0.0,0.0,0.0,0.0,,,,,,0.0,,2025-05-03,0.0,2260,0900,2025-05-03 09:00:00,2025-05-03 09:00:00
8.0,22.0,0.0,Strong Wind,0.0,grand_total,0.0,,situation_20250504_0900_3e443f56.pdf,0.0,True,,,0.0,0.0,0.0,8.0,,,,,,0.0,,2025-05-04,0.0,2639,0900,2025-05-04 09:00:00,2025-05-04 09:00:00
8.0,29.0,0.0,Strong Wind,0.0,grand_total,0.0,,situation_20250505_0900_c87f86b7.pdf,0.0,True,,,0.0,0.0,0.0,8.0,,,,,,0.0,,2025-05-05,0.0,2371,0900,2025-05-05 09:00:00,2025-05-05 09:00:00
8.0,26.0,0.0,"Strong Wind, Lightning",0.0,grand_total,0.0,,situation_20250506_0900_14631e45.pdf,0.0,True,,,0.0,0.0,0.0,6.0,,,,,,0.0,,2025-05-06,0.0,2381,0900,2025-05-06 09:00:00,2025-05-06 09:00:00
1.0,4.0,0.0,Lightning,0.0,grand_total,0.0,,situation_20250507_0900_76c56cf4.pdf,0.0,True,,,0.0,0.0,0.0,1.0,,,,,,0.0,,2025-05-07,0.0,2329,0900,2025-05-07 09:00:00,2025-05-07 09:00:00
15.0,55.0,1.0,"Strong Wind, Lightning",0.0,grand_total,0.0,,situation_20250508_0900_07c3e05e.pdf,0.0,True,,,0.0,0.0,0.0,12.0,,,,,,0.0,,2025-05-08,0.0,3089,0900,2025-05-08 09:00:00,2025-05-08 09:00:00
11.0,42.0,2.0,"Heavy Rain, Strong Wind, Lightning",0.0,grand_total,0.0,,situation_20250509_0900_415dfb52.pdf,0.0,True,,,0.0,0.0,0.0,9.0,,,,,,0.0,,2025-05-09,0.0,3032,0900,2025-05-09 09:00:00,2025-05-09 09:00:00
24.0,97.0,2.0,Lightning,0.0,grand_total,0.0,,situation_20250510_0900_b060d6ee.pdf,0.0,True,,,1.0,2.0,0.0,17.0,,,,,,0.0,,2025-05-10,0.0,2745,0900,2025-05-10 09:00:00,2025-05-10 09:00:00
29.0,100.0,0.0,Other,0.0,grand_total,0.0,,situation_20250511_0900_da0b54a9.pdf,0.0,True,,,0.0,0.0,0.0,29.0,,,,,,0.0,,2025-05-11,0.0,2389,0900,2025-05-11 09:00:00,2025-05-11 09:00:00
29.0,100.0,0.0,Other,0.0,grand_total,0.0,,situation_20250512_0900_5bccbeff.pdf,0.0,True,,,0.0,0.0,0.0,29.0,,,,,,0.0,,2025-05-12,0.0,2393,0900,2025-05-12 09:00:00,2025-05-12 09:00:00
0.0,0.0,0.0,Other,0.0,grand_total,0.0,,situation_20250513_0900_0e82a079.pdf,0.0,True,,,0.0,0.0,0.0,0.0,,,,,,0.0,,2025-05-13,0.0,2342,0900,2025-05-13 09:00:00,2025-05-13 09:00:00
5.0,26.0,1.0,Strong Wind,0.0,grand_total,0.0,,situation_20250514_0900_1f497600.pdf,0.0,True,,,0.0,0.0,0.0,5.0,,,,,,0.0,,2025-05-14,0.0,2376,0900,2025-05-14 09:00:00,2025-05-14 09:00:00
41.0,132.0,6.0,"Heavy Rain, Strong Wind, Lightning",0.0,grand_total,0.0,,situation_20250517_0900_291e8ccf.pdf,0.0,True,,,0.0,0.0,1.0,41.0,,,,,,0.0,,2025-05-17,0.0,2912,0900,2025-05-17 09:00:00,2025-05-17 09:00:00
191.0,697.0,6.0,"Heavy Rain, Strong Wind, Lightning",0.0,grand_total,0.0,,situation_20250518_0900_bce77151.pdf,0.0,True,,,0.0,0.0,1.0,181.0,,,,,,0.0,,2025-05-18,0.0,3448,0900,2025-05-18 09:00:00,2025-05-18 09:00:00
187.0,685.0,4.0,"Heavy Rain, Strong Wind, Lightning",0.0,grand_total,0.0,,situation_20250519_0900_79cdc2ad.pdf,0.0,True,,,0.0,0.0,1.0,177.0,,,,,,0.0,,2025-05-19,0.0,3420,0900,2025-05-19 09:00:00,2025-05-19 09:00:00
108.0,398.0,5.0,"Strong Wind, Lightning",1.0,grand_total,0.0,,situation_20250520_0900_06e1a5aa.pdf,0.0,True,,,6.0,0.0,1.0,104.0,,,,,,0.0,,2025-05-20,0.0,5185,0900,2025-05-20 09:00:00,2025-05-20 09:00:00
113.0,418.0,5.0,"Strong Wind, Lightning",1.0,grand_total,0.0,,situation_20250521_0900_99f53aec.pdf,0.0,True,,,7.0,0.0,1.0,109.0,,,,,,0.0,,2025-05-21,0.0,5320,0900,2025-05-21 09:00:00,2025-05-21 09:00:00
54.0,181.0,4.0,"Heavy Rain, Strong Wind, Lightning",0.0,grand_total,0.0,,situation_20250522_0900_4dcbe4ef.pdf,0.0,True,,,1.0,0.0,1.0,50.0,,,,,,0.0,,2025-05-22,0.0,3400,0900,2025-05-22 09:00:00,2025-05-22 09:00:00
47.0,146.0,0.0,"Heavy Rain, Strong Wind, Lightning",0.0,grand_total,0.0,,situation_20250523_0900_9e7fdfe1.pdf,0.0,True,,,1.0,0.0,1.0,42.0,,,,,,0.0,,2025-05-23,0.0,3221,0900,2025-05-23 09:00:00,2025-05-23 09:00:00
48.0,156.0,0.0,"Heavy Rain, Strong Wind, Lightning",0.0,grand_total,0.0,,situation_20250524_0900_d6de60cd.pdf,0.0,True,,,1.0,0.0,1.0,43.0,,,,,,0.0,,2025-05-24,0.0,3821,0900,2025-05-24 09:00:00,2025-05-24 09:00:00
45.0,143.0,0.0,"Heavy Rain, Strong Wind, Lightning",0.0,grand_total,0.0,,situation_20250525_0900_fc175ffe.pdf,0.0,True,,,1.0,0.0,1.0,40.0,,,,,,0.0,,2025-05-25,0.0,3362,0900,2025-05-25 09:00:00,2025-05-25 09:00:00
2.0,8.0,0.0,Strong Wind,0.0,grand_total,0.0,,situation_20250526_0900_5960436f.pdf,0.0,True,,,0.0,0.0,0.0,2.0,,,,,,0.0,,2025-05-26,0.0,2681,0900,2025-05-26 09:00:00,2025-05-26 09:00:00
385.0,1392.0,0.0,"Flood, Strong Wind, Lightning",0.0,grand_total,0.0,,situation_20250527_0900_8617515d.pdf,1.0,True,,,2.0,6.0,0.0,286.0,,,,,,0.0,,2025-05-27,0.0,4887,0900,2025-05-27 09:00:00,2025-05-27 09:00:00
416.0,1520.0,0.0,"Flood, Strong Wind, Lightning",0.0,grand_total,0.0,,situation_20250528_0900_916e6de3.pdf,4.0,True,,,2.0,8.0,0.0,321.0,,,,,,0.0,,2025-05-28,0.0,5226,0900,2025-05-28 09:00:00,2025-05-28 09:00:00
484.0,1752.0,1.0,"Flood, Strong Wind, Lightning",0.0,grand_total,0.0,,situation_20250529_0900_3890ec63.pdf,3.0,True,,,2.0,8.0,0.0,364.0,,,,,,0.0,,2025-05-29,0.0,5607,0900,2025-05-29 09:00:00,2025-05-29 09:00:00
485.0,1757.0,1.0,"Flood, Strong Wind, Lightning",0.0,grand_total,0.0,,situation_20250530_0900_2178416e.pdf,3.0,True,,,2.0,8.0,0.0,365.0,,,,,,0.0,,2025-05-30,0.0,5635,0900,2025-05-30 09:00:00,2025-05-30 09:00:00
887.0,3345.0,0.0,"Strong Wind, Lightning",0.0,grand_total,30.0,,situation_20250530_1800_2633c303.pdf,0.0,True,,,2.0,7.0,0.0,857.0,,,,,,129.0,,2025-05-30,2.0,6774,1800,2025-05-30 18:00:00,2025-05-30 18:00:00
1579.0,5974.0,0.0,"Strong Wind, Lightning",2.0,grand_total,30.0,,situation_20250531_0900_e62d0814.pdf,1.0,True,,,9.0,7.0,0.0,1545.0,,,,,,129.0,,2025-05-31,2.0,7949,0900,2025-05-31 09:00:00,2025-05-31 09:00:00
2641.0,9975.0,0.0,"Landslide, Heavy Rain, Strong Wind, Lightning",8.0,grand_total,35.0,,situation_20250601_0900_96a698f8.pdf,6.0,True,,,11.0,19.0,0.0,2576.0,,,,,,147.0,,2025-06-01,3.0,9573,0900,2025-06-01 09:00:00,2025-06-01 09:00:00
3064.0,11469.0,4.0,"Landslide, Heavy Rain, Strong Wind, Lightning",18.0,grand_total,38.0,,situation_20250602_1040_853cf3ec.pdf,1.0,True,,,13.0,19.0,0.0,2940.0,,,,,,162.0,,2025-06-02,5.0,9875,1040,2025-06-02 10:40:00,2025-06-02 10:40:00
2803.0,10376.0,4.0,"Landslide, Heavy Rain, Strong Wind, Lightning",28.0,grand_total,38.0,,situation_20250603_0900_92d3de13.pdf,1.0,True,,,20.0,18.0,0.0,2683.0,,,,,,162.0,,2025-06-03,5.0,8468,0900,2025-06-03 09:00:00,2025-06-03 09:00:00
2874.0,10648.0,4.0,"Landslide, Heavy Rain, Strong Wind, Lightning",39.0,grand_total,38.0,,situation_20250604_0900_4d474156.pdf,2.0,True,,,20.0,23.0,0.0,2798.0,,,,,,162.0,,2025-06-04,5.0,8175,0900,2025-06-04 09:00:00,2025-06-04 09:00:00
1.0,4.0,0.0,Strong Wind,0.0,grand_total,0.0,,situation_20250605_0900_b4ea08d3.pdf,1.0,True,,,0.0,0.0,0.0,0.0,,,,,,0.0,,2025-06-05,0.0,2339,0900,2025-06-05 09:00:00,2025-06-05 09:00:00
5.0,14.0,0.0,Strong Wind,0.0,grand_total,0.0,,situation_20250606_0900_f532c4a6.pdf,1.0,True,,,0.0,0.0,0.0,4.0,,,,,,0.0,,2025-06-06,0.0,2662,0900,2025-06-06 09:00:00,2025-06-06 09:00:00
5.0,14.0,0.0,Strong Wind,0.0,grand_total,0.0,,situation_20250607_0900_aa97aec3.pdf,1.0,True,,,0.0,0.0,0.0,4.0,,,,,,0.0,,2025-06-07,0.0,2658,0900,2025-06-07 09:00:00,2025-06-07 09:00:00
4.0,10.0,0.0,Strong Wind,0.0,grand_total,0.0,,situation_20250608_0900_14245591.pdf,0.0,True,,,0.0,0.0,0.0,4.0,,,,,,0.0,,2025-06-08,0.0,2422,0900,2025-06-08 09:00:00,2025-06-08 09:00:00
4.0,10.0,0.0,Strong Wind,0.0,grand_total,0.0,,situation_20250609_0900_7417af05.pdf,0.0,True,,,0.0,0.0,0.0,4.0,,,,,,0.0,,2025-06-09,0.0,2405,0900,2025-06-09 09:00:00,2025-06-09 09:00:00
1.0,3.0,0.0,Other,0.0,grand_total,0.0,,situation_20250610_0900_9c768b5a.pdf,0.0,True,,,0.0,3.0,0.0,0.0,,,,,,0.0,,2025-06-10,0.0,2348,0900,2025-06-10 09:00:00,2025-06-10 09:00:00
3.0,15.0,0.0,Strong Wind,0.0,grand_total,0.0,,situation_20250612_0900_a92564d2.pdf,0.0,True,,,0.0,3.0,0.0,0.0,,,,,,0.0,,2025-06-12,0.0,2436,0900,2025-06-12 09:00:00,2025-06-12 09:00:00
43.0,157.0,1.0,"Heavy Rain, Strong Wind",1.0,grand_total,0.0,,situation_20250613_0900_b296e2ea.pdf,0.0,True,,,1.0,21.0,0.0,43.0,,,,,,0.0,,2025-06-13,0.0,3172,0900,2025-06-13 09:00:00,2025-06-13 09:00:00
93.0,339.0,1.0,"Heavy Rain, Strong Wind",1.0,grand_total,0.0,,situation_20250614_0900_42212151.pdf,0.0,True,,,1.0,21.0,0.0,87.0,,,,,,0.0,,2025-06-14,0.0,4003,0900,2025-06-14 09:00:00,2025-06-14 09:00:00
97.0,353.0,1.0,"Heavy Rain, Strong Wind",1.0,grand_total,0.0,,situation_20250615_0900_ccd80d80.pdf,0.0,True,,,1.0,21.0,0.0,91.0,,,,,,0.0,,2025-06-15,0.0,3464,0900,2025-06-15 09:00:00,2025-06-15 09:00:00
76.0,255.0,0.0,"Heavy Rain, Strong Wind",0.0,grand_total,0.0,,situation_20250616_0900_4f2709f4.pdf,0.0,True,,,0.0,0.0,0.0,68.0,,,,,,0.0,,2025-06-16,0.0,3467,0900,2025-06-16 09:00:00,2025-06-16 09:00:00
131.0,493.0,0.0,"Heavy Rain, Strong Wind",2.0,grand_total,0.0,,situation_20250617_0900_02359c9c.pdf,0.0,True,,,2.0,1.0,0.0,125.0,,,,,,0.0,,2025-06-17,0.0,4452,0900,2025-06-17 09:00:00,2025-06-17 09:00:00
150.0,548.0,0.0,"Heavy Rain, Strong Wind",0.0,grand_total,0.0,,situation_20250618_0900_b642e98b.pdf,1.0,True,,,0.0,0.0,0.0,146.0,,,,,,0.0,,2025-06-18,0.0,4698,0900,2025-06-18 09:00:00,2025-06-18 09:00:00
123.0,451.0,0.0,"Heavy Rain, Strong Wind",0.0,grand_total,0.0,,situation_20250619_0900_50e5f599.pdf,1.0,True,,,0.0,0.0,0.0,117.0,,,,,,0.0,,2025-06-19,0.0,4008,0900,2025-06-19 09:00:00,2025-06-19 09:00:00
95.0,361.0,0.0,Strong Wind,0.0,grand_total,0.0,,situation_20250620_0900_585e3665.pdf,1.0,True,,,0.0,0.0,0.0,89.0,,,,,,0.0,,2025-06-20,0.0,2963,0900,2025-06-20 09:00:00,2025-06-20 09:00:00
1.0,4.0,0.0,Lightning,0.0,grand_total,0.0,,situation_20250621_0900_91b902a6.pdf,0.0,True,,,0.0,1.0,0.0,1.0,,,,,,0.0,,2025-06-21,0.0,2716,0900,2025-06-21 09:00:00,2025-06-21 09:00:00
0.0,0.0,0.0,Other,0.0,grand_total,0.0,,situation_20250622_0900_547684bc.pdf,0.0,True,,,0.0,0.0,0.0,0.0,,,,,,0.0,,2025-06-22,0.0,2445,0900,2025-06-22 09:00:00,2025-06-22 09:00:00
0.0,0.0,0.0,Other,0.0,grand_total,0.0,,situation_20250623_0900_b1de7a0a.pdf,0.0,True,,,0.0,0.0,0.0,0.0,,,,,,0.0,,2025-06-23,0.0,2418,0900,2025-06-23 09:00:00,2025-06-23 09:00:00
47.0,164.0,0.0,Strong Wind,3.0,grand_total,0.0,,situation_20250624_0900_1b5df8eb.pdf,0.0,True,,,12.0,0.0,0.0,40.0,,,,,,0.0,,2025-06-24,0.0,2967,0900,2025-06-24 09:00:00,2025-06-24 09:00:00
53.0,183.0,0.0,Strong Wind,3.0,grand_total,0.0,,situation_20250625_0900_55d27f76.pdf,0.0,True,,,12.0,0.0,0.0,48.0,,,,,,0.0,,2025-06-25,0.0,2810,0900,2025-06-25 09:00:00,2025-06-25 09:00:00
53.0,183.0,0.0,Strong Wind,3.0,grand_total,0.0,,situation_20250626_0900_86d572ce.pdf,0.0,True,,,12.0,0.0,0.0,48.0,,,,,,0.0,,2025-06-26,0.0,2808,0900,2025-06-26 09:00:00,2025-06-26 09:00:00
53.0,183.0,0.0,Strong Wind,3.0,grand_total,0.0,,situation_20250627_0900_fed99eb6.pdf,0.0,True,,,12.0,0.0,0.0,48.0,,,,,,0.0,,2025-06-27,0.0,2803,0900,2025-06-27 09:00:00,2025-06-27 09:00:00
53.0,183.0,0.0,Strong Wind,3.0,grand_total,0.0,,situation_20250628_0900_8946b702.pdf,0.0,True,,,12.0,0.0,0.0,48.0,,,,,,0.0,,2025-06-28,0.0,2803,0900,2025-06-28 09:00:00,2025-06-28 09:00:00
1.0,3.0,0.0,Strong Wind,0.0,grand_total,0.0,,situation_20250629_0900_a0f4840a.pdf,0.0,True,,,0.0,0.0,0.0,1.0,,,,,,0.0,,2025-06-29,0.0,2363,0900,2025-06-29 09:00:00,2025-06-29 09:00:00
0.0,0.0,0.0,Other,0.0,grand_total,0.0,,situation_20250630_0900_915bb274.pdf,0.0,True,,,1.0,0.0,0.0,0.0,,,,,,0.0,,2025-06-30,0.0,2349,0900,2025-06-30 09:00:00,2025-06-30 09:00:00
5.0,21.0,0.0,Other,0.0,grand_total,0.0,,situation_20250701_0900_e024e8e0.pdf,0.0,True,,,0.0,0.0,0.0,0.0,,,,,,0.0,,2025-07-01,0.0,2365,0900,2025-07-01 09:00:00,2025-07-01 09:00:00
0.0,0.0,0.0,Other,0.0,grand_total,0.0,,situation_20250702_0900_f177156d.pdf,0.0,True,,,0.0,0.0,0.0,0.0,,,,,,0.0,,2025-07-02,0.0,2319,0900,2025-07-02 09:00:00,2025-07-02 09:00:00
0.0,0.0,0.0,Other,0.0,grand_total,0.0,,situation_20250703_0900_a9c91df6.pdf,0.0,True,,,0.0,0.0,0.0,0.0,,,,,,0.0,,2025-07-03,0.0,2421,0900,2025-07-03 09:00:00,2025-07-03 09:00:00
1.0,1.0,1.0,Other,0.0,grand_total,0.0,,situation_20250704_0900_1c52cfc8.pdf,0.0,True,,,0.0,0.0,0.0,0.0,,,,,,0.0,,2025-07-04,0.0,2492,0900,2025-07-04 09:00:00,2025-07-04 09:00:00
0.0,0.0,0.0,Other,0.0,grand_total,0.0,,situation_20250705_0900_ef4a13ec.pdf,0.0,True,,,0.0,0.0,0.0,0.0,,,,,,0.0,,2025-07-05,0.0,2435,0900,2025-07-05 09:00:00,2025-07-05 09:00:00
0.0,0.0,0.0,Other,0.0,grand_total,0.0,,situation_20250706_0900_49938b0c.pdf,0.0,True,,,0.0,0.0,0.0,0.0,,,,,,0.0,,2025-07-06,0.0,2437,0900,2025-07-06 09:00:00,2025-07-06 09:00:00
0.0,0.0,0.0,Other,0.0,grand_total,0.0,,situation_20250707_0900_d070f4b3.pdf,0.0,True,,,0.0,0.0,0.0,0.0,,,,,,0.0,,2025-07-07,0.0,2318,0900,2025-07-07 09:00:00,2025-07-07 09:00:00
1.0,4.0,0.0,Strong Wind,0.0,grand_total,0.0,,situation_20250708_0900_58b29fd7.pdf,0.0,True,,,0.0,0.0,0.0,1.0,,,,,,0.0,,2025-07-08,0.0,2460,0900,2025-07-08 09:00:00,2025-07-08 09:00:00
1.0,3.0,0.0,Strong Wind,0.0,grand_total,0.0,,situation_20250709_0900_2db3b7a6.pdf,0.0,True,,,0.0,0.0,0.0,1.0,,,,,,0.0,,2025-07-09,0.0,2345,0900,2025-07-09 09:00:00,2025-07-09 09:00:00
0.0,0.0,0.0,Other,0.0,grand_total,0.0,,situation_20250710_0900_db9056fb.pdf,0.0,True,,,0.0,0.0,0.0,0.0,,,,,,0.0,,2025-07-10,0.0,2444,0900,2025-07-10 09:00:00,2025-07-10 09:00:00
2.0,8.0,0.0,Other,0.0,grand_total,0.0,,situation_20250712_0900_85e9db1f.pdf,0.0,True,,,0.0,0.0,0.0,2.0,,,,,,0.0,,2025-07-12,0.0,2404,0900,2025-07-12 09:00:00,2025-07-12 09:00:00
0.0,0.0,0.0,Other,0.0,grand_total,0.0,,situation_20250713_0900_e165c2be.pdf,0.0,True,,,0.0,0.0,0.0,0.0,,,,,,0.0,,2025-07-13,0.0,2451,0900,2025-07-13 09:00:00,2025-07-13 09:00:00
1.0,7.0,0.0,Other,0.0,grand_total,0.0,,situation_20250714_0900_547c4942.pdf,0.0,True,,,0.0,0.0,0.0,1.0,,,,,,0.0,,2025-07-14,0.0,2338,0900,2025-07-14 09:00:00,2025-07-14 09:00:00
0.0,0.0,0.0,Other,0.0,grand_total,0.0,,situation_20250715_0900_18e8a66e.pdf,0.0,True,,,0.0,0.0,0.0,0.0,,,,,,0.0,,2025-07-15,0.0,2334,0900,2025-07-15 09:00:00,2025-07-15 09:00:00
0.0,0.0,0.0,Other,0.0,grand_total,0.0,,situation_20250716_0900_bd118d31.pdf,0.0,True,,,0.0,0.0,0.0,0.0,,,,,,0.0,,2025-07-16,0.0,2448,0900,2025-07-16 09:00:00,2025-07-16 09:00:00
0.0,0.0,0.0,Other,0.0,grand_total,0.0,,situation_20250717_0900_ff20ef1a.pdf,0.0,True,,,0.0,0.0,0.0,0.0,,,,,,0.0,,2025-07-17,0.0,2454,0900,2025-07-17 09:00:00,2025-07-17 09:00:00
0.0,0.0,0.0,Other,0.0,grand_total,0.0,,situation_20250718_0900_093ab659.pdf,0.0,True,,,0.0,0.0,0.0,0.0,,,,,,0.0,,2025-07-18,0.0,2334,0900,2025-07-18 09:00:00,2025-07-18 09:00:00
0.0,0.0,0.0,Other,0.0,grand_total,0.0,,situation_20250719_0900_a9f99c26.pdf,0.0,True,,,0.0,0.0,0.0,0.0,,,,,,0.0,,2025-07-19,0.0,2351,0900,2025-07-19 09:00:00,2025-07-19 09:00:00
6.0,24.0,1.0,Other,0.0,grand_total,0.0,,situation_20250720_0900_e0738705.pdf,0.0,True,,,0.0,0.0,1.0,5.0,,,,,,0.0,,2025-07-20,0.0,2904,0900,2025-07-20 09:00:00,2025-07-20 09:00:00
9.0,33.0,1.0,Strong Wind,0.0,grand_total,0.0,,situation_20250721_1000_c87cf419.pdf,1.0,True,,,0.0,0.0,0.0,8.0,,,,,,0.0,,2025-07-21,0.0,2722,1000,2025-07-21 10:00:00,2025-07-21 10:00:00
18.0,61.0,0.0,Strong Wind,0.0,grand_total,0.0,,situation_20250722_0930_7b3eaa1f.pdf,1.0,True,,,0.0,0.0,0.0,17.0,,,,,,0.0,,2025-07-22,0.0,2808,0930,2025-07-22 09:30:00,2025-07-22 09:30:00
1.0,4.0,0.0,Strong Wind,0.0,grand_total,0.0,,situation_20250723_0900_f96d5adf.pdf,0.0,True,,,0.0,0.0,0.0,1.0,,,,,,0.0,,2025-07-23,0.0,2366,0900,2025-07-23 09:00:00,2025-07-23 09:00:00
2.0,7.0,1.0,Strong Wind,0.0,grand_total,0.0,,situation_20250724_0900_0c822c93.pdf,0.0,True,,,0.0,0.0,0.0,3.0,,,,,,0.0,,2025-07-24,0.0,2736,0900,2025-07-24 09:00:00,2025-07-24 09:00:00
1.0,1.0,0.0,Strong Wind,0.0,grand_total,0.0,,situation_20250725_0900_0af8b756.pdf,0.0,True,,,0.0,0.0,0.0,2.0,,,,,,0.0,,2025-07-25,0.0,2628,0900,2025-07-25 09:00:00,2025-07-25 09:00:00
18.0,68.0,0.0,Strong Wind,0.0,grand_total,0.0,,situation_20250726_0900_c3f18578.pdf,0.0,True,,,3.0,0.0,1.0,17.0,,,,,,0.0,,2025-07-26,0.0,3054,0900,2025-07-26 09:00:00,2025-07-26 09:00:00
11.0,37.0,0.0,Strong Wind,0.0,grand_total,0.0,,situation_20250727_0900_40ee6f27.pdf,0.0,True,,,0.0,0.0,1.0,10.0,,,,,,0.0,,2025-07-27,0.0,2824,0900,2025-07-27 09:00:00,2025-07-27 09:00:00
2.0,6.0,1.0,Strong Wind,0.0,grand_total,0.0,,situation_20250729_0900_fece3b03.pdf,0.0,True,,,0.0,0.0,1.0,1.0,,,,,,0.0,,2025-07-29,0.0,2834,0900,2025-07-29 09:00:00,2025-07-29 09:00:00
4.0,10.0,3.0,Strong Wind,0.0,grand_total,0.0,,situation_20250730_0900_a82c824e.pdf,0.0,True,,,0.0,0.0,1.0,3.0,,,,,,0.0,,2025-07-30,0.0,2977,0900,2025-07-30 09:00:00,2025-07-30 09:00:00
1.0,5.0,3.0,Strong Wind,0.0,grand_total,0.0,,situation_20250731_0900_6c4ad1de.pdf,0.0,True,,,0.0,0.0,1.0,0.0,,,,,,0.0,,2025-07-31,0.0,2872,0900,2025-07-31 09:00:00,2025-07-31 09:00:00
1.0,4.0,0.0,Other,0.0,grand_total,0.0,,situation_20250801_0900_017b82f4.pdf,0.0,True,,,0.0,0.0,0.0,1.0,,,,,,0.0,,2025-08-01,0.0,2438,0900,2025-08-01 09:00:00,2025-08-01 09:00:00
17.0,68.0,0.0,Strong Wind,0.0,grand_total,0.0,,situation_20250802_0900_10097a55.pdf,0.0,True,,,0.0,0.0,0.0,17.0,,,,,,0.0,,2025-08-02,0.0,2657,0900,2025-08-02 09:00:00,2025-08-02 09:00:00
1.0,1.0,0.0,Other,0.0,grand_total,0.0,,situation_20250803_0900_148208d3.pdf,0.0,True,,,0.0,0.0,0.0,1.0,,,,,,0.0,,2025-08-03,0.0,2389,0900,2025-08-03 09:00:00,2025-08-03 09:00:00
2.0,4.0,1.0,Other,0.0,grand_total,0.0,,situation_20250804_0900_4eef95a3.pdf,0.0,True,,,0.0,1.0,0.0,1.0,,,,,,0.0,,2025-08-04,0.0,2396,0900,2025-08-04 09:00:00,2025-08-04 09:00:00
2.0,8.0,0.0,Strong Wind,0.0,grand_total,0.0,,situation_20250805_0900_ccf33b0b.pdf,0.0,True,,,0.0,0.0,0.0,3.0,,,,,,0.0,,2025-08-05,0.0,2667,0900,2025-08-05 09:00:00,2025-08-05 09:00:00
2.0,8.0,0.0,Strong Wind,0.0,grand_total,0.0,,situation_20250806_0900_da5ed227.pdf,0.0,True,,,0.0,0.0,0.0,3.0,,,,,,0.0,,2025-08-06,0.0,2670,0900,2025-08-06 09:00:00,2025-08-06 09:00:00
47.0,144.0,0.0,Strong Wind,0.0,grand_total,0.0,,situation_20250807_0900_ad35cca7.pdf,0.0,True,,,0.0,0.0,0.0,48.0,,,,,,0.0,,2025-08-07,0.0,2590,0900,2025-08-07 09:00:00,2025-08-07 09:00:00
1.0,2.0,0.0,Strong Wind,0.0,grand_total,0.0,,situation_20250808_0900_d63395a5.pdf,0.0,True,,,0.0,0.0,0.0,1.0,,,,,,0.0,,2025-08-08,0.0,2468,0900,2025-08-08 09:00:00,2025-08-08 09:00:00
0.0,0.0,0.0,Other,0.0,grand_total,0.0,,situation_20250809_0900_8278e377.pdf,0.0,True,,,0.0,0.0,0.0,0.0,,,,,,0.0,,2025-08-09,0.0,2437,0900,2025-08-09 09:00:00,2025-08-09 09:00:00
1.0,6.0,0.0,Lightning,0.0,grand_total,0.0,,situation_20250810_0900_5e24f592.pdf,0.0,True,,,0.0,0.0,0.0,0.0,,,,,,0.0,,2025-08-10,0.0,2468,0900,2025-08-10 09:00:00,2025-08-10 09:00:00
1.0,6.0,0.0,Lightning,0.0,grand_total,0.0,,situation_20250811_0900_5ee19fd2.pdf,0.0,True,,,0.0,0.0,0.0,0.0,,,,,,0.0,,2025-08-11,0.0,2349,0900,2025-08-11 09:00:00,2025-08-11 09:00:00
15.0,63.0,0.0,Strong Wind,4.0,grand_total,0.0,,situation_20250812_0900_b0b68703.pdf,0.0,True,,,0.0,0.0,0.0,10.0,,,,,,0.0,,2025-08-12,0.0,2684,0900,2025-08-12 09:00:00,2025-08-12 09:00:00
7.0,32.0,0.0,Strong Wind,4.0,grand_total,0.0,,situation_20250814_0900_52ee5492.pdf,0.0,True,,,0.0,0.0,0.0,2.0,,,,,,0.0,,2025-08-14,0.0,2477,0900,2025-08-14 09:00:00,2025-08-14 09:00:00
7.0,32.0,0.0,Strong Wind,4.0,grand_total,0.0,,situation_20250815_0900_7ddd4034.pdf,0.0,True,,,0.0,0.0,0.0,2.0,,,,,,0.0,,2025-08-15,0.0,2482,0900,2025-08-15 09:00:00,2025-08-15 09:00:00
7.0,32.0,0.0,Strong Wind,4.0,grand_total,0.0,,situation_20250816_0900_b3d8a260.pdf,0.0,True,,,0.0,0.0,0.0,2.0,,,,,,0.0,,2025-08-16,0.0,2473,0900,2025-08-16 09:00:00,2025-08-16 09:00:00
0.0,0.0,0.0,Other,0.0,grand_total,0.0,,situation_20250817_0900_6422c6a1.pdf,0.0,True,,,0.0,0.0,0.0,0.0,,,,,,0.0,,2025-08-17,0.0,2365,0900,2025-08-17 09:00:00,2025-08-17 09:00:00
1.0,4.0,0.0,Strong Wind,0.0,grand_total,0.0,,situation_20250818_0900_8b10fa5f.pdf,0.0,True,,,0.0,0.0,0.0,1.0,,,,,,0.0,,2025-08-18,0.0,2371,0900,2025-08-18 09:00:00,2025-08-18 09:00:00
0.0,0.0,0.0,Other,0.0,grand_total,0.0,,situation_20250819_0900_90866e5c.pdf,0.0,True,,,0.0,0.0,0.0,0.0,,,,,,0.0,,2025-08-19,0.0,2322,0900,2025-08-19 09:00:00,2025-08-19 09:00:00
1.0,0.0,0.0,Other,0.0,grand_total,0.0,,situation_20250820_0900_431fe8f8.pdf,0.0,True,,,0.0,0.0,0.0,1.0,,,,,,0.0,,2025-08-20,0.0,2350,0900,2025-08-20 09:00:00,2025-08-20 09:00:00
0.0,0.0,0.0,Other,0.0,grand_total,0.0,,situation_20250821_0900_e9744c41.pdf,0.0,True,,,0.0,0.0,0.0,0.0,,,,,,0.0,,2025-08-21,0.0,2421,0900,2025-08-21 09:00:00,2025-08-21 09:00:00
0.0,0.0,0.0,Other,0.0,grand_total,0.0,,situation_20250822_0900_09526782.pdf,0.0,True,,,0.0,0.0,0.0,0.0,,,,,,0.0,,2025-08-22,0.0,2421,0900,2025-08-22 09:00:00,2025-08-22 09:00:00
102.0,21.0,0.0,Heavy Rain,0.0,grand_total,0.0,,situation_20250823_0900_044f1038.pdf,0.0,True,,,0.0,0.0,0.0,101.0,,,,,,0.0,,2025-08-23,0.0,2552,0900,2025-08-23 09:00:00,2025-08-23 09:00:00
56.0,7.0,0.0,Strong Wind,0.0,grand_total,0.0,,situation_20250824_0900_14dace6e.pdf,0.0,True,,,0.0,1.0,0.0,56.0,,,,,,0.0,,2025-08-24,0.0,2704,0900,2025-08-24 09:00:00,2025-08-24 09:00:00
13.0,44.0,0.0,Strong Wind,0.0,grand_total,0.0,,situation_20250825_0900_299d043c.pdf,0.0,True,,,0.0,0.0,0.0,13.0,,,,,,0.0,,2025-08-25,0.0,2380,0900,2025-08-25 09:00:00,2025-08-25 09:00:00
87.0,337.0,0.0,"Heavy Rain, Strong Wind",0.0,grand_total,0.0,,situation_20250826_0900_f1b5f6e4.pdf,0.0,True,,,0.0,1.0,0.0,87.0,,,,,,0.0,,2025-08-26,0.0,2944,0900,2025-08-26 09:00:00,2025-08-26 09:00:00
158.0,542.0,0.0,"Strong Wind, Lightning",0.0,grand_total,0.0,,situation_20250827_0900_a04733e5.pdf,0.0,True,,,0.0,0.0,0.0,139.0,,,,,,0.0,,2025-08-27,0.0,2659,0900,2025-08-27 09:00:00,2025-08-27 09:00:00
345.0,938.0,0.0,Other,0.0,grand_total,0.0,,situation_20250828_0900_77f00b71.pdf,0.0,True,,,0.0,0.0,0.0,0.0,,,,,,0.0,,2025-08-28,0.0,2392,0900,2025-08-28 09:00:00,2025-08-28 09:00:00
2.0,10.0,0.0,Strong Wind,0.0,grand_total,0.0,,situation_20250829_0900_c26043bf.pdf,0.0,True,,,0.0,0.0,0.0,2.0,,,,,,0.0,,2025-08-29,0.0,2356,0900,2025-08-29 09:00:00,2025-08-29 09:00:00
4.0,9.0,0.0,Strong Wind,0.0,grand_total,0.0,,situation_20250830_0900_e27a72e5.pdf,0.0,True,,,0.0,0.0,3.0,0.0,,,,,,0.0,,2025-08-30,0.0,2502,0900,2025-08-30 09:00:00,2025-08-30 09:00:00
0.0,0.0,0.0,Other,0.0,grand_total,0.0,,situation_20250831_0900_c9f58349.pdf,0.0,True,,,0.0,0.0,0.0,0.0,,,,,,0.0,,2025-08-31,0.0,2349,0900,2025-08-31 09:00:00,2025-08-31 09:00:00
0.0,0.0,0.0,Other,1.0,grand_total,0.0,,situation_20250901_0900_64295925.pdf,0.0,True,,,0.0,0.0,0.0,0.0,,,,,,0.0,,2025-09-01,0.0,2346,0900,2025-09-01 09:00:00,2025-09-01 09:00:00
2.0,4.0,0.0,Strong Wind,0.0,grand_total,0.0,,situation_20250902_0900_2a3ffd1b.pdf,0.0,True,,,0.0,0.0,0.0,2.0,,,,,,0.0,,2025-09-02,0.0,2407,0900,2025-09-02 09:00:00,2025-09-02 09:00:00
27.0,113.0,0.0,Strong Wind,0.0,grand_total,0.0,,situation_20250903_0900_b0c01d3a.pdf,0.0,True,,,0.0,0.0,0.0,27.0,,,,,,0.0,,2025-09-03,0.0,2416,0900,2025-09-03 09:00:00,2025-09-03 09:00:00
30.0,128.0,0.0,Strong Wind,0.0,grand_total,0.0,,situation_20250904_0900_3757acaf.pdf,0.0,True,,,0.0,0.0,0.0,30.0,,,,,,0.0,,2025-09-04,0.0,2666,0900,2025-09-04 09:00:00,2025-09-04 09:00:00
0.0,0.0,0.0,Other,0.0,confirmed_zero_report,0.0,,situation_20250905_0900_5996ec17.pdf,0.0,True,,,0.0,0.0,0.0,0.0,,,,,,0.0,,2025-09-05,0.0,2368,0900,2025-09-05 09:00:00,2025-09-05 09:00:00
0.0,0.0,0.0,Other,0.0,confirmed_zero_report,0.0,,situation_20250906_0900_9807bf0e.pdf,0.0,True,,,0.0,0.0,0.0,0.0,,,,,,0.0,,2025-09-06,0.0,2367,0900,2025-09-06 09:00:00,2025-09-06 09:00:00
0.0,0.0,0.0,Lightning,0.0,grand_total,0.0,,situation_20250907_0900_42244ec4.pdf,0.0,True,,,0.0,1.0,0.0,0.0,,,,,,0.0,,2025-09-07,0.0,2464,0900,2025-09-07 09:00:00,2025-09-07 09:00:00
0.0,0.0,0.0,Other,0.0,grand_total,0.0,,situation_20250908_0900_bbdb824e.pdf,0.0,True,,,0.0,0.0,0.0,0.0,,,,,,0.0,,2025-09-08,0.0,2338,0900,2025-09-08 09:00:00,2025-09-08 09:00:00
15.0,53.0,0.0,Strong Wind,0.0,grand_total,0.0,,situation_20250909_0900_cccda21d.pdf,1.0,True,,,0.0,0.0,0.0,14.0,,,,,,0.0,,2025-09-09,0.0,3174,0900,2025-09-09 09:00:00,2025-09-09 09:00:00
2.0,7.0,0.0,Strong Wind,0.0,grand_total,0.0,,situation_20250910_0900_624d69e1.pdf,0.0,True,,,0.0,0.0,0.0,2.0,,,,,,0.0,,2025-09-10,0.0,2459,0900,2025-09-10 09:00:00,2025-09-10 09:00:00
2.0,7.0,0.0,Strong Wind,0.0,grand_total,0.0,,situation_20250911_0900_bd8f3929.pdf,0.0,True,,,0.0,0.0,0.0,2.0,,,,,,0.0,,2025-09-11,0.0,2676,0900,2025-09-11 09:00:00,2025-09-11 09:00:00
0.0,0.0,0.0,Other,0.0,grand_total,0.0,,situation_20250912_0900_838ecb1e.pdf,0.0,True,,,0.0,0.0,0.0,0.0,,,,,,0.0,,2025-09-12,0.0,2386,0900,2025-09-12 09:00:00,2025-09-12 09:00:00
4.0,16.0,0.0,"Strong Wind, Lightning",0.0,grand_total,0.0,,situation_20250913_0900_ed5503cf.pdf,1.0,True,,,1.0,0.0,0.0,1.0,,,,,,0.0,,2025-09-13,0.0,2947,0900,2025-09-13 09:00:00,2025-09-13 09:00:00
0.0,0.0,0.0,Other,0.0,grand_total,0.0,,situation_20250914_0900_fcc87159.pdf,0.0,True,,,0.0,0.0,0.0,0.0,,,,,,0.0,,2025-09-14,0.0,2321,0900,2025-09-14 09:00:00,2025-09-14 09:00:00
571.0,1662.0,0.0,Other,0.0,grand_total,0.0,,situation_20250916_0900_75d18374.pdf,0.0,True,,,0.0,0.0,0.0,0.0,,,,,,0.0,,2025-09-16,0.0,2506,0900,2025-09-16 09:00:00,2025-09-16 09:00:00
1.0,3.0,0.0,"Heavy Rain, Lightning",0.0,grand_total,0.0,,situation_20250916_0900_b4978cc9.pdf,0.0,True,,,0.0,0.0,0.0,1.0,,,,,,0.0,,2025-09-16,0.0,2432,0900,2025-09-16 09:00:00,2025-09-16 09:00:00
626.0,1865.0,0.0,Other,0.0,grand_total,0.0,,situation_20250917_0900_e67d33c5.pdf,0.0,True,,,0.0,0.0,0.0,0.0,,,,,,0.0,,2025-09-17,0.0,2743,0900,2025-09-17 09:00:00,2025-09-17 09:00:00
3.0,10.0,0.0,"Heavy Rain, Strong Wind",0.0,grand_total,0.0,,situation_20250917_0900_ab91c2de.pdf,0.0,True,,,0.0,0.0,0.0,3.0,,,,,,0.0,,2025-09-17,0.0,2613,0900,2025-09-17 09:00:00,2025-09-17 09:00:00
626.0,1865.0,0.0,Other,0.0,grand_total,0.0,,situation_20250918_0900_43ac7a82.pdf,0.0,True,,,0.0,0.0,0.0,0.0,,,,,,0.0,,2025-09-18,0.0,2762,0900,2025-09-18 09:00:00,2025-09-18 09:00:00
11.0,41.0,0.0,Lightning,0.0,grand_total,0.0,,situation_20250918_0900_4b20cacc.pdf,0.0,True,,,0.0,0.0,0.0,11.0,,,,,,0.0,,2025-09-18,0.0,2479,0900,2025-09-18 09:00:00,2025-09-18 09:00:00
659.0,1985.0,0.0,Other,0.0,grand_total,0.0,,situation_20250919_0900_66290597.pdf,0.0,True,,,0.0,0.0,0.0,0.0,,,,,,0.0,,2025-09-19,0.0,2762,0900,2025-09-19 09:00:00,2025-09-19 09:00:00
9.0,44.0,0.0,Strong Wind,0.0,grand_total,0.0,,situation_20250919_0900_8f0668a2.pdf,0.0,True,,,1.0,0.0,0.0,8.0,,,,,,0.0,,2025-09-19,0.0,2955,0900,2025-09-19 09:00:00,2025-09-19 09:00:00
694.0,2125.0,0.0,Other,0.0,grand_total,0.0,,situation_20250920_0900_11b0fc9f.pdf,0.0,True,,,0.0,0.0,0.0,0.0,,,,,,0.0,,2025-09-20,0.0,2943,0900,2025-09-20 09:00:00,2025-09-20 09:00:00
0.0,0.0,0.0,Other,0.0,grand_total,0.0,,situation_20250920_0900_9e10c9b5.pdf,0.0,True,,,0.0,0.0,0.0,0.0,,,,,,0.0,,2025-09-20,0.0,2409,0900,2025-09-20 09:00:00,2025-09-20 09:00:00
0.0,0.0,0.0,Other,0.0,grand_total,0.0,,situation_20250921_0900_02177929.pdf,0.0,True,,,0.0,0.0,0.0,0.0,,,,,,0.0,,2025-09-21,0.0,2317,0900,2025-09-21 09:00:00,2025-09-21 09:00:00
694.0,2125.0,0.0,Other,0.0,grand_total,0.0,,situation_20250921_0900_bbe784ad.pdf,0.0,True,,,0.0,0.0,0.0,0.0,,,,,,0.0,,2025-09-21,0.0,2807,0900,2025-09-21 09:00:00,2025-09-21 09:00:00
0.0,0.0,0.0,Other,0.0,grand_total,0.0,,situation_20250922_0900_4adb8913.pdf,0.0,True,,,0.0,0.0,0.0,0.0,,,,,,0.0,,2025-09-22,0.0,2391,0900,2025-09-22 09:00:00,2025-09-22 09:00:00
639.0,1922.0,0.0,Other,0.0,grand_total,0.0,,situation_20250922_0900_cbe05b0a.pdf,0.0,True,,,0.0,0.0,0.0,0.0,,,,,,0.0,,2025-09-22,0.0,2661,0900,2025-09-22 09:00:00,2025-09-22 09:00:00
0.0,0.0,1.0,Other,0.0,grand_total,0.0,,situation_20250923_0900_2d3eebb8.pdf,0.0,True,,,0.0,0.0,0.0,0.0,,,,,,0.0,,2025-09-23,0.0,2414,0900,2025-09-23 09:00:00,2025-09-23 09:00:00
694.0,2125.0,0.0,Other,0.0,grand_total,0.0,,situation_20250923_0900_04e82f2a.pdf,0.0,True,,,0.0,0.0,0.0,9.0,,,,,,0.0,,2025-09-23,0.0,2748,0900,2025-09-23 09:00:00,2025-09-23 09:00:00
9.0,36.0,0.0,Strong Wind,9.0,grand_total,0.0,,situation_20250924_0900_44c297bc.pdf,0.0,True,,,1.0,0.0,0.0,0.0,,,,,,0.0,,2025-09-24,0.0,2728,0900,2025-09-24 09:00:00,2025-09-24 09:00:00
694.0,2125.0,0.0,Other,0.0,grand_total,0.0,,situation_20250924_0900_8b55a7d4.pdf,0.0,True,,,0.0,0.0,0.0,0.0,,,,,,0.0,,2025-09-24,0.0,2756,0900,2025-09-24 09:00:00,2025-09-24 09:00:00
0.0,0.0,0.0,Other,0.0,grand_total,0.0,,situation_20250925_0900_77ad8bae.pdf,0.0,True,,,0.0,0.0,0.0,1.0,,,,,,0.0,,2025-09-25,0.0,2434,0900,2025-09-25 09:00:00,2025-09-25 09:00:00
694.0,2125.0,0.0,Other,0.0,grand_total,0.0,,situation_20250925_0900_ece61898.pdf,0.0,True,,,0.0,0.0,0.0,0.0,,,,,,0.0,,2025-09-25,0.0,2756,0900,2025-09-25 09:00:00,2025-09-25 09:00:00
7.0,30.0,0.0,"Heavy Rain, Strong Wind",0.0,grand_total,0.0,,situation_20250926_0900_8593387a.pdf,0.0,True,,,1.0,0.0,0.0,7.0,,,,,,0.0,,2025-09-26,0.0,2522,0900,2025-09-26 09:00:00,2025-09-26 09:00:00
710.0,2179.0,0.0,Other,0.0,grand_total,0.0,,situation_20250926_0900_9b4301ae.pdf,0.0,True,,,0.0,0.0,0.0,0.0,,,,,,0.0,,2025-09-26,0.0,2746,0900,2025-09-26 09:00:00,2025-09-26 09:00:00
710.0,2179.0,0.0,Other,0.0,grand_total,0.0,,situation_20250927_0900_508aa680.pdf,0.0,True,,,0.0,0.0,0.0,0.0,,,,,,0.0,,2025-09-27,0.0,2771,0900,2025-09-27 09:00:00,2025-09-27 09:00:00
17.0,58.0,1.0,"Heavy Rain, Strong Wind, Lightning",1.0,grand_total,0.0,,situation_20250927_0900_9366f99b.pdf,0.0,True,,,1.0,0.0,0.0,15.0,,,,,,0.0,,2025-09-27,0.0,3141,0900,2025-09-27 09:00:00,2025-09-27 09:00:00
655.0,1976.0,0.0,Other,0.0,grand_total,0.0,,situation_20250928_0900_d8e0d41e.pdf,0.0,True,,,0.0,0.0,0.0,0.0,,,,,,0.0,,2025-09-28,0.0,2650,0900,2025-09-28 09:00:00,2025-09-28 09:00:00
2.0,5.0,0.0,Strong Wind,0.0,grand_total,0.0,,situation_20250928_0900_32263e92.pdf,0.0,True,,,0.0,0.0,0.0,2.0,,,,,,0.0,,2025-09-28,0.0,2464,0900,2025-09-28 09:00:00,2025-09-28 09:00:00
11.0,42.0,0.0,"Strong Wind, Lightning",0.0,grand_total,0.0,,situation_20250929_0900_33bf50fa.pdf,0.0,True,,,0.0,0.0,0.0,11.0,,,,,,0.0,,2025-09-29,0.0,2386,0900,2025-09-29 09:00:00,2025-09-29 09:00:00
190.0,708.0,0.0,Other,0.0,grand_total,0.0,,situation_20250930_0900_56192440.pdf,0.0,True,,,0.0,0.0,0.0,0.0,,,,,,0.0,,2025-09-30,0.0,2293,0900,2025-09-30 09:00:00,2025-09-30 09:00:00
15.0,37.0,6.0,Strong Wind,0.0,grand_total,0.0,,situation_20250930_0900_ddc5940f.pdf,0.0,True,,,0.0,0.0,1.0,7.0,,,,,,0.0,,2025-09-30,0.0,3255,0900,2025-09-30 09:00:00,2025-09-30 09:00:00
190.0,708.0,0.0,Other,0.0,grand_total,0.0,,situation_20251001_0900_50c1b705.pdf,0.0,True,,,0.0,0.0,0.0,0.0,,,,,,0.0,,2025-10-01,0.0,2293,0900,2025-10-01 09:00:00,2025-10-01 09:00:00
0.0,0.0,0.0,Other,0.0,grand_total,0.0,,situation_20251001_0900_c58b77eb.pdf,0.0,True,,,0.0,0.0,0.0,0.0,,,,,,0.0,,2025-10-01,0.0,2296,0900,2025-10-01 09:00:00,2025-10-01 09:00:00
852.0,2531.0,0.0,Other,0.0,grand_total,0.0,,situation_20251002_0900_3a07a3f9.pdf,0.0,True,,,0.0,0.0,0.0,0.0,,,,,,0.0,,2025-10-02,0.0,2647,0900,2025-10-02 09:00:00,2025-10-02 09:00:00
4.0,11.0,0.0,Strong Wind,0.0,grand_total,0.0,,situation_20251002_0900_979c924a.pdf,0.0,True,,,0.0,0.0,0.0,4.0,,,,,,0.0,,2025-10-02,0.0,2450,0900,2025-10-02 09:00:00,2025-10-02 09:00:00
852.0,2531.0,0.0,Other,0.0,grand_total,0.0,,situation_20251003_0900_36dc3c96.pdf,0.0,True,,,0.0,0.0,0.0,0.0,,,,,,0.0,,2025-10-03,0.0,2647,0900,2025-10-03 09:00:00,2025-10-03 09:00:00
0.0,0.0,0.0,Other,0.0,grand_total,0.0,,situation_20251003_0900_6a19678e.pdf,0.0,True,,,1.0,0.0,0.0,0.0,,,,,,0.0,,2025-10-03,0.0,2313,0900,2025-10-03 09:00:00,2025-10-03 09:00:00
0.0,0.0,0.0,Other,0.0,grand_total,0.0,,situation_20251004_0900_501fb011.pdf,0.0,True,,,0.0,0.0,0.0,0.0,,,,,,0.0,,2025-10-04,0.0,2313,0900,2025-10-04 09:00:00,2025-10-04 09:00:00
852.0,2531.0,0.0,Other,0.0,grand_total,0.0,,situation_20251004_0900_29e22d53.pdf,0.0,True,,,0.0,0.0,0.0,0.0,,,,,,0.0,,2025-10-04,0.0,2665,0900,2025-10-04 09:00:00,2025-10-04 09:00:00
49.0,84.0,0.0,"Heavy Rain, Strong Wind, Lightning",0.0,grand_total,0.0,,situation_20251005_0900_6523be10.pdf,0.0,True,,,0.0,4.0,0.0,49.0,,,,,,0.0,,2025-10-05,0.0,3495,0900,2025-10-05 09:00:00,2025-10-05 09:00:00
852.0,2531.0,0.0,Other,0.0,grand_total,0.0,,situation_20251005_0900_e96af9cf.pdf,0.0,True,,,0.0,0.0,0.0,0.0,,,,,,0.0,,2025-10-05,0.0,2672,0900,2025-10-05 09:00:00,2025-10-05 09:00:00
852.0,2531.0,0.0,Other,0.0,grand_total,0.0,,situation_20251006_0900_38906902.pdf,0.0,True,,,0.0,0.0,0.0,0.0,,,,,,0.0,,2025-10-06,0.0,2672,0900,2025-10-06 09:00:00,2025-10-06 09:00:00
44.0,148.0,0.0,"Heavy Rain, Strong Wind, Lightning",0.0,grand_total,0.0,,situation_20251006_0900_95e4ba6a.pdf,0.0,True,,,0.0,1.0,0.0,39.0,,,,,,0.0,,2025-10-06,0.0,2969,0900,2025-10-06 09:00:00,2025-10-06 09:00:00
852.0,2531.0,0.0,Other,0.0,grand_total,0.0,,situation_20251007_0900_bf28b13b.pdf,0.0,True,,,0.0,0.0,0.0,0.0,,,,,,0.0,,2025-10-07,0.0,2648,0900,2025-10-07 09:00:00,2025-10-07 09:00:00
852.0,2531.0,0.0,Other,0.0,grand_total,0.0,,situation_20251007_0900_fe4dddbd.pdf,0.0,True,,,0.0,0.0,0.0,0.0,,,,,,0.0,,2025-10-07,0.0,2648,0900,2025-10-07 09:00:00,2025-10-07 09:00:00
852.0,2531.0,0.0,Other,0.0,grand_total,0.0,,situation_20251008_0900_329dd9ea.pdf,0.0,True,,,0.0,0.0,0.0,0.0,,,,,,0.0,,2025-10-08,0.0,2647,0900,2025-10-08 09:00:00,2025-10-08 09:00:00
57.0,213.0,1.0,"Strong Wind, Lightning",0.0,grand_total,0.0,,situation_20251008_0900_48e2fb7e.pdf,0.0,True,,,1.0,1.0,0.0,56.0,,,,,,0.0,,2025-10-08,0.0,3692,0900,2025-10-08 09:00:00,2025-10-08 09:00:00
852.0,2531.0,0.0,Other,0.0,grand_total,0.0,,situation_20251009_0900_60b0a466.pdf,0.0,True,,,0.0,0.0,0.0,0.0,,,,,,0.0,,2025-10-09,0.0,2644,0900,2025-10-09 09:00:00,2025-10-09 09:00:00
11.0,47.0,0.0,Other,0.0,grand_total,0.0,,situation_20251009_0900_ebfb63e7.pdf,0.0,True,,,0.0,0.0,0.0,11.0,,,,,,0.0,,2025-10-09,0.0,2317,0900,2025-10-09 09:00:00,2025-10-09 09:00:00
387.0,1263.0,0.0,Other,0.0,grand_total,0.0,,situation_20251010_0900_d18f210c.pdf,0.0,True,,,0.0,0.0,0.0,0.0,,,,,,0.0,,2025-10-10,0.0,2728,0900,2025-10-10 09:00:00,2025-10-10 09:00:00
2.0,5.0,0.0,Heavy Rain,0.0,grand_total,0.0,,situation_20251010_0900_879e000e.pdf,0.0,True,,,0.0,0.0,0.0,2.0,,,,,,0.0,,2025-10-10,0.0,2333,0900,2025-10-10 09:00:00,2025-10-10 09:00:00
0.0,0.0,0.0,Other,0.0,grand_total,0.0,,situation_20251011_0900_9f706ebd.pdf,0.0,True,,,0.0,0.0,0.0,0.0,,,,,,0.0,,2025-10-11,0.0,2299,0900,2025-10-11 09:00:00,2025-10-11 09:00:00
852.0,2531.0,0.0,Other,0.0,grand_total,0.0,,situation_20251012_0900_951f1f9e.pdf,0.0,True,,,0.0,0.0,0.0,0.0,,,,,,0.0,,2025-10-12,0.0,2750,0900,2025-10-12 09:00:00,2025-10-12 09:00:00
0.0,0.0,0.0,Other,0.0,grand_total,0.0,,situation_20251012_0900_e6133352.pdf,0.0,True,,,0.0,0.0,0.0,0.0,,,,,,0.0,,2025-10-12,0.0,2291,0900,2025-10-12 09:00:00,2025-10-12 09:00:00
852.0,2531.0,0.0,Other,0.0,grand_total,0.0,,situation_20251013_0900_0636a91d.pdf,0.0,True,,,0.0,0.0,0.0,0.0,,,,,,0.0,,2025-10-13,0.0,2743,0900,2025-10-13 09:00:00,2025-10-13 09:00:00
0.0,0.0,0.0,Other,3.0,grand_total,0.0,,situation_20251013_0900_128ca5d8.pdf,0.0,True,,,0.0,0.0,0.0,0.0,,,,,,0.0,,2025-10-13,0.0,2286,0900,2025-10-13 09:00:00,2025-10-13 09:00:00
932.0,2785.0,0.0,Other,0.0,grand_total,0.0,,situation_20251014_0900_14b03728.pdf,0.0,True,,,0.0,0.0,0.0,0.0,,,,,,0.0,,2025-10-14,0.0,2741,0900,2025-10-14 09:00:00,2025-10-14 09:00:00
8.0,26.0,0.0,"Strong Wind, Lightning",0.0,grand_total,0.0,,situation_20251014_0900_7c66e91d.pdf,0.0,True,,,0.0,0.0,0.0,8.0,,,,,,0.0,,2025-10-14,0.0,2296,0900,2025-10-14 09:00:00,2025-10-14 09:00:00
932.0,2785.0,0.0,Other,0.0,grand_total,0.0,,situation_20251015_0900_85e4e054.pdf,0.0,True,,,0.0,0.0,0.0,0.0,,,,,,0.0,,2025-10-15,0.0,2738,0900,2025-10-15 09:00:00,2025-10-15 09:00:00
33.0,113.0,0.0,Landslide,0.0,grand_total,0.0,,situation_20251015_0900_6b672719.pdf,0.0,True,,,0.0,0.0,0.0,4.0,,,,,,0.0,,2025-10-15,0.0,2395,0900,2025-10-15 09:00:00,2025-10-15 09:00:00
112.0,369.0,1.0,"Flood, Strong Wind",0.0,grand_total,0.0,,situation_20251016_0900_fd030dbc.pdf,0.0,True,,,0.0,0.0,0.0,17.0,,,,,,0.0,,2025-10-16,0.0,2925,0900,2025-10-16 09:00:00,2025-10-16 09:00:00
932.0,2785.0,0.0,Other,0.0,grand_total,0.0,,situation_20251016_0900_abd50e16.pdf,0.0,True,,,0.0,0.0,0.0,0.0,,,,,,0.0,,2025-10-16,0.0,2741,0900,2025-10-16 09:00:00,2025-10-16 09:00:00
1.0,4.0,0.0,Other,1.0,grand_total,0.0,,situation_20251017_0900_abd919d2.pdf,0.0,True,,,0.0,0.0,0.0,1.0,,,,,,0.0,,2025-10-17,0.0,2524,0900,2025-10-17 09:00:00,2025-10-17 09:00:00
932.0,2785.0,0.0,Other,0.0,grand_total,0.0,,situation_20251017_0900_e3072190.pdf,0.0,True,,,0.0,0.0,0.0,0.0,,,,,,0.0,,2025-10-17,0.0,2740,0900,2025-10-17 09:00:00,2025-10-17 09:00:00
932.0,2785.0,0.0,Other,0.0,grand_total,0.0,,situation_20251018_0900_43507407.pdf,0.0,True,,,0.0,0.0,0.0,0.0,,,,,,0.0,,2025-10-18,0.0,2759,0900,2025-10-18 09:00:00,2025-10-18 09:00:00
0.0,0.0,0.0,Other,0.0,grand_total,0.0,,situation_20251018_0900_f639e520.pdf,0.0,True,,,0.0,0.0,0.0,0.0,,,,,,0.0,,2025-10-18,0.0,2231,0900,2025-10-18 09:00:00,2025-10-18 09:00:00
122.0,509.0,1.0,"Heavy Rain, Strong Wind",0.0,grand_total,0.0,,situation_20251019_0900_2174b457.pdf,0.0,True,,,10.0,0.0,0.0,111.0,,,,,,0.0,,2025-10-19,0.0,2637,0900,2025-10-19 09:00:00,2025-10-19 09:00:00
197.0,555.0,0.0,Other,0.0,grand_total,0.0,,situation_20251019_0900_a96033dc.pdf,0.0,True,,,0.0,0.0,0.0,0.0,,,,,,0.0,,2025-10-19,0.0,2365,0900,2025-10-19 09:00:00,2025-10-19 09:00:00
144.0,585.0,1.0,"Flood, Heavy Rain, Strong Wind",0.0,grand_total,0.0,,situation_20251020_0900_250bc174.pdf,0.0,True,,,10.0,0.0,0.0,111.0,,,,,,0.0,,2025-10-20,0.0,2875,0900,2025-10-20 09:00:00,2025-10-20 09:00:00
197.0,555.0,0.0,Other,0.0,grand_total,0.0,,situation_20251020_0900_36c9dff3.pdf,0.0,True,,,0.0,0.0,0.0,0.0,,,,,,0.0,,2025-10-20,0.0,2365,0900,2025-10-20 09:00:00,2025-10-20 09:00:00
0.0,0.0,0.0,Other,0.0,grand_total,0.0,,situation_20251021_1000_dbee923a.pdf,0.0,True,,,0.0,0.0,0.0,0.0,,,,,,0.0,,2025-10-21,0.0,2272,1000,2025-10-21 10:00:00,2025-10-21 10:00:00
180.0,731.0,2.0,"Flood, Landslide, Heavy Rain, Strong Wind, Lightning",0.0,grand_total,0.0,,situation_20251021_1000_4d66abc1.pdf,1.0,True,,,10.0,0.0,0.0,152.0,,,,,,0.0,,2025-10-21,0.0,4033,1000,2025-10-21 10:00:00,2025-10-21 10:00:00
2395.0,9542.0,4.0,"Flood, Landslide, Heavy Rain, Strong Wind, Lightning",0.0,grand_total,8.0,,situation_20251022_1100_b8cfca64.pdf,2.0,True,,,11.0,0.0,0.0,422.0,,,,,,30.0,,2025-10-22,1.0,8156,1100,2025-10-22 11:00:00,2025-10-22 11:00:00
3036.0,12142.0,4.0,"Flood, Landslide, Heavy Rain, Strong Wind, Lightning",0.0,grand_total,8.0,,situation_20251023_1100_30088458.pdf,2.0,True,,,11.0,0.0,0.0,481.0,,,,,,30.0,,2025-10-23,1.0,9133,1100,2025-10-23 11:00:00,2025-10-23 11:00:00
5361.0,21778.0,4.0,"Flood, Landslide, Heavy Rain, Strong Wind, Lightning",0.0,grand_total,8.0,,situation_20251024_1000_72eed757.pdf,2.0,True,,,11.0,0.0,0.0,591.0,,,,,,30.0,,2025-10-24,1.0,10911,1000,2025-10-24 10:00:00,2025-10-24 10:00:00
5579.0,22620.0,4.0,"Flood, Landslide, Heavy Rain, Strong Wind, Lightning",0.0,grand_total,8.0,,situation_20251025_0900_793fb866.pdf,2.0,True,,,12.0,0.0,0.0,697.0,,,,,,30.0,,2025-10-25,1.0,11952,0900,2025-10-25 09:00:00,2025-10-25 09:00:00
7944.0,31623.0,4.0,"Flood, Landslide, Heavy Rain, Strong Wind, Cyclone, Lightning",0.0,grand_total,132.0,,situation_20251026_1030_7ac503db.pdf,5.0,True,,,11.0,0.0,0.0,847.0,,,,,,544.0,,2025-10-26,4.0,13526,1030,2025-10-26 10:30:00,2025-10-26 10:30:00
7945.0,31628.0,4.0,"Flood, Landslide, Heavy Rain, Strong Wind, Cyclone, Lightning",0.0,grand_total,132.0,,situation_20251027_0900_b89b91ad.pdf,5.0,True,,,11.0,0.0,0.0,847.0,,,,,,544.0,,2025-10-27,4.0,13398,0900,2025-10-27 09:00:00,2025-10-27 09:00:00
4136.0,16726.0,4.0,"Flood, Landslide, Heavy Rain, Strong Wind, Cyclone, Lightning",0.0,grand_total,3.0,,situation_20251028_0900_e639eb83.pdf,4.0,True,,,11.0,0.0,0.0,740.0,,,,,,10.0,,2025-10-28,1.0,11335,0900,2025-10-28 09:00:00,2025-10-28 09:00:00
3741.0,15146.0,4.0,"Flood, Landslide, Heavy Rain, Strong Wind, Cyclone, Lightning",0.0,grand_total,0.0,,situation_20251029_0900_401f78ea.pdf,4.0,True,,,10.0,0.0,0.0,668.0,,,,,,0.0,,2025-10-29,0.0,10371,0900,2025-10-29 09:00:00,2025-10-29 09:00:00
3744.0,15155.0,4.0,"Flood, Landslide, Heavy Rain, Strong Wind, Cyclone, Lightning",0.0,grand_total,0.0,,situation_20251030_0900_48945be0.pdf,4.0,True,,,10.0,0.0,0.0,671.0,,,,,,0.0,,2025-10-30,0.0,10290,0900,2025-10-30 09:00:00,2025-10-30 09:00:00
0.0,0.0,0.0,Other,0.0,grand_total,0.0,,situation_20251101_0900_2fbe1e97.pdf,0.0,True,,,0.0,0.0,0.0,0.0,,,,,,0.0,,2025-11-01,0.0,2345,0900,2025-11-01 09:00:00,2025-11-01 09:00:00
1.0,4.0,1.0,Other,0.0,grand_total,0.0,,situation_20251102_0900_850dccbb.pdf,0.0,True,,,0.0,0.0,0.0,0.0,,,,,,0.0,,2025-11-02,0.0,2399,0900,2025-11-02 09:00:00,2025-11-02 09:00:00
0.0,0.0,0.0,Other,0.0,grand_total,0.0,,situation_20251103_0900_60d4a413.pdf,0.0,True,,,0.0,0.0,0.0,0.0,,,,,,0.0,,2025-11-03,0.0,2323,0900,2025-11-03 09:00:00,2025-11-03 09:00:00
4.0,19.0,1.0,Other,0.0,grand_total,0.0,,situation_20251104_0900_a3c2f6c8.pdf,0.0,True,,,0.0,3.0,0.0,0.0,,,,,,0.0,,2025-11-04,0.0,2371,0900,2025-11-04 09:00:00,2025-11-04 09:00:00
12.0,44.0,0.0,Strong Wind,0.0,grand_total,0.0,,situation_20251106_0900_166b177f.pdf,0.0,True,,,0.0,1.0,1.0,11.0,,,,,,0.0,,2025-11-06,0.0,2673,0900,2025-11-06 09:00:00,2025-11-06 09:00:00
0.0,0.0,5.0,Other,0.0,grand_total,0.0,,situation_20251107_0900_d1061f8f.pdf,0.0,True,,,0.0,0.0,0.0,0.0,,,,,,0.0,,2025-11-07,0.0,2399,0900,2025-11-07 09:00:00,2025-11-07 09:00:00
1.0,2.0,1.0,Other,1.0,grand_total,0.0,,situation_20251108_0900_80b2b1cc.pdf,0.0,True,,,0.0,0.0,0.0,1.0,,,,,,0.0,,2025-11-08,0.0,2684,0900,2025-11-08 09:00:00,2025-11-08 09:00:00
0.0,0.0,0.0,Other,0.0,grand_total,0.0,,situation_20251109_0900_a259777c.pdf,0.0,True,,,0.0,0.0,0.0,0.0,,,,,,0.0,,2025-11-09,0.0,2366,0900,2025-11-09 09:00:00,2025-11-09 09:00:00
1.0,2.0,0.0,Other,1.0,grand_total,0.0,,situation_20251110_0900_a51ff5f7.pdf,30.0,True,,,0.0,0.0,0.0,0.0,,,,,,0.0,,2025-11-10,0.0,2584,0900,2025-11-10 09:00:00,2025-11-10 09:00:00
8.0,29.0,0.0,"Heavy Rain, Lightning",0.0,grand_total,0.0,,situation_20251111_0900_7b18b1d2.pdf,8.0,True,,,0.0,0.0,0.0,0.0,,,,,,0.0,,2025-11-11,0.0,2605,0900,2025-11-11 09:00:00,2025-11-11 09:00:00
0.0,0.0,0.0,Other,0.0,grand_total,0.0,,situation_20251112_0900_c350a1ac.pdf,0.0,True,,,0.0,0.0,0.0,0.0,,,,,,0.0,,2025-11-12,0.0,2326,0900,2025-11-12 09:00:00,2025-11-12 09:00:00
4.0,6.0,0.0,"Strong Wind, Lightning",0.0,grand_total,0.0,,situation_20251113_0900_55f92615.pdf,0.0,True,,,0.0,0.0,0.0,6.0,,,,,,0.0,,2025-11-13,0.0,2729,0900,2025-11-13 09:00:00,2025-11-13 09:00:00
0.0,0.0,0.0,Other,0.0,grand_total,0.0,,situation_20251114_0900_bf8c1cb6.pdf,0.0,True,,,0.0,0.0,0.0,0.0,,,,,,0.0,,2025-11-14,0.0,2321,0900,2025-11-14 09:00:00,2025-11-14 09:00:00
6.0,20.0,0.0,"Heavy Rain, Strong Wind",0.0,grand_total,0.0,,situation_20251115_0900_b15fc1aa.pdf,0.0,True,,,0.0,0.0,0.0,6.0,,,,,,0.0,,2025-11-15,0.0,2909,0900,2025-11-15 09:00:00,2025-11-15 09:00:00
0.0,0.0,0.0,Other,0.0,grand_total,0.0,,situation_20251116_0900_261a1f19.pdf,0.0,True,,,0.0,0.0,0.0,0.0,,,,,,0.0,,2025-11-16,0.0,2337,0900,2025-11-16 09:00:00,2025-11-16 09:00:00
0.0,0.0,0.0,Other,0.0,grand_total,0.0,,situation_20251117_0900_1ec83952.pdf,0.0,True,,,0.0,0.0,0.0,0.0,,,,,,0.0,,2025-11-17,0.0,2326,0900,2025-11-17 09:00:00,2025-11-17 09:00:00
77.0,307.0,0.0,"Flood, Strong Wind",0.0,grand_total,0.0,,situation_20251118_0900_5e1f5eaf.pdf,0.0,True,,,0.0,0.0,0.0,0.0,,,,,,0.0,,2025-11-18,0.0,2651,0900,2025-11-18 09:00:00,2025-11-18 09:00:00
107.0,420.0,2.0,"Flood, Heavy Rain, Strong Wind",0.0,grand_total,0.0,,situation_20251119_0900_6817c9c2.pdf,0.0,True,,,0.0,0.0,0.0,20.0,,,,,,0.0,,2025-11-19,0.0,3786,0900,2025-11-19 09:00:00,2025-11-19 09:00:00
177.0,674.0,2.0,"Flood, Heavy Rain, Strong Wind, Lightning",0.0,grand_total,0.0,,situation_20251121_0900_6ee8f3b5.pdf,1.0,True,,,0.0,0.0,0.0,43.0,,,,,,0.0,,2025-11-21,0.0,4784,0900,2025-11-21 09:00:00,2025-11-21 09:00:00
209.0,806.0,2.0,"Flood, Heavy Rain, Strong Wind, Lightning",0.0,grand_total,0.0,,situation_20251122_0900_fd625367.pdf,1.0,True,,,0.0,0.0,0.0,46.0,,,,,,0.0,,2025-11-22,0.0,4998,0900,2025-11-22 09:00:00,2025-11-22 09:00:00
487.0,1740.0,9.0,"Flood, Heavy Rain, Strong Wind, Lightning",0.0,grand_total,5.0,,situation_20251123_0900_51932e90.pdf,2.0,True,,,0.0,4.0,0.0,186.0,,,,,,16.0,,2025-11-23,1.0,6049,0900,2025-11-23 09:00:00,2025-11-23 09:00:00
504.0,1790.0,10.0,"Flood, Heavy Rain, Strong Wind, Lightning",0.0,grand_total,5.0,,situation_20251124_0900_c87d006f.pdf,2.0,True,,,0.0,4.0,0.0,193.0,,,,,,16.0,,2025-11-24,1.0,6233,0900,2025-11-24 09:00:00,2025-11-24 09:00:00
737.0,2617.0,10.0,"Flood, Landslide, Heavy Rain, Strong Wind, Lightning",0.0,grand_total,19.0,,situation_20251125_1000_b185fe50.pdf,3.0,True,,,0.0,7.0,0.0,242.0,,,,,,67.0,,2025-11-25,3.0,7473,1000,2025-11-25 10:00:00,2025-11-25 10:00:00
877.0,3058.0,10.0,"Flood, Landslide, Heavy Rain, Strong Wind, Lightning",0.0,grand_total,33.0,,situation_20251126_1000_c093a442.pdf,4.0,True,,,0.0,7.0,0.0,250.0,,,,,,104.0,,2025-11-26,4.0,7990,1000,2025-11-26 10:00:00,2025-11-26 10:00:00
1891.0,6433.0,41.0,Other,,modern_summary_13_column,169.0,256.0,situation_20251127_1800_3d5be6af.pdf,4.0,True,,,,10.0,21.0,450.0,,,,,,524.0,864.0,2025-11-27,13.0,17762,1800,2025-11-27 18:00:00,2025-11-27 18:00:00
12313.0,43991.0,56.0,Other,,modern_summary_13_column,12.0,1097.0,situation_20251128_0900_4fddda25.pdf,4.0,True,,,,14.0,21.0,666.0,,,,,,3684.0,3731.0,2025-11-28,52.0,1453,0900,2025-11-28 09:00:00,2025-11-28 09:00:00
6.0,41.0,132.0,Other,,modern_summary_7_column,14.0,,situation_20251128_1800_b4786252.pdf,,True,,,,,1.0,,,,,,,50.0,,2025-11-28,6.0,13217,1800,2025-11-28 18:00:00,2025-11-28 18:00:00
61175.0,219282.0,69.0,Other,,modern_summary_7_column,5890.0,,situation_20251128_1800_b61d9d6f.pdf,,True,,,,,34.0,,,,,,,18443.0,,2025-11-28,266.0,21891,1800,2025-11-28 18:00:00,2025-11-28 18:00:00
61175.0,219282.0,69.0,Other,,modern_7_column,5890.0,,situation_20251128_1800_bc2065a7.pdf,,True,,,,,34.0,,,,,,,18443.0,,2025-11-28,266.0,1207,1800,2025-11-28 18:00:00,2025-11-28 18:00:00
61175.0,219282.0,69.0,Other,,modern_summary_8_column,5890.0,,situation_20251129_0600_970e59a6.pdf,,True,,,,,34.0,,,,,,,18443.0,,2025-11-29,266.0,15725,0600,2025-11-29 06:00:00,2025-11-29 06:00:00
102877.0,373428.0,123.0,Other,,modern_7_column,13690.0,,situation_20251129_0900_af94f066.pdf,,True,,,,,130.0,,,,,,,43925.0,,2025-11-29,488.0,1237,0900,2025-11-29 09:00:00,2025-11-29 09:00:00
102877.0,373428.0,123.0,Other,,modern_summary_7_column,13690.0,,situation_20251129_0900_f6f3a00d.pdf,,True,,,,,130.0,,,,,,,43925.0,,2025-11-29,488.0,1209,0900,2025-11-29 09:00:00,2025-11-29 09:00:00
179868.0,646567.0,132.0,Other,,modern_7_column,22212.0,,situation_20251129_1400_6cfead4d.pdf,,True,,,,,176.0,,,,,,,78010.0,,2025-11-29,716.0,1290,1400,2025-11-29 14:00:00,2025-11-29 14:00:00
217263.0,774724.0,153.0,Other,,modern_7_column,27494.0,,situation_20251129_1800_555ac942.pdf,,True,,,,,191.0,,,,,,,100898.0,,2025-11-29,798.0,1299,1800,2025-11-29 18:00:00,2025-11-29 18:00:00
234503.0,833985.0,159.0,Other,,modern_7_column,34198.0,,situation_20251130_0600_eaa974fd.pdf,,True,,,,,203.0,,,,,,,122822.0,,2025-11-30,919.0,1319,0600,2025-11-30 06:00:00,2025-11-30 06:00:00
,,,Other,,insufficient_text,,,situation_20251130_1200_4b3afcef.pdf,,False,,,,,,,,,,,,,,2025-11-30,,230,1200,2025-11-30 12:00:00,2025-11-30 12:00:00
,,,Other,,insufficient_text,,,situation_20251130_1600_d52bef08.pdf,,False,,,,,,,,,,,,,,2025-11-30,,230,1600,2025-11-30 16:00:00,2025-11-30 16:00:00
,,,Other,,insufficient_text,,,situation_20251130_1800_69846ebd.pdf,,False,,,,,,,,,,,,,,2025-11-30,,218,1800,2025-11-30 18:00:00,2025-11-30 18:00:00
309607.0,1118929.0,334.0,Other,,modern_7_column,55747.0,,situation_20251201_0600_55cd4803.pdf,,True,,,,,370.0,,,,,,,196790.0,,2025-12-01,1494.0,1369,0600,2025-12-01 06:00:00,2025-12-01 06:00:00
318252.0,1156860.0,355.0,Other,,modern_7_column,59266.0,,situation_20251201_1000_3029f1fa.pdf,,True,,,,,366.0,,,,,,,209568.0,,2025-12-01,1529.0,1347,1000,2025-12-01 10:00:00,2025-12-01 10:00:00
316366.0,1151776.0,366.0,Other,,modern_7_column,61612.0,,situation_20251201_1230_78ec8fa7.pdf,,True,,,,,367.0,,,,,,,218526.0,,2025-12-01,1564.0,1342,1230,2025-12-01 12:30:00,2025-12-01 12:30:00
382651.0,1373899.0,390.0,Other,,modern_9_column,57790.0,,situation_20251201_1800_05efb207.pdf,432.0,True,,,,,352.0,15688.0,,,,,,204597.0,,2025-12-01,1368.0,1554,1800,2025-12-01 18:00:00,2025-12-01 18:00:00
382651.0,1373899.0,390.0,Other,,modern_9_column,57790.0,,situation_20251202_0600_e0601d4e.pdf,432.0,True,,,,,352.0,15688.0,,,,,,204597.0,,2025-12-02,1368.0,1554,0600,2025-12-02 06:00:00,2025-12-02 06:00:00
407594.0,1466615.0,410.0,Other,,modern_9_column,64483.0,,situation_20251202_1000_5073e12f.pdf,565.0,True,,,,,336.0,20271.0,,,,,,233015.0,,2025-12-02,1441.0,1572,1000,2025-12-02 10:00:00,2025-12-02 10:00:00
437507.0,1558919.0,465.0,Other,,modern_9_column,61875.0,,situation_20251202_1800_3670c52c.pdf,783.0,True,,,,,366.0,31417.0,,,,,,232752.0,,2025-12-02,1433.0,1591,1800,2025-12-02 18:00:00,2025-12-02 18:00:00
437507.0,1558919.0,465.0,Other,,modern_9_column,61875.0,,situation_20251203_0600_8089a5b7.pdf,783.0,True,,,,,366.0,31417.0,,,,,,232752.0,,2025-12-03,1433.0,1587,0600,2025-12-03 06:00:00,2025-12-03 06:00:00
448817.0,1586329.0,474.0,Other,,modern_9_column,53758.0,,situation_20251203_1000_1be53c43.pdf,971.0,True,,,,,356.0,40358.0,,,,,,201875.0,,2025-12-03,1385.0,1583,1000,2025-12-03 10:00:00,2025-12-03 10:00:00
455405.0,1614790.0,479.0,Other,,modern_9_column,51765.0,,situation_20251203_1800_60b89511.pdf,1289.0,True,,,,,350.0,44556.0,,,,,,188974.0,,2025-12-03,1347.0,1593,1800,2025-12-03 18:00:00,2025-12-03 18:00:00
455405.0,1614790.0,479.0,Other,,modern_9_column,51765.0,,situation_20251204_0600_ab2afc40.pdf,1289.0,True,,,,,350.0,44556.0,,,,,,188974.0,,2025-12-04,1347.0,1588,0600,2025-12-04 06:00:00,2025-12-04 06:00:00
509680.0,1814534.0,481.0,Other,,modern_9_column,48559.0,,situation_20251204_1800_70afb5c7.pdf,1967.0,True,,,,,345.0,50173.0,,,,,,171492.0,,2025-12-04,1236.0,1598,1800,2025-12-04 18:00:00,2025-12-04 18:00:00
519842.0,1844055.0,486.0,Other,,modern_9_column,51023.0,,situation_20251204_1900_f7d008c3.pdf,2303.0,True,,,,,341.0,52489.0,,,,,,171778.0,,2025-12-04,1231.0,1595,1900,2025-12-04 19:00:00,2025-12-04 19:00:00
519842.0,1844055.0,486.0,Other,,modern_9_column,51023.0,,situation_20251205_0600_869ff8dd.pdf,2303.0,True,,,,,341.0,52489.0,,,,,,171778.0,,2025-12-05,1231.0,1595,0600,2025-12-05 06:00:00,2025-12-05 06:00:00
586464.0,2082195.0,607.0,Other,,modern_9_column,43715.0,,situation_20251205_1800_e3c837b0.pdf,4164.0,True,,,,,214.0,67505.0,,,,,,152537.0,,2025-12-05,1211.0,1603,1800,2025-12-05 18:00:00,2025-12-05 18:00:00
586464.0,2082195.0,607.0,Other,,modern_9_column,43715.0,,situation_20251206_0600_cfaa8738.pdf,4164.0,True,,,,,214.0,67505.0,,,,,,152537.0,,2025-12-06,1211.0,1603,0600,2025-12-06 06:00:00,2025-12-06 06:00:00
576626.0,2054535.0,611.0,Other,,modern_summary_9_column,33622.0,,situation_20251206_1200_32039eb5.pdf,4309.0,True,,,,,213.0,69635.0,,,,,,114126.0,,2025-12-06,956.0,7084,1200,2025-12-06 12:00:00,2025-12-06 12:00:00
583030.0,2078436.0,618.0,Other,,modern_9_column,29874.0,,situation_20251206_2000_7cd515cf.pdf,4071.0,True,,,,,209.0,71121.0,,,,,,100124.0,,2025-12-06,990.0,1585,2000,2025-12-06 20:00:00,2025-12-06 20:00:00
611530.0,2179138.0,627.0,Other,,modern_9_column,27663.0,,situation_20251207_1200_5e7485ac.pdf,4517.0,True,,,,,190.0,76066.0,,,,,,89857.0,,2025-12-07,956.0,1569,1200,2025-12-07 12:00:00,2025-12-07 12:00:00
611530.0,2179138.0,627.0,Other,,modern_9_column,27663.0,,situation_20251208_0600_b1fa7cdd.pdf,4517.0,True,,,,,190.0,76066.0,,,,,,89857.0,,2025-12-08,956.0,1578,0600,2025-12-08 06:00:00,2025-12-08 06:00:00
512123.0,1766103.0,635.0,Other,,modern_9_column,22218.0,,situation_20251208_1200_da69c218.pdf,5325.0,True,,,,,192.0,81163.0,,,,,,69861.0,,2025-12-08,690.0,1561,1200,2025-12-08 12:00:00,2025-12-08 12:00:00
512123.0,1766103.0,635.0,Other,,modern_9_column,22218.0,,situation_20251209_0600_d549091e.pdf,5325.0,True,,,,,192.0,81163.0,,,,,,69861.0,,2025-12-09,690.0,1586,0600,2025-12-09 06:00:00,2025-12-09 06:00:00
501958.0,1737330.0,638.0,Other,,modern_9_column,20373.0,,situation_20251209_1000_4f6c6074.pdf,5354.0,True,,,,,191.0,81621.0,,,,,,63628.0,,2025-12-09,630.0,1591,1000,2025-12-09 10:00:00,2025-12-09 10:00:00
529741.0,1824771.0,639.0,Other,,modern_9_column,27145.0,,situation_20251210_0600_ce7862a9.pdf,5350.0,True,,,,,203.0,86882.0,,,,,,86040.0,,2025-12-10,878.0,1490,0600,2025-12-10 06:00:00,2025-12-10 06:00:00
524188.0,1812311.0,639.0,Other,,modern_9_column,26814.0,,situation_20251210_1200_ee97036f.pdf,5336.0,True,,,,,193.0,85683.0,,,,,,85333.0,,2025-12-10,874.0,1589,1200,2025-12-10 12:00:00,2025-12-10 12:00:00
524678.0,1814421.0,639.0,Other,,modern_9_column,26841.0,,situation_20251211_0600_9e804743.pdf,5346.0,True,,,,,193.0,86245.0,,,,,,85351.0,,2025-12-11,873.0,1582,0600,2025-12-11 06:00:00,2025-12-11 06:00:00
495093.0,1703318.0,639.0,Other,,modern_9_column,26563.0,,situation_20251211_1800_02a0870c.pdf,5588.0,True,,,,,210.0,87496.0,,,,,,84674.0,,2025-12-11,866.0,1604,1800,2025-12-11 18:00:00,2025-12-11 18:00:00
495093.0,1703318.0,639.0,Other,,modern_9_column,26563.0,,situation_20251212_0900_4b30c520.pdf,5588.0,True,,,,,210.0,87496.0,,,,,,84674.0,,2025-12-12,866.0,1603,0900,2025-12-12 09:00:00,2025-12-12 09:00:00
473138.0,1637960.0,640.0,Other,,modern_9_column,26103.0,,situation_20251212_1200_f0c7869f.pdf,5713.0,True,,,,,211.0,104805.0,,,,,,82813.0,,2025-12-12,847.0,1590,1200,2025-12-12 12:00:00,2025-12-12 12:00:00
473138.0,1637960.0,640.0,Other,,modern_9_column,26103.0,,situation_20251212_1800_7ec64345.pdf,5713.0,True,,,,,211.0,104805.0,,,,,,82813.0,,2025-12-12,847.0,1595,1800,2025-12-12 18:00:00,2025-12-12 18:00:00
473138.0,1637960.0,640.0,Other,,modern_9_column,26103.0,,situation_20251213_0600_18622479.pdf,5713.0,True,,,,,211.0,104805.0,,,,,,82813.0,,2025-12-13,847.0,1595,0600,2025-12-13 06:00:00,2025-12-13 06:00:00
400123.0,1398036.0,640.0,Other,,modern_9_column,25879.0,,situation_20251213_1630_6dc495d0.pdf,5794.0,True,,,,,194.0,108638.0,,,,,,83361.0,,2025-12-13,845.0,1554,1630,2025-12-13 16:30:00,2025-12-13 16:30:00
391401.0,1364481.0,643.0,Other,,modern_9_column,23041.0,,situation_20251214_0600_1dc4d33a.pdf,6164.0,True,,,,,184.0,112110.0,,,,,,72911.0,,2025-12-14,796.0,1542,0600,2025-12-14 06:00:00,2025-12-14 06:00:00
385093.0,1344898.0,644.0,Other,,modern_9_column,22638.0,,situation_20251214_1700_eef81613.pdf,6163.0,True,,,,,183.0,112171.0,,,,,,70359.0,,2025-12-14,766.0,1543,1700,2025-12-14 17:00:00,2025-12-14 17:00:00
468472.0,1628017.0,643.0,Other,,modern_9_column,22522.0,,situation_20251215_0600_291adf01.pdf,6176.0,True,,,,,183.0,95213.0,,,,,,70055.0,,2025-12-15,762.0,1561,0600,2025-12-15 06:00:00,2025-12-15 06:00:00
459726.0,1600469.0,643.0,Other,,modern_9_column,22050.0,,situation_20251215_1400_d96545bf.pdf,6193.0,True,,,,,183.0,95456.0,,,,,,71472.0,,2025-12-15,739.0,1560,1400,2025-12-15 14:00:00,2025-12-15 14:00:00
483622.0,1678022.0,643.0,Other,,modern_9_column,22348.0,,situation_20251215_1800_6c79a849.pdf,6200.0,True,,,,,183.0,96545.0,,,,,,70297.0,,2025-12-15,731.0,1543,1800,2025-12-15 18:00:00,2025-12-15 18:00:00
483622.0,1678022.0,643.0,Other,,modern_9_column,22348.0,,situation_20251216_0600_8edbe297.pdf,6200.0,True,,,,,183.0,96545.0,,,,,,70297.0,,2025-12-16,731.0,1543,0600,2025-12-16 06:00:00,2025-12-16 06:00:00
490385.0,1702719.0,643.0,Other,,modern_9_column,22096.0,,situation_20251217_1600_60d08bc4.pdf,6228.0,True,,,,,183.0,101055.0,,,,,,66132.0,,2025-12-17,723.0,1548,1600,2025-12-17 16:00:00,2025-12-17 16:00:00
151177.0,510744.0,638.0,Other,,modern_11_column,10659.0,75728.0,situation_20251227_1000_5df19cba.pdf,6121.0,True,,,,,175.0,114252.0,,,,,,35139.0,264185.0,2025-12-27,373.0,1996,1000,2025-12-27 10:00:00,2025-12-27 10:00:00
149460.0,499671.0,638.0,Other,,modern_11_column,10340.0,76801.0,situation_20251228_0900_00e7ffd4.pdf,6121.0,True,,,,,175.0,114314.0,,,,,,34175.0,267700.0,2025-12-28,358.0,1967,0900,2025-12-28 09:00:00,2025-12-28 09:00:00
103319.0,353903.0,644.0,Other,,modern_11_column,7781.0,52442.0,situation_20260101_1000_9c68bf23.pdf,6056.0,True,,,,,175.0,112522.0,,,,,,24431.0,178865.0,2026-01-01,264.0,1866,1000,2026-01-01 10:00:00,2026-01-01 10:00:00
78267.0,263105.0,644.0,Other,,modern_11_column,7403.0,51831.0,situation_20260102_1000_4550f668.pdf,6056.0,True,,,,,175.0,112521.0,,,,,,24112.0,176696.0,2026-01-02,258.0,1864,1000,2026-01-02 10:00:00,2026-01-02 10:00:00
78135.0,262348.0,644.0,Other,,modern_11_column,7421.0,51660.0,situation_20260103_1000_194a6d14.pdf,6056.0,True,,,,,175.0,112521.0,,,,,,23890.0,176081.0,2026-01-03,258.0,1855,1000,2026-01-03 10:00:00,2026-01-03 10:00:00
78135.0,262348.0,644.0,Other,,modern_11_column,7421.0,51660.0,situation_20260104_1000_f1f74f49.pdf,6056.0,True,,,,,175.0,112521.0,,,,,,23890.0,176081.0,2026-01-04,258.0,1857,1000,2026-01-04 10:00:00,2026-01-04 10:00:00
78495.0,261557.0,645.0,Other,,modern_11_column,6790.0,52144.0,situation_20260105_1000_29c4a593.pdf,6037.0,True,,,,,174.0,112145.0,,,,,,22136.0,177022.0,2026-01-05,231.0,1834,1000,2026-01-05 10:00:00,2026-01-05 10:00:00
78271.0,260804.0,646.0,Other,,modern_11_column,6592.0,52118.0,situation_20260106_1000_eeec1ce4.pdf,6037.0,True,,,,,174.0,108476.0,,,,,,21514.0,176891.0,2026-01-06,225.0,1844,1000,2026-01-06 10:00:00,2026-01-06 10:00:00
78271.0,260804.0,646.0,Other,,modern_11_column,6354.0,52356.0,situation_20260107_1000_e349781a.pdf,6036.0,True,,,,,174.0,108480.0,,,,,,20382.0,178023.0,2026-01-07,212.0,1845,1000,2026-01-07 10:00:00,2026-01-07 10:00:00
77793.0,258967.0,646.0,Other,,modern_11_column,6074.0,52194.0,situation_20260108_1000_7b0c5e7a.pdf,6025.0,True,,,,,174.0,108591.0,,,,,,19340.0,177423.0,2026-01-08,205.0,1903,1000,2026-01-08 10:00:00,2026-01-08 10:00:00
77711.0,258700.0,646.0,Other,,modern_11_column,6061.0,52194.0,situation_20260109_1000_647ed86a.pdf,6025.0,True,,,,,174.0,108591.0,,,,,,19299.0,177423.0,2026-01-09,204.0,1889,1000,2026-01-09 10:00:00,2026-01-09 10:00:00
69594.0,235947.0,646.0,Other,,modern_11_column,2728.0,49004.0,situation_20260115_1000_ab486071.pdf,6025.0,True,,,,,173.0,108327.0,,,,,,8362.0,168845.0,2026-01-15,113.0,1702,1000,2026-01-15 10:00:00,2026-01-15 10:00:00
51397.0,174463.0,646.0,Other,,modern_11_column,2724.0,49004.0,situation_20260116_1000_974d5359.pdf,6024.0,True,,,,,173.0,108319.0,,,,,,8337.0,168845.0,2026-01-16,113.0,1851,1000,2026-01-16 10:00:00,2026-01-16 10:00:00
51430.0,175217.0,646.0,Landslide,,modern_11_column,2708.0,49053.0,situation_20260119_1000_6e640470.pdf,6025.0,True,,,,,173.0,107939.0,,,,,,8294.0,169642.0,2026-01-19,113.0,1941,1000,2026-01-19 10:00:00,2026-01-19 10:00:00
69623.0,236676.0,646.0,Landslide,,modern_11_column,2496.0,49265.0,situation_20260120_1000_e1042caa.pdf,5988.0,True,,,,,173.0,108043.0,,,,,,7572.0,170364.0,2026-01-20,100.0,1938,1000,2026-01-20 10:00:00,2026-01-20 10:00:00
67305.0,228511.0,646.0,Landslide,,modern_11_column,2331.0,47112.0,situation_20260122_1000_7345de5a.pdf,5988.0,True,,,,,173.0,108043.0,,,,,,7109.0,162662.0,2026-01-22,96.0,1933,1000,2026-01-22 10:00:00,2026-01-22 10:00:00
67305.0,228511.0,646.0,Landslide,,modern_11_column,2331.0,47112.0,situation_20260124_1000_3b934aad.pdf,5988.0,True,,,,,173.0,108043.0,,,,,,7109.0,162662.0,2026-01-24,96.0,1942,1000,2026-01-24 10:00:00,2026-01-24 10:00:00
0.0,0.0,3.0,Other,1.0,grand_total,0.0,,situation_20260125_1000_56ca157f.pdf,0.0,True,,,0.0,0.0,2.0,0.0,,,,,,0.0,,2026-01-25,0.0,2635,1000,2026-01-25 10:00:00,2026-01-25 10:00:00
68411.0,231304.0,649.0,Landslide,,modern_11_column,2199.0,48350.0,situation_20260125_1000_b3cbd836.pdf,6018.0,True,,,,,173.0,108879.0,,,,,,6680.0,165884.0,2026-01-25,85.0,2070,1000,2026-01-25 10:00:00,2026-01-25 10:00:00
0.0,0.0,3.0,Other,1.0,grand_total,0.0,,situation_20260126_1000_7cdb51d4.pdf,0.0,True,,,0.0,0.0,2.0,0.0,,,,,,0.0,,2026-01-26,0.0,2639,1000,2026-01-26 10:00:00,2026-01-26 10:00:00
68411.0,231304.0,649.0,Landslide,,modern_18_column,2199.0,48350.0,situation_20260126_1000_fbc56113.pdf,6018.0,True,50549.0,172564.0,,,173.0,108879.0,669363.0,2362479.0,88864.0,308685.0,2151.0,6680.0,165884.0,2026-01-26,85.0,2967,1000,2026-01-26 10:00:00,2026-01-26 10:00:00
0.0,0.0,3.0,Other,1.0,grand_total,0.0,,situation_20260127_1000_17973dfd.pdf,0.0,True,,,0.0,0.0,2.0,0.0,,,,,,0.0,,2026-01-27,0.0,2635,1000,2026-01-27 10:00:00,2026-01-27 10:00:00
68411.0,231304.0,650.0,Landslide,,modern_11_column,2199.0,48350.0,situation_20260201_1000_844547e2.pdf,6018.0,True,,,,,173.0,108879.0,,,,,,6680.0,165884.0,2026-02-01,85.0,2056,1000,2026-02-01 10:00:00,2026-02-01 10:00:00
0.0,0.0,0.0,Other,0.0,confirmed_zero_report,0.0,,situation_20260202_1000_93cb050a.pdf,0.0,True,,,0.0,0.0,0.0,0.0,,,,,,0.0,,2026-02-02,0.0,2264,1000,2026-02-02 10:00:00,2026-02-02 10:00:00
68411.0,231304.0,650.0,Landslide,,modern_11_column,2199.0,48350.0,situation_20260202_1000_901ced60.pdf,6018.0,True,,,,,173.0,108879.0,,,,,,6680.0,165884.0,2026-02-02,85.0,2048,1000,2026-02-02 10:00:00,2026-02-02 10:00:00
68411.0,231304.0,650.0,Landslide,,modern_11_column,2199.0,48350.0,situation_20260204_1000_49ba6914.pdf,6018.0,True,,,,,173.0,108879.0,,,,,,6680.0,165884.0,2026-02-04,85.0,2058,1000,2026-02-04 10:00:00,2026-02-04 10:00:00
65027.0,220408.0,650.0,Landslide,,modern_11_column,2109.0,45056.0,situation_20260206_1000_ff3594ed.pdf,6018.0,True,,,,,173.0,108879.0,,,,,,6413.0,155255.0,2026-02-06,81.0,2036,1000,2026-02-06 10:00:00,2026-02-06 10:00:00
65027.0,220408.0,650.0,Landslide,,modern_11_column,2109.0,45056.0,situation_20260208_1000_e44e7708.pdf,6018.0,True,,,,,173.0,108879.0,,,,,,6413.0,155255.0,2026-02-08,81.0,2050,1000,2026-02-08 10:00:00,2026-02-08 10:00:00
65027.0,220408.0,650.0,Landslide,,modern_11_column,2109.0,45056.0,situation_20260209_1000_843bd47e.pdf,6018.0,True,,,,,173.0,108879.0,,,,,,6413.0,155255.0,2026-02-09,81.0,2035,1000,2026-02-09 10:00:00,2026-02-09 10:00:00
65027.0,220408.0,650.0,Landslide,,modern_11_column,2109.0,45056.0,situation_20260210_1000_c15cdd3e.pdf,6018.0,True,,,,,173.0,108879.0,,,,,,6413.0,155255.0,2026-02-10,81.0,2051,1000,2026-02-10 10:00:00,2026-02-10 10:00:00
65027.0,220408.0,650.0,Landslide,,modern_11_column,2109.0,45056.0,situation_20260214_1000_973d1e8d.pdf,6018.0,True,,,,,173.0,108879.0,,,,,,6413.0,155255.0,2026-02-14,81.0,2051,1000,2026-02-14 10:00:00,2026-02-14 10:00:00
65027.0,220408.0,650.0,Landslide,,modern_11_column,2109.0,45056.0,situation_20260215_1000_e786a75f.pdf,6018.0,True,,,,,173.0,108879.0,,,,,,6413.0,155255.0,2026-02-15,81.0,2061,1000,2026-02-15 10:00:00,2026-02-15 10:00:00
65027.0,220408.0,650.0,Landslide,,modern_11_column,2109.0,45056.0,situation_20260216_1000_3ad84596.pdf,6018.0,True,,,,,173.0,108879.0,,,,,,6413.0,155255.0,2026-02-16,81.0,2035,1000,2026-02-16 10:00:00,2026-02-16 10:00:00
65026.0,220405.0,650.0,Landslide,,modern_11_column,1358.0,45056.0,situation_20260217_1000_37a88032.pdf,6018.0,True,,,,,173.0,108879.0,,,,,,4125.0,155255.0,2026-02-17,50.0,2011,1000,2026-02-17 10:00:00,2026-02-17 10:00:00
65026.0,220405.0,650.0,Landslide,,modern_11_column,1358.0,45056.0,situation_20260218_1000_f572d768.pdf,6018.0,True,,,,,173.0,108879.0,,,,,,4125.0,155255.0,2026-02-18,50.0,2044,1000,2026-02-18 10:00:00,2026-02-18 10:00:00
411.0,1318.0,0.0,"Flood, Heavy Rain, Strong Wind",0.0,grand_total,0.0,,situation_20260220_1000_8b694316.pdf,1.0,True,,,0.0,0.0,0.0,2.0,,,,,,0.0,,2026-02-20,0.0,2692,1000,2026-02-20 10:00:00,2026-02-20 10:00:00
64901.0,220044.0,650.0,Landslide,,modern_11_column,1151.0,45034.0,situation_20260220_1000_a92df030.pdf,6018.0,True,,,,,173.0,108879.0,,,,,,3403.0,155182.0,2026-02-20,42.0,2024,1000,2026-02-20 10:00:00,2026-02-20 10:00:00
64901.0,220044.0,650.0,Landslide,,modern_11_column,1150.0,43831.0,situation_20260221_1000_287006de.pdf,6018.0,True,,,,,173.0,108879.0,,,,,,3401.0,149927.0,2026-02-21,41.0,1940,1000,2026-02-21 10:00:00,2026-02-21 10:00:00
1284.0,4160.0,0.0,"Flood, Heavy Rain",0.0,grand_total,0.0,,situation_20260221_1000_a27dcf88.pdf,0.0,True,,,0.0,0.0,0.0,6.0,,,,,,0.0,,2026-02-21,0.0,2406,1000,2026-02-21 10:00:00,2026-02-21 10:00:00
64901.0,220044.0,680.0,Landslide,,modern_11_column,1075.0,43831.0,situation_20260228_1000_dddac469.pdf,5933.0,True,,,,,154.0,115501.0,,,,,,3146.0,149927.0,2026-02-28,32.0,1852,1000,2026-02-28 10:00:00,2026-02-28 10:00:00
64901.0,220044.0,680.0,Landslide,,modern_11_column,1075.0,43831.0,situation_20260301_1000_ec02b3ab.pdf,5933.0,True,,,,,154.0,115501.0,,,,,,3146.0,149927.0,2026-03-01,32.0,1849,1000,2026-03-01 10:00:00,2026-03-01 10:00:00
64901.0,220044.0,680.0,Landslide,,modern_11_column,1075.0,43831.0,situation_20260302_1000_7cd70c0e.pdf,5933.0,True,,,,,154.0,115501.0,,,,,,3146.0,149927.0,2026-03-02,32.0,1849,1000,2026-03-02 10:00:00,2026-03-02 10:00:00
64901.0,220044.0,680.0,Landslide,,modern_11_column,1075.0,43831.0,situation_20260303_1000_4dbfa330.pdf,5933.0,True,,,,,154.0,115501.0,,,,,,3146.0,149927.0,2026-03-03,32.0,1873,1000,2026-03-03 10:00:00,2026-03-03 10:00:00
64901.0,220044.0,680.0,Other,,modern_18_column,1075.0,43831.0,situation_20260306_1000_ff855046.pdf,5902.0,True,45076.0,153594.0,,,154.0,115179.0,669363.0,2362479.0,88864.0,308685.0,2151.0,3146.0,149927.0,2026-03-06,32.0,2860,1000,2026-03-06 10:00:00,2026-03-06 10:00:00
0.0,0.0,2.0,Other,0.0,grand_total,0.0,,situation_20260307_1000_dd3d5bb5.pdf,0.0,True,,,0.0,11.0,0.0,0.0,,,,,,0.0,,2026-03-07,0.0,2347,1000,2026-03-07 10:00:00,2026-03-07 10:00:00
64901.0,220044.0,680.0,Other,,modern_13_column,957.0,43831.0,situation_20260307_1000_851134fd.pdf,5902.0,True,45076.0,153594.0,,,154.0,115179.0,,,,,,2852.0,149927.0,2026-03-07,32.0,2178,1000,2026-03-07 10:00:00,2026-03-07 10:00:00
0.0,0.0,0.0,Other,0.0,grand_total,0.0,,situation_20260308_1000_4c2af055.pdf,0.0,True,,,0.0,0.0,0.0,0.0,,,,,,0.0,,2026-03-08,0.0,2331,1000,2026-03-08 10:00:00,2026-03-08 10:00:00
64901.0,220044.0,680.0,Other,,modern_13_column,957.0,43831.0,situation_20260308_1000_efcd109c.pdf,5902.0,True,45076.0,153594.0,,,154.0,115179.0,,,,,,2852.0,149927.0,2026-03-08,32.0,2195,1000,2026-03-08 10:00:00,2026-03-08 10:00:00
0.0,0.0,0.0,Other,0.0,grand_total,0.0,,situation_20260309_1000_a8e8f8e4.pdf,0.0,True,,,0.0,0.0,0.0,0.0,,,,,,0.0,,2026-03-09,0.0,2325,1000,2026-03-09 10:00:00,2026-03-09 10:00:00
64901.0,220044.0,680.0,Other,,modern_11_column,957.0,43831.0,situation_20260309_1000_d2200006.pdf,5902.0,True,,,,,154.0,115179.0,,,,,,2852.0,149927.0,2026-03-09,32.0,1958,1000,2026-03-09 10:00:00,2026-03-09 10:00:00
64901.0,220044.0,680.0,Other,,modern_11_column,957.0,43831.0,situation_20260310_1000_d4c4f5b6.pdf,5902.0,True,,,,,154.0,115179.0,,,,,,2852.0,149927.0,2026-03-10,32.0,1968,1000,2026-03-10 10:00:00,2026-03-10 10:00:00
0.0,0.0,0.0,Other,0.0,grand_total,0.0,,situation_20260310_1000_d691f9a8.pdf,0.0,True,,,0.0,0.0,0.0,0.0,,,,,,0.0,,2026-03-10,0.0,2334,1000,2026-03-10 10:00:00,2026-03-10 10:00:00
0.0,0.0,0.0,Other,0.0,grand_total,0.0,,situation_20260311_1000_c63fa4fa.pdf,0.0,True,,,0.0,0.0,0.0,0.0,,,,,,0.0,,2026-03-11,0.0,2339,1000,2026-03-11 10:00:00,2026-03-11 10:00:00
64901.0,220044.0,680.0,Other,,modern_11_column,950.0,43831.0,situation_20260313_1000_d3f77b76.pdf,5902.0,True,,,,,154.0,115179.0,,,,,,2833.0,149927.0,2026-03-13,31.0,1951,1000,2026-03-13 10:00:00,2026-03-13 10:00:00
1.0,3.0,0.0,Strong Wind,0.0,grand_total,0.0,,situation_20260313_1000_34c7f9bc.pdf,0.0,True,,,0.0,0.0,0.0,1.0,,,,,,0.0,,2026-03-13,0.0,2345,1000,2026-03-13 10:00:00,2026-03-13 10:00:00
64901.0,220044.0,680.0,Other,,modern_11_column,950.0,43831.0,situation_20260314_1000_66a0b446.pdf,5902.0,True,,,,,154.0,115179.0,,,,,,2833.0,149927.0,2026-03-14,31.0,1970,1000,2026-03-14 10:00:00,2026-03-14 10:00:00
2.0,7.0,0.0,Strong Wind,0.0,grand_total,0.0,,situation_20260314_1000_20cf5518.pdf,0.0,True,,,0.0,0.0,0.0,2.0,,,,,,0.0,,2026-03-14,0.0,2408,1000,2026-03-14 10:00:00,2026-03-14 10:00:00
0.0,0.0,0.0,Other,0.0,grand_total,0.0,,situation_20260315_1000_0ca720ee.pdf,0.0,True,,,0.0,0.0,0.0,0.0,,,,,,0.0,,2026-03-15,0.0,2332,1000,2026-03-15 10:00:00,2026-03-15 10:00:00
64901.0,220044.0,680.0,Other,,modern_11_column,950.0,43831.0,situation_20260315_1000_0e7309d5.pdf,5902.0,True,,,,,154.0,115179.0,,,,,,2833.0,149927.0,2026-03-15,31.0,1965,1000,2026-03-15 10:00:00,2026-03-15 10:00:00
64901.0,220044.0,680.0,Other,,modern_11_column,950.0,43831.0,situation_20260316_1000_72459e30.pdf,5902.0,True,,,,,154.0,115179.0,,,,,,2833.0,149927.0,2026-03-16,31.0,1951,1000,2026-03-16 10:00:00,2026-03-16 10:00:00
0.0,0.0,0.0,Other,0.0,grand_total,0.0,,situation_20260316_1000_d42a6684.pdf,0.0,True,,,0.0,0.0,0.0,0.0,,,,,,0.0,,2026-03-16,0.0,2318,1000,2026-03-16 10:00:00,2026-03-16 10:00:00
0.0,0.0,0.0,Other,0.0,grand_total,0.0,,situation_20260318_1000_6453726a.pdf,0.0,True,,,0.0,0.0,0.0,0.0,,,,,,0.0,,2026-03-18,0.0,2325,1000,2026-03-18 10:00:00,2026-03-18 10:00:00
3.0,11.0,0.0,Strong Wind,0.0,grand_total,0.0,,situation_20260319_1000_d109af0c.pdf,0.0,True,,,0.0,0.0,0.0,3.0,,,,,,0.0,,2026-03-19,0.0,2646,1000,2026-03-19 10:00:00,2026-03-19 10:00:00
67.0,258.0,0.0,Strong Wind,3.0,grand_total,0.0,,situation_20260321_1000_538504fb.pdf,0.0,True,,,0.0,0.0,0.0,67.0,,,,,,0.0,,2026-03-21,0.0,2835,1000,2026-03-21 10:00:00,2026-03-21 10:00:00
64901.0,220044.0,680.0,Other,,modern_18_column,950.0,43831.0,situation_20260321_1000_d29aed91.pdf,5902.0,True,45076.0,153594.0,,,154.0,115179.0,669363.0,2362479.0,88864.0,308685.0,2151.0,2833.0,149927.0,2026-03-21,31.0,2921,1000,2026-03-21 10:00:00,2026-03-21 10:00:00
70.0,270.0,0.0,Strong Wind,3.0,grand_total,0.0,,situation_20260322_1000_6b711417.pdf,0.0,True,,,0.0,0.0,0.0,70.0,,,,,,0.0,,2026-03-22,0.0,3086,1000,2026-03-22 10:00:00,2026-03-22 10:00:00
64901.0,220044.0,680.0,Other,,modern_11_column,950.0,43831.0,situation_20260322_1000_03689f3f.pdf,5902.0,True,,,,,154.0,115179.0,,,,,,2833.0,149927.0,2026-03-22,31.0,1908,1000,2026-03-22 10:00:00,2026-03-22 10:00:00
64901.0,220044.0,680.0,Other,,modern_18_column,950.0,43831.0,situation_20260323_1000_845f1a3b.pdf,5902.0,True,45076.0,153594.0,,,154.0,115179.0,669363.0,2362479.0,88864.0,308685.0,2151.0,2833.0,149927.0,2026-03-23,31.0,2890,1000,2026-03-23 10:00:00,2026-03-23 10:00:00
3.0,12.0,1.0,Strong Wind,0.0,grand_total,0.0,,situation_20260323_2200_39bf0edc.pdf,0.0,True,,,0.0,1.0,0.0,3.0,,,,,,0.0,,2026-03-23,0.0,2610,2200,2026-03-23 22:00:00,2026-03-23 22:00:00
64901.0,220044.0,680.0,Other,,modern_11_column,950.0,43831.0,situation_20260324_1000_132619e3.pdf,5902.0,True,,,,,154.0,115179.0,,,,,,2833.0,149927.0,2026-03-24,31.0,1899,1000,2026-03-24 10:00:00,2026-03-24 10:00:00
1.0,3.0,0.0,"Heavy Rain, Strong Wind",0.0,grand_total,0.0,,situation_20260325_1000_4183cdcb.pdf,0.0,True,,,0.0,0.0,0.0,1.0,,,,,,0.0,,2026-03-25,0.0,2377,1000,2026-03-25 10:00:00,2026-03-25 10:00:00
64901.0,220044.0,687.0,Other,,modern_11_column,925.0,43831.0,situation_20260325_1000_aea2c35d.pdf,5902.0,True,,,,,147.0,115179.0,,,,,,2757.0,149927.0,2026-03-25,30.0,1891,1000,2026-03-25 10:00:00,2026-03-25 10:00:00
0.0,0.0,0.0,Other,0.0,grand_total,0.0,,situation_20260326_1000_3588a594.pdf,0.0,True,,,0.0,0.0,0.0,0.0,,,,,,0.0,,2026-03-26,0.0,2325,1000,2026-03-26 10:00:00,2026-03-26 10:00:00
0.0,0.0,0.0,Other,0.0,grand_total,0.0,,situation_20260327_1000_2092eaec.pdf,0.0,True,,,0.0,0.0,0.0,0.0,,,,,,0.0,,2026-03-27,0.0,2316,1000,2026-03-27 10:00:00,2026-03-27 10:00:00
64901.0,220044.0,687.0,Other,,modern_11_column,869.0,43831.0,situation_20260329_1000_19c01d22.pdf,5866.0,True,,,,,147.0,109629.0,,,,,,2581.0,149927.0,2026-03-29,30.0,1908,1000,2026-03-29 10:00:00,2026-03-29 10:00:00
0.0,0.0,0.0,Other,0.0,grand_total,0.0,,situation_20260329_1000_5eb6e423.pdf,0.0,True,,,0.0,0.0,0.0,0.0,,,,,,0.0,,2026-03-29,0.0,2340,1000,2026-03-29 10:00:00,2026-03-29 10:00:00
64901.0,220044.0,687.0,Other,,modern_11_column,869.0,43831.0,situation_20260330_1000_669bfaa6.pdf,5866.0,True,,,,,147.0,109629.0,,,,,,2581.0,149927.0,2026-03-30,30.0,1881,1000,2026-03-30 10:00:00,2026-03-30 10:00:00
0.0,0.0,0.0,Other,0.0,grand_total,0.0,,situation_20260330_1000_385eb0a1.pdf,0.0,True,,,0.0,0.0,0.0,0.0,,,,,,0.0,,2026-03-30,0.0,2313,1000,2026-03-30 10:00:00,2026-03-30 10:00:00
64901.0,220044.0,687.0,Other,,modern_11_column,869.0,43831.0,situation_20260331_1000_79eb5c13.pdf,5866.0,True,,,,,147.0,109629.0,,,,,,2581.0,149927.0,2026-03-31,30.0,1881,1000,2026-03-31 10:00:00,2026-03-31 10:00:00
15.0,58.0,0.0,Strong Wind,0.0,grand_total,0.0,,situation_20260331_1000_974bb2e1.pdf,0.0,True,,,0.0,0.0,0.0,15.0,,,,,,0.0,,2026-03-31,0.0,2388,1000,2026-03-31 10:00:00,2026-03-31 10:00:00
0.0,0.0,0.0,Other,0.0,grand_total,0.0,,situation_20260401_1000_29307b05.pdf,0.0,True,,,0.0,0.0,0.0,0.0,,,,,,0.0,,2026-04-01,0.0,2330,1000,2026-04-01 10:00:00,2026-04-01 10:00:00
64901.0,220044.0,687.0,Other,,modern_11_column,818.0,43831.0,situation_20260401_1000_f1ab5966.pdf,5866.0,True,,,,,147.0,109629.0,,,,,,2435.0,149927.0,2026-04-01,29.0,1895,1000,2026-04-01 10:00:00,2026-04-01 10:00:00
0.0,0.0,0.0,Other,0.0,grand_total,0.0,,situation_20260402_1000_1cdb55f0.pdf,0.0,True,,,0.0,0.0,0.0,0.0,,,,,,0.0,,2026-04-02,0.0,2337,1000,2026-04-02 10:00:00,2026-04-02 10:00:00
64901.0,220044.0,687.0,Other,,modern_11_column,818.0,43831.0,situation_20260402_1000_864a02fa.pdf,5866.0,True,,,,,147.0,109629.0,,,,,,2435.0,149927.0,2026-04-02,29.0,1900,1000,2026-04-02 10:00:00,2026-04-02 10:00:00
1.0,5.0,0.0,"Heavy Rain, Strong Wind",0.0,grand_total,0.0,,situation_20260403_1000_c910d5f9.pdf,0.0,True,,,0.0,0.0,0.0,1.0,,,,,,0.0,,2026-04-03,0.0,2376,1000,2026-04-03 10:00:00,2026-04-03 10:00:00
13.0,41.0,0.0,"Heavy Rain, Strong Wind",0.0,grand_total,0.0,,situation_20260404_1000_eb0f9599.pdf,0.0,True,,,0.0,0.0,0.0,13.0,,,,,,0.0,,2026-04-04,0.0,2638,1000,2026-04-04 10:00:00,2026-04-04 10:00:00
13.0,41.0,0.0,"Heavy Rain, Strong Wind",0.0,grand_total,0.0,,situation_20260405_1000_f550e89b.pdf,0.0,True,,,0.0,0.0,0.0,13.0,,,,,,0.0,,2026-04-05,0.0,2633,1000,2026-04-05 10:00:00,2026-04-05 10:00:00
0.0,0.0,0.0,Other,0.0,grand_total,0.0,,situation_20260406_1000_46148868.pdf,0.0,True,,,0.0,0.0,0.0,0.0,,,,,,0.0,,2026-04-06,0.0,2317,1000,2026-04-06 10:00:00,2026-04-06 10:00:00
29.0,95.0,0.0,"Strong Wind, Lightning",0.0,grand_total,0.0,,situation_20260407_1000_a3f01f0e.pdf,0.0,True,,,0.0,0.0,0.0,32.0,,,,,,0.0,,2026-04-07,0.0,3373,1000,2026-04-07 10:00:00,2026-04-07 10:00:00
64901.0,220044.0,687.0,Other,,modern_11_column,818.0,43831.0,situation_20260407_1000_dda7ec2c.pdf,5866.0,True,,,,,147.0,109629.0,,,,,,2435.0,149927.0,2026-04-07,29.0,1882,1000,2026-04-07 10:00:00,2026-04-07 10:00:00
0.0,0.0,0.0,Other,0.0,grand_total,0.0,,situation_20260410_1000_fbefcca4.pdf,0.0,True,,,0.0,0.0,0.0,0.0,,,,,,0.0,,2026-04-10,0.0,2330,1000,2026-04-10 10:00:00,2026-04-10 10:00:00
0.0,0.0,0.0,Other,0.0,grand_total,0.0,,situation_20260412_1000_725a2bd4.pdf,0.0,True,,,0.0,0.0,0.0,0.0,,,,,,0.0,,2026-04-12,0.0,2332,1000,2026-04-12 10:00:00,2026-04-12 10:00:00
1.0,2.0,0.0,Other,0.0,grand_total,0.0,,situation_20260413_1000_6680d09d.pdf,0.0,True,,,0.0,0.0,0.0,1.0,,,,,,0.0,,2026-04-13,0.0,2372,1000,2026-04-13 10:00:00,2026-04-13 10:00:00
1.0,2.0,1.0,Other,0.0,grand_total,0.0,,situation_20260414_1000_88c3f706.pdf,0.0,True,,,0.0,0.0,0.0,1.0,,,,,,0.0,,2026-04-14,0.0,2389,1000,2026-04-14 10:00:00,2026-04-14 10:00:00
0.0,0.0,0.0,Other,0.0,grand_total,0.0,,situation_20260415_1000_482976ae.pdf,0.0,True,,,0.0,0.0,0.0,0.0,,,,,,0.0,,2026-04-15,0.0,2337,1000,2026-04-15 10:00:00,2026-04-15 10:00:00
64901.0,220044.0,687.0,Other,,modern_11_column,494.0,43831.0,situation_20260415_1800_e1596f02.pdf,5866.0,True,,,,,147.0,109629.0,,,,,,1404.0,149927.0,2026-04-15,20.0,1908,1800,2026-04-15 18:00:00,2026-04-15 18:00:00
64901.0,220044.0,687.0,Other,,modern_11_column,494.0,43831.0,situation_20260416_1000_50571a70.pdf,5866.0,True,,,,,147.0,109629.0,,,,,,1404.0,149927.0,2026-04-16,20.0,1893,1000,2026-04-16 10:00:00,2026-04-16 10:00:00
1.0,4.0,3.0,Other,0.0,grand_total,0.0,,situation_20260416_1000_ef454181.pdf,0.0,True,,,0.0,0.0,2.0,0.0,,,,,,0.0,,2026-04-16,0.0,2735,1000,2026-04-16 10:00:00,2026-04-16 10:00:00
1.0,4.0,10.0,Other,0.0,grand_total,0.0,,situation_20260417_1000_77f76f25.pdf,0.0,True,,,0.0,2.0,1.0,0.0,,,,,,0.0,,2026-04-17,0.0,2747,1000,2026-04-17 10:00:00,2026-04-17 10:00:00
145.0,571.0,9.0,"Strong Wind, Lightning",0.0,grand_total,0.0,,situation_20260418_1000_5de88b8a.pdf,4.0,True,,,0.0,4.0,0.0,141.0,,,,,,0.0,,2026-04-18,0.0,3024,1000,2026-04-18 10:00:00,2026-04-18 10:00:00
145.0,571.0,9.0,"Strong Wind, Lightning",0.0,grand_total,0.0,,situation_20260419_1000_b7011387.pdf,4.0,True,,,0.0,4.0,0.0,141.0,,,,,,0.0,,2026-04-19,0.0,3022,1000,2026-04-19 10:00:00,2026-04-19 10:00:00
0.0,0.0,0.0,Other,0.0,grand_total,0.0,,situation_20260420_1000_2f48f162.pdf,0.0,True,,,0.0,0.0,0.0,0.0,,,,,,0.0,,2026-04-20,0.0,2337,1000,2026-04-20 10:00:00,2026-04-20 10:00:00
0.0,0.0,0.0,Other,0.0,grand_total,0.0,,situation_20260421_1000_dcfbdfe2.pdf,0.0,True,,,0.0,0.0,0.0,0.0,,,,,,0.0,,2026-04-21,0.0,2335,1000,2026-04-21 10:00:00,2026-04-21 10:00:00
0.0,0.0,0.0,Lightning,0.0,grand_total,0.0,,situation_20260422_1000_7fafdca9.pdf,0.0,True,,,0.0,0.0,0.0,0.0,,,,,,0.0,,2026-04-22,0.0,2529,1000,2026-04-22 10:00:00,2026-04-22 10:00:00
146.0,678.0,1.0,"Flood, Heavy Rain",0.0,grand_total,0.0,,situation_20260423_1000_a8c6acf2.pdf,0.0,True,,,0.0,1.0,0.0,67.0,,,,,,0.0,,2026-04-23,0.0,3124,1000,2026-04-23 10:00:00,2026-04-23 10:00:00
147.0,682.0,1.0,"Flood, Heavy Rain, Strong Wind",0.0,grand_total,0.0,,situation_20260424_1000_69b97ad6.pdf,5.0,True,,,1.0,1.0,0.0,68.0,,,,,,0.0,,2026-04-24,0.0,3402,1000,2026-04-24 10:00:00,2026-04-24 10:00:00
0.0,0.0,1.0,Lightning,0.0,grand_total_ref_fallback,0.0,,situation_20260425_1000_e162da3b.pdf,0.0,True,,,0.0,3.0,0.0,0.0,,,,,,0.0,,2026-04-25,0.0,2400,1000,2026-04-25 10:00:00,2026-04-25 10:00:00
0.0,0.0,1.0,Lightning,0.0,grand_total_ref_fallback,0.0,,situation_20260426_1000_9bd42034.pdf,0.0,True,,,0.0,3.0,0.0,0.0,,,,,,0.0,,2026-04-26,0.0,2400,1000,2026-04-26 10:00:00,2026-04-26 10:00:00
0.0,0.0,0.0,Other,0.0,grand_total,0.0,,situation_20260427_1000_83734d53.pdf,0.0,True,,,0.0,0.0,0.0,0.0,,,,,,0.0,,2026-04-27,0.0,2322,1000,2026-04-27 10:00:00,2026-04-27 10:00:00
1.0,6.0,0.0,Strong Wind,0.0,grand_total,0.0,,situation_20260428_1000_13e7281f.pdf,0.0,True,,,0.0,0.0,0.0,1.0,,,,,,0.0,,2026-04-28,0.0,2364,1000,2026-04-28 10:00:00,2026-04-28 10:00:00
0.0,0.0,2.0,Lightning,0.0,grand_total,0.0,,situation_20260429_1000_2870b5a5.pdf,0.0,True,,,0.0,0.0,0.0,1.0,,,,,,0.0,,2026-04-29,0.0,2589,1000,2026-04-29 10:00:00,2026-04-29 10:00:00
3.0,9.0,1.0,Strong Wind,0.0,grand_total,0.0,,situation_20260430_1000_221e6737.pdf,0.0,True,,,0.0,0.0,0.0,2.0,,,,,,0.0,,2026-04-30,0.0,2645,1000,2026-04-30 10:00:00,2026-04-30 10:00:00
26.0,94.0,0.0,"Strong Wind, Lightning",0.0,grand_total,0.0,,situation_20260501_1000_c33871df.pdf,0.0,True,,,0.0,0.0,0.0,23.0,,,,,,0.0,,2026-05-01,0.0,2691,1000,2026-05-01 10:00:00,2026-05-01 10:00:00
21.0,73.0,0.0,"Heavy Rain, Strong Wind, Lightning",0.0,grand_total,0.0,,situation_20260502_1000_e1f75b1a.pdf,0.0,True,,,0.0,0.0,0.0,18.0,,,,,,0.0,,2026-05-02,0.0,2658,1000,2026-05-02 10:00:00,2026-05-02 10:00:00
1.0,2.0,1.0,Lightning,0.0,grand_total,0.0,,situation_20260503_1000_99f71816.pdf,0.0,True,,,0.0,1.0,0.0,0.0,,,,,,0.0,,2026-05-03,0.0,2364,1000,2026-05-03 10:00:00,2026-05-03 10:00:00
25.0,112.0,1.0,"Heavy Rain, Lightning",0.0,grand_total,0.0,,situation_20260504_1000_c0e045e1.pdf,4.0,True,,,0.0,1.0,0.0,13.0,,,,,,0.0,,2026-05-04,0.0,3245,1000,2026-05-04 10:00:00,2026-05-04 10:00:00
31.0,131.0,3.0,"Heavy Rain, Lightning",0.0,grand_total,0.0,,situation_20260505_1000_755d3978.pdf,4.0,True,,,0.0,1.0,0.0,22.0,,,,,,0.0,,2026-05-05,0.0,3563,1000,2026-05-05 10:00:00,2026-05-05 10:00:00
11.0,54.0,0.0,Strong Wind,0.0,grand_total,0.0,,situation_20260507_1000_d0d1276a.pdf,0.0,True,,,0.0,1.0,0.0,12.0,,,,,,0.0,,2026-05-07,0.0,3167,1000,2026-05-07 10:00:00,2026-05-07 10:00:00
3.0,12.0,0.0,Lightning,0.0,grand_total,0.0,,situation_20260509_1000_74e91f64.pdf,0.0,True,,,1.0,0.0,0.0,1.0,,,,,,0.0,,2026-05-09,0.0,2638,1000,2026-05-09 10:00:00,2026-05-09 10:00:00
37.0,149.0,0.0,"Landslide, Heavy Rain, Strong Wind, Lightning",1.0,grand_total,0.0,,situation_20260511_1000_50328cd4.pdf,1.0,True,,,1.0,0.0,0.0,10.0,,,,,,0.0,,2026-05-11,0.0,3214,1000,2026-05-11 10:00:00,2026-05-11 10:00:00
27.0,85.0,0.0,"Flood, Heavy Rain, Lightning",1.0,grand_total,7.0,,situation_20260512_1000_78a5f5ef.pdf,0.0,True,,,0.0,0.0,0.0,9.0,,,,,,17.0,,2026-05-12,1.0,2765,1000,2026-05-12 10:00:00,2026-05-12 10:00:00
62.0,203.0,1.0,"Flood, Heavy Rain, Strong Wind, Lightning",1.0,grand_total,7.0,,situation_20260513_1000_b7ae321a.pdf,0.0,True,,,0.0,0.0,0.0,39.0,,,,,,17.0,,2026-05-13,1.0,3642,1000,2026-05-13 10:00:00,2026-05-13 10:00:00
1113.0,3475.0,1.0,"Flood, Heavy Rain, Strong Wind, Lightning",1.0,grand_total,489.0,,situation_20260514_1000_43941880.pdf,0.0,True,,,0.0,0.0,0.0,88.0,,,,,,1310.0,,2026-05-14,8.0,5032,1000,2026-05-14 10:00:00,2026-05-14 10:00:00
1151.0,3623.0,2.0,"Flood, Landslide, Heavy Rain, Strong Wind, Lightning",2.0,grand_total,34.0,,situation_20260515_1000_b5370cef.pdf,1.0,True,,,0.0,2.0,0.0,112.0,,,,,,123.0,,2026-05-15,3.0,6321,1000,2026-05-15 10:00:00,2026-05-15 10:00:00
1338.0,4354.0,2.0,"Flood, Landslide, Heavy Rain, Strong Wind, Lightning",0.0,grand_total,82.0,,situation_20260516_1000_00db5e05.pdf,1.0,True,,,0.0,1.0,0.0,149.0,,,,,,250.0,,2026-05-16,3.0,6614,1000,2026-05-16 10:00:00,2026-05-16 10:00:00
1574.0,5242.0,2.0,"Flood, Landslide, Heavy Rain, Strong Wind, Lightning",0.0,grand_total,52.0,,situation_20260517_1000_7a00b5c2.pdf,1.0,True,,,0.0,1.0,0.0,192.0,,,,,,162.0,,2026-05-17,5.0,7418,1000,2026-05-17 10:00:00,2026-05-17 10:00:00
1585.0,5277.0,2.0,"Flood, Landslide, Heavy Rain, Strong Wind, Lightning",0.0,grand_total,42.0,,situation_20260518_1000_a091fb5e.pdf,1.0,True,,,0.0,1.0,0.0,204.0,,,,,,135.0,,2026-05-18,2.0,7481,1000,2026-05-18 10:00:00,2026-05-18 10:00:00
1602.0,5336.0,2.0,"Flood, Landslide, Heavy Rain, Strong Wind, Lightning",0.0,grand_total,0.0,,situation_20260519_1000_ab423649.pdf,1.0,True,,,0.0,1.0,0.0,221.0,,,,,,0.0,,2026-05-19,0.0,7582,1000,2026-05-19 10:00:00,2026-05-19 10:00:00
1613.0,5366.0,2.0,"Flood, Landslide, Heavy Rain, Strong Wind, Lightning",0.0,grand_total,0.0,,situation_20260520_1000_ceaeff47.pdf,6.0,True,,,0.0,1.0,0.0,230.0,,,,,,0.0,,2026-05-20,0.0,7759,1000,2026-05-20 10:00:00,2026-05-20 10:00:00
1614.0,5369.0,2.0,"Flood, Landslide, Heavy Rain, Strong Wind, Lightning",0.0,grand_total,0.0,,situation_20260521_1000_8ee96b08.pdf,6.0,True,,,1.0,1.0,0.0,231.0,,,,,,0.0,,2026-05-21,0.0,7811,1000,2026-05-21 10:00:00,2026-05-21 10:00:00
1651.0,5500.0,2.0,"Flood, Landslide, Heavy Rain, Strong Wind, Lightning",0.0,grand_total,0.0,,situation_20260522_1000_d803f279.pdf,6.0,True,,,1.0,1.0,0.0,234.0,,,,,,0.0,,2026-05-22,0.0,7891,1000,2026-05-22 10:00:00,2026-05-22 10:00:00
4662.0,17736.0,3.0,"Flood, Landslide, Heavy Rain, Strong Wind, Lightning",14.0,grand_total,85.0,,situation_20260523_1000_5dbcd2f0.pdf,8.0,True,,,1.0,1.0,0.0,357.0,,,,,,297.0,,2026-05-23,11.0,9273,1000,2026-05-23 10:00:00,2026-05-23 10:00:00
7983.0,31072.0,1.0,"Flood, Landslide, Heavy Rain, Strong Wind, Lightning",0.0,grand_total,446.0,,situation_20260524_1000_d5e5848b.pdf,2.0,True,,,0.0,1.0,0.0,859.0,,,,,,1724.0,,2026-05-24,18.0,6295,1000,2026-05-24 10:00:00,2026-05-24 10:00:00
7984.0,31078.0,1.0,"Flood, Landslide, Heavy Rain, Strong Wind, Lightning",0.0,grand_total,446.0,,situation_20260525_1000_efb0f9b4.pdf,2.0,True,,,0.0,1.0,0.0,860.0,,,,,,1724.0,,2026-05-25,18.0,6371,1000,2026-05-25 10:00:00,2026-05-25 10:00:00
7984.0,31078.0,1.0,"Flood, Landslide, Heavy Rain, Strong Wind, Lightning",0.0,grand_total,72.0,,situation_20260526_1000_c93d604b.pdf,2.0,True,,,0.0,1.0,0.0,872.0,,,,,,254.0,,2026-05-26,10.0,6312,1000,2026-05-26 10:00:00,2026-05-26 10:00:00
4855.0,18532.0,1.0,"Flood, Heavy Rain, Strong Wind, Lightning",0.0,grand_total,69.0,,situation_20260527_1000_74033c6f.pdf,3.0,True,,,0.0,1.0,0.0,927.0,,,,,,245.0,,2026-05-27,9.0,5387,1000,2026-05-27 10:00:00,2026-05-27 10:00:00
4855.0,18532.0,1.0,"Flood, Heavy Rain, Strong Wind, Lightning",0.0,grand_total,19.0,,situation_20260528_1000_295205da.pdf,3.0,True,,,0.0,1.0,0.0,927.0,,,,,,45.0,,2026-05-28,1.0,5326,1000,2026-05-28 10:00:00,2026-05-28 10:00:00
4871.0,18593.0,1.0,"Flood, Heavy Rain, Strong Wind, Lightning",0.0,grand_total,19.0,,situation_20260529_1000_44dad31e.pdf,3.0,True,,,0.0,1.0,0.0,943.0,,,,,,45.0,,2026-05-29,1.0,5464,1000,2026-05-29 10:00:00,2026-05-29 10:00:00
4271.0,16668.0,1.0,"Flood, Heavy Rain, Strong Wind, Lightning",0.0,grand_total,49.0,,situation_20260530_1000_560ffe5c.pdf,3.0,True,,,0.0,1.0,0.0,957.0,,,,,,116.0,,2026-05-30,2.0,5531,1000,2026-05-30 10:00:00,2026-05-30 10:00:00
4271.0,16668.0,1.0,"Flood, Heavy Rain, Strong Wind, Lightning",0.0,grand_total,49.0,,situation_20260531_1000_052fb160.pdf,3.0,True,,,0.0,1.0,0.0,957.0,,,,,,116.0,,2026-05-31,2.0,5592,1000,2026-05-31 10:00:00,2026-05-31 10:00:00
4272.0,16672.0,1.0,"Flood, Heavy Rain, Strong Wind, Lightning",0.0,grand_total,49.0,,situation_20260601_1000_00f064c4.pdf,3.0,True,,,0.0,2.0,0.0,958.0,,,,,,116.0,,2026-06-01,2.0,5570,1000,2026-06-01 10:00:00,2026-06-01 10:00:00
4272.0,16672.0,1.0,"Flood, Heavy Rain, Strong Wind, Lightning",0.0,grand_total,19.0,,situation_20260602_1000_b11e9e75.pdf,3.0,True,,,0.0,2.0,0.0,958.0,,,,,,45.0,,2026-06-02,1.0,5634,1000,2026-06-02 10:00:00,2026-06-02 10:00:00
4286.0,16724.0,1.0,"Flood, Landslide, Heavy Rain, Strong Wind, Lightning",0.0,grand_total,0.0,,situation_20260603_1000_a3b8436d.pdf,4.0,True,,,0.0,2.0,0.0,970.0,,,,,,0.0,,2026-06-03,0.0,5637,1000,2026-06-03 10:00:00,2026-06-03 10:00:00
4291.0,16804.0,12.0,"Flood, Landslide, Heavy Rain, Strong Wind, Lightning",0.0,grand_total,0.0,,situation_20260604_1000_dd506427.pdf,4.0,True,,,0.0,11.0,3.0,973.0,,,,,,0.0,,2026-06-04,0.0,5772,1000,2026-06-04 10:00:00,2026-06-04 10:00:00
4299.0,16832.0,14.0,"Flood, Landslide, Heavy Rain, Strong Wind, Lightning",1.0,grand_total,0.0,,situation_20260605_1000_2315e58c.pdf,4.0,True,,,0.0,7.0,0.0,980.0,,,,,,0.0,,2026-06-05,0.0,6097,1000,2026-06-05 10:00:00,2026-06-05 10:00:00
5.0,84.0,13.0,Strong Wind,0.0,grand_total,0.0,,situation_20260606_1000_04f78bf8.pdf,0.0,True,,,0.0,5.0,0.0,5.0,,,,,,0.0,,2026-06-06,0.0,2895,1000,2026-06-06 10:00:00,2026-06-06 10:00:00
5.0,84.0,13.0,Strong Wind,0.0,grand_total,0.0,,situation_20260607_1000_8d717fcc.pdf,0.0,True,,,0.0,5.0,0.0,5.0,,,,,,0.0,,2026-06-07,0.0,2895,1000,2026-06-07 10:00:00,2026-06-07 10:00:00
16.0,135.0,13.0,Strong Wind,0.0,grand_total,0.0,,situation_20260608_1000_219d5da9.pdf,0.0,True,,,0.0,5.0,0.0,16.0,,,,,,0.0,,2026-06-08,0.0,2768,1000,2026-06-08 10:00:00,2026-06-08 10:00:00
16.0,135.0,13.0,Strong Wind,0.0,grand_total,0.0,,situation_20260609_1000_2b64cacc.pdf,0.0,True,,,0.0,5.0,0.0,16.0,,,,,,0.0,,2026-06-09,0.0,2775,1000,2026-06-09 10:00:00,2026-06-09 10:00:00
16.0,138.0,16.0,Strong Wind,0.0,grand_total,0.0,,situation_20260610_1000_56865ea4.pdf,0.0,True,,,0.0,5.0,0.0,16.0,,,,,,0.0,,2026-06-10,0.0,2992,1000,2026-06-10 10:00:00,2026-06-10 10:00:00
47.0,246.0,19.0,Strong Wind,0.0,grand_total,0.0,,situation_20260611_1000_f1b4ba2d.pdf,0.0,True,,,1.0,5.0,1.0,45.0,,,,,,0.0,,2026-06-11,0.0,3688,1000,2026-06-11 10:00:00,2026-06-11 10:00:00
63.0,297.0,21.0,Strong Wind,0.0,grand_total,0.0,,situation_20260612_1000_b0287da2.pdf,0.0,True,,,1.0,5.0,0.0,59.0,,,,,,0.0,,2026-06-12,0.0,4801,1000,2026-06-12 10:00:00,2026-06-12 10:00:00
148.0,531.0,6.0,"Heavy Rain, Strong Wind",0.0,grand_total,0.0,,situation_20260613_1000_9750f029.pdf,0.0,True,,,2.0,5.0,0.0,140.0,,,,,,0.0,,2026-06-13,0.0,5836,1000,2026-06-13 10:00:00,2026-06-13 10:00:00
201.0,756.0,6.0,"Heavy Rain, Strong Wind",2.0,grand_total,0.0,,situation_20260614_1000_25551f8b.pdf,0.0,True,,,2.0,2.0,0.0,185.0,,,,,,0.0,,2026-06-14,0.0,6362,1000,2026-06-14 10:00:00,2026-06-14 10:00:00
201.0,756.0,6.0,"Heavy Rain, Strong Wind",2.0,grand_total,0.0,,situation_20260615_1000_41407ba9.pdf,0.0,True,,,2.0,5.0,0.0,185.0,,,,,,0.0,,2026-06-15,0.0,6355,1000,2026-06-15 10:00:00,2026-06-15 10:00:00
214.0,797.0,6.0,"Heavy Rain, Strong Wind",2.0,grand_total,0.0,,situation_20260616_1000_8b5cb4cd.pdf,0.0,True,,,2.0,5.0,0.0,199.0,,,,,,0.0,,2026-06-16,0.0,6444,1000,2026-06-16 10:00:00,2026-06-16 10:00:00
246.0,920.0,6.0,"Heavy Rain, Strong Wind",2.0,grand_total,0.0,,situation_20260617_1000_ea5c273d.pdf,0.0,True,,,2.0,5.0,0.0,231.0,,,,,,0.0,,2026-06-17,0.0,6574,1000,2026-06-17 10:00:00,2026-06-17 10:00:00
246.0,920.0,6.0,"Heavy Rain, Strong Wind",2.0,grand_total,0.0,,situation_20260618_1000_5395ba15.pdf,0.0,True,,,2.0,5.0,0.0,231.0,,,,,,0.0,,2026-06-18,0.0,6567,1000,2026-06-18 10:00:00,2026-06-18 10:00:00
108.0,398.0,0.0,"Heavy Rain, Strong Wind",0.0,grand_total,0.0,,situation_20260619_1000_9c43158b.pdf,0.0,True,,,0.0,0.0,0.0,106.0,,,,,,0.0,,2026-06-19,0.0,3169,1000,2026-06-19 10:00:00,2026-06-19 10:00:00
18.0,61.0,0.0,"Heavy Rain, Strong Wind",0.0,grand_total,0.0,,situation_20260620_1000_2d01495a.pdf,0.0,True,,,0.0,0.0,0.0,18.0,,,,,,0.0,,2026-06-20,0.0,3006,1000,2026-06-20 10:00:00,2026-06-20 10:00:00
18.0,61.0,0.0,"Heavy Rain, Strong Wind",0.0,grand_total,0.0,,situation_20260621_1000_0a379643.pdf,0.0,True,,,0.0,0.0,0.0,18.0,,,,,,0.0,,2026-06-21,0.0,2997,1000,2026-06-21 10:00:00,2026-06-21 10:00:00
18.0,61.0,0.0,"Heavy Rain, Strong Wind",0.0,grand_total,0.0,,situation_20260622_1000_dcc8b40f.pdf,0.0,True,,,0.0,0.0,0.0,18.0,,,,,,0.0,,2026-06-22,0.0,3006,1000,2026-06-22 10:00:00,2026-06-22 10:00:00
0.0,0.0,0.0,Other,0.0,grand_total,0.0,,situation_20260623_1000_adbed3cd.pdf,0.0,True,,,0.0,0.0,0.0,0.0,,,,,,0.0,,2026-06-23,0.0,2329,1000,2026-06-23 10:00:00,2026-06-23 10:00:00
0.0,0.0,0.0,Other,0.0,grand_total,0.0,,situation_20260624_1000_ba8d78a8.pdf,0.0,True,,,0.0,0.0,0.0,0.0,,,,,,0.0,,2026-06-24,0.0,2345,1000,2026-06-24 10:00:00,2026-06-24 10:00:00
51.0,209.0,0.0,Strong Wind,0.0,grand_total,0.0,,situation_20260626_1000_94cb7bdc.pdf,1.0,True,,,0.0,0.0,0.0,49.0,,,,,,0.0,,2026-06-26,0.0,2853,1000,2026-06-26 10:00:00,2026-06-26 10:00:00
0.0,0.0,0.0,Other,0.0,grand_total,0.0,,situation_20260629_1000_0d87883e.pdf,0.0,True,,,0.0,0.0,0.0,0.0,,,,,,0.0,,2026-06-29,0.0,2347,1000,2026-06-29 10:00:00,2026-06-29 10:00:00
12.0,50.0,0.0,Strong Wind,0.0,grand_total,0.0,,situation_20260630_1000_d76aeac2.pdf,0.0,True,,,1.0,0.0,0.0,12.0,,,,,,0.0,,2026-06-30,0.0,2974,1000,2026-06-30 10:00:00,2026-06-30 10:00:00
0.0,0.0,0.0,Other,0.0,grand_total,0.0,,situation_20260701_1000_70b01d8d.pdf,0.0,True,,,0.0,0.0,0.0,0.0,,,,,,0.0,,2026-07-01,0.0,2332,1000,2026-07-01 10:00:00,2026-07-01 10:00:00
5.0,17.0,0.0,Strong Wind,0.0,grand_total,0.0,,situation_20260702_1000_2da4ff34.pdf,0.0,True,,,0.0,0.0,0.0,5.0,,,,,,0.0,,2026-07-02,0.0,2441,1000,2026-07-02 10:00:00,2026-07-02 10:00:00
3.0,9.0,0.0,Strong Wind,0.0,grand_total,0.0,,situation_20260705_1000_d1169454.pdf,0.0,True,,,0.0,0.0,0.0,3.0,,,,,,0.0,,2026-07-05,0.0,2632,1000,2026-07-05 10:00:00,2026-07-05 10:00:00
0.0,0.0,0.0,Other,0.0,grand_total,0.0,,situation_20260706_1000_e19e22fd.pdf,0.0,True,,,0.0,0.0,0.0,0.0,,,,,,0.0,,2026-07-06,0.0,2357,1000,2026-07-06 10:00:00,2026-07-06 10:00:00
4.0,11.0,0.0,Strong Wind,0.0,grand_total,0.0,,situation_20260707_1000_c974087a.pdf,0.0,True,,,0.0,0.0,0.0,4.0,,,,,,0.0,,2026-07-07,0.0,2402,1000,2026-07-07 10:00:00,2026-07-07 10:00:00
0.0,0.0,0.0,Other,0.0,grand_total,0.0,,situation_20260708_1000_fb40c3fc.pdf,0.0,True,,,0.0,0.0,0.0,0.0,,,,,,0.0,,2026-07-08,0.0,2364,1000,2026-07-08 10:00:00,2026-07-08 10:00:00
0.0,0.0,0.0,Other,0.0,grand_total,0.0,,situation_20260710_1000_1b48e1b7.pdf,0.0,True,,,0.0,0.0,0.0,0.0,,,,,,0.0,,2026-07-10,0.0,2370,1000,2026-07-10 10:00:00,2026-07-10 10:00:00
26.0,103.0,0.0,Strong Wind,0.0,grand_total,0.0,,situation_20260711_1000_01a60d23.pdf,0.0,True,,,0.0,0.0,0.0,26.0,,,,,,0.0,,2026-07-11,0.0,2773,1000,2026-07-11 10:00:00,2026-07-11 10:00:00
0.0,0.0,0.0,Other,0.0,grand_total,0.0,,situation_20260712_1000_19a4fb76.pdf,0.0,True,,,0.0,0.0,0.0,0.0,,,,,,0.0,,2026-07-12,0.0,2373,1000,2026-07-12 10:00:00,2026-07-12 10:00:00
0.0,0.0,0.0,Other,0.0,grand_total,0.0,,situation_20260717_1000_3340617f.pdf,0.0,True,,,0.0,0.0,0.0,0.0,,,,,,0.0,,2026-07-17,0.0,2375,1000,2026-07-17 10:00:00,2026-07-17 10:00:00
0.0,0.0,0.0,Other,0.0,grand_total,0.0,,situation_20260719_1000_ec88f731.pdf,0.0,True,,,0.0,0.0,0.0,0.0,,,,,,0.0,,2026-07-19,0.0,2367,1000,2026-07-19 10:00:00,2026-07-19 10:00:00
0.0,0.0,5.0,Other,1.0,grand_total,0.0,,situation_20260722_1000_d19ab977.pdf,0.0,True,,,0.0,1.0,0.0,0.0,,,,,,0.0,,2026-07-22,0.0,2471,1000,2026-07-22 10:00:00,2026-07-22 10:00:00
,,,Other,,manual_review_unsupported_layout,,,situation_20260723_1000_677402eb.pdf,,False,,,,,,,,,,,,,,2026-07-23,,2380,1000,2026-07-23 10:00:00,2026-07-23 10:00:00
0.0,0.0,0.0,Other,0.0,grand_total,0.0,,situation_20260724_1000_00487a56.pdf,0.0,True,,,0.0,0.0,0.0,0.0,,,,,,0.0,,2026-07-24,0.0,2360,1000,2026-07-24 10:00:00,2026-07-24 10:00:00
1.0,6.0,0.0,Other,0.0,grand_total,0.0,,situation_20260726_1000_120a596d.pdf,0.0,True,,,0.0,0.0,0.0,1.0,,,,,,0.0,,2026-07-26,0.0,2377,1000,2026-07-26 10:00:00,2026-07-26 10:00:00
0.0,0.0,0.0,Other,0.0,grand_total,0.0,,situation_20260728_1000_20f39b22.pdf,0.0,True,,,0.0,0.0,0.0,0.0,,,,,,0.0,,2026-07-28,0.0,2348,1000,2026-07-28 10:00:00,2026-07-28 10:00:00
0.0,0.0,0.0,Other,0.0,grand_total,0.0,,situation_20260729_1000_cc1cc71e.pdf,0.0,True,,,0.0,0.0,0.0,0.0,,,,,,0.0,,2026-07-29,0.0,2363,1000,2026-07-29 10:00:00,2026-07-29 10:00:00
3923.0,15412.0,8.0,"Flood, Landslide, Heavy Rain, Strong Wind",1.0,grand_total,957.0,,situation_20260805_1300_b9eed5ac.pdf,1.0,True,,,1.0,3.0,0.0,537.0,,,,,,3566.0,,2026-08-05,52.0,4688,1300,2026-08-05 13:00:00,2026-08-05 13:00:00
4151.0,16345.0,8.0,"Flood, Landslide, Heavy Rain, Strong Wind",1.0,grand_total,682.0,,situation_20260806_1000_1b7d933e.pdf,1.0,True,,,1.0,3.0,0.0,581.0,,,,,,2504.0,,2026-08-06,43.0,4965,1000,2026-08-06 10:00:00,2026-08-06 10:00:00
4244.0,16693.0,8.0,"Flood, Landslide, Heavy Rain, Strong Wind",1.0,grand_total,379.0,,situation_20260807_1000_e149946b.pdf,1.0,True,,,2.0,3.0,0.0,599.0,,,,,,1375.0,,2026-08-07,34.0,5673,1000,2026-08-07 10:00:00,2026-08-07 10:00:00
4187.0,16465.0,9.0,"Flood, Landslide, Heavy Rain, Strong Wind",1.0,grand_total,130.0,,situation_20260811_1000_230956b9.pdf,2.0,True,,,2.0,7.0,0.0,691.0,,,,,,495.0,,2026-08-11,19.0,5647,1000,2026-08-11 10:00:00,2026-08-11 10:00:00
4203.0,16520.0,9.0,"Flood, Landslide, Heavy Rain, Strong Wind",1.0,grand_total,73.0,,situation_20260813_1000_e719370a.pdf,2.0,True,,,2.0,7.0,0.0,707.0,,,,,,263.0,,2026-08-13,12.0,5649,1000,2026-08-13 10:00:00,2026-08-13 10:00:00
4209.0,16536.0,9.0,"Flood, Landslide, Heavy Rain, Strong Wind",1.0,grand_total,52.0,,situation_20260814_1000_9d8d25f7.pdf,2.0,True,,,2.0,7.0,0.0,713.0,,,,,,188.0,,2026-08-14,9.0,5619,1000,2026-08-14 10:00:00,2026-08-14 10:00:00
4214.0,16555.0,9.0,"Flood, Landslide, Heavy Rain, Strong Wind",0.0,grand_total,16.0,,situation_20260817_1030_4be4418b.pdf,2.0,True,,,0.0,9.0,0.0,718.0,,,,,,47.0,,2026-08-17,2.0,5609,1030,2026-08-17 10:30:00,2026-08-17 10:30:00
4222.0,16583.0,9.0,"Flood, Landslide, Heavy Rain, Strong Wind",7.0,grand_total,16.0,,situation_20260819_1000_ef8f16bc.pdf,2.0,True,,,0.0,9.0,0.0,723.0,,,,,,47.0,,2026-08-19,2.0,5628,1000,2026-08-19 10:00:00,2026-08-19 10:00:00
4232.0,16614.0,9.0,"Flood, Landslide, Heavy Rain, Strong Wind",7.0,grand_total,8.0,,situation_20260823_1000_bb5af228.pdf,2.0,True,,,0.0,9.0,0.0,733.0,,,,,,25.0,,2026-08-23,1.0,5897,1000,2026-08-23 10:00:00,2026-08-23 10:00:00
4248.0,16672.0,10.0,"Flood, Landslide, Heavy Rain, Strong Wind",1.0,grand_total,8.0,,situation_20260826_1000_138495a0.pdf,2.0,True,,,2.0,9.0,0.0,747.0,,,,,,25.0,,2026-08-26,1.0,5920,1000,2026-08-26 10:00:00,2026-08-26 10:00:00
4248.0,16672.0,10.0,"Flood, Landslide, Heavy Rain, Strong Wind",1.0,grand_total,8.0,,situation_20260829_1000_60b07021.pdf,2.0,True,,,2.0,9.0,0.0,747.0,,,,,,25.0,,2026-08-29,1.0,5906,1000,2026-08-29 10:00:00,2026-08-29 10:00:00
4248.0,16672.0,10.0,"Flood, Landslide, Heavy Rain, Strong Wind",1.0,grand_total,8.0,,situation_20260830_1000_29b93f3c.pdf,2.0,True,,,2.0,9.0,0.0,747.0,,,,,,25.0,,2026-08-30,1.0,5917,1000,2026-08-30 10:00:00,2026-08-30 10:00:00
4248.0,16672.0,10.0,"Flood, Landslide, Heavy Rain, Strong Wind",1.0,grand_total,8.0,,situation_20260831_1000_a5669f76.pdf,2.0,True,,,2.0,9.0,0.0,747.0,,,,,,25.0,,2026-08-31,1.0,5907,1000,2026-08-31 10:00:00,2026-08-31 10:00:00
4283.0,16799.0,10.0,"Flood, Landslide, Heavy Rain, Strong Wind",1.0,grand_total,8.0,,situation_20260902_1000_454132aa.pdf,4.0,True,,,2.0,9.0,0.0,776.0,,,,,,25.0,,2026-09-02,1.0,6023,1000,2026-09-02 10:00:00,2026-09-02 10:00:00
4286.0,16806.0,10.0,"Flood, Landslide, Heavy Rain, Strong Wind",1.0,grand_total,8.0,,situation_20260903_1000_6e9d248b.pdf,4.0,True,,,2.0,9.0,0.0,779.0,,,,,,25.0,,2026-09-03,1.0,6147,1000,2026-09-03 10:00:00,2026-09-03 10:00:00
4288.0,16812.0,10.0,"Flood, Landslide, Heavy Rain, Strong Wind",1.0,grand_total,8.0,,situation_20260904_1000_35678d4b.pdf,4.0,True,,,2.0,9.0,0.0,781.0,,,,,,25.0,,2026-09-04,1.0,6154,1000,2026-09-04 10:00:00,2026-09-04 10:00:00
4290.0,16822.0,10.0,"Flood, Landslide, Heavy Rain, Strong Wind",1.0,grand_total,8.0,,situation_20260908_1000_35e69a11.pdf,4.0,True,,,2.0,9.0,0.0,783.0,,,,,,25.0,,2026-09-08,1.0,6153,1000,2026-09-08 10:00:00,2026-09-08 10:00:00
4309.0,16881.0,10.0,"Flood, Landslide, Heavy Rain, Strong Wind",1.0,grand_total,8.0,,situation_20260909_1000_c3c4c0e4.pdf,4.0,True,,,2.0,9.0,0.0,796.0,,,,,,25.0,,2026-09-09,1.0,6156,1000,2026-09-09 10:00:00,2026-09-09 10:00:00
4360.0,17054.0,10.0,"Flood, Landslide, Heavy Rain, Strong Wind",1.0,grand_total,8.0,,situation_20260913_1000_d9bddfe1.pdf,4.0,True,,,2.0,9.0,0.0,847.0,,,,,,25.0,,2026-09-13,1.0,6295,1000,2026-09-13 10:00:00,2026-09-13 10:00:00
138.0,480.0,0.0,"Flood, Landslide, Heavy Rain, Strong Wind",0.0,grand_total,0.0,,situation_20260915_1000_25716123.pdf,0.0,True,,,0.0,0.0,0.0,94.0,,,,,,0.0,,2026-09-15,0.0,4142,1000,2026-09-15 10:00:00,2026-09-15 10:00:00
935.0,3842.0,1.0,"Flood, Landslide, Heavy Rain, Strong Wind",0.0,grand_total,0.0,,situation_20260916_1000_33945c68.pdf,0.0,True,,,1.0,2.0,0.0,111.0,,,,,,0.0,,2026-09-16,0.0,5101,1000,2026-09-16 10:00:00,2026-09-16 10:00:00
51959.0,168906.0,0.0,Other,0.0,grand_total,0.0,,situation_20260917_1000_783c9df0.pdf,0.0,True,,,0.0,0.0,0.0,0.0,,,,,,0.0,,2026-09-17,0.0,5691,1000,2026-09-17 10:00:00,2026-09-17 10:00:00
1190.0,5157.0,1.0,"Flood, Landslide, Heavy Rain, Strong Wind",0.0,grand_total,0.0,,situation_20260917_1000_bb7a0dae.pdf,2.0,True,,,1.0,2.0,0.0,152.0,,,,,,0.0,,2026-09-17,0.0,5549,1000,2026-09-17 10:00:00,2026-09-17 10:00:00
1214.0,5245.0,1.0,"Flood, Landslide, Heavy Rain, Strong Wind",1.0,grand_total,0.0,,situation_20260918_1000_8a8f3ac1.pdf,2.0,True,,,0.0,2.0,0.0,175.0,,,,,,0.0,,2026-09-18,0.0,5963,1000,2026-09-18 10:00:00,2026-09-18 10:00:00
1138.0,5074.0,1.0,"Flood, Landslide, Heavy Rain, Strong Wind",2.0,grand_total,0.0,,situation_20260919_1000_7d44a8c8.pdf,3.0,True,,,0.0,2.0,0.0,183.0,,,,,,0.0,,2026-09-19,0.0,5956,1000,2026-09-19 10:00:00,2026-09-19 10:00:00
472.0,1658.0,1.0,"Flood, Landslide, Heavy Rain, Strong Wind, Lightning",0.0,grand_total,26.0,,situation_20260922_1000_1b04f5ac.pdf,1.0,True,,,0.0,0.0,0.0,102.0,,,,,,94.0,,2026-09-22,3.0,5241,1000,2026-09-22 10:00:00,2026-09-22 10:00:00
648.0,2402.0,2.0,"Flood, Landslide, Heavy Rain, Strong Wind, Lightning",1.0,grand_total,24.0,,situation_20260924_1000_89832edc.pdf,2.0,True,,,1.0,2.0,1.0,246.0,,,,,,97.0,,2026-09-24,4.0,5840,1000,2026-09-24 10:00:00,2026-09-24 10:00:00
