file_name,disaster_type,impact_term_nearby,numbers_in_context,context
situation_20230320_0600_8003601d.pdf,Landslide,True,52,"uNjr nra.gp DS Division පවුේ ස්ත්‍ංඛ්‍යාව FLk;gq;fs; Families පුද්ගලයින් egHfs; People පූර්ණ හානි KOik Fully අර්ධ හානි gFjpasT Partially කුඩා හා මධය පරිමාණ වයාපාරික ස්ත්‍රථාන சிறிய, நடுத்தர, நிறுவனங்களின் சேதங்கள்; Small, Medium, Enterprises Damages ඉතා වැදගත් යටිතල පහසුකම් වලට වූ හානි mbg;gilf; fl;likg;Gf;fs; Damages to critical Infrastructure ආරක්ිත ස්ත්‍රථාන ස්ත්‍ංඛ්‍යාව vz;zpf;i f No. of Safety Locations පවුේ ස්ත්‍ංඛ්‍යාව FLk;gq;f s; Families පුද්ගලයින් egHfs; Persons ඌව Cth khfhzk; Uva බදුල්ල gJs;is Badulla Haldummulla Landslide 2023.03.19 62 220 Nill 5 Nill 3 20 Nill Nill 1 62 220 safety center at Punagala primary school no 03 62 220 0 5 0 3 20 0 0 1 62 220 62 220 0 5 0 3 20 0 0 1 62 220 62 220 0 5 0 3 20 0 0 1 62 220 ආපදා කළමනාකරණ මධ්‍යස්ථානය /mdHj;j Kfhikj;Jt epiyak;/ Disaster Management Centre හදිසි ඇමතුම් / njhiyNgrp / Hot Lines: 117, 0112670002, 0112136136 ෆැක්ස්/ njhiy efy; / Fax: 0112670079 විදුත් තැපැල් / kpd;dQ;ry; / Email: eocdmc@gmail.com වවබ් අඩවිය / ,izak; / Web: www.dmc.gov.lk ………………………………………………………. For Director General ලවනත් හානි ப"
situation_20230320_1800_b8a08ef2.pdf,Flood,True,125,"්ත්‍ංඛ්‍යාව FLk;gq;fs; Families පුද්ගලයින් egHfs; People පූර්ණ හානි KOik Fully අර්ධ හානි gFjpasT Partially කුඩා හා මධය පරිමාණ වයාපාරික ස්ත්‍රථාන சிறிய, நடுத்தர, நிறுவனங்களின் சேதங்கள்; Small, Medium, Enterprises Damages ඉතා වැදගත් යටිතල පහසුකම් වලට වූ හානි mbg;gilf; fl;likg;Gf;fs; Damages to critical Infrastructure ආරක්ිත ස්ත්‍රථාන ස්ත්‍ංඛ්‍යාව vz;zpf;i f No. of Safety Locations පවුේ ස්ත්‍ංඛ්‍යාව FLk;gq;f s; Families පුද්ගලයින් egHfs; Persons Haldummulla Landslide 2023.03.19 70 240 6 3 37 1 70 240 safety center at Mahakanda Tea Factory Bandarawela Flash Flood 2023.03.18 34 131 9 Lunugala Cutting Failure 2023.03.16 1 4 1 Ella Heavy Rain 2023.03.15 1 4 1 Ridimaliyadda Heavy Rain 2023.03.14 1 3 1 107 382 0 6 0 3 49 0 0 1 70 240 107 382 0 6 0 3 49 0 0 1 70 240 Balangoda High Wind 2023.03.17 1 3 1 Rathnapura High Wind/Lightning 2023.03.19 4 10 4 Kuruvita High Wind 2023.03.19 2 5 2 Pelmadulla Cutting Failure 2023.03.20 3 10 3 10 28 0 0 0 0 10 0 0 0 0 0 Rambukkana Tree Fallen 2023.03.18 10 30 7 Bulathkohupitiya Lightning 2023.03.19 1 4 1 3 Yatiyanthota Wind 2023.03.18 1 4 1 Mawanella Tree Fallen 2023.03.18/19 11 51 11 Dehiovita Tree Fallen 2023.03.18 10"
situation_20230320_1800_b8a08ef2.pdf,Landslide,True,108,"දිස්ත්‍රික්කය மாவட்டம் District ප්‍රා.ලේ. ලකා gpuNjr nra.gp DS Division පවුේ ස්ත්‍ංඛ්‍යාව FLk;gq;fs; Families පුද්ගලයින් egHfs; People පූර්ණ හානි KOik Fully අර්ධ හානි gFjpasT Partially කුඩා හා මධය පරිමාණ වයාපාරික ස්ත්‍රථාන சிறிய, நடுத்தர, நிறுவனங்களின் சேதங்கள்; Small, Medium, Enterprises Damages ඉතා වැදගත් යටිතල පහසුකම් වලට වූ හානි mbg;gilf; fl;likg;Gf;fs; Damages to critical Infrastructure ආරක්ිත ස්ත්‍රථාන ස්ත්‍ංඛ්‍යාව vz;zpf;i f No. of Safety Locations පවුේ ස්ත්‍ංඛ්‍යාව FLk;gq;f s; Families පුද්ගලයින් egHfs; Persons Haldummulla Landslide 2023.03.19 70 240 6 3 37 1 70 240 safety center at Mahakanda Tea Factory Bandarawela Flash Flood 2023.03.18 34 131 9 Lunugala Cutting Failure 2023.03.16 1 4 1 Ella Heavy Rain 2023.03.15 1 4 1 Ridimaliyadda Heavy Rain 2023.03.14 1 3 1 107 382 0 6 0 3 49 0 0 1 70 240 107 382 0 6 0 3 49 0 0 1 70 240 Balangoda High Wind 2023.03.17 1 3 1 Rathnapura High Wind/Lightning 2023.03.19 4 10 4 Kuruvita High Wind 2023.03.19 2 5 2 Pelmadulla Cutting Failure 2023.03.20 3 10 3 10 28 0 0 0 0 10 0 0 0 0 0 Rambukkana Tree Fallen 2023.03.18 10 30 7 Bulathkohupitiya Lightning 2023.03.19 1 4 1 3 Yatiyanthota Wind"
situation_20230321_0600_6db3ffbf.pdf,Flood,True,125,"්ත්‍ංඛ්‍යාව FLk;gq;fs; Families පුද්ගලයින් egHfs; People පූර්ණ හානි KOik Fully අර්ධ හානි gFjpasT Partially කුඩා හා මධය පරිමාණ වයාපාරික ස්ත්‍රථාන சிறிய, நடுத்தர, நிறுவனங்களின் சேதங்கள்; Small, Medium, Enterprises Damages ඉතා වැදගත් යටිතල පහසුකම් වලට වූ හානි mbg;gilf; fl;likg;Gf;fs; Damages to critical Infrastructure ආරක්ිත ස්ත්‍රථාන ස්ත්‍ංඛ්‍යාව vz;zpf;i f No. of Safety Locations පවුේ ස්ත්‍ංඛ්‍යාව FLk;gq;f s; Families පුද්ගලයින් egHfs; Persons Haldummulla Landslide 2023.03.19 70 240 6 3 37 1 70 240 safety center at Mahakanda Tea Factory Bandarawela Flash Flood 2023.03.18 34 131 9 Lunugala Cutting Failure 2023.03.16 1 4 1 Ella Heavy Rain 2023.03.15 1 4 1 Ridimaliyadda Heavy Rain 2023.03.14 1 3 1 107 382 0 6 0 3 49 0 0 1 70 240 107 382 0 6 0 3 49 0 0 1 70 240 Balangoda High Wind 2023.03.17 1 3 1 Rathnapura High Wind/Lightning 2023.03.19 4 10 4 Kuruvita High Wind 2023.03.19 2 5 2 Pelmadulla Cutting Failure 2023.03.20 3 10 3 10 28 0 0 0 0 10 0 0 0 0 0 Rambukkana Tree Fallen 2023.03.18 10 30 7 Bulathkohupitiya Lightning 2023.03.19 1 4 1 3 Yatiyanthota Wind 2023.03.18 1 4 1 Mawanella Tree Fallen 2023.03.18/19 11 51 11 Dehiovita Tree Fallen 2023.03.18 10"
situation_20230321_0600_6db3ffbf.pdf,Landslide,True,108,"දිස්ත්‍රික්කය மாவட்டம் District ප්‍රා.ලේ. ලකා gpuNjr nra.gp DS Division පවුේ ස්ත්‍ංඛ්‍යාව FLk;gq;fs; Families පුද්ගලයින් egHfs; People පූර්ණ හානි KOik Fully අර්ධ හානි gFjpasT Partially කුඩා හා මධය පරිමාණ වයාපාරික ස්ත්‍රථාන சிறிய, நடுத்தர, நிறுவனங்களின் சேதங்கள்; Small, Medium, Enterprises Damages ඉතා වැදගත් යටිතල පහසුකම් වලට වූ හානි mbg;gilf; fl;likg;Gf;fs; Damages to critical Infrastructure ආරක්ිත ස්ත්‍රථාන ස්ත්‍ංඛ්‍යාව vz;zpf;i f No. of Safety Locations පවුේ ස්ත්‍ංඛ්‍යාව FLk;gq;f s; Families පුද්ගලයින් egHfs; Persons Haldummulla Landslide 2023.03.19 70 240 6 3 37 1 70 240 safety center at Mahakanda Tea Factory Bandarawela Flash Flood 2023.03.18 34 131 9 Lunugala Cutting Failure 2023.03.16 1 4 1 Ella Heavy Rain 2023.03.15 1 4 1 Ridimaliyadda Heavy Rain 2023.03.14 1 3 1 107 382 0 6 0 3 49 0 0 1 70 240 107 382 0 6 0 3 49 0 0 1 70 240 Balangoda High Wind 2023.03.17 1 3 1 Rathnapura High Wind/Lightning 2023.03.19 4 10 4 Kuruvita High Wind 2023.03.19 2 5 2 Pelmadulla Cutting Failure 2023.03.20 3 10 3 10 28 0 0 0 0 10 0 0 0 0 0 Rambukkana Tree Fallen 2023.03.18 10 30 7 Bulathkohupitiya Lightning 2023.03.19 1 4 1 3 Yatiyanthota Wind"
situation_20230321_1800_1847176f.pdf,Flood,True,126,"්ත්‍ංඛ්‍යාව FLk;gq;fs; Families පුද්ගලයින් egHfs; People පූර්ණ හානි KOik Fully අර්ධ හානි gFjpasT Partially කුඩා හා මධය පරිමාණ වයාපාරික ස්ත්‍රථාන சிறிய, நடுத்தர, நிறுவனங்களின் சேதங்கள்; Small, Medium, Enterprises Damages ඉතා වැදගත් යටිතල පහසුකම් වලට වූ හානි mbg;gilf; fl;likg;Gf;fs; Damages to critical Infrastructure ආරක්ිත ස්ත්‍රථාන ස්ත්‍ංඛ්‍යාව vz;zpf;i f No. of Safety Locations පවුේ ස්ත්‍ංඛ්‍යාව FLk;gq;f s; Families පුද්ගලයින් egHfs; Persons Haldummulla Landslide 2023.03.19 70 240 6 3 37 1 70 240 safety center at Mahakanda Tea Factory Bandarawela Flash Flood 2023.03.18 34 131 9 Lunugala Cutting Failure 2023.03.16 1 4 1 Ella Heavy Rain 2023.03.15 1 4 1 Ridimaliyadda Heavy Rain 2023.03.14 1 3 1 107 382 0 6 0 3 49 0 0 1 70 240 107 382 0 6 0 3 49 0 0 1 70 240 Balangoda High Wind 2023.03.17 1 3 1 Rathnapura High Wind/Lightning 2023.03.19 4 10 4 Kuruvita High Wind 2023.03.19 2 5 2 Kahawatta High Wind 2023.03.20 2 10 2 Pelmadulla Cutting Failure 2023.03.20 3 10 3 12 38 0 0 0 0 12 0 0 0 0 0 Rambukkana Tree Fallen 2023.03.18 10 30 7 Bulathkohupitiya Lightning 2023.03.19 1 4 1 Yatiyanthota Wind 2023.03.18 1 4 1 Mawanella Tree Fallen 2023.03.18/19 11 51 11"
situation_20230321_1800_1847176f.pdf,Landslide,True,107,"දිස්ත්‍රික්කය மாவட்டம் District ප්‍රා.ලේ. ලකා gpuNjr nra.gp DS Division පවුේ ස්ත්‍ංඛ්‍යාව FLk;gq;fs; Families පුද්ගලයින් egHfs; People පූර්ණ හානි KOik Fully අර්ධ හානි gFjpasT Partially කුඩා හා මධය පරිමාණ වයාපාරික ස්ත්‍රථාන சிறிய, நடுத்தர, நிறுவனங்களின் சேதங்கள்; Small, Medium, Enterprises Damages ඉතා වැදගත් යටිතල පහසුකම් වලට වූ හානි mbg;gilf; fl;likg;Gf;fs; Damages to critical Infrastructure ආරක්ිත ස්ත්‍රථාන ස්ත්‍ංඛ්‍යාව vz;zpf;i f No. of Safety Locations පවුේ ස්ත්‍ංඛ්‍යාව FLk;gq;f s; Families පුද්ගලයින් egHfs; Persons Haldummulla Landslide 2023.03.19 70 240 6 3 37 1 70 240 safety center at Mahakanda Tea Factory Bandarawela Flash Flood 2023.03.18 34 131 9 Lunugala Cutting Failure 2023.03.16 1 4 1 Ella Heavy Rain 2023.03.15 1 4 1 Ridimaliyadda Heavy Rain 2023.03.14 1 3 1 107 382 0 6 0 3 49 0 0 1 70 240 107 382 0 6 0 3 49 0 0 1 70 240 Balangoda High Wind 2023.03.17 1 3 1 Rathnapura High Wind/Lightning 2023.03.19 4 10 4 Kuruvita High Wind 2023.03.19 2 5 2 Kahawatta High Wind 2023.03.20 2 10 2 Pelmadulla Cutting Failure 2023.03.20 3 10 3 12 38 0 0 0 0 12 0 0 0 0 0 Rambukkana Tree Fallen 2023.03.18 10 30 7 Bulathkohupitiya Lightning"
situation_20230322_0600_43a140e7.pdf,Flood,True,126,"්ත්‍ංඛ්‍යාව FLk;gq;fs; Families පුද්ගලයින් egHfs; People පූර්ණ හානි KOik Fully අර්ධ හානි gFjpasT Partially කුඩා හා මධය පරිමාණ වයාපාරික ස්ත්‍රථාන சிறிய, நடுத்தர, நிறுவனங்களின் சேதங்கள்; Small, Medium, Enterprises Damages ඉතා වැදගත් යටිතල පහසුකම් වලට වූ හානි mbg;gilf; fl;likg;Gf;fs; Damages to critical Infrastructure ආරක්ිත ස්ත්‍රථාන ස්ත්‍ංඛ්‍යාව vz;zpf;i f No. of Safety Locations පවුේ ස්ත්‍ංඛ්‍යාව FLk;gq;f s; Families පුද්ගලයින් egHfs; Persons Haldummulla Landslide 2023.03.19 70 240 6 3 37 1 70 240 safety center at Mahakanda Tea Factory Bandarawela Flash Flood 2023.03.18 34 131 9 Lunugala Cutting Failure 2023.03.16 1 4 1 Ella Heavy Rain 2023.03.15 1 4 1 Ridimaliyadda Heavy Rain 2023.03.14 1 3 1 107 382 0 6 0 3 49 0 0 1 70 240 107 382 0 6 0 3 49 0 0 1 70 240 Balangoda High Wind 2023.03.17 1 3 1 Rathnapura High Wind/Lightning 2023.03.19 4 10 4 Kuruvita High Wind 2023.03.19 2 5 2 Kahawatta High Wind 2023.03.20 2 10 2 Pelmadulla Cutting Failure 2023.03.20 3 10 3 12 38 0 0 0 0 12 0 0 0 0 0 Rambukkana Tree Fallen 2023.03.18 10 30 7 Bulathkohupitiya Lightning 2023.03.19 1 4 1 Yatiyanthota Wind 2023.03.18 1 4 1 Mawanella Tree Fallen 2023.03.18/19 11 51 11"
situation_20230322_0600_43a140e7.pdf,Landslide,True,107,"දිස්ත්‍රික්කය மாவட்டம் District ප්‍රා.ලේ. ලකා gpuNjr nra.gp DS Division පවුේ ස්ත්‍ංඛ්‍යාව FLk;gq;fs; Families පුද්ගලයින් egHfs; People පූර්ණ හානි KOik Fully අර්ධ හානි gFjpasT Partially කුඩා හා මධය පරිමාණ වයාපාරික ස්ත්‍රථාන சிறிய, நடுத்தர, நிறுவனங்களின் சேதங்கள்; Small, Medium, Enterprises Damages ඉතා වැදගත් යටිතල පහසුකම් වලට වූ හානි mbg;gilf; fl;likg;Gf;fs; Damages to critical Infrastructure ආරක්ිත ස්ත්‍රථාන ස්ත්‍ංඛ්‍යාව vz;zpf;i f No. of Safety Locations පවුේ ස්ත්‍ංඛ්‍යාව FLk;gq;f s; Families පුද්ගලයින් egHfs; Persons Haldummulla Landslide 2023.03.19 70 240 6 3 37 1 70 240 safety center at Mahakanda Tea Factory Bandarawela Flash Flood 2023.03.18 34 131 9 Lunugala Cutting Failure 2023.03.16 1 4 1 Ella Heavy Rain 2023.03.15 1 4 1 Ridimaliyadda Heavy Rain 2023.03.14 1 3 1 107 382 0 6 0 3 49 0 0 1 70 240 107 382 0 6 0 3 49 0 0 1 70 240 Balangoda High Wind 2023.03.17 1 3 1 Rathnapura High Wind/Lightning 2023.03.19 4 10 4 Kuruvita High Wind 2023.03.19 2 5 2 Kahawatta High Wind 2023.03.20 2 10 2 Pelmadulla Cutting Failure 2023.03.20 3 10 3 12 38 0 0 0 0 12 0 0 0 0 0 Rambukkana Tree Fallen 2023.03.18 10 30 7 Bulathkohupitiya Lightning"
situation_20230323_1800_8b44bce0.pdf,Flood,False,186,"ya Fire 2023.03.22 1 5 1 Deraniyagala Fire 2023.03.22 1 4 1 3 14 0 0 0 1 2 0 0 0 0 0 9 33 0 0 0 1 8 0 0 0 0 0 Kebithigollawa 2023.03.21 15 56 1 3 Kahatagasdigiliya 2023.03.22 5 23 3 2 Nochchiyagama Lightning 2023.03.22 1 4 1 Palugaswewa Lightning 2023.03.22 2 9 2 Galnewa High Wind 2023.03.19 1 6 1 24 98 1 0 0 1 9 2 0 0 0 0 24 98 1 0 0 1 9 2 0 0 0 0 Weeraketiya High Wind / Lightning 2023.03.17/19/22 14 47 13 Beliaththa Lightning 2023.03.20 1 4 1 Katuwana High Wind 2023.03.22 1 3 1 16 54 0 0 0 0 15 0 0 0 0 0 16 54 0 0 0 0 15 0 0 0 0 0 Hanguranketha Heavy Rain 1 4 1 Nuwaraeliya High Wind / Flash Flood 81 285 81 Ambagamuwa Heavy Rain 12 61 12 94 350 0 0 0 0 94 0 0 0 0 0 94 350 0 0 0 0 94 0 0 0 0 0 213 775 1 6 0 5 163 2 0 1 70 240 ආපදා කළමනාකරණ මධ්‍යස්ථානය /mdHj;j Kfhikj;Jt epiyak;/ Disaster Management Centre හදිසි ඇමතුම් / njhiyNgrp / Hot Lines: 117, 0112670002, 0112136136 ෆැක්ස්/ njhiy efy; / Fax: 0112670079 විදුත් තැපැල් / kpd;dQ;ry; / Email: eocdmc@gmail.com වෙබ් අඩවිය / ,izak; / Web: www.dmc.gov.lk …............................................ For Director General හම්බනවතාට `k;ghe;Njhl;il Hambantota 5 CI. R.D.Dalugoda"
situation_20230323_1800_8b44bce0.pdf,Landslide,True,140,"ct ප්‍රා.ලේ. ලකා gpuNjr nra.gp DS Division පවුේ ස්ත්‍ංඛ්‍යාව FLk;gq;fs; Families පුද්ගලයින් egHfs; People පූර්ණ හානි KOik Fully අර්ධ හානි gFjpasT Partially කුඩා හා මධය පරිමාණ වයාපාරික ස්ත්‍රථාන சிறிய, நடுத்தர, நிறுவனங்களின் சேதங்கள்; Small, Medium, Enterprises Damages ඉතා වැදගත් යටිතල පහසුකම් වලට වූ හානි mbg;gilf; fl;likg;Gf;fs; Damages to critical Infrastructure ආරක්ිත ස්ත්‍රථාන ස්ත්‍ංඛ්‍යාව vz;zpf;i f No. of Safety Locations පවුේ ස්ත්‍ංඛ්‍යාව FLk;gq;f s; Families පුද්ගලයින් egHfs; Persons 1 බදුල්ල gJs;is Badulla Haldummulla Landslide 2023.03.19 70 240 6 3 37 1 70 240 safety center at Mahakanda Tea Factory 70 240 0 6 0 3 37 0 0 1 70 240 70 240 0 6 0 3 37 0 0 1 70 240 Godakawala 2023.03.21 1 1 1 kalawana 2023.03.21 1 4 1 Kolonna 2023.03.22 3 10 3 Opanaayaka 2023.03.20 1 4 1 6 19 0 0 0 0 6 0 0 0 0 0 Dehiowita Lightning 2023.03.21 1 5 1 Bulathkohupitiya Fire 2023.03.22 1 5 1 Deraniyagala Fire 2023.03.22 1 4 1 3 14 0 0 0 1 2 0 0 0 0 0 9 33 0 0 0 1 8 0 0 0 0 0 Kebithigollawa 2023.03.21 15 56 1 3 Kahatagasdigiliya 2023.03.22 5 23 3 2 Nochchiyagama Lightning 2023.03.22 1 4 1 Palugaswewa Lightning 2023.03.22 2 9 2 Galnewa High Wi"
situation_20230324_0600_db62cf18.pdf,Flood,False,185,"ya Fire 2023.03.22 1 5 1 Deraniyagala Fire 2023.03.22 1 4 1 3 14 0 0 0 1 2 0 0 0 0 0 9 33 0 0 0 1 8 0 0 0 0 0 Kebithigollewa 2023.03.21 15 56 1 3 Kahatagasdigiliya 2023.03.22 5 23 3 2 Nochchiyagama Lightning 2023.03.22 1 4 1 Palugaswewa Lightning 2023.03.22 2 9 2 Galnewa High Wind 2023.03.19 1 6 1 24 98 1 0 0 1 9 2 0 0 0 0 24 98 1 0 0 1 9 2 0 0 0 0 Weeraketiya High Wind / Lightning 2023.03.17/19/22 14 47 13 Beliaththa Lightning 2023.03.20 1 4 1 Katuwana High Wind 2023.03.22 1 3 1 16 54 0 0 0 0 15 0 0 0 0 0 16 54 0 0 0 0 15 0 0 0 0 0 Hanguranketha Heavy Rain 1 4 1 Nuwaraeliya High Wind / Flash Flood 81 285 81 Ambagamuwa Heavy Rain 12 61 12 94 350 0 0 0 0 94 0 0 0 0 0 94 350 0 0 0 0 94 0 0 0 0 0 213 775 1 6 0 5 163 2 0 1 70 240 ආපදා කළමනාකරණ මධ්‍යස්ථානය /mdHj;j Kfhikj;Jt epiyak;/ Disaster Management Centre හදිසි ඇමතුම් / njhiyNgrp / Hot Lines: 117, 0112670002, 0112136136 ෆැක්ස්/ njhiy efy; / Fax: 0112670079 විදුත් තැපැල් / kpd;dQ;ry; / Email: eocdmc@gmail.com වෙබ් අඩවිය / ,izak; / Web: www.dmc.gov.lk …............................................ For Director General අතුරුදහ න්වූ පුද්ගලයින් fhzhky; NghNdhH Missing Peop"
situation_20230324_0600_db62cf18.pdf,Landslide,True,140,"ct ප්‍රා.ලේ. ලකා gpuNjr nra.gp DS Division පවුේ ස්ත්‍ංඛ්‍යාව FLk;gq;fs; Families පුද්ගලයින් egHfs; People පූර්ණ හානි KOik Fully අර්ධ හානි gFjpasT Partially කුඩා හා මධය පරිමාණ වයාපාරික ස්ත්‍රථාන சிறிய, நடுத்தர, நிறுவனங்களின் சேதங்கள்; Small, Medium, Enterprises Damages ඉතා වැදගත් යටිතල පහසුකම් වලට වූ හානි mbg;gilf; fl;likg;Gf;fs; Damages to critical Infrastructure ආරක්ිත ස්ත්‍රථාන ස්ත්‍ංඛ්‍යාව vz;zpf;i f No. of Safety Locations පවුේ ස්ත්‍ංඛ්‍යාව FLk;gq;f s; Families පුද්ගලයින් egHfs; Persons 1 බදුල්ල gJs;is Badulla Haldummulla Landslide 2023.03.19 70 240 6 3 37 1 70 240 Safety center at Mahakanda Tea Factory 70 240 0 6 0 3 37 0 0 1 70 240 70 240 0 6 0 3 37 0 0 1 70 240 Godakawala 2023.03.21 1 1 1 kalawana 2023.03.21 1 4 1 Kolonna 2023.03.22 3 10 3 Opanaayaka 2023.03.20 1 4 1 6 19 0 0 0 0 6 0 0 0 0 0 Dehiowita Lightning 2023.03.21 1 5 1 Bulathkohupitiya Fire 2023.03.22 1 5 1 Deraniyagala Fire 2023.03.22 1 4 1 3 14 0 0 0 1 2 0 0 0 0 0 9 33 0 0 0 1 8 0 0 0 0 0 Kebithigollewa 2023.03.21 15 56 1 3 Kahatagasdigiliya 2023.03.22 5 23 3 2 Nochchiyagama Lightning 2023.03.22 1 4 1 Palugaswewa Lightning 2023.03.22 2 9 2 Galnewa High Wi"
situation_20230324_1800_67dca0a8.pdf,Landslide,True,100,"දිස්ත්‍රික්කය மாவட்டம் District ප්‍රා.ලේ. ලකා gpuNjr nra.gp DS Division පවුේ ස්ත්‍ංඛ්‍යාව FLk;gq;fs; Families පුද්ගලයින් egHfs; People පූර්ණ හානි KOik Fully අර්ධ හානි gFjpasT Partially කුඩා හා මධය පරිමාණ වයාපාරික ස්ත්‍රථාන சிறிய, நடுத்தர, நிறுவனங்களின் சேதங்கள்; Small, Medium, Enterprises Damages ඉතා වැදගත් යටිතල පහසුකම් වලට වූ හානි mbg;gilf; fl;likg;Gf;fs; Damages to critical Infrastructure ආරක්ිත ස්ත්‍රථාන ස්ත්‍ංඛ්‍යාව vz;zpf;i f No. of Safety Locations පවුේ ස්ත්‍ංඛ්‍යාව FLk;gq;f s; Families පුද්ගලයින් egHfs; Persons Haldummulla Landslide 2023.03.19 71 242 6 3 37 1 71 242 Safety center at Mahakanda Tea Factory Bandarawela Heavy Rain 2023.03.18 35 136 35 Kandekatiya Cutting failiture 2023.03.21 2 7 1 Welimada Heavy Rain 2023.03.21 1 4 1 Lunugala Heavy Rain 2023.03.22 9 26 9 Meegahakiula Heavy Rain & Wind 2023.03.23 2 7 2 Uvaparanagama Heavy Rain & Wind 2023.03.23 2 10 2 Badulla Heavy rain 2023.03.23 2 9 2 Haliela Drowning 2023.03.23 1 4 2 125 445 2 6 0 3 89 0 0 1 71 242 125 445 2 6 0 3 89 0 0 1 71 242 Heavy rain 2023.03.23 2 7 2 Lightning 2023.03.23 1 Opanayake Heavy rain and Wind 2023.03.24 1 4 1 Elapatha Lightning/Wind 2023."
situation_20230325_0600_f64cc32c.pdf,Landslide,True,100,"දිස්ත්‍රික්කය மாவட்டம் District ප්‍රා.ලේ. ලකා gpuNjr nra.gp DS Division පවුේ ස්ත්‍ංඛ්‍යාව FLk;gq;fs; Families පුද්ගලයින් egHfs; People පූර්ණ හානි KOik Fully අර්ධ හානි gFjpasT Partially කුඩා හා මධය පරිමාණ වයාපාරික ස්ත්‍රථාන சிறிய, நடுத்தர, நிறுவனங்களின் சேதங்கள்; Small, Medium, Enterprises Damages ඉතා වැදගත් යටිතල පහසුකම් වලට වූ හානි mbg;gilf; fl;likg;Gf;fs; Damages to critical Infrastructure ආරක්ිත ස්ත්‍රථාන ස්ත්‍ංඛ්‍යාව vz;zpf;i f No. of Safety Locations පවුේ ස්ත්‍ංඛ්‍යාව FLk;gq;f s; Families පුද්ගලයින් egHfs; Persons Haldummulla Landslide 2023.03.19 71 242 6 3 37 1 71 242 Safety center at Mahakanda Tea Factory Bandarawela Heavy Rain 2023.03.18 35 136 35 Kandekatiya Cutting failiture 2023.03.21 2 7 1 Welimada Heavy Rain 2023.03.21 1 4 1 Lunugala Heavy Rain 2023.03.22 9 26 9 Meegahakiula Heavy Rain & Wind 2023.03.23 2 7 2 Uvaparanagama Heavy Rain & Wind 2023.03.23 2 10 2 Badulla Heavy rain 2023.03.23 2 9 2 Haliela Drowning 2023.03.23 1 4 2 125 445 2 6 0 3 89 0 0 1 71 242 125 445 2 6 0 3 89 0 0 1 71 242 Heavy rain 2023.03.23 2 7 2 Lightning 2023.03.23 1 Opanayake Heavy rain and Wind 2023.03.24 1 4 1 Elapatha Lightning/Wind 2023."
situation_20230325_1800_8da5aab5.pdf,Landslide,True,100,"දිස්ත්‍රික්කය மாவட்டம் District ප්‍රා.ලේ. ලකා gpuNjr nra.gp DS Division පවුේ ස්ත්‍ංඛ්‍යාව FLk;gq;fs; Families පුද්ගලයින් egHfs; People පූර්ණ හානි KOik Fully අර්ධ හානි gFjpasT Partially කුඩා හා මධය පරිමාණ වයාපාරික ස්ත්‍රථාන சிறிய, நடுத்தர, நிறுவனங்களின் சேதங்கள்; Small, Medium, Enterprises Damages ඉතා වැදගත් යටිතල පහසුකම් වලට වූ හානි mbg;gilf; fl;likg;Gf;fs; Damages to critical Infrastructure ආරක්ිත ස්ත්‍රථාන ස්ත්‍ංඛ්‍යාව vz;zpf;i f No. of Safety Locations පවුේ ස්ත්‍ංඛ්‍යාව FLk;gq;f s; Families පුද්ගලයින් egHfs; Persons Haldummulla Landslide 2023.03.19 71 242 6 3 37 1 71 242 Safety center at Mahakanda Tea Factory Bandarawela Heavy Rain 2023.03.18 35 136 35 Kandekatiya Cutting failiture 2023.03.21 2 7 1 Welimada Heavy Rain 2023.03.21 1 4 1 Lunugala Heavy Rain 2023.03.22 9 26 9 Meegahakiula Heavy Rain & Wind 2023.03.23 2 7 2 Uvaparanagama Heavy Rain & Wind 2023.03.23 2 10 2 Badulla Heavy rain 2023.03.23 2 9 2 Haliela Drowning 2023.03.23 1 4 2 125 445 2 6 0 3 89 0 0 1 71 242 125 445 2 6 0 3 89 0 0 1 71 242 Heavy rain 2023.03.23 2 7 2 Lightning 2023.03.23 1 Opanayake Heavy rain and Wind 2023.03.24 1 4 1 Elapatha Lightning/Wind 2023."
situation_20230326_0600_ad2e58a8.pdf,Landslide,True,100,"දිස්ත්‍රික්කය மாவட்டம் District ප්‍රා.ලේ. ලකා gpuNjr nra.gp DS Division පවුේ ස්ත්‍ංඛ්‍යාව FLk;gq;fs; Families පුද්ගලයින් egHfs; People පූර්ණ හානි KOik Fully අර්ධ හානි gFjpasT Partially කුඩා හා මධය පරිමාණ වයාපාරික ස්ත්‍රථාන சிறிய, நடுத்தர, நிறுவனங்களின் சேதங்கள்; Small, Medium, Enterprises Damages ඉතා වැදගත් යටිතල පහසුකම් වලට වූ හානි mbg;gilf; fl;likg;Gf;fs; Damages to critical Infrastructure ආරක්ිත ස්ත්‍රථාන ස්ත්‍ංඛ්‍යාව vz;zpf;i f No. of Safety Locations පවුේ ස්ත්‍ංඛ්‍යාව FLk;gq;f s; Families පුද්ගලයින් egHfs; Persons Haldummulla Landslide 2023.03.19 71 242 6 3 37 1 71 242 Safety center at Mahakanda Tea Factory Bandarawela Heavy Rain 2023.03.18 35 136 35 Kandekatiya Cutting failiture 2023.03.21 2 7 1 Welimada Heavy Rain 2023.03.21 1 4 1 Lunugala Heavy Rain 2023.03.22 9 26 9 Meegahakiula Heavy Rain & Wind 2023.03.23 2 7 2 Uvaparanagama Heavy Rain & Wind 2023.03.23 2 10 2 Badulla Heavy rain 2023.03.23 2 9 2 Haliela Drowning 2023.03.23 1 4 2 125 445 2 6 0 3 89 0 0 1 71 242 125 445 2 6 0 3 89 0 0 1 71 242 Heavy rain 2023.03.23 2 7 2 Lightning 2023.03.23 1 Opanayake Heavy rain and Wind 2023.03.24 1 4 1 Elapatha Lightning/Wind 2023."
situation_20230327_0600_9293724a.pdf,Landslide,True,100,"දිස්ත්‍රික්කය மாவட்டம் District ප්‍රා.ලේ. ලකා gpuNjr nra.gp DS Division පවුේ ස්ත්‍ංඛ්‍යාව FLk;gq;fs; Families පුද්ගලයින් egHfs; People පූර්ණ හානි KOik Fully අර්ධ හානි gFjpasT Partially කුඩා හා මධය පරිමාණ වයාපාරික ස්ත්‍රථාන சிறிய, நடுத்தர, நிறுவனங்களின் சேதங்கள்; Small, Medium, Enterprises Damages ඉතා වැදගත් යටිතල පහසුකම් වලට වූ හානි mbg;gilf; fl;likg;Gf;fs; Damages to critical Infrastructure ආරක්ිත ස්ත්‍රථාන ස්ත්‍ංඛ්‍යාව vz;zpf;i f No. of Safety Locations පවුේ ස්ත්‍ංඛ්‍යාව FLk;gq;f s; Families පුද්ගලයින් egHfs; Persons Haldummulla Landslide 2023.03.19 71 242 6 3 37 1 71 242 Safety center at Mahakanda Tea Factory Bandarawela Heavy Rain 2023.03.18 35 136 35 Kandekatiya Cutting failiture 2023.03.21 2 7 1 Welimada Heavy Rain 2023.03.21 1 4 1 Lunugala Heavy Rain 2023.03.22 9 26 9 Meegahakiula Heavy Rain & Wind 2023.03.23 2 7 2 Uvaparanagama Heavy Rain & Wind 2023.03.23 2 10 2 Badulla Heavy rain 2023.03.23 2 9 2 Haliela Drowning 2023.03.23 1 4 2 125 445 2 6 0 3 89 0 0 1 71 242 125 445 2 6 0 3 89 0 0 1 71 242 Heavy rain 2023.03.23 2 7 2 Lightning 2023.03.23 1 Opanayake Heavy rain and Wind 2023.03.24 1 4 1 Elapatha Lightning/Wind 2023."
situation_20230328_0600_014fc8fe.pdf,Landslide,True,142,"jr nra.gp DS Division පවුේ ස්ත්‍ංඛ්‍යාව FLk;gq;fs; Families පුද්ගලයින් egHfs; People පූර්ණ හානි KOik Fully අර්ධ හානි gFjpasT Partially කුඩා හා මධය පරිමාණ වයාපාරික ස්ත්‍රථාන சிறிய, நடுத்தர, நிறுவனங்களின் சேதங்கள்; Small, Medium, Enterprises Damages ඉතා වැදගත් යටිතල පහසුකම් වලට වූ හානි mbg;gilf; fl;likg;Gf;fs; Damages to critical Infrastructure ආරක්ිත ස්ත්‍රථාන ස්ත්‍ංඛ්‍යාව vz;zpf;i f No. of Safety Locations පවුේ ස්ත්‍ංඛ්‍යාව FLk;gq;f s; Families පුද්ගලයින් egHfs; Persons ඌව Cth khfhzk; Uva 1 බදුල්ල gJs;is Badulla Haldummulla Landslide 2023.03.19 71 242 6 3 37 1 71 242 Safety center at Mahakanda Tea Factory 71 242 0 6 0 3 37 0 0 1 71 242 71 242 0 6 0 3 37 0 0 1 71 242 Elapatha Lightning 2023.03.23 1 4 1 kahawaththa High wind 2023.03.26 1 3 1 2 7 0 0 0 0 2 0 0 0 0 0 Warakapola High Wind 2023.03.23 1 5 1 Dehiovita High Wind 2023.03.25 1 2 1 High Wind 2023.03.24/25 3 12 3 Lightning 2023.03.26 2 9 2 Lightning 2023.03.24 1 2 1 High Wind 2023.03.26 1 5 1 Mawanella High Wind 2023.03.26 1 3 1 Galigamuwa High Wind 2023.03.25 1 4 1 High Wind 2023.03.25 2 10 2 Lightning 2023.03.25 1 3 1 14 55 0 0 0 0 14 0 0 0 0 0 16 62 0 0 0 0 16 0 0"
situation_20230328_1800_8e7d9ad2.pdf,Landslide,True,138,"ct ප්‍රා.ලේ. ලකා gpuNjr nra.gp DS Division පවුේ ස්ත්‍ංඛ්‍යාව FLk;gq;fs; Families පුද්ගලයින් egHfs; People පූර්ණ හානි KOik Fully අර්ධ හානි gFjpasT Partially කුඩා හා මධය පරිමාණ වයාපාරික ස්ත්‍රථාන சிறிய, நடுத்தர, நிறுவனங்களின் சேதங்கள்; Small, Medium, Enterprises Damages ඉතා වැදගත් යටිතල පහසුකම් වලට වූ හානි mbg;gilf; fl;likg;Gf;fs; Damages to critical Infrastructure ආරක්ිත ස්ත්‍රථාන ස්ත්‍ංඛ්‍යාව vz;zpf;i f No. of Safety Locations පවුේ ස්ත්‍ංඛ්‍යාව FLk;gq;f s; Families පුද්ගලයින් egHfs; Persons 1 බදුල්ල gJs;is Badulla Haldummulla Landslide 2023.03.19 71 242 6 3 37 1 71 242 Safety center at Mahakanda Tea Factory 71 242 0 6 0 3 37 0 0 1 71 242 71 242 0 6 0 3 37 0 0 1 71 242 Mawanella High Wind 2023.03.27 1 3 1 Lightning 2023.03.26 1 4 1 High Wind 2023.03.24 1 4 1 3 11 0 0 0 0 3 0 0 0 0 0 3 11 0 0 0 0 3 0 0 0 0 0 High Wind 2023.03.23 5 13 5 Lightning 2023.03.23 4 13 4 Nuwaragampalath East Lightning 2023.03.24 1 4 1 Lightning 2 7 2 High Wind 4 14 4 16 51 0 0 0 0 16 0 0 0 0 0 16 51 0 0 0 0 16 0 0 0 0 0 90 304 0 6 0 3 56 0 0 1 71 242 ආපදා කළමනාකරණ මධ්‍යස්ථානය /mdHj;j Kfhikj;Jt epiyak;/ Disaster Management Centr"
situation_20230329_0600_d099ff02.pdf,Landslide,True,138,"ct ප්‍රා.ලේ. ලකා gpuNjr nra.gp DS Division පවුේ ස්ත්‍ංඛ්‍යාව FLk;gq;fs; Families පුද්ගලයින් egHfs; People පූර්ණ හානි KOik Fully අර්ධ හානි gFjpasT Partially කුඩා හා මධය පරිමාණ වයාපාරික ස්ත්‍රථාන சிறிய, நடுத்தர, நிறுவனங்களின் சேதங்கள்; Small, Medium, Enterprises Damages ඉතා වැදගත් යටිතල පහසුකම් වලට වූ හානි mbg;gilf; fl;likg;Gf;fs; Damages to critical Infrastructure ආරක්ිත ස්ත්‍රථාන ස්ත්‍ංඛ්‍යාව vz;zpf;i f No. of Safety Locations පවුේ ස්ත්‍ංඛ්‍යාව FLk;gq;f s; Families පුද්ගලයින් egHfs; Persons 1 බදුල්ල gJs;is Badulla Haldummulla Landslide 2023.03.19 71 242 6 3 37 1 71 242 Safety center at Mahakanda Tea Factory 71 242 0 6 0 3 37 0 0 1 71 242 71 242 0 6 0 3 37 0 0 1 71 242 Mawanella High Wind 2023.03.27 1 3 1 Lightning 2023.03.26 1 4 1 High Wind 2023.03.24 1 4 1 3 11 0 0 0 0 3 0 0 0 0 0 3 11 0 0 0 0 3 0 0 0 0 0 High Wind 2023.03.23 5 13 5 Lightning 2023.03.23 4 13 4 Nuwaragampalath East Lightning 2023.03.24 1 4 1 Lightning 2 7 2 High Wind 4 14 4 16 51 0 0 0 0 16 0 0 0 0 0 16 51 0 0 0 0 16 0 0 0 0 0 90 304 0 6 0 3 56 0 0 1 71 242 ආපදා කළමනාකරණ මධ්‍යස්ථානය /mdHj;j Kfhikj;Jt epiyak;/ Disaster Management Centr"
situation_20230329_1800_813e1e95.pdf,Landslide,True,122,"ct ප්‍රා.ලේ. ලකා gpuNjr nra.gp DS Division පවුේ ස්ත්‍ංඛ්‍යාව FLk;gq;fs; Families පුද්ගලයින් egHfs; People පූර්ණ හානි KOik Fully අර්ධ හානි gFjpasT Partially කුඩා හා මධය පරිමාණ වයාපාරික ස්ත්‍රථාන சிறிய, நடுத்தர, நிறுவனங்களின் சேதங்கள்; Small, Medium, Enterprises Damages ඉතා වැදගත් යටිතල පහසුකම් වලට වූ හානි mbg;gilf; fl;likg;Gf;fs; Damages to critical Infrastructure ආරක්ිත ස්ත්‍රථාන ස්ත්‍ංඛ්‍යාව vz;zpf;i f No. of Safety Locations පවුේ ස්ත්‍ංඛ්‍යාව FLk;gq;f s; Families පුද්ගලයින් egHfs; Persons 1 බදුල්ල gJs;is Badulla Haldummulla Landslide 2023.03.19 71 242 6 3 37 1 71 242 Safety center at Mahakanda Tea Factory 71 242 0 6 0 3 37 0 0 1 71 242 71 242 0 6 0 3 37 0 0 1 71 242 Mawanella Lightning 2023.03.26 1 3 1 Deraniyagala High Wind 2023.03.28 2 7 1 Bulathkohupitiya High Wind 2023.03.27 2 8 2 Dehiowita High Wind 2023.03.28 18 67 10 Ruwanwella Tree Fallen 2023.03.28 1 5 1 Lightning 2023.03.28 2 6 1 2 High Wind 2023.03.28 2 9 2 28 105 1 0 0 0 19 0 0 0 0 0 Weligepola Lightning 2023.03.27 1 3 1 High Wind 2023.03.28 42 166 42 Lightning 2023.03.28 1 6 1 Ehaliyagoda High Wind 2023.03.28 86 330 83 Kuruwita High Wind 2023.03.28 5 20 5 13"
situation_20230330_1800_1ac1767d.pdf,Landslide,True,83,"ct ප්‍රා.ලේ. ලකා gpuNjr nra.gp DS Division පවුේ ස්ත්‍ංඛ්‍යාව FLk;gq;fs; Families පුද්ගලයින් egHfs; People පූර්ණ හානි KOik Fully අර්ධ හානි gFjpasT Partially කුඩා හා මධය පරිමාණ වයාපාරික ස්ත්‍රථාන சிறிய, நடுத்தர, நிறுவனங்களின் சேதங்கள்; Small, Medium, Enterprises Damages ඉතා වැදගත් යටිතල පහසුකම් වලට වූ හානි mbg;gilf; fl;likg;Gf;fs; Damages to critical Infrastructure ආරක්ිත ස්ත්‍රථාන ස්ත්‍ංඛ්‍යාව vz;zpf;i f No. of Safety Locations පවුේ ස්ත්‍ංඛ්‍යාව FLk;gq;f s; Families පුද්ගලයින් egHfs; Persons 1 බදුල්ල gJs;is Badulla Haldummulla Landslide 2023.03.19 71 242 6 3 37 1 71 242 Safety center at Mahakanda Tea Factory 71 242 0 6 0 3 37 0 0 1 71 242 71 242 0 6 0 3 37 0 0 1 71 242 2 කෑගල්ල Nffhiy Kegalle Yatiyanthota High Wind 2023.03.29 1 4 1 1 4 0 0 0 0 1 0 0 0 0 0 1 4 0 0 0 0 1 0 0 0 0 0 72 246 0 6 0 3 38 0 0 1 71 242 ආපදා කළමනාකරණ මධ්‍යස්ථානය /mdHj;j Kfhikj;Jt epiyak;/ Disaster Management Centre හදිසි ඇමතුම් / njhiyNgrp / Hot Lines: 117, 0112670002, 0112136136 ෆැක්ස්/ njhiy efy; / Fax: 0112670079 විදුත් තැපැල් / kpd;dQ;ry; / Email: eocdmc@gmail.com වෙබ් අඩවිය / ,izak; /"
situation_20230331_0600_10014e15.pdf,Landslide,True,140,"ct ප්‍රා.ලේ. ලකා gpuNjr nra.gp DS Division පවුේ ස්ත්‍ංඛ්‍යාව FLk;gq;fs; Families පුද්ගලයින් egHfs; People පූර්ණ හානි KOik Fully අර්ධ හානි gFjpasT Partially කුඩා හා මධය පරිමාණ වයාපාරික ස්ත්‍රථාන சிறிய, நடுத்தர, நிறுவனங்களின் சேதங்கள்; Small, Medium, Enterprises Damages ඉතා වැදගත් යටිතල පහසුකම් වලට වූ හානි mbg;gilf; fl;likg;Gf;fs; Damages to critical Infrastructure ආරක්ිත ස්ත්‍රථාන ස්ත්‍ංඛ්‍යාව vz;zpf;i f No. of Safety Locations පවුේ ස්ත්‍ංඛ්‍යාව FLk;gq;f s; Families පුද්ගලයින් egHfs; Persons 1 බදුල්ල gJs;is Badulla Haldummulla Landslide 2023.03.19 71 242 6 3 37 1 71 242 Safety center at Mahakanda Tea Factory 71 242 0 6 0 3 37 0 0 1 71 242 71 242 0 6 0 3 37 0 0 1 71 242 2 කෑගල්ල Nffhiy Kegalle Yatiyanthota High Wind 2023.03.29 1 4 1 1 4 0 0 0 0 1 0 0 0 0 0 Balangoda High Wind 2023.03.30 7 26 7 Nivithigala High Wind 2023.03.30 2 10 2 Kahawaththa High Wind 2023.03.30 1 4 1 10 40 0 0 0 0 10 0 0 0 0 0 11 44 0 0 0 0 11 0 0 0 0 0 4 මාතර khj;jiw Matara Mulatiyana Lightning 2023.03.30 1 3 1 1 3 0 0 0 0 1 0 0 0 0 0 1 3 0 0 0 0 1 0 0 0 0 0 83 289 0 6 0 3 49 0 0 1 71 242 ආපදා කළමනාකරණ මධ්‍යස්ථානය"
situation_20230331_1800_ce71db6c.pdf,Landslide,True,138,"ct ප්‍රා.ලේ. ලකා gpuNjr nra.gp DS Division පවුේ ස්ත්‍ංඛ්‍යාව FLk;gq;fs; Families පුද්ගලයින් egHfs; People පූර්ණ හානි KOik Fully අර්ධ හානි gFjpasT Partially කුඩා හා මධය පරිමාණ වයාපාරික ස්ත්‍රථාන சிறிய, நடுத்தர, நிறுவனங்களின் சேதங்கள்; Small, Medium, Enterprises Damages ඉතා වැදගත් යටිතල පහසුකම් වලට වූ හානි mbg;gilf; fl;likg;Gf;fs; Damages to critical Infrastructure ආරක්ිත ස්ත්‍රථාන ස්ත්‍ංඛ්‍යාව vz;zpf;i f No. of Safety Locations පවුේ ස්ත්‍ංඛ්‍යාව FLk;gq;f s; Families පුද්ගලයින් egHfs; Persons 1 බදුල්ල gJs;is Badulla Haldummulla Landslide 2023.03.19 71 242 6 3 37 1 71 242 Safety center at Mahakanda Tea Factory 71 242 0 6 0 3 37 0 0 1 71 242 71 242 0 6 0 3 37 0 0 1 71 242 Yatiyanthota High Wind 2023.03.30 2 7 2 Lightning 2023.03.28 1 4 1 High Wind 2023.03.30 2 9 2 Dehiowita High Wind 2023.03.30 1 2 1 6 22 0 0 0 0 6 0 0 0 0 0 Balangoda High Wind 2023.03.30 11 44 11 Nivithigala High Wind 2023.03.30 3 15 3 Ayagama Lightning 2023.03.30 1 4 1 Kalawana High Wind 2023.03.30 2 12 2 Lightning 2023.03.30 1 3 1 Cutting Failure 2023.03.30 2 6 Kahawaththa High Wind 2023.03.30 2 7 2 22 91 0 0 0 0 20 0 0 0 0 0 28 113 0 0 0 0 26 0 0 0 0 0 4 ම"
situation_20230401_1800_01169914.pdf,Landslide,True,52,"ct ප්‍රා.ලේ. ලකා gpuNjr nra.gp DS Division පවුේ ස්ත්‍ංඛ්‍යාව FLk;gq;fs; Families පුද්ගලයින් egHfs; People පූර්ණ හානි KOik Fully අර්ධ හානි gFjpasT Partially කුඩා හා මධය පරිමාණ වයාපාරික ස්ත්‍රථාන சிறிய, நடுத்தர, நிறுவனங்களின் சேதங்கள்; Small, Medium, Enterprises Damages ඉතා වැදගත් යටිතල පහසුකම් වලට වූ හානි mbg;gilf; fl;likg;Gf;fs; Damages to critical Infrastructure ආරක්ිත ස්ත්‍රථාන ස්ත්‍ංඛ්‍යාව vz;zpf;i f No. of Safety Locations පවුේ ස්ත්‍ංඛ්‍යාව FLk;gq;f s; Families පුද්ගලයින් egHfs; Persons 1 බදුල්ල gJs;is Badulla Haldummulla Landslide 2023.03.19 71 242 6 3 37 1 71 242 Safety center at Mahakanda Tea Factory 71 242 0 6 0 3 37 0 0 1 71 242 71 242 0 6 0 3 37 0 0 1 71 242 71 242 0 6 0 3 37 0 0 1 71 242 ආපදා කළමනාකරණ මධ්‍යස්ථානය /mdHj;j Kfhikj;Jt epiyak;/ Disaster Management Centre හදිසි ඇමතුම් / njhiyNgrp / Hot Lines: 117, 0112670002, 0112136136 ෆැක්ස්/ njhiy efy; / Fax: 0112670079 විදුත් තැපැල් / kpd;dQ;ry; / Email: eocdmc@gmail.com වෙබ් අඩවිය / ,izak; / Web: www.dmc.gov.lk …............................................ For Director General Deputy Director / Du"
situation_20230402_0600_6eb9346d.pdf,Landslide,True,52,"ct ප්‍රා.ලේ. ලකා gpuNjr nra.gp DS Division පවුේ ස්ත්‍ංඛ්‍යාව FLk;gq;fs; Families පුද්ගලයින් egHfs; People පූර්ණ හානි KOik Fully අර්ධ හානි gFjpasT Partially කුඩා හා මධය පරිමාණ වයාපාරික ස්ත්‍රථාන சிறிய, நடுத்தர, நிறுவனங்களின் சேதங்கள்; Small, Medium, Enterprises Damages ඉතා වැදගත් යටිතල පහසුකම් වලට වූ හානි mbg;gilf; fl;likg;Gf;fs; Damages to critical Infrastructure ආරක්ිත ස්ත්‍රථාන ස්ත්‍ංඛ්‍යාව vz;zpf;i f No. of Safety Locations පවුේ ස්ත්‍ංඛ්‍යාව FLk;gq;f s; Families පුද්ගලයින් egHfs; Persons 1 බදුල්ල gJs;is Badulla Haldummulla Landslide 2023.03.19 71 242 6 3 37 1 71 242 Safety center at Mahakanda Tea Factory 71 242 0 6 0 3 37 0 0 1 71 242 71 242 0 6 0 3 37 0 0 1 71 242 71 242 0 6 0 3 37 0 0 1 71 242 ආපදා කළමනාකරණ මධ්‍යස්ථානය /mdHj;j Kfhikj;Jt epiyak;/ Disaster Management Centre හදිසි ඇමතුම් / njhiyNgrp / Hot Lines: 117, 0112670002, 0112136136 ෆැක්ස්/ njhiy efy; / Fax: 0112670079 විදුත් තැපැල් / kpd;dQ;ry; / Email: eocdmc@gmail.com වෙබ් අඩවිය / ,izak; / Web: www.dmc.gov.lk …............................................ For Director General දිස්ික් එකතුෙ khtl;l"
situation_20230403_0600_5667f989.pdf,Landslide,True,52,"ct ප්‍රා.ලේ. ලකා gpuNjr nra.gp DS Division පවුේ ස්ත්‍ංඛ්‍යාව FLk;gq;fs; Families පුද්ගලයින් egHfs; People පූර්ණ හානි KOik Fully අර්ධ හානි gFjpasT Partially කුඩා හා මධය පරිමාණ වයාපාරික ස්ත්‍රථාන சிறிய, நடுத்தர, நிறுவனங்களின் சேதங்கள்; Small, Medium, Enterprises Damages ඉතා වැදගත් යටිතල පහසුකම් වලට වූ හානි mbg;gilf; fl;likg;Gf;fs; Damages to critical Infrastructure ආරක්ිත ස්ත්‍රථාන ස්ත්‍ංඛ්‍යාව vz;zpf;i f No. of Safety Locations පවුේ ස්ත්‍ංඛ්‍යාව FLk;gq;f s; Families පුද්ගලයින් egHfs; Persons 1 බදුල්ල gJs;is Badulla Haldummulla Landslide 2023.03.19 71 242 6 3 37 1 71 242 Safety center at Mahakanda Tea Factory 71 242 0 6 0 3 37 0 0 1 71 242 71 242 0 6 0 3 37 0 0 1 71 242 71 242 0 6 0 3 37 0 0 1 71 242 ආපදා කළමනාකරණ මධ්‍යස්ථානය /mdHj;j Kfhikj;Jt epiyak;/ Disaster Management Centre හදිසි ඇමතුම් / njhiyNgrp / Hot Lines: 117, 0112670002, 0112136136 ෆැක්ස්/ njhiy efy; / Fax: 0112670079 විදුත් තැපැල් / kpd;dQ;ry; / Email: eocdmc@gmail.com වෙබ් අඩවිය / ,izak; / Web: www.dmc.gov.lk …............................................ For Director General දිස්ික් එකතුෙ khtl;l"
situation_20230403_1800_a05a0c30.pdf,Landslide,True,137,"ct ප්‍රා.ලේ. ලකා gpuNjr nra.gp DS Division පවුේ ස්ත්‍ංඛ්‍යාව FLk;gq;fs; Families පුද්ගලයින් egHfs; People පූර්ණ හානි KOik Fully අර්ධ හානි gFjpasT Partially කුඩා හා මධය පරිමාණ වයාපාරික ස්ත්‍රථාන சிறிய, நடுத்தர, நிறுவனங்களின் சேதங்கள்; Small, Medium, Enterprises Damages ඉතා වැදගත් යටිතල පහසුකම් වලට වූ හානි mbg;gilf; fl;likg;Gf;fs; Damages to critical Infrastructure ආරක්ිත ස්ත්‍රථාන ස්ත්‍ංඛ්‍යාව vz;zpf;i f No. of Safety Locations පවුේ ස්ත්‍ංඛ්‍යාව FLk;gq;f s; Families පුද්ගලයින් egHfs; Persons 1 බදුල්ල gJs;is Badulla Haldummulla Landslide 2023.03.19 71 242 6 3 37 1 71 242 Safety center at Mahakanda Tea Factory 71 242 0 6 0 3 37 0 0 1 71 242 71 242 0 6 0 3 37 0 0 1 71 242 Nivithigala 2023.03.30 / 04.01 20 85 20 2023.03.31 2 7 2 Lightning 2023.04.02 2 8 2 Ayagama High Wind 2023.04.01 1 4 1 Balangoda 2023.04.01 1 6 1 Godakawela 2023.04.02 1 3 1 Lightning 3 13 3 High Wind 3 9 3 Lightning 2 8 2 1 4 1 Pelmadulla 2 6 2 38 153 0 0 0 0 38 0 0 0 0 0 Electric Shock 2023.03.30 1 5 1 1 Tree Falling 2023.03.31/04.01 8 32 8 High Wind 2023.04.01/02 3 11 1 2 Lightning 2023.04.02 2 9 2 Tree Falling 37 121 37 3 Lightning 1 2 1 Tree Falling"
situation_20230404_1800_6b62cad4.pdf,Landslide,True,145,"ct ප්‍රා.ලේ. ලකා gpuNjr nra.gp DS Division පවුේ ස්ත්‍ංඛ්‍යාව FLk;gq;fs; Families පුද්ගලයින් egHfs; People පූර්ණ හානි KOik Fully අර්ධ හානි gFjpasT Partially කුඩා හා මධය පරිමාණ වයාපාරික ස්ත්‍රථාන சிறிய, நடுத்தர, நிறுவனங்களின் சேதங்கள்; Small, Medium, Enterprises Damages ඉතා වැදගත් යටිතල පහසුකම් වලට වූ හානි mbg;gilf; fl;likg;Gf;fs; Damages to critical Infrastructure ආරක්ිත ස්ත්‍රථාන ස්ත්‍ංඛ්‍යාව vz;zpf;i f No. of Safety Locations පවුේ ස්ත්‍ංඛ්‍යාව FLk;gq;f s; Families පුද්ගලයින් egHfs; Persons 1 බදුල්ල gJs;is Badulla Haldummulla Landslide 2023.03.19 71 242 6 3 37 1 71 242 Safety center at Mahakanda Tea Factory 71 242 0 6 0 3 37 0 0 1 71 242 71 242 0 6 0 3 37 0 0 1 71 242 Nivithigala High Wind 2023.04.01/02 2 7 2 Godakawela Lightning 2023.04.03 1 4 1 3 11 0 0 0 0 3 0 0 0 0 0 Mawanella Tree Falling/Lightning 2023.04.02 3 12 3 Dehiowita Tree Falling 2023.04.03 2 5 2 Warakapola Lightning 2023.04.03 2 9 2 Galigamuwa Tree Falling/Lightning 2023.04.03 9 24 9 16 50 0 0 0 0 16 0 0 0 0 0 19 61 0 0 0 0 19 0 0 0 0 0 Karachchi 5 14 7 7 Kamdawali 87 288 1 78 7 92 302 0 0 0 1 85 0 14 0 0 0 92 302 0 0 0 1 85 0 14 0 0 0 Saliyawewa 2023.04.0"
situation_20230405_0600_ae9d24aa.pdf,Landslide,True,145,"ct ප්‍රා.ලේ. ලකා gpuNjr nra.gp DS Division පවුේ ස්ත්‍ංඛ්‍යාව FLk;gq;fs; Families පුද්ගලයින් egHfs; People පූර්ණ හානි KOik Fully අර්ධ හානි gFjpasT Partially කුඩා හා මධය පරිමාණ වයාපාරික ස්ත්‍රථාන சிறிய, நடுத்தர, நிறுவனங்களின் சேதங்கள்; Small, Medium, Enterprises Damages ඉතා වැදගත් යටිතල පහසුකම් වලට වූ හානි mbg;gilf; fl;likg;Gf;fs; Damages to critical Infrastructure ආරක්ිත ස්ත්‍රථාන ස්ත්‍ංඛ්‍යාව vz;zpf;i f No. of Safety Locations පවුේ ස්ත්‍ංඛ්‍යාව FLk;gq;f s; Families පුද්ගලයින් egHfs; Persons 1 බදුල්ල gJs;is Badulla Haldummulla Landslide 2023.03.19 71 242 6 3 37 1 71 242 Safety center at Mahakanda Tea Factory 71 242 0 6 0 3 37 0 0 1 71 242 71 242 0 6 0 3 37 0 0 1 71 242 Nivithigala High Wind 2023.04.01/02 2 7 2 Godakawela Lightning 2023.04.03 1 4 1 3 11 0 0 0 0 3 0 0 0 0 0 Mawanella Tree Falling/Lightning 2023.04.02 3 12 3 Dehiowita Tree Falling 2023.04.03 2 5 2 Warakapola Lightning 2023.04.03 2 9 2 Galigamuwa Tree Falling/Lightning 2023.04.03 9 24 9 16 50 0 0 0 0 16 0 0 0 0 0 19 61 0 0 0 0 19 0 0 0 0 0 Karachchi 5 14 7 7 Kamdawali 87 288 1 78 7 92 302 0 0 0 1 85 0 14 0 0 0 92 302 0 0 0 1 85 0 14 0 0 0 Saliyawewa 2023.04.0"
situation_20230405_1800_36a15098.pdf,Landslide,True,139,"ct ප්‍රා.ලේ. ලකා gpuNjr nra.gp DS Division පවුේ ස්ත්‍ංඛ්‍යාව FLk;gq;fs; Families පුද්ගලයින් egHfs; People පූර්ණ හානි KOik Fully අර්ධ හානි gFjpasT Partially කුඩා හා මධය පරිමාණ වයාපාරික ස්ත්‍රථාන சிறிய, நடுத்தர, நிறுவனங்களின் சேதங்கள்; Small, Medium, Enterprises Damages ඉතා වැදගත් යටිතල පහසුකම් වලට වූ හානි mbg;gilf; fl;likg;Gf;fs; Damages to critical Infrastructure ආරක්ිත ස්ත්‍රථාන ස්ත්‍ංඛ්‍යාව vz;zpf;i f No. of Safety Locations පවුේ ස්ත්‍ංඛ්‍යාව FLk;gq;f s; Families පුද්ගලයින් egHfs; Persons 1 බදුල්ල gJs;is Badulla Haldummulla Landslide 2023.03.19 71 242 6 3 37 1 71 242 Safety center at Mahakanda Tea Factory 71 242 0 6 0 3 37 0 0 1 71 242 71 242 0 6 0 3 37 0 0 1 71 242 Mawanella Tree Falling/Lightning 2023.04.02 3 12 3 Dehiowita Tree Falling 2023.04.03 2 5 2 Warakapola Lightning 2023.04.03 2 9 2 Galigamuwa Tree Falling/Lightning 2023.04.03 9 24 9 16 50 0 0 0 0 16 0 0 0 0 0 16 50 0 0 0 0 16 0 0 0 0 0 Saliyawewa 2023.04.01 7 22 10 Karuwalagaswewa 2023.04.03 11 29 8 3 Mahakubukkadawala 2023.04.01 1 3 1 7 22 0 0 0 0 10 0 0 0 0 0 7 22 0 0 0 0 10 0 0 0 0 0 94 314 0 6 0 3 63 0 0 1 71 242 ආපදා කළමනාකරණ මධ්‍යස"
situation_20230406_0600_ef73b44e.pdf,Landslide,True,139,"ct ප්‍රා.ලේ. ලකා gpuNjr nra.gp DS Division පවුේ ස්ත්‍ංඛ්‍යාව FLk;gq;fs; Families පුද්ගලයින් egHfs; People පූර්ණ හානි KOik Fully අර්ධ හානි gFjpasT Partially කුඩා හා මධය පරිමාණ වයාපාරික ස්ත්‍රථාන சிறிய, நடுத்தர, நிறுவனங்களின் சேதங்கள்; Small, Medium, Enterprises Damages ඉතා වැදගත් යටිතල පහසුකම් වලට වූ හානි mbg;gilf; fl;likg;Gf;fs; Damages to critical Infrastructure ආරක්ිත ස්ත්‍රථාන ස්ත්‍ංඛ්‍යාව vz;zpf;i f No. of Safety Locations පවුේ ස්ත්‍ංඛ්‍යාව FLk;gq;f s; Families පුද්ගලයින් egHfs; Persons 1 බදුල්ල gJs;is Badulla Haldummulla Landslide 2023.03.19 71 242 6 3 37 1 71 242 Safety center at Mahakanda Tea Factory 71 242 0 6 0 3 37 0 0 1 71 242 71 242 0 6 0 3 37 0 0 1 71 242 Mawanella Tree Falling/Lightning 2023.04.02 3 12 3 Dehiowita Tree Falling 2023.04.03 2 5 2 Warakapola Lightning 2023.04.03 2 9 2 Galigamuwa Tree Falling/Lightning 2023.04.03 9 24 9 16 50 0 0 0 0 16 0 0 0 0 0 16 50 0 0 0 0 16 0 0 0 0 0 Saliyawewa 2023.04.01 7 22 10 Karuwalagaswewa 2023.04.03 11 29 8 3 Mahakubukkadawala 2023.04.01 1 3 1 7 22 0 0 0 0 10 0 0 0 0 0 7 22 0 0 0 0 10 0 0 0 0 0 94 314 0 6 0 3 63 0 0 1 71 242 ආපදා කළමනාකරණ මධ්‍යස"
situation_20230406_1800_43a2cd2d.pdf,Landslide,True,126,"ct ප්‍රා.ලේ. ලකා gpuNjr nra.gp DS Division පවුේ ස්ත්‍ංඛ්‍යාව FLk;gq;fs; Families පුද්ගලයින් egHfs; People පූර්ණ හානි KOik Fully අර්ධ හානි gFjpasT Partially කුඩා හා මධය පරිමාණ වයාපාරික ස්ත්‍රථාන சிறிய, நடுத்தர, நிறுவனங்களின் சேதங்கள்; Small, Medium, Enterprises Damages ඉතා වැදගත් යටිතල පහසුකම් වලට වූ හානි mbg;gilf; fl;likg;Gf;fs; Damages to critical Infrastructure ආරක්ිත ස්ත්‍රථාන ස්ත්‍ංඛ්‍යාව vz;zpf;i f No. of Safety Locations පවුේ ස්ත්‍ංඛ්‍යාව FLk;gq;f s; Families පුද්ගලයින් egHfs; Persons 1 බදුල්ල gJs;is Badulla Haldummulla Landslide 2023.03.19 71 242 6 3 37 1 71 242 Safety center at Mahakanda Tea Factory 71 242 0 6 0 3 37 0 0 1 71 242 71 242 0 6 0 3 37 0 0 1 71 242 Mawanella Tree Falling/Lightning 2023.04.02 3 12 3 Dehiowita Tree Falling 2023.04.03 2 5 2 Warakapola Lightning 2023.04.03 2 9 2 Galigamuwa Tree Falling/Lightning 2023.04.03 9 24 9 16 50 0 0 0 0 16 0 0 0 0 0 Pelmadulla High Wind 23023.04.04 2 8 2 Kahawaththa 2023.04.04 1 2 1 Weligepola Heavy Rain 2023.04.04 3 13 3 Kalawana Elephant Attack 2023.04.04 1 Godakawela High Wind 2023.04.05 1 5 1 7 28 1 0 0 0 7 0 0 0 0 0 23 78 1 0 0 0 23 0 0 0 0 0 Saliyawewa 2023.04"
situation_20230407_0600_797f775d.pdf,Landslide,True,126,"ct ප්‍රා.ලේ. ලකා gpuNjr nra.gp DS Division පවුේ ස්ත්‍ංඛ්‍යාව FLk;gq;fs; Families පුද්ගලයින් egHfs; People පූර්ණ හානි KOik Fully අර්ධ හානි gFjpasT Partially කුඩා හා මධය පරිමාණ වයාපාරික ස්ත්‍රථාන சிறிய, நடுத்தர, நிறுவனங்களின் சேதங்கள்; Small, Medium, Enterprises Damages ඉතා වැදගත් යටිතල පහසුකම් වලට වූ හානි mbg;gilf; fl;likg;Gf;fs; Damages to critical Infrastructure ආරක්ිත ස්ත්‍රථාන ස්ත්‍ංඛ්‍යාව vz;zpf;i f No. of Safety Locations පවුේ ස්ත්‍ංඛ්‍යාව FLk;gq;f s; Families පුද්ගලයින් egHfs; Persons 1 බදුල්ල gJs;is Badulla Haldummulla Landslide 2023.03.19 71 242 6 3 37 1 71 242 Safety center at Mahakanda Tea Factory 71 242 0 6 0 3 37 0 0 1 71 242 71 242 0 6 0 3 37 0 0 1 71 242 Mawanella Tree Falling/Lightning 2023.04.02 3 12 3 Dehiowita Tree Falling 2023.04.03 2 5 2 Warakapola Lightning 2023.04.03 2 9 2 Galigamuwa Tree Falling/Lightning 2023.04.03 9 24 9 16 50 0 0 0 0 16 0 0 0 0 0 Pelmadulla High Wind 23023.04.04 2 8 2 Kahawaththa 2023.04.04 1 2 1 Weligepola Heavy Rain 2023.04.04 3 13 3 Kalawana Elephant Attack 2023.04.04 1 Godakawela High Wind 2023.04.05 1 5 1 7 28 1 0 0 0 7 0 0 0 0 0 23 78 1 0 0 0 23 0 0 0 0 0 Saliyawewa 2023.04"
situation_20230407_1800_d5702f5d.pdf,Landslide,True,83,"ct ප්‍රා.ලේ. ලකා gpuNjr nra.gp DS Division පවුේ ස්ත්‍ංඛ්‍යාව FLk;gq;fs; Families පුද්ගලයින් egHfs; People පූර්ණ හානි KOik Fully අර්ධ හානි gFjpasT Partially කුඩා හා මධය පරිමාණ වයාපාරික ස්ත්‍රථාන சிறிய, நடுத்தர, நிறுவனங்களின் சேதங்கள்; Small, Medium, Enterprises Damages ඉතා වැදගත් යටිතල පහසුකම් වලට වූ හානි mbg;gilf; fl;likg;Gf;fs; Damages to critical Infrastructure ආරක්ිත ස්ත්‍රථාන ස්ත්‍ංඛ්‍යාව vz;zpf;i f No. of Safety Locations පවුේ ස්ත්‍ංඛ්‍යාව FLk;gq;f s; Families පුද්ගලයින් egHfs; Persons 1 බදුල්ල gJs;is Badulla Haldummulla Landslide 2023.03.19 71 242 6 3 37 1 71 242 Safety center at Mahakanda Tea Factory 71 242 0 6 0 3 37 0 0 1 71 242 71 242 0 6 0 3 37 0 0 1 71 242 High Wind 78 291 78 2 * පවුේ 15කට අයත් පුද්ගලයින් 56ක් ඥාතී නිවාස්ත්‍ වල රඳවා ඇත. වියලි ස්ත්‍ලාක ලබා දී ඇත. Lightning 1 5 1 79 296 0 0 0 0 79 2 0 0 0 0 79 296 0 0 0 0 79 2 0 0 0 0 150 538 0 6 0 3 116 2 0 1 71 242 ආපදා කළමනාකරණ මධ්‍යස්ථානය /mdHj;j Kfhikj;Jt epiyak;/ Disaster Management Centre හදිසි ඇමතුම් / njhiyNgrp / Hot Lines: 117, 0112670002, 0112136136 ෆැක්ස්/ njhiy efy; / Fax: 0112670079 විදුත් තැපැල් / kp"
situation_20230409_0600_5de21188.pdf,Landslide,True,83,"ct ප්‍රා.ලේ. ලකා gpuNjr nra.gp DS Division පවුේ ස්ත්‍ංඛ්‍යාව FLk;gq;fs; Families පුද්ගලයින් egHfs; People පූර්ණ හානි KOik Fully අර්ධ හානි gFjpasT Partially කුඩා හා මධය පරිමාණ වයාපාරික ස්ත්‍රථාන சிறிய, நடுத்தர, நிறுவனங்களின் சேதங்கள்; Small, Medium, Enterprises Damages ඉතා වැදගත් යටිතල පහසුකම් වලට වූ හානි mbg;gilf; fl;likg;Gf;fs; Damages to critical Infrastructure ආරක්ිත ස්ත්‍රථාන ස්ත්‍ංඛ්‍යාව vz;zpf;i f No. of Safety Locations පවුේ ස්ත්‍ංඛ්‍යාව FLk;gq;f s; Families පුද්ගලයින් egHfs; Persons 1 බදුල්ල gJs;is Badulla Haldummulla Landslide 2023.03.19 71 242 6 3 37 1 71 242 Safety center at Mahakanda Tea Factory 71 242 0 6 0 3 37 0 0 1 71 242 71 242 0 6 0 3 37 0 0 1 71 242 High Wind 106 399 106 2 * පවුේ 22කට අයත් පුද්ගලයින් 84ක් ඥාතී නිවාස්ත්‍ වල රඳවා ඇත. වියලි ස්ත්‍ලාක ලබා දී ඇත. Lightning 1 5 1 107 404 0 0 0 0 107 2 0 0 0 0 107 404 0 0 0 0 107 2 0 0 0 0 178 646 0 6 0 3 144 2 0 1 71 242 ආපදා කළමනාකරණ මධ්‍යස්ථානය /mdHj;j Kfhikj;Jt epiyak;/ Disaster Management Centre හදිසි ඇමතුම් / njhiyNgrp / Hot Lines: 117, 0112670002, 0112136136 ෆැක්ස්/ njhiy efy; / Fax: 0112670079 විදුත් තැපැල"
situation_20230409_1800_7a6c02ff.pdf,Landslide,True,83,"ct ප්‍රා.ලේ. ලකා gpuNjr nra.gp DS Division පවුේ ස්ත්‍ංඛ්‍යාව FLk;gq;fs; Families පුද්ගලයින් egHfs; People පූර්ණ හානි KOik Fully අර්ධ හානි gFjpasT Partially කුඩා හා මධය පරිමාණ වයාපාරික ස්ත්‍රථාන சிறிய, நடுத்தர, நிறுவனங்களின் சேதங்கள்; Small, Medium, Enterprises Damages ඉතා වැදගත් යටිතල පහසුකම් වලට වූ හානි mbg;gilf; fl;likg;Gf;fs; Damages to critical Infrastructure ආරක්ිත ස්ත්‍රථාන ස්ත්‍ංඛ්‍යාව vz;zpf;i f No. of Safety Locations පවුේ ස්ත්‍ංඛ්‍යාව FLk;gq;f s; Families පුද්ගලයින් egHfs; Persons 1 බදුල්ල gJs;is Badulla Haldummulla Landslide 2023.03.19 71 242 6 3 37 1 71 242 Safety center at Mahakanda Tea Factory 71 242 0 6 0 3 37 0 0 1 71 242 71 242 0 6 0 3 37 0 0 1 71 242 High Wind 106 399 106 2 * පවුේ 22කට අයත් පුද්ගලයින් 84ක් ඥාතී නිවාස්ත්‍ වල රඳවා ඇත. වියලි ස්ත්‍ලාක ලබා දී ඇත. Lightning 1 5 1 107 404 0 0 0 0 107 2 0 0 0 0 107 404 0 0 0 0 107 2 0 0 0 0 178 646 0 6 0 3 144 2 0 1 71 242 ආපදා කළමනාකරණ මධ්‍යස්ථානය /mdHj;j Kfhikj;Jt epiyak;/ Disaster Management Centre හදිසි ඇමතුම් / njhiyNgrp / Hot Lines: 117, 0112670002, 0112136136 ෆැක්ස්/ njhiy efy; / Fax: 0112670079 විදුත් තැපැල"
situation_20230410_0600_8f8987d9.pdf,Landslide,True,83,"ct ප්‍රා.ලේ. ලකා gpuNjr nra.gp DS Division පවුේ ස්ත්‍ංඛ්‍යාව FLk;gq;fs; Families පුද්ගලයින් egHfs; People පූර්ණ හානි KOik Fully අර්ධ හානි gFjpasT Partially කුඩා හා මධය පරිමාණ වයාපාරික ස්ත්‍රථාන சிறிய, நடுத்தர, நிறுவனங்களின் சேதங்கள்; Small, Medium, Enterprises Damages ඉතා වැදගත් යටිතල පහසුකම් වලට වූ හානි mbg;gilf; fl;likg;Gf;fs; Damages to critical Infrastructure ආරක්ිත ස්ත්‍රථාන ස්ත්‍ංඛ්‍යාව vz;zpf;i f No. of Safety Locations පවුේ ස්ත්‍ංඛ්‍යාව FLk;gq;f s; Families පුද්ගලයින් egHfs; Persons 1 බදුල්ල gJs;is Badulla Haldummulla Landslide 2023.03.19 71 242 6 3 37 1 71 242 Safety center at Mahakanda Tea Factory 71 242 0 6 0 3 37 0 0 1 71 242 71 242 0 6 0 3 37 0 0 1 71 242 High Wind 106 399 106 2 * පවුේ 22කට අයත් පුද්ගලයින් 84ක් ඥාතී නිවාස්ත්‍ වල රඳවා ඇත. වියලි ස්ත්‍ලාක ලබා දී ඇත. Lightning 1 5 1 107 404 0 0 0 0 107 2 0 0 0 0 107 404 0 0 0 0 107 2 0 0 0 0 178 646 0 6 0 3 144 2 0 1 71 242 ආපදා කළමනාකරණ මධ්‍යස්ථානය /mdHj;j Kfhikj;Jt epiyak;/ Disaster Management Centre හදිසි ඇමතුම් / njhiyNgrp / Hot Lines: 117, 0112670002, 0112136136 ෆැක්ස්/ njhiy efy; / Fax: 0112670079 විදුත් තැපැල"
situation_20230410_1800_9c9479c4.pdf,Landslide,True,139,"ct ප්‍රා.ලේ. ලකා gpuNjr nra.gp DS Division පවුේ ස්ත්‍ංඛ්‍යාව FLk;gq;fs; Families පුද්ගලයින් egHfs; People පූර්ණ හානි KOik Fully අර්ධ හානි gFjpasT Partially කුඩා හා මධය පරිමාණ වයාපාරික ස්ත්‍රථාන சிறிய, நடுத்தர, நிறுவனங்களின் சேதங்கள்; Small, Medium, Enterprises Damages ඉතා වැදගත් යටිතල පහසුකම් වලට වූ හානි mbg;gilf; fl;likg;Gf;fs; Damages to critical Infrastructure ආරක්ිත ස්ත්‍රථාන ස්ත්‍ංඛ්‍යාව vz;zpf;i f No. of Safety Locations පවුේ ස්ත්‍ංඛ්‍යාව FLk;gq;f s; Families පුද්ගලයින් egHfs; Persons 1 බදුල්ල gJs;is Badulla Haldummulla Landslide 2023.03.19 71 242 6 3 37 1 71 242 Safety center at Mahakanda Tea Factory 71 242 0 6 0 3 37 0 0 1 71 242 71 242 0 6 0 3 37 0 0 1 71 242 High Wind 2023.04.06 126 485 126 3 Lightning 2023.04.06 3 13 3 Lightning 2023.04.07 1 4 1 2023.04.05 1 3 1 2023.04.06 8 34 9 1 2023.04.07 1 2 2 Dehiovita Tree Fallen 2023.04.07 2 7 2 Mawanella Tree Fallen 2023.04.06 2 7 2 1 Bulathkohupitiya Lightning 2023.04.07 4 17 4 2023.04.08 8 26 8 2023.04.07 1 4 1 Lightning 2023.04.09 3 10 3 Lightning 2023.04.08 1 3 1 161 615 0 0 0 0 163 5 0 0 0 0 Godakawela High Wind 2023.04.06 1 4 1 Kahawaththa Heavy Rain 2023.04.07 1"
situation_20230411_0600_0537015d.pdf,Landslide,True,139,"ct ප්‍රා.ලේ. ලකා gpuNjr nra.gp DS Division පවුේ ස්ත්‍ංඛ්‍යාව FLk;gq;fs; Families පුද්ගලයින් egHfs; People පූර්ණ හානි KOik Fully අර්ධ හානි gFjpasT Partially කුඩා හා මධය පරිමාණ වයාපාරික ස්ත්‍රථාන சிறிய, நடுத்தர, நிறுவனங்களின் சேதங்கள்; Small, Medium, Enterprises Damages ඉතා වැදගත් යටිතල පහසුකම් වලට වූ හානි mbg;gilf; fl;likg;Gf;fs; Damages to critical Infrastructure ආරක්ිත ස්ත්‍රථාන ස්ත්‍ංඛ්‍යාව vz;zpf;i f No. of Safety Locations පවුේ ස්ත්‍ංඛ්‍යාව FLk;gq;f s; Families පුද්ගලයින් egHfs; Persons 1 බදුල්ල gJs;is Badulla Haldummulla Landslide 2023.03.19 71 242 6 3 37 1 71 242 Safety center at Mahakanda Tea Factory 71 242 0 6 0 3 37 0 0 1 71 242 71 242 0 6 0 3 37 0 0 1 71 242 High Wind 2023.04.06 126 485 126 3 Lightning 2023.04.06 3 13 3 Lightning 2023.04.07 1 4 1 2023.04.05 1 3 1 2023.04.06 8 34 9 1 2023.04.07 1 2 2 Dehiovita Tree Fallen 2023.04.07 2 7 2 Mawanella Tree Fallen 2023.04.06 2 7 2 1 Bulathkohupitiya Lightning 2023.04.07 4 17 4 2023.04.08 8 26 8 2023.04.07 1 4 1 Lightning 2023.04.09 3 10 3 Lightning 2023.04.08 1 3 1 161 615 0 0 0 0 163 5 0 0 0 0 Godakawela High Wind 2023.04.06 1 4 1 Kahawaththa Heavy Rain 2023.04.07 1"
situation_20230411_1800_c4f4abf1.pdf,Landslide,True,146,"ct ප්‍රා.ලේ. ලකා gpuNjr nra.gp DS Division පවුේ ස්ත්‍ංඛ්‍යාව FLk;gq;fs; Families පුද්ගලයින් egHfs; People පූර්ණ හානි KOik Fully අර්ධ හානි gFjpasT Partially කුඩා හා මධය පරිමාණ වයාපාරික ස්ත්‍රථාන சிறிய, நடுத்தர, நிறுவனங்களின் சேதங்கள்; Small, Medium, Enterprises Damages ඉතා වැදගත් යටිතල පහසුකම් වලට වූ හානි mbg;gilf; fl;likg;Gf;fs; Damages to critical Infrastructure ආරක්ිත ස්ත්‍රථාන ස්ත්‍ංඛ්‍යාව vz;zpf;i f No. of Safety Locations පවුේ ස්ත්‍ංඛ්‍යාව FLk;gq;f s; Families පුද්ගලයින් egHfs; Persons 1 බදුල්ල gJs;is Badulla Haldummulla Landslide 2023.03.19 70 240 6 3 37 1 70 240 Safety center at Mahakanda Tea Factory 70 240 0 6 0 3 37 0 0 1 70 240 70 240 0 6 0 3 37 0 0 1 70 240 High Wind 2023.04.06 126 485 126 3 Lightning 2023.04.06 3 13 3 Lightning 2023.04.07 1 4 1 130 502 0 0 0 0 130 3 0 0 0 0 Kiriella Lightning 2023.04.09 1 4 1 Elapatha Lightning 2023.04.09 1 4 1 2 8 0 0 0 0 2 0 0 0 0 0 132 510 0 0 0 0 132 3 0 0 0 0 4 හම්බන්තොට `k;ghe;Njhl;il Hambantota Beliaththa Tree Fallen 2023.04.11 1 2 1 1 2 0 0 0 0 1 0 0 0 0 0 1 2 0 0 0 0 1 0 0 0 0 0 203 752 0 6 0 3 170 3 0 1 70 240 ආපදො කළමනොකරණ මධ්‍යස්ථොනය /mdHj;j"
situation_20230412_0600_bcbad21f.pdf,Landslide,True,143,"ct ප්‍රා.ලේ. ලකා gpuNjr nra.gp DS Division පවුේ ස්ත්‍ංඛ්‍යාව FLk;gq;fs; Families පුද්ගලයින් egHfs; People පූර්ණ හානි KOik Fully අර්ධ හානි gFjpasT Partially කුඩා හා මධය පරිමාණ වයාපාරික ස්ත්‍රථාන சிறிய, நடுத்தர, நிறுவனங்களின் சேதங்கள்; Small, Medium, Enterprises Damages ඉතා වැදගත් යටිතල පහසුකම් වලට වූ හානි mbg;gilf; fl;likg;Gf;fs; Damages to critical Infrastructure ආරක්ිත ස්ත්‍රථාන ස්ත්‍ංඛ්‍යාව vz;zpf;i f No. of Safety Locations පවුේ ස්ත්‍ංඛ්‍යාව FLk;gq;f s; Families පුද්ගලයින් egHfs; Persons 1 බදුල්ල gJs;is Badulla Haldummulla Landslide 2023.03.19 70 240 6 3 37 1 70 240 Safety center at Mahakanda Tea Factory 70 240 0 6 0 3 37 0 0 1 70 240 70 240 0 6 0 3 37 0 0 1 70 240 High Wind 2023.04.06 126 485 126 3 Lightning 2023.04.06 3 13 3 Lightning 2023.04.07 1 4 1 130 502 0 0 0 0 130 3 0 0 0 0 Kiriella Lightning 2023.04.09 1 4 1 Elapatha Lightning 2023.04.09 1 4 1 2 8 0 0 0 0 2 0 0 0 0 0 132 510 0 0 0 0 132 3 0 0 0 0 4 හම්බන්තොට `k;ghe;Njhl;il Hambantota Beliaththa Tree Fallen 2023.04.11 1 2 1 1 2 0 0 0 0 1 0 0 0 0 0 5 ගොල්ල fhyp Galle Welivitiya Divithura Fire 2023.04.11 1 4 1 1 4 0 0 0 0 1 0 0 0 0 0 2 6"
situation_20230412_1800_69ce43ce.pdf,Landslide,True,124,"ct ප්‍රා.ලේ. ලකා gpuNjr nra.gp DS Division පවුේ ස්ත්‍ංඛ්‍යාව FLk;gq;fs; Families පුද්ගලයින් egHfs; People පූර්ණ හානි KOik Fully අර්ධ හානි gFjpasT Partially කුඩා හා මධය පරිමාණ වයාපාරික ස්ත්‍රථාන சிறிய, நடுத்தர, நிறுவனங்களின் சேதங்கள்; Small, Medium, Enterprises Damages ඉතා වැදගත් යටිතල පහසුකම් වලට වූ හානි mbg;gilf; fl;likg;Gf;fs; Damages to critical Infrastructure ආරක්ිත ස්ත්‍රථාන ස්ත්‍ංඛ්‍යාව vz;zpf;i f No. of Safety Locations පවුේ ස්ත්‍ංඛ්‍යාව FLk;gq;f s; Families පුද්ගලයින් egHfs; Persons 1 බදුල්ල gJs;is Badulla Haldummulla Landslide 2023.03.19 70 240 6 3 37 1 70 240 Safety center at Mahakanda Tea Factory 70 240 0 6 0 3 37 0 0 1 70 240 70 240 0 6 0 3 37 0 0 1 70 240 High Wind 2023.04.06 126 485 126 3 Lightning 2023.04.06 3 13 3 Lightning 2023.04.07 1 4 1 130 502 0 0 0 0 130 3 0 0 0 0 2023.04.06 1 3 1 2023.04.10 1 3 1 Elapatha 2023.04.10 1 3 1 3 9 0 0 0 0 3 0 0 0 0 0 133 511 0 0 0 0 133 3 0 0 0 0 203 751 0 6 0 3 170 3 0 1 70 240 ආපදා කළමනාකරණ මධ්‍යස්ථානය /mdHj;j Kfhikj;Jt epiyak;/ Disaster Management Centre හදිසි ඇමතුම් / njhiyNgrp / Hot Lines: 117, 0112670002, 0112136136 ෆැක්ස්/ njhiy efy; /"
situation_20230413_1800_fc4f8b47.pdf,Landslide,True,124,"ct ප්‍රා.ලේ. ලකා gpuNjr nra.gp DS Division පවුේ ස්ත්‍ංඛ්‍යාව FLk;gq;fs; Families පුද්ගලයින් egHfs; People පූර්ණ හානි KOik Fully අර්ධ හානි gFjpasT Partially කුඩා හා මධය පරිමාණ වයාපාරික ස්ත්‍රථාන சிறிய, நடுத்தர, நிறுவனங்களின் சேதங்கள்; Small, Medium, Enterprises Damages ඉතා වැදගත් යටිතල පහසුකම් වලට වූ හානි mbg;gilf; fl;likg;Gf;fs; Damages to critical Infrastructure ආරක්ිත ස්ත්‍රථාන ස්ත්‍ංඛ්‍යාව vz;zpf;i f No. of Safety Locations පවුේ ස්ත්‍ංඛ්‍යාව FLk;gq;f s; Families පුද්ගලයින් egHfs; Persons 1 බදුල්ල gJs;is Badulla Haldummulla Landslide 2023.03.19 70 240 6 3 37 1 70 240 Safety center at Mahakanda Tea Factory 70 240 0 6 0 3 37 0 0 1 70 240 70 240 0 6 0 3 37 0 0 1 70 240 High Wind 2023.04.06 126 485 126 3 Lightning 2023.04.06 3 13 3 Lightning 2023.04.07 1 4 1 130 502 0 0 0 0 130 3 0 0 0 0 2023.04.06 1 3 1 2023.04.10 1 3 1 Elapatha 2023.04.10 1 3 1 3 9 0 0 0 0 3 0 0 0 0 0 133 511 0 0 0 0 133 3 0 0 0 0 203 751 0 6 0 3 170 3 0 1 70 240 ආපදා කළමනාකරණ මධ්‍යස්ථානය /mdHj;j Kfhikj;Jt epiyak;/ Disaster Management Centre හදිසි ඇමතුම් / njhiyNgrp / Hot Lines: 117, 0112670002, 0112136136 ෆැක්ස්/ njhiy efy; /"
situation_20230414_1800_69d454e2.pdf,Landslide,True,124,"ct ප්‍රා.ලේ. ලකා gpuNjr nra.gp DS Division පවුේ ස්ත්‍ංඛ්‍යාව FLk;gq;fs; Families පුද්ගලයින් egHfs; People පූර්ණ හානි KOik Fully අර්ධ හානි gFjpasT Partially කුඩා හා මධය පරිමාණ වයාපාරික ස්ත්‍රථාන சிறிய, நடுத்தர, நிறுவனங்களின் சேதங்கள்; Small, Medium, Enterprises Damages ඉතා වැදගත් යටිතල පහසුකම් වලට වූ හානි mbg;gilf; fl;likg;Gf;fs; Damages to critical Infrastructure ආරක්ිත ස්ත්‍රථාන ස්ත්‍ංඛ්‍යාව vz;zpf;i f No. of Safety Locations පවුේ ස්ත්‍ංඛ්‍යාව FLk;gq;f s; Families පුද්ගලයින් egHfs; Persons 1 බදුල්ල gJs;is Badulla Haldummulla Landslide 2023.03.19 70 240 6 3 37 1 70 240 Safety center at Mahakanda Tea Factory 70 240 0 6 0 3 37 0 0 1 70 240 70 240 0 6 0 3 37 0 0 1 70 240 High Wind 2023.04.06 126 485 126 3 Lightning 2023.04.06 3 13 3 Lightning 2023.04.07 1 4 1 130 502 0 0 0 0 130 3 0 0 0 0 130 502 0 0 0 0 130 3 0 0 0 0 3 ගාල්ල fhyp Galle Hikkaduwa Lightning 2023.04.13 2 11 2 2 11 0 0 0 0 2 0 0 0 0 0 2 11 0 0 0 0 2 0 0 0 0 0 202 753 0 6 0 3 169 3 0 1 70 240 ආපදා කළමනාකරණ මධ්‍යස්ථානය /mdHj;j Kfhikj;Jt epiyak;/ Disaster Management Centre හදිසි ඇමතුම් / njhiyNgrp / Hot Lines: 117, 0"
situation_20230418_0600_d5d29293.pdf,Landslide,True,135,"ct ප්‍රා.ලේ. ලකා gpuNjr nra.gp DS Division පවුේ ස්ත්‍ංඛ්‍යාව FLk;gq;fs; Families පුද්ගලයින් egHfs; People පූර්ණ හානි KOik Fully අර්ධ හානි gFjpasT Partially කුඩා හා මධය පරිමාණ වයාපාරික ස්ත්‍රථාන சிறிய, நடுத்தர, நிறுவனங்களின் சேதங்கள்; Small, Medium, Enterprises Damages ඉතා වැදගත් යටිතල පහසුකම් වලට වූ හානි mbg;gilf; fl;likg;Gf;fs; Damages to critical Infrastructure ආරක්ිත ස්ත්‍රථාන ස්ත්‍ංඛ්‍යාව vz;zpf;i f No. of Safety Locations පවුේ ස්ත්‍ංඛ්‍යාව FLk;gq;f s; Families පුද්ගලයින් egHfs; Persons 1 බදුල්ල gJs;is Badulla Haldummulla Landslide 2023.03.19 70 240 6 3 37 1 70 240 Safety center at Mahakanda Tea Factory 70 240 0 6 0 3 37 0 0 1 70 240 70 240 0 6 0 3 37 0 0 1 70 240 Warakapola Lightning 2023.04.16 3 14 3 Fire 2023.04.12 1 2 1 1 Lightning 2023.04.16 2 7 2 Ruwanwella Lightning 2023.04.15 2 9 1 2 2 Kegalle Lightning 2023.04.15 1 4 1 Mawanella Tree Fallen 2023.04.16 1 5 1 Deraniyagala Lightning/Tree Fallen 2023.04.14/15 13 51 13 23 92 2 2 0 0 23 0 0 0 0 0 Godakawela High Wind 2023.04.10/13/14 3 9 3 Ebilipitiya High Wind 2023.04.13/14 12 39 12 Kalawana High Wind 2023.04.16 6 22 6 21 70 0 0 0 0 21 0 0 0 0 0 44 162 2 2 0 0 44 0"
situation_20230418_1800_a3b5b367.pdf,Landslide,True,122,"ct ප්‍රා.ලේ. ලකා gpuNjr nra.gp DS Division පවුේ ස්ත්‍ංඛ්‍යාව FLk;gq;fs; Families පුද්ගලයින් egHfs; People පූර්ණ හානි KOik Fully අර්ධ හානි gFjpasT Partially කුඩා හා මධය පරිමාණ වයාපාරික ස්ත්‍රථාන சிறிய, நடுத்தர, நிறுவனங்களின் சேதங்கள்; Small, Medium, Enterprises Damages ඉතා වැදගත් යටිතල පහසුකම් වලට වූ හානි mbg;gilf; fl;likg;Gf;fs; Damages to critical Infrastructure ආරක්ිත ස්ත්‍රථාන ස්ත්‍ංඛ්‍යාව vz;zpf;i f No. of Safety Locations පවුේ ස්ත්‍ංඛ්‍යාව FLk;gq;f s; Families පුද්ගලයින් egHfs; Persons 1 බදුල්ල gJs;is Badulla Haldummulla Landslide 2023.03.19 70 240 6 3 37 1 70 240 Safety center at Mahakanda Tea Factory 70 240 0 6 0 3 37 0 0 1 70 240 70 240 0 6 0 3 37 0 0 1 70 240 Warakapola Lightning 2023.04.16 4 19 4 Fire 2023.04.12 1 2 1 1 Lightning 2023.04.16 2 7 2 Tree Fallen 2023.04.17/18 2 5 2 Ruwanwella Lightning 2023.04.15 2 9 1 2 2 Kegalle Lightning 2023.04.15 1 4 1 Mawanella Tree Fallen 2023.04.16 3 10 3 Deraniyagala Lightning/Tree Fallen 2023.04.14/15 13 51 13 Dehiovita Heavy Rain 2023.04.17 1 2 1 29 109 2 2 0 0 29 0 0 0 0 0 Godakawela High Wind 2023.04.10/13/14 3 9 3 Ebilipitiya High Wind 2023.04.13/14 12 39 12 Kalawana Hi"
situation_20230419_1800_cb0aa182.pdf,Landslide,True,139,"ct ප්‍රා.ලේ. ලකා gpuNjr nra.gp DS Division පවුේ ස්ත්‍ංඛ්‍යාව FLk;gq;fs; Families පුද්ගලයින් egHfs; People පූර්ණ හානි KOik Fully අර්ධ හානි gFjpasT Partially කුඩා හා මධය පරිමාණ වයාපාරික ස්ත්‍රථාන சிறிய, நடுத்தர, நிறுவனங்களின் சேதங்கள்; Small, Medium, Enterprises Damages ඉතා වැදගත් යටිතල පහසුකම් වලට වූ හානි mbg;gilf; fl;likg;Gf;fs; Damages to critical Infrastructure ආරක්ිත ස්ත්‍රථාන ස්ත්‍ංඛ්‍යාව vz;zpf;i f No. of Safety Locations පවුේ ස්ත්‍ංඛ්‍යාව FLk;gq;f s; Families පුද්ගලයින් egHfs; Persons 1 බදුල්ල gJs;is Badulla Haldummulla Landslide 2023.03.19 70 240 6 3 37 1 70 240 Safety center at Mahakanda Tea Factory 70 240 0 6 0 3 37 0 0 1 70 240 70 240 0 6 0 3 37 0 0 1 70 240 Godakawela High Wind 2023.04.10/13/14 3 9 3 Ebilipitiya High Wind 2023.04.13/14 12 39 12 Kalawana High Wind 2023.04.16 6 22 6 Kiriella High Wind 2023.04.18 1 4 1 22 74 0 0 0 0 22 0 0 0 0 0 22 74 0 0 0 0 22 0 0 0 0 0 Mahoya 2023.04.12 649 2192 2 Pothuvil 2023.04.17 2639 8926 Lahugala 2023.04.17 143 510 3431 11628 0 0 0 0 2 0 0 0 0 0 3431 11628 0 0 0 0 2 0 0 0 0 0 3523 11942 0 6 0 3 61 0 0 1 70 240 ආපදා කළමනාකරණ මධ්‍යස්ථානය /mdHj;j Kfhikj;"
situation_20230420_1800_15116e45.pdf,Landslide,True,147,"ct ප්‍රා.ලේ. ලකා gpuNjr nra.gp DS Division පවුේ ස්ත්‍ංඛ්‍යාව FLk;gq;fs; Families පුද්ගලයින් egHfs; People පූර්ණ හානි KOik Fully අර්ධ හානි gFjpasT Partially කුඩා හා මධය පරිමාණ වයාපාරික ස්ත්‍රථාන சிறிய, நடுத்தர, நிறுவனங்களின் சேதங்கள்; Small, Medium, Enterprises Damages ඉතා වැදගත් යටිතල පහසුකම් වලට වූ හානි mbg;gilf; fl;likg;Gf;fs; Damages to critical Infrastructure ආරක්ිත ස්ත්‍රථාන ස්ත්‍ංඛ්‍යාව vz;zpf;i f No. of Safety Locations පවුේ ස්ත්‍ංඛ්‍යාව FLk;gq;f s; Families පුද්ගලයින් egHfs; Persons 1 බදුල්ල gJs;is Badulla Haldummulla Landslide 2023.03.19 70 240 6 3 37 1 70 240 Safety center at Mahakanda Tea Factory 70 240 0 6 0 3 37 0 0 1 70 240 70 240 0 6 0 3 37 0 0 1 70 240 Godakawela High Wind 2023.04.10/13/14 3 9 3 Ebilipitiya High Wind 2023.04.13/14 12 39 12 Kalawana High Wind 2023.04.16 6 22 6 Kiriella High Wind 2023.04.18 1 4 1 Elapatha Heavy Rain 2023.04.16 1 3 1 Godakawela High Wind 2023.04.18 1 5 1 24 82 0 0 0 0 24 0 0 0 0 0 24 82 0 0 0 0 24 0 0 0 0 0 Mahoya 2023.04.12 649 2192 2 Pothuvil 2023.04.17 2639 8926 Lahugala 2023.04.17 143 510 3431 11628 0 0 0 0 2 0 0 0 0 0 3431 11628 0 0 0 0 2 0 0 0 0 0 3525 11950 0 6 0 3 63 0"
situation_20230421_1800_9f0b34b1.pdf,Landslide,True,148,"ct ප්‍රා.ලේ. ලකා gpuNjr nra.gp DS Division පවුේ ස්ත්‍ංඛ්‍යාව FLk;gq;fs; Families පුද්ගලයින් egHfs; People පූර්ණ හානි KOik Fully අර්ධ හානි gFjpasT Partially කුඩා හා මධය පරිමාණ වයාපාරික ස්ත්‍රථාන சிறிய, நடுத்தர, நிறுவனங்களின் சேதங்கள்; Small, Medium, Enterprises Damages ඉතා වැදගත් යටිතල පහසුකම් වලට වූ හානි mbg;gilf; fl;likg;Gf;fs; Damages to critical Infrastructure ආරක්ිත ස්ත්‍රථාන ස්ත්‍ංඛ්‍යාව vz;zpf;i f No. of Safety Locations පවුේ ස්ත්‍ංඛ්‍යාව FLk;gq;f s; Families පුද්ගලයින් egHfs; Persons 1 බදුල්ල gJs;is Badulla Haldummulla Landslide 2023.03.19 70 240 6 3 37 1 70 240 Safety center at Mahakanda Tea Factory 70 240 0 6 0 3 37 0 0 1 70 240 70 240 0 6 0 3 37 0 0 1 70 240 Kuruwita High Wind 2023.04.20 4 16 4 Rathnapura High Wind 2023.04.13/14 4 14 4 8 30 0 0 0 0 8 0 0 0 0 0 Ruwanwella High Wind 2023.04.17 1 Yatiyantota High Wind 2023.04.17 3 11 3 3 11 0 0 0 0 4 0 0 0 0 0 11 41 0 0 0 0 12 0 0 0 0 0 Mahoya 2023.04.12 649 2192 2 Pothuvil 2023.04.17 2639 8926 Lahugala 2023.04.17 143 510 3431 11628 0 0 0 0 2 0 0 0 0 0 5 ත්‍රීකුණාමලය jp.kiy Trincomalee Kantale High Wind 2023.04.20 3 10 3 3 10 0 0 0 0 3 0 0 0 0 0 3434 11638 0 0 0 0"
situation_20230422_0600_9fb27a62.pdf,Landslide,True,148,"ct ප්‍රා.ලේ. ලකා gpuNjr nra.gp DS Division පවුේ ස්ත්‍ංඛ්‍යාව FLk;gq;fs; Families පුද්ගලයින් egHfs; People පූර්ණ හානි KOik Fully අර්ධ හානි gFjpasT Partially කුඩා හා මධය පරිමාණ වයාපාරික ස්ත්‍රථාන சிறிய, நடுத்தர, நிறுவனங்களின் சேதங்கள்; Small, Medium, Enterprises Damages ඉතා වැදගත් යටිතල පහසුකම් වලට වූ හානි mbg;gilf; fl;likg;Gf;fs; Damages to critical Infrastructure ආරක්ිත ස්ත්‍රථාන ස්ත්‍ංඛ්‍යාව vz;zpf;i f No. of Safety Locations පවුේ ස්ත්‍ංඛ්‍යාව FLk;gq;f s; Families පුද්ගලයින් egHfs; Persons 1 බදුල්ල gJs;is Badulla Haldummulla Landslide 2023.03.19 70 240 6 3 37 1 70 240 Safety center at Mahakanda Tea Factory 70 240 0 6 0 3 37 0 0 1 70 240 70 240 0 6 0 3 37 0 0 1 70 240 Kuruwita High Wind 2023.04.20 4 16 4 Rathnapura High Wind 2023.04.13/14 4 14 4 8 30 0 0 0 0 8 0 0 0 0 0 Ruwanwella High Wind 2023.04.17 1 Yatiyantota High Wind 2023.04.17 3 11 3 3 11 0 0 0 0 4 0 0 0 0 0 11 41 0 0 0 0 12 0 0 0 0 0 Mahoya 2023.04.12 649 2192 2 Pothuvil 2023.04.17 2639 8926 Lahugala 2023.04.17 143 510 3431 11628 0 0 0 0 2 0 0 0 0 0 5 ත්‍රීකුණාමලය jp.kiy Trincomalee Kantale High Wind 2023.04.20 3 10 3 3 10 0 0 0 0 3 0 0 0 0 0 3434 11638 0 0 0 0"
situation_20230422_1800_238e9413.pdf,Landslide,True,127,"ct ප්‍රා.ලේ. ලකා gpuNjr nra.gp DS Division පවුේ ස්ත්‍ංඛ්‍යාව FLk;gq;fs; Families පුද්ගලයින් egHfs; People පූර්ණ හානි KOik Fully අර්ධ හානි gFjpasT Partially කුඩා හා මධය පරිමාණ වයාපාරික ස්ත්‍රථාන சிறிய, நடுத்தர, நிறுவனங்களின் சேதங்கள்; Small, Medium, Enterprises Damages ඉතා වැදගත් යටිතල පහසුකම් වලට වූ හානි mbg;gilf; fl;likg;Gf;fs; Damages to critical Infrastructure ආරක්ිත ස්ත්‍රථාන ස්ත්‍ංඛ්‍යාව vz;zpf;i f No. of Safety Locations පවුේ ස්ත්‍ංඛ්‍යාව FLk;gq;f s; Families පුද්ගලයින් egHfs; Persons 1 බදුල්ල gJs;is Badulla Haldummulla Landslide 2023.03.19 70 240 6 3 37 1 70 240 Safety center at Mahakanda Tea Factory 70 240 0 6 0 3 37 0 0 1 70 240 70 240 0 6 0 3 37 0 0 1 70 240 Mahoya 2023.04.12 649 2192 2 Pothuvil 2023.04.17 2639 8926 Lahugala 2023.04.17 143 510 3431 11628 0 0 0 0 2 0 0 0 0 0 3431 11628 0 0 0 0 2 0 0 0 0 0 Karachchi 2023.04.22 1 4 1 Kandawalai 2023.04.22 1 1 1 2 5 0 0 0 0 2 0 0 0 0 0 2 5 0 0 0 0 2 0 0 0 0 0 3503 11873 0 6 0 3 41 0 0 1 70 240 ආපදා කළමනාකරණ මධ්‍යස්ථානය /mdHj;j Kfhikj;Jt epiyak;/ Disaster Management Centre හදිසි ඇමතුම් / njhiyNgrp / Hot Lines: 117, 0112670002, 0112136136 ෆ"
situation_20230423_0600_4f2fb9d1.pdf,Flood,True,192,"ූ හානි mbg;gilf; fl;likg;Gf;fs; Damages to critical Infrastructure ආරක්ිත ස්ත්‍රථාන ස්ත්‍ංඛ්‍යාව vz;zpf;i f No. of Safety Locations පවුේ ස්ත්‍ංඛ්‍යාව FLk;gq;f s; Families පුද්ගලයින් egHfs; Persons 1 බදුල්ල gJs;is Badulla Haldummulla Landslide 2023.03.19 70 240 6 3 37 1 70 240 Safety center at Mahakanda Tea Factory 70 240 0 6 0 3 37 0 0 1 70 240 70 240 0 6 0 3 37 0 0 1 70 240 Mahoya 2023.04.12 649 2192 Pothuvil 2023.04.17 2639 8926 Lahugala 2023.04.17 143 510 3431 11628 0 0 0 0 0 0 0 0 0 0 3431 11628 0 0 0 0 0 0 0 0 0 0 3 නුවරඑලිය Etnuypah Nuwara Eliya Ambagamuwa Flood 2023.04.24 14 52 14 1 10 30 Gawarawila Church 14 52 0 0 0 0 14 0 0 1 10 30 14 52 0 0 0 0 14 0 0 1 10 30 Pallama Lightning 2023.04.28 1 4 1 Mundalama High Wind 2023.04.28 1 3 1 2 7 1 0 0 0 1 0 0 0 0 0 2 7 1 0 0 0 1 0 0 0 0 0 Tree Fallan 104 456 104 Lightning 2 9 1 2 106 465 1 0 0 0 106 0 0 0 0 0 106 465 1 0 0 0 106 0 0 0 0 0 3623 12392 2 6 0 3 158 0 0 2 80 270 ආපදා කළමනාකරණ මධ්‍යස්ථානය /mdHj;j Kfhikj;Jt epiyak;/ Disaster Management Centre හදිසි ඇමතුම් / njhiyNgrp / Hot Lines: 117, 0112670002, 0112136136 ෆැක්ස්/ njhiy efy; / Fax: 0112670079 විදුත් ත"
situation_20230423_0600_4f2fb9d1.pdf,Landslide,True,151,"ct ප්‍රා.ලේ. ලකා gpuNjr nra.gp DS Division පවුේ ස්ත්‍ංඛ්‍යාව FLk;gq;fs; Families පුද්ගලයින් egHfs; People පූර්ණ හානි KOik Fully අර්ධ හානි gFjpasT Partially කුඩා හා මධය පරිමාණ වයාපාරික ස්ත්‍රථාන சிறிய, நடுத்தர, நிறுவனங்களின் சேதங்கள்; Small, Medium, Enterprises Damages ඉතා වැදගත් යටිතල පහසුකම් වලට වූ හානි mbg;gilf; fl;likg;Gf;fs; Damages to critical Infrastructure ආරක්ිත ස්ත්‍රථාන ස්ත්‍ංඛ්‍යාව vz;zpf;i f No. of Safety Locations පවුේ ස්ත්‍ංඛ්‍යාව FLk;gq;f s; Families පුද්ගලයින් egHfs; Persons 1 බදුල්ල gJs;is Badulla Haldummulla Landslide 2023.03.19 70 240 6 3 37 1 70 240 Safety center at Mahakanda Tea Factory 70 240 0 6 0 3 37 0 0 1 70 240 70 240 0 6 0 3 37 0 0 1 70 240 Mahoya 2023.04.12 649 2192 Pothuvil 2023.04.17 2639 8926 Lahugala 2023.04.17 143 510 3431 11628 0 0 0 0 0 0 0 0 0 0 3431 11628 0 0 0 0 0 0 0 0 0 0 3 නුවරඑලිය Etnuypah Nuwara Eliya Ambagamuwa Flood 2023.04.24 14 52 14 1 10 30 Gawarawila Church 14 52 0 0 0 0 14 0 0 1 10 30 14 52 0 0 0 0 14 0 0 1 10 30 Pallama Lightning 2023.04.28 1 4 1 Mundalama High Wind 2023.04.28 1 3 1 2 7 1 0 0 0 1 0 0 0 0 0 2 7 1 0 0 0 1 0 0 0 0 0 Tree Fallan 104 456 104 Lightning 2 9 1"
situation_20230423_0600_98cd8395.pdf,Landslide,True,145,"ct ප්‍රා.ලේ. ලකා gpuNjr nra.gp DS Division පවුේ ස්ත්‍ංඛ්‍යාව FLk;gq;fs; Families පුද්ගලයින් egHfs; People පූර්ණ හානි KOik Fully අර්ධ හානි gFjpasT Partially කුඩා හා මධය පරිමාණ වයාපාරික ස්ත්‍රථාන சிறிய, நடுத்தர, நிறுவனங்களின் சேதங்கள்; Small, Medium, Enterprises Damages ඉතා වැදගත් යටිතල පහසුකම් වලට වූ හානි mbg;gilf; fl;likg;Gf;fs; Damages to critical Infrastructure ආරක්ිත ස්ත්‍රථාන ස්ත්‍ංඛ්‍යාව vz;zpf;i f No. of Safety Locations පවුේ ස්ත්‍ංඛ්‍යාව FLk;gq;f s; Families පුද්ගලයින් egHfs; Persons 1 බදුල්ල gJs;is Badulla Haldummulla Landslide 2023.03.19 70 240 6 3 37 1 70 240 Safety center at Mahakanda Tea Factory 70 240 0 6 0 3 37 0 0 1 70 240 70 240 0 6 0 3 37 0 0 1 70 240 Mahoya 2023.04.12 649 2192 2 Pothuvil 2023.04.17 2639 8926 Lahugala 2023.04.17 143 510 3431 11628 0 0 0 0 2 0 0 0 0 0 3431 11628 0 0 0 0 2 0 0 0 0 0 Karachchi 2023.04.22 1 4 1 Kandawalai 2023.04.22 1 1 1 2 5 0 0 0 0 2 0 0 0 0 0 4 යාපනය aho;g;ghzk; Jaffna Chavakachcheri High wind 2023.04.22 10 32 9 1 2 10 32 0 0 0 0 9 1 2 0 0 0 12 37 0 0 0 0 11 1 2 0 0 0 3513 11905 0 6 0 3 50 1 2 1 70 240 ආපදා කළමනාකරණ මධ්‍යස්ථානය /mdHj;j Kfhikj;Jt epiya"
situation_20230423_1800_9113d949.pdf,Landslide,True,122,"ct ප්‍රා.ලේ. ලකා gpuNjr nra.gp DS Division පවුේ ස්ත්‍ංඛ්‍යාව FLk;gq;fs; Families පුද්ගලයින් egHfs; People පූර්ණ හානි KOik Fully අර්ධ හානි gFjpasT Partially කුඩා හා මධය පරිමාණ වයාපාරික ස්ත්‍රථාන சிறிய, நடுத்தர, நிறுவனங்களின் சேதங்கள்; Small, Medium, Enterprises Damages ඉතා වැදගත් යටිතල පහසුකම් වලට වූ හානි mbg;gilf; fl;likg;Gf;fs; Damages to critical Infrastructure ආරක්ිත ස්ත්‍රථාන ස්ත්‍ංඛ්‍යාව vz;zpf;i f No. of Safety Locations පවුේ ස්ත්‍ංඛ්‍යාව FLk;gq;f s; Families පුද්ගලයින් egHfs; Persons 1 බදුල්ල gJs;is Badulla Haldummulla Landslide 2023.03.19 70 240 6 3 37 1 70 240 Safety center at Mahakanda Tea Factory 70 240 0 6 0 3 37 0 0 1 70 240 70 240 0 6 0 3 37 0 0 1 70 240 Mahoya 2023.04.12 649 2192 2 Pothuvil 2023.04.17 2639 8926 Lahugala 2023.04.17 143 510 3431 11628 0 0 0 0 2 0 0 0 0 0 3431 11628 0 0 0 0 2 0 0 0 0 0 3 යාපනය aho;g;ghzk; Jaffna Chavakachcheri High wind 2023.04.22 15 50 14 1 2 15 50 0 0 0 0 14 1 2 0 0 0 15 50 0 0 0 0 14 1 2 0 0 0 3516 11918 0 6 0 3 53 1 2 1 70 240 ආපදා කළමනාකරණ මධ්‍යස්ථානය /mdHj;j Kfhikj;Jt epiyak;/ Disaster Management Centre හදිසි ඇමතුම් / njhiyNgrp / Hot Lines: 117,"
situation_20230424_0600_7b38d6ce.pdf,Landslide,True,122,"ct ප්‍රා.ලේ. ලකා gpuNjr nra.gp DS Division පවුේ ස්ත්‍ංඛ්‍යාව FLk;gq;fs; Families පුද්ගලයින් egHfs; People පූර්ණ හානි KOik Fully අර්ධ හානි gFjpasT Partially කුඩා හා මධය පරිමාණ වයාපාරික ස්ත්‍රථාන சிறிய, நடுத்தர, நிறுவனங்களின் சேதங்கள்; Small, Medium, Enterprises Damages ඉතා වැදගත් යටිතල පහසුකම් වලට වූ හානි mbg;gilf; fl;likg;Gf;fs; Damages to critical Infrastructure ආරක්ිත ස්ත්‍රථාන ස්ත්‍ංඛ්‍යාව vz;zpf;i f No. of Safety Locations පවුේ ස්ත්‍ංඛ්‍යාව FLk;gq;f s; Families පුද්ගලයින් egHfs; Persons 1 බදුල්ල gJs;is Badulla Haldummulla Landslide 2023.03.19 70 240 6 3 37 1 70 240 Safety center at Mahakanda Tea Factory 70 240 0 6 0 3 37 0 0 1 70 240 70 240 0 6 0 3 37 0 0 1 70 240 Mahoya 2023.04.12 649 2192 2 Pothuvil 2023.04.17 2639 8926 Lahugala 2023.04.17 143 510 3431 11628 0 0 0 0 2 0 0 0 0 0 3431 11628 0 0 0 0 2 0 0 0 0 0 3 යාපනය aho;g;ghzk; Jaffna Chavakachcheri High wind 2023.04.22 15 50 14 1 2 15 50 0 0 0 0 14 1 2 0 0 0 15 50 0 0 0 0 14 1 2 0 0 0 3516 11918 0 6 0 3 53 1 2 1 70 240 ආපදා කළමනාකරණ මධ්‍යස්ථානය /mdHj;j Kfhikj;Jt epiyak;/ Disaster Management Centre හදිසි ඇමතුම් / njhiyNgrp / Hot Lines: 11"
situation_20230424_1800_e14f1b23.pdf,Landslide,True,138,"ct ප්‍රා.ලේ. ලකා gpuNjr nra.gp DS Division පවුේ ස්ත්‍ංඛ්‍යාව FLk;gq;fs; Families පුද්ගලයින් egHfs; People පූර්ණ හානි KOik Fully අර්ධ හානි gFjpasT Partially කුඩා හා මධය පරිමාණ වයාපාරික ස්ත්‍රථාන சிறிய, நடுத்தர, நிறுவனங்களின் சேதங்கள்; Small, Medium, Enterprises Damages ඉතා වැදගත් යටිතල පහසුකම් වලට වූ හානි mbg;gilf; fl;likg;Gf;fs; Damages to critical Infrastructure ආරක්ිත ස්ත්‍රථාන ස්ත්‍ංඛ්‍යාව vz;zpf;i f No. of Safety Locations පවුේ ස්ත්‍ංඛ්‍යාව FLk;gq;f s; Families පුද්ගලයින් egHfs; Persons 1 බදුල්ල gJs;is Badulla Haldummulla Landslide 2023.03.19 70 240 6 3 37 1 70 240 Safety center at Mahakanda Tea Factory 70 240 0 6 0 3 37 0 0 1 70 240 70 240 0 6 0 3 37 0 0 1 70 240 Mahoya 2023.04.12 649 2192 Pothuvil 2023.04.17 2639 8926 Lahugala 2023.04.17 143 510 3431 11628 0 0 0 0 0 0 0 0 0 0 High wind 2023.04.20/21 5 17 1 Lightning 2023.04.21 1 2 1 Kinniya 344 893 Serwila 1283 4323 Kuchchaveli 1038 3364 2671 8599 0 0 0 0 2 0 0 0 0 0 6172 20467 0 6 0 3 39 0 0 1 70 240 Chavakachcheri High wind 2023.04.22 16 56 15 1 2 Maruthankerny High wind 2023.04.23 1 16 56 0 0 0 0 15 1 3 0 0 0 Oddusuddan High wind 2023.04.21 1 3 1 High wind 2023.04"
situation_20230425_0600_8e45345e.pdf,Landslide,True,139,"ct ප්‍රා.ලේ. ලකා gpuNjr nra.gp DS Division පවුේ ස්ත්‍ංඛ්‍යාව FLk;gq;fs; Families පුද්ගලයින් egHfs; People පූර්ණ හානි KOik Fully අර්ධ හානි gFjpasT Partially කුඩා හා මධය පරිමාණ වයාපාරික ස්ත්‍රථාන சிறிய, நடுத்தர, நிறுவனங்களின் சேதங்கள்; Small, Medium, Enterprises Damages ඉතා වැදගත් යටිතල පහසුකම් වලට වූ හානි mbg;gilf; fl;likg;Gf;fs; Damages to critical Infrastructure ආරක්ිත ස්ත්‍රථාන ස්ත්‍ංඛ්‍යාව vz;zpf;i f No. of Safety Locations පවුේ ස්ත්‍ංඛ්‍යාව FLk;gq;f s; Families පුද්ගලයින් egHfs; Persons 1 බදුල්ල gJs;is Badulla Haldummulla Landslide 2023.03.19 70 240 6 3 37 1 70 240 Safety center at Mahakanda Tea Factory 70 240 0 6 0 3 37 0 0 1 70 240 70 240 0 6 0 3 37 0 0 1 70 240 Mahoya 2023.04.12 649 2192 Pothuvil 2023.04.17 2639 8926 Lahugala 2023.04.17 143 510 3431 11628 0 0 0 0 0 0 0 0 0 0 High wind 2023.04.20/21 5 17 1 Lightning 2023.04.21 1 2 1 Kinniya 344 893 Serwila 1283 4323 Kuchchaveli 1038 3364 2671 8599 0 0 0 0 2 0 0 0 0 0 6102 20227 0 0 0 0 2 0 0 0 0 0 Chavakachcheri High wind 2023.04.22 16 56 15 1 2 Maruthankerny High wind 2023.04.23 1 16 56 0 0 0 0 15 1 3 0 0 0 Oddusuddan High wind 2023.04.21 1 3 1 High wind 2023.04.21"
situation_20230425_1800_edb700c4.pdf,Landslide,True,137,"ct ප්‍රා.ලේ. ලකා gpuNjr nra.gp DS Division පවුේ ස්ත්‍ංඛ්‍යාව FLk;gq;fs; Families පුද්ගලයින් egHfs; People පූර්ණ හානි KOik Fully අර්ධ හානි gFjpasT Partially කුඩා හා මධය පරිමාණ වයාපාරික ස්ත්‍රථාන சிறிய, நடுத்தர, நிறுவனங்களின் சேதங்கள்; Small, Medium, Enterprises Damages ඉතා වැදගත් යටිතල පහසුකම් වලට වූ හානි mbg;gilf; fl;likg;Gf;fs; Damages to critical Infrastructure ආරක්ිත ස්ත්‍රථාන ස්ත්‍ංඛ්‍යාව vz;zpf;i f No. of Safety Locations පවුේ ස්ත්‍ංඛ්‍යාව FLk;gq;f s; Families පුද්ගලයින් egHfs; Persons 1 බදුල්ල gJs;is Badulla Haldummulla Landslide 2023.03.19 70 240 6 3 37 1 70 240 Safety center at Mahakanda Tea Factory 70 240 0 6 0 3 37 0 0 1 70 240 70 240 0 6 0 3 37 0 0 1 70 240 Mahoya 2023.04.12 649 2192 Pothuvil 2023.04.17 2639 8926 Lahugala 2023.04.17 143 510 3431 11628 0 0 0 0 0 0 0 0 0 0 Muthur 237 779 Kinniya 344 893 Seruwila 1283 4323 Kuchchaveli 1038 3364 Verugal 19 55 2921 9414 0 0 0 0 0 0 0 0 0 0 6352 21042 0 0 0 0 0 0 0 0 0 0 4 මුලතිව් Ky;iyj;jPT Mulaitivu Udaiyarkaddu South High wind & Rain 2023.04.24 1 6 1 1 6 0 0 0 0 1 0 0 0 0 0 1 6 0 0 0 0 1 0 0 0 0 0 Yatiyantota Lightning 2023.04.24 1 4 1 High Wind 3 10 3 Tree Falle"
situation_20230426_0600_098fe6c2.pdf,Landslide,True,137,"ct ප්‍රා.ලේ. ලකා gpuNjr nra.gp DS Division පවුේ ස්ත්‍ංඛ්‍යාව FLk;gq;fs; Families පුද්ගලයින් egHfs; People පූර්ණ හානි KOik Fully අර්ධ හානි gFjpasT Partially කුඩා හා මධය පරිමාණ වයාපාරික ස්ත්‍රථාන சிறிய, நடுத்தர, நிறுவனங்களின் சேதங்கள்; Small, Medium, Enterprises Damages ඉතා වැදගත් යටිතල පහසුකම් වලට වූ හානි mbg;gilf; fl;likg;Gf;fs; Damages to critical Infrastructure ආරක්ිත ස්ත්‍රථාන ස්ත්‍ංඛ්‍යාව vz;zpf;i f No. of Safety Locations පවුේ ස්ත්‍ංඛ්‍යාව FLk;gq;f s; Families පුද්ගලයින් egHfs; Persons 1 බදුල්ල gJs;is Badulla Haldummulla Landslide 2023.03.19 70 240 6 3 37 1 70 240 Safety center at Mahakanda Tea Factory 70 240 0 6 0 3 37 0 0 1 70 240 70 240 0 6 0 3 37 0 0 1 70 240 Mahoya 2023.04.12 649 2192 Pothuvil 2023.04.17 2639 8926 Lahugala 2023.04.17 143 510 3431 11628 0 0 0 0 0 0 0 0 0 0 Muthur 237 779 Kinniya 344 893 Seruwila 1283 4323 Kuchchaveli 1038 3364 Verugal 19 55 2921 9414 0 0 0 0 0 0 0 0 0 0 6352 21042 0 0 0 0 0 0 0 0 0 0 4 මුලතිව් Ky;iyj;jPT Mulaitivu Udaiyarkaddu South High wind & Rain 2023.04.24 1 6 1 1 6 0 0 0 0 1 0 0 0 0 0 1 6 0 0 0 0 1 0 0 0 0 0 Yatiyantota Lightning 2023.04.24 1 4 1 High Wind 3 10 3 Tree Falle"
situation_20230426_1800_4d729506.pdf,Flood,False,243,Wind 2023.04.20 1 5 1 Horowpothana High Wind 2023.04.20 1 4 1 Padaviya High Wind 2023.04.20-21 17 49 17 Talawa High Wind 2023.04.20-21 2 5 2 Palugaswewa High Wind 2023.04.22 7 25 7 Galenbindunuwewa High Wind 2023.04.21-23 5 20 5 High Wind & Rain 2023.04.20 10 32 10 High Wind 2023.04.21 1 3 1 Medawachchiya High Wind 2023.04.20 1 3 1 Rajanganaya High Wind 2023.04.21 1 3 1 Thambuttegama High Wind 2023.04.21 1 5 1 48 159 0 0 0 0 48 0 0 0 0 0 48 159 0 0 0 0 48 0 0 0 0 0 Nuwaraeliya Heavy Rain 2023.04.25 3 14 3 Kotmale Lightning 2023.04.24 1 4 1 Walapane Heavy Rain/ Wind 2023.04.25 1 3 1 Ambagamuwa Flood 2023.04.24 14 52 14 1 10 30 Gawarawila Church 19 73 0 0 0 0 19 0 0 1 10 30 19 73 0 0 0 0 19 0 0 1 10 30 Imaduwa Lightning 2023.04.21 10 36 10 Thawalama Lightning 2023.04.25 1 1 1 Niyagama High Wind 2023.04.25 1 6 1 12 43 0 0 0 0 12 0 0 0 0 0 12 43 0 0 0 0 12 0 0 0 0 0 Puttalama 10 39 9 1 1 Anamaduwa 9 24 5 4 Pallama 6 23 6 Arachchikattuwa 1 4 1 Karuwalagaswewa 1 3 1 Nawagaththegama 3 11 2 30 104 0 0 0 0 24 5 1 0 0 0 30 104 0 0 0 0 24 5 1 0 0 0 6687 22191 0 8 0 5 293 6 1 2 80 270 ආපදා කළමනාකරණ මධ්‍යසරථානය /mdHj;j Kfhikj;Jt epiyak;/ Disaster Management Centre හදිසි ඇමතුම
situation_20230426_1800_4d729506.pdf,Landslide,True,135,"ct ප්‍රා.ලේ. ලකා gpuNjr nra.gp DS Division පවුේ ස්ත්‍ංඛ්‍යාව FLk;gq;fs; Families පුද්ගලයින් egHfs; People පූර්ණ හානි KOik Fully අර්ධ හානි gFjpasT Partially කුඩා හා මධය පරිමාණ වයාපාරික ස්ත්‍රථාන சிறிய, நடுத்தர, நிறுவனங்களின் சேதங்கள்; Small, Medium, Enterprises Damages ඉතා වැදගත් යටිතල පහසුකම් වලට වූ හානි mbg;gilf; fl;likg;Gf;fs; Damages to critical Infrastructure ආරක්ිත ස්ත්‍රථාන ස්ත්‍ංඛ්‍යාව vz;zpf;i f No. of Safety Locations පවුේ ස්ත්‍ංඛ්‍යාව FLk;gq;f s; Families පුද්ගලයින් egHfs; Persons 1 බදුල්ල gJs;is Badulla Haldummulla Landslide 2023.03.19 70 240 6 3 37 1 70 240 Safety center at Mahakanda Tea Factory 70 240 0 6 0 3 37 0 0 1 70 240 70 240 0 6 0 3 37 0 0 1 70 240 Mahoya 2023.04.12 649 2192 Pothuvil 2023.04.17 2639 8926 Lahugala 2023.04.17 143 510 3431 11628 0 0 0 0 0 0 0 0 0 0 Muthur 237 779 Kinniya 344 893 Seruwila 1283 4323 Kuchchaveli 1038 3364 Verugal 19 55 2921 9414 0 0 0 0 0 0 0 0 0 0 6352 21042 0 0 0 0 0 0 0 0 0 0 4 මුලතිව් Ky;iyj;jPT Mulaitivu Udaiyarkaddu South High wind & Rain 2023.04.24 1 6 1 1 6 0 0 0 0 1 0 0 0 0 0 5 මන්නාරම kd;dhH Mannar Madhu High Wind 2023.04.13 2 6 1 2 6 0 0 0 0 1 0 0 0 0 0"
situation_20230427_0600_4534ed70.pdf,Flood,False,243,Wind 2023.04.20 1 5 1 Horowpothana High Wind 2023.04.20 1 4 1 Padaviya High Wind 2023.04.20-21 17 49 17 Talawa High Wind 2023.04.20-21 2 5 2 Palugaswewa High Wind 2023.04.22 7 25 7 Galenbindunuwewa High Wind 2023.04.21-23 5 20 5 High Wind & Rain 2023.04.20 10 32 10 High Wind 2023.04.21 1 3 1 Medawachchiya High Wind 2023.04.20 1 3 1 Rajanganaya High Wind 2023.04.21 1 3 1 Thambuttegama High Wind 2023.04.21 1 5 1 48 159 0 0 0 0 48 0 0 0 0 0 48 159 0 0 0 0 48 0 0 0 0 0 Nuwaraeliya Heavy Rain 2023.04.25 3 14 3 Kotmale Lightning 2023.04.24 1 4 1 Walapane Heavy Rain/ Wind 2023.04.25 1 3 1 Ambagamuwa Flood 2023.04.24 14 52 14 1 10 30 Gawarawila Church 19 73 0 0 0 0 19 0 0 1 10 30 19 73 0 0 0 0 19 0 0 1 10 30 Imaduwa Lightning 2023.04.21 10 36 10 Thawalama Lightning 2023.04.25 1 1 1 Niyagama High Wind 2023.04.25 1 6 1 12 43 0 0 0 0 12 0 0 0 0 0 12 43 0 0 0 0 12 0 0 0 0 0 Puttalama 10 39 9 1 1 Anamaduwa 9 24 5 4 Pallama 6 23 6 Arachchikattuwa 1 4 1 Karuwalagaswewa 1 3 1 Nawagaththegama 3 11 2 30 104 0 0 0 0 24 5 1 0 0 0 30 104 0 0 0 0 24 5 1 0 0 0 6687 22191 0 8 0 5 293 6 1 2 80 270 ආපදා කළමනාකරණ මධ්‍යස්ත්‍රථානය /mdHj;j Kfhikj;Jt epiyak;/ Disaster Management Centre හදිසි ඇ
situation_20230427_0600_4534ed70.pdf,Landslide,True,135,"ct ප්‍රා.ලේ. ලකා gpuNjr nra.gp DS Division පවුේ ස්ත්‍ංඛ්‍යාව FLk;gq;fs; Families පුද්ගලයින් egHfs; People පූර්ණ හානි KOik Fully අර්ධ හානි gFjpasT Partially කුඩා හා මධය පරිමාණ වයාපාරික ස්ත්‍රථාන சிறிய, நடுத்தர, நிறுவனங்களின் சேதங்கள்; Small, Medium, Enterprises Damages ඉතා වැදගත් යටිතල පහසුකම් වලට වූ හානි mbg;gilf; fl;likg;Gf;fs; Damages to critical Infrastructure ආරක්ිත ස්ත්‍රථාන ස්ත්‍ංඛ්‍යාව vz;zpf;i f No. of Safety Locations පවුේ ස්ත්‍ංඛ්‍යාව FLk;gq;f s; Families පුද්ගලයින් egHfs; Persons 1 බදුල්ල gJs;is Badulla Haldummulla Landslide 2023.03.19 70 240 6 3 37 1 70 240 Safety center at Mahakanda Tea Factory 70 240 0 6 0 3 37 0 0 1 70 240 70 240 0 6 0 3 37 0 0 1 70 240 Mahoya 2023.04.12 649 2192 Pothuvil 2023.04.17 2639 8926 Lahugala 2023.04.17 143 510 3431 11628 0 0 0 0 0 0 0 0 0 0 Muthur 237 779 Kinniya 344 893 Seruwila 1283 4323 Kuchchaveli 1038 3364 Verugal 19 55 2921 9414 0 0 0 0 0 0 0 0 0 0 6352 21042 0 0 0 0 0 0 0 0 0 0 4 මුලතිව් Ky;iyj;jPT Mulaitivu Udaiyarkaddu South High wind & Rain 2023.04.24 1 6 1 1 6 0 0 0 0 1 0 0 0 0 0 5 මන්නාරම kd;dhH Mannar Madhu High Wind 2023.04.13 2 6 1 2 6 0 0 0 0 1 0 0 0 0 0"
situation_20230427_1800_d9c6f5b0.pdf,Flood,False,177,j;jk; Muk;gpj;j jpfjp Date of commenced පළාත් ඵකතුව khfhz $l;Lj;njhif Province Total දිසරික් එකතුව khtl;l $l;Lj;njhif District Total 2 අම්පාර mk;ghiw Ampara Drought පළාත් ඵකතුව khfhz $l;Lj;njhif Province Total දිසරික් එකතුව khtl;l $l;Lj;njhif District Total දිසරික් එකතුව khtl;l $l;Lj;njhif District Total පළාත් ඵකතුව khfhz $l;Lj;njhif Province Total දිසරික් එකතුව khtl;l $l;Lj;njhif District Total Padukka 4 11 4 Kesbewa 2 8 2 Seethawaka 8 27 7 Kaduwela 1 4 1 Kolonnawa 1 5 1 16 55 0 0 0 0 15 0 0 0 0 0 16 55 0 0 0 0 15 0 0 0 0 0 8 නුවරඑලිය Etnuypah Nuwara Eliya Ambagamuwa Flood 2023.04.24 14 52 14 1 10 30 Gawarawila Church 14 52 0 0 0 0 14 0 0 1 10 30 14 52 0 0 0 0 14 0 0 1 10 30 Lightning 2023.04.26 1 5 1 High Wind 2023.04.26 1 3 1 2 8 0 0 0 0 2 0 0 0 0 0 2 8 0 0 0 0 2 0 0 0 0 0 Puttalama 2023.04.25 4 15 4 Wennappuwa 2023.04.25 4 18 3 Mundalama 2023.04.26 1 3 1 Dankotuwa High Wind 2023.04.26 1 6 1 Karuwalagaswewa High Wind/ Heavy Rain & Lightning 2023.04.26 17 64 17 2 27 106 0 0 0 0 26 0 2 0 0 0 27 106 0 0 0 0 26 0 2 0 0 0 6523 21667 1 6 0 3 136 3 2 2 80 270 ආපදා කළමනාකරණ මධ්‍යසරථානය /mdHj;j Kfhikj;Jt epiyak;/ Disaster Management Centre හදි
situation_20230427_1800_d9c6f5b0.pdf,Landslide,True,147,"ct ප්‍රා.ලේ. ලකා gpuNjr nra.gp DS Division පවුේ ස්ත්‍ංඛ්‍යාව FLk;gq;fs; Families පුද්ගලයින් egHfs; People පූර්ණ හානි KOik Fully අර්ධ හානි gFjpasT Partially කුඩා හා මධය පරිමාණ වයාපාරික ස්ත්‍රථාන சிறிய, நடுத்தர, நிறுவனங்களின் சேதங்கள்; Small, Medium, Enterprises Damages ඉතා වැදගත් යටිතල පහසුකම් වලට වූ හානි mbg;gilf; fl;likg;Gf;fs; Damages to critical Infrastructure ආරක්ිත ස්ත්‍රථාන ස්ත්‍ංඛ්‍යාව vz;zpf;i f No. of Safety Locations පවුේ ස්ත්‍ංඛ්‍යාව FLk;gq;f s; Families පුද්ගලයින් egHfs; Persons 1 බදුල්ල gJs;is Badulla Haldummulla Landslide 2023.03.19 70 240 6 3 37 1 70 240 Safety center at Mahakanda Tea Factory 70 240 0 6 0 3 37 0 0 1 70 240 70 240 0 6 0 3 37 0 0 1 70 240 Mahoya 2023.04.12 649 2192 Pothuvil 2023.04.17 2639 8926 Lahugala 2023.04.17 143 510 3431 11628 0 0 0 0 0 0 0 0 0 0 Muthur 237 779 Kinniya 344 893 Seruwila 1283 4323 Kuchchaveli 1038 3364 Verugal 19 55 2921 9414 0 0 0 0 0 0 0 0 0 0 6352 21042 0 0 0 0 0 0 0 0 0 0 High Wind 2023.04.24 1 1 1 Lightning 2023.04.25 1 3 1 2 4 1 0 0 0 1 0 0 0 0 0 2 4 1 0 0 0 1 0 0 0 0 0 Dehiowita Tree Fallen 2023.04.26 2 8 2 Bulathkohupitiya High Wind 2023.04.25 2 11 2 1 High Wind 20"
situation_20230428_0600_fa745f40.pdf,Flood,False,183,"නහිර පලාත fpof;F Eastern Providing Drinking Water Warakapola 3 ත්‍රීකුණාමලය jp.kiy Trincomalee Drought 2023.04.24 Ruwanwella Aranayake 4 මන්නාරම kd;dhH Mannar Madhu උතුරු පලාත tl khfhzk; Northen ස්ත්‍බරෙමුව පලාත rg;ufKt Sabaragamuwa 5 කෑෙල්ල Nffhiy Kegalle Mawanella Kahawatte 6 රත්නපුර ,uj;jpdGhp Rathnapura දිස්ත්‍රික් එකතුව khtl;l $l;Lj;njhif District Total Padukka 4 11 4 Kesbewa 2 8 2 Seethawaka 8 27 7 Kaduwela 1 4 1 Kolonnawa 1 5 1 16 55 0 0 0 0 15 0 0 0 0 0 16 55 0 0 0 0 15 0 0 0 0 0 8 නුවරඑලිය Etnuypah Nuwara Eliya Ambagamuwa Flood 2023.04.24 14 52 14 1 10 30 Gawarawila Church 14 52 0 0 0 0 14 0 0 1 10 30 14 52 0 0 0 0 14 0 0 1 10 30 Lightning 2023.04.26 1 5 1 High Wind 2023.04.26 1 3 1 2 8 0 0 0 0 2 0 0 0 0 0 2 8 0 0 0 0 2 0 0 0 0 0 Puttalama 2023.04.25 4 15 4 Wennappuwa 2023.04.25 4 18 3 Mundalama 2023.04.26 1 3 1 Dankotuwa High Wind 2023.04.26 1 6 1 Karuwalagaswewa High Wind/ Heavy Rain & Lightning 2023.04.26 17 64 17 2 27 106 0 0 0 0 26 0 2 0 0 0 27 106 0 0 0 0 26 0 2 0 0 0 6523 21667 1 6 0 3 136 3 2 2 80 270 ආපදා කළමනාකරණ මධ්‍යස්ත්‍රථානය /mdHj;j Kfhikj;Jt epiyak;/ Disaster Management Centre"
situation_20230428_0600_fa745f40.pdf,Landslide,True,147,"ct ප්‍රා.ලේ. ලකා gpuNjr nra.gp DS Division පවුේ ස්ත්‍ංඛ්‍යාව FLk;gq;fs; Families පුද්ගලයින් egHfs; People පූර්ණ හානි KOik Fully අර්ධ හානි gFjpasT Partially කුඩා හා මධය පරිමාණ වයාපාරික ස්ත්‍රථාන சிறிய, நடுத்தர, நிறுவனங்களின் சேதங்கள்; Small, Medium, Enterprises Damages ඉතා වැදගත් යටිතල පහසුකම් වලට වූ හානි mbg;gilf; fl;likg;Gf;fs; Damages to critical Infrastructure ආරක්ිත ස්ත්‍රථාන ස්ත්‍ංඛ්‍යාව vz;zpf;i f No. of Safety Locations පවුේ ස්ත්‍ංඛ්‍යාව FLk;gq;f s; Families පුද්ගලයින් egHfs; Persons 1 බදුල්ල gJs;is Badulla Haldummulla Landslide 2023.03.19 70 240 6 3 37 1 70 240 Safety center at Mahakanda Tea Factory 70 240 0 6 0 3 37 0 0 1 70 240 70 240 0 6 0 3 37 0 0 1 70 240 Mahoya 2023.04.12 649 2192 Pothuvil 2023.04.17 2639 8926 Lahugala 2023.04.17 143 510 3431 11628 0 0 0 0 0 0 0 0 0 0 Muthur 237 779 Kinniya 344 893 Seruwila 1283 4323 Kuchchaveli 1038 3364 Verugal 19 55 2921 9414 0 0 0 0 0 0 0 0 0 0 6352 21042 0 0 0 0 0 0 0 0 0 0 High Wind 2023.04.24 1 1 1 Lightning 2023.04.25 1 3 1 2 4 1 0 0 0 1 0 0 0 0 0 2 4 1 0 0 0 1 0 0 0 0 0 Dehiowita Tree Fallen 2023.04.26 2 8 2 Bulathkohupitiya High Wind 2023.04.25 2 11 2 1 High Wind 20"
situation_20230428_1800_7f937be8.pdf,Flood,False,99,"Province # පරිපාලන ප්‍රලද්ශය நிர்வாகப் பிரிவு Administrative purview ආපදාව mdHj;jk Disaster ආරම්භක දිනය mdu;j;jk; Muk;gpj;j jpfjp Date of commenced පළාත් ඵකතුව khfhz $l;Lj;njhif Province Total දිසරික් එකතුව khtl;l $l;Lj;njhif District Total 2 අම්පාර mk;ghiw Ampara Drought පළාත් ඵකතුව khfhz $l;Lj;njhif Province Total දිසරික් එකතුව khtl;l $l;Lj;njhif District Total දිසරික් එකතුව khtl;l $l;Lj;njhif District Total පළාත් ඵකතුව khfhz $l;Lj;njhif Province Total දිසරික් එකතුව khtl;l $l;Lj;njhif District Total 8 නුවරඑලිය Etnuypah Nuwara Eliya Ambagamuwa Flood 2023.04.24 14 52 14 1 10 30 Gawarawila Church 14 52 0 0 0 0 14 0 0 1 10 30 14 52 0 0 0 0 14 0 0 1 10 30 Karuwalagaswewa 2023.04.26 2 4 2 Anamaduwa 2023.04.26 1 2 1 Puttalama 2023.04.27 1 5 1 Wennappuwa Fire 2023.04.26 1 4 1 5 15 0 0 0 0 5 0 0 0 0 0 5 15 0 0 0 0 5 0 0 0 0 0 6495 21532 0 6 0 3 105 2 0 2 80 270 ආපදා කළමනාකරණ මධ්‍යසරථානය /mdHj;j Kfhikj;Jt epiyak;/ Disaster Management Centre හදිසි ඇමතුම් / njhiyNgrp / Hot Lines: 117, 0112670002, 0112136136 ෆැක්සර/ njhiy efy; / Fax: 0112670079 විදුත් තැපැල් / kpd;dQ;ry; / Email: eocdmc@gmail.com"
situation_20230428_1800_7f937be8.pdf,Landslide,True,142,"ct ප්‍රා.ලේ. ලකා gpuNjr nra.gp DS Division පවුේ ස්ත්‍ංඛ්‍යාව FLk;gq;fs; Families පුද්ගලයින් egHfs; People පූර්ණ හානි KOik Fully අර්ධ හානි gFjpasT Partially කුඩා හා මධය පරිමාණ වයාපාරික ස්ත්‍රථාන சிறிய, நடுத்தர, நிறுவனங்களின் சேதங்கள்; Small, Medium, Enterprises Damages ඉතා වැදගත් යටිතල පහසුකම් වලට වූ හානි mbg;gilf; fl;likg;Gf;fs; Damages to critical Infrastructure ආරක්ිත ස්ත්‍රථාන ස්ත්‍ංඛ්‍යාව vz;zpf;i f No. of Safety Locations පවුේ ස්ත්‍ංඛ්‍යාව FLk;gq;f s; Families පුද්ගලයින් egHfs; Persons 1 බදුල්ල gJs;is Badulla Haldummulla Landslide 2023.03.19 70 240 6 3 37 1 70 240 Safety center at Mahakanda Tea Factory 70 240 0 6 0 3 37 0 0 1 70 240 70 240 0 6 0 3 37 0 0 1 70 240 Mahoya 2023.04.12 649 2192 Pothuvil 2023.04.17 2639 8926 Lahugala 2023.04.17 143 510 3431 11628 0 0 0 0 0 0 0 0 0 0 Muthur 237 779 Kinniya 344 893 Seruwila 1283 4323 Kuchchaveli 1038 3364 Verugal 19 55 2921 9414 0 0 0 0 0 0 0 0 0 0 6352 21042 0 0 0 0 0 0 0 0 0 0 4 යාපනය aho;g;ghzk; Jaffna Kayts Lightning 2023.04.26 5 19 5 19 0 0 0 0 0 0 0 0 0 0 5 19 0 0 0 0 0 0 0 0 0 0 Dehiowita Cutting Failure 2023.04.27 2 7 2 High Wind 2023.04.25/26 5 15 5 1 Lightning 2023"
situation_20230429_0600_2a803c8f.pdf,Flood,False,126,"dministrative purview ආපදාව mdHj;jk Disaster ආරම්භක දිනය mdu;j;jk; Muk;gpj;j jpfjp Date of commenced පළාත් ඵකතුව khfhz $l;Lj;njhif Province Total දිසරික් එකතුව khtl;l $l;Lj;njhif District Total 2 අම්පාර mk;ghiw Ampara Drought පළාත් ඵකතුව khfhz $l;Lj;njhif Province Total දිසරික් එකතුව khtl;l $l;Lj;njhif District Total දිසරික් එකතුව khtl;l $l;Lj;njhif District Total පළාත් ඵකතුව khfhz $l;Lj;njhif Province Total දිසරික් එකතුව khtl;l $l;Lj;njhif District Total දිසරික් එකතුව khtl;l $l;Lj;njhif District Total 8 නුවරඑලිය Etnuypah Nuwara Eliya Ambagamuwa Flood 2023.04.24 14 52 14 1 10 30 Gawarawila Church 14 52 0 0 0 0 14 0 0 1 10 30 14 52 0 0 0 0 14 0 0 1 10 30 Karuwalagaswewa 2023.04.26 2 4 2 Anamaduwa 2023.04.26 1 2 1 Puttalama 2023.04.27 1 5 1 Wennappuwa Fire 2023.04.26 1 4 1 5 15 0 0 0 0 5 0 0 0 0 0 5 15 0 0 0 0 5 0 0 0 0 0 10 ගකාළඹ nfhOk;G Colombo Kesbewa High Wind 4 23 3 4 23 0 0 0 0 3 0 0 0 0 0 4 23 0 0 0 0 3 0 0 0 0 0 6500 21561 0 7 0 3 109 2 0 2 80 270 ආපදා කළමනාකරණ මධ්‍යසරථානය /mdHj;j Kfhikj;Jt epiyak;/ Disaster Management Centre හදිසි ඇමතුම් / njhiyNgrp / Hot Lines: 117, 0112670002, 0112136136 ෆැක්සර/ n"
situation_20230429_0600_2a803c8f.pdf,Landslide,True,141,"ct ප්‍රා.ලේ. ලකා gpuNjr nra.gp DS Division පවුේ ස්ත්‍ංඛ්‍යාව FLk;gq;fs; Families පුද්ගලයින් egHfs; People පූර්ණ හානි KOik Fully අර්ධ හානි gFjpasT Partially කුඩා හා මධය පරිමාණ වයාපාරික ස්ත්‍රථාන சிறிய, நடுத்தர, நிறுவனங்களின் சேதங்கள்; Small, Medium, Enterprises Damages ඉතා වැදගත් යටිතල පහසුකම් වලට වූ හානි mbg;gilf; fl;likg;Gf;fs; Damages to critical Infrastructure ආරක්ිත ස්ත්‍රථාන ස්ත්‍ංඛ්‍යාව vz;zpf;i f No. of Safety Locations පවුේ ස්ත්‍ංඛ්‍යාව FLk;gq;f s; Families පුද්ගලයින් egHfs; Persons 1 බදුල්ල gJs;is Badulla Haldummulla Landslide 2023.03.19 70 240 6 3 37 1 70 240 Safety center at Mahakanda Tea Factory 70 240 0 6 0 3 37 0 0 1 70 240 70 240 0 6 0 3 37 0 0 1 70 240 Mahoya 2023.04.12 649 2192 Pothuvil 2023.04.17 2639 8926 Lahugala 2023.04.17 143 510 3431 11628 0 0 0 0 0 0 0 0 0 0 Muthur 237 779 Kinniya 344 893 Seruwila 1283 4323 Kuchchaveli 1038 3364 Verugal 19 55 2921 9414 0 0 0 0 0 0 0 0 0 0 6352 21042 0 0 0 0 0 0 0 0 0 0 4 යාපනය aho;g;ghzk; Jaffna Kayts Lightning 2023.04.26 5 19 5 19 0 0 0 0 0 0 0 0 0 0 5 මුලතිව් Ky;iyj;jPT Mulaitivu Puthukudiyiruppu Lightning 2023.04.21 1 6 1 1 1 6 0 1 0 0 1 0 0 0 0 0 6 25 0 1 0 0"
situation_20230430_1800_8a80c13c.pdf,Landslide,True,91,"ct ප්‍රා.ලේ. ලකා gpuNjr nra.gp DS Division පවුේ ස්ත්‍ංඛ්‍යාව FLk;gq;fs; Families පුද්ගලයින් egHfs; People පූර්ණ හානි KOik Fully අර්ධ හානි gFjpasT Partially කුඩා හා මධය පරිමාණ වයාපාරික ස්ත්‍රථාන சிறிய, நடுத்தர, நிறுவனங்களின் சேதங்கள்; Small, Medium, Enterprises Damages ඉතා වැදගත් යටිතල පහසුකම් වලට වූ හානි mbg;gilf; fl;likg;Gf;fs; Damages to critical Infrastructure ආරක්ිත ස්ත්‍රථාන ස්ත්‍ංඛ්‍යාව vz;zpf;i f No. of Safety Locations පවුේ ස්ත්‍ංඛ්‍යාව FLk;gq;f s; Families පුද්ගලයින් egHfs; Persons 1 බදුල්ල gJs;is Badulla Haldummulla Landslide 2023.03.19 70 240 6 3 37 1 70 240 Safety center at Mahakanda Tea Factory 70 240 0 6 0 3 37 0 0 1 70 240 70 240 0 6 0 3 37 0 0 1 70 240 Mahoya 2023.04.12 649 2192 Pothuvil 2023.04.17 2639 8926 Lahugala 2023.04.17 143 510 3431 11628 0 0 0 0 0 0 0 0 0 0 3431 11628 0 0 0 0 0 0 0 0 0 0 3501 11868 0 6 0 3 37 0 0 1 70 240 ආපදා කළමනාකරණ මධ්‍යස්ථානය /mdHj;j Kfhikj;Jt epiyak;/ Disaster Management Centre හදිසි ඇමතුම් / njhiyNgrp / Hot Lines: 117, 0112670002, 0112136136 ෆැක්ස්/ njhiy efy; / Fax: 0112670079 විදුත් තැපැල් / kpd;dQ;ry; / Email: eocdmc@gm"
situation_20230501_0600_7bc5a844.pdf,Landslide,True,91,"ct ප්‍රා.ලේ. ලකා gpuNjr nra.gp DS Division පවුේ ස්ත්‍ංඛ්‍යාව FLk;gq;fs; Families පුද්ගලයින් egHfs; People පූර්ණ හානි KOik Fully අර්ධ හානි gFjpasT Partially කුඩා හා මධය පරිමාණ වයාපාරික ස්ත්‍රථාන சிறிய, நடுத்தர, நிறுவனங்களின் சேதங்கள்; Small, Medium, Enterprises Damages ඉතා වැදගත් යටිතල පහසුකම් වලට වූ හානි mbg;gilf; fl;likg;Gf;fs; Damages to critical Infrastructure ආරක්ිත ස්ත්‍රථාන ස්ත්‍ංඛ්‍යාව vz;zpf;i f No. of Safety Locations පවුේ ස්ත්‍ංඛ්‍යාව FLk;gq;f s; Families පුද්ගලයින් egHfs; Persons 1 බදුල්ල gJs;is Badulla Haldummulla Landslide 2023.03.19 70 240 6 3 37 1 70 240 Safety center at Mahakanda Tea Factory 70 240 0 6 0 3 37 0 0 1 70 240 70 240 0 6 0 3 37 0 0 1 70 240 Mahoya 2023.04.12 649 2192 Pothuvil 2023.04.17 2639 8926 Lahugala 2023.04.17 143 510 3431 11628 0 0 0 0 0 0 0 0 0 0 3431 11628 0 0 0 0 0 0 0 0 0 0 3501 11868 0 6 0 3 37 0 0 1 70 240 ආපදා කළමනාකරණ මධ්‍යස්ථානය /mdHj;j Kfhikj;Jt epiyak;/ Disaster Management Centre හදිසි ඇමතුම් / njhiyNgrp / Hot Lines: 117, 0112670002, 0112136136 ෆැක්ස්/ njhiy efy; / Fax: 0112670079 විදුත් තැපැල් / kpd;dQ;ry; / Email: eocdmc@gm"
situation_20230501_1800_e265f158.pdf,Landslide,True,91,"ct ප්‍රා.ලේ. ලකා gpuNjr nra.gp DS Division පවුේ ස්ත්‍ංඛ්‍යාව FLk;gq;fs; Families පුද්ගලයින් egHfs; People පූර්ණ හානි KOik Fully අර්ධ හානි gFjpasT Partially කුඩා හා මධය පරිමාණ වයාපාරික ස්ත්‍රථාන சிறிய, நடுத்தர, நிறுவனங்களின் சேதங்கள்; Small, Medium, Enterprises Damages ඉතා වැදගත් යටිතල පහසුකම් වලට වූ හානි mbg;gilf; fl;likg;Gf;fs; Damages to critical Infrastructure ආරක්ිත ස්ත්‍රථාන ස්ත්‍ංඛ්‍යාව vz;zpf;i f No. of Safety Locations පවුේ ස්ත්‍ංඛ්‍යාව FLk;gq;f s; Families පුද්ගලයින් egHfs; Persons 1 බදුල්ල gJs;is Badulla Haldummulla Landslide 2023.03.19 70 240 6 3 37 1 70 240 Safety center at Mahakanda Tea Factory 70 240 0 6 0 3 37 0 0 1 70 240 70 240 0 6 0 3 37 0 0 1 70 240 Mahoya 2023.04.12 649 2192 Pothuvil 2023.04.17 2639 8926 Lahugala 2023.04.17 143 510 3431 11628 0 0 0 0 0 0 0 0 0 0 3431 11628 0 0 0 0 0 0 0 0 0 0 3501 11868 0 6 0 3 37 0 0 1 70 240 ආපදා කළමනාකරණ මධ්‍යස්ථානය /mdHj;j Kfhikj;Jt epiyak;/ Disaster Management Centre හදිසි ඇමතුම් / njhiyNgrp / Hot Lines: 117, 0112670002, 0112136136 ෆැක්ස්/ njhiy efy; / Fax: 0112670079 විදුත් තැපැල් / kpd;dQ;ry; / Email: eocdmc@gm"
situation_20230502_0600_5e93f889.pdf,Landslide,True,91,"ct ප්‍රා.ලේ. ලකා gpuNjr nra.gp DS Division පවුේ ස්ත්‍ංඛ්‍යාව FLk;gq;fs; Families පුද්ගලයින් egHfs; People පූර්ණ හානි KOik Fully අර්ධ හානි gFjpasT Partially කුඩා හා මධය පරිමාණ වයාපාරික ස්ත්‍රථාන சிறிய, நடுத்தர, நிறுவனங்களின் சேதங்கள்; Small, Medium, Enterprises Damages ඉතා වැදගත් යටිතල පහසුකම් වලට වූ හානි mbg;gilf; fl;likg;Gf;fs; Damages to critical Infrastructure ආරක්ිත ස්ත්‍රථාන ස්ත්‍ංඛ්‍යාව vz;zpf;i f No. of Safety Locations පවුේ ස්ත්‍ංඛ්‍යාව FLk;gq;f s; Families පුද්ගලයින් egHfs; Persons 1 බදුල්ල gJs;is Badulla Haldummulla Landslide 2023.03.19 70 240 6 3 37 1 70 240 Safety center at Mahakanda Tea Factory 70 240 0 6 0 3 37 0 0 1 70 240 70 240 0 6 0 3 37 0 0 1 70 240 Mahoya 2023.04.12 649 2192 Pothuvil 2023.04.17 2639 8926 Lahugala 2023.04.17 143 510 3431 11628 0 0 0 0 0 0 0 0 0 0 3431 11628 0 0 0 0 0 0 0 0 0 0 3501 11868 0 6 0 3 37 0 0 1 70 240 ආපදා කළමනාකරණ මධ්‍යස්ථානය /mdHj;j Kfhikj;Jt epiyak;/ Disaster Management Centre හදිසි ඇමතුම් / njhiyNgrp / Hot Lines: 117, 0112670002, 0112136136 ෆැක්ස්/ njhiy efy; / Fax: 0112670079 විදුත් තැපැල් / kpd;dQ;ry; / Email: eocdmc@gm"
situation_20230502_1800_5b13c8ca.pdf,Landslide,True,148,"ct ප්‍රා.ලේ. ලකා gpuNjr nra.gp DS Division පවුේ ස්ත්‍ංඛ්‍යාව FLk;gq;fs; Families පුද්ගලයින් egHfs; People පූර්ණ හානි KOik Fully අර්ධ හානි gFjpasT Partially කුඩා හා මධය පරිමාණ වයාපාරික ස්ත්‍රථාන சிறிய, நடுத்தர, நிறுவனங்களின் சேதங்கள்; Small, Medium, Enterprises Damages ඉතා වැදගත් යටිතල පහසුකම් වලට වූ හානි mbg;gilf; fl;likg;Gf;fs; Damages to critical Infrastructure ආරක්ිත ස්ත්‍රථාන ස්ත්‍ංඛ්‍යාව vz;zpf;i f No. of Safety Locations පවුේ ස්ත්‍ංඛ්‍යාව FLk;gq;f s; Families පුද්ගලයින් egHfs; Persons 1 බදුල්ල gJs;is Badulla Haldummulla Landslide 2023.03.19 70 240 6 3 37 1 70 240 Safety center at Mahakanda Tea Factory 70 240 0 6 0 3 37 0 0 1 70 240 70 240 0 6 0 3 37 0 0 1 70 240 2 ත්‍රීකුණාමලය jp.kiy Trincomalee Seruwila High Wind 2023.05.01 1 4 1 1 4 0 0 0 0 1 0 0 0 0 0 1 4 0 0 0 0 1 0 0 0 0 0 3 රත්නපුර ,uj;jpdGhp Rathnapura Godakawela High Wind 2023.05.02 1 4 1 1 4 0 0 0 0 1 0 0 0 0 0 1 4 0 0 0 0 1 0 0 0 0 0 4 යාපනය aho;g;ghzk; Jaffna Kopay Fire 2023.05.02 1 4 1 1 4 0 0 0 0 1 0 0 0 0 0 Muthuthuvinayagapuram 1 3 1 Pandaravanni 1 2 2 2 5 0 0 0 0 3 0 0 0 0 0 3 9 0 0 0 0 4 0 0 0 0 0 6 ක ාළඹ nfhOk"
situation_20230503_0600_8c529f33.pdf,Landslide,True,148,"ct ප්‍රා.ලේ. ලකා gpuNjr nra.gp DS Division පවුේ ස්ත්‍ංඛ්‍යාව FLk;gq;fs; Families පුද්ගලයින් egHfs; People පූර්ණ හානි KOik Fully අර්ධ හානි gFjpasT Partially කුඩා හා මධය පරිමාණ වයාපාරික ස්ත්‍රථාන சிறிய, நடுத்தர, நிறுவனங்களின் சேதங்கள்; Small, Medium, Enterprises Damages ඉතා වැදගත් යටිතල පහසුකම් වලට වූ හානි mbg;gilf; fl;likg;Gf;fs; Damages to critical Infrastructure ආරක්ිත ස්ත්‍රථාන ස්ත්‍ංඛ්‍යාව vz;zpf;i f No. of Safety Locations පවුේ ස්ත්‍ංඛ්‍යාව FLk;gq;f s; Families පුද්ගලයින් egHfs; Persons 1 බදුල්ල gJs;is Badulla Haldummulla Landslide 2023.03.19 70 240 6 3 37 1 70 240 Safety center at Mahakanda Tea Factory 70 240 0 6 0 3 37 0 0 1 70 240 70 240 0 6 0 3 37 0 0 1 70 240 2 ත්‍රීකුණාමලය jp.kiy Trincomalee Seruwila High Wind 2023.05.01 1 4 1 1 4 0 0 0 0 1 0 0 0 0 0 1 4 0 0 0 0 1 0 0 0 0 0 3 රත්නපුර ,uj;jpdGhp Rathnapura Godakawela High Wind 2023.05.02 1 4 1 1 4 0 0 0 0 1 0 0 0 0 0 1 4 0 0 0 0 1 0 0 0 0 0 4 යාපනය aho;g;ghzk; Jaffna Kopay Fire 2023.05.02 1 4 1 1 4 0 0 0 0 1 0 0 0 0 0 Muthuthuvinayagapuram 1 3 1 Pandaravanni 1 2 2 2 5 0 0 0 0 3 0 0 0 0 0 3 9 0 0 0 0 4 0 0 0 0 0 6 ක ාළඹ nfhOk"
situation_20230503_1800_9f6df2cc.pdf,Flood,False,104,"Disaster ආරම්භක දිනය mdu;j;jk; Muk;gpj;j jpfjp Date of commenced පළාත් ඵකතුව khfhz $l;Lj;njhif Province Total නැගෙනහිර පලාත fpof;F Eastern ස්ත්‍බරෙමුව පලාත rg;ufKt Sabaragamuwa උතුරු පලාත tl khfhzk; Northen බදුල්ල gJs;is Badulla 1 High Wind & Rain 2023.05.01 නිවාස්ත්‍ හානි Nrjkile;j tPLfs; Houses Damaged අතුරුදහ න්වූ පුද්ගලයින් fhzhky; NghNdhH Missing People දිස්ත්‍රික් එකතුව khtl;l $l;Lj;njhif District Total පළාත් ඵකතුව khfhz $l;Lj;njhif Province Total 4 කෑෙල්ල Nffhiy Kegalle Warakapola Wanathavilluwa Heavy Rain & Flood 2023.05.02 82 331 1 Anamaduwa High Wind 2023.05.02 1 2 1 Nattandiya Heavy Rain & Wind 2023.05.02 1 4 1 84 337 0 0 0 0 3 0 0 0 0 0 Alauwwa High Wind 2023.05.02 1 6 1 Polgahawela Tree Fallen 2023.05.02 1 5 1 Panduwasnuwara West Lightning 2023.05.02 1 3 1 Kuliyapitiya East High Wind 2023.05.01 1 4 1 Kuliyapitiya East Lightning 2023.05.01 1 4 1 5 22 0 0 0 0 5 0 0 0 0 0 89 359 0 0 0 0 8 0 0 0 0 0 176 660 0 6 0 3 62 0 0 1 71 242 ආපදා කළමනාකරණ මධ්‍යස්ත්‍රථානය /mdHj;j Kfhikj;Jt epiyak;/ Disaster Management Centre හදිසි ඇමතුම් / njhiyNgrp / Hot Lines: 117, 0112670002, 01121361"
situation_20230503_1800_9f6df2cc.pdf,Landslide,True,121,"දිස්ත්‍රික්කය மாவட்டம் District ප්‍රා.ලේ. ලකා gpuNjr nra.gp DS Division පවුේ ස්ත්‍ංඛ්‍යාව FLk;gq;fs; Families පුද්ගලයින් egHfs; People පූර්ණ හානි KOik Fully අර්ධ හානි gFjpasT Partially කුඩා හා මධය පරිමාණ වයාපාරික ස්ත්‍රථාන சிறிய, நடுத்தர, நிறுவனங்களின் சேதங்கள்; Small, Medium, Enterprises Damages ඉතා වැදගත් යටිතල පහසුකම් වලට වූ හානි mbg;gilf; fl;likg;Gf;fs; Damages to critical Infrastructure ආරක්ිත ස්ත්‍රථාන ස්ත්‍ංඛ්‍යාව vz;zpf;i f No. of Safety Locations පවුේ ස්ත්‍ංඛ්‍යාව FLk;gq;f s; Families පුද්ගලයින් egHfs; Persons Haldummulla Landslide 2023.03.19 71 242 6 3 37 1 71 242 Safety center at Mahakanda Tea Factory Ridimaliyadda High Wind 2023.05.02 1 4 1 Passara Cutting Failure 2023.05.03 1 4 1 73 250 0 6 0 3 39 0 0 1 71 242 73 250 0 6 0 3 39 0 0 1 71 242 2 ත්‍රීකුණාමලය jp.kiy Trincomalee Seruwila High Wind 2023.05.01 1 4 1 1 4 0 0 0 0 1 0 0 0 0 0 1 4 0 0 0 0 1 0 0 0 0 0 3 රත්නපුර ,uj;jpdGhp Rathnapura Godakawela High Wind 2023.05.02 1 4 1 1 4 0 0 0 0 1 0 0 0 0 0 Deraniyagala Lightning 2023.05.01 2 9 2 Lightning 2023.05.02 1 4 1 High Wind 2023.05.02 1 5 1 Aranayake Tree Fallen 2023.05.03 1 4 1 Kegalle Tre"
situation_20230504_1800_c3aabcd4.pdf,Flood,False,102,"gJs;is Badulla 1 දිසරික් එකතුව khtl;l $l;Lj;njhif District Total පළාත් ඵකතුව khfhz $l;Lj;njhif Province Total Kegalle Dehiovita 3 රත්නපුර ,uj;jpdGhp Rathnapura Godakawela දිසරික් එකතුව khtl;l $l;Lj;njhif District Total දිසරික් එකතුව khtl;l $l;Lj;njhif District Total පළාත් ඵකතුව khfhz $l;Lj;njhif Province Total දිසරික් එකතුව khtl;l $l;Lj;njhif District Total පළාත් ඵකතුව khfhz $l;Lj;njhif Province Total දිසරික් එකතුව khtl;l $l;Lj;njhif District Total 6 මුලතිව් Ky;iyj;jPT Mulaitivu දිසරික් එකතුව khtl;l $l;Lj;njhif District Total Wanathavilluwa Heavy Rain & Flood 2023.05.02 82 331 1 Anamaduwa High Wind 2023.05.02 1 2 1 Nattandiya Heavy Rain & Wind 2023.05.02 1 4 1 84 337 0 0 0 0 3 0 0 0 0 0 Alauwwa High Wind 2023.05.02 1 6 1 Polgahawela Tree Fallen 2023.05.02 1 5 1 Panduwasnuwara West Lightning 2023.05.02 1 3 1 Kuliyapitiya East High Wind 2023.05.01 1 4 1 Kuliyapitiya East Lightning 2023.05.01 1 4 1 5 22 0 0 0 0 5 0 0 0 0 0 89 359 0 0 0 0 8 0 0 0 0 0 181 679 0 6 0 3 67 0 0 1 71 242 ආපදා කළමනාකරණ මධ්‍යසරථානය /mdHj;j Kfhikj;Jt epiyak;/ Disaster Management Centre හදිසි ඇමතුම් / njhiyNgrp / Hot Lines: 117, 0112670002, 0112136136"
situation_20230504_1800_c3aabcd4.pdf,Landslide,True,129,"දිස්ත්‍රික්කය மாவட்டம் District ප්‍රා.ලේ. ලකා gpuNjr nra.gp DS Division පවුේ ස්ත්‍ංඛ්‍යාව FLk;gq;fs; Families පුද්ගලයින් egHfs; People පූර්ණ හානි KOik Fully අර්ධ හානි gFjpasT Partially කුඩා හා මධය පරිමාණ වයාපාරික ස්ත්‍රථාන சிறிய, நடுத்தர, நிறுவனங்களின் சேதங்கள்; Small, Medium, Enterprises Damages ඉතා වැදගත් යටිතල පහසුකම් වලට වූ හානි mbg;gilf; fl;likg;Gf;fs; Damages to critical Infrastructure ආරක්ිත ස්ත්‍රථාන ස්ත්‍ංඛ්‍යාව vz;zpf;i f No. of Safety Locations පවුේ ස්ත්‍ංඛ්‍යාව FLk;gq;f s; Families පුද්ගලයින් egHfs; Persons Haldummulla Landslide 2023.03.19 71 242 6 3 37 1 71 242 Safety center at Mahakanda Tea Factory Ridimaliyadda High Wind 2023.05.02 1 4 1 Passara Cutting Failure 2023.05.03 1 4 1 73 250 0 6 0 3 39 0 0 1 71 242 73 250 0 6 0 3 39 0 0 1 71 242 2 ත්‍රීකුණාමලය jp.kiy Trincomalee Seruwila High Wind 2023.05.01 1 4 1 1 4 0 0 0 0 1 0 0 0 0 0 1 4 0 0 0 0 1 0 0 0 0 0 High Wind 2023.05.02 1 4 1 High Wind 2023.05.04 1 3 1 Weligepola Heavy Rain & High Wind 2023.05.04 1 3 1 3 10 0 0 0 0 3 0 0 0 0 0 Deraniyagala Lightning 2023.05.01 2 9 2 Lightning 2023.05.02 1 4 1 High Wind 2023.05.02 1 5 1 Aranayake Tree Fallen 2023.05.03"
situation_20230505_0600_63dacacf.pdf,Flood,False,103,";fs; Remarks පළාත khfhzk; Province # පරිපාලන ප්‍රලද්ශය நிர்வாகப் பிரிவு Administrative purview ආපදාව mdHj;jk Disaster ආරම්භක දිනය mdu;j;jk; Muk;gpj;j jpfjp Date of commenced නිවාස්ත්‍ හානි Nrjkile;j tPLfs; Houses Damaged අතුරුදහ න්වූ පුද්ගලයින් fhzhky; NghNdhH Missing People පළාත් ඵකතුව khfhz $l;Lj;njhif Province Total නැගෙනහිර පලාත fpof;F Eastern ස්ත්‍බරෙමුව පලාත rg;ufKt Sabaragamuwa උතුරු පලාත tl khfhzk; Northen High Wind & Rain 2023.05.01 4 කෑෙල්ල Nffhiy Kegalle Warakapola Wanathavilluwa Heavy Rain & Flood 2023.05.02 82 331 1 Anamaduwa High Wind 2023.05.02 1 2 1 Nattandiya Heavy Rain & Wind 2023.05.02 1 4 1 84 337 0 0 0 0 3 0 0 0 0 0 Alauwwa High Wind 2023.05.02 1 6 1 Polgahawela Tree Fallen 2023.05.02 1 5 1 Panduwasnuwara West Lightning 2023.05.02 1 3 1 Kuliyapitiya East High Wind 2023.05.01 1 4 1 Kuliyapitiya East Lightning 2023.05.01 1 4 1 5 22 0 0 0 0 5 0 0 0 0 0 89 359 0 0 0 0 8 0 0 0 0 0 181 679 0 6 0 3 67 0 0 1 71 242 ආපදා කළමනාකරණ මධ්‍යස්ත්‍රථානය /mdHj;j Kfhikj;Jt epiyak;/ Disaster Management Centre හදිසි ඇමතුම් / njhiyNgrp / Hot Lines: 117, 0112670002, 01121361"
situation_20230505_0600_63dacacf.pdf,Landslide,True,129,"දිස්ත්‍රික්කය மாவட்டம் District ප්‍රා.ලේ. ලකා gpuNjr nra.gp DS Division පවුේ ස්ත්‍ංඛ්‍යාව FLk;gq;fs; Families පුද්ගලයින් egHfs; People පූර්ණ හානි KOik Fully අර්ධ හානි gFjpasT Partially කුඩා හා මධය පරිමාණ වයාපාරික ස්ත්‍රථාන சிறிய, நடுத்தர, நிறுவனங்களின் சேதங்கள்; Small, Medium, Enterprises Damages ඉතා වැදගත් යටිතල පහසුකම් වලට වූ හානි mbg;gilf; fl;likg;Gf;fs; Damages to critical Infrastructure ආරක්ිත ස්ත්‍රථාන ස්ත්‍ංඛ්‍යාව vz;zpf;i f No. of Safety Locations පවුේ ස්ත්‍ංඛ්‍යාව FLk;gq;f s; Families පුද්ගලයින් egHfs; Persons Haldummulla Landslide 2023.03.19 71 242 6 3 37 1 71 242 Safety center at Mahakanda Tea Factory Ridimaliyadda High Wind 2023.05.02 1 4 1 Passara Cutting Failure 2023.05.03 1 4 1 73 250 0 6 0 3 39 0 0 1 71 242 73 250 0 6 0 3 39 0 0 1 71 242 2 ත්‍රීකුණාමලය jp.kiy Trincomalee Seruwila High Wind 2023.05.01 1 4 1 1 4 0 0 0 0 1 0 0 0 0 0 1 4 0 0 0 0 1 0 0 0 0 0 High Wind 2023.05.02 1 4 1 High Wind 2023.05.04 1 3 1 Weligepola Heavy Rain & High Wind 2023.05.04 1 3 1 3 10 0 0 0 0 3 0 0 0 0 0 Deraniyagala Lightning 2023.05.01 2 9 2 Lightning 2023.05.02 1 4 1 High Wind 2023.05.02 1 5 1 Aranayake Tree Fallen 2023.05.03"
situation_20230505_1800_52e05cc8.pdf,Flood,False,73,"23.05.02 1 5 1 Aranayake Tree Fallen 2023.05.03 1 4 1 Tree Fallen 2023.05.02 2 9 2 Tree Fallen 2023.05.03 2 8 2 Tree Fallen 2023.05.02 1 4 1 Tree Fallen 2023.05.03 1 5 1 Bulathkohupitiya Tree Fallen 2023.05.02 1 2 1 12 50 0 0 0 0 12 0 0 0 0 0 15 60 0 0 0 0 15 0 0 0 0 0 දිස්ත්‍රික් එ තුව khtl;l $l;Lj;njhif District Total පළොත් ඵ තුව khfhz $l;Lj;njhif Province Total දිස්ත්‍රික් එ තුව khtl;l $l;Lj;njhif District Total දිස්ත්‍රික් එ තුව khtl;l $l;Lj;njhif District Total 2 ළුතර fSj;Jiw Kalutara ගම්පහ fk;g`h Gampaha 3 Heavy Rain & High Wind 2023.05.05 Urban Flood / Flash Flood පළොත් ඵ තුව khfhz $l;Lj;njhif Province Total නැකගනහිර පලොත fpof;F Eastern ස්ත්‍බරගමුව පලොත rg;ufKt Sabaragamuwa 7 ෑගල්ල Nffhiy Kegalle Warakapola ලවනත් හානි பிற பாதிப்புகள் Other Damages ආරක්ිත ස්ත්‍රථාන ghJfhg;ghd miktplk; Safe Location දදනික තත්ත්ව වාර්තාව-ශ්‍රී ලංකාව/epiyik mwpf;if-,yq;if/Situation Report- Sri Lanka දිනය/jpfjp /Date : 05th May 2023 at 1800hrs ලවනත් කරුණු NtW Fwpg;Gf;fs; Remarks පළාත khfhzk; Province # පරිපාලන ප්‍රලද්ශය நிர்வாகப் பிரிவு Administrative purview ආපදාව mdHj;jk Disaster ආර"
situation_20230505_1800_52e05cc8.pdf,Flood,False,67,"Aranayake Tree Fallen 2023.05.03 1 4 1 Tree Fallen 2023.05.02 2 9 2 Tree Fallen 2023.05.03 2 8 2 Tree Fallen 2023.05.02 1 4 1 Tree Fallen 2023.05.03 1 5 1 Bulathkohupitiya Tree Fallen 2023.05.02 1 2 1 12 50 0 0 0 0 12 0 0 0 0 0 15 60 0 0 0 0 15 0 0 0 0 0 දිස්ත්‍රික් එ තුව khtl;l $l;Lj;njhif District Total පළොත් ඵ තුව khfhz $l;Lj;njhif Province Total දිස්ත්‍රික් එ තුව khtl;l $l;Lj;njhif District Total දිස්ත්‍රික් එ තුව khtl;l $l;Lj;njhif District Total 2 ළුතර fSj;Jiw Kalutara ගම්පහ fk;g`h Gampaha 3 Heavy Rain & High Wind 2023.05.05 Urban Flood / Flash Flood පළොත් ඵ තුව khfhz $l;Lj;njhif Province Total නැකගනහිර පලොත fpof;F Eastern ස්ත්‍බරගමුව පලොත rg;ufKt Sabaragamuwa 7 ෑගල්ල Nffhiy Kegalle Warakapola ලවනත් හානි பிற பாதிப்புகள் Other Damages ආරක්ිත ස්ත්‍රථාන ghJfhg;ghd miktplk; Safe Location දදනික තත්ත්ව වාර්තාව-ශ්‍රී ලංකාව/epiyik mwpf;if-,yq;if/Situation Report- Sri Lanka දිනය/jpfjp /Date : 05th May 2023 at 1800hrs ලවනත් කරුණු NtW Fwpg;Gf;fs; Remarks පළාත khfhzk; Province # පරිපාලන ප්‍රලද්ශය நிர்வாகப் பிரிவு Administrative purview ආපදාව mdHj;jk Disaster ආරම්භක දිනය mdu"
situation_20230505_1800_52e05cc8.pdf,Flood,False,149,"l පළොත් ඵ තුව khfhz $l;Lj;njhif Province Total Kegalle Dehiovita 6 රත්නපුර ,uj;jpdGhp Rathnapura Godakawela Western Nky; khfhzk; බස්ත්‍රනොහිර පලොත දිස්ත්‍රික් එ තුව khtl;l $l;Lj;njhif District Total දිස්ත්‍රික් එ තුව khtl;l $l;Lj;njhif District Total පළොත් ඵ තුව khfhz $l;Lj;njhif Province Total දිස්ත්‍රික් එ තුව khtl;l $l;Lj;njhif District Total 8 යොපනය aho;g;ghzk; Jaffna Nallur Lightning 2023.05.03 1 1 1 1 1 0 0 0 0 1 0 0 0 0 0 Muthuthuvinayagapuram 1 3 1 Pandaravanni 1 2 2 2 5 0 0 0 0 3 0 0 0 0 0 3 6 0 0 0 0 4 0 0 0 0 0 Wanathavilluwa Heavy Rain & Flood 2023.05.02 82 331 1 Anamaduwa High Wind 2023.05.02 1 2 1 Nattandiya Heavy Rain & Wind 2023.05.02 1 4 1 84 337 0 0 0 0 3 0 0 0 0 0 Alauwwa High Wind 2023.05.02 1 6 1 Polgahawela Tree Fallen 2023.05.02 1 5 1 Panduwasnuwara West Lightning 2023.05.02 1 3 1 Kuliyapitiya East High Wind 2023.05.01 1 4 1 Kuliyapitiya East Lightning 2023.05.01 1 4 1 5 22 0 0 0 0 5 0 0 0 0 0 89 359 0 0 0 0 8 0 0 0 0 0 2249 9276 0 6 0 3 82 0 1 1 71 242 ආපදො ළමනො රණ මධ්‍යස්ත්‍රථොනය /mdHj;j Kfhikj;Jt epiyak;/ Disaster Management Centre හදිසි ඇමතුම් / njhiyNgrp / Hot Lines: 117, 0112670002, 011213"
situation_20230505_1800_52e05cc8.pdf,Landslide,True,207,වැදගත් යටිතල පහසුකම් වලට වූ හානි mbg;gilf; fl;likg;Gf;fs; Damages to critical Infrastructure ආරක්ිත ස්ත්‍රථාන ස්ත්‍ංඛ්‍යාව vz;zpf;i f No. of Safety Locations පවුේ ස්ත්‍ංඛ්‍යාව FLk;gq;f s; Families පුද්ගලයින් egHfs; Persons 1 ක ොළඹ nfhOk;G Colombo Sri Jayawardhanapura Heavy Rain & High Wind 2023.05.04 1 4 1 1 1 4 0 0 0 0 1 0 1 0 0 0 Bandaragama 1 6 Walallawita 1 4 Ingiriya 2 5 2 Kalutara 12 44 12 Millaniya 5 17 21 76 0 0 0 0 14 0 0 0 0 0 Negombo 2023.05.04 1176 4887 Katana 2023.05.05 870 3630 2046 8517 0 0 0 0 0 0 0 0 0 0 2068 8597 0 0 0 0 15 0 1 0 0 0 Haldummulla Landslide 2023.03.19 71 242 6 3 37 1 71 242 Safety center at Mahakanda Tea Factory Ridimaliyadda High Wind 2023.05.02 1 4 1 Passara Cutting Failure 2023.05.03 1 4 1 73 250 0 6 0 3 39 0 0 1 71 242 73 250 0 6 0 3 39 0 0 1 71 242 5 ත්‍රීකුණොමලය jp.kiy Trincomalee Seruwila High Wind 2023.05.01 1 4 1 1 4 0 0 0 0 1 0 0 0 0 0 1 4 0 0 0 0 1 0 0 0 0 0 High Wind 2023.05.02 1 4 1 High Wind 2023.05.04 1 3 1 Weligepola Heavy Rain & High Wind 2023.05.04 1 3 1 3 10 0 0 0 0 3 0 0 0 0 0 Deraniyagala Lightning 2023.05.01 2 9 2 Lightning 2023.05.02 1 4 1 High Wind 2023.05.02 1 5 1 Aranayake Tree Fallen 2023.05.03
situation_20230506_0600_aa03a76d.pdf,Flood,False,124,kile;j tPLfs; Houses Damaged අතුරුදහ න්වූ පුද්ගලයින් fhzhky; NghNdhH Missing People පළොත් ඵ තුව khfhz $l;Lj;njhif Province Total නැකෙනහිර පලොත fpof;F Eastern ස්ත්‍බරෙමුව පලොත rg;ufKt Sabaragamuwa 7 ෑෙල්ල Nffhiy Kegalle Warakapola දිස්ත්‍රික් එ තුව khtl;l $l;Lj;njhif District Total පළොත් ඵ තුව khfhz $l;Lj;njhif Province Total දිස්ත්‍රික් එ තුව khtl;l $l;Lj;njhif District Total දිස්ත්‍රික් එ තුව khtl;l $l;Lj;njhif District Total 2 ළුතර fSj;Jiw Kalutara ෙම්පහ fk;g`h Gampaha 3 Heavy Rain & High Wind 2023.05.05 Urban Flood / Flash Flood 8 යොපනය aho;g;ghzk; Jaffna Nallur Lightning 2023.05.03 1 1 1 1 1 0 0 0 0 1 0 0 0 0 0 Muthuthuvinayagapuram 1 3 1 Pandaravanni 1 2 2 2 5 0 0 0 0 3 0 0 0 0 0 3 6 0 0 0 0 4 0 0 0 0 0 Wanathavilluwa Heavy Rain & Flood 2023.05.02 82 331 1 Anamaduwa High Wind 2023.05.02 1 2 1 Nattandiya Heavy Rain & Wind 2023.05.02 1 4 1 84 337 0 0 0 0 3 0 0 0 0 0 Alauwwa High Wind 2023.05.02 1 6 1 Polgahawela Tree Fallen 2023.05.02 1 5 1 Panduwasnuwara West Lightning 2023.05.02 1 3 1 Kuliyapitiya East High Wind 2023.05.01 1 4 1 Kuliyapitiya East Lightning 2023.05.01 1 4 1 5 22 0 0 0 0 5 0 0
situation_20230506_0600_aa03a76d.pdf,Flood,False,130,Houses Damaged අතුරුදහ න්වූ පුද්ගලයින් fhzhky; NghNdhH Missing People පළොත් ඵ තුව khfhz $l;Lj;njhif Province Total නැකෙනහිර පලොත fpof;F Eastern ස්ත්‍බරෙමුව පලොත rg;ufKt Sabaragamuwa 7 ෑෙල්ල Nffhiy Kegalle Warakapola දිස්ත්‍රික් එ තුව khtl;l $l;Lj;njhif District Total පළොත් ඵ තුව khfhz $l;Lj;njhif Province Total දිස්ත්‍රික් එ තුව khtl;l $l;Lj;njhif District Total දිස්ත්‍රික් එ තුව khtl;l $l;Lj;njhif District Total 2 ළුතර fSj;Jiw Kalutara ෙම්පහ fk;g`h Gampaha 3 Heavy Rain & High Wind 2023.05.05 Urban Flood / Flash Flood 8 යොපනය aho;g;ghzk; Jaffna Nallur Lightning 2023.05.03 1 1 1 1 1 0 0 0 0 1 0 0 0 0 0 Muthuthuvinayagapuram 1 3 1 Pandaravanni 1 2 2 2 5 0 0 0 0 3 0 0 0 0 0 3 6 0 0 0 0 4 0 0 0 0 0 Wanathavilluwa Heavy Rain & Flood 2023.05.02 82 331 1 Anamaduwa High Wind 2023.05.02 1 2 1 Nattandiya Heavy Rain & Wind 2023.05.02 1 4 1 84 337 0 0 0 0 3 0 0 0 0 0 Alauwwa High Wind 2023.05.02 1 6 1 Polgahawela Tree Fallen 2023.05.02 1 5 1 Panduwasnuwara West Lightning 2023.05.02 1 3 1 Kuliyapitiya East High Wind 2023.05.01 1 4 1 Kuliyapitiya East Lightning 2023.05.01 1 4 1 5 22 0 0 0 0 5 0 0 0 0 0 89 359 0
situation_20230506_0600_aa03a76d.pdf,Flood,False,153,"hiy Kegalle Warakapola දිස්ත්‍රික් එ තුව khtl;l $l;Lj;njhif District Total පළොත් ඵ තුව khfhz $l;Lj;njhif Province Total දිස්ත්‍රික් එ තුව khtl;l $l;Lj;njhif District Total දිස්ත්‍රික් එ තුව khtl;l $l;Lj;njhif District Total 2 ළුතර fSj;Jiw Kalutara ෙම්පහ fk;g`h Gampaha 3 Heavy Rain & High Wind 2023.05.05 Urban Flood / Flash Flood 8 යොපනය aho;g;ghzk; Jaffna Nallur Lightning 2023.05.03 1 1 1 1 1 0 0 0 0 1 0 0 0 0 0 Muthuthuvinayagapuram 1 3 1 Pandaravanni 1 2 2 2 5 0 0 0 0 3 0 0 0 0 0 3 6 0 0 0 0 4 0 0 0 0 0 Wanathavilluwa Heavy Rain & Flood 2023.05.02 82 331 1 Anamaduwa High Wind 2023.05.02 1 2 1 Nattandiya Heavy Rain & Wind 2023.05.02 1 4 1 84 337 0 0 0 0 3 0 0 0 0 0 Alauwwa High Wind 2023.05.02 1 6 1 Polgahawela Tree Fallen 2023.05.02 1 5 1 Panduwasnuwara West Lightning 2023.05.02 1 3 1 Kuliyapitiya East High Wind 2023.05.01 1 4 1 Kuliyapitiya East Lightning 2023.05.01 1 4 1 5 22 0 0 0 0 5 0 0 0 0 0 89 359 0 0 0 0 8 0 0 0 0 0 2249 9276 0 6 0 3 82 0 1 1 71 242 ආපදො ළමනො රණ මධ්‍යස්ත්‍රථොනය /mdHj;j Kfhikj;Jt epiyak;/ Disaster Management Centre හදිසි ඇමතුම් / njhiyNgrp / Hot Lines: 117, 0112670002, 011213"
situation_20230506_0600_aa03a76d.pdf,Landslide,True,207,වැදගත් යටිතල පහසුකම් වලට වූ හානි mbg;gilf; fl;likg;Gf;fs; Damages to critical Infrastructure ආරක්ිත ස්ත්‍රථාන ස්ත්‍ංඛ්‍යාව vz;zpf;i f No. of Safety Locations පවුේ ස්ත්‍ංඛ්‍යාව FLk;gq;f s; Families පුද්ගලයින් egHfs; Persons 1 ක ොළඹ nfhOk;G Colombo Sri Jayawardhanapura Heavy Rain & High Wind 2023.05.04 1 4 1 1 1 4 0 0 0 0 1 0 1 0 0 0 Bandaragama 1 6 Walallawita 1 4 Ingiriya 2 5 2 Kalutara 12 44 12 Millaniya 5 17 21 76 0 0 0 0 14 0 0 0 0 0 Negombo 2023.05.04 1176 4887 Katana 2023.05.05 870 3630 2046 8517 0 0 0 0 0 0 0 0 0 0 2068 8597 0 0 0 0 15 0 1 0 0 0 Haldummulla Landslide 2023.03.19 71 242 6 3 37 1 71 242 Safety center at Mahakanda Tea Factory Ridimaliyadda High Wind 2023.05.02 1 4 1 Passara Cutting Failure 2023.05.03 1 4 1 73 250 0 6 0 3 39 0 0 1 71 242 73 250 0 6 0 3 39 0 0 1 71 242 5 ත්‍රීකුණොමලය jp.kiy Trincomalee Seruwila High Wind 2023.05.01 1 4 1 1 4 0 0 0 0 1 0 0 0 0 0 1 4 0 0 0 0 1 0 0 0 0 0 High Wind 2023.05.02 1 4 1 High Wind 2023.05.04 1 3 1 Weligepola Heavy Rain & High Wind 2023.05.04 1 3 1 3 10 0 0 0 0 3 0 0 0 0 0 Deraniyagala Lightning 2023.05.01 2 9 2 Lightning 2023.05.02 1 4 1 High Wind 2023.05.02 1 5 1 Aranayake Tree Fallen 2023.05.03
situation_20230507_1800_8f3aef0e.pdf,Flood,False,118,mdHj;jk Disaster ආරම්භක දිනය mdu;j;jk; Muk;gpj;j jpfjp Date of commenced නිවාස්ත්‍ හානි Nrjkile;j tPLfs; Houses Damaged අතුරුදහ න්වූ පුද්ගලයින් fhzhky; NghNdhH Missing People පළාත් ඵකතුව khfhz $l;Lj;njhif Province Total නැගෙනහිර පලාත fpof;F Eastern සබරෙමුව පලාත rg;ufKt Sabaragamuwa 6 කෑෙල්ල Nffhiy Kegalle Warakapola පළාත් ඵකතුව khfhz $l;Lj;njhif Province Total දිස්ික් එකතුව khtl;l $l;Lj;njhif District Total 1 කළුතර fSj;Jiw Kalutara ෙම්පහ fk;g`h Gampaha 2 Heavy Rain & High Wind 2023.05.05 Urban Flood / Flash Flood 7 යාපනය aho;g;ghzk; Jaffna Nallur Lightning 2023.05.03 1 1 1 1 1 0 0 0 0 1 0 0 0 0 0 Muthuthuvinayagapuram 1 3 1 Pandaravanni 1 2 2 2 5 0 0 0 0 3 0 0 0 0 0 3 6 0 0 0 0 4 0 0 0 0 0 Wanathavilluwa Heavy Rain & Flood 2023.05.02 82 331 1 High Wind 2023.05.02 1 2 1 Flash flood 2023.05.07 6 24 Heavy Rain & Wind 2023.05.02 1 4 1 Heavy Rain & Wind 2023.05.05 1 5 1 Chilaw Flash flood 2023.05.07 410 1198 Wennappuwa Flash flood 2023.05.07 8 37 High Wind & Rain 2023.05.07 1 2 1 Flash flood 2023.05.07 39 107 1 Karuwalagaswewa Flash flood 2023.05.07 20 72 2 Wind 2023.05.05 1 1 1 Flas
situation_20230507_1800_8f3aef0e.pdf,Flood,False,120,Disaster ආරම්භක දිනය mdu;j;jk; Muk;gpj;j jpfjp Date of commenced නිවාස්ත්‍ හානි Nrjkile;j tPLfs; Houses Damaged අතුරුදහ න්වූ පුද්ගලයින් fhzhky; NghNdhH Missing People පළාත් ඵකතුව khfhz $l;Lj;njhif Province Total නැගෙනහිර පලාත fpof;F Eastern සබරෙමුව පලාත rg;ufKt Sabaragamuwa 6 කෑෙල්ල Nffhiy Kegalle Warakapola පළාත් ඵකතුව khfhz $l;Lj;njhif Province Total දිස්ික් එකතුව khtl;l $l;Lj;njhif District Total 1 කළුතර fSj;Jiw Kalutara ෙම්පහ fk;g`h Gampaha 2 Heavy Rain & High Wind 2023.05.05 Urban Flood / Flash Flood 7 යාපනය aho;g;ghzk; Jaffna Nallur Lightning 2023.05.03 1 1 1 1 1 0 0 0 0 1 0 0 0 0 0 Muthuthuvinayagapuram 1 3 1 Pandaravanni 1 2 2 2 5 0 0 0 0 3 0 0 0 0 0 3 6 0 0 0 0 4 0 0 0 0 0 Wanathavilluwa Heavy Rain & Flood 2023.05.02 82 331 1 High Wind 2023.05.02 1 2 1 Flash flood 2023.05.07 6 24 Heavy Rain & Wind 2023.05.02 1 4 1 Heavy Rain & Wind 2023.05.05 1 5 1 Chilaw Flash flood 2023.05.07 410 1198 Wennappuwa Flash flood 2023.05.07 8 37 High Wind & Rain 2023.05.07 1 2 1 Flash flood 2023.05.07 39 107 1 Karuwalagaswewa Flash flood 2023.05.07 20 72 2 Wind 2023.05.05 1 1 1 Flash flood 2023.05
situation_20230507_1800_8f3aef0e.pdf,Flood,False,158,vince Total නැගෙනහිර පලාත fpof;F Eastern සබරෙමුව පලාත rg;ufKt Sabaragamuwa 6 කෑෙල්ල Nffhiy Kegalle Warakapola පළාත් ඵකතුව khfhz $l;Lj;njhif Province Total දිස්ික් එකතුව khtl;l $l;Lj;njhif District Total 1 කළුතර fSj;Jiw Kalutara ෙම්පහ fk;g`h Gampaha 2 Heavy Rain & High Wind 2023.05.05 Urban Flood / Flash Flood 7 යාපනය aho;g;ghzk; Jaffna Nallur Lightning 2023.05.03 1 1 1 1 1 0 0 0 0 1 0 0 0 0 0 Muthuthuvinayagapuram 1 3 1 Pandaravanni 1 2 2 2 5 0 0 0 0 3 0 0 0 0 0 3 6 0 0 0 0 4 0 0 0 0 0 Wanathavilluwa Heavy Rain & Flood 2023.05.02 82 331 1 High Wind 2023.05.02 1 2 1 Flash flood 2023.05.07 6 24 Heavy Rain & Wind 2023.05.02 1 4 1 Heavy Rain & Wind 2023.05.05 1 5 1 Chilaw Flash flood 2023.05.07 410 1198 Wennappuwa Flash flood 2023.05.07 8 37 High Wind & Rain 2023.05.07 1 2 1 Flash flood 2023.05.07 39 107 1 Karuwalagaswewa Flash flood 2023.05.07 20 72 2 Wind 2023.05.05 1 1 1 Flash flood 2023.05.05 7 27 Puttalam Flash flood 2023.05.05 89 343 666 2153 0 0 0 0 9 0 0 0 0 0 Alauwwa High Wind 2023.05.02 1 6 1 Polgahawela Tree Fallen 2023.05.02 1 5 1 Panduwasnuwara West Lightning 2023.05.02 1 3 1 Kuliyapitiya East High
situation_20230507_1800_8f3aef0e.pdf,Landslide,True,188,"කුඩා හා මධය පරිමාණ වයාපාරික ස්ත්‍රථාන சிறிய, நடுத்தர, நிறுவனங்களின் சேதங்கள்; Small, Medium, Enterprises Damages ඉතා වැදගත් යටිතල පහසුකම් වලට වූ හානි mbg;gilf; fl;likg;Gf;fs; Damages to critical Infrastructure ආරක්ිත ස්ත්‍රථාන ස්ත්‍ංඛ්‍යාව vz;zpf;i f No. of Safety Locations පවුේ ස්ත්‍ංඛ්‍යාව FLk;gq;f s; Families පුද්ගලයින් egHfs; Persons Bandaragama 1 6 Walallawita 1 4 Ingiriya 2 5 2 Kalutara 12 44 12 Millaniya 5 17 21 76 0 0 0 0 14 0 0 0 0 0 Negombo 2023.05.04 765 3276 Katana 2023.05.05 85 498 1 850 3774 1 0 0 0 0 0 0 0 0 0 871 3850 1 0 0 0 14 0 0 0 0 0 Haldummulla Landslide 2023.03.19 71 242 6 3 37 1 71 242 Safety center at Mahakanda Tea Factory Ridimaliyadda High Wind 2023.05.02 1 4 1 Passara Cutting Failure 2023.05.03 1 4 1 73 250 0 6 0 3 39 0 0 1 71 242 73 250 0 6 0 3 39 0 0 1 71 242 4 ත්‍රීකුණාමලය jp.kiy Trincomalee Seruwila High Wind 2023.05.01 1 4 1 1 4 0 0 0 0 1 0 0 0 0 0 1 4 0 0 0 0 1 0 0 0 0 0 High Wind 2023.05.02 1 4 1 High Wind 2023.05.04 1 3 1 Weligepola Heavy Rain & High Wind 2023.05.04 1 3 1 3 10 0 0 0 0 3 0 0 0 0 0 Deraniyagala Lightning 2023.05.01 2 9 2 Lightning 2023.05.02 1 4 1 High Wind 2023.05.02 1 5 1 Aranayake Tree Fallen 2023.05.03"
situation_20230508_0600_ada7a333.pdf,Flood,False,143,"ila High Wind 2023.05.01 1 4 1 1 4 0 0 0 0 1 0 0 0 0 0 1 4 0 0 0 0 1 0 0 0 0 0 High Wind 2023.05.02 1 4 1 High Wind 2023.05.04 1 3 1 Weligepola Heavy Rain & High Wind 2023.05.04 1 3 1 3 10 0 0 0 0 3 0 0 0 0 0 Deraniyagala Lightning 2023.05.01 2 9 2 Lightning 2023.05.02 1 4 1 High Wind 2023.05.02 1 5 1 Aranayake Tree Fallen 2023.05.03 1 4 1 Tree Fallen 2023.05.02 2 9 2 Tree Fallen 2023.05.03 2 8 2 Tree Fallen 2023.05.02 1 4 1 Tree Fallen 2023.05.03 1 5 1 Bulathkohupitiya Tree Fallen 2023.05.02 1 2 1 12 50 0 0 0 0 12 0 0 0 0 0 15 60 0 0 0 0 15 0 0 0 0 0 Heavy Rain & High Wind 2023.05.05 Urban Flood / Flash Flood පළාත් ඵකතුව khfhz $l;Lj;njhif Province Total නැගෙනහිර පලාත fpof;F Eastern සබරෙමුව පලාත rg;ufKt Sabaragamuwa 6 කෑෙල්ල Nffhiy Kegalle Warakapola ලවනත් හානි பிற பாதிப்புகள் Other Damages ආරක්ිත ස්ත්‍රථාන ghJfhg;ghd miktplk; Safe Location දදනික තත්ත්ව වාර්තාව-ශ්‍රී ලංකාව/epiyik mwpf;if-,yq;if/Situation Report- Sri Lanka දිනය/jpfjp /Date : 08th May 2023 at 0600hrs ලවනත් කරුණු NtW Fwpg;Gf;fs; Remarks පළාත khfhzk; Province # පරිපාලන ප්‍රලද්ශය நிர்வாகப் பிரிவு Administrative purview ආපදාව mdHj;jk Disaster ආරම්භක"
situation_20230508_0600_ada7a333.pdf,Flood,False,143,"023.05.01 1 4 1 1 4 0 0 0 0 1 0 0 0 0 0 1 4 0 0 0 0 1 0 0 0 0 0 High Wind 2023.05.02 1 4 1 High Wind 2023.05.04 1 3 1 Weligepola Heavy Rain & High Wind 2023.05.04 1 3 1 3 10 0 0 0 0 3 0 0 0 0 0 Deraniyagala Lightning 2023.05.01 2 9 2 Lightning 2023.05.02 1 4 1 High Wind 2023.05.02 1 5 1 Aranayake Tree Fallen 2023.05.03 1 4 1 Tree Fallen 2023.05.02 2 9 2 Tree Fallen 2023.05.03 2 8 2 Tree Fallen 2023.05.02 1 4 1 Tree Fallen 2023.05.03 1 5 1 Bulathkohupitiya Tree Fallen 2023.05.02 1 2 1 12 50 0 0 0 0 12 0 0 0 0 0 15 60 0 0 0 0 15 0 0 0 0 0 Heavy Rain & High Wind 2023.05.05 Urban Flood / Flash Flood පළාත් ඵකතුව khfhz $l;Lj;njhif Province Total නැගෙනහිර පලාත fpof;F Eastern සබරෙමුව පලාත rg;ufKt Sabaragamuwa 6 කෑෙල්ල Nffhiy Kegalle Warakapola ලවනත් හානි பிற பாதிப்புகள் Other Damages ආරක්ිත ස්ත්‍රථාන ghJfhg;ghd miktplk; Safe Location දදනික තත්ත්ව වාර්තාව-ශ්‍රී ලංකාව/epiyik mwpf;if-,yq;if/Situation Report- Sri Lanka දිනය/jpfjp /Date : 08th May 2023 at 0600hrs ලවනත් කරුණු NtW Fwpg;Gf;fs; Remarks පළාත khfhzk; Province # පරිපාලන ප්‍රලද්ශය நிர்வாகப் பிரிவு Administrative purview ආපදාව mdHj;jk Disaster ආරම්භක දිනය mdu;j;j"
situation_20230508_0600_ada7a333.pdf,Flood,False,163,ිසරික් එකතුව khtl;l $l;Lj;njhif District Total දිසරික් එකතුව khtl;l $l;Lj;njhif District Total පළාත් ඵකතුව khfhz $l;Lj;njhif Province Total දිසරික් එකතුව khtl;l $l;Lj;njhif District Total Western Nky; khfhzk; බසරනාහිර පලාත ඌව Cth khfhzk; Uva 3 කළුතර fSj;Jiw Kalutara ෙම්පහ fk;g`h Gampaha 2 Lightning 2023.05.03 1 1 1 High Wind 2023.05.07 1 4 1 Sandilippay High Wind 2023.05.07 1 2 5 0 0 0 0 2 0 1 0 0 0 Muthuthuvinayagapuram 1 3 1 Pandaravanni 1 2 2 2 5 0 0 0 0 3 0 0 0 0 0 4 10 0 0 0 0 5 0 1 0 0 0 Wanathavilluwa Heavy Rain & Flood 2023.05.02 82 331 1 High Wind 2023.05.02 1 2 1 Flash flood 2023.05.07 6 24 Heavy Rain & Wind 2023.05.02 1 4 1 Heavy Rain & Wind 2023.05.05 1 5 1 Chilaw Flash flood 2023.05.07 410 1198 Wennappuwa Flash flood 2023.05.07 8 37 High Wind & Rain 2023.05.07 1 2 1 Flash flood 2023.05.07 39 107 1 Karuwalagaswewa Flash flood 2023.05.07 20 72 2 Wind 2023.05.05 1 1 1 Flash flood 2023.05.05 7 27 Puttalam Flash flood 2023.05.05 89 343 666 2153 0 0 0 0 9 0 0 0 0 0 Alauwwa High Wind 2023.05.02 1 6 1 Polgahawela Tree Fallen 2023.05.02 1 5 1 Panduwasnuwara West Lightning 2023.05.02 1 3 1 Kuliyapitiya East High
situation_20230508_0600_ada7a333.pdf,Landslide,True,188,"කුඩා හා මධය පරිමාණ වයාපාරික ස්ත්‍රථාන சிறிய, நடுத்தர, நிறுவனங்களின் சேதங்கள்; Small, Medium, Enterprises Damages ඉතා වැදගත් යටිතල පහසුකම් වලට වූ හානි mbg;gilf; fl;likg;Gf;fs; Damages to critical Infrastructure ආරක්ිත ස්ත්‍රථාන ස්ත්‍ංඛ්‍යාව vz;zpf;i f No. of Safety Locations පවුේ ස්ත්‍ංඛ්‍යාව FLk;gq;f s; Families පුද්ගලයින් egHfs; Persons Bandaragama 1 6 Walallawita 1 4 Ingiriya 2 5 2 Kalutara 12 44 12 Millaniya 5 17 21 76 0 0 0 0 14 0 0 0 0 0 Negombo 2023.05.04 765 3276 Katana 2023.05.05 85 498 1 850 3774 1 0 0 0 0 0 0 0 0 0 871 3850 1 0 0 0 14 0 0 0 0 0 Haldummulla Landslide 2023.03.19 71 242 6 3 37 1 71 242 Safety center at Mahakanda Tea Factory Ridimaliyadda High Wind 2023.05.02 1 4 1 Passara Cutting Failure 2023.05.03 1 4 1 73 250 0 6 0 3 39 0 0 1 71 242 73 250 0 6 0 3 39 0 0 1 71 242 4 ත්‍රීකුණාමලය jp.kiy Trincomalee Seruwila High Wind 2023.05.01 1 4 1 1 4 0 0 0 0 1 0 0 0 0 0 1 4 0 0 0 0 1 0 0 0 0 0 High Wind 2023.05.02 1 4 1 High Wind 2023.05.04 1 3 1 Weligepola Heavy Rain & High Wind 2023.05.04 1 3 1 3 10 0 0 0 0 3 0 0 0 0 0 Deraniyagala Lightning 2023.05.01 2 9 2 Lightning 2023.05.02 1 4 1 High Wind 2023.05.02 1 5 1 Aranayake Tree Fallen 2023.05.03"
situation_20230508_1800_c4daf8e9.pdf,Flood,False,35,කරුණු NtW Fwpg;Gf;fs; Remarks පළාත khfhzk; Province # පරිපාලන ප්‍රලද්ශය நிர்வாகப் பிரிவு Administrative purview ආපදාව mdHj;jk Disaster ආරම්භක දිනය mdu;j;jk; Muk;gpj;j jpfjp Date of commenced නිවාස්ත්‍ හානි Nrjkile;j tPLfs; Houses Damaged අතුරුදහ න්වූ පුද්ගලයින් fhzhky; NghNdhH Missing People මිය යෑම් kuzq;f s; Deaths බලපෑමට ලක්වු ghjpf;fg;gl;l Affected තුවාලවු පුද්ගලයින් fhakil e;NjhH Injured People පළාත් ඵකතුව khfhz $l;Lj;njhif Province Total නැගගනහිර පලාත fpof;F Eastern Heavy Rain & High Wind 2023.05.05 Urban Flood / Flash Flood දිස්ත්‍රික් එකතුව khtl;l $l;Lj;njhif District Total පළාත් ඵකතුව khfhz $l;Lj;njhif Province Total දිස්ත්‍රික් එකතුව khtl;l $l;Lj;njhif District Total 1 Western Nky; khfhzk; බස්ත්‍රනාහිර පලාත ඌව Cth khfhzk; Uva කළුතර fSj;Jiw Kalutara Lunugala Hali Ela 3 බදුල්ල gJs;is Badulla Haldummulla Ridimaliyadda Cutting Failure Passara High Wind 2023.05.02 1 4 1 High Wind 2023.05.04 1 3 1 High Wind 2023.05.08 1 5 1 Weligepola Heavy Rain & High Wind 2023.05.04 1 3 1 Balangoda Heavy Rain & High Wind 2023.05.06 1 2 1 Kahawatta High
situation_20230508_1800_c4daf8e9.pdf,Flood,False,38,NtW Fwpg;Gf;fs; Remarks පළාත khfhzk; Province # පරිපාලන ප්‍රලද්ශය நிர்வாகப் பிரிவு Administrative purview ආපදාව mdHj;jk Disaster ආරම්භක දිනය mdu;j;jk; Muk;gpj;j jpfjp Date of commenced නිවාස්ත්‍ හානි Nrjkile;j tPLfs; Houses Damaged අතුරුදහ න්වූ පුද්ගලයින් fhzhky; NghNdhH Missing People මිය යෑම් kuzq;f s; Deaths බලපෑමට ලක්වු ghjpf;fg;gl;l Affected තුවාලවු පුද්ගලයින් fhakil e;NjhH Injured People පළාත් ඵකතුව khfhz $l;Lj;njhif Province Total නැගගනහිර පලාත fpof;F Eastern Heavy Rain & High Wind 2023.05.05 Urban Flood / Flash Flood දිස්ත්‍රික් එකතුව khtl;l $l;Lj;njhif District Total පළාත් ඵකතුව khfhz $l;Lj;njhif Province Total දිස්ත්‍රික් එකතුව khtl;l $l;Lj;njhif District Total 1 Western Nky; khfhzk; බස්ත්‍රනාහිර පලාත ඌව Cth khfhzk; Uva කළුතර fSj;Jiw Kalutara Lunugala Hali Ela 3 බදුල්ල gJs;is Badulla Haldummulla Ridimaliyadda Cutting Failure Passara High Wind 2023.05.02 1 4 1 High Wind 2023.05.04 1 3 1 High Wind 2023.05.08 1 5 1 Weligepola Heavy Rain & High Wind 2023.05.04 1 3 1 Balangoda Heavy Rain & High Wind 2023.05.06 1 2 1 Kahawatta High Wind 2023.05.0
situation_20230508_1800_c4daf8e9.pdf,Flood,False,118,"hz $l;Lj;njhif Province Total දිස්ත්‍රික් එකතුව khtl;l $l;Lj;njhif District Total පළාත් ඵකතුව khfhz $l;Lj;njhif Province Total දිස්ත්‍රික් එකතුව khtl;l $l;Lj;njhif District Total 8 මුලතිව් Ky;iyj;jPT Mulaitivu දිස්ත්‍රික් එකතුව khtl;l $l;Lj;njhif District Total Lightning ස්ත්‍බරගමුව පලාත rg;ufKt Sabaragamuwa උතුරු පලාත tl khfhzk; Northen High Wind & Rain 2023.05.01 6 කෑගල්ල Nffhiy Kegalle Warakapola Nallur Rathnapura Godakawela 5 රත්නපුර ,uj;jpdGhp Rathnapura 7 යාපනය aho;g;ghzk; Jaffna Wanathavilluwa Heavy Rain & Flood 2023.05.02 82 331 1 High Wind 2023.05.02 1 2 1 Flash flood 2023.05.07 6 24 Heavy Rain & Wind 2023.05.02 1 4 1 Heavy Rain & Wind 2023.05.05 1 5 1 Chilaw Flash flood 2023.05.07 410 1198 Wennappuwa Flash flood 2023.05.07 8 37 High Wind & Rain 2023.05.07 1 2 1 Flash flood 2023.05.07 39 107 1 Karuwalagaswewa Flash flood 2023.05.07 20 72 2 Wind 2023.05.05 1 1 1 Flash flood 2023.05.05 7 27 Puttalam Flash flood 2023.05.05 89 343 666 2153 0 0 0 0 9 0 0 0 0 0 High Wind 2023.05.02 1 6 1 Tree Fallen 2023.05.07 1 1 1 1 Tree Fallen 2023.05.02 1 5 1 High Wind 2023.05.03 1 3 1 Panduwasnuwara West Lightning 2"
situation_20230508_1800_c4daf8e9.pdf,Landslide,True,167,"Partially කුඩා හා මධය පරිමාණ වයාපාරික ස්ත්‍රථාන சிறிய, நடுத்தர, நிறுவனங்களின் சேதங்கள்; Small, Medium, Enterprises Damages ඉතා වැදගත් යටිතල පහසුකම් වලට වූ හානි mbg;gilf; fl;likg;Gf;fs; Damages to critical Infrastructure ආරක්ිත ස්ත්‍රථාන ස්ත්‍ංඛ්‍යාව vz;zpf;i f No. of Safety Locations පවුේ ස්ත්‍ංඛ්‍යාව FLk;gq;f s; Families පුද්ගලයින් egHfs; Persons Bandaragama 1 6 Walallawita 1 4 Ingiriya 2 5 2 Kalutara 12 44 12 Millaniya 5 17 21 76 0 0 0 0 14 0 0 0 0 0 Negombo 2023.05.04 765 3276 Katana 2023.05.05 85 498 1 850 3774 1 0 0 0 0 0 0 0 0 0 871 3850 1 0 0 0 14 0 0 0 0 0 Landslide 2023.03.19 71 242 6 3 37 2 1 71 242 Safety center at Mahakanda Tea Factory Cutting Failure 2023.05.04 1 4 1 High Wind 2023.05.02 1 4 1 Heavy Rain 2023.05.04 1 2 1 2023.05.03 1 4 1 2023.05.04 4 15 4 Landslide Risk 2023.05.04 11 41 1 11 41 Bibilegama Child Protection Center Welimada Heavy Rain & Wind 2023.05.04 5 26 5 Badulla Heavy Rain & Wind 2023.05.04 25 87 11 Cutting Failure 2023.05.04 5 14 5 Heavy Rain 2023.05.04 3 20 3 Lightning 2023.05.06 1 4 1 Heavy Rain 2023.05.04 3 14 3 Haputale Cutting Failure 2023.05.04 1 4 1 Soranathota Heavy Rain & Wind 2023.05.04 9 33 9 142 514 0 6 0 3 83 2 0 2"
situation_20230508_1800_c4daf8e9.pdf,Landslide,True,223,critical Infrastructure ආරක්ිත ස්ත්‍රථාන ස්ත්‍ංඛ්‍යාව vz;zpf;i f No. of Safety Locations පවුේ ස්ත්‍ංඛ්‍යාව FLk;gq;f s; Families පුද්ගලයින් egHfs; Persons Bandaragama 1 6 Walallawita 1 4 Ingiriya 2 5 2 Kalutara 12 44 12 Millaniya 5 17 21 76 0 0 0 0 14 0 0 0 0 0 Negombo 2023.05.04 765 3276 Katana 2023.05.05 85 498 1 850 3774 1 0 0 0 0 0 0 0 0 0 871 3850 1 0 0 0 14 0 0 0 0 0 Landslide 2023.03.19 71 242 6 3 37 2 1 71 242 Safety center at Mahakanda Tea Factory Cutting Failure 2023.05.04 1 4 1 High Wind 2023.05.02 1 4 1 Heavy Rain 2023.05.04 1 2 1 2023.05.03 1 4 1 2023.05.04 4 15 4 Landslide Risk 2023.05.04 11 41 1 11 41 Bibilegama Child Protection Center Welimada Heavy Rain & Wind 2023.05.04 5 26 5 Badulla Heavy Rain & Wind 2023.05.04 25 87 11 Cutting Failure 2023.05.04 5 14 5 Heavy Rain 2023.05.04 3 20 3 Lightning 2023.05.06 1 4 1 Heavy Rain 2023.05.04 3 14 3 Haputale Cutting Failure 2023.05.04 1 4 1 Soranathota Heavy Rain & Wind 2023.05.04 9 33 9 142 514 0 6 0 3 83 2 0 2 82 283 142 514 0 6 0 3 83 2 0 2 82 283 Seruwila 2023.05.01 1 4 1 Muthur 2023.05.06 1 4 1 Kinniya 2023.05.07 1 4 1 3 12 0 0 0 0 3 0 0 0 0 0 3 12 0 0 0 0 3 0 0 0 0 0 දිස්ත්‍රික් එකතුව khtl;l $l;Lj;njhif Distric
situation_20230509_0600_9c68e4d2.pdf,Flood,False,30,ay 2023 at 0600hrs ලවනත් කරුණු NtW Fwpg;Gf;fs; Remarks පළාත khfhzk; Province # පරිපාලන ප්‍රලද්ශය நிர்வாகப் பிரிவு Administrative purview ආපදාව mdHj;jk Disaster ආරම්භක දිනය mdu;j;jk; Muk;gpj;j jpfjp Date of commenced නිවාස්ත්‍ හානි Nrjkile;j tPLfs; Houses Damaged අතුරුදහ න්වූ පුද්ගලයින් fhzhky; NghNdhH Missing People මිය යෑම් kuzq;f s; Deaths බලපෑමට ලක්වු ghjpf;fg;gl;l Affected තුවාලවු පුද්ගලයින් fhakil e;NjhH Injured People පළාත් ඵකතුව khfhz $l;Lj;njhif Province Total නැගෙනහිර පලාත fpof;F Eastern 2023.05.05 Urban Flood / Flash Flood දිස්ත්‍රික් එකතුව khtl;l $l;Lj;njhif District Total පළාත් ඵකතුව khfhz $l;Lj;njhif Province Total දිස්ත්‍රික් එකතුව khtl;l $l;Lj;njhif District Total 1 Cutting Failure 2 ෙම්පහ fk;g`h Gampaha Western Nky; khfhzk; බස්ත්‍රනාහිර පලාත ඌව Cth khfhzk; Uva කළුතර fSj;Jiw Kalutara Lunugala Hali Ela 3 බදුල්ල gJs;is Badulla Haldummulla Ridimaliyadda Passara Heavy Rain & High Wind High Wind 2023.05.02 1 4 1 High Wind 2023.05.04 1 3 1 High Wind 2023.05.08 1 5 1 Weligepola Heavy Rain & High Wind 2023.05.04 1 3
situation_20230509_0600_9c68e4d2.pdf,Flood,False,30,hrs ලවනත් කරුණු NtW Fwpg;Gf;fs; Remarks පළාත khfhzk; Province # පරිපාලන ප්‍රලද්ශය நிர்வாகப் பிரிவு Administrative purview ආපදාව mdHj;jk Disaster ආරම්භක දිනය mdu;j;jk; Muk;gpj;j jpfjp Date of commenced නිවාස්ත්‍ හානි Nrjkile;j tPLfs; Houses Damaged අතුරුදහ න්වූ පුද්ගලයින් fhzhky; NghNdhH Missing People මිය යෑම් kuzq;f s; Deaths බලපෑමට ලක්වු ghjpf;fg;gl;l Affected තුවාලවු පුද්ගලයින් fhakil e;NjhH Injured People පළාත් ඵකතුව khfhz $l;Lj;njhif Province Total නැගෙනහිර පලාත fpof;F Eastern 2023.05.05 Urban Flood / Flash Flood දිස්ත්‍රික් එකතුව khtl;l $l;Lj;njhif District Total පළාත් ඵකතුව khfhz $l;Lj;njhif Province Total දිස්ත්‍රික් එකතුව khtl;l $l;Lj;njhif District Total 1 Cutting Failure 2 ෙම්පහ fk;g`h Gampaha Western Nky; khfhzk; බස්ත්‍රනාහිර පලාත ඌව Cth khfhzk; Uva කළුතර fSj;Jiw Kalutara Lunugala Hali Ela 3 බදුල්ල gJs;is Badulla Haldummulla Ridimaliyadda Passara Heavy Rain & High Wind High Wind 2023.05.02 1 4 1 High Wind 2023.05.04 1 3 1 High Wind 2023.05.08 1 5 1 Weligepola Heavy Rain & High Wind 2023.05.04 1 3 1 Balangoda Hea
situation_20230509_0600_9c68e4d2.pdf,Flood,False,124,"පළාත් ඵකතුව khfhz $l;Lj;njhif Province Total දිස්ත්‍රික් එකතුව khtl;l $l;Lj;njhif District Total පළාත් ඵකතුව khfhz $l;Lj;njhif Province Total දිස්ත්‍රික් එකතුව khtl;l $l;Lj;njhif District Total 8 මුලතිව් Ky;iyj;jPT Mulaitivu දිස්ත්‍රික් එකතුව khtl;l $l;Lj;njhif District Total Lightning ස්ත්‍බරෙමුව පලාත rg;ufKt Sabaragamuwa උතුරු පලාත tl khfhzk; Northen High Wind & Rain 2023.05.01 6 කෑෙල්ල Nffhiy Kegalle Warakapola Nallur Rathnapura Godakawela 5 රත්නපුර ,uj;jpdGhp Rathnapura 7 යාපනය aho;g;ghzk; Jaffna Chilaw Flash flood 2023.05.07 150 580 Wennappuwa Flash flood 2023.05.07 15 65 Mundalama Flash flood 2023.05.07 19 72 1 2 12 47 1. Akkarawellei Communty hall 2. Sisil Pawana Community hall Dankotuwa Wind 2023.05.07 1 2 1 Puttalam Wind 2023.05.07 1 4 1 1 186 723 0 1 0 0 3 0 0 2 12 47 High Wind 2023.05.02 1 6 1 Tree Fallen 2023.05.07 1 1 1 1 Tree Fallen 2023.05.02 1 5 1 High Wind 2023.05.03 1 3 1 Panduwasnuwara West Lightning 2023.05.02 1 3 1 2023.05.01 1 4 1 2023.05.04 1 6 1 2023.05.07 1 5 1 Lightning 2023.05.01 1 4 1 Heavy Rain 2023.05.06 1 4 1 Narammala High Wind & Rain 2023.05.03 2 4 2 High Wind 2023.05.05 3"
situation_20230509_0600_9c68e4d2.pdf,Landslide,True,167,"Partially කුඩා හා මධය පරිමාණ වයාපාරික ස්ත්‍රථාන சிறிய, நடுத்தர, நிறுவனங்களின் சேதங்கள்; Small, Medium, Enterprises Damages ඉතා වැදගත් යටිතල පහසුකම් වලට වූ හානි mbg;gilf; fl;likg;Gf;fs; Damages to critical Infrastructure ආරක්ිත ස්ත්‍රථාන ස්ත්‍ංඛ්‍යාව vz;zpf;i f No. of Safety Locations පවුේ ස්ත්‍ංඛ්‍යාව FLk;gq;f s; Families පුද්ගලයින් egHfs; Persons Bandaragama 1 6 Walallawita 1 4 Ingiriya 2 5 2 Kalutara 12 44 12 Millaniya 5 17 21 76 0 0 0 0 14 0 0 0 0 0 Negombo 2023.05.04 765 3276 Katana 2023.05.05 85 498 1 850 3774 1 0 0 0 0 0 0 0 0 0 871 3850 1 0 0 0 14 0 0 0 0 0 Landslide 2023.03.19 71 242 6 3 37 2 1 71 242 Safety center at Mahakanda Tea Factory Cutting Failure 2023.05.04 1 4 1 High Wind 2023.05.02 1 4 1 Heavy Rain 2023.05.04 1 2 1 2023.05.03 1 4 1 2023.05.04 4 15 4 Landslide Risk 2023.05.04 11 41 1 11 41 Bibilegama Child Protection Center Welimada Heavy Rain & Wind 2023.05.04 5 26 5 Badulla Heavy Rain & Wind 2023.05.04 25 87 11 Cutting Failure 2023.05.04 5 14 5 Heavy Rain 2023.05.04 3 20 3 Lightning 2023.05.06 1 4 1 Heavy Rain 2023.05.04 3 14 3 Haputale Cutting Failure 2023.05.04 1 4 1 Soranathota Heavy Rain & Wind 2023.05.04 9 33 9 142 514 0 6 0 3 83 2 0 2"
situation_20230509_0600_9c68e4d2.pdf,Landslide,True,223,critical Infrastructure ආරක්ිත ස්ත්‍රථාන ස්ත්‍ංඛ්‍යාව vz;zpf;i f No. of Safety Locations පවුේ ස්ත්‍ංඛ්‍යාව FLk;gq;f s; Families පුද්ගලයින් egHfs; Persons Bandaragama 1 6 Walallawita 1 4 Ingiriya 2 5 2 Kalutara 12 44 12 Millaniya 5 17 21 76 0 0 0 0 14 0 0 0 0 0 Negombo 2023.05.04 765 3276 Katana 2023.05.05 85 498 1 850 3774 1 0 0 0 0 0 0 0 0 0 871 3850 1 0 0 0 14 0 0 0 0 0 Landslide 2023.03.19 71 242 6 3 37 2 1 71 242 Safety center at Mahakanda Tea Factory Cutting Failure 2023.05.04 1 4 1 High Wind 2023.05.02 1 4 1 Heavy Rain 2023.05.04 1 2 1 2023.05.03 1 4 1 2023.05.04 4 15 4 Landslide Risk 2023.05.04 11 41 1 11 41 Bibilegama Child Protection Center Welimada Heavy Rain & Wind 2023.05.04 5 26 5 Badulla Heavy Rain & Wind 2023.05.04 25 87 11 Cutting Failure 2023.05.04 5 14 5 Heavy Rain 2023.05.04 3 20 3 Lightning 2023.05.06 1 4 1 Heavy Rain 2023.05.04 3 14 3 Haputale Cutting Failure 2023.05.04 1 4 1 Soranathota Heavy Rain & Wind 2023.05.04 9 33 9 142 514 0 6 0 3 83 2 0 2 82 283 142 514 0 6 0 3 83 2 0 2 82 283 Seruwila 2023.05.01 1 4 1 Muthur 2023.05.06 1 4 1 Kinniya 2023.05.07 1 4 1 3 12 0 0 0 0 3 0 0 0 0 0 3 12 0 0 0 0 3 0 0 0 0 0 දිස්ත්‍රික් එකතුව khtl;l $l;Lj;njhif Distric
situation_20231124_0900_64ff2f13.pdf,Flood,False,199,pf;i f No. of Safety Locations පවුේ ස්ත්‍ංඛ්‍යාව FLk;gq;f s; Families පුද්ගලයින් egHfs; Persons Haldumulla Landslide Risk 2023.10.14-11.16 1 4 109 332 1. Koslanda watta tea factory 2.Dambethenna 3.Poonagala Tea Factory 4.Bathgoda Tamil School Bandarawela Cutting Faliure 2023.10.14-11.16 1 3 7 Udaperuwa Muslim Mosque Landslide Risk 2023.10.23 1 9 22 Galkanda Muthuwana School Landslide Risk 2023.10.22 1 17 81 Kalban Vidyalaya Landslide Risk 2023.11.20 1 34 114 Glanor Tamil School 0 0 0 0 1 0 0 0 0 8 172 556 0 0 0 0 1 0 0 0 0 8 172 556 2 මාතර khj;jiw Matara Devinuwara Flood / Heavy Rain 2023.09.28 to 2023.11.16 1 4 21 Hiththetiya Temple 0 0 0 0 0 0 0 0 0 1 4 21 0 0 0 0 0 0 0 0 0 1 4 21 Aranayake 2023.11.21 12 38 11 Rambukkana 2023.11.21 11 43 5 Ruwanwella 2023.11.21 1 4 1 Warakapola 2023.11.21 /22 8 29 8 32 114 0 0 0 0 25 0 0 0 0 0 Kolonna 2023.11.22 36 184 2 9 Balangoda 2023.11.22 106 491 2 9 Opanayake 2023.11.22 5 16 2 Kahawatta 2023.11.23 25 94 22 Godakawela 2023.11.22 17 71 12 Weligepola 2023.11.23 67 226 3 Embilipitiya 2023.11.22 16 52 2 Kalthota 2023.11.22 12 38 Rathnapura 2023.11.22 2 6 2 Nivithigala 2023.11.22 34 110 Elapatha 2023.11.23 3 10 Pelamadulla
situation_20231124_0900_64ff2f13.pdf,Flood,False,7,"පුද්ගලයින් fhakil e;NjhH Injured People අතුරුදහ න්වූ පුද්ගලයින් fhzhky; NghNdhH Missing People නිවාස්ත්‍ හානි Nrjkile;j tPLfs; Houses Damaged ලවනත් හානි பிற பாதிப்புகள் Other Damages සබරගමුව පලාත rg;ufKt Sabaragamuwa ආරක්ිත ස්ත්‍රථාන ghJfhg;ghd miktplk; Safe Location දදනික තත්ත්ව වාර්තාව-ශ්‍රී ලංකාව/epiyik mwpf;if-,yq;if/Situation Report- Sri Lanka දිනය/jpfjp /Date :24th November 2023 at 0900hrs ලවනත් කරුණු NtW Fwpg;Gf;fs; Remarks දිසරික් එකතුව/khtl;l $l;Lj;njhif/District Total පළාත් ඵකතුව/ khfhz $l;Lj;njhif/Province Total 3 කෑගල්ල Nffhiy Kegalle Flood/Tlandslide Risk/Cutting Failiture/Lightning දිසරික් එකතුව/khtl;l $l;Lj;njhif/District Total පළාත් ඵකතුව/ khfhz $l;Lj;njhif/Province Total බදුල්ල gJs;is Badulla 1 ඌව Cth khfhzk; Uva දිසරික් එකතුව/khtl;l $l;Lj;njhif/District Total පළාත් ඵකතුව/ khfhz $l;Lj;njhif/Province Total දකුනු පලාත njd; khfhzk; Southern Haputhale Flood/Tlandslide Risk/Cutting Failiture/Lightning/ Heavy Rain දිසරික් එකතුව/khtl;l $l;Lj;njhif/District Total 4 රත්නපුර ,uj;jpdGhp Rathnapura 5 නුවර fz;b Kandy Medadumbara Heavy rain 2023.11."
situation_20231124_0900_64ff2f13.pdf,Flood,False,75,"Sri Lanka දිනය/jpfjp /Date :24th November 2023 at 0900hrs ලවනත් කරුණු NtW Fwpg;Gf;fs; Remarks දිසරික් එකතුව/khtl;l $l;Lj;njhif/District Total පළාත් ඵකතුව/ khfhz $l;Lj;njhif/Province Total 3 කෑගල්ල Nffhiy Kegalle Flood/Tlandslide Risk/Cutting Failiture/Lightning දිසරික් එකතුව/khtl;l $l;Lj;njhif/District Total පළාත් ඵකතුව/ khfhz $l;Lj;njhif/Province Total බදුල්ල gJs;is Badulla 1 ඌව Cth khfhzk; Uva දිසරික් එකතුව/khtl;l $l;Lj;njhif/District Total පළාත් ඵකතුව/ khfhz $l;Lj;njhif/Province Total දකුනු පලාත njd; khfhzk; Southern Haputhale Flood/Tlandslide Risk/Cutting Failiture/Lightning/ Heavy Rain දිසරික් එකතුව/khtl;l $l;Lj;njhif/District Total 4 රත්නපුර ,uj;jpdGhp Rathnapura 5 නුවර fz;b Kandy Medadumbara Heavy rain 2023.11.21 1 11 50 Rangala Primary Tamil School 0 0 0 0 0 0 0 0 0 1 11 50 Hanguranketha Heavy Rain 2023.11.19 1 1 1 Flash Flood 2023.11.20 10 48 10 2023.11.21 1 5 2023.11.22 1 4 Heavy Rain 2023.11.19 7 19 6 Heavy Rain 2023.11.21 10 44 4 Hanguranketha Heavy Rain 2023.11.21 2 10 2 32 131 0 0 0 0 23 0 0 0 0 0 මධ්‍යම පලාත kj;jpa khfhzk; Central දිසරික් එකතුව/khtl;l $l"
situation_20231124_0900_64ff2f13.pdf,Landslide,False,97,"දිස්ත්‍රික්කය மாவட்டம் District ප්‍රා.ලේ. ලකා gpuNjr nra.gp DS Division පවුේ ස්ත්‍ංඛ්‍යාව FLk;gq;fs; Families පුද්ගලයින් egHfs; People පූර්ණ හානි KOik Fully අර්ධ හානි gFjpasT Partially කුඩා හා මධය පරිමාණ වයාපාරික ස්ත්‍රථාන சிறிய, நடுத்தர, நிறுவனங்களின் சேதங்கள்; Small, Medium, Enterprises Damages ඉතා වැදගත් යටිතල පහසුකම් වලට වූ හානි mbg;gilf; fl;likg;Gf;fs; Damages to critical Infrastructure ආරක්ිත ස්ත්‍රථාන ස්ත්‍ංඛ්‍යාව vz;zpf;i f No. of Safety Locations පවුේ ස්ත්‍ංඛ්‍යාව FLk;gq;f s; Families පුද්ගලයින් egHfs; Persons Haldumulla Landslide Risk 2023.10.14-11.16 1 4 109 332 1. Koslanda watta tea factory 2.Dambethenna 3.Poonagala Tea Factory 4.Bathgoda Tamil School Bandarawela Cutting Faliure 2023.10.14-11.16 1 3 7 Udaperuwa Muslim Mosque Landslide Risk 2023.10.23 1 9 22 Galkanda Muthuwana School Landslide Risk 2023.10.22 1 17 81 Kalban Vidyalaya Landslide Risk 2023.11.20 1 34 114 Glanor Tamil School 0 0 0 0 1 0 0 0 0 8 172 556 0 0 0 0 1 0 0 0 0 8 172 556 2 මාතර khj;jiw Matara Devinuwara Flood / Heavy Rain 2023.09.28 to 2023.11.16 1 4 21 Hiththetiya Temple 0 0 0 0 0 0 0 0 0 1 4 21 0 0 0 0 0 0 0 0 0 1 4 21 Aran"
situation_20231124_0900_64ff2f13.pdf,Landslide,False,148,"lly කුඩා හා මධය පරිමාණ වයාපාරික ස්ත්‍රථාන சிறிய, நடுத்தர, நிறுவனங்களின் சேதங்கள்; Small, Medium, Enterprises Damages ඉතා වැදගත් යටිතල පහසුකම් වලට වූ හානි mbg;gilf; fl;likg;Gf;fs; Damages to critical Infrastructure ආරක්ිත ස්ත්‍රථාන ස්ත්‍ංඛ්‍යාව vz;zpf;i f No. of Safety Locations පවුේ ස්ත්‍ංඛ්‍යාව FLk;gq;f s; Families පුද්ගලයින් egHfs; Persons Haldumulla Landslide Risk 2023.10.14-11.16 1 4 109 332 1. Koslanda watta tea factory 2.Dambethenna 3.Poonagala Tea Factory 4.Bathgoda Tamil School Bandarawela Cutting Faliure 2023.10.14-11.16 1 3 7 Udaperuwa Muslim Mosque Landslide Risk 2023.10.23 1 9 22 Galkanda Muthuwana School Landslide Risk 2023.10.22 1 17 81 Kalban Vidyalaya Landslide Risk 2023.11.20 1 34 114 Glanor Tamil School 0 0 0 0 1 0 0 0 0 8 172 556 0 0 0 0 1 0 0 0 0 8 172 556 2 මාතර khj;jiw Matara Devinuwara Flood / Heavy Rain 2023.09.28 to 2023.11.16 1 4 21 Hiththetiya Temple 0 0 0 0 0 0 0 0 0 1 4 21 0 0 0 0 0 0 0 0 0 1 4 21 Aranayake 2023.11.21 12 38 11 Rambukkana 2023.11.21 11 43 5 Ruwanwella 2023.11.21 1 4 1 Warakapola 2023.11.21 /22 8 29 8 32 114 0 0 0 0 25 0 0 0 0 0 Kolonna 2023.11.22 36 184 2 9 Balangoda 2023.11.22 106 491 2 9 Opanayake"
situation_20231124_0900_64ff2f13.pdf,Landslide,False,160,", நிறுவனங்களின் சேதங்கள்; Small, Medium, Enterprises Damages ඉතා වැදගත් යටිතල පහසුකම් වලට වූ හානි mbg;gilf; fl;likg;Gf;fs; Damages to critical Infrastructure ආරක්ිත ස්ත්‍රථාන ස්ත්‍ංඛ්‍යාව vz;zpf;i f No. of Safety Locations පවුේ ස්ත්‍ංඛ්‍යාව FLk;gq;f s; Families පුද්ගලයින් egHfs; Persons Haldumulla Landslide Risk 2023.10.14-11.16 1 4 109 332 1. Koslanda watta tea factory 2.Dambethenna 3.Poonagala Tea Factory 4.Bathgoda Tamil School Bandarawela Cutting Faliure 2023.10.14-11.16 1 3 7 Udaperuwa Muslim Mosque Landslide Risk 2023.10.23 1 9 22 Galkanda Muthuwana School Landslide Risk 2023.10.22 1 17 81 Kalban Vidyalaya Landslide Risk 2023.11.20 1 34 114 Glanor Tamil School 0 0 0 0 1 0 0 0 0 8 172 556 0 0 0 0 1 0 0 0 0 8 172 556 2 මාතර khj;jiw Matara Devinuwara Flood / Heavy Rain 2023.09.28 to 2023.11.16 1 4 21 Hiththetiya Temple 0 0 0 0 0 0 0 0 0 1 4 21 0 0 0 0 0 0 0 0 0 1 4 21 Aranayake 2023.11.21 12 38 11 Rambukkana 2023.11.21 11 43 5 Ruwanwella 2023.11.21 1 4 1 Warakapola 2023.11.21 /22 8 29 8 32 114 0 0 0 0 25 0 0 0 0 0 Kolonna 2023.11.22 36 184 2 9 Balangoda 2023.11.22 106 491 2 9 Opanayake 2023.11.22 5 16 2 Kahawatta 2023.11.23 25 94 22 Godakawela"
situation_20260119_1000_6e640470.pdf,Landslide,False,85,"0 0 81 32 662 3699 39 847 2743 17346 58716 21 Polonnaruwa 0 0 3 0 160 3775 0 0 0 0 0 22 Puttalam 0 0 38 4 652 9530 0 0 0 0 0 23 Ratnapura 36 122 1 0 8 4058 0 0 0 36 122 24 Trincomalee 20 62 0 0 20 1185 0 0 0 20 62 25 Vavuniya 0 0 0 0 15 669 0 0 0 0 0 Total 51,430 175,217 646 173 6,025 107,939 113 2,708 8,294 49,053 169,642 • Some details were adjusted with the details given by District Secretaries on 20.12.2025 (Except deaths & missing) • Affected details are subject to change from time to time due to landslide warnings issued by the NBRO NLO LCDR N.K.N.I.Wijesinghe Duty Officer For Director General (Source – District Secretariate, DMC,NDRSC)"
situation_20260120_1000_e1042caa.pdf,Landslide,False,75,"59438 21 Polonnaruwa 0 0 3 0 160 3775 0 0 0 0 0 22 Puttalam 0 0 38 4 652 9530 0 0 0 0 0 23 Ratnapura 36 122 1 0 8 4058 0 0 0 36 122 24 Trincomalee 20 62 0 0 20 1185 0 0 0 20 62 25 Vavuniya 0 0 0 0 15 669 0 0 0 0 0 Total 69,623 236,676 646 173 5,988 108,043 100 2,496 7,572 49,265 170,364 (Source – District Secretariate, DMC, NDRSC) • Some details were adjusted with the details given by District Secretaries on 20.12.2025 (Except deaths & missing) • Affected details are subject to change from time to time due to landslide warnings issued by the NBRO SI S A N Bandara Duty Officer For Director Genera"
situation_20260122_1000_7345de5a.pdf,Landslide,False,76,"3 59901 21 Polonnaruwa 0 0 3 0 160 3775 0 0 0 0 0 22 Puttalam 0 0 38 4 652 9530 0 0 0 0 0 23 Ratnapura 36 122 1 0 8 4058 0 0 0 36 122 24 Trincomalee 20 62 0 0 20 1185 0 0 0 20 62 25 Vavuniya 0 0 0 0 15 669 0 0 0 0 0 Total 67,305 228,511 646 173 5,988 108,043 96 2,331 7,109 47,112 162,662 (Source – District Secretariate, DMC, NDRSC) • Some details were adjusted with the details given by District Secretaries on 20.12.2025 (Except deaths & missing) • Affected details are subject to change from time to time due to landslide warnings issued by the NBRO NLO Lcdr NKNI Wijesinghe Duty Officer For Director Genera"
situation_20260124_1000_3b934aad.pdf,Landslide,False,76,"3 59901 21 Polonnaruwa 0 0 3 0 160 3775 0 0 0 0 0 22 Puttalam 0 0 38 4 652 9530 0 0 0 0 0 23 Ratnapura 36 122 1 0 8 4058 0 0 0 36 122 24 Trincomalee 20 62 0 0 20 1185 0 0 0 20 62 25 Vavuniya 0 0 0 0 15 669 0 0 0 0 0 Total 67,305 228,511 646 173 5,988 108,043 96 2,331 7,109 47,112 162,662 (Source – District Secretariate, DMC, NDRSC) • Some details were adjusted with the details given by District Secretaries on 20.12.2025 (Except deaths & missing) • Affected details are subject to change from time to time due to landslide warnings issued by the NBRO Hiran Tilakaratne Deputy Director Duty Officer For Director Genera"
situation_20260125_1000_b3cbd836.pdf,Landslide,False,63,"38 4 652 9,530 0 0 0 0 0 23 Ratnapura 11 44 2 0 8 4,058 0 0 0 11 44 24 Trincomalee 20 62 0 0 20 1,185 0 0 0 20 62 25 Vavuniya 0 0 1 0 15 669 0 0 0 0 0 Total 68,411 231,304 649 173 6,018 108,879 85 2,199 6,680 48,350 165,884 • 03 deaths added to the total deaths (Kandy 01, Vavuniya 01 and Ratnapura 01) Those deaths confirmed by the District Secretary • Some details were adjusted with the details given by District Secretaries on 20.12.2025 (Except deaths & missing) • Affected details are subject to change from time to time due to landslide warnings issued by the NBRO H.D.G.Priyantha Deputy Director Duty Officer For Director General"
situation_20260126_1000_fbc56113.pdf,Landslide,False,56,"0 1185 80 8919 26930 0 0 0 20 62 20 62 25 Vavuniya 7814 26623 0 0 1 0 15 669 58 2191 7709 0 0 0 0 0 0 0 Total 669,363 2,362,479 68,411 231,304 649 173 6,018 108,879 2,151 88,864 308,685 85 2,199 6,680 48,350 165,884 50,549 172,564 • 03 deaths added to the total deaths (Kandy 01 , Vavuniya 01 and Ratnapura 01 ) Those deaths confirmed by the District Secretary • Some details were adjusted with the details given by District Secretaries on 20.12.2025 (Except deaths & missing) • Affected details are subject to change from time to time due to landslide warnings issued by the NBRO"
situation_20260201_1000_844547e2.pdf,Landslide,False,58,"0 0 0 23 Ratnapura 11 44 2 0 8 4058 0 0 0 11 44 24 Trincomalee 20 62 0 0 20 1185 0 0 0 20 62 25 Vavuniya 0 0 1 0 15 669 0 0 0 0 0 Total 68,411 231,304 650 173 6,018 108,879 85 2,199 6,680 48,350 165,884 • 04 deaths added to the total deaths (Kandy 01 , Vavuniya 01, Matale 01 and Ratnapura 01 ) Those deaths confirmed by the respective District Secretaries • Some details were adjusted with the details given by District Secretaries on 20.12.2025 (Except deaths & missing) • Affected details are subject to change from time to time due to landslide warnings issued by the NBRO Shan Pathirana Deputy Director/Duty Officer For Director General"
situation_20260202_1000_901ced60.pdf,Landslide,False,58,"0 0 0 23 Ratnapura 11 44 2 0 8 4058 0 0 0 11 44 24 Trincomalee 20 62 0 0 20 1185 0 0 0 20 62 25 Vavuniya 0 0 1 0 15 669 0 0 0 0 0 Total 68,411 231,304 650 173 6,018 108,879 85 2,199 6,680 48,350 165,884 • 04 deaths added to the total deaths (Kandy 01 , Vavuniya 01, Matale 01 and Ratnapura 01 ) Those deaths confirmed by the respective District Secretaries • Some details were adjusted with the details given by District Secretaries on 20.12.2025 (Except deaths & missing) • Affected details are subject to change from time to time due to landslide warnings issued by the NBRO MSD Perera Duty Officer For Director General"
situation_20260204_1000_49ba6914.pdf,Landslide,False,59,"0 0 0 0 23 Ratnapura 11 44 2 0 8 4058 0 0 0 11 44 24 Trincomalee 20 62 0 0 20 1185 0 0 0 20 62 25 Vavuniya 0 0 1 0 15 669 0 0 0 0 0 Total 68,411 231,304 650 173 6,018 108,879 85 2,199 6,680 48,350 165,884 • 04 deaths added to the total deaths (Kandy 01, Vavuniya 01, Matale 01 and Ratnapura 01) Those deaths confirmed by the respective District Secretaries • Some details were adjusted with the details given by District Secretaries on 20.12.2025 (Except deaths & missing) • Affected details are subject to change from time to time due to landslide warnings issued by the NBRO Hiran Tilakaratne Deputy Director/ Duty Officer For Director General"
situation_20260206_1000_ff3594ed.pdf,Landslide,False,59,"0 0 0 0 23 Ratnapura 11 44 2 0 8 4058 0 0 0 11 44 24 Trincomalee 20 62 0 0 20 1185 0 0 0 20 62 25 Vavuniya 0 0 1 0 15 669 0 0 0 0 0 Total 65,027 220,408 650 173 6,018 108,879 81 2,109 6,413 45,056 155,255 • 04 deaths added to the total deaths (Kandy 01, Vavuniya 01, Matale 01 and Ratnapura 01) Those deaths confirmed by the respective District Secretaries • Some details were adjusted with the details given by District Secretaries on 20.12.2025 (Except deaths & missing) • Affected details are subject to change from time to time due to landslide warnings issued by the NBRO SI M.S.D. Perera Duty Officer For Director General"
situation_20260208_1000_e44e7708.pdf,Landslide,False,59,"0 0 0 0 23 Ratnapura 11 44 2 0 8 4058 0 0 0 11 44 24 Trincomalee 20 62 0 0 20 1185 0 0 0 20 62 25 Vavuniya 0 0 1 0 15 669 0 0 0 0 0 Total 65,027 220,408 650 173 6,018 108,879 81 2,109 6,413 45,056 155,255 • 04 deaths added to the total deaths (Kandy 01, Vavuniya 01, Matale 01 and Ratnapura 01) Those deaths confirmed by the respective District Secretaries • Some details were adjusted with the details given by District Secretaries on 20.12.2025 (Except deaths & missing) • Affected details are subject to change from time to time due to landslide warnings issued by the NBRO Shan Pathirana Deputy Director/Duty Officer For Director General"
situation_20260209_1000_843bd47e.pdf,Landslide,False,59,"0 0 0 0 23 Ratnapura 11 44 2 0 8 4058 0 0 0 11 44 24 Trincomalee 20 62 0 0 20 1185 0 0 0 20 62 25 Vavuniya 0 0 1 0 15 669 0 0 0 0 0 Total 65,027 220,408 650 173 6,018 108,879 81 2,109 6,413 45,056 155,255 • 04 deaths added to the total deaths (Kandy 01, Vavuniya 01, Matale 01 and Ratnapura 01) Those deaths confirmed by the respective District Secretaries • Some details were adjusted with the details given by District Secretaries on 20.12.2025 (Except deaths & missing) • Affected details are subject to change from time to time due to landslide warnings issued by the NBRO SI S.A.N.Bandra Duty Officer For Director General"
situation_20260210_1000_c15cdd3e.pdf,Landslide,False,59,"0 0 0 0 23 Ratnapura 11 44 2 0 8 4058 0 0 0 11 44 24 Trincomalee 20 62 0 0 20 1185 0 0 0 20 62 25 Vavuniya 0 0 1 0 15 669 0 0 0 0 0 Total 65,027 220,408 650 173 6,018 108,879 81 2,109 6,413 45,056 155,255 • 04 deaths added to the total deaths (Kandy 01, Vavuniya 01, Matale 01 and Ratnapura 01) Those deaths confirmed by the respective District Secretaries • Some details were adjusted with the details given by District Secretaries on 20.12.2025 (Except deaths & missing) • Affected details are subject to change from time to time due to landslide warnings issued by the NBRO H.D.G.Priyantha Deputy Director/Duty Officer For Director General"
situation_20260214_1000_973d1e8d.pdf,Landslide,False,59,"0 0 0 0 23 Ratnapura 11 44 2 0 8 4058 0 0 0 11 44 24 Trincomalee 20 62 0 0 20 1185 0 0 0 20 62 25 Vavuniya 0 0 1 0 15 669 0 0 0 0 0 Total 65,027 220,408 650 173 6,018 108,879 81 2,109 6,413 45,056 155,255 • 04 deaths added to the total deaths (Kandy 01, Vavuniya 01, Matale 01 and Ratnapura 01) Those deaths confirmed by the respective District Secretaries • Some details were adjusted with the details given by District Secretaries on 20.12.2025 (Except deaths & missing) • Affected details are subject to change from time to time due to landslide warnings issued by the NBRO H.D.G.Priyantha Deputy Director/Duty Officer For Director General"
situation_20260215_1000_e786a75f.pdf,Landslide,False,59,"0 0 0 0 23 Ratnapura 11 44 2 0 8 4058 0 0 0 11 44 24 Trincomalee 20 62 0 0 20 1185 0 0 0 20 62 25 Vavuniya 0 0 1 0 15 669 0 0 0 0 0 Total 65,027 220,408 650 173 6,018 108,879 81 2,109 6,413 45,056 155,255 • 04 deaths added to the total deaths (Kandy 01, Vavuniya 01, Matale 01 and Ratnapura 01) Those deaths confirmed by the respective District Secretaries • Some details were adjusted with the details given by District Secretaries on 20.12.2025 (Except deaths & missing) • Affected details are subject to change from time to time due to landslide warnings issued by the NBRO Janake Hadunpathiraja Assistant Director/ Duty Officer For Director General"
situation_20260216_1000_3ad84596.pdf,Landslide,False,59,"0 0 0 0 23 Ratnapura 11 44 2 0 8 4058 0 0 0 11 44 24 Trincomalee 20 62 0 0 20 1185 0 0 0 20 62 25 Vavuniya 0 0 1 0 15 669 0 0 0 0 0 Total 65,027 220,408 650 173 6,018 108,879 81 2,109 6,413 45,056 155,255 • 04 deaths added to the total deaths (Kandy 01, Vavuniya 01, Matale 01 and Ratnapura 01) Those deaths confirmed by the respective District Secretaries • Some details were adjusted with the details given by District Secretaries on 20.12.2025 (Except deaths & missing) • Affected details are subject to change from time to time due to landslide warnings issued by the NBRO SI M S D Perera Duty Officer For Director General"
situation_20260217_1000_37a88032.pdf,Landslide,False,61,"9530 0 0 0 0 0 23 Ratnapura 11 44 2 0 8 4058 0 0 0 11 44 24 Trincomalee 20 62 0 0 20 1185 0 0 0 20 62 25 Vavuniya 0 0 1 0 15 669 0 0 0 0 0 Total 65,026 220,405 650 173 6,018 108,879 50 1358 4,125 45,056 155,255 • 04 deaths added to the total deaths (Kandy 01, Vavuniya 01, Matale 01 and Ratnapura 01) Those deaths confirmed by the respective District Secretaries • Some details were adjusted with the details given by District Secretaries on 20.12.2025 (Except deaths & missing) • Affected details are subject to change from time to time due to landslide warnings issued by the NBRO Duty Officer For Director General"
situation_20260218_1000_f572d768.pdf,Landslide,False,59,"0 0 0 0 23 Ratnapura 11 44 2 0 8 4058 0 0 0 11 44 24 Trincomalee 20 62 0 0 20 1185 0 0 0 20 62 25 Vavuniya 0 0 1 0 15 669 0 0 0 0 0 Total 65,026 220,405 650 173 6,018 108,879 50 1,358 4,125 45,056 155,255 • 04 deaths added to the total deaths (Kandy 01, Vavuniya 01, Matale 01 and Ratnapura 01) Those deaths confirmed by the respective District Secretaries • Some details were adjusted with the details given by District Secretaries on 20.12.2025 (Except deaths & missing) • Affected details are subject to change from time to time due to landslide warnings issued by the NBRO H.D.G.Priyantha Deputy Director/Duty Officer For Director General"
situation_20260220_1000_a92df030.pdf,Landslide,False,59,"0 0 0 0 23 Ratnapura 10 40 2 0 8 4058 0 0 0 10 40 24 Trincomalee 20 62 0 0 20 1185 0 0 0 20 62 25 Vavuniya 0 0 1 0 15 669 0 0 0 0 0 Total 64,901 220,044 650 173 6,018 108,879 42 1,151 3,403 45,034 155,182 • 04 deaths added to the total deaths (Kandy 01, Vavuniya 01, Matale 01 and Ratnapura 01) Those deaths confirmed by the respective District Secretaries • Some details were adjusted with the details given by District Secretaries on 20.12.2025 (Except deaths & missing) • Affected details are subject to change from time to time due to landslide warnings issued by the NBRO SI M S D Perera Duty Officer For Director General"
situation_20260221_1000_287006de.pdf,Landslide,True,75,"60,691 21 Polonnaruwa 0 0 3 0 160 3775 0 0 0 0 0 22 Puttalam 0 0 38 4 652 9530 0 0 0 0 0 23 Ratnapura 10 40 2 0 8 4058 0 0 0 11 45 24 Trincomalee 20 62 0 0 20 1185 0 0 0 20 62 25 Vavuniya 0 0 1 0 15 669 0 0 0 0 0 Total 64901 220044 650 173 6018 108879 41 1150 3401 43,831 149,927 • One safety center was dispest from Badulla District • Some details were adjusted with the details given by District Secretaries on 20.12.2025 (Except deaths & missing) • Affected details are subject to change from time to time due to landslide warnings issued by the NBRO Hiran Tilakaratne Deputy Director/Duty Officer For Director General"
situation_20260228_1000_dddac469.pdf,Landslide,False,85,"18193 61459 82 31 587 4171 7 302 893 17,883 60,691 21 Polonnaruwa 0 0 3 0 160 3777 0 0 0 0 0 22 Puttalam 0 0 38 4 651 9931 0 0 0 0 0 23 Ratnapura 10 40 2 0 6 4083 0 0 0 11 45 24 Trincomalee 20 62 0 0 50 1381 0 0 0 20 62 25 Vavuniya 0 0 3 0 15 669 0 0 0 0 0 Total 64901 220044 680 154 5933 115501 32 1075 3146 43,831 149,927 • Some details were adjusted with the details given by District Secretaries on 20.12.2025 (Except deaths & missing) • Affected details are subject to change from time to time due to landslide warnings issued by the NBRO Duty Officer For Director General"
situation_20260301_1000_ec02b3ab.pdf,Landslide,False,85,"18193 61459 82 31 587 4171 7 302 893 17,883 60,691 21 Polonnaruwa 0 0 3 0 160 3777 0 0 0 0 0 22 Puttalam 0 0 38 4 651 9931 0 0 0 0 0 23 Ratnapura 10 40 2 0 6 4083 0 0 0 11 45 24 Trincomalee 20 62 0 0 50 1381 0 0 0 20 62 25 Vavuniya 0 0 3 0 15 669 0 0 0 0 0 Total 64901 220044 680 154 5933 115501 32 1075 3146 43,831 149,927 • Some details were adjusted with the details given by District Secretaries on 20.12.2025 (Except deaths & missing) • Affected details are subject to change from time to time due to landslide warnings issued by the NBRO Duty Officer For Director General"
situation_20260302_1000_7cd70c0e.pdf,Landslide,False,85,"18193 61459 82 31 587 4171 7 302 893 17,883 60,691 21 Polonnaruwa 0 0 3 0 160 3777 0 0 0 0 0 22 Puttalam 0 0 38 4 651 9931 0 0 0 0 0 23 Ratnapura 10 40 2 0 6 4083 0 0 0 11 45 24 Trincomalee 20 62 0 0 50 1381 0 0 0 20 62 25 Vavuniya 0 0 3 0 15 669 0 0 0 0 0 Total 64901 220044 680 154 5933 115501 32 1075 3146 43,831 149,927 • Some details were adjusted with the details given by District Secretaries on 20.12.2025 (Except deaths & missing) • Affected details are subject to change from time to time due to landslide warnings issued by the NBRO Duty Officer For Director General"
situation_20260303_1000_4dbfa330.pdf,Landslide,False,85,"93 61459 82 31 587 4171 7 302 893 17,883 60,691 21 Polonnaruwa 0 0 3 0 160 3777 0 0 0 0 0 22 Puttalam 0 0 38 4 651 9931 0 0 0 0 0 23 Ratnapura 10 40 2 0 6 4083 0 0 0 11 45 24 Trincomalee 20 62 0 0 50 1381 0 0 0 20 62 25 Vavuniya 0 0 3 0 15 669 0 0 0 0 0 Total 64,901 220,044 680 154 5,933 115,501 32 1,075 3,146 43,831 149,927 • Some details were adjusted with the details given by District Secretaries on 20.12.2025 (Except deaths & missing) • Affected details are subject to change from time to time due to landslide warnings issued by the NBRO SI S.A.N. Bandara Duty Officer For Director General"
