file_name,report_date,disaster_types,text_length,families_with_relatives,people_with_relatives,peak_affected_families,peak_affected_people,peak_safety_centres,peak_families_in_safety_centres,peak_people_in_safety_centres,idp_families,idp_people,affected_families,affected_people,deaths,injured,missing,fully_damaged_houses,partially_damaged_houses,enterprise_damage,infrastructure_damage,safety_centres,families_in_safety_centres,people_in_safety_centres,grand_total_extracted,extraction_status,issue_time_standard,report_datetime,weather_reports_24h,weather_max_rainfall_threshold_24h,weather_max_wind_24h,weather_max_warning_level_24h,weather_heavy_rain_24h,weather_thunderstorm_24h,weather_strong_wind_24h,weather_low_pressure_24h,weather_depression_24h,weather_cyclone_24h,latest_weather_age_hours,latest_weather_report_type,river_data_available,river_reports_24h,river_max_alert_stations_24h,river_max_minor_flood_stations_24h,river_max_major_flood_stations_24h,river_max_rising_stations_24h,river_max_rainfall_24h_mm,river_max_alert_ratio_24h,river_active_warning_24h,river_warning_withdrawn_24h,latest_river_age_hours,latest_river_report_type,landslide_data_available,landslide_active_warning,landslide_max_warning_level,landslide_level1_districts,landslide_level2_districts,landslide_level3_districts,landslide_districts_at_risk,latest_landslide_age_hours,latest_landslide_report_type
situation_20230102_0600_dc5154e6.pdf,2023-01-02,Other,2167,,,,,,,,,,0.0,0.0,0.0,0.0,0.0,0.0,0.0,0.0,0.0,0.0,0.0,0.0,True,confirmed_zero_report,0600,2023-01-02 06:00:00,3,,,0.0,0,0,0,0,0,0,0.5,weather_forecast,0,0,,,,,,,,,,,1,0,0.0,0,0,0,0,153.0,warning
situation_20230103_0600_43047f23.pdf,2023-01-03,Other,2171,,,,,,,,,,0.0,0.0,0.0,0.0,0.0,0.0,0.0,0.0,0.0,0.0,0.0,0.0,True,confirmed_zero_report,0600,2023-01-03 06:00:00,3,,,0.0,0,0,0,0,0,0,0.5,weather_forecast,0,0,,,,,,,,,,,1,0,0.0,0,0,0,0,177.0,warning
situation_20230103_1800_a3820a14.pdf,2023-01-03,Other,2169,,,,,,,,,,0.0,0.0,0.0,0.0,0.0,0.0,0.0,0.0,0.0,0.0,0.0,0.0,True,confirmed_zero_report,1800,2023-01-03 18:00:00,3,,,0.0,0,1,0,0,0,0,2.0,weather_forecast,0,0,,,,,,,,,,,1,0,0.0,0,0,0,0,189.0,warning
situation_20230104_0600_4df0e25e.pdf,2023-01-04,Other,2169,,,,,,,,,,0.0,0.0,0.0,0.0,0.0,0.0,0.0,0.0,0.0,0.0,0.0,0.0,True,confirmed_zero_report,0600,2023-01-04 06:00:00,3,,,0.0,0,1,0,0,0,0,0.5,weather_forecast,0,0,,,,,,,,,,,1,0,0.0,0,0,0,0,201.0,warning
situation_20230105_0600_6413face.pdf,2023-01-05,Other,2172,,,,,,,,,,0.0,0.0,0.0,0.0,0.0,0.0,0.0,0.0,0.0,0.0,0.0,0.0,True,confirmed_zero_report,0600,2023-01-05 06:00:00,2,50.0,,0.0,1,1,0,0,0,0,0.5,weather_forecast,0,0,,,,,,,,,,,1,0,0.0,0,0,0,0,225.0,warning
situation_20230109_0600_772367fb.pdf,2023-01-09,Other,2158,,,,,,,,,,0.0,0.0,0.0,0.0,0.0,0.0,0.0,0.0,0.0,0.0,0.0,0.0,True,confirmed_zero_report,0600,2023-01-09 06:00:00,3,,,0.0,0,1,0,0,0,0,0.5,weather_forecast,0,0,,,,,,,,,,,1,0,0.0,0,0,0,0,321.0,warning
situation_20230109_1800_c933338a.pdf,2023-01-09,Strong Wind,2365,,,,,,,,,,2.0,9.0,0.0,0.0,0.0,0.0,2.0,0.0,0.0,0.0,0.0,0.0,True,grand_total,1800,2023-01-09 18:00:00,3,,,0.0,0,1,0,0,0,0,2.0,weather_forecast,0,0,,,,,,,,,,,1,0,0.0,0,0,0,0,333.0,warning
situation_20230110_0600_69a4eec8.pdf,2023-01-10,Strong Wind,2365,,,,,,,,,,2.0,9.0,0.0,0.0,0.0,0.0,2.0,0.0,0.0,0.0,0.0,0.0,True,grand_total,0600,2023-01-10 06:00:00,3,,,0.0,0,1,0,0,0,0,0.5,weather_forecast,0,0,,,,,,,,,,,1,0,0.0,0,0,0,0,345.0,warning
situation_20230110_1800_402c6ca0.pdf,2023-01-10,Strong Wind,2355,,,,,,,,,,24.0,203.0,0.0,0.0,0.0,0.0,24.0,0.0,0.0,0.0,0.0,0.0,True,grand_total,1800,2023-01-10 18:00:00,4,,,0.0,0,1,0,0,0,0,2.0,weather_forecast,0,0,,,,,,,,,,,1,0,0.0,0,0,0,0,357.0,warning
situation_20230111_0600_a8a19a5a.pdf,2023-01-11,Strong Wind,2355,,,,,,,,,,24.0,203.0,0.0,0.0,0.0,0.0,24.0,0.0,0.0,0.0,0.0,0.0,True,grand_total,0600,2023-01-11 06:00:00,4,,,0.0,0,0,0,0,0,0,0.5,weather_forecast,0,0,,,,,,,,,,,1,0,0.0,0,0,0,0,369.0,warning
situation_20230111_1800_3904df72.pdf,2023-01-11,Other,2072,,,,,,,,,,0.0,0.0,0.0,0.0,0.0,0.0,0.0,0.0,0.0,0.0,0.0,0.0,True,grand_total,1800,2023-01-11 18:00:00,3,,,0.0,0,0,0,0,0,0,2.0,weather_forecast,0,0,,,,,,,,,,,1,0,0.0,0,0,0,0,381.0,warning
situation_20230112_0600_5c115285.pdf,2023-01-12,Other,2072,,,,,,,,,,0.0,0.0,0.0,0.0,0.0,0.0,0.0,0.0,0.0,0.0,0.0,0.0,True,grand_total,0600,2023-01-12 06:00:00,3,,,0.0,0,0,0,0,0,0,0.5,weather_forecast,0,0,,,,,,,,,,,1,0,0.0,0,0,0,0,393.0,warning
situation_20230112_1800_b8077e1e.pdf,2023-01-12,Other,2043,,,,,,,,,,0.0,0.0,0.0,0.0,0.0,0.0,0.0,0.0,0.0,0.0,0.0,0.0,True,grand_total,1800,2023-01-12 18:00:00,3,,,0.0,0,0,0,0,0,0,2.0,weather_forecast,0,0,,,,,,,,,,,1,0,0.0,0,0,0,0,405.0,warning
situation_20230113_0600_99a7a706.pdf,2023-01-13,Other,2043,,,,,,,,,,0.0,0.0,0.0,0.0,0.0,0.0,0.0,0.0,0.0,0.0,0.0,0.0,True,grand_total,0600,2023-01-13 06:00:00,3,,,0.0,0,0,0,0,0,0,0.5,weather_forecast,0,0,,,,,,,,,,,1,0,0.0,0,0,0,0,417.0,warning
situation_20230115_0600_b35c9d4c.pdf,2023-01-15,Other,2063,,,,,,,,,,0.0,0.0,0.0,0.0,0.0,0.0,0.0,0.0,0.0,0.0,0.0,0.0,True,grand_total,0600,2023-01-15 06:00:00,3,100.0,,2.0,1,1,0,0,0,0,0.5,weather_forecast,0,0,,,,,,,,,,,1,0,0.0,0,0,0,0,465.0,warning
situation_20230116_1800_0af578b6.pdf,2023-01-16,Other,2122,,,,,,,,,,12.0,49.0,0.0,0.0,0.0,7.0,5.0,0.0,0.0,1.0,2.0,9.0,True,grand_total,1800,2023-01-16 18:00:00,4,75.0,,0.0,1,1,0,0,0,0,1.5,weather_forecast,0,0,,,,,,,,,,,1,0,0.0,0,0,0,0,501.0,warning
situation_20230117_0600_e2849096.pdf,2023-01-17,Other,2122,,,,,,,,,,12.0,49.0,0.0,0.0,0.0,7.0,5.0,0.0,0.0,1.0,2.0,9.0,True,grand_total,0600,2023-01-17 06:00:00,4,75.0,,0.0,1,1,0,0,0,0,0.5,weather_forecast,0,0,,,,,,,,,,,1,0,0.0,0,0,0,0,513.0,warning
situation_20230117_1800_ae9b19ab.pdf,2023-01-17,Strong Wind,2171,,,,,,,,,,3.0,8.0,0.0,0.0,0.0,0.0,3.0,0.0,0.0,0.0,0.0,0.0,True,grand_total,1800,2023-01-17 18:00:00,3,75.0,,0.0,1,1,0,0,0,0,2.0,weather_forecast,0,0,,,,,,,,,,,1,0,0.0,0,0,0,0,525.0,warning
situation_20230118_1800_73d32da8.pdf,2023-01-18,Other,2380,,,,,,,,,,13.0,51.0,0.0,0.0,0.0,7.0,6.0,0.0,0.0,1.0,2.0,9.0,True,grand_total,1800,2023-01-18 18:00:00,3,,,0.0,0,1,0,0,0,0,2.0,weather_forecast,0,0,,,,,,,,,,,1,0,0.0,0,0,0,0,549.0,warning
situation_20230119_0600_3bb3b71e.pdf,2023-01-19,Other,2380,,,,,,,,,,13.0,51.0,0.0,0.0,0.0,7.0,6.0,0.0,0.0,1.0,2.0,9.0,True,grand_total,0600,2023-01-19 06:00:00,3,,50.0,0.0,0,1,1,0,0,0,0.5,weather_forecast,0,0,,,,,,,,,,,1,0,0.0,0,0,0,0,561.0,warning
situation_20230120_0600_6eb2fece.pdf,2023-01-20,Other,2121,,,,,,,,,,12.0,49.0,0.0,0.0,0.0,7.0,5.0,0.0,0.0,1.0,2.0,9.0,True,grand_total,0600,2023-01-20 06:00:00,3,,40.0,0.0,0,0,1,0,0,0,0.5,weather_forecast,0,0,,,,,,,,,,,1,0,0.0,0,0,0,0,585.0,warning
situation_20230120_1800_e05abc21.pdf,2023-01-20,"Heavy Rain, Strong Wind, Lightning",2593,,,,,,,,,,8.0,33.0,1.0,0.0,0.0,0.0,8.0,0.0,0.0,0.0,0.0,0.0,True,grand_total,1800,2023-01-20 18:00:00,3,75.0,40.0,0.0,1,1,1,0,0,0,2.0,weather_forecast,0,0,,,,,,,,,,,1,0,0.0,0,0,0,0,597.0,warning
situation_20230121_0600_f66e27d6.pdf,2023-01-21,"Heavy Rain, Strong Wind, Lightning",2593,,,,,,,,,,8.0,33.0,1.0,0.0,0.0,0.0,8.0,0.0,0.0,0.0,0.0,0.0,True,grand_total,0600,2023-01-21 06:00:00,3,75.0,,0.0,1,1,0,0,0,0,0.5,weather_forecast,0,0,,,,,,,,,,,1,0,0.0,0,0,0,0,609.0,warning
situation_20230124_0600_38fa3a35.pdf,2023-01-24,Other,2096,,,,,,,,,,0.0,0.0,0.0,0.0,0.0,0.0,0.0,0.0,0.0,0.0,0.0,0.0,True,grand_total,0600,2023-01-24 06:00:00,3,75.0,,0.0,1,1,0,0,0,0,0.5,weather_forecast,0,0,,,,,,,,,,,1,0,0.0,0,0,0,0,681.0,warning
situation_20230124_1800_607b6102.pdf,2023-01-24,"Heavy Rain, Strong Wind",2402,,,,,,,,,,5.0,16.0,0.0,0.0,0.0,0.0,5.0,0.0,0.0,0.0,0.0,0.0,True,grand_total,1800,2023-01-24 18:00:00,4,100.0,,2.0,1,1,0,0,0,0,0.25,thunderstorm,0,0,,,,,,,,,,,1,0,0.0,0,0,0,0,693.0,warning
situation_20230125_1800_93a8e2e3.pdf,2023-01-25,Other,2096,,,,,,,,,,0.0,0.0,0.0,0.0,0.0,0.0,0.0,0.0,0.0,0.0,0.0,0.0,True,grand_total,1800,2023-01-25 18:00:00,3,,,0.0,0,1,0,0,0,0,2.0,weather_forecast,0,0,,,,,,,,,,,1,0,0.0,0,0,0,0,717.0,warning
situation_20230126_1800_3e95f5a1.pdf,2023-01-26,Strong Wind,2105,,,,,,,,,,2.0,5.0,0.0,0.0,0.0,0.0,2.0,0.0,0.0,0.0,0.0,0.0,True,grand_total,1800,2023-01-26 18:00:00,3,50.0,,0.0,1,1,0,0,0,0,2.0,weather_forecast,0,0,,,,,,,,,,,1,0,0.0,0,0,0,0,741.0,warning
situation_20230127_1800_c4d06897.pdf,2023-01-27,"Strong Wind, Lightning",2553,,,,,,,,,,4.0,16.0,0.0,0.0,0.0,0.0,4.0,0.0,0.0,0.0,0.0,0.0,True,grand_total,1800,2023-01-27 18:00:00,3,50.0,,0.0,1,1,0,0,0,0,2.0,weather_forecast,0,0,,,,,,,,,,,1,0,0.0,0,0,0,0,765.0,warning
situation_20230128_0600_1680e5d6.pdf,2023-01-28,"Strong Wind, Lightning",2553,,,,,,,,,,4.0,16.0,0.0,0.0,0.0,0.0,4.0,0.0,0.0,0.0,0.0,0.0,True,grand_total,0600,2023-01-28 06:00:00,3,,,0.0,0,1,0,0,1,0,0.5,weather_forecast,0,0,,,,,,,,,,,1,0,0.0,0,0,0,0,777.0,warning
situation_20230128_1800_a35b9fb4.pdf,2023-01-28,Other,2096,,,,,,,,,,0.0,0.0,0.0,0.0,0.0,0.0,0.0,0.0,0.0,0.0,0.0,0.0,True,grand_total,1800,2023-01-28 18:00:00,2,,,0.0,0,1,0,0,1,0,6.0,weather_forecast,0,0,,,,,,,,,,,1,0,0.0,0,0,0,0,789.0,warning
situation_20230130_1800_76705d62.pdf,2023-01-30,Strong Wind,2365,,,,,,,,,,3.0,11.0,0.0,0.0,0.0,0.0,3.0,0.0,0.0,0.0,0.0,0.0,True,grand_total,1800,2023-01-30 18:00:00,4,150.0,60.0,2.0,1,1,1,1,1,0,0.0,depression,0,0,,,,,,,,,,,1,0,0.0,0,0,0,0,837.0,warning
situation_20230131_0600_fc0fb944.pdf,2023-01-31,"Heavy Rain, Strong Wind, Lightning",7562,,,,,,,,,,,,,,,,,,,,,,False,non_situation_report,0600,2023-01-31 06:00:00,5,150.0,60.0,2.0,1,1,1,1,1,0,0.5,weather_forecast,0,0,,,,,,,,,,,1,0,0.0,0,0,0,0,849.0,warning
situation_20230131_1800_f81fd344.pdf,2023-01-31,Other,2091,,,,,,,,,,0.0,0.0,0.0,0.0,0.0,0.0,0.0,0.0,0.0,0.0,0.0,0.0,True,grand_total,1800,2023-01-31 18:00:00,5,150.0,60.0,2.0,1,1,1,1,1,0,2.0,weather_forecast,0,0,,,,,,,,,,,1,0,0.0,0,0,0,0,861.0,warning
situation_20230201_1800_8f104fa8.pdf,2023-02-01,Strong Wind,2410,,,,,,,,,,3.0,15.0,0.0,2.0,0.0,0.0,2.0,1.0,1.0,0.0,0.0,0.0,True,grand_total,1800,2023-02-01 18:00:00,3,150.0,60.0,0.0,1,1,1,0,1,0,2.0,weather_forecast,0,0,,,,,,,,,,,1,0,0.0,0,0,0,0,885.0,warning
situation_20230202_1600_606f4fe7.pdf,2023-02-02,"Heavy Rain, Strong Wind, Lightning",4965,,,,,,,,,,,,,,,,,,,,,,False,non_situation_report,1600,2023-02-02 16:00:00,5,100.0,70.0,2.0,1,1,1,0,1,0,4.0,weather_forecast,0,0,,,,,,,,,,,1,0,0.0,0,0,0,0,907.0,warning
situation_20230202_1800_d0a3209b.pdf,2023-02-02,"Heavy Rain, Strong Wind",4546,,,,,,,,,,168.0,578.0,0.0,2.0,0.0,0.0,157.0,13.0,1.0,0.0,0.0,0.0,True,grand_total,1800,2023-02-02 18:00:00,4,100.0,70.0,2.0,1,1,1,0,1,0,6.0,weather_forecast,0,0,,,,,,,,,,,1,0,0.0,0,0,0,0,909.0,warning
situation_20230203_0600_16ccdd11.pdf,2023-02-03,"Heavy Rain, Strong Wind",4546,,,,,,,,,,168.0,578.0,0.0,2.0,0.0,0.0,157.0,13.0,1.0,0.0,0.0,0.0,True,grand_total,0600,2023-02-03 06:00:00,4,100.0,70.0,2.0,1,1,1,0,1,0,0.5,weather_forecast,0,0,,,,,,,,,,,1,0,0.0,0,0,0,0,921.0,warning
situation_20230203_1800_df723938.pdf,2023-02-03,"Flood, Heavy Rain, Strong Wind",4963,,,,,,,,,,292.0,986.0,0.0,2.0,0.0,0.0,179.0,15.0,1.0,0.0,0.0,0.0,True,grand_total,1800,2023-02-03 18:00:00,4,50.0,,0.0,1,1,0,0,1,0,2.0,weather_forecast,0,0,,,,,,,,,,,1,0,0.0,0,0,0,0,933.0,warning
situation_20230204_0600_5fe4382a.pdf,2023-02-04,"Flood, Heavy Rain, Strong Wind",4965,,,,,,,,,,292.0,986.0,0.0,2.0,0.0,0.0,179.0,15.0,1.0,0.0,0.0,0.0,True,grand_total,0600,2023-02-04 06:00:00,4,50.0,,0.0,1,1,0,0,1,0,0.5,weather_forecast,0,0,,,,,,,,,,,1,0,0.0,0,0,0,0,945.0,warning
situation_20230204_1800_98a685b0.pdf,2023-02-04,"Flood, Heavy Rain, Strong Wind",5136,,,,,,,,,,305.0,1036.0,0.0,2.0,0.0,0.0,192.0,15.0,1.0,0.0,0.0,0.0,True,grand_total,1800,2023-02-04 18:00:00,4,50.0,,2.0,1,1,0,0,0,0,2.0,weather_forecast,0,0,,,,,,,,,,,1,0,0.0,0,0,0,0,957.0,warning
situation_20230205_0600_ff4876f7.pdf,2023-02-05,"Flood, Heavy Rain, Strong Wind",5161,,,,,,,,,,306.0,1038.0,0.0,2.0,0.0,0.0,193.0,15.0,1.0,0.0,0.0,0.0,True,grand_total,0600,2023-02-05 06:00:00,4,,,2.0,0,1,0,0,0,0,0.5,weather_forecast,0,0,,,,,,,,,,,1,0,0.0,0,0,0,0,969.0,warning
situation_20230205_1800_5a8cc6cb.pdf,2023-02-05,"Flood, Heavy Rain, Strong Wind",5156,,,,,,,,,,306.0,1038.0,0.0,2.0,0.0,0.0,193.0,15.0,1.0,0.0,0.0,0.0,True,grand_total,1800,2023-02-05 18:00:00,3,50.0,,0.0,1,1,0,0,0,0,2.0,weather_forecast,0,0,,,,,,,,,,,1,0,0.0,0,0,0,0,981.0,warning
situation_20230206_0600_a480d8ce.pdf,2023-02-06,"Flood, Heavy Rain, Strong Wind",5156,,,,,,,,,,306.0,1038.0,0.0,2.0,0.0,0.0,193.0,15.0,1.0,0.0,0.0,0.0,True,grand_total,0600,2023-02-06 06:00:00,3,50.0,,0.0,1,1,0,0,0,0,0.5,weather_forecast,0,0,,,,,,,,,,,1,0,0.0,0,0,0,0,993.0,warning
situation_20230206_1800_e68937ca.pdf,2023-02-06,Strong Wind,2713,,,,,,,,,,17.0,65.0,0.0,0.0,0.0,1.0,13.0,0.0,0.0,0.0,0.0,0.0,True,grand_total,1800,2023-02-06 18:00:00,5,75.0,,2.0,1,1,0,0,0,0,2.0,weather_forecast,0,0,,,,,,,,,,,1,0,0.0,0,0,0,0,1005.0,warning
situation_20230207_1800_d0c12c35.pdf,2023-02-07,Strong Wind,2535,,,,,,,,,,10.0,37.0,0.0,1.0,0.0,1.0,3.0,0.0,0.0,0.0,0.0,0.0,True,grand_total,1800,2023-02-07 18:00:00,2,,,0.0,0,1,0,0,0,0,2.0,weather_forecast,0,0,,,,,,,,,,,1,0,0.0,0,0,0,0,1029.0,warning
situation_20230208_0600_748c5a26.pdf,2023-02-08,Strong Wind,2535,,,,,,,,,,10.0,37.0,0.0,1.0,0.0,1.0,3.0,0.0,0.0,0.0,0.0,0.0,True,grand_total,0600,2023-02-08 06:00:00,2,,,0.0,0,1,0,0,0,0,0.5,weather_forecast,0,0,,,,,,,,,,,1,0,0.0,0,0,0,0,1041.0,warning
situation_20230208_1800_489b0f59.pdf,2023-02-08,Strong Wind,2623,,,,,,,,,,11.0,38.0,1.0,0.0,0.0,1.0,4.0,0.0,0.0,0.0,0.0,0.0,True,grand_total,1800,2023-02-08 18:00:00,3,,,0.0,0,1,0,0,0,0,2.0,weather_forecast,0,0,,,,,,,,,,,1,0,0.0,0,0,0,0,1053.0,warning
situation_20230209_0600_1dccf538.pdf,2023-02-09,Strong Wind,2200,,,,,,,,,,2.0,5.0,1.0,0.0,0.0,0.0,1.0,0.0,0.0,0.0,0.0,0.0,True,grand_total,0600,2023-02-09 06:00:00,3,,,0.0,0,1,0,0,0,0,0.5,weather_forecast,0,0,,,,,,,,,,,1,0,0.0,0,0,0,0,1065.0,warning
situation_20230209_1800_47204481.pdf,2023-02-09,Strong Wind,2383,,,,,,,,,,2.0,4.0,0.0,0.0,0.0,0.0,2.0,0.0,0.0,0.0,0.0,0.0,True,grand_total,1800,2023-02-09 18:00:00,4,,,0.0,0,1,0,0,0,0,2.0,weather_forecast,0,0,,,,,,,,,,,1,0,0.0,0,0,0,0,1077.0,warning
situation_20230210_0600_48203b09.pdf,2023-02-10,Strong Wind,2383,,,,,,,,,,2.0,4.0,0.0,0.0,0.0,0.0,2.0,0.0,0.0,0.0,0.0,0.0,True,grand_total,0600,2023-02-10 06:00:00,4,,,0.0,0,1,0,0,0,0,0.5,weather_forecast,0,0,,,,,,,,,,,1,0,0.0,0,0,0,0,1089.0,warning
situation_20230210_1800_7ce9615d.pdf,2023-02-10,Other,2094,,,,,,,,,,0.0,0.0,0.0,0.0,0.0,0.0,0.0,0.0,0.0,0.0,0.0,0.0,True,grand_total,1800,2023-02-10 18:00:00,3,,,0.0,0,1,0,0,0,0,2.0,weather_forecast,0,0,,,,,,,,,,,1,0,0.0,0,0,0,0,1101.0,warning
situation_20230212_0600_b90d0bcd.pdf,2023-02-12,Other,2099,,,,,,,,,,0.0,0.0,0.0,0.0,0.0,0.0,0.0,0.0,0.0,0.0,0.0,0.0,True,grand_total,0600,2023-02-12 06:00:00,3,,,0.0,0,1,0,0,0,0,0.5,weather_forecast,0,0,,,,,,,,,,,1,0,0.0,0,0,0,0,1137.0,warning
situation_20230213_1800_8f72cf17.pdf,2023-02-13,Heavy Rain,2133,,,,,,,,,,2.0,8.0,0.0,0.0,0.0,0.0,2.0,0.0,0.0,0.0,0.0,0.0,True,grand_total,1800,2023-02-13 18:00:00,2,,,0.0,0,1,0,0,0,0,6.0,weather_forecast,0,0,,,,,,,,,,,1,0,0.0,0,0,0,0,1173.0,warning
situation_20230214_0530_a8a41bd3.pdf,2023-02-14,Heavy Rain,2133,,,,,,,,,,2.0,8.0,0.0,0.0,0.0,0.0,2.0,0.0,0.0,0.0,0.0,0.0,True,grand_total,0530,2023-02-14 05:30:00,3,,,0.0,0,1,0,0,0,0,0.0,weather_forecast,0,0,,,,,,,,,,,1,0,0.0,0,0,0,0,1184.5,warning
situation_20230214_1800_0b3d5c61.pdf,2023-02-14,Other,2097,,,,,,,,,,0.0,0.0,0.0,0.0,0.0,0.0,0.0,0.0,0.0,0.0,0.0,0.0,True,grand_total,1800,2023-02-14 18:00:00,3,,,0.0,0,1,0,0,0,0,2.0,weather_forecast,0,0,,,,,,,,,,,1,0,0.0,0,0,0,0,1197.0,warning
situation_20230217_0600_f22d006b.pdf,2023-02-17,Strong Wind,2350,,,,,,,,,,2.0,10.0,0.0,0.0,0.0,0.0,2.0,0.0,0.0,0.0,0.0,0.0,True,grand_total,0600,2023-02-17 06:00:00,4,,,0.0,0,0,0,0,0,0,0.5,weather_forecast,0,0,,,,,,,,,,,1,0,0.0,0,0,0,0,1257.0,warning
situation_20230217_1800_4a4dd9c9.pdf,2023-02-17,Strong Wind,2119,,,,,,,,,,1.0,5.0,0.0,0.0,0.0,0.0,1.0,0.0,0.0,0.0,0.0,0.0,True,grand_total,1800,2023-02-17 18:00:00,3,,,0.0,0,1,0,0,0,0,2.0,weather_forecast,0,0,,,,,,,,,,,1,0,0.0,0,0,0,0,1269.0,warning
situation_20230218_0600_a069329a.pdf,2023-02-18,Other,2110,,,,,,,,,,0.0,0.0,0.0,0.0,0.0,0.0,0.0,0.0,0.0,0.0,0.0,0.0,True,grand_total,0600,2023-02-18 06:00:00,4,50.0,,0.0,1,1,0,0,0,0,0.5,weather_forecast,0,0,,,,,,,,,,,1,0,0.0,0,0,0,0,1281.0,warning
situation_20230221_1800_693de2ca.pdf,2023-02-21,"Heavy Rain, Strong Wind",3226,,,,,,,,,,356.0,1271.0,0.0,0.0,0.0,9.0,23.0,0.0,0.0,2.0,28.0,33.0,True,grand_total,1800,2023-02-21 18:00:00,3,,,0.0,0,1,0,0,0,0,2.0,weather_forecast,0,0,,,,,,,,,,,1,0,0.0,0,0,0,0,1365.0,warning
situation_20230222_0600_d48d7cce.pdf,2023-02-22,"Heavy Rain, Strong Wind",3226,,,,,,,,,,356.0,1271.0,0.0,0.0,0.0,9.0,23.0,0.0,0.0,2.0,28.0,33.0,True,grand_total,0600,2023-02-22 06:00:00,3,,,0.0,0,1,0,0,0,0,0.5,weather_forecast,0,0,,,,,,,,,,,1,0,0.0,0,0,0,0,1377.0,warning
situation_20230222_1800_731a520d.pdf,2023-02-22,"Heavy Rain, Strong Wind",3282,,,,,,,,,,357.0,1274.0,0.0,0.0,0.0,9.0,24.0,0.0,0.0,2.0,28.0,33.0,True,grand_total,1800,2023-02-22 18:00:00,3,,,0.0,0,1,0,0,0,0,2.0,weather_forecast,0,0,,,,,,,,,,,1,0,0.0,0,0,0,0,1389.0,warning
situation_20230223_1800_e0604234.pdf,2023-02-23,"Heavy Rain, Strong Wind",2989,,,,,,,,,,332.0,1192.0,0.0,0.0,0.0,9.0,3.0,0.0,0.0,2.0,28.0,33.0,True,grand_total,1800,2023-02-23 18:00:00,3,,,0.0,0,1,0,0,0,0,2.0,weather_forecast,0,0,,,,,,,,,,,1,0,0.0,0,0,0,0,1413.0,warning
situation_20230224_0600_d5529797.pdf,2023-02-24,"Heavy Rain, Strong Wind",2989,,,,,,,,,,332.0,1192.0,0.0,0.0,0.0,9.0,3.0,0.0,0.0,2.0,28.0,33.0,True,grand_total,0600,2023-02-24 06:00:00,3,,,0.0,0,1,0,0,0,0,0.5,weather_forecast,0,0,,,,,,,,,,,1,0,0.0,0,0,0,0,1425.0,warning
situation_20230226_0600_2df64929.pdf,2023-02-26,Strong Wind,2145,,,,,,,,,,5.0,20.0,0.0,6.0,0.0,0.0,0.0,0.0,0.0,0.0,0.0,0.0,True,grand_total,0600,2023-02-26 06:00:00,5,50.0,,2.0,1,1,0,0,0,0,0.5,weather_forecast,0,0,,,,,,,,,,,1,0,0.0,0,0,0,0,1473.0,warning
situation_20230227_0600_2746f43c.pdf,2023-02-27,"Strong Wind, Lightning",2387,,,,,,,,,,6.0,24.0,1.0,6.0,0.0,0.0,0.0,0.0,0.0,0.0,0.0,0.0,True,grand_total,0600,2023-02-27 06:00:00,3,,,0.0,0,1,0,0,0,0,0.5,weather_forecast,0,0,,,,,,,,,,,1,0,0.0,0,0,0,0,1497.0,warning
situation_20230227_1800_aab8255a.pdf,2023-02-27,"Strong Wind, Lightning",3222,,,,,,,,,,37.0,160.0,2.0,6.0,0.0,0.0,31.0,1.0,0.0,0.0,0.0,0.0,True,grand_total,1800,2023-02-27 18:00:00,4,75.0,40.0,0.0,1,1,1,0,0,0,2.0,weather_forecast,0,0,,,,,,,,,,,1,0,0.0,0,0,0,0,1509.0,warning
situation_20230228_0600_c6003761.pdf,2023-02-28,"Strong Wind, Lightning",3222,,,,,,,,,,37.0,160.0,2.0,6.0,0.0,0.0,31.0,1.0,0.0,0.0,0.0,0.0,True,grand_total,0600,2023-02-28 06:00:00,4,75.0,40.0,0.0,1,1,1,0,0,0,0.5,weather_forecast,0,0,,,,,,,,,,,1,0,0.0,0,0,0,0,1521.0,warning
situation_20230228_1800_8ded5ecc.pdf,2023-02-28,Other,2155,,,,,,,,,,2.0,6.0,0.0,0.0,0.0,0.0,2.0,0.0,0.0,0.0,0.0,0.0,True,grand_total,1800,2023-02-28 18:00:00,3,75.0,40.0,0.0,1,1,1,0,0,0,2.0,weather_forecast,0,0,,,,,,,,,,,1,0,0.0,0,0,0,0,1533.0,warning
situation_20230301_0600_6bebdc34.pdf,2023-03-01,Other,2161,,,,,,,,,,2.0,6.0,0.0,0.0,0.0,0.0,2.0,0.0,0.0,0.0,0.0,0.0,True,grand_total,0600,2023-03-01 06:00:00,3,75.0,40.0,0.0,1,1,1,0,0,0,0.5,weather_forecast,0,0,,,,,,,,,,,1,0,0.0,0,0,0,0,1545.0,warning
situation_20230301_1800_647a12bd.pdf,2023-03-01,Strong Wind,2629,,,,,,,,,,7.0,28.0,0.0,0.0,0.0,1.0,6.0,0.0,0.0,0.0,0.0,0.0,True,grand_total,1800,2023-03-01 18:00:00,3,,40.0,0.0,0,1,1,0,0,0,2.0,weather_forecast,0,0,,,,,,,,,,,1,0,0.0,0,0,0,0,1557.0,warning
situation_20230302_0600_2e25a498.pdf,2023-03-02,Strong Wind,2629,,,,,,,,,,7.0,28.0,0.0,0.0,0.0,1.0,6.0,0.0,0.0,0.0,0.0,0.0,True,grand_total,0600,2023-03-02 06:00:00,3,,40.0,0.0,0,1,1,0,0,0,0.5,weather_forecast,0,0,,,,,,,,,,,1,0,0.0,0,0,0,0,1569.0,warning
situation_20230303_0600_0892b90c.pdf,2023-03-03,Strong Wind,2116,,,,,,,,,,6.0,19.0,0.0,0.0,0.0,0.0,4.0,0.0,0.0,0.0,0.0,0.0,True,grand_total,0600,2023-03-03 06:00:00,3,,,0.0,0,1,0,0,0,0,0.5,weather_forecast,0,0,,,,,,,,,,,1,0,0.0,0,0,0,0,1593.0,warning
situation_20230307_1800_09a34879.pdf,2023-03-07,"Strong Wind, Lightning",2538,,,,,,,,,,12.0,49.0,1.0,0.0,0.0,0.0,12.0,0.0,0.0,0.0,0.0,0.0,True,grand_total,1800,2023-03-07 18:00:00,4,50.0,,0.0,1,1,0,0,0,0,2.0,weather_forecast,0,0,,,,,,,,,,,1,0,0.0,0,0,0,0,1701.0,warning
situation_20230308_0600_394a293f.pdf,2023-03-08,Other,2005,,,,,,,,,,0.0,0.0,0.0,0.0,0.0,0.0,0.0,0.0,0.0,0.0,0.0,0.0,True,confirmed_zero_report,0600,2023-03-08 06:00:00,4,,50.0,0.0,0,1,1,0,0,0,0.5,weather_forecast,0,0,,,,,,,,,,,1,0,0.0,0,0,0,0,1713.0,warning
situation_20230308_1800_f0d3f36a.pdf,2023-03-08,Strong Wind,2424,,,,,,,,,,7.0,24.0,0.0,0.0,0.0,0.0,7.0,0.0,0.0,0.0,0.0,0.0,True,grand_total,1800,2023-03-08 18:00:00,4,,50.0,0.0,0,1,1,0,0,0,2.0,weather_forecast,0,0,,,,,,,,,,,1,0,0.0,0,0,0,0,1725.0,warning
situation_20230309_1800_c1196d0a.pdf,2023-03-09,Strong Wind,2069,,,,,,,,,,1.0,4.0,0.0,0.0,0.0,0.0,1.0,0.0,0.0,0.0,0.0,0.0,True,grand_total,1800,2023-03-09 18:00:00,4,,50.0,0.0,0,1,1,0,0,0,2.0,weather_forecast,0,0,,,,,,,,,,,1,0,0.0,0,0,0,0,1749.0,warning
situation_20230310_0600_403a7624.pdf,2023-03-10,Other,2031,,,,,,,,,,0.0,0.0,0.0,0.0,0.0,0.0,0.0,0.0,0.0,0.0,0.0,0.0,True,grand_total,0600,2023-03-10 06:00:00,5,,,0.0,0,1,0,0,0,0,0.5,weather_forecast,0,0,,,,,,,,,,,1,0,0.0,0,0,0,0,1761.0,warning
situation_20230310_1800_c972ea45.pdf,2023-03-10,Strong Wind,2202,,,,,,,,,,2.0,6.0,0.0,0.0,0.0,0.0,2.0,0.0,0.0,0.0,0.0,0.0,True,grand_total,1800,2023-03-10 18:00:00,4,50.0,,0.0,1,1,0,0,0,0,2.0,weather_forecast,0,0,,,,,,,,,,,1,0,0.0,0,0,0,0,1773.0,warning
situation_20230311_0600_122438cf.pdf,2023-03-11,Other,2030,,,,,,,,,,0.0,0.0,0.0,0.0,0.0,0.0,0.0,0.0,0.0,0.0,0.0,0.0,True,grand_total,0600,2023-03-11 06:00:00,3,50.0,,0.0,1,1,0,0,0,0,0.5,weather_forecast,0,0,,,,,,,,,,,1,0,0.0,0,0,0,0,1785.0,warning
situation_20230312_0600_16302865.pdf,2023-03-12,Other,2034,,,,,,,,,,0.0,0.0,0.0,0.0,0.0,0.0,0.0,0.0,0.0,0.0,0.0,0.0,True,grand_total,0600,2023-03-12 06:00:00,4,,,0.0,0,1,0,0,0,0,0.5,weather_forecast,0,0,,,,,,,,,,,1,0,0.0,0,0,0,0,1809.0,warning
situation_20230313_1800_a2cf9849.pdf,2023-03-13,Strong Wind,2191,,,,,,,,,,10.0,43.0,0.0,0.0,0.0,2.0,8.0,0.0,0.0,0.0,0.0,0.0,True,grand_total,1800,2023-03-13 18:00:00,3,50.0,,0.0,1,1,0,0,0,0,2.0,weather_forecast,0,0,,,,,,,,,,,1,0,0.0,0,0,0,0,1845.0,warning
situation_20230314_0600_7dd1d4be.pdf,2023-03-14,Other,2032,,,,,,,,,,0.0,0.0,0.0,0.0,0.0,0.0,0.0,0.0,0.0,0.0,0.0,0.0,True,grand_total,0600,2023-03-14 06:00:00,3,,,0.0,0,1,0,0,0,0,0.5,weather_forecast,0,0,,,,,,,,,,,1,0,0.0,0,0,0,0,1857.0,warning
situation_20230314_0600_9d48e535.pdf,2023-03-14,Other,2032,,,,,,,,,,0.0,0.0,0.0,0.0,0.0,0.0,0.0,0.0,0.0,0.0,0.0,0.0,True,grand_total,0600,2023-03-14 06:00:00,3,,,0.0,0,1,0,0,0,0,0.5,weather_forecast,0,0,,,,,,,,,,,1,0,0.0,0,0,0,0,1857.0,warning
situation_20230314_1800_ff9dc89e.pdf,2023-03-14,"Strong Wind, Lightning",2098,,,,,,,,,,2.0,5.0,0.0,0.0,0.0,0.0,2.0,0.0,0.0,0.0,0.0,0.0,True,grand_total,1800,2023-03-14 18:00:00,5,,,0.0,0,1,0,0,0,0,2.0,weather_forecast,0,0,,,,,,,,,,,1,0,0.0,0,0,0,0,1869.0,warning
situation_20230316_0600_cdb4ed0e.pdf,2023-03-16,"Strong Wind, Lightning",2533,,,,,,,,,,162.0,668.0,0.0,0.0,0.0,0.0,158.0,5.0,0.0,0.0,0.0,0.0,True,grand_total,0600,2023-03-16 06:00:00,3,75.0,,0.0,1,1,0,0,0,0,0.5,weather_forecast,0,0,,,,,,,,,,,1,0,0.0,0,0,0,0,1905.0,warning
situation_20230316_1800_b68b8722.pdf,2023-03-16,"Strong Wind, Lightning",2224,,,,,,,,,,30.0,77.0,0.0,0.0,0.0,0.0,17.0,0.0,0.0,0.0,0.0,0.0,True,grand_total,1800,2023-03-16 18:00:00,3,75.0,,0.0,1,1,0,0,0,0,2.0,weather_forecast,0,0,,,,,,,,,,,1,0,0.0,0,0,0,0,1917.0,warning
situation_20230320_0600_8003601d.pdf,2023-03-20,Landslide,2311,,,,,,,,,,62.0,220.0,0.0,5.0,0.0,3.0,20.0,0.0,0.0,1.0,62.0,220.0,True,grand_total,0600,2023-03-20 06:00:00,4,50.0,,2.0,1,1,0,0,0,0,0.5,weather_forecast,0,0,,,,,,,,,,,1,1,1.0,2,0,0,2,5.466666666666667,warning
situation_20230320_1800_b8a08ef2.pdf,2023-03-20,"Flood, Landslide, Heavy Rain, Strong Wind, Lightning",4367,,,,,,,,,,222.0,790.0,0.0,8.0,0.0,3.0,158.0,0.0,0.0,1.0,70.0,240.0,True,grand_total,1800,2023-03-20 18:00:00,4,75.0,,2.0,1,1,0,0,0,0,2.0,weather_forecast,0,0,,,,,,,,,,,1,1,2.0,2,2,0,3,9.25,warning
situation_20230321_0600_6db3ffbf.pdf,2023-03-21,"Flood, Landslide, Heavy Rain, Strong Wind, Lightning",4367,,,,,,,,,,222.0,790.0,0.0,8.0,0.0,3.0,158.0,0.0,0.0,1.0,70.0,240.0,True,grand_total,0600,2023-03-21 06:00:00,3,75.0,,0.0,1,1,0,0,0,0,0.5,weather_forecast,0,0,,,,,,,,,,,1,1,2.0,2,2,0,3,21.25,warning
situation_20230321_1800_1847176f.pdf,2023-03-21,"Flood, Landslide, Heavy Rain, Strong Wind, Lightning",4646,,,,,,,,,,227.0,808.0,0.0,8.0,0.0,3.0,162.0,0.0,0.0,1.0,70.0,240.0,True,grand_total,1800,2023-03-21 18:00:00,2,50.0,,0.0,1,1,0,0,0,0,2.0,weather_forecast,0,0,,,,,,,,,,,1,0,0.0,0,0,0,0,33.25,warning
situation_20230322_0600_43a140e7.pdf,2023-03-22,"Flood, Landslide, Heavy Rain, Strong Wind, Lightning",4646,,,,,,,,,,227.0,808.0,0.0,8.0,0.0,3.0,162.0,0.0,0.0,1.0,70.0,240.0,True,grand_total,0600,2023-03-22 06:00:00,2,50.0,,0.0,1,1,0,0,0,0,0.5,weather_forecast,0,0,,,,,,,,,,,1,0,0.0,0,0,0,0,45.25,warning
situation_20230323_1800_8b44bce0.pdf,2023-03-23,"Flood, Landslide, Heavy Rain, Strong Wind, Lightning",3933,,,,,,,,,,213.0,775.0,1.0,6.0,0.0,5.0,163.0,2.0,0.0,1.0,70.0,240.0,True,grand_total,1800,2023-03-23 18:00:00,3,,,0.0,0,1,0,0,0,0,2.0,weather_forecast,0,0,,,,,,,,,,,1,1,1.0,2,0,0,2,1.0,warning
situation_20230324_0600_db62cf18.pdf,2023-03-24,"Flood, Landslide, Heavy Rain, Strong Wind, Lightning",3933,,,,,,,,,,213.0,775.0,1.0,6.0,0.0,5.0,163.0,2.0,0.0,1.0,70.0,240.0,True,grand_total,0600,2023-03-24 06:00:00,3,,,0.0,0,1,0,0,0,0,0.5,weather_forecast,0,0,,,,,,,,,,,1,1,1.0,2,0,0,2,13.0,warning
situation_20230324_1800_67dca0a8.pdf,2023-03-24,"Landslide, Heavy Rain, Strong Wind, Lightning",4482,,,,,,,,,,238.0,879.0,4.0,6.0,0.0,4.0,186.0,2.0,0.0,1.0,71.0,242.0,True,grand_total,1800,2023-03-24 18:00:00,3,,,0.0,0,1,0,0,0,0,2.0,weather_forecast,0,0,,,,,,,,,,,1,0,0.0,0,0,0,0,25.0,warning
situation_20230325_0600_f64cc32c.pdf,2023-03-25,"Landslide, Heavy Rain, Strong Wind, Lightning",4446,,,,,,,,,,238.0,879.0,4.0,6.0,0.0,4.0,186.0,2.0,0.0,1.0,71.0,242.0,True,grand_total,0600,2023-03-25 06:00:00,3,50.0,,0.0,1,1,0,0,0,0,0.5,weather_forecast,0,0,,,,,,,,,,,1,0,0.0,0,0,0,0,6.0,warning
situation_20230325_1800_8da5aab5.pdf,2023-03-25,"Landslide, Heavy Rain, Strong Wind, Lightning",4451,,,,,,,,,,238.0,879.0,4.0,6.0,0.0,4.0,186.0,2.0,0.0,1.0,71.0,242.0,True,grand_total,1800,2023-03-25 18:00:00,3,50.0,,0.0,1,1,0,0,0,0,2.0,weather_forecast,0,0,,,,,,,,,,,1,0,0.0,0,0,0,0,18.0,warning
situation_20230326_0600_ad2e58a8.pdf,2023-03-26,"Landslide, Heavy Rain, Strong Wind, Lightning",4487,,,,,,,,,,238.0,879.0,4.0,6.0,0.0,4.0,186.0,2.0,0.0,1.0,71.0,242.0,True,grand_total,0600,2023-03-26 06:00:00,3,50.0,,0.0,1,1,0,0,0,0,0.5,weather_forecast,0,0,,,,,,,,,,,1,0,0.0,0,0,0,0,30.0,warning
situation_20230327_0600_9293724a.pdf,2023-03-27,"Landslide, Heavy Rain, Strong Wind, Lightning",4482,,,,,,,,,,238.0,879.0,4.0,6.0,0.0,4.0,186.0,2.0,0.0,1.0,71.0,242.0,True,grand_total,0600,2023-03-27 06:00:00,3,,,0.0,0,1,0,0,0,0,0.5,weather_forecast,0,0,,,,,,,,,,,1,0,0.0,0,0,0,0,54.0,warning
situation_20230328_0600_014fc8fe.pdf,2023-03-28,"Landslide, Strong Wind, Lightning",3680,,,,,,,,,,165.0,558.0,0.0,6.0,0.0,3.0,130.0,1.0,0.0,1.0,71.0,242.0,True,grand_total,0600,2023-03-28 06:00:00,3,,,0.0,0,1,0,0,0,0,0.5,weather_forecast,0,0,,,,,,,,,,,1,0,0.0,0,0,0,0,78.0,warning
situation_20230328_1800_8e7d9ad2.pdf,2023-03-28,"Landslide, Strong Wind, Lightning",3053,,,,,,,,,,90.0,304.0,0.0,6.0,0.0,3.0,56.0,0.0,0.0,1.0,71.0,242.0,True,grand_total,1800,2023-03-28 18:00:00,3,,,0.0,0,1,0,0,0,0,2.0,weather_forecast,0,0,,,,,,,,,,,1,0,0.0,0,0,0,0,90.0,warning
situation_20230329_0600_d099ff02.pdf,2023-03-29,"Landslide, Strong Wind, Lightning",3053,,,,,,,,,,90.0,304.0,0.0,6.0,0.0,3.0,56.0,0.0,0.0,1.0,71.0,242.0,True,grand_total,0600,2023-03-29 06:00:00,3,,,0.0,0,1,0,0,0,0,0.5,weather_forecast,0,0,,,,,,,,,,,1,0,0.0,0,0,0,0,102.0,warning
situation_20230329_1800_813e1e95.pdf,2023-03-29,"Landslide, Strong Wind, Lightning",3347,,,,,,,,,,236.0,879.0,1.0,6.0,0.0,3.0,190.0,0.0,0.0,1.0,71.0,242.0,True,grand_total,1800,2023-03-29 18:00:00,4,,,0.0,0,1,0,0,0,0,2.0,weather_forecast,0,0,,,,,,,,,,,1,0,0.0,0,0,0,0,114.0,warning
situation_20230330_1800_1ac1767d.pdf,2023-03-30,"Landslide, Strong Wind",2524,,,,,,,,,,72.0,246.0,0.0,6.0,0.0,3.0,38.0,0.0,0.0,1.0,71.0,242.0,True,grand_total,1800,2023-03-30 18:00:00,3,,,0.0,0,1,0,0,0,0,2.0,weather_forecast,0,0,,,,,,,,,,,1,0,0.0,0,0,0,0,138.0,warning
situation_20230331_0600_10014e15.pdf,2023-03-31,"Landslide, Strong Wind, Lightning",2985,,,,,,,,,,83.0,289.0,0.0,6.0,0.0,3.0,49.0,0.0,0.0,1.0,71.0,242.0,True,grand_total,0600,2023-03-31 06:00:00,3,,,0.0,0,1,0,0,0,0,0.5,weather_forecast,0,0,,,,,,,,,,,1,0,0.0,0,0,0,0,150.0,warning
situation_20230331_1800_ce71db6c.pdf,2023-03-31,"Landslide, Strong Wind, Lightning",3263,,,,,,,,,,100.0,361.0,0.0,6.0,0.0,3.0,64.0,0.0,0.0,1.0,71.0,242.0,True,grand_total,1800,2023-03-31 18:00:00,4,50.0,,0.0,1,1,0,0,0,0,2.0,weather_forecast,0,0,,,,,,,,,,,1,0,0.0,0,0,0,0,162.0,warning
situation_20230401_1800_01169914.pdf,2023-04-01,Landslide,2310,,,,,,,,,,71.0,242.0,0.0,6.0,0.0,3.0,37.0,0.0,0.0,1.0,71.0,242.0,True,grand_total,1800,2023-04-01 18:00:00,3,50.0,,0.0,1,1,0,0,0,0,2.0,weather_forecast,0,0,,,,,,,,,,,1,0,0.0,0,0,0,0,186.0,warning
situation_20230402_0600_6eb9346d.pdf,2023-04-02,Landslide,2310,,,,,,,,,,71.0,242.0,0.0,6.0,0.0,3.0,37.0,0.0,0.0,1.0,71.0,242.0,True,grand_total,0600,2023-04-02 06:00:00,3,50.0,,0.0,1,1,0,0,0,0,0.5,weather_forecast,0,0,,,,,,,,,,,1,0,0.0,0,0,0,0,198.0,warning
situation_20230403_0600_5667f989.pdf,2023-04-03,Landslide,2307,,,,,,,,,,71.0,242.0,0.0,6.0,0.0,3.0,37.0,0.0,0.0,1.0,71.0,242.0,True,grand_total,0600,2023-04-03 06:00:00,2,75.0,,0.0,1,1,0,0,0,0,0.5,weather_forecast,0,0,,,,,,,,,,,1,1,1.0,1,0,0,1,12.0,warning
situation_20230403_1800_a05a0c30.pdf,2023-04-03,"Landslide, Heavy Rain, Strong Wind, Lightning",4119,,,,,,,,,,303.0,1083.0,0.0,7.0,0.0,5.0,263.0,4.0,14.0,1.0,71.0,242.0,True,grand_total,1800,2023-04-03 18:00:00,3,75.0,,0.0,1,1,0,0,0,0,2.0,weather_forecast,0,0,,,,,,,,,,,1,0,0.0,0,0,0,0,24.0,warning
situation_20230404_1800_6b62cad4.pdf,2023-04-04,"Landslide, Heavy Rain, Strong Wind, Lightning",4055,,,,,,,,,,222.0,731.0,0.0,6.0,0.0,6.0,182.0,0.0,14.0,1.0,71.0,242.0,True,grand_total,1800,2023-04-04 18:00:00,4,75.0,,0.0,1,1,0,0,0,0,2.0,weather_forecast,0,0,,,,,,,,,,,1,1,1.0,3,0,0,3,0.6666666666666666,warning
situation_20230405_0600_ae9d24aa.pdf,2023-04-05,"Landslide, Heavy Rain, Strong Wind, Lightning",4095,,,,,,,,,,222.0,731.0,0.0,6.0,0.0,6.0,182.0,0.0,14.0,1.0,71.0,242.0,True,grand_total,0600,2023-04-05 06:00:00,4,50.0,,0.0,1,1,0,0,0,0,0.5,weather_forecast,0,0,,,,,,,,,,,1,1,1.0,3,0,0,3,12.666666666666666,warning
situation_20230405_1800_36a15098.pdf,2023-04-05,"Landslide, Strong Wind, Lightning",3002,,,,,,,,,,94.0,314.0,0.0,6.0,0.0,3.0,63.0,0.0,0.0,1.0,71.0,242.0,True,grand_total,1800,2023-04-05 18:00:00,4,50.0,,0.0,1,1,0,0,0,0,2.0,weather_forecast,0,0,,,,,,,,,,,1,0,0.0,0,0,0,0,24.666666666666668,warning
situation_20230406_0600_ef73b44e.pdf,2023-04-06,"Landslide, Strong Wind, Lightning",3002,,,,,,,,,,94.0,314.0,0.0,6.0,0.0,3.0,63.0,0.0,0.0,1.0,71.0,242.0,True,grand_total,0600,2023-04-06 06:00:00,4,50.0,,0.0,1,1,0,0,0,0,0.5,weather_forecast,0,0,,,,,,,,,,,1,0,0.0,0,0,0,0,36.666666666666664,warning
situation_20230406_1800_43a2cd2d.pdf,2023-04-06,"Landslide, Heavy Rain, Strong Wind, Lightning",3867,,,,,,,,,,123.0,442.0,1.0,6.0,0.0,3.0,94.0,0.0,0.0,1.0,71.0,242.0,True,grand_total,1800,2023-04-06 18:00:00,4,50.0,,0.0,1,1,0,0,0,0,2.0,weather_forecast,0,0,,,,,,,,,,,1,0,0.0,0,0,0,0,48.666666666666664,warning
situation_20230407_0600_797f775d.pdf,2023-04-07,"Landslide, Heavy Rain, Strong Wind, Lightning",3903,,,,,,,,,,123.0,442.0,1.0,6.0,0.0,3.0,94.0,0.0,0.0,1.0,71.0,242.0,True,grand_total,0600,2023-04-07 06:00:00,4,50.0,,0.0,1,1,0,0,0,0,0.5,weather_forecast,0,0,,,,,,,,,,,1,0,0.0,0,0,0,0,60.666666666666664,warning
situation_20230407_1800_d5702f5d.pdf,2023-04-07,"Landslide, Strong Wind, Lightning",2677,,,,,,,,,,150.0,538.0,0.0,6.0,0.0,3.0,116.0,2.0,0.0,1.0,71.0,242.0,True,grand_total,1800,2023-04-07 18:00:00,3,50.0,,0.0,1,1,0,0,0,0,2.0,weather_forecast,0,0,,,,,,,,,,,1,0,0.0,0,0,0,0,72.66666666666667,warning
situation_20230409_0600_5de21188.pdf,2023-04-09,"Landslide, Strong Wind, Lightning",2668,,,,,,,,,,178.0,646.0,0.0,6.0,0.0,3.0,144.0,2.0,0.0,1.0,71.0,242.0,True,grand_total,0600,2023-04-09 06:00:00,4,50.0,,0.0,1,1,0,0,0,0,0.5,weather_forecast,0,0,,,,,,,,,,,1,1,1.0,2,0,0,2,12.5,warning
situation_20230409_1800_7a6c02ff.pdf,2023-04-09,"Landslide, Strong Wind, Lightning",2672,,,,,,,,,,178.0,646.0,0.0,6.0,0.0,3.0,144.0,2.0,0.0,1.0,71.0,242.0,True,grand_total,1800,2023-04-09 18:00:00,4,50.0,,0.0,1,1,0,0,0,0,2.0,weather_forecast,0,0,,,,,,,,,,,1,0,0.0,0,0,0,0,24.5,warning
situation_20230410_0600_8f8987d9.pdf,2023-04-10,"Landslide, Strong Wind, Lightning",2672,,,,,,,,,,178.0,646.0,0.0,6.0,0.0,3.0,144.0,2.0,0.0,1.0,71.0,242.0,True,grand_total,0600,2023-04-10 06:00:00,4,50.0,,0.0,1,1,0,0,0,0,0.5,weather_forecast,0,0,,,,,,,,,,,1,0,0.0,0,0,0,0,36.5,warning
situation_20230410_1800_9c9479c4.pdf,2023-04-10,"Landslide, Heavy Rain, Strong Wind, Lightning",4171,,,,,,,,,,250.0,921.0,0.0,6.0,0.0,3.0,218.0,5.0,0.0,1.0,71.0,242.0,True,grand_total,1800,2023-04-10 18:00:00,3,50.0,,0.0,1,1,0,0,0,0,2.0,weather_forecast,0,0,,,,,,,,,,,1,0,0.0,0,0,0,0,48.5,warning
situation_20230411_0600_0537015d.pdf,2023-04-11,"Landslide, Heavy Rain, Strong Wind, Lightning",4171,,,,,,,,,,250.0,921.0,0.0,6.0,0.0,3.0,218.0,5.0,0.0,1.0,71.0,242.0,True,grand_total,0600,2023-04-11 06:00:00,3,,,0.0,0,1,0,0,0,0,0.5,weather_forecast,0,0,,,,,,,,,,,1,0,0.0,0,0,0,0,60.5,warning
situation_20230411_1800_c4f4abf1.pdf,2023-04-11,"Landslide, Strong Wind, Lightning",3115,,,,,,,,,,203.0,752.0,0.0,6.0,0.0,3.0,170.0,3.0,0.0,1.0,70.0,240.0,True,grand_total,1800,2023-04-11 18:00:00,3,,,0.0,0,1,0,0,0,0,2.0,weather_forecast,0,0,,,,,,,,,,,1,0,0.0,0,0,0,0,72.5,warning
situation_20230412_0600_bcbad21f.pdf,2023-04-12,"Landslide, Strong Wind, Lightning",3249,,,,,,,,,,204.0,756.0,0.0,6.0,0.0,3.0,171.0,3.0,0.0,1.0,70.0,240.0,True,grand_total,0600,2023-04-12 06:00:00,3,,,0.0,0,1,0,0,0,0,0.5,weather_forecast,0,0,,,,,,,,,,,1,0,0.0,0,0,0,0,84.5,warning
situation_20230412_1800_69ce43ce.pdf,2023-04-12,"Landslide, Strong Wind, Lightning",2891,,,,,,,,,,203.0,751.0,0.0,6.0,0.0,3.0,170.0,3.0,0.0,1.0,70.0,240.0,True,grand_total,1800,2023-04-12 18:00:00,2,,,0.0,0,1,0,0,0,0,6.0,weather_forecast,0,0,,,,,,,,,,,1,0,0.0,0,0,0,0,96.5,warning
situation_20230413_1800_fc4f8b47.pdf,2023-04-13,"Landslide, Strong Wind, Lightning",2891,,,,,,,,,,203.0,751.0,0.0,6.0,0.0,3.0,170.0,3.0,0.0,1.0,70.0,240.0,True,grand_total,1800,2023-04-13 18:00:00,3,,,0.0,0,1,0,0,0,0,2.0,weather_forecast,0,0,,,,,,,,,,,1,0,0.0,0,0,0,0,120.5,warning
situation_20230414_1800_69d454e2.pdf,2023-04-14,"Landslide, Strong Wind, Lightning",2943,,,,,,,,,,202.0,753.0,0.0,6.0,0.0,3.0,169.0,3.0,0.0,1.0,70.0,240.0,True,grand_total,1800,2023-04-14 18:00:00,4,,,0.0,0,1,0,0,0,0,2.0,weather_forecast,0,0,,,,,,,,,,,1,0,0.0,0,0,0,0,144.5,warning
situation_20230418_0600_d5d29293.pdf,2023-04-18,"Landslide, Strong Wind, Lightning",3581,,,,,,,,,,3560.0,12083.0,2.0,8.0,0.0,3.0,98.0,0.0,0.0,1.0,70.0,240.0,True,grand_total,0600,2023-04-18 06:00:00,3,,,0.0,0,1,0,0,0,0,0.5,weather_forecast,0,0,,,,,,,,,,,1,0,0.0,0,0,0,0,37.5,warning
situation_20230418_1800_a3b5b367.pdf,2023-04-18,"Landslide, Heavy Rain, Strong Wind, Lightning",4228,,,,,,,,,,3595.0,12218.0,2.0,8.0,0.0,3.0,133.0,0.0,0.0,1.0,70.0,240.0,True,grand_total,1800,2023-04-18 18:00:00,3,,,0.0,0,1,0,0,0,0,2.0,weather_forecast,0,0,,,,,,,,,,,1,0,0.0,0,0,0,0,49.5,warning
situation_20230419_1800_cb0aa182.pdf,2023-04-19,"Landslide, Strong Wind",2989,,,,,,,,,,3523.0,11942.0,0.0,6.0,0.0,3.0,61.0,0.0,0.0,1.0,70.0,240.0,True,grand_total,1800,2023-04-19 18:00:00,3,,,0.0,0,1,0,0,0,0,2.0,weather_forecast,0,0,,,,,,,,,,,1,0,0.0,0,0,0,0,73.5,warning
situation_20230420_1800_15116e45.pdf,2023-04-20,"Landslide, Heavy Rain, Strong Wind",3060,,,,,,,,,,3525.0,11950.0,0.0,6.0,0.0,3.0,63.0,0.0,0.0,1.0,70.0,240.0,True,grand_total,1800,2023-04-20 18:00:00,3,,,0.0,0,1,0,0,0,0,2.0,weather_forecast,0,0,,,,,,,,,,,1,0,0.0,0,0,0,0,97.5,warning
situation_20230421_1800_9f0b34b1.pdf,2023-04-21,"Landslide, Strong Wind",3218,,,,,,,,,,3515.0,11919.0,0.0,6.0,0.0,3.0,54.0,0.0,0.0,1.0,70.0,240.0,True,grand_total,1800,2023-04-21 18:00:00,4,50.0,,2.0,1,1,0,0,0,0,2.0,weather_forecast,0,0,,,,,,,,,,,1,0,0.0,0,0,0,0,121.5,warning
situation_20230422_0600_9fb27a62.pdf,2023-04-22,"Landslide, Strong Wind",3218,,,,,,,,,,3515.0,11919.0,0.0,6.0,0.0,3.0,54.0,0.0,0.0,1.0,70.0,240.0,True,grand_total,0600,2023-04-22 06:00:00,4,75.0,,2.0,1,1,0,0,0,0,0.5,weather_forecast,0,0,,,,,,,,,,,1,0,0.0,0,0,0,0,133.5,warning
situation_20230422_1800_238e9413.pdf,2023-04-22,"Landslide, Strong Wind, Lightning",2908,,,,,,,,,,3503.0,11873.0,0.0,6.0,0.0,3.0,41.0,0.0,0.0,1.0,70.0,240.0,True,grand_total,1800,2023-04-22 18:00:00,3,75.0,,0.0,1,1,0,0,0,0,2.0,weather_forecast,0,0,,,,,,,,,,,1,1,1.0,1,0,0,1,5.0,warning
situation_20230423_0600_4f2fb9d1.pdf,2023-04-23,"Flood, Landslide, Strong Wind, Lightning",3419,,,,,,,,,,3623.0,12392.0,2.0,6.0,0.0,3.0,158.0,0.0,0.0,2.0,80.0,270.0,True,grand_total,0600,2023-04-23 06:00:00,3,75.0,,0.0,1,1,0,0,0,0,0.5,weather_forecast,0,0,,,,,,,,,,,1,1,1.0,1,0,0,1,17.0,warning
situation_20230423_0600_98cd8395.pdf,2023-04-23,"Landslide, Strong Wind, Lightning",3060,,,,,,,,,,3513.0,11905.0,0.0,6.0,0.0,3.0,50.0,1.0,2.0,1.0,70.0,240.0,True,grand_total,0600,2023-04-23 06:00:00,3,75.0,,0.0,1,1,0,0,0,0,0.5,weather_forecast,0,0,,,,,,,,,,,1,1,1.0,1,0,0,1,17.0,warning
situation_20230423_1800_9113d949.pdf,2023-04-23,"Landslide, Strong Wind",2876,,,,,,,,,,3516.0,11918.0,0.0,6.0,0.0,3.0,53.0,1.0,2.0,1.0,70.0,240.0,True,grand_total,1800,2023-04-23 18:00:00,3,50.0,,0.0,1,1,0,0,0,0,2.0,weather_forecast,0,0,,,,,,,,,,,1,1,1.0,1,0,0,1,0.0,warning
situation_20230424_0600_7b38d6ce.pdf,2023-04-24,"Landslide, Strong Wind",2876,,,,,,,,,,3516.0,11918.0,0.0,6.0,0.0,3.0,53.0,1.0,2.0,1.0,70.0,240.0,True,grand_total,0600,2023-04-24 06:00:00,3,50.0,,0.0,1,1,0,0,0,0,0.5,weather_forecast,0,0,,,,,,,,,,,1,1,1.0,1,0,0,1,12.0,warning
situation_20230424_1800_e14f1b23.pdf,2023-04-24,"Landslide, Strong Wind, Lightning",5178,,,,,,,,,,6372.0,21190.0,1.0,12.0,0.0,6.0,201.0,4.0,3.0,2.0,140.0,480.0,True,grand_total,1800,2023-04-24 18:00:00,4,50.0,,2.0,1,1,0,0,0,0,2.0,weather_forecast,0,0,,,,,,,,,,,1,1,1.0,1,0,0,1,24.0,warning
situation_20230425_0600_8e45345e.pdf,2023-04-25,"Landslide, Strong Wind, Lightning",5220,,,,,,,,,,6302.0,20950.0,1.0,6.0,0.0,3.0,164.0,4.0,3.0,1.0,70.0,240.0,True,grand_total,0600,2023-04-25 06:00:00,4,50.0,,2.0,1,1,0,0,0,0,0.5,weather_forecast,0,0,,,,,,,,,,,1,0,0.0,0,0,0,0,36.0,warning
situation_20230425_1800_edb700c4.pdf,2023-04-25,"Landslide, Heavy Rain, Strong Wind, Lightning",5143,,,,,,,,,,6547.0,21740.0,1.0,8.0,0.0,4.0,159.0,4.0,0.0,1.0,70.0,240.0,True,grand_total,1800,2023-04-25 18:00:00,3,50.0,,0.0,1,1,0,0,0,0,2.0,weather_forecast,0,0,,,,,,,,,,,1,0,0.0,0,0,0,0,48.0,warning
situation_20230426_0600_098fe6c2.pdf,2023-04-26,"Landslide, Heavy Rain, Strong Wind, Lightning",5191,,,,,,,,,,6547.0,21740.0,1.0,8.0,0.0,4.0,159.0,4.0,0.0,1.0,70.0,240.0,True,grand_total,0600,2023-04-26 06:00:00,3,75.0,,0.0,1,1,0,0,0,0,0.5,weather_forecast,0,0,,,,,,,,,,,1,0,0.0,0,0,0,0,60.0,warning
situation_20230426_1800_4d729506.pdf,2023-04-26,"Landslide, Heavy Rain, Strong Wind, Lightning",6134,,,,,,,,,,6687.0,22191.0,0.0,8.0,0.0,5.0,293.0,6.0,1.0,2.0,80.0,270.0,True,grand_total,1800,2023-04-26 18:00:00,4,75.0,,2.0,1,1,0,0,0,0,2.0,weather_forecast,0,0,,,,,,,,,,,1,0,0.0,0,0,0,0,72.0,warning
situation_20230427_0600_4534ed70.pdf,2023-04-27,"Landslide, Heavy Rain, Strong Wind, Lightning",6194,,,,,,,,,,6687.0,22191.0,0.0,8.0,0.0,5.0,293.0,6.0,1.0,2.0,80.0,270.0,True,grand_total,0600,2023-04-27 06:00:00,4,75.0,,2.0,1,1,0,0,0,0,0.5,weather_forecast,0,0,,,,,,,,,,,1,1,1.0,2,0,0,2,9.5,warning
situation_20230427_1800_d9c6f5b0.pdf,2023-04-27,"Flood, Landslide, Heavy Rain, Strong Wind, Lightning",5296,,,,,,,,,,6523.0,21667.0,1.0,6.0,0.0,3.0,136.0,3.0,2.0,2.0,80.0,270.0,True,grand_total,1800,2023-04-27 18:00:00,4,75.0,,2.0,1,1,0,0,0,0,2.0,weather_forecast,0,0,,,,,,,,,,,1,1,1.0,2,0,0,2,21.5,warning
situation_20230428_0600_fa745f40.pdf,2023-04-28,"Flood, Landslide, Heavy Rain, Strong Wind, Lightning",5366,,,,,,,,,,6523.0,21667.0,1.0,6.0,0.0,3.0,136.0,3.0,2.0,2.0,80.0,270.0,True,grand_total,0600,2023-04-28 06:00:00,4,75.0,,2.0,1,1,0,0,0,0,0.5,weather_forecast,0,0,,,,,,,,,,,1,0,0.0,0,0,0,0,33.5,warning
situation_20230428_1800_7f937be8.pdf,2023-04-28,"Flood, Landslide, Heavy Rain, Strong Wind, Lightning",4547,,,,,,,,,,6495.0,21532.0,0.0,6.0,0.0,3.0,105.0,2.0,0.0,2.0,80.0,270.0,True,grand_total,1800,2023-04-28 18:00:00,4,100.0,,2.0,1,1,0,0,0,0,2.0,weather_forecast,0,0,,,,,,,,,,,1,0,0.0,0,0,0,0,45.5,warning
situation_20230429_0600_2a803c8f.pdf,2023-04-29,"Flood, Landslide, Heavy Rain, Strong Wind, Lightning",4908,,,,,,,,,,6500.0,21561.0,0.0,7.0,0.0,3.0,109.0,2.0,0.0,2.0,80.0,270.0,True,grand_total,0600,2023-04-29 06:00:00,4,100.0,,2.0,1,1,0,0,0,0,0.5,weather_forecast,0,0,,,,,,,,,,,1,0,0.0,0,0,0,0,57.5,warning
situation_20230430_1800_8a80c13c.pdf,2023-04-30,Landslide,2637,,,,,,,,,,3501.0,11868.0,0.0,6.0,0.0,3.0,37.0,0.0,0.0,1.0,70.0,240.0,True,grand_total,1800,2023-04-30 18:00:00,6,100.0,,2.0,1,1,0,0,0,0,2.0,weather_forecast,0,0,,,,,,,,,,,1,1,1.0,3,0,0,3,2.0,warning
situation_20230501_0600_7bc5a844.pdf,2023-05-01,Landslide,2635,,,,,,,,,,3501.0,11868.0,0.0,6.0,0.0,3.0,37.0,0.0,0.0,1.0,70.0,240.0,True,grand_total,0600,2023-05-01 06:00:00,6,100.0,,2.0,1,1,0,0,0,0,0.5,weather_forecast,0,0,,,,,,,,,,,1,1,1.0,3,0,0,3,14.0,warning
situation_20230501_1800_e265f158.pdf,2023-05-01,Landslide,2615,,,,,,,,,,3501.0,11868.0,0.0,6.0,0.0,3.0,37.0,0.0,0.0,1.0,70.0,240.0,True,grand_total,1800,2023-05-01 18:00:00,6,100.0,,2.0,1,1,0,0,0,0,2.0,weather_forecast,0,0,,,,,,,,,,,1,1,1.0,3,0,0,3,2.0,warning
situation_20230502_0600_5e93f889.pdf,2023-05-02,Landslide,2615,,,,,,,,,,3501.0,11868.0,0.0,6.0,0.0,3.0,37.0,0.0,0.0,1.0,70.0,240.0,True,grand_total,0600,2023-05-02 06:00:00,6,100.0,,2.0,1,1,0,0,0,0,0.5,weather_forecast,0,0,,,,,,,,,,,1,1,1.0,3,0,0,3,7.5,warning
situation_20230502_1800_5b13c8ca.pdf,2023-05-02,"Landslide, Strong Wind",3428,,,,,,,,,,77.0,265.0,0.0,6.0,0.0,3.0,44.0,0.0,0.0,1.0,70.0,240.0,True,grand_total,1800,2023-05-02 18:00:00,3,100.0,,0.0,1,1,0,0,0,0,2.0,weather_forecast,0,0,,,,,,,,,,,1,1,1.0,3,0,0,3,2.0,early_warning
situation_20230503_0600_8c529f33.pdf,2023-05-03,"Landslide, Strong Wind",3428,,,,,,,,,,77.0,265.0,0.0,6.0,0.0,3.0,44.0,0.0,0.0,1.0,70.0,240.0,True,grand_total,0600,2023-05-03 06:00:00,3,100.0,,0.0,1,1,0,0,0,0,0.5,weather_forecast,0,0,,,,,,,,,,,1,1,1.0,3,0,0,3,14.0,early_warning
situation_20230503_1800_9f6df2cc.pdf,2023-05-03,"Flood, Landslide, Heavy Rain, Strong Wind, Lightning",4386,,,,,,,,,,176.0,660.0,0.0,6.0,0.0,3.0,62.0,0.0,0.0,1.0,71.0,242.0,True,grand_total,1800,2023-05-03 18:00:00,3,100.0,,0.0,1,1,0,0,0,0,2.0,weather_forecast,0,0,,,,,,,,,,,1,1,1.0,3,0,0,3,2.0,warning
situation_20230504_1800_c3aabcd4.pdf,2023-05-04,"Flood, Landslide, Heavy Rain, Strong Wind, Lightning",4477,,,,,,,,,,181.0,679.0,0.0,6.0,0.0,3.0,67.0,0.0,0.0,1.0,71.0,242.0,True,grand_total,1800,2023-05-04 18:00:00,3,75.0,50.0,0.0,1,1,1,0,0,0,2.0,weather_forecast,0,0,,,,,,,,,,,1,1,1.0,3,0,0,3,2.0,landslide_related
situation_20230505_0600_63dacacf.pdf,2023-05-05,"Flood, Landslide, Heavy Rain, Strong Wind, Lightning",4521,,,,,,,,,,181.0,679.0,0.0,6.0,0.0,3.0,67.0,0.0,0.0,1.0,71.0,242.0,True,grand_total,0600,2023-05-05 06:00:00,3,75.0,50.0,0.0,1,1,1,0,0,0,0.5,weather_forecast,0,0,,,,,,,,,,,1,1,2.0,5,2,0,5,5.5,warning
situation_20230505_1800_52e05cc8.pdf,2023-05-05,"Flood, Landslide, Heavy Rain, Strong Wind, Lightning",5205,,,,,,,,,,2249.0,9276.0,0.0,6.0,0.0,3.0,82.0,0.0,1.0,1.0,71.0,242.0,True,grand_total,1800,2023-05-05 18:00:00,4,50.0,50.0,0.0,1,1,1,0,0,0,2.0,weather_forecast,0,0,,,,,,,,,,,1,1,2.0,5,2,0,5,17.5,warning
situation_20230506_0600_aa03a76d.pdf,2023-05-06,"Flood, Landslide, Heavy Rain, Strong Wind, Lightning",5205,,,,,,,,,,2249.0,9276.0,0.0,6.0,0.0,3.0,82.0,0.0,1.0,1.0,71.0,242.0,True,grand_total,0600,2023-05-06 06:00:00,4,50.0,50.0,0.0,1,1,1,0,0,0,0.5,weather_forecast,0,0,,,,,,,,,,,1,1,2.0,5,2,0,5,5.5,warning
situation_20230507_1800_8f3aef0e.pdf,2023-05-07,"Flood, Landslide, Heavy Rain, Strong Wind, Lightning",5353,,,,,,,,,,1634.0,6345.0,1.0,6.0,0.0,3.0,87.0,0.0,0.0,1.0,71.0,242.0,True,grand_total,1800,2023-05-07 18:00:00,4,75.0,50.0,2.0,1,1,1,0,0,1,2.0,weather_forecast,0,0,,,,,,,,,,,1,1,1.0,5,0,0,5,9.0,warning
situation_20230508_0600_ada7a333.pdf,2023-05-08,"Flood, Landslide, Heavy Rain, Strong Wind, Lightning",5416,,,,,,,,,,1635.0,6349.0,1.0,6.0,0.0,3.0,88.0,0.0,1.0,1.0,71.0,242.0,True,grand_total,0600,2023-05-08 06:00:00,4,75.0,50.0,2.0,1,1,1,0,0,1,0.5,weather_forecast,0,0,,,,,,,,,,,1,1,1.0,5,0,0,5,21.0,warning
situation_20230508_1800_c4daf8e9.pdf,2023-05-08,"Flood, Landslide, Heavy Rain, Strong Wind, Lightning",7275,,,,,,,,,,1751.0,6777.0,1.0,7.0,0.0,3.0,177.0,3.0,1.0,2.0,82.0,283.0,True,grand_total,1800,2023-05-08 18:00:00,3,,45.0,0.0,0,1,1,0,1,1,2.0,weather_forecast,0,0,,,,,,,,,,,1,1,1.0,4,0,0,4,9.0,warning
situation_20230509_0600_9c68e4d2.pdf,2023-05-09,"Flood, Landslide, Heavy Rain, Strong Wind, Lightning",7029,,,,,,,,,,1271.0,5347.0,1.0,8.0,0.0,3.0,171.0,3.0,1.0,4.0,94.0,330.0,True,grand_total,0600,2023-05-09 06:00:00,3,,45.0,0.0,0,1,1,0,1,1,0.5,weather_forecast,0,0,,,,,,,,,,,1,1,1.0,4,0,0,4,21.0,warning
situation_20230509_1800_74ffe2fc.pdf,2023-05-09,"Flood, Landslide, Heavy Rain, Strong Wind, Lightning",7329,,,,,,,,,,572.0,2055.0,0.0,7.0,0.0,3.0,190.0,3.0,2.0,3.0,88.0,307.0,True,grand_total,1800,2023-05-09 18:00:00,3,75.0,45.0,0.0,1,1,1,0,1,1,2.0,weather_forecast,0,0,,,,,,,,,,,1,1,1.0,6,0,0,6,8.5,warning
situation_20230510_0600_3f42a269.pdf,2023-05-10,"Flood, Landslide, Heavy Rain, Strong Wind, Lightning",7265,,,,,,,,,,572.0,2055.0,0.0,7.0,0.0,3.0,190.0,3.0,2.0,3.0,88.0,307.0,True,grand_total,0600,2023-05-10 06:00:00,3,75.0,45.0,0.0,1,1,1,0,1,1,0.5,weather_forecast,0,0,,,,,,,,,,,1,1,1.0,6,0,0,6,20.5,warning
situation_20230510_1800_26315d7c.pdf,2023-05-10,"Flood, Landslide, Heavy Rain, Strong Wind, Lightning",8108,,,,,,,,,,578.0,2115.0,0.0,7.0,0.0,3.0,218.0,3.0,3.0,2.0,82.0,283.0,True,grand_total,1800,2023-05-10 18:00:00,4,75.0,45.0,3.0,1,1,1,0,1,1,2.0,weather_forecast,0,0,,,,,,,,,,,1,1,1.0,4,0,0,4,8.5,warning
situation_20230511_0600_13305937.pdf,2023-05-11,"Flood, Landslide, Heavy Rain, Strong Wind, Lightning",8036,,,,,,,,,,578.0,2115.0,0.0,7.0,0.0,3.0,218.0,3.0,3.0,2.0,82.0,283.0,True,grand_total,0600,2023-05-11 06:00:00,4,75.0,45.0,3.0,1,1,1,0,1,1,0.5,weather_forecast,0,0,,,,,,,,,,,1,1,1.0,4,0,0,4,20.5,warning
situation_20230511_1800_785e707b.pdf,2023-05-11,"Flood, Landslide, Heavy Rain, Strong Wind, Lightning",8356,,,,,,,,,,598.0,2189.0,0.0,7.0,0.0,3.0,230.0,11.0,4.0,2.0,82.0,283.0,True,grand_total,1800,2023-05-11 18:00:00,5,100.0,45.0,3.0,1,1,1,0,1,1,2.0,weather_forecast,0,0,,,,,,,,,,,1,1,2.0,5,1,0,6,2.0,warning
situation_20230512_0600_b027c6d2.pdf,2023-05-12,"Flood, Landslide, Heavy Rain, Strong Wind, Lightning",8428,,,,,,,,,,598.0,2189.0,0.0,7.0,0.0,3.0,230.0,11.0,4.0,2.0,82.0,283.0,True,grand_total,0600,2023-05-12 06:00:00,6,100.0,45.0,3.0,1,1,1,0,1,1,0.5,weather_forecast,0,0,,,,,,,,,,,1,1,2.0,5,3,0,6,11.5,warning
situation_20230512_1800_4dd3f240.pdf,2023-05-12,"Flood, Landslide, Heavy Rain, Strong Wind, Lightning",8870,,,,,,,,,,620.0,2270.0,0.0,7.0,0.0,3.0,250.0,11.0,4.0,2.0,82.0,283.0,True,grand_total,1800,2023-05-12 18:00:00,5,100.0,45.0,3.0,1,1,1,0,0,1,2.0,weather_forecast,0,0,,,,,,,,,,,1,1,2.0,5,3,0,6,23.5,warning
situation_20230513_1800_3454b473.pdf,2023-05-13,"Flood, Landslide, Heavy Rain, Strong Wind, Lightning",8935,,,,,,,,,,621.0,2275.0,0.0,8.0,0.0,3.0,251.0,11.0,4.0,2.0,82.0,283.0,True,grand_total,1800,2023-05-13 18:00:00,4,75.0,45.0,3.0,1,1,1,0,0,1,2.0,weather_forecast,0,0,,,,,,,,,,,1,1,2.0,5,3,0,6,23.5,warning
situation_20230514_1800_af9f8da2.pdf,2023-05-14,"Flood, Heavy Rain, Strong Wind, Lightning",4023,,,,,,,,,,37.0,137.0,0.0,7.0,0.0,0.0,28.0,0.0,0.0,0.0,0.0,0.0,True,grand_total,1800,2023-05-14 18:00:00,6,100.0,45.0,3.0,1,1,1,0,1,1,2.0,weather_forecast,0,0,,,,,,,,,,,1,1,2.0,5,1,0,5,4.5,warning
situation_20230515_0600_1114727a.pdf,2023-05-15,"Flood, Heavy Rain, Strong Wind, Lightning",4191,,,,,,,,,,428.0,1872.0,0.0,7.0,1.0,0.0,40.0,0.0,0.0,0.0,0.0,0.0,True,grand_total,0600,2023-05-15 06:00:00,7,100.0,45.0,3.0,1,1,1,0,1,1,0.0,cyclone,0,0,,,,,,,,,,,1,1,2.0,5,1,0,5,16.5,warning
situation_20230515_1800_9ad29238.pdf,2023-05-15,"Flood, Heavy Rain, Strong Wind, Lightning",4618,,,,,,,,,,1744.0,6564.0,0.0,7.0,1.0,1.0,73.0,0.0,0.0,0.0,0.0,0.0,True,grand_total,1800,2023-05-15 18:00:00,4,,45.0,2.0,0,1,1,0,1,1,2.0,weather_forecast,0,0,,,,,,,,,,,1,1,1.0,5,0,0,5,4.0,warning
situation_20230516_0600_3547c220.pdf,2023-05-16,"Flood, Heavy Rain, Strong Wind, Lightning",4821,,,,,,,,,,2511.0,10055.0,0.0,7.0,1.0,1.0,76.0,0.0,0.0,0.0,0.0,0.0,True,grand_total,0600,2023-05-16 06:00:00,4,,40.0,2.0,0,1,1,0,1,1,0.5,weather_forecast,0,0,,,,,,,,,,,1,1,1.0,5,0,0,5,16.0,warning
situation_20230516_1800_c40edb4b.pdf,2023-05-16,"Flood, Landslide, Heavy Rain, Strong Wind, Lightning",5585,,,,,,,,,,3640.0,14986.0,0.0,7.0,1.0,4.0,221.0,2.0,0.0,0.0,0.0,0.0,True,grand_total,1800,2023-05-16 18:00:00,3,,40.0,0.0,0,1,1,0,0,0,2.0,weather_forecast,0,0,,,,,,,,,,,1,0,0.0,0,0,0,0,28.0,warning
situation_20230517_0600_e023a83b.pdf,2023-05-17,"Flood, Landslide, Heavy Rain, Strong Wind, Lightning",5632,,,,,,,,,,3640.0,14986.0,0.0,7.0,1.0,4.0,221.0,2.0,0.0,0.0,0.0,0.0,True,grand_total,0600,2023-05-17 06:00:00,3,,,0.0,0,1,0,0,0,0,0.5,weather_forecast,0,0,,,,,,,,,,,1,0,0.0,0,0,0,0,40.0,warning
situation_20230517_1800_efebb53d.pdf,2023-05-17,"Flood, Heavy Rain, Strong Wind, Lightning",3209,,,,,,,,,,2686.0,10445.0,0.0,0.0,1.0,2.0,55.0,0.0,0.0,0.0,0.0,0.0,True,grand_total,1800,2023-05-17 18:00:00,3,,,0.0,0,1,0,0,0,0,2.0,weather_forecast,0,0,,,,,,,,,,,1,0,0.0,0,0,0,0,52.0,warning
situation_20230518_0600_cd319f03.pdf,2023-05-18,"Flood, Strong Wind",2721,,,,,,,,,,2681.0,10443.0,0.0,0.0,1.0,2.0,52.0,0.0,0.0,0.0,0.0,0.0,True,grand_total,0600,2023-05-18 06:00:00,3,,,0.0,0,1,0,0,0,0,0.5,weather_forecast,0,0,,,,,,,,,,,1,0,0.0,0,0,0,0,64.0,warning
situation_20230518_1800_19f0bdec.pdf,2023-05-18,"Flood, Strong Wind",2831,,,,,,,,,,381.0,1514.0,0.0,7.0,1.0,0.0,95.0,0.0,0.0,0.0,0.0,0.0,True,grand_total,1800,2023-05-18 18:00:00,3,,,0.0,0,1,0,0,0,0,2.0,weather_forecast,0,0,,,,,,,,,,,1,0,0.0,0,0,0,0,76.0,warning
situation_20230519_0600_ebcbad2f.pdf,2023-05-19,"Flood, Strong Wind",2831,,,,,,,,,,381.0,1514.0,0.0,7.0,1.0,0.0,95.0,0.0,0.0,0.0,0.0,0.0,True,grand_total,0600,2023-05-19 06:00:00,3,,,0.0,0,1,0,0,0,0,0.5,weather_forecast,0,0,,,,,,,,,,,1,0,0.0,0,0,0,0,88.0,warning
situation_20230519_1800_ccc5895c.pdf,2023-05-19,"Heavy Rain, Strong Wind, Lightning",2826,,,,,,,,,,14.0,52.0,0.0,7.0,0.0,0.0,14.0,0.0,0.0,0.0,0.0,0.0,True,grand_total,1800,2023-05-19 18:00:00,3,,,0.0,0,1,0,0,0,0,2.0,weather_forecast,0,0,,,,,,,,,,,1,0,0.0,0,0,0,0,100.0,warning
situation_20230520_1800_073cbd6b.pdf,2023-05-20,"Heavy Rain, Lightning",2327,,,,,,,,,,4.0,10.0,0.0,0.0,0.0,0.0,4.0,0.0,0.0,0.0,0.0,0.0,True,grand_total,1800,2023-05-20 18:00:00,3,,,0.0,0,1,0,0,0,0,2.0,weather_forecast,0,0,,,,,,,,,,,1,0,0.0,0,0,0,0,124.0,warning
situation_20230521_0600_94487067.pdf,2023-05-21,"Heavy Rain, Lightning",2327,,,,,,,,,,4.0,10.0,0.0,0.0,0.0,0.0,4.0,0.0,0.0,0.0,0.0,0.0,True,grand_total,0600,2023-05-21 06:00:00,3,,40.0,0.0,0,1,1,0,0,0,0.5,weather_forecast,0,0,,,,,,,,,,,1,0,0.0,0,0,0,0,136.0,warning
situation_20230522_0600_70e4f5da.pdf,2023-05-22,"Flood, Heavy Rain",2845,,,,,,,,,,49.0,179.0,0.0,0.0,0.0,0.0,1.0,0.0,0.0,0.0,0.0,0.0,True,grand_total,0600,2023-05-22 06:00:00,5,100.0,40.0,2.0,1,1,1,0,0,0,0.5,weather_forecast,0,0,,,,,,,,,,,1,1,1.0,1,0,0,1,22.0,warning
situation_20230522_1800_1e4a48e7.pdf,2023-05-22,"Flood, Strong Wind, Lightning",2657,,,,,,,,,,17.0,52.0,0.0,0.0,0.0,1.0,9.0,1.0,0.0,0.0,0.0,0.0,True,grand_total,1800,2023-05-22 18:00:00,3,,40.0,0.0,0,1,1,0,0,0,2.0,weather_forecast,0,0,,,,,,,,,,,1,1,1.0,1,0,0,1,9.0,warning
situation_20230523_0600_354c9eab.pdf,2023-05-23,"Flood, Strong Wind, Lightning",2658,,,,,,,,,,17.0,52.0,0.0,0.0,0.0,1.0,9.0,1.0,0.0,0.0,0.0,0.0,True,grand_total,0600,2023-05-23 06:00:00,3,,,0.0,0,1,0,0,0,0,0.5,weather_forecast,0,0,,,,,,,,,,,1,1,1.0,1,0,0,1,21.0,warning
situation_20230523_1800_35ef0a39.pdf,2023-05-23,Other,2163,,,,,,,,,,0.0,0.0,0.0,0.0,0.0,0.0,0.0,0.0,0.0,0.0,0.0,0.0,True,confirmed_zero_report,1800,2023-05-23 18:00:00,2,,,0.0,0,1,0,0,0,0,2.0,weather_forecast,0,0,,,,,,,,,,,1,0,0.0,0,0,0,0,33.0,warning
situation_20230524_0600_e8cb289e.pdf,2023-05-24,Other,2080,,,,,,,,,,0.0,0.0,0.0,0.0,0.0,0.0,0.0,0.0,0.0,0.0,0.0,0.0,True,confirmed_zero_report,0600,2023-05-24 06:00:00,2,,,0.0,0,1,0,0,0,0,0.5,weather_forecast,0,0,,,,,,,,,,,1,0,0.0,0,0,0,0,45.0,warning
situation_20230524_1800_8354e460.pdf,2023-05-24,Lightning,2772,,,,,,,,,,9.0,40.0,0.0,0.0,0.0,0.0,9.0,0.0,0.0,0.0,0.0,0.0,True,grand_total,1800,2023-05-24 18:00:00,3,,,0.0,0,1,0,0,0,0,2.0,weather_forecast,0,0,,,,,,,,,,,1,0,0.0,0,0,0,0,57.0,warning
situation_20230525_1800_45d7387d.pdf,2023-05-25,Other,2202,,,,,,,,,,1.0,4.0,0.0,0.0,0.0,0.0,1.0,0.0,0.0,0.0,0.0,0.0,True,grand_total,1800,2023-05-25 18:00:00,3,,,0.0,0,1,0,0,0,0,2.0,weather_forecast,0,0,,,,,,,,,,,1,0,0.0,0,0,0,0,81.0,warning
situation_20230526_1800_459c81c4.pdf,2023-05-26,Other,2217,,,,,,,,,,1.0,4.0,1.0,0.0,0.0,0.0,0.0,0.0,0.0,0.0,0.0,0.0,True,grand_total,1800,2023-05-26 18:00:00,3,,,0.0,0,1,0,0,0,0,2.0,weather_forecast,0,0,,,,,,,,,,,1,0,0.0,0,0,0,0,105.0,warning
situation_20230528_0600_c98a75bc.pdf,2023-05-28,Other,2188,,,,,,,,,,0.0,0.0,0.0,0.0,0.0,0.0,0.0,0.0,0.0,0.0,0.0,0.0,True,grand_total,0600,2023-05-28 06:00:00,3,,,0.0,0,1,0,0,0,0,0.5,weather_forecast,0,0,,,,,,,,,,,1,0,0.0,0,0,0,0,141.0,warning
situation_20230528_1800_a1c80965.pdf,2023-05-28,Lightning,2187,,,,,,,,,,0.0,0.0,2.0,0.0,0.0,0.0,0.0,0.0,0.0,0.0,0.0,0.0,True,grand_total,1800,2023-05-28 18:00:00,3,,,0.0,0,1,0,0,0,0,2.0,weather_forecast,0,0,,,,,,,,,,,1,0,0.0,0,0,0,0,153.0,warning
situation_20230529_0600_b2d17cc0.pdf,2023-05-29,Lightning,2187,,,,,,,,,,0.0,0.0,2.0,0.0,0.0,0.0,0.0,0.0,0.0,0.0,0.0,0.0,True,grand_total,0600,2023-05-29 06:00:00,3,,,0.0,0,1,0,0,0,0,0.5,weather_forecast,0,0,,,,,,,,,,,1,0,0.0,0,0,0,0,165.0,warning
situation_20230529_1800_6bc974cc.pdf,2023-05-29,"Heavy Rain, Strong Wind",2446,,,,,,,,,,11.0,40.0,0.0,0.0,0.0,0.0,10.0,0.0,0.0,0.0,0.0,0.0,True,grand_total,1800,2023-05-29 18:00:00,3,75.0,,0.0,1,1,0,0,0,0,2.0,weather_forecast,0,0,,,,,,,,,,,1,0,0.0,0,0,0,0,177.0,warning
situation_20230530_1800_786ea9bb.pdf,2023-05-30,"Strong Wind, Lightning",2593,,,,,,,,,,14.0,48.0,0.0,0.0,0.0,0.0,14.0,0.0,0.0,0.0,0.0,0.0,True,grand_total,1800,2023-05-30 18:00:00,3,50.0,,0.0,1,1,0,0,0,0,2.0,weather_forecast,0,0,,,,,,,,,,,1,0,0.0,0,0,0,0,201.0,warning
situation_20230531_1800_a147e152.pdf,2023-05-31,Strong Wind,3107,,,,,,,,,,14.0,44.0,0.0,0.0,0.0,1.0,13.0,0.0,0.0,0.0,0.0,0.0,True,grand_total,1800,2023-05-31 18:00:00,3,75.0,,0.0,1,1,0,0,0,0,2.0,weather_forecast,0,0,,,,,,,,,,,1,0,0.0,0,0,0,0,225.0,warning
situation_20230601_0600_a8ab0fe4.pdf,2023-06-01,Other,2120,,,,,,,,,,0.0,0.0,0.0,0.0,0.0,0.0,0.0,0.0,0.0,0.0,0.0,0.0,True,confirmed_zero_report,0600,2023-06-01 06:00:00,3,50.0,,0.0,1,1,0,0,0,0,0.5,weather_forecast,0,0,,,,,,,,,,,1,0,0.0,0,0,0,0,237.0,warning
situation_20230601_1800_201f0c44.pdf,2023-06-01,Lightning,2157,,,,,,,,,,1.0,2.0,0.0,1.0,0.0,0.0,0.0,0.0,0.0,0.0,0.0,0.0,True,grand_total,1800,2023-06-01 18:00:00,3,50.0,,0.0,1,1,0,0,0,0,2.0,weather_forecast,0,0,,,,,,,,,,,1,0,0.0,0,0,0,0,249.0,warning
situation_20230602_0600_ac63e4e9.pdf,2023-06-02,Other,2057,,,,,,,,,,0.0,0.0,0.0,0.0,0.0,0.0,0.0,0.0,0.0,0.0,0.0,0.0,True,grand_total,0600,2023-06-02 06:00:00,3,75.0,45.0,0.0,1,1,1,0,0,0,0.5,weather_forecast,0,0,,,,,,,,,,,1,1,2.0,4,3,0,5,5.0,warning
situation_20230602_1800_eac26723.pdf,2023-06-02,"Flood, Heavy Rain, Strong Wind, Lightning",2482,,,,,,,,,,43.0,149.0,0.0,0.0,0.0,0.0,38.0,0.0,0.0,0.0,0.0,0.0,True,grand_total,1800,2023-06-02 18:00:00,3,100.0,45.0,0.0,1,1,1,0,0,0,2.0,weather_forecast,0,0,,,,,,,,,,,1,1,2.0,4,3,0,5,2.0,warning
situation_20230603_0600_a90d41b6.pdf,2023-06-03,"Flood, Heavy Rain, Strong Wind, Lightning",2482,,,,,,,,,,43.0,149.0,0.0,0.0,0.0,0.0,38.0,0.0,0.0,0.0,0.0,0.0,True,grand_total,0600,2023-06-03 06:00:00,3,100.0,45.0,0.0,1,1,1,0,0,0,0.5,weather_forecast,0,0,,,,,,,,,,,1,1,2.0,4,3,0,5,14.0,warning
situation_20230603_1800_48affaae.pdf,2023-06-03,"Flood, Heavy Rain, Strong Wind, Lightning",2482,,,,,,,,,,43.0,149.0,0.0,0.0,0.0,0.0,38.0,0.0,0.0,0.0,0.0,0.0,True,grand_total,1800,2023-06-03 18:00:00,3,100.0,45.0,0.0,1,1,1,0,0,0,2.0,weather_forecast,0,0,,,,,,,,,,,1,0,0.0,0,0,0,0,26.0,warning
situation_20230604_0600_8783a7dd.pdf,2023-06-04,"Flood, Heavy Rain, Strong Wind, Lightning",2482,,,,,,,,,,43.0,149.0,0.0,0.0,0.0,0.0,38.0,0.0,0.0,0.0,0.0,0.0,True,grand_total,0600,2023-06-04 06:00:00,3,100.0,45.0,0.0,1,1,1,0,0,0,0.5,weather_forecast,0,0,,,,,,,,,,,1,0,0.0,0,0,0,0,38.0,warning
situation_20230604_1800_5266ea45.pdf,2023-06-04,"Flood, Landslide, Heavy Rain, Strong Wind, Lightning",2726,,,,,,,,,,46.0,165.0,0.0,0.0,0.0,0.0,38.0,0.0,0.0,0.0,0.0,0.0,True,grand_total,1800,2023-06-04 18:00:00,3,75.0,45.0,0.0,1,1,1,0,0,0,2.0,weather_forecast,0,0,,,,,,,,,,,1,1,2.0,3,2,0,3,3.0,warning
situation_20230605_0600_cda99677.pdf,2023-06-05,"Flood, Landslide, Heavy Rain, Strong Wind, Lightning",2726,,,,,,,,,,46.0,165.0,0.0,0.0,0.0,0.0,38.0,0.0,0.0,0.0,0.0,0.0,True,grand_total,0600,2023-06-05 06:00:00,3,75.0,45.0,0.0,1,1,1,0,0,0,0.5,weather_forecast,0,0,,,,,,,,,,,1,1,2.0,3,2,0,3,15.0,warning
situation_20230605_1800_60b7cb2c.pdf,2023-06-05,"Flood, Landslide, Heavy Rain, Strong Wind, Lightning",3642,,,,,,,,,,109.0,413.0,0.0,5.0,0.0,1.0,61.0,35.0,0.0,0.0,0.0,0.0,True,grand_total,1800,2023-06-05 18:00:00,3,150.0,45.0,2.0,1,1,1,0,0,0,1.5,heavy_rain,0,0,,,,,,,,,,,1,1,1.0,3,0,0,3,3.5,warning
situation_20230606_0600_1ea87a91.pdf,2023-06-06,"Flood, Landslide, Heavy Rain, Strong Wind, Lightning",3672,,,,,,,,,,112.0,423.0,0.0,5.0,0.0,1.0,64.0,35.0,0.0,0.0,0.0,0.0,True,grand_total,0600,2023-06-06 06:00:00,3,150.0,45.0,2.0,1,1,1,0,0,0,0.5,weather_forecast,0,0,,,,,,,,,,,1,1,2.0,3,1,0,3,11.0,warning
situation_20230606_1800_c0b593b8.pdf,2023-06-06,"Flood, Landslide, Heavy Rain, Strong Wind, Lightning",4269,,,,,,,,,,199.0,778.0,0.0,5.0,0.0,1.0,90.0,35.0,0.0,0.0,0.0,0.0,True,grand_total,1800,2023-06-06 18:00:00,4,100.0,45.0,2.0,1,1,1,0,1,1,2.0,weather_forecast,0,0,,,,,,,,,,,1,1,2.0,1,1,0,1,2.0,warning
situation_20230607_0600_3f1413b6.pdf,2023-06-07,"Flood, Landslide, Heavy Rain, Strong Wind, Lightning",4229,,,,,,,,,,199.0,778.0,0.0,5.0,0.0,1.0,90.0,35.0,0.0,0.0,0.0,0.0,True,grand_total,0600,2023-06-07 06:00:00,4,100.0,45.0,2.0,1,1,1,0,1,1,0.5,weather_forecast,0,0,,,,,,,,,,,1,1,2.0,1,1,0,1,14.0,warning
situation_20230607_1800_bdd96df9.pdf,2023-06-07,"Flood, Landslide, Heavy Rain, Strong Wind, Lightning",3653,,,,,,,,,,141.0,561.0,0.0,5.0,0.0,1.0,37.0,35.0,0.0,0.0,0.0,0.0,True,grand_total,1800,2023-06-07 18:00:00,3,100.0,45.0,0.0,1,1,1,0,0,0,2.0,weather_forecast,0,0,,,,,,,,,,,1,1,1.0,1,0,0,1,2.0,warning
situation_20230608_0600_67f0429e.pdf,2023-06-08,"Flood, Landslide, Heavy Rain, Strong Wind, Lightning",3689,,,,,,,,,,141.0,561.0,0.0,5.0,0.0,1.0,37.0,35.0,0.0,0.0,0.0,0.0,True,grand_total,0600,2023-06-08 06:00:00,3,75.0,45.0,0.0,1,1,1,0,0,0,0.5,weather_forecast,0,0,,,,,,,,,,,1,1,1.0,1,0,0,1,14.0,warning
situation_20230608_1800_5ca8e75b.pdf,2023-06-08,"Flood, Landslide, Heavy Rain, Strong Wind, Lightning",3942,,,,,,,,,,200.0,762.0,0.0,5.0,0.0,1.0,87.0,35.0,0.0,0.0,0.0,0.0,True,grand_total,1800,2023-06-08 18:00:00,3,75.0,45.0,0.0,1,1,1,0,0,0,2.0,weather_forecast,0,0,,,,,,,,,,,1,1,1.0,3,0,0,3,2.0,warning
situation_20230609_0600_39bc1a74.pdf,2023-06-09,"Flood, Landslide, Heavy Rain, Strong Wind, Lightning",3978,,,,,,,,,,200.0,762.0,0.0,5.0,0.0,1.0,87.0,35.0,0.0,0.0,0.0,0.0,True,grand_total,0600,2023-06-09 06:00:00,3,100.0,45.0,0.0,1,1,1,0,0,0,0.5,weather_forecast,0,0,,,,,,,,,,,1,1,1.0,3,0,0,3,14.0,warning
situation_20230609_1800_9e62089c.pdf,2023-06-09,"Strong Wind, Lightning",2329,,,,,,,,,,10.0,36.0,0.0,1.0,0.0,0.0,10.0,0.0,0.0,0.0,0.0,0.0,True,grand_total,1800,2023-06-09 18:00:00,4,100.0,45.0,2.0,1,1,1,0,0,1,0.5,weather_forecast,0,0,,,,,,,,,,,1,0,0.0,0,0,0,0,26.0,warning
situation_20230612_0600_ec0e2760.pdf,2023-06-12,Strong Wind,2179,,,,,,,,,,8.0,27.0,0.0,0.0,0.0,0.0,8.0,1.0,0.0,0.0,0.0,0.0,True,grand_total,0600,2023-06-12 06:00:00,4,100.0,45.0,2.0,1,1,1,0,0,0,0.5,weather_forecast,0,0,,,,,,,,,,,1,0,0.0,0,0,0,0,86.0,warning
situation_20230612_1800_9c9ee67e.pdf,2023-06-12,"Strong Wind, Lightning",3054,,,,,,,,,,27.0,99.0,1.0,0.0,0.0,0.0,27.0,1.0,0.0,0.0,0.0,0.0,True,grand_total,1800,2023-06-12 18:00:00,3,75.0,45.0,0.0,1,1,1,0,0,0,2.0,weather_forecast,0,0,,,,,,,,,,,1,0,0.0,0,0,0,0,98.0,warning
situation_20230613_1800_977e2585.pdf,2023-06-13,"Flood, Heavy Rain, Strong Wind, Lightning",3972,,,,,,,,,,151.0,579.0,0.0,2.0,0.0,0.0,118.0,1.0,0.0,0.0,0.0,0.0,True,grand_total,1800,2023-06-13 18:00:00,3,75.0,45.0,0.0,1,1,1,0,0,0,2.0,weather_forecast,0,0,,,,,,,,,,,1,1,3.0,2,2,1,3,1.75,early_warning
situation_20230614_1800_fec2c479.pdf,2023-06-14,"Heavy Rain, Strong Wind, Lightning",2890,,,,,,,,,,20.0,78.0,0.0,0.0,0.0,0.0,19.0,1.0,0.0,0.0,0.0,0.0,True,grand_total,1800,2023-06-14 18:00:00,3,75.0,45.0,0.0,1,1,1,0,0,0,2.0,weather_forecast,0,0,,,,,,,,,,,1,1,2.0,1,2,0,2,2.0,landslide_related
situation_20230615_1800_e4f3a9a8.pdf,2023-06-15,Heavy Rain,2376,,,,,,,,,,5.0,21.0,0.0,0.0,0.0,0.0,5.0,0.0,0.0,0.0,0.0,0.0,True,grand_total,1800,2023-06-15 18:00:00,3,,45.0,0.0,0,1,1,0,0,0,2.0,weather_forecast,0,0,,,,,,,,,,,1,0,0.0,0,0,0,0,26.0,landslide_related
situation_20230616_1800_dc5d2bf5.pdf,2023-06-16,"Heavy Rain, Strong Wind",2904,,,,,,,,,,3556.0,12953.0,0.0,0.0,0.0,0.0,19.0,0.0,0.0,0.0,0.0,0.0,True,grand_total,1800,2023-06-16 18:00:00,3,,45.0,0.0,0,1,1,0,0,0,2.0,weather_forecast,0,0,,,,,,,,,,,1,0,0.0,0,0,0,0,50.0,landslide_related
situation_20230619_0600_ee014c1e.pdf,2023-06-19,Other,2562,,,,,,,,,,3537.0,12879.0,0.0,0.0,0.0,0.0,0.0,0.0,0.0,0.0,0.0,0.0,True,grand_total,0600,2023-06-19 06:00:00,3,,45.0,0.0,0,1,1,0,0,0,0.5,weather_forecast,0,0,,,,,,,,,,,1,0,0.0,0,0,0,0,110.0,landslide_related
situation_20230619_1800_2a4bc001.pdf,2023-06-19,Strong Wind,2664,,,,,,,,,,3541.0,12888.0,0.0,0.0,0.0,0.0,3.0,1.0,0.0,0.0,0.0,0.0,True,grand_total,1800,2023-06-19 18:00:00,3,,45.0,0.0,0,1,1,0,0,0,2.0,weather_forecast,0,0,,,,,,,,,,,1,0,0.0,0,0,0,0,122.0,landslide_related
situation_20230620_0600_bf501c42.pdf,2023-06-20,Strong Wind,2664,,,,,,,,,,3541.0,12888.0,0.0,0.0,0.0,0.0,3.0,1.0,0.0,0.0,0.0,0.0,True,grand_total,0600,2023-06-20 06:00:00,3,,45.0,0.0,0,1,1,0,0,0,0.5,weather_forecast,0,0,,,,,,,,,,,1,0,0.0,0,0,0,0,134.0,landslide_related
situation_20230621_0600_426a7218.pdf,2023-06-21,Strong Wind,2637,,,,,,,,,,3539.0,12885.0,0.0,0.0,0.0,0.0,2.0,0.0,0.0,0.0,0.0,0.0,True,grand_total,0600,2023-06-21 06:00:00,3,,45.0,0.0,0,1,1,0,0,0,0.5,weather_forecast,0,0,,,,,,,,,,,1,0,0.0,0,0,0,0,158.0,landslide_related
situation_20230621_1800_8a1d6b2d.pdf,2023-06-21,Strong Wind,2816,,,,,,,,,,3538.0,12883.0,0.0,0.0,0.0,0.0,1.0,0.0,0.0,0.0,0.0,0.0,True,grand_total,1800,2023-06-21 18:00:00,3,,45.0,0.0,0,1,1,0,0,0,2.0,weather_forecast,0,0,,,,,,,,,,,1,0,0.0,0,0,0,0,170.0,landslide_related
situation_20230623_1800_75bd691c.pdf,2023-06-23,Other,2589,,,,,,,,,,3742.0,13444.0,0.0,0.0,0.0,0.0,0.0,0.0,0.0,0.0,0.0,0.0,True,grand_total,1800,2023-06-23 18:00:00,3,,45.0,0.0,0,1,1,0,0,0,2.0,weather_forecast,0,0,,,,,,,,,,,1,0,0.0,0,0,0,0,218.0,landslide_related
situation_20230624_1800_e6ec0509.pdf,2023-06-24,Other,2592,,,,,,,,,,3742.0,13444.0,0.0,0.0,0.0,0.0,0.0,0.0,0.0,0.0,0.0,0.0,True,grand_total,1800,2023-06-24 18:00:00,3,,45.0,0.0,0,1,1,0,0,0,2.0,weather_forecast,0,0,,,,,,,,,,,1,0,0.0,0,0,0,0,242.0,landslide_related
situation_20230626_1800_3e753b33.pdf,2023-06-26,Strong Wind,2673,,,,,,,,,,3746.0,13453.0,0.0,0.0,0.0,0.0,4.0,0.0,0.0,0.0,0.0,0.0,True,grand_total,1800,2023-06-26 18:00:00,4,75.0,45.0,0.0,1,1,1,0,0,0,2.0,weather_forecast,0,0,,,,,,,,,,,1,0,0.0,0,0,0,0,290.0,landslide_related
situation_20230627_1800_9ca379b9.pdf,2023-06-27,"Strong Wind, Lightning",2771,,,,,,,,,,3749.0,13464.0,0.0,0.0,0.0,0.0,7.0,0.0,0.0,0.0,0.0,0.0,True,grand_total,1800,2023-06-27 18:00:00,3,,45.0,0.0,0,1,1,0,0,0,2.0,weather_forecast,0,0,,,,,,,,,,,1,0,0.0,0,0,0,0,314.0,landslide_related
situation_20230628_0600_806dae89.pdf,2023-06-28,"Strong Wind, Lightning",2771,,,,,,,,,,3749.0,13464.0,0.0,0.0,0.0,0.0,7.0,0.0,0.0,0.0,0.0,0.0,True,grand_total,0600,2023-06-28 06:00:00,3,,45.0,0.0,0,1,1,0,0,0,0.5,weather_forecast,0,0,,,,,,,,,,,1,0,0.0,0,0,0,0,326.0,landslide_related
situation_20230628_1800_88f273ab.pdf,2023-06-28,"Heavy Rain, Strong Wind",2691,,,,,,,,,,3745.0,13458.0,0.0,0.0,0.0,0.0,3.0,0.0,0.0,0.0,0.0,0.0,True,grand_total,1800,2023-06-28 18:00:00,3,,45.0,0.0,0,1,1,0,0,0,2.0,weather_forecast,0,0,,,,,,,,,,,1,0,0.0,0,0,0,0,338.0,landslide_related
situation_20230629_0600_2b6b3d87.pdf,2023-06-29,Other,2600,,,,,,,,,,3742.0,13444.0,0.0,0.0,0.0,0.0,0.0,0.0,0.0,0.0,0.0,0.0,True,grand_total,0600,2023-06-29 06:00:00,3,,45.0,0.0,0,1,1,0,0,0,0.5,weather_forecast,0,0,,,,,,,,,,,1,0,0.0,0,0,0,0,350.0,landslide_related
situation_20230630_unknown_5b081288.pdf,2023-06-30,Other,2600,,,,,,,,,,3742.0,13444.0,0.0,0.0,0.0,0.0,0.0,0.0,0.0,0.0,0.0,0.0,True,grand_total,0000,2023-06-30 00:00:00,4,100.0,45.0,2.0,1,1,1,0,0,0,4.5,heavy_rain,0,0,,,,,,,,,,,1,0,0.0,0,0,0,0,368.0,landslide_related
situation_20230630_1800_64907388.pdf,2023-06-30,Other,2840,,,,,,,,,,3752.0,13475.0,0.0,0.0,0.0,0.0,10.0,0.0,0.0,0.0,0.0,0.0,True,grand_total,1800,2023-06-30 18:00:00,4,100.0,45.0,2.0,1,1,1,0,0,0,2.0,weather_forecast,0,0,,,,,,,,,,,1,0,0.0,0,0,0,0,386.0,landslide_related
situation_20230701_0600_356e204a.pdf,2023-07-01,Other,2599,,,,,,,,,,3742.0,13444.0,0.0,0.0,0.0,0.0,0.0,0.0,0.0,0.0,0.0,0.0,True,grand_total,0600,2023-07-01 06:00:00,3,,45.0,0.0,0,1,1,0,0,0,0.5,weather_forecast,0,0,,,,,,,,,,,1,0,0.0,0,0,0,0,398.0,landslide_related
situation_20230701_1800_c921a432.pdf,2023-07-01,Other,2837,,,,,,,,,,3743.0,13449.0,0.0,0.0,0.0,0.0,1.0,0.0,0.0,0.0,0.0,0.0,True,grand_total,1800,2023-07-01 18:00:00,3,50.0,45.0,0.0,1,1,1,0,0,0,2.0,weather_forecast,0,0,,,,,,,,,,,1,0,0.0,0,0,0,0,410.0,landslide_related
situation_20230702_0600_efda53d9.pdf,2023-07-02,Other,2603,,,,,,,,,,3742.0,13444.0,0.0,0.0,0.0,0.0,0.0,0.0,0.0,0.0,0.0,0.0,True,grand_total,0600,2023-07-02 06:00:00,3,75.0,45.0,0.0,1,1,1,0,0,0,0.5,weather_forecast,0,0,,,,,,,,,,,1,0,0.0,0,0,0,0,422.0,landslide_related
situation_20230702_1800_848c14d6.pdf,2023-07-02,Other,2599,,,,,,,,,,3742.0,13444.0,0.0,0.0,0.0,0.0,0.0,0.0,0.0,0.0,0.0,0.0,True,grand_total,1800,2023-07-02 18:00:00,3,100.0,45.0,0.0,1,1,1,0,0,0,2.0,weather_forecast,0,0,,,,,,,,,,,1,0,0.0,0,0,0,0,434.0,landslide_related
situation_20230703_1800_59b09091.pdf,2023-07-03,Other,2831,,,,,,,,,,3743.0,13448.0,0.0,0.0,0.0,0.0,1.0,0.0,0.0,0.0,0.0,0.0,True,grand_total,1800,2023-07-03 18:00:00,4,150.0,45.0,2.0,1,1,1,0,0,0,2.0,weather_forecast,0,0,,,,,,,,,,,1,1,2.0,2,1,0,3,10.5,warning
situation_20230704_1800_4f7b4f58.pdf,2023-07-04,"Heavy Rain, Strong Wind",3480,,,,,,,,,,44.0,188.0,0.0,0.0,0.0,0.0,41.0,0.0,0.0,0.0,0.0,0.0,True,grand_total,1800,2023-07-04 18:00:00,5,100.0,60.0,2.0,1,1,1,0,0,0,2.0,weather_forecast,0,0,,,,,,,,,,,1,0,0.0,0,0,0,0,34.5,warning
situation_20230705_0600_8d3580c8.pdf,2023-07-05,"Heavy Rain, Strong Wind",3480,,,,,,,,,,44.0,188.0,0.0,0.0,0.0,0.0,41.0,0.0,0.0,0.0,0.0,0.0,True,grand_total,0600,2023-07-05 06:00:00,5,75.0,60.0,2.0,1,1,1,0,0,0,0.5,weather_forecast,0,0,,,,,,,,,,,1,1,1.0,1,0,0,1,7.0,warning
situation_20230705_1800_fae5b387.pdf,2023-07-05,Strong Wind,6698,,,,,,,,,,589.0,2224.0,0.0,5.0,0.0,2.0,599.0,10.0,4.0,2.0,28.0,121.0,True,grand_total,1800,2023-07-05 18:00:00,3,75.0,60.0,2.0,1,1,1,0,0,0,2.0,weather_forecast,0,0,,,,,,,,,,,1,1,2.0,1,1,0,1,6.5,warning
situation_20230706_0600_6c17cc58.pdf,2023-07-06,Strong Wind,6839,,,,,,,,,,594.0,2242.0,0.0,5.0,0.0,2.0,604.0,10.0,4.0,2.0,28.0,121.0,True,grand_total,0600,2023-07-06 06:00:00,3,,60.0,2.0,0,1,1,0,0,0,0.5,weather_forecast,0,0,,,,,,,,,,,1,1,2.0,2,1,0,2,7.0,warning
situation_20230706_1800_f2eeff3b.pdf,2023-07-06,Strong Wind,8698,,,,,,,,,,1210.0,4630.0,0.0,9.0,0.0,4.0,1141.0,22.0,4.0,3.0,32.0,141.0,True,grand_total,1800,2023-07-06 18:00:00,3,,45.0,0.0,0,1,1,0,0,0,2.0,weather_forecast,0,0,,,,,,,,,,,1,1,2.0,1,1,0,1,2.0,warning
situation_20230707_1200_3d244300.pdf,2023-07-07,Strong Wind,8791,,,,,,,,,,1214.0,4631.0,0.0,9.0,0.0,3.0,1145.0,22.0,2.0,3.0,32.0,141.0,True,grand_total,1200,2023-07-07 12:00:00,4,,45.0,0.0,0,1,1,0,0,0,0.0,weather_forecast,0,0,,,,,,,,,,,1,1,2.0,1,1,0,1,20.0,warning
situation_20230707_1800_6065aef3.pdf,2023-07-07,Strong Wind,9447,,,,,,,,,,1583.0,6087.0,0.0,9.0,0.0,3.0,1462.0,27.0,4.0,3.0,32.0,141.0,True,grand_total,1800,2023-07-07 18:00:00,3,,45.0,0.0,0,1,1,0,0,0,2.0,weather_forecast,0,0,,,,,,,,,,,1,1,1.0,1,0,0,1,2.0,warning
situation_20230708_0600_ea024546.pdf,2023-07-08,Strong Wind,9447,,,,,,,,,,1583.0,6087.0,0.0,9.0,0.0,3.0,1462.0,27.0,4.0,3.0,32.0,141.0,True,grand_total,0600,2023-07-08 06:00:00,3,,45.0,0.0,0,1,1,0,0,0,0.5,weather_forecast,0,0,,,,,,,,,,,1,1,1.0,1,0,0,1,14.0,warning
situation_20230709_1800_6efaa16e.pdf,2023-07-09,Strong Wind,2424,,,,,,,,,,54.0,238.0,0.0,0.0,0.0,0.0,39.0,0.0,0.0,3.0,32.0,141.0,True,grand_total,1800,2023-07-09 18:00:00,3,,40.0,0.0,0,1,1,0,0,0,2.0,weather_forecast,0,0,,,,,,,,,,,1,0,0.0,0,0,0,0,50.0,warning
situation_20230710_1800_1d566816.pdf,2023-07-10,Strong Wind,3092,,,,,,,,,,133.0,494.0,0.0,0.0,0.0,2.0,131.0,0.0,0.0,1.0,18.0,75.0,True,grand_total,1800,2023-07-10 18:00:00,2,,,0.0,0,1,0,0,0,0,2.0,weather_forecast,0,0,,,,,,,,,,,1,0,0.0,0,0,0,0,74.0,warning
situation_20230711_0600_b83483eb.pdf,2023-07-11,Strong Wind,3092,,,,,,,,,,133.0,494.0,0.0,0.0,0.0,2.0,131.0,0.0,0.0,1.0,18.0,75.0,True,grand_total,0600,2023-07-11 06:00:00,3,,,0.0,0,1,0,0,0,0,0.5,weather_forecast,0,0,,,,,,,,,,,1,0,0.0,0,0,0,0,86.0,warning
situation_20230711_1800_8a609f50.pdf,2023-07-11,Strong Wind,3298,,,,,,,,,,135.0,501.0,0.0,0.0,0.0,2.0,133.0,0.0,0.0,1.0,18.0,75.0,True,grand_total,1800,2023-07-11 18:00:00,3,,,0.0,0,1,0,0,0,0,2.0,weather_forecast,0,0,,,,,,,,,,,1,0,0.0,0,0,0,0,98.0,warning
situation_20230712_0600_101f5e22.pdf,2023-07-12,Strong Wind,2766,,,,,,,,,,20.0,82.0,0.0,0.0,0.0,0.0,20.0,0.0,0.0,1.0,18.0,75.0,True,grand_total,0600,2023-07-12 06:00:00,3,,,0.0,0,1,0,0,0,0,0.5,weather_forecast,0,0,,,,,,,,,,,1,0,0.0,0,0,0,0,110.0,warning
situation_20230712_1800_b61cd6ac.pdf,2023-07-12,"Strong Wind, Lightning",2827,,,,,,,,,,23.0,91.0,0.0,0.0,0.0,0.0,23.0,0.0,0.0,1.0,18.0,75.0,True,grand_total,1800,2023-07-12 18:00:00,3,,,0.0,0,1,0,0,0,0,2.0,weather_forecast,0,0,,,,,,,,,,,1,0,0.0,0,0,0,0,122.0,warning
situation_20230713_0600_7837bd83.pdf,2023-07-13,"Strong Wind, Lightning",2827,,,,,,,,,,23.0,91.0,0.0,0.0,0.0,0.0,23.0,0.0,0.0,1.0,18.0,75.0,True,grand_total,0600,2023-07-13 06:00:00,3,,45.0,0.0,0,1,1,0,0,0,0.5,weather_forecast,0,0,,,,,,,,,,,1,0,0.0,0,0,0,0,134.0,warning
situation_20230713_1800_faea58a8.pdf,2023-07-13,"Strong Wind, Lightning",2936,,,,,,,,,,22.0,87.0,0.0,0.0,0.0,0.0,22.0,0.0,0.0,1.0,18.0,75.0,True,grand_total,1800,2023-07-13 18:00:00,3,,45.0,0.0,0,1,1,0,0,0,2.0,weather_forecast,0,0,,,,,,,,,,,1,0,0.0,0,0,0,0,146.0,warning
situation_20230714_1800_326131f8.pdf,2023-07-14,Strong Wind,3120,,,,,,,,,,5767.0,19933.0,0.0,0.0,0.0,0.0,20.0,0.0,0.0,1.0,18.0,75.0,True,grand_total,1800,2023-07-14 18:00:00,3,,45.0,0.0,0,1,1,0,0,0,2.0,weather_forecast,0,0,,,,,,,,,,,1,0,0.0,0,0,0,0,170.0,warning
situation_20230715_1800_f6f38498.pdf,2023-07-15,Other,2297,,,,,,,,,,18.0,75.0,0.0,0.0,0.0,0.0,18.0,0.0,0.0,1.0,18.0,75.0,True,grand_total,1800,2023-07-15 18:00:00,3,,,0.0,0,1,0,0,0,0,2.0,weather_forecast,0,0,,,,,,,,,,,1,0,0.0,0,0,0,0,194.0,warning
situation_20230716_0600_9f678c03.pdf,2023-07-16,Other,2297,,,,,,,,,,18.0,75.0,0.0,0.0,0.0,0.0,18.0,0.0,0.0,1.0,18.0,75.0,True,grand_total,0600,2023-07-16 06:00:00,3,,,0.0,0,1,0,0,0,0,0.5,weather_forecast,0,0,,,,,,,,,,,1,0,0.0,0,0,0,0,206.0,warning
situation_20230716_1800_914abf64.pdf,2023-07-16,Other,2293,,,,,,,,,,18.0,75.0,0.0,0.0,0.0,0.0,18.0,0.0,0.0,1.0,18.0,75.0,True,grand_total,1800,2023-07-16 18:00:00,3,,,0.0,0,1,0,0,0,0,2.0,weather_forecast,0,0,,,,,,,,,,,1,0,0.0,0,0,0,0,218.0,warning
situation_20230717_1200_8e5d4703.pdf,2023-07-17,"Heavy Rain, Strong Wind, Lightning",3797,,,,,,,,,,,,,,,,,,,,,,False,non_situation_report,1200,2023-07-17 12:00:00,3,,,0.0,0,1,0,0,0,0,6.5,weather_forecast,0,0,,,,,,,,,,,1,0,0.0,0,0,0,0,236.0,warning
situation_20230717_1800_0ddab1c8.pdf,2023-07-17,Strong Wind,2536,,,,,,,,,,21.0,85.0,0.0,0.0,0.0,0.0,21.0,0.0,0.0,1.0,18.0,75.0,True,grand_total,1800,2023-07-17 18:00:00,2,,,0.0,0,1,0,0,0,0,2.0,weather_forecast,0,0,,,,,,,,,,,1,0,0.0,0,0,0,0,242.0,warning
situation_20230718_0600_2919d45d.pdf,2023-07-18,Strong Wind,3024,,,,,,,,,,23.0,92.0,0.0,0.0,0.0,0.0,23.0,0.0,0.0,1.0,18.0,75.0,True,grand_total,0600,2023-07-18 06:00:00,2,,45.0,0.0,0,1,1,0,0,0,0.5,weather_forecast,0,0,,,,,,,,,,,1,0,0.0,0,0,0,0,254.0,warning
situation_20230720_0600_f580a48c.pdf,2023-07-20,Other,2599,,,,,,,,,,18.0,75.0,0.0,0.0,0.0,0.0,18.0,0.0,0.0,1.0,18.0,75.0,True,grand_total,0600,2023-07-20 06:00:00,3,50.0,50.0,0.0,1,1,1,0,0,0,0.5,weather_forecast,0,0,,,,,,,,,,,1,0,0.0,0,0,0,0,302.0,warning
situation_20230720_1800_5ed58217.pdf,2023-07-20,Strong Wind,2618,,,,,,,,,,5.0,17.0,0.0,0.0,0.0,0.0,5.0,0.0,0.0,0.0,0.0,0.0,True,grand_total,1800,2023-07-20 18:00:00,3,,50.0,0.0,0,1,1,0,0,0,2.0,weather_forecast,0,0,,,,,,,,,,,1,0,0.0,0,0,0,0,314.0,warning
situation_20230722_0600_81be6202.pdf,2023-07-22,Other,2089,,,,,,,,,,0.0,0.0,0.0,0.0,0.0,0.0,0.0,0.0,0.0,0.0,0.0,0.0,True,confirmed_zero_report,0600,2023-07-22 06:00:00,4,,60.0,2.0,0,1,1,0,0,0,0.5,weather_forecast,0,0,,,,,,,,,,,1,0,0.0,0,0,0,0,350.0,warning
situation_20230723_1800_59b5f6fc.pdf,2023-07-23,Other,2089,,,,,,,,,,0.0,0.0,0.0,0.0,0.0,0.0,0.0,0.0,0.0,0.0,0.0,0.0,True,confirmed_zero_report,1800,2023-07-23 18:00:00,4,,40.0,0.0,0,1,1,0,0,0,2.0,weather_forecast,0,0,,,,,,,,,,,1,0,0.0,0,0,0,0,386.0,warning
situation_20230724_0600_beb9d431.pdf,2023-07-24,Other,2089,,,,,,,,,,0.0,0.0,0.0,0.0,0.0,0.0,0.0,0.0,0.0,0.0,0.0,0.0,True,confirmed_zero_report,0600,2023-07-24 06:00:00,4,,40.0,0.0,0,1,1,0,0,0,0.5,weather_forecast,0,0,,,,,,,,,,,1,0,0.0,0,0,0,0,398.0,warning
situation_20230724_1800_f16ee9a0.pdf,2023-07-24,Strong Wind,2925,,,,,,,,,,39.0,150.0,0.0,0.0,0.0,0.0,38.0,1.0,0.0,0.0,0.0,0.0,True,grand_total,1800,2023-07-24 18:00:00,3,,40.0,0.0,0,1,1,0,0,0,2.0,weather_forecast,0,0,,,,,,,,,,,1,0,0.0,0,0,0,0,410.0,warning
situation_20230725_1800_d568c410.pdf,2023-07-25,Strong Wind,2301,,,,,,,,,,8.0,29.0,0.0,0.0,0.0,0.0,8.0,0.0,0.0,0.0,0.0,0.0,True,grand_total,1800,2023-07-25 18:00:00,3,,40.0,0.0,0,1,1,0,0,0,2.0,weather_forecast,0,0,,,,,,,,,,,1,0,0.0,0,0,0,0,434.0,warning
situation_20230726_0600_36426eb1.pdf,2023-07-26,Other,2166,,,,,,,,,,0.0,0.0,0.0,0.0,0.0,0.0,0.0,0.0,0.0,0.0,0.0,0.0,True,grand_total,0600,2023-07-26 06:00:00,3,,40.0,0.0,0,1,1,0,0,0,0.5,weather_forecast,0,0,,,,,,,,,,,1,0,0.0,0,0,0,0,446.0,warning
situation_20230726_1800_207e7bdf.pdf,2023-07-26,Strong Wind,2978,,,,,,,,,,292.0,950.0,0.0,0.0,0.0,0.0,285.0,2.0,0.0,1.0,16.0,65.0,True,grand_total,1800,2023-07-26 18:00:00,3,,40.0,0.0,0,1,1,0,0,0,2.0,weather_forecast,0,0,,,,,,,,,,,1,0,0.0,0,0,0,0,458.0,warning
situation_20230727_0600_18fef53a.pdf,2023-07-27,Strong Wind,2978,,,,,,,,,,292.0,950.0,0.0,0.0,0.0,0.0,285.0,2.0,0.0,1.0,16.0,65.0,True,grand_total,0600,2023-07-27 06:00:00,3,,40.0,0.0,0,1,1,0,0,0,0.5,weather_forecast,0,0,,,,,,,,,,,1,0,0.0,0,0,0,0,470.0,warning
situation_20230727_1800_7bb44c2a.pdf,2023-07-27,Strong Wind,2850,,,,,,,,,,1717.0,5811.0,0.0,0.0,0.0,0.0,19.0,0.0,0.0,1.0,16.0,65.0,True,grand_total,1800,2023-07-27 18:00:00,3,,40.0,0.0,0,1,1,0,0,0,2.0,weather_forecast,0,0,,,,,,,,,,,1,0,0.0,0,0,0,0,482.0,warning
situation_20230728_0600_bf85a00b.pdf,2023-07-28,Strong Wind,2836,,,,,,,,,,1717.0,5811.0,0.0,0.0,0.0,0.0,19.0,0.0,0.0,1.0,16.0,65.0,True,grand_total,0600,2023-07-28 06:00:00,3,,40.0,0.0,0,1,1,0,0,0,0.5,weather_forecast,0,0,,,,,,,,,,,1,0,0.0,0,0,0,0,494.0,warning
situation_20230728_1800_0fa794ba.pdf,2023-07-28,Other,3207,,,,,,,,,,4461.0,14784.0,0.0,0.0,0.0,0.0,17.0,0.0,0.0,1.0,16.0,65.0,True,grand_total,1800,2023-07-28 18:00:00,3,,40.0,0.0,0,1,1,0,0,0,2.0,weather_forecast,0,0,,,,,,,,,,,1,0,0.0,0,0,0,0,506.0,warning
situation_20230731_1800_ac101d69.pdf,2023-07-31,Strong Wind,2290,,,,,,,,,,2.0,6.0,0.0,0.0,0.0,0.0,2.0,0.0,0.0,0.0,0.0,0.0,True,grand_total,1800,2023-07-31 18:00:00,3,,40.0,0.0,0,1,1,0,0,0,2.0,weather_forecast,0,0,,,,,,,,,,,1,0,0.0,0,0,0,0,578.0,warning
situation_20230802_1800_f8578dbe.pdf,2023-08-02,Other,3028,,,,,,,,,,4443.0,14712.0,0.0,0.0,0.0,0.0,0.0,0.0,0.0,0.0,0.0,0.0,True,grand_total,1800,2023-08-02 18:00:00,3,,45.0,0.0,0,0,1,0,0,0,2.0,weather_forecast,0,0,,,,,,,,,,,1,0,0.0,0,0,0,0,626.0,warning
situation_20230803_1800_50acd99c.pdf,2023-08-03,Strong Wind,3464,,,,,,,,,,26158.0,83827.0,0.0,0.0,0.0,0.0,1.0,0.0,0.0,0.0,0.0,0.0,True,grand_total,1800,2023-08-03 18:00:00,3,,50.0,0.0,0,0,1,0,0,0,2.0,weather_forecast,0,0,,,,,,,,,,,1,0,0.0,0,0,0,0,650.0,warning
situation_20230804_1800_5cac01eb.pdf,2023-08-04,Strong Wind,4089,,,,,,,,,,27885.0,89485.0,0.0,0.0,0.0,0.0,2.0,0.0,0.0,0.0,0.0,0.0,True,grand_total,1800,2023-08-04 18:00:00,3,,40.0,0.0,0,1,1,0,0,0,2.0,weather_forecast,0,0,,,,,,,,,,,1,0,0.0,0,0,0,0,674.0,warning
situation_20230805_1800_6d3a6e10.pdf,2023-08-05,Other,4047,,,,,,,,,,27883.0,89480.0,0.0,0.0,0.0,0.0,0.0,0.0,0.0,0.0,0.0,0.0,True,grand_total,1800,2023-08-05 18:00:00,3,,,0.0,0,1,0,0,0,0,2.0,weather_forecast,0,0,,,,,,,,,,,1,0,0.0,0,0,0,0,698.0,warning
situation_20230806_1800_80037d54.pdf,2023-08-06,Other,4042,,,,,,,,,,27883.0,89480.0,0.0,0.0,0.0,0.0,0.0,0.0,0.0,0.0,0.0,0.0,True,grand_total,1800,2023-08-06 18:00:00,4,,,0.0,0,1,0,0,0,0,2.0,weather_forecast,0,0,,,,,,,,,,,1,0,0.0,0,0,0,0,722.0,warning
situation_20230807_0600_a788e13f.pdf,2023-08-07,Other,4042,,,,,,,,,,27883.0,89480.0,0.0,0.0,0.0,0.0,0.0,0.0,0.0,0.0,0.0,0.0,True,grand_total,0600,2023-08-07 06:00:00,4,,,0.0,0,1,0,0,0,0,0.5,weather_forecast,0,0,,,,,,,,,,,1,0,0.0,0,0,0,0,734.0,warning
situation_20230807_1800_e1e7098f.pdf,2023-08-07,Strong Wind,4224,,,,,,,,,,28837.0,92731.0,0.0,0.0,0.0,0.0,2.0,0.0,0.0,0.0,0.0,0.0,True,grand_total,1800,2023-08-07 18:00:00,3,,,0.0,0,1,0,0,0,0,2.0,weather_forecast,0,0,,,,,,,,,,,1,0,0.0,0,0,0,0,746.0,warning
situation_20230808_1800_f0532606.pdf,2023-08-08,Strong Wind,4663,,,,,,,,,,28948.0,93175.0,0.0,0.0,0.0,0.0,3.0,0.0,0.0,0.0,0.0,0.0,True,grand_total,1800,2023-08-08 18:00:00,3,,,0.0,0,1,0,0,0,0,2.0,weather_forecast,0,0,,,,,,,,,,,1,0,0.0,0,0,0,0,770.0,warning
situation_20230809_0600_1134ecb9.pdf,2023-08-09,Other,4512,,,,,,,,,,28945.0,93164.0,0.0,0.0,0.0,0.0,0.0,0.0,0.0,0.0,0.0,0.0,True,grand_total,0600,2023-08-09 06:00:00,3,,,0.0,0,1,0,0,0,0,0.5,weather_forecast,0,0,,,,,,,,,,,1,0,0.0,0,0,0,0,782.0,warning
situation_20230809_1800_84669402.pdf,2023-08-09,Strong Wind,4745,,,,,,,,,,30155.0,97579.0,0.0,0.0,0.0,0.0,27.0,1.0,0.0,0.0,0.0,0.0,True,grand_total,1800,2023-08-09 18:00:00,3,,,0.0,0,1,0,0,0,0,2.0,weather_forecast,0,0,,,,,,,,,,,1,0,0.0,0,0,0,0,794.0,warning
situation_20230810_1800_070f164c.pdf,2023-08-10,Strong Wind,5152,,,,,,,,,,30892.0,99599.0,0.0,0.0,0.0,0.0,31.0,0.0,0.0,0.0,0.0,0.0,True,grand_total,1800,2023-08-10 18:00:00,3,,,0.0,0,1,0,0,0,0,2.0,weather_forecast,0,0,,,,,,,,,,,1,0,0.0,0,0,0,0,818.0,warning
situation_20230811_1800_443805f8.pdf,2023-08-11,Strong Wind,6119,,,,,,,,,,49867.0,163111.0,0.0,0.0,0.0,2.0,99.0,1.0,0.0,0.0,0.0,0.0,True,grand_total,1800,2023-08-11 18:00:00,3,50.0,,0.0,1,1,0,0,0,0,2.0,weather_forecast,0,0,,,,,,,,,,,1,0,0.0,0,0,0,0,842.0,warning
situation_20230812_1800_3516ab05.pdf,2023-08-12,"Strong Wind, Lightning",6480,,,,,,,,,,50602.0,168147.0,3.0,0.0,1.0,0.0,4.0,0.0,0.0,0.0,0.0,0.0,True,grand_total,1800,2023-08-12 18:00:00,3,,,0.0,0,1,0,0,0,0,2.0,weather_forecast,0,0,,,,,,,,,,,1,0,0.0,0,0,0,0,866.0,warning
situation_20230813_0600_cd292c64.pdf,2023-08-13,Other,6185,,,,,,,,,,51641.0,171781.0,0.0,0.0,0.0,0.0,0.0,0.0,0.0,0.0,0.0,0.0,True,grand_total,0600,2023-08-13 06:00:00,3,,,0.0,0,1,0,0,0,0,0.5,weather_forecast,0,0,,,,,,,,,,,1,0,0.0,0,0,0,0,878.0,warning
situation_20230813_1800_85fbc616.pdf,2023-08-13,Other,6182,,,,,,,,,,51641.0,171781.0,0.0,0.0,0.0,0.0,0.0,0.0,0.0,0.0,0.0,0.0,True,grand_total,1800,2023-08-13 18:00:00,3,,,0.0,0,1,0,0,0,0,2.0,weather_forecast,0,0,,,,,,,,,,,1,0,0.0,0,0,0,0,890.0,warning
situation_20230814_0600_0cd325fc.pdf,2023-08-14,Other,6182,,,,,,,,,,51641.0,171781.0,0.0,0.0,0.0,0.0,0.0,0.0,0.0,0.0,0.0,0.0,True,grand_total,0600,2023-08-14 06:00:00,3,,,0.0,0,1,0,0,0,0,0.5,weather_forecast,0,0,,,,,,,,,,,1,0,0.0,0,0,0,0,902.0,warning
situation_20230814_1800_c3a0f3fe.pdf,2023-08-14,Other,6211,,,,,,,,,,52402.0,174009.0,0.0,0.0,0.0,0.0,0.0,0.0,0.0,0.0,0.0,0.0,True,grand_total,1800,2023-08-14 18:00:00,3,,,0.0,0,1,0,0,0,0,2.0,weather_forecast,0,0,,,,,,,,,,,1,0,0.0,0,0,0,0,914.0,warning
situation_20230815_1800_0ac8f571.pdf,2023-08-15,Strong Wind,7127,,,,,,,,,,54984.0,183050.0,0.0,0.0,0.0,0.0,5.0,0.0,0.0,0.0,0.0,0.0,True,grand_total,1800,2023-08-15 18:00:00,3,,45.0,0.0,0,0,1,0,0,0,2.0,weather_forecast,0,0,,,,,,,,,,,1,0,0.0,0,0,0,0,938.0,warning
situation_20230816_0600_3f75cbf7.pdf,2023-08-16,Strong Wind,7127,,,,,,,,,,54984.0,183050.0,0.0,0.0,0.0,0.0,5.0,0.0,0.0,0.0,0.0,0.0,True,grand_total,0600,2023-08-16 06:00:00,3,,45.0,0.0,0,0,1,0,0,0,0.5,weather_forecast,0,0,,,,,,,,,,,1,0,0.0,0,0,0,0,950.0,warning
situation_20230816_1800_e0964b46.pdf,2023-08-16,Other,7110,,,,,,,,,,54979.0,183038.0,0.0,0.0,0.0,0.0,0.0,0.0,0.0,0.0,0.0,0.0,True,grand_total,1800,2023-08-16 18:00:00,3,,45.0,0.0,0,0,1,0,0,0,2.0,weather_forecast,0,0,,,,,,,,,,,1,0,0.0,0,0,0,0,962.0,warning
situation_20230817_0600_f7dea7ae.pdf,2023-08-17,Other,7110,,,,,,,,,,54979.0,183038.0,0.0,0.0,0.0,0.0,0.0,0.0,0.0,0.0,0.0,0.0,True,grand_total,0600,2023-08-17 06:00:00,4,,45.0,0.0,0,0,1,0,0,0,0.5,weather_forecast,0,0,,,,,,,,,,,1,0,0.0,0,0,0,0,974.0,warning
situation_20230817_1800_0cd755ae.pdf,2023-08-17,Other,7078,,,,,,,,,,60943.0,210652.0,0.0,0.0,0.0,0.0,0.0,0.0,0.0,0.0,0.0,0.0,True,grand_total,1800,2023-08-17 18:00:00,3,,45.0,0.0,0,1,1,0,0,0,2.0,weather_forecast,0,0,,,,,,,,,,,1,0,0.0,0,0,0,0,986.0,warning
situation_20230818_0600_9bba4f58.pdf,2023-08-18,Other,7078,,,,,,,,,,60943.0,210652.0,0.0,0.0,0.0,0.0,0.0,0.0,0.0,0.0,0.0,0.0,True,grand_total,0600,2023-08-18 06:00:00,2,,45.0,0.0,0,1,1,0,0,0,0.5,weather_forecast,0,0,,,,,,,,,,,1,0,0.0,0,0,0,0,998.0,warning
situation_20230818_1800_5002a8cc.pdf,2023-08-18,Strong Wind,7163,,,,,,,,,,60990.0,210798.0,0.0,0.0,0.0,0.0,2.0,0.0,0.0,0.0,0.0,0.0,True,grand_total,1800,2023-08-18 18:00:00,3,,45.0,0.0,0,0,1,0,0,0,2.0,weather_forecast,0,0,,,,,,,,,,,1,0,0.0,0,0,0,0,1010.0,warning
situation_20230819_1800_8c70a4df.pdf,2023-08-19,Strong Wind,7163,,,,,,,,,,60990.0,210798.0,0.0,0.0,0.0,0.0,2.0,0.0,0.0,0.0,0.0,0.0,True,grand_total,1800,2023-08-19 18:00:00,3,,45.0,0.0,0,0,1,0,0,0,2.0,weather_forecast,0,0,,,,,,,,,,,1,0,0.0,0,0,0,0,1034.0,warning
situation_20230820_0600_9d49d0f2.pdf,2023-08-20,Strong Wind,7163,,,,,,,,,,60990.0,210798.0,0.0,0.0,0.0,0.0,2.0,0.0,0.0,0.0,0.0,0.0,True,grand_total,0600,2023-08-20 06:00:00,3,,45.0,0.0,0,0,1,0,0,0,0.5,weather_forecast,0,0,,,,,,,,,,,1,0,0.0,0,0,0,0,1046.0,warning
situation_20230820_1800_733e9e71.pdf,2023-08-20,Other,7022,,,,,,,,,,60988.0,210790.0,0.0,0.0,0.0,0.0,0.0,0.0,0.0,0.0,0.0,0.0,True,grand_total,1800,2023-08-20 18:00:00,3,,45.0,0.0,0,0,1,0,0,0,2.0,weather_forecast,0,0,,,,,,,,,,,1,0,0.0,0,0,0,0,1058.0,warning
situation_20230821_0600_6ce1492c.pdf,2023-08-21,Other,7098,,,,,,,,,,60988.0,210790.0,0.0,0.0,0.0,0.0,0.0,0.0,0.0,0.0,0.0,0.0,True,grand_total,0600,2023-08-21 06:00:00,3,,45.0,0.0,0,1,1,0,0,0,0.5,weather_forecast,0,0,,,,,,,,,,,1,0,0.0,0,0,0,0,1070.0,warning
situation_20230821_1800_1cd33808.pdf,2023-08-21,Strong Wind,8073,,,,,,,,,,72100.0,248531.0,0.0,0.0,0.0,0.0,4.0,0.0,0.0,0.0,0.0,0.0,True,grand_total,1800,2023-08-21 18:00:00,3,,45.0,0.0,0,1,1,0,0,0,2.0,weather_forecast,0,0,,,,,,,,,,,1,0,0.0,0,0,0,0,1082.0,warning
situation_20230822_0600_62a0c9be.pdf,2023-08-22,Strong Wind,8073,,,,,,,,,,72100.0,248531.0,0.0,0.0,0.0,0.0,4.0,0.0,0.0,0.0,0.0,0.0,True,grand_total,0600,2023-08-22 06:00:00,2,,45.0,0.0,0,1,1,0,0,0,14.0,weather_forecast,0,0,,,,,,,,,,,1,0,0.0,0,0,0,0,1094.0,warning
situation_20230822_1800_affb046b.pdf,2023-08-22,Strong Wind,8798,,,,,,,,,,81035.0,279739.0,1.0,1.0,0.0,3.0,5.0,0.0,0.0,0.0,0.0,0.0,True,grand_total,1800,2023-08-22 18:00:00,3,,45.0,0.0,0,1,1,0,0,0,2.0,weather_forecast,0,0,,,,,,,,,,,1,0,0.0,0,0,0,0,1106.0,warning
situation_20230823_1800_88908493.pdf,2023-08-23,Strong Wind,8572,,,,,,,,,,81162.0,280247.0,0.0,0.0,0.0,1.0,3.0,0.0,0.0,0.0,0.0,0.0,True,grand_total,1800,2023-08-23 18:00:00,3,,,0.0,0,1,0,0,0,0,2.0,weather_forecast,0,0,,,,,,,,,,,1,0,0.0,0,0,0,0,1130.0,warning
situation_20230824_0600_63aa9ed6.pdf,2023-08-24,Other,8310,,,,,,,,,,81158.0,280230.0,0.0,0.0,0.0,0.0,0.0,0.0,0.0,0.0,0.0,0.0,True,grand_total,0600,2023-08-24 06:00:00,3,,,0.0,0,1,0,0,0,0,0.5,weather_forecast,0,0,,,,,,,,,,,1,0,0.0,0,0,0,0,1142.0,warning
situation_20230825_0600_a9640630.pdf,2023-08-25,Other,8288,,,,,,,,,,81158.0,280230.0,0.0,0.0,0.0,0.0,0.0,0.0,0.0,0.0,0.0,0.0,True,grand_total,0600,2023-08-25 06:00:00,3,,,0.0,0,1,0,0,0,0,0.5,weather_forecast,0,0,,,,,,,,,,,1,0,0.0,0,0,0,0,1166.0,warning
situation_20230825_1800_5a8d2eae.pdf,2023-08-25,"Heavy Rain, Strong Wind",8694,,,,,,,,,,81203.0,280400.0,0.0,0.0,0.0,0.0,0.0,0.0,0.0,0.0,0.0,0.0,True,grand_total,1800,2023-08-25 18:00:00,4,,,0.0,0,1,0,0,0,0,2.0,weather_forecast,0,0,,,,,,,,,,,1,0,0.0,0,0,0,0,1178.0,warning
situation_20230826_0600_9c586134.pdf,2023-08-26,Strong Wind,8647,,,,,,,,,,84646.0,291720.0,0.0,0.0,0.0,1.0,1.0,0.0,0.0,0.0,0.0,0.0,True,grand_total,0600,2023-08-26 06:00:00,4,,,0.0,0,1,0,0,0,0,0.5,weather_forecast,0,0,,,,,,,,,,,1,0,0.0,0,0,0,0,1190.0,warning
situation_20230826_1800_2442af55.pdf,2023-08-26,Strong Wind,8734,,,,,,,,,,84646.0,291720.0,0.0,0.0,0.0,1.0,1.0,0.0,0.0,0.0,0.0,0.0,True,grand_total,1800,2023-08-26 18:00:00,3,,,0.0,0,1,0,0,0,0,2.0,weather_forecast,0,0,,,,,,,,,,,1,0,0.0,0,0,0,0,1202.0,warning
situation_20230827_0600_3d605c61.pdf,2023-08-27,Strong Wind,8646,,,,,,,,,,84646.0,291720.0,0.0,0.0,0.0,1.0,1.0,0.0,0.0,0.0,0.0,0.0,True,grand_total,0600,2023-08-27 06:00:00,3,,,0.0,0,1,0,0,0,0,0.5,weather_forecast,0,0,,,,,,,,,,,1,0,0.0,0,0,0,0,1214.0,warning
situation_20230827_1800_b3380edf.pdf,2023-08-27,Other,8572,,,,,,,,,,84647.0,291729.0,0.0,0.0,0.0,0.0,4.0,0.0,0.0,0.0,0.0,0.0,True,grand_total,1800,2023-08-27 18:00:00,3,,,0.0,0,1,0,0,0,0,2.0,weather_forecast,0,0,,,,,,,,,,,1,0,0.0,0,0,0,0,1226.0,warning
situation_20230828_0600_74cf4fa1.pdf,2023-08-28,Other,8609,,,,,,,,,,84643.0,291715.0,0.0,0.0,0.0,0.0,0.0,0.0,0.0,0.0,0.0,0.0,True,grand_total,0600,2023-08-28 06:00:00,3,,,0.0,0,1,0,0,0,0,0.5,weather_forecast,0,0,,,,,,,,,,,1,0,0.0,0,0,0,0,1238.0,warning
situation_20230828_1800_0454c15a.pdf,2023-08-28,Other,8666,,,,,,,,,,84681.0,291804.0,0.0,0.0,0.0,0.0,0.0,0.0,0.0,0.0,0.0,0.0,True,grand_total,1800,2023-08-28 18:00:00,3,,,0.0,0,1,0,0,0,0,2.0,weather_forecast,0,0,,,,,,,,,,,1,0,0.0,0,0,0,0,1250.0,warning
situation_20230829_0600_3cbc6ecf.pdf,2023-08-29,Other,8578,,,,,,,,,,84681.0,291804.0,0.0,0.0,0.0,0.0,0.0,0.0,0.0,0.0,0.0,0.0,True,grand_total,0600,2023-08-29 06:00:00,3,,,0.0,0,1,0,0,0,0,0.5,weather_forecast,0,0,,,,,,,,,,,1,0,0.0,0,0,0,0,1262.0,warning
situation_20230829_1800_88c967ba.pdf,2023-08-29,Other,9104,,,,,,,,,,89085.0,306934.0,0.0,0.0,0.0,0.0,0.0,0.0,0.0,0.0,0.0,0.0,True,grand_total,1800,2023-08-29 18:00:00,3,75.0,,0.0,1,1,0,0,0,0,2.0,weather_forecast,0,0,,,,,,,,,,,1,0,0.0,0,0,0,0,1274.0,warning
situation_20230830_0600_315f5b53.pdf,2023-08-30,Other,9008,,,,,,,,,,89085.0,306934.0,0.0,0.0,0.0,0.0,0.0,0.0,0.0,0.0,0.0,0.0,True,grand_total,0600,2023-08-30 06:00:00,2,75.0,,0.0,1,1,0,0,0,0,14.0,weather_forecast,0,0,,,,,,,,,,,1,0,0.0,0,0,0,0,1286.0,warning
situation_20230830_1800_0a618dff.pdf,2023-08-30,Other,9110,,,,,,,,,,89085.0,306934.0,0.0,0.0,0.0,0.0,0.0,0.0,0.0,0.0,0.0,0.0,True,grand_total,1800,2023-08-30 18:00:00,2,75.0,45.0,0.0,1,1,1,0,0,0,2.0,weather_forecast,0,0,,,,,,,,,,,1,0,0.0,0,0,0,0,1298.0,warning
situation_20230831_0600_710d4501.pdf,2023-08-31,Other,9014,,,,,,,,,,89085.0,306934.0,0.0,0.0,0.0,0.0,0.0,0.0,0.0,0.0,0.0,0.0,True,grand_total,0600,2023-08-31 06:00:00,3,75.0,45.0,0.0,1,1,1,0,0,0,0.5,weather_forecast,0,0,,,,,,,,,,,1,0,0.0,0,0,0,0,1310.0,warning
situation_20230831_1800_2876216b.pdf,2023-08-31,"Heavy Rain, Strong Wind",9521,,,,,,,,,,90580.0,312316.0,0.0,0.0,0.0,0.0,20.0,0.0,0.0,0.0,0.0,0.0,True,grand_total,1800,2023-08-31 18:00:00,4,100.0,,2.0,1,1,0,0,0,0,2.0,weather_forecast,0,0,,,,,,,,,,,1,0,0.0,0,0,0,0,1322.0,warning
situation_20230901_1800_dd2384eb.pdf,2023-09-01,"Heavy Rain, Strong Wind",9137,,,,,,,,,,79741.0,279892.0,0.0,0.0,0.0,0.0,15.0,0.0,0.0,0.0,0.0,0.0,True,grand_total,1800,2023-09-01 18:00:00,4,100.0,,2.0,1,1,0,0,0,0,2.0,weather_forecast,0,0,,,,,,,,,,,1,1,1.0,4,0,0,4,6.0,early_warning
situation_20230902_1800_666200e9.pdf,2023-09-02,Other,8872,,,,,,,,,,79741.0,279892.0,0.0,0.0,0.0,0.0,0.0,0.0,0.0,0.0,0.0,0.0,True,grand_total,1800,2023-09-02 18:00:00,4,100.0,45.0,2.0,1,1,1,0,0,0,2.0,weather_forecast,0,0,,,,,,,,,,,1,1,1.0,4,0,0,4,6.0,early_warning
situation_20230903_1800_ded2d8fc.pdf,2023-09-03,"Strong Wind, Lightning",2831,,,,,,,,,,18.0,62.0,0.0,1.0,0.0,0.0,17.0,0.0,0.0,0.0,0.0,0.0,True,grand_total,1800,2023-09-03 18:00:00,5,100.0,45.0,2.0,1,1,1,0,0,0,2.0,weather_forecast,0,0,,,,,,,,,,,1,1,2.0,4,3,0,4,7.5,landslide_related
situation_20230904_0600_2707b1aa.pdf,2023-09-04,"Strong Wind, Lightning",3232,,,,,,,,,,28.0,98.0,0.0,1.0,0.0,0.0,26.0,0.0,0.0,0.0,0.0,0.0,True,grand_total,0600,2023-09-04 06:00:00,5,100.0,45.0,2.0,1,1,1,0,0,0,0.5,weather_forecast,0,0,,,,,,,,,,,1,1,3.0,4,3,1,4,7.5,landslide_related
situation_20230904_1800_ed58b2a0.pdf,2023-09-04,"Flood, Landslide, Heavy Rain, Strong Wind, Lightning",5442,,,,,,,,,,1630.0,6049.0,0.0,1.0,0.0,0.0,122.0,3.0,1.0,0.0,0.0,0.0,True,grand_total,1800,2023-09-04 18:00:00,4,50.0,45.0,0.0,1,1,1,0,0,0,2.0,weather_forecast,0,0,,,,,,,,,,,1,1,3.0,5,3,1,5,2.0,early_warning
situation_20230905_0600_7052ceaf.pdf,2023-09-05,"Flood, Landslide, Heavy Rain, Strong Wind, Lightning",5442,,,,,,,,,,1630.0,6049.0,0.0,1.0,0.0,0.0,122.0,3.0,1.0,0.0,0.0,0.0,True,grand_total,0600,2023-09-05 06:00:00,4,50.0,50.0,0.0,1,1,1,0,0,0,0.5,weather_forecast,0,0,,,,,,,,,,,1,1,3.0,5,3,1,5,14.0,early_warning
situation_20230905_1800_595a2920.pdf,2023-09-05,"Landslide, Heavy Rain, Strong Wind, Lightning",6356,,,,,,,,,,1595.0,5806.0,0.0,1.0,0.0,0.0,153.0,3.0,1.0,0.0,0.0,0.0,True,grand_total,1800,2023-09-05 18:00:00,3,50.0,50.0,0.0,1,1,1,0,0,0,2.0,weather_forecast,0,0,,,,,,,,,,,1,1,2.0,5,3,0,5,2.0,early_warning
situation_20230906_0600_19f574fa.pdf,2023-09-06,"Landslide, Heavy Rain, Strong Wind, Lightning",6458,,,,,,,,,,1637.0,5958.0,0.0,1.0,0.0,0.0,193.0,3.0,1.0,0.0,0.0,0.0,True,grand_total,0600,2023-09-06 06:00:00,3,50.0,45.0,0.0,1,1,1,0,0,0,0.5,weather_forecast,0,0,,,,,,,,,,,1,1,2.0,5,3,0,5,14.0,early_warning
situation_20230906_1800_4cc11950.pdf,2023-09-06,"Landslide, Heavy Rain, Strong Wind, Lightning",6975,,,,,,,,,,1648.0,5994.0,0.0,1.0,0.0,0.0,204.0,4.0,1.0,0.0,0.0,0.0,True,grand_total,1800,2023-09-06 18:00:00,3,50.0,45.0,0.0,1,1,1,0,0,0,2.0,weather_forecast,0,0,,,,,,,,,,,1,1,2.0,5,2,0,5,2.0,early_warning
situation_20230907_1800_043faa1b.pdf,2023-09-07,"Landslide, Heavy Rain, Strong Wind, Lightning",7325,,,,,,,,,,1735.0,6285.0,0.0,1.0,0.0,1.0,291.0,6.0,1.0,0.0,0.0,0.0,True,grand_total,1800,2023-09-07 18:00:00,4,100.0,45.0,2.0,1,1,1,0,0,0,2.0,weather_forecast,0,0,,,,,,,,,,,1,1,2.0,5,2,0,5,2.0,warning
situation_20230908_1800_f5da3f8a.pdf,2023-09-08,"Landslide, Heavy Rain, Strong Wind, Lightning",7367,,,,,,,,,,1747.0,6333.0,0.0,1.0,0.0,1.0,301.0,6.0,1.0,0.0,0.0,0.0,True,grand_total,1800,2023-09-08 18:00:00,3,50.0,45.0,0.0,1,1,1,0,0,0,2.0,weather_forecast,0,0,,,,,,,,,,,1,1,2.0,5,2,0,5,2.0,early_warning
situation_20230909_0600_60d0f4e5.pdf,2023-09-09,"Landslide, Heavy Rain, Strong Wind, Lightning",7494,,,,,,,,,,1752.0,6355.0,0.0,1.0,0.0,1.0,306.0,6.0,1.0,0.0,0.0,0.0,True,grand_total,0600,2023-09-09 06:00:00,3,50.0,45.0,0.0,1,1,1,0,0,0,0.5,weather_forecast,0,0,,,,,,,,,,,1,1,2.0,5,2,0,5,14.0,early_warning
situation_20230909_1800_41816b38.pdf,2023-09-09,"Landslide, Heavy Rain, Strong Wind, Lightning",7235,,,,,,,,,,1756.0,6370.0,0.0,1.0,0.0,1.0,309.0,6.0,1.0,0.0,0.0,0.0,True,grand_total,1800,2023-09-09 18:00:00,3,75.0,45.0,0.0,1,1,1,0,0,0,2.0,weather_forecast,0,0,,,,,,,,,,,1,1,1.0,5,0,0,5,2.0,early_warning
situation_20230910_0600_759f79f9.pdf,2023-09-10,"Landslide, Heavy Rain, Strong Wind, Lightning",7308,,,,,,,,,,1756.0,6370.0,0.0,1.0,0.0,1.0,309.0,6.0,1.0,0.0,0.0,0.0,True,grand_total,0600,2023-09-10 06:00:00,3,75.0,45.0,0.0,1,1,1,0,0,0,0.5,weather_forecast,0,0,,,,,,,,,,,1,1,1.0,5,0,0,5,14.0,early_warning
situation_20230910_1800_e96eba08.pdf,2023-09-10,"Landslide, Heavy Rain, Strong Wind, Lightning",7262,,,,,,,,,,1760.0,6385.0,0.0,1.0,0.0,1.0,313.0,6.0,1.0,0.0,0.0,0.0,True,grand_total,1800,2023-09-10 18:00:00,3,50.0,45.0,0.0,1,1,1,0,0,0,2.0,weather_forecast,0,0,,,,,,,,,,,1,1,1.0,4,0,0,4,2.0,early_warning
situation_20230911_0600_43fd8088.pdf,2023-09-11,"Landslide, Heavy Rain, Strong Wind, Lightning",7338,,,,,,,,,,1760.0,6385.0,0.0,1.0,0.0,1.0,313.0,6.0,1.0,0.0,0.0,0.0,True,grand_total,0600,2023-09-11 06:00:00,3,50.0,45.0,0.0,1,1,1,0,0,0,0.5,weather_forecast,0,0,,,,,,,,,,,1,1,1.0,4,0,0,4,14.0,early_warning
situation_20230911_1800_c200c4cf.pdf,2023-09-11,"Heavy Rain, Strong Wind",2807,,,,,,,,,,9.0,38.0,0.0,0.0,0.0,0.0,9.0,0.0,0.0,0.0,0.0,0.0,True,grand_total,1800,2023-09-11 18:00:00,3,50.0,45.0,0.0,1,1,1,0,0,0,2.0,weather_forecast,0,0,,,,,,,,,,,1,1,1.0,3,0,0,3,2.0,early_warning
situation_20230912_0600_b12e2151.pdf,2023-09-12,"Heavy Rain, Strong Wind",2807,,,,,,,,,,9.0,38.0,0.0,0.0,0.0,0.0,9.0,0.0,0.0,0.0,0.0,0.0,True,grand_total,0600,2023-09-12 06:00:00,3,50.0,45.0,0.0,1,1,1,0,0,0,0.5,weather_forecast,0,0,,,,,,,,,,,1,1,1.0,3,0,0,3,14.0,early_warning
situation_20230912_1800_5b87e957.pdf,2023-09-12,"Heavy Rain, Strong Wind",3439,,,,,,,,,,26.0,85.0,0.0,0.0,0.0,0.0,23.0,3.0,0.0,0.0,0.0,0.0,True,grand_total,1800,2023-09-12 18:00:00,3,,45.0,0.0,0,1,1,0,0,0,2.0,weather_forecast,0,0,,,,,,,,,,,1,1,1.0,1,0,0,1,2.0,early_warning
situation_20230913_0600_4442e8ae.pdf,2023-09-13,"Heavy Rain, Strong Wind",3439,,,,,,,,,,26.0,85.0,0.0,0.0,0.0,0.0,23.0,3.0,0.0,0.0,0.0,0.0,True,grand_total,0600,2023-09-13 06:00:00,3,,45.0,0.0,0,1,1,0,0,0,0.5,weather_forecast,0,0,,,,,,,,,,,1,1,1.0,1,0,0,1,14.0,early_warning
situation_20230913_1800_16b74994.pdf,2023-09-13,"Heavy Rain, Strong Wind",4085,,,,,,,,,,42.0,154.0,0.0,0.0,0.0,0.0,39.0,3.0,0.0,0.0,0.0,0.0,True,grand_total,1800,2023-09-13 18:00:00,3,,45.0,0.0,0,1,1,0,0,0,2.0,weather_forecast,0,0,,,,,,,,,,,1,0,0.0,0,0,0,0,26.0,early_warning
situation_20230914_0600_ee6a2835.pdf,2023-09-14,"Heavy Rain, Strong Wind",4085,,,,,,,,,,42.0,154.0,0.0,0.0,0.0,0.0,39.0,3.0,0.0,0.0,0.0,0.0,True,grand_total,0600,2023-09-14 06:00:00,3,50.0,45.0,0.0,1,1,1,0,0,0,0.5,weather_forecast,0,0,,,,,,,,,,,1,0,0.0,0,0,0,0,38.0,early_warning
situation_20230914_1800_0d023a51.pdf,2023-09-14,"Heavy Rain, Strong Wind",2804,,,,,,,,,,10.0,38.0,0.0,0.0,2.0,0.0,8.0,0.0,0.0,0.0,0.0,0.0,True,grand_total,1800,2023-09-14 18:00:00,3,75.0,45.0,0.0,1,1,1,0,0,0,2.0,weather_forecast,0,0,,,,,,,,,,,1,1,1.0,3,0,0,3,2.0,early_warning
situation_20230915_0600_6ed481ae.pdf,2023-09-15,"Heavy Rain, Strong Wind",2804,,,,,,,,,,10.0,38.0,0.0,0.0,2.0,0.0,8.0,0.0,0.0,0.0,0.0,0.0,True,grand_total,0600,2023-09-15 06:00:00,3,75.0,45.0,0.0,1,1,1,0,0,0,0.5,weather_forecast,0,0,,,,,,,,,,,1,1,1.0,3,0,0,3,14.0,early_warning
situation_20230915_1800_69de3e4f.pdf,2023-09-15,"Heavy Rain, Strong Wind",3692,,,,,,,,,,54.0,221.0,0.0,1.0,0.0,0.0,54.0,0.0,0.0,0.0,0.0,0.0,True,grand_total,1800,2023-09-15 18:00:00,3,,45.0,0.0,0,1,1,0,0,0,2.0,weather_forecast,0,0,,,,,,,,,,,1,0,0.0,0,0,0,0,26.0,early_warning
situation_20230916_0600_0bf778cf.pdf,2023-09-16,"Heavy Rain, Strong Wind",3644,,,,,,,,,,54.0,221.0,0.0,1.0,0.0,0.0,54.0,0.0,0.0,0.0,0.0,0.0,True,grand_total,0600,2023-09-16 06:00:00,3,,45.0,0.0,0,1,1,0,0,0,0.5,weather_forecast,0,0,,,,,,,,,,,1,0,0.0,0,0,0,0,38.0,early_warning
situation_20230916_1800_9c876233.pdf,2023-09-16,Other,2189,,,,,,,,,,0.0,0.0,0.0,0.0,0.0,0.0,0.0,0.0,0.0,0.0,0.0,0.0,True,confirmed_zero_report,1800,2023-09-16 18:00:00,3,,45.0,0.0,0,1,1,0,0,0,2.0,weather_forecast,0,0,,,,,,,,,,,1,0,0.0,0,0,0,0,50.0,early_warning
situation_20230917_1800_d314412f.pdf,2023-09-17,Other,2253,,,,,,,,,,1.0,4.0,0.0,0.0,0.0,0.0,1.0,0.0,0.0,0.0,0.0,0.0,True,grand_total,1800,2023-09-17 18:00:00,3,,,0.0,0,1,0,0,0,0,2.0,weather_forecast,0,0,,,,,,,,,,,1,0,0.0,0,0,0,0,74.0,early_warning
situation_20230918_0600_04c56989.pdf,2023-09-18,Other,2247,,,,,,,,,,0.0,0.0,0.0,0.0,0.0,0.0,0.0,0.0,0.0,0.0,0.0,0.0,True,grand_total,0600,2023-09-18 06:00:00,3,50.0,,0.0,1,1,0,0,0,0,0.5,weather_forecast,0,0,,,,,,,,,,,1,0,0.0,0,0,0,0,86.0,early_warning
situation_20230918_1800_33c9e357.pdf,2023-09-18,"Heavy Rain, Strong Wind",3378,,,,,,,,,,14.0,48.0,0.0,0.0,0.0,0.0,14.0,0.0,0.0,0.0,0.0,0.0,True,grand_total,1800,2023-09-18 18:00:00,3,50.0,,0.0,1,1,0,0,0,0,2.0,weather_forecast,0,0,,,,,,,,,,,1,1,1.0,1,0,0,1,4.5,early_warning
situation_20230919_1800_a5d947dd.pdf,2023-09-19,"Heavy Rain, Strong Wind",2583,,,,,,,,,,3.0,13.0,0.0,0.0,0.0,0.0,3.0,0.0,0.0,0.0,0.0,0.0,True,grand_total,1800,2023-09-19 18:00:00,4,50.0,,0.0,1,1,0,0,0,0,2.0,weather_forecast,0,0,,,,,,,,,,,1,0,0.0,0,0,0,0,28.5,early_warning
situation_20230920_0600_6b584a84.pdf,2023-09-20,"Heavy Rain, Strong Wind",2583,,,,,,,,,,3.0,13.0,0.0,0.0,0.0,0.0,3.0,0.0,0.0,0.0,0.0,0.0,True,grand_total,0600,2023-09-20 06:00:00,4,50.0,,0.0,1,1,0,0,0,0,0.5,weather_forecast,0,0,,,,,,,,,,,1,1,1.0,5,0,0,5,7.5,early_warning
situation_20230920_1800_3377cf96.pdf,2023-09-20,"Heavy Rain, Strong Wind, Lightning",3571,,,,,,,,,,20.0,81.0,0.0,3.0,0.0,0.0,12.0,1.0,0.0,0.0,0.0,0.0,True,grand_total,1800,2023-09-20 18:00:00,3,50.0,,0.0,1,1,0,0,0,0,2.0,weather_forecast,0,0,,,,,,,,,,,1,1,1.0,5,0,0,5,19.5,early_warning
situation_20230921_0600_92458381.pdf,2023-09-21,"Heavy Rain, Strong Wind, Lightning",3571,,,,,,,,,,20.0,81.0,0.0,3.0,0.0,0.0,12.0,1.0,0.0,0.0,0.0,0.0,True,grand_total,0600,2023-09-21 06:00:00,3,50.0,,0.0,1,1,0,0,0,0,0.5,weather_forecast,0,0,,,,,,,,,,,1,0,0.0,0,0,0,0,31.5,early_warning
situation_20230921_1800_5eac127c.pdf,2023-09-21,"Heavy Rain, Strong Wind",2913,,,,,,,,,,3.0,10.0,1.0,0.0,0.0,0.0,3.0,0.0,1.0,0.0,0.0,0.0,True,grand_total,1800,2023-09-21 18:00:00,3,50.0,,0.0,1,1,0,0,0,0,2.0,weather_forecast,0,0,,,,,,,,,,,1,0,0.0,0,0,0,0,43.5,early_warning
situation_20230922_1800_b40487df.pdf,2023-09-22,Heavy Rain,2731,,,,,,,,,,6.0,22.0,0.0,0.0,0.0,0.0,4.0,0.0,0.0,0.0,0.0,0.0,True,grand_total,1800,2023-09-22 18:00:00,3,50.0,,0.0,1,1,0,0,0,0,2.0,weather_forecast,0,0,,,,,,,,,,,1,0,0.0,0,0,0,0,67.5,early_warning
situation_20230923_0600_05f3a74c.pdf,2023-09-23,Heavy Rain,2731,,,,,,,,,,6.0,22.0,0.0,0.0,0.0,0.0,4.0,0.0,0.0,0.0,0.0,0.0,True,grand_total,0600,2023-09-23 06:00:00,3,,,0.0,0,1,0,0,0,0,0.5,weather_forecast,0,0,,,,,,,,,,,1,0,0.0,0,0,0,0,79.5,early_warning
situation_20230923_1800_d2cc879e.pdf,2023-09-23,Heavy Rain,2729,,,,,,,,,,6.0,22.0,0.0,0.0,0.0,0.0,4.0,0.0,0.0,0.0,0.0,0.0,True,grand_total,1800,2023-09-23 18:00:00,3,,,0.0,0,1,0,0,0,0,2.0,weather_forecast,0,0,,,,,,,,,,,1,0,0.0,0,0,0,0,91.5,early_warning
situation_20230924_0600_5ddf7870.pdf,2023-09-24,Heavy Rain,2958,,,,,,,,,,7.0,25.0,0.0,0.0,0.0,1.0,4.0,0.0,0.0,0.0,0.0,0.0,True,grand_total,0600,2023-09-24 06:00:00,3,,,0.0,0,1,0,0,0,0,0.5,weather_forecast,0,0,,,,,,,,,,,1,0,0.0,0,0,0,0,103.5,early_warning
situation_20230925_1800_bf799648.pdf,2023-09-25,"Heavy Rain, Strong Wind, Lightning",2797,,,,,,,,,,7.0,24.0,0.0,0.0,0.0,0.0,7.0,0.0,0.0,0.0,0.0,0.0,True,grand_total,1800,2023-09-25 18:00:00,3,,,0.0,0,1,0,0,0,0,2.0,weather_forecast,0,0,,,,,,,,,,,1,0,0.0,0,0,0,0,139.5,early_warning
situation_20230926_1800_d635a443.pdf,2023-09-26,"Heavy Rain, Strong Wind, Lightning",3110,,,,,,,,,,13.0,53.0,0.0,0.0,0.0,0.0,14.0,0.0,0.0,0.0,0.0,0.0,True,grand_total,1800,2023-09-26 18:00:00,3,100.0,,0.0,1,1,0,0,0,0,2.0,weather_forecast,0,0,,,,,,,,,,,1,0,0.0,0,0,0,0,163.5,early_warning
situation_20230927_0600_14d30e8d.pdf,2023-09-27,Other,2163,,,,,,,,,,0.0,0.0,0.0,0.0,0.0,0.0,0.0,0.0,0.0,0.0,0.0,0.0,True,grand_total,0600,2023-09-27 06:00:00,3,100.0,,0.0,1,1,0,0,0,0,0.5,weather_forecast,0,0,,,,,,,,,,,1,0,0.0,0,0,0,0,175.5,early_warning
situation_20230928_0600_2e09bd18.pdf,2023-09-28,Other,2179,,,,,,,,,,0.0,0.0,0.0,0.0,0.0,0.0,0.0,0.0,0.0,0.0,0.0,0.0,True,grand_total,0600,2023-09-28 06:00:00,5,100.0,45.0,2.0,1,1,1,0,0,0,0.5,weather_forecast,0,0,,,,,,,,,,,1,0,0.0,0,0,0,0,199.5,early_warning
situation_20230928_1800_5f1d7c97.pdf,2023-09-28,"Flood, Heavy Rain",2597,,,,,,,,,,31.0,132.0,0.0,0.0,0.0,0.0,8.0,1.0,0.0,0.0,0.0,0.0,True,grand_total,1800,2023-09-28 18:00:00,5,100.0,45.0,2.0,1,1,1,0,0,0,2.0,weather_forecast,0,0,,,,,,,,,,,1,1,2.0,6,5,0,7,5.0,early_warning
situation_20230929_0600_d92f9336.pdf,2023-09-29,"Flood, Heavy Rain",2848,,,,,,,,,,32.0,135.0,0.0,0.0,0.0,0.0,9.0,1.0,0.0,0.0,0.0,0.0,True,grand_total,0600,2023-09-29 06:00:00,5,100.0,45.0,2.0,1,1,1,0,0,0,0.5,weather_forecast,0,0,,,,,,,,,,,1,1,2.0,6,5,0,7,17.0,early_warning
situation_20230929_1800_b587f09f.pdf,2023-09-29,"Flood, Heavy Rain, Strong Wind",3507,,,,,,,,,,164.0,644.0,0.0,0.0,0.0,0.0,36.0,1.0,0.0,0.0,0.0,0.0,True,grand_total,1800,2023-09-29 18:00:00,2,75.0,45.0,0.0,1,1,1,0,0,0,6.0,weather_forecast,0,0,,,,,,,,,,,1,1,2.0,6,5,0,7,5.25,early_warning
situation_20230930_0600_670d013f.pdf,2023-09-30,"Flood, Heavy Rain, Strong Wind",3507,,,,,,,,,,164.0,644.0,0.0,0.0,0.0,0.0,36.0,1.0,0.0,0.0,0.0,0.0,True,grand_total,0600,2023-09-30 06:00:00,2,75.0,50.0,0.0,1,1,1,0,0,0,0.5,weather_forecast,0,0,,,,,,,,,,,1,1,2.0,6,5,0,7,17.25,early_warning
situation_20230930_1800_5f63d5d4.pdf,2023-09-30,"Flood, Heavy Rain, Strong Wind",4627,,,,,,,,,,1275.0,5051.0,0.0,0.0,0.0,0.0,316.0,4.0,0.0,0.0,0.0,0.0,True,grand_total,1800,2023-09-30 18:00:00,3,75.0,50.0,0.0,1,1,1,0,0,0,2.0,weather_forecast,0,0,,,,,,,,,,,1,1,2.0,7,5,0,8,7.75,early_warning
situation_20231001_0600_f4426568.pdf,2023-10-01,"Flood, Heavy Rain, Strong Wind",4625,,,,,,,,,,1275.0,5051.0,0.0,0.0,0.0,0.0,316.0,4.0,0.0,0.0,0.0,0.0,True,grand_total,0600,2023-10-01 06:00:00,3,50.0,50.0,0.0,1,1,1,0,0,0,0.5,weather_forecast,0,0,,,,,,,,,,,1,1,2.0,7,5,0,8,19.75,early_warning
situation_20231001_1800_6806f351.pdf,2023-10-01,"Flood, Strong Wind",4335,,,,,,,,,,3672.0,15496.0,0.0,0.0,0.0,1.0,376.0,5.0,0.0,3.0,37.0,147.0,True,grand_total,1800,2023-10-01 18:00:00,3,50.0,50.0,0.0,1,1,1,0,0,0,2.0,weather_forecast,0,0,,,,,,,,,,,1,1,2.0,7,5,0,8,1.0,early_warning
situation_20231002_0600_c031922e.pdf,2023-10-02,"Flood, Strong Wind",4335,,,,,,,,,,3672.0,15496.0,0.0,0.0,0.0,1.0,376.0,5.0,0.0,3.0,37.0,147.0,True,grand_total,0600,2023-10-02 06:00:00,3,100.0,,0.0,1,1,0,0,0,0,0.5,weather_forecast,0,0,,,,,,,,,,,1,1,2.0,7,5,0,8,13.0,early_warning
situation_20231002_1800_629d46f1.pdf,2023-10-02,"Flood, Heavy Rain, Strong Wind, Lightning",6363,,,,,,,,,,6250.0,25863.0,0.0,0.0,0.0,2.0,453.0,5.0,0.0,3.0,31.0,124.0,True,grand_total,1800,2023-10-02 18:00:00,4,100.0,,2.0,1,1,0,0,0,0,2.0,weather_forecast,0,0,,,,,,,,,,,1,1,2.0,7,6,0,8,1.5,early_warning
situation_20231003_0600_44f661fb.pdf,2023-10-03,"Flood, Heavy Rain, Strong Wind, Lightning",6303,,,,,,,,,,6250.0,25863.0,0.0,0.0,0.0,2.0,453.0,5.0,0.0,3.0,31.0,124.0,True,grand_total,0600,2023-10-03 06:00:00,4,100.0,,2.0,1,1,0,0,0,0,0.0,weather_forecast,0,0,,,,,,,,,,,1,1,2.0,7,6,0,8,13.5,early_warning
situation_20231003_1800_71611880.pdf,2023-10-03,"Flood, Heavy Rain, Strong Wind, Lightning",6802,,,,,,,,,,7629.0,30353.0,0.0,0.0,0.0,3.0,625.0,3.0,0.0,9.0,109.0,434.0,True,grand_total,1800,2023-10-03 18:00:00,4,100.0,,2.0,1,1,0,0,0,0,2.0,weather_forecast,0,0,,,,,,,,,,,1,1,2.0,7,6,0,8,1.5,early_warning
situation_20231004_0600_3fc61dbd.pdf,2023-10-04,"Flood, Heavy Rain, Strong Wind, Lightning",6825,,,,,,,,,,8807.0,34827.0,0.0,0.0,0.0,3.0,691.0,3.0,0.0,9.0,109.0,434.0,True,grand_total,0600,2023-10-04 06:00:00,5,100.0,,2.0,1,1,0,0,0,0,0.5,weather_forecast,0,0,,,,,,,,,,,1,1,2.0,7,6,0,8,13.5,early_warning
situation_20231004_1800_6d4a38b8.pdf,2023-10-04,"Flood, Heavy Rain, Strong Wind, Lightning",6638,,,,,,,,,,11992.0,47963.0,0.0,0.0,0.0,3.0,644.0,2.0,0.0,10.0,220.0,930.0,True,grand_total,1800,2023-10-04 18:00:00,3,75.0,,0.0,1,1,0,0,0,0,2.0,weather_forecast,0,0,,,,,,,,,,,1,1,2.0,7,5,0,7,1.5,early_warning
situation_20231005_0600_f0f384be.pdf,2023-10-05,"Flood, Heavy Rain, Strong Wind, Lightning",6664,,,,,,,,,,12120.0,48821.0,0.0,1.0,0.0,3.0,686.0,2.0,0.0,10.0,220.0,930.0,True,grand_total,0600,2023-10-05 06:00:00,3,75.0,,0.0,1,1,0,0,0,0,0.5,weather_forecast,0,0,,,,,,,,,,,1,1,2.0,7,5,0,7,13.5,early_warning
situation_20231005_1800_81326948.pdf,2023-10-05,"Flood, Heavy Rain, Strong Wind",6941,,,,,,,,,,13627.0,55780.0,1.0,3.0,0.0,4.0,702.0,3.0,0.0,15.0,352.0,1473.0,True,grand_total,1800,2023-10-05 18:00:00,3,,,0.0,0,1,0,0,0,0,2.0,weather_forecast,0,0,,,,,,,,,,,1,1,2.0,7,2,0,7,1.5,early_warning
situation_20231006_0600_9f684dc4.pdf,2023-10-06,"Flood, Heavy Rain, Strong Wind",6941,,,,,,,,,,13627.0,55780.0,1.0,3.0,0.0,4.0,702.0,3.0,0.0,15.0,352.0,1473.0,True,grand_total,0600,2023-10-06 06:00:00,3,50.0,,0.0,1,1,0,0,0,0,0.5,weather_forecast,0,0,,,,,,,,,,,1,1,2.0,7,2,0,7,13.5,early_warning
situation_20231006_1800_8e2770f4.pdf,2023-10-06,"Flood, Heavy Rain, Strong Wind",7371,,,,,,,,,,13027.0,53399.0,6.0,20.0,0.0,5.0,720.0,3.0,1.0,16.0,381.0,1556.0,True,grand_total,1800,2023-10-06 18:00:00,4,100.0,,2.0,1,1,0,0,0,0,2.0,weather_forecast,0,0,,,,,,,,,,,1,1,2.0,9,4,0,9,9.0,early_warning
situation_20231007_0600_1f75ff63.pdf,2023-10-07,"Flood, Heavy Rain, Strong Wind",7371,,,,,,,,,,13027.0,53399.0,6.0,20.0,0.0,5.0,720.0,3.0,1.0,16.0,381.0,1556.0,True,grand_total,0600,2023-10-07 06:00:00,4,100.0,,2.0,1,1,0,0,0,0,0.5,weather_forecast,0,0,,,,,,,,,,,1,1,3.0,9,3,4,9,9.5,early_warning
situation_20231007_1800_fa8135b6.pdf,2023-10-07,"Flood, Heavy Rain, Strong Wind, Lightning",7528,,,,,,,,,,13351.0,54436.0,7.0,23.0,0.0,6.0,722.0,2.0,1.0,11.0,199.0,788.0,True,grand_total,1800,2023-10-07 18:00:00,4,100.0,,2.0,1,1,0,0,0,0,2.0,weather_forecast,0,0,,,,,,,,,,,1,1,3.0,7,6,3,9,3.5,warning
situation_20231008_0600_ba59071e.pdf,2023-10-08,"Flood, Heavy Rain, Strong Wind, Lightning",7531,,,,,,,,,,13352.0,54440.0,7.0,23.0,0.0,6.0,722.0,2.0,1.0,11.0,195.0,781.0,True,grand_total,0600,2023-10-08 06:00:00,4,100.0,,2.0,1,1,0,0,0,0,0.5,weather_forecast,0,0,,,,,,,,,,,1,1,3.0,8,7,3,10,11.0,early_warning
situation_20231008_1800_2719472b.pdf,2023-10-08,"Flood, Heavy Rain, Strong Wind, Lightning",8613,,,,,,,,,,18898.0,71320.0,2.0,6.0,0.0,12.0,1004.0,13.0,1.0,16.0,555.0,1910.0,True,grand_total,1800,2023-10-08 18:00:00,5,75.0,,0.0,1,1,0,0,0,0,2.0,weather_forecast,0,0,,,,,,,,,,,1,1,3.0,7,7,3,9,2.75,early_warning
situation_20231009_0600_3deb4c93.pdf,2023-10-09,"Flood, Heavy Rain, Strong Wind, Lightning",8672,,,,,,,,,,20480.0,75734.0,2.0,5.0,0.0,13.0,1125.0,13.0,1.0,20.0,1071.0,3870.0,True,grand_total,0600,2023-10-09 06:00:00,5,75.0,,0.0,1,1,0,0,0,0,0.5,weather_forecast,0,0,,,,,,,,,,,1,1,3.0,7,7,3,9,14.75,early_warning
situation_20231009_1800_8d7d02f4.pdf,2023-10-09,"Flood, Heavy Rain, Strong Wind, Lightning",9366,,,,,,,,,,12719.0,46052.0,2.0,6.0,0.0,27.0,1245.0,13.0,2.0,18.0,973.0,3455.0,True,grand_total,1800,2023-10-09 18:00:00,4,75.0,,2.0,1,1,0,0,0,0,2.0,weather_forecast,0,0,,,,,,,,,,,1,1,3.0,7,7,3,9,2.0,warning
situation_20231010_0600_54fc119d.pdf,2023-10-10,"Flood, Heavy Rain, Strong Wind, Lightning",9541,,,,,,,,,,12722.0,46060.0,2.0,6.0,0.0,28.0,1245.0,13.0,2.0,18.0,973.0,3455.0,True,grand_total,0600,2023-10-10 06:00:00,4,75.0,,2.0,1,1,0,0,0,0,0.5,weather_forecast,0,0,,,,,,,,,,,1,1,3.0,7,7,3,9,14.0,warning
situation_20231010_1800_93627e94.pdf,2023-10-10,"Flood, Heavy Rain, Strong Wind, Lightning",9939,,,,,,,,,,5690.0,20957.0,2.0,4.0,0.0,31.0,1296.0,13.0,2.0,13.0,312.0,1056.0,True,grand_total,1800,2023-10-10 18:00:00,4,75.0,,2.0,1,1,0,0,0,0,2.0,weather_forecast,0,0,,,,,,,,,,,1,1,3.0,4,7,1,7,2.5,warning
situation_20231011_0600_b1de019f.pdf,2023-10-11,"Flood, Heavy Rain, Strong Wind, Lightning",9939,,,,,,,,,,5690.0,20957.0,2.0,4.0,0.0,31.0,1296.0,13.0,2.0,13.0,312.0,1056.0,True,grand_total,0600,2023-10-11 06:00:00,4,75.0,,2.0,1,1,0,0,0,0,0.5,weather_forecast,0,0,,,,,,,,,,,1,1,3.0,4,7,1,7,14.5,warning
situation_20231011_1800_d85fbca0.pdf,2023-10-11,"Flood, Heavy Rain, Strong Wind, Lightning",10185,,,,,,,,,,5281.0,19328.0,2.0,4.0,0.0,32.0,1323.0,13.0,2.0,12.0,303.0,1023.0,True,grand_total,1800,2023-10-11 18:00:00,4,75.0,,2.0,1,1,0,0,0,0,2.0,weather_forecast,0,0,,,,,,,,,,,1,1,3.0,4,7,1,7,2.0,early_warning
situation_20231012_0600_91a1a5fb.pdf,2023-10-12,"Flood, Heavy Rain, Strong Wind, Lightning",9979,,,,,,,,,,5011.0,18394.0,2.0,4.0,0.0,33.0,1362.0,13.0,2.0,10.0,215.0,814.0,True,grand_total,0600,2023-10-12 06:00:00,4,75.0,,2.0,1,1,0,0,0,0,0.5,weather_forecast,0,0,,,,,,,,,,,1,1,3.0,4,7,1,7,14.0,early_warning
situation_20231012_1800_2224e172.pdf,2023-10-12,"Flood, Heavy Rain, Strong Wind, Lightning",11770,,,,,,,,,,4915.0,17950.0,3.0,4.0,0.0,33.0,1487.0,13.0,2.0,10.0,215.0,814.0,True,grand_total,1800,2023-10-12 18:00:00,3,75.0,,0.0,1,1,0,0,0,0,2.0,weather_forecast,0,0,,,,,,,,,,,1,1,2.0,8,7,0,10,2.0,early_warning
situation_20231013_0900_585f9217.pdf,2023-10-13,"Flood, Landslide, Heavy Rain, Strong Wind, Lightning",12236,,,,,,,,,,4847.0,18013.0,3.0,4.0,0.0,35.0,1520.0,14.0,4.0,12.0,211.0,823.0,True,grand_total,0900,2023-10-13 09:00:00,3,75.0,,0.0,1,1,0,0,0,0,3.5,weather_forecast,0,0,,,,,,,,,,,1,1,2.0,8,7,0,10,17.0,early_warning
situation_20231013_1800_fec7253a.pdf,2023-10-13,"Flood, Landslide, Heavy Rain, Strong Wind, Lightning",12294,,,,,,,,,,4860.0,18043.0,3.0,4.0,0.0,34.0,1492.0,14.0,4.0,12.0,211.0,823.0,True,grand_total,1800,2023-10-13 18:00:00,3,75.0,,0.0,1,1,0,0,0,0,2.0,weather_forecast,0,0,,,,,,,,,,,1,1,2.0,8,4,0,10,2.0,early_warning
situation_20231014_0900_3dbbad52.pdf,2023-10-14,"Flood, Landslide, Heavy Rain, Strong Wind, Lightning",7190,,,,,,,,,,2367.0,8895.0,2.0,1.0,0.0,28.0,1161.0,11.0,0.0,8.0,171.0,586.0,True,grand_total,0900,2023-10-14 09:00:00,3,75.0,,0.0,1,1,0,0,0,0,3.5,weather_forecast,0,0,,,,,,,,,,,1,1,2.0,8,4,0,10,17.0,early_warning
situation_20231015_0900_5f12368c.pdf,2023-10-15,"Flood, Landslide, Heavy Rain, Strong Wind",7072,,,,,,,,,,2373.0,8974.0,2.0,1.0,0.0,27.0,1152.0,11.0,0.0,9.0,238.0,845.0,True,grand_total,0900,2023-10-15 09:00:00,4,75.0,,2.0,1,1,0,0,0,0,3.5,weather_forecast,0,0,,,,,,,,,,,1,1,3.0,8,5,1,10,13.0,early_warning
situation_20231016_0900_b625096c.pdf,2023-10-16,"Flood, Landslide, Heavy Rain",6679,,,,,,,,,,2323.0,8869.0,2.0,1.0,0.0,27.0,1126.0,11.0,0.0,10.0,242.0,897.0,True,grand_total,0900,2023-10-16 09:00:00,4,100.0,,2.0,1,1,0,0,0,0,3.5,weather_forecast,0,0,,,,,,,,,,,1,1,3.0,8,6,1,10,17.0,early_warning
situation_20231017_0900_bf18ee49.pdf,2023-10-17,"Flood, Landslide, Heavy Rain, Strong Wind, Lightning",7974,,,,,,,,,,2297.0,8714.0,1.0,6.0,0.0,27.0,1171.0,13.0,0.0,6.0,131.0,491.0,True,grand_total,0900,2023-10-17 09:00:00,3,100.0,,0.0,1,1,0,0,0,0,3.5,weather_forecast,0,0,,,,,,,,,,,1,1,2.0,9,2,0,9,17.0,early_warning
situation_20231018_0900_387c931f.pdf,2023-10-18,"Flood, Landslide, Heavy Rain, Strong Wind, Lightning",8826,,,,,,,,,,2420.0,9173.0,2.0,5.0,0.0,28.0,1233.0,15.0,0.0,9.0,173.0,622.0,True,grand_total,0900,2023-10-18 09:00:00,4,100.0,,0.0,1,1,0,0,0,0,3.5,weather_forecast,0,0,,,,,,,,,,,1,1,2.0,9,2,0,9,18.0,early_warning
situation_20231019_0900_88d1c529.pdf,2023-10-19,"Flood, Landslide, Heavy Rain, Strong Wind, Lightning",7589,,,,,,,,,,2151.0,8328.0,1.0,3.0,0.0,24.0,974.0,5.0,0.0,7.0,155.0,556.0,True,grand_total,0900,2023-10-19 09:00:00,3,100.0,,0.0,1,1,0,0,0,0,3.5,weather_forecast,0,0,,,,,,,,,,,1,1,2.0,9,5,0,10,17.5,early_warning
situation_20231020_0900_7137cc39.pdf,2023-10-20,"Flood, Landslide, Heavy Rain, Strong Wind, Lightning",6574,,,,,,,,,,2215.0,8466.0,1.0,3.0,0.0,25.0,949.0,2.0,0.0,7.0,155.0,556.0,True,grand_total,0900,2023-10-20 09:00:00,3,75.0,,0.0,1,1,0,0,0,0,3.5,weather_forecast,0,0,,,,,,,,,,,1,1,2.0,8,5,0,9,18.0,early_warning
situation_20231021_0900_e48b577f.pdf,2023-10-21,"Flood, Landslide, Heavy Rain, Strong Wind, Lightning",6165,,,,,,,,,,3423.0,13658.0,1.0,3.0,0.0,23.0,950.0,2.0,0.0,7.0,132.0,499.0,True,grand_total,0900,2023-10-21 09:00:00,3,75.0,,0.0,1,1,0,0,1,0,3.5,weather_forecast,0,0,,,,,,,,,,,1,1,2.0,8,4,0,9,18.0,warning
situation_20231022_0900_e2c50dd5.pdf,2023-10-22,"Flood, Landslide, Heavy Rain",4593,,,,,,,,,,2087.0,8087.0,1.0,3.0,0.0,23.0,923.0,2.0,0.0,7.0,132.0,499.0,True,grand_total,0900,2023-10-22 09:00:00,3,100.0,,0.0,1,1,0,0,1,0,3.5,weather_forecast,0,0,,,,,,,,,,,1,1,2.0,8,4,0,9,17.0,early_warning
situation_20231023_0900_542f56a7.pdf,2023-10-23,"Flood, Landslide, Heavy Rain",3153,,,,,,,,,,2.0,5.0,1.0,1.0,0.0,0.0,2.0,0.0,0.0,8.0,147.0,560.0,True,grand_total,0900,2023-10-23 09:00:00,3,100.0,,0.0,1,1,0,0,0,0,3.5,weather_forecast,0,0,,,,,,,,,,,1,1,2.0,7,4,0,8,17.0,warning
situation_20231024_0900_a71f366a.pdf,2023-10-24,"Flood, Landslide, Heavy Rain, Strong Wind, Lightning",5357,,,,,,,,,,3912.0,10584.0,0.0,1.0,0.0,25.0,811.0,14.0,0.0,8.0,200.0,689.0,True,grand_total,0900,2023-10-24 09:00:00,4,75.0,,2.0,1,1,0,0,1,1,3.5,weather_forecast,0,0,,,,,,,,,,,1,1,2.0,9,4,0,10,18.0,early_warning
situation_20231025_1500_2798a212.pdf,2023-10-25,"Flood, Landslide, Heavy Rain, Strong Wind, Lightning",4439,,,,,,,,,,4264.0,11988.0,0.0,0.0,0.0,25.0,972.0,0.0,0.0,9.0,217.0,728.0,True,grand_total,1500,2023-10-25 15:00:00,4,75.0,,1.0,1,1,0,0,0,1,3.0,weather_forecast,0,0,,,,,,,,,,,1,1,2.0,10,2,0,10,0.0,warning
situation_20231026_0900_84f5120b.pdf,2023-10-26,"Flood, Landslide, Heavy Rain, Strong Wind, Lightning",5388,,,,,,,,,,1956.0,7439.0,0.0,0.0,0.0,26.0,996.0,0.0,0.0,9.0,214.0,732.0,True,grand_total,0900,2023-10-26 09:00:00,3,50.0,,0.0,1,1,0,0,0,0,3.5,weather_forecast,0,0,,,,,,,,,,,1,1,2.0,10,2,0,10,18.0,warning
situation_20231026_1800_527d28d4.pdf,2023-10-26,Flood,1889,,,,,,,,,,,,,,,,,,,,,,False,non_situation_report,1800,2023-10-26 18:00:00,3,50.0,,0.0,1,1,0,0,0,0,2.0,weather_forecast,0,0,,,,,,,,,,,1,0,0.0,0,0,0,0,3.0,early_warning
situation_20231027_0900_27422d6b.pdf,2023-10-27,"Flood, Landslide, Heavy Rain, Strong Wind, Lightning",4851,,,,,,,,,,1907.0,7462.0,0.0,0.0,0.0,24.0,952.0,0.0,0.0,9.0,214.0,732.0,True,grand_total,0900,2023-10-27 09:00:00,3,50.0,,0.0,1,1,0,0,0,0,3.5,weather_forecast,0,0,,,,,,,,,,,1,0,0.0,0,0,0,0,18.0,early_warning
situation_20231028_0900_20c60737.pdf,2023-10-28,"Flood, Landslide, Heavy Rain, Strong Wind, Lightning",4527,,,,,,,,,,1791.0,6848.0,0.0,0.0,0.0,24.0,957.0,0.0,0.0,9.0,214.0,732.0,True,grand_total,0900,2023-10-28 09:00:00,3,100.0,,0.0,1,1,0,0,0,0,3.5,weather_forecast,0,0,,,,,,,,,,,1,1,2.0,4,3,0,5,18.0,early_warning
situation_20231029_0900_08c66bdf.pdf,2023-10-29,"Flood, Landslide, Heavy Rain",3211,,,,,,,,,,1613.0,6160.0,0.0,0.0,0.0,24.0,781.0,0.0,0.0,9.0,214.0,732.0,True,grand_total,0900,2023-10-29 09:00:00,5,100.0,,2.0,1,1,0,0,0,0,3.5,weather_forecast,0,0,,,,,,,,,,,1,1,2.0,6,2,0,6,18.0,early_warning
situation_20231030_0900_b59fbda1.pdf,2023-10-30,"Flood, Landslide, Heavy Rain",3214,,,,,,,,,,1613.0,6160.0,0.0,0.0,0.0,24.0,781.0,0.0,0.0,9.0,214.0,732.0,True,grand_total,0900,2023-10-30 09:00:00,3,75.0,,0.0,1,1,0,0,0,0,3.5,weather_forecast,0,0,,,,,,,,,,,1,1,2.0,9,2,0,9,11.25,early_warning
situation_20231031_0900_a3f8cc03.pdf,2023-10-31,"Flood, Landslide, Heavy Rain, Strong Wind, Lightning",5708,,,,,,,,,,1690.0,6443.0,0.0,0.0,0.0,24.0,848.0,2.0,0.0,9.0,214.0,732.0,True,grand_total,0900,2023-10-31 09:00:00,3,75.0,,0.0,1,1,0,0,0,0,3.5,weather_forecast,0,0,,,,,,,,,,,1,1,2.0,10,3,0,11,13.5,early_warning
situation_20231101_0900_3e95677d.pdf,2023-11-01,"Flood, Landslide, Heavy Rain, Strong Wind, Lightning",5222,,,,,,,,,,1498.0,5755.0,0.0,0.0,0.0,21.0,711.0,1.0,0.0,8.0,192.0,669.0,True,grand_total,0900,2023-11-01 09:00:00,3,100.0,,0.0,1,1,0,0,0,0,3.5,weather_forecast,0,0,,,,,,,,,,,1,1,2.0,10,3,0,11,17.75,early_warning
situation_20231102_0900_56e2d4a8.pdf,2023-11-02,"Flood, Landslide, Heavy Rain, Strong Wind, Lightning",4177,,,,,,,,,,1502.0,5780.0,0.0,2.0,0.0,21.0,712.0,5.0,0.0,8.0,192.0,669.0,True,grand_total,0900,2023-11-02 09:00:00,4,100.0,,2.0,1,1,0,0,0,0,3.5,weather_forecast,0,0,,,,,,,,,,,1,1,2.0,10,3,0,11,18.0,early_warning
situation_20231103_0900_7cdd2e55.pdf,2023-11-03,"Flood, Landslide, Heavy Rain, Strong Wind, Lightning",6432,,,,,,,,,,1752.0,6723.0,1.0,0.0,0.0,21.0,763.0,5.0,0.0,11.0,225.0,809.0,True,grand_total,0900,2023-11-03 09:00:00,3,100.0,,0.0,1,1,0,0,0,0,3.5,weather_forecast,0,0,,,,,,,,,,,1,1,2.0,10,3,0,11,17.0,early_warning
situation_20231104_0900_2e47ff92.pdf,2023-11-04,"Flood, Landslide, Heavy Rain, Lightning",4877,,,,,,,,,,372.0,1415.0,1.0,3.0,0.0,0.0,45.0,1.0,0.0,10.0,158.0,564.0,True,grand_total,0900,2023-11-04 09:00:00,4,100.0,,2.0,1,1,0,0,0,0,3.5,weather_forecast,0,0,,,,,,,,,,,1,0,0.0,0,0,0,0,41.0,early_warning
situation_20231105_0900_65e7a8f0.pdf,2023-11-05,"Flood, Landslide, Heavy Rain",3885,,,,,,,,,,88.0,362.0,1.0,0.0,0.0,0.0,0.0,0.0,0.0,17.0,425.0,1111.0,True,grand_total,0900,2023-11-05 09:00:00,4,75.0,,2.0,1,1,0,0,0,0,3.5,weather_forecast,0,0,,,,,,,,,,,1,1,2.0,8,3,0,8,18.0,early_warning
situation_20231106_0900_3a9048a2.pdf,2023-11-06,"Flood, Landslide, Heavy Rain, Strong Wind, Lightning",4611,,,,,,,,,,69.0,267.0,2.0,0.0,0.0,0.0,3.0,0.0,0.0,17.0,389.0,959.0,True,grand_total,0900,2023-11-06 09:00:00,4,75.0,,2.0,1,1,0,0,0,0,3.5,weather_forecast,0,0,,,,,,,,,,,1,1,2.0,5,3,0,5,18.0,early_warning
situation_20231107_0900_afdd3b4d.pdf,2023-11-07,"Flood, Landslide, Heavy Rain, Strong Wind, Lightning",7907,,,,,,,,,,3066.0,10892.0,1.0,2.0,0.0,2.0,190.0,0.0,0.0,16.0,210.0,740.0,True,grand_total,0900,2023-11-07 09:00:00,4,100.0,,2.0,1,1,0,0,0,0,3.5,weather_forecast,0,0,,,,,,,,,,,1,1,2.0,5,3,0,6,17.5,early_warning
situation_20231108_0900_7278ea17.pdf,2023-11-08,"Flood, Landslide, Heavy Rain, Strong Wind, Lightning",7236,,,,,,,,,,3935.0,14558.0,0.0,0.0,0.0,2.0,162.0,0.0,0.0,22.0,371.0,1350.0,True,grand_total,0900,2023-11-08 09:00:00,4,75.0,,2.0,1,1,0,0,0,0,3.5,weather_forecast,0,0,,,,,,,,,,,1,1,2.0,5,3,0,6,17.0,early_warning
situation_20231109_0900_347788a7.pdf,2023-11-09,"Flood, Landslide, Heavy Rain, Strong Wind, Lightning",7747,,,,,,,,,,5949.0,22634.0,0.0,0.0,0.0,0.0,248.0,0.0,2.0,28.0,479.0,1743.0,True,grand_total,0900,2023-11-09 09:00:00,4,75.0,,2.0,1,1,0,0,0,0,3.5,weather_forecast,0,0,,,,,,,,,,,1,1,2.0,5,3,0,6,18.0,early_warning
situation_20231110_0900_1d543a88.pdf,2023-11-10,"Flood, Landslide, Heavy Rain, Strong Wind, Lightning",5444,,,,,,,,,,5375.0,20578.0,0.0,0.0,0.0,1.0,89.0,1.0,2.0,25.0,398.0,1450.0,True,grand_total,0900,2023-11-10 09:00:00,3,75.0,,2.0,1,1,0,0,0,0,3.5,weather_forecast,0,0,,,,,,,,,,,1,1,2.0,7,4,0,8,10.5,early_warning
situation_20231111_0900_c07bcca6.pdf,2023-11-11,"Flood, Landslide, Heavy Rain, Strong Wind, Lightning",5545,,,,,,,,,,5992.0,23132.0,0.0,2.0,0.0,1.0,268.0,1.0,0.0,25.0,415.0,1511.0,True,grand_total,0900,2023-11-11 09:00:00,3,50.0,,0.0,1,1,0,0,0,0,3.5,weather_forecast,0,0,,,,,,,,,,,1,1,2.0,7,4,0,8,18.0,warning
situation_20231112_0900_7cef4317.pdf,2023-11-12,"Flood, Landslide, Heavy Rain, Strong Wind",4373,,,,,,,,,,5523.0,21386.0,0.0,0.0,0.0,1.0,252.0,0.0,0.0,25.0,415.0,1511.0,True,grand_total,0900,2023-11-12 09:00:00,3,100.0,,0.0,1,1,0,0,0,0,3.5,weather_forecast,0,0,,,,,,,,,,,1,1,2.0,7,4,0,8,18.0,early_warning
situation_20231113_0900_04c8a991.pdf,2023-11-13,"Flood, Landslide, Heavy Rain",4307,,,,,,,,,,5304.0,20549.0,0.0,0.0,4.0,1.0,8.0,0.0,0.0,22.0,428.0,1569.0,True,grand_total,0900,2023-11-13 09:00:00,6,100.0,,2.0,1,1,0,0,0,0,3.5,weather_forecast,0,0,,,,,,,,,,,1,1,2.0,6,2,0,6,18.0,warning
situation_20231114_0900_d00d0358.pdf,2023-11-14,"Flood, Landslide, Heavy Rain, Strong Wind, Lightning",7437,,,,,,,,,,5733.0,21697.0,2.0,2.0,4.0,2.0,183.0,4.0,7.0,13.0,164.0,551.0,True,grand_total,0900,2023-11-14 09:00:00,4,100.0,,2.0,1,1,0,0,0,0,3.5,weather_forecast,0,0,,,,,,,,,,,1,1,2.0,6,2,0,6,18.0,early_warning
situation_20231115_0900_1892f5a0.pdf,2023-11-15,"Flood, Landslide, Heavy Rain, Strong Wind, Lightning",5444,,,,,,,,,,2900.0,10660.0,4.0,2.0,0.0,2.0,48.0,0.0,1.0,10.0,154.0,513.0,True,grand_total,0900,2023-11-15 09:00:00,3,75.0,,0.0,1,1,0,0,0,0,3.5,weather_forecast,0,0,,,,,,,,,,,1,1,2.0,7,2,0,7,17.5,early_warning
situation_20231116_0900_70b221d4.pdf,2023-11-16,"Flood, Landslide, Heavy Rain, Strong Wind, Lightning",5736,,,,,,,,,,3766.0,14260.0,1.0,5.0,0.0,0.0,138.0,4.0,6.0,10.0,154.0,510.0,True,grand_total,0900,2023-11-16 09:00:00,3,50.0,,0.0,1,1,0,0,0,0,3.5,weather_forecast,0,0,,,,,,,,,,,1,1,2.0,2,2,0,3,17.5,early_warning
situation_20231117_0900_2a3cf004.pdf,2023-11-17,"Flood, Landslide, Heavy Rain, Strong Wind, Lightning",5251,,,,,,,,,,2662.0,9831.0,0.0,5.0,0.0,0.0,67.0,1.0,6.0,10.0,154.0,510.0,True,grand_total,0900,2023-11-17 09:00:00,3,50.0,,0.0,1,1,0,0,0,0,3.5,weather_forecast,0,0,,,,,,,,,,,1,1,2.0,4,1,0,4,11.0,early_warning
situation_20231118_0900_7b8ae302.pdf,2023-11-18,"Flood, Landslide, Heavy Rain, Strong Wind, Lightning",5308,,,,,,,,,,1680.0,6089.0,0.0,5.0,0.0,0.0,53.0,0.0,6.0,11.0,157.0,520.0,True,grand_total,0900,2023-11-18 09:00:00,3,100.0,,0.0,1,1,0,0,0,0,3.5,weather_forecast,0,0,,,,,,,,,,,1,1,2.0,4,4,0,6,13.5,early_warning
situation_20231119_0900_7fadec90.pdf,2023-11-19,"Flood, Landslide, Heavy Rain",2858,,,,,,,,,,0.0,0.0,0.0,0.0,0.0,0.0,0.0,0.0,0.0,8.0,142.0,463.0,True,grand_total,0900,2023-11-19 09:00:00,5,100.0,,2.0,1,1,0,0,0,0,3.5,weather_forecast,0,0,,,,,,,,,,,1,1,2.0,8,5,0,8,13.5,early_warning
situation_20231120_0900_285f5028.pdf,2023-11-20,"Flood, Landslide, Heavy Rain",3070,,,,,,,,,,1.0,1.0,1.0,0.0,0.0,0.0,0.0,0.0,0.0,8.0,142.0,463.0,True,grand_total,0900,2023-11-20 09:00:00,5,100.0,,2.0,1,1,0,0,0,0,3.5,weather_forecast,0,0,,,,,,,,,,,1,1,3.0,6,6,1,8,15.5,early_warning
situation_20231121_0900_08d3d55b.pdf,2023-11-21,"Flood, Landslide, Heavy Rain, Lightning",3472,,,,,,,,,,190.0,652.0,0.0,0.0,0.0,1.0,62.0,0.0,0.0,11.0,238.0,817.0,True,grand_total,0900,2023-11-21 09:00:00,3,75.0,,0.0,1,1,0,0,0,0,3.5,weather_forecast,0,0,,,,,,,,,,,1,1,3.0,7,6,1,8,16.0,early_warning
situation_20231122_0900_f85f8676.pdf,2023-11-22,"Flood, Landslide, Heavy Rain, Strong Wind, Lightning",5399,,,,,,,,,,798.0,2930.0,1.0,0.0,0.0,3.0,116.0,0.0,0.0,11.0,191.0,639.0,True,grand_total,0900,2023-11-22 09:00:00,3,100.0,,2.0,1,1,0,0,0,0,3.5,weather_forecast,0,0,,,,,,,,,,,1,1,2.0,8,6,0,9,13.0,warning
situation_20231123_0900_dd2b9d20.pdf,2023-11-23,"Flood, Landslide, Heavy Rain, Strong Wind, Lightning",4928,,,,,,,,,,127.0,517.0,3.0,0.0,0.0,1.0,37.0,0.0,0.0,12.0,198.0,662.0,True,grand_total,0900,2023-11-23 09:00:00,4,100.0,,2.0,1,1,0,0,0,0,3.5,weather_forecast,0,0,,,,,,,,,,,1,1,3.0,10,5,2,10,12.5,warning
situation_20231124_0900_64ff2f13.pdf,2023-11-24,"Flood, Landslide, Heavy Rain, Strong Wind, Lightning",5863,,,,,,,,,,1419.0,5318.0,1.0,0.0,1.0,4.0,114.0,0.0,0.0,18.0,430.0,1562.0,True,grand_total,0900,2023-11-24 09:00:00,3,,,0.0,0,1,0,0,0,0,3.5,weather_forecast,0,0,,,,,,,,,,,1,1,3.0,10,5,2,10,17.5,early_warning
situation_20231125_0900_935424e9.pdf,2023-11-25,"Flood, Landslide, Heavy Rain, Lightning",6682,,,,,,,,,,3449.0,13077.0,0.0,0.0,1.0,5.0,186.0,0.0,0.0,23.0,589.0,2192.0,True,grand_total,0900,2023-11-25 09:00:00,3,,,0.0,0,1,0,0,0,0,3.5,weather_forecast,0,0,,,,,,,,,,,1,1,3.0,10,5,1,10,17.5,early_warning
situation_20231126_0900_e1c2ac82.pdf,2023-11-26,"Flood, Landslide, Heavy Rain",3652,,,,,,,,,,1198.0,4898.0,1.0,0.0,1.0,0.0,6.0,0.0,0.0,10.0,186.0,611.0,True,grand_total,0900,2023-11-26 09:00:00,3,,,0.0,0,1,0,0,0,0,3.5,weather_forecast,0,0,,,,,,,,,,,1,1,3.0,4,1,1,4,17.5,early_warning
situation_20231127_0900_72896cac.pdf,2023-11-27,"Flood, Landslide, Heavy Rain",3674,,,,,,,,,,1198.0,4898.0,1.0,0.0,1.0,0.0,6.0,0.0,0.0,10.0,186.0,611.0,True,grand_total,0900,2023-11-27 09:00:00,3,75.0,,0.0,1,1,0,0,0,0,3.5,weather_forecast,0,0,,,,,,,,,,,1,1,3.0,4,1,1,4,17.5,warning
situation_20231128_0900_2eff2b97.pdf,2023-11-28,"Flood, Landslide, Heavy Rain, Strong Wind, Lightning",5129,,,,,,,,,,223.0,831.0,1.0,0.0,1.0,1.0,116.0,6.0,0.0,10.0,194.0,636.0,True,grand_total,0900,2023-11-28 09:00:00,3,75.0,,0.0,1,1,0,0,1,0,3.5,weather_forecast,0,0,,,,,,,,,,,1,1,3.0,4,1,1,4,17.5,early_warning
situation_20231129_0900_39191992.pdf,2023-11-29,"Landslide, Heavy Rain, Lightning",3522,,,,,,,,,,286.0,1029.0,0.0,0.0,1.0,0.0,85.0,6.0,0.0,12.0,295.0,947.0,True,grand_total,0900,2023-11-29 09:00:00,5,100.0,,2.0,1,1,0,0,1,1,3.0,weather_forecast,0,0,,,,,,,,,,,1,0,0.0,0,0,0,0,41.5,early_warning
situation_20231130_0900_93088f23.pdf,2023-11-30,"Landslide, Heavy Rain, Lightning",4339,,,,,,,,,,298.0,1075.0,0.0,0.0,0.0,0.0,102.0,6.0,0.0,12.0,295.0,947.0,True,grand_total,0900,2023-11-30 09:00:00,3,100.0,,0.0,1,1,0,0,1,1,3.5,weather_forecast,0,0,,,,,,,,,,,1,1,3.0,3,1,1,3,17.0,warning
situation_20231201_0900_5571574e.pdf,2023-12-01,"Flood, Landslide, Heavy Rain, Lightning",4198,,,,,,,,,,386.0,1403.0,0.0,0.0,0.0,0.0,102.0,8.0,0.0,12.0,295.0,947.0,True,grand_total,0900,2023-12-01 09:00:00,3,100.0,,0.0,1,1,0,0,1,1,3.5,weather_forecast,0,0,,,,,,,,,,,1,1,2.0,4,1,0,4,17.0,early_warning
situation_20231202_0900_eb632984.pdf,2023-12-02,"Flood, Landslide, Heavy Rain, Strong Wind, Lightning",4779,,,,,,,,,,133.0,451.0,0.0,0.0,0.0,0.0,28.0,0.0,0.0,11.0,277.0,888.0,True,grand_total,0900,2023-12-02 09:00:00,5,100.0,50.0,2.0,1,1,1,0,1,1,3.5,weather_forecast,0,0,,,,,,,,,,,1,1,2.0,4,1,0,4,17.25,early_warning
situation_20231203_0900_79232667.pdf,2023-12-03,"Flood, Landslide, Strong Wind",3424,,,,,,,,,,75.0,221.0,0.0,0.0,0.0,0.0,7.0,0.0,0.0,12.0,217.0,741.0,True,grand_total,0900,2023-12-03 09:00:00,4,100.0,50.0,2.0,1,1,1,0,1,1,3.5,weather_forecast,0,0,,,,,,,,,,,1,1,2.0,3,1,0,3,17.5,early_warning
situation_20231204_0900_bd046532.pdf,2023-12-04,Landslide,2836,,,,,,,,,,0.0,0.0,0.0,0.0,0.0,0.0,0.0,0.0,0.0,12.0,217.0,741.0,True,grand_total,0900,2023-12-04 09:00:00,3,75.0,,0.0,1,1,0,0,1,1,3.5,weather_forecast,0,0,,,,,,,,,,,1,1,2.0,2,1,0,3,3.0,early_warning
situation_20231205_0900_372ddd17.pdf,2023-12-05,"Flood, Landslide, Heavy Rain, Strong Wind, Lightning",5158,,,,,,,,,,123.0,454.0,0.0,0.0,0.0,1.0,56.0,2.0,0.0,12.0,183.0,621.0,True,grand_total,0900,2023-12-05 09:00:00,4,100.0,,2.0,1,1,0,0,0,1,3.5,weather_forecast,0,0,,,,,,,,,,,1,1,3.0,7,3,1,7,19.5,early_warning
situation_20231206_0900_069dc60b.pdf,2023-12-06,"Landslide, Heavy Rain, Strong Wind, Lightning",4520,,,,,,,,,,44.0,169.0,0.0,0.0,0.0,1.0,41.0,0.0,0.0,11.0,165.0,589.0,True,grand_total,0900,2023-12-06 09:00:00,3,,,0.0,0,1,0,0,0,1,3.5,weather_forecast,0,0,,,,,,,,,,,1,1,2.0,7,4,0,7,19.0,early_warning
situation_20231207_0900_57026bad.pdf,2023-12-07,"Flood, Landslide, Heavy Rain, Strong Wind, Lightning",4442,,,,,,,,,,53.0,153.0,1.0,0.0,0.0,0.0,24.0,0.0,0.0,11.0,165.0,589.0,True,grand_total,0900,2023-12-07 09:00:00,3,100.0,,0.0,1,1,0,0,0,0,3.5,weather_forecast,0,0,,,,,,,,,,,1,1,2.0,7,3,0,7,17.5,early_warning
situation_20231208_0900_4ebd3246.pdf,2023-12-08,"Landslide, Heavy Rain, Strong Wind",3523,,,,,,,,,,8.0,38.0,0.0,0.0,0.0,1.0,7.0,0.0,0.0,11.0,165.0,589.0,True,grand_total,0900,2023-12-08 09:00:00,3,75.0,,0.0,1,1,0,0,0,0,3.5,weather_forecast,0,0,,,,,,,,,,,1,1,2.0,4,1,0,4,12.0,early_warning
situation_20231209_0900_ff6f4706.pdf,2023-12-09,"Flood, Landslide, Heavy Rain, Lightning",4330,,,,,,,,,,123.0,500.0,1.0,1.0,0.0,0.0,51.0,440.0,0.0,11.0,176.0,589.0,True,grand_total,0900,2023-12-09 09:00:00,3,100.0,,0.0,1,1,0,0,0,0,3.5,weather_forecast,0,0,,,,,,,,,,,1,1,2.0,9,3,0,9,17.2,early_warning
situation_20231210_0900_ed2d4bc2.pdf,2023-12-10,"Landslide, Heavy Rain, Strong Wind",3397,,,,,,,,,,31.0,141.0,3.0,2.0,0.0,0.0,1.0,0.0,0.0,11.0,176.0,589.0,True,grand_total,0900,2023-12-10 09:00:00,3,100.0,,0.0,1,1,0,0,0,0,3.5,weather_forecast,0,0,,,,,,,,,,,1,1,2.0,9,4,0,9,16.766666666666666,early_warning
situation_20231211_0900_372450e8.pdf,2023-12-11,"Landslide, Heavy Rain",2913,,,,,,,,,,83.0,279.0,0.0,0.0,0.0,0.0,0.0,0.0,0.0,11.0,176.0,589.0,True,grand_total,0900,2023-12-11 09:00:00,3,75.0,,0.0,1,1,0,0,0,0,3.5,weather_forecast,0,0,,,,,,,,,,,1,1,2.0,9,4,0,9,17.5,early_warning
situation_20231212_0900_6d73fe7e.pdf,2023-12-12,"Flood, Landslide, Heavy Rain, Strong Wind, Lightning",5454,,,,,,,,,,265.0,946.0,1.0,3.0,0.0,7.0,87.0,1.0,0.0,11.0,176.0,589.0,True,grand_total,0900,2023-12-12 09:00:00,3,75.0,,0.0,1,1,0,0,0,0,3.5,weather_forecast,0,0,,,,,,,,,,,1,1,2.0,9,4,0,9,17.0,early_warning
situation_20231213_0900_2f8034f2.pdf,2023-12-13,"Flood, Landslide, Heavy Rain, Lightning",5075,,,,,,,,,,666.0,2250.0,0.0,1.0,0.0,7.0,35.0,1.0,2.0,11.0,176.0,589.0,True,grand_total,0900,2023-12-13 09:00:00,3,75.0,,0.0,1,1,0,0,0,0,3.5,weather_forecast,0,0,,,,,,,,,,,1,1,2.0,10,5,0,10,17.0,early_warning
situation_20231214_0900_a68e8626.pdf,2023-12-14,"Flood, Landslide, Heavy Rain, Strong Wind, Lightning",4147,,,,,,,,,,127.0,456.0,0.0,0.0,0.0,7.0,33.0,4.0,0.0,11.0,176.0,589.0,True,grand_total,0900,2023-12-14 09:00:00,4,100.0,,2.0,1,1,0,0,0,0,3.5,weather_forecast,0,0,,,,,,,,,,,1,1,2.0,10,5,0,10,17.5,early_warning
situation_20231215_0900_7b55f01d.pdf,2023-12-15,"Flood, Landslide, Heavy Rain, Lightning",4659,,,,,,,,,,237.0,840.0,1.0,0.0,0.0,7.0,21.0,0.0,0.0,11.0,176.0,589.0,True,grand_total,0900,2023-12-15 09:00:00,4,100.0,,2.0,1,1,0,0,0,0,1.0,heavy_rain,0,0,,,,,,,,,,,1,1,2.0,10,5,0,10,17.5,early_warning
situation_20231216_0900_b8b6d0f9.pdf,2023-12-16,"Flood, Landslide, Heavy Rain, Strong Wind, Lightning",4995,,,,,,,,,,2271.0,7061.0,0.0,1.0,0.0,0.0,33.0,0.0,0.0,15.0,212.0,700.0,True,grand_total,0900,2023-12-16 09:00:00,3,100.0,,0.0,1,1,0,0,0,0,3.5,weather_forecast,0,0,,,,,,,,,,,1,1,2.0,11,6,0,11,17.5,early_warning
situation_20231217_0900_14a57581.pdf,2023-12-17,"Flood, Landslide, Heavy Rain",4435,,,,,,,,,,2256.0,7181.0,0.0,0.0,0.0,0.0,32.0,1.0,0.0,25.0,490.0,1625.0,True,grand_total,0900,2023-12-17 09:00:00,5,100.0,,2.0,1,1,0,0,0,0,3.216666666666667,weather_forecast,0,0,,,,,,,,,,,1,1,2.0,11,6,0,11,17.5,warning
situation_20231218_0900_f9070bb1.pdf,2023-12-18,"Flood, Landslide, Heavy Rain, Strong Wind",4581,,,,,,,,,,1732.0,5815.0,0.0,0.0,0.0,0.0,16.0,1.0,0.0,22.0,540.0,1771.0,True,grand_total,0900,2023-12-18 09:00:00,3,75.0,,0.0,1,1,0,0,0,0,3.5,weather_forecast,0,0,,,,,,,,,,,1,1,2.0,11,6,0,11,17.5,warning
situation_20231219_0900_87c1419e.pdf,2023-12-19,"Flood, Landslide, Heavy Rain, Strong Wind, Lightning",6946,,,,,,,,,,3200.0,10958.0,0.0,1.0,0.0,0.0,61.0,0.0,0.0,32.0,849.0,2796.0,True,grand_total,0900,2023-12-19 09:00:00,3,75.0,,0.0,1,1,0,0,0,0,3.5,weather_forecast,0,0,,,,,,,,,,,1,1,2.0,11,7,0,11,17.5,early_warning
situation_20231220_0900_c467fed6.pdf,2023-12-20,"Flood, Landslide, Heavy Rain, Strong Wind, Lightning",6673,,,,,,,,,,2394.0,8196.0,0.0,0.0,0.0,0.0,52.0,1.0,0.0,30.0,1140.0,3648.0,True,grand_total,0900,2023-12-20 09:00:00,3,,,0.0,0,1,0,0,0,0,3.5,weather_forecast,0,0,,,,,,,,,,,1,1,2.0,10,7,0,10,17.0,early_warning
situation_20231221_0900_243a5660.pdf,2023-12-21,"Flood, Landslide, Heavy Rain, Strong Wind, Lightning",6695,,,,,,,,,,8925.0,28973.0,0.0,0.0,0.0,10.0,170.0,3.0,0.0,18.0,499.0,1581.0,True,grand_total,0900,2023-12-21 09:00:00,3,,,0.0,0,1,0,0,0,0,3.5,weather_forecast,0,0,,,,,,,,,,,1,1,2.0,10,3,0,10,17.5,early_warning
situation_20231222_0900_9c84acdf.pdf,2023-12-22,"Flood, Landslide, Heavy Rain",6350,,,,,,,,,,9402.0,30377.0,0.0,0.0,0.0,9.0,162.0,1.0,0.0,14.0,233.0,783.0,True,grand_total,0900,2023-12-22 09:00:00,3,,,0.0,0,1,0,0,0,0,3.5,weather_forecast,0,0,,,,,,,,,,,1,0,0.0,0,0,0,0,41.5,early_warning
situation_20231223_0900_6edf433b.pdf,2023-12-23,"Flood, Landslide, Heavy Rain",5978,,,,,,,,,,9213.0,29805.0,0.0,1.0,0.0,9.0,164.0,1.0,0.0,13.0,213.0,737.0,True,grand_total,0900,2023-12-23 09:00:00,3,,40.0,0.0,0,1,1,0,0,0,3.5,weather_forecast,0,0,,,,,,,,,,,1,0,0.0,0,0,0,0,65.5,early_warning
situation_20231224_0900_963899a9.pdf,2023-12-24,"Flood, Landslide, Heavy Rain",5200,,,,,,,,,,9205.0,29814.0,0.0,1.0,0.0,9.0,156.0,1.0,0.0,12.0,190.0,662.0,True,grand_total,0900,2023-12-24 09:00:00,3,,40.0,0.0,0,1,1,0,0,0,3.5,weather_forecast,0,0,,,,,,,,,,,1,0,0.0,0,0,0,0,89.5,early_warning
situation_20231226_0900_6b5e8b0e.pdf,2023-12-26,"Flood, Landslide, Heavy Rain",4388,,,,,,,,,,4166.0,14304.0,0.0,0.0,0.0,9.0,102.0,1.0,0.0,10.0,158.0,554.0,True,grand_total,0900,2023-12-26 09:00:00,3,,40.0,0.0,0,1,1,0,0,0,3.5,weather_forecast,0,0,,,,,,,,,,,1,0,0.0,0,0,0,0,137.5,early_warning
situation_20231227_0900_404db119.pdf,2023-12-27,"Landslide, Heavy Rain",3047,,,,,,,,,,422.0,1514.0,0.0,0.0,0.0,9.0,46.0,0.0,0.0,10.0,158.0,554.0,True,grand_total,0900,2023-12-27 09:00:00,3,75.0,40.0,0.0,1,1,1,0,0,0,3.5,weather_forecast,0,0,,,,,,,,,,,1,0,0.0,0,0,0,0,161.5,early_warning
situation_20231228_0900_9b39d77a.pdf,2023-12-28,"Landslide, Heavy Rain, Strong Wind, Lightning",4284,,,,,,,,,,449.0,1622.0,0.0,0.0,0.0,9.0,65.0,1.0,4.0,11.0,164.0,583.0,True,grand_total,0900,2023-12-28 09:00:00,3,75.0,40.0,0.0,1,1,1,0,0,0,3.5,weather_forecast,0,0,,,,,,,,,,,1,0,0.0,0,0,0,0,185.5,early_warning
situation_20231229_0900_0213234c.pdf,2023-12-29,"Landslide, Heavy Rain, Strong Wind",4515,,,,,,,,,,334.0,1198.0,0.0,0.0,0.0,42.0,69.0,0.0,0.0,9.0,136.0,465.0,True,grand_total,0900,2023-12-29 09:00:00,3,50.0,40.0,0.0,1,1,1,0,0,0,3.5,weather_forecast,0,0,,,,,,,,,,,1,1,2.0,5,1,0,5,18.5,early_warning
situation_20231230_0900_7db1a2e8.pdf,2023-12-30,"Flood, Landslide, Heavy Rain, Strong Wind",6353,,,,,,,,,,823.0,2923.0,0.0,3.0,0.0,12.0,165.0,0.0,0.0,13.0,155.0,548.0,True,grand_total,0900,2023-12-30 09:00:00,3,75.0,40.0,0.0,1,1,1,0,0,0,3.5,weather_forecast,0,0,,,,,,,,,,,1,1,2.0,2,4,0,5,18.25,early_warning
situation_20231231_0900_47dea1b2.pdf,2023-12-31,"Flood, Landslide, Heavy Rain, Strong Wind",7282,,,,,,,,,,3409.0,12573.0,0.0,3.0,0.0,5.0,251.0,0.0,0.0,17.0,229.0,770.0,True,grand_total,0900,2023-12-31 09:00:00,3,75.0,40.0,0.0,1,1,1,0,0,0,3.5,weather_forecast,0,0,,,,,,,,,,,1,1,2.0,2,4,0,5,18.5,early_warning
situation_20240101_0900_84b4e29a.pdf,2024-01-01,"Flood, Landslide, Heavy Rain, Strong Wind",5343,,,,,,,,,,4432.0,14700.0,0.0,4.0,0.0,3.0,182.0,0.0,1.0,19.0,324.0,1030.0,True,grand_total,0900,2024-01-01 09:00:00,3,100.0,35.0,0.0,1,1,0,0,0,0,3.5,weather_forecast,0,0,,,,,,,,,,,1,1,3.0,3,2,1,4,15.0,early_warning
situation_20240102_0900_48903c0c.pdf,2024-01-02,"Flood, Landslide, Heavy Rain, Strong Wind",6472,,,,,,,,,,5687.0,19202.0,0.0,6.0,0.0,3.0,361.0,4.0,0.0,20.0,508.0,1589.0,True,grand_total,0900,2024-01-02 09:00:00,4,100.0,,2.0,1,1,0,0,0,0,3.5,weather_forecast,0,0,,,,,,,,,,,1,1,3.0,3,2,1,4,17.5,early_warning
situation_20240103_0900_5d228f37.pdf,2024-01-03,"Flood, Landslide, Heavy Rain, Strong Wind, Lightning",9137,,,,,,,,,,9573.0,33286.0,1.0,4.0,0.0,8.0,459.0,7.0,1.0,27.0,736.0,2312.0,True,grand_total,0900,2024-01-03 09:00:00,3,50.0,,0.0,1,1,0,0,0,0,3.5,weather_forecast,0,0,,,,,,,,,,,1,1,3.0,5,2,1,6,17.5,early_warning
situation_20240104_0900_d481dafd.pdf,2024-01-04,"Flood, Landslide, Heavy Rain, Strong Wind",9094,,,,,,,,,,11241.0,38075.0,1.0,4.0,0.0,8.0,563.0,9.0,1.0,26.0,756.0,2348.0,True,grand_total,0900,2024-01-04 09:00:00,3,,,0.0,0,1,0,0,0,0,3.5,weather_forecast,0,0,,,,,,,,,,,1,1,2.0,6,2,0,6,16.0,early_warning
situation_20240105_0900_f26e7fe9.pdf,2024-01-05,"Flood, Landslide, Heavy Rain, Strong Wind, Lightning",6619,,,,,,,,,,7812.0,25662.0,1.0,4.0,0.0,3.0,255.0,8.0,1.0,25.0,767.0,2393.0,True,grand_total,0900,2024-01-05 09:00:00,3,50.0,,0.0,1,1,0,0,0,0,3.5,weather_forecast,0,0,,,,,,,,,,,1,1,2.0,7,1,0,7,17.5,early_warning
situation_20240106_0900_2b14095d.pdf,2024-01-06,"Flood, Landslide, Heavy Rain, Strong Wind",6149,,,,,,,,,,6529.0,21739.0,1.0,4.0,0.0,6.0,256.0,8.0,1.0,19.0,551.0,1758.0,True,grand_total,0900,2024-01-06 09:00:00,4,,,0.0,0,1,0,0,0,0,3.5,weather_forecast,0,0,,,,,,,,,,,1,1,1.0,7,0,0,7,17.5,early_warning
situation_20240108_0900_1695088f.pdf,2024-01-08,"Landslide, Heavy Rain",3485,,,,,,,,,,650.0,2208.0,1.0,0.0,0.0,3.0,88.0,3.0,0.0,15.0,349.0,1136.0,True,grand_total,0900,2024-01-08 09:00:00,3,100.0,,0.0,1,1,0,0,0,0,3.5,weather_forecast,0,0,,,,,,,,,,,1,0,0.0,0,0,0,0,65.5,early_warning
situation_20240109_0900_183f0e08.pdf,2024-01-09,"Landslide, Heavy Rain, Lightning",5537,,,,,,,,,,749.0,2546.0,1.0,0.0,0.0,5.0,172.0,3.0,1.0,15.0,345.0,1122.0,True,grand_total,0900,2024-01-09 09:00:00,3,100.0,,0.0,1,1,0,0,0,0,3.5,weather_forecast,0,0,,,,,,,,,,,1,0,0.0,0,0,0,0,89.5,early_warning
situation_20240110_0900_f1107519.pdf,2024-01-10,"Flood, Landslide, Heavy Rain, Strong Wind, Lightning",5257,,,,,,,,,,3348.0,11170.0,0.0,0.0,1.0,3.0,112.0,6.0,0.0,19.0,399.0,1237.0,True,grand_total,0900,2024-01-10 09:00:00,4,100.0,,2.0,1,1,0,0,0,0,3.5,weather_forecast,0,0,,,,,,,,,,,1,1,2.0,9,3,0,10,23.0,early_warning
situation_20240111_0900_6fa4bf24.pdf,2024-01-11,"Flood, Landslide, Heavy Rain, Strong Wind, Lightning",8379,,,,,,,,,,33687.0,109635.0,2.0,1.0,1.0,6.0,318.0,3.0,0.0,31.0,1587.0,4981.0,True,grand_total,0900,2024-01-11 09:00:00,4,100.0,50.0,2.0,1,1,1,0,0,0,3.5,weather_forecast,0,0,,,,,,,,,,,1,1,2.0,9,4,0,10,18.0,early_warning
situation_20240112_0900_ad476523.pdf,2024-01-12,"Flood, Landslide, Heavy Rain, Strong Wind",7393,,,,,,,,,,53641.0,178312.0,0.0,1.0,0.0,12.0,288.0,5.0,0.0,48.0,2659.0,8351.0,True,grand_total,0900,2024-01-12 09:00:00,3,,,0.0,0,1,0,0,0,0,3.5,weather_forecast,0,0,,,,,,,,,,,1,1,2.0,7,3,0,8,18.0,early_warning
situation_20240113_0900_66468a3a.pdf,2024-01-13,"Flood, Landslide, Heavy Rain, Strong Wind, Lightning",7614,,,,,,,,,,66770.0,219862.0,0.0,0.0,0.0,9.0,188.0,6.0,1.0,50.0,3201.0,9592.0,True,grand_total,0900,2024-01-13 09:00:00,3,,,0.0,0,1,0,0,0,0,3.5,weather_forecast,0,0,,,,,,,,,,,1,1,2.0,4,1,0,4,18.0,early_warning
situation_20240114_0900_3feca663.pdf,2024-01-14,"Flood, Landslide, Heavy Rain, Strong Wind",6752,,,,,,,,,,50796.0,168446.0,1.0,0.0,0.0,12.0,156.0,4.0,0.0,33.0,1241.0,3828.0,True,grand_total,0900,2024-01-14 09:00:00,3,,40.0,0.0,0,0,1,0,0,0,3.5,weather_forecast,0,0,,,,,,,,,,,1,1,1.0,1,0,0,1,18.0,early_warning
situation_20240115_0900_7dbda875.pdf,2024-01-15,"Flood, Landslide, Heavy Rain",5006,,,,,,,,,,49169.0,162868.0,0.0,0.0,0.0,8.0,105.0,2.0,0.0,29.0,877.0,2764.0,True,grand_total,0900,2024-01-15 09:00:00,3,,,0.0,0,0,0,0,0,0,3.5,weather_forecast,0,0,,,,,,,,,,,1,0,0.0,0,0,0,0,42.0,early_warning
situation_20240116_0900_66e61c1c.pdf,2024-01-16,"Flood, Landslide, Heavy Rain",4232,,,,,,,,,,1038.0,3220.0,0.0,0.0,0.0,4.0,42.0,2.0,0.0,16.0,425.0,1379.0,True,grand_total,0900,2024-01-16 09:00:00,3,,,0.0,0,0,0,0,0,0,3.5,weather_forecast,0,0,,,,,,,,,,,1,0,0.0,0,0,0,0,66.0,early_warning
situation_20240117_0900_80443466.pdf,2024-01-17,"Flood, Landslide, Heavy Rain",4395,,,,,,,,,,1009.0,3120.0,0.0,0.0,0.0,4.0,42.0,2.0,0.0,19.0,444.0,1438.0,True,grand_total,0900,2024-01-17 09:00:00,3,,,0.0,0,0,0,0,0,0,3.5,weather_forecast,0,0,,,,,,,,,,,1,0,0.0,0,0,0,0,90.0,early_warning
situation_20240118_0900_2424a9c7.pdf,2024-01-18,"Flood, Landslide, Heavy Rain",5157,,,,,,,,,,1202.0,4244.0,1.0,0.0,0.0,4.0,105.0,2.0,4.0,16.0,397.0,1309.0,True,grand_total,0900,2024-01-18 09:00:00,3,,,0.0,0,1,0,0,0,0,3.5,weather_forecast,0,0,,,,,,,,,,,1,0,0.0,0,0,0,0,114.0,early_warning
situation_20240119_0900_96791baa.pdf,2024-01-19,"Flood, Landslide, Heavy Rain, Strong Wind",4443,,,,,,,,,,655.0,2202.0,0.0,0.0,0.0,4.0,77.0,2.0,0.0,16.0,380.0,1228.0,True,grand_total,0900,2024-01-19 09:00:00,3,75.0,,0.0,1,1,0,0,0,0,3.5,weather_forecast,0,0,,,,,,,,,,,1,0,0.0,0,0,0,0,138.0,early_warning
situation_20240120_0900_9110f823.pdf,2024-01-20,"Flood, Landslide, Heavy Rain, Strong Wind",4130,,,,,,,,,,652.0,2192.0,0.0,0.0,0.0,4.0,74.0,2.0,0.0,16.0,380.0,1228.0,True,grand_total,0900,2024-01-20 09:00:00,3,75.0,,0.0,1,1,0,0,0,0,3.5,weather_forecast,0,0,,,,,,,,,,,1,0,0.0,0,0,0,0,162.0,early_warning
situation_20240121_0900_e1ab7998.pdf,2024-01-21,"Flood, Landslide, Heavy Rain, Strong Wind",4151,,,,,,,,,,652.0,2192.0,0.0,0.0,0.0,4.0,74.0,2.0,0.0,16.0,380.0,1228.0,True,grand_total,0900,2024-01-21 09:00:00,3,,,0.0,0,1,0,0,0,0,3.5,weather_forecast,0,0,,,,,,,,,,,1,0,0.0,0,0,0,0,186.0,early_warning
situation_20240122_0900_982ad3e6.pdf,2024-01-22,"Landslide, Heavy Rain, Strong Wind",3671,,,,,,,,,,592.0,1988.0,0.0,0.0,0.0,3.0,74.0,2.0,0.0,14.0,295.0,940.0,True,grand_total,0900,2024-01-22 09:00:00,3,,,0.0,0,1,0,0,0,0,3.5,weather_forecast,0,0,,,,,,,,,,,1,0,0.0,0,0,0,0,210.0,early_warning
situation_20240123_0900_d14b54bf.pdf,2024-01-23,"Landslide, Heavy Rain",3919,,,,,,,,,,563.0,1866.0,0.0,0.0,0.0,4.0,44.0,2.0,1.0,14.0,295.0,940.0,True,grand_total,0900,2024-01-23 09:00:00,3,,,0.0,0,1,0,0,0,0,3.5,weather_forecast,0,0,,,,,,,,,,,1,0,0.0,0,0,0,0,234.0,early_warning
situation_20240124_0900_4f8f76d0.pdf,2024-01-24,"Landslide, Heavy Rain, Strong Wind",3840,,,,,,,,,,535.0,1793.0,0.0,0.0,0.0,3.0,53.0,2.0,0.0,12.0,198.0,673.0,True,grand_total,0900,2024-01-24 09:00:00,3,,,0.0,0,0,0,0,0,0,3.5,weather_forecast,0,0,,,,,,,,,,,1,0,0.0,0,0,0,0,258.0,early_warning
situation_20240125_0900_545f0195.pdf,2024-01-25,Landslide,3295,,,,,,,,,,506.0,1692.0,0.0,0.0,0.0,3.0,39.0,2.0,0.0,12.0,198.0,673.0,True,grand_total,0900,2024-01-25 09:00:00,3,,,0.0,0,0,0,0,0,0,3.5,weather_forecast,0,0,,,,,,,,,,,1,0,0.0,0,0,0,0,282.0,early_warning
situation_20240126_0900_cfca6547.pdf,2024-01-26,Landslide,3270,,,,,,,,,,506.0,1692.0,0.0,0.0,0.0,3.0,39.0,2.0,0.0,12.0,198.0,673.0,True,grand_total,0900,2024-01-26 09:00:00,3,,,0.0,0,0,0,0,0,0,3.5,weather_forecast,0,0,,,,,,,,,,,1,0,0.0,0,0,0,0,306.0,early_warning
situation_20240127_0900_3ebafb8b.pdf,2024-01-27,Landslide,3287,,,,,,,,,,506.0,1692.0,0.0,0.0,0.0,3.0,39.0,2.0,0.0,12.0,106.0,385.0,True,grand_total,0900,2024-01-27 09:00:00,3,,40.0,0.0,0,1,1,0,0,0,3.5,weather_forecast,0,0,,,,,,,,,,,1,0,0.0,0,0,0,0,330.0,early_warning
situation_20240128_0900_28ac0510.pdf,2024-01-28,Landslide,3287,,,,,,,,,,506.0,1692.0,0.0,0.0,0.0,3.0,39.0,2.0,0.0,12.0,106.0,385.0,True,grand_total,0900,2024-01-28 09:00:00,3,,40.0,0.0,0,1,1,0,0,0,3.5,weather_forecast,0,0,,,,,,,,,,,1,0,0.0,0,0,0,0,354.0,early_warning
situation_20240129_0900_bff020d6.pdf,2024-01-29,Landslide,3271,,,,,,,,,,506.0,1692.0,0.0,0.0,0.0,3.0,39.0,2.0,0.0,12.0,106.0,385.0,True,grand_total,0900,2024-01-29 09:00:00,3,,40.0,0.0,0,1,1,0,0,0,3.5,weather_forecast,0,0,,,,,,,,,,,1,0,0.0,0,0,0,0,378.0,early_warning
situation_20240130_0900_761702c4.pdf,2024-01-30,Landslide,3271,,,,,,,,,,506.0,1692.0,0.0,0.0,0.0,3.0,39.0,2.0,0.0,12.0,106.0,385.0,True,grand_total,0900,2024-01-30 09:00:00,3,75.0,,0.0,1,1,0,0,0,0,3.5,weather_forecast,0,0,,,,,,,,,,,1,0,0.0,0,0,0,0,402.0,early_warning
situation_20240131_0900_b6b7638f.pdf,2024-01-31,Landslide,3267,,,,,,,,,,506.0,1692.0,0.0,0.0,0.0,3.0,39.0,2.0,0.0,12.0,106.0,385.0,True,grand_total,0900,2024-01-31 09:00:00,3,75.0,,0.0,1,1,0,0,0,0,3.5,weather_forecast,0,0,,,,,,,,,,,1,0,0.0,0,0,0,0,426.0,early_warning
situation_20240201_0900_2d95e75d.pdf,2024-02-01,Landslide,3268,,,,,,,,,,506.0,1692.0,0.0,0.0,0.0,3.0,39.0,2.0,0.0,12.0,106.0,385.0,True,grand_total,0900,2024-02-01 09:00:00,3,75.0,,0.0,1,1,0,0,0,0,3.5,weather_forecast,0,0,,,,,,,,,,,1,1,2.0,4,3,0,6,13.0,early_warning
situation_20240203_0900_3d62a4bd.pdf,2024-02-03,"Landslide, Heavy Rain, Strong Wind, Lightning",4117,,,,,,,,,,514.0,1720.0,0.0,0.0,0.0,3.0,51.0,2.0,0.0,12.0,106.0,386.0,True,grand_total,0900,2024-02-03 09:00:00,3,,,0.0,0,1,0,0,0,0,3.5,weather_forecast,0,0,,,,,,,,,,,1,1,1.0,6,0,0,6,17.0,early_warning
situation_20240205_0900_e9fc1821.pdf,2024-02-05,Landslide,3265,,,,,,,,,,502.0,1675.0,0.0,0.0,0.0,3.0,39.0,2.0,0.0,12.0,106.0,386.0,True,grand_total,0900,2024-02-05 09:00:00,3,,,0.0,0,1,0,0,0,0,3.5,weather_forecast,0,0,,,,,,,,,,,1,0,0.0,0,0,0,0,65.0,early_warning
situation_20240206_0900_20874263.pdf,2024-02-06,"Landslide, Heavy Rain, Strong Wind, Lightning",3937,,,,,,,,,,514.0,1722.0,1.0,0.0,0.0,4.0,50.0,3.0,0.0,12.0,106.0,386.0,True,grand_total,0900,2024-02-06 09:00:00,3,,,0.0,0,1,0,0,0,0,3.5,weather_forecast,0,0,,,,,,,,,,,1,0,0.0,0,0,0,0,89.0,early_warning
situation_20240207_0900_b0cc09b5.pdf,2024-02-07,Landslide,3266,,,,,,,,,,502.0,1675.0,0.0,0.0,0.0,3.0,39.0,2.0,0.0,12.0,106.0,386.0,True,grand_total,0900,2024-02-07 09:00:00,3,,,0.0,0,0,0,0,0,0,3.5,weather_forecast,0,0,,,,,,,,,,,1,0,0.0,0,0,0,0,113.0,early_warning
situation_20240208_0900_45f4cf93.pdf,2024-02-08,Landslide,3269,,,,,,,,,,502.0,1675.0,0.0,0.0,0.0,3.0,39.0,2.0,0.0,12.0,106.0,386.0,True,grand_total,0900,2024-02-08 09:00:00,3,,,0.0,0,0,0,0,0,0,3.5,weather_forecast,0,0,,,,,,,,,,,1,0,0.0,0,0,0,0,137.0,early_warning
situation_20240209_0900_419c5e1f.pdf,2024-02-09,Landslide,3266,,,,,,,,,,502.0,1675.0,0.0,0.0,0.0,3.0,39.0,2.0,0.0,12.0,106.0,386.0,True,grand_total,0900,2024-02-09 09:00:00,3,,,0.0,0,0,0,0,0,0,3.5,weather_forecast,0,0,,,,,,,,,,,1,0,0.0,0,0,0,0,161.0,early_warning
situation_20240210_0900_4b4cdf15.pdf,2024-02-10,Landslide,3285,,,,,,,,,,502.0,1675.0,0.0,0.0,0.0,3.0,39.0,2.0,0.0,12.0,106.0,386.0,True,grand_total,0900,2024-02-10 09:00:00,3,,,0.0,0,0,0,0,0,0,3.5,weather_forecast,0,0,,,,,,,,,,,1,0,0.0,0,0,0,0,185.0,early_warning
situation_20240211_0900_0ff60beb.pdf,2024-02-11,Landslide,3290,,,,,,,,,,502.0,1675.0,0.0,0.0,0.0,3.0,39.0,2.0,0.0,12.0,106.0,386.0,True,grand_total,0900,2024-02-11 09:00:00,3,,40.0,0.0,0,0,1,0,0,0,3.5,weather_forecast,0,0,,,,,,,,,,,1,0,0.0,0,0,0,0,209.0,early_warning
situation_20240212_0900_d5653894.pdf,2024-02-12,Landslide,3271,,,,,,,,,,502.0,1675.0,0.0,0.0,0.0,3.0,39.0,2.0,0.0,12.0,106.0,386.0,True,grand_total,0900,2024-02-12 09:00:00,3,,40.0,0.0,0,1,1,0,0,0,3.5,weather_forecast,0,0,,,,,,,,,,,1,0,0.0,0,0,0,0,233.0,early_warning
situation_20240213_0900_be1ebb30.pdf,2024-02-13,Landslide,3534,,,,,,,,,,504.0,1685.0,0.0,0.0,0.0,3.0,41.0,2.0,0.0,12.0,106.0,386.0,True,grand_total,0900,2024-02-13 09:00:00,3,,40.0,0.0,0,1,1,0,0,0,3.5,weather_forecast,0,0,,,,,,,,,,,1,0,0.0,0,0,0,0,257.0,early_warning
situation_20240214_0900_68b1e2d6.pdf,2024-02-14,Landslide,3504,,,,,,,,,,503.0,1681.0,0.0,0.0,0.0,3.0,40.0,2.0,0.0,12.0,106.0,386.0,True,grand_total,0900,2024-02-14 09:00:00,3,,40.0,0.0,0,1,1,0,0,0,3.5,weather_forecast,0,0,,,,,,,,,,,1,0,0.0,0,0,0,0,281.0,early_warning
situation_20240215_0900_94edc249.pdf,2024-02-15,Landslide,3806,,,,,,,,,,507.0,1689.0,2.0,0.0,0.0,3.0,44.0,2.0,0.0,12.0,106.0,386.0,True,grand_total,0900,2024-02-15 09:00:00,3,,40.0,0.0,0,1,1,0,0,0,3.5,weather_forecast,0,0,,,,,,,,,,,1,0,0.0,0,0,0,0,305.0,early_warning
situation_20240216_0900_835a5526.pdf,2024-02-16,"Landslide, Heavy Rain",3068,,,,,,,,,,304.0,1060.0,0.0,0.0,0.0,3.0,39.0,2.0,0.0,9.0,90.0,320.0,True,grand_total,0900,2024-02-16 09:00:00,2,,40.0,0.0,0,1,1,0,0,0,17.0,weather_forecast,0,0,,,,,,,,,,,1,0,0.0,0,0,0,0,329.0,early_warning
situation_20240217_0900_18d0fce8.pdf,2024-02-17,"Landslide, Heavy Rain",3070,,,,,,,,,,304.0,1060.0,0.0,0.0,0.0,3.0,39.0,2.0,0.0,9.0,90.0,320.0,True,grand_total,0900,2024-02-17 09:00:00,3,,40.0,0.0,0,1,1,0,0,0,3.5,weather_forecast,0,0,,,,,,,,,,,1,0,0.0,0,0,0,0,353.0,early_warning
situation_20240218_0900_c4f4e38f.pdf,2024-02-18,"Landslide, Heavy Rain",3065,,,,,,,,,,304.0,1060.0,0.0,0.0,0.0,3.0,39.0,2.0,0.0,9.0,90.0,320.0,True,grand_total,0900,2024-02-18 09:00:00,3,,40.0,0.0,0,1,1,0,0,0,3.5,weather_forecast,0,0,,,,,,,,,,,1,0,0.0,0,0,0,0,377.0,early_warning
situation_20240219_0900_1c9dcdb3.pdf,2024-02-19,"Landslide, Heavy Rain",3065,,,,,,,,,,304.0,1060.0,0.0,0.0,0.0,3.0,39.0,2.0,0.0,9.0,90.0,320.0,True,grand_total,0900,2024-02-19 09:00:00,3,,35.0,0.0,0,1,0,0,0,0,3.5,weather_forecast,0,0,,,,,,,,,,,1,0,0.0,0,0,0,0,401.0,early_warning
situation_20240220_0900_4ed9116e.pdf,2024-02-20,"Landslide, Heavy Rain",3069,,,,,,,,,,304.0,1060.0,0.0,0.0,0.0,3.0,39.0,2.0,0.0,9.0,90.0,320.0,True,grand_total,0900,2024-02-20 09:00:00,3,,35.0,0.0,0,1,0,0,0,0,3.5,weather_forecast,0,0,,,,,,,,,,,1,0,0.0,0,0,0,0,425.0,early_warning
situation_20240221_0900_3b250048.pdf,2024-02-21,"Landslide, Heavy Rain",3069,,,,,,,,,,304.0,1060.0,0.0,0.0,0.0,3.0,39.0,2.0,0.0,9.0,90.0,320.0,True,grand_total,0900,2024-02-21 09:00:00,3,,30.0,0.0,0,1,0,0,0,0,3.5,weather_forecast,0,0,,,,,,,,,,,1,0,0.0,0,0,0,0,449.0,early_warning
situation_20240223_0900_65f3f39b.pdf,2024-02-23,"Landslide, Heavy Rain",3068,,,,,,,,,,304.0,1060.0,0.0,0.0,0.0,3.0,39.0,2.0,0.0,9.0,90.0,320.0,True,grand_total,0900,2024-02-23 09:00:00,3,,,0.0,0,1,0,0,0,0,3.5,weather_forecast,0,0,,,,,,,,,,,1,0,0.0,0,0,0,0,497.0,early_warning
situation_20240225_0900_27ba8029.pdf,2024-02-25,"Landslide, Heavy Rain",3086,,,,,,,,,,304.0,1060.0,0.0,0.0,0.0,3.0,39.0,2.0,0.0,9.0,90.0,320.0,True,grand_total,0900,2024-02-25 09:00:00,3,,,0.0,0,1,0,0,0,0,3.5,weather_forecast,0,0,,,,,,,,,,,1,0,0.0,0,0,0,0,545.0,early_warning
situation_20240226_0900_b5ea0d3d.pdf,2024-02-26,"Landslide, Heavy Rain",3066,,,,,,,,,,304.0,1060.0,0.0,0.0,0.0,3.0,39.0,2.0,0.0,9.0,90.0,320.0,True,grand_total,0900,2024-02-26 09:00:00,3,,40.0,0.0,0,1,1,0,0,0,3.5,weather_forecast,0,0,,,,,,,,,,,1,0,0.0,0,0,0,0,569.0,early_warning
situation_20240227_0900_c431ccee.pdf,2024-02-27,"Landslide, Heavy Rain, Strong Wind",3435,,,,,,,,,,310.0,1082.0,0.0,0.0,0.0,3.0,45.0,2.0,0.0,9.0,90.0,320.0,True,grand_total,0900,2024-02-27 09:00:00,3,,40.0,0.0,0,1,1,0,0,0,3.5,weather_forecast,0,0,,,,,,,,,,,1,0,0.0,0,0,0,0,593.0,early_warning
situation_20240228_0900_6366dc47.pdf,2024-02-28,"Landslide, Heavy Rain, Strong Wind",3470,,,,,,,,,,310.0,1084.0,0.0,0.0,0.0,3.0,45.0,3.0,0.0,9.0,90.0,320.0,True,grand_total,0900,2024-02-28 09:00:00,3,,40.0,0.0,0,1,1,0,0,0,3.5,weather_forecast,0,0,,,,,,,,,,,1,0,0.0,0,0,0,0,617.0,early_warning
situation_20240229_0900_4a4aa574.pdf,2024-02-29,"Landslide, Heavy Rain, Strong Wind",3335,,,,,,,,,,308.0,1073.0,1.0,0.0,0.0,3.0,42.0,2.0,0.0,9.0,90.0,320.0,True,grand_total,0900,2024-02-29 09:00:00,3,,40.0,0.0,0,1,1,0,0,0,3.5,weather_forecast,0,0,,,,,,,,,,,1,0,0.0,0,0,0,0,641.0,early_warning
situation_20240301_0900_631b7b1e.pdf,2024-03-01,"Landslide, Heavy Rain, Strong Wind",3337,,,,,,,,,,309.0,1075.0,0.0,0.0,0.0,3.0,44.0,2.0,0.0,9.0,90.0,320.0,True,grand_total,0900,2024-03-01 09:00:00,3,,40.0,0.0,0,1,1,0,0,0,3.5,weather_forecast,0,0,,,,,,,,,,,1,0,0.0,0,0,0,0,665.0,early_warning
situation_20240302_0900_aebf0fa1.pdf,2024-03-02,"Landslide, Heavy Rain, Strong Wind",3382,,,,,,,,,,309.0,1080.0,0.0,0.0,0.0,3.0,44.0,2.0,0.0,9.0,90.0,320.0,True,grand_total,0900,2024-03-02 09:00:00,3,,40.0,0.0,0,1,1,0,0,0,3.5,weather_forecast,0,0,,,,,,,,,,,1,0,0.0,0,0,0,0,689.0,early_warning
situation_20240303_0900_02349027.pdf,2024-03-03,"Landslide, Heavy Rain, Strong Wind",3120,,,,,,,,,,307.0,1071.0,0.0,0.0,0.0,3.0,42.0,2.0,0.0,9.0,90.0,320.0,True,grand_total,0900,2024-03-03 09:00:00,3,,,0.0,0,1,0,0,0,0,3.5,weather_forecast,0,0,,,,,,,,,,,1,0,0.0,0,0,0,0,713.0,early_warning
situation_20240304_0900_81e9b4b7.pdf,2024-03-04,"Landslide, Heavy Rain, Strong Wind",3094,,,,,,,,,,307.0,1071.0,0.0,0.0,0.0,3.0,42.0,2.0,0.0,9.0,90.0,320.0,True,grand_total,0900,2024-03-04 09:00:00,3,,,0.0,0,1,0,0,0,0,3.5,weather_forecast,0,0,,,,,,,,,,,1,0,0.0,0,0,0,0,737.0,early_warning
situation_20240305_0900_a13fb241.pdf,2024-03-05,"Landslide, Heavy Rain, Strong Wind",3350,,,,,,,,,,308.0,1075.0,0.0,0.0,0.0,3.0,42.0,3.0,0.0,9.0,90.0,320.0,True,grand_total,0900,2024-03-05 09:00:00,3,,,0.0,0,1,0,0,0,0,3.5,weather_forecast,0,0,,,,,,,,,,,1,0,0.0,0,0,0,0,761.0,early_warning
situation_20240307_0900_7e04f575.pdf,2024-03-07,"Landslide, Heavy Rain, Strong Wind",3095,,,,,,,,,,307.0,1071.0,0.0,0.0,0.0,3.0,42.0,2.0,0.0,9.0,90.0,320.0,True,grand_total,0900,2024-03-07 09:00:00,4,,,2.0,0,0,0,0,0,0,3.5,weather_forecast,0,0,,,,,,,,,,,1,0,0.0,0,0,0,0,809.0,early_warning
situation_20240308_0900_caa23574.pdf,2024-03-08,"Landslide, Heavy Rain, Strong Wind",3364,,,,,,,,,,311.0,1089.0,0.0,0.0,0.0,3.0,46.0,2.0,0.0,9.0,90.0,320.0,True,grand_total,0900,2024-03-08 09:00:00,3,,,0.0,0,1,0,0,0,0,3.5,weather_forecast,0,0,,,,,,,,,,,1,0,0.0,0,0,0,0,833.0,early_warning
situation_20240309_0900_9c7fe2b3.pdf,2024-03-09,"Landslide, Heavy Rain, Strong Wind",3344,,,,,,,,,,308.0,1075.0,0.0,0.0,0.0,3.0,43.0,2.0,0.0,9.0,90.0,320.0,True,grand_total,0900,2024-03-09 09:00:00,3,,,0.0,0,1,0,0,0,0,3.5,weather_forecast,0,0,,,,,,,,,,,1,0,0.0,0,0,0,0,857.0,early_warning
situation_20240310_0900_886d3abe.pdf,2024-03-10,"Landslide, Heavy Rain, Strong Wind",3116,,,,,,,,,,307.0,1071.0,0.0,0.0,0.0,3.0,42.0,2.0,0.0,9.0,90.0,320.0,True,grand_total,0900,2024-03-10 09:00:00,3,,,0.0,0,1,0,0,0,0,3.5,weather_forecast,0,0,,,,,,,,,,,1,0,0.0,0,0,0,0,881.0,early_warning
situation_20240311_0900_791619ce.pdf,2024-03-11,"Landslide, Heavy Rain, Strong Wind",3094,,,,,,,,,,307.0,1071.0,0.0,0.0,0.0,3.0,42.0,2.0,0.0,9.0,90.0,320.0,True,grand_total,0900,2024-03-11 09:00:00,4,,,0.0,0,1,0,0,0,0,1.5,weather_forecast,0,0,,,,,,,,,,,1,0,0.0,0,0,0,0,905.0,early_warning
situation_20240312_0900_d0768b02.pdf,2024-03-12,"Landslide, Heavy Rain, Strong Wind, Lightning",3232,,,,,,,,,,79.0,271.0,0.0,0.0,0.0,3.0,56.0,2.0,0.0,6.0,62.0,218.0,True,grand_total,0900,2024-03-12 09:00:00,3,,,0.0,0,1,0,0,0,0,3.5,weather_forecast,0,0,,,,,,,,,,,1,0,0.0,0,0,0,0,929.0,early_warning
situation_20240313_0900_eaac541f.pdf,2024-03-13,"Landslide, Heavy Rain",3197,,,,,,,,,,1151.0,3717.0,0.0,0.0,0.0,3.0,39.0,2.0,0.0,6.0,62.0,218.0,True,grand_total,0900,2024-03-13 09:00:00,3,,,0.0,0,1,0,0,0,0,3.5,weather_forecast,0,0,,,,,,,,,,,1,0,0.0,0,0,0,0,953.0,early_warning
situation_20240314_0900_ca19ffce.pdf,2024-03-14,"Landslide, Heavy Rain",3245,,,,,,,,,,1152.0,3721.0,0.0,0.0,0.0,3.0,40.0,2.0,0.0,6.0,62.0,218.0,True,grand_total,0900,2024-03-14 09:00:00,3,,,0.0,0,1,0,0,0,0,3.5,weather_forecast,0,0,,,,,,,,,,,1,0,0.0,0,0,0,0,977.0,early_warning
situation_20240315_0900_f380b9c0.pdf,2024-03-15,"Landslide, Heavy Rain",3259,,,,,,,,,,1232.0,4010.0,0.0,0.0,0.0,3.0,40.0,2.0,0.0,6.0,62.0,218.0,True,grand_total,0900,2024-03-15 09:00:00,3,,,0.0,0,1,0,0,0,0,3.5,weather_forecast,0,0,,,,,,,,,,,1,0,0.0,0,0,0,0,1001.0,early_warning
situation_20240316_0900_fa4ee3f0.pdf,2024-03-16,"Landslide, Heavy Rain",3241,,,,,,,,,,1552.0,4969.0,0.0,0.0,0.0,3.0,39.0,2.0,0.0,6.0,62.0,218.0,True,grand_total,0900,2024-03-16 09:00:00,3,,,0.0,0,1,0,0,0,0,3.5,weather_forecast,0,0,,,,,,,,,,,1,0,0.0,0,0,0,0,1025.0,early_warning
situation_20240317_0900_c386bad2.pdf,2024-03-17,"Landslide, Heavy Rain",3239,,,,,,,,,,1552.0,4969.0,0.0,0.0,0.0,3.0,39.0,2.0,0.0,6.0,62.0,218.0,True,grand_total,0900,2024-03-17 09:00:00,3,,,0.0,0,1,0,0,0,0,3.5,weather_forecast,0,0,,,,,,,,,,,1,0,0.0,0,0,0,0,1049.0,early_warning
situation_20240319_0900_9241751a.pdf,2024-03-19,"Landslide, Heavy Rain",3236,,,,,,,,,,1758.0,5587.0,0.0,0.0,0.0,3.0,39.0,2.0,0.0,6.0,62.0,218.0,True,grand_total,0900,2024-03-19 09:00:00,4,,,0.0,0,1,0,0,0,0,3.5,weather_forecast,0,0,,,,,,,,,,,1,0,0.0,0,0,0,0,1097.0,early_warning
situation_20240320_0900_8b74a036.pdf,2024-03-20,"Landslide, Heavy Rain",3686,,,,,,,,,,1762.0,5600.0,0.0,0.0,0.0,3.0,43.0,2.0,1.0,6.0,62.0,218.0,True,grand_total,0900,2024-03-20 09:00:00,3,,,0.0,0,1,0,0,0,0,3.5,weather_forecast,0,0,,,,,,,,,,,1,0,0.0,0,0,0,0,1121.0,early_warning
situation_20240321_0900_01c2fbd6.pdf,2024-03-21,"Landslide, Heavy Rain",3767,,,,,,,,,,2097.0,6909.0,0.0,0.0,0.0,3.0,43.0,2.0,1.0,6.0,62.0,218.0,True,grand_total,0900,2024-03-21 09:00:00,3,50.0,,0.0,1,1,0,0,0,0,3.5,weather_forecast,0,0,,,,,,,,,,,1,0,0.0,0,0,0,0,1145.0,early_warning
situation_20240322_0900_37a5168e.pdf,2024-03-22,"Landslide, Heavy Rain",3507,,,,,,,,,,2096.0,6906.0,0.0,0.0,0.0,3.0,42.0,2.0,1.0,6.0,62.0,218.0,True,grand_total,0900,2024-03-22 09:00:00,2,50.0,,0.0,1,1,0,0,0,0,17.0,weather_forecast,0,0,,,,,,,,,,,1,0,0.0,0,0,0,0,1169.0,early_warning
situation_20240323_0900_95e89dd3.pdf,2024-03-23,"Landslide, Heavy Rain",3449,,,,,,,,,,4018.0,13550.0,0.0,0.0,0.0,3.0,39.0,2.0,0.0,6.0,62.0,218.0,True,grand_total,0900,2024-03-23 09:00:00,4,100.0,,0.0,1,1,0,0,0,0,3.5,weather_forecast,0,0,,,,,,,,,,,1,0,0.0,0,0,0,0,1193.0,early_warning
situation_20240324_0900_c0d34471.pdf,2024-03-24,"Landslide, Heavy Rain",3453,,,,,,,,,,4018.0,13550.0,0.0,0.0,0.0,3.0,39.0,2.0,0.0,6.0,62.0,218.0,True,grand_total,0900,2024-03-24 09:00:00,2,75.0,,0.0,1,1,0,0,0,0,17.0,weather_forecast,0,0,,,,,,,,,,,1,0,0.0,0,0,0,0,1217.0,early_warning
situation_20240327_0900_127a57d0.pdf,2024-03-27,Other,2972,,,,,,,,,,4125.0,14044.0,0.0,0.0,0.0,0.0,0.0,0.0,0.0,0.0,0.0,0.0,True,grand_total,0900,2024-03-27 09:00:00,3,100.0,,0.0,1,1,0,0,0,0,3.5,weather_forecast,0,0,,,,,,,,,,,1,0,0.0,0,0,0,0,1289.0,early_warning
situation_20240328_0900_061e8a2e.pdf,2024-03-28,Other,2925,,,,,,,,,,3062.0,9976.0,0.0,0.0,0.0,0.0,1.0,0.0,0.0,0.0,0.0,0.0,True,grand_total,0900,2024-03-28 09:00:00,5,75.0,,2.0,1,1,0,0,0,0,3.5,weather_forecast,0,0,,,,,,,,,,,1,0,0.0,0,0,0,0,1313.0,early_warning
situation_20240329_0900_926c0a4e.pdf,2024-03-29,"Heavy Rain, Strong Wind, Lightning",3528,,,,,,,,,,3089.0,10091.0,0.0,2.0,0.0,1.0,20.0,0.0,0.0,0.0,0.0,0.0,True,grand_total,0900,2024-03-29 09:00:00,3,50.0,,0.0,1,1,0,0,0,0,3.5,weather_forecast,0,0,,,,,,,,,,,1,0,0.0,0,0,0,0,1337.0,early_warning
situation_20240330_0900_823ccb40.pdf,2024-03-30,Heavy Rain,3030,,,,,,,,,,3033.0,9882.0,0.0,0.0,0.0,0.0,6.0,0.0,0.0,0.0,0.0,0.0,True,grand_total,0900,2024-03-30 09:00:00,3,,,0.0,0,1,0,0,0,0,3.5,weather_forecast,0,0,,,,,,,,,,,1,0,0.0,0,0,0,0,1361.0,early_warning
situation_20240331_0900_f756735a.pdf,2024-03-31,Other,2882,,,,,,,,,,3027.0,9866.0,0.0,0.0,0.0,0.0,0.0,0.0,0.0,0.0,0.0,0.0,True,grand_total,0900,2024-03-31 09:00:00,3,75.0,,0.0,1,1,0,0,0,0,3.5,weather_forecast,0,0,,,,,,,,,,,1,0,0.0,0,0,0,0,1385.0,early_warning
situation_20240401_0900_ad2e9133.pdf,2024-04-01,Other,2885,,,,,,,,,,3027.0,9866.0,0.0,0.0,0.0,0.0,0.0,0.0,0.0,0.0,0.0,0.0,True,grand_total,0900,2024-04-01 09:00:00,3,50.0,,0.0,1,1,0,0,0,0,3.5,weather_forecast,0,0,,,,,,,,,,,1,0,0.0,0,0,0,0,1409.0,early_warning
situation_20240402_0900_a3fb4880.pdf,2024-04-02,"Strong Wind, Lightning",3594,,,,,,,,,,3060.0,9983.0,0.0,2.0,0.0,0.0,30.0,1.0,0.0,0.0,0.0,0.0,True,grand_total,0900,2024-04-02 09:00:00,3,75.0,,0.0,1,1,0,0,0,0,3.5,weather_forecast,0,0,,,,,,,,,,,1,1,1.0,1,0,0,1,13.5,early_warning
situation_20240403_0900_d2b3543d.pdf,2024-04-03,"Heavy Rain, Strong Wind, Lightning",3509,,,,,,,,,,3135.0,10240.0,0.0,0.0,0.0,0.0,15.0,0.0,0.0,0.0,0.0,0.0,True,grand_total,0900,2024-04-03 09:00:00,3,75.0,,0.0,1,1,0,0,0,0,3.5,weather_forecast,0,0,,,,,,,,,,,1,0,0.0,0,0,0,0,37.5,early_warning
situation_20240404_0900_492a049b.pdf,2024-04-04,"Heavy Rain, Strong Wind, Lightning",3549,,,,,,,,,,3136.0,10235.0,0.0,2.0,0.0,0.0,16.0,0.0,1.0,0.0,0.0,0.0,True,grand_total,0900,2024-04-04 09:00:00,3,75.0,,0.0,1,1,0,0,0,0,3.5,weather_forecast,0,0,,,,,,,,,,,1,0,0.0,0,0,0,0,61.5,early_warning
situation_20240405_0900_7b146a2f.pdf,2024-04-05,Other,3039,,,,,,,,,,3120.0,10185.0,0.0,0.0,0.0,0.0,0.0,0.0,0.0,0.0,0.0,0.0,True,grand_total,0900,2024-04-05 09:00:00,3,75.0,,0.0,1,1,0,0,0,0,3.5,weather_forecast,0,0,,,,,,,,,,,1,0,0.0,0,0,0,0,85.5,early_warning
situation_20240406_0900_6cdff662.pdf,2024-04-06,Strong Wind,3499,,,,,,,,,,3123.0,10196.0,0.0,0.0,0.0,0.0,3.0,0.0,0.0,0.0,0.0,0.0,True,grand_total,0900,2024-04-06 09:00:00,3,,,0.0,0,1,0,0,0,0,3.5,weather_forecast,0,0,,,,,,,,,,,1,0,0.0,0,0,0,0,109.5,early_warning
situation_20240407_0900_9a3b2320.pdf,2024-04-07,Other,3097,,,,,,,,,,3120.0,10185.0,0.0,0.0,0.0,0.0,0.0,0.0,0.0,0.0,0.0,0.0,True,grand_total,0900,2024-04-07 09:00:00,3,,,0.0,0,1,0,0,0,0,3.5,weather_forecast,0,0,,,,,,,,,,,1,0,0.0,0,0,0,0,133.5,early_warning
situation_20240408_0900_a1f5fd75.pdf,2024-04-08,Other,3121,,,,,,,,,,3120.0,10185.0,0.0,0.0,0.0,0.0,0.0,0.0,0.0,0.0,0.0,0.0,True,grand_total,0900,2024-04-08 09:00:00,3,,,0.0,0,1,0,0,0,0,3.5,weather_forecast,0,0,,,,,,,,,,,1,0,0.0,0,0,0,0,157.5,early_warning
situation_20240409_0900_2507d9b8.pdf,2024-04-09,"Heavy Rain, Strong Wind, Lightning",3376,,,,,,,,,,3127.0,10211.0,0.0,0.0,0.0,0.0,7.0,0.0,0.0,0.0,0.0,0.0,True,grand_total,0900,2024-04-09 09:00:00,3,,,0.0,0,1,0,0,0,0,3.5,weather_forecast,0,0,,,,,,,,,,,1,0,0.0,0,0,0,0,181.5,early_warning
situation_20240410_0900_039f1db7.pdf,2024-04-10,Other,3121,,,,,,,,,,3120.0,10185.0,0.0,0.0,0.0,0.0,0.0,0.0,0.0,0.0,0.0,0.0,True,grand_total,0900,2024-04-10 09:00:00,3,,,0.0,0,1,0,0,0,0,3.5,weather_forecast,0,0,,,,,,,,,,,1,0,0.0,0,0,0,0,205.5,early_warning
situation_20240411_0900_a35816ba.pdf,2024-04-11,Other,3430,,,,,,,,,,3215.0,10472.0,0.0,0.0,0.0,1.0,1.0,0.0,0.0,0.0,0.0,0.0,True,grand_total,0900,2024-04-11 09:00:00,3,100.0,,0.0,1,1,0,0,0,0,3.5,weather_forecast,0,0,,,,,,,,,,,1,0,0.0,0,0,0,0,229.5,early_warning
situation_20240412_0900_892ec86d.pdf,2024-04-12,Other,3180,,,,,,,,,,3213.0,10464.0,0.0,0.0,0.0,0.0,0.0,0.0,0.0,0.0,0.0,0.0,True,grand_total,0900,2024-04-12 09:00:00,4,100.0,,0.0,1,1,0,0,0,0,3.5,weather_forecast,0,0,,,,,,,,,,,1,0,0.0,0,0,0,0,253.5,early_warning
situation_20240413_0900_11b72669.pdf,2024-04-13,Strong Wind,3417,,,,,,,,,,3217.0,10476.0,0.0,0.0,0.0,0.0,3.0,0.0,0.0,0.0,0.0,0.0,True,grand_total,0900,2024-04-13 09:00:00,4,100.0,,2.0,1,1,0,0,0,0,3.5,weather_forecast,0,0,,,,,,,,,,,1,0,0.0,0,0,0,0,277.5,early_warning
situation_20240414_0900_71227fda.pdf,2024-04-14,Other,3182,,,,,,,,,,3213.0,10464.0,0.0,0.0,0.0,0.0,0.0,0.0,0.0,0.0,0.0,0.0,True,grand_total,0900,2024-04-14 09:00:00,5,75.0,,2.0,1,1,0,0,0,0,3.5,weather_forecast,0,0,,,,,,,,,,,1,0,0.0,0,0,0,0,301.5,early_warning
situation_20240415_0900_fbd2943b.pdf,2024-04-15,Other,3190,,,,,,,,,,3213.0,10464.0,0.0,0.0,0.0,0.0,0.0,0.0,0.0,0.0,0.0,0.0,True,grand_total,0900,2024-04-15 09:00:00,5,100.0,,2.0,1,1,0,0,0,0,3.5,weather_forecast,0,0,,,,,,,,,,,1,0,0.0,0,0,0,0,325.5,early_warning
situation_20240416_0900_f2ac6cba.pdf,2024-04-16,Other,3171,,,,,,,,,,3213.0,10464.0,0.0,0.0,0.0,0.0,0.0,0.0,0.0,0.0,0.0,0.0,True,grand_total,0900,2024-04-16 09:00:00,6,100.0,,2.0,1,1,0,0,0,0,3.5,weather_forecast,0,0,,,,,,,,,,,1,0,0.0,0,0,0,0,349.5,early_warning
situation_20240417_0900_5b9e6077.pdf,2024-04-17,Strong Wind,3552,,,,,,,,,,3214.0,10468.0,0.0,0.0,0.0,0.0,3.0,0.0,0.0,0.0,0.0,0.0,True,grand_total,0900,2024-04-17 09:00:00,3,50.0,,0.0,1,1,0,0,0,0,3.5,weather_forecast,0,0,,,,,,,,,,,1,0,0.0,0,0,0,0,373.5,early_warning
situation_20240418_0900_68ae79f2.pdf,2024-04-18,Strong Wind,3513,,,,,,,,,,3646.0,11413.0,0.0,0.0,0.0,0.0,1.0,0.0,0.0,0.0,0.0,0.0,True,grand_total,0900,2024-04-18 09:00:00,3,,,0.0,0,1,0,0,0,0,3.5,weather_forecast,0,0,,,,,,,,,,,1,0,0.0,0,0,0,0,397.5,early_warning
situation_20240420_0900_73ce08ce.pdf,2024-04-20,Strong Wind,3872,,,,,,,,,,3769.0,11839.0,0.0,0.0,0.0,0.0,10.0,0.0,0.0,0.0,0.0,0.0,True,grand_total,0900,2024-04-20 09:00:00,4,,,0.0,0,1,0,0,0,0,3.5,weather_forecast,0,0,,,,,,,,,,,1,0,0.0,0,0,0,0,445.5,early_warning
situation_20240421_0900_ccb15fc6.pdf,2024-04-21,Strong Wind,3870,,,,,,,,,,3769.0,11839.0,0.0,0.0,0.0,0.0,10.0,0.0,0.0,0.0,0.0,0.0,True,grand_total,0900,2024-04-21 09:00:00,3,,,0.0,0,1,0,0,0,0,3.5,weather_forecast,0,0,,,,,,,,,,,1,0,0.0,0,0,0,0,469.5,early_warning
situation_20240422_0900_7fc5a304.pdf,2024-04-22,Other,3480,,,,,,,,,,3759.0,11797.0,0.0,0.0,0.0,0.0,0.0,0.0,0.0,0.0,0.0,0.0,True,grand_total,0900,2024-04-22 09:00:00,3,,,0.0,0,1,0,0,0,0,3.5,weather_forecast,0,0,,,,,,,,,,,1,0,0.0,0,0,0,0,493.5,early_warning
situation_20240423_0900_727b9ee9.pdf,2024-04-23,Other,3479,,,,,,,,,,3759.0,11797.0,0.0,0.0,0.0,0.0,0.0,0.0,0.0,0.0,0.0,0.0,True,grand_total,0900,2024-04-23 09:00:00,4,75.0,,2.0,1,1,0,0,0,0,3.5,weather_forecast,0,0,,,,,,,,,,,1,0,0.0,0,0,0,0,517.5,early_warning
situation_20240424_0900_33daebd0.pdf,2024-04-24,Other,3486,,,,,,,,,,3759.0,11797.0,0.0,0.0,0.0,0.0,0.0,0.0,0.0,0.0,0.0,0.0,True,grand_total,0900,2024-04-24 09:00:00,2,50.0,,0.0,1,1,0,0,0,0,3.5,weather_forecast,0,0,,,,,,,,,,,1,0,0.0,0,0,0,0,541.5,early_warning
situation_20240425_0900_e6022b4e.pdf,2024-04-25,Lightning,4110,,,,,,,,,,3791.0,11929.0,0.0,0.0,0.0,0.0,31.0,0.0,0.0,0.0,0.0,0.0,True,grand_total,0900,2024-04-25 09:00:00,3,,,0.0,0,1,0,0,0,0,3.5,weather_forecast,0,0,,,,,,,,,,,1,0,0.0,0,0,0,0,565.5,early_warning
situation_20240426_0900_e035696d.pdf,2024-04-26,Lightning,4076,,,,,,,,,,3791.0,11929.0,0.0,0.0,0.0,0.0,31.0,0.0,0.0,0.0,0.0,0.0,True,grand_total,0900,2024-04-26 09:00:00,3,,,0.0,0,1,0,0,0,0,3.5,weather_forecast,0,0,,,,,,,,,,,1,0,0.0,0,0,0,0,589.5,early_warning
situation_20240427_0900_60f10af5.pdf,2024-04-27,Heavy Rain,4072,,,,,,,,,,4226.0,13142.0,0.0,1.0,0.0,0.0,3.0,0.0,0.0,0.0,0.0,0.0,True,grand_total,0900,2024-04-27 09:00:00,3,75.0,,0.0,1,1,0,0,0,0,3.5,weather_forecast,0,0,,,,,,,,,,,1,0,0.0,0,0,0,0,613.5,early_warning
situation_20240428_0900_c9481c6a.pdf,2024-04-28,Other,3721,,,,,,,,,,4223.0,13131.0,0.0,0.0,0.0,0.0,0.0,0.0,0.0,0.0,0.0,0.0,True,grand_total,0900,2024-04-28 09:00:00,3,75.0,,0.0,1,1,0,0,0,0,3.5,weather_forecast,0,0,,,,,,,,,,,1,0,0.0,0,0,0,0,637.5,early_warning
situation_20240429_0900_1fb464a3.pdf,2024-04-29,Other,3954,,,,,,,,,,4224.0,13134.0,0.0,0.0,0.0,0.0,1.0,1.0,0.0,0.0,0.0,0.0,True,grand_total,0900,2024-04-29 09:00:00,3,100.0,,0.0,1,1,0,0,0,0,3.5,weather_forecast,0,0,,,,,,,,,,,1,0,0.0,0,0,0,0,661.5,early_warning
situation_20240430_0900_2f362e97.pdf,2024-04-30,"Heavy Rain, Strong Wind, Lightning",5113,,,,,,,,,,4128.0,12809.0,3.0,2.0,0.0,2.0,44.0,1.0,0.0,0.0,0.0,0.0,True,grand_total,0900,2024-04-30 09:00:00,4,75.0,,2.0,1,1,0,0,0,0,3.5,weather_forecast,0,0,,,,,,,,,,,1,0,0.0,0,0,0,0,685.5,early_warning
situation_20240501_0900_a333a036.pdf,2024-05-01,Other,3700,,,,,,,,,,4288.0,13377.0,0.0,0.0,0.0,0.0,0.0,0.0,0.0,0.0,0.0,0.0,True,grand_total,0900,2024-05-01 09:00:00,5,,,2.0,0,1,0,0,0,0,3.5,weather_forecast,0,0,,,,,,,,,,,1,0,0.0,0,0,0,0,709.5,early_warning
situation_20240502_0900_b40f5b81.pdf,2024-05-02,Other,3930,,,,,,,,,,4080.0,12635.0,1.0,0.0,0.0,0.0,1.0,0.0,0.0,0.0,0.0,0.0,True,grand_total,0900,2024-05-02 09:00:00,3,,,0.0,0,1,0,0,0,0,3.5,weather_forecast,0,0,,,,,,,,,,,1,0,0.0,0,0,0,0,733.5,early_warning
situation_20240503_0900_dadb48cb.pdf,2024-05-03,"Heavy Rain, Strong Wind, Lightning",3653,,,,,,,,,,1550.0,5009.0,1.0,0.0,0.0,0.0,8.0,0.0,0.0,0.0,0.0,0.0,True,grand_total,0900,2024-05-03 09:00:00,3,,,0.0,0,1,0,0,0,0,3.5,weather_forecast,0,0,,,,,,,,,,,1,0,0.0,0,0,0,0,757.5,early_warning
situation_20240504_0900_42f5e4db.pdf,2024-05-04,Other,3107,,,,,,,,,,1542.0,4982.0,0.0,0.0,0.0,0.0,0.0,0.0,0.0,0.0,0.0,0.0,True,grand_total,0900,2024-05-04 09:00:00,3,,,0.0,0,1,0,0,0,0,17.0,weather_forecast,0,0,,,,,,,,,,,1,0,0.0,0,0,0,0,781.5,early_warning
situation_20240505_0900_0421f3fc.pdf,2024-05-05,Other,3112,,,,,,,,,,1542.0,4982.0,0.0,0.0,0.0,0.0,0.0,0.0,0.0,0.0,0.0,0.0,True,grand_total,0900,2024-05-05 09:00:00,3,,,0.0,0,1,0,0,0,0,3.5,weather_forecast,0,0,,,,,,,,,,,1,0,0.0,0,0,0,0,805.5,early_warning
situation_20240506_0900_e54b030f.pdf,2024-05-06,Other,3085,,,,,,,,,,1542.0,4982.0,0.0,0.0,0.0,0.0,0.0,0.0,0.0,0.0,0.0,0.0,True,grand_total,0900,2024-05-06 09:00:00,4,50.0,,0.0,1,1,0,0,0,0,3.5,weather_forecast,0,0,,,,,,,,,,,1,0,0.0,0,0,0,0,829.5,early_warning
situation_20240507_0900_cee4c58c.pdf,2024-05-07,"Strong Wind, Lightning",3306,,,,,,,,,,1551.0,5016.0,0.0,0.0,0.0,0.0,9.0,0.0,0.0,0.0,0.0,0.0,True,grand_total,0900,2024-05-07 09:00:00,2,50.0,,0.0,1,1,0,0,0,0,17.0,weather_forecast,0,0,,,,,,,,,,,1,0,0.0,0,0,0,0,853.5,early_warning
situation_20240508_0900_f2ce39f7.pdf,2024-05-08,Lightning,3469,,,,,,,,,,1547.0,4998.0,0.0,0.0,0.0,0.0,5.0,0.0,0.0,0.0,0.0,0.0,True,grand_total,0900,2024-05-08 09:00:00,3,75.0,,0.0,1,1,0,0,0,0,3.5,weather_forecast,0,0,,,,,,,,,,,1,0,0.0,0,0,0,0,877.5,early_warning
situation_20240509_0900_40cb0fb4.pdf,2024-05-09,Other,3092,,,,,,,,,,1542.0,4982.0,0.0,0.0,0.0,0.0,0.0,0.0,0.0,0.0,0.0,0.0,True,grand_total,0900,2024-05-09 09:00:00,3,75.0,,0.0,1,1,0,0,0,0,3.5,weather_forecast,0,0,,,,,,,,,,,1,0,0.0,0,0,0,0,901.5,early_warning
situation_20240510_0900_3ca6a78a.pdf,2024-05-10,"Strong Wind, Lightning",3448,,,,,,,,,,1556.0,5036.0,0.0,0.0,0.0,0.0,14.0,0.0,0.0,0.0,0.0,0.0,True,grand_total,0900,2024-05-10 09:00:00,4,100.0,,2.0,1,1,0,0,0,0,3.5,weather_forecast,0,0,,,,,,,,,,,1,0,0.0,0,0,0,0,925.5,early_warning
situation_20240511_0900_638eae65.pdf,2024-05-11,"Strong Wind, Lightning",3333,,,,,,,,,,1548.0,5004.0,0.0,0.0,0.0,0.0,6.0,0.0,0.0,0.0,0.0,0.0,True,grand_total,0900,2024-05-11 09:00:00,4,100.0,,2.0,1,1,0,0,0,0,3.5,weather_forecast,0,0,,,,,,,,,,,1,0,0.0,0,0,0,0,949.5,early_warning
situation_20240512_0900_9de0024c.pdf,2024-05-12,Lightning,3357,,,,,,,,,,1543.0,4987.0,0.0,1.0,0.0,0.0,0.0,0.0,0.0,0.0,0.0,0.0,True,grand_total,0900,2024-05-12 09:00:00,4,100.0,,2.0,1,1,0,0,0,0,3.5,weather_forecast,0,0,,,,,,,,,,,1,0,0.0,0,0,0,0,973.5,early_warning
situation_20240513_0900_b1e2f7fc.pdf,2024-05-13,Other,3108,,,,,,,,,,1542.0,4982.0,0.0,0.0,0.0,0.0,0.0,0.0,0.0,0.0,0.0,0.0,True,grand_total,0900,2024-05-13 09:00:00,5,150.0,,3.0,1,1,0,0,0,0,0.0,heavy_rain,0,0,,,,,,,,,,,1,1,1.0,5,0,0,5,18.0,early_warning
situation_20240514_0900_320f6442.pdf,2024-05-14,"Heavy Rain, Strong Wind, Lightning",4999,,,,,,,,,,4236.0,13292.0,3.0,0.0,0.0,0.0,66.0,0.0,0.0,0.0,0.0,0.0,True,grand_total,0900,2024-05-14 09:00:00,5,150.0,,3.0,1,1,0,0,0,0,3.5,weather_forecast,0,0,,,,,,,,,,,1,1,1.0,5,0,0,5,16.75,early_warning
situation_20240514_1600_86a2a495.pdf,2024-05-14,"Heavy Rain, Strong Wind, Lightning",5023,,,,,,,,,,4236.0,13292.0,3.0,0.0,0.0,0.0,66.0,0.0,0.0,0.0,0.0,0.0,True,grand_total,1600,2024-05-14 16:00:00,4,100.0,,0.0,1,1,0,0,0,0,0.0,weather_forecast,0,0,,,,,,,,,,,1,1,1.0,4,0,0,4,0.0,early_warning
situation_20240515_0900_0416a669.pdf,2024-05-15,"Heavy Rain, Strong Wind, Lightning",5065,,,,,,,,,,4238.0,13298.0,3.0,0.0,0.0,0.0,68.0,0.0,0.0,0.0,0.0,0.0,True,grand_total,0900,2024-05-15 09:00:00,3,100.0,,0.0,1,1,0,0,0,0,3.5,weather_forecast,0,0,,,,,,,,,,,1,1,1.0,4,0,0,4,17.0,early_warning
situation_20240516_0900_8d819486.pdf,2024-05-16,"Heavy Rain, Strong Wind, Lightning",3351,,,,,,,,,,3598.0,10663.0,0.0,0.0,0.0,0.0,9.0,0.0,2.0,0.0,0.0,0.0,True,grand_total,0900,2024-05-16 09:00:00,3,100.0,,0.0,1,1,0,0,0,0,3.5,weather_forecast,0,0,,,,,,,,,,,1,1,1.0,6,0,0,6,17.0,early_warning
situation_20240517_0900_7a446044.pdf,2024-05-17,Other,3132,,,,,,,,,,3516.0,10289.0,0.0,0.0,0.0,0.0,1.0,0.0,0.0,0.0,0.0,0.0,True,grand_total,0900,2024-05-17 09:00:00,3,100.0,,0.0,1,1,0,0,0,0,3.25,weather_forecast,0,0,,,,,,,,,,,1,1,1.0,8,0,0,8,17.0,early_warning
situation_20240518_0900_79e4578d.pdf,2024-05-18,"Landslide, Heavy Rain, Strong Wind, Lightning",4026,,,,,,,,,,3532.0,10355.0,0.0,2.0,0.0,0.0,17.0,0.0,1.0,0.0,0.0,0.0,True,grand_total,0900,2024-05-18 09:00:00,4,100.0,40.0,2.0,1,1,1,0,0,0,3.5,weather_forecast,0,0,,,,,,,,,,,1,1,1.0,8,0,0,8,17.0,early_warning
situation_20240519_0900_33d16632.pdf,2024-05-19,"Heavy Rain, Strong Wind",3617,,,,,,,,,,3518.0,10299.0,0.0,2.0,0.0,0.0,3.0,0.0,0.0,0.0,0.0,0.0,True,grand_total,0900,2024-05-19 09:00:00,6,100.0,40.0,3.0,1,1,1,0,0,0,0.25,heavy_rain,0,0,,,,,,,,,,,1,1,2.0,7,1,0,7,5.5,early_warning
situation_20240520_0900_91b68742.pdf,2024-05-20,"Flood, Heavy Rain, Strong Wind, Lightning",4306,,,,,,,,,,8284.0,29447.0,0.0,1.0,0.0,0.0,18.0,1.0,1.0,4.0,340.0,1140.0,True,grand_total,0900,2024-05-20 09:00:00,5,100.0,40.0,2.0,1,1,1,0,0,0,0.0,heavy_rain,0,0,,,,,,,,,,,1,1,2.0,7,3,0,8,17.0,early_warning
situation_20240521_0900_181a38b9.pdf,2024-05-21,"Flood, Heavy Rain, Strong Wind, Lightning",6796,,,,,,,,,,7323.0,29228.0,0.0,3.0,0.0,0.0,164.0,2.0,0.0,12.0,554.0,1852.0,True,grand_total,0900,2024-05-21 09:00:00,6,100.0,40.0,3.0,1,1,1,0,0,0,1.0,heavy_rain,0,0,,,,,,,,,,,1,1,2.0,9,3,0,9,17.0,early_warning
situation_20240522_0900_0d4a2e50.pdf,2024-05-22,"Flood, Heavy Rain, Strong Wind, Lightning",9192,,,,,,,,,,17325.0,67865.0,2.0,2.0,0.0,1.0,410.0,2.0,0.0,2.0,16.0,79.0,True,grand_total,0900,2024-05-22 09:00:00,4,150.0,40.0,3.0,1,1,1,0,0,0,3.5,weather_forecast,0,0,,,,,,,,,,,1,1,2.0,9,3,0,9,17.0,early_warning
situation_20240523_0900_b427c274.pdf,2024-05-23,"Flood, Heavy Rain, Strong Wind, Lightning",12467,,,,,,,,,,8944.0,33960.0,4.0,10.0,0.0,3.0,973.0,3.0,3.0,3.0,74.0,246.0,True,grand_total,0900,2024-05-23 09:00:00,7,150.0,60.0,3.0,1,1,1,0,0,0,0.0,heavy_rain,0,0,,,,,,,,,,,1,1,2.0,9,3,0,9,18.0,early_warning
situation_20240524_0900_d3862289.pdf,2024-05-24,"Flood, Heavy Rain, Strong Wind, Lightning",12556,,,,,,,,,,9688.0,35796.0,6.0,11.0,0.0,5.0,1246.0,0.0,2.0,4.0,34.0,121.0,True,grand_total,0900,2024-05-24 09:00:00,4,150.0,60.0,3.0,1,1,1,0,0,0,3.5,weather_forecast,0,0,,,,,,,,,,,1,1,2.0,10,4,0,10,17.0,early_warning
situation_20240525_0900_3b5fbe80.pdf,2024-05-25,"Flood, Heavy Rain, Strong Wind, Lightning",13177,,,,,,,,,,12197.0,45344.0,7.0,13.0,0.0,10.0,2797.0,56.0,10.0,4.0,51.0,188.0,True,grand_total,0900,2024-05-25 09:00:00,6,150.0,60.0,3.0,1,1,1,0,0,0,3.5,weather_forecast,0,0,,,,,,,,,,,1,1,2.0,7,5,0,7,17.0,early_warning
situation_20240526_0900_0602c62f.pdf,2024-05-26,"Flood, Heavy Rain, Strong Wind, Lightning",13462,,,,,,,,,,12207.0,45509.0,8.0,13.0,0.0,12.0,3166.0,57.0,10.0,12.0,311.0,1248.0,True,grand_total,0900,2024-05-26 09:00:00,5,100.0,60.0,2.0,1,1,1,0,0,0,3.5,weather_forecast,0,0,,,,,,,,,,,1,1,2.0,7,5,0,7,16.75,early_warning
situation_20240527_0900_17e879c2.pdf,2024-05-27,"Flood, Heavy Rain, Strong Wind, Lightning",13608,,,,,,,,,,11949.0,44627.0,7.0,15.0,0.0,15.0,3417.0,62.0,12.0,17.0,621.0,2335.0,True,grand_total,0900,2024-05-27 09:00:00,4,100.0,60.0,2.0,1,1,1,0,0,0,3.5,weather_forecast,0,0,,,,,,,,,,,1,1,2.0,7,5,0,7,17.0,early_warning
situation_20240528_0900_38ab1915.pdf,2024-05-28,"Flood, Heavy Rain, Strong Wind, Lightning",14419,,,,,,,,,,12224.0,45239.0,7.0,14.0,0.0,19.0,4612.0,71.0,12.0,15.0,298.0,1132.0,True,grand_total,0900,2024-05-28 09:00:00,5,100.0,60.0,2.0,1,1,1,0,0,0,3.5,weather_forecast,0,0,,,,,,,,,,,1,1,2.0,7,5,0,7,17.0,early_warning
situation_20240529_0900_eaa98cef.pdf,2024-05-29,"Flood, Heavy Rain, Strong Wind, Lightning",14190,,,,,,,,,,9587.0,35222.0,8.0,20.0,0.0,26.0,4718.0,98.0,29.0,9.0,58.0,220.0,True,grand_total,0900,2024-05-29 09:00:00,4,100.0,60.0,2.0,1,1,1,0,0,0,17.0,weather_forecast,0,0,,,,,,,,,,,1,1,2.0,8,1,0,8,17.0,early_warning
situation_20240530_0900_4d70bf54.pdf,2024-05-30,"Flood, Heavy Rain, Strong Wind, Lightning",13380,,,,,,,,,,7028.0,25401.0,8.0,19.0,0.0,21.0,4654.0,98.0,29.0,7.0,54.0,200.0,True,grand_total,0900,2024-05-30 09:00:00,4,100.0,60.0,2.0,1,1,1,0,0,0,3.5,weather_forecast,0,0,,,,,,,,,,,1,1,2.0,6,2,0,6,2.0,early_warning
situation_20240531_0900_754bac55.pdf,2024-05-31,"Flood, Heavy Rain, Strong Wind, Lightning",13193,,,,,,,,,,5341.0,18473.0,8.0,17.0,0.0,21.0,4906.0,98.0,29.0,6.0,56.0,231.0,True,grand_total,0900,2024-05-31 09:00:00,3,75.0,50.0,0.0,1,1,1,0,0,0,3.5,weather_forecast,0,0,,,,,,,,,,,1,1,2.0,6,4,0,6,17.0,early_warning
situation_20240601_0900_86036628.pdf,2024-06-01,"Flood, Heavy Rain, Strong Wind, Lightning",13187,,,,,,,,,,4947.0,17119.0,8.0,20.0,0.0,28.0,5022.0,108.0,30.0,4.0,39.0,161.0,True,grand_total,0900,2024-06-01 09:00:00,4,100.0,60.0,2.0,1,1,1,0,0,0,3.0,heavy_rain,0,0,,,,,,,,,,,1,1,2.0,7,4,0,7,1.0,early_warning
situation_20240602_0900_19681c02.pdf,2024-06-02,"Flood, Landslide, Heavy Rain, Strong Wind, Lightning",12164,,,,,,,,,,3727.0,11864.0,15.0,23.0,0.0,17.0,3304.0,54.0,17.0,21.0,641.0,2611.0,True,grand_total,0900,2024-06-02 09:00:00,4,100.0,,0.0,1,1,0,0,0,0,2.0,heavy_rain,0,0,,,,,,,,,,,1,1,3.0,7,9,3,9,2.0,early_warning
situation_20240604_0900_b46f5422.pdf,2024-06-04,"Flood, Landslide, Heavy Rain, Strong Wind, Lightning",10268,,,,,,,,,,41610.0,161290.0,17.0,13.0,1.0,17.0,3381.0,197.0,3.0,123.0,1888.0,8212.0,True,grand_total,0900,2024-06-04 09:00:00,3,,,0.0,0,1,0,0,0,0,3.5,weather_forecast,0,0,,,,,,,,,,,1,1,3.0,8,8,4,10,17.0,early_warning
situation_20240605_0900_2f9c7a75.pdf,2024-06-05,"Flood, Landslide, Heavy Rain, Strong Wind, Lightning",10666,,,,,,,,,,66906.0,253581.0,21.0,13.0,2.0,42.0,4303.0,698.0,5.0,154.0,2565.0,10737.0,True,grand_total,0900,2024-06-05 09:00:00,3,,,0.0,0,1,0,0,0,0,3.5,weather_forecast,0,0,,,,,,,,,,,1,1,3.0,9,8,2,10,17.0,early_warning
situation_20240606_0900_7c130c4d.pdf,2024-06-06,"Flood, Landslide, Heavy Rain, Strong Wind, Lightning",10767,,,,,,,,,,68857.0,259990.0,24.0,16.0,1.0,52.0,5247.0,998.0,6.0,139.0,2310.0,9695.0,True,grand_total,0900,2024-06-06 09:00:00,3,,50.0,0.0,0,1,1,0,0,0,3.5,weather_forecast,0,0,,,,,,,,,,,1,1,2.0,8,2,0,8,17.0,early_warning
situation_20240607_0900_82ba109a.pdf,2024-06-07,"Flood, Landslide, Heavy Rain, Strong Wind, Lightning",10186,,,,,,,,,,54569.0,206203.0,24.0,16.0,1.0,60.0,5348.0,783.0,8.0,83.0,1288.0,5162.0,True,grand_total,0900,2024-06-07 09:00:00,4,,50.0,0.0,0,1,1,0,0,0,2.0,weather_forecast,0,0,,,,,,,,,,,1,1,2.0,7,2,0,7,17.0,early_warning
situation_20240608_0900_b92e53d7.pdf,2024-06-08,"Flood, Landslide, Heavy Rain, Strong Wind, Lightning",9052,,,,,,,,,,35022.0,132521.0,24.0,9.0,1.0,68.0,4877.0,652.0,8.0,47.0,450.0,1825.0,True,grand_total,0900,2024-06-08 09:00:00,3,50.0,50.0,0.0,1,1,1,0,0,0,3.5,weather_forecast,0,0,,,,,,,,,,,1,0,0.0,0,0,0,0,41.0,early_warning
situation_20240609_0900_5bf52d8a.pdf,2024-06-09,"Flood, Landslide, Heavy Rain, Strong Wind, Lightning",8895,,,,,,,,,,33189.0,124476.0,24.0,9.0,1.0,76.0,5707.0,970.0,22.0,29.0,330.0,1304.0,True,grand_total,0900,2024-06-09 09:00:00,4,75.0,50.0,0.0,1,1,1,0,0,0,2.0,weather_forecast,0,0,,,,,,,,,,,1,1,2.0,6,2,0,6,17.0,early_warning
situation_20240610_0900_967237ea.pdf,2024-06-10,"Flood, Landslide, Heavy Rain, Strong Wind, Lightning",8526,,,,,,,,,,32296.0,121176.0,24.0,7.0,1.0,77.0,5678.0,1048.0,76.0,19.0,147.0,513.0,True,grand_total,0900,2024-06-10 09:00:00,4,75.0,50.0,0.0,1,1,1,0,0,0,2.0,weather_forecast,0,0,,,,,,,,,,,1,1,2.0,6,2,0,6,17.0,early_warning
situation_20240611_0900_adfcad8d.pdf,2024-06-11,"Flood, Landslide, Heavy Rain, Strong Wind, Lightning",8345,,,,,,,,,,31451.0,117973.0,23.0,7.0,1.0,78.0,6340.0,1253.0,101.0,17.0,136.0,466.0,True,grand_total,0900,2024-06-11 09:00:00,4,75.0,50.0,0.0,1,1,1,0,0,0,2.0,weather_forecast,0,0,,,,,,,,,,,1,1,1.0,3,0,0,3,17.0,early_warning
situation_20240612_0900_ed72cbaf.pdf,2024-06-12,"Flood, Landslide, Heavy Rain, Strong Wind, Lightning",8088,,,,,,,,,,27264.0,101720.0,25.0,8.0,3.0,80.0,7497.0,1567.0,116.0,8.0,39.0,128.0,True,grand_total,0900,2024-06-12 09:00:00,3,75.0,50.0,0.0,1,1,1,0,0,0,3.5,weather_forecast,0,0,,,,,,,,,,,1,0,0.0,0,0,0,0,41.0,early_warning
situation_20240613_0900_76c98c28.pdf,2024-06-13,"Flood, Landslide, Heavy Rain, Strong Wind, Lightning",8360,,,,,,,,,,27288.0,101805.0,25.0,8.0,5.0,80.0,7531.0,1581.0,116.0,8.0,39.0,128.0,True,grand_total,0900,2024-06-13 09:00:00,4,75.0,50.0,0.0,1,1,1,0,0,0,2.0,weather_forecast,0,0,,,,,,,,,,,1,0,0.0,0,0,0,0,65.0,early_warning
situation_20240614_0900_ed0e7d2d.pdf,2024-06-14,"Flood, Landslide, Heavy Rain, Strong Wind, Lightning",8226,,,,,,,,,,27338.0,101852.0,25.0,7.0,3.0,80.0,7561.0,1592.0,121.0,7.0,38.0,124.0,True,grand_total,0900,2024-06-14 09:00:00,4,,50.0,0.0,0,1,1,0,0,0,2.0,weather_forecast,0,0,,,,,,,,,,,1,0,0.0,0,0,0,0,89.0,early_warning
situation_20240615_0900_7a40576a.pdf,2024-06-15,"Flood, Landslide, Heavy Rain, Strong Wind, Lightning",3252,,,,,,,,,,433.0,948.0,0.0,0.0,0.0,0.0,1.0,0.0,0.0,7.0,37.0,118.0,True,grand_total,0900,2024-06-15 09:00:00,3,,50.0,0.0,0,0,1,0,0,0,3.5,weather_forecast,0,0,,,,,,,,,,,1,0,0.0,0,0,0,0,113.0,early_warning
situation_20240616_0900_5adf1324.pdf,2024-06-16,"Flood, Landslide, Heavy Rain, Strong Wind, Lightning",3252,,,,,,,,,,433.0,948.0,0.0,0.0,0.0,0.0,1.0,0.0,0.0,7.0,37.0,118.0,True,grand_total,0900,2024-06-16 09:00:00,4,,50.0,0.0,0,0,1,0,0,0,3.5,weather_forecast,0,0,,,,,,,,,,,1,0,0.0,0,0,0,0,137.0,early_warning
situation_20240618_0900_a6652da7.pdf,2024-06-18,"Flood, Landslide, Heavy Rain",2750,,,,,,,,,,432.0,946.0,0.0,0.0,0.0,0.0,0.0,0.0,0.0,6.0,35.0,110.0,True,grand_total,0900,2024-06-18 09:00:00,3,,50.0,0.0,0,1,1,0,0,0,3.5,weather_forecast,0,0,,,,,,,,,,,1,0,0.0,0,0,0,0,185.0,early_warning
situation_20240619_0900_53bce425.pdf,2024-06-19,"Flood, Landslide, Heavy Rain, Strong Wind",3280,,,,,,,,,,438.0,963.0,1.0,1.0,0.0,1.0,4.0,0.0,0.0,5.0,34.0,107.0,True,grand_total,0900,2024-06-19 09:00:00,3,75.0,50.0,0.0,1,1,1,0,0,0,8.5,weather_forecast,0,0,,,,,,,,,,,1,0,0.0,0,0,0,0,209.0,early_warning
situation_20240621_0900_eaa5d3f9.pdf,2024-06-21,"Flood, Landslide",2974,,,,,,,,,,440.0,976.0,0.0,0.0,0.0,0.0,8.0,0.0,0.0,5.0,34.0,107.0,True,grand_total,0900,2024-06-21 09:00:00,3,75.0,50.0,0.0,1,1,1,0,0,0,3.5,weather_forecast,0,0,,,,,,,,,,,1,0,0.0,0,0,0,0,257.0,early_warning
situation_20240622_0900_01f2e7a2.pdf,2024-06-22,"Flood, Landslide, Strong Wind",2958,,,,,,,,,,436.0,963.0,0.0,0.0,0.0,0.0,3.0,0.0,0.0,5.0,34.0,107.0,True,grand_total,0900,2024-06-22 09:00:00,4,100.0,50.0,2.0,1,1,1,0,0,0,3.5,weather_forecast,0,0,,,,,,,,,,,1,0,0.0,0,0,0,0,281.0,early_warning
situation_20240623_0900_980c42cf.pdf,2024-06-23,"Flood, Landslide",2708,,,,,,,,,,432.0,946.0,0.0,0.0,0.0,0.0,0.0,0.0,0.0,5.0,7.0,35.0,True,grand_total,0900,2024-06-23 09:00:00,3,100.0,50.0,0.0,1,1,1,0,0,0,3.5,weather_forecast,0,0,,,,,,,,,,,1,0,0.0,0,0,0,0,305.0,early_warning
situation_20240624_0900_7b498be7.pdf,2024-06-24,"Flood, Landslide",2689,,,,,,,,,,432.0,946.0,0.0,0.0,0.0,0.0,0.0,0.0,0.0,4.0,6.0,30.0,True,grand_total,0900,2024-06-24 09:00:00,3,50.0,50.0,0.0,1,0,1,0,0,0,3.5,weather_forecast,0,0,,,,,,,,,,,1,0,0.0,0,0,0,0,329.0,early_warning
situation_20240625_0900_1774b4c6.pdf,2024-06-25,"Flood, Landslide",2686,,,,,,,,,,432.0,946.0,0.0,0.0,0.0,0.0,0.0,0.0,0.0,4.0,6.0,30.0,True,grand_total,0900,2024-06-25 09:00:00,3,75.0,50.0,0.0,1,0,1,0,0,0,3.5,weather_forecast,0,0,,,,,,,,,,,1,0,0.0,0,0,0,0,353.0,early_warning
situation_20240626_0900_1a5e15f0.pdf,2024-06-26,"Flood, Landslide, Strong Wind",4072,,,,,,,,,,561.0,1478.0,0.0,0.0,0.0,0.0,120.0,0.0,0.0,4.0,6.0,30.0,True,grand_total,0900,2024-06-26 09:00:00,3,75.0,50.0,0.0,1,0,1,0,0,0,3.5,weather_forecast,0,0,,,,,,,,,,,1,1,1.0,2,0,0,2,17.0,early_warning
situation_20240627_0900_08f7e456.pdf,2024-06-27,"Flood, Heavy Rain, Strong Wind",4922,,,,,,,,,,405.0,1344.0,1.0,1.0,0.0,0.0,141.0,0.0,0.0,3.0,5.0,24.0,True,grand_total,0900,2024-06-27 09:00:00,3,50.0,50.0,0.0,1,1,1,0,0,0,3.5,weather_forecast,0,0,,,,,,,,,,,1,1,1.0,2,0,0,2,17.0,early_warning
situation_20240628_0900_4908ca32.pdf,2024-06-28,"Flood, Landslide, Strong Wind",3554,,,,,,,,,,320.0,1115.0,1.0,1.0,0.0,9.0,4.0,0.0,0.0,4.0,6.0,30.0,True,grand_total,0900,2024-06-28 09:00:00,3,,50.0,0.0,0,1,1,0,0,0,3.5,weather_forecast,0,0,,,,,,,,,,,1,0,0.0,0,0,0,0,41.0,early_warning
situation_20240629_0900_91a7507b.pdf,2024-06-29,"Flood, Landslide, Strong Wind",3552,,,,,,,,,,320.0,1115.0,1.0,1.0,0.0,9.0,4.0,0.0,0.0,4.0,6.0,30.0,True,grand_total,0900,2024-06-29 09:00:00,3,,50.0,0.0,0,1,1,0,0,0,3.5,weather_forecast,0,0,,,,,,,,,,,1,0,0.0,0,0,0,0,65.0,early_warning
situation_20240630_0900_996bdb11.pdf,2024-06-30,"Flood, Landslide, Strong Wind, Lightning",3335,,,,,,,,,,346.0,1133.0,1.0,1.0,0.0,0.0,15.0,0.0,0.0,4.0,8.0,38.0,True,grand_total,0900,2024-06-30 09:00:00,2,,50.0,0.0,0,1,1,0,0,0,3.5,weather_forecast,0,0,,,,,,,,,,,1,0,0.0,0,0,0,0,89.0,early_warning
situation_20240701_0900_85b74d9e.pdf,2024-07-01,"Flood, Landslide",2774,,,,,,,,,,334.0,1115.0,0.0,0.0,0.0,0.0,8.0,0.0,0.0,4.0,8.0,38.0,True,grand_total,0900,2024-07-01 09:00:00,3,,50.0,0.0,0,1,1,0,0,0,3.5,weather_forecast,0,0,,,,,,,,,,,1,0,0.0,0,0,0,0,113.0,early_warning
situation_20240702_0900_63e487c5.pdf,2024-07-02,"Flood, Landslide, Strong Wind",3071,,,,,,,,,,337.0,1127.0,0.0,0.0,0.0,0.0,11.0,0.0,0.0,3.0,5.0,24.0,True,grand_total,0900,2024-07-02 09:00:00,2,,50.0,0.0,0,1,1,0,0,0,17.0,weather_forecast,0,0,,,,,,,,,,,1,0,0.0,0,0,0,0,137.0,early_warning
situation_20240702_0900_c83639ac.pdf,2024-07-02,"Heavy Rain, Strong Wind, Lightning",4171,,,,,,,,,,,,,,,,,,,,,,False,non_situation_report,0900,2024-07-02 09:00:00,2,,50.0,0.0,0,1,1,0,0,0,17.0,weather_forecast,0,0,,,,,,,,,,,1,0,0.0,0,0,0,0,137.0,early_warning
situation_20240703_0900_36f90644.pdf,2024-07-03,"Flood, Strong Wind",3078,,,,,,,,,,242.0,745.0,0.0,0.0,0.0,0.0,3.0,0.0,0.0,3.0,5.0,24.0,True,grand_total,0900,2024-07-03 09:00:00,3,50.0,50.0,0.0,1,1,1,0,0,0,3.5,weather_forecast,0,0,,,,,,,,,,,1,0,0.0,0,0,0,0,161.0,early_warning
situation_20240704_0900_b3db4e3f.pdf,2024-07-04,"Flood, Heavy Rain, Strong Wind",2954,,,,,,,,,,248.0,769.0,2.0,0.0,0.0,0.0,9.0,0.0,0.0,4.0,9.0,40.0,True,grand_total,0900,2024-07-04 09:00:00,3,,50.0,0.0,0,1,1,0,0,0,3.5,weather_forecast,0,0,,,,,,,,,,,1,0,0.0,0,0,0,0,185.0,early_warning
situation_20240705_0900_c828471d.pdf,2024-07-05,Lightning,2968,,,,,,,,,,249.0,777.0,4.0,0.0,0.0,3.0,5.0,0.0,0.0,1.0,4.0,16.0,True,grand_total,0900,2024-07-05 09:00:00,3,75.0,50.0,0.0,1,1,1,0,0,0,3.5,weather_forecast,0,0,,,,,,,,,,,1,0,0.0,0,0,0,0,209.0,early_warning
situation_20240706_0900_d58b56f9.pdf,2024-07-06,"Flood, Heavy Rain, Strong Wind",3600,,,,,,,,,,258.0,816.0,3.0,0.0,0.0,0.0,13.0,0.0,0.0,4.0,16.0,80.0,True,grand_total,0900,2024-07-06 09:00:00,5,100.0,50.0,2.0,1,1,1,0,0,0,3.5,weather_forecast,0,0,,,,,,,,,,,1,1,1.0,2,0,0,2,12.0,early_warning
situation_20240707_0900_f14f494b.pdf,2024-07-07,"Flood, Strong Wind",3458,,,,,,,,,,269.0,868.0,2.0,0.0,0.0,0.0,26.0,0.0,0.0,4.0,16.0,80.0,True,grand_total,0900,2024-07-07 09:00:00,3,,50.0,0.0,0,1,1,0,0,0,3.5,weather_forecast,0,0,,,,,,,,,,,1,1,1.0,2,0,0,2,17.0,early_warning
situation_20240708_0900_e6349c2a.pdf,2024-07-08,Flood,3055,,,,,,,,,,252.0,794.0,2.0,0.0,0.0,0.0,9.0,0.0,0.0,5.0,17.0,84.0,True,grand_total,0900,2024-07-08 09:00:00,4,100.0,50.0,2.0,1,1,1,0,0,0,3.5,weather_forecast,0,0,,,,,,,,,,,1,1,1.0,2,0,0,2,16.5,early_warning
situation_20240709_0900_c2d71f5c.pdf,2024-07-09,Flood,3038,,,,,,,,,,239.0,732.0,0.0,0.0,0.0,0.0,0.0,0.0,0.0,5.0,17.0,84.0,True,grand_total,0900,2024-07-09 09:00:00,3,,50.0,0.0,0,1,1,0,0,0,3.5,weather_forecast,0,0,,,,,,,,,,,1,1,1.0,2,0,0,2,17.0,warning
situation_20240710_0900_69e0f02a.pdf,2024-07-10,Flood,3050,,,,,,,,,,239.0,732.0,0.0,0.0,0.0,0.0,0.0,0.0,0.0,4.0,16.0,81.0,True,grand_total,0900,2024-07-10 09:00:00,3,,50.0,0.0,0,1,1,0,0,0,3.5,weather_forecast,0,0,,,,,,,,,,,1,0,0.0,0,0,0,0,41.0,warning
situation_20240711_0900_4163262c.pdf,2024-07-11,"Flood, Heavy Rain, Strong Wind, Lightning",4249,,,,,,,,,,290.0,950.0,0.0,0.0,0.0,0.0,50.0,1.0,0.0,4.0,16.0,81.0,True,grand_total,0900,2024-07-11 09:00:00,3,,50.0,0.0,0,1,1,0,0,0,3.5,weather_forecast,0,0,,,,,,,,,,,1,0,0.0,0,0,0,0,65.0,warning
situation_20240712_0900_cea907b5.pdf,2024-07-12,"Flood, Strong Wind, Lightning",3937,,,,,,,,,,8372.0,26302.0,0.0,0.0,0.0,0.0,15.0,0.0,0.0,4.0,16.0,81.0,True,grand_total,0900,2024-07-12 09:00:00,3,50.0,50.0,0.0,1,1,1,0,0,0,3.5,weather_forecast,0,0,,,,,,,,,,,1,0,0.0,0,0,0,0,89.0,warning
situation_20240713_0900_586cffe6.pdf,2024-07-13,"Flood, Heavy Rain, Lightning",3096,,,,,,,,,,8367.0,26274.0,0.0,0.0,0.0,0.0,10.0,0.0,0.0,3.0,8.0,37.0,True,grand_total,0900,2024-07-13 09:00:00,3,75.0,50.0,0.0,1,1,1,0,0,0,3.5,weather_forecast,0,0,,,,,,,,,,,1,0,0.0,0,0,0,0,113.0,warning
situation_20240714_0900_5bcfe3c3.pdf,2024-07-14,"Flood, Strong Wind",3749,,,,,,,,,,8361.0,26255.0,0.0,0.0,2.0,0.0,4.0,0.0,0.0,3.0,8.0,37.0,True,grand_total,0900,2024-07-14 09:00:00,4,100.0,55.0,2.0,1,1,1,0,0,0,3.5,weather_forecast,0,0,,,,,,,,,,,1,1,1.0,5,0,0,5,16.5,early_warning
situation_20240715_0900_a882f5d8.pdf,2024-07-15,"Flood, Strong Wind",3753,,,,,,,,,,8361.0,26255.0,0.0,0.0,2.0,0.0,4.0,0.0,0.0,3.0,8.0,37.0,True,grand_total,0900,2024-07-15 09:00:00,4,75.0,60.0,2.0,1,1,1,0,0,0,3.5,weather_forecast,0,0,,,,,,,,,,,1,1,1.0,5,0,0,5,17.0,early_warning
situation_20240716_0900_cfe9be87.pdf,2024-07-16,"Flood, Heavy Rain, Strong Wind",4900,,,,,,,,,,8440.0,26550.0,0.0,0.0,2.0,0.0,81.0,1.0,0.0,3.0,8.0,37.0,True,grand_total,0900,2024-07-16 09:00:00,4,75.0,60.0,2.0,1,1,1,0,0,0,3.5,weather_forecast,0,0,,,,,,,,,,,1,1,1.0,5,0,0,5,17.0,early_warning
situation_20240717_0900_9965bdaa.pdf,2024-07-17,"Flood, Strong Wind",4397,,,,,,,,,,8414.0,26452.0,0.0,1.0,2.0,0.0,53.0,1.0,0.0,2.0,4.0,21.0,True,grand_total,0900,2024-07-17 09:00:00,4,50.0,60.0,2.0,1,1,1,0,0,0,3.5,weather_forecast,0,0,,,,,,,,,,,1,1,1.0,4,0,0,4,17.0,early_warning
situation_20240718_0900_82f70f57.pdf,2024-07-18,"Flood, Strong Wind",4662,,,,,,,,,,8476.0,26691.0,0.0,0.0,2.0,0.0,110.0,0.0,0.0,2.0,4.0,21.0,True,grand_total,0900,2024-07-18 09:00:00,4,50.0,60.0,2.0,1,1,1,0,0,0,3.5,strong_wind,0,0,,,,,,,,,,,1,1,1.0,4,0,0,4,17.0,early_warning
situation_20240719_0900_0fde41dd.pdf,2024-07-19,"Flood, Strong Wind",4543,,,,,,,,,,8595.0,27127.0,0.0,0.0,2.0,0.0,228.0,0.0,0.0,2.0,4.0,21.0,True,grand_total,0900,2024-07-19 09:00:00,4,,60.0,2.0,0,1,1,0,0,0,3.5,weather_forecast,0,0,,,,,,,,,,,1,0,0.0,0,0,0,0,41.0,early_warning
situation_20240720_0900_9123cadc.pdf,2024-07-20,"Flood, Strong Wind",3907,,,,,,,,,,8437.0,26522.0,0.0,1.0,2.0,1.0,68.0,1.0,2.0,2.0,4.0,21.0,True,grand_total,0900,2024-07-20 09:00:00,4,,60.0,2.0,0,1,1,0,0,0,3.5,weather_forecast,0,0,,,,,,,,,,,1,0,0.0,0,0,0,0,65.0,early_warning
situation_20240721_0900_962945f6.pdf,2024-07-21,"Flood, Strong Wind",3396,,,,,,,,,,8388.0,26357.0,0.0,5.0,2.0,0.0,31.0,0.0,0.0,2.0,4.0,21.0,True,grand_total,0900,2024-07-21 09:00:00,3,,55.0,0.0,0,0,1,0,0,0,3.5,weather_forecast,0,0,,,,,,,,,,,1,0,0.0,0,0,0,0,89.0,early_warning
situation_20240722_0900_e2ee6b99.pdf,2024-07-22,"Flood, Strong Wind",3379,,,,,,,,,,8388.0,26357.0,0.0,5.0,2.0,0.0,31.0,0.0,0.0,2.0,4.0,21.0,True,grand_total,0900,2024-07-22 09:00:00,3,,55.0,0.0,0,0,1,0,0,0,3.5,weather_forecast,0,0,,,,,,,,,,,1,0,0.0,0,0,0,0,113.0,early_warning
situation_20240723_0900_2ecd2461.pdf,2024-07-23,"Flood, Strong Wind",3927,,,,,,,,,,8553.0,27006.0,0.0,5.0,3.0,0.0,192.0,3.0,0.0,2.0,4.0,21.0,True,grand_total,0900,2024-07-23 09:00:00,3,,55.0,0.0,0,0,1,0,0,0,3.5,weather_forecast,0,0,,,,,,,,,,,1,0,0.0,0,0,0,0,137.0,early_warning
situation_20240724_0900_1de81fa1.pdf,2024-07-24,"Flood, Strong Wind",3923,,,,,,,,,,8700.0,27533.0,0.0,6.0,2.0,0.0,331.0,3.0,0.0,2.0,4.0,21.0,True,grand_total,0900,2024-07-24 09:00:00,2,,50.0,0.0,0,0,1,0,0,0,3.5,weather_forecast,0,0,,,,,,,,,,,1,0,0.0,0,0,0,0,161.0,early_warning
situation_20240725_0900_58b518ad.pdf,2024-07-25,"Flood, Strong Wind",4523,,,,,,,,,,8758.0,27755.0,0.0,6.0,2.0,0.0,389.0,8.0,0.0,2.0,4.0,21.0,True,grand_total,0900,2024-07-25 09:00:00,3,,50.0,0.0,0,0,1,0,0,0,3.5,weather_forecast,0,0,,,,,,,,,,,1,0,0.0,0,0,0,0,185.0,early_warning
situation_20240726_0900_648d1c8c.pdf,2024-07-26,"Flood, Strong Wind",4710,,,,,,,,,,8762.0,27766.0,0.0,6.0,3.0,0.0,392.0,8.0,0.0,2.0,4.0,21.0,True,grand_total,0900,2024-07-26 09:00:00,3,,55.0,0.0,0,0,1,0,0,0,3.5,weather_forecast,0,0,,,,,,,,,,,1,0,0.0,0,0,0,0,209.0,early_warning
situation_20240727_0900_f9179c87.pdf,2024-07-27,Flood,3123,,,,,,,,,,8357.0,26238.0,0.0,0.0,2.0,0.0,0.0,0.0,0.0,2.0,4.0,21.0,True,grand_total,0900,2024-07-27 09:00:00,3,,55.0,0.0,0,0,1,0,0,0,3.5,weather_forecast,0,0,,,,,,,,,,,1,0,0.0,0,0,0,0,233.0,early_warning
situation_20240728_0900_b4f77b4c.pdf,2024-07-28,Flood,3133,,,,,,,,,,8357.0,26238.0,0.0,0.0,2.0,0.0,0.0,0.0,0.0,2.0,4.0,21.0,True,grand_total,0900,2024-07-28 09:00:00,3,,55.0,0.0,0,0,1,0,0,0,3.5,weather_forecast,0,0,,,,,,,,,,,1,0,0.0,0,0,0,0,257.0,early_warning
situation_20240729_0900_e6425f74.pdf,2024-07-29,"Flood, Strong Wind",3394,,,,,,,,,,8358.0,26243.0,0.0,0.0,2.0,0.0,1.0,0.0,0.0,2.0,4.0,21.0,True,grand_total,0900,2024-07-29 09:00:00,3,50.0,55.0,0.0,1,0,1,0,0,0,3.5,weather_forecast,0,0,,,,,,,,,,,1,0,0.0,0,0,0,0,281.0,early_warning
situation_20240730_0900_a4a6b4cf.pdf,2024-07-30,"Flood, Strong Wind",3855,,,,,,,,,,8384.0,26336.0,0.0,0.0,2.0,0.0,27.0,3.0,0.0,2.0,4.0,21.0,True,grand_total,0900,2024-07-30 09:00:00,5,100.0,55.0,2.0,1,1,1,0,0,0,3.5,weather_forecast,0,0,,,,,,,,,,,1,0,0.0,0,0,0,0,305.0,early_warning
situation_20240731_0900_38107cf4.pdf,2024-07-31,"Flood, Strong Wind",4236,,,,,,,,,,8398.0,26401.0,0.0,0.0,2.0,0.0,40.0,0.0,1.0,2.0,4.0,21.0,True,grand_total,0900,2024-07-31 09:00:00,4,50.0,55.0,3.0,1,1,1,0,0,0,3.5,weather_forecast,0,0,,,,,,,,,,,1,0,0.0,0,0,0,0,329.0,early_warning
situation_20240801_0900_09225274.pdf,2024-08-01,"Flood, Strong Wind",4105,,,,,,,,,,8423.0,26473.0,0.0,0.0,2.0,0.0,54.0,6.0,1.0,2.0,4.0,21.0,True,grand_total,0900,2024-08-01 09:00:00,3,50.0,55.0,0.0,1,1,1,0,0,0,3.5,weather_forecast,0,0,,,,,,,,,,,1,0,0.0,0,0,0,0,353.0,early_warning
situation_20240802_0900_7a6dc101.pdf,2024-08-02,"Flood, Strong Wind",4151,,,,,,,,,,8548.0,26985.0,0.0,1.0,2.0,0.0,26.0,1.0,0.0,2.0,4.0,21.0,True,grand_total,0900,2024-08-02 09:00:00,3,,55.0,0.0,0,1,1,0,0,0,3.5,weather_forecast,0,0,,,,,,,,,,,1,0,0.0,0,0,0,0,377.0,early_warning
situation_20240803_0900_0b8c2ef9.pdf,2024-08-03,Flood,3567,,,,,,,,,,8523.0,26899.0,0.0,0.0,2.0,0.0,2.0,0.0,0.0,2.0,4.0,21.0,True,grand_total,0900,2024-08-03 09:00:00,3,,50.0,0.0,0,1,1,0,0,0,3.5,weather_forecast,0,0,,,,,,,,,,,1,0,0.0,0,0,0,0,401.0,early_warning
situation_20240804_0900_76f71783.pdf,2024-08-04,Flood,3431,,,,,,,,,,8521.0,26894.0,0.0,0.0,2.0,0.0,0.0,0.0,0.0,2.0,4.0,21.0,True,grand_total,0900,2024-08-04 09:00:00,3,50.0,40.0,0.0,1,1,1,0,0,0,3.5,weather_forecast,0,0,,,,,,,,,,,1,0,0.0,0,0,0,0,425.0,early_warning
situation_20240805_0900_e4ae9673.pdf,2024-08-05,Flood,3408,,,,,,,,,,8521.0,26894.0,0.0,0.0,2.0,0.0,0.0,0.0,0.0,2.0,4.0,21.0,True,grand_total,0900,2024-08-05 09:00:00,3,75.0,,0.0,1,1,0,0,0,0,3.5,weather_forecast,0,0,,,,,,,,,,,1,0,0.0,0,0,0,0,449.0,early_warning
situation_20240806_0900_95961225.pdf,2024-08-06,"Flood, Strong Wind",3868,,,,,,,,,,8529.0,26928.0,0.0,0.0,2.0,0.0,8.0,0.0,0.0,2.0,4.0,21.0,True,grand_total,0900,2024-08-06 09:00:00,4,50.0,,2.0,1,1,0,0,0,0,3.5,weather_forecast,0,0,,,,,,,,,,,1,0,0.0,0,0,0,0,473.0,early_warning
situation_20240807_0900_1241109e.pdf,2024-08-07,"Flood, Strong Wind, Lightning",4328,,,,,,,,,,8589.0,27121.0,0.0,0.0,2.0,0.0,68.0,0.0,0.0,2.0,4.0,21.0,True,grand_total,0900,2024-08-07 09:00:00,3,50.0,,0.0,1,1,0,0,0,0,3.5,weather_forecast,0,0,,,,,,,,,,,1,0,0.0,0,0,0,0,497.0,early_warning
situation_20240808_0900_d7cce263.pdf,2024-08-08,"Flood, Heavy Rain, Strong Wind, Lightning",4520,,,,,,,,,,8591.0,27135.0,0.0,0.0,2.0,0.0,70.0,0.0,0.0,2.0,4.0,21.0,True,grand_total,0900,2024-08-08 09:00:00,2,,,0.0,0,1,0,0,0,0,3.5,weather_forecast,0,0,,,,,,,,,,,1,0,0.0,0,0,0,0,521.0,early_warning
situation_20240809_0900_71388024.pdf,2024-08-09,Flood,3444,,,,,,,,,,8522.0,26898.0,0.0,0.0,2.0,0.0,1.0,0.0,0.0,2.0,4.0,21.0,True,grand_total,0900,2024-08-09 09:00:00,3,50.0,,0.0,1,1,0,0,0,0,3.5,weather_forecast,0,0,,,,,,,,,,,1,0,0.0,0,0,0,0,545.0,early_warning
situation_20240810_0900_2d0ac62d.pdf,2024-08-10,"Flood, Strong Wind",4203,,,,,,,,,,8527.0,26915.0,1.0,0.0,2.0,0.0,6.0,0.0,0.0,2.0,4.0,21.0,True,grand_total,0900,2024-08-10 09:00:00,3,50.0,,0.0,1,1,0,0,0,0,3.5,weather_forecast,0,0,,,,,,,,,,,1,0,0.0,0,0,0,0,569.0,early_warning
situation_20240811_0900_559426b1.pdf,2024-08-11,Flood,3363,,,,,,,,,,8521.0,26894.0,0.0,0.0,2.0,0.0,0.0,0.0,0.0,2.0,4.0,21.0,True,grand_total,0900,2024-08-11 09:00:00,3,75.0,,0.0,1,1,0,0,0,0,3.5,weather_forecast,0,0,,,,,,,,,,,1,0,0.0,0,0,0,0,593.0,early_warning
situation_20240812_0900_92d0fc59.pdf,2024-08-12,Flood,3302,,,,,,,,,,8521.0,26894.0,0.0,0.0,1.0,0.0,0.0,0.0,0.0,1.0,3.0,17.0,True,grand_total,0900,2024-08-12 09:00:00,3,100.0,,0.0,1,1,0,0,0,0,3.25,weather_forecast,0,0,,,,,,,,,,,1,0,0.0,0,0,0,0,617.0,early_warning
situation_20240813_0900_855a472b.pdf,2024-08-13,"Flood, Strong Wind, Lightning",4025,,,,,,,,,,8525.0,26907.0,0.0,0.0,1.0,0.0,4.0,4.0,0.0,1.0,3.0,17.0,True,grand_total,0900,2024-08-13 09:00:00,5,100.0,,2.0,1,1,0,0,0,0,3.5,weather_forecast,0,0,,,,,,,,,,,1,0,0.0,0,0,0,0,641.0,early_warning
situation_20240814_0900_0fa15ad8.pdf,2024-08-14,Flood,3373,,,,,,,,,,8521.0,26894.0,0.0,0.0,1.0,0.0,0.0,0.0,0.0,1.0,3.0,17.0,True,grand_total,0900,2024-08-14 09:00:00,3,75.0,40.0,0.0,1,1,1,0,0,0,3.5,weather_forecast,0,0,,,,,,,,,,,1,0,0.0,0,0,0,0,665.0,early_warning
situation_20240815_0900_bb09ff69.pdf,2024-08-15,Flood,3592,,,,,,,,,,8524.0,26906.0,0.0,0.0,1.0,0.0,3.0,0.0,0.0,1.0,3.0,17.0,True,grand_total,0900,2024-08-15 09:00:00,3,,,0.0,0,1,0,0,0,0,3.5,weather_forecast,0,0,,,,,,,,,,,1,0,0.0,0,0,0,0,689.0,early_warning
situation_20240816_0900_aa71592e.pdf,2024-08-16,Flood,3371,,,,,,,,,,8521.0,26894.0,0.0,0.0,1.0,0.0,0.0,0.0,0.0,1.0,3.0,17.0,True,grand_total,0900,2024-08-16 09:00:00,3,100.0,,0.0,1,1,0,0,0,0,3.5,weather_forecast,0,0,,,,,,,,,,,1,0,0.0,0,0,0,0,713.0,early_warning
situation_20240817_0900_8f7bd8ba.pdf,2024-08-17,"Flood, Strong Wind",3625,,,,,,,,,,8522.0,26898.0,0.0,0.0,1.0,1.0,0.0,0.0,0.0,1.0,3.0,17.0,True,grand_total,0900,2024-08-17 09:00:00,6,150.0,,3.0,1,1,0,0,0,0,3.5,weather_forecast,0,0,,,,,,,,,,,1,1,2.0,4,4,0,5,3.5,early_warning
situation_20240818_0900_5ce64632.pdf,2024-08-18,"Flood, Heavy Rain, Strong Wind",4124,,,,,,,,,,8717.0,27642.0,0.0,2.0,1.0,1.0,158.0,0.0,0.0,2.0,5.0,21.0,True,grand_total,0900,2024-08-18 09:00:00,4,150.0,40.0,3.0,1,1,1,0,0,0,3.5,weather_forecast,0,0,,,,,,,,,,,1,1,3.0,5,5,2,6,13.0,early_warning
situation_20240819_0900_2618b10d.pdf,2024-08-19,"Flood, Heavy Rain, Strong Wind",4302,,,,,,,,,,8779.0,27858.0,0.0,2.0,1.0,1.0,172.0,0.0,0.0,1.0,3.0,17.0,True,grand_total,0900,2024-08-19 09:00:00,3,75.0,40.0,0.0,1,1,1,0,0,0,3.5,weather_forecast,0,0,,,,,,,,,,,1,1,3.0,6,5,2,7,17.0,warning
situation_20240820_0900_cac1579b.pdf,2024-08-20,"Flood, Landslide, Heavy Rain, Strong Wind",4547,,,,,,,,,,9438.0,30136.0,0.0,2.0,1.0,1.0,179.0,0.0,0.0,0.0,0.0,0.0,True,grand_total,0900,2024-08-20 09:00:00,4,75.0,40.0,0.0,1,1,1,0,0,0,3.5,weather_forecast,0,0,,,,,,,,,,,1,1,3.0,6,5,2,7,17.0,early_warning
situation_20240821_0900_86a94651.pdf,2024-08-21,"Flood, Landslide, Heavy Rain, Strong Wind",5610,,,,,,,,,,9525.0,30424.0,2.0,1.0,1.0,1.0,221.0,5.0,0.0,0.0,0.0,0.0,True,grand_total,0900,2024-08-21 09:00:00,5,100.0,40.0,2.0,1,1,1,0,0,0,3.5,weather_forecast,0,0,,,,,,,,,,,1,1,2.0,6,3,0,6,17.0,warning
situation_20240822_0900_4b9e5aab.pdf,2024-08-22,"Flood, Landslide, Heavy Rain, Strong Wind, Lightning",6627,,,,,,,,,,11929.0,39124.0,3.0,2.0,1.0,0.0,132.0,5.0,0.0,2.0,16.0,51.0,True,grand_total,0900,2024-08-22 09:00:00,4,100.0,40.0,2.0,1,1,1,0,0,0,3.5,weather_forecast,0,0,,,,,,,,,,,1,1,2.0,5,4,0,6,17.0,early_warning
situation_20240823_0900_f9a5b58c.pdf,2024-08-23,"Flood, Landslide, Heavy Rain, Strong Wind, Lightning",6611,,,,,,,,,,12312.0,40450.0,3.0,2.0,1.0,0.0,141.0,5.0,0.0,3.0,23.0,72.0,True,grand_total,0900,2024-08-23 09:00:00,3,,40.0,0.0,0,1,1,0,0,0,3.5,weather_forecast,0,0,,,,,,,,,,,1,1,1.0,4,0,0,4,17.0,early_warning
situation_20240824_0900_078271a9.pdf,2024-08-24,"Flood, Landslide, Heavy Rain, Strong Wind, Lightning",6399,,,,,,,,,,3308.0,11876.0,3.0,2.0,1.0,0.0,163.0,5.0,0.0,2.0,9.0,33.0,True,grand_total,0900,2024-08-24 09:00:00,3,,40.0,0.0,0,1,1,0,0,0,3.5,weather_forecast,0,0,,,,,,,,,,,1,0,0.0,0,0,0,0,41.0,early_warning
situation_20240825_0900_03929b9c.pdf,2024-08-25,Other,2675,,,,,,,,,,8357.0,26238.0,0.0,0.0,0.0,0.0,0.0,0.0,0.0,0.0,0.0,0.0,True,grand_total,0900,2024-08-25 09:00:00,3,,40.0,0.0,0,1,1,0,0,0,3.5,weather_forecast,0,0,,,,,,,,,,,1,0,0.0,0,0,0,0,65.0,early_warning
situation_20240825_0900_1408993f.pdf,2024-08-25,"Flood, Strong Wind",2909,,,,,,,,,,51.0,216.0,0.0,0.0,1.0,0.0,4.0,0.0,0.0,2.0,9.0,33.0,True,grand_total,0900,2024-08-25 09:00:00,3,,40.0,0.0,0,1,1,0,0,0,3.5,weather_forecast,0,0,,,,,,,,,,,1,0,0.0,0,0,0,0,65.0,early_warning
situation_20240826_0900_6b7a6ae1.pdf,2024-08-26,Other,2660,,,,,,,,,,8357.0,26238.0,0.0,0.0,0.0,0.0,0.0,0.0,0.0,0.0,0.0,0.0,True,grand_total,0900,2024-08-26 09:00:00,3,,40.0,0.0,0,1,1,0,0,0,3.5,weather_forecast,0,0,,,,,,,,,,,1,0,0.0,0,0,0,0,89.0,early_warning
situation_20240826_0900_504b717b.pdf,2024-08-26,Flood,2681,,,,,,,,,,39.0,176.0,0.0,0.0,1.0,0.0,0.0,0.0,0.0,2.0,9.0,33.0,True,grand_total,0900,2024-08-26 09:00:00,3,,40.0,0.0,0,1,1,0,0,0,3.5,weather_forecast,0,0,,,,,,,,,,,1,0,0.0,0,0,0,0,89.0,early_warning
situation_20240827_0900_02fcf25d.pdf,2024-08-27,Flood,2872,,,,,,,,,,16.0,80.0,0.0,0.0,1.0,0.0,1.0,0.0,0.0,0.0,0.0,0.0,True,grand_total,0900,2024-08-27 09:00:00,3,,40.0,0.0,0,1,1,0,0,0,3.5,weather_forecast,0,0,,,,,,,,,,,1,0,0.0,0,0,0,0,113.0,early_warning
situation_20240827_0900_4ed21d55.pdf,2024-08-27,Other,2661,,,,,,,,,,8357.0,26238.0,0.0,0.0,0.0,0.0,0.0,0.0,0.0,0.0,0.0,0.0,True,grand_total,0900,2024-08-27 09:00:00,3,,40.0,0.0,0,1,1,0,0,0,3.5,weather_forecast,0,0,,,,,,,,,,,1,0,0.0,0,0,0,0,113.0,early_warning
situation_20240828_0900_1875229b.pdf,2024-08-28,Other,2672,,,,,,,,,,8357.0,26238.0,0.0,0.0,0.0,0.0,0.0,0.0,0.0,0.0,0.0,0.0,True,grand_total,0900,2024-08-28 09:00:00,3,,40.0,0.0,0,1,1,0,0,0,3.5,weather_forecast,0,0,,,,,,,,,,,1,0,0.0,0,0,0,0,137.0,early_warning
situation_20240828_0900_de44127f.pdf,2024-08-28,Strong Wind,2773,,,,,,,,,,4.0,12.0,0.0,0.0,0.0,0.0,4.0,0.0,0.0,0.0,0.0,0.0,True,grand_total,0900,2024-08-28 09:00:00,3,,40.0,0.0,0,1,1,0,0,0,3.5,weather_forecast,0,0,,,,,,,,,,,1,0,0.0,0,0,0,0,137.0,early_warning
situation_20240829_0900_18ea4f54.pdf,2024-08-29,"Flood, Heavy Rain, Strong Wind",2539,,,,,,,,,,7.0,28.0,0.0,0.0,0.0,0.0,7.0,0.0,0.0,0.0,0.0,0.0,True,grand_total,0900,2024-08-29 09:00:00,3,50.0,50.0,0.0,1,1,1,0,0,0,3.5,weather_forecast,0,0,,,,,,,,,,,1,0,0.0,0,0,0,0,161.0,early_warning
situation_20240829_0900_705a0bc5.pdf,2024-08-29,Other,2661,,,,,,,,,,8357.0,26238.0,0.0,0.0,0.0,0.0,0.0,0.0,0.0,0.0,0.0,0.0,True,grand_total,0900,2024-08-29 09:00:00,3,50.0,50.0,0.0,1,1,1,0,0,0,3.5,weather_forecast,0,0,,,,,,,,,,,1,0,0.0,0,0,0,0,161.0,early_warning
situation_20240830_0900_79516a46.pdf,2024-08-30,Other,2661,,,,,,,,,,8357.0,26238.0,0.0,0.0,0.0,0.0,0.0,0.0,0.0,0.0,0.0,0.0,True,grand_total,0900,2024-08-30 09:00:00,6,50.0,50.0,2.0,1,1,1,0,1,0,2.0,weather_forecast,0,0,,,,,,,,,,,1,0,0.0,0,0,0,0,185.0,early_warning
situation_20240831_0900_4bdb4f68.pdf,2024-08-31,Other,2393,,,,,,,,,,2.0,10.0,0.0,0.0,0.0,0.0,2.0,0.0,0.0,0.0,0.0,0.0,True,grand_total,0900,2024-08-31 09:00:00,4,50.0,50.0,2.0,1,1,1,0,1,0,3.5,weather_forecast,0,0,,,,,,,,,,,1,0,0.0,0,0,0,0,209.0,early_warning
situation_20240831_0900_ebfc05f9.pdf,2024-08-31,Other,2679,,,,,,,,,,8357.0,26238.0,0.0,0.0,0.0,0.0,0.0,0.0,0.0,0.0,0.0,0.0,True,grand_total,0900,2024-08-31 09:00:00,4,50.0,50.0,2.0,1,1,1,0,1,0,3.5,weather_forecast,0,0,,,,,,,,,,,1,0,0.0,0,0,0,0,209.0,early_warning
situation_20240902_0900_c4265bbf.pdf,2024-09-02,Other,2780,,,,,,,,,,8357.0,26238.0,0.0,0.0,0.0,0.0,0.0,0.0,0.0,0.0,0.0,0.0,True,grand_total,0900,2024-09-02 09:00:00,4,100.0,50.0,2.0,1,1,1,0,1,0,3.0,heavy_rain,0,0,,,,,,,,,,,1,0,0.0,0,0,0,0,257.0,early_warning
situation_20240903_0900_674a275c.pdf,2024-09-03,"Heavy Rain, Strong Wind, Lightning",3222,,,,,,,,,,29.0,110.0,0.0,0.0,0.0,0.0,27.0,0.0,0.0,0.0,0.0,0.0,True,grand_total,0900,2024-09-03 09:00:00,4,100.0,50.0,2.0,1,1,1,0,0,0,2.5,heavy_rain,0,0,,,,,,,,,,,1,0,0.0,0,0,0,0,281.0,early_warning
situation_20240903_0900_49ff6a4f.pdf,2024-09-03,Other,2793,,,,,,,,,,8357.0,26238.0,0.0,0.0,0.0,0.0,0.0,0.0,0.0,0.0,0.0,0.0,True,grand_total,0900,2024-09-03 09:00:00,4,100.0,50.0,2.0,1,1,1,0,0,0,2.5,heavy_rain,0,0,,,,,,,,,,,1,0,0.0,0,0,0,0,281.0,early_warning
situation_20240904_0900_3032313f.pdf,2024-09-04,Other,2782,,,,,,,,,,8357.0,26238.0,0.0,0.0,0.0,0.0,0.0,0.0,0.0,0.0,0.0,0.0,True,grand_total,0900,2024-09-04 09:00:00,3,50.0,50.0,0.0,1,1,1,0,0,0,3.5,weather_forecast,0,0,,,,,,,,,,,1,0,0.0,0,0,0,0,305.0,early_warning
situation_20240904_0900_daeba128.pdf,2024-09-04,"Heavy Rain, Strong Wind",2409,,,,,,,,,,3.0,8.0,0.0,0.0,0.0,0.0,3.0,0.0,0.0,0.0,0.0,0.0,True,grand_total,0900,2024-09-04 09:00:00,3,50.0,50.0,0.0,1,1,1,0,0,0,3.5,weather_forecast,0,0,,,,,,,,,,,1,0,0.0,0,0,0,0,305.0,early_warning
situation_20240905_0900_961efd26.pdf,2024-09-05,Other,2781,,,,,,,,,,8357.0,26238.0,0.0,0.0,0.0,0.0,0.0,0.0,0.0,0.0,0.0,0.0,True,grand_total,0900,2024-09-05 09:00:00,3,50.0,45.0,0.0,1,1,1,0,0,0,3.5,weather_forecast,0,0,,,,,,,,,,,1,0,0.0,0,0,0,0,329.0,early_warning
situation_20240905_0900_ad79d58c.pdf,2024-09-05,"Landslide, Heavy Rain, Strong Wind, Lightning",3017,,,,,,,,,,11.0,47.0,0.0,0.0,3.0,0.0,12.0,0.0,0.0,0.0,0.0,0.0,True,grand_total,0900,2024-09-05 09:00:00,3,50.0,45.0,0.0,1,1,1,0,0,0,3.5,weather_forecast,0,0,,,,,,,,,,,1,0,0.0,0,0,0,0,329.0,early_warning
situation_20240906_0900_8363a880.pdf,2024-09-06,Other,2790,,,,,,,,,,8357.0,26238.0,0.0,0.0,0.0,0.0,0.0,0.0,0.0,0.0,0.0,0.0,True,grand_total,0900,2024-09-06 09:00:00,3,,45.0,0.0,0,1,1,0,0,0,3.5,weather_forecast,0,0,,,,,,,,,,,1,0,0.0,0,0,0,0,353.0,early_warning
situation_20240906_0900_9b7df6c5.pdf,2024-09-06,Heavy Rain,2588,,,,,,,,,,2.0,10.0,1.0,3.0,0.0,0.0,2.0,0.0,0.0,0.0,0.0,0.0,True,grand_total,0900,2024-09-06 09:00:00,3,,45.0,0.0,0,1,1,0,0,0,3.5,weather_forecast,0,0,,,,,,,,,,,1,0,0.0,0,0,0,0,353.0,early_warning
situation_20240907_0900_8eec497c.pdf,2024-09-07,Other,2804,,,,,,,,,,8357.0,26238.0,0.0,0.0,0.0,0.0,0.0,0.0,0.0,0.0,0.0,0.0,True,grand_total,0900,2024-09-07 09:00:00,3,,45.0,0.0,0,1,1,0,0,0,3.5,weather_forecast,0,0,,,,,,,,,,,1,0,0.0,0,0,0,0,377.0,early_warning
situation_20240909_0900_00062a7d.pdf,2024-09-09,Other,2776,,,,,,,,,,8357.0,26238.0,0.0,0.0,0.0,0.0,0.0,0.0,0.0,0.0,0.0,0.0,True,grand_total,0900,2024-09-09 09:00:00,3,75.0,50.0,0.0,1,1,1,0,0,0,3.5,weather_forecast,0,0,,,,,,,,,,,1,0,0.0,0,0,0,0,425.0,early_warning
situation_20240910_0900_9d8e614c.pdf,2024-09-10,"Strong Wind, Lightning",3243,,,,,,,,,,9.0,23.0,2.0,0.0,0.0,0.0,7.0,0.0,0.0,0.0,0.0,0.0,True,grand_total,0900,2024-09-10 09:00:00,4,75.0,50.0,3.0,1,1,1,0,1,0,0.5,weather_forecast,0,0,,,,,,,,,,,1,0,0.0,0,0,0,0,449.0,early_warning
situation_20240910_0900_17e9c424.pdf,2024-09-10,Other,2773,,,,,,,,,,8357.0,26238.0,0.0,0.0,0.0,0.0,0.0,0.0,0.0,0.0,0.0,0.0,True,grand_total,0900,2024-09-10 09:00:00,4,75.0,50.0,3.0,1,1,1,0,1,0,0.5,weather_forecast,0,0,,,,,,,,,,,1,0,0.0,0,0,0,0,449.0,early_warning
situation_20240912_0900_8933c71d.pdf,2024-09-12,"Heavy Rain, Strong Wind",2819,,,,,,,,,,7.0,21.0,0.0,0.0,0.0,0.0,6.0,0.0,0.0,0.0,0.0,0.0,True,grand_total,0900,2024-09-12 09:00:00,2,50.0,50.0,0.0,1,1,1,0,0,0,3.5,weather_forecast,0,0,,,,,,,,,,,1,0,0.0,0,0,0,0,497.0,early_warning
situation_20240912_0900_91ea47bf.pdf,2024-09-12,Other,2785,,,,,,,,,,8357.0,26238.0,0.0,0.0,0.0,0.0,0.0,0.0,0.0,0.0,0.0,0.0,True,grand_total,0900,2024-09-12 09:00:00,2,50.0,50.0,0.0,1,1,1,0,0,0,3.5,weather_forecast,0,0,,,,,,,,,,,1,0,0.0,0,0,0,0,497.0,early_warning
situation_20240913_0900_7ae49847.pdf,2024-09-13,Other,2780,,,,,,,,,,8357.0,26238.0,0.0,0.0,0.0,0.0,0.0,0.0,0.0,0.0,0.0,0.0,True,grand_total,0900,2024-09-13 09:00:00,4,,45.0,0.0,0,1,1,0,0,0,2.0,weather_forecast,0,0,,,,,,,,,,,1,0,0.0,0,0,0,0,521.0,early_warning
situation_20240913_0900_d13b3eb7.pdf,2024-09-13,Other,2700,,,,,,,,,,5.0,22.0,1.0,0.0,0.0,0.0,4.0,0.0,0.0,0.0,0.0,0.0,True,grand_total,0900,2024-09-13 09:00:00,4,,45.0,0.0,0,1,1,0,0,0,2.0,weather_forecast,0,0,,,,,,,,,,,1,0,0.0,0,0,0,0,521.0,early_warning
situation_20240914_0900_3d62dbfc.pdf,2024-09-14,Other,2789,,,,,,,,,,8357.0,26238.0,0.0,0.0,0.0,0.0,0.0,0.0,0.0,0.0,0.0,0.0,True,grand_total,0900,2024-09-14 09:00:00,3,50.0,45.0,0.0,1,1,1,0,0,0,3.5,weather_forecast,0,0,,,,,,,,,,,1,0,0.0,0,0,0,0,545.0,early_warning
situation_20240914_0900_6b0798f9.pdf,2024-09-14,"Heavy Rain, Strong Wind",2514,,,,,,,,,,3.0,13.0,0.0,0.0,0.0,0.0,3.0,0.0,0.0,0.0,0.0,0.0,True,grand_total,0900,2024-09-14 09:00:00,3,50.0,45.0,0.0,1,1,1,0,0,0,3.5,weather_forecast,0,0,,,,,,,,,,,1,0,0.0,0,0,0,0,545.0,early_warning
situation_20240915_0900_a5272538.pdf,2024-09-15,Other,2795,,,,,,,,,,8357.0,26238.0,0.0,0.0,0.0,0.0,0.0,0.0,0.0,0.0,0.0,0.0,True,grand_total,0900,2024-09-15 09:00:00,3,50.0,45.0,0.0,1,1,1,0,0,0,3.5,weather_forecast,0,0,,,,,,,,,,,1,0,0.0,0,0,0,0,569.0,early_warning
situation_20240915_0900_c52d5032.pdf,2024-09-15,Other,2316,,,,,,,,,,0.0,0.0,0.0,0.0,0.0,0.0,0.0,0.0,0.0,0.0,0.0,0.0,True,grand_total,0900,2024-09-15 09:00:00,3,50.0,45.0,0.0,1,1,1,0,0,0,3.5,weather_forecast,0,0,,,,,,,,,,,1,0,0.0,0,0,0,0,569.0,early_warning
situation_20240916_0900_5e238526.pdf,2024-09-16,Other,2791,,,,,,,,,,8357.0,26238.0,0.0,0.0,0.0,0.0,0.0,0.0,0.0,0.0,0.0,0.0,True,grand_total,0900,2024-09-16 09:00:00,3,50.0,45.0,0.0,1,1,1,0,0,0,3.5,weather_forecast,0,0,,,,,,,,,,,1,0,0.0,0,0,0,0,593.0,early_warning
situation_20240916_0900_4abf55ae.pdf,2024-09-16,Other,2316,,,,,,,,,,0.0,0.0,0.0,0.0,0.0,0.0,0.0,0.0,0.0,0.0,0.0,0.0,True,grand_total,0900,2024-09-16 09:00:00,3,50.0,45.0,0.0,1,1,1,0,0,0,3.5,weather_forecast,0,0,,,,,,,,,,,1,0,0.0,0,0,0,0,593.0,early_warning
situation_20240917_0900_5da2e725.pdf,2024-09-17,Other,2323,,,,,,,,,,0.0,0.0,0.0,0.0,0.0,0.0,0.0,1.0,0.0,0.0,0.0,0.0,True,grand_total,0900,2024-09-17 09:00:00,3,,45.0,0.0,0,1,1,0,0,0,3.5,weather_forecast,0,0,,,,,,,,,,,1,0,0.0,0,0,0,0,617.0,early_warning
situation_20240917_0900_bf08c58c.pdf,2024-09-17,Other,2757,,,,,,,,,,8357.0,26238.0,0.0,0.0,0.0,0.0,0.0,0.0,0.0,0.0,0.0,0.0,True,grand_total,0900,2024-09-17 09:00:00,3,,45.0,0.0,0,1,1,0,0,0,3.5,weather_forecast,0,0,,,,,,,,,,,1,0,0.0,0,0,0,0,617.0,early_warning
situation_20240918_0900_1a85651e.pdf,2024-09-18,Other,2731,,,,,,,,,,8357.0,26238.0,0.0,0.0,0.0,0.0,0.0,0.0,0.0,0.0,0.0,0.0,True,grand_total,0900,2024-09-18 09:00:00,3,,45.0,0.0,0,1,1,0,0,0,3.5,weather_forecast,0,0,,,,,,,,,,,1,0,0.0,0,0,0,0,641.0,early_warning
situation_20240918_0900_1fe1bf5e.pdf,2024-09-18,Other,2256,,,,,,,,,,0.0,0.0,0.0,0.0,0.0,0.0,0.0,0.0,0.0,0.0,0.0,0.0,True,grand_total,0900,2024-09-18 09:00:00,3,,45.0,0.0,0,1,1,0,0,0,3.5,weather_forecast,0,0,,,,,,,,,,,1,0,0.0,0,0,0,0,641.0,early_warning
situation_20240919_0900_350e02c2.pdf,2024-09-19,Other,2733,,,,,,,,,,8357.0,26238.0,0.0,0.0,0.0,0.0,0.0,0.0,0.0,0.0,0.0,0.0,True,grand_total,0900,2024-09-19 09:00:00,3,,45.0,0.0,0,1,1,0,0,0,3.5,weather_forecast,0,0,,,,,,,,,,,1,0,0.0,0,0,0,0,665.0,early_warning
situation_20240919_0900_fc10dd58.pdf,2024-09-19,Strong Wind,2583,,,,,,,,,,6.0,24.0,0.0,0.0,0.0,0.0,6.0,1.0,0.0,0.0,0.0,0.0,True,grand_total,0900,2024-09-19 09:00:00,3,,45.0,0.0,0,1,1,0,0,0,3.5,weather_forecast,0,0,,,,,,,,,,,1,0,0.0,0,0,0,0,665.0,early_warning
situation_20240920_0900_01cf6588.pdf,2024-09-20,Other,2731,,,,,,,,,,8357.0,26238.0,0.0,0.0,0.0,0.0,0.0,0.0,0.0,0.0,0.0,0.0,True,grand_total,0900,2024-09-20 09:00:00,4,,45.0,0.0,0,1,1,0,0,0,2.0,weather_forecast,0,0,,,,,,,,,,,1,0,0.0,0,0,0,0,689.0,early_warning
situation_20240920_0900_87c429e4.pdf,2024-09-20,Other,2184,,,,,,,,,,0.0,0.0,0.0,0.0,0.0,0.0,0.0,0.0,0.0,0.0,0.0,0.0,True,confirmed_zero_report,0900,2024-09-20 09:00:00,4,,45.0,0.0,0,1,1,0,0,0,2.0,weather_forecast,0,0,,,,,,,,,,,1,0,0.0,0,0,0,0,689.0,early_warning
situation_20240921_0900_0a06d25c.pdf,2024-09-21,Other,2749,,,,,,,,,,8357.0,26238.0,0.0,0.0,0.0,0.0,0.0,0.0,0.0,0.0,0.0,0.0,True,grand_total,0900,2024-09-21 09:00:00,3,50.0,45.0,0.0,1,1,1,0,0,0,3.5,weather_forecast,0,0,,,,,,,,,,,1,0,0.0,0,0,0,0,713.0,early_warning
situation_20240921_0900_8c9157e1.pdf,2024-09-21,Other,2250,,,,,,,,,,0.0,0.0,0.0,0.0,0.0,0.0,0.0,0.0,0.0,0.0,0.0,0.0,True,confirmed_zero_report,0900,2024-09-21 09:00:00,3,50.0,45.0,0.0,1,1,1,0,0,0,3.5,weather_forecast,0,0,,,,,,,,,,,1,0,0.0,0,0,0,0,713.0,early_warning
situation_20240922_0900_27eda007.pdf,2024-09-22,Other,2250,,,,,,,,,,0.0,0.0,0.0,0.0,0.0,0.0,0.0,0.0,0.0,0.0,0.0,0.0,True,confirmed_zero_report,0900,2024-09-22 09:00:00,3,,45.0,0.0,0,1,1,0,0,0,3.5,weather_forecast,0,0,,,,,,,,,,,1,0,0.0,0,0,0,0,737.0,early_warning
situation_20240922_0900_11dbf868.pdf,2024-09-22,Other,2749,,,,,,,,,,8357.0,26238.0,0.0,0.0,0.0,0.0,0.0,0.0,0.0,0.0,0.0,0.0,True,grand_total,0900,2024-09-22 09:00:00,3,,45.0,0.0,0,1,1,0,0,0,3.5,weather_forecast,0,0,,,,,,,,,,,1,0,0.0,0,0,0,0,737.0,early_warning
situation_20240923_0900_11e28621.pdf,2024-09-23,Other,2735,,,,,,,,,,8357.0,26238.0,0.0,0.0,0.0,0.0,0.0,0.0,0.0,0.0,0.0,0.0,True,grand_total,0900,2024-09-23 09:00:00,3,,45.0,0.0,0,1,1,0,0,0,3.5,weather_forecast,0,0,,,,,,,,,,,1,0,0.0,0,0,0,0,761.0,early_warning
situation_20240923_0900_fbf8bd99.pdf,2024-09-23,Other,2735,,,,,,,,,,8357.0,26238.0,0.0,0.0,0.0,0.0,0.0,0.0,0.0,0.0,0.0,0.0,True,grand_total,0900,2024-09-23 09:00:00,3,,45.0,0.0,0,1,1,0,0,0,3.5,weather_forecast,0,0,,,,,,,,,,,1,0,0.0,0,0,0,0,761.0,early_warning
situation_20240924_0900_21ab1e69.pdf,2024-09-24,Other,2733,,,,,,,,,,8357.0,26238.0,0.0,0.0,0.0,0.0,0.0,0.0,0.0,0.0,0.0,0.0,True,grand_total,0900,2024-09-24 09:00:00,3,,45.0,0.0,0,1,1,0,0,0,3.5,weather_forecast,0,0,,,,,,,,,,,1,0,0.0,0,0,0,0,785.0,early_warning
situation_20240924_0900_632de086.pdf,2024-09-24,Other,2238,,,,,,,,,,0.0,0.0,0.0,0.0,0.0,0.0,0.0,0.0,0.0,0.0,0.0,0.0,True,confirmed_zero_report,0900,2024-09-24 09:00:00,3,,45.0,0.0,0,1,1,0,0,0,3.5,weather_forecast,0,0,,,,,,,,,,,1,0,0.0,0,0,0,0,785.0,early_warning
situation_20240925_0900_2bc71c40.pdf,2024-09-25,Other,2748,,,,,,,,,,8357.0,26238.0,0.0,0.0,0.0,0.0,0.0,0.0,0.0,0.0,0.0,0.0,True,grand_total,0900,2024-09-25 09:00:00,3,,45.0,0.0,0,1,1,0,0,0,3.5,weather_forecast,0,0,,,,,,,,,,,1,0,0.0,0,0,0,0,809.0,early_warning
situation_20240925_0900_b218995c.pdf,2024-09-25,Other,2254,,,,,,,,,,0.0,0.0,0.0,0.0,0.0,0.0,0.0,0.0,0.0,0.0,0.0,0.0,True,confirmed_zero_report,0900,2024-09-25 09:00:00,3,,45.0,0.0,0,1,1,0,0,0,3.5,weather_forecast,0,0,,,,,,,,,,,1,0,0.0,0,0,0,0,809.0,early_warning
situation_20240926_0900_44592a4a.pdf,2024-09-26,Other,2227,,,,,,,,,,0.0,0.0,0.0,0.0,0.0,0.0,0.0,0.0,0.0,0.0,0.0,0.0,True,confirmed_zero_report,0900,2024-09-26 09:00:00,4,,45.0,0.0,0,1,1,0,0,0,3.5,weather_forecast,0,0,,,,,,,,,,,1,0,0.0,0,0,0,0,833.0,early_warning
situation_20240926_0900_46373b18.pdf,2024-09-26,Other,2723,,,,,,,,,,8357.0,26238.0,0.0,0.0,0.0,0.0,0.0,0.0,0.0,0.0,0.0,0.0,True,grand_total,0900,2024-09-26 09:00:00,4,,45.0,0.0,0,1,1,0,0,0,3.5,weather_forecast,0,0,,,,,,,,,,,1,0,0.0,0,0,0,0,833.0,early_warning
situation_20240927_0900_3847f4b8.pdf,2024-09-27,Other,2684,,,,,,,,,,8357.0,26238.0,0.0,0.0,0.0,0.0,0.0,0.0,0.0,0.0,0.0,0.0,True,grand_total,0900,2024-09-27 09:00:00,5,150.0,,3.0,1,1,0,0,0,0,3.5,weather_forecast,0,0,,,,,,,,,,,1,0,0.0,0,0,0,0,857.0,early_warning
situation_20240927_0900_1e2a887e.pdf,2024-09-27,Other,2242,,,,,,,,,,0.0,0.0,0.0,0.0,0.0,0.0,0.0,0.0,0.0,0.0,0.0,0.0,True,confirmed_zero_report,0900,2024-09-27 09:00:00,5,150.0,,3.0,1,1,0,0,0,0,3.5,weather_forecast,0,0,,,,,,,,,,,1,0,0.0,0,0,0,0,857.0,early_warning
situation_20240928_0900_0f32e2f5.pdf,2024-09-28,Strong Wind,2670,,,,,,,,,,6.0,24.0,0.0,0.0,0.0,1.0,5.0,0.0,0.0,0.0,0.0,0.0,True,grand_total,0900,2024-09-28 09:00:00,4,100.0,,2.0,1,1,0,0,0,0,3.5,weather_forecast,0,0,,,,,,,,,,,1,0,0.0,0,0,0,0,881.0,early_warning
situation_20240928_0900_216d420a.pdf,2024-09-28,Other,2686,,,,,,,,,,8357.0,26238.0,0.0,0.0,0.0,0.0,0.0,0.0,0.0,0.0,0.0,0.0,True,grand_total,0900,2024-09-28 09:00:00,4,100.0,,2.0,1,1,0,0,0,0,3.5,weather_forecast,0,0,,,,,,,,,,,1,0,0.0,0,0,0,0,881.0,early_warning
situation_20240929_0900_394ecc5b.pdf,2024-09-29,Other,2696,,,,,,,,,,8357.0,26238.0,0.0,0.0,0.0,0.0,0.0,0.0,0.0,0.0,0.0,0.0,True,grand_total,0900,2024-09-29 09:00:00,4,100.0,,2.0,1,1,0,0,0,0,3.5,weather_forecast,0,0,,,,,,,,,,,1,0,0.0,0,0,0,0,905.0,early_warning
situation_20241001_0900_6ed53e02.pdf,2024-10-01,Other,2669,,,,,,,,,,8357.0,26238.0,0.0,0.0,0.0,0.0,0.0,0.0,0.0,0.0,0.0,0.0,True,grand_total,0900,2024-10-01 09:00:00,5,100.0,,2.0,1,1,0,0,0,0,3.5,weather_forecast,0,0,,,,,,,,,,,1,0,0.0,0,0,0,0,953.0,early_warning
situation_20241001_0900_eb1521be.pdf,2024-10-01,"Heavy Rain, Strong Wind, Lightning",3415,,,,,,,,,,195.0,706.0,0.0,0.0,0.0,0.0,190.0,0.0,0.0,0.0,0.0,0.0,True,grand_total,0900,2024-10-01 09:00:00,5,100.0,,2.0,1,1,0,0,0,0,3.5,weather_forecast,0,0,,,,,,,,,,,1,0,0.0,0,0,0,0,953.0,early_warning
situation_20241002_0900_0f0f6cac.pdf,2024-10-02,Other,2685,,,,,,,,,,8357.0,26238.0,0.0,0.0,0.0,0.0,0.0,0.0,0.0,0.0,0.0,0.0,True,grand_total,0900,2024-10-02 09:00:00,3,50.0,,0.0,1,1,0,0,0,0,3.5,weather_forecast,0,0,,,,,,,,,,,1,0,0.0,0,0,0,0,977.0,early_warning
situation_20241002_0900_9a8f4db8.pdf,2024-10-02,"Strong Wind, Lightning",2740,,,,,,,,,,46.0,174.0,0.0,0.0,0.0,0.0,45.0,0.0,0.0,0.0,0.0,0.0,True,grand_total,0900,2024-10-02 09:00:00,3,50.0,,0.0,1,1,0,0,0,0,3.5,weather_forecast,0,0,,,,,,,,,,,1,0,0.0,0,0,0,0,977.0,early_warning
situation_20241003_0900_d6ed17f9.pdf,2024-10-03,"Heavy Rain, Strong Wind, Lightning",2575,,,,,,,,,,8.0,33.0,0.0,0.0,0.0,0.0,8.0,0.0,0.0,0.0,0.0,0.0,True,grand_total,0900,2024-10-03 09:00:00,4,,,2.0,0,1,0,0,0,0,3.5,weather_forecast,0,0,,,,,,,,,,,1,0,0.0,0,0,0,0,1001.0,early_warning
situation_20241003_0900_d7e7b062.pdf,2024-10-03,Other,2665,,,,,,,,,,8357.0,26238.0,0.0,0.0,0.0,0.0,0.0,0.0,0.0,0.0,0.0,0.0,True,grand_total,0900,2024-10-03 09:00:00,4,,,2.0,0,1,0,0,0,0,3.5,weather_forecast,0,0,,,,,,,,,,,1,0,0.0,0,0,0,0,1001.0,early_warning
situation_20241004_0900_794df181.pdf,2024-10-04,Strong Wind,2785,,,,,,,,,,28.0,99.0,0.0,0.0,0.0,0.0,26.0,0.0,0.0,0.0,0.0,0.0,True,grand_total,0900,2024-10-04 09:00:00,3,,,0.0,0,1,0,0,0,0,3.5,weather_forecast,0,0,,,,,,,,,,,1,0,0.0,0,0,0,0,1025.0,early_warning
situation_20241004_0900_fd5c2168.pdf,2024-10-04,Other,2671,,,,,,,,,,8357.0,26238.0,0.0,0.0,0.0,0.0,0.0,0.0,0.0,0.0,0.0,0.0,True,grand_total,0900,2024-10-04 09:00:00,3,,,0.0,0,1,0,0,0,0,3.5,weather_forecast,0,0,,,,,,,,,,,1,0,0.0,0,0,0,0,1025.0,early_warning
situation_20241005_0900_dafa783a.pdf,2024-10-05,Other,2769,,,,,,,,,,10074.0,31738.0,0.0,0.0,0.0,0.0,0.0,0.0,0.0,0.0,0.0,0.0,True,grand_total,0900,2024-10-05 09:00:00,3,,,0.0,0,1,0,0,0,0,3.5,weather_forecast,0,0,,,,,,,,,,,1,0,0.0,0,0,0,0,1049.0,early_warning
situation_20241005_0900_89b276ae.pdf,2024-10-05,Strong Wind,2561,,,,,,,,,,5.0,21.0,0.0,0.0,0.0,0.0,5.0,0.0,0.0,0.0,0.0,0.0,True,grand_total,0900,2024-10-05 09:00:00,3,,,0.0,0,1,0,0,0,0,3.5,weather_forecast,0,0,,,,,,,,,,,1,0,0.0,0,0,0,0,1049.0,early_warning
situation_20241006_0900_328e1221.pdf,2024-10-06,Other,2274,,,,,,,,,,0.0,0.0,0.0,0.0,0.0,0.0,0.0,0.0,0.0,0.0,0.0,0.0,True,grand_total,0900,2024-10-06 09:00:00,3,75.0,,0.0,1,1,0,0,0,0,3.5,weather_forecast,0,0,,,,,,,,,,,1,0,0.0,0,0,0,0,1073.0,early_warning
situation_20241006_0900_f9015a2c.pdf,2024-10-06,Other,2777,,,,,,,,,,10074.0,31738.0,0.0,0.0,0.0,0.0,0.0,0.0,0.0,0.0,0.0,0.0,True,grand_total,0900,2024-10-06 09:00:00,3,75.0,,0.0,1,1,0,0,0,0,3.5,weather_forecast,0,0,,,,,,,,,,,1,0,0.0,0,0,0,0,1073.0,early_warning
situation_20241007_0900_17ec65ef.pdf,2024-10-07,Other,2753,,,,,,,,,,10074.0,31738.0,0.0,0.0,0.0,0.0,0.0,0.0,0.0,0.0,0.0,0.0,True,grand_total,0900,2024-10-07 09:00:00,5,100.0,,2.0,1,1,0,0,0,0,1.5,heavy_rain,0,0,,,,,,,,,,,1,0,0.0,0,0,0,0,1097.0,early_warning
situation_20241007_0900_487af880.pdf,2024-10-07,Other,2250,,,,,,,,,,0.0,0.0,0.0,0.0,0.0,0.0,0.0,0.0,0.0,0.0,0.0,0.0,True,grand_total,0900,2024-10-07 09:00:00,5,100.0,,2.0,1,1,0,0,0,0,1.5,heavy_rain,0,0,,,,,,,,,,,1,0,0.0,0,0,0,0,1097.0,early_warning
situation_20241008_0900_27b11165.pdf,2024-10-08,Flood,2563,,,,,,,,,,145.0,716.0,0.0,0.0,0.0,0.0,4.0,0.0,0.0,0.0,0.0,0.0,True,grand_total,0900,2024-10-08 09:00:00,5,100.0,,2.0,1,1,0,0,0,0,3.5,weather_forecast,0,0,,,,,,,,,,,1,1,2.0,3,3,0,4,13.5,warning
situation_20241008_0900_9942e1e2.pdf,2024-10-08,Other,2761,,,,,,,,,,10074.0,31738.0,0.0,0.0,0.0,0.0,0.0,0.0,0.0,0.0,0.0,0.0,True,grand_total,0900,2024-10-08 09:00:00,5,100.0,,2.0,1,1,0,0,0,0,3.5,weather_forecast,0,0,,,,,,,,,,,1,1,2.0,3,3,0,4,13.5,warning
situation_20241009_0900_2973a677.pdf,2024-10-09,"Flood, Heavy Rain, Strong Wind, Lightning",2779,,,,,,,,,,522.0,1943.0,0.0,0.0,0.0,0.0,8.0,0.0,0.0,1.0,14.0,48.0,True,grand_total,0900,2024-10-09 09:00:00,4,100.0,,2.0,1,1,0,0,0,0,3.5,weather_forecast,0,0,,,,,,,,,,,1,1,2.0,5,3,0,5,17.0,warning
situation_20241009_0900_f16bac33.pdf,2024-10-09,Other,2753,,,,,,,,,,10074.0,31738.0,0.0,0.0,0.0,0.0,0.0,0.0,0.0,0.0,0.0,0.0,True,grand_total,0900,2024-10-09 09:00:00,4,100.0,,2.0,1,1,0,0,0,0,3.5,weather_forecast,0,0,,,,,,,,,,,1,1,2.0,5,3,0,5,17.0,warning
situation_20241010_0900_d79a6fa1.pdf,2024-10-10,"Flood, Heavy Rain, Strong Wind, Lightning",3938,,,,,,,,,,281.0,1056.0,0.0,0.0,0.0,0.0,11.0,0.0,0.0,0.0,0.0,0.0,True,grand_total,0900,2024-10-10 09:00:00,4,100.0,,2.0,1,1,0,0,0,0,2.0,heavy_rain,0,0,,,,,,,,,,,1,1,1.0,3,0,0,3,17.0,early_warning
situation_20241010_0900_3a0a2c90.pdf,2024-10-10,Other,2618,,,,,,,,,,9835.0,31006.0,0.0,0.0,0.0,0.0,0.0,0.0,0.0,0.0,0.0,0.0,True,grand_total,0900,2024-10-10 09:00:00,4,100.0,,2.0,1,1,0,0,0,0,2.0,heavy_rain,0,0,,,,,,,,,,,1,1,1.0,3,0,0,3,17.0,early_warning
situation_20241011_0900_91357ad2.pdf,2024-10-11,"Flood, Heavy Rain, Strong Wind, Cyclone",3292,,,,,,,,,,298.0,1107.0,0.0,0.0,0.0,0.0,10.0,0.0,0.0,1.0,6.0,24.0,True,grand_total,0900,2024-10-11 09:00:00,5,200.0,,3.0,1,1,0,0,0,0,3.5,weather_forecast,0,0,,,,,,,,,,,1,1,2.0,7,6,0,10,3.0,warning
situation_20241011_0900_c39429dd.pdf,2024-10-11,Other,2616,,,,,,,,,,9835.0,31006.0,0.0,0.0,0.0,0.0,0.0,0.0,0.0,0.0,0.0,0.0,True,grand_total,0900,2024-10-11 09:00:00,5,200.0,,3.0,1,1,0,0,0,0,3.5,weather_forecast,0,0,,,,,,,,,,,1,1,2.0,7,6,0,10,3.0,warning
situation_20241012_0900_5eda10e5.pdf,2024-10-12,"Flood, Heavy Rain, Strong Wind, Lightning",6005,,,,,,,,,,5349.0,22069.0,1.0,2.0,1.0,0.0,120.0,1.0,1.0,4.0,24.0,100.0,True,grand_total,0900,2024-10-12 09:00:00,5,100.0,50.0,2.0,1,1,1,0,0,0,3.5,weather_forecast,0,0,,,,,,,,,,,1,1,2.0,7,6,0,9,17.0,early_warning
situation_20241013_0900_33e50c33.pdf,2024-10-13,"Flood, Heavy Rain, Strong Wind, Lightning",6867,,,,,,,,,,30017.0,118210.0,2.0,2.0,0.0,1.0,235.0,18.0,2.0,79.0,1721.0,6852.0,True,grand_total,0900,2024-10-13 09:00:00,3,75.0,40.0,0.0,1,1,1,0,0,0,3.5,weather_forecast,0,0,,,,,,,,,,,1,1,2.0,6,6,0,8,17.0,warning
situation_20241014_0900_495d0e8b.pdf,2024-10-14,"Flood, Heavy Rain, Strong Wind, Lightning",6743,,,,,,,,,,34492.0,134484.0,3.0,2.0,0.0,1.0,240.0,29.0,2.0,81.0,1753.0,6963.0,True,grand_total,0900,2024-10-14 09:00:00,3,100.0,,2.0,1,1,0,0,0,0,3.0,heavy_rain,0,0,,,,,,,,,,,1,1,2.0,6,6,0,8,17.0,warning
situation_20241015_0900_a091e81e.pdf,2024-10-15,"Flood, Heavy Rain, Strong Wind, Lightning",7514,,,,,,,,,,39522.0,154782.0,3.0,2.0,0.0,1.0,321.0,40.0,1.0,80.0,2433.0,10361.0,True,grand_total,0900,2024-10-15 09:00:00,4,100.0,,2.0,1,1,0,1,0,0,3.5,weather_forecast,0,0,,,,,,,,,,,1,1,2.0,6,6,0,8,17.0,warning
situation_20241016_0900_176f8f3d.pdf,2024-10-16,"Flood, Heavy Rain, Strong Wind, Lightning",7618,,,,,,,,,,35391.0,137792.0,3.0,2.0,0.0,1.0,344.0,43.0,1.0,70.0,2222.0,9591.0,True,grand_total,0900,2024-10-16 09:00:00,5,50.0,,3.0,1,1,0,1,1,0,1.0,heavy_rain,0,0,,,,,,,,,,,1,1,2.0,5,6,0,7,17.0,warning
situation_20241017_0900_5c905f0b.pdf,2024-10-17,"Flood, Heavy Rain, Strong Wind, Lightning",7955,,,,,,,,,,10008.0,38676.0,2.0,3.0,0.0,0.0,371.0,45.0,2.0,38.0,1116.0,4622.0,True,grand_total,0900,2024-10-17 09:00:00,4,50.0,,3.0,1,1,0,0,1,0,1.0,heavy_rain,0,0,,,,,,,,,,,1,1,1.0,6,0,0,6,17.0,early_warning
situation_20241018_0900_e6949f5c.pdf,2024-10-18,"Flood, Heavy Rain, Strong Wind, Lightning",7795,,,,,,,,,,4388.0,15838.0,2.0,3.0,0.0,0.0,368.0,45.0,2.0,23.0,197.0,736.0,True,grand_total,0900,2024-10-18 09:00:00,3,50.0,,0.0,1,1,0,0,0,0,3.5,weather_forecast,0,0,,,,,,,,,,,1,0,0.0,0,0,0,0,41.0,early_warning
situation_20241019_0900_e07cddc9.pdf,2024-10-19,"Flood, Heavy Rain, Strong Wind, Lightning",7949,,,,,,,,,,2831.0,10214.0,2.0,3.0,0.0,0.0,372.0,45.0,2.0,7.0,62.0,206.0,True,grand_total,0900,2024-10-19 09:00:00,3,,,0.0,0,1,0,0,0,0,3.5,weather_forecast,0,0,,,,,,,,,,,1,0,0.0,0,0,0,0,65.0,early_warning
situation_20241020_0900_c51cca3c.pdf,2024-10-20,"Flood, Heavy Rain, Strong Wind, Lightning",8008,,,,,,,,,,2481.0,8923.0,2.0,3.0,0.0,0.0,372.0,45.0,2.0,7.0,62.0,206.0,True,grand_total,0900,2024-10-20 09:00:00,4,,,2.0,0,1,0,0,1,0,2.0,heavy_rain,0,0,,,,,,,,,,,1,0,0.0,0,0,0,0,89.0,early_warning
situation_20241021_0900_2f42c2d2.pdf,2024-10-21,Flood,2654,,,,,,,,,,95.0,345.0,1.0,0.0,0.0,0.0,0.0,0.0,0.0,4.0,52.0,170.0,True,grand_total,0900,2024-10-21 09:00:00,5,100.0,,2.0,1,1,0,0,1,1,2.0,heavy_rain,0,0,,,,,,,,,,,1,0,0.0,0,0,0,0,113.0,early_warning
situation_20241022_0900_0a91c52d.pdf,2024-10-22,Heavy Rain,2793,,,,,,,,,,369.0,940.0,0.0,2.0,0.0,0.0,9.0,0.0,0.0,0.0,0.0,0.0,True,grand_total,0900,2024-10-22 09:00:00,4,75.0,,3.0,1,1,0,0,1,1,3.5,weather_forecast,0,0,,,,,,,,,,,1,0,0.0,0,0,0,0,137.0,early_warning
situation_20241023_0900_184c9359.pdf,2024-10-23,"Flood, Heavy Rain, Strong Wind, Lightning",3262,,,,,,,,,,489.0,1360.0,0.0,2.0,0.0,0.0,19.0,0.0,0.0,0.0,0.0,0.0,True,grand_total,0900,2024-10-23 09:00:00,4,75.0,,3.0,1,1,0,1,1,1,3.5,weather_forecast,0,0,,,,,,,,,,,1,0,0.0,0,0,0,0,161.0,early_warning
situation_20241024_0900_3cb58149.pdf,2024-10-24,"Heavy Rain, Strong Wind",2636,,,,,,,,,,434.0,1362.0,0.0,0.0,0.0,0.0,9.0,1.0,0.0,0.0,0.0,0.0,True,grand_total,0900,2024-10-24 09:00:00,6,100.0,45.0,3.0,1,1,1,0,1,1,3.5,weather_forecast,0,0,,,,,,,,,,,1,0,0.0,0,0,0,0,185.0,early_warning
situation_20241025_0900_87746908.pdf,2024-10-25,"Flood, Heavy Rain, Strong Wind, Lightning",4331,,,,,,,,,,3472.0,12858.0,0.0,0.0,0.0,0.0,63.0,0.0,0.0,3.0,97.0,336.0,True,grand_total,0900,2024-10-25 09:00:00,5,100.0,45.0,3.0,1,1,1,0,0,1,0.5,heavy_rain,0,0,,,,,,,,,,,1,0,0.0,0,0,0,0,209.0,early_warning
situation_20241027_0900_8cdc03fa.pdf,2024-10-27,"Flood, Heavy Rain, Strong Wind, Lightning",5110,,,,,,,,,,3511.0,12860.0,0.0,0.0,0.0,0.0,77.0,0.0,0.0,3.0,89.0,302.0,True,grand_total,0900,2024-10-27 09:00:00,3,75.0,40.0,0.0,1,1,1,0,0,0,3.5,weather_forecast,0,0,,,,,,,,,,,1,0,0.0,0,0,0,0,257.0,early_warning
situation_20241028_0900_902f1b0c.pdf,2024-10-28,"Flood, Heavy Rain, Strong Wind, Lightning",5101,,,,,,,,,,3511.0,12860.0,0.0,0.0,0.0,0.0,77.0,0.0,0.0,3.0,89.0,302.0,True,grand_total,0900,2024-10-28 09:00:00,3,50.0,40.0,0.0,1,1,1,0,0,0,3.5,weather_forecast,0,0,,,,,,,,,,,1,0,0.0,0,0,0,0,281.0,early_warning
situation_20241029_0900_5c616a84.pdf,2024-10-29,"Flood, Heavy Rain, Strong Wind, Lightning",5113,,,,,,,,,,3207.0,11880.0,0.0,0.0,0.0,0.0,79.0,0.0,0.0,3.0,89.0,302.0,True,grand_total,0900,2024-10-29 09:00:00,3,,40.0,0.0,0,1,1,0,0,0,3.5,weather_forecast,0,0,,,,,,,,,,,1,0,0.0,0,0,0,0,305.0,early_warning
situation_20241030_0900_09c8353d.pdf,2024-10-30,"Flood, Heavy Rain",3106,,,,,,,,,,3045.0,11219.0,0.0,0.0,0.0,0.0,15.0,0.0,0.0,0.0,0.0,0.0,True,grand_total,0900,2024-10-30 09:00:00,3,75.0,,0.0,1,1,0,0,0,0,3.5,weather_forecast,0,0,,,,,,,,,,,1,0,0.0,0,0,0,0,329.0,early_warning
situation_20241031_0900_42fa601b.pdf,2024-10-31,"Flood, Heavy Rain, Strong Wind",3190,,,,,,,,,,3045.0,11225.0,0.0,0.0,0.0,0.0,19.0,0.0,0.0,0.0,0.0,0.0,True,grand_total,0900,2024-10-31 09:00:00,3,75.0,,0.0,1,1,0,0,0,0,3.5,weather_forecast,0,0,,,,,,,,,,,1,0,0.0,0,0,0,0,353.0,early_warning
situation_20241101_0900_3c826a83.pdf,2024-11-01,"Flood, Heavy Rain, Strong Wind, Lightning",3244,,,,,,,,,,3056.0,11264.0,1.0,1.0,0.0,0.0,29.0,0.0,0.0,0.0,0.0,0.0,True,grand_total,0900,2024-11-01 09:00:00,4,100.0,,2.0,1,1,0,0,0,0,3.5,weather_forecast,0,0,,,,,,,,,,,1,0,0.0,0,0,0,0,377.0,early_warning
situation_20241102_0900_166485e0.pdf,2024-11-02,"Flood, Heavy Rain, Strong Wind, Lightning",3353,,,,,,,,,,177.0,583.0,1.0,1.0,0.0,0.0,49.0,1.0,0.0,0.0,0.0,0.0,True,grand_total,0900,2024-11-02 09:00:00,4,100.0,,2.0,1,1,0,0,0,0,3.5,weather_forecast,0,0,,,,,,,,,,,1,1,2.0,3,4,0,5,14.0,early_warning
situation_20241103_0900_87a078d2.pdf,2024-11-03,"Flood, Heavy Rain",2589,,,,,,,,,,126.0,407.0,0.0,0.0,0.0,0.0,15.0,1.0,1.0,0.0,0.0,0.0,True,grand_total,0900,2024-11-03 09:00:00,2,100.0,,0.0,1,1,0,0,0,0,3.5,weather_forecast,0,0,,,,,,,,,,,1,1,2.0,6,5,0,8,16.0,early_warning
situation_20241104_0900_01fb72d9.pdf,2024-11-04,Flood,2379,,,,,,,,,,270.0,983.0,0.0,0.0,0.0,0.0,16.0,1.0,0.0,0.0,0.0,0.0,True,grand_total,0900,2024-11-04 09:00:00,4,100.0,,2.0,1,1,0,0,0,0,3.5,weather_forecast,0,0,,,,,,,,,,,1,1,2.0,6,5,0,8,17.0,early_warning
situation_20241105_0900_498eb861.pdf,2024-11-05,"Flood, Heavy Rain, Lightning",3314,,,,,,,,,,84.0,317.0,0.0,0.0,0.0,0.0,79.0,1.0,1.0,0.0,0.0,0.0,True,grand_total,0900,2024-11-05 09:00:00,5,100.0,,2.0,1,1,0,0,0,0,3.5,weather_forecast,0,0,,,,,,,,,,,1,1,2.0,8,2,0,8,17.0,early_warning
situation_20241107_0900_1106db53.pdf,2024-11-07,"Flood, Landslide, Heavy Rain, Strong Wind, Lightning",3468,,,,,,,,,,424.0,1602.0,0.0,0.0,0.0,0.0,17.0,0.0,0.0,0.0,0.0,0.0,True,grand_total,0900,2024-11-07 09:00:00,3,50.0,,0.0,1,1,0,0,0,0,3.5,weather_forecast,0,0,,,,,,,,,,,1,1,2.0,8,2,0,8,17.0,early_warning
situation_20241108_0900_d0f11cc8.pdf,2024-11-08,"Flood, Strong Wind",2728,,,,,,,,,,277.0,1057.0,0.0,0.0,0.0,0.0,7.0,0.0,0.0,0.0,0.0,0.0,True,grand_total,0900,2024-11-08 09:00:00,4,100.0,,2.0,1,1,0,0,0,0,3.5,weather_forecast,0,0,,,,,,,,,,,1,1,1.0,3,0,0,3,17.0,early_warning
situation_20241109_0900_746c98f4.pdf,2024-11-09,"Flood, Heavy Rain, Strong Wind",2994,,,,,,,,,,3346.0,12257.0,0.0,0.0,0.0,0.0,7.0,0.0,0.0,0.0,0.0,0.0,True,grand_total,0900,2024-11-09 09:00:00,5,150.0,,3.0,1,1,0,0,0,0,3.5,weather_forecast,0,0,,,,,,,,,,,1,1,1.0,6,0,0,6,17.0,early_warning
situation_20241110_0900_2e11e2f7.pdf,2024-11-10,"Flood, Strong Wind, Lightning",3450,,,,,,,,,,6897.0,23924.0,0.0,0.0,0.0,0.0,14.0,0.0,1.0,3.0,90.0,322.0,True,grand_total,0900,2024-11-10 09:00:00,3,50.0,,0.0,1,1,0,0,0,0,3.5,weather_forecast,0,0,,,,,,,,,,,1,0,0.0,0,0,0,0,10.0,early_warning
situation_20241111_0900_d430b0a2.pdf,2024-11-11,"Flood, Strong Wind, Lightning",3079,,,,,,,,,,5180.0,17551.0,0.0,0.0,0.0,0.0,11.0,0.0,0.0,1.0,1.0,2.0,True,grand_total,0900,2024-11-11 09:00:00,3,50.0,,0.0,1,1,0,0,0,0,3.5,weather_forecast,0,0,,,,,,,,,,,1,1,1.0,3,0,0,3,17.0,early_warning
situation_20241112_0900_d4cbf20f.pdf,2024-11-12,"Flood, Heavy Rain, Strong Wind, Lightning",4116,,,,,,,,,,5167.0,17491.0,0.0,0.0,0.0,1.0,49.0,0.0,0.0,1.0,1.0,2.0,True,grand_total,0900,2024-11-12 09:00:00,3,50.0,,0.0,1,1,0,0,0,0,3.5,weather_forecast,0,0,,,,,,,,,,,1,0,0.0,0,0,0,0,41.0,early_warning
situation_20241113_0900_a1569fa2.pdf,2024-11-13,"Flood, Strong Wind, Lightning",3505,,,,,,,,,,2648.0,9089.0,1.0,0.0,0.0,0.0,17.0,0.0,1.0,1.0,1.0,2.0,True,grand_total,0900,2024-11-13 09:00:00,3,100.0,,0.0,1,1,0,0,0,0,3.5,weather_forecast,0,0,,,,,,,,,,,1,0,0.0,0,0,0,0,65.0,early_warning
situation_20241114_0900_bec669f0.pdf,2024-11-14,"Flood, Heavy Rain, Strong Wind, Lightning",3187,,,,,,,,,,2678.0,9210.0,1.0,0.0,0.0,0.0,44.0,2.0,0.0,1.0,1.0,2.0,True,grand_total,0900,2024-11-14 09:00:00,4,100.0,,2.0,1,1,0,0,0,0,3.5,weather_forecast,0,0,,,,,,,,,,,1,0,0.0,0,0,0,0,89.0,early_warning
situation_20241115_0900_85deb186.pdf,2024-11-15,"Flood, Heavy Rain, Strong Wind, Lightning",3335,,,,,,,,,,2692.0,9255.0,2.0,3.0,0.0,0.0,57.0,2.0,0.0,1.0,1.0,2.0,True,grand_total,0900,2024-11-15 09:00:00,4,100.0,,2.0,1,1,0,0,0,0,3.5,weather_forecast,0,0,,,,,,,,,,,1,0,0.0,0,0,0,0,113.0,early_warning
situation_20241116_0900_3daef940.pdf,2024-11-16,Flood,2987,,,,,,,,,,2647.0,9066.0,2.0,3.0,0.0,0.0,14.0,0.0,0.0,1.0,1.0,2.0,True,grand_total,0900,2024-11-16 09:00:00,4,75.0,,2.0,1,1,0,0,0,0,3.5,weather_forecast,0,0,,,,,,,,,,,1,1,2.0,5,1,0,5,13.0,early_warning
situation_20241117_0900_e2d5d963.pdf,2024-11-17,Flood,2317,,,,,,,,,,0.0,0.0,0.0,0.0,0.0,0.0,0.0,0.0,0.0,1.0,1.0,2.0,True,grand_total,0900,2024-11-17 09:00:00,3,75.0,,0.0,1,1,0,0,0,0,3.5,weather_forecast,0,0,,,,,,,,,,,1,1,2.0,5,1,0,5,17.0,early_warning
situation_20241118_0900_fb3b62c4.pdf,2024-11-18,Flood,2298,,,,,,,,,,0.0,0.0,0.0,0.0,0.0,0.0,0.0,0.0,0.0,1.0,1.0,2.0,True,grand_total,0900,2024-11-18 09:00:00,3,75.0,,0.0,1,1,0,0,0,0,3.5,weather_forecast,0,0,,,,,,,,,,,1,1,1.0,5,0,0,5,17.0,early_warning
situation_20241119_0900_a903b8fc.pdf,2024-11-19,"Flood, Heavy Rain, Strong Wind, Lightning",3615,,,,,,,,,,454.0,1643.0,2.0,0.0,0.0,3.0,36.0,20.0,0.0,0.0,0.0,0.0,True,grand_total,0900,2024-11-19 09:00:00,4,100.0,,2.0,1,1,0,0,0,0,3.5,weather_forecast,0,0,,,,,,,,,,,1,1,2.0,3,2,0,4,11.0,warning
situation_20241120_0900_3e7f8041.pdf,2024-11-20,"Flood, Landslide, Heavy Rain, Strong Wind, Lightning",4242,,,,,,,,,,502.0,1981.0,0.0,0.0,0.0,0.0,83.0,25.0,0.0,0.0,0.0,0.0,True,grand_total,0900,2024-11-20 09:00:00,5,100.0,,2.0,1,1,0,1,1,0,3.5,weather_forecast,0,0,,,,,,,,,,,1,1,2.0,2,2,0,4,17.0,early_warning
situation_20241121_0900_c638c694.pdf,2024-11-21,"Flood, Landslide, Heavy Rain, Strong Wind, Lightning",4473,,,,,,,,,,580.0,2091.0,1.0,0.0,1.0,0.0,46.0,21.0,0.0,0.0,0.0,0.0,True,grand_total,0900,2024-11-21 09:00:00,4,100.0,,2.0,1,1,0,1,1,0,3.5,weather_forecast,0,0,,,,,,,,,,,1,1,1.0,5,0,0,5,17.0,early_warning
situation_20241122_0900_ec6b6559.pdf,2024-11-22,"Flood, Heavy Rain, Lightning",3492,,,,,,,,,,1026.0,3877.0,1.0,0.0,0.0,0.0,32.0,17.0,0.0,0.0,0.0,0.0,True,grand_total,0900,2024-11-22 09:00:00,4,100.0,40.0,2.0,1,1,1,1,1,0,3.5,weather_forecast,0,0,,,,,,,,,,,1,1,1.0,3,0,0,3,17.0,early_warning
situation_20241123_0900_528dc736.pdf,2024-11-23,"Flood, Heavy Rain, Strong Wind, Lightning",3587,,,,,,,,,,2010.0,7401.0,0.0,0.0,0.0,0.0,39.0,0.0,0.0,0.0,0.0,0.0,True,grand_total,0900,2024-11-23 09:00:00,3,100.0,,0.0,1,1,0,0,1,0,3.5,weather_forecast,0,0,,,,,,,,,,,1,1,1.0,4,0,0,4,17.0,early_warning
situation_20241124_0900_256964b1.pdf,2024-11-24,"Flood, Heavy Rain, Strong Wind, Lightning",3645,,,,,,,,,,4184.0,15622.0,0.0,0.0,0.0,1.0,44.0,0.0,0.0,5.0,122.0,399.0,True,grand_total,0900,2024-11-24 09:00:00,3,150.0,40.0,0.0,1,1,1,0,1,0,2.7333333333333334,weather_forecast,0,0,,,,,,,,,,,1,1,1.0,5,0,0,5,17.0,early_warning
situation_20241125_0900_fc76c239.pdf,2024-11-25,"Flood, Heavy Rain, Strong Wind, Lightning",4337,,,,,,,,,,4410.0,16287.0,0.0,0.0,0.0,1.0,48.0,0.0,0.0,14.0,330.0,1136.0,True,grand_total,0900,2024-11-25 09:00:00,3,150.0,45.0,0.0,1,1,1,1,1,0,3.5,weather_forecast,0,0,,,,,,,,,,,1,1,1.0,6,0,0,6,17.0,early_warning
situation_20241126_0900_ea563072.pdf,2024-11-26,"Flood, Heavy Rain, Strong Wind, Lightning",6252,,,,,,,,,,15713.0,55561.0,0.0,0.0,0.0,1.0,131.0,19.0,0.0,22.0,535.0,1731.0,True,grand_total,0900,2024-11-26 09:00:00,7,200.0,70.0,3.0,1,1,1,1,1,0,1.0,depression,0,0,,,,,,,,,,,1,0,0.0,0,0,0,0,9.0,early_warning
situation_20241127_0900_3c42d9e4.pdf,2024-11-27,"Flood, Heavy Rain, Strong Wind, Lightning",11244,,,,,,,,,,59269.0,207582.0,1.0,8.0,7.0,6.0,561.0,57.0,178.0,101.0,3102.0,10137.0,True,grand_total,0900,2024-11-27 09:00:00,7,150.0,70.0,3.0,1,1,1,0,1,1,2.0,rain_related,0,0,,,,,,,,,,,1,1,3.0,7,5,3,10,12.0,early_warning
situation_20241128_1600_11c4a2cc.pdf,2024-11-28,"Flood, Landslide, Heavy Rain, Strong Wind",14110,,,,,,,,,,113052.0,377511.0,12.0,17.0,1.0,91.0,1662.0,51.0,178.0,311.0,10431.0,32695.0,True,grand_total,1600,2024-11-28 16:00:00,8,150.0,70.0,3.0,1,1,1,0,1,1,0.0,weather_forecast,0,0,,,,,,,,,,,1,1,3.0,7,4,4,9,0.0,early_warning
situation_20241129_1400_a7de2adb.pdf,2024-11-29,"Flood, Heavy Rain, Strong Wind, Lightning",14458,,,,,,,,,,132071.0,441373.0,14.0,19.0,1.0,99.0,2082.0,10.0,9.0,338.0,12054.0,37863.0,True,grand_total,1400,2024-11-29 14:00:00,8,100.0,70.0,3.0,1,1,1,1,1,1,2.0,weather_forecast,0,0,,,,,,,,,,,1,1,3.0,7,4,4,9,22.0,early_warning
situation_20241130_1200_1e1bd766.pdf,2024-11-30,"Flood, Heavy Rain, Strong Wind, Lightning",13826,,,,,,,,,,138944.0,465746.0,16.0,19.0,0.0,98.0,2333.0,10.0,9.0,245.0,8984.0,29596.0,True,grand_total,1200,2024-11-30 12:00:00,7,100.0,70.0,3.0,1,1,1,0,1,1,0.0,weather_forecast,0,0,,,,,,,,,,,1,1,2.0,7,5,0,9,20.0,early_warning
situation_20241201_1200_53f35672.pdf,2024-12-01,"Flood, Heavy Rain, Strong Wind, Lightning",13640,,,,,,,,,,139934.0,471249.0,17.0,19.0,0.0,100.0,2379.0,10.0,9.0,135.0,4745.0,15464.0,True,grand_total,1200,2024-12-01 12:00:00,7,50.0,55.0,2.0,1,1,1,0,1,1,0.0,weather_forecast,0,0,,,,,,,,,,,1,1,2.0,7,5,0,9,20.0,early_warning
situation_20241202_1000_f7ccbd8a.pdf,2024-12-02,"Flood, Heavy Rain, Strong Wind, Lightning",13490,,,,,,,,,,141151.0,475225.0,17.0,19.0,0.0,106.0,2516.0,56.0,26.0,85.0,2170.0,7308.0,True,grand_total,1000,2024-12-02 10:00:00,3,,45.0,0.0,0,1,1,0,0,1,4.5,weather_forecast,0,0,,,,,,,,,,,1,1,2.0,5,1,0,6,18.0,early_warning
situation_20241203_1000_90e95a5d.pdf,2024-12-03,"Flood, Heavy Rain, Strong Wind, Lightning",13842,,,,,,,,,,139512.0,468732.0,18.0,19.0,0.0,107.0,2613.0,60.0,28.0,64.0,1567.0,5080.0,True,grand_total,1000,2024-12-03 10:00:00,3,,45.0,0.0,0,1,1,0,0,0,4.5,weather_forecast,0,0,,,,,,,,,,,1,1,1.0,6,0,0,6,18.0,early_warning
situation_20241205_1000_d56a91f6.pdf,2024-12-05,"Flood, Heavy Rain, Strong Wind, Lightning",14063,,,,,,,,,,136824.0,456167.0,18.0,19.0,0.0,108.0,2730.0,68.0,22.0,39.0,721.0,2367.0,True,grand_total,1000,2024-12-05 10:00:00,3,,,0.0,0,1,0,0,0,0,4.5,weather_forecast,0,0,,,,,,,,,,,1,0,0.0,0,0,0,0,66.0,early_warning
situation_20241206_1200_23299e89.pdf,2024-12-06,"Flood, Heavy Rain, Strong Wind",8778,,,,,,,,,,125184.0,420033.0,18.0,13.0,0.0,97.0,1780.0,65.0,16.0,17.0,513.0,1686.0,True,grand_total,1200,2024-12-06 12:00:00,4,,,0.0,0,1,0,0,0,0,0.0,weather_forecast,0,0,,,,,,,,,,,1,0,0.0,0,0,0,0,92.0,early_warning
situation_20241207_0900_d677a6d7.pdf,2024-12-07,"Flood, Heavy Rain, Strong Wind",9071,,,,,,,,,,125187.0,420047.0,18.0,13.0,0.0,97.0,1789.0,65.0,16.0,17.0,432.0,1463.0,True,grand_total,0900,2024-12-07 09:00:00,3,,,0.0,0,1,0,0,0,0,3.5,weather_forecast,0,0,,,,,,,,,,,1,0,0.0,0,0,0,0,113.0,early_warning
situation_20241208_0900_8096c11c.pdf,2024-12-08,"Flood, Heavy Rain, Strong Wind",9311,,,,,,,,,,125189.0,420053.0,18.0,13.0,0.0,97.0,1791.0,65.0,16.0,17.0,432.0,1463.0,True,grand_total,0900,2024-12-08 09:00:00,4,75.0,,2.0,1,1,0,0,0,0,3.5,weather_forecast,0,0,,,,,,,,,,,1,0,0.0,0,0,0,0,137.0,early_warning
situation_20241209_1000_0b40bef6.pdf,2024-12-09,Flood,2742,,,,,,,,,,0.0,0.0,0.0,0.0,0.0,0.0,0.0,0.0,0.0,3.0,40.0,129.0,True,grand_total,1000,2024-12-09 10:00:00,4,75.0,,2.0,1,1,0,0,0,0,4.5,weather_forecast,0,0,,,,,,,,,,,1,0,0.0,0,0,0,0,162.0,early_warning
situation_20241210_0900_61c6bbbf.pdf,2024-12-10,"Flood, Strong Wind, Lightning",2940,,,,,,,,,,6.0,23.0,0.0,0.0,0.0,0.0,6.0,0.0,0.0,2.0,38.0,126.0,True,grand_total,0900,2024-12-10 09:00:00,4,75.0,,2.0,1,1,0,1,0,0,3.5,weather_forecast,0,0,,,,,,,,,,,1,0,0.0,0,0,0,0,185.0,early_warning
situation_20241211_0900_b48c6a1b.pdf,2024-12-11,Other,2091,,,,,,,,,,0.0,0.0,0.0,0.0,0.0,0.0,0.0,0.0,0.0,0.0,0.0,0.0,True,confirmed_zero_report,0900,2024-12-11 09:00:00,4,100.0,,2.0,1,1,0,1,0,0,3.25,weather_forecast,0,0,,,,,,,,,,,1,0,0.0,0,0,0,0,209.0,early_warning
situation_20241212_0900_d1c47c75.pdf,2024-12-12,Strong Wind,2565,,,,,,,,,,3.0,10.0,0.0,0.0,0.0,0.0,3.0,0.0,0.0,0.0,0.0,0.0,True,grand_total,0900,2024-12-12 09:00:00,4,100.0,,2.0,1,1,0,0,0,0,3.5,weather_forecast,0,0,,,,,,,,,,,1,0,0.0,0,0,0,0,233.0,early_warning
situation_20241213_0900_91d7d9c8.pdf,2024-12-13,Strong Wind,2753,,,,,,,,,,9.0,28.0,0.0,0.0,0.0,0.0,9.0,0.0,0.0,0.0,0.0,0.0,True,grand_total,0900,2024-12-13 09:00:00,3,75.0,,0.0,1,1,0,0,0,0,3.5,weather_forecast,0,0,,,,,,,,,,,1,0,0.0,0,0,0,0,257.0,early_warning
situation_20241214_0900_f975fba9.pdf,2024-12-14,"Flood, Heavy Rain, Strong Wind",3395,,,,,,,,,,93.0,293.0,0.0,0.0,0.0,0.0,28.0,0.0,0.0,2.0,35.0,123.0,True,grand_total,0900,2024-12-14 09:00:00,3,75.0,,0.0,1,1,0,0,0,0,3.5,weather_forecast,0,0,,,,,,,,,,,1,0,0.0,0,0,0,0,281.0,early_warning
situation_20241215_0900_9d405d14.pdf,2024-12-15,"Flood, Heavy Rain, Strong Wind",2746,,,,,,,,,,251.0,771.0,0.0,0.0,0.0,0.0,8.0,2.0,0.0,2.0,35.0,123.0,True,grand_total,0900,2024-12-15 09:00:00,3,100.0,,0.0,1,1,0,0,0,0,3.5,weather_forecast,0,0,,,,,,,,,,,1,1,1.0,4,0,0,4,17.0,early_warning
situation_20241216_0900_bf6142d7.pdf,2024-12-16,"Flood, Heavy Rain, Strong Wind",2963,,,,,,,,,,186.0,584.0,0.0,0.0,0.0,0.0,9.0,2.0,0.0,2.0,35.0,123.0,True,grand_total,0900,2024-12-16 09:00:00,3,100.0,40.0,0.0,1,1,1,0,0,0,3.5,weather_forecast,0,0,,,,,,,,,,,1,1,1.0,4,0,0,4,17.0,early_warning
situation_20241217_0900_5f51bb45.pdf,2024-12-17,"Flood, Heavy Rain, Strong Wind",4215,,,,,,,,,,302.0,924.0,0.0,1.0,0.0,0.0,29.0,3.0,0.0,4.0,51.0,165.0,True,grand_total,0900,2024-12-17 09:00:00,3,100.0,40.0,0.0,1,1,1,1,0,0,3.5,weather_forecast,0,0,,,,,,,,,,,1,1,1.0,4,0,0,4,17.0,early_warning
situation_20241218_0900_6b750c74.pdf,2024-12-18,"Flood, Heavy Rain, Strong Wind, Lightning",3377,,,,,,,,,,301.0,917.0,0.0,0.0,0.0,0.0,12.0,2.0,0.0,4.0,51.0,165.0,True,grand_total,0900,2024-12-18 09:00:00,3,50.0,50.0,0.0,1,1,1,1,0,0,3.5,weather_forecast,0,0,,,,,,,,,,,1,0,0.0,0,0,0,0,41.0,early_warning
situation_20241219_0900_0a865b60.pdf,2024-12-19,"Heavy Rain, Strong Wind",3205,,,,,,,,,,63.0,205.0,0.0,0.0,0.0,0.0,11.0,0.0,0.0,4.0,51.0,165.0,True,grand_total,0900,2024-12-19 09:00:00,2,,,0.0,0,1,0,1,0,0,3.5,weather_forecast,0,0,,,,,,,,,,,1,0,0.0,0,0,0,0,65.0,early_warning
situation_20241220_0900_6b1db6a8.pdf,2024-12-20,Heavy Rain,2763,,,,,,,,,,59.0,188.0,0.0,0.0,0.0,0.0,4.0,2.0,0.0,4.0,51.0,165.0,True,grand_total,0900,2024-12-20 09:00:00,3,50.0,,0.0,1,1,0,0,0,0,3.5,weather_forecast,0,0,,,,,,,,,,,1,0,0.0,0,0,0,0,89.0,early_warning
situation_20241221_0900_84e1e9eb.pdf,2024-12-21,Other,2535,,,,,,,,,,58.0,185.0,0.0,0.0,0.0,0.0,3.0,2.0,0.0,4.0,51.0,165.0,True,grand_total,0900,2024-12-21 09:00:00,3,,,0.0,0,1,0,0,0,0,3.5,weather_forecast,0,0,,,,,,,,,,,1,0,0.0,0,0,0,0,113.0,early_warning
situation_20241223_0900_a913c626.pdf,2024-12-23,Other,2746,,,,,,,,,,59.0,189.0,0.0,0.0,0.0,0.0,4.0,3.0,0.0,4.0,51.0,165.0,True,grand_total,0900,2024-12-23 09:00:00,3,,,0.0,0,1,0,0,0,0,3.5,weather_forecast,0,0,,,,,,,,,,,1,0,0.0,0,0,0,0,161.0,early_warning
situation_20241224_0900_dd756a5b.pdf,2024-12-24,"Flood, Heavy Rain, Strong Wind",3713,,,,,,,,,,276.0,917.0,0.0,0.0,0.0,0.0,67.0,3.0,0.0,4.0,55.0,186.0,True,grand_total,0900,2024-12-24 09:00:00,3,,,0.0,0,1,0,0,0,0,3.5,weather_forecast,0,0,,,,,,,,,,,1,0,0.0,0,0,0,0,185.0,early_warning
situation_20241225_0900_fc343237.pdf,2024-12-25,"Flood, Strong Wind",2921,,,,,,,,,,239.0,736.0,0.0,0.0,0.0,0.0,30.0,2.0,0.0,4.0,55.0,186.0,True,grand_total,0900,2024-12-25 09:00:00,3,,,0.0,0,0,0,0,0,0,3.5,weather_forecast,0,0,,,,,,,,,,,1,0,0.0,0,0,0,0,209.0,early_warning
situation_20241226_0900_c2f1785c.pdf,2024-12-26,"Flood, Strong Wind",2916,,,,,,,,,,239.0,736.0,0.0,0.0,0.0,0.0,30.0,2.0,0.0,4.0,55.0,186.0,True,grand_total,0900,2024-12-26 09:00:00,3,,,0.0,0,0,0,0,0,0,3.5,weather_forecast,0,0,,,,,,,,,,,1,0,0.0,0,0,0,0,233.0,early_warning
situation_20241227_0900_e19f2161.pdf,2024-12-27,"Flood, Strong Wind",3162,,,,,,,,,,240.0,737.0,1.0,0.0,0.0,0.0,30.0,2.0,0.0,4.0,55.0,186.0,True,grand_total,0900,2024-12-27 09:00:00,3,,,0.0,0,1,0,0,0,0,3.5,weather_forecast,0,0,,,,,,,,,,,1,0,0.0,0,0,0,0,257.0,early_warning
situation_20241228_0900_d7950be8.pdf,2024-12-28,"Flood, Strong Wind",2777,,,,,,,,,,41.0,138.0,0.0,0.0,0.0,0.0,20.0,0.0,0.0,3.0,41.0,138.0,True,grand_total,0900,2024-12-28 09:00:00,3,,,0.0,0,1,0,0,0,0,3.5,weather_forecast,0,0,,,,,,,,,,,1,0,0.0,0,0,0,0,281.0,early_warning
situation_20241229_0900_bbc6d7e2.pdf,2024-12-29,"Flood, Strong Wind",2784,,,,,,,,,,41.0,138.0,0.0,0.0,0.0,0.0,20.0,0.0,0.0,3.0,41.0,138.0,True,grand_total,0900,2024-12-29 09:00:00,3,,,0.0,0,1,0,0,0,0,3.5,weather_forecast,0,0,,,,,,,,,,,1,0,0.0,0,0,0,0,305.0,early_warning
situation_20250101_0900_95809077.pdf,2025-01-01,"Heavy Rain, Strong Wind, Lightning",2908,,,,,,,,,,21.0,79.0,1.0,0.0,0.0,0.0,20.0,0.0,0.0,0.0,0.0,0.0,True,grand_total,0900,2025-01-01 09:00:00,4,100.0,40.0,0.0,1,1,1,0,0,0,3.5,weather_forecast,0,0,,,,,,,,,,,1,0,0.0,0,0,0,0,377.0,early_warning
situation_20250102_0900_80b2effc.pdf,2025-01-02,Strong Wind,2354,,,,,,,,,,4.0,13.0,0.0,0.0,0.0,0.0,4.0,0.0,0.0,0.0,0.0,0.0,True,grand_total,0900,2025-01-02 09:00:00,3,75.0,40.0,0.0,1,1,1,0,0,0,3.5,weather_forecast,0,0,,,,,,,,,,,1,0,0.0,0,0,0,0,401.0,early_warning
situation_20250103_0900_6775c9f2.pdf,2025-01-03,"Heavy Rain, Strong Wind",2921,,,,,,,,,,12.0,43.0,1.0,11.0,0.0,0.0,7.0,0.0,0.0,0.0,0.0,0.0,True,grand_total,0900,2025-01-03 09:00:00,3,,40.0,0.0,0,1,1,0,0,0,3.5,weather_forecast,0,0,,,,,,,,,,,1,0,0.0,0,0,0,0,425.0,early_warning
situation_20250105_0900_104e9918.pdf,2025-01-05,Lightning,2336,,,,,,,,,,0.0,12.0,3.0,11.0,0.0,0.0,0.0,0.0,0.0,0.0,0.0,0.0,True,grand_total,0900,2025-01-05 09:00:00,3,50.0,,0.0,1,1,0,0,0,0,3.5,weather_forecast,0,0,,,,,,,,,,,1,0,0.0,0,0,0,0,473.0,early_warning
situation_20250106_0900_c06a2f46.pdf,2025-01-06,Lightning,2329,,,,,,,,,,0.0,12.0,3.0,10.0,0.0,0.0,0.0,0.0,0.0,0.0,0.0,0.0,True,grand_total,0900,2025-01-06 09:00:00,4,,,0.0,0,1,0,0,0,0,3.5,weather_forecast,0,0,,,,,,,,,,,1,0,0.0,0,0,0,0,497.0,early_warning
situation_20250107_0900_f8610868.pdf,2025-01-07,"Heavy Rain, Strong Wind",2889,,,,,,,,,,13.0,51.0,0.0,0.0,0.0,0.0,13.0,0.0,0.0,0.0,0.0,0.0,True,grand_total,0900,2025-01-07 09:00:00,3,,,0.0,0,1,0,0,0,0,3.5,weather_forecast,0,0,,,,,,,,,,,1,0,0.0,0,0,0,0,521.0,early_warning
situation_20250108_0900_110f4db8.pdf,2025-01-08,Other,2248,,,,,,,,,,0.0,0.0,0.0,0.0,0.0,0.0,0.0,0.0,0.0,0.0,0.0,0.0,True,grand_total,0900,2025-01-08 09:00:00,3,,,0.0,0,1,0,0,0,0,3.5,weather_forecast,0,0,,,,,,,,,,,1,0,0.0,0,0,0,0,545.0,early_warning
situation_20250109_0900_1e958848.pdf,2025-01-09,Other,2287,,,,,,,,,,1.0,4.0,0.0,0.0,0.0,0.0,0.0,0.0,0.0,0.0,0.0,0.0,True,grand_total,0900,2025-01-09 09:00:00,3,,,0.0,0,1,0,0,0,0,3.5,weather_forecast,0,0,,,,,,,,,,,1,0,0.0,0,0,0,0,569.0,early_warning
situation_20250110_0900_c6d0a1c5.pdf,2025-01-10,Other,2275,,,,,,,,,,1.0,5.0,0.0,0.0,0.0,1.0,0.0,0.0,0.0,0.0,0.0,0.0,True,grand_total,0900,2025-01-10 09:00:00,3,75.0,40.0,0.0,1,1,1,0,0,0,3.5,weather_forecast,0,0,,,,,,,,,,,1,0,0.0,0,0,0,0,593.0,early_warning
situation_20250111_0900_fb45c57b.pdf,2025-01-11,Other,2364,,,,,,,,,,14.0,45.0,0.0,0.0,0.0,0.0,0.0,0.0,0.0,1.0,14.0,45.0,True,grand_total,0900,2025-01-11 09:00:00,3,100.0,40.0,0.0,1,1,1,0,0,0,3.5,weather_forecast,0,0,,,,,,,,,,,1,0,0.0,0,0,0,0,617.0,early_warning
situation_20250112_0900_2f31bce7.pdf,2025-01-12,Other,2279,,,,,,,,,,0.0,0.0,0.0,0.0,0.0,0.0,0.0,0.0,0.0,0.0,0.0,0.0,True,grand_total,0900,2025-01-12 09:00:00,4,100.0,40.0,2.0,1,1,1,0,0,0,3.5,weather_forecast,0,0,,,,,,,,,,,1,0,0.0,0,0,0,0,641.0,early_warning
situation_20250113_0900_378f4643.pdf,2025-01-13,"Landslide, Heavy Rain, Strong Wind",2708,,,,,,,,,,33.0,122.0,0.0,0.0,0.0,3.0,26.0,0.0,0.0,0.0,0.0,0.0,True,grand_total,0900,2025-01-13 09:00:00,3,75.0,40.0,0.0,1,1,1,0,0,0,3.5,weather_forecast,0,0,,,,,,,,,,,1,0,0.0,0,0,0,0,665.0,early_warning
situation_20250114_0900_4675fba6.pdf,2025-01-14,Strong Wind,2317,,,,,,,,,,15.0,65.0,0.0,0.0,0.0,0.0,15.0,0.0,0.0,0.0,0.0,0.0,True,grand_total,0900,2025-01-14 09:00:00,3,75.0,40.0,0.0,1,1,1,0,0,0,3.5,weather_forecast,0,0,,,,,,,,,,,1,1,1.0,5,0,0,5,17.0,early_warning
situation_20250115_0900_b99dc53d.pdf,2025-01-15,"Landslide, Heavy Rain, Strong Wind",2875,,,,,,,,,,61.0,200.0,0.0,0.0,0.0,0.0,15.0,0.0,0.0,1.0,44.0,135.0,True,grand_total,0900,2025-01-15 09:00:00,4,150.0,40.0,2.0,1,1,1,0,0,0,3.5,weather_forecast,0,0,,,,,,,,,,,1,1,1.0,5,0,0,5,17.0,early_warning
situation_20250116_0900_e8d8d4d7.pdf,2025-01-16,"Flood, Heavy Rain",3822,,,,,,,,,,281.0,930.0,0.0,0.0,0.0,0.0,45.0,4.0,0.0,1.0,20.0,56.0,True,grand_total,0900,2025-01-16 09:00:00,3,75.0,40.0,0.0,1,1,1,0,0,0,3.5,weather_forecast,0,0,,,,,,,,,,,1,0,0.0,0,0,0,0,41.0,early_warning
situation_20250117_0900_1bbe96ea.pdf,2025-01-17,"Flood, Heavy Rain",2731,,,,,,,,,,247.0,667.0,0.0,0.0,0.0,0.0,0.0,0.0,0.0,4.0,58.0,174.0,True,grand_total,0900,2025-01-17 09:00:00,3,,40.0,0.0,0,1,1,0,0,0,3.5,weather_forecast,0,0,,,,,,,,,,,1,0,0.0,0,0,0,0,65.0,early_warning
situation_20250118_0900_4e664488.pdf,2025-01-18,"Flood, Heavy Rain",3250,,,,,,,,,,319.0,603.0,0.0,0.0,0.0,0.0,4.0,0.0,1.0,4.0,71.0,200.0,True,grand_total,0900,2025-01-18 09:00:00,4,100.0,40.0,2.0,1,1,1,0,0,0,3.5,weather_forecast,0,0,,,,,,,,,,,1,0,0.0,0,0,0,0,89.0,early_warning
situation_20250119_0900_f7cfd0e8.pdf,2025-01-19,"Flood, Heavy Rain, Strong Wind",3496,,,,,,,,,,325.0,910.0,0.0,0.0,0.0,0.0,9.0,1.0,0.0,4.0,9.0,46.0,True,grand_total,0900,2025-01-19 09:00:00,4,150.0,40.0,3.0,1,1,1,0,0,0,3.5,weather_forecast,0,0,,,,,,,,,,,1,1,2.0,4,2,0,4,1.0,early_warning
situation_20250120_0900_a4b499e8.pdf,2025-01-20,"Flood, Heavy Rain, Strong Wind",5219,,,,,,,,,,5738.0,16930.0,1.0,3.0,0.0,0.0,98.0,0.0,0.0,8.0,71.0,239.0,True,grand_total,0900,2025-01-20 09:00:00,3,100.0,40.0,0.0,1,1,1,0,0,0,3.5,weather_forecast,0,0,,,,,,,,,,,1,0,0.0,0,0,0,0,16.0,early_warning
situation_20250121_0900_366c957e.pdf,2025-01-21,"Flood, Heavy Rain, Strong Wind",6616,,,,,,,,,,6797.0,20333.0,2.0,3.0,0.0,1.0,174.0,5.0,1.0,18.0,228.0,686.0,True,grand_total,0900,2025-01-21 09:00:00,3,,40.0,0.0,0,1,1,0,0,0,3.5,weather_forecast,0,0,,,,,,,,,,,1,1,2.0,4,2,0,4,17.0,early_warning
situation_20250122_0900_8365a061.pdf,2025-01-22,"Flood, Heavy Rain, Strong Wind",6935,,,,,,,,,,5759.0,18607.0,2.0,3.0,0.0,1.0,156.0,9.0,3.0,19.0,455.0,1320.0,True,grand_total,0900,2025-01-22 09:00:00,3,75.0,40.0,0.0,1,1,1,0,0,0,3.5,weather_forecast,0,0,,,,,,,,,,,1,1,1.0,3,0,0,3,17.0,early_warning
situation_20250123_0900_887db400.pdf,2025-01-23,"Flood, Heavy Rain, Strong Wind",7981,,,,,,,,,,22368.0,73586.0,2.0,3.0,0.0,1.0,289.0,12.0,3.0,17.0,441.0,1202.0,True,grand_total,0900,2025-01-23 09:00:00,3,75.0,40.0,0.0,1,1,1,0,0,0,3.5,weather_forecast,0,0,,,,,,,,,,,1,0,0.0,0,0,0,0,41.0,early_warning
situation_20250124_0900_b81a3ed8.pdf,2025-01-24,"Flood, Heavy Rain, Strong Wind",8225,,,,,,,,,,27733.0,92382.0,2.0,3.0,0.0,1.0,305.0,0.0,0.0,13.0,233.0,820.0,True,grand_total,0900,2025-01-24 09:00:00,3,50.0,40.0,0.0,1,1,1,0,0,0,3.5,weather_forecast,0,0,,,,,,,,,,,1,0,0.0,0,0,0,0,65.0,early_warning
situation_20250125_0900_9a0b5bac.pdf,2025-01-25,"Flood, Heavy Rain, Strong Wind",8390,,,,,,,,,,27751.0,92471.0,2.0,3.0,0.0,1.0,319.0,0.0,0.0,10.0,142.0,438.0,True,grand_total,0900,2025-01-25 09:00:00,3,75.0,40.0,0.0,1,1,1,0,0,0,3.5,weather_forecast,0,0,,,,,,,,,,,1,0,0.0,0,0,0,0,89.0,early_warning
situation_20250126_0900_69934cae.pdf,2025-01-26,"Flood, Heavy Rain, Strong Wind",8387,,,,,,,,,,27751.0,92471.0,2.0,3.0,0.0,1.0,319.0,0.0,0.0,10.0,142.0,438.0,True,grand_total,0900,2025-01-26 09:00:00,3,75.0,40.0,0.0,1,1,1,0,0,0,3.5,weather_forecast,0,0,,,,,,,,,,,1,0,0.0,0,0,0,0,113.0,early_warning
situation_20250127_0900_fddd5d23.pdf,2025-01-27,"Flood, Heavy Rain, Strong Wind",8366,,,,,,,,,,27753.0,92477.0,4.0,3.0,0.0,1.0,319.0,0.0,0.0,10.0,142.0,438.0,True,grand_total,0900,2025-01-27 09:00:00,2,,40.0,0.0,0,1,1,0,0,0,3.5,weather_forecast,1,1,0.0,0.0,0.0,0.0,,,0.0,1.0,0.0,flood_warning,1,0,0.0,0,0,0,0,137.0,early_warning
situation_20250128_0900_f46e1081.pdf,2025-01-28,"Heavy Rain, Strong Wind",3277,,,,,,,,,,225.0,822.0,1.0,0.0,0.0,0.0,125.0,0.0,0.0,3.0,11.0,47.0,True,grand_total,0900,2025-01-28 09:00:00,3,,,0.0,0,1,0,0,0,0,3.5,weather_forecast,1,1,0.0,0.0,0.0,0.0,,,0.0,1.0,24.0,flood_warning,1,0,0.0,0,0,0,0,161.0,early_warning
situation_20250129_0900_347cf28e.pdf,2025-01-29,"Heavy Rain, Strong Wind",3007,,,,,,,,,,24.0,96.0,0.0,0.0,0.0,0.0,25.0,0.0,0.0,2.0,7.0,33.0,True,grand_total,0900,2025-01-29 09:00:00,3,75.0,,0.0,1,1,0,0,0,0,3.5,weather_forecast,1,0,,,,,,,,,48.0,flood_warning,1,0,0.0,0,0,0,0,185.0,early_warning
situation_20250130_0900_2e417910.pdf,2025-01-30,Other,2326,,,,,,,,,,7.0,33.0,0.0,0.0,0.0,0.0,8.0,0.0,0.0,2.0,7.0,33.0,True,grand_total,0900,2025-01-30 09:00:00,3,75.0,,0.0,1,1,0,0,0,0,3.5,weather_forecast,1,0,,,,,,,,,72.0,flood_warning,1,0,0.0,0,0,0,0,209.0,early_warning
situation_20250131_0900_8767d452.pdf,2025-01-31,"Flood, Landslide, Strong Wind",2634,,,,,,,,,,52.0,233.0,0.0,0.0,0.0,0.0,21.0,0.0,0.0,2.0,22.0,100.0,True,grand_total,0900,2025-01-31 09:00:00,3,,,0.0,0,1,0,0,0,0,3.5,weather_forecast,1,0,,,,,,,,,96.0,flood_warning,1,0,0.0,0,0,0,0,233.0,early_warning
situation_20250201_0900_987ff0b2.pdf,2025-02-01,"Flood, Heavy Rain, Strong Wind, Lightning",3242,,,,,,,,,,62.0,271.0,0.0,0.0,0.0,0.0,31.0,0.0,0.0,2.0,22.0,100.0,True,grand_total,0900,2025-02-01 09:00:00,4,,,0.0,0,1,0,0,0,0,3.5,weather_forecast,1,0,,,,,,,,,120.0,flood_warning,1,0,0.0,0,0,0,0,257.0,early_warning
situation_20250202_0900_f61491d7.pdf,2025-02-02,Flood,2463,,,,,,,,,,52.0,230.0,0.0,0.0,0.0,0.0,21.0,0.0,0.0,2.0,22.0,100.0,True,grand_total,0900,2025-02-02 09:00:00,3,,,0.0,0,1,0,0,0,0,3.5,weather_forecast,1,0,,,,,,,,,144.0,flood_warning,1,0,0.0,0,0,0,0,281.0,early_warning
situation_20250203_0900_eba9f364.pdf,2025-02-03,Flood,2473,,,,,,,,,,52.0,230.0,0.0,0.0,0.0,0.0,21.0,0.0,0.0,3.0,37.0,147.0,True,grand_total,0900,2025-02-03 09:00:00,3,,,0.0,0,1,0,0,0,0,3.5,weather_forecast,1,0,,,,,,,,,168.0,flood_warning,1,0,0.0,0,0,0,0,305.0,early_warning
situation_20250204_0900_60601059.pdf,2025-02-04,"Flood, Landslide, Heavy Rain, Strong Wind",3311,,,,,,,,,,252.0,985.0,0.0,0.0,0.0,0.0,134.0,0.0,1.0,2.0,11.0,37.0,True,grand_total,0900,2025-02-04 09:00:00,3,,,0.0,0,1,0,0,0,0,3.5,weather_forecast,1,0,,,,,,,,,192.0,flood_warning,1,0,0.0,0,0,0,0,329.0,early_warning
situation_20250205_0900_0de7b393.pdf,2025-02-05,"Flood, Landslide, Heavy Rain",2493,,,,,,,,,,241.0,942.0,0.0,0.0,0.0,0.0,123.0,0.0,0.0,2.0,11.0,37.0,True,grand_total,0900,2025-02-05 09:00:00,3,,,0.0,0,1,0,0,0,0,3.5,weather_forecast,1,0,,,,,,,,,216.0,flood_warning,1,0,0.0,0,0,0,0,353.0,early_warning
situation_20250206_0900_8d23a712.pdf,2025-02-06,"Flood, Landslide",2590,,,,,,,,,,1.0,1.0,0.0,0.0,0.0,0.0,1.0,1.0,0.0,2.0,11.0,37.0,True,grand_total,0900,2025-02-06 09:00:00,3,,,0.0,0,1,0,0,0,0,3.5,weather_forecast,1,0,,,,,,,,,240.0,flood_warning,1,0,0.0,0,0,0,0,377.0,early_warning
situation_20250207_0900_8ee869a5.pdf,2025-02-07,"Flood, Landslide, Strong Wind",2931,,,,,,,,,,243.0,948.0,0.0,0.0,0.0,0.0,125.0,0.0,0.0,0.0,0.0,0.0,True,grand_total,0900,2025-02-07 09:00:00,3,,,0.0,0,0,0,0,0,0,3.5,weather_forecast,1,0,,,,,,,,,264.0,flood_warning,1,0,0.0,0,0,0,0,401.0,early_warning
situation_20250208_0900_44489b9b.pdf,2025-02-08,"Flood, Landslide, Strong Wind",3560,,,,,,,,,,246.0,960.0,1.0,0.0,0.0,0.0,129.0,0.0,0.0,0.0,0.0,0.0,True,grand_total,0900,2025-02-08 09:00:00,3,,,0.0,0,0,0,0,0,0,3.5,weather_forecast,1,0,,,,,,,,,288.0,flood_warning,1,0,0.0,0,0,0,0,425.0,early_warning
situation_20250209_0900_21f50e1f.pdf,2025-02-09,Other,2265,,,,,,,,,,0.0,0.0,0.0,0.0,0.0,0.0,0.0,0.0,0.0,0.0,0.0,0.0,True,confirmed_zero_report,0900,2025-02-09 09:00:00,3,,40.0,0.0,0,0,1,0,0,0,3.5,weather_forecast,1,0,,,,,,,,,312.0,flood_warning,1,0,0.0,0,0,0,0,449.0,early_warning
situation_20250210_0900_0201f714.pdf,2025-02-10,Other,2255,,,,,,,,,,0.0,0.0,0.0,0.0,0.0,0.0,0.0,0.0,0.0,0.0,0.0,0.0,True,confirmed_zero_report,0900,2025-02-10 09:00:00,3,,40.0,0.0,0,0,1,0,0,0,3.5,weather_forecast,1,0,,,,,,,,,336.0,flood_warning,1,0,0.0,0,0,0,0,473.0,early_warning
situation_20250211_0900_40fd05b9.pdf,2025-02-11,"Strong Wind, Lightning",2461,,,,,,,,,,4.0,14.0,0.0,0.0,0.0,0.0,4.0,0.0,0.0,0.0,0.0,0.0,True,grand_total,0900,2025-02-11 09:00:00,3,,,0.0,0,0,0,0,0,0,3.5,weather_forecast,1,0,,,,,,,,,360.0,flood_warning,1,0,0.0,0,0,0,0,497.0,early_warning
situation_20250212_0900_bff647f3.pdf,2025-02-12,Strong Wind,2310,,,,,,,,,,1.0,1.0,0.0,0.0,0.0,0.0,1.0,0.0,0.0,0.0,0.0,0.0,True,grand_total,0900,2025-02-12 09:00:00,3,,,0.0,0,1,0,0,0,0,3.5,weather_forecast,1,0,,,,,,,,,384.0,flood_warning,1,0,0.0,0,0,0,0,521.0,early_warning
situation_20250213_0900_667a5939.pdf,2025-02-13,Other,2261,,,,,,,,,,0.0,0.0,0.0,0.0,0.0,0.0,0.0,0.0,0.0,0.0,0.0,0.0,True,grand_total,0900,2025-02-13 09:00:00,3,,,0.0,0,0,0,0,0,0,3.5,weather_forecast,1,0,,,,,,,,,408.0,flood_warning,1,0,0.0,0,0,0,0,545.0,early_warning
situation_20250214_0900_1956f508.pdf,2025-02-14,Other,2526,,,,,,,,,,2.0,3.0,0.0,0.0,1.0,0.0,1.0,0.0,0.0,0.0,0.0,0.0,True,grand_total,0900,2025-02-14 09:00:00,3,,,0.0,0,0,0,0,0,0,3.5,weather_forecast,1,0,,,,,,,,,432.0,flood_warning,1,0,0.0,0,0,0,0,569.0,early_warning
situation_20250215_0900_780293e2.pdf,2025-02-15,Other,2310,,,,,,,,,,1.0,1.0,1.0,0.0,0.0,0.0,0.0,0.0,0.0,0.0,0.0,0.0,True,grand_total,0900,2025-02-15 09:00:00,3,,,0.0,0,0,0,0,0,0,3.5,weather_forecast,1,0,,,,,,,,,456.0,flood_warning,1,0,0.0,0,0,0,0,593.0,early_warning
situation_20250216_0900_8ddc693a.pdf,2025-02-16,Other,2278,,,,,,,,,,0.0,0.0,0.0,0.0,0.0,0.0,0.0,0.0,0.0,0.0,0.0,0.0,True,grand_total,0900,2025-02-16 09:00:00,3,,,0.0,0,0,0,0,0,0,3.5,weather_forecast,1,0,,,,,,,,,480.0,flood_warning,1,0,0.0,0,0,0,0,617.0,early_warning
situation_20250217_0900_17ae8784.pdf,2025-02-17,Other,2257,,,,,,,,,,0.0,0.0,0.0,0.0,0.0,0.0,0.0,0.0,0.0,0.0,0.0,0.0,True,grand_total,0900,2025-02-17 09:00:00,3,,,0.0,0,1,0,0,0,0,3.5,weather_forecast,1,0,,,,,,,,,504.0,flood_warning,1,0,0.0,0,0,0,0,641.0,early_warning
situation_20250218_0900_e528a2c5.pdf,2025-02-18,Strong Wind,2293,,,,,,,,,,1.0,4.0,0.0,0.0,0.0,0.0,1.0,0.0,0.0,0.0,0.0,0.0,True,grand_total,0900,2025-02-18 09:00:00,3,,,0.0,0,1,0,0,0,0,3.5,weather_forecast,1,0,,,,,,,,,528.0,flood_warning,1,0,0.0,0,0,0,0,665.0,early_warning
situation_20250219_0900_3cba3ff5.pdf,2025-02-19,Other,2248,,,,,,,,,,0.0,0.0,0.0,0.0,0.0,0.0,0.0,0.0,0.0,0.0,0.0,0.0,True,grand_total,0900,2025-02-19 09:00:00,2,,,0.0,0,1,0,0,0,0,3.5,weather_forecast,1,0,,,,,,,,,552.0,flood_warning,1,0,0.0,0,0,0,0,689.0,early_warning
situation_20250220_0900_239231d5.pdf,2025-02-20,Heavy Rain,2281,,,,,,,,,,2.0,6.0,0.0,0.0,0.0,0.0,2.0,0.0,0.0,0.0,0.0,0.0,True,grand_total,0900,2025-02-20 09:00:00,3,,,0.0,0,1,0,0,0,0,3.5,weather_forecast,1,0,,,,,,,,,576.0,flood_warning,1,0,0.0,0,0,0,0,713.0,early_warning
situation_20250221_0900_d879e837.pdf,2025-02-21,Strong Wind,2343,,,,,,,,,,3.0,8.0,0.0,0.0,0.0,0.0,3.0,0.0,0.0,0.0,0.0,0.0,True,grand_total,0900,2025-02-21 09:00:00,3,,,0.0,0,1,0,0,0,0,3.5,weather_forecast,1,0,,,,,,,,,600.0,flood_warning,1,0,0.0,0,0,0,0,737.0,early_warning
situation_20250222_0900_d075e43e.pdf,2025-02-22,Other,2711,,,,,,,,,,1886.0,5777.0,0.0,0.0,0.0,1.0,0.0,1.0,0.0,0.0,0.0,0.0,True,grand_total,0900,2025-02-22 09:00:00,3,,,0.0,0,1,0,0,0,0,3.5,weather_forecast,1,0,,,,,,,,,624.0,flood_warning,1,0,0.0,0,0,0,0,761.0,early_warning
situation_20250223_0900_1ae8dc07.pdf,2025-02-23,Other,2835,,,,,,,,,,2278.0,7194.0,0.0,0.0,0.0,0.0,0.0,0.0,0.0,0.0,0.0,0.0,True,grand_total,0900,2025-02-23 09:00:00,3,,,0.0,0,1,0,0,0,0,3.5,weather_forecast,1,0,,,,,,,,,648.0,flood_warning,1,0,0.0,0,0,0,0,785.0,early_warning
situation_20250224_0900_62c582b7.pdf,2025-02-24,Other,2834,,,,,,,,,,2278.0,7194.0,0.0,0.0,0.0,0.0,0.0,0.0,0.0,0.0,0.0,0.0,True,grand_total,0900,2025-02-24 09:00:00,3,,40.0,0.0,0,1,1,0,0,0,3.5,weather_forecast,1,0,,,,,,,,,672.0,flood_warning,1,0,0.0,0,0,0,0,809.0,early_warning
situation_20250225_0900_58bb25d3.pdf,2025-02-25,Other,2860,,,,,,,,,,2295.0,7258.0,0.0,0.0,0.0,0.0,0.0,0.0,0.0,0.0,0.0,0.0,True,grand_total,0900,2025-02-25 09:00:00,3,,40.0,0.0,0,1,1,0,0,0,3.5,weather_forecast,1,0,,,,,,,,,696.0,flood_warning,1,0,0.0,0,0,0,0,833.0,early_warning
situation_20250226_0900_54177a9f.pdf,2025-02-26,Other,2996,,,,,,,,,,2295.0,12308.0,0.0,0.0,0.0,0.0,0.0,0.0,0.0,0.0,0.0,0.0,True,grand_total,0900,2025-02-26 09:00:00,3,75.0,40.0,0.0,1,1,1,0,0,0,3.5,weather_forecast,1,0,,,,,,,,,720.0,flood_warning,1,0,0.0,0,0,0,0,857.0,early_warning
situation_20250227_0900_38d96efc.pdf,2025-02-27,"Strong Wind, Lightning",2703,,,,,,,,,,141.0,587.0,0.0,1.0,0.0,0.0,141.0,0.0,0.0,0.0,0.0,0.0,True,grand_total,0900,2025-02-27 09:00:00,3,75.0,40.0,0.0,1,1,1,0,0,0,3.5,weather_forecast,1,0,,,,,,,,,744.0,flood_warning,1,0,0.0,0,0,0,0,881.0,early_warning
situation_20250301_0900_80f898c1.pdf,2025-03-01,"Strong Wind, Lightning",3276,,,,,,,,,,175.0,714.0,0.0,1.0,0.0,0.0,164.0,0.0,0.0,0.0,0.0,0.0,True,grand_total,0900,2025-03-01 09:00:00,4,75.0,40.0,0.0,1,1,1,0,0,0,3.5,weather_forecast,1,0,,,,,,,,,792.0,flood_warning,1,1,1.0,2,0,0,2,20.5,early_warning
situation_20250302_0900_02af25c3.pdf,2025-03-02,"Strong Wind, Lightning",3528,,,,,,,,,,178.0,726.0,1.0,1.0,0.0,0.0,177.0,0.0,0.0,0.0,0.0,0.0,True,grand_total,0900,2025-03-02 09:00:00,3,75.0,,0.0,1,1,0,0,0,0,3.5,weather_forecast,1,0,,,,,,,,,816.0,flood_warning,1,1,1.0,2,0,0,2,20.5,early_warning
situation_20250303_0900_6b204d23.pdf,2025-03-03,"Strong Wind, Lightning",3665,,,,,,,,,,187.0,754.0,1.0,1.0,0.0,0.0,184.0,0.0,0.0,0.0,0.0,0.0,True,grand_total,0900,2025-03-03 09:00:00,4,75.0,,2.0,1,1,0,0,0,0,3.5,weather_forecast,1,0,,,,,,,,,840.0,flood_warning,1,1,1.0,2,0,0,2,20.5,early_warning
situation_20250304_0900_daaffa89.pdf,2025-03-04,"Flood, Heavy Rain, Strong Wind, Lightning",4345,,,,,,,,,,220.0,887.0,2.0,1.0,0.0,0.0,218.0,0.0,0.0,0.0,0.0,0.0,True,grand_total,0900,2025-03-04 09:00:00,2,,,0.0,0,1,0,0,0,0,3.5,weather_forecast,1,0,,,,,,,,,864.0,flood_warning,1,1,1.0,2,0,0,2,20.5,early_warning
situation_20250305_0900_b7a94cea.pdf,2025-03-05,"Flood, Heavy Rain, Strong Wind, Lightning",5260,,,,,,,,,,269.0,973.0,2.0,2.0,0.0,0.0,248.0,0.0,0.0,0.0,0.0,0.0,True,grand_total,0900,2025-03-05 09:00:00,3,,,0.0,0,1,0,0,0,0,3.5,weather_forecast,1,0,,,,,,,,,888.0,flood_warning,1,0,0.0,0,0,0,0,44.5,early_warning
situation_20250305_1400_3a0e0b88.pdf,2025-03-05,Heavy Rain,2767,,,,,,,,,,,,,,,,,,,,,,False,non_situation_report,1400,2025-03-05 14:00:00,3,,,0.0,0,1,0,0,0,0,8.5,weather_forecast,1,0,,,,,,,,,893.0,flood_warning,1,0,0.0,0,0,0,0,49.5,early_warning
situation_20250306_0900_56ca00ce.pdf,2025-03-06,"Flood, Heavy Rain, Strong Wind, Lightning",5607,,,,,,,,,,290.0,1033.0,2.0,2.0,0.0,0.0,255.0,0.0,0.0,0.0,0.0,0.0,True,grand_total,0900,2025-03-06 09:00:00,2,,,0.0,0,1,0,0,0,0,3.5,weather_forecast,1,0,,,,,,,,,912.0,flood_warning,1,0,0.0,0,0,0,0,68.5,early_warning
situation_20250307_0900_63045fc4.pdf,2025-03-07,Other,2265,,,,,,,,,,0.0,0.0,0.0,0.0,0.0,0.0,0.0,0.0,0.0,0.0,0.0,0.0,True,confirmed_zero_report,0900,2025-03-07 09:00:00,3,,,0.0,0,1,0,0,0,0,3.5,weather_forecast,1,0,,,,,,,,,936.0,flood_warning,1,0,0.0,0,0,0,0,92.5,early_warning
situation_20250308_0900_7c9ef882.pdf,2025-03-08,Other,2284,,,,,,,,,,0.0,0.0,0.0,0.0,0.0,0.0,0.0,0.0,0.0,0.0,0.0,0.0,True,confirmed_zero_report,0900,2025-03-08 09:00:00,3,,,0.0,0,0,0,0,0,0,3.5,weather_forecast,1,0,,,,,,,,,960.0,flood_warning,1,0,0.0,0,0,0,0,116.5,early_warning
situation_20250309_0900_7ecf5d4f.pdf,2025-03-09,Other,2279,,,,,,,,,,0.0,0.0,0.0,0.0,0.0,0.0,0.0,0.0,0.0,0.0,0.0,0.0,True,confirmed_zero_report,0900,2025-03-09 09:00:00,2,,,0.0,0,1,0,0,0,0,3.5,weather_forecast,1,0,,,,,,,,,984.0,flood_warning,1,0,0.0,0,0,0,0,140.5,early_warning
situation_20250310_0900_0657e34c.pdf,2025-03-10,Other,2260,,,,,,,,,,0.0,0.0,0.0,0.0,0.0,0.0,0.0,0.0,0.0,0.0,0.0,0.0,True,confirmed_zero_report,0900,2025-03-10 09:00:00,3,75.0,40.0,0.0,1,1,1,0,0,0,3.5,weather_forecast,1,0,,,,,,,,,1008.0,flood_warning,1,0,0.0,0,0,0,0,164.5,early_warning
situation_20250311_0900_e0342577.pdf,2025-03-11,Other,2285,,,,,,,,,,0.0,0.0,0.0,0.0,0.0,0.0,0.0,0.0,0.0,0.0,0.0,0.0,True,confirmed_zero_report,0900,2025-03-11 09:00:00,3,75.0,40.0,0.0,1,1,1,0,0,0,3.5,weather_forecast,1,0,,,,,,,,,1032.0,flood_warning,1,0,0.0,0,0,0,0,188.5,early_warning
situation_20250312_0900_00e85978.pdf,2025-03-12,Strong Wind,2548,,,,,,,,,,4.0,10.0,0.0,0.0,0.0,1.0,3.0,0.0,0.0,0.0,0.0,0.0,True,grand_total,0900,2025-03-12 09:00:00,3,75.0,,0.0,1,1,0,0,0,0,3.5,weather_forecast,1,0,,,,,,,,,1056.0,flood_warning,1,0,0.0,0,0,0,0,212.5,early_warning
situation_20250313_0930_89913ef8.pdf,2025-03-13,"Heavy Rain, Strong Wind",3728,,,,,,,,,,26.0,85.0,1.0,2.0,0.0,1.0,17.0,9.0,0.0,0.0,0.0,0.0,True,grand_total,0930,2025-03-13 09:30:00,3,,,0.0,0,1,0,0,0,0,4.0,weather_forecast,1,0,,,,,,,,,1080.5,flood_warning,1,0,0.0,0,0,0,0,237.0,early_warning
situation_20250316_0900_3b0b7aba.pdf,2025-03-16,"Strong Wind, Lightning",3779,,,,,,,,,,15.0,56.0,5.0,0.0,0.0,0.0,10.0,1.0,0.0,0.0,0.0,0.0,True,grand_total,0900,2025-03-16 09:00:00,3,75.0,,0.0,1,1,0,0,0,0,3.5,weather_forecast,1,0,,,,,,,,,1152.0,flood_warning,1,0,0.0,0,0,0,0,308.5,early_warning
situation_20250317_0900_4dc1591c.pdf,2025-03-17,"Strong Wind, Lightning",3831,,,,,,,,,,17.0,66.0,5.0,0.0,0.0,0.0,11.0,2.0,0.0,0.0,0.0,0.0,True,grand_total,0900,2025-03-17 09:00:00,4,75.0,,2.0,1,1,0,0,0,0,3.5,weather_forecast,1,0,,,,,,,,,1176.0,flood_warning,1,0,0.0,0,0,0,0,332.5,early_warning
situation_20250318_0900_fefb28ae.pdf,2025-03-18,Strong Wind,3713,,,,,,,,,,22.0,85.0,6.0,0.0,0.0,0.0,18.0,1.0,0.0,0.0,0.0,0.0,True,grand_total,0900,2025-03-18 09:00:00,4,50.0,,2.0,1,1,0,0,0,0,3.5,weather_forecast,1,0,,,,,,,,,1200.0,flood_warning,1,0,0.0,0,0,0,0,356.5,early_warning
situation_20250319_0900_136b473f.pdf,2025-03-19,"Heavy Rain, Strong Wind",4302,,,,,,,,,,54.0,339.0,6.0,0.0,0.0,0.0,49.0,0.0,0.0,0.0,0.0,0.0,True,grand_total,0900,2025-03-19 09:00:00,5,75.0,,2.0,1,1,0,0,0,0,2.0,weather_forecast,1,0,,,,,,,,,1224.0,flood_warning,1,0,0.0,0,0,0,0,380.5,early_warning
situation_20250320_0900_d51ad0b2.pdf,2025-03-20,"Strong Wind, Lightning",4101,,,,,,,,,,17.0,70.0,6.0,0.0,0.0,0.0,16.0,0.0,0.0,0.0,0.0,0.0,True,grand_total,0900,2025-03-20 09:00:00,3,75.0,,0.0,1,1,0,0,0,0,3.5,weather_forecast,1,0,,,,,,,,,1248.0,flood_warning,1,0,0.0,0,0,0,0,404.5,early_warning
situation_20250322_0900_535bf914.pdf,2025-03-22,"Strong Wind, Lightning",3087,,,,,,,,,,12.0,47.0,0.0,0.0,0.0,0.0,11.0,0.0,0.0,0.0,0.0,0.0,True,grand_total,0900,2025-03-22 09:00:00,3,75.0,,0.0,1,1,0,0,0,0,3.5,weather_forecast,1,0,,,,,,,,,1296.0,flood_warning,1,0,0.0,0,0,0,0,452.5,early_warning
situation_20250323_0900_869bbd80.pdf,2025-03-23,"Strong Wind, Lightning",3084,,,,,,,,,,12.0,47.0,0.0,0.0,0.0,0.0,11.0,0.0,0.0,0.0,0.0,0.0,True,grand_total,0900,2025-03-23 09:00:00,5,75.0,,2.0,1,1,0,0,0,0,3.5,weather_forecast,1,0,,,,,,,,,1320.0,flood_warning,1,0,0.0,0,0,0,0,476.5,early_warning
situation_20250324_0900_7ac33ad8.pdf,2025-03-24,"Strong Wind, Lightning",3075,,,,,,,,,,12.0,47.0,0.0,0.0,0.0,0.0,11.0,0.0,0.0,0.0,0.0,0.0,True,grand_total,0900,2025-03-24 09:00:00,3,50.0,,0.0,1,1,0,0,0,0,3.5,weather_forecast,1,0,,,,,,,,,1344.0,flood_warning,1,0,0.0,0,0,0,0,500.5,early_warning
situation_20250325_0900_244e6d08.pdf,2025-03-25,"Heavy Rain, Lightning",3285,,,,,,,,,,71.0,275.0,0.0,0.0,0.0,0.0,56.0,1.0,0.0,0.0,0.0,0.0,True,grand_total,0900,2025-03-25 09:00:00,3,75.0,,0.0,1,1,0,0,0,0,3.5,weather_forecast,1,0,,,,,,,,,1368.0,flood_warning,1,0,0.0,0,0,0,0,524.5,early_warning
situation_20250326_0900_6a992d07.pdf,2025-03-26,"Heavy Rain, Lightning",4021,,,,,,,,,,126.0,463.0,0.0,0.0,0.0,0.0,104.0,1.0,0.0,0.0,0.0,0.0,True,grand_total,0900,2025-03-26 09:00:00,4,100.0,,2.0,1,1,0,0,0,0,3.5,weather_forecast,1,0,,,,,,,,,1392.0,flood_warning,1,0,0.0,0,0,0,0,548.5,early_warning
situation_20250327_0900_c03805be.pdf,2025-03-27,"Heavy Rain, Lightning",3562,,,,,,,,,,110.0,391.0,0.0,0.0,0.0,0.0,108.0,0.0,0.0,0.0,0.0,0.0,True,grand_total,0900,2025-03-27 09:00:00,4,75.0,,2.0,1,1,0,0,0,0,3.5,weather_forecast,1,0,,,,,,,,,1416.0,flood_warning,1,0,0.0,0,0,0,0,572.5,early_warning
situation_20250327_1600_3682a85c.pdf,2025-03-27,"Heavy Rain, Strong Wind, Lightning",4921,,,,,,,,,,,,,,,,,,,,,,False,non_situation_report,1600,2025-03-27 16:00:00,4,75.0,,2.0,1,1,0,0,0,0,2.0,weather_forecast,1,0,,,,,,,,,1423.0,flood_warning,1,0,0.0,0,0,0,0,579.5,early_warning
situation_20250328_0900_663b5784.pdf,2025-03-28,Other,2365,,,,,,,,,,1.0,4.0,0.0,0.0,0.0,0.0,1.0,0.0,0.0,0.0,0.0,0.0,True,grand_total,0900,2025-03-28 09:00:00,3,50.0,,2.0,1,1,0,0,0,0,3.5,weather_forecast,1,0,,,,,,,,,1440.0,flood_warning,1,0,0.0,0,0,0,0,596.5,early_warning
situation_20250329_0900_3e035ea5.pdf,2025-03-29,Heavy Rain,2491,,,,,,,,,,6.0,23.0,0.0,0.0,0.0,0.0,6.0,0.0,0.0,0.0,0.0,0.0,True,grand_total,0900,2025-03-29 09:00:00,3,50.0,,0.0,1,1,0,0,0,0,3.5,weather_forecast,1,0,,,,,,,,,1464.0,flood_warning,1,0,0.0,0,0,0,0,620.5,early_warning
situation_20250401_0900_2d76f603.pdf,2025-04-01,Strong Wind,2352,,,,,,,,,,51.0,204.0,0.0,0.0,0.0,0.0,51.0,0.0,0.0,0.0,0.0,0.0,True,grand_total,0900,2025-04-01 09:00:00,3,100.0,,0.0,1,1,0,0,0,0,3.5,weather_forecast,1,0,,,,,,,,,1536.0,flood_warning,1,0,0.0,0,0,0,0,692.5,early_warning
situation_20250402_0900_621c9aa2.pdf,2025-04-02,"Heavy Rain, Strong Wind",2800,,,,,,,,,,24.0,109.0,0.0,0.0,0.0,0.0,24.0,1.0,0.0,0.0,0.0,0.0,True,grand_total,0900,2025-04-02 09:00:00,4,100.0,,2.0,1,1,0,0,0,0,3.5,weather_forecast,1,0,,,,,,,,,1560.0,flood_warning,1,0,0.0,0,0,0,0,716.5,early_warning
situation_20250403_0900_5fd31dc2.pdf,2025-04-03,Heavy Rain,2374,,,,,,,,,,2.0,8.0,0.0,0.0,0.0,0.0,2.0,0.0,0.0,0.0,0.0,0.0,True,grand_total,0900,2025-04-03 09:00:00,4,75.0,,2.0,1,1,0,0,0,0,3.5,weather_forecast,1,0,,,,,,,,,1584.0,flood_warning,1,0,0.0,0,0,0,0,740.5,early_warning
situation_20250404_0900_bc4faa97.pdf,2025-04-04,"Heavy Rain, Lightning",2463,,,,,,,,,,9.0,29.0,0.0,0.0,0.0,0.0,9.0,0.0,0.0,0.0,0.0,0.0,True,grand_total,0900,2025-04-04 09:00:00,4,100.0,,2.0,1,1,0,0,0,0,3.5,weather_forecast,1,0,,,,,,,,,1608.0,flood_warning,1,0,0.0,0,0,0,0,764.5,early_warning
situation_20250405_0900_efd66bcc.pdf,2025-04-05,Lightning,2959,,,,,,,,,,21.0,61.0,0.0,0.0,0.0,0.0,35.0,0.0,0.0,0.0,0.0,0.0,True,grand_total,0900,2025-04-05 09:00:00,4,100.0,,2.0,1,1,0,0,0,0,3.5,weather_forecast,1,0,,,,,,,,,1632.0,flood_warning,1,0,0.0,0,0,0,0,788.5,early_warning
situation_20250406_0900_0f1b7cb2.pdf,2025-04-06,Lightning,2963,,,,,,,,,,21.0,61.0,0.0,0.0,0.0,0.0,35.0,0.0,0.0,0.0,0.0,0.0,True,grand_total,0900,2025-04-06 09:00:00,4,75.0,,2.0,1,1,0,0,0,0,3.5,weather_forecast,1,0,,,,,,,,,1656.0,flood_warning,1,0,0.0,0,0,0,0,812.5,early_warning
situation_20250407_0900_e1ae0e92.pdf,2025-04-07,Lightning,2937,,,,,,,,,,21.0,61.0,0.0,0.0,0.0,0.0,35.0,0.0,0.0,0.0,0.0,0.0,True,grand_total,0900,2025-04-07 09:00:00,4,100.0,,2.0,1,1,0,0,0,0,3.5,weather_forecast,1,0,,,,,,,,,1680.0,flood_warning,1,0,0.0,0,0,0,0,836.5,early_warning
situation_20250408_0900_ac563c28.pdf,2025-04-08,"Strong Wind, Lightning",3137,,,,,,,,,,24.0,90.0,0.0,0.0,0.0,0.0,24.0,0.0,2.0,0.0,0.0,0.0,True,grand_total,0900,2025-04-08 09:00:00,4,75.0,,2.0,1,1,0,0,0,0,3.5,weather_forecast,1,0,,,,,,,,,1704.0,flood_warning,1,0,0.0,0,0,0,0,860.5,early_warning
situation_20250409_0900_bbfa7e33.pdf,2025-04-09,Lightning,2667,,,,,,,,,,18.0,71.0,0.0,1.0,0.0,0.0,13.0,0.0,1.0,0.0,0.0,0.0,True,grand_total,0900,2025-04-09 09:00:00,3,75.0,,0.0,1,1,0,0,0,0,3.5,weather_forecast,1,0,,,,,,,,,1728.0,flood_warning,1,0,0.0,0,0,0,0,884.5,early_warning
situation_20250410_0900_24d138cd.pdf,2025-04-10,"Heavy Rain, Lightning",2863,,,,,,,,,,10.0,47.0,0.0,0.0,0.0,0.0,10.0,0.0,0.0,0.0,0.0,0.0,True,grand_total,0900,2025-04-10 09:00:00,4,50.0,,2.0,1,1,0,0,0,0,3.5,weather_forecast,1,0,,,,,,,,,1752.0,flood_warning,1,0,0.0,0,0,0,0,908.5,early_warning
situation_20250411_0900_2ed15c71.pdf,2025-04-11,"Heavy Rain, Strong Wind, Lightning",2744,,,,,,,,,,11.0,43.0,0.0,0.0,0.0,0.0,11.0,0.0,0.0,0.0,0.0,0.0,True,grand_total,0900,2025-04-11 09:00:00,4,75.0,40.0,2.0,1,1,1,0,0,0,3.5,weather_forecast,1,0,,,,,,,,,1776.0,flood_warning,1,1,1.0,4,0,0,4,17.0,early_warning
situation_20250412_0900_3fd78daf.pdf,2025-04-12,Other,2660,,,,,,,,,,4.0,20.0,0.0,0.0,0.0,0.0,4.0,0.0,0.0,0.0,0.0,0.0,True,grand_total,0900,2025-04-12 09:00:00,3,,40.0,0.0,0,1,1,0,0,0,3.5,weather_forecast,1,0,,,,,,,,,1800.0,flood_warning,1,0,0.0,0,0,0,0,41.0,early_warning
situation_20250413_0900_721218c2.pdf,2025-04-13,Other,2264,,,,,,,,,,0.0,0.0,0.0,0.0,0.0,0.0,0.0,0.0,0.0,0.0,0.0,0.0,True,confirmed_zero_report,0900,2025-04-13 09:00:00,3,,,0.0,0,1,0,0,0,0,3.5,weather_forecast,1,0,,,,,,,,,1824.0,flood_warning,1,0,0.0,0,0,0,0,65.0,early_warning
situation_20250414_0900_896916d4.pdf,2025-04-14,Other,2260,,,,,,,,,,0.0,0.0,0.0,0.0,0.0,0.0,0.0,0.0,0.0,0.0,0.0,0.0,True,confirmed_zero_report,0900,2025-04-14 09:00:00,3,50.0,,0.0,1,1,0,0,0,0,3.5,weather_forecast,1,0,,,,,,,,,1848.0,flood_warning,1,0,0.0,0,0,0,0,89.0,early_warning
situation_20250415_0900_519f3323.pdf,2025-04-15,Other,2260,,,,,,,,,,0.0,0.0,0.0,0.0,0.0,0.0,0.0,0.0,0.0,0.0,0.0,0.0,True,confirmed_zero_report,0900,2025-04-15 09:00:00,3,75.0,,0.0,1,1,0,0,0,0,3.5,weather_forecast,1,0,,,,,,,,,1872.0,flood_warning,1,0,0.0,0,0,0,0,113.0,early_warning
situation_20250416_0900_9cff40c9.pdf,2025-04-16,Other,2243,,,,,,,,,,0.0,0.0,0.0,0.0,0.0,0.0,0.0,0.0,0.0,0.0,0.0,0.0,True,confirmed_zero_report,0900,2025-04-16 09:00:00,4,75.0,,2.0,1,1,0,0,0,0,3.5,weather_forecast,1,0,,,,,,,,,1896.0,flood_warning,1,0,0.0,0,0,0,0,137.0,early_warning
situation_20250417_0900_f7f8b877.pdf,2025-04-17,Other,2336,,,,,,,,,,1.0,4.0,0.0,0.0,0.0,0.0,1.0,0.0,0.0,0.0,0.0,0.0,True,grand_total,0900,2025-04-17 09:00:00,3,50.0,,0.0,1,1,0,0,0,0,3.5,weather_forecast,1,0,,,,,,,,,1920.0,flood_warning,1,0,0.0,0,0,0,0,161.0,early_warning
situation_20250418_0900_c1f1ef90.pdf,2025-04-18,"Flood, Landslide, Heavy Rain, Lightning",3102,,,,,,,,,,122.0,437.0,0.0,0.0,0.0,0.0,36.0,0.0,0.0,0.0,0.0,0.0,True,grand_total,0900,2025-04-18 09:00:00,3,50.0,,0.0,1,1,0,0,0,0,3.5,weather_forecast,1,0,,,,,,,,,1944.0,flood_warning,1,0,0.0,0,0,0,0,185.0,early_warning
situation_20250419_0900_a4f7a72e.pdf,2025-04-19,Lightning,2355,,,,,,,,,,0.0,0.0,1.0,1.0,0.0,0.0,0.0,0.0,0.0,0.0,0.0,0.0,True,grand_total,0900,2025-04-19 09:00:00,3,50.0,,0.0,1,1,0,0,0,0,3.5,weather_forecast,1,0,,,,,,,,,1968.0,flood_warning,1,0,0.0,0,0,0,0,209.0,early_warning
situation_20250420_0900_6ee90878.pdf,2025-04-20,Other,2339,,,,,,,,,,0.0,0.0,0.0,0.0,0.0,0.0,0.0,0.0,0.0,0.0,0.0,0.0,True,grand_total,0900,2025-04-20 09:00:00,3,50.0,,0.0,1,1,0,0,0,0,3.5,weather_forecast,1,0,,,,,,,,,1992.0,flood_warning,1,0,0.0,0,0,0,0,233.0,early_warning
situation_20250421_0900_fc0da96c.pdf,2025-04-21,Other,2311,,,,,,,,,,0.0,0.0,0.0,0.0,0.0,0.0,0.0,0.0,0.0,0.0,0.0,0.0,True,grand_total,0900,2025-04-21 09:00:00,3,75.0,,0.0,1,1,0,0,0,0,3.5,weather_forecast,1,0,,,,,,,,,2016.0,flood_warning,1,0,0.0,0,0,0,0,257.0,early_warning
situation_20250422_0900_9f910bbe.pdf,2025-04-22,Heavy Rain,2954,,,,,,,,,,21.0,78.0,0.0,0.0,0.0,0.0,14.0,0.0,0.0,1.0,7.0,27.0,True,grand_total,0900,2025-04-22 09:00:00,4,75.0,,2.0,1,1,0,0,0,0,3.5,weather_forecast,1,0,,,,,,,,,2040.0,flood_warning,1,0,0.0,0,0,0,0,281.0,early_warning
situation_20250423_0900_99828bdd.pdf,2025-04-23,Strong Wind,2725,,,,,,,,,,3.0,12.0,0.0,0.0,0.0,0.0,3.0,0.0,0.0,0.0,0.0,0.0,True,grand_total,0900,2025-04-23 09:00:00,6,75.0,,2.0,1,1,0,0,0,0,3.5,weather_forecast,1,0,,,,,,,,,2064.0,flood_warning,1,0,0.0,0,0,0,0,305.0,early_warning
situation_20250424_0900_e1a5d2e2.pdf,2025-04-24,"Flood, Heavy Rain, Strong Wind, Lightning",3062,,,,,,,,,,221.0,976.0,0.0,0.0,0.0,0.0,4.0,0.0,0.0,0.0,0.0,0.0,True,grand_total,0900,2025-04-24 09:00:00,3,75.0,,0.0,1,1,0,0,0,0,3.5,weather_forecast,1,0,,,,,,,,,2088.0,flood_warning,1,0,0.0,0,0,0,0,329.0,early_warning
situation_20250425_0900_7e8a5c36.pdf,2025-04-25,"Heavy Rain, Lightning",3225,,,,,,,,,,220.0,972.0,0.0,0.0,0.0,0.0,3.0,7.0,2.0,0.0,0.0,0.0,True,grand_total,0900,2025-04-25 09:00:00,5,100.0,,2.0,1,1,0,0,0,0,2.0,heavy_rain,1,0,,,,,,,,,2112.0,flood_warning,1,0,0.0,0,0,0,0,353.0,early_warning
situation_20250426_0900_347ba458.pdf,2025-04-26,"Heavy Rain, Lightning",3251,,,,,,,,,,220.0,972.0,0.0,0.0,0.0,0.0,3.0,7.0,2.0,0.0,0.0,0.0,True,grand_total,0900,2025-04-26 09:00:00,4,75.0,,2.0,1,1,0,0,0,0,3.5,weather_forecast,1,0,,,,,,,,,2136.0,flood_warning,1,0,0.0,0,0,0,0,377.0,early_warning
situation_20250427_0900_4f8ef648.pdf,2025-04-27,"Flood, Lightning",2611,,,,,,,,,,95.0,414.0,0.0,0.0,0.0,0.0,1.0,0.0,0.0,0.0,0.0,0.0,True,grand_total,0900,2025-04-27 09:00:00,4,100.0,,2.0,1,1,0,0,0,0,3.5,weather_forecast,1,0,,,,,,,,,2160.0,flood_warning,1,0,0.0,0,0,0,0,401.0,early_warning
situation_20250428_0900_6bfbc815.pdf,2025-04-28,Flood,2734,,,,,,,,,,22.0,100.0,0.0,1.0,0.0,0.0,1.0,0.0,0.0,0.0,0.0,0.0,True,grand_total,0900,2025-04-28 09:00:00,4,100.0,,2.0,1,1,0,0,0,0,3.5,weather_forecast,1,0,,,,,,,,,2184.0,flood_warning,1,0,0.0,0,0,0,0,425.0,early_warning
situation_20250429_0900_2c5e10d3.pdf,2025-04-29,"Flood, Heavy Rain, Strong Wind, Lightning",3813,,,,,,,,,,54.0,217.0,1.0,8.0,0.0,0.0,25.0,0.0,0.0,0.0,0.0,0.0,True,grand_total,0900,2025-04-29 09:00:00,4,100.0,,2.0,1,1,0,0,0,0,3.5,weather_forecast,1,0,,,,,,,,,2208.0,flood_warning,1,0,0.0,0,0,0,0,449.0,early_warning
situation_20250430_0900_8c50f755.pdf,2025-04-30,"Heavy Rain, Strong Wind, Lightning",3783,,,,,,,,,,46.0,175.0,1.0,8.0,0.0,0.0,42.0,0.0,0.0,0.0,0.0,0.0,True,grand_total,0900,2025-04-30 09:00:00,5,100.0,,2.0,1,1,0,0,0,0,3.5,weather_forecast,1,0,,,,,,,,,2232.0,flood_warning,1,0,0.0,0,0,0,0,473.0,early_warning
situation_20250502_0900_6cbbf1ab.pdf,2025-05-02,Other,2248,,,,,,,,,,0.0,0.0,0.0,0.0,0.0,0.0,0.0,0.0,0.0,0.0,0.0,0.0,True,confirmed_zero_report,0900,2025-05-02 09:00:00,3,50.0,,0.0,1,1,0,0,0,0,3.5,weather_forecast,1,0,,,,,,,,,2280.0,flood_warning,1,0,0.0,0,0,0,0,521.0,early_warning
situation_20250503_0900_27e24cae.pdf,2025-05-03,Other,2260,,,,,,,,,,0.0,0.0,0.0,0.0,0.0,0.0,0.0,0.0,0.0,0.0,0.0,0.0,True,confirmed_zero_report,0900,2025-05-03 09:00:00,4,75.0,,2.0,1,1,0,0,0,0,3.5,weather_forecast,1,0,,,,,,,,,2304.0,flood_warning,1,0,0.0,0,0,0,0,545.0,early_warning
situation_20250504_0900_3e443f56.pdf,2025-05-04,Strong Wind,2639,,,,,,,,,,8.0,22.0,0.0,0.0,0.0,0.0,8.0,0.0,0.0,0.0,0.0,0.0,True,grand_total,0900,2025-05-04 09:00:00,4,50.0,,2.0,1,1,0,0,0,0,3.5,weather_forecast,1,0,,,,,,,,,2328.0,flood_warning,1,0,0.0,0,0,0,0,569.0,early_warning
situation_20250505_0900_c87f86b7.pdf,2025-05-05,Strong Wind,2371,,,,,,,,,,8.0,29.0,0.0,0.0,0.0,0.0,8.0,0.0,0.0,0.0,0.0,0.0,True,grand_total,0900,2025-05-05 09:00:00,4,50.0,,2.0,1,1,0,0,0,0,3.5,weather_forecast,1,0,,,,,,,,,2352.0,flood_warning,1,0,0.0,0,0,0,0,593.0,early_warning
situation_20250506_0900_14631e45.pdf,2025-05-06,"Strong Wind, Lightning",2381,,,,,,,,,,8.0,26.0,0.0,0.0,0.0,0.0,6.0,0.0,0.0,0.0,0.0,0.0,True,grand_total,0900,2025-05-06 09:00:00,5,,,2.0,0,1,0,0,0,0,2.0,weather_forecast,1,0,,,,,,,,,2376.0,flood_warning,1,0,0.0,0,0,0,0,617.0,early_warning
situation_20250507_0900_76c56cf4.pdf,2025-05-07,Lightning,2329,,,,,,,,,,1.0,4.0,0.0,0.0,0.0,0.0,1.0,0.0,0.0,0.0,0.0,0.0,True,grand_total,0900,2025-05-07 09:00:00,4,50.0,,2.0,1,1,0,0,0,0,3.5,weather_forecast,1,0,,,,,,,,,2400.0,flood_warning,1,0,0.0,0,0,0,0,641.0,early_warning
situation_20250508_0900_07c3e05e.pdf,2025-05-08,"Strong Wind, Lightning",3089,,,,,,,,,,15.0,55.0,1.0,0.0,0.0,0.0,12.0,0.0,0.0,0.0,0.0,0.0,True,grand_total,0900,2025-05-08 09:00:00,3,75.0,,2.0,1,1,0,0,0,0,3.5,weather_forecast,1,0,,,,,,,,,2424.0,flood_warning,1,0,0.0,0,0,0,0,665.0,early_warning
situation_20250509_0900_415dfb52.pdf,2025-05-09,"Heavy Rain, Strong Wind, Lightning",3032,,,,,,,,,,11.0,42.0,2.0,0.0,0.0,0.0,9.0,0.0,0.0,0.0,0.0,0.0,True,grand_total,0900,2025-05-09 09:00:00,4,75.0,,2.0,1,1,0,0,0,0,3.5,weather_forecast,1,0,,,,,,,,,2448.0,flood_warning,1,0,0.0,0,0,0,0,689.0,early_warning
situation_20250510_0900_b060d6ee.pdf,2025-05-10,Lightning,2745,,,,,,,,,,24.0,97.0,2.0,2.0,0.0,0.0,17.0,0.0,1.0,0.0,0.0,0.0,True,grand_total,0900,2025-05-10 09:00:00,3,,,0.0,0,1,0,0,0,0,3.5,weather_forecast,1,0,,,,,,,,,2472.0,flood_warning,1,0,0.0,0,0,0,0,713.0,early_warning
situation_20250511_0900_da0b54a9.pdf,2025-05-11,Other,2389,,,,,,,,,,29.0,100.0,0.0,0.0,0.0,0.0,29.0,0.0,0.0,0.0,0.0,0.0,True,grand_total,0900,2025-05-11 09:00:00,3,50.0,,0.0,1,1,0,0,0,0,3.5,weather_forecast,1,0,,,,,,,,,2496.0,flood_warning,1,0,0.0,0,0,0,0,737.0,early_warning
situation_20250512_0900_5bccbeff.pdf,2025-05-12,Other,2393,,,,,,,,,,29.0,100.0,0.0,0.0,0.0,0.0,29.0,0.0,0.0,0.0,0.0,0.0,True,grand_total,0900,2025-05-12 09:00:00,3,,40.0,0.0,0,1,1,0,0,0,3.5,weather_forecast,1,0,,,,,,,,,2520.0,flood_warning,1,0,0.0,0,0,0,0,761.0,early_warning
situation_20250513_0900_0e82a079.pdf,2025-05-13,Other,2342,,,,,,,,,,0.0,0.0,0.0,0.0,0.0,0.0,0.0,0.0,0.0,0.0,0.0,0.0,True,grand_total,0900,2025-05-13 09:00:00,3,50.0,40.0,0.0,1,1,1,0,0,0,3.5,weather_forecast,1,0,,,,,,,,,2544.0,flood_warning,1,0,0.0,0,0,0,0,785.0,early_warning
situation_20250514_0900_1f497600.pdf,2025-05-14,Strong Wind,2376,,,,,,,,,,5.0,26.0,1.0,0.0,0.0,0.0,5.0,0.0,0.0,0.0,0.0,0.0,True,grand_total,0900,2025-05-14 09:00:00,3,50.0,40.0,0.0,1,1,1,0,0,0,3.5,weather_forecast,1,0,,,,,,,,,2568.0,flood_warning,1,0,0.0,0,0,0,0,809.0,early_warning
situation_20250517_0900_291e8ccf.pdf,2025-05-17,"Heavy Rain, Strong Wind, Lightning",2912,,,,,,,,,,41.0,132.0,6.0,0.0,1.0,0.0,41.0,0.0,0.0,0.0,0.0,0.0,True,grand_total,0900,2025-05-17 09:00:00,6,100.0,40.0,2.0,1,1,1,0,0,0,0.5,heavy_rain,1,0,,,,,,,,,2640.0,flood_warning,1,0,0.0,0,0,0,0,881.0,early_warning
situation_20250518_0900_bce77151.pdf,2025-05-18,"Heavy Rain, Strong Wind, Lightning",3448,,,,,,,,,,191.0,697.0,6.0,0.0,1.0,0.0,181.0,0.0,0.0,0.0,0.0,0.0,True,grand_total,0900,2025-05-18 09:00:00,4,100.0,40.0,2.0,1,1,1,0,0,0,0.0,heavy_rain,1,0,,,,,,,,,2664.0,flood_warning,1,0,0.0,0,0,0,0,905.0,early_warning
situation_20250519_0900_79cdc2ad.pdf,2025-05-19,"Heavy Rain, Strong Wind, Lightning",3420,,,,,,,,,,187.0,685.0,4.0,0.0,1.0,0.0,177.0,0.0,0.0,0.0,0.0,0.0,True,grand_total,0900,2025-05-19 09:00:00,4,100.0,40.0,2.0,1,1,1,0,0,0,3.5,weather_forecast,1,0,,,,,,,,,2688.0,flood_warning,1,1,1.0,6,0,0,6,23.0,early_warning
situation_20250520_0900_06e1a5aa.pdf,2025-05-20,"Strong Wind, Lightning",5185,,,,,,,,,,108.0,398.0,5.0,0.0,1.0,0.0,104.0,1.0,6.0,0.0,0.0,0.0,True,grand_total,0900,2025-05-20 09:00:00,5,100.0,40.0,2.0,1,1,1,0,0,0,3.5,weather_forecast,1,0,,,,,,,,,2712.0,flood_warning,1,1,1.0,6,0,0,6,19.0,early_warning
situation_20250521_0900_99f53aec.pdf,2025-05-21,"Strong Wind, Lightning",5320,,,,,,,,,,113.0,418.0,5.0,0.0,1.0,0.0,109.0,1.0,7.0,0.0,0.0,0.0,True,grand_total,0900,2025-05-21 09:00:00,3,75.0,40.0,0.0,1,1,1,0,0,0,3.5,weather_forecast,1,0,,,,,,,,,2736.0,flood_warning,1,1,1.0,6,0,0,6,19.0,early_warning
situation_20250522_0900_4dcbe4ef.pdf,2025-05-22,"Heavy Rain, Strong Wind, Lightning",3400,,,,,,,,,,54.0,181.0,4.0,0.0,1.0,0.0,50.0,0.0,1.0,0.0,0.0,0.0,True,grand_total,0900,2025-05-22 09:00:00,3,50.0,40.0,0.0,1,1,1,0,0,0,3.5,weather_forecast,1,0,,,,,,,,,2760.0,flood_warning,1,0,0.0,0,0,0,0,43.0,early_warning
situation_20250523_0900_9e7fdfe1.pdf,2025-05-23,"Heavy Rain, Strong Wind, Lightning",3221,,,,,,,,,,47.0,146.0,0.0,0.0,1.0,0.0,42.0,0.0,1.0,0.0,0.0,0.0,True,grand_total,0900,2025-05-23 09:00:00,5,75.0,40.0,2.0,1,1,1,0,0,0,3.5,weather_forecast,1,0,,,,,,,,,2784.0,flood_warning,1,0,0.0,0,0,0,0,67.0,early_warning
situation_20250524_0900_d6de60cd.pdf,2025-05-24,"Heavy Rain, Strong Wind, Lightning",3821,,,,,,,,,,48.0,156.0,0.0,0.0,1.0,0.0,43.0,0.0,1.0,0.0,0.0,0.0,True,grand_total,0900,2025-05-24 09:00:00,4,75.0,40.0,2.0,1,1,1,0,0,0,3.5,weather_forecast,1,0,,,,,,,,,2808.0,flood_warning,1,0,0.0,0,0,0,0,91.0,early_warning
situation_20250525_0900_fc175ffe.pdf,2025-05-25,"Heavy Rain, Strong Wind, Lightning",3362,,,,,,,,,,45.0,143.0,0.0,0.0,1.0,0.0,40.0,0.0,1.0,0.0,0.0,0.0,True,grand_total,0900,2025-05-25 09:00:00,4,100.0,45.0,2.0,1,1,1,0,0,0,3.5,weather_forecast,1,0,,,,,,,,,2832.0,flood_warning,1,0,0.0,0,0,0,0,115.0,early_warning
situation_20250526_0900_5960436f.pdf,2025-05-26,Strong Wind,2681,,,,,,,,,,2.0,8.0,0.0,0.0,0.0,0.0,2.0,0.0,0.0,0.0,0.0,0.0,True,grand_total,0900,2025-05-26 09:00:00,3,100.0,50.0,0.0,1,1,1,0,0,0,3.5,weather_forecast,1,0,,,,,,,,,2856.0,flood_warning,1,0,0.0,0,0,0,0,139.0,early_warning
situation_20250527_0900_8617515d.pdf,2025-05-27,"Flood, Strong Wind, Lightning",4887,,,,,,,,,,385.0,1392.0,0.0,6.0,0.0,1.0,286.0,0.0,2.0,0.0,0.0,0.0,True,grand_total,0900,2025-05-27 09:00:00,3,100.0,50.0,0.0,1,1,1,0,0,0,3.5,weather_forecast,1,0,,,,,,,,,2880.0,flood_warning,1,0,0.0,0,0,0,0,163.0,early_warning
situation_20250528_0900_916e6de3.pdf,2025-05-28,"Flood, Strong Wind, Lightning",5226,,,,,,,,,,416.0,1520.0,0.0,8.0,0.0,4.0,321.0,0.0,2.0,0.0,0.0,0.0,True,grand_total,0900,2025-05-28 09:00:00,4,100.0,50.0,2.0,1,1,1,0,0,0,3.5,weather_forecast,1,0,,,,,,,,,2904.0,flood_warning,1,1,1.0,4,0,0,4,23.0,early_warning
situation_20250529_0900_3890ec63.pdf,2025-05-29,"Flood, Strong Wind, Lightning",5607,,,,,,,,,,484.0,1752.0,1.0,8.0,0.0,3.0,364.0,0.0,2.0,0.0,0.0,0.0,True,grand_total,0900,2025-05-29 09:00:00,4,75.0,60.0,2.0,1,1,1,0,0,0,3.5,weather_forecast,1,0,,,,,,,,,2928.0,flood_warning,1,1,1.0,4,0,0,4,23.0,early_warning
situation_20250530_0900_2178416e.pdf,2025-05-30,"Flood, Strong Wind, Lightning",5635,,,,,,,,,,485.0,1757.0,1.0,8.0,0.0,3.0,365.0,0.0,2.0,0.0,0.0,0.0,True,grand_total,0900,2025-05-30 09:00:00,8,100.0,60.0,2.0,1,1,1,0,0,0,0.0,strong_wind,1,0,,,,,,,,,2952.0,flood_warning,1,0,0.0,0,0,0,0,47.0,early_warning
situation_20250530_1800_2633c303.pdf,2025-05-30,"Strong Wind, Lightning",6774,,,,,,,,,,887.0,3345.0,0.0,7.0,0.0,0.0,857.0,0.0,2.0,2.0,30.0,129.0,True,grand_total,1800,2025-05-30 18:00:00,5,100.0,60.0,2.0,1,1,1,0,0,0,2.0,weather_forecast,1,0,,,,,,,,,2961.0,flood_warning,1,0,0.0,0,0,0,0,56.0,early_warning
situation_20250531_0900_e62d0814.pdf,2025-05-31,"Strong Wind, Lightning",7949,,,,,,,,,,1579.0,5974.0,0.0,7.0,0.0,1.0,1545.0,2.0,9.0,2.0,30.0,129.0,True,grand_total,0900,2025-05-31 09:00:00,5,100.0,60.0,2.0,1,1,1,0,0,0,0.5,strong_wind,1,0,,,,,,,,,2976.0,flood_warning,1,1,1.0,5,0,0,5,12.0,early_warning
situation_20250601_0900_96a698f8.pdf,2025-06-01,"Landslide, Heavy Rain, Strong Wind, Lightning",9573,,,,,,,,,,2641.0,9975.0,0.0,19.0,0.0,6.0,2576.0,8.0,11.0,3.0,35.0,147.0,True,grand_total,0900,2025-06-01 09:00:00,4,50.0,40.0,0.0,1,1,1,0,0,0,3.5,weather_forecast,1,0,,,,,,,,,3000.0,flood_warning,1,1,1.0,5,0,0,5,17.0,early_warning
situation_20250602_1040_853cf3ec.pdf,2025-06-02,"Landslide, Heavy Rain, Strong Wind, Lightning",9875,,,,,,,,,,3064.0,11469.0,4.0,19.0,0.0,1.0,2940.0,18.0,13.0,5.0,38.0,162.0,True,grand_total,1040,2025-06-02 10:40:00,3,,40.0,0.0,0,1,1,0,0,0,5.166666666666667,weather_forecast,1,0,,,,,,,,,3025.6666666666665,flood_warning,1,0,0.0,0,0,0,0,42.666666666666664,early_warning
situation_20250603_0900_92d3de13.pdf,2025-06-03,"Landslide, Heavy Rain, Strong Wind, Lightning",8468,,,,,,,,,,2803.0,10376.0,4.0,18.0,0.0,1.0,2683.0,28.0,20.0,5.0,38.0,162.0,True,grand_total,0900,2025-06-03 09:00:00,3,,40.0,0.0,0,1,1,0,0,0,3.5,weather_forecast,1,0,,,,,,,,,3048.0,flood_warning,1,0,0.0,0,0,0,0,65.0,early_warning
situation_20250604_0900_4d474156.pdf,2025-06-04,"Landslide, Heavy Rain, Strong Wind, Lightning",8175,,,,,,,,,,2874.0,10648.0,4.0,23.0,0.0,2.0,2798.0,39.0,20.0,5.0,38.0,162.0,True,grand_total,0900,2025-06-04 09:00:00,2,,40.0,0.0,0,1,1,0,0,0,3.5,weather_forecast,1,0,,,,,,,,,3072.0,flood_warning,1,0,0.0,0,0,0,0,89.0,early_warning
situation_20250605_0900_b4ea08d3.pdf,2025-06-05,Strong Wind,2339,,,,,,,,,,1.0,4.0,0.0,0.0,0.0,1.0,0.0,0.0,0.0,0.0,0.0,0.0,True,grand_total,0900,2025-06-05 09:00:00,3,,40.0,0.0,0,1,1,0,0,0,3.5,weather_forecast,1,0,,,,,,,,,3096.0,flood_warning,1,0,0.0,0,0,0,0,113.0,early_warning
situation_20250606_0900_f532c4a6.pdf,2025-06-06,Strong Wind,2662,,,,,,,,,,5.0,14.0,0.0,0.0,0.0,1.0,4.0,0.0,0.0,0.0,0.0,0.0,True,grand_total,0900,2025-06-06 09:00:00,3,,40.0,0.0,0,1,1,0,0,0,3.5,weather_forecast,1,0,,,,,,,,,3120.0,flood_warning,1,0,0.0,0,0,0,0,137.0,early_warning
situation_20250607_0900_aa97aec3.pdf,2025-06-07,Strong Wind,2658,,,,,,,,,,5.0,14.0,0.0,0.0,0.0,1.0,4.0,0.0,0.0,0.0,0.0,0.0,True,grand_total,0900,2025-06-07 09:00:00,3,,40.0,0.0,0,1,1,0,0,0,3.5,weather_forecast,1,0,,,,,,,,,3144.0,flood_warning,1,0,0.0,0,0,0,0,161.0,early_warning
situation_20250608_0900_14245591.pdf,2025-06-08,Strong Wind,2422,,,,,,,,,,4.0,10.0,0.0,0.0,0.0,0.0,4.0,0.0,0.0,0.0,0.0,0.0,True,grand_total,0900,2025-06-08 09:00:00,3,,40.0,0.0,0,1,1,0,0,0,3.5,weather_forecast,1,0,,,,,,,,,3168.0,flood_warning,1,0,0.0,0,0,0,0,185.0,early_warning
situation_20250609_0900_7417af05.pdf,2025-06-09,Strong Wind,2405,,,,,,,,,,4.0,10.0,0.0,0.0,0.0,0.0,4.0,0.0,0.0,0.0,0.0,0.0,True,grand_total,0900,2025-06-09 09:00:00,4,,40.0,0.0,0,1,1,0,0,0,0.5,weather_forecast,1,0,,,,,,,,,3192.0,flood_warning,1,0,0.0,0,0,0,0,209.0,early_warning
situation_20250610_0900_9c768b5a.pdf,2025-06-10,Other,2348,,,,,,,,,,1.0,3.0,0.0,3.0,0.0,0.0,0.0,0.0,0.0,0.0,0.0,0.0,True,grand_total,0900,2025-06-10 09:00:00,6,100.0,50.0,2.0,1,1,1,0,0,0,2.0,weather_forecast,1,0,,,,,,,,,3216.0,flood_warning,1,0,0.0,0,0,0,0,233.0,early_warning
situation_20250612_0900_a92564d2.pdf,2025-06-12,Strong Wind,2436,,,,,,,,,,3.0,15.0,0.0,3.0,0.0,0.0,0.0,0.0,0.0,0.0,0.0,0.0,True,grand_total,0900,2025-06-12 09:00:00,3,100.0,60.0,0.0,1,1,1,0,0,0,3.5,weather_forecast,1,0,,,,,,,,,47.0,water_level,1,1,2.0,5,3,0,6,17.0,early_warning
situation_20250613_0900_b296e2ea.pdf,2025-06-13,"Heavy Rain, Strong Wind",3172,,,,,,,,,,43.0,157.0,1.0,21.0,0.0,0.0,43.0,1.0,1.0,0.0,0.0,0.0,True,grand_total,0900,2025-06-13 09:00:00,3,100.0,60.0,0.0,1,1,1,0,0,0,3.5,weather_forecast,1,1,2.0,0.0,0.0,7.0,129.2,1.104,0.0,0.0,23.5,water_level,1,0,0.0,0,0,0,0,41.0,early_warning
situation_20250614_0900_42212151.pdf,2025-06-14,"Heavy Rain, Strong Wind",4003,,,,,,,,,,93.0,339.0,1.0,21.0,0.0,0.0,87.0,1.0,1.0,0.0,0.0,0.0,True,grand_total,0900,2025-06-14 09:00:00,5,100.0,60.0,2.0,1,1,1,0,0,0,1.0,heavy_rain,1,1,0.0,0.0,0.0,6.0,52.2,0.876,0.0,0.0,23.5,water_level,1,0,0.0,0,0,0,0,65.0,early_warning
situation_20250615_0900_ccd80d80.pdf,2025-06-15,"Heavy Rain, Strong Wind",3464,,,,,,,,,,97.0,353.0,1.0,21.0,0.0,0.0,91.0,1.0,1.0,0.0,0.0,0.0,True,grand_total,0900,2025-06-15 09:00:00,6,100.0,60.0,2.0,1,1,1,0,0,0,1.0,heavy_rain,1,0,,,,,,,,,47.5,water_level,1,1,2.0,7,1,0,7,1.0,early_warning
situation_20250616_0900_4f2709f4.pdf,2025-06-16,"Heavy Rain, Strong Wind",3467,,,,,,,,,,76.0,255.0,0.0,0.0,0.0,0.0,68.0,0.0,0.0,0.0,0.0,0.0,True,grand_total,0900,2025-06-16 09:00:00,5,50.0,60.0,2.0,1,0,1,0,0,0,3.5,weather_forecast,1,1,4.0,0.0,0.0,15.0,75.4,1.2625,0.0,0.0,23.5,water_level_rainfall,1,1,2.0,7,1,0,7,17.0,early_warning
situation_20250617_0900_02359c9c.pdf,2025-06-17,"Heavy Rain, Strong Wind",4452,,,,,,,,,,131.0,493.0,0.0,1.0,0.0,0.0,125.0,2.0,2.0,0.0,0.0,0.0,True,grand_total,0900,2025-06-17 09:00:00,3,50.0,40.0,0.0,1,1,1,0,0,0,3.5,weather_forecast,1,1,2.0,0.0,0.0,15.0,50.3,1.294,0.0,0.0,23.5,water_level_rainfall,1,1,1.0,6,0,0,6,17.0,early_warning
situation_20250618_0900_b642e98b.pdf,2025-06-18,"Heavy Rain, Strong Wind",4698,,,,,,,,,,150.0,548.0,0.0,0.0,0.0,1.0,146.0,0.0,0.0,0.0,0.0,0.0,True,grand_total,0900,2025-06-18 09:00:00,3,,40.0,0.0,0,1,1,0,0,0,3.5,weather_forecast,1,1,1.0,0.0,0.0,7.0,33.7,1.25,0.0,0.0,23.5,water_level_rainfall,1,1,1.0,6,0,0,6,17.0,early_warning
situation_20250619_0900_50e5f599.pdf,2025-06-19,"Heavy Rain, Strong Wind",4008,,,,,,,,,,123.0,451.0,0.0,0.0,0.0,1.0,117.0,0.0,0.0,0.0,0.0,0.0,True,grand_total,0900,2025-06-19 09:00:00,3,,40.0,0.0,0,1,1,0,0,0,3.5,weather_forecast,1,0,,,,,,,,,47.5,water_level_rainfall,1,0,0.0,0,0,0,0,41.0,early_warning
situation_20250620_0900_585e3665.pdf,2025-06-20,Strong Wind,2963,,,,,,,,,,95.0,361.0,0.0,0.0,0.0,1.0,89.0,0.0,0.0,0.0,0.0,0.0,True,grand_total,0900,2025-06-20 09:00:00,3,,40.0,0.0,0,1,1,0,0,0,3.5,weather_forecast,1,1,0.0,0.0,0.0,7.0,9.6,0.7,0.0,0.0,23.5,water_level_rainfall,1,0,0.0,0,0,0,0,65.0,early_warning
situation_20250621_0900_91b902a6.pdf,2025-06-21,Lightning,2716,,,,,,,,,,1.0,4.0,0.0,1.0,0.0,0.0,1.0,0.0,0.0,0.0,0.0,0.0,True,grand_total,0900,2025-06-21 09:00:00,3,,40.0,0.0,0,1,1,0,0,0,3.5,weather_forecast,1,0,,,,,,,,,47.5,water_level_rainfall,1,0,0.0,0,0,0,0,89.0,early_warning
situation_20250622_0900_547684bc.pdf,2025-06-22,Other,2445,,,,,,,,,,0.0,0.0,0.0,0.0,0.0,0.0,0.0,0.0,0.0,0.0,0.0,0.0,True,grand_total,0900,2025-06-22 09:00:00,3,,40.0,0.0,0,1,1,0,0,0,3.5,weather_forecast,1,0,,,,,,,,,71.5,water_level_rainfall,1,0,0.0,0,0,0,0,113.0,early_warning
situation_20250623_0900_b1de7a0a.pdf,2025-06-23,Other,2418,,,,,,,,,,0.0,0.0,0.0,0.0,0.0,0.0,0.0,0.0,0.0,0.0,0.0,0.0,True,grand_total,0900,2025-06-23 09:00:00,3,,40.0,0.0,0,1,1,0,0,0,3.5,weather_forecast,1,0,,,,,,,,,95.5,water_level_rainfall,1,0,0.0,0,0,0,0,137.0,early_warning
situation_20250624_0900_1b5df8eb.pdf,2025-06-24,Strong Wind,2967,,,,,,,,,,47.0,164.0,0.0,0.0,0.0,0.0,40.0,3.0,12.0,0.0,0.0,0.0,True,grand_total,0900,2025-06-24 09:00:00,3,,40.0,0.0,0,1,1,0,0,0,3.5,weather_forecast,1,0,,,,,,,,,119.5,water_level_rainfall,1,0,0.0,0,0,0,0,161.0,early_warning
situation_20250625_0900_55d27f76.pdf,2025-06-25,Strong Wind,2810,,,,,,,,,,53.0,183.0,0.0,0.0,0.0,0.0,48.0,3.0,12.0,0.0,0.0,0.0,True,grand_total,0900,2025-06-25 09:00:00,3,,40.0,0.0,0,1,1,0,0,0,3.5,weather_forecast,1,0,,,,,,,,,143.5,water_level_rainfall,1,0,0.0,0,0,0,0,185.0,early_warning
situation_20250626_0900_86d572ce.pdf,2025-06-26,Strong Wind,2808,,,,,,,,,,53.0,183.0,0.0,0.0,0.0,0.0,48.0,3.0,12.0,0.0,0.0,0.0,True,grand_total,0900,2025-06-26 09:00:00,3,50.0,40.0,0.0,1,1,1,0,0,0,3.5,weather_forecast,1,0,,,,,,,,,167.5,water_level_rainfall,1,0,0.0,0,0,0,0,209.0,early_warning
situation_20250627_0900_fed99eb6.pdf,2025-06-27,Strong Wind,2803,,,,,,,,,,53.0,183.0,0.0,0.0,0.0,0.0,48.0,3.0,12.0,0.0,0.0,0.0,True,grand_total,0900,2025-06-27 09:00:00,3,50.0,40.0,0.0,1,1,1,0,0,0,3.5,weather_forecast,1,0,,,,,,,,,191.5,water_level_rainfall,1,0,0.0,0,0,0,0,233.0,early_warning
situation_20250628_0900_8946b702.pdf,2025-06-28,Strong Wind,2803,,,,,,,,,,53.0,183.0,0.0,0.0,0.0,0.0,48.0,3.0,12.0,0.0,0.0,0.0,True,grand_total,0900,2025-06-28 09:00:00,3,75.0,40.0,0.0,1,1,1,0,0,0,3.5,weather_forecast,1,0,,,,,,,,,215.5,water_level_rainfall,1,0,0.0,0,0,0,0,257.0,early_warning
situation_20250629_0900_a0f4840a.pdf,2025-06-29,Strong Wind,2363,,,,,,,,,,1.0,3.0,0.0,0.0,0.0,0.0,1.0,0.0,0.0,0.0,0.0,0.0,True,grand_total,0900,2025-06-29 09:00:00,3,,40.0,0.0,0,1,1,0,0,0,3.5,weather_forecast,1,0,,,,,,,,,239.5,water_level_rainfall,1,0,0.0,0,0,0,0,281.0,early_warning
situation_20250630_0900_915bb274.pdf,2025-06-30,Other,2349,,,,,,,,,,0.0,0.0,0.0,0.0,0.0,0.0,0.0,0.0,1.0,0.0,0.0,0.0,True,grand_total,0900,2025-06-30 09:00:00,2,,,0.0,0,1,0,0,0,0,3.5,weather_forecast,1,0,,,,,,,,,263.5,water_level_rainfall,1,0,0.0,0,0,0,0,305.0,early_warning
situation_20250701_0900_e024e8e0.pdf,2025-07-01,Other,2365,,,,,,,,,,5.0,21.0,0.0,0.0,0.0,0.0,0.0,0.0,0.0,0.0,0.0,0.0,True,grand_total,0900,2025-07-01 09:00:00,2,,40.0,0.0,0,1,1,0,0,0,3.5,weather_forecast,1,0,,,,,,,,,287.5,water_level_rainfall,1,0,0.0,0,0,0,0,329.0,early_warning
situation_20250702_0900_f177156d.pdf,2025-07-02,Other,2319,,,,,,,,,,0.0,0.0,0.0,0.0,0.0,0.0,0.0,0.0,0.0,0.0,0.0,0.0,True,grand_total,0900,2025-07-02 09:00:00,3,,40.0,0.0,0,0,1,0,0,0,3.5,weather_forecast,1,0,,,,,,,,,311.5,water_level_rainfall,1,0,0.0,0,0,0,0,353.0,early_warning
situation_20250703_0900_a9c91df6.pdf,2025-07-03,Other,2421,,,,,,,,,,0.0,0.0,0.0,0.0,0.0,0.0,0.0,0.0,0.0,0.0,0.0,0.0,True,grand_total,0900,2025-07-03 09:00:00,3,,40.0,0.0,0,1,1,0,0,0,3.5,weather_forecast,1,0,,,,,,,,,335.5,water_level_rainfall,1,0,0.0,0,0,0,0,377.0,early_warning
situation_20250704_0900_1c52cfc8.pdf,2025-07-04,Other,2492,,,,,,,,,,1.0,1.0,1.0,0.0,0.0,0.0,0.0,0.0,0.0,0.0,0.0,0.0,True,grand_total,0900,2025-07-04 09:00:00,3,,40.0,0.0,0,1,1,0,0,0,3.5,weather_forecast,1,0,,,,,,,,,359.5,water_level_rainfall,1,0,0.0,0,0,0,0,401.0,early_warning
situation_20250705_0900_ef4a13ec.pdf,2025-07-05,Other,2435,,,,,,,,,,0.0,0.0,0.0,0.0,0.0,0.0,0.0,0.0,0.0,0.0,0.0,0.0,True,grand_total,0900,2025-07-05 09:00:00,3,,40.0,0.0,0,1,1,0,0,0,3.5,weather_forecast,1,0,,,,,,,,,383.5,water_level_rainfall,1,0,0.0,0,0,0,0,425.0,early_warning
situation_20250706_0900_49938b0c.pdf,2025-07-06,Other,2437,,,,,,,,,,0.0,0.0,0.0,0.0,0.0,0.0,0.0,0.0,0.0,0.0,0.0,0.0,True,grand_total,0900,2025-07-06 09:00:00,4,,75.0,0.0,0,1,1,0,0,0,2.0,weather_forecast,1,0,,,,,,,,,407.5,water_level_rainfall,1,0,0.0,0,0,0,0,449.0,early_warning
situation_20250707_0900_d070f4b3.pdf,2025-07-07,Other,2318,,,,,,,,,,0.0,0.0,0.0,0.0,0.0,0.0,0.0,0.0,0.0,0.0,0.0,0.0,True,grand_total,0900,2025-07-07 09:00:00,4,,70.0,0.0,0,1,1,0,0,0,2.0,weather_forecast,1,0,,,,,,,,,431.5,water_level_rainfall,1,0,0.0,0,0,0,0,473.0,early_warning
situation_20250708_0900_58b29fd7.pdf,2025-07-08,Strong Wind,2460,,,,,,,,,,1.0,4.0,0.0,0.0,0.0,0.0,1.0,0.0,0.0,0.0,0.0,0.0,True,grand_total,0900,2025-07-08 09:00:00,3,,50.0,0.0,0,0,1,0,0,0,3.5,weather_forecast,1,0,,,,,,,,,455.5,water_level_rainfall,1,0,0.0,0,0,0,0,497.0,early_warning
situation_20250709_0900_2db3b7a6.pdf,2025-07-09,Strong Wind,2345,,,,,,,,,,1.0,3.0,0.0,0.0,0.0,0.0,1.0,0.0,0.0,0.0,0.0,0.0,True,grand_total,0900,2025-07-09 09:00:00,3,,40.0,0.0,0,0,1,0,0,0,3.5,weather_forecast,1,0,,,,,,,,,479.5,water_level_rainfall,1,0,0.0,0,0,0,0,521.0,early_warning
situation_20250710_0900_db9056fb.pdf,2025-07-10,Other,2444,,,,,,,,,,0.0,0.0,0.0,0.0,0.0,0.0,0.0,0.0,0.0,0.0,0.0,0.0,True,grand_total,0900,2025-07-10 09:00:00,3,,40.0,0.0,0,1,1,0,0,0,3.5,weather_forecast,1,0,,,,,,,,,503.5,water_level_rainfall,1,0,0.0,0,0,0,0,545.0,early_warning
situation_20250712_0900_85e9db1f.pdf,2025-07-12,Other,2404,,,,,,,,,,2.0,8.0,0.0,0.0,0.0,0.0,2.0,0.0,0.0,0.0,0.0,0.0,True,grand_total,0900,2025-07-12 09:00:00,3,,40.0,0.0,0,1,1,0,0,0,3.5,weather_forecast,1,0,,,,,,,,,551.5,water_level_rainfall,1,0,0.0,0,0,0,0,593.0,early_warning
situation_20250713_0900_e165c2be.pdf,2025-07-13,Other,2451,,,,,,,,,,0.0,0.0,0.0,0.0,0.0,0.0,0.0,0.0,0.0,0.0,0.0,0.0,True,grand_total,0900,2025-07-13 09:00:00,3,,50.0,0.0,0,1,1,0,0,0,3.5,weather_forecast,1,0,,,,,,,,,575.5,water_level_rainfall,1,0,0.0,0,0,0,0,617.0,early_warning
situation_20250714_0900_547c4942.pdf,2025-07-14,Other,2338,,,,,,,,,,1.0,7.0,0.0,0.0,0.0,0.0,1.0,0.0,0.0,0.0,0.0,0.0,True,grand_total,0900,2025-07-14 09:00:00,3,,50.0,0.0,0,1,1,0,0,0,3.5,weather_forecast,1,0,,,,,,,,,599.5,water_level_rainfall,1,0,0.0,0,0,0,0,641.0,early_warning
situation_20250715_0900_18e8a66e.pdf,2025-07-15,Other,2334,,,,,,,,,,0.0,0.0,0.0,0.0,0.0,0.0,0.0,0.0,0.0,0.0,0.0,0.0,True,grand_total,0900,2025-07-15 09:00:00,3,,50.0,0.0,0,1,1,0,0,0,3.5,weather_forecast,1,0,,,,,,,,,623.5,water_level_rainfall,1,0,0.0,0,0,0,0,665.0,early_warning
situation_20250716_0900_bd118d31.pdf,2025-07-16,Other,2448,,,,,,,,,,0.0,0.0,0.0,0.0,0.0,0.0,0.0,0.0,0.0,0.0,0.0,0.0,True,grand_total,0900,2025-07-16 09:00:00,3,,50.0,0.0,0,1,1,0,0,0,3.5,weather_forecast,1,0,,,,,,,,,647.5,water_level_rainfall,1,0,0.0,0,0,0,0,689.0,early_warning
situation_20250717_0900_ff20ef1a.pdf,2025-07-17,Other,2454,,,,,,,,,,0.0,0.0,0.0,0.0,0.0,0.0,0.0,0.0,0.0,0.0,0.0,0.0,True,grand_total,0900,2025-07-17 09:00:00,5,,50.0,2.0,0,1,1,0,0,0,3.5,weather_forecast,1,0,,,,,,,,,671.5,water_level_rainfall,1,0,0.0,0,0,0,0,713.0,early_warning
situation_20250718_0900_093ab659.pdf,2025-07-18,Other,2334,,,,,,,,,,0.0,0.0,0.0,0.0,0.0,0.0,0.0,0.0,0.0,0.0,0.0,0.0,True,grand_total,0900,2025-07-18 09:00:00,3,50.0,50.0,0.0,1,1,1,0,0,0,3.5,weather_forecast,1,0,,,,,,,,,695.5,water_level_rainfall,1,0,0.0,0,0,0,0,737.0,early_warning
situation_20250719_0900_a9f99c26.pdf,2025-07-19,Other,2351,,,,,,,,,,0.0,0.0,0.0,0.0,0.0,0.0,0.0,0.0,0.0,0.0,0.0,0.0,True,grand_total,0900,2025-07-19 09:00:00,4,75.0,60.0,2.0,1,0,1,0,0,0,3.5,weather_forecast,1,0,,,,,,,,,719.5,water_level_rainfall,1,0,0.0,0,0,0,0,761.0,early_warning
situation_20250720_0900_e0738705.pdf,2025-07-20,Other,2904,,,,,,,,,,6.0,24.0,1.0,0.0,1.0,0.0,5.0,0.0,0.0,0.0,0.0,0.0,True,grand_total,0900,2025-07-20 09:00:00,4,75.0,60.0,2.0,1,0,1,0,0,0,3.5,weather_forecast,1,0,,,,,,,,,743.5,water_level_rainfall,1,0,0.0,0,0,0,0,785.0,early_warning
situation_20250721_1000_c87cf419.pdf,2025-07-21,Strong Wind,2722,,,,,,,,,,9.0,33.0,1.0,0.0,0.0,1.0,8.0,0.0,0.0,0.0,0.0,0.0,True,grand_total,1000,2025-07-21 10:00:00,4,75.0,60.0,2.0,1,0,1,0,0,0,4.5,weather_forecast,1,0,,,,,,,,,768.5,water_level_rainfall,1,0,0.0,0,0,0,0,810.0,early_warning
situation_20250722_0930_7b3eaa1f.pdf,2025-07-22,Strong Wind,2808,,,,,,,,,,18.0,61.0,0.0,0.0,0.0,1.0,17.0,0.0,0.0,0.0,0.0,0.0,True,grand_total,0930,2025-07-22 09:30:00,5,75.0,60.0,2.0,1,0,1,0,0,0,2.5,weather_forecast,1,0,,,,,,,,,792.0,water_level_rainfall,1,0,0.0,0,0,0,0,833.5,early_warning
situation_20250723_0900_f96d5adf.pdf,2025-07-23,Strong Wind,2366,,,,,,,,,,1.0,4.0,0.0,0.0,0.0,0.0,1.0,0.0,0.0,0.0,0.0,0.0,True,grand_total,0900,2025-07-23 09:00:00,4,75.0,60.0,2.0,1,0,1,0,0,0,3.5,weather_forecast,1,0,,,,,,,,,815.5,water_level_rainfall,1,0,0.0,0,0,0,0,857.0,early_warning
situation_20250724_0900_0c822c93.pdf,2025-07-24,Strong Wind,2736,,,,,,,,,,2.0,7.0,1.0,0.0,0.0,0.0,3.0,0.0,0.0,0.0,0.0,0.0,True,grand_total,0900,2025-07-24 09:00:00,4,,60.0,2.0,0,0,1,0,0,0,3.5,weather_forecast,1,0,,,,,,,,,839.5,water_level_rainfall,1,0,0.0,0,0,0,0,881.0,early_warning
situation_20250725_0900_0af8b756.pdf,2025-07-25,Strong Wind,2628,,,,,,,,,,1.0,1.0,0.0,0.0,0.0,0.0,2.0,0.0,0.0,0.0,0.0,0.0,True,grand_total,0900,2025-07-25 09:00:00,5,,60.0,2.0,0,0,1,0,0,0,2.0,weather_forecast,1,0,,,,,,,,,863.5,water_level_rainfall,1,0,0.0,0,0,0,0,905.0,early_warning
situation_20250726_0900_c3f18578.pdf,2025-07-26,Strong Wind,3054,,,,,,,,,,18.0,68.0,0.0,0.0,1.0,0.0,17.0,0.0,3.0,0.0,0.0,0.0,True,grand_total,0900,2025-07-26 09:00:00,4,,60.0,2.0,0,0,1,0,0,0,3.5,weather_forecast,1,0,,,,,,,,,887.5,water_level_rainfall,1,0,0.0,0,0,0,0,929.0,early_warning
situation_20250727_0900_40ee6f27.pdf,2025-07-27,Strong Wind,2824,,,,,,,,,,11.0,37.0,0.0,0.0,1.0,0.0,10.0,0.0,0.0,0.0,0.0,0.0,True,grand_total,0900,2025-07-27 09:00:00,4,,55.0,2.0,0,0,1,0,0,0,3.5,weather_forecast,1,0,,,,,,,,,911.5,water_level_rainfall,1,0,0.0,0,0,0,0,953.0,early_warning
situation_20250729_0900_fece3b03.pdf,2025-07-29,Strong Wind,2834,,,,,,,,,,2.0,6.0,1.0,0.0,1.0,0.0,1.0,0.0,0.0,0.0,0.0,0.0,True,grand_total,0900,2025-07-29 09:00:00,3,,40.0,0.0,0,1,1,0,0,0,3.5,weather_forecast,1,0,,,,,,,,,959.5,water_level_rainfall,1,0,0.0,0,0,0,0,1001.0,early_warning
situation_20250730_0900_a82c824e.pdf,2025-07-30,Strong Wind,2977,,,,,,,,,,4.0,10.0,3.0,0.0,1.0,0.0,3.0,0.0,0.0,0.0,0.0,0.0,True,grand_total,0900,2025-07-30 09:00:00,3,,40.0,0.0,0,1,1,0,0,0,3.5,weather_forecast,1,0,,,,,,,,,983.5,water_level_rainfall,1,0,0.0,0,0,0,0,1025.0,early_warning
situation_20250730_1400_a337e368.pdf,2025-07-30,"Heavy Rain, Strong Wind, Lightning",4340,,,,,,,,,,,,,,,,,,,,,,False,non_situation_report,1400,2025-07-30 14:00:00,3,,40.0,0.0,0,1,1,0,0,0,8.5,weather_forecast,1,0,,,,,,,,,988.5,water_level_rainfall,1,0,0.0,0,0,0,0,1030.0,early_warning
situation_20250731_0900_6c4ad1de.pdf,2025-07-31,Strong Wind,2872,,,,,,,,,,1.0,5.0,3.0,0.0,1.0,0.0,0.0,0.0,0.0,0.0,0.0,0.0,True,grand_total,0900,2025-07-31 09:00:00,2,,40.0,0.0,0,1,1,0,0,0,3.5,weather_forecast,1,0,,,,,,,,,1007.5,water_level_rainfall,1,0,0.0,0,0,0,0,1049.0,early_warning
situation_20250801_0900_017b82f4.pdf,2025-08-01,Other,2438,,,,,,,,,,1.0,4.0,0.0,0.0,0.0,0.0,1.0,0.0,0.0,0.0,0.0,0.0,True,grand_total,0900,2025-08-01 09:00:00,3,75.0,,0.0,1,1,0,0,0,0,3.5,weather_forecast,1,0,,,,,,,,,1031.5,water_level_rainfall,1,0,0.0,0,0,0,0,1073.0,early_warning
situation_20250802_0900_10097a55.pdf,2025-08-02,Strong Wind,2657,,,,,,,,,,17.0,68.0,0.0,0.0,0.0,0.0,17.0,0.0,0.0,0.0,0.0,0.0,True,grand_total,0900,2025-08-02 09:00:00,4,75.0,,2.0,1,1,0,0,0,0,3.5,weather_forecast,1,0,,,,,,,,,1055.5,water_level_rainfall,1,0,0.0,0,0,0,0,1097.0,early_warning
situation_20250803_0900_148208d3.pdf,2025-08-03,Other,2389,,,,,,,,,,1.0,1.0,0.0,0.0,0.0,0.0,1.0,0.0,0.0,0.0,0.0,0.0,True,grand_total,0900,2025-08-03 09:00:00,4,75.0,,2.0,1,1,0,0,0,0,3.5,weather_forecast,1,0,,,,,,,,,1079.5,water_level_rainfall,1,0,0.0,0,0,0,0,1121.0,early_warning
situation_20250804_0900_4eef95a3.pdf,2025-08-04,Other,2396,,,,,,,,,,2.0,4.0,1.0,1.0,0.0,0.0,1.0,0.0,0.0,0.0,0.0,0.0,True,grand_total,0900,2025-08-04 09:00:00,3,75.0,,0.0,1,1,0,0,0,0,3.5,weather_forecast,1,1,1.0,0.0,0.0,10.0,78.2,1.0666666666666669,0.0,0.0,23.5,water_level_rainfall,1,0,0.0,0,0,0,0,1145.0,early_warning
situation_20250805_0900_ccf33b0b.pdf,2025-08-05,Strong Wind,2667,,,,,,,,,,2.0,8.0,0.0,0.0,0.0,0.0,3.0,0.0,0.0,0.0,0.0,0.0,True,grand_total,0900,2025-08-05 09:00:00,4,50.0,,2.0,1,1,0,0,0,0,3.5,weather_forecast,1,0,,,,,,,,,47.5,water_level_rainfall,1,0,0.0,0,0,0,0,1169.0,early_warning
situation_20250806_0900_da5ed227.pdf,2025-08-06,Strong Wind,2670,,,,,,,,,,2.0,8.0,0.0,0.0,0.0,0.0,3.0,0.0,0.0,0.0,0.0,0.0,True,grand_total,0900,2025-08-06 09:00:00,3,,,0.0,0,1,0,0,0,0,3.5,weather_forecast,1,0,,,,,,,,,71.5,water_level_rainfall,1,0,0.0,0,0,0,0,1193.0,early_warning
situation_20250807_0900_ad35cca7.pdf,2025-08-07,Strong Wind,2590,,,,,,,,,,47.0,144.0,0.0,0.0,0.0,0.0,48.0,0.0,0.0,0.0,0.0,0.0,True,grand_total,0900,2025-08-07 09:00:00,3,,,0.0,0,1,0,0,0,0,3.5,weather_forecast,1,0,,,,,,,,,95.5,water_level_rainfall,1,0,0.0,0,0,0,0,1217.0,early_warning
situation_20250808_0900_d63395a5.pdf,2025-08-08,Strong Wind,2468,,,,,,,,,,1.0,2.0,0.0,0.0,0.0,0.0,1.0,0.0,0.0,0.0,0.0,0.0,True,grand_total,0900,2025-08-08 09:00:00,3,,,0.0,0,1,0,0,0,0,3.5,weather_forecast,1,0,,,,,,,,,119.5,water_level_rainfall,1,0,0.0,0,0,0,0,1241.0,early_warning
situation_20250809_0900_8278e377.pdf,2025-08-09,Other,2437,,,,,,,,,,0.0,0.0,0.0,0.0,0.0,0.0,0.0,0.0,0.0,0.0,0.0,0.0,True,grand_total,0900,2025-08-09 09:00:00,3,,,0.0,0,1,0,0,0,0,3.5,weather_forecast,1,0,,,,,,,,,143.5,water_level_rainfall,1,0,0.0,0,0,0,0,1265.0,early_warning
situation_20250810_0900_5e24f592.pdf,2025-08-10,Lightning,2468,,,,,,,,,,1.0,6.0,0.0,0.0,0.0,0.0,0.0,0.0,0.0,0.0,0.0,0.0,True,grand_total,0900,2025-08-10 09:00:00,3,,,0.0,0,1,0,0,0,0,3.5,weather_forecast,1,1,0.0,0.0,0.0,5.0,1.5,0.5980000000000001,0.0,0.0,23.0,water_level_rainfall,1,0,0.0,0,0,0,0,1289.0,early_warning
situation_20250811_0900_5ee19fd2.pdf,2025-08-11,Lightning,2349,,,,,,,,,,1.0,6.0,0.0,0.0,0.0,0.0,0.0,0.0,0.0,0.0,0.0,0.0,True,grand_total,0900,2025-08-11 09:00:00,3,,,0.0,0,1,0,0,0,0,3.5,weather_forecast,1,0,,,,,,,,,47.0,water_level_rainfall,1,0,0.0,0,0,0,0,1313.0,early_warning
situation_20250812_0900_b0b68703.pdf,2025-08-12,Strong Wind,2684,,,,,,,,,,15.0,63.0,0.0,0.0,0.0,0.0,10.0,4.0,0.0,0.0,0.0,0.0,True,grand_total,0900,2025-08-12 09:00:00,3,,40.0,0.0,0,1,1,0,0,0,3.5,weather_forecast,1,0,,,,,,,,,71.0,water_level_rainfall,1,0,0.0,0,0,0,0,1337.0,early_warning
situation_20250814_0900_52ee5492.pdf,2025-08-14,Strong Wind,2477,,,,,,,,,,7.0,32.0,0.0,0.0,0.0,0.0,2.0,4.0,0.0,0.0,0.0,0.0,True,grand_total,0900,2025-08-14 09:00:00,3,,40.0,0.0,0,1,1,0,0,0,3.5,weather_forecast,1,0,,,,,,,,,119.0,water_level_rainfall,1,0,0.0,0,0,0,0,1385.0,early_warning
situation_20250815_0900_7ddd4034.pdf,2025-08-15,Strong Wind,2482,,,,,,,,,,7.0,32.0,0.0,0.0,0.0,0.0,2.0,4.0,0.0,0.0,0.0,0.0,True,grand_total,0900,2025-08-15 09:00:00,2,,40.0,0.0,0,1,1,0,0,0,3.5,weather_forecast,1,0,,,,,,,,,143.0,water_level_rainfall,1,0,0.0,0,0,0,0,1409.0,early_warning
situation_20250816_0900_b3d8a260.pdf,2025-08-16,Strong Wind,2473,,,,,,,,,,7.0,32.0,0.0,0.0,0.0,0.0,2.0,4.0,0.0,0.0,0.0,0.0,True,grand_total,0900,2025-08-16 09:00:00,3,,50.0,0.0,0,0,1,0,0,0,3.5,weather_forecast,1,0,,,,,,,,,167.0,water_level_rainfall,1,0,0.0,0,0,0,0,1433.0,early_warning
situation_20250817_0900_6422c6a1.pdf,2025-08-17,Other,2365,,,,,,,,,,0.0,0.0,0.0,0.0,0.0,0.0,0.0,0.0,0.0,0.0,0.0,0.0,True,grand_total,0900,2025-08-17 09:00:00,3,,50.0,0.0,0,0,1,0,0,0,3.5,weather_forecast,1,0,,,,,,,,,191.0,water_level_rainfall,1,0,0.0,0,0,0,0,1457.0,early_warning
situation_20250818_0900_8b10fa5f.pdf,2025-08-18,Strong Wind,2371,,,,,,,,,,1.0,4.0,0.0,0.0,0.0,0.0,1.0,0.0,0.0,0.0,0.0,0.0,True,grand_total,0900,2025-08-18 09:00:00,3,,50.0,0.0,0,0,1,0,0,0,3.5,weather_forecast,1,0,,,,,,,,,215.0,water_level_rainfall,1,0,0.0,0,0,0,0,1481.0,early_warning
situation_20250819_0900_90866e5c.pdf,2025-08-19,Other,2322,,,,,,,,,,0.0,0.0,0.0,0.0,0.0,0.0,0.0,0.0,0.0,0.0,0.0,0.0,True,grand_total,0900,2025-08-19 09:00:00,3,,40.0,0.0,0,0,1,0,0,0,3.5,weather_forecast,1,0,,,,,,,,,239.0,water_level_rainfall,1,0,0.0,0,0,0,0,1505.0,early_warning
situation_20250820_0900_431fe8f8.pdf,2025-08-20,Other,2350,,,,,,,,,,1.0,0.0,0.0,0.0,0.0,0.0,1.0,0.0,0.0,0.0,0.0,0.0,True,grand_total,0900,2025-08-20 09:00:00,3,,40.0,0.0,0,0,1,0,0,0,3.5,weather_forecast,1,0,,,,,,,,,263.0,water_level_rainfall,1,0,0.0,0,0,0,0,1529.0,early_warning
situation_20250821_0900_e9744c41.pdf,2025-08-21,Other,2421,,,,,,,,,,0.0,0.0,0.0,0.0,0.0,0.0,0.0,0.0,0.0,0.0,0.0,0.0,True,grand_total,0900,2025-08-21 09:00:00,3,,,0.0,0,1,0,0,0,0,3.5,weather_forecast,1,0,,,,,,,,,287.0,water_level_rainfall,1,0,0.0,0,0,0,0,1553.0,early_warning
situation_20250822_0900_09526782.pdf,2025-08-22,Other,2421,,,,,,,,,,0.0,0.0,0.0,0.0,0.0,0.0,0.0,0.0,0.0,0.0,0.0,0.0,True,grand_total,0900,2025-08-22 09:00:00,3,50.0,,0.0,1,1,0,0,0,0,3.5,weather_forecast,1,0,,,,,,,,,311.0,water_level_rainfall,1,0,0.0,0,0,0,0,1577.0,early_warning
situation_20250823_0900_044f1038.pdf,2025-08-23,Heavy Rain,2552,,,,,,,,,,102.0,21.0,0.0,0.0,0.0,0.0,101.0,0.0,0.0,0.0,0.0,0.0,True,grand_total,0900,2025-08-23 09:00:00,4,50.0,,0.0,1,1,0,0,0,0,3.5,weather_forecast,1,0,,,,,,,,,335.0,water_level_rainfall,1,0,0.0,0,0,0,0,1601.0,early_warning
situation_20250824_0900_14dace6e.pdf,2025-08-24,Strong Wind,2704,,,,,,,,,,56.0,7.0,0.0,1.0,0.0,0.0,56.0,0.0,0.0,0.0,0.0,0.0,True,grand_total,0900,2025-08-24 09:00:00,3,,,0.0,0,1,0,0,0,0,3.5,weather_forecast,1,0,,,,,,,,,359.0,water_level_rainfall,1,0,0.0,0,0,0,0,1625.0,early_warning
situation_20250825_0900_299d043c.pdf,2025-08-25,Strong Wind,2380,,,,,,,,,,13.0,44.0,0.0,0.0,0.0,0.0,13.0,0.0,0.0,0.0,0.0,0.0,True,grand_total,0900,2025-08-25 09:00:00,3,,,0.0,0,1,0,0,0,0,3.5,weather_forecast,1,0,,,,,,,,,383.0,water_level_rainfall,1,0,0.0,0,0,0,0,1649.0,early_warning
situation_20250826_0900_f1b5f6e4.pdf,2025-08-26,"Heavy Rain, Strong Wind",2944,,,,,,,,,,87.0,337.0,0.0,1.0,0.0,0.0,87.0,0.0,0.0,0.0,0.0,0.0,True,grand_total,0900,2025-08-26 09:00:00,3,,,0.0,0,1,0,0,0,0,3.5,weather_forecast,1,0,,,,,,,,,407.0,water_level_rainfall,1,0,0.0,0,0,0,0,1673.0,early_warning
situation_20250827_0900_a04733e5.pdf,2025-08-27,"Strong Wind, Lightning",2659,,,,,,,,,,158.0,542.0,0.0,0.0,0.0,0.0,139.0,0.0,0.0,0.0,0.0,0.0,True,grand_total,0900,2025-08-27 09:00:00,3,,40.0,0.0,0,1,1,0,0,0,3.5,weather_forecast,1,0,,,,,,,,,431.0,water_level_rainfall,1,0,0.0,0,0,0,0,1697.0,early_warning
situation_20250828_0900_77f00b71.pdf,2025-08-28,Other,2392,,,,,,,,,,345.0,938.0,0.0,0.0,0.0,0.0,0.0,0.0,0.0,0.0,0.0,0.0,True,grand_total,0900,2025-08-28 09:00:00,3,50.0,50.0,0.0,1,1,1,0,0,0,3.5,weather_forecast,1,1,0.0,0.0,0.0,6.0,14.3,0.59,0.0,0.0,23.5,water_level_rainfall,1,0,0.0,0,0,0,0,1721.0,early_warning
situation_20250829_0900_c26043bf.pdf,2025-08-29,Strong Wind,2356,,,,,,,,,,2.0,10.0,0.0,0.0,0.0,0.0,2.0,0.0,0.0,0.0,0.0,0.0,True,grand_total,0900,2025-08-29 09:00:00,3,,50.0,0.0,0,0,1,0,0,0,3.5,weather_forecast,1,0,,,,,,,,,47.5,water_level_rainfall,1,0,0.0,0,0,0,0,1745.0,early_warning
situation_20250829_1400_656c8959.pdf,2025-08-29,"Heavy Rain, Strong Wind",5021,,,,,,,,,,,,,,,,,,,,,,False,non_situation_report,1400,2025-08-29 14:00:00,3,,50.0,0.0,0,0,1,0,0,0,8.5,weather_forecast,1,0,,,,,,,,,52.5,water_level_rainfall,1,0,0.0,0,0,0,0,1750.0,early_warning
situation_20250830_0900_e27a72e5.pdf,2025-08-30,Strong Wind,2502,,,,,,,,,,4.0,9.0,0.0,0.0,3.0,0.0,0.0,0.0,0.0,0.0,0.0,0.0,True,grand_total,0900,2025-08-30 09:00:00,2,,50.0,0.0,0,1,1,0,0,0,3.5,weather_forecast,1,0,,,,,,,,,71.5,water_level_rainfall,1,0,0.0,0,0,0,0,1769.0,early_warning
situation_20250831_0900_c9f58349.pdf,2025-08-31,Other,2349,,,,,,,,,,0.0,0.0,0.0,0.0,0.0,0.0,0.0,0.0,0.0,0.0,0.0,0.0,True,grand_total,0900,2025-08-31 09:00:00,3,,50.0,0.0,0,1,1,0,0,0,3.5,weather_forecast,1,0,,,,,,,,,95.5,water_level_rainfall,1,0,0.0,0,0,0,0,1793.0,early_warning
situation_20250901_0900_64295925.pdf,2025-09-01,Other,2346,,,,,,,,,,0.0,0.0,0.0,0.0,0.0,0.0,0.0,1.0,0.0,0.0,0.0,0.0,True,grand_total,0900,2025-09-01 09:00:00,3,,50.0,0.0,0,1,1,0,0,0,3.5,weather_forecast,1,0,,,,,,,,,119.5,water_level_rainfall,1,0,0.0,0,0,0,0,1817.0,early_warning
situation_20250902_0900_2a3ffd1b.pdf,2025-09-02,Strong Wind,2407,,,,,,,,,,2.0,4.0,0.0,0.0,0.0,0.0,2.0,0.0,0.0,0.0,0.0,0.0,True,grand_total,0900,2025-09-02 09:00:00,3,,40.0,0.0,0,1,1,0,0,0,3.5,weather_forecast,1,0,,,,,,,,,143.5,water_level_rainfall,1,0,0.0,0,0,0,0,1841.0,early_warning
situation_20250903_0900_b0c01d3a.pdf,2025-09-03,Strong Wind,2416,,,,,,,,,,27.0,113.0,0.0,0.0,0.0,0.0,27.0,0.0,0.0,0.0,0.0,0.0,True,grand_total,0900,2025-09-03 09:00:00,3,,40.0,0.0,0,1,1,0,0,0,3.5,weather_forecast,1,0,,,,,,,,,167.5,water_level_rainfall,1,0,0.0,0,0,0,0,1865.0,early_warning
situation_20250904_0900_3757acaf.pdf,2025-09-04,Strong Wind,2666,,,,,,,,,,30.0,128.0,0.0,0.0,0.0,0.0,30.0,0.0,0.0,0.0,0.0,0.0,True,grand_total,0900,2025-09-04 09:00:00,3,,40.0,0.0,0,1,1,0,0,0,3.5,weather_forecast,1,0,,,,,,,,,191.5,water_level_rainfall,1,0,0.0,0,0,0,0,1889.0,early_warning
situation_20250905_0900_5996ec17.pdf,2025-09-05,Other,2368,,,,,,,,,,0.0,0.0,0.0,0.0,0.0,0.0,0.0,0.0,0.0,0.0,0.0,0.0,True,confirmed_zero_report,0900,2025-09-05 09:00:00,3,,40.0,0.0,0,1,1,0,0,0,3.5,weather_forecast,1,0,,,,,,,,,215.5,water_level_rainfall,1,0,0.0,0,0,0,0,1913.0,early_warning
situation_20250906_0900_9807bf0e.pdf,2025-09-06,Other,2367,,,,,,,,,,0.0,0.0,0.0,0.0,0.0,0.0,0.0,0.0,0.0,0.0,0.0,0.0,True,confirmed_zero_report,0900,2025-09-06 09:00:00,4,,,0.0,0,1,0,0,0,0,2.0,weather_forecast,1,0,,,,,,,,,239.5,water_level_rainfall,1,0,0.0,0,0,0,0,1937.0,early_warning
situation_20250907_0900_42244ec4.pdf,2025-09-07,Lightning,2464,,,,,,,,,,0.0,0.0,0.0,1.0,0.0,0.0,0.0,0.0,0.0,0.0,0.0,0.0,True,grand_total,0900,2025-09-07 09:00:00,4,50.0,,0.0,1,1,0,0,0,0,2.0,weather_forecast,1,0,,,,,,,,,263.5,water_level_rainfall,1,0,0.0,0,0,0,0,1961.0,early_warning
situation_20250908_0900_bbdb824e.pdf,2025-09-08,Other,2338,,,,,,,,,,0.0,0.0,0.0,0.0,0.0,0.0,0.0,0.0,0.0,0.0,0.0,0.0,True,grand_total,0900,2025-09-08 09:00:00,5,75.0,,2.0,1,1,0,0,0,0,3.5,weather_forecast,1,0,,,,,,,,,287.5,water_level_rainfall,1,0,0.0,0,0,0,0,1985.0,early_warning
situation_20250909_0900_cccda21d.pdf,2025-09-09,Strong Wind,3174,,,,,,,,,,15.0,53.0,0.0,0.0,0.0,1.0,14.0,0.0,0.0,0.0,0.0,0.0,True,grand_total,0900,2025-09-09 09:00:00,4,100.0,,2.0,1,1,0,0,0,0,3.5,weather_forecast,1,0,,,,,,,,,311.5,water_level_rainfall,1,0,0.0,0,0,0,0,2009.0,early_warning
situation_20250910_0900_624d69e1.pdf,2025-09-10,Strong Wind,2459,,,,,,,,,,2.0,7.0,0.0,0.0,0.0,0.0,2.0,0.0,0.0,0.0,0.0,0.0,True,grand_total,0900,2025-09-10 09:00:00,4,50.0,,2.0,1,1,0,0,0,0,3.5,weather_forecast,1,0,,,,,,,,,335.5,water_level_rainfall,1,0,0.0,0,0,0,0,2033.0,early_warning
situation_20250911_0900_bd8f3929.pdf,2025-09-11,Strong Wind,2676,,,,,,,,,,2.0,7.0,0.0,0.0,0.0,0.0,2.0,0.0,0.0,0.0,0.0,0.0,True,grand_total,0900,2025-09-11 09:00:00,4,75.0,,0.0,1,1,0,0,0,0,3.5,weather_forecast,1,0,,,,,,,,,359.5,water_level_rainfall,1,0,0.0,0,0,0,0,2057.0,early_warning
situation_20250912_0900_838ecb1e.pdf,2025-09-12,Other,2386,,,,,,,,,,0.0,0.0,0.0,0.0,0.0,0.0,0.0,0.0,0.0,0.0,0.0,0.0,True,grand_total,0900,2025-09-12 09:00:00,3,50.0,,0.0,1,1,0,0,0,0,3.5,weather_forecast,1,0,,,,,,,,,383.5,water_level_rainfall,1,0,0.0,0,0,0,0,2081.0,early_warning
situation_20250913_0900_ed5503cf.pdf,2025-09-13,"Strong Wind, Lightning",2947,,,,,,,,,,4.0,16.0,0.0,0.0,0.0,1.0,1.0,0.0,1.0,0.0,0.0,0.0,True,grand_total,0900,2025-09-13 09:00:00,3,,,0.0,0,1,0,0,0,0,3.5,weather_forecast,1,0,,,,,,,,,407.5,water_level_rainfall,1,0,0.0,0,0,0,0,2105.0,early_warning
situation_20250914_0900_fcc87159.pdf,2025-09-14,Other,2321,,,,,,,,,,0.0,0.0,0.0,0.0,0.0,0.0,0.0,0.0,0.0,0.0,0.0,0.0,True,grand_total,0900,2025-09-14 09:00:00,3,50.0,,0.0,1,1,0,0,0,0,3.5,weather_forecast,1,0,,,,,,,,,431.5,water_level_rainfall,1,0,0.0,0,0,0,0,2129.0,early_warning
situation_20250916_0900_75d18374.pdf,2025-09-16,Other,2506,,,,,,,,,,571.0,1662.0,0.0,0.0,0.0,0.0,0.0,0.0,0.0,0.0,0.0,0.0,True,grand_total,0900,2025-09-16 09:00:00,3,,,0.0,0,1,0,0,0,0,3.5,weather_forecast,1,0,,,,,,,,,479.5,water_level_rainfall,1,0,0.0,0,0,0,0,2177.0,early_warning
situation_20250916_0900_b4978cc9.pdf,2025-09-16,"Heavy Rain, Lightning",2432,,,,,,,,,,1.0,3.0,0.0,0.0,0.0,0.0,1.0,0.0,0.0,0.0,0.0,0.0,True,grand_total,0900,2025-09-16 09:00:00,3,,,0.0,0,1,0,0,0,0,3.5,weather_forecast,1,0,,,,,,,,,479.5,water_level_rainfall,1,0,0.0,0,0,0,0,2177.0,early_warning
situation_20250917_0900_ab91c2de.pdf,2025-09-17,"Heavy Rain, Strong Wind",2613,,,,,,,,,,3.0,10.0,0.0,0.0,0.0,0.0,3.0,0.0,0.0,0.0,0.0,0.0,True,grand_total,0900,2025-09-17 09:00:00,5,50.0,,0.0,1,1,0,0,0,0,2.0,weather_forecast,1,0,,,,,,,,,503.5,water_level_rainfall,1,0,0.0,0,0,0,0,2201.0,early_warning
situation_20250917_0900_e67d33c5.pdf,2025-09-17,Other,2743,,,,,,,,,,626.0,1865.0,0.0,0.0,0.0,0.0,0.0,0.0,0.0,0.0,0.0,0.0,True,grand_total,0900,2025-09-17 09:00:00,5,50.0,,0.0,1,1,0,0,0,0,2.0,weather_forecast,1,0,,,,,,,,,503.5,water_level_rainfall,1,0,0.0,0,0,0,0,2201.0,early_warning
situation_20250918_0900_4b20cacc.pdf,2025-09-18,Lightning,2479,,,,,,,,,,11.0,41.0,0.0,0.0,0.0,0.0,11.0,0.0,0.0,0.0,0.0,0.0,True,grand_total,0900,2025-09-18 09:00:00,3,75.0,,0.0,1,1,0,0,0,0,3.5,weather_forecast,1,0,,,,,,,,,527.5,water_level_rainfall,1,0,0.0,0,0,0,0,2225.0,early_warning
situation_20250918_0900_43ac7a82.pdf,2025-09-18,Other,2762,,,,,,,,,,626.0,1865.0,0.0,0.0,0.0,0.0,0.0,0.0,0.0,0.0,0.0,0.0,True,grand_total,0900,2025-09-18 09:00:00,3,75.0,,0.0,1,1,0,0,0,0,3.5,weather_forecast,1,0,,,,,,,,,527.5,water_level_rainfall,1,0,0.0,0,0,0,0,2225.0,early_warning
situation_20250919_0900_66290597.pdf,2025-09-19,Other,2762,,,,,,,,,,659.0,1985.0,0.0,0.0,0.0,0.0,0.0,0.0,0.0,0.0,0.0,0.0,True,grand_total,0900,2025-09-19 09:00:00,3,50.0,40.0,0.0,1,1,1,0,0,0,3.5,weather_forecast,1,0,,,,,,,,,551.5,water_level_rainfall,1,0,0.0,0,0,0,0,2249.0,early_warning
situation_20250919_0900_8f0668a2.pdf,2025-09-19,Strong Wind,2955,,,,,,,,,,9.0,44.0,0.0,0.0,0.0,0.0,8.0,0.0,1.0,0.0,0.0,0.0,True,grand_total,0900,2025-09-19 09:00:00,3,50.0,40.0,0.0,1,1,1,0,0,0,3.5,weather_forecast,1,0,,,,,,,,,551.5,water_level_rainfall,1,0,0.0,0,0,0,0,2249.0,early_warning
situation_20250920_0900_11b0fc9f.pdf,2025-09-20,Other,2943,,,,,,,,,,694.0,2125.0,0.0,0.0,0.0,0.0,0.0,0.0,0.0,0.0,0.0,0.0,True,grand_total,0900,2025-09-20 09:00:00,3,50.0,40.0,0.0,1,1,1,0,0,0,3.5,weather_forecast,1,0,,,,,,,,,575.5,water_level_rainfall,1,1,1.0,5,0,0,5,23.0,early_warning
situation_20250920_0900_9e10c9b5.pdf,2025-09-20,Other,2409,,,,,,,,,,0.0,0.0,0.0,0.0,0.0,0.0,0.0,0.0,0.0,0.0,0.0,0.0,True,grand_total,0900,2025-09-20 09:00:00,3,50.0,40.0,0.0,1,1,1,0,0,0,3.5,weather_forecast,1,0,,,,,,,,,575.5,water_level_rainfall,1,1,1.0,5,0,0,5,23.0,early_warning
situation_20250921_0900_02177929.pdf,2025-09-21,Other,2317,,,,,,,,,,0.0,0.0,0.0,0.0,0.0,0.0,0.0,0.0,0.0,0.0,0.0,0.0,True,grand_total,0900,2025-09-21 09:00:00,3,75.0,40.0,0.0,1,1,1,0,0,0,3.5,weather_forecast,1,0,,,,,,,,,599.5,water_level_rainfall,1,0,0.0,0,0,0,0,47.0,early_warning
situation_20250921_0900_bbe784ad.pdf,2025-09-21,Other,2807,,,,,,,,,,694.0,2125.0,0.0,0.0,0.0,0.0,0.0,0.0,0.0,0.0,0.0,0.0,True,grand_total,0900,2025-09-21 09:00:00,3,75.0,40.0,0.0,1,1,1,0,0,0,3.5,weather_forecast,1,0,,,,,,,,,599.5,water_level_rainfall,1,0,0.0,0,0,0,0,47.0,early_warning
situation_20250922_0900_4adb8913.pdf,2025-09-22,Other,2391,,,,,,,,,,0.0,0.0,0.0,0.0,0.0,0.0,0.0,0.0,0.0,0.0,0.0,0.0,True,grand_total,0900,2025-09-22 09:00:00,3,75.0,40.0,0.0,1,1,1,0,0,0,3.5,weather_forecast,1,0,,,,,,,,,623.5,water_level_rainfall,1,0,0.0,0,0,0,0,71.0,early_warning
situation_20250922_0900_cbe05b0a.pdf,2025-09-22,Other,2661,,,,,,,,,,639.0,1922.0,0.0,0.0,0.0,0.0,0.0,0.0,0.0,0.0,0.0,0.0,True,grand_total,0900,2025-09-22 09:00:00,3,75.0,40.0,0.0,1,1,1,0,0,0,3.5,weather_forecast,1,0,,,,,,,,,623.5,water_level_rainfall,1,0,0.0,0,0,0,0,71.0,early_warning
situation_20250923_0900_2d3eebb8.pdf,2025-09-23,Other,2414,,,,,,,,,,0.0,0.0,1.0,0.0,0.0,0.0,0.0,0.0,0.0,0.0,0.0,0.0,True,grand_total,0900,2025-09-23 09:00:00,3,,40.0,0.0,0,1,1,0,0,0,3.5,weather_forecast,1,0,,,,,,,,,647.5,water_level_rainfall,1,0,0.0,0,0,0,0,95.0,early_warning
situation_20250923_0900_04e82f2a.pdf,2025-09-23,Other,2748,,,,,,,,,,694.0,2125.0,0.0,0.0,0.0,0.0,9.0,0.0,0.0,0.0,0.0,0.0,True,grand_total,0900,2025-09-23 09:00:00,3,,40.0,0.0,0,1,1,0,0,0,3.5,weather_forecast,1,0,,,,,,,,,647.5,water_level_rainfall,1,0,0.0,0,0,0,0,95.0,early_warning
situation_20250924_0900_44c297bc.pdf,2025-09-24,Strong Wind,2728,,,,,,,,,,9.0,36.0,0.0,0.0,0.0,0.0,0.0,9.0,1.0,0.0,0.0,0.0,True,grand_total,0900,2025-09-24 09:00:00,3,50.0,40.0,0.0,1,1,1,0,0,0,3.5,weather_forecast,1,0,,,,,,,,,671.5,water_level_rainfall,1,0,0.0,0,0,0,0,119.0,early_warning
situation_20250924_0900_8b55a7d4.pdf,2025-09-24,Other,2756,,,,,,,,,,694.0,2125.0,0.0,0.0,0.0,0.0,0.0,0.0,0.0,0.0,0.0,0.0,True,grand_total,0900,2025-09-24 09:00:00,3,50.0,40.0,0.0,1,1,1,0,0,0,3.5,weather_forecast,1,0,,,,,,,,,671.5,water_level_rainfall,1,0,0.0,0,0,0,0,119.0,early_warning
situation_20250925_0900_77ad8bae.pdf,2025-09-25,Other,2434,,,,,,,,,,0.0,0.0,0.0,0.0,0.0,0.0,1.0,0.0,0.0,0.0,0.0,0.0,True,grand_total,0900,2025-09-25 09:00:00,3,100.0,50.0,0.0,1,1,1,0,0,0,3.5,weather_forecast,1,0,,,,,,,,,695.5,water_level_rainfall,1,0,0.0,0,0,0,0,143.0,early_warning
situation_20250925_0900_ece61898.pdf,2025-09-25,Other,2756,,,,,,,,,,694.0,2125.0,0.0,0.0,0.0,0.0,0.0,0.0,0.0,0.0,0.0,0.0,True,grand_total,0900,2025-09-25 09:00:00,3,100.0,50.0,0.0,1,1,1,0,0,0,3.5,weather_forecast,1,0,,,,,,,,,695.5,water_level_rainfall,1,0,0.0,0,0,0,0,143.0,early_warning
situation_20250926_0900_8593387a.pdf,2025-09-26,"Heavy Rain, Strong Wind",2522,,,,,,,,,,7.0,30.0,0.0,0.0,0.0,0.0,7.0,0.0,1.0,0.0,0.0,0.0,True,grand_total,0900,2025-09-26 09:00:00,7,150.0,50.0,3.0,1,1,1,0,1,0,1.0833333333333333,weather_forecast,1,0,,,,,,,,,719.5,water_level_rainfall,1,1,2.0,4,2,0,4,11.0,early_warning
situation_20250926_0900_9b4301ae.pdf,2025-09-26,Other,2746,,,,,,,,,,710.0,2179.0,0.0,0.0,0.0,0.0,0.0,0.0,0.0,0.0,0.0,0.0,True,grand_total,0900,2025-09-26 09:00:00,7,150.0,50.0,3.0,1,1,1,0,1,0,1.0833333333333333,weather_forecast,1,0,,,,,,,,,719.5,water_level_rainfall,1,1,2.0,4,2,0,4,11.0,early_warning
situation_20250927_0900_508aa680.pdf,2025-09-27,Other,2771,,,,,,,,,,710.0,2179.0,0.0,0.0,0.0,0.0,0.0,0.0,0.0,0.0,0.0,0.0,True,grand_total,0900,2025-09-27 09:00:00,3,75.0,50.0,0.0,1,1,1,0,0,0,3.5,weather_forecast,1,6,4.0,0.0,0.0,11.0,128.1,1.152,0.0,0.0,3.0,water_level,1,1,2.0,9,4,0,9,17.0,early_warning
situation_20250927_0900_9366f99b.pdf,2025-09-27,"Heavy Rain, Strong Wind, Lightning",3141,,,,,,,,,,17.0,58.0,1.0,0.0,0.0,0.0,15.0,1.0,1.0,0.0,0.0,0.0,True,grand_total,0900,2025-09-27 09:00:00,3,75.0,50.0,0.0,1,1,1,0,0,0,3.5,weather_forecast,1,6,4.0,0.0,0.0,11.0,128.1,1.152,0.0,0.0,3.0,water_level,1,1,2.0,9,4,0,9,17.0,early_warning
situation_20250928_0900_d8e0d41e.pdf,2025-09-28,Other,2650,,,,,,,,,,655.0,1976.0,0.0,0.0,0.0,0.0,0.0,0.0,0.0,0.0,0.0,0.0,True,grand_total,0900,2025-09-28 09:00:00,4,,50.0,0.0,0,1,1,0,0,0,2.0,weather_forecast,1,3,1.0,0.0,0.0,9.0,60.7,1.144,0.0,0.0,17.5,water_level,1,1,1.0,9,0,0,9,17.0,early_warning
situation_20250928_0900_32263e92.pdf,2025-09-28,Strong Wind,2464,,,,,,,,,,2.0,5.0,0.0,0.0,0.0,0.0,2.0,0.0,0.0,0.0,0.0,0.0,True,grand_total,0900,2025-09-28 09:00:00,4,,50.0,0.0,0,1,1,0,0,0,2.0,weather_forecast,1,3,1.0,0.0,0.0,9.0,60.7,1.144,0.0,0.0,17.5,water_level,1,1,1.0,9,0,0,9,17.0,early_warning
situation_20250929_0900_33bf50fa.pdf,2025-09-29,"Strong Wind, Lightning",2386,,,,,,,,,,11.0,42.0,0.0,0.0,0.0,0.0,11.0,0.0,0.0,0.0,0.0,0.0,True,grand_total,0900,2025-09-29 09:00:00,3,,45.0,0.0,0,1,1,0,0,0,3.5,weather_forecast,1,1,0.0,0.0,0.0,3.0,13.7,0.8779999999999999,0.0,0.0,23.5,water_level_rainfall,1,0,0.0,0,0,0,0,41.0,early_warning
situation_20250930_0900_ddc5940f.pdf,2025-09-30,Strong Wind,3255,,,,,,,,,,15.0,37.0,6.0,0.0,1.0,0.0,7.0,0.0,0.0,0.0,0.0,0.0,True,grand_total,0900,2025-09-30 09:00:00,4,,40.0,0.0,0,0,1,0,1,0,2.0,weather_forecast,1,0,,,,,,,,,47.5,water_level_rainfall,1,0,0.0,0,0,0,0,65.0,early_warning
situation_20250930_0900_56192440.pdf,2025-09-30,Other,2293,,,,,,,,,,190.0,708.0,0.0,0.0,0.0,0.0,0.0,0.0,0.0,0.0,0.0,0.0,True,grand_total,0900,2025-09-30 09:00:00,4,,40.0,0.0,0,0,1,0,1,0,2.0,weather_forecast,1,0,,,,,,,,,47.5,water_level_rainfall,1,0,0.0,0,0,0,0,65.0,early_warning
situation_20251001_0900_50c1b705.pdf,2025-10-01,Other,2293,,,,,,,,,,190.0,708.0,0.0,0.0,0.0,0.0,0.0,0.0,0.0,0.0,0.0,0.0,True,grand_total,0900,2025-10-01 09:00:00,3,,40.0,0.0,0,0,1,0,0,0,3.5,weather_forecast,1,0,,,,,,,,,71.5,water_level_rainfall,1,0,0.0,0,0,0,0,89.0,early_warning
situation_20251001_0900_c58b77eb.pdf,2025-10-01,Other,2296,,,,,,,,,,0.0,0.0,0.0,0.0,0.0,0.0,0.0,0.0,0.0,0.0,0.0,0.0,True,grand_total,0900,2025-10-01 09:00:00,3,,40.0,0.0,0,0,1,0,0,0,3.5,weather_forecast,1,0,,,,,,,,,71.5,water_level_rainfall,1,0,0.0,0,0,0,0,89.0,early_warning
situation_20251002_0900_3a07a3f9.pdf,2025-10-02,Other,2647,,,,,,,,,,852.0,2531.0,0.0,0.0,0.0,0.0,0.0,0.0,0.0,0.0,0.0,0.0,True,grand_total,0900,2025-10-02 09:00:00,3,,40.0,0.0,0,1,1,0,0,0,3.5,weather_forecast,1,0,,,,,,,,,95.5,water_level_rainfall,1,0,0.0,0,0,0,0,113.0,early_warning
situation_20251002_0900_979c924a.pdf,2025-10-02,Strong Wind,2450,,,,,,,,,,4.0,11.0,0.0,0.0,0.0,0.0,4.0,0.0,0.0,0.0,0.0,0.0,True,grand_total,0900,2025-10-02 09:00:00,3,,40.0,0.0,0,1,1,0,0,0,3.5,weather_forecast,1,0,,,,,,,,,95.5,water_level_rainfall,1,0,0.0,0,0,0,0,113.0,early_warning
situation_20251003_0900_36dc3c96.pdf,2025-10-03,Other,2647,,,,,,,,,,852.0,2531.0,0.0,0.0,0.0,0.0,0.0,0.0,0.0,0.0,0.0,0.0,True,grand_total,0900,2025-10-03 09:00:00,3,50.0,,0.0,1,1,0,0,0,0,3.5,weather_forecast,1,0,,,,,,,,,119.5,water_level_rainfall,1,0,0.0,0,0,0,0,137.0,early_warning
situation_20251003_0900_6a19678e.pdf,2025-10-03,Other,2313,,,,,,,,,,0.0,0.0,0.0,0.0,0.0,0.0,0.0,0.0,1.0,0.0,0.0,0.0,True,grand_total,0900,2025-10-03 09:00:00,3,50.0,,0.0,1,1,0,0,0,0,3.5,weather_forecast,1,0,,,,,,,,,119.5,water_level_rainfall,1,0,0.0,0,0,0,0,137.0,early_warning
situation_20251004_0900_29e22d53.pdf,2025-10-04,Other,2665,,,,,,,,,,852.0,2531.0,0.0,0.0,0.0,0.0,0.0,0.0,0.0,0.0,0.0,0.0,True,grand_total,0900,2025-10-04 09:00:00,5,100.0,,2.0,1,1,0,0,0,0,3.5,weather_forecast,1,0,,,,,,,,,143.5,water_level_rainfall,1,0,0.0,0,0,0,0,161.0,early_warning
situation_20251004_0900_501fb011.pdf,2025-10-04,Other,2313,,,,,,,,,,0.0,0.0,0.0,0.0,0.0,0.0,0.0,0.0,0.0,0.0,0.0,0.0,True,grand_total,0900,2025-10-04 09:00:00,5,100.0,,2.0,1,1,0,0,0,0,3.5,weather_forecast,1,0,,,,,,,,,143.5,water_level_rainfall,1,0,0.0,0,0,0,0,161.0,early_warning
situation_20251005_0900_6523be10.pdf,2025-10-05,"Heavy Rain, Strong Wind, Lightning",3495,,,,,,,,,,49.0,84.0,0.0,4.0,0.0,0.0,49.0,0.0,0.0,0.0,0.0,0.0,True,grand_total,0900,2025-10-05 09:00:00,4,100.0,,2.0,1,1,0,0,0,0,3.5,weather_forecast,1,0,,,,,,,,,167.5,water_level_rainfall,1,1,1.0,5,0,0,5,15.0,early_warning
situation_20251005_0900_e96af9cf.pdf,2025-10-05,Other,2672,,,,,,,,,,852.0,2531.0,0.0,0.0,0.0,0.0,0.0,0.0,0.0,0.0,0.0,0.0,True,grand_total,0900,2025-10-05 09:00:00,4,100.0,,2.0,1,1,0,0,0,0,3.5,weather_forecast,1,0,,,,,,,,,167.5,water_level_rainfall,1,1,1.0,5,0,0,5,15.0,early_warning
situation_20251006_0900_95e4ba6a.pdf,2025-10-06,"Heavy Rain, Strong Wind, Lightning",2969,,,,,,,,,,44.0,148.0,0.0,1.0,0.0,0.0,39.0,0.0,0.0,0.0,0.0,0.0,True,grand_total,0900,2025-10-06 09:00:00,4,50.0,,2.0,1,1,0,0,0,0,3.5,weather_forecast,1,0,,,,,,,,,191.5,water_level_rainfall,1,1,1.0,5,0,0,5,15.0,early_warning
situation_20251006_0900_38906902.pdf,2025-10-06,Other,2672,,,,,,,,,,852.0,2531.0,0.0,0.0,0.0,0.0,0.0,0.0,0.0,0.0,0.0,0.0,True,grand_total,0900,2025-10-06 09:00:00,4,50.0,,2.0,1,1,0,0,0,0,3.5,weather_forecast,1,0,,,,,,,,,191.5,water_level_rainfall,1,1,1.0,5,0,0,5,15.0,early_warning
situation_20251007_0900_bf28b13b.pdf,2025-10-07,Other,2648,,,,,,,,,,852.0,2531.0,0.0,0.0,0.0,0.0,0.0,0.0,0.0,0.0,0.0,0.0,True,grand_total,0900,2025-10-07 09:00:00,4,50.0,,2.0,1,1,0,0,0,0,3.5,weather_forecast,1,0,,,,,,,,,215.5,water_level_rainfall,1,0,0.0,0,0,0,0,39.0,early_warning
situation_20251007_0900_fe4dddbd.pdf,2025-10-07,Other,2648,,,,,,,,,,852.0,2531.0,0.0,0.0,0.0,0.0,0.0,0.0,0.0,0.0,0.0,0.0,True,grand_total,0900,2025-10-07 09:00:00,4,50.0,,2.0,1,1,0,0,0,0,3.5,weather_forecast,1,0,,,,,,,,,215.5,water_level_rainfall,1,0,0.0,0,0,0,0,39.0,early_warning
situation_20251008_0900_329dd9ea.pdf,2025-10-08,Other,2647,,,,,,,,,,852.0,2531.0,0.0,0.0,0.0,0.0,0.0,0.0,0.0,0.0,0.0,0.0,True,grand_total,0900,2025-10-08 09:00:00,5,50.0,,2.0,1,1,0,0,0,0,3.5,weather_forecast,1,0,,,,,,,,,239.5,water_level_rainfall,1,0,0.0,0,0,0,0,63.0,early_warning
situation_20251008_0900_48e2fb7e.pdf,2025-10-08,"Strong Wind, Lightning",3692,,,,,,,,,,57.0,213.0,1.0,1.0,0.0,0.0,56.0,0.0,1.0,0.0,0.0,0.0,True,grand_total,0900,2025-10-08 09:00:00,5,50.0,,2.0,1,1,0,0,0,0,3.5,weather_forecast,1,0,,,,,,,,,239.5,water_level_rainfall,1,0,0.0,0,0,0,0,63.0,early_warning
situation_20251009_0900_60b0a466.pdf,2025-10-09,Other,2644,,,,,,,,,,852.0,2531.0,0.0,0.0,0.0,0.0,0.0,0.0,0.0,0.0,0.0,0.0,True,grand_total,0900,2025-10-09 09:00:00,4,,,2.0,0,1,0,0,0,0,3.5,weather_forecast,1,0,,,,,,,,,263.5,water_level_rainfall,1,0,0.0,0,0,0,0,87.0,early_warning
situation_20251009_0900_ebfb63e7.pdf,2025-10-09,Other,2317,,,,,,,,,,11.0,47.0,0.0,0.0,0.0,0.0,11.0,0.0,0.0,0.0,0.0,0.0,True,grand_total,0900,2025-10-09 09:00:00,4,,,2.0,0,1,0,0,0,0,3.5,weather_forecast,1,0,,,,,,,,,263.5,water_level_rainfall,1,0,0.0,0,0,0,0,87.0,early_warning
situation_20251010_0900_879e000e.pdf,2025-10-10,Heavy Rain,2333,,,,,,,,,,2.0,5.0,0.0,0.0,0.0,0.0,2.0,0.0,0.0,0.0,0.0,0.0,True,grand_total,0900,2025-10-10 09:00:00,5,,,2.0,0,1,0,0,0,0,3.5,weather_forecast,1,0,,,,,,,,,287.5,water_level_rainfall,1,0,0.0,0,0,0,0,111.0,early_warning
situation_20251010_0900_d18f210c.pdf,2025-10-10,Other,2728,,,,,,,,,,387.0,1263.0,0.0,0.0,0.0,0.0,0.0,0.0,0.0,0.0,0.0,0.0,True,grand_total,0900,2025-10-10 09:00:00,5,,,2.0,0,1,0,0,0,0,3.5,weather_forecast,1,0,,,,,,,,,287.5,water_level_rainfall,1,0,0.0,0,0,0,0,111.0,early_warning
situation_20251011_0900_9f706ebd.pdf,2025-10-11,Other,2299,,,,,,,,,,0.0,0.0,0.0,0.0,0.0,0.0,0.0,0.0,0.0,0.0,0.0,0.0,True,grand_total,0900,2025-10-11 09:00:00,4,50.0,,2.0,1,1,0,0,0,0,3.5,weather_forecast,1,0,,,,,,,,,311.5,water_level_rainfall,1,0,0.0,0,0,0,0,135.0,early_warning
situation_20251012_0900_e6133352.pdf,2025-10-12,Other,2291,,,,,,,,,,0.0,0.0,0.0,0.0,0.0,0.0,0.0,0.0,0.0,0.0,0.0,0.0,True,grand_total,0900,2025-10-12 09:00:00,4,50.0,,2.0,1,1,0,0,0,0,3.5,weather_forecast,1,0,,,,,,,,,335.5,water_level_rainfall,1,0,0.0,0,0,0,0,159.0,early_warning
situation_20251012_0900_951f1f9e.pdf,2025-10-12,Other,2750,,,,,,,,,,852.0,2531.0,0.0,0.0,0.0,0.0,0.0,0.0,0.0,0.0,0.0,0.0,True,grand_total,0900,2025-10-12 09:00:00,4,50.0,,2.0,1,1,0,0,0,0,3.5,weather_forecast,1,0,,,,,,,,,335.5,water_level_rainfall,1,0,0.0,0,0,0,0,159.0,early_warning
situation_20251013_0900_0636a91d.pdf,2025-10-13,Other,2743,,,,,,,,,,852.0,2531.0,0.0,0.0,0.0,0.0,0.0,0.0,0.0,0.0,0.0,0.0,True,grand_total,0900,2025-10-13 09:00:00,4,75.0,,2.0,1,1,0,0,0,0,3.5,weather_forecast,1,0,,,,,,,,,359.5,water_level_rainfall,1,0,0.0,0,0,0,0,183.0,early_warning
situation_20251013_0900_128ca5d8.pdf,2025-10-13,Other,2286,,,,,,,,,,0.0,0.0,0.0,0.0,0.0,0.0,0.0,3.0,0.0,0.0,0.0,0.0,True,grand_total,0900,2025-10-13 09:00:00,4,75.0,,2.0,1,1,0,0,0,0,3.5,weather_forecast,1,0,,,,,,,,,359.5,water_level_rainfall,1,0,0.0,0,0,0,0,183.0,early_warning
situation_20251014_0900_14b03728.pdf,2025-10-14,Other,2741,,,,,,,,,,932.0,2785.0,0.0,0.0,0.0,0.0,0.0,0.0,0.0,0.0,0.0,0.0,True,grand_total,0900,2025-10-14 09:00:00,4,100.0,,2.0,1,1,0,0,0,0,3.5,weather_forecast,1,0,,,,,,,,,383.5,water_level_rainfall,1,1,2.0,7,2,0,7,12.0,early_warning
situation_20251014_0900_7c66e91d.pdf,2025-10-14,"Strong Wind, Lightning",2296,,,,,,,,,,8.0,26.0,0.0,0.0,0.0,0.0,8.0,0.0,0.0,0.0,0.0,0.0,True,grand_total,0900,2025-10-14 09:00:00,4,100.0,,2.0,1,1,0,0,0,0,3.5,weather_forecast,1,0,,,,,,,,,383.5,water_level_rainfall,1,1,2.0,7,2,0,7,12.0,early_warning
situation_20251015_0900_6b672719.pdf,2025-10-15,Landslide,2395,,,,,,,,,,33.0,113.0,0.0,0.0,0.0,0.0,4.0,0.0,0.0,0.0,0.0,0.0,True,grand_total,0900,2025-10-15 09:00:00,6,100.0,,2.0,1,1,0,0,0,0,3.5,weather_forecast,1,0,,,,,,,,,407.5,water_level_rainfall,1,0,0.0,0,0,0,0,36.0,early_warning
situation_20251015_0900_85e4e054.pdf,2025-10-15,Other,2738,,,,,,,,,,932.0,2785.0,0.0,0.0,0.0,0.0,0.0,0.0,0.0,0.0,0.0,0.0,True,grand_total,0900,2025-10-15 09:00:00,6,100.0,,2.0,1,1,0,0,0,0,3.5,weather_forecast,1,0,,,,,,,,,407.5,water_level_rainfall,1,0,0.0,0,0,0,0,36.0,early_warning
situation_20251016_0900_abd50e16.pdf,2025-10-16,Other,2741,,,,,,,,,,932.0,2785.0,0.0,0.0,0.0,0.0,0.0,0.0,0.0,0.0,0.0,0.0,True,grand_total,0900,2025-10-16 09:00:00,4,100.0,,2.0,1,1,0,0,0,0,3.5,weather_forecast,1,1,0.0,0.0,0.0,5.0,109.0,0.818,0.0,0.0,23.5,water_level,1,1,1.0,7,0,0,7,13.5,early_warning
situation_20251016_0900_fd030dbc.pdf,2025-10-16,"Flood, Strong Wind",2925,,,,,,,,,,112.0,369.0,1.0,0.0,0.0,0.0,17.0,0.0,0.0,0.0,0.0,0.0,True,grand_total,0900,2025-10-16 09:00:00,4,100.0,,2.0,1,1,0,0,0,0,3.5,weather_forecast,1,1,0.0,0.0,0.0,5.0,109.0,0.818,0.0,0.0,23.5,water_level,1,1,1.0,7,0,0,7,13.5,early_warning
situation_20251017_0900_e3072190.pdf,2025-10-17,Other,2740,,,,,,,,,,932.0,2785.0,0.0,0.0,0.0,0.0,0.0,0.0,0.0,0.0,0.0,0.0,True,grand_total,0900,2025-10-17 09:00:00,5,75.0,,2.0,1,1,0,0,0,0,2.0,weather_forecast,1,0,,,,,,,,,47.5,water_level,1,0,0.0,0,0,0,0,37.5,early_warning
situation_20251017_0900_abd919d2.pdf,2025-10-17,Other,2524,,,,,,,,,,1.0,4.0,0.0,0.0,0.0,0.0,1.0,1.0,0.0,0.0,0.0,0.0,True,grand_total,0900,2025-10-17 09:00:00,5,75.0,,2.0,1,1,0,0,0,0,2.0,weather_forecast,1,0,,,,,,,,,47.5,water_level,1,0,0.0,0,0,0,0,37.5,early_warning
situation_20251018_0900_43507407.pdf,2025-10-18,Other,2759,,,,,,,,,,932.0,2785.0,0.0,0.0,0.0,0.0,0.0,0.0,0.0,0.0,0.0,0.0,True,grand_total,0900,2025-10-18 09:00:00,5,100.0,,2.0,1,1,0,0,0,0,3.5,weather_forecast,1,0,,,,,,,,,71.5,water_level,1,1,2.0,11,3,0,11,13.5,early_warning
situation_20251018_0900_f639e520.pdf,2025-10-18,Other,2231,,,,,,,,,,0.0,0.0,0.0,0.0,0.0,0.0,0.0,0.0,0.0,0.0,0.0,0.0,True,grand_total,0900,2025-10-18 09:00:00,5,100.0,,2.0,1,1,0,0,0,0,3.5,weather_forecast,1,0,,,,,,,,,71.5,water_level,1,1,2.0,11,3,0,11,13.5,early_warning
situation_20251019_0900_2174b457.pdf,2025-10-19,"Heavy Rain, Strong Wind",2637,,,,,,,,,,122.0,509.0,1.0,0.0,0.0,0.0,111.0,0.0,10.0,0.0,0.0,0.0,True,grand_total,0900,2025-10-19 09:00:00,6,100.0,,2.0,1,1,0,0,0,0,0.5,heavy_rain,1,0,,,,,,,,,95.5,water_level,1,1,1.0,6,0,0,6,14.0,early_warning
situation_20251019_0900_a96033dc.pdf,2025-10-19,Other,2365,,,,,,,,,,197.0,555.0,0.0,0.0,0.0,0.0,0.0,0.0,0.0,0.0,0.0,0.0,True,grand_total,0900,2025-10-19 09:00:00,6,100.0,,2.0,1,1,0,0,0,0,0.5,heavy_rain,1,0,,,,,,,,,95.5,water_level,1,1,1.0,6,0,0,6,14.0,early_warning
situation_20251020_0900_250bc174.pdf,2025-10-20,"Flood, Heavy Rain, Strong Wind",2875,,,,,,,,,,144.0,585.0,1.0,0.0,0.0,0.0,111.0,0.0,10.0,0.0,0.0,0.0,True,grand_total,0900,2025-10-20 09:00:00,5,100.0,,2.0,1,1,0,0,0,0,0.5,heavy_rain,1,3,0.0,0.0,0.0,4.0,105.0,0.92,1.0,0.0,3.5,flood_warning,1,1,2.0,9,2,0,9,11.5,early_warning
situation_20251020_0900_36c9dff3.pdf,2025-10-20,Other,2365,,,,,,,,,,197.0,555.0,0.0,0.0,0.0,0.0,0.0,0.0,0.0,0.0,0.0,0.0,True,grand_total,0900,2025-10-20 09:00:00,5,100.0,,2.0,1,1,0,0,0,0,0.5,heavy_rain,1,3,0.0,0.0,0.0,4.0,105.0,0.92,1.0,0.0,3.5,flood_warning,1,1,2.0,9,2,0,9,11.5,early_warning
situation_20251021_1000_4d66abc1.pdf,2025-10-21,"Flood, Landslide, Heavy Rain, Strong Wind, Lightning",4033,,,,,,,,,,180.0,731.0,2.0,0.0,0.0,1.0,152.0,0.0,10.0,0.0,0.0,0.0,True,grand_total,1000,2025-10-21 10:00:00,4,150.0,,3.0,1,1,0,1,0,0,1.0,heavy_rain,1,7,2.0,1.0,0.0,23.0,201.0,1.314,0.0,0.0,0.5,water_level,1,1,2.0,11,5,0,11,4.5,early_warning
situation_20251021_1000_dbee923a.pdf,2025-10-21,Other,2272,,,,,,,,,,0.0,0.0,0.0,0.0,0.0,0.0,0.0,0.0,0.0,0.0,0.0,0.0,True,grand_total,1000,2025-10-21 10:00:00,4,150.0,,3.0,1,1,0,1,0,0,1.0,heavy_rain,1,7,2.0,1.0,0.0,23.0,201.0,1.314,0.0,0.0,0.5,water_level,1,1,2.0,11,5,0,11,4.5,early_warning
situation_20251022_1100_b8cfca64.pdf,2025-10-22,"Flood, Landslide, Heavy Rain, Strong Wind, Lightning",8156,,,,,,,,,,2395.0,9542.0,4.0,0.0,0.0,2.0,422.0,0.0,11.0,1.0,8.0,30.0,True,grand_total,1100,2025-10-22 11:00:00,4,100.0,40.0,0.0,1,1,1,0,1,0,5.5,weather_forecast,1,9,1.0,0.0,0.0,13.0,48.3,1.063157894736842,1.0,0.0,2.0,water_level,1,1,2.0,11,5,0,11,18.0,early_warning
situation_20251023_1100_30088458.pdf,2025-10-23,"Flood, Landslide, Heavy Rain, Strong Wind, Lightning",9133,,,,,,,,,,3036.0,12142.0,4.0,0.0,0.0,2.0,481.0,0.0,11.0,1.0,8.0,30.0,True,grand_total,1100,2025-10-23 11:00:00,3,75.0,50.0,0.0,1,1,1,1,1,0,5.5,weather_forecast,1,8,2.0,0.0,0.0,24.0,100.8,1.09,1.0,0.0,1.5,water_level,1,1,2.0,11,5,0,11,19.0,early_warning
situation_20251024_1000_72eed757.pdf,2025-10-24,"Flood, Landslide, Heavy Rain, Strong Wind, Lightning",10911,,,,,,,,,,5361.0,21778.0,4.0,0.0,0.0,2.0,591.0,0.0,11.0,1.0,8.0,30.0,True,grand_total,1000,2025-10-24 10:00:00,3,75.0,50.0,0.0,1,1,1,1,0,0,4.5,weather_forecast,1,7,3.0,0.0,0.0,19.0,19.6,1.21,0.0,0.0,1.0,water_level,1,1,2.0,11,5,0,11,18.0,early_warning
situation_20251025_0900_793fb866.pdf,2025-10-25,"Flood, Landslide, Heavy Rain, Strong Wind, Lightning",11952,,,,,,,,,,5579.0,22620.0,4.0,0.0,0.0,2.0,697.0,0.0,12.0,1.0,8.0,30.0,True,grand_total,0900,2025-10-25 09:00:00,3,75.0,50.0,0.0,1,1,1,0,1,1,3.5,weather_forecast,1,7,2.0,0.0,0.0,17.0,70.0,1.192,0.0,0.0,2.5,water_level,1,1,2.0,10,4,0,10,17.0,early_warning
situation_20251026_1030_7ac503db.pdf,2025-10-26,"Flood, Landslide, Heavy Rain, Strong Wind, Cyclone, Lightning",13526,,,,,,,,,,7944.0,31623.0,4.0,0.0,0.0,5.0,847.0,0.0,11.0,4.0,132.0,544.0,True,grand_total,1030,2025-10-26 10:30:00,4,100.0,60.0,2.0,1,1,1,0,1,1,2.0,strong_wind,1,10,5.0,1.0,0.0,20.0,16.9,1.3119999999999998,1.0,0.0,1.0,water_level_rainfall,1,1,2.0,10,4,0,10,18.5,early_warning
situation_20251027_0900_b89b91ad.pdf,2025-10-27,"Flood, Landslide, Heavy Rain, Strong Wind, Cyclone, Lightning",13398,,,,,,,,,,7945.0,31628.0,4.0,0.0,0.0,5.0,847.0,0.0,11.0,4.0,132.0,544.0,True,grand_total,0900,2025-10-27 09:00:00,4,,60.0,2.0,0,1,1,0,1,1,0.5,strong_wind,1,4,1.0,0.0,0.0,5.0,16.9,1.296,0.0,0.0,0.0,water_level,1,1,2.0,10,4,0,10,17.0,early_warning
situation_20251028_0900_e639eb83.pdf,2025-10-28,"Flood, Landslide, Heavy Rain, Strong Wind, Cyclone, Lightning",11335,,,,,,,,,,4136.0,16726.0,4.0,0.0,0.0,4.0,740.0,0.0,11.0,1.0,3.0,10.0,True,grand_total,0900,2025-10-28 09:00:00,4,,60.0,0.0,0,1,1,0,1,1,2.0,weather_forecast,1,2,1.0,0.0,0.0,1.0,0.0,1.148,1.0,0.0,18.0,flood_warning,1,1,2.0,10,4,0,10,17.0,early_warning
situation_20251029_0900_401f78ea.pdf,2025-10-29,"Flood, Landslide, Heavy Rain, Strong Wind, Cyclone, Lightning",10371,,,,,,,,,,3741.0,15146.0,4.0,0.0,0.0,4.0,668.0,0.0,10.0,0.0,0.0,0.0,True,grand_total,0900,2025-10-29 09:00:00,4,,60.0,2.0,0,1,1,0,0,1,3.5,weather_forecast,1,0,,,,,,,,,42.0,flood_warning,1,1,1.0,4,0,0,4,17.0,early_warning
situation_20251030_0900_48945be0.pdf,2025-10-30,"Flood, Landslide, Heavy Rain, Strong Wind, Cyclone, Lightning",10290,,,,,,,,,,3744.0,15155.0,4.0,0.0,0.0,4.0,671.0,0.0,10.0,0.0,0.0,0.0,True,grand_total,0900,2025-10-30 09:00:00,4,,,0.0,0,1,0,0,0,0,2.0,weather_forecast,1,0,,,,,,,,,66.0,flood_warning,1,0,0.0,0,0,0,0,41.0,early_warning
situation_20251101_0900_2fbe1e97.pdf,2025-11-01,Other,2345,,,,,,,,,,0.0,0.0,0.0,0.0,0.0,0.0,0.0,0.0,0.0,0.0,0.0,0.0,True,grand_total,0900,2025-11-01 09:00:00,3,,,0.0,0,1,0,0,0,0,3.5,weather_forecast,1,0,,,,,,,,,47.5,water_level,1,0,0.0,0,0,0,0,89.0,early_warning
situation_20251102_0900_850dccbb.pdf,2025-11-02,Other,2399,,,,,,,,,,1.0,4.0,1.0,0.0,0.0,0.0,0.0,0.0,0.0,0.0,0.0,0.0,True,grand_total,0900,2025-11-02 09:00:00,3,,,0.0,0,1,0,0,0,0,3.5,weather_forecast,1,1,0.0,0.0,0.0,9.0,7.3,0.6333333333333333,0.0,0.0,23.0,water_level_rainfall,1,0,0.0,0,0,0,0,113.0,early_warning
situation_20251103_0900_60d4a413.pdf,2025-11-03,Other,2323,,,,,,,,,,0.0,0.0,0.0,0.0,0.0,0.0,0.0,0.0,0.0,0.0,0.0,0.0,True,grand_total,0900,2025-11-03 09:00:00,3,,,0.0,0,1,0,0,0,0,3.5,weather_forecast,1,1,0.0,0.0,0.0,8.0,44.5,0.626,0.0,0.0,0.0,water_level_rainfall,1,0,0.0,0,0,0,0,137.0,early_warning
situation_20251104_0900_a3c2f6c8.pdf,2025-11-04,Other,2371,,,,,,,,,,4.0,19.0,1.0,3.0,0.0,0.0,0.0,0.0,0.0,0.0,0.0,0.0,True,grand_total,0900,2025-11-04 09:00:00,3,,,0.0,0,1,0,0,0,0,3.5,weather_forecast,1,1,0.0,0.0,0.0,8.0,44.5,0.626,0.0,0.0,24.0,water_level_rainfall,1,0,0.0,0,0,0,0,161.0,early_warning
situation_20251106_0900_166b177f.pdf,2025-11-06,Strong Wind,2673,,,,,,,,,,12.0,44.0,0.0,1.0,1.0,0.0,11.0,0.0,0.0,0.0,0.0,0.0,True,grand_total,0900,2025-11-06 09:00:00,3,,,0.0,0,1,0,0,0,0,3.5,weather_forecast,1,1,0.0,0.0,0.0,13.0,61.1,0.6166666666666667,0.0,0.0,0.0,water_level,1,0,0.0,0,0,0,0,209.0,early_warning
situation_20251107_0900_d1061f8f.pdf,2025-11-07,Other,2399,,,,,,,,,,0.0,0.0,5.0,0.0,0.0,0.0,0.0,0.0,0.0,0.0,0.0,0.0,True,grand_total,0900,2025-11-07 09:00:00,4,75.0,,2.0,1,1,0,0,0,0,3.5,weather_forecast,1,1,0.0,0.0,0.0,13.0,61.1,0.6166666666666667,0.0,0.0,24.0,water_level,1,1,2.0,3,2,0,3,20.5,early_warning
situation_20251108_0900_80b2b1cc.pdf,2025-11-08,Other,2684,,,,,,,,,,1.0,2.0,1.0,0.0,0.0,0.0,1.0,1.0,0.0,0.0,0.0,0.0,True,grand_total,0900,2025-11-08 09:00:00,3,75.0,,0.0,1,1,0,0,0,0,3.5,weather_forecast,1,0,,,,,,,,,48.0,water_level,1,1,1.0,3,0,0,3,20.5,warning
situation_20251109_0900_a259777c.pdf,2025-11-09,Other,2366,,,,,,,,,,0.0,0.0,0.0,0.0,0.0,0.0,0.0,0.0,0.0,0.0,0.0,0.0,True,grand_total,0900,2025-11-09 09:00:00,3,75.0,,2.0,1,1,0,0,0,0,3.5,weather_forecast,1,0,,,,,,,,,72.0,water_level,1,0,0.0,0,0,0,0,44.5,warning
situation_20251110_0900_a51ff5f7.pdf,2025-11-10,Other,2584,,,,,,,,,,1.0,2.0,0.0,0.0,0.0,30.0,0.0,1.0,0.0,0.0,0.0,0.0,True,grand_total,0900,2025-11-10 09:00:00,3,75.0,,0.0,1,1,0,0,0,0,3.5,weather_forecast,1,1,0.0,0.0,0.0,7.0,66.2,0.71,0.0,0.0,0.0,water_level_rainfall,1,0,0.0,0,0,0,0,68.5,warning
situation_20251111_0900_7b18b1d2.pdf,2025-11-11,"Heavy Rain, Lightning",2605,,,,,,,,,,8.0,29.0,0.0,0.0,0.0,8.0,0.0,0.0,0.0,0.0,0.0,0.0,True,grand_total,0900,2025-11-11 09:00:00,2,75.0,,0.0,1,1,0,0,0,0,17.0,weather_forecast,1,3,0.0,0.0,0.0,9.0,86.0,0.71,0.0,0.0,8.5,water_level,1,0,0.0,0,0,0,0,92.5,warning
situation_20251112_0900_c350a1ac.pdf,2025-11-12,Other,2326,,,,,,,,,,0.0,0.0,0.0,0.0,0.0,0.0,0.0,0.0,0.0,0.0,0.0,0.0,True,grand_total,0900,2025-11-12 09:00:00,4,75.0,,2.0,1,1,0,0,0,0,3.5,weather_forecast,1,2,0.0,0.0,0.0,13.0,56.0,0.6493333333333333,0.0,0.0,2.5,water_level,1,0,0.0,0,0,0,0,116.5,warning
situation_20251113_0900_55f92615.pdf,2025-11-13,"Strong Wind, Lightning",2729,,,,,,,,,,4.0,6.0,0.0,0.0,0.0,0.0,6.0,0.0,0.0,0.0,0.0,0.0,True,grand_total,0900,2025-11-13 09:00:00,4,75.0,,2.0,1,1,0,0,0,0,3.5,weather_forecast,1,4,0.0,0.0,0.0,20.0,94.1,0.968,0.0,0.0,0.0,water_level_rainfall,1,0,0.0,0,0,0,0,140.5,warning
situation_20251114_0900_bf8c1cb6.pdf,2025-11-14,Other,2321,,,,,,,,,,0.0,0.0,0.0,0.0,0.0,0.0,0.0,0.0,0.0,0.0,0.0,0.0,True,grand_total,0900,2025-11-14 09:00:00,4,75.0,,2.0,1,1,0,0,0,0,3.5,weather_forecast,1,3,0.0,0.0,0.0,16.0,94.1,0.8560000000000001,0.0,0.0,8.5,water_level,1,0,0.0,0,0,0,0,164.5,warning
situation_20251115_0900_b15fc1aa.pdf,2025-11-15,"Heavy Rain, Strong Wind",2909,,,,,,,,,,6.0,20.0,0.0,0.0,0.0,0.0,6.0,0.0,0.0,0.0,0.0,0.0,True,grand_total,0900,2025-11-15 09:00:00,4,100.0,,2.0,1,1,0,0,0,0,3.5,weather_forecast,1,1,0.0,0.0,0.0,4.0,0.0,0.65,0.0,0.0,20.5,water_level_rainfall,1,0,0.0,0,0,0,0,188.5,warning
situation_20251116_0900_261a1f19.pdf,2025-11-16,Other,2337,,,,,,,,,,0.0,0.0,0.0,0.0,0.0,0.0,0.0,0.0,0.0,0.0,0.0,0.0,True,grand_total,0900,2025-11-16 09:00:00,4,100.0,,2.0,1,1,0,0,0,0,3.5,weather_forecast,1,1,0.0,0.0,0.0,7.0,0.8,0.761,0.0,0.0,20.5,water_level_rainfall,1,0,0.0,0,0,0,0,212.5,warning
situation_20251117_0900_1ec83952.pdf,2025-11-17,Other,2326,,,,,,,,,,0.0,0.0,0.0,0.0,0.0,0.0,0.0,0.0,0.0,0.0,0.0,0.0,True,grand_total,0900,2025-11-17 09:00:00,4,100.0,,2.0,1,1,0,1,0,0,3.5,weather_forecast,1,1,0.0,0.0,0.0,4.0,0.7,0.6306666666666667,0.0,0.0,20.5,water_level_rainfall,1,0,0.0,0,0,0,0,236.5,warning
situation_20251118_0900_5e1f5eaf.pdf,2025-11-18,"Flood, Strong Wind",2651,,,,,,,,,,77.0,307.0,0.0,0.0,0.0,0.0,0.0,0.0,0.0,0.0,0.0,0.0,True,grand_total,0900,2025-11-18 09:00:00,5,100.0,,2.0,1,1,0,1,0,0,2.0,weather_forecast,1,3,1.0,0.0,0.0,12.0,120.7,1.12,0.0,0.0,3.0,water_level,1,1,2.0,8,2,0,8,13.5,early_warning
situation_20251119_0900_6817c9c2.pdf,2025-11-19,"Flood, Heavy Rain, Strong Wind",3786,,,,,,,,,,107.0,420.0,2.0,0.0,0.0,0.0,20.0,0.0,0.0,0.0,0.0,0.0,True,grand_total,0900,2025-11-19 09:00:00,4,50.0,,2.0,1,1,0,1,0,0,3.5,weather_forecast,1,4,2.0,0.0,0.0,22.0,120.7,1.136,0.0,0.0,8.5,water_level_rainfall,1,1,2.0,10,4,0,10,17.0,early_warning
situation_20251121_0900_6ee8f3b5.pdf,2025-11-21,"Flood, Heavy Rain, Strong Wind, Lightning",4784,,,,,,,,,,177.0,674.0,2.0,0.0,0.0,1.0,43.0,0.0,0.0,0.0,0.0,0.0,True,grand_total,0900,2025-11-21 09:00:00,4,50.0,,2.0,1,1,0,0,0,0,3.5,weather_forecast,1,3,2.0,0.0,0.0,17.0,73.1,1.1875,0.0,0.0,3.0,water_level,1,1,1.0,7,0,0,7,17.0,early_warning
situation_20251122_0900_fd625367.pdf,2025-11-22,"Flood, Heavy Rain, Strong Wind, Lightning",4998,,,,,,,,,,209.0,806.0,2.0,0.0,0.0,1.0,46.0,0.0,0.0,0.0,0.0,0.0,True,grand_total,0900,2025-11-22 09:00:00,3,100.0,,2.0,1,1,0,0,1,0,3.5,weather_forecast,1,8,6.0,2.0,0.0,21.0,137.4,2.096,1.0,0.0,2.5,water_level,1,1,2.0,9,3,0,10,13.0,early_warning
situation_20251123_0900_51932e90.pdf,2025-11-23,"Flood, Heavy Rain, Strong Wind, Lightning",6049,,,,,,,,,,487.0,1740.0,9.0,4.0,0.0,2.0,186.0,0.0,0.0,1.0,5.0,16.0,True,grand_total,0900,2025-11-23 09:00:00,4,100.0,,2.0,1,1,0,0,1,0,2.0,weather_forecast,1,9,6.0,3.0,0.0,18.0,137.5,1.64,1.0,0.0,3.0,water_level,1,1,2.0,9,6,0,10,18.5,early_warning
situation_20251124_0900_c87d006f.pdf,2025-11-24,"Flood, Heavy Rain, Strong Wind, Lightning",6233,,,,,,,,,,504.0,1790.0,10.0,4.0,0.0,2.0,193.0,0.0,0.0,1.0,5.0,16.0,True,grand_total,0900,2025-11-24 09:00:00,5,100.0,,2.0,1,1,0,0,1,0,3.5,weather_forecast,1,10,5.0,4.0,0.0,20.0,115.3,1.4242424242424243,1.0,0.0,0.0,water_level,1,1,2.0,11,6,0,12,18.0,early_warning
situation_20251125_1000_b185fe50.pdf,2025-11-25,"Flood, Landslide, Heavy Rain, Strong Wind, Lightning",7473,,,,,,,,,,737.0,2617.0,10.0,7.0,0.0,3.0,242.0,0.0,0.0,3.0,19.0,67.0,True,grand_total,1000,2025-11-25 10:00:00,3,100.0,40.0,0.0,1,1,1,0,1,1,4.5,weather_forecast,1,10,7.0,2.0,0.0,18.0,112.5,1.3333333333333337,1.0,0.0,0.5,water_level,1,1,2.0,11,7,0,12,19.5,warning
situation_20251126_1000_c093a442.pdf,2025-11-26,"Flood, Landslide, Heavy Rain, Strong Wind, Lightning",7990,,,,,,,,,,877.0,3058.0,10.0,7.0,0.0,4.0,250.0,0.0,0.0,4.0,33.0,104.0,True,grand_total,1000,2025-11-26 10:00:00,7,150.0,70.0,3.0,1,1,1,1,1,0,3.0,weather_forecast,1,9,6.0,4.0,0.0,24.0,131.9,1.6833333333333331,1.0,0.0,0.0,flood_warning,1,1,3.0,12,7,2,12,2.0,warning
situation_20251127_1800_3d5be6af.pdf,2025-11-27,Other,17762,256.0,864.0,,,,,,,,1891.0,6433.0,41.0,10.0,21.0,4.0,450.0,,,13.0,169.0,524.0,True,modern_summary_13_column,1800,2025-11-27 18:00:00,5,200.0,80.0,3.0,1,1,1,1,1,1,2.0,weather_forecast,1,14,8.0,11.0,3.0,24.0,279.6,1.7933333333333332,1.0,0.0,0.0,flood_warning,1,1,3.0,5,6,7,13,1.5,early_warning
situation_20251128_0900_4fddda25.pdf,2025-11-28,Other,1453,1097.0,3731.0,,,,,,,,12313.0,43991.0,56.0,14.0,21.0,4.0,666.0,,,52.0,12.0,3684.0,True,modern_summary_13_column,0900,2025-11-28 09:00:00,3,200.0,90.0,3.0,1,1,1,0,1,1,4.0,cyclone,1,17,9.0,11.0,9.0,28.0,324.1,2.96,1.0,0.0,1.0,flood_warning,1,1,3.0,4,7,8,14,4.0,early_warning
situation_20251128_1800_b4786252.pdf,2025-11-28,Other,13217,,,,,,,,,,6.0,41.0,132.0,,1.0,,,,,6.0,14.0,50.0,True,modern_summary_7_column,1800,2025-11-28 18:00:00,5,200.0,90.0,3.0,1,1,1,0,0,1,2.0,weather_forecast,1,22,9.0,10.0,9.0,28.0,364.5,2.96,1.0,0.0,2.5,flood_warning,1,1,3.0,4,6,11,14,2.0,early_warning
situation_20251128_1800_b61d9d6f.pdf,2025-11-28,Other,21891,,,,,,,,,,61175.0,219282.0,69.0,,34.0,,,,,266.0,5890.0,18443.0,True,modern_summary_7_column,1800,2025-11-28 18:00:00,5,200.0,90.0,3.0,1,1,1,0,0,1,2.0,weather_forecast,1,22,9.0,10.0,9.0,28.0,364.5,2.96,1.0,0.0,2.5,flood_warning,1,1,3.0,4,6,11,14,2.0,early_warning
situation_20251128_1800_bc2065a7.pdf,2025-11-28,Other,1207,,,,,,,,,,61175.0,219282.0,69.0,,34.0,,,,,266.0,5890.0,18443.0,True,modern_7_column,1800,2025-11-28 18:00:00,5,200.0,90.0,3.0,1,1,1,0,0,1,2.0,weather_forecast,1,22,9.0,10.0,9.0,28.0,364.5,2.96,1.0,0.0,2.5,flood_warning,1,1,3.0,4,6,11,14,2.0,early_warning
situation_20251129_0600_970e59a6.pdf,2025-11-29,Other,15725,,,,,,,,,,61175.0,219282.0,69.0,,34.0,,,,,266.0,5890.0,18443.0,True,modern_summary_8_column,0600,2025-11-29 06:00:00,5,200.0,90.0,3.0,1,1,1,0,0,1,0.5,weather_forecast,1,16,7.0,10.0,9.0,19.0,364.5,2.96,1.0,0.0,0.0,water_level,1,0,0.0,0,0,0,0,7.0,early_warning
situation_20251129_0900_af94f066.pdf,2025-11-29,Other,1237,,,,,,,,,,102877.0,373428.0,123.0,,130.0,,,,,488.0,13690.0,43925.0,True,modern_7_column,0900,2025-11-29 09:00:00,6,200.0,90.0,3.0,1,1,1,0,1,1,1.0,cyclone,1,13,7.0,6.0,9.0,19.0,364.5,2.544,1.0,0.0,3.0,water_level,1,0,0.0,0,0,0,0,10.0,early_warning
situation_20251129_0900_f6f3a00d.pdf,2025-11-29,Other,1209,,,,,,,,,,102877.0,373428.0,123.0,,130.0,,,,,488.0,13690.0,43925.0,True,modern_summary_7_column,0900,2025-11-29 09:00:00,6,200.0,90.0,3.0,1,1,1,0,1,1,1.0,cyclone,1,13,7.0,6.0,9.0,19.0,364.5,2.544,1.0,0.0,3.0,water_level,1,0,0.0,0,0,0,0,10.0,early_warning
situation_20251129_1400_6cfead4d.pdf,2025-11-29,Other,1290,,,,,,,,,,179868.0,646567.0,132.0,,176.0,,,,,716.0,22212.0,78010.0,True,modern_7_column,1400,2025-11-29 14:00:00,8,200.0,90.0,3.0,1,1,1,0,1,1,0.0,cyclone,1,9,6.0,5.0,9.0,13.0,227.1,2.692,1.0,0.0,1.5,water_level_rainfall,1,0,0.0,0,0,0,0,15.0,early_warning
situation_20251129_1800_555ac942.pdf,2025-11-29,Other,1299,,,,,,,,,,217263.0,774724.0,153.0,,191.0,,,,,798.0,27494.0,100898.0,True,modern_7_column,1800,2025-11-29 18:00:00,7,100.0,90.0,3.0,1,1,1,0,1,1,1.0,cyclone,1,8,6.0,5.0,7.0,9.0,227.1,2.692,1.0,0.0,2.5,water_level_rainfall,1,1,3.0,4,4,11,14,2.0,warning
situation_20251130_0600_eaa974fd.pdf,2025-11-30,Other,1319,,,,,,,,,,234503.0,833985.0,159.0,,203.0,,,,,919.0,34198.0,122822.0,True,modern_7_column,0600,2025-11-30 06:00:00,8,100.0,90.0,3.0,1,1,1,0,1,1,0.5,weather_forecast,1,8,5.0,5.0,6.0,7.0,217.7,2.692,0.0,0.0,3.0,water_level,1,1,3.0,4,4,11,14,14.0,warning
situation_20251130_1200_4b3afcef.pdf,2025-11-30,Other,230,,,,,,,,,,,,,,,,,,,,,,False,insufficient_text,1200,2025-11-30 12:00:00,7,100.0,90.0,3.0,1,1,1,0,1,1,5.0,weather_forecast,1,10,5.0,7.0,6.0,5.0,2.8,2.68,1.0,0.0,0.0,water_level,1,1,3.0,4,4,11,14,20.0,warning
situation_20251130_1600_d52bef08.pdf,2025-11-30,Other,230,,,,,,,,,,,,,,,,,,,,,,False,insufficient_text,1600,2025-11-30 16:00:00,7,100.0,90.0,3.0,1,1,1,0,1,1,0.0,weather_forecast,1,9,5.0,7.0,6.0,5.0,2.8,2.53,1.0,0.0,0.5,water_level,1,1,3.0,5,4,7,11,0.0,early_warning
situation_20251130_1800_69846ebd.pdf,2025-11-30,Other,218,,,,,,,,,,,,,,,,,,,,,,False,insufficient_text,1800,2025-11-30 18:00:00,5,50.0,90.0,3.0,1,1,1,0,1,1,2.0,weather_forecast,1,11,5.0,7.0,6.0,5.0,2.8,2.53,1.0,0.0,0.0,water_level,1,1,3.0,5,4,7,11,2.0,early_warning
situation_20251201_0600_55cd4803.pdf,2025-12-01,Other,1369,,,,,,,,,,309607.0,1118929.0,334.0,,370.0,,,,,1494.0,55747.0,196790.0,True,modern_7_column,0600,2025-12-01 06:00:00,4,,50.0,0.0,0,1,1,0,1,1,0.5,weather_forecast,1,11,4.0,7.0,4.0,4.0,2.8,2.172,1.0,0.0,3.0,water_level,1,1,3.0,5,4,7,11,14.0,early_warning
situation_20251201_1000_3029f1fa.pdf,2025-12-01,Other,1347,,,,,,,,,,318252.0,1156860.0,355.0,,366.0,,,,,1529.0,59266.0,209568.0,True,modern_7_column,1000,2025-12-01 10:00:00,4,,50.0,2.0,0,1,1,0,1,1,1.0,cyclone,1,11,4.0,7.0,3.0,4.0,2.8,2.172,1.0,0.0,0.5,water_level,1,1,3.0,5,4,7,11,18.0,early_warning
situation_20251201_1230_78ec8fa7.pdf,2025-12-01,Other,1342,,,,,,,,,,316366.0,1151776.0,366.0,,367.0,,,,,1564.0,61612.0,218526.0,True,modern_7_column,1230,2025-12-01 12:30:00,4,,50.0,2.0,0,1,1,0,1,1,3.5,cyclone,1,11,4.0,7.0,3.0,4.0,2.8,2.172,1.0,0.0,0.0,water_level,1,1,3.0,5,4,7,11,20.5,early_warning
situation_20251201_1800_05efb207.pdf,2025-12-01,Other,1554,,,,,,,,,,382651.0,1373899.0,390.0,,352.0,432.0,15688.0,,,1368.0,57790.0,204597.0,True,modern_9_column,1800,2025-12-01 18:00:00,5,,,2.0,0,1,0,0,1,1,2.0,weather_forecast,1,11,4.0,4.0,3.0,4.0,78.7,2.172,1.0,0.0,2.5,water_level,1,1,3.0,5,1,6,11,2.0,early_warning
situation_20251202_0600_e0601d4e.pdf,2025-12-02,Other,1554,,,,,,,,,,382651.0,1373899.0,390.0,,352.0,432.0,15688.0,,,1368.0,57790.0,204597.0,True,modern_9_column,0600,2025-12-02 06:00:00,5,,,2.0,0,1,0,0,1,1,0.5,weather_forecast,1,10,4.0,4.0,2.0,3.0,78.7,2.125,1.0,0.0,0.0,water_level,1,1,3.0,5,1,6,11,14.0,early_warning
situation_20251202_1000_5073e12f.pdf,2025-12-02,Other,1572,,,,,,,,,,407594.0,1466615.0,410.0,,336.0,565.0,20271.0,,,1441.0,64483.0,233015.0,True,modern_9_column,1000,2025-12-02 10:00:00,4,,,2.0,0,1,0,0,1,1,4.5,weather_forecast,1,9,4.0,4.0,2.0,3.0,78.7,2.125,1.0,0.0,0.5,water_level,1,1,3.0,5,1,6,11,18.0,early_warning
situation_20251202_1800_3670c52c.pdf,2025-12-02,Other,1591,,,,,,,,,,437507.0,1558919.0,465.0,,366.0,783.0,31417.0,,,1433.0,61875.0,232752.0,True,modern_9_column,1800,2025-12-02 18:00:00,3,,,0.0,0,1,0,0,0,0,2.0,weather_forecast,1,9,4.0,4.0,2.0,3.0,78.7,2.05,1.0,0.0,0.0,water_level,1,1,3.0,3,0,6,9,2.0,early_warning
situation_20251203_0600_8089a5b7.pdf,2025-12-03,Other,1587,,,,,,,,,,437507.0,1558919.0,465.0,,366.0,783.0,31417.0,,,1433.0,61875.0,232752.0,True,modern_9_column,0600,2025-12-03 06:00:00,3,,,0.0,0,1,0,0,0,0,0.5,weather_forecast,1,8,4.0,2.0,2.0,3.0,78.7,1.875,0.0,0.0,2.5,water_level,1,1,3.0,3,0,6,9,14.0,early_warning
situation_20251203_1000_1be53c43.pdf,2025-12-03,Other,1583,,,,,,,,,,448817.0,1586329.0,474.0,,356.0,971.0,40358.0,,,1385.0,53758.0,201875.0,True,modern_9_column,1000,2025-12-03 10:00:00,3,,,0.0,0,1,0,0,0,0,4.5,weather_forecast,1,8,3.0,2.0,2.0,4.0,2.2,1.775,0.0,0.0,0.5,water_level,1,1,3.0,3,0,6,9,18.0,early_warning
situation_20251203_1800_60b89511.pdf,2025-12-03,Other,1593,,,,,,,,,,455405.0,1614790.0,479.0,,350.0,1289.0,44556.0,,,1347.0,51765.0,188974.0,True,modern_9_column,1800,2025-12-03 18:00:00,3,75.0,,0.0,1,1,0,0,0,0,2.0,weather_forecast,1,8,2.0,2.0,1.0,4.0,2.2,1.606,0.0,0.0,2.5,water_level,1,1,3.0,5,4,4,11,2.0,early_warning
situation_20251204_0600_ab2afc40.pdf,2025-12-04,Other,1588,,,,,,,,,,455405.0,1614790.0,479.0,,350.0,1289.0,44556.0,,,1347.0,51765.0,188974.0,True,modern_9_column,0600,2025-12-04 06:00:00,3,75.0,,0.0,1,1,0,0,0,0,0.5,weather_forecast,1,8,2.0,2.0,0.0,5.0,6.2,1.508,0.0,0.0,3.0,water_level,1,1,3.0,5,4,4,11,14.0,early_warning
situation_20251204_1800_70afb5c7.pdf,2025-12-04,Other,1598,,,,,,,,,,509680.0,1814534.0,481.0,,345.0,1967.0,50173.0,,,1236.0,48559.0,171492.0,True,modern_9_column,1800,2025-12-04 18:00:00,4,75.0,,2.0,1,1,0,0,0,0,2.0,weather_forecast,1,8,1.0,1.0,0.0,5.0,6.5,1.382,0.0,0.0,2.5,water_level,1,1,3.0,4,3,4,10,2.0,warning
situation_20251204_1900_f7d008c3.pdf,2025-12-04,Other,1595,,,,,,,,,,519842.0,1844055.0,486.0,,341.0,2303.0,52489.0,,,1231.0,51023.0,171778.0,True,modern_9_column,1900,2025-12-04 19:00:00,4,75.0,,2.0,1,1,0,0,0,0,3.0,weather_forecast,1,8,1.0,1.0,0.0,10.0,116.3,1.36,0.0,0.0,0.5,water_level,1,1,3.0,4,3,4,10,3.0,warning
situation_20251205_0600_869ff8dd.pdf,2025-12-05,Other,1595,,,,,,,,,,519842.0,1844055.0,486.0,,341.0,2303.0,52489.0,,,1231.0,51023.0,171778.0,True,modern_9_column,0600,2025-12-05 06:00:00,4,75.0,,2.0,1,1,0,0,0,0,0.5,weather_forecast,1,8,2.0,0.0,0.0,11.0,120.8,1.278,0.0,0.0,2.5,water_level,1,1,3.0,7,4,4,13,10.5,early_warning
situation_20251205_1800_e3c837b0.pdf,2025-12-05,Other,1603,,,,,,,,,,586464.0,2082195.0,607.0,,214.0,4164.0,67505.0,,,1211.0,43715.0,152537.0,True,modern_9_column,1800,2025-12-05 18:00:00,4,75.0,,2.0,1,1,0,0,0,0,2.0,weather_forecast,1,7,2.0,0.0,0.0,11.0,120.8,1.264,0.0,0.0,5.5,water_level,1,1,3.0,7,3,5,13,2.0,early_warning
situation_20251206_0600_cfaa8738.pdf,2025-12-06,Other,1603,,,,,,,,,,586464.0,2082195.0,607.0,,214.0,4164.0,67505.0,,,1211.0,43715.0,152537.0,True,modern_9_column,0600,2025-12-06 06:00:00,4,,,2.0,0,1,0,0,0,0,0.5,weather_forecast,1,6,2.0,0.0,0.0,16.0,120.8,1.356,0.0,0.0,2.5,water_level,1,1,3.0,7,3,5,13,14.0,early_warning
situation_20251206_1200_32039eb5.pdf,2025-12-06,Other,7084,,,,,,,,,,576626.0,2054535.0,611.0,,213.0,4309.0,69635.0,,,956.0,33622.0,114126.0,True,modern_summary_9_column,1200,2025-12-06 12:00:00,4,,,2.0,0,1,0,0,0,0,6.5,weather_forecast,1,6,2.0,1.0,0.0,16.0,55.5,1.39,0.0,0.0,2.5,water_level,1,1,3.0,7,3,5,13,20.0,early_warning
situation_20251206_2000_7cd515cf.pdf,2025-12-06,Other,1585,,,,,,,,,,583030.0,2078436.0,618.0,,209.0,4071.0,71121.0,,,990.0,29874.0,100124.0,True,modern_9_column,2000,2025-12-06 20:00:00,4,50.0,,2.0,1,1,0,0,0,0,4.0,weather_forecast,1,8,2.0,1.0,0.0,16.0,55.5,1.39,0.0,0.0,1.5,water_level,1,1,3.0,7,4,5,13,4.0,early_warning
situation_20251207_1200_5e7485ac.pdf,2025-12-07,Other,1569,,,,,,,,,,611530.0,2179138.0,627.0,,190.0,4517.0,76066.0,,,956.0,27663.0,89857.0,True,modern_9_column,1200,2025-12-07 12:00:00,5,50.0,,2.0,1,1,0,0,0,0,0.0,thunderstorm,1,7,1.0,1.0,0.0,6.0,31.4,1.39,0.0,0.0,2.5,water_level,1,1,3.0,7,4,5,13,20.0,early_warning
situation_20251208_0600_b1fa7cdd.pdf,2025-12-08,Other,1578,,,,,,,,,,611530.0,2179138.0,627.0,,190.0,4517.0,76066.0,,,956.0,27663.0,89857.0,True,modern_9_column,0600,2025-12-08 06:00:00,4,75.0,,2.0,1,1,0,0,0,0,0.5,weather_forecast,1,6,1.0,0.0,0.0,14.0,62.1,1.25,0.0,0.0,2.5,water_level,1,1,3.0,4,5,4,10,14.0,early_warning
situation_20251208_1200_da69c218.pdf,2025-12-08,Other,1561,,,,,,,,,,512123.0,1766103.0,635.0,,192.0,5325.0,81163.0,,,690.0,22218.0,69861.0,True,modern_9_column,1200,2025-12-08 12:00:00,6,75.0,,2.0,1,1,0,0,0,0,0.0,thunderstorm,1,6,1.0,0.0,0.0,14.0,62.1,1.146,0.0,0.0,2.5,water_level,1,1,3.0,4,5,4,10,20.0,early_warning
situation_20251209_0600_d549091e.pdf,2025-12-09,Other,1586,,,,,,,,,,512123.0,1766103.0,635.0,,192.0,5325.0,81163.0,,,690.0,22218.0,69861.0,True,modern_9_column,0600,2025-12-09 06:00:00,4,100.0,40.0,2.0,1,1,1,0,0,0,0.5,weather_forecast,1,6,0.0,0.0,0.0,9.0,62.1,0.968,0.0,0.0,2.5,water_level,1,1,3.0,4,5,4,9,14.0,early_warning
situation_20251209_1000_4f6c6074.pdf,2025-12-09,Other,1591,,,,,,,,,,501958.0,1737330.0,638.0,,191.0,5354.0,81621.0,,,630.0,20373.0,63628.0,True,modern_9_column,1000,2025-12-09 10:00:00,4,100.0,40.0,2.0,1,1,1,0,0,0,2.5,heavy_rain,1,6,0.0,0.0,0.0,11.0,49.1,0.8460000000000001,0.0,0.0,0.5,water_level,1,1,3.0,4,5,4,9,18.0,early_warning
situation_20251210_0600_ce7862a9.pdf,2025-12-10,Other,1490,,,,,,,,,,529741.0,1824771.0,639.0,,203.0,5350.0,86882.0,,,878.0,27145.0,86040.0,True,modern_9_column,0600,2025-12-10 06:00:00,6,100.0,40.0,2.0,1,1,1,0,0,0,0.5,weather_forecast,1,5,1.0,0.0,0.0,11.0,86.2,1.12,0.0,0.0,5.5,water_level,1,1,3.0,3,5,4,8,14.0,early_warning
situation_20251210_1200_ee97036f.pdf,2025-12-10,Other,1589,,,,,,,,,,524188.0,1812311.0,639.0,,193.0,5336.0,85683.0,,,874.0,26814.0,85333.0,True,modern_9_column,1200,2025-12-10 12:00:00,7,100.0,40.0,2.0,1,1,1,0,0,0,0.0,thunderstorm,1,5,1.0,0.0,0.0,10.0,86.7,1.12,0.0,0.0,2.5,water_level,1,1,3.0,3,5,4,8,20.0,early_warning
situation_20251211_0600_9e804743.pdf,2025-12-11,Other,1582,,,,,,,,,,524678.0,1814421.0,639.0,,193.0,5346.0,86245.0,,,873.0,26841.0,85351.0,True,modern_9_column,0600,2025-12-11 06:00:00,5,100.0,40.0,2.0,1,1,1,0,0,0,0.5,weather_forecast,1,3,0.0,0.0,0.0,9.0,86.7,0.8966666666666666,0.0,0.0,15.0,water_level,1,1,3.0,3,5,4,8,14.0,early_warning
situation_20251211_1800_02a0870c.pdf,2025-12-11,Other,1604,,,,,,,,,,495093.0,1703318.0,639.0,,210.0,5588.0,87496.0,,,866.0,26563.0,84674.0,True,modern_9_column,1800,2025-12-11 18:00:00,4,50.0,,2.0,1,1,0,0,0,0,2.0,weather_forecast,1,4,0.0,0.0,0.0,14.0,31.6,0.8460000000000001,0.0,0.0,3.0,water_level,1,1,3.0,3,5,4,8,2.0,early_warning
situation_20251212_0900_4b30c520.pdf,2025-12-12,Other,1603,,,,,,,,,,495093.0,1703318.0,639.0,,210.0,5588.0,87496.0,,,866.0,26563.0,84674.0,True,modern_9_column,0900,2025-12-12 09:00:00,4,75.0,,2.0,1,1,0,0,0,0,3.5,weather_forecast,1,4,0.0,0.0,0.0,14.0,62.5,0.8619999999999999,0.0,0.0,2.5,water_level,1,1,3.0,3,5,4,8,17.0,early_warning
situation_20251212_1200_f0c7869f.pdf,2025-12-12,Other,1590,,,,,,,,,,473138.0,1637960.0,640.0,,211.0,5713.0,104805.0,,,847.0,26103.0,82813.0,True,modern_9_column,1200,2025-12-12 12:00:00,4,75.0,,2.0,1,1,0,0,0,0,6.5,weather_forecast,1,4,1.0,0.0,0.0,14.0,62.5,1.16,0.0,0.0,2.5,water_level,1,1,3.0,3,5,4,8,20.0,early_warning
situation_20251212_1800_7ec64345.pdf,2025-12-12,Other,1595,,,,,,,,,,473138.0,1637960.0,640.0,,211.0,5713.0,104805.0,,,847.0,26103.0,82813.0,True,modern_9_column,1800,2025-12-12 18:00:00,4,75.0,40.0,2.0,1,1,1,0,0,0,2.0,weather_forecast,1,3,2.0,0.0,0.0,12.0,62.5,1.16,0.0,0.0,2.5,water_level,1,1,3.0,3,7,2,8,2.0,early_warning
situation_20251213_0600_18622479.pdf,2025-12-13,Other,1595,,,,,,,,,,473138.0,1637960.0,640.0,,211.0,5713.0,104805.0,,,847.0,26103.0,82813.0,True,modern_9_column,0600,2025-12-13 06:00:00,5,50.0,40.0,2.0,1,1,1,0,0,0,0.5,weather_forecast,1,3,2.0,0.0,0.0,12.0,62.5,1.16,0.0,0.0,14.5,water_level,1,1,3.0,3,7,2,8,14.0,early_warning
situation_20251213_1630_6dc495d0.pdf,2025-12-13,Other,1554,,,,,,,,,,400123.0,1398036.0,640.0,,194.0,5794.0,108638.0,,,845.0,25879.0,83361.0,True,modern_9_column,1630,2025-12-13 16:30:00,5,50.0,40.0,2.0,1,1,1,0,0,0,0.0,weather_forecast,1,2,0.0,0.0,0.0,3.0,39.2,0.9983333333333334,0.0,0.0,1.0,water_level,1,1,3.0,2,7,2,7,0.0,early_warning
situation_20251214_0600_1dc4d33a.pdf,2025-12-14,Other,1542,,,,,,,,,,391401.0,1364481.0,643.0,,184.0,6164.0,112110.0,,,796.0,23041.0,72911.0,True,modern_9_column,0600,2025-12-14 06:00:00,4,,40.0,2.0,0,1,1,0,0,0,0.5,weather_forecast,1,2,0.0,0.0,0.0,3.0,39.2,0.9983333333333334,0.0,0.0,14.5,water_level,1,1,3.0,2,7,2,7,13.5,early_warning
situation_20251214_1700_eef81613.pdf,2025-12-14,Other,1543,,,,,,,,,,385093.0,1344898.0,644.0,,183.0,6163.0,112171.0,,,766.0,22638.0,70359.0,True,modern_9_column,1700,2025-12-14 17:00:00,4,,40.0,0.0,0,1,1,0,0,0,1.0,weather_forecast,1,2,0.0,0.0,0.0,7.0,31.7,0.8720000000000001,0.0,0.0,1.5,water_level,1,1,3.0,2,5,2,7,1.0,early_warning
situation_20251215_0600_291adf01.pdf,2025-12-15,Other,1561,,,,,,,,,,468472.0,1628017.0,643.0,,183.0,6176.0,95213.0,,,762.0,22522.0,70055.0,True,modern_9_column,0600,2025-12-15 06:00:00,4,,40.0,0.0,0,1,1,0,0,0,0.5,weather_forecast,1,2,0.0,0.0,0.0,7.0,31.7,0.8720000000000001,0.0,0.0,14.5,water_level,1,1,3.0,2,5,2,7,14.0,early_warning
situation_20251215_1400_d96545bf.pdf,2025-12-15,Other,1560,,,,,,,,,,459726.0,1600469.0,643.0,,183.0,6193.0,95456.0,,,739.0,22050.0,71472.0,True,modern_9_column,1400,2025-12-15 14:00:00,5,,40.0,0.0,0,1,1,0,0,0,0.0,weather_forecast,1,2,0.0,0.0,0.0,5.0,10.1,0.85,0.0,0.0,4.5,water_level,1,1,3.0,2,5,2,7,22.0,early_warning
situation_20251215_1800_6c79a849.pdf,2025-12-15,Other,1543,,,,,,,,,,483622.0,1678022.0,643.0,,183.0,6200.0,96545.0,,,731.0,22348.0,70297.0,True,modern_9_column,1800,2025-12-15 18:00:00,3,50.0,40.0,0.0,1,1,1,0,0,0,2.0,weather_forecast,1,2,0.0,0.0,0.0,5.0,10.1,0.8480000000000001,0.0,0.0,3.0,water_level,1,1,3.0,3,5,1,6,2.0,early_warning
situation_20251216_0600_8edbe297.pdf,2025-12-16,Other,1543,,,,,,,,,,483622.0,1678022.0,643.0,,183.0,6200.0,96545.0,,,731.0,22348.0,70297.0,True,modern_9_column,0600,2025-12-16 06:00:00,3,50.0,40.0,0.0,1,1,1,0,0,0,0.5,weather_forecast,1,2,0.0,0.0,0.0,5.0,10.1,0.8480000000000001,0.0,0.0,15.0,water_level,1,1,3.0,3,5,1,6,14.0,early_warning
situation_20251217_1600_60d08bc4.pdf,2025-12-17,Other,1548,,,,,,,,,,490385.0,1702719.0,643.0,,183.0,6228.0,101055.0,,,723.0,22096.0,66132.0,True,modern_9_column,1600,2025-12-17 16:00:00,5,100.0,50.0,2.0,1,1,1,0,0,0,0.0,weather_forecast,1,2,0.0,0.0,0.0,13.0,11.5,0.9833333333333334,0.0,0.0,0.5,water_level,1,1,2.0,4,3,0,5,0.0,early_warning
situation_20251227_1000_5df19cba.pdf,2025-12-27,Other,1996,75728.0,264185.0,,,,,,,,151177.0,510744.0,638.0,,175.0,6121.0,114252.0,,,373.0,10659.0,35139.0,True,modern_11_column,1000,2025-12-27 10:00:00,3,,40.0,0.0,0,1,1,0,0,0,4.5,weather_forecast,1,0,,,,,,,,,24.5,water_level,1,0,0.0,0,0,0,0,90.0,warning
situation_20251228_0900_00e7ffd4.pdf,2025-12-28,Other,1967,76801.0,267700.0,,,,,,,,149460.0,499671.0,638.0,,175.0,6121.0,114314.0,,,358.0,10340.0,34175.0,True,modern_11_column,0900,2025-12-28 09:00:00,3,50.0,40.0,0.0,1,1,1,0,0,0,3.5,weather_forecast,1,0,,,,,,,,,47.5,water_level,1,0,0.0,0,0,0,0,113.0,warning
situation_20260101_1000_9c68bf23.pdf,2026-01-01,Other,1866,52442.0,178865.0,,,,,,,,103319.0,353903.0,644.0,,175.0,6056.0,112522.0,,,264.0,7781.0,24431.0,True,modern_11_column,1000,2026-01-01 10:00:00,3,100.0,,0.0,1,1,0,0,0,0,4.5,weather_forecast,1,1,0.0,0.0,0.0,13.0,98.9,0.6073333333333333,0.0,0.0,0.5,water_level,1,0,0.0,0,0,0,0,210.0,warning
situation_20260102_1000_4550f668.pdf,2026-01-02,Other,1864,51831.0,176696.0,,,,,,,,78267.0,263105.0,644.0,,175.0,6056.0,112521.0,,,258.0,7403.0,24112.0,True,modern_11_column,1000,2026-01-02 10:00:00,3,75.0,,0.0,1,1,0,0,0,0,4.5,weather_forecast,1,0,,,,,,,,,24.5,water_level,1,0,0.0,0,0,0,0,234.0,warning
situation_20260103_1000_194a6d14.pdf,2026-01-03,Other,1855,51660.0,176081.0,,,,,,,,78135.0,262348.0,644.0,,175.0,6056.0,112521.0,,,258.0,7421.0,23890.0,True,modern_11_column,1000,2026-01-03 10:00:00,3,75.0,40.0,0.0,1,1,1,0,0,0,4.5,weather_forecast,1,1,0.0,0.0,0.0,4.0,30.9,0.59,0.0,0.0,0.5,water_level,1,0,0.0,0,0,0,0,258.0,warning
situation_20260104_1000_f1f74f49.pdf,2026-01-04,Other,1857,51660.0,176081.0,,,,,,,,78135.0,262348.0,644.0,,175.0,6056.0,112521.0,,,258.0,7421.0,23890.0,True,modern_11_column,1000,2026-01-04 10:00:00,3,,50.0,0.0,0,1,1,0,0,0,4.5,weather_forecast,1,1,0.0,0.0,0.0,8.0,1.4,0.628,0.0,0.0,0.5,water_level,1,0,0.0,0,0,0,0,282.0,warning
situation_20260105_1000_29c4a593.pdf,2026-01-05,Other,1834,52144.0,177022.0,,,,,,,,78495.0,261557.0,645.0,,174.0,6037.0,112145.0,,,231.0,6790.0,22136.0,True,modern_11_column,1000,2026-01-05 10:00:00,3,50.0,50.0,0.0,1,1,1,0,0,0,4.5,weather_forecast,1,1,0.0,0.0,0.0,5.0,23.2,0.5766666666666667,0.0,0.0,0.5,water_level,1,0,0.0,0,0,0,0,306.0,warning
situation_20260106_1000_eeec1ce4.pdf,2026-01-06,Other,1844,52118.0,176891.0,,,,,,,,78271.0,260804.0,646.0,,174.0,6037.0,108476.0,,,225.0,6592.0,21514.0,True,modern_11_column,1000,2026-01-06 10:00:00,4,75.0,50.0,0.0,1,1,1,0,0,0,4.5,weather_forecast,1,1,1.0,0.0,0.0,14.0,125.6,1.0333333333333334,0.0,0.0,0.5,water_level,1,1,2.0,4,3,0,4,1.5,warning
situation_20260107_1000_e349781a.pdf,2026-01-07,Other,1845,52356.0,178023.0,,,,,,,,78271.0,260804.0,646.0,,174.0,6036.0,108480.0,,,212.0,6354.0,20382.0,True,modern_11_column,1000,2026-01-07 10:00:00,3,100.0,60.0,2.0,1,1,1,1,1,0,4.5,weather_forecast,1,0,,,,,,,,,24.5,water_level,1,1,3.0,4,3,2,5,22.0,warning
situation_20260108_1000_7b0c5e7a.pdf,2026-01-08,Other,1903,52194.0,177423.0,,,,,,,,77793.0,258967.0,646.0,,174.0,6025.0,108591.0,,,205.0,6074.0,19340.0,True,modern_11_column,1000,2026-01-08 10:00:00,7,100.0,70.0,2.0,1,1,1,0,1,0,2.5,weather_forecast,1,0,,,,,,,,,48.5,water_level,1,1,3.0,4,3,2,5,22.0,early_warning
situation_20260109_1000_647ed86a.pdf,2026-01-09,Other,1889,52194.0,177423.0,,,,,,,,77711.0,258700.0,646.0,,174.0,6025.0,108591.0,,,204.0,6061.0,19299.0,True,modern_11_column,1000,2026-01-09 10:00:00,9,150.0,70.0,3.0,1,1,1,0,1,1,3.0,depression,1,4,0.0,0.0,0.0,6.0,10.2,0.7666666666666666,0.0,0.0,4.5,water_level,1,1,3.0,4,2,2,4,1.0,early_warning
situation_20260115_1000_ab486071.pdf,2026-01-15,Other,1702,49004.0,168845.0,,,,,,,,69594.0,235947.0,646.0,,173.0,6025.0,108327.0,,,113.0,2728.0,8362.0,True,modern_11_column,1000,2026-01-15 10:00:00,5,,,2.0,0,1,0,0,0,0,4.5,weather_forecast,1,1,0.0,0.0,0.0,1.0,86.6,0.58,0.0,0.0,0.5,water_level_rainfall,1,0,0.0,0,0,0,0,114.0,early_warning
situation_20260116_1000_974d5359.pdf,2026-01-16,Other,1851,49004.0,168845.0,,,,,,,,51397.0,174463.0,646.0,,173.0,6024.0,108319.0,,,113.0,2724.0,8337.0,True,modern_11_column,1000,2026-01-16 10:00:00,3,,,0.0,0,1,0,0,0,0,4.5,weather_forecast,1,1,0.0,0.0,0.0,6.0,32.3,0.574,0.0,0.0,0.5,water_level_rainfall,1,0,0.0,0,0,0,0,138.0,early_warning
situation_20260119_1000_6e640470.pdf,2026-01-19,Landslide,1941,49053.0,169642.0,,,,,,,,51430.0,175217.0,646.0,,173.0,6025.0,107939.0,,,113.0,2708.0,8294.0,True,modern_11_column,1000,2026-01-19 10:00:00,3,,,0.0,0,0,0,0,0,0,4.5,weather_forecast,1,4,0.0,0.0,0.0,9.0,0.0,0.673076923076923,0.0,0.0,0.5,water_level,1,0,0.0,0,0,0,0,210.0,early_warning
situation_20260120_1000_e1042caa.pdf,2026-01-20,Landslide,1938,49265.0,170364.0,,,,,,,,69623.0,236676.0,646.0,,173.0,5988.0,108043.0,,,100.0,2496.0,7572.0,True,modern_11_column,1000,2026-01-20 10:00:00,3,,,0.0,0,0,0,0,0,0,4.5,weather_forecast,1,3,0.0,0.0,0.0,8.0,0.0,0.5706666666666667,0.0,0.0,0.5,water_level_rainfall,1,0,0.0,0,0,0,0,234.0,early_warning
situation_20260122_1000_7345de5a.pdf,2026-01-22,Landslide,1933,47112.0,162662.0,,,,,,,,67305.0,228511.0,646.0,,173.0,5988.0,108043.0,,,96.0,2331.0,7109.0,True,modern_11_column,1000,2026-01-22 10:00:00,3,,,0.0,0,0,0,0,0,0,4.5,weather_forecast,1,1,0.0,0.0,0.0,4.0,0.0,0.56,0.0,0.0,0.5,water_level,1,0,0.0,0,0,0,0,282.0,early_warning
situation_20260124_1000_3b934aad.pdf,2026-01-24,Landslide,1942,47112.0,162662.0,,,,,,,,67305.0,228511.0,646.0,,173.0,5988.0,108043.0,,,96.0,2331.0,7109.0,True,modern_11_column,1000,2026-01-24 10:00:00,2,50.0,,0.0,1,1,0,0,0,0,4.5,weather_forecast,1,0,,,,,,,,,48.5,water_level,1,0,0.0,0,0,0,0,330.0,early_warning
situation_20260125_1000_56ca157f.pdf,2026-01-25,Other,2635,,,,,,,,,,0.0,0.0,3.0,0.0,2.0,0.0,0.0,1.0,0.0,0.0,0.0,0.0,True,grand_total,1000,2026-01-25 10:00:00,3,50.0,,0.0,1,1,0,0,0,0,4.5,weather_forecast,1,1,0.0,0.0,0.0,10.0,31.3,0.5653333333333334,0.0,0.0,0.5,water_level_rainfall,1,0,0.0,0,0,0,0,354.0,early_warning
situation_20260125_1000_b3cbd836.pdf,2026-01-25,Landslide,2070,48350.0,165884.0,,,,,,,,68411.0,231304.0,649.0,,173.0,6018.0,108879.0,,,85.0,2199.0,6680.0,True,modern_11_column,1000,2026-01-25 10:00:00,3,50.0,,0.0,1,1,0,0,0,0,4.5,weather_forecast,1,1,0.0,0.0,0.0,10.0,31.3,0.5653333333333334,0.0,0.0,0.5,water_level_rainfall,1,0,0.0,0,0,0,0,354.0,early_warning
situation_20260126_1000_fbc56113.pdf,2026-01-26,Landslide,2967,48350.0,165884.0,669363.0,2362479.0,2151.0,88864.0,308685.0,50549.0,172564.0,68411.0,231304.0,649.0,,173.0,6018.0,108879.0,,,85.0,2199.0,6680.0,True,modern_18_column,1000,2026-01-26 10:00:00,3,50.0,40.0,0.0,1,1,1,0,0,0,4.5,weather_forecast,1,1,0.0,0.0,0.0,6.0,38.1,0.5566666666666666,0.0,0.0,0.5,water_level_rainfall,1,0,0.0,0,0,0,0,378.0,early_warning
situation_20260126_1000_7cdb51d4.pdf,2026-01-26,Other,2639,,,,,,,,,,0.0,0.0,3.0,0.0,2.0,0.0,0.0,1.0,0.0,0.0,0.0,0.0,True,grand_total,1000,2026-01-26 10:00:00,3,50.0,40.0,0.0,1,1,1,0,0,0,4.5,weather_forecast,1,1,0.0,0.0,0.0,6.0,38.1,0.5566666666666666,0.0,0.0,0.5,water_level_rainfall,1,0,0.0,0,0,0,0,378.0,early_warning
situation_20260127_1000_17973dfd.pdf,2026-01-27,Other,2635,,,,,,,,,,0.0,0.0,3.0,0.0,2.0,0.0,0.0,1.0,0.0,0.0,0.0,0.0,True,grand_total,1000,2026-01-27 10:00:00,3,,40.0,0.0,0,1,1,0,0,0,4.5,weather_forecast,1,0,,,,,,,,,24.5,water_level_rainfall,1,0,0.0,0,0,0,0,402.0,early_warning
situation_20260201_1000_844547e2.pdf,2026-02-01,Landslide,2056,48350.0,165884.0,,,,,,,,68411.0,231304.0,650.0,,173.0,6018.0,108879.0,,,85.0,2199.0,6680.0,True,modern_11_column,1000,2026-02-01 10:00:00,4,50.0,,2.0,1,1,0,0,0,0,4.5,weather_forecast,1,1,0.0,0.0,0.0,14.0,37.0,0.5706666666666667,0.0,0.0,0.5,water_level_rainfall,1,0,0.0,0,0,0,0,522.0,early_warning
situation_20260202_1000_901ced60.pdf,2026-02-02,Landslide,2048,48350.0,165884.0,,,,,,,,68411.0,231304.0,650.0,,173.0,6018.0,108879.0,,,85.0,2199.0,6680.0,True,modern_11_column,1000,2026-02-02 10:00:00,4,50.0,,2.0,1,1,0,0,0,0,4.5,weather_forecast,1,1,0.0,0.0,0.0,8.0,42.0,0.5713333333333334,0.0,0.0,0.5,water_level_rainfall,1,0,0.0,0,0,0,0,546.0,early_warning
situation_20260202_1000_93cb050a.pdf,2026-02-02,Other,2264,,,,,,,,,,0.0,0.0,0.0,0.0,0.0,0.0,0.0,0.0,0.0,0.0,0.0,0.0,True,confirmed_zero_report,1000,2026-02-02 10:00:00,4,50.0,,2.0,1,1,0,0,0,0,4.5,weather_forecast,1,1,0.0,0.0,0.0,8.0,42.0,0.5713333333333334,0.0,0.0,0.5,water_level_rainfall,1,0,0.0,0,0,0,0,546.0,early_warning
situation_20260204_1000_49ba6914.pdf,2026-02-04,Landslide,2058,48350.0,165884.0,,,,,,,,68411.0,231304.0,650.0,,173.0,6018.0,108879.0,,,85.0,2199.0,6680.0,True,modern_11_column,1000,2026-02-04 10:00:00,4,,,2.0,0,1,0,0,0,0,4.5,weather_forecast,1,1,0.0,0.0,0.0,6.0,63.9,0.5713333333333334,0.0,0.0,0.5,water_level,1,0,0.0,0,0,0,0,594.0,early_warning
situation_20260206_1000_ff3594ed.pdf,2026-02-06,Landslide,2036,45056.0,155255.0,,,,,,,,65027.0,220408.0,650.0,,173.0,6018.0,108879.0,,,81.0,2109.0,6413.0,True,modern_11_column,1000,2026-02-06 10:00:00,4,50.0,40.0,2.0,1,1,1,0,0,0,4.5,weather_forecast,1,1,0.0,0.0,0.0,11.0,38.3,0.5733333333333334,0.0,0.0,0.5,water_level,1,0,0.0,0,0,0,0,642.0,early_warning
situation_20260208_1000_e44e7708.pdf,2026-02-08,Landslide,2050,45056.0,155255.0,,,,,,,,65027.0,220408.0,650.0,,173.0,6018.0,108879.0,,,81.0,2109.0,6413.0,True,modern_11_column,1000,2026-02-08 10:00:00,4,50.0,40.0,2.0,1,1,1,0,0,0,4.5,weather_forecast,1,0,,,,,,,,,24.5,water_level,1,0,0.0,0,0,0,0,690.0,early_warning
situation_20260209_1000_843bd47e.pdf,2026-02-09,Landslide,2035,45056.0,155255.0,,,,,,,,65027.0,220408.0,650.0,,173.0,6018.0,108879.0,,,81.0,2109.0,6413.0,True,modern_11_column,1000,2026-02-09 10:00:00,3,,,0.0,0,1,0,0,0,0,4.5,weather_forecast,1,1,0.0,0.0,0.0,4.0,0.0,0.5640000000000001,0.0,0.0,0.5,water_level_rainfall,1,0,0.0,0,0,0,0,714.0,early_warning
situation_20260210_1000_c15cdd3e.pdf,2026-02-10,Landslide,2051,45056.0,155255.0,,,,,,,,65027.0,220408.0,650.0,,173.0,6018.0,108879.0,,,81.0,2109.0,6413.0,True,modern_11_column,1000,2026-02-10 10:00:00,3,,,0.0,0,1,0,0,0,0,4.5,weather_forecast,1,1,0.0,0.0,0.0,3.0,31.2,0.5633333333333332,0.0,0.0,0.5,water_level_rainfall,1,0,0.0,0,0,0,0,738.0,early_warning
situation_20260214_1000_973d1e8d.pdf,2026-02-14,Landslide,2051,45056.0,155255.0,,,,,,,,65027.0,220408.0,650.0,,173.0,6018.0,108879.0,,,81.0,2109.0,6413.0,True,modern_11_column,1000,2026-02-14 10:00:00,4,75.0,,2.0,1,1,0,0,0,0,4.5,weather_forecast,1,1,0.0,0.0,0.0,5.0,40.8,0.62,0.0,0.0,0.5,water_level_rainfall,1,1,2.0,1,1,0,2,4.0,early_warning
situation_20260215_1000_e786a75f.pdf,2026-02-15,Landslide,2061,45056.0,155255.0,,,,,,,,65027.0,220408.0,650.0,,173.0,6018.0,108879.0,,,81.0,2109.0,6413.0,True,modern_11_column,1000,2026-02-15 10:00:00,4,75.0,,2.0,1,1,0,0,0,0,4.5,weather_forecast,1,2,0.0,0.0,0.0,9.0,91.5,0.85,0.0,0.0,0.5,water_level_rainfall,1,1,2.0,1,1,0,2,3.0,early_warning
situation_20260216_1000_3ad84596.pdf,2026-02-16,Landslide,2035,45056.0,155255.0,,,,,,,,65027.0,220408.0,650.0,,173.0,6018.0,108879.0,,,81.0,2109.0,6413.0,True,modern_11_column,1000,2026-02-16 10:00:00,4,50.0,,2.0,1,1,0,0,0,0,4.5,weather_forecast,1,3,0.0,0.0,0.0,9.0,1.5,0.8833333333333333,0.0,0.0,0.5,water_level_rainfall,1,1,1.0,2,0,0,2,1.0,early_warning
situation_20260217_1000_37a88032.pdf,2026-02-17,Landslide,2011,45056.0,155255.0,,,,,,,,65026.0,220405.0,650.0,,173.0,6018.0,108879.0,,,50.0,1358.0,4125.0,True,modern_11_column,1000,2026-02-17 10:00:00,4,100.0,60.0,2.0,1,1,1,1,1,0,4.5,weather_forecast,1,3,0.0,0.0,0.0,10.0,3.4,0.5613333333333334,0.0,0.0,0.5,water_level_rainfall,1,0,0.0,0,0,0,0,25.0,early_warning
situation_20260218_1000_f572d768.pdf,2026-02-18,Landslide,2044,45056.0,155255.0,,,,,,,,65026.0,220405.0,650.0,,173.0,6018.0,108879.0,,,50.0,1358.0,4125.0,True,modern_11_column,1000,2026-02-18 10:00:00,4,100.0,60.0,2.0,1,1,1,1,1,0,4.5,weather_forecast,1,4,0.0,0.0,0.0,13.0,52.8,0.5733333333333334,0.0,0.0,0.5,water_level_rainfall,1,0,0.0,0,0,0,0,49.0,early_warning
situation_20260220_1000_8b694316.pdf,2026-02-20,"Flood, Heavy Rain, Strong Wind",2692,,,,,,,,,,411.0,1318.0,0.0,0.0,0.0,1.0,2.0,0.0,0.0,0.0,0.0,0.0,True,grand_total,1000,2026-02-20 10:00:00,4,75.0,,2.0,1,1,0,0,0,0,4.5,weather_forecast,1,3,0.0,0.0,0.0,14.0,76.2,0.875,0.0,0.0,0.5,water_level_rainfall,1,1,2.0,2,1,0,2,2.0,early_warning
situation_20260220_1000_a92df030.pdf,2026-02-20,Landslide,2024,45034.0,155182.0,,,,,,,,64901.0,220044.0,650.0,,173.0,6018.0,108879.0,,,42.0,1151.0,3403.0,True,modern_11_column,1000,2026-02-20 10:00:00,4,75.0,,2.0,1,1,0,0,0,0,4.5,weather_forecast,1,3,0.0,0.0,0.0,14.0,76.2,0.875,0.0,0.0,0.5,water_level_rainfall,1,1,2.0,2,1,0,2,2.0,early_warning
situation_20260221_1000_287006de.pdf,2026-02-21,Landslide,1940,43831.0,149927.0,,,,,,,,64901.0,220044.0,650.0,,173.0,6018.0,108879.0,,,41.0,1150.0,3401.0,True,modern_11_column,1000,2026-02-21 10:00:00,4,100.0,,2.0,1,1,0,0,0,0,4.5,weather_forecast,1,5,1.0,0.0,0.0,14.0,73.7,1.02,0.0,0.0,0.5,water_level_rainfall,1,1,2.0,2,1,0,2,2.0,early_warning
situation_20260221_1000_a27dcf88.pdf,2026-02-21,"Flood, Heavy Rain",2406,,,,,,,,,,1284.0,4160.0,0.0,0.0,0.0,0.0,6.0,0.0,0.0,0.0,0.0,0.0,True,grand_total,1000,2026-02-21 10:00:00,4,100.0,,2.0,1,1,0,0,0,0,4.5,weather_forecast,1,5,1.0,0.0,0.0,14.0,73.7,1.02,0.0,0.0,0.5,water_level_rainfall,1,1,2.0,2,1,0,2,2.0,early_warning
situation_20260228_1000_dddac469.pdf,2026-02-28,Landslide,1852,43831.0,149927.0,,,,,,,,64901.0,220044.0,680.0,,154.0,5933.0,115501.0,,,32.0,1075.0,3146.0,True,modern_11_column,1000,2026-02-28 10:00:00,3,,,0.0,0,1,0,0,0,0,4.5,weather_forecast,1,0,,,,,,,,,72.5,water_level_rainfall,1,0,0.0,0,0,0,0,97.5,early_warning
situation_20260301_1000_ec02b3ab.pdf,2026-03-01,Landslide,1849,43831.0,149927.0,,,,,,,,64901.0,220044.0,680.0,,154.0,5933.0,115501.0,,,32.0,1075.0,3146.0,True,modern_11_column,1000,2026-03-01 10:00:00,3,,,0.0,0,1,0,0,0,0,4.5,weather_forecast,1,1,0.0,0.0,0.0,8.0,11.5,0.5733333333333334,0.0,0.0,0.0,water_level,1,0,0.0,0,0,0,0,121.5,early_warning
situation_20260302_1000_7cd70c0e.pdf,2026-03-02,Landslide,1849,43831.0,149927.0,,,,,,,,64901.0,220044.0,680.0,,154.0,5933.0,115501.0,,,32.0,1075.0,3146.0,True,modern_11_column,1000,2026-03-02 10:00:00,4,,,0.0,0,0,0,0,0,0,4.5,weather_forecast,1,1,0.0,0.0,0.0,8.0,11.5,0.5733333333333334,0.0,0.0,24.0,water_level,1,0,0.0,0,0,0,0,145.5,early_warning
situation_20260303_1000_4dbfa330.pdf,2026-03-03,Landslide,1873,43831.0,149927.0,,,,,,,,64901.0,220044.0,680.0,,154.0,5933.0,115501.0,,,32.0,1075.0,3146.0,True,modern_11_column,1000,2026-03-03 10:00:00,3,,,0.0,0,0,0,0,0,0,4.5,weather_forecast,1,1,0.0,0.0,0.0,5.0,0.0,0.5640000000000001,0.0,0.0,0.5,water_level,1,0,0.0,0,0,0,0,169.5,early_warning
situation_20260306_1000_ff855046.pdf,2026-03-06,Other,2860,43831.0,149927.0,669363.0,2362479.0,2151.0,88864.0,308685.0,45076.0,153594.0,64901.0,220044.0,680.0,,154.0,5902.0,115179.0,,,32.0,1075.0,3146.0,True,modern_18_column,1000,2026-03-06 10:00:00,3,,,0.0,0,1,0,0,0,0,4.5,weather_forecast,1,1,0.0,0.0,0.0,5.0,2.4,0.5633333333333332,0.0,0.0,0.5,water_level_rainfall,1,0,0.0,0,0,0,0,241.5,early_warning
situation_20260307_1000_851134fd.pdf,2026-03-07,Other,2178,43831.0,149927.0,,,,,,45076.0,153594.0,64901.0,220044.0,680.0,,154.0,5902.0,115179.0,,,32.0,957.0,2852.0,True,modern_13_column,1000,2026-03-07 10:00:00,3,,,0.0,0,0,0,0,0,0,4.5,weather_forecast,1,1,0.0,0.0,0.0,7.0,0.5,0.5753333333333334,0.0,0.0,0.5,water_level_rainfall,1,0,0.0,0,0,0,0,265.5,early_warning
situation_20260307_1000_dd3d5bb5.pdf,2026-03-07,Other,2347,,,,,,,,,,0.0,0.0,2.0,11.0,0.0,0.0,0.0,0.0,0.0,0.0,0.0,0.0,True,grand_total,1000,2026-03-07 10:00:00,3,,,0.0,0,0,0,0,0,0,4.5,weather_forecast,1,1,0.0,0.0,0.0,7.0,0.5,0.5753333333333334,0.0,0.0,0.5,water_level_rainfall,1,0,0.0,0,0,0,0,265.5,early_warning
situation_20260308_1000_4c2af055.pdf,2026-03-08,Other,2331,,,,,,,,,,0.0,0.0,0.0,0.0,0.0,0.0,0.0,0.0,0.0,0.0,0.0,0.0,True,grand_total,1000,2026-03-08 10:00:00,3,,,0.0,0,1,0,0,0,0,4.5,weather_forecast,1,1,0.0,0.0,0.0,8.0,65.1,0.5666666666666667,0.0,0.0,0.5,water_level,1,0,0.0,0,0,0,0,289.5,early_warning
situation_20260308_1000_efcd109c.pdf,2026-03-08,Other,2195,43831.0,149927.0,,,,,,45076.0,153594.0,64901.0,220044.0,680.0,,154.0,5902.0,115179.0,,,32.0,957.0,2852.0,True,modern_13_column,1000,2026-03-08 10:00:00,3,,,0.0,0,1,0,0,0,0,4.5,weather_forecast,1,1,0.0,0.0,0.0,8.0,65.1,0.5666666666666667,0.0,0.0,0.5,water_level,1,0,0.0,0,0,0,0,289.5,early_warning
situation_20260309_1000_a8e8f8e4.pdf,2026-03-09,Other,2325,,,,,,,,,,0.0,0.0,0.0,0.0,0.0,0.0,0.0,0.0,0.0,0.0,0.0,0.0,True,grand_total,1000,2026-03-09 10:00:00,3,,,0.0,0,1,0,0,0,0,4.5,weather_forecast,1,1,0.0,0.0,0.0,6.0,24.3,0.5700000000000001,0.0,0.0,0.5,water_level_rainfall,1,0,0.0,0,0,0,0,313.5,early_warning
situation_20260309_1000_d2200006.pdf,2026-03-09,Other,1958,43831.0,149927.0,,,,,,,,64901.0,220044.0,680.0,,154.0,5902.0,115179.0,,,32.0,957.0,2852.0,True,modern_11_column,1000,2026-03-09 10:00:00,3,,,0.0,0,1,0,0,0,0,4.5,weather_forecast,1,1,0.0,0.0,0.0,6.0,24.3,0.5700000000000001,0.0,0.0,0.5,water_level_rainfall,1,0,0.0,0,0,0,0,313.5,early_warning
situation_20260310_1000_d4c4f5b6.pdf,2026-03-10,Other,1968,43831.0,149927.0,,,,,,,,64901.0,220044.0,680.0,,154.0,5902.0,115179.0,,,32.0,957.0,2852.0,True,modern_11_column,1000,2026-03-10 10:00:00,3,,,0.0,0,1,0,0,0,0,4.5,weather_forecast,1,0,,,,,,,,,24.5,water_level_rainfall,1,0,0.0,0,0,0,0,337.5,early_warning
situation_20260310_1000_d691f9a8.pdf,2026-03-10,Other,2334,,,,,,,,,,0.0,0.0,0.0,0.0,0.0,0.0,0.0,0.0,0.0,0.0,0.0,0.0,True,grand_total,1000,2026-03-10 10:00:00,3,,,0.0,0,1,0,0,0,0,4.5,weather_forecast,1,0,,,,,,,,,24.5,water_level_rainfall,1,0,0.0,0,0,0,0,337.5,early_warning
situation_20260311_1000_c63fa4fa.pdf,2026-03-11,Other,2339,,,,,,,,,,0.0,0.0,0.0,0.0,0.0,0.0,0.0,0.0,0.0,0.0,0.0,0.0,True,grand_total,1000,2026-03-11 10:00:00,2,,,0.0,0,1,0,0,0,0,4.5,weather_forecast,1,1,0.0,0.0,0.0,5.0,2.0,0.5666666666666667,0.0,0.0,0.5,water_level_rainfall,1,0,0.0,0,0,0,0,361.5,early_warning
situation_20260313_1000_d3f77b76.pdf,2026-03-13,Other,1951,43831.0,149927.0,,,,,,,,64901.0,220044.0,680.0,,154.0,5902.0,115179.0,,,31.0,950.0,2833.0,True,modern_11_column,1000,2026-03-13 10:00:00,3,50.0,,2.0,1,1,0,0,0,0,4.5,weather_forecast,1,1,0.0,0.0,0.0,6.0,80.0,0.5933333333333334,0.0,0.0,0.5,water_level_rainfall,1,0,0.0,0,0,0,0,409.5,early_warning
situation_20260313_1000_34c7f9bc.pdf,2026-03-13,Strong Wind,2345,,,,,,,,,,1.0,3.0,0.0,0.0,0.0,0.0,1.0,0.0,0.0,0.0,0.0,0.0,True,grand_total,1000,2026-03-13 10:00:00,3,50.0,,2.0,1,1,0,0,0,0,4.5,weather_forecast,1,1,0.0,0.0,0.0,6.0,80.0,0.5933333333333334,0.0,0.0,0.5,water_level_rainfall,1,0,0.0,0,0,0,0,409.5,early_warning
situation_20260314_1000_20cf5518.pdf,2026-03-14,Strong Wind,2408,,,,,,,,,,2.0,7.0,0.0,0.0,0.0,0.0,2.0,0.0,0.0,0.0,0.0,0.0,True,grand_total,1000,2026-03-14 10:00:00,4,50.0,,2.0,1,1,0,0,0,0,4.5,weather_forecast,1,1,0.0,0.0,0.0,9.0,60.2,0.5993333333333334,0.0,0.0,0.5,water_level_rainfall,1,0,0.0,0,0,0,0,433.5,early_warning
situation_20260314_1000_66a0b446.pdf,2026-03-14,Other,1970,43831.0,149927.0,,,,,,,,64901.0,220044.0,680.0,,154.0,5902.0,115179.0,,,31.0,950.0,2833.0,True,modern_11_column,1000,2026-03-14 10:00:00,4,50.0,,2.0,1,1,0,0,0,0,4.5,weather_forecast,1,1,0.0,0.0,0.0,9.0,60.2,0.5993333333333334,0.0,0.0,0.5,water_level_rainfall,1,0,0.0,0,0,0,0,433.5,early_warning
situation_20260315_1000_0ca720ee.pdf,2026-03-15,Other,2332,,,,,,,,,,0.0,0.0,0.0,0.0,0.0,0.0,0.0,0.0,0.0,0.0,0.0,0.0,True,grand_total,1000,2026-03-15 10:00:00,3,50.0,,0.0,1,1,0,0,0,0,5.0,weather_forecast,1,1,0.0,0.0,0.0,4.0,72.5,0.5846666666666667,0.0,0.0,0.5,water_level_rainfall,1,0,0.0,0,0,0,0,457.5,early_warning
situation_20260315_1000_0e7309d5.pdf,2026-03-15,Other,1965,43831.0,149927.0,,,,,,,,64901.0,220044.0,680.0,,154.0,5902.0,115179.0,,,31.0,950.0,2833.0,True,modern_11_column,1000,2026-03-15 10:00:00,3,50.0,,0.0,1,1,0,0,0,0,5.0,weather_forecast,1,1,0.0,0.0,0.0,4.0,72.5,0.5846666666666667,0.0,0.0,0.5,water_level_rainfall,1,0,0.0,0,0,0,0,457.5,early_warning
situation_20260316_1000_72459e30.pdf,2026-03-16,Other,1951,43831.0,149927.0,,,,,,,,64901.0,220044.0,680.0,,154.0,5902.0,115179.0,,,31.0,950.0,2833.0,True,modern_11_column,1000,2026-03-16 10:00:00,3,,,0.0,0,1,0,0,0,0,4.5,weather_forecast,1,1,0.0,0.0,0.0,7.0,51.8,0.574,0.0,0.0,0.5,water_level_rainfall,1,0,0.0,0,0,0,0,481.5,early_warning
situation_20260316_1000_d42a6684.pdf,2026-03-16,Other,2318,,,,,,,,,,0.0,0.0,0.0,0.0,0.0,0.0,0.0,0.0,0.0,0.0,0.0,0.0,True,grand_total,1000,2026-03-16 10:00:00,3,,,0.0,0,1,0,0,0,0,4.5,weather_forecast,1,1,0.0,0.0,0.0,7.0,51.8,0.574,0.0,0.0,0.5,water_level_rainfall,1,0,0.0,0,0,0,0,481.5,early_warning
situation_20260318_1000_6453726a.pdf,2026-03-18,Other,2325,,,,,,,,,,0.0,0.0,0.0,0.0,0.0,0.0,0.0,0.0,0.0,0.0,0.0,0.0,True,grand_total,1000,2026-03-18 10:00:00,5,50.0,,2.0,1,1,0,0,0,0,4.5,weather_forecast,1,1,0.0,0.0,0.0,5.0,29.5,0.574,0.0,0.0,0.5,water_level_rainfall,1,0,0.0,0,0,0,0,529.5,early_warning
situation_20260319_1000_d109af0c.pdf,2026-03-19,Strong Wind,2646,,,,,,,,,,3.0,11.0,0.0,0.0,0.0,0.0,3.0,0.0,0.0,0.0,0.0,0.0,True,grand_total,1000,2026-03-19 10:00:00,4,75.0,,2.0,1,1,0,0,0,0,4.5,weather_forecast,1,1,0.0,0.0,0.0,10.0,68.5,0.5760000000000001,0.0,0.0,0.5,water_level_rainfall,1,0,0.0,0,0,0,0,553.5,early_warning
situation_20260321_1000_538504fb.pdf,2026-03-21,Strong Wind,2835,,,,,,,,,,67.0,258.0,0.0,0.0,0.0,0.0,67.0,3.0,0.0,0.0,0.0,0.0,True,grand_total,1000,2026-03-21 10:00:00,4,,,2.0,0,1,0,0,0,0,4.5,weather_forecast,1,0,,,,,,,,,48.5,water_level_rainfall,1,0,0.0,0,0,0,0,601.5,early_warning
situation_20260321_1000_d29aed91.pdf,2026-03-21,Other,2921,43831.0,149927.0,669363.0,2362479.0,2151.0,88864.0,308685.0,45076.0,153594.0,64901.0,220044.0,680.0,,154.0,5902.0,115179.0,,,31.0,950.0,2833.0,True,modern_18_column,1000,2026-03-21 10:00:00,4,,,2.0,0,1,0,0,0,0,4.5,weather_forecast,1,0,,,,,,,,,48.5,water_level_rainfall,1,0,0.0,0,0,0,0,601.5,early_warning
situation_20260322_1000_6b711417.pdf,2026-03-22,Strong Wind,3086,,,,,,,,,,70.0,270.0,0.0,0.0,0.0,0.0,70.0,3.0,0.0,0.0,0.0,0.0,True,grand_total,1000,2026-03-22 10:00:00,4,,,2.0,0,1,0,0,0,0,4.5,weather_forecast,1,0,,,,,,,,,72.5,water_level_rainfall,1,0,0.0,0,0,0,0,625.5,early_warning
situation_20260322_1000_03689f3f.pdf,2026-03-22,Other,1908,43831.0,149927.0,,,,,,,,64901.0,220044.0,680.0,,154.0,5902.0,115179.0,,,31.0,950.0,2833.0,True,modern_11_column,1000,2026-03-22 10:00:00,4,,,2.0,0,1,0,0,0,0,4.5,weather_forecast,1,0,,,,,,,,,72.5,water_level_rainfall,1,0,0.0,0,0,0,0,625.5,early_warning
situation_20260323_1000_845f1a3b.pdf,2026-03-23,Other,2890,43831.0,149927.0,669363.0,2362479.0,2151.0,88864.0,308685.0,45076.0,153594.0,64901.0,220044.0,680.0,,154.0,5902.0,115179.0,,,31.0,950.0,2833.0,True,modern_18_column,1000,2026-03-23 10:00:00,4,,,2.0,0,1,0,0,0,0,4.5,weather_forecast,1,0,,,,,,,,,96.5,water_level_rainfall,1,0,0.0,0,0,0,0,649.5,early_warning
situation_20260323_2200_39bf0edc.pdf,2026-03-23,Strong Wind,2610,,,,,,,,,,3.0,12.0,1.0,1.0,0.0,0.0,3.0,0.0,0.0,0.0,0.0,0.0,True,grand_total,2200,2026-03-23 22:00:00,3,,,0.0,0,1,0,0,0,0,6.0,weather_forecast,1,0,,,,,,,,,108.5,water_level_rainfall,1,0,0.0,0,0,0,0,661.5,early_warning
situation_20260324_1000_132619e3.pdf,2026-03-24,Other,1899,43831.0,149927.0,,,,,,,,64901.0,220044.0,680.0,,154.0,5902.0,115179.0,,,31.0,950.0,2833.0,True,modern_11_column,1000,2026-03-24 10:00:00,3,50.0,,0.0,1,1,0,0,0,0,4.5,weather_forecast,1,1,0.0,0.0,0.0,6.0,2.8,0.5733333333333334,0.0,0.0,0.5,water_level_rainfall,1,0,0.0,0,0,0,0,673.5,early_warning
situation_20260325_1000_4183cdcb.pdf,2026-03-25,"Heavy Rain, Strong Wind",2377,,,,,,,,,,1.0,3.0,0.0,0.0,0.0,0.0,1.0,0.0,0.0,0.0,0.0,0.0,True,grand_total,1000,2026-03-25 10:00:00,4,,,2.0,0,1,0,0,0,0,4.5,weather_forecast,1,1,0.0,0.0,0.0,6.0,19.2,0.5700000000000001,0.0,0.0,0.5,water_level_rainfall,1,0,0.0,0,0,0,0,697.5,early_warning
situation_20260325_1000_aea2c35d.pdf,2026-03-25,Other,1891,43831.0,149927.0,,,,,,,,64901.0,220044.0,687.0,,147.0,5902.0,115179.0,,,30.0,925.0,2757.0,True,modern_11_column,1000,2026-03-25 10:00:00,4,,,2.0,0,1,0,0,0,0,4.5,weather_forecast,1,1,0.0,0.0,0.0,6.0,19.2,0.5700000000000001,0.0,0.0,0.5,water_level_rainfall,1,0,0.0,0,0,0,0,697.5,early_warning
situation_20260326_1000_3588a594.pdf,2026-03-26,Other,2325,,,,,,,,,,0.0,0.0,0.0,0.0,0.0,0.0,0.0,0.0,0.0,0.0,0.0,0.0,True,grand_total,1000,2026-03-26 10:00:00,3,,,0.0,0,1,0,0,0,0,4.5,weather_forecast,1,1,0.0,0.0,0.0,4.0,0.7,0.5693333333333332,0.0,0.0,0.5,water_level_rainfall,1,0,0.0,0,0,0,0,721.5,early_warning
situation_20260327_1000_2092eaec.pdf,2026-03-27,Other,2316,,,,,,,,,,0.0,0.0,0.0,0.0,0.0,0.0,0.0,0.0,0.0,0.0,0.0,0.0,True,grand_total,1000,2026-03-27 10:00:00,3,,,0.0,0,1,0,0,0,0,4.5,weather_forecast,1,0,,,,,,,,,24.5,water_level_rainfall,1,0,0.0,0,0,0,0,745.5,early_warning
situation_20260329_1000_19c01d22.pdf,2026-03-29,Other,1908,43831.0,149927.0,,,,,,,,64901.0,220044.0,687.0,,147.0,5866.0,109629.0,,,30.0,869.0,2581.0,True,modern_11_column,1000,2026-03-29 10:00:00,3,,,0.0,0,1,0,0,0,0,4.5,weather_forecast,1,0,,,,,,,,,72.5,water_level_rainfall,1,0,0.0,0,0,0,0,793.5,early_warning
situation_20260329_1000_5eb6e423.pdf,2026-03-29,Other,2340,,,,,,,,,,0.0,0.0,0.0,0.0,0.0,0.0,0.0,0.0,0.0,0.0,0.0,0.0,True,grand_total,1000,2026-03-29 10:00:00,3,,,0.0,0,1,0,0,0,0,4.5,weather_forecast,1,0,,,,,,,,,72.5,water_level_rainfall,1,0,0.0,0,0,0,0,793.5,early_warning
situation_20260330_1000_669bfaa6.pdf,2026-03-30,Other,1881,43831.0,149927.0,,,,,,,,64901.0,220044.0,687.0,,147.0,5866.0,109629.0,,,30.0,869.0,2581.0,True,modern_11_column,1000,2026-03-30 10:00:00,3,,,0.0,0,1,0,0,0,0,4.5,weather_forecast,1,0,,,,,,,,,96.5,water_level_rainfall,1,0,0.0,0,0,0,0,817.5,early_warning
situation_20260330_1000_385eb0a1.pdf,2026-03-30,Other,2313,,,,,,,,,,0.0,0.0,0.0,0.0,0.0,0.0,0.0,0.0,0.0,0.0,0.0,0.0,True,grand_total,1000,2026-03-30 10:00:00,3,,,0.0,0,1,0,0,0,0,4.5,weather_forecast,1,0,,,,,,,,,96.5,water_level_rainfall,1,0,0.0,0,0,0,0,817.5,early_warning
situation_20260331_1000_79eb5c13.pdf,2026-03-31,Other,1881,43831.0,149927.0,,,,,,,,64901.0,220044.0,687.0,,147.0,5866.0,109629.0,,,30.0,869.0,2581.0,True,modern_11_column,1000,2026-03-31 10:00:00,3,,,0.0,0,1,0,0,0,0,4.5,weather_forecast,1,0,,,,,,,,,120.5,water_level_rainfall,1,0,0.0,0,0,0,0,841.5,early_warning
situation_20260331_1000_974bb2e1.pdf,2026-03-31,Strong Wind,2388,,,,,,,,,,15.0,58.0,0.0,0.0,0.0,0.0,15.0,0.0,0.0,0.0,0.0,0.0,True,grand_total,1000,2026-03-31 10:00:00,3,,,0.0,0,1,0,0,0,0,4.5,weather_forecast,1,0,,,,,,,,,120.5,water_level_rainfall,1,0,0.0,0,0,0,0,841.5,early_warning
situation_20260401_1000_29307b05.pdf,2026-04-01,Other,2330,,,,,,,,,,0.0,0.0,0.0,0.0,0.0,0.0,0.0,0.0,0.0,0.0,0.0,0.0,True,grand_total,1000,2026-04-01 10:00:00,3,,,0.0,0,1,0,0,0,0,4.5,weather_forecast,1,1,0.0,0.0,0.0,7.0,53.8,0.5686666666666667,0.0,0.0,0.5,water_level_rainfall,1,0,0.0,0,0,0,0,865.5,early_warning
situation_20260401_1000_f1ab5966.pdf,2026-04-01,Other,1895,43831.0,149927.0,,,,,,,,64901.0,220044.0,687.0,,147.0,5866.0,109629.0,,,29.0,818.0,2435.0,True,modern_11_column,1000,2026-04-01 10:00:00,3,,,0.0,0,1,0,0,0,0,4.5,weather_forecast,1,1,0.0,0.0,0.0,7.0,53.8,0.5686666666666667,0.0,0.0,0.5,water_level_rainfall,1,0,0.0,0,0,0,0,865.5,early_warning
situation_20260402_1000_1cdb55f0.pdf,2026-04-02,Other,2337,,,,,,,,,,0.0,0.0,0.0,0.0,0.0,0.0,0.0,0.0,0.0,0.0,0.0,0.0,True,grand_total,1000,2026-04-02 10:00:00,3,50.0,,0.0,1,1,0,0,0,0,4.5,weather_forecast,1,0,,,,,,,,,24.5,water_level_rainfall,1,0,0.0,0,0,0,0,889.5,early_warning
situation_20260402_1000_864a02fa.pdf,2026-04-02,Other,1900,43831.0,149927.0,,,,,,,,64901.0,220044.0,687.0,,147.0,5866.0,109629.0,,,29.0,818.0,2435.0,True,modern_11_column,1000,2026-04-02 10:00:00,3,50.0,,0.0,1,1,0,0,0,0,4.5,weather_forecast,1,0,,,,,,,,,24.5,water_level_rainfall,1,0,0.0,0,0,0,0,889.5,early_warning
situation_20260403_1000_c910d5f9.pdf,2026-04-03,"Heavy Rain, Strong Wind",2376,,,,,,,,,,1.0,5.0,0.0,0.0,0.0,0.0,1.0,0.0,0.0,0.0,0.0,0.0,True,grand_total,1000,2026-04-03 10:00:00,5,75.0,,2.0,1,1,0,0,0,0,3.0,weather_forecast,1,0,,,,,,,,,48.5,water_level_rainfall,1,0,0.0,0,0,0,0,913.5,early_warning
situation_20260404_1000_eb0f9599.pdf,2026-04-04,"Heavy Rain, Strong Wind",2638,,,,,,,,,,13.0,41.0,0.0,0.0,0.0,0.0,13.0,0.0,0.0,0.0,0.0,0.0,True,grand_total,1000,2026-04-04 10:00:00,4,75.0,,2.0,1,1,0,0,0,0,4.5,weather_forecast,1,0,,,,,,,,,72.5,water_level_rainfall,1,0,0.0,0,0,0,0,937.5,early_warning
situation_20260405_1000_f550e89b.pdf,2026-04-05,"Heavy Rain, Strong Wind",2633,,,,,,,,,,13.0,41.0,0.0,0.0,0.0,0.0,13.0,0.0,0.0,0.0,0.0,0.0,True,grand_total,1000,2026-04-05 10:00:00,4,50.0,,2.0,1,1,0,0,0,0,4.5,weather_forecast,1,1,0.0,0.0,0.0,7.0,51.2,0.614,0.0,0.0,0.5,water_level_rainfall,1,1,1.0,1,0,0,1,16.5,early_warning
situation_20260406_1000_46148868.pdf,2026-04-06,Other,2317,,,,,,,,,,0.0,0.0,0.0,0.0,0.0,0.0,0.0,0.0,0.0,0.0,0.0,0.0,True,grand_total,1000,2026-04-06 10:00:00,4,50.0,,2.0,1,1,0,0,0,0,4.5,weather_forecast,1,0,,,,,,,,,24.5,water_level_rainfall,1,0,0.0,0,0,0,0,40.5,early_warning
situation_20260407_1000_a3f01f0e.pdf,2026-04-07,"Strong Wind, Lightning",3373,,,,,,,,,,29.0,95.0,0.0,0.0,0.0,0.0,32.0,0.0,0.0,0.0,0.0,0.0,True,grand_total,1000,2026-04-07 10:00:00,4,,,2.0,0,1,0,0,0,0,4.5,weather_forecast,1,0,,,,,,,,,48.5,water_level_rainfall,1,0,0.0,0,0,0,0,64.5,early_warning
situation_20260407_1000_dda7ec2c.pdf,2026-04-07,Other,1882,43831.0,149927.0,,,,,,,,64901.0,220044.0,687.0,,147.0,5866.0,109629.0,,,29.0,818.0,2435.0,True,modern_11_column,1000,2026-04-07 10:00:00,4,,,2.0,0,1,0,0,0,0,4.5,weather_forecast,1,0,,,,,,,,,48.5,water_level_rainfall,1,0,0.0,0,0,0,0,64.5,early_warning
situation_20260410_1000_fbefcca4.pdf,2026-04-10,Other,2330,,,,,,,,,,0.0,0.0,0.0,0.0,0.0,0.0,0.0,0.0,0.0,0.0,0.0,0.0,True,grand_total,1000,2026-04-10 10:00:00,3,,,0.0,0,1,0,0,0,0,4.5,weather_forecast,1,0,,,,,,,,,24.5,water_level_rainfall,1,0,0.0,0,0,0,0,136.5,early_warning
situation_20260412_1000_725a2bd4.pdf,2026-04-12,Other,2332,,,,,,,,,,0.0,0.0,0.0,0.0,0.0,0.0,0.0,0.0,0.0,0.0,0.0,0.0,True,grand_total,1000,2026-04-12 10:00:00,4,75.0,,2.0,1,1,0,0,0,0,4.5,weather_forecast,1,0,,,,,,,,,72.5,water_level_rainfall,1,0,0.0,0,0,0,0,184.5,early_warning
situation_20260413_1000_6680d09d.pdf,2026-04-13,Other,2372,,,,,,,,,,1.0,2.0,0.0,0.0,0.0,0.0,1.0,0.0,0.0,0.0,0.0,0.0,True,grand_total,1000,2026-04-13 10:00:00,5,75.0,,2.0,1,1,0,0,0,0,4.5,weather_forecast,1,0,,,,,,,,,96.5,water_level_rainfall,1,0,0.0,0,0,0,0,208.5,early_warning
situation_20260414_1000_88c3f706.pdf,2026-04-14,Other,2389,,,,,,,,,,1.0,2.0,1.0,0.0,0.0,0.0,1.0,0.0,0.0,0.0,0.0,0.0,True,grand_total,1000,2026-04-14 10:00:00,5,75.0,,2.0,1,1,0,0,0,0,4.5,weather_forecast,1,0,,,,,,,,,120.5,water_level_rainfall,1,1,1.0,4,0,0,4,18.0,early_warning
situation_20260415_1000_482976ae.pdf,2026-04-15,Other,2337,,,,,,,,,,0.0,0.0,0.0,0.0,0.0,0.0,0.0,0.0,0.0,0.0,0.0,0.0,True,grand_total,1000,2026-04-15 10:00:00,4,50.0,,2.0,1,1,0,0,0,0,4.5,weather_forecast,1,1,0.0,0.0,0.0,5.0,26.7,0.5806666666666668,0.0,0.0,0.5,water_level,1,0,0.0,0,0,0,0,42.0,early_warning
situation_20260415_1800_e1596f02.pdf,2026-04-15,Other,1908,43831.0,149927.0,,,,,,,,64901.0,220044.0,687.0,,147.0,5866.0,109629.0,,,20.0,494.0,1404.0,True,modern_11_column,1800,2026-04-15 18:00:00,3,50.0,,2.0,1,1,0,0,0,0,2.0,weather_forecast,1,1,0.0,0.0,0.0,5.0,26.7,0.5806666666666668,0.0,0.0,8.5,water_level,1,0,0.0,0,0,0,0,50.0,early_warning
situation_20260416_1000_50571a70.pdf,2026-04-16,Other,1893,43831.0,149927.0,,,,,,,,64901.0,220044.0,687.0,,147.0,5866.0,109629.0,,,20.0,494.0,1404.0,True,modern_11_column,1000,2026-04-16 10:00:00,3,50.0,,2.0,1,1,0,0,0,0,4.5,weather_forecast,1,1,0.0,0.0,0.0,4.0,44.3,0.6086666666666667,0.0,0.0,0.5,water_level,1,0,0.0,0,0,0,0,66.0,early_warning
situation_20260416_1000_ef454181.pdf,2026-04-16,Other,2735,,,,,,,,,,1.0,4.0,3.0,0.0,2.0,0.0,0.0,0.0,0.0,0.0,0.0,0.0,True,grand_total,1000,2026-04-16 10:00:00,3,50.0,,2.0,1,1,0,0,0,0,4.5,weather_forecast,1,1,0.0,0.0,0.0,4.0,44.3,0.6086666666666667,0.0,0.0,0.5,water_level,1,0,0.0,0,0,0,0,66.0,early_warning
situation_20260417_1000_77f76f25.pdf,2026-04-17,Other,2747,,,,,,,,,,1.0,4.0,10.0,2.0,1.0,0.0,0.0,0.0,0.0,0.0,0.0,0.0,True,grand_total,1000,2026-04-17 10:00:00,4,,,2.0,0,1,0,0,0,0,4.5,weather_forecast,1,0,,,,,,,,,24.5,water_level,1,0,0.0,0,0,0,0,90.0,early_warning
situation_20260418_1000_5de88b8a.pdf,2026-04-18,"Strong Wind, Lightning",3024,,,,,,,,,,145.0,571.0,9.0,4.0,0.0,4.0,141.0,0.0,0.0,0.0,0.0,0.0,True,grand_total,1000,2026-04-18 10:00:00,3,,,2.0,0,1,0,0,0,0,18.0,weather_forecast,1,0,,,,,,,,,48.5,water_level,1,0,0.0,0,0,0,0,114.0,early_warning
situation_20260419_1000_b7011387.pdf,2026-04-19,"Strong Wind, Lightning",3022,,,,,,,,,,145.0,571.0,9.0,4.0,0.0,4.0,141.0,0.0,0.0,0.0,0.0,0.0,True,grand_total,1000,2026-04-19 10:00:00,3,50.0,,0.0,1,1,0,0,0,0,4.5,weather_forecast,1,0,,,,,,,,,72.5,water_level,1,0,0.0,0,0,0,0,138.0,early_warning
situation_20260420_1000_2f48f162.pdf,2026-04-20,Other,2337,,,,,,,,,,0.0,0.0,0.0,0.0,0.0,0.0,0.0,0.0,0.0,0.0,0.0,0.0,True,grand_total,1000,2026-04-20 10:00:00,4,75.0,,2.0,1,1,0,0,0,0,4.5,weather_forecast,1,0,,,,,,,,,96.5,water_level,1,0,0.0,0,0,0,0,162.0,early_warning
situation_20260421_1000_dcfbdfe2.pdf,2026-04-21,Other,2335,,,,,,,,,,0.0,0.0,0.0,0.0,0.0,0.0,0.0,0.0,0.0,0.0,0.0,0.0,True,grand_total,1000,2026-04-21 10:00:00,5,100.0,,2.0,1,1,0,0,0,0,4.5,weather_forecast,1,0,,,,,,,,,120.5,water_level,1,0,0.0,0,0,0,0,186.0,early_warning
situation_20260422_1000_7fafdca9.pdf,2026-04-22,Lightning,2529,,,,,,,,,,0.0,0.0,0.0,0.0,0.0,0.0,0.0,0.0,0.0,0.0,0.0,0.0,True,grand_total,1000,2026-04-22 10:00:00,4,100.0,,0.0,1,1,0,0,0,0,4.5,weather_forecast,1,0,,,,,,,,,144.5,water_level,1,0,0.0,0,0,0,0,210.0,early_warning
situation_20260423_1000_a8c6acf2.pdf,2026-04-23,"Flood, Heavy Rain",3124,,,,,,,,,,146.0,678.0,1.0,1.0,0.0,0.0,67.0,0.0,0.0,0.0,0.0,0.0,True,grand_total,1000,2026-04-23 10:00:00,4,75.0,,2.0,1,1,0,0,0,0,4.5,weather_forecast,1,0,,,,,,,,,168.5,water_level,1,0,0.0,0,0,0,0,234.0,early_warning
situation_20260424_1000_69b97ad6.pdf,2026-04-24,"Flood, Heavy Rain, Strong Wind",3402,,,,,,,,,,147.0,682.0,1.0,1.0,0.0,5.0,68.0,0.0,1.0,0.0,0.0,0.0,True,grand_total,1000,2026-04-24 10:00:00,4,75.0,,2.0,1,1,0,0,0,0,4.5,weather_forecast,1,1,0.0,0.0,0.0,5.0,72.5,0.72,0.0,0.0,0.5,water_level_rainfall,1,1,1.0,2,0,0,2,18.0,early_warning
situation_20260425_1000_e162da3b.pdf,2026-04-25,Lightning,2400,,,,,,,,,,0.0,0.0,1.0,3.0,0.0,0.0,0.0,0.0,0.0,0.0,0.0,0.0,True,grand_total_ref_fallback,1000,2026-04-25 10:00:00,4,75.0,,2.0,1,1,0,0,0,0,4.5,weather_forecast,1,0,,,,,,,,,24.5,water_level_rainfall,1,1,1.0,1,0,0,1,18.0,early_warning
situation_20260426_1000_9bd42034.pdf,2026-04-26,Lightning,2400,,,,,,,,,,0.0,0.0,1.0,3.0,0.0,0.0,0.0,0.0,0.0,0.0,0.0,0.0,True,grand_total_ref_fallback,1000,2026-04-26 10:00:00,4,,,2.0,0,1,0,0,0,0,4.5,weather_forecast,1,1,0.0,0.0,0.0,4.0,27.0,0.594,0.0,0.0,0.5,water_level_rainfall,1,0,0.0,0,0,0,0,42.0,early_warning
situation_20260427_1000_83734d53.pdf,2026-04-27,Other,2322,,,,,,,,,,0.0,0.0,0.0,0.0,0.0,0.0,0.0,0.0,0.0,0.0,0.0,0.0,True,grand_total,1000,2026-04-27 10:00:00,4,75.0,,2.0,1,1,0,0,0,0,4.5,weather_forecast,1,0,,,,,,,,,24.5,water_level_rainfall,1,0,0.0,0,0,0,0,66.0,early_warning
situation_20260428_1000_13e7281f.pdf,2026-04-28,Strong Wind,2364,,,,,,,,,,1.0,6.0,0.0,0.0,0.0,0.0,1.0,0.0,0.0,0.0,0.0,0.0,True,grand_total,1000,2026-04-28 10:00:00,4,75.0,,2.0,1,1,0,0,0,0,4.5,weather_forecast,1,0,,,,,,,,,48.5,water_level_rainfall,1,0,0.0,0,0,0,0,90.0,early_warning
situation_20260429_1000_2870b5a5.pdf,2026-04-29,Lightning,2589,,,,,,,,,,0.0,0.0,2.0,0.0,0.0,0.0,1.0,0.0,0.0,0.0,0.0,0.0,True,grand_total,1000,2026-04-29 10:00:00,4,50.0,,2.0,1,1,0,0,0,0,4.5,weather_forecast,1,0,,,,,,,,,72.5,water_level_rainfall,1,0,0.0,0,0,0,0,114.0,early_warning
situation_20260430_1000_221e6737.pdf,2026-04-30,Strong Wind,2645,,,,,,,,,,3.0,9.0,1.0,0.0,0.0,0.0,2.0,0.0,0.0,0.0,0.0,0.0,True,grand_total,1000,2026-04-30 10:00:00,4,50.0,,2.0,1,1,0,0,0,0,4.5,weather_forecast,1,1,0.0,0.0,0.0,12.0,53.1,0.59,0.0,0.0,0.5,water_level_rainfall,1,0,0.0,0,0,0,0,138.0,early_warning
situation_20260501_1000_c33871df.pdf,2026-05-01,"Strong Wind, Lightning",2691,,,,,,,,,,26.0,94.0,0.0,0.0,0.0,0.0,23.0,0.0,0.0,0.0,0.0,0.0,True,grand_total,1000,2026-05-01 10:00:00,3,50.0,,0.0,1,1,0,0,0,0,4.5,weather_forecast,1,0,,,,,,,,,24.5,water_level_rainfall,1,0,0.0,0,0,0,0,162.0,early_warning
situation_20260502_1000_e1f75b1a.pdf,2026-05-02,"Heavy Rain, Strong Wind, Lightning",2658,,,,,,,,,,21.0,73.0,0.0,0.0,0.0,0.0,18.0,0.0,0.0,0.0,0.0,0.0,True,grand_total,1000,2026-05-02 10:00:00,4,,,2.0,0,1,0,0,0,0,4.5,weather_forecast,1,0,,,,,,,,,48.5,water_level_rainfall,1,0,0.0,0,0,0,0,186.0,early_warning
situation_20260503_1000_99f71816.pdf,2026-05-03,Lightning,2364,,,,,,,,,,1.0,2.0,1.0,1.0,0.0,0.0,0.0,0.0,0.0,0.0,0.0,0.0,True,grand_total,1000,2026-05-03 10:00:00,5,50.0,,2.0,1,1,0,0,0,0,3.0,weather_forecast,1,0,,,,,,,,,72.5,water_level_rainfall,1,0,0.0,0,0,0,0,210.0,early_warning
situation_20260504_1000_c0e045e1.pdf,2026-05-04,"Heavy Rain, Lightning",3245,,,,,,,,,,25.0,112.0,1.0,1.0,0.0,4.0,13.0,0.0,0.0,0.0,0.0,0.0,True,grand_total,1000,2026-05-04 10:00:00,5,50.0,40.0,2.0,1,1,1,0,0,0,3.0,weather_forecast,1,0,,,,,,,,,96.5,water_level_rainfall,1,0,0.0,0,0,0,0,234.0,early_warning
situation_20260505_1000_755d3978.pdf,2026-05-05,"Heavy Rain, Lightning",3563,,,,,,,,,,31.0,131.0,3.0,1.0,0.0,4.0,22.0,0.0,0.0,0.0,0.0,0.0,True,grand_total,1000,2026-05-05 10:00:00,4,50.0,40.0,2.0,1,1,1,0,0,0,4.5,weather_forecast,1,0,,,,,,,,,120.5,water_level_rainfall,1,0,0.0,0,0,0,0,258.0,early_warning
situation_20260507_1000_d0d1276a.pdf,2026-05-07,Strong Wind,3167,,,,,,,,,,11.0,54.0,0.0,1.0,0.0,0.0,12.0,0.0,0.0,0.0,0.0,0.0,True,grand_total,1000,2026-05-07 10:00:00,4,100.0,,2.0,1,1,0,0,0,0,4.5,weather_forecast,1,1,0.0,0.0,0.0,11.0,89.7,0.7186666666666667,0.0,0.0,0.5,water_level_rainfall,1,0,0.0,0,0,0,0,306.0,early_warning
situation_20260509_1000_74e91f64.pdf,2026-05-09,Lightning,2638,,,,,,,,,,3.0,12.0,0.0,0.0,0.0,0.0,1.0,0.0,1.0,0.0,0.0,0.0,True,grand_total,1000,2026-05-09 10:00:00,6,100.0,,2.0,1,1,0,0,0,0,4.5,weather_forecast,1,1,0.0,0.0,0.0,10.0,123.3,0.966,0.0,0.0,0.5,water_level_rainfall,1,0,0.0,0,0,0,0,354.0,early_warning
situation_20260511_1000_50328cd4.pdf,2026-05-11,"Landslide, Heavy Rain, Strong Wind, Lightning",3214,,,,,,,,,,37.0,149.0,0.0,0.0,0.0,1.0,10.0,1.0,1.0,0.0,0.0,0.0,True,grand_total,1000,2026-05-11 10:00:00,4,100.0,,2.0,1,1,0,0,0,0,4.5,weather_forecast,1,5,1.0,0.0,1.0,17.0,70.9,1.45,0.0,0.0,0.5,water_level_rainfall,1,1,1.0,5,0,0,5,13.0,early_warning
situation_20260512_1000_78a5f5ef.pdf,2026-05-12,"Flood, Heavy Rain, Lightning",2765,,,,,,,,,,27.0,85.0,0.0,0.0,0.0,0.0,9.0,1.0,0.0,1.0,7.0,17.0,True,grand_total,1000,2026-05-12 10:00:00,7,100.0,,2.0,1,1,0,1,1,0,4.5,weather_forecast,1,7,0.0,0.0,0.0,19.0,69.0,0.792,0.0,0.0,0.5,water_level_rainfall,1,1,2.0,8,1,0,8,13.0,early_warning
situation_20260513_1000_b7ae321a.pdf,2026-05-13,"Flood, Heavy Rain, Strong Wind, Lightning",3642,,,,,,,,,,62.0,203.0,1.0,0.0,0.0,0.0,39.0,1.0,0.0,1.0,7.0,17.0,True,grand_total,1000,2026-05-13 10:00:00,7,200.0,,3.0,1,1,0,1,1,0,0.5,heavy_rain,1,7,0.0,0.0,0.0,22.0,134.9,0.971153846153846,0.0,0.0,0.5,water_level_rainfall,1,1,2.0,11,5,0,11,1.0,early_warning
situation_20260514_1000_43941880.pdf,2026-05-14,"Flood, Heavy Rain, Strong Wind, Lightning",5032,,,,,,,,,,1113.0,3475.0,1.0,0.0,0.0,0.0,88.0,1.0,0.0,8.0,489.0,1310.0,True,grand_total,1000,2026-05-14 10:00:00,7,100.0,,3.0,1,1,0,1,1,0,1.0,heavy_rain,1,8,5.0,0.0,0.0,24.0,64.2,1.29,0.0,0.0,1.0,water_level,1,1,2.0,11,3,0,11,1.0,early_warning
situation_20260515_1000_b5370cef.pdf,2026-05-15,"Flood, Landslide, Heavy Rain, Strong Wind, Lightning",6321,,,,,,,,,,1151.0,3623.0,2.0,2.0,0.0,1.0,112.0,2.0,0.0,3.0,34.0,123.0,True,grand_total,1000,2026-05-15 10:00:00,7,150.0,,3.0,1,1,0,1,1,0,0.5,heavy_rain,1,10,2.0,2.0,0.0,17.0,180.0,1.4303030303030304,1.0,0.0,0.5,water_level,1,1,2.0,13,6,0,13,12.0,early_warning
situation_20260516_1000_00db5e05.pdf,2026-05-16,"Flood, Landslide, Heavy Rain, Strong Wind, Lightning",6614,,,,,,,,,,1338.0,4354.0,2.0,1.0,0.0,1.0,149.0,0.0,0.0,3.0,82.0,250.0,True,grand_total,1000,2026-05-16 10:00:00,4,100.0,,2.0,1,1,0,1,1,0,4.5,weather_forecast,1,9,2.0,2.0,0.0,9.0,26.4,1.4363636363636365,1.0,0.0,0.5,water_level_rainfall,1,1,2.0,13,6,0,13,18.0,early_warning
situation_20260517_1000_7a00b5c2.pdf,2026-05-17,"Flood, Landslide, Heavy Rain, Strong Wind, Lightning",7418,,,,,,,,,,1574.0,5242.0,2.0,1.0,0.0,1.0,192.0,0.0,0.0,5.0,52.0,162.0,True,grand_total,1000,2026-05-17 10:00:00,4,75.0,,2.0,1,1,0,1,1,0,4.5,weather_forecast,1,4,1.0,1.0,0.0,7.0,46.9,1.402,1.0,0.0,0.5,water_level_rainfall,1,1,2.0,13,5,0,13,18.0,early_warning
situation_20260518_1000_a091fb5e.pdf,2026-05-18,"Flood, Landslide, Heavy Rain, Strong Wind, Lightning",7481,,,,,,,,,,1585.0,5277.0,2.0,1.0,0.0,1.0,204.0,0.0,0.0,2.0,42.0,135.0,True,grand_total,1000,2026-05-18 10:00:00,4,50.0,40.0,1.0,1,1,1,1,0,0,4.5,weather_forecast,1,1,1.0,0.0,0.0,3.0,13.5,1.1800000000000002,0.0,0.0,0.5,water_level_rainfall,1,1,2.0,8,1,0,8,16.25,warning
situation_20260519_1000_ab423649.pdf,2026-05-19,"Flood, Landslide, Heavy Rain, Strong Wind, Lightning",7582,,,,,,,,,,1602.0,5336.0,2.0,1.0,0.0,1.0,221.0,0.0,0.0,0.0,0.0,0.0,True,grand_total,1000,2026-05-19 10:00:00,4,50.0,40.0,2.0,1,1,1,0,0,0,4.5,weather_forecast,1,2,0.0,0.0,0.0,3.0,25.5,0.788,0.0,1.0,0.0,flood_warning,1,1,1.0,3,0,0,3,18.0,early_warning
situation_20260520_1000_ceaeff47.pdf,2026-05-20,"Flood, Landslide, Heavy Rain, Strong Wind, Lightning",7759,,,,,,,,,,1613.0,5366.0,2.0,1.0,0.0,6.0,230.0,0.0,0.0,0.0,0.0,0.0,True,grand_total,1000,2026-05-20 10:00:00,5,50.0,40.0,2.0,1,1,1,0,0,0,4.5,weather_forecast,1,2,0.0,0.0,0.0,7.0,34.4,0.7333333333333334,0.0,1.0,0.5,water_level_rainfall,1,0,0.0,0,0,0,0,42.0,early_warning
situation_20260521_1000_8ee96b08.pdf,2026-05-21,"Flood, Landslide, Heavy Rain, Strong Wind, Lightning",7811,,,,,,,,,,1614.0,5369.0,2.0,1.0,0.0,6.0,231.0,0.0,1.0,0.0,0.0,0.0,True,grand_total,1000,2026-05-21 10:00:00,4,50.0,40.0,0.0,1,1,1,0,0,0,3.0,weather_forecast,1,1,0.0,0.0,0.0,4.0,31.4,0.66,0.0,0.0,0.5,water_level_rainfall,1,0,0.0,0,0,0,0,66.0,early_warning
situation_20260522_1000_d803f279.pdf,2026-05-22,"Flood, Landslide, Heavy Rain, Strong Wind, Lightning",7891,,,,,,,,,,1651.0,5500.0,2.0,1.0,0.0,6.0,234.0,0.0,1.0,0.0,0.0,0.0,True,grand_total,1000,2026-05-22 10:00:00,3,200.0,45.0,3.0,1,1,1,0,0,0,5.5,heavy_rain,1,3,0.0,0.0,0.0,0.0,,,1.0,0.0,0.0,flood_warning,1,1,3.0,4,5,2,6,1.0,warning
situation_20260523_1000_5dbcd2f0.pdf,2026-05-23,"Flood, Landslide, Heavy Rain, Strong Wind, Lightning",9273,,,,,,,,,,4662.0,17736.0,3.0,1.0,0.0,8.0,357.0,14.0,1.0,11.0,85.0,297.0,True,grand_total,1000,2026-05-23 10:00:00,3,100.0,45.0,0.0,1,1,1,0,0,0,4.5,weather_forecast,1,9,5.0,3.0,0.0,14.0,47.0,1.5696969696969696,1.0,0.0,3.5,water_level,1,1,3.0,4,5,2,6,1.0,early_warning
situation_20260524_1000_d5e5848b.pdf,2026-05-24,"Flood, Landslide, Heavy Rain, Strong Wind, Lightning",6295,,,,,,,,,,7983.0,31072.0,1.0,1.0,0.0,2.0,859.0,0.0,0.0,18.0,446.0,1724.0,True,grand_total,1000,2026-05-24 10:00:00,4,100.0,60.0,0.0,1,1,1,0,0,0,3.0,weather_forecast,1,8,4.0,2.0,0.0,7.0,14.4,1.5393939393939395,0.0,0.0,0.5,water_level_rainfall,1,1,2.0,6,2,0,6,4.0,early_warning
situation_20260525_1000_efb0f9b4.pdf,2026-05-25,"Flood, Landslide, Heavy Rain, Strong Wind, Lightning",6371,,,,,,,,,,7984.0,31078.0,1.0,1.0,0.0,2.0,860.0,0.0,0.0,18.0,446.0,1724.0,True,grand_total,1000,2026-05-25 10:00:00,4,75.0,60.0,0.0,1,1,1,0,0,0,4.0,weather_forecast,1,7,3.0,0.0,0.0,9.0,105.2,1.288,0.0,0.0,0.5,water_level,1,1,2.0,6,2,0,6,17.0,early_warning
situation_20260526_1000_c93d604b.pdf,2026-05-26,"Flood, Landslide, Heavy Rain, Strong Wind, Lightning",6312,,,,,,,,,,7984.0,31078.0,1.0,1.0,0.0,2.0,872.0,0.0,0.0,10.0,72.0,254.0,True,grand_total,1000,2026-05-26 10:00:00,4,100.0,40.0,2.0,1,1,1,0,0,0,4.5,weather_forecast,1,8,1.0,0.0,0.0,15.0,68.0,1.084,0.0,0.0,1.0,water_level,1,1,2.0,6,2,0,6,18.0,early_warning
situation_20260527_1000_74033c6f.pdf,2026-05-27,"Flood, Heavy Rain, Strong Wind, Lightning",5387,,,,,,,,,,4855.0,18532.0,1.0,1.0,0.0,3.0,927.0,0.0,0.0,9.0,69.0,245.0,True,grand_total,1000,2026-05-27 10:00:00,5,75.0,40.0,2.0,1,1,1,0,0,0,4.5,weather_forecast,1,5,1.0,0.0,0.0,17.0,70.1,1.09,0.0,0.0,0.5,water_level,1,1,2.0,4,1,0,4,18.0,warning
situation_20260528_1000_295205da.pdf,2026-05-28,"Flood, Heavy Rain, Strong Wind, Lightning",5326,,,,,,,,,,4855.0,18532.0,1.0,1.0,0.0,3.0,927.0,0.0,0.0,1.0,19.0,45.0,True,grand_total,1000,2026-05-28 10:00:00,4,,40.0,2.0,0,1,1,0,0,0,4.5,weather_forecast,1,8,2.0,0.0,0.0,15.0,73.8,1.26,0.0,0.0,0.5,water_level_rainfall,1,1,2.0,4,2,0,4,18.0,early_warning
situation_20260529_1000_44dad31e.pdf,2026-05-29,"Flood, Heavy Rain, Strong Wind, Lightning",5464,,,,,,,,,,4871.0,18593.0,1.0,1.0,0.0,3.0,943.0,0.0,0.0,1.0,19.0,45.0,True,grand_total,1000,2026-05-29 10:00:00,4,75.0,40.0,0.0,1,1,1,0,0,0,4.5,weather_forecast,1,8,4.0,1.0,0.0,16.0,43.9,1.332,1.0,0.0,0.0,flood_warning,1,1,2.0,4,2,0,4,18.0,early_warning
situation_20260530_1000_560ffe5c.pdf,2026-05-30,"Flood, Heavy Rain, Strong Wind, Lightning",5531,,,,,,,,,,4271.0,16668.0,1.0,1.0,0.0,3.0,957.0,0.0,0.0,2.0,49.0,116.0,True,grand_total,1000,2026-05-30 10:00:00,3,,40.0,0.0,0,1,1,0,0,0,4.5,weather_forecast,1,10,1.0,1.0,0.0,8.0,4.7,1.34,1.0,0.0,0.5,water_level_rainfall,1,1,1.0,4,0,0,4,18.0,early_warning
situation_20260531_1000_052fb160.pdf,2026-05-31,"Flood, Heavy Rain, Strong Wind, Lightning",5592,,,,,,,,,,4271.0,16668.0,1.0,1.0,0.0,3.0,957.0,0.0,0.0,2.0,49.0,116.0,True,grand_total,1000,2026-05-31 10:00:00,3,50.0,40.0,0.0,1,1,1,0,0,0,4.5,weather_forecast,1,8,1.0,0.0,0.0,5.0,11.1,1.282,0.0,0.0,0.5,water_level_rainfall,1,0,0.0,0,0,0,0,42.0,early_warning
situation_20260601_1000_00f064c4.pdf,2026-06-01,"Flood, Heavy Rain, Strong Wind, Lightning",5570,,,,,,,,,,4272.0,16672.0,1.0,2.0,0.0,3.0,958.0,0.0,0.0,2.0,49.0,116.0,True,grand_total,1000,2026-06-01 10:00:00,4,50.0,40.0,0.0,1,1,1,0,0,0,3.0,weather_forecast,1,7,1.0,0.0,0.0,8.0,7.6,1.016,0.0,0.0,0.5,water_level,1,0,0.0,0,0,0,0,66.0,early_warning
situation_20260602_1000_b11e9e75.pdf,2026-06-02,"Flood, Heavy Rain, Strong Wind, Lightning",5634,,,,,,,,,,4272.0,16672.0,1.0,2.0,0.0,3.0,958.0,0.0,0.0,1.0,19.0,45.0,True,grand_total,1000,2026-06-02 10:00:00,3,75.0,40.0,0.0,1,1,1,0,0,0,4.5,weather_forecast,1,4,0.0,0.0,0.0,6.0,7.6,0.85,0.0,1.0,0.5,water_level_rainfall,1,0,0.0,0,0,0,0,90.0,early_warning
situation_20260603_1000_a3b8436d.pdf,2026-06-03,"Flood, Landslide, Heavy Rain, Strong Wind, Lightning",5637,,,,,,,,,,4286.0,16724.0,1.0,2.0,0.0,4.0,970.0,0.0,0.0,0.0,0.0,0.0,True,grand_total,1000,2026-06-03 10:00:00,4,100.0,60.0,0.0,1,1,1,0,0,0,3.0,weather_forecast,1,1,0.0,0.0,0.0,5.0,23.7,0.6506666666666666,0.0,0.0,0.5,water_level_rainfall,1,0,0.0,0,0,0,0,114.0,early_warning
situation_20260604_1000_dd506427.pdf,2026-06-04,"Flood, Landslide, Heavy Rain, Strong Wind, Lightning",5772,,,,,,,,,,4291.0,16804.0,12.0,11.0,3.0,4.0,973.0,0.0,0.0,0.0,0.0,0.0,True,grand_total,1000,2026-06-04 10:00:00,5,100.0,50.0,2.0,1,1,1,0,0,0,3.0,weather_forecast,1,1,0.0,0.0,0.0,13.0,52.7,0.7200000000000001,0.0,0.0,0.5,water_level_rainfall,1,0,0.0,0,0,0,0,138.0,early_warning
situation_20260605_1000_2315e58c.pdf,2026-06-05,"Flood, Landslide, Heavy Rain, Strong Wind, Lightning",6097,,,,,,,,,,4299.0,16832.0,14.0,7.0,0.0,4.0,980.0,1.0,0.0,0.0,0.0,0.0,True,grand_total,1000,2026-06-05 10:00:00,4,100.0,50.0,2.0,1,1,1,0,0,0,4.5,weather_forecast,1,1,0.0,0.0,0.0,13.0,64.5,0.834,0.0,0.0,0.5,water_level_rainfall,1,0,0.0,0,0,0,0,162.0,early_warning
situation_20260606_1000_04f78bf8.pdf,2026-06-06,Strong Wind,2895,,,,,,,,,,5.0,84.0,13.0,5.0,0.0,0.0,5.0,0.0,0.0,0.0,0.0,0.0,True,grand_total,1000,2026-06-06 10:00:00,5,100.0,50.0,2.0,1,1,1,0,0,0,4.5,weather_forecast,1,1,1.0,0.0,0.0,10.0,36.6,1.0030303030303032,0.0,0.0,0.5,water_level_rainfall,1,0,0.0,0,0,0,0,186.0,early_warning
situation_20260607_1000_8d717fcc.pdf,2026-06-07,Strong Wind,2895,,,,,,,,,,5.0,84.0,13.0,5.0,0.0,0.0,5.0,0.0,0.0,0.0,0.0,0.0,True,grand_total,1000,2026-06-07 10:00:00,4,100.0,50.0,2.0,1,1,1,0,0,0,4.5,weather_forecast,1,0,,,,,,,,,24.5,water_level_rainfall,1,0,0.0,0,0,0,0,210.0,early_warning
situation_20260608_1000_219d5da9.pdf,2026-06-08,Strong Wind,2768,,,,,,,,,,16.0,135.0,13.0,5.0,0.0,0.0,16.0,0.0,0.0,0.0,0.0,0.0,True,grand_total,1000,2026-06-08 10:00:00,4,100.0,50.0,2.0,1,1,1,0,0,0,4.5,weather_forecast,1,1,1.0,0.0,0.0,9.0,33.2,1.01,0.0,0.0,0.5,water_level,1,0,0.0,0,0,0,0,234.0,early_warning
situation_20260609_1000_2b64cacc.pdf,2026-06-09,Strong Wind,2775,,,,,,,,,,16.0,135.0,13.0,5.0,0.0,0.0,16.0,0.0,0.0,0.0,0.0,0.0,True,grand_total,1000,2026-06-09 10:00:00,5,50.0,50.0,0.0,1,1,1,0,0,0,0.5,weather_forecast,1,0,,,,,,,,,24.5,water_level,1,0,0.0,0,0,0,0,258.0,early_warning
situation_20260610_1000_56865ea4.pdf,2026-06-10,Strong Wind,2992,,,,,,,,,,16.0,138.0,16.0,5.0,0.0,0.0,16.0,0.0,0.0,0.0,0.0,0.0,True,grand_total,1000,2026-06-10 10:00:00,4,,50.0,2.0,0,1,1,0,0,0,4.5,weather_forecast,1,1,0.0,0.0,0.0,3.0,17.3,0.736,0.0,0.0,0.5,water_level_rainfall,1,0,0.0,0,0,0,0,282.0,early_warning
situation_20260611_1000_f1b4ba2d.pdf,2026-06-11,Strong Wind,3688,,,,,,,,,,47.0,246.0,19.0,5.0,1.0,0.0,45.0,0.0,1.0,0.0,0.0,0.0,True,grand_total,1000,2026-06-11 10:00:00,4,50.0,50.0,2.0,1,1,1,0,0,0,4.5,weather_forecast,1,1,0.0,0.0,0.0,13.0,45.4,0.7253333333333334,0.0,0.0,0.5,water_level_rainfall,1,0,0.0,0,0,0,0,306.0,early_warning
situation_20260612_1000_b0287da2.pdf,2026-06-12,Strong Wind,4801,,,,,,,,,,63.0,297.0,21.0,5.0,0.0,0.0,59.0,0.0,1.0,0.0,0.0,0.0,True,grand_total,1000,2026-06-12 10:00:00,5,75.0,50.0,2.0,1,1,1,0,0,0,4.5,weather_forecast,1,1,3.0,0.0,0.0,17.0,68.5,1.185,0.0,0.0,0.5,water_level_rainfall,1,1,1.0,4,0,0,4,6.0,early_warning
situation_20260613_1000_9750f029.pdf,2026-06-13,"Heavy Rain, Strong Wind",5836,,,,,,,,,,148.0,531.0,6.0,5.0,0.0,0.0,140.0,0.0,2.0,0.0,0.0,0.0,True,grand_total,1000,2026-06-13 10:00:00,4,75.0,50.0,2.0,1,1,1,0,0,0,4.5,weather_forecast,1,6,4.0,0.0,0.0,18.0,73.5,1.2903846153846152,0.0,0.0,0.5,water_level,1,1,1.0,3,0,0,3,18.0,warning
situation_20260614_1000_25551f8b.pdf,2026-06-14,"Heavy Rain, Strong Wind",6362,,,,,,,,,,201.0,756.0,6.0,2.0,0.0,0.0,185.0,2.0,2.0,0.0,0.0,0.0,True,grand_total,1000,2026-06-14 10:00:00,4,75.0,50.0,2.0,1,1,1,0,0,0,4.5,weather_forecast,1,8,4.0,1.0,0.0,14.0,26.9,1.3119999999999998,0.0,0.0,0.5,water_level_rainfall,1,1,1.0,3,0,0,3,18.0,warning
situation_20260615_1000_41407ba9.pdf,2026-06-15,"Heavy Rain, Strong Wind",6355,,,,,,,,,,201.0,756.0,6.0,5.0,0.0,0.0,185.0,2.0,2.0,0.0,0.0,0.0,True,grand_total,1000,2026-06-15 10:00:00,5,,50.0,2.0,0,1,1,0,0,0,4.5,weather_forecast,1,3,1.0,0.0,0.0,5.0,3.3,1.26,0.0,0.0,0.5,water_level_rainfall,1,0,0.0,0,0,0,0,42.0,warning
situation_20260616_1000_8b5cb4cd.pdf,2026-06-16,"Heavy Rain, Strong Wind",6444,,,,,,,,,,214.0,797.0,6.0,5.0,0.0,0.0,199.0,2.0,2.0,0.0,0.0,0.0,True,grand_total,1000,2026-06-16 10:00:00,3,,40.0,0.0,0,1,1,0,0,0,4.5,weather_forecast,1,1,0.0,0.0,0.0,10.0,57.5,0.736,0.0,0.0,0.5,water_level_rainfall,1,0,0.0,0,0,0,0,66.0,warning
situation_20260617_1000_ea5c273d.pdf,2026-06-17,"Heavy Rain, Strong Wind",6574,,,,,,,,,,246.0,920.0,6.0,5.0,0.0,0.0,231.0,2.0,2.0,0.0,0.0,0.0,True,grand_total,1000,2026-06-17 10:00:00,4,,40.0,0.0,0,1,1,0,0,0,3.0,weather_forecast,1,1,0.0,0.0,0.0,4.0,13.9,0.6733333333333333,0.0,0.0,0.5,water_level_rainfall,1,0,0.0,0,0,0,0,90.0,warning
situation_20260618_1000_5395ba15.pdf,2026-06-18,"Heavy Rain, Strong Wind",6567,,,,,,,,,,246.0,920.0,6.0,5.0,0.0,0.0,231.0,2.0,2.0,0.0,0.0,0.0,True,grand_total,1000,2026-06-18 10:00:00,3,,,0.0,0,1,0,0,0,0,4.5,weather_forecast,1,1,0.0,0.0,0.0,8.0,81.3,0.752,0.0,0.0,0.5,water_level,1,0,0.0,0,0,0,0,114.0,warning
situation_20260619_1000_9c43158b.pdf,2026-06-19,"Heavy Rain, Strong Wind",3169,,,,,,,,,,108.0,398.0,0.0,0.0,0.0,0.0,106.0,0.0,0.0,0.0,0.0,0.0,True,grand_total,1000,2026-06-19 10:00:00,5,,,0.0,0,1,0,0,0,0,3.0,weather_forecast,1,0,,,,,,,,,24.5,water_level,1,0,0.0,0,0,0,0,138.0,warning
situation_20260620_1000_2d01495a.pdf,2026-06-20,"Heavy Rain, Strong Wind",3006,,,,,,,,,,18.0,61.0,0.0,0.0,0.0,0.0,18.0,0.0,0.0,0.0,0.0,0.0,True,grand_total,1000,2026-06-20 10:00:00,4,,,0.0,0,1,0,0,0,0,3.0,weather_forecast,1,1,0.0,0.0,0.0,6.0,12.0,0.6980000000000001,0.0,0.0,0.5,water_level_rainfall,1,0,0.0,0,0,0,0,162.0,warning
situation_20260621_1000_0a379643.pdf,2026-06-21,"Heavy Rain, Strong Wind",2997,,,,,,,,,,18.0,61.0,0.0,0.0,0.0,0.0,18.0,0.0,0.0,0.0,0.0,0.0,True,grand_total,1000,2026-06-21 10:00:00,5,,40.0,0.0,0,1,1,0,0,0,3.0,weather_forecast,1,1,0.0,0.0,0.0,5.0,6.0,0.6633333333333333,0.0,0.0,0.5,water_level_rainfall,1,0,0.0,0,0,0,0,186.0,warning
situation_20260622_1000_dcc8b40f.pdf,2026-06-22,"Heavy Rain, Strong Wind",3006,,,,,,,,,,18.0,61.0,0.0,0.0,0.0,0.0,18.0,0.0,0.0,0.0,0.0,0.0,True,grand_total,1000,2026-06-22 10:00:00,4,,40.0,0.0,0,1,1,0,0,0,3.0,weather_forecast,1,0,,,,,,,,,24.5,water_level_rainfall,1,0,0.0,0,0,0,0,210.0,warning
situation_20260623_1000_adbed3cd.pdf,2026-06-23,Other,2329,,,,,,,,,,0.0,0.0,0.0,0.0,0.0,0.0,0.0,0.0,0.0,0.0,0.0,0.0,True,grand_total,1000,2026-06-23 10:00:00,3,,40.0,0.0,0,1,1,0,0,0,4.5,weather_forecast,1,3,3.0,0.0,0.0,21.0,81.2,1.2303030303030302,0.0,0.0,0.5,water_level_rainfall,1,0,0.0,0,0,0,0,234.0,warning
situation_20260624_1000_ba8d78a8.pdf,2026-06-24,Other,2345,,,,,,,,,,0.0,0.0,0.0,0.0,0.0,0.0,0.0,0.0,0.0,0.0,0.0,0.0,True,grand_total,1000,2026-06-24 10:00:00,3,,40.0,0.0,0,1,1,0,0,0,4.5,weather_forecast,1,8,2.0,0.0,0.0,21.0,80.6,1.2363636363636366,0.0,0.0,0.5,water_level_rainfall,1,0,0.0,0,0,0,0,258.0,warning
situation_20260625_1000_77604459.pdf,2026-06-25,Strong Wind,777,,,,,,,,,,,,,,,,,,,,,,False,non_comparable_incident_report,1000,2026-06-25 10:00:00,3,,40.0,0.0,0,1,1,0,0,0,4.5,weather_forecast,1,2,1.0,0.0,0.0,4.0,6.1,1.04,0.0,0.0,19.0,water_level,1,0,0.0,0,0,0,0,282.0,warning
situation_20260626_1000_94cb7bdc.pdf,2026-06-26,Strong Wind,2853,,,,,,,,,,51.0,209.0,0.0,0.0,0.0,1.0,49.0,0.0,0.0,0.0,0.0,0.0,True,grand_total,1000,2026-06-26 10:00:00,3,,40.0,0.0,0,1,1,0,0,0,4.5,weather_forecast,1,0,,,,,,,,,43.0,water_level,1,0,0.0,0,0,0,0,306.0,warning
situation_20260629_1000_0d87883e.pdf,2026-06-29,Other,2347,,,,,,,,,,0.0,0.0,0.0,0.0,0.0,0.0,0.0,0.0,0.0,0.0,0.0,0.0,True,grand_total,1000,2026-06-29 10:00:00,3,75.0,40.0,0.0,1,1,1,0,0,0,4.5,weather_forecast,1,2,0.0,0.0,0.0,24.0,91.5,0.844,0.0,0.0,0.5,water_level_rainfall,1,0,0.0,0,0,0,0,378.0,warning
situation_20260630_1000_d76aeac2.pdf,2026-06-30,Strong Wind,2974,,,,,,,,,,12.0,50.0,0.0,0.0,0.0,0.0,12.0,0.0,1.0,0.0,0.0,0.0,True,grand_total,1000,2026-06-30 10:00:00,4,50.0,50.0,2.0,1,1,1,0,0,0,4.5,weather_forecast,1,4,1.0,0.0,0.0,16.0,47.1,1.1903846153846154,0.0,0.0,0.5,water_level_rainfall,1,0,0.0,0,0,0,0,402.0,warning
situation_20260701_1000_70b01d8d.pdf,2026-07-01,Other,2332,,,,,,,,,,0.0,0.0,0.0,0.0,0.0,0.0,0.0,0.0,0.0,0.0,0.0,0.0,True,grand_total,1000,2026-07-01 10:00:00,6,,50.0,2.0,0,1,1,0,0,0,4.5,weather_forecast,1,1,0.0,0.0,0.0,2.0,10.0,0.6759999999999999,0.0,0.0,0.5,water_level_rainfall,1,0,0.0,0,0,0,0,426.0,warning
situation_20260702_1000_2da4ff34.pdf,2026-07-02,Strong Wind,2441,,,,,,,,,,5.0,17.0,0.0,0.0,0.0,0.0,5.0,0.0,0.0,0.0,0.0,0.0,True,grand_total,1000,2026-07-02 10:00:00,5,,50.0,2.0,0,1,1,0,0,0,3.0,weather_forecast,1,1,0.0,0.0,0.0,5.0,2.0,0.656,0.0,0.0,0.5,water_level_rainfall,1,0,0.0,0,0,0,0,450.0,warning
situation_20260705_1000_d1169454.pdf,2026-07-05,Strong Wind,2632,,,,,,,,,,3.0,9.0,0.0,0.0,0.0,0.0,3.0,0.0,0.0,0.0,0.0,0.0,True,grand_total,1000,2026-07-05 10:00:00,4,50.0,50.0,2.0,1,0,1,0,0,0,4.5,weather_forecast,1,1,0.0,0.0,0.0,5.0,32.8,0.7413333333333333,0.0,0.0,0.5,water_level_rainfall,1,0,0.0,0,0,0,0,522.0,warning
situation_20260706_1000_e19e22fd.pdf,2026-07-06,Other,2357,,,,,,,,,,0.0,0.0,0.0,0.0,0.0,0.0,0.0,0.0,0.0,0.0,0.0,0.0,True,grand_total,1000,2026-07-06 10:00:00,4,,50.0,2.0,0,0,1,0,0,0,4.5,weather_forecast,1,0,,,,,,,,,24.5,water_level_rainfall,1,0,0.0,0,0,0,0,546.0,warning
situation_20260707_1000_c974087a.pdf,2026-07-07,Strong Wind,2402,,,,,,,,,,4.0,11.0,0.0,0.0,0.0,0.0,4.0,0.0,0.0,0.0,0.0,0.0,True,grand_total,1000,2026-07-07 10:00:00,4,,50.0,2.0,0,0,1,0,0,0,4.5,weather_forecast,1,1,0.0,0.0,0.0,2.0,0.0,0.6413333333333333,0.0,0.0,0.5,water_level_rainfall,1,0,0.0,0,0,0,0,570.0,warning
situation_20260708_1000_fb40c3fc.pdf,2026-07-08,Other,2364,,,,,,,,,,0.0,0.0,0.0,0.0,0.0,0.0,0.0,0.0,0.0,0.0,0.0,0.0,True,grand_total,1000,2026-07-08 10:00:00,4,,50.0,2.0,0,0,1,0,0,0,4.5,weather_forecast,1,1,0.0,0.0,0.0,4.0,0.0,0.634,0.0,0.0,0.5,water_level_rainfall,1,0,0.0,0,0,0,0,594.0,warning
situation_20260710_1000_1b48e1b7.pdf,2026-07-10,Other,2370,,,,,,,,,,0.0,0.0,0.0,0.0,0.0,0.0,0.0,0.0,0.0,0.0,0.0,0.0,True,grand_total,1000,2026-07-10 10:00:00,4,,50.0,2.0,0,1,1,0,0,0,4.5,weather_forecast,1,0,,,,,,,,,48.5,water_level_rainfall,1,0,0.0,0,0,0,0,642.0,warning
situation_20260711_1000_01a60d23.pdf,2026-07-11,Strong Wind,2773,,,,,,,,,,26.0,103.0,0.0,0.0,0.0,0.0,26.0,0.0,0.0,0.0,0.0,0.0,True,grand_total,1000,2026-07-11 10:00:00,4,,50.0,2.0,0,1,1,0,0,0,4.5,weather_forecast,1,1,0.0,0.0,0.0,10.0,44.5,0.6433333333333333,0.0,0.0,0.5,water_level,1,0,0.0,0,0,0,0,666.0,warning
situation_20260712_1000_19a4fb76.pdf,2026-07-12,Other,2373,,,,,,,,,,0.0,0.0,0.0,0.0,0.0,0.0,0.0,0.0,0.0,0.0,0.0,0.0,True,grand_total,1000,2026-07-12 10:00:00,4,,50.0,2.0,0,1,1,0,0,0,4.5,weather_forecast,1,1,0.0,0.0,0.0,7.0,7.6,0.624,0.0,0.0,0.5,water_level_rainfall,1,0,0.0,0,0,0,0,690.0,warning
situation_20260717_1000_3340617f.pdf,2026-07-17,Other,2375,,,,,,,,,,0.0,0.0,0.0,0.0,0.0,0.0,0.0,0.0,0.0,0.0,0.0,0.0,True,grand_total,1000,2026-07-17 10:00:00,4,,50.0,2.0,0,0,1,0,0,0,4.5,weather_forecast,1,0,,,,,,,,,48.5,water_level_rainfall,1,0,0.0,0,0,0,0,810.0,warning
situation_20260719_1000_ec88f731.pdf,2026-07-19,Other,2367,,,,,,,,,,0.0,0.0,0.0,0.0,0.0,0.0,0.0,0.0,0.0,0.0,0.0,0.0,True,grand_total,1000,2026-07-19 10:00:00,3,,50.0,0.0,0,1,1,0,0,0,4.5,weather_forecast,1,0,,,,,,,,,96.5,water_level_rainfall,1,0,0.0,0,0,0,0,858.0,warning
situation_20260722_1000_d19ab977.pdf,2026-07-22,Other,2471,,,,,,,,,,0.0,0.0,5.0,1.0,0.0,0.0,0.0,1.0,0.0,0.0,0.0,0.0,True,grand_total,1000,2026-07-22 10:00:00,6,,50.0,2.0,0,1,1,0,0,0,3.0,weather_forecast,1,1,0.0,0.0,0.0,7.0,0.0,0.5966666666666666,0.0,0.0,0.5,water_level_rainfall,1,0,0.0,0,0,0,0,930.0,warning
situation_20260723_1000_677402eb.pdf,2026-07-23,Other,2380,,,,,,,,,,,,,,,,,,,,,,False,manual_review_unsupported_layout,1000,2026-07-23 10:00:00,4,,50.0,2.0,0,1,1,0,0,0,4.5,weather_forecast,1,0,,,,,,,,,24.5,water_level_rainfall,1,0,0.0,0,0,0,0,954.0,warning
situation_20260724_1000_00487a56.pdf,2026-07-24,Other,2360,,,,,,,,,,0.0,0.0,0.0,0.0,0.0,0.0,0.0,0.0,0.0,0.0,0.0,0.0,True,grand_total,1000,2026-07-24 10:00:00,4,,40.0,0.0,0,0,1,0,0,0,3.0,weather_forecast,1,0,,,,,,,,,48.5,water_level_rainfall,1,0,0.0,0,0,0,0,978.0,warning
situation_20260726_1000_120a596d.pdf,2026-07-26,Other,2377,,,,,,,,,,1.0,6.0,0.0,0.0,0.0,0.0,1.0,0.0,0.0,0.0,0.0,0.0,True,grand_total,1000,2026-07-26 10:00:00,3,,50.0,0.0,0,0,1,0,0,0,4.5,weather_forecast,1,1,0.0,0.0,0.0,10.0,31.2,0.59,0.0,0.0,0.5,water_level_rainfall,1,0,0.0,0,0,0,0,1026.0,warning
situation_20260728_1000_20f39b22.pdf,2026-07-28,Other,2348,,,,,,,,,,0.0,0.0,0.0,0.0,0.0,0.0,0.0,0.0,0.0,0.0,0.0,0.0,True,grand_total,1000,2026-07-28 10:00:00,5,,50.0,2.0,0,0,1,0,0,0,4.5,weather_forecast,1,0,,,,,,,,,24.5,water_level_rainfall,1,0,0.0,0,0,0,0,1074.0,warning
situation_20260729_1000_cc1cc71e.pdf,2026-07-29,Other,2363,,,,,,,,,,0.0,0.0,0.0,0.0,0.0,0.0,0.0,0.0,0.0,0.0,0.0,0.0,True,grand_total,1000,2026-07-29 10:00:00,4,,50.0,2.0,0,0,1,0,0,0,4.5,weather_forecast,1,1,0.0,0.0,0.0,10.0,45.0,0.602,0.0,0.0,0.5,water_level_rainfall,1,0,0.0,0,0,0,0,1098.0,warning
situation_20260805_1300_b9eed5ac.pdf,2026-08-05,"Flood, Landslide, Heavy Rain, Strong Wind",4688,,,,,,,,,,3923.0,15412.0,8.0,3.0,0.0,1.0,537.0,1.0,1.0,52.0,957.0,3566.0,True,grand_total,1300,2026-08-05 13:00:00,5,75.0,50.0,2.0,1,1,1,0,0,0,1.5,strong_wind,1,8,3.0,0.0,0.0,10.0,70.9,1.2365384615384614,0.0,0.0,0.5,water_level,1,1,2.0,3,4,0,4,4.0,early_warning
situation_20260806_1000_1b7d933e.pdf,2026-08-06,"Flood, Landslide, Heavy Rain, Strong Wind",4965,,,,,,,,,,4151.0,16345.0,8.0,3.0,0.0,1.0,581.0,1.0,1.0,43.0,682.0,2504.0,True,grand_total,1000,2026-08-06 10:00:00,5,100.0,50.0,2.0,1,1,1,0,0,0,3.0,weather_forecast,1,8,1.0,0.0,0.0,6.0,10.5,1.278,1.0,0.0,3.5,water_level,1,1,2.0,2,4,0,4,1.0,early_warning
situation_20260807_1000_e149946b.pdf,2026-08-07,"Flood, Landslide, Heavy Rain, Strong Wind",5673,,,,,,,,,,4244.0,16693.0,8.0,3.0,0.0,1.0,599.0,1.0,2.0,34.0,379.0,1375.0,True,grand_total,1000,2026-08-07 10:00:00,4,100.0,50.0,2.0,1,1,1,0,0,0,4.5,weather_forecast,1,7,1.0,0.0,0.0,13.0,40.4,1.0666666666666669,0.0,0.0,1.0,water_level,1,1,2.0,3,2,0,4,1.0,early_warning
situation_20260811_1000_230956b9.pdf,2026-08-11,"Flood, Landslide, Heavy Rain, Strong Wind",5647,,,,,,,,,,4187.0,16465.0,9.0,7.0,0.0,2.0,691.0,1.0,2.0,19.0,130.0,495.0,True,grand_total,1000,2026-08-11 10:00:00,3,,40.0,0.0,0,1,1,0,0,0,4.5,weather_forecast,1,6,0.0,0.0,0.0,5.0,8.7,0.7633333333333333,0.0,0.0,1.0,water_level,1,0,0.0,0,0,0,0,48.5,early_warning
situation_20260813_1000_e719370a.pdf,2026-08-13,"Flood, Landslide, Heavy Rain, Strong Wind",5649,,,,,,,,,,4203.0,16520.0,9.0,7.0,0.0,2.0,707.0,1.0,2.0,12.0,73.0,263.0,True,grand_total,1000,2026-08-13 10:00:00,4,,,0.0,0,1,0,0,0,0,4.5,weather_forecast,1,3,0.0,0.0,0.0,6.0,25.2,0.75,0.0,1.0,0.5,water_level,1,0,0.0,0,0,0,0,96.5,early_warning
situation_20260814_1000_9d8d25f7.pdf,2026-08-14,"Flood, Landslide, Heavy Rain, Strong Wind",5619,,,,,,,,,,4209.0,16536.0,9.0,7.0,0.0,2.0,713.0,1.0,2.0,9.0,52.0,188.0,True,grand_total,1000,2026-08-14 10:00:00,3,75.0,40.0,0.0,1,1,1,0,0,0,4.5,weather_forecast,1,1,0.0,0.0,0.0,5.0,6.5,0.6773333333333333,0.0,0.0,21.5,water_level,1,0,0.0,0,0,0,0,120.5,early_warning
