file_name,report_date,issue_time,report_type,message_id,update_number,validity_start,validity_end,districts_extracted,area_rows_extracted,level_1_districts,level_2_districts,level_3_districts,max_warning_level,max_warning_color,extraction_method,text_length,extraction_status
landslide_20180520_1900_warning_8833b61d.pdf,2018-05-20,1900,warning,,,,,5,5,0,5,0,2.0,Amber,legacy_layout,3698,ok
landslide_20180520_2000_landslide_related_3d546d49.pdf,2018-05-20,2000,landslide_related,,,2018-05-20 19:30:00,2018-05-21 19:30:00,4,4,0,0,4,3.0,Red,legacy_layout,7315,ok
landslide_20180520_2000_landslide_related_9226a2ef.pdf,2018-05-20,2000,landslide_related,,,,,9,9,9,0,0,1.0,Yellow,legacy_layout,6286,ok
landslide_20180521_0530_landslide_related_f0003554.pdf,2018-05-21,0530,landslide_related,,,,,9,9,9,0,0,1.0,Yellow,legacy_layout,7438,ok
landslide_20180521_0530_warning_e052a373.pdf,2018-05-21,0530,warning,,,,,0,0,0,0,0,,,legacy_layout,5678,manual_review_legacy_layout
landslide_20180521_0900_warning_81b56c88.pdf,2018-05-21,0900,warning,,,,,0,0,0,0,0,,,legacy_layout,6094,manual_review_legacy_layout
landslide_20180521_1600_landslide_related_41d9db23.pdf,2018-05-21,1600,landslide_related,,,,,0,0,0,0,0,,,legacy_layout,4406,manual_review_legacy_layout
landslide_20180523_1600_warning_83a4c314.pdf,2018-05-23,1600,warning,,,,,0,0,0,0,0,,,legacy_layout,0,insufficient_text
landslide_20180524_1600_landslide_related_b7278f72.pdf,2018-05-24,1600,landslide_related,,1.0,,,10,10,0,0,10,3.0,Red,legacy_layout,6809,ok
landslide_20180525_1600_warning_6a163c9b.pdf,2018-05-25,1600,warning,,16.0,,,10,10,0,0,10,3.0,Red,legacy_layout,8619,ok
landslide_20180526_1600_warning_26560166.pdf,2018-05-26,1600,warning,,16.0,,,10,10,0,10,0,2.0,Amber,legacy_layout,8475,ok
landslide_20180527_1600_warning_778ed5e3.pdf,2018-05-27,1600,warning,,16.0,,,11,11,0,0,11,3.0,Red,legacy_layout,8738,ok
landslide_20180528_1600_warning_a5f33450.pdf,2018-05-28,1600,warning,,,,,0,0,0,0,0,,,legacy_layout,7695,manual_review_legacy_layout
landslide_20180529_1600_warning_234b2a71.pdf,2018-05-29,1600,warning,,16.0,,,0,0,0,0,0,,,legacy_layout,6962,manual_review_legacy_layout
landslide_20180607_1600_warning_b45585d6.pdf,2018-06-07,1600,warning,,16.0,,,4,4,0,0,4,3.0,Red,legacy_layout,4014,ok
landslide_20180607_1800_warning_44e946f3.pdf,2018-06-07,1800,warning,,18.0,,,6,6,6,0,0,1.0,Yellow,legacy_layout,5899,ok
landslide_20180817_1700_warning_a05036cd.pdf,2018-08-17,1700,warning,,,,,0,0,0,0,0,,,legacy_layout,2967,manual_review_legacy_layout
landslide_20180818_1700_early_warning_3b05de13.pdf,2018-08-18,1700,early_warning,,,,,1,1,1,0,0,1.0,Yellow,legacy_layout,7265,ok
landslide_20181003_1630_warning_7c47b57f.pdf,2018-10-03,1630,warning,,,,,1,1,0,0,1,3.0,Red,legacy_layout,7256,ok
landslide_20181005_1600_warning_1a8c7340.pdf,2018-10-05,1600,warning,,,,,2,2,2,0,0,1.0,Yellow,legacy_layout,7314,ok
landslide_20181006_1700_warning_a5fedc39.pdf,2018-10-06,1700,warning,,16.0,,,2,2,0,0,2,3.0,Red,legacy_layout,7337,ok
landslide_20181006_2000_warning_b971eac6.pdf,2018-10-06,2000,warning,,15.0,,,3,3,0,0,3,3.0,Red,legacy_layout,8545,ok
landslide_20181007_1600_warning_949e9511.pdf,2018-10-07,1600,warning,,,,,0,0,0,0,0,,,legacy_layout,4396,manual_review_legacy_layout
landslide_20181008_1800_warning_bd2928d2.pdf,2018-10-08,1800,warning,,16.0,,,3,4,0,2,2,3.0,Red,modern_table,7698,ok
landslide_20181009_0800_warning_bfa2c572.pdf,2018-10-09,0800,warning,,,,,0,0,0,0,0,,,legacy_layout,4139,manual_review_legacy_layout
landslide_20181009_1600_warning_02448775.pdf,2018-10-09,1600,warning,,16.0,,,0,0,0,0,0,,,legacy_layout,4846,manual_review_legacy_layout
landslide_20181009_1600_warning_4623458c.pdf,2018-10-09,1600,warning,,16.0,,,0,0,0,0,0,,,legacy_layout,4846,manual_review_legacy_layout
landslide_20181010_1600_warning_c654cd5e.pdf,2018-10-10,1600,warning,,16.0,,,5,5,5,0,0,1.0,Yellow,legacy_layout,8378,ok
landslide_20181011_1530_warning_f2251741.pdf,2018-10-11,1530,warning,,16.0,,,2,2,2,0,0,1.0,Yellow,legacy_layout,6221,ok
landslide_20181012_1600_warning_4487caba.pdf,2018-10-12,1600,warning,,16.0,,,2,2,2,0,0,1.0,Yellow,legacy_layout,7045,ok
landslide_20181013_1630_warning_074dd7a6.pdf,2018-10-13,1630,warning,,16.0,,,2,2,0,0,2,3.0,Red,legacy_layout,7428,ok
landslide_20181014_1600_warning_13b65859.pdf,2018-10-14,1600,warning,,19.0,,,2,2,0,2,0,2.0,Amber,legacy_layout,8258,ok
landslide_20181021_2200_warning_193bbf4f.pdf,2018-10-21,2200,warning,,,,,1,1,0,0,1,3.0,Red,legacy_layout,6504,ok
landslide_20181022_1600_warning_cc0d1f88.pdf,2018-10-22,1600,warning,,16.0,,,4,4,4,0,0,1.0,Yellow,legacy_layout,4718,ok
landslide_20181023_1600_warning_39c8c3b7.pdf,2018-10-23,1600,warning,,1.0,,,4,4,0,4,0,2.0,Amber,legacy_layout,7836,ok
landslide_20181024_1600_warning_3e0a90f4.pdf,2018-10-24,1600,warning,,16.0,,,4,4,0,0,4,3.0,Red,legacy_layout,7988,ok
landslide_20181025_1600_warning_0e40b278.pdf,2018-10-25,1600,warning,,16.0,,,0,0,0,0,0,,,legacy_layout,11312,manual_review_legacy_layout
landslide_20181026_1630_warning_dd037c36.pdf,2018-10-26,1630,warning,,16.0,,,5,5,0,0,5,3.0,Red,legacy_layout,7493,ok
landslide_20181027_1600_warning_a6dc87da.pdf,2018-10-27,1600,warning,,16.0,,,0,0,0,0,0,,,legacy_layout,5599,manual_review_legacy_layout
landslide_20181028_1600_warning_9ae0d4b4.pdf,2018-10-28,1600,warning,,16.0,,,4,4,0,0,4,3.0,Red,legacy_layout,5479,ok
landslide_20181105_2030_warning_6063ce3a.pdf,2018-11-05,2030,warning,,,,,0,0,0,0,0,,,legacy_layout,6382,manual_review_legacy_layout
landslide_20181106_1600_warning_0242fa7a.pdf,2018-11-06,1600,warning,,,,,0,0,0,0,0,,,legacy_layout,4360,manual_review_legacy_layout
landslide_20181107_1600_warning_36cb6ab6.pdf,2018-11-07,1600,warning,,16.0,,,0,0,0,0,0,,,legacy_layout,5067,manual_review_legacy_layout
landslide_20181108_1600_early_warning_4865dc84.pdf,2018-11-08,1600,early_warning,,16.0,,,2,2,0,0,2,3.0,Red,legacy_layout,7597,ok
landslide_20181108_2100_warning_ed0f8ecb.pdf,2018-11-08,2100,warning,,16.0,,,4,4,0,0,4,3.0,Red,legacy_layout,7708,ok
landslide_20181109_1600_warning_57179f23.pdf,2018-11-09,1600,warning,,16.0,,,3,3,0,0,3,3.0,Red,legacy_layout,7575,ok
landslide_20181117_2000_warning_fdf875ec.pdf,2018-11-17,2000,warning,,,,,3,3,3,0,0,1.0,Yellow,legacy_layout,7389,ok
landslide_20181124_1830_early_warning_b57f54b4.pdf,2018-11-24,1830,early_warning,,3.0,,,4,4,4,0,0,1.0,Yellow,legacy_layout,7593,ok
landslide_20181203_1830_warning_96f3ad26.pdf,2018-12-03,1830,warning,,,,,2,2,0,0,2,3.0,Red,legacy_layout,4619,ok
landslide_20181204_1600_warning_3aa19423.pdf,2018-12-04,1600,warning,,,,,1,1,1,0,0,1.0,Yellow,legacy_layout,7315,ok
landslide_20181222_2355_warning_49653857.pdf,2018-12-22,2355,warning,,,,,3,3,3,0,0,1.0,Yellow,legacy_layout,7298,ok
landslide_20190718_1430_warning_7fc918e0.pdf,2019-07-18,1430,warning,,,,,2,2,2,0,0,1.0,Yellow,legacy_layout,6464,ok
landslide_20190718_2030_warning_e91c99ef.pdf,2019-07-18,2030,warning,,20.0,,,6,10,5,3,2,3.0,Red,modern_table,8140,ok
landslide_20190718_2100_warning_96a3178f.pdf,2019-07-18,2100,warning,,20.0,,,7,7,0,0,7,3.0,Red,legacy_layout,7703,ok
landslide_20190719_2145_warning_c9bace86.pdf,2019-07-19,2145,warning,,21.0,,,7,7,7,0,0,1.0,Yellow,legacy_layout,8291,ok
landslide_20190720_2100_warning_3949337f.pdf,2019-07-20,2100,warning,,21.0,,,7,7,7,0,0,1.0,Yellow,legacy_layout,7678,ok
landslide_20190721_1915_warning_e41eea29.pdf,2019-07-21,1915,warning,,21.0,,,4,4,0,0,4,3.0,Red,legacy_layout,8185,ok
landslide_20190813_1235_landslide_related_8ab1ce5e.pdf,2019-08-13,1235,landslide_related,,,,,0,0,0,0,0,,,legacy_layout,4581,manual_review_legacy_layout
landslide_20190813_1630_landslide_related_0ec2acbd.pdf,2019-08-13,1630,landslide_related,,16.0,,,3,3,0,0,3,3.0,Red,legacy_layout,7593,ok
landslide_20190814_1600_warning_ddf1eb62.pdf,2019-08-14,1600,warning,,16.0,,,0,0,0,0,0,,,legacy_layout,6567,manual_review_legacy_layout
landslide_20190815_1545_landslide_related_2b41d613.pdf,2019-08-15,1545,landslide_related,,16.0,,,3,3,3,0,0,1.0,Yellow,legacy_layout,7943,ok
landslide_20190916_0330_warning_a0dca78e.pdf,2019-09-16,0330,warning,,,,,0,0,0,0,0,,,legacy_layout,5411,manual_review_legacy_layout
landslide_20190916_1230_early_warning_1ca5ae3a.pdf,2019-09-16,1230,early_warning,,12.0,,,4,4,4,0,0,1.0,Yellow,legacy_layout,6761,ok
landslide_20190916_1600_warning_2135a9da.pdf,2019-09-16,1600,warning,,,,,0,0,0,0,0,,,legacy_layout,5179,manual_review_legacy_layout
landslide_20190917_1530_warning_b1c42670.pdf,2019-09-17,1530,warning,,12.0,,,3,3,3,0,0,1.0,Yellow,legacy_layout,7054,ok
landslide_20190918_1530_landslide_related_7ae26666.pdf,2019-09-18,1530,landslide_related,,12.0,,,1,1,1,0,0,1.0,Yellow,legacy_layout,5362,ok
landslide_20190918_1530_landslide_related_a169f222.pdf,2019-09-18,1530,landslide_related,,12.0,,,1,1,1,0,0,1.0,Yellow,legacy_layout,5362,ok
landslide_20190923_1200_warning_8932c318.pdf,2019-09-23,1200,warning,,,,,3,3,0,0,3,3.0,Red,legacy_layout,6197,ok
landslide_20190923_1445_warning_a3ef4b09.pdf,2019-09-23,1445,warning,,,,,3,3,0,0,3,3.0,Red,legacy_layout,6622,ok
landslide_20190923_1700_warning_86f714e8.pdf,2019-09-23,1700,warning,,14.0,,,3,3,3,0,0,1.0,Yellow,legacy_layout,6517,ok
landslide_20190923_1900_warning_7c85f148.pdf,2019-09-23,1900,warning,,14.0,,,0,0,0,0,0,,,legacy_layout,5223,manual_review_legacy_layout
landslide_20190924_1100_warning_f50b8834.pdf,2019-09-24,1100,warning,,14.0,,,5,5,0,0,5,3.0,Red,legacy_layout,7117,ok
landslide_20190925_1020_warning_f447935e.pdf,2019-09-25,1020,warning,,14.0,,,4,4,4,0,0,1.0,Yellow,legacy_layout,7376,ok
landslide_20190926_1100_warning_2e02fd68.pdf,2019-09-26,1100,warning,,14.0,,,4,4,0,2,2,3.0,Red,modern_table,7664,ok
landslide_20190927_1000_early_warning_6ec4f761.pdf,2019-09-27,1000,early_warning,,17.0,,,0,0,0,0,0,,,legacy_layout,6330,manual_review_legacy_layout
landslide_20191001_2100_landslide_related_2b1ce98c.pdf,2019-10-01,2100,landslide_related,,,,,3,3,3,0,0,1.0,Yellow,modern_table,7379,ok
landslide_20191013_1800_early_warning_fdcaa36f.pdf,2019-10-13,1800,early_warning,,,,,1,1,1,0,0,1.0,Yellow,legacy_layout,6986,ok
landslide_20191015_1930_landslide_related_d466b5a1.pdf,2019-10-15,1930,landslide_related,,,,,4,4,4,0,0,1.0,Yellow,legacy_layout,7173,ok
landslide_20191016_1930_landslide_related_14bc6df8.pdf,2019-10-16,1930,landslide_related,,18.0,,,4,4,4,0,0,1.0,Yellow,legacy_layout,6845,ok
landslide_20191017_1800_warning_eb0a2fd0.pdf,2019-10-17,1800,warning,,18.0,,,4,4,0,4,0,2.0,Amber,modern_table,7423,ok
landslide_20191018_1800_warning_7dc816c5.pdf,2019-10-18,1800,warning,,18.0,,,4,4,0,3,1,3.0,Red,modern_table,7487,ok
landslide_20191019_1830_landslide_related_119f6c94.pdf,2019-10-19,1830,landslide_related,,18.0,,,3,3,0,3,0,2.0,Amber,modern_table,7465,ok
landslide_20191020_1800_warning_5b1140ca.pdf,2019-10-20,1800,warning,,17.0,,,0,0,0,0,0,,,legacy_layout,6330,manual_review_legacy_layout
landslide_20191021_1600_warning_4e4373fa.pdf,2019-10-21,1600,warning,,18.0,,,3,3,3,0,0,1.0,Yellow,legacy_layout,8092,ok
landslide_20191022_1600_warning_a3d1c688.pdf,2019-10-22,1600,warning,,18.0,,,4,5,3,2,0,2.0,Amber,modern_table,8207,ok
landslide_20191023_1600_landslide_related_60afdd72.pdf,2019-10-23,1600,landslide_related,,1.0,,,4,4,4,0,0,1.0,Yellow,legacy_layout,7676,ok
landslide_20191024_1500_warning_532d470c.pdf,2019-10-24,1500,warning,,18.0,,,4,4,3,1,0,2.0,Amber,modern_table,8126,ok
landslide_20191025_1600_landslide_related_8f5e17c1.pdf,2019-10-25,1600,landslide_related,,1.0,,,4,4,4,0,0,1.0,Yellow,legacy_layout,7434,ok
landslide_20191026_1600_landslide_related_86d156d1.pdf,2019-10-26,1600,landslide_related,,18.0,,,4,4,4,0,0,1.0,Yellow,legacy_layout,7678,ok
landslide_20191111_1500_early_warning_882a4a58.pdf,2019-11-11,1500,early_warning,,,,,4,4,4,0,0,1.0,Yellow,legacy_layout,6100,ok
landslide_20191112_1500_landslide_related_c10d9de0.pdf,2019-11-12,1500,landslide_related,,15.0,,,4,4,4,0,0,1.0,Yellow,legacy_layout,6184,ok
landslide_20191121_1830_landslide_related_e5f62ce2.pdf,2019-11-21,1830,landslide_related,,,,,1,1,0,1,0,2.0,Amber,modern_table,7173,ok
landslide_20191130_1930_landslide_related_ce7a324f.pdf,2019-11-30,1930,landslide_related,,,,,3,3,0,3,0,2.0,Amber,modern_table,7305,ok
landslide_20191201_1700_landslide_related_54629f94.pdf,2019-12-01,1700,landslide_related,,,,,6,6,6,0,0,1.0,Yellow,legacy_layout,8479,ok
landslide_20191202_1530_landslide_related_148eef52.pdf,2019-12-02,1530,landslide_related,,,,,5,5,5,0,0,1.0,Yellow,legacy_layout,4585,ok
landslide_20191203_1600_landslide_related_70e73f36.pdf,2019-12-03,1600,landslide_related,,,,,5,5,5,0,0,1.0,Yellow,legacy_layout,4585,ok
landslide_20191204_1400_landslide_related_93680d19.pdf,2019-12-04,1400,landslide_related,,,,,4,4,4,0,0,1.0,Yellow,legacy_layout,7694,ok
landslide_20191204_1830_early_warning_855f3382.pdf,2019-12-04,1830,early_warning,,16.0,,,5,5,5,0,0,1.0,Yellow,legacy_layout,8261,ok
landslide_20191205_1600_warning_a877d116.pdf,2019-12-05,1600,warning,,16.0,,,4,6,0,2,4,3.0,Red,modern_table,8198,ok
landslide_20191206_1600_warning_85f2a05a.pdf,2019-12-06,1600,warning,,16.0,,,5,8,3,5,0,2.0,Amber,modern_table,8282,ok
landslide_20191207_1600_early_warning_b934387d.pdf,2019-12-07,1600,early_warning,,16.0,,,5,5,2,3,0,2.0,Amber,modern_table,8157,ok
landslide_20191208_1645_warning_e66a79d7.pdf,2019-12-08,1645,warning,,,,,7,7,7,0,0,1.0,Yellow,legacy_layout,5674,ok
landslide_20191209_1600_warning_abf966a6.pdf,2019-12-09,1600,warning,,16.0,,,7,7,7,0,0,1.0,Yellow,legacy_layout,7912,ok
landslide_20191210_1615_landslide_related_82319c38.pdf,2019-12-10,1615,landslide_related,,16.0,,,4,4,4,0,0,1.0,Yellow,legacy_layout,7730,ok
landslide_20191211_1600_landslide_related_ef4f551d.pdf,2019-12-11,1600,landslide_related,,,,,0,0,0,0,0,,,legacy_layout,1112,manual_review_legacy_layout
landslide_20191218_0830_landslide_related_5cfbdaec.pdf,2019-12-18,0830,landslide_related,,,,,3,3,0,3,0,2.0,Amber,modern_table,6657,ok
landslide_20191219_0800_early_warning_5e0c7562.pdf,2019-12-19,0800,early_warning,,,,,0,0,0,0,0,,,legacy_layout,1878,manual_review_legacy_layout
landslide_20191219_1600_early_warning_32641db1.pdf,2019-12-19,1600,early_warning,,,,,0,0,0,0,0,,,legacy_layout,6145,manual_review_legacy_layout
landslide_20191219_1900_warning_3d85ee3e.pdf,2019-12-19,1900,warning,,16.0,,,0,0,0,0,0,,,legacy_layout,6835,manual_review_legacy_layout
landslide_20191220_0555_warning_c91a2810.pdf,2019-12-20,0555,warning,,8.0,,,5,8,4,1,3,3.0,Red,modern_table,8018,ok
landslide_20191220_1000_warning_f55a693e.pdf,2019-12-20,1000,warning,,19.0,,,6,6,6,0,0,1.0,Yellow,legacy_layout,5716,ok
landslide_20191220_1600_warning_2dbb1e31.pdf,2019-12-20,1600,warning,,8.0,,,6,9,0,5,4,3.0,Red,modern_table,8270,ok
landslide_20191220_1830_warning_ffc2682a.pdf,2019-12-20,1830,warning,,8.0,,,6,10,2,2,6,3.0,Red,modern_table,8414,ok
landslide_20191221_1600_early_warning_b680cc37.pdf,2019-12-21,1600,early_warning,,,,,7,7,7,0,0,1.0,Yellow,legacy_layout,4820,ok
landslide_20191222_1600_early_warning_1939e8c6.pdf,2019-12-22,1600,early_warning,,8.0,,,6,10,2,3,5,3.0,Red,modern_table,8530,ok
landslide_20191223_1600_early_warning_b2ef5709.pdf,2019-12-23,1600,early_warning,,8.0,,,5,7,1,4,2,3.0,Red,modern_table,8285,ok
landslide_20191224_1600_early_warning_85f82852.pdf,2019-12-24,1600,early_warning,,8.0,,,3,3,0,3,0,2.0,Amber,modern_table,8053,ok
landslide_20200122_1830_landslide_related_61f8a140.pdf,2020-01-22,1830,landslide_related,,,,,3,3,0,3,0,2.0,Amber,modern_table,7268,ok
landslide_20200123_1600_landslide_related_544e38bb.pdf,2020-01-23,1600,landslide_related,,16.0,,,4,4,4,0,0,1.0,Yellow,legacy_layout,7465,ok
landslide_20200123_1600_landslide_related_6d62b03c.pdf,2020-01-23,1600,landslide_related,,16.0,,,4,4,4,0,0,1.0,Yellow,legacy_layout,7465,ok
landslide_20200415_1730_early_warning_fe48587e.pdf,2020-04-15,1730,early_warning,,,,,0,0,0,0,0,,,legacy_layout,5443,manual_review_legacy_layout
landslide_20200515_1800_warning_f4248715.pdf,2020-05-15,1800,warning,,,,,2,2,0,2,0,2.0,Amber,modern_table,7274,ok
landslide_20200515_2130_warning_e06a92f7.pdf,2020-05-15,2130,warning,,21.0,,,6,7,3,4,0,2.0,Amber,modern_table,8048,ok
landslide_20200515_2200_warning_3995f0b0.pdf,2020-05-15,2200,warning,,21.0,,,6,9,3,5,1,3.0,Red,modern_table,8233,ok
landslide_20200516_0400_warning_4b087cfd.pdf,2020-05-16,0400,warning,,21.0,,,8,11,7,4,0,2.0,Amber,modern_table,8508,ok
landslide_20200516_1430_warning_7b767e0c.pdf,2020-05-16,1430,warning,,21.0,,,8,11,3,6,2,3.0,Red,modern_table,8731,ok
landslide_20200517_1430_warning_c8649fac.pdf,2020-05-17,1430,warning,,21.0,,,8,11,3,6,2,3.0,Red,modern_table,8850,ok
landslide_20200518_1400_warning_cea6a042.pdf,2020-05-18,1400,warning,,21.0,,,8,11,3,6,2,3.0,Red,modern_table,8981,ok
landslide_20200519_1010_warning_e37eec43.pdf,2020-05-19,1010,warning,,21.0,,,8,11,2,5,4,3.0,Red,modern_table,9074,ok
landslide_20200519_1030_warning_9b2c05c2.pdf,2020-05-19,1030,warning,,21.0,,,8,11,2,5,4,3.0,Red,modern_table,9097,ok
landslide_20200519_1430_warning_122a35bd.pdf,2020-05-19,1430,warning,,21.0,,,8,12,3,5,4,3.0,Red,modern_table,9299,ok
landslide_20200520_1400_warning_6f03e845.pdf,2020-05-20,1400,warning,,21.0,,,8,12,3,5,4,3.0,Red,modern_table,9333,ok
landslide_20200521_1500_warning_c41ef775.pdf,2020-05-21,1500,warning,,21.0,,,8,12,3,5,4,3.0,Red,modern_table,9404,ok
landslide_20200522_1245_warning_2d34e3ad.pdf,2020-05-22,1245,warning,,21.0,,,6,9,3,3,3,3.0,Red,modern_table,8937,ok
landslide_20200523_1430_early_warning_4bad60bd.pdf,2020-05-23,1430,early_warning,,21.0,,,3,4,3,1,0,2.0,Amber,modern_table,8429,ok
landslide_20200524_1430_warning_e323d616.pdf,2020-05-24,1430,warning,,21.0,,,3,4,3,1,0,2.0,Amber,modern_table,8500,ok
landslide_20200524_1700_warning_e3d15190.pdf,2020-05-24,1700,warning,,21.0,,,3,5,3,2,0,2.0,Amber,modern_table,8627,ok
landslide_20200526_1630_warning_a1cda374.pdf,2020-05-26,1630,warning,,16.0,,,3,5,0,3,2,3.0,Red,modern_table,7846,ok
landslide_20200527_0840_warning_dee35a02.pdf,2020-05-27,0840,warning,,8.0,,,5,7,4,3,0,2.0,Amber,modern_table,8019,ok
landslide_20200527_1400_warning_45318763.pdf,2020-05-27,1400,warning,,14.0,,,5,8,4,4,0,2.0,Amber,modern_table,8161,ok
landslide_20200528_1400_warning_063b78dd.pdf,2020-05-28,1400,warning,,14.0,,,4,6,2,4,0,2.0,Amber,modern_table,7941,ok
landslide_20200529_1400_warning_34d85b52.pdf,2020-05-29,1400,warning,,14.0,,,3,4,3,1,0,2.0,Amber,modern_table,7787,ok
landslide_20200720_0900_warning_2ac71bb1.pdf,2020-07-20,0900,warning,LEWM-20-07-2020-0900-00,,2020-07-20 09:00:00,2020-07-21 09:00:00,5,5,1,4,0,2.0,Amber,modern_table,1947,ok
landslide_20200720_1300_warning_a886c914.pdf,2020-07-20,1300,warning,LEWM-20-07-2020-1300-01,1.0,2020-07-20 13:00:00,2020-07-21 13:00:00,5,10,5,5,0,2.0,Amber,modern_table,2578,ok
landslide_20200721_1300_landslide_related_7f0e7abe.pdf,2020-07-21,1300,landslide_related,LEWM-21-07-2020-1300-02,2.0,2020-07-21 13:00:00,2020-07-22 13:00:00,4,4,2,2,0,2.0,Amber,modern_table,7569,ok
landslide_20200809_1830_early_warning_90f3d92a.pdf,2020-08-09,1830,early_warning,LEWM-09-08-2020-1600-00,,2020-08-09 16:00:00,2020-08-10 16:00:00,1,1,1,0,0,1.0,Yellow,modern_table,1551,ok
landslide_20200901_2155_landslide_related_7e376763.pdf,2020-09-01,2155,landslide_related,LEWM-01-09-2020-2100-00,,2020-09-01 21:00:00,2020-09-02 21:00:00,2,2,2,0,0,1.0,Yellow,modern_table,1638,ok
landslide_20200902_0100_warning_a83e66f1.pdf,2020-09-02,0100,warning,LEWM-02-09-2020-0000-01,1.0,2020-09-02 00:00:00,2020-09-03 00:00:00,4,6,4,2,0,2.0,Amber,modern_table,2102,ok
landslide_20200902_1600_warning_11b3a5de.pdf,2020-09-02,1600,warning,LEWM-02-09-2020-1600-02,2.0,2020-09-02 16:00:00,2020-09-03 16:00:00,5,7,5,2,0,2.0,Amber,modern_table,2319,ok
landslide_20200903_1600_warning_047b520b.pdf,2020-09-03,1600,warning,LEWM-03-09-2020-1600-03,3.0,2020-09-03 16:00:00,2020-09-04 16:00:00,2,2,2,0,0,1.0,Yellow,modern_table,1791,ok
landslide_20200906_1830_landslide_related_14e60fb6.pdf,2020-09-06,1830,landslide_related,LEWM-06-09-2020-1830-00,,2020-09-06 18:30:00,2020-09-07 18:30:00,5,7,5,2,0,2.0,Amber,modern_table,2119,ok
landslide_20200906_2130_warning_b446f65b.pdf,2020-09-06,2130,warning,LEWM-06-09-2020-2130-01,1.0,2020-09-06 21:30:00,2020-09-07 21:30:00,5,10,5,5,0,2.0,Amber,modern_table,2526,ok
landslide_20200907_1600_early_warning_b0087e02.pdf,2020-09-07,1600,early_warning,LEWM-07-09-2020-1600-02,2.0,2020-09-07 16:00:00,2020-09-08 16:00:00,5,5,5,0,0,1.0,Yellow,modern_table,2005,ok
landslide_20200918_1745_warning_8bf41940.pdf,2020-09-18,1745,warning,LEWM-18-09-2020-1730-00,,2020-09-18 17:30:00,2020-09-19 17:30:00,4,4,4,0,0,1.0,Yellow,modern_table,2019,ok
landslide_20200919_1830_warning_5551d628.pdf,2020-09-19,1830,warning,LEWM-19-09-2020-1730-01,1.0,2020-09-19 17:30:00,2020-09-20 17:30:00,4,4,4,0,0,1.0,Yellow,modern_table,1927,ok
landslide_20200929_1200_warning_6b53850f.pdf,2020-09-29,1200,warning,LEWM-29-09-2020-1200-00,,2020-09-29 12:00:00,2020-09-30 12:00:00,2,2,2,0,0,1.0,Yellow,modern_table,1630,ok
landslide_20201104_1900_warning_a2a5a289.pdf,2020-11-04,1900,warning,LEWM-04-11-2020-1930-00,,2020-11-04 19:30:00,2020-11-05 19:30:00,2,2,2,0,0,1.0,Yellow,modern_table,1666,ok
landslide_20201118_2000_landslide_related_34b91265.pdf,2020-11-18,2000,landslide_related,LEWM-18-11-2020-1930-00,,2020-11-18 19:30:00,2020-11-19 19:30:00,2,2,2,0,0,1.0,Yellow,modern_table,1729,ok
landslide_20201220_1500_early_warning_31780251.pdf,2020-12-20,1500,early_warning,LEWM-20-12-2020-1500-00,,2020-12-20 15:00:00,2020-12-21 15:00:00,3,3,3,0,0,1.0,Yellow,modern_table,1855,ok
landslide_20201221_1630_warning_57a0c8e4.pdf,2020-12-21,1630,warning,LEWM-21-12-2020-1600-00,,2020-12-21 16:00:00,2020-12-22 16:00:00,4,4,4,0,0,1.0,Yellow,modern_table,1900,ok
landslide_20201223_1800_warning_c46410fc.pdf,2020-12-23,1800,warning,LEWM-23-12-2020-1730-00,,2020-12-23 17:30:00,2020-12-24 17:30:00,4,4,4,0,0,1.0,Yellow,modern_table,1800,ok
landslide_20210329_2230_landslide_related_34d05b85.pdf,2021-03-29,2230,landslide_related,LEWM-29-03-2021-2121-00,,2021-03-29 21:30:00,2021-03-30 21:30:00,3,4,3,1,0,2.0,Amber,modern_table,1866,ok
landslide_20210415_1800_warning_0530f039.pdf,2021-04-15,1800,warning,LEWM-15-04-2021-18,,2021-04-15 18:00:00,2021-04-16 18:00:00,3,3,3,0,0,1.0,Yellow,modern_table,1854,ok
landslide_20210503_2000_landslide_related_521296bc.pdf,2021-05-03,2000,landslide_related,LEWM-03-05-2021-1930-00,,2021-05-03 19:30:00,2021-05-04 19:30:00,1,1,1,0,0,1.0,Yellow,modern_table,1628,ok
landslide_20210509_1900_warning_72efff4c.pdf,2021-05-09,1900,warning,LEWM-09-05-2021-1830-00,,2021-05-09 18:30:00,2021-05-10 18:30:00,1,1,1,0,0,1.0,Yellow,modern_table,1649,ok
landslide_20210510_1900_warning_f14c43db.pdf,2021-05-10,1900,warning,LEWM-10-05-2021-1830-01,1.0,2021-05-10 18:30:00,2021-05-11 18:30:00,1,1,1,0,0,1.0,Yellow,modern_table,1668,ok
landslide_20210513_1100_warning_fca7399c.pdf,2021-05-13,1100,warning,LEWM-13-05-2021-1100-00,,2021-05-13 11:00:00,2021-05-14 11:00:00,1,1,1,0,0,1.0,Yellow,modern_table,1796,ok
landslide_20210513_1500_warning_5024cd47.pdf,2021-05-13,1500,warning,LEWM-13-05-2021-1500-01,1.0,2021-05-13 15:00:00,2021-05-14 15:00:00,2,3,2,1,0,2.0,Amber,modern_table,2034,ok
landslide_20210513_1700_warning_7b29d33f.pdf,2021-05-13,1700,warning,LEWM-13-05-2021-1700-02,2.0,2021-05-13 17:00:00,2021-05-14 17:00:00,2,2,0,2,0,2.0,Amber,modern_table,2008,ok
landslide_20210513_2000_warning_e0c212af.pdf,2021-05-13,2000,warning,LEWM-13-05-2021-1900-03,3.0,2021-05-13 19:00:00,2021-05-14 19:00:00,6,9,1,5,3,3.0,Red,modern_table,2455,ok
landslide_20210514_1900_warning_c7be96c3.pdf,2021-05-14,1900,warning,LEWM-14-05-2021-1900-04,4.0,2021-05-14 19:00:00,2021-05-15 19:00:00,6,7,1,6,0,2.0,Amber,modern_table,2346,ok
landslide_20210515_1900_warning_241ca71c.pdf,2021-05-15,1900,warning,LEWM-15-05-2021-1900-05,5.0,2021-05-15 19:00:00,2021-05-16 19:00:00,6,7,1,6,0,2.0,Amber,modern_table,2316,ok
landslide_20210516_1900_landslide_related_6d44f861.pdf,2021-05-16,1900,landslide_related,LEWM-16-05-2021-1900-06,6.0,2021-05-16 19:00:00,2021-05-17 19:00:00,6,6,6,0,0,1.0,Yellow,modern_table,2295,ok
landslide_20210523_1700_warning_17c00aae.pdf,2021-05-23,1700,warning,LEWM-23-05-2021-1700-00,,2021-05-23 17:00:00,2021-05-24 17:00:00,5,5,5,0,0,1.0,Yellow,modern_table,2077,ok
landslide_20210524_1700_warning_868dc54f.pdf,2021-05-24,1700,warning,LEWM-24-05-2021-1700-01,1.0,2021-05-24 17:00:00,2021-05-25 17:00:00,6,6,6,0,0,1.0,Yellow,modern_table,2343,ok
landslide_20210524_2015_warning_5b87ab3f.pdf,2021-05-24,2015,warning,LEWM-24-05-2021-2000-02,2.0,2021-05-24 20:00:00,2021-05-25 20:00:00,6,8,6,2,0,2.0,Amber,modern_table,2477,ok
landslide_20210525_0925_warning_ca23ff50.pdf,2021-05-25,0925,warning,LEWM-25-05-2021-0900-03,3.0,2021-05-25 09:00:00,2021-05-26 09:00:00,6,8,5,3,0,2.0,Amber,modern_table,2621,ok
landslide_20210525_1730_warning_9a92fdef.pdf,2021-05-25,1730,warning,LEWM-25-05-2021-1700-04,4.0,2021-05-25 17:00:00,2021-05-26 17:00:00,6,10,5,3,2,3.0,Red,modern_table,2743,ok
landslide_20210526_1700_warning_9a1a7a35.pdf,2021-05-26,1700,warning,LEWM-26-05-2021-1700-05,5.0,2021-05-26 17:00:00,2021-05-27 17:00:00,6,8,5,3,0,2.0,Amber,modern_table,2631,ok
landslide_20210527_1730_warning_2b6a2285.pdf,2021-05-27,1730,warning,LEWM-27-05-2021-1700-06,6.0,2021-05-27 17:00:00,2021-05-28 17:00:00,6,8,5,3,0,2.0,Amber,modern_table,2619,ok
landslide_20210603_0900_warning_6197b2b1.pdf,2021-06-03,0900,warning,LEWM-03-06-2021-0900-00,,2021-06-03 09:00:00,2021-06-04 09:00:00,6,8,5,3,0,2.0,Amber,modern_table,2141,ok
landslide_20210603_1400_warning_c1677792.pdf,2021-06-03,1400,warning,LEWM-03-06-2021-1400-01,1.0,2021-06-03 14:00:00,2021-06-04 14:00:00,7,9,5,4,0,2.0,Amber,modern_table,2310,ok
landslide_20210603_1800_warning_00d92124.pdf,2021-06-03,1800,warning,LEWM-03-06-2021-1800-02,2.0,2021-06-03 18:00:00,2021-06-04 18:00:00,6,8,3,4,1,3.0,Red,modern_table,2324,ok
landslide_20210604_0030_warning_1bcafcdc.pdf,2021-06-04,0030,warning,LEWM-04-06-2021-0000-03,3.0,2021-06-04 00:00:00,2021-06-05 00:00:00,6,9,2,5,2,3.0,Red,modern_table,2332,ok
landslide_20210604_1700_warning_3502f9d1.pdf,2021-06-04,1700,warning,LEWM-04-06-2021-1630-04,4.0,2021-06-04 16:30:00,2021-06-05 16:30:00,6,9,2,5,2,3.0,Red,modern_table,2324,ok
landslide_20210605_0600_warning_6e2af94c.pdf,2021-06-05,0600,warning,LEWM-05-06-2021-0530-05,5.0,2021-06-05 05:30:00,2021-06-06 05:30:00,9,12,4,6,2,3.0,Red,modern_table,2805,ok
landslide_20210605_1800_warning_770f7920.pdf,2021-06-05,1800,warning,LEWM-05-06-2021-1730-06,6.0,2021-06-05 17:30:00,2021-06-06 17:30:00,10,17,7,6,4,3.0,Red,modern_table,3213,ok
landslide_20210606_1630_warning_beb99e27.pdf,2021-06-06,1630,warning,LEWM-06-06-2021-1630-07,7.0,2021-06-06 16:30:00,2021-06-07 16:30:00,9,16,6,6,4,3.0,Red,modern_table,3117,ok
landslide_20210607_1630_warning_85a39e7e.pdf,2021-06-07,1630,warning,LEWM-07-06-2021-1630-08,8.0,2021-06-07 16:30:00,2021-06-08 16:30:00,9,16,6,6,4,3.0,Red,modern_table,3118,ok
landslide_20210608_1630_warning_753839e7.pdf,2021-06-08,1630,warning,LEWM-08-06-2021-1630-09,9.0,2021-06-08 16:30:00,2021-06-09 16:30:00,9,16,6,6,4,3.0,Red,modern_table,3133,ok
landslide_20210608_2330_warning_dd0e98b3.pdf,2021-06-08,2330,warning,LEWM-08-06-2021-2330-10,10.0,2021-06-08 23:30:00,2021-06-09 23:30:00,9,16,6,6,4,3.0,Red,modern_table,3164,ok
landslide_20210609_1700_warning_6fda897e.pdf,2021-06-09,1700,warning,LEWM-09-06-2021-1630-11,11.0,2021-06-09 16:30:00,2021-06-10 16:30:00,9,16,6,6,4,3.0,Red,modern_table,3164,ok
landslide_20210610_1700_warning_e18b8b7a.pdf,2021-06-10,1700,warning,LEWM-10-06-2021-1630-12,12.0,2021-06-10 16:30:00,2021-06-11 16:30:00,7,10,6,3,1,3.0,Red,modern_table,2577,ok
landslide_20210611_1630_warning_54ddf8e8.pdf,2021-06-11,1630,warning,LEWM-11-06-2021-1630-13,13.0,2021-06-11 16:30:00,2021-06-12 16:30:00,3,4,3,1,0,2.0,Amber,modern_table,2009,ok
landslide_20210613_2030_warning_37c5c517.pdf,2021-06-13,2030,warning,LEWM-13-06-2021-2000-00,,2021-06-13 20:00:00,2021-06-14 20:00:00,2,2,2,0,0,1.0,Yellow,modern_table,1767,ok
landslide_20210614_1600_warning_cc128b90.pdf,2021-06-14,1600,warning,LEWM-14-06-2021-1630-01,1.0,2021-06-14 16:30:00,2021-06-15 16:30:00,4,4,4,0,0,1.0,Yellow,modern_table,1962,ok
landslide_20210709_2130_warning_ead1567b.pdf,2021-07-09,2130,warning,LEWM-09-07-2021-2130-00,,2021-07-09 21:30:00,2021-07-10 21:30:00,5,5,5,0,0,1.0,Yellow,modern_table,1945,ok
landslide_20210710_0200_warning_3a5fff16.pdf,2021-07-10,0200,warning,LEWM-10-07-2021-0130-02,2.0,2021-07-10 01:30:00,2021-07-11 01:30:00,8,12,5,7,0,2.0,Amber,modern_table,2720,ok
landslide_20210710_2330_warning_57ec5aba.pdf,2021-07-10,2330,warning,LEWM-09-07-2021-2330-01,1.0,2021-07-09 23:30:00,2021-07-10 23:30:00,7,9,6,3,0,2.0,Amber,modern_table,2341,ok
landslide_20210812_1400_warning_04d47cf2.pdf,2021-08-12,1400,warning,LEWM-12-08-2021-1400-00,,2021-08-12 14:00:00,2021-08-13 14:00:00,3,3,3,0,0,1.0,Yellow,modern_table,1797,ok
landslide_20210926_2000_warning_83647d5f.pdf,2021-09-26,2000,warning,LEWM-26-09-2021-1900-00,,2021-09-26 19:00:00,2021-09-27 19:00:00,5,5,5,0,0,1.0,Yellow,modern_table,1967,ok
landslide_20211001_1700_warning_b01be057.pdf,2021-10-01,1700,warning,LEWM-01-10-2021-1800-00,,2021-10-01 18:00:00,2021-10-02 18:00:00,5,5,5,0,0,1.0,Yellow,modern_table,2053,ok
landslide_20211005_1230_warning_4ade67c3.pdf,2021-10-05,1230,warning,LEWM-05-10-2021-1200-00,,2021-10-05 12:00:00,2021-10-06 12:00:00,4,4,4,0,0,1.0,Yellow,modern_table,1920,ok
landslide_20211005_1825_warning_d3410aa7.pdf,2021-10-05,1825,warning,LEWM-05-10-2021-1800-01,1.0,2021-10-05 18:00:00,2021-10-06 18:00:00,6,9,6,3,0,2.0,Amber,modern_table,2347,ok
landslide_20211006_0830_warning_d1b96b72.pdf,2021-10-06,0830,warning,LEWM-06-10-2021-0830-02,2.0,2021-10-06 08:30:00,2021-10-07 08:30:00,7,10,7,3,0,2.0,Amber,modern_table,2460,ok
landslide_20211031_2130_warning_f9bbe7bc.pdf,2021-10-31,2130,warning,LEWM-31-10-2021-2100-00,,2021-10-31 21:00:00,2021-11-01 21:00:00,2,2,2,0,0,1.0,Yellow,modern_table,1625,ok
landslide_20211101_1800_warning_50a41fef.pdf,2021-11-01,1800,warning,LEWM-01-11-2021-1800-01,1.0,2021-11-01 18:00:00,2021-11-02 18:00:00,8,9,8,1,0,2.0,Amber,modern_table,2404,ok
landslide_20211102_1800_warning_3fcd26d4.pdf,2021-11-02,1800,warning,LEWM-02-11-2021-1800-02,2.0,2021-11-02 18:00:00,2021-11-03 18:00:00,8,8,8,0,0,1.0,Yellow,modern_table,2344,ok
landslide_20211102_2000_warning_b9d57fec.pdf,2021-11-02,2000,warning,LEWM-02-11-2021-2000-03,3.0,2021-11-02 20:00:00,2021-11-03 20:00:00,8,9,7,2,0,2.0,Amber,modern_table,2415,ok
landslide_20211103_1600_warning_c78d18fb.pdf,2021-11-03,1600,warning,LEWM-03-11-2021-1600-04,4.0,2021-11-03 16:00:00,2021-11-04 16:00:00,8,8,6,2,0,2.0,Amber,modern_table,2324,ok
landslide_20211105_1600_warning_2b9f4245.pdf,2021-11-05,1600,warning,LEWM-05-11-2021-1600-06,6.0,2021-11-05 16:00:00,2021-11-06 16:00:00,6,6,4,2,0,2.0,Amber,modern_table,2262,ok
landslide_20211106_1600_warning_5308af49.pdf,2021-11-06,1600,warning,LEWM-06-11-2021-1600-07,7.0,2021-11-06 16:00:00,2021-11-07 16:00:00,5,5,4,1,0,2.0,Amber,modern_table,2131,ok
landslide_20211106_2200_warning_c2df5f13.pdf,2021-11-06,2200,warning,LEWM-06-11-2021-2200-08,8.0,2021-11-06 22:00:00,2021-11-07 22:00:00,7,7,6,1,0,2.0,Amber,modern_table,2337,ok
landslide_20211107_1330_warning_85042516.pdf,2021-11-07,1330,warning,LEWM-07-11-2021-1300-09,9.0,2021-11-07 13:00:00,2021-11-08 13:00:00,8,8,7,1,0,2.0,Amber,modern_table,2464,ok
landslide_20211107_1800_warning_a0f22f88.pdf,2021-11-07,1800,warning,LEWM-07-11-2021-1730-10,10.0,2021-11-07 17:30:00,2021-11-08 17:30:00,8,12,7,5,0,2.0,Amber,modern_table,2871,ok
landslide_20211107_2050_warning_35af8109.pdf,2021-11-07,2050,warning,LEWM-07-11-2021-2030-11,11.0,2021-11-07 20:30:00,2021-11-08 20:30:00,9,14,8,6,0,2.0,Amber,modern_table,3014,ok
landslide_20211108_1600_warning_800b657e.pdf,2021-11-08,1600,warning,LEWM-08-11-2021-1600-12,12.0,2021-11-08 16:00:00,2021-11-09 16:00:00,10,15,10,5,0,2.0,Amber,modern_table,3185,ok
landslide_20211108_2130_warning_8fe43f49.pdf,2021-11-08,2130,warning,LEWM-08-11-2021-2030-13,13.0,2021-11-08 20:30:00,2021-11-09 20:30:00,10,16,10,6,0,2.0,Amber,modern_table,3300,ok
landslide_20211109_1600_warning_d5e70a61.pdf,2021-11-09,1600,warning,LEWM-09-11-2021-1600-14,14.0,2021-11-09 16:00:00,2021-11-10 16:00:00,10,16,10,6,0,2.0,Amber,modern_table,3290,ok
landslide_20211109_2130_warning_5b37d3bc.pdf,2021-11-09,2130,warning,LEWM-09-11-2021-2100-15,15.0,2021-11-09 21:00:00,2021-11-10 21:00:00,11,16,6,7,3,3.0,Red,modern_table,3733,ok
landslide_20211110_1600_warning_5a663746.pdf,2021-11-10,1600,warning,LEWM-10-11-2021-1600-16,16.0,2021-11-10 16:00:00,2021-11-11 16:00:00,11,16,6,7,3,3.0,Red,modern_table,3627,ok
landslide_20211111_1600_warning_eacd2625.pdf,2021-11-11,1600,warning,LEWM-11-11-2021-1600-17,17.0,2021-11-11 16:00:00,2021-11-12 16:00:00,11,16,6,7,3,3.0,Red,modern_table,3503,ok
landslide_20211112_1600_warning_e68e6275.pdf,2021-11-12,1600,warning,LEWM-12-11-2021-1600-18,18.0,2021-11-12 16:00:00,2021-11-13 16:00:00,8,14,6,6,2,3.0,Red,modern_table,3172,ok
landslide_20211113_1600_warning_8cb603ce.pdf,2021-11-13,1600,warning,LEWM-13-11-2021-1600-19,19.0,2021-11-13 16:00:00,2021-11-14 16:00:00,7,10,7,3,0,2.0,Amber,modern_table,2725,ok
landslide_20211114_1600_warning_f46da3e1.pdf,2021-11-14,1600,warning,LEWM-14-11-2021-1600-20,20.0,2021-11-14 16:00:00,2021-11-15 16:00:00,7,8,7,1,0,2.0,Amber,modern_table,2594,ok
landslide_20211115_1600_warning_b8d89cf1.pdf,2021-11-15,1600,warning,LEWM-15-11-2021-1600-21,21.0,2021-11-15 16:00:00,2021-11-16 16:00:00,7,8,7,1,0,2.0,Amber,modern_table,2595,ok
landslide_20211116_1600_warning_33b175e8.pdf,2021-11-16,1600,warning,LEWM-16-11-2021-1600-22,22.0,2021-11-16 16:00:00,2021-11-17 16:00:00,7,8,7,1,0,2.0,Amber,modern_table,2596,ok
landslide_20211117_1600_warning_9a6b201a.pdf,2021-11-17,1600,warning,LEWM-17-11-2021-1600-23,23.0,2021-11-17 16:00:00,2021-11-18 16:00:00,7,8,7,1,0,2.0,Amber,modern_table,2550,ok
landslide_20211119_1600_warning_ebc7328b.pdf,2021-11-19,1600,warning,LEWM-19-11-2021-1600-25,25.0,2021-11-19 16:00:00,2021-11-20 16:00:00,5,5,5,0,0,1.0,Yellow,modern_table,2264,ok
landslide_20211124_1000_warning_9d903882.pdf,2021-11-24,1000,warning,LEWM-24-11-2021-1000-00,,2021-11-24 10:00:00,2021-11-25 10:00:00,2,2,2,0,0,1.0,Yellow,modern_table,1661,ok
landslide_20211124_2021_warning_df789b1b.pdf,2021-11-24,2021,warning,LEWM-24-11-2021-2000-01,1.0,2021-11-24 20:00:00,2021-11-25 20:00:00,7,11,7,4,0,2.0,Amber,modern_table,2564,ok
landslide_20211125_1530_warning_16915450.pdf,2021-11-25,1530,warning,LEWM-25-11-2021-1500-02,2.0,2021-11-25 15:00:00,2021-11-26 15:00:00,7,11,7,4,0,2.0,Amber,modern_table,2642,ok
landslide_20211127_1830_warning_f194df6f.pdf,2021-11-27,1830,warning,LEWM-27-11-2021-1800-01,1.0,2021-11-27 18:00:00,2021-11-28 18:00:00,8,13,8,5,0,2.0,Amber,modern_table,2838,ok
landslide_20211127_2030_warning_1ce973bb.pdf,2021-11-27,2030,warning,LEWM-27-11-2021-2030-02,2.0,2021-11-27 20:30:00,2021-11-28 20:30:00,8,14,7,4,3,3.0,Red,modern_table,3138,ok
landslide_20211127_2330_warning_c909aa33.pdf,2021-11-27,2330,warning,LEWM-26-11-2021-2300-00,,2021-11-26 23:00:00,2021-11-27 23:00:00,7,11,7,4,0,2.0,Amber,modern_table,2599,ok
landslide_20211128_2000_warning_b4c4ebca.pdf,2021-11-28,2000,warning,LEWM-28-11-2021-2000-03,3.0,2021-11-28 20:00:00,2021-11-29 20:00:00,8,14,7,4,3,3.0,Red,modern_table,3141,ok
landslide_20211129_1600_warning_a7980bb6.pdf,2021-11-29,1600,warning,LEWM-29-11-2021-1600-04,4.0,2021-11-29 16:00:00,2021-11-30 16:00:00,8,11,7,3,1,3.0,Red,modern_table,2943,ok
landslide_20211130_1600_warning_e3a6817f.pdf,2021-11-30,1600,warning,LEWM-30-11-2021-1600-05,5.0,2021-11-30 16:00:00,2021-12-01 16:00:00,3,4,2,1,1,3.0,Red,modern_table,2029,ok
landslide_20220410_1330_warning_036d8953.pdf,2022-04-10,1330,warning,LEWM-10-04-2022-1300-00,,2022-04-10 13:00:00,2022-04-11 13:00:00,8,8,8,0,0,1.0,Yellow,modern_table,2495,ok
landslide_20220411_1300_warning_edd1399d.pdf,2022-04-11,1300,warning,LEWM-11-04-2022-1300-01,1.0,2022-04-11 13:00:00,2022-04-12 13:00:00,8,8,8,0,0,1.0,Yellow,modern_table,2532,ok
landslide_20220510_1900_warning_9c8e339e.pdf,2022-05-10,1900,warning,LEWM-10-05-2022-1900-00,,2022-05-10 19:00:00,2022-05-11 19:00:00,4,4,4,0,0,1.0,Yellow,modern_table,1909,ok
landslide_20220511_0800_warning_b27dfdea.pdf,2022-05-11,0800,warning,LEWM-11-05-2022-0730-01,1.0,2022-05-11 07:30:00,2022-05-12 07:30:00,6,7,5,2,0,2.0,Amber,modern_table,2281,ok
landslide_20220512_1600_warning_dbc98fbd.pdf,2022-05-12,1600,warning,LEWM-12-05-2022-1600-00,,2022-05-12 16:00:00,2022-05-13 16:00:00,6,6,6,0,0,1.0,Yellow,modern_table,2209,ok
landslide_20220513_1330_warning_f5a89ca3.pdf,2022-05-13,1330,warning,LEWM-13-05-2022-1330-01,1.0,2022-05-13 13:30:00,2022-05-14 13:30:00,6,7,6,1,0,2.0,Amber,modern_table,2349,ok
landslide_20220513_1930_warning_95734500.pdf,2022-05-13,1930,warning,LEWM-13-05-2022-1930-02,2.0,2022-05-13 19:30:00,2022-05-14 19:30:00,6,8,6,1,1,3.0,Red,modern_table,2406,ok
landslide_20220514_1630_warning_fee82d22.pdf,2022-05-14,1630,warning,LEWM-14-05-2022-1600-04,4.0,2022-05-14 16:00:00,2022-05-15 16:00:00,6,9,6,2,1,3.0,Red,modern_table,2503,ok
landslide_20220514_1930_warning_44def96d.pdf,2022-05-14,1930,warning,LEWM-14-05-2022-1930-05,5.0,2022-05-14 19:30:00,2022-05-15 19:30:00,6,9,6,2,1,3.0,Red,modern_table,2542,ok
landslide_20220514_2130_warning_648498ac.pdf,2022-05-14,2130,warning,LEWM-13-05-2022-2130-03,3.0,2022-05-13 21:30:00,2022-05-14 21:30:00,6,9,6,2,1,3.0,Red,modern_table,2495,ok
landslide_20220515_1800_warning_259bdf90.pdf,2022-05-15,1800,warning,LEWM-15-05-2022-1651-06,6.0,2022-05-15 17:00:00,2022-05-16 17:00:00,6,9,6,2,1,3.0,Red,modern_table,2525,ok
landslide_20220516_1700_warning_fa5e15d5.pdf,2022-05-16,1700,warning,LEWM-16-05-2022-1700-07,7.0,2022-05-16 17:00:00,2022-05-17 17:00:00,5,6,5,1,0,2.0,Amber,modern_table,2308,ok
landslide_20220517_1600_warning_23a17820.pdf,2022-05-17,1600,warning,LEWM-17-05-2022-1600-08,8.0,2022-05-17 16:00:00,2022-05-18 16:00:00,5,6,5,1,0,2.0,Amber,modern_table,2321,ok
landslide_20220518_1600_warning_4d3f7d04.pdf,2022-05-18,1600,warning,LEWM-18-05-2022-1600-09,9.0,2022-05-18 16:00:00,2022-05-19 16:00:00,5,6,5,1,0,2.0,Amber,modern_table,2300,ok
landslide_20220519_1600_warning_f22e3e91.pdf,2022-05-19,1600,warning,LEWM-19-05-2022-1600-10,10.0,2022-05-19 16:00:00,2022-05-20 16:00:00,2,3,2,1,0,2.0,Amber,modern_table,1932,ok
landslide_20220520_1600_warning_e8195b12.pdf,2022-05-20,1600,warning,LEWM-20-05-2022-1600-11,11.0,2022-05-20 16:00:00,2022-05-21 16:00:00,1,1,1,0,0,1.0,Yellow,modern_table,1783,ok
landslide_20220531_1100_warning_bb97a84f.pdf,2022-05-31,1100,warning,LEWM-31-05-2022-1030-00,,2022-05-31 10:30:00,2022-06-01 10:30:00,8,10,8,2,0,2.0,Amber,modern_table,2564,ok
landslide_20220531_1630_warning_cf085e14.pdf,2022-05-31,1630,warning,LEWM-31-05-2022-1630-01,1.0,2022-05-31 16:30:00,2022-06-01 16:30:00,8,12,8,3,1,3.0,Red,modern_table,2764,ok
landslide_20220601_1530_warning_42c1ec2f.pdf,2022-06-01,1530,warning,LEWM-01-06-2022-1500-02,2.0,2022-06-01 15:00:00,2022-06-02 15:00:00,8,12,8,3,1,3.0,Red,modern_table,2739,ok
landslide_20220604_1500_warning_c7953b8c.pdf,2022-06-04,1500,warning,LEWM-04-06-2022-1500-00,5.0,2022-06-04 15:00:00,2022-06-05 15:00:00,1,1,1,0,0,1.0,Yellow,modern_table,1615,ok
landslide_20220801_1100_warning_7f8935f8.pdf,2022-08-01,1100,warning,LEWM-01-08-2022-1100-00,,2022-08-01 11:00:00,2022-08-02 11:00:00,7,7,7,0,0,1.0,Yellow,modern_table,2156,ok
landslide_20220801_1500_warning_0bac0786.pdf,2022-08-01,1500,warning,LEWM-01-08-2022-1500-01,1.0,2022-08-01 15:00:00,2022-08-02 15:00:00,8,12,5,7,0,2.0,Amber,modern_table,2662,ok
landslide_20220802_1500_warning_d0458fee.pdf,2022-08-02,1500,warning,LEWM-02-08-2022-1500-02,2.0,2022-08-02 15:00:00,2022-08-03 15:00:00,8,12,7,5,0,2.0,Amber,modern_table,2688,ok
landslide_20220802_1930_warning_24633b94.pdf,2022-08-02,1930,warning,LEWM-02-08-2022-1930-03,3.0,2022-08-02 19:30:00,2022-08-03 19:30:00,8,14,6,3,5,3.0,Red,modern_table,3096,ok
landslide_20220803_1500_warning_db686dbf.pdf,2022-08-03,1500,warning,LEWM-03-08-2022-1500-04,4.0,2022-08-03 15:00:00,2022-08-04 15:00:00,8,14,6,3,5,3.0,Red,modern_table,2818,ok
landslide_20220804_1500_warning_b9010e14.pdf,2022-08-04,1500,warning,LEWM-04-08-2022-1500-05,5.0,2022-08-04 15:00:00,2022-08-05 15:00:00,8,14,6,3,5,3.0,Red,modern_table,2833,ok
landslide_20220805_1500_warning_233e1fa0.pdf,2022-08-05,1500,warning,,,,,0,0,0,0,0,,,legacy_layout,1821,non_landslide_report
landslide_20220807_1500_warning_0fa2160d.pdf,2022-08-07,1500,warning,LEWM-07-08-2022-1500-08,8.0,2022-08-07 15:00:00,2022-08-08 15:00:00,5,5,5,0,0,1.0,Yellow,modern_table,2009,ok
landslide_20220808_1500_warning_1de9fc96.pdf,2022-08-08,1500,warning,LEWM-08-08-2022-1500-09,9.0,2022-08-08 15:00:00,2022-08-09 15:00:00,5,5,5,0,0,1.0,Yellow,modern_table,1988,ok
landslide_20220826_2330_warning_6630df8b.pdf,2022-08-26,2330,warning,LEWM-26-08-2022-2300-00,,2022-08-26 23:00:00,2022-08-27 23:00:00,3,3,3,0,0,1.0,Yellow,modern_table,1858,ok
landslide_20220827_1600_warning_9e51c2bf.pdf,2022-08-27,1600,warning,LEWM-27-08-2022-1600-00,1.0,2022-08-27 16:00:00,2022-08-28 16:00:00,4,4,4,0,0,1.0,Yellow,modern_table,2264,ok
landslide_20220830_2030_warning_ade6eb25.pdf,2022-08-30,2030,warning,LEWM-30-08-2022-2030-00,,2022-08-30 20:30:00,2022-08-31 20:30:00,4,4,4,0,0,1.0,Yellow,modern_table,1803,ok
landslide_20220831_1930_warning_a82d4f1d.pdf,2022-08-31,1930,warning,LEWM-31-08-2022-1930-02,2.0,2022-08-31 19:30:00,2022-09-01 19:30:00,8,12,7,3,2,3.0,Red,modern_table,2699,ok
landslide_20220901_0830_early_warning_68956353.pdf,2022-09-01,0830,early_warning,LEWM-01-09-2022-0830-03,3.0,2022-09-01 08:30:00,2022-09-02 08:30:00,8,13,7,4,2,3.0,Red,modern_table,2794,ok
landslide_20220901_1500_warning_6af8523e.pdf,2022-09-01,1500,warning,LEWM-01-09-2022-1500-04,4.0,2022-09-01 15:00:00,2022-09-02 15:00:00,8,13,7,4,2,3.0,Red,modern_table,2776,ok
landslide_20220902_1500_warning_10e292df.pdf,2022-09-02,1500,warning,LEWM-02-09-2022-1500-05,5.0,2022-09-02 15:00:00,2022-09-03 15:00:00,8,11,7,4,0,2.0,Amber,modern_table,2668,ok
landslide_20220903_1500_warning_7afcf0ae.pdf,2022-09-03,1500,warning,LEWM-03-09-2022-1500-06,6.0,2022-09-03 15:00:00,2022-09-04 15:00:00,4,4,4,0,0,1.0,Yellow,modern_table,2044,ok
landslide_20220905_1600_warning_df3cf13f.pdf,2022-09-05,1600,warning,LEWM-05-09-2022-1600-00,,2022-09-05 16:00:00,2022-09-06 16:00:00,5,9,4,5,0,2.0,Amber,modern_table,2431,ok
landslide_20220905_2030_early_warning_7130636d.pdf,2022-09-05,2030,early_warning,LEWM-05-09-2022-2030-01,1.0,2022-09-05 20:30:00,2022-09-06 20:30:00,8,16,5,6,5,3.0,Red,modern_table,3197,ok
landslide_20220906_1500_warning_d17aa46c.pdf,2022-09-06,1500,warning,LEWM-06-09-2022-1530-02,2.0,2022-09-06 15:30:00,2022-09-07 15:30:00,8,16,5,6,5,3.0,Red,modern_table,3210,ok
landslide_20220907_1530_early_warning_43e51282.pdf,2022-09-07,1530,early_warning,LEWM-07-09-2022-1530-03,3.0,2022-09-07 15:30:00,2022-09-08 15:30:00,6,10,5,5,0,2.0,Amber,modern_table,2769,ok
landslide_20221003_1400_warning_72a62c40.pdf,2022-10-03,1400,warning,LEWM-03-10-2022-1400-00,,2022-10-03 14:00:00,2022-10-04 14:00:00,1,2,1,1,0,2.0,Amber,modern_table,1616,ok
landslide_20221003_2100_warning_3738a0ef.pdf,2022-10-03,2100,warning,LEWM-03-10-2022-2100-01,1.0,2022-10-03 21:00:00,2022-10-04 21:00:00,2,3,2,1,0,2.0,Amber,modern_table,1836,ok
landslide_20221013_1530_warning_bc64bca6.pdf,2022-10-13,1530,warning,LEWM-13-10-2022-1530-00,,2022-10-13 15:30:00,2022-10-14 15:30:00,2,2,2,0,0,1.0,Yellow,modern_table,1753,ok
landslide_20221013_1830_landslide_related_864d0b3e.pdf,2022-10-13,1830,landslide_related,LEWM-13-10-2022-1830-01,1.0,2022-10-13 18:30:00,2022-10-14 18:30:00,3,4,3,1,0,2.0,Amber,modern_table,1997,ok
landslide_20221014_1030_warning_a94ac77d.pdf,2022-10-14,1030,warning,LEWM-14-10-2022-1030-02,2.0,2022-10-14 10:30:00,2022-10-15 10:30:00,6,9,5,3,1,3.0,Red,modern_table,2528,ok
landslide_20221014_1600_early_warning_f48bf869.pdf,2022-10-14,1600,early_warning,LEWM-14-10-2022-1600-03,3.0,2022-10-14 16:00:00,2022-10-15 16:00:00,6,10,4,3,3,3.0,Red,modern_table,2600,ok
landslide_20221015_1600_warning_63b5a120.pdf,2022-10-15,1600,warning,LEWM-15-10-2022-1600-04,4.0,2022-10-15 16:00:00,2022-10-16 16:00:00,6,10,4,3,3,3.0,Red,modern_table,2598,ok
landslide_20221016_1600_warning_64c322c8.pdf,2022-10-16,1600,warning,LEWM-16-10-2022-1600-05,5.0,2022-10-16 16:00:00,2022-10-17 16:00:00,6,10,4,3,3,3.0,Red,modern_table,2598,ok
landslide_20221017_1600_warning_a6aff18c.pdf,2022-10-17,1600,warning,LEWM-17-10-2022-1600-06,6.0,2022-10-17 16:00:00,2022-10-18 16:00:00,6,8,3,4,1,3.0,Red,modern_table,2410,ok
landslide_20221018_1600_warning_445cfba4.pdf,2022-10-18,1600,warning,LEWM-18-10-2022-1600-07,7.0,2022-10-18 16:00:00,2022-10-19 16:00:00,5,7,2,4,1,3.0,Red,modern_table,2344,ok
landslide_20221019_1530_warning_b56f1020.pdf,2022-10-19,1530,warning,LEWM-19-10-2022-1500-08,8.0,2022-10-19 15:00:00,2022-10-20 15:00:00,5,8,3,4,1,3.0,Red,modern_table,2417,ok
landslide_20221020_1530_warning_b38d4e9d.pdf,2022-10-20,1530,warning,LEWM-20-10-2022-1500-09,9.0,2022-10-20 15:00:00,2022-10-21 15:00:00,4,5,4,1,0,2.0,Amber,modern_table,2131,ok
landslide_20221021_1530_warning_ff1187eb.pdf,2022-10-21,1530,warning,LEWM-21-10-2022-1500-10,10.0,2022-10-21 15:00:00,2022-10-22 15:00:00,4,5,4,1,0,2.0,Amber,modern_table,2074,ok
landslide_20221022_1530_warning_96e98521.pdf,2022-10-22,1530,warning,LEWM-22-10-2022-1500-11,11.0,2022-10-22 15:00:00,2022-10-23 15:00:00,5,6,4,2,0,2.0,Amber,modern_table,2207,ok
landslide_20221023_1500_warning_c60da382.pdf,2022-10-23,1500,warning,LEWM-23-10-2022-1500-12,12.0,2022-10-23 15:00:00,2022-10-24 15:00:00,5,7,4,3,0,2.0,Amber,modern_table,2356,ok
landslide_20221024_1500_warning_baafe587.pdf,2022-10-24,1500,warning,LEWM-24-10-2022-1500-13,13.0,2022-10-24 15:00:00,2022-10-25 15:00:00,5,7,4,3,0,2.0,Amber,modern_table,2355,ok
landslide_20221024_1800_early_warning_52db6d42.pdf,2022-10-24,1800,early_warning,LEWM-24-10-2022-1800-14,14.0,2022-10-24 18:00:00,2022-10-25 18:00:00,5,8,4,4,0,2.0,Amber,modern_table,2408,ok
landslide_20221025_1600_warning_91fcf426.pdf,2022-10-25,1600,warning,LEWM-25-10-2022-1500-15,15.0,2022-10-25 15:00:00,2022-10-26 15:00:00,5,7,5,2,0,2.0,Amber,modern_table,2270,ok
landslide_20221026_1500_early_warning_7fbb42e9.pdf,2022-10-26,1500,early_warning,LEWM-26-10-2022-1500-16,16.0,2022-10-26 15:00:00,2022-10-27 15:00:00,2,2,2,0,0,1.0,Yellow,modern_table,1730,ok
landslide_20221030_1900_warning_11573f00.pdf,2022-10-30,1900,warning,LEWM-30-10-2022-1900-00,,2022-10-30 19:00:00,2022-10-31 19:00:00,3,4,3,1,0,2.0,Amber,modern_table,1875,ok
landslide_20221031_1900_warning_d42a0533.pdf,2022-10-31,1900,warning,LEWM-31-10-2022-1900-01,1.0,2022-10-31 19:00:00,2022-11-01 19:00:00,6,6,6,0,0,1.0,Yellow,modern_table,2095,ok
landslide_20221101_1445_warning_f48cddfa.pdf,2022-11-01,1445,warning,LEWM-01-11-2022-1430-02,2.0,2022-11-01 14:30:00,2022-11-02 14:30:00,8,11,7,3,1,3.0,Red,modern_table,2496,ok
landslide_20221102_1500_warning_2e60bfbf.pdf,2022-11-02,1500,warning,LEWM-02-11-2022-1430-03,3.0,2022-11-02 14:30:00,2022-11-03 14:30:00,8,10,8,2,0,2.0,Amber,modern_table,2574,ok
landslide_20221103_1500_warning_8175ff61.pdf,2022-11-03,1500,warning,LEWM-03-11-2022-1600-04,4.0,2022-11-03 16:00:00,2022-11-04 16:00:00,8,8,8,0,0,1.0,Yellow,modern_table,2312,ok
landslide_20221104_2030_early_warning_317c1854.pdf,2022-11-04,2030,early_warning,LEWM-04-11-2022-2030-00,,2022-11-04 20:30:00,2022-11-05 20:30:00,5,5,5,0,0,1.0,Yellow,modern_table,1913,ok
landslide_20221104_2200_warning_7cb9b32c.pdf,2022-11-04,2200,warning,LEWM-04-11-2022-2200-01,1.0,2022-11-04 22:00:00,2022-11-05 22:00:00,5,5,4,1,0,2.0,Amber,modern_table,1946,ok
landslide_20221105_1500_early_warning_15333ff2.pdf,2022-11-05,1500,early_warning,LEWM-05-11-2022-1500-02,2.0,2022-11-05 15:00:00,2022-11-06 15:00:00,6,8,5,3,0,2.0,Amber,modern_table,2218,ok
landslide_20221105_1630_warning_e9956a65.pdf,2022-11-05,1630,warning,LEWM-05-11-2022-1630-03,3.0,2022-11-05 16:30:00,2022-11-06 16:30:00,7,9,6,3,0,2.0,Amber,modern_table,2375,ok
landslide_20221105_1830_warning_854ec104.pdf,2022-11-05,1830,warning,LEWM-05-11-2022-1830-00,4.0,2022-11-05 18:30:00,2022-11-06 18:30:00,7,9,6,2,1,3.0,Red,modern_table,2384,ok
landslide_20221106_1600_warning_513eff51.pdf,2022-11-06,1600,warning,LEWM-06-11-2022-1600-05,5.0,2022-11-06 16:00:00,2022-11-07 16:00:00,7,10,6,3,1,3.0,Red,modern_table,2426,ok
landslide_20221107_1600_warning_8b37a196.pdf,2022-11-07,1600,warning,LEWM-07-11-2022-1600-06,6.0,2022-11-07 16:00:00,2022-11-08 16:00:00,7,9,6,3,0,2.0,Amber,modern_table,2366,ok
landslide_20221107_2200_warning_9e365df6.pdf,2022-11-07,2200,warning,LEWM-07-11-2022-2200-00,7.0,2022-11-07 22:00:00,2022-11-08 22:00:00,9,11,8,3,0,2.0,Amber,modern_table,2612,ok
landslide_20221108_1530_warning_94d63f2b.pdf,2022-11-08,1530,warning,LEWM-08-11-2022-1500-08,8.0,2022-11-08 15:00:00,2022-11-09 15:00:00,7,8,7,1,0,2.0,Amber,modern_table,2369,ok
landslide_20221110_1900_warning_30bacb06.pdf,2022-11-10,1900,warning,LEWM-10-11-2022-1900-11,11.0,2022-11-10 19:00:00,2022-11-11 19:00:00,7,8,7,1,0,2.0,Amber,modern_table,2408,ok
landslide_20221111_1900_warning_8f5bdb84.pdf,2022-11-11,1900,warning,LEWM-11-11-2022-1900-12,12.0,2022-11-11 19:00:00,2022-11-12 19:00:00,7,7,7,0,0,1.0,Yellow,modern_table,2353,ok
landslide_20221113_2130_warning_7eada0fe.pdf,2022-11-13,2130,warning,LEWM-13-11-2022-2100-00,,2022-11-13 21:00:00,2022-11-14 21:00:00,1,2,1,1,0,2.0,Amber,modern_table,1647,ok
landslide_20221114_1930_warning_274875b3.pdf,2022-11-14,1930,warning,LEWM-14-11-2022-1930-01,1.0,2022-11-14 19:30:00,2022-11-15 19:30:00,7,8,7,1,0,2.0,Amber,modern_table,2291,ok
landslide_20221127_1800_warning_0a2f27ce.pdf,2022-11-27,1800,warning,LEWM-27-11-2022-1630-00,,2022-11-27 16:30:00,2022-11-28 16:30:00,1,1,1,0,0,1.0,Yellow,modern_table,1558,ok
landslide_20221203_1800_warning_c1211c79.pdf,2022-12-03,1800,warning,LEWM-03-12-2022-1800-00,,2022-12-03 18:00:00,2022-12-04 18:00:00,1,1,1,0,0,1.0,Yellow,modern_table,1545,ok
landslide_20221203_1900_warning_b52ed84b.pdf,2022-12-03,1900,warning,LEWM-03-12-2022-1900-01,1.0,2022-12-03 19:00:00,2022-12-04 19:00:00,2,2,2,0,0,1.0,Yellow,modern_table,1662,ok
landslide_20221204_1900_warning_dbc1c0c1.pdf,2022-12-04,1900,warning,LEWM-04-12-2022-1900-02,2.0,2022-12-04 19:00:00,2022-12-05 19:00:00,5,5,5,0,0,1.0,Yellow,modern_table,1943,ok
landslide_20221219_0900_warning_6b492f48.pdf,2022-12-19,0900,warning,LEWM-19-12-2022-0900-00,,2022-12-19 09:00:00,2022-12-20 09:00:00,2,2,2,0,0,1.0,Yellow,modern_table,1666,ok
landslide_20221219_1200_warning_1aeb9a76.pdf,2022-12-19,1200,warning,LEWM-19-12-2022-1200-01,1.0,2022-12-19 12:00:00,2022-12-20 12:00:00,2,3,2,1,0,2.0,Amber,modern_table,1792,ok
landslide_20221225_0900_warning_09d3f647.pdf,2022-12-25,0900,warning,LEWM-25-12-2022-0830-01,1.0,2022-12-25 08:30:00,2022-12-26 08:30:00,5,7,4,3,0,2.0,Amber,modern_table,2215,ok
landslide_20221226_2100_warning_79db035c.pdf,2022-12-26,2100,warning,LEWM-26-12-2022-2100-00,,2022-12-26 21:00:00,2022-12-27 21:00:00,5,5,5,0,0,1.0,Yellow,modern_table,2175,ok
landslide_20230316_1930_warning_37724246.pdf,2023-03-16,1930,warning,LEWM-16-03-2023-1900-00,,2023-03-16 19:00:00,2023-03-17 19:00:00,2,2,2,0,0,1.0,Yellow,modern_table,1683,ok
landslide_20230316_1930_warning_c2662647.pdf,2023-03-16,1930,warning,LEWM-16-03-2023-1900-00,,2023-03-16 19:00:00,2023-03-17 19:00:00,2,2,2,0,0,1.0,Yellow,modern_table,1683,ok
landslide_20230318_1800_warning_3e64a75a.pdf,2023-03-18,1800,warning,LEWM-18-03-2023-1800-00,,2023-03-18 18:00:00,2023-03-19 18:00:00,3,3,3,0,0,1.0,Yellow,modern_table,1751,ok
landslide_20230319_2145_warning_59c5bb10.pdf,2023-03-19,2145,warning,LEWM-19-03-2023-2130-00,,2023-03-19 21:30:00,2023-03-20 21:30:00,2,2,2,0,0,1.0,Yellow,modern_table,1640,ok
landslide_20230320_0032_warning_8b9cb692.pdf,2023-03-20,0032,warning,LEWM-20-03-2023-0030-01,1.0,2023-03-20 00:30:00,2023-03-21 00:30:00,2,2,2,0,0,1.0,Yellow,modern_table,1694,ok
landslide_20230320_0845_warning_18e2ff05.pdf,2023-03-20,0845,warning,LEWM-20-03-2023-0830-03,3.0,2023-03-20 08:30:00,2023-03-21 08:30:00,3,4,2,2,0,2.0,Amber,modern_table,1854,ok
landslide_20230323_1600_warning_2a8e812f.pdf,2023-03-23,1600,warning,LEWM-23-03-2023-1530-00,,2023-03-23 15:30:00,2023-03-24 15:30:00,1,1,1,0,0,1.0,Yellow,modern_table,1546,ok
landslide_20230323_1700_warning_75500b63.pdf,2023-03-23,1700,warning,LEWM-23-03-2023-1630-01,1.0,2023-03-23 16:30:00,2023-03-24 16:30:00,2,2,2,0,0,1.0,Yellow,modern_table,1684,ok
landslide_20230325_0000_warning_54dbff3e.pdf,2023-03-25,0000,warning,LEWM-24-03-2023-0000-00,,2023-03-24 00:00:00,2023-03-25 00:00:00,3,3,3,0,0,1.0,Yellow,modern_table,1709,ok
landslide_20230402_1800_warning_f0b2c3b2.pdf,2023-04-02,1800,warning,LEWM-02-04-2023-1730-00,,2023-04-02 17:30:00,2023-04-03 17:30:00,1,1,1,0,0,1.0,Yellow,modern_table,1546,ok
landslide_20230404_1720_warning_38beea9c.pdf,2023-04-04,1720,warning,LEWM-04-04-2023-1700-00,,2023-04-04 17:00:00,2023-04-05 17:00:00,3,3,3,0,0,1.0,Yellow,modern_table,1761,ok
landslide_20230408_1630_warning_de34fce2.pdf,2023-04-08,1630,warning,LEWM-08-04-2023-1630-00,,2023-04-08 16:30:00,2023-04-09 16:30:00,1,1,1,0,0,1.0,Yellow,modern_table,1547,ok
landslide_20230408_1730_warning_c6fc97b0.pdf,2023-04-08,1730,warning,LEWM-08-04-2023-1730-01,1.0,2023-04-08 17:30:00,2023-04-09 17:30:00,2,2,2,0,0,1.0,Yellow,modern_table,1695,ok
landslide_20230415_2330_warning_38c1ab97.pdf,2023-04-15,2330,warning,LEWM-15-04-2023-2300-00,,2023-04-15 23:00:00,2023-04-16 23:00:00,3,3,3,0,0,1.0,Yellow,modern_table,1711,ok
landslide_20230416_1630_warning_4d1ebab1.pdf,2023-04-16,1630,warning,LEWM-16-04-2023-1630-01,1.0,2023-04-16 16:30:00,2023-04-17 16:30:00,3,3,3,0,0,1.0,Yellow,modern_table,1759,ok
landslide_20230422_1300_warning_1e839323.pdf,2023-04-22,1300,warning,LEWM-22-04-2023-1230-00,,2023-04-22 12:30:00,2023-04-23 12:30:00,1,1,1,0,0,1.0,Yellow,modern_table,1543,ok
landslide_20230423_1800_warning_fa206867.pdf,2023-04-23,1800,warning,LEWM-23-04-2023-1800-00,,2023-04-23 18:00:00,2023-04-24 18:00:00,1,1,1,0,0,1.0,Yellow,modern_table,1543,ok
landslide_20230426_2030_warning_a19307cf.pdf,2023-04-26,2030,warning,LEWM-26-04-2023-2000-00,,2023-04-26 20:00:00,2023-04-27 20:00:00,2,2,2,0,0,1.0,Yellow,modern_table,1614,ok
landslide_20230429_1430_warning_b443efd3.pdf,2023-04-29,1430,warning,LEWM-29-04-2023-1430-00,,2023-04-29 14:30:00,2023-04-30 14:30:00,2,2,2,0,0,1.0,Yellow,modern_table,1627,ok
landslide_20230429_1600_warning_eb22780c.pdf,2023-04-29,1600,warning,LEWM-29-04-2023-1600-01,1.0,2023-04-29 16:00:00,2023-04-30 16:00:00,3,3,3,0,0,1.0,Yellow,modern_table,1742,ok
landslide_20230430_1600_warning_50fd22a4.pdf,2023-04-30,1600,warning,LEWM-30-04-2023-1600-02,2.0,2023-04-30 16:00:00,2023-05-01 16:00:00,3,3,3,0,0,1.0,Yellow,modern_table,1750,ok
landslide_20230501_1600_warning_5b3cdb1f.pdf,2023-05-01,1600,warning,LEWM-01-05-2023-1600-03,3.0,2023-05-01 16:00:00,2023-05-02 16:00:00,3,3,3,0,0,1.0,Yellow,modern_table,1767,ok
landslide_20230501_2230_warning_5a3b3383.pdf,2023-05-01,2230,warning,LEWM-01-05-2023-2200-04,4.0,2023-05-01 22:00:00,2023-05-02 22:00:00,3,3,3,0,0,1.0,Yellow,modern_table,1762,ok
landslide_20230502_1600_early_warning_17417e35.pdf,2023-05-02,1600,early_warning,LEWM-02-05-2023-1600-05,5.0,2023-05-02 16:00:00,2023-05-03 16:00:00,3,3,3,0,0,1.0,Yellow,modern_table,1762,ok
landslide_20230503_1600_warning_4d071381.pdf,2023-05-03,1600,warning,LEWM-03-05-2023-1600-06,6.0,2023-05-03 16:00:00,2023-05-04 16:00:00,3,3,3,0,0,1.0,Yellow,modern_table,1763,ok
landslide_20230504_1600_landslide_related_7282d4e3.pdf,2023-05-04,1600,landslide_related,LEWM-04-05-2023-1600-00,7.0,2023-05-04 16:00:00,2023-05-05 16:00:00,3,3,3,0,0,1.0,Yellow,modern_table,1763,ok
landslide_20230504_2000_warning_9a4fc253.pdf,2023-05-04,2000,warning,LEWM-04-05-2023-1900-08,8.0,2023-05-04 19:00:00,2023-05-05 19:00:00,3,3,3,0,0,1.0,Yellow,modern_table,1786,ok
landslide_20230504_2200_warning_13ed1707.pdf,2023-05-04,2200,warning,LEWM-04-05-2023-2200-09,9.0,2023-05-04 22:00:00,2023-05-05 22:00:00,5,7,5,2,0,2.0,Amber,modern_table,2106,ok
landslide_20230505_0030_warning_1213654d.pdf,2023-05-05,0030,warning,LEWM-05-05-2023-0030-10,10.0,2023-05-05 00:30:00,2023-05-06 00:30:00,5,7,5,2,0,2.0,Amber,modern_table,2120,ok
landslide_20230506_0030_warning_d11f5c1a.pdf,2023-05-06,0030,warning,LEWM-05-05-2023-0000-11,11.0,2023-05-06 00:00:00,2023-05-07 00:00:00,5,7,5,2,0,2.0,Amber,modern_table,2108,ok
landslide_20230506_1600_warning_6b4819e0.pdf,2023-05-06,1600,warning,LEWM-06-05-2023-1600-12,12.0,2023-05-06 16:00:00,2023-05-07 16:00:00,3,3,3,0,0,1.0,Yellow,modern_table,1780,ok
landslide_20230507_0900_warning_2506cfc3.pdf,2023-05-07,0900,warning,LEWM-07-05-2023-0900-13,13.0,2023-05-07 09:00:00,2023-05-08 09:00:00,5,5,5,0,0,1.0,Yellow,modern_table,2060,ok
landslide_20230508_0900_warning_efa5449d.pdf,2023-05-08,0900,warning,LEWM-08-05-2023-0900-14,14.0,2023-05-08 09:00:00,2023-05-09 09:00:00,4,4,4,0,0,1.0,Yellow,modern_table,1918,ok
landslide_20230509_0930_warning_376aa56b.pdf,2023-05-09,0930,warning,LEWM-09-05-2023-0930-15,15.0,2023-05-09 09:30:00,2023-05-10 09:30:00,6,6,6,0,0,1.0,Yellow,modern_table,2110,ok
landslide_20230510_0930_warning_31ee4c3f.pdf,2023-05-10,0930,warning,LEWM-10-05-2023-0930-16,16.0,2023-05-10 09:30:00,2023-05-11 09:30:00,4,4,4,0,0,1.0,Yellow,modern_table,1945,ok
landslide_20230511_0930_warning_bd4938c0.pdf,2023-05-11,0930,warning,LEWM-11-05-2023-0930-17,17.0,2023-05-11 09:30:00,2023-05-12 09:30:00,2,2,2,0,0,1.0,Yellow,modern_table,1735,ok
landslide_20230511_1600_warning_b07fc35e.pdf,2023-05-11,1600,warning,LEWM-11-05-2023-1600-18,18.0,2023-05-11 16:00:00,2023-05-12 16:00:00,6,6,5,1,0,2.0,Amber,modern_table,2095,ok
landslide_20230511_1830_warning_089639c2.pdf,2023-05-11,1830,warning,LEWM-11-05-2023-1830-19,19.0,2023-05-11 18:30:00,2023-05-12 18:30:00,6,8,5,3,0,2.0,Amber,modern_table,2268,ok
landslide_20230512_1830_warning_e9d4e4ff.pdf,2023-05-12,1830,warning,LEWM-12-05-2023-1830-20,20.0,2023-05-12 18:30:00,2023-05-13 18:30:00,6,8,5,3,0,2.0,Amber,modern_table,2253,ok
landslide_20230513_1830_warning_00dff97c.pdf,2023-05-13,1830,warning,LEWM-13-05-2023-1830-21,21.0,2023-05-13 18:30:00,2023-05-14 18:30:00,3,3,3,0,0,1.0,Yellow,modern_table,1829,ok
landslide_20230514_1330_warning_bb4bd212.pdf,2023-05-14,1330,warning,LEWM-14-05-2023-1330-22,22.0,2023-05-14 13:30:00,2023-05-15 13:30:00,5,6,5,1,0,2.0,Amber,modern_table,2123,ok
landslide_20230515_1400_warning_72718052.pdf,2023-05-15,1400,warning,LEWM-15-05-2023-1330-23,23.0,2023-05-15 13:30:00,2023-05-16 13:30:00,5,5,5,0,0,1.0,Yellow,modern_table,2045,ok
landslide_20230521_0800_warning_397c0423.pdf,2023-05-21,0800,warning,LEWM-21-05-2023-0800-00,,2023-05-21 08:00:00,2023-05-22 08:00:00,1,1,1,0,0,1.0,Yellow,modern_table,1578,ok
landslide_20230522_0900_warning_f2a672a7.pdf,2023-05-22,0900,warning,LEWM-22-05-2023-0800-01,1.0,2023-05-22 08:00:00,2023-05-23 08:00:00,1,1,1,0,0,1.0,Yellow,modern_table,1610,ok
landslide_20230601_1930_warning_f6600181.pdf,2023-06-01,1930,warning,LEWM-01-06-2023-1930-00,,2023-06-01 19:30:00,2023-06-02 19:30:00,3,3,2,1,0,2.0,Amber,modern_table,1806,ok
landslide_20230601_2330_warning_2186f3b8.pdf,2023-06-01,2330,warning,LEWM-01-06-2023-2300-01,1.0,2023-06-01 23:00:00,2023-06-02 23:00:00,4,5,3,2,0,2.0,Amber,modern_table,2080,ok
landslide_20230602_0100_warning_9b69adcc.pdf,2023-06-02,0100,warning,LEWM-02-06-2023-0100-02,2.0,2023-06-02 01:00:00,2023-06-03 01:00:00,5,7,4,3,0,2.0,Amber,modern_table,2237,ok
landslide_20230602_1600_warning_6d9c12e2.pdf,2023-06-02,1600,warning,LEWM-02-06-2023-1600-03,3.0,2023-06-02 16:00:00,2023-06-03 16:00:00,5,7,4,3,0,2.0,Amber,modern_table,2195,ok
landslide_20230604_0800_warning_5403a66b.pdf,2023-06-04,0800,warning,LEWM-04-06-2023-0730-00,,2023-06-04 07:30:00,2023-06-05 07:30:00,1,1,1,0,0,1.0,Yellow,modern_table,1568,ok
landslide_20230604_1500_warning_02cbefde.pdf,2023-06-04,1500,warning,LEWM-04-06-2023-1430-01,1.0,2023-06-04 14:30:00,2023-06-05 14:30:00,3,5,3,2,0,2.0,Amber,modern_table,1941,ok
landslide_20230605_1430_warning_a5ade66e.pdf,2023-06-05,1430,warning,LEWM-05-06-2023-1430-02,2.0,2023-06-05 14:30:00,2023-06-06 14:30:00,3,3,3,0,0,1.0,Yellow,modern_table,1807,ok
landslide_20230605_1900_warning_2ca3be76.pdf,2023-06-05,1900,warning,LEWM-05-06-2023-1900-03,3.0,2023-06-05 19:00:00,2023-06-06 19:00:00,3,4,3,1,0,2.0,Amber,modern_table,1885,ok
landslide_20230606_1600_warning_6a688960.pdf,2023-06-06,1600,warning,LEWM-06-06-2023-1600-04,4.0,2023-06-06 16:00:00,2023-06-07 16:00:00,1,2,1,1,0,2.0,Amber,modern_table,1703,ok
landslide_20230607_1600_warning_83b4c782.pdf,2023-06-07,1600,warning,LEWM-07-06-2023-1600-05,5.0,2023-06-07 16:00:00,2023-06-08 16:00:00,1,1,1,0,0,1.0,Yellow,modern_table,1641,ok
landslide_20230608_1600_warning_2bc2115c.pdf,2023-06-08,1600,warning,LEWM-08-06-2023-1600-06,6.0,2023-06-08 16:00:00,2023-06-09 16:00:00,3,3,3,0,0,1.0,Yellow,modern_table,1771,ok
landslide_20230612_1900_warning_1efc3217.pdf,2023-06-12,1900,warning,LEWM-12-06-2023-1900-00,,2023-06-12 19:00:00,2023-06-13 19:00:00,4,5,4,1,0,2.0,Amber,modern_table,1978,ok
landslide_20230613_1615_early_warning_ff448c5a.pdf,2023-06-13,1615,early_warning,LEWM-13-06-2023-1600-02,2.0,2023-06-13 16:00:00,2023-06-14 16:00:00,3,5,2,2,1,3.0,Red,modern_table,1998,ok
landslide_20230614_1600_landslide_related_2cc64765.pdf,2023-06-14,1600,landslide_related,LEWM-14-06-2023-1600-03,3.0,2023-06-14 16:00:00,2023-06-15 16:00:00,2,3,1,2,0,2.0,Amber,modern_table,1852,ok
landslide_20230703_0730_warning_93d47e63.pdf,2023-07-03,0730,warning,LEWM-03-07-2023-0700-00,,2023-07-03 07:00:00,2023-07-04 07:00:00,3,3,2,1,0,2.0,Amber,modern_table,1722,ok
landslide_20230704_2300_warning_1a1059ba.pdf,2023-07-04,2300,warning,LEWM-04-07-2023-2300-00,,2023-07-04 23:00:00,2023-07-05 23:00:00,1,1,1,0,0,1.0,Yellow,modern_table,1551,ok
landslide_20230705_1130_warning_b33311c5.pdf,2023-07-05,1130,warning,LEWM-05-07-2023-1100-01,1.0,2023-07-05 11:00:00,2023-07-06 11:00:00,1,2,1,1,0,2.0,Amber,modern_table,1665,ok
landslide_20230705_2300_warning_db7ac127.pdf,2023-07-05,2300,warning,LEWM-05-07-2023-2300-02,2.0,2023-07-05 23:00:00,2023-07-06 23:00:00,2,3,2,1,0,2.0,Amber,modern_table,1748,ok
landslide_20230706_1600_warning_ae1680d2.pdf,2023-07-06,1600,warning,LEWM-06-07-2023-1600-03,3.0,2023-07-06 16:00:00,2023-07-07 16:00:00,1,2,1,1,0,2.0,Amber,modern_table,1661,ok
landslide_20230707_1600_warning_f293cb78.pdf,2023-07-07,1600,warning,LEWM-07-07-2023-1600-04,4.0,2023-07-07 16:00:00,2023-07-08 16:00:00,1,1,1,0,0,1.0,Yellow,modern_table,1601,ok
landslide_20230831_2000_early_warning_8aa3851f.pdf,2023-08-31,2000,early_warning,LEWM-31-08-2023-2000-00,,2023-08-31 20:00:00,2023-09-01 20:00:00,3,3,3,0,0,1.0,Yellow,modern_table,1816,ok
landslide_20230901_1200_early_warning_74cde189.pdf,2023-09-01,1200,early_warning,LEWM-01-09-2023-1200-01,1.0,2023-09-01 12:00:00,2023-09-02 12:00:00,4,4,4,0,0,1.0,Yellow,modern_table,1974,ok
landslide_20230902_1200_early_warning_5f1ee80d.pdf,2023-09-02,1200,early_warning,LEWM-02-09-2023-1200-02,2.0,2023-09-02 12:00:00,2023-09-03 12:00:00,4,4,4,0,0,1.0,Yellow,modern_table,1973,ok
landslide_20230903_0900_early_warning_c5477bea.pdf,2023-09-03,0900,early_warning,LEWM-03-09-2023-0900-03,3.0,2023-09-03 09:00:00,2023-09-04 09:00:00,4,6,4,2,0,2.0,Amber,modern_table,2162,ok
landslide_20230903_1030_landslide_related_974f148e.pdf,2023-09-03,1030,landslide_related,LEWM-03-09-2023-1030-04,4.0,2023-09-03 10:30:00,2023-09-04 10:30:00,4,7,4,3,0,2.0,Amber,modern_table,2245,ok
landslide_20230903_2230_landslide_related_b5f9de58.pdf,2023-09-03,2230,landslide_related,LEWM-03-09-2023-2219-05,5.0,2023-09-03 22:30:00,2023-09-04 22:30:00,4,8,4,3,1,3.0,Red,modern_table,2289,ok
landslide_20230904_1600_early_warning_335e2f7b.pdf,2023-09-04,1600,early_warning,LEWM-04-09-2023-1600-06,6.0,2023-09-04 16:00:00,2023-09-05 16:00:00,5,9,5,3,1,3.0,Red,modern_table,2370,ok
landslide_20230905_1600_early_warning_f313a816.pdf,2023-09-05,1600,early_warning,LEWM-05-09-2023-1600-07,7.0,2023-09-05 16:00:00,2023-09-06 16:00:00,5,8,5,3,0,2.0,Amber,modern_table,2309,ok
landslide_20230906_1600_early_warning_eb529922.pdf,2023-09-06,1600,early_warning,LEWM-06-09-2023-1600-08,8.0,2023-09-06 16:00:00,2023-09-07 16:00:00,5,7,5,2,0,2.0,Amber,modern_table,2293,ok
landslide_20230907_1600_warning_7b02e2f6.pdf,2023-09-07,1600,warning,LEWM-07-09-2023-1600-09,9.0,2023-09-07 16:00:00,2023-09-08 16:00:00,5,7,5,2,0,2.0,Amber,modern_table,2314,ok
landslide_20230908_1600_early_warning_fb5ae048.pdf,2023-09-08,1600,early_warning,LEWM-08-09-2023-1600-10,10.0,2023-09-08 16:00:00,2023-09-09 16:00:00,5,7,5,2,0,2.0,Amber,modern_table,2309,ok
landslide_20230909_1600_early_warning_1d7e6e9e.pdf,2023-09-09,1600,early_warning,LEWM-09-09-2023-1600-11,11.0,2023-09-09 16:00:00,2023-09-10 16:00:00,5,5,5,0,0,1.0,Yellow,modern_table,2186,ok
landslide_20230910_1600_early_warning_c2d0b5b9.pdf,2023-09-10,1600,early_warning,LEWM-10-09-2023-1600-12,12.0,2023-09-10 16:00:00,2023-09-11 16:00:00,4,4,4,0,0,1.0,Yellow,modern_table,2098,ok
landslide_20230911_1600_early_warning_ed770db5.pdf,2023-09-11,1600,early_warning,LEWM-11-09-2023-1600-13,13.0,2023-09-11 16:00:00,2023-09-12 16:00:00,3,3,3,0,0,1.0,Yellow,modern_table,1960,ok
landslide_20230912_1600_early_warning_95c71b6e.pdf,2023-09-12,1600,early_warning,LEWM-12-09-2023-1600-14,14.0,2023-09-12 16:00:00,2023-09-13 16:00:00,1,1,1,0,0,1.0,Yellow,modern_table,1606,ok
landslide_20230914_1600_early_warning_62f7e548.pdf,2023-09-14,1600,early_warning,LEWM-14-09-2023-1600-16,16.0,2023-09-14 16:00:00,2023-09-15 16:00:00,3,3,3,0,0,1.0,Yellow,modern_table,1773,ok
landslide_20230918_1330_early_warning_859a8e02.pdf,2023-09-18,1330,early_warning,LEWM-18-09-2023-1300-00,,2023-09-18 13:00:00,2023-09-19 13:00:00,1,1,1,0,0,1.0,Yellow,modern_table,1561,ok
landslide_20230919_2100_early_warning_c191273c.pdf,2023-09-19,2100,early_warning,LEWM-19-09-2023-2030-00,,2023-09-19 20:30:00,2023-09-20 20:30:00,4,4,4,0,0,1.0,Yellow,modern_table,1845,ok
landslide_20230919_2230_early_warning_8c1e2821.pdf,2023-09-19,2230,early_warning,LEWM-19-09-2023-2230-01,1.0,2023-09-19 22:30:00,2023-09-20 22:30:00,5,5,5,0,0,1.0,Yellow,modern_table,2028,ok
landslide_20230928_0630_early_warning_f48202d5.pdf,2023-09-28,0630,early_warning,LEWM-28-09-2023-0600-00,,2023-09-28 06:00:00,2023-09-29 06:00:00,7,10,6,4,0,2.0,Amber,modern_table,2412,ok
landslide_20230928_1300_early_warning_2e419cc4.pdf,2023-09-28,1300,early_warning,LEWM-28-09-2023-1230-01,1.0,2023-09-28 12:30:00,2023-09-29 12:30:00,7,11,6,5,0,2.0,Amber,modern_table,2627,ok
landslide_20230929_1245_early_warning_9664cb0b.pdf,2023-09-29,1245,early_warning,LEWM-29-09-2023-1200-02,2.0,2023-09-29 12:00:00,2023-09-30 12:00:00,7,11,6,5,0,2.0,Amber,modern_table,2593,ok
landslide_20230930_1015_early_warning_79d21c24.pdf,2023-09-30,1015,early_warning,LEWM-30-09-2023-1000-03,3.0,2023-09-30 10:00:00,2023-10-01 10:00:00,8,12,7,5,0,2.0,Amber,modern_table,2676,ok
landslide_20231001_1000_early_warning_7b21df6d.pdf,2023-10-01,1000,early_warning,LEWM-01-10-2023-1000-04,4.0,2023-10-01 10:00:00,2023-10-02 10:00:00,8,12,7,5,0,2.0,Amber,modern_table,2674,ok
landslide_20231001_1700_early_warning_e4d4762b.pdf,2023-10-01,1700,early_warning,LEWM-01-10-2023-1700-05,5.0,2023-10-01 17:00:00,2023-10-02 17:00:00,8,12,7,5,0,2.0,Amber,modern_table,2678,ok
landslide_20231002_1630_early_warning_c444fd7f.pdf,2023-10-02,1630,early_warning,LEWM-02-10-2023-1700-06,6.0,2023-10-02 17:00:00,2023-10-03 17:00:00,8,13,7,6,0,2.0,Amber,modern_table,2744,ok
landslide_20231003_1630_early_warning_27c6d8ba.pdf,2023-10-03,1630,early_warning,LEWM-03-10-2023-1630-07,7.0,2023-10-03 16:30:00,2023-10-04 16:30:00,8,13,7,6,0,2.0,Amber,modern_table,2738,ok
landslide_20231004_1630_early_warning_66f7b7b7.pdf,2023-10-04,1630,early_warning,LEWM-04-10-2023-1630-08,8.0,2023-10-04 16:30:00,2023-10-05 16:30:00,7,12,7,5,0,2.0,Amber,modern_table,2774,ok
landslide_20231005_1630_early_warning_8525043a.pdf,2023-10-05,1630,early_warning,LEWM-05-10-2023-1600-09,9.0,2023-10-05 16:00:00,2023-10-06 16:00:00,7,9,7,2,0,2.0,Amber,modern_table,2500,ok
landslide_20231006_0900_early_warning_de068c99.pdf,2023-10-06,0900,early_warning,LEWM-06-10-2023-0900-10,10.0,2023-10-06 09:00:00,2023-10-07 09:00:00,9,13,9,4,0,2.0,Amber,modern_table,3167,ok
landslide_20231006_2030_early_warning_40d10c0c.pdf,2023-10-06,2030,early_warning,LEWM-06-10-2023-2030-11,11.0,2023-10-06 20:30:00,2023-10-07 20:30:00,9,16,9,3,4,3.0,Red,modern_table,3298,ok
landslide_20231007_0930_early_warning_428c9205.pdf,2023-10-07,0930,early_warning,LEWM-07-10-2023-0930-00,12.0,2023-10-07 09:30:00,2023-10-08 09:30:00,9,18,8,6,4,3.0,Red,modern_table,3533,ok
landslide_20231007_1430_warning_2787ef31.pdf,2023-10-07,1430,warning,LEWM-07-10-2023-1400-12,12.0,2023-10-07 14:00:00,2023-10-08 14:00:00,9,16,7,6,3,3.0,Red,modern_table,3386,ok
landslide_20231007_1900_early_warning_ab061979.pdf,2023-10-07,1900,early_warning,LEWM-07-10-2023-1900-13,13.0,2023-10-07 19:00:00,2023-10-08 19:00:00,10,18,8,7,3,3.0,Red,modern_table,3566,ok
landslide_20231008_1515_early_warning_af22254b.pdf,2023-10-08,1515,early_warning,LEWM-08-10-2023-1500-14,14.0,2023-10-08 15:00:00,2023-10-09 15:00:00,9,17,7,7,3,3.0,Red,modern_table,3448,ok
landslide_20231009_1600_warning_b8673a62.pdf,2023-10-09,1600,warning,LEWM-09-10-2023-1600-15,15.0,2023-10-09 16:00:00,2023-10-10 16:00:00,9,17,7,7,3,3.0,Red,modern_table,3446,ok
landslide_20231010_1530_warning_500dcf7a.pdf,2023-10-10,1530,warning,LEWM-10-10-2023-1600-16,16.0,2023-10-10 16:00:00,2023-10-11 16:00:00,7,12,4,7,1,3.0,Red,modern_table,3062,ok
landslide_20231011_1600_early_warning_4ca12a3e.pdf,2023-10-11,1600,early_warning,LEWM-11-10-2023-1600-17,17.0,2023-10-11 16:00:00,2023-10-12 16:00:00,7,12,4,7,1,3.0,Red,modern_table,3053,ok
landslide_20231012_1600_early_warning_0fdf2130.pdf,2023-10-12,1600,early_warning,LEWM-12-10-2023-1600-18,18.0,2023-10-12 16:00:00,2023-10-13 16:00:00,10,15,8,7,0,2.0,Amber,modern_table,3350,ok
landslide_20231013_1600_early_warning_07f085db.pdf,2023-10-13,1600,early_warning,LEWM-13-10-2023-1600-19,19.0,2023-10-13 16:00:00,2023-10-14 16:00:00,10,12,8,4,0,2.0,Amber,modern_table,3154,ok
landslide_20231014_1600_early_warning_c486737c.pdf,2023-10-14,1600,early_warning,LEWM-14-10-2023-1600-20,20.0,2023-10-14 16:00:00,2023-10-15 16:00:00,10,13,7,5,1,3.0,Red,modern_table,3237,ok
landslide_20231014_2000_early_warning_8416579b.pdf,2023-10-14,2000,early_warning,LEWM-14-10-2023-2000-21,21.0,2023-10-14 20:00:00,2023-10-15 20:00:00,10,14,8,5,1,3.0,Red,modern_table,3368,ok
landslide_20231015_1600_early_warning_db672777.pdf,2023-10-15,1600,early_warning,LEWM-15-10-2023-1600-22,22.0,2023-10-15 16:00:00,2023-10-16 16:00:00,10,15,8,6,1,3.0,Red,modern_table,3451,ok
landslide_20231016_1600_early_warning_d806b32f.pdf,2023-10-16,1600,early_warning,LEWM-16-10-2023-1600-23,23.0,2023-10-16 16:00:00,2023-10-17 16:00:00,9,11,9,2,0,2.0,Amber,modern_table,3139,ok
landslide_20231017_1500_early_warning_5edef8b5.pdf,2023-10-17,1500,early_warning,LEWM-17-10-2023-1500-24,24.0,2023-10-17 15:00:00,2023-10-18 15:00:00,9,11,9,2,0,2.0,Amber,modern_table,3085,ok
landslide_20231018_1530_early_warning_9777aa38.pdf,2023-10-18,1530,early_warning,LEWM-18-10-2023-1500-00,25.0,2023-10-18 15:00:00,2023-10-19 15:00:00,10,14,9,5,0,2.0,Amber,modern_table,3357,ok
landslide_20231019_1500_early_warning_7d04d5ac.pdf,2023-10-19,1500,early_warning,LEWM-19-10-2023-1500-00,26.0,2023-10-19 15:00:00,2023-10-20 15:00:00,9,13,8,5,0,2.0,Amber,modern_table,3215,ok
landslide_20231020_1500_warning_26f8bd65.pdf,2023-10-20,1500,warning,LEWM-20-10-2023-1500-27,27.0,2023-10-20 15:00:00,2023-10-21 15:00:00,9,12,8,4,0,2.0,Amber,modern_table,3140,ok
landslide_20231021_1600_early_warning_ae16fad5.pdf,2023-10-21,1600,early_warning,LEWM-21-10-2023-1600-28,28.0,2023-10-21 16:00:00,2023-10-22 16:00:00,9,12,8,4,0,2.0,Amber,modern_table,3149,ok
landslide_20231022_1600_warning_83530894.pdf,2023-10-22,1600,warning,LEWM-22-10-2023-1500-29,29.0,2023-10-22 15:00:00,2023-10-23 15:00:00,8,11,7,4,0,2.0,Amber,modern_table,2981,ok
landslide_20231023_1500_early_warning_ed8f810c.pdf,2023-10-23,1500,early_warning,LEWM-23-10-2023-1500-30,30.0,2023-10-23 15:00:00,2023-10-24 15:00:00,10,13,9,4,0,2.0,Amber,modern_table,3206,ok
landslide_20231024_1500_warning_ec30c733.pdf,2023-10-24,1500,warning,LEWM-24-10-2023-1500-31,31.0,2023-10-24 15:00:00,2023-10-25 15:00:00,10,13,9,4,0,2.0,Amber,modern_table,3189,ok
landslide_20231025_1500_warning_c6260917.pdf,2023-10-25,1500,warning,LEWM-25-10-2023-1500-32,32.0,2023-10-25 15:00:00,2023-10-26 15:00:00,10,12,10,2,0,2.0,Amber,modern_table,3170,ok
landslide_20231026_1500_early_warning_47760c2f.pdf,2023-10-26,1500,early_warning,LEWM-25-10-2023-1500-32,32.0,2023-10-25 15:00:00,2023-10-26 15:00:00,10,12,10,2,0,2.0,Amber,modern_table,3170,ok
landslide_20231027_1500_early_warning_554a7a4b.pdf,2023-10-27,1500,early_warning,LEWM-27-10-2023-1500-34,34.0,2023-10-27 15:00:00,2023-10-28 15:00:00,5,7,4,3,0,2.0,Amber,modern_table,2528,ok
landslide_20231028_1500_early_warning_ca55f234.pdf,2023-10-28,1500,early_warning,LEWM-28-10-2023-1500-35,35.0,2023-10-28 15:00:00,2023-10-29 15:00:00,6,8,6,2,0,2.0,Amber,modern_table,2622,ok
landslide_20231029_1500_early_warning_3643a9c3.pdf,2023-10-29,1500,early_warning,LEWM-29-10-2023-1500-36,36.0,2023-10-29 15:00:00,2023-10-30 15:00:00,6,8,6,2,0,2.0,Amber,modern_table,2644,ok
landslide_20231029_2145_early_warning_0a083369.pdf,2023-10-29,2145,early_warning,LEWM-29-10-2023-2130-37,37.0,2023-10-29 21:30:00,2023-10-30 21:30:00,9,11,9,2,0,2.0,Amber,modern_table,2914,ok
landslide_20231030_1500_early_warning_4ee9a2ba.pdf,2023-10-30,1500,early_warning,LEWM-30-10-2023-1500-38,38.0,2023-10-30 15:00:00,2023-10-31 15:00:00,9,10,9,1,0,2.0,Amber,modern_table,2839,ok
landslide_20231030_1630_early_warning_50e89b13.pdf,2023-10-30,1630,early_warning,LEWM-30-10-2023-1630-39,39.0,2023-10-30 16:30:00,2023-10-31 16:30:00,10,11,10,1,0,2.0,Amber,modern_table,2961,ok
landslide_20231030_1930_early_warning_418c5b50.pdf,2023-10-30,1930,early_warning,LEWM-30-10-2023-1930-40,40.0,2023-10-30 19:30:00,2023-10-31 19:30:00,11,13,10,3,0,2.0,Amber,modern_table,3187,ok
landslide_20231031_1515_early_warning_9e1d8759.pdf,2023-10-31,1515,early_warning,LEWM-31-10-2023-1500-41,41.0,2023-10-31 15:00:00,2023-11-01 15:00:00,11,13,10,3,0,2.0,Amber,modern_table,3164,ok
landslide_20231101_1500_early_warning_1ee9aa26.pdf,2023-11-01,1500,early_warning,LEWM-01-11-2023-1500-42,42.0,2023-11-01 15:00:00,2023-11-02 15:00:00,11,13,10,3,0,2.0,Amber,modern_table,3179,ok
landslide_20231102_1600_early_warning_5fd29769.pdf,2023-11-02,1600,early_warning,LEWM-02-11-2023-1530-43,43.0,2023-11-02 15:30:00,2023-11-03 15:30:00,11,13,10,3,0,2.0,Amber,modern_table,3209,ok
landslide_20231104_1500_early_warning_0b571a16.pdf,2023-11-04,1500,early_warning,LEWM-04-11-2023-1500-45,45.0,2023-11-04 15:00:00,2023-11-05 15:00:00,8,11,8,3,0,2.0,Amber,modern_table,2903,ok
landslide_20231105_1500_early_warning_9b7bf40a.pdf,2023-11-05,1500,early_warning,LEWM-05-11-2023-1500-46,46.0,2023-11-05 15:00:00,2023-11-06 15:00:00,5,8,5,3,0,2.0,Amber,modern_table,2407,ok
landslide_20231106_1530_early_warning_504904c4.pdf,2023-11-06,1530,early_warning,LEWM-06-11-2023-1500-47,47.0,2023-11-06 15:00:00,2023-11-07 15:00:00,6,8,5,3,0,2.0,Amber,modern_table,2598,ok
landslide_20231107_1600_early_warning_a065a06e.pdf,2023-11-07,1600,early_warning,LEWM-07-11-2023-1427-48,48.0,2023-11-07 14:27:00,2023-11-08 14:27:00,6,8,5,3,0,2.0,Amber,modern_table,2575,ok
landslide_20231108_1500_early_warning_41051b30.pdf,2023-11-08,1500,early_warning,LEWM-08-11-2023-1500-49,49.0,2023-11-08 15:00:00,2023-11-09 15:00:00,6,8,5,3,0,2.0,Amber,modern_table,2612,ok
landslide_20231109_1500_warning_230e0845.pdf,2023-11-09,1500,warning,LEWM-09-11-2023-1500-50,50.0,2023-11-09 15:00:00,2023-11-10 15:00:00,6,8,5,3,0,2.0,Amber,modern_table,2604,ok
landslide_20231109_1500_warning_c921f29d.pdf,2023-11-09,1500,warning,LEWM-09-11-2023-1500-50,50.0,2023-11-09 15:00:00,2023-11-10 15:00:00,6,8,5,3,0,2.0,Amber,modern_table,2604,ok
landslide_20231109_2230_early_warning_87727897.pdf,2023-11-09,2230,early_warning,LEWM-09-11-2023-1000-52,52.0,2023-11-09 10:00:00,2023-11-10 10:00:00,8,11,7,4,0,2.0,Amber,modern_table,2918,ok
landslide_20231110_1500_warning_dbc36bce.pdf,2023-11-10,1500,warning,LEWM-10-11-2023-1500-53,53.0,2023-11-10 15:00:00,2023-11-11 15:00:00,8,11,7,4,0,2.0,Amber,modern_table,2913,ok
landslide_20231111_1500_early_warning_dd8f64bc.pdf,2023-11-11,1500,early_warning,LEWM-11-11-2023-1500-54,54.0,2023-11-11 15:00:00,2023-11-12 15:00:00,8,11,7,4,0,2.0,Amber,modern_table,2912,ok
landslide_20231112_1500_warning_2a40d913.pdf,2023-11-12,1500,warning,LEWM-12-11-2023-1500-55,55.0,2023-11-12 15:00:00,2023-11-13 15:00:00,6,8,6,2,0,2.0,Amber,modern_table,2515,ok
landslide_20231113_1500_early_warning_986bd9d6.pdf,2023-11-13,1500,early_warning,LEWM-13-11-2023-1500-56,56.0,2023-11-13 15:00:00,2023-11-14 15:00:00,6,8,6,2,0,2.0,Amber,modern_table,2498,ok
landslide_20231114_1530_early_warning_7dc89352.pdf,2023-11-14,1530,early_warning,LEWM-14-11-2023-1500-57,57.0,2023-11-14 15:00:00,2023-11-15 15:00:00,7,9,7,2,0,2.0,Amber,modern_table,2596,ok
landslide_20231115_1530_early_warning_8d363755.pdf,2023-11-15,1530,early_warning,LEWM-15-11-2023-1500-58,58.0,2023-11-15 15:00:00,2023-11-16 15:00:00,3,4,2,2,0,2.0,Amber,modern_table,1998,ok
landslide_20231116_1500_early_warning_143eef7e.pdf,2023-11-16,1500,early_warning,LEWM-16-11-2023-1500-59,59.0,2023-11-16 15:00:00,2023-11-17 15:00:00,3,4,3,1,0,2.0,Amber,modern_table,1974,ok
landslide_20231116_2200_early_warning_aa54cb64.pdf,2023-11-16,2200,early_warning,LEWM-16-11-2023-2200-60,60.0,2023-11-16 22:00:00,2023-11-17 22:00:00,4,5,4,1,0,2.0,Amber,modern_table,2090,ok
landslide_20231117_1530_early_warning_bdb472d6.pdf,2023-11-17,1530,early_warning,LEWM-17-11-2023-1500-61,61.0,2023-11-17 15:00:00,2023-11-18 15:00:00,5,7,4,3,0,2.0,Amber,modern_table,2246,ok
landslide_20231117_1930_early_warning_ebd8acb7.pdf,2023-11-17,1930,early_warning,LEWM-17-11-2023-1900-62,62.0,2023-11-17 19:00:00,2023-11-18 19:00:00,6,8,4,4,0,2.0,Amber,modern_table,2395,ok
landslide_20231118_1930_early_warning_d95faed1.pdf,2023-11-18,1930,early_warning,LEWM-18-11-2023-1900-63,63.0,2023-11-18 19:00:00,2023-11-19 19:00:00,8,13,8,5,0,2.0,Amber,modern_table,2861,ok
landslide_20231119_1730_early_warning_8481c5c7.pdf,2023-11-19,1730,early_warning,LEWM-19-11-2023-1700-64,64.0,2023-11-19 17:00:00,2023-11-20 17:00:00,8,13,6,6,1,3.0,Red,modern_table,2916,ok
landslide_20231120_1700_early_warning_bdbb47be.pdf,2023-11-20,1700,early_warning,LEWM-20-11-2023-1700-65,65.0,2023-11-20 17:00:00,2023-11-21 17:00:00,8,14,7,6,1,3.0,Red,modern_table,2987,ok
landslide_20231121_1500_early_warning_dace9f21.pdf,2023-11-21,1500,early_warning,LEWM-21-11-2023-1500-66,66.0,2023-11-21 15:00:00,2023-11-22 15:00:00,8,13,7,6,0,2.0,Amber,modern_table,2917,ok
landslide_20231121_2000_warning_c6a02717.pdf,2023-11-21,2000,warning,LEWM-21-11-2023-2000-67,67.0,2023-11-21 20:00:00,2023-11-22 20:00:00,9,14,8,6,0,2.0,Amber,modern_table,3034,ok
landslide_20231122_1600_early_warning_d2d6843f.pdf,2023-11-22,1600,early_warning,LEWM-22-11-2023-1600-68,68.0,2023-11-22 16:00:00,2023-11-23 16:00:00,10,15,10,5,0,2.0,Amber,modern_table,3166,ok
landslide_20231122_1930_early_warning_3511f9a9.pdf,2023-11-22,1930,early_warning,LEWM-22-11-2023-1930-69,69.0,2023-11-22 19:30:00,2023-11-23 19:30:00,10,16,10,5,1,3.0,Red,modern_table,3246,ok
landslide_20231122_2030_warning_3781e143.pdf,2023-11-22,2030,warning,LEWM-22-11-2023-2030-70,70.0,2023-11-22 20:30:00,2023-11-23 20:30:00,10,17,10,5,2,3.0,Red,modern_table,3295,ok
landslide_20231123_1530_early_warning_9974be63.pdf,2023-11-23,1530,early_warning,LEWM-23-11-2023-1530-71,71.0,2023-11-23 15:30:00,2023-11-24 15:30:00,10,17,10,5,2,3.0,Red,modern_table,3291,ok
landslide_20231124_1530_early_warning_a9d30ead.pdf,2023-11-24,1530,early_warning,LEWM-24-11-2023-1530-72,72.0,2023-11-24 15:30:00,2023-11-25 15:30:00,10,16,10,5,1,3.0,Red,modern_table,3228,ok
landslide_20231125_1530_early_warning_5f3a5bbf.pdf,2023-11-25,1530,early_warning,LEWM-25-11-2023-1530-73,73.0,2023-11-25 15:30:00,2023-11-26 15:30:00,4,6,4,1,1,3.0,Red,modern_table,2344,ok
landslide_20231126_1530_warning_be9d265a.pdf,2023-11-26,1530,warning,LEWM-26-11-2023-1530-74,74.0,2023-11-26 15:30:00,2023-11-27 15:30:00,4,6,4,1,1,3.0,Red,modern_table,2309,ok
landslide_20231127_1530_early_warning_cd789b7d.pdf,2023-11-27,1530,early_warning,LEWM-27-11-2023-1530-75,75.0,2023-11-27 15:30:00,2023-11-28 15:30:00,4,6,4,1,1,3.0,Red,modern_table,2308,ok
landslide_20231129_1600_warning_319e116e.pdf,2023-11-29,1600,warning,LEWM-29-11-2023-1530-77,77.0,2023-11-29 15:30:00,2023-11-30 15:30:00,3,5,3,1,1,3.0,Red,modern_table,2153,ok
landslide_20231130_1600_early_warning_63628aae.pdf,2023-11-30,1600,early_warning,LEWM-30-11-2023-1530-78,78.0,2023-11-30 15:30:00,2023-12-01 15:30:00,4,5,4,1,0,2.0,Amber,modern_table,2201,ok
landslide_20231201_1545_early_warning_2fe61508.pdf,2023-12-01,1545,early_warning,LEWM-01-12-2023-1530-79,79.0,2023-12-01 15:30:00,2023-12-02 15:30:00,4,5,4,1,0,2.0,Amber,modern_table,2189,ok
landslide_20231202_1530_early_warning_a1dea513.pdf,2023-12-02,1530,early_warning,LEWM-02-12-2023-1530-80,80.0,2023-12-02 15:30:00,2023-12-03 15:30:00,3,4,3,1,0,2.0,Amber,modern_table,2111,ok
landslide_20231203_1600_early_warning_74d5169a.pdf,2023-12-03,1600,early_warning,LEWM-03-12-2023-1530-81,81.0,2023-12-03 15:30:00,2023-12-04 15:30:00,1,1,1,0,0,1.0,Yellow,modern_table,1712,ok
landslide_20231204_0600_early_warning_a79cac14.pdf,2023-12-04,0600,early_warning,LEWM-04-12-2023-0530-82,82.0,2023-12-04 05:30:00,2023-12-05 05:30:00,3,3,2,1,0,2.0,Amber,modern_table,1864,ok
landslide_20231204_1330_early_warning_9334006c.pdf,2023-12-04,1330,early_warning,LEWM-04-12-2023-1300-83,83.0,2023-12-04 13:00:00,2023-12-05 13:00:00,7,11,7,3,1,3.0,Red,modern_table,2563,ok
landslide_20231205_1400_early_warning_e29dcb18.pdf,2023-12-05,1400,early_warning,LEWM-05-12-2023-1300-84,84.0,2023-12-05 13:00:00,2023-12-06 13:00:00,7,11,7,4,0,2.0,Amber,modern_table,2538,ok
landslide_20231206_1530_early_warning_400fa292.pdf,2023-12-06,1530,early_warning,LEWM-06-12-2023-1500-85,85.0,2023-12-06 15:00:00,2023-12-07 15:00:00,7,10,7,3,0,2.0,Amber,modern_table,2475,ok
landslide_20231207_1500_landslide_related_8a0568ce.pdf,2023-12-07,1500,landslide_related,LEWM-07-12-2023-1500-86,86.0,2023-12-07 15:00:00,2023-12-08 15:00:00,3,3,3,0,0,1.0,Yellow,modern_table,1750,ok
landslide_20231207_2100_early_warning_e7e59974.pdf,2023-12-07,2100,early_warning,LEWM-07-12-2023-2100-87,87.0,2023-12-07 21:00:00,2023-12-08 21:00:00,4,5,4,1,0,2.0,Amber,modern_table,1949,ok
landslide_20231208_1548_early_warning_5864e90c.pdf,2023-12-08,1548,early_warning,LEWM-08-12-2023-1530-88,88.0,2023-12-08 15:30:00,2023-12-09 15:30:00,9,12,9,3,0,2.0,Amber,modern_table,2609,ok
landslide_20231209_1614_early_warning_2c77a417.pdf,2023-12-09,1614,early_warning,LEWM-09-12-2023-1530-89,89.0,2023-12-09 15:30:00,2023-12-10 15:30:00,9,13,9,4,0,2.0,Amber,modern_table,2836,ok
landslide_20231210_1530_early_warning_4d5f86df.pdf,2023-12-10,1530,early_warning,LEWM-10-12-2023-1530-90,90.0,2023-12-10 15:30:00,2023-12-11 15:30:00,9,13,9,4,0,2.0,Amber,modern_table,2850,ok
landslide_20231211_1600_early_warning_b11aa68f.pdf,2023-12-11,1600,early_warning,LEWM-11-12-2023-1530-91,91.0,2023-12-11 15:30:00,2023-12-12 15:30:00,9,13,9,4,0,2.0,Amber,modern_table,2885,ok
landslide_20231212_1600_early_warning_80a4f742.pdf,2023-12-12,1600,early_warning,LEWM-12-12-2023-1530-92,92.0,2023-12-12 15:30:00,2023-12-13 15:30:00,10,15,10,5,0,2.0,Amber,modern_table,3144,ok
landslide_20231213_1530_early_warning_cd6df2ed.pdf,2023-12-13,1530,early_warning,LEWM-13-12-2023-1530-93,93.0,2023-12-13 15:30:00,2023-12-14 15:30:00,10,15,10,5,0,2.0,Amber,modern_table,3136,ok
landslide_20231214_1530_early_warning_1d68eddb.pdf,2023-12-14,1530,early_warning,LEWM-14-12-2023-1530-94,94.0,2023-12-14 15:30:00,2023-12-15 15:30:00,10,15,10,5,0,2.0,Amber,modern_table,3124,ok
landslide_20231215_1530_early_warning_c61a2523.pdf,2023-12-15,1530,early_warning,LEWM-15-12-2023-1530-95,95.0,2023-12-15 15:30:00,2023-12-16 15:30:00,11,17,11,6,0,2.0,Amber,modern_table,3261,ok
landslide_20231216_1530_warning_71e7cb17.pdf,2023-12-16,1530,warning,LEWM-16-12-2023-1530-96,96.0,2023-12-16 15:30:00,2023-12-17 15:30:00,11,17,11,6,0,2.0,Amber,modern_table,3257,ok
landslide_20231217_1530_warning_c1ae9065.pdf,2023-12-17,1530,warning,LEWM-17-12-2023-1530-97,97.0,2023-12-17 15:30:00,2023-12-18 15:30:00,11,17,11,6,0,2.0,Amber,modern_table,3257,ok
landslide_20231218_1530_early_warning_47d3d6fd.pdf,2023-12-18,1530,early_warning,LEWM-18-12-2023-1600-98,98.0,2023-12-18 16:00:00,2023-12-19 16:00:00,11,18,11,7,0,2.0,Amber,modern_table,3379,ok
landslide_20231219_1600_early_warning_9dc0e4cf.pdf,2023-12-19,1600,early_warning,LEWM-19-12-2023-1600-99,99.0,2023-12-19 16:00:00,2023-12-20 16:00:00,10,17,10,7,0,2.0,Amber,modern_table,3290,ok
landslide_20231220_1530_early_warning_30919c85.pdf,2023-12-20,1530,early_warning,LEWM-20-12-2023-1530-100,100.0,2023-12-20 15:30:00,2023-12-21 15:30:00,10,13,10,3,0,2.0,Amber,modern_table,2992,ok
landslide_20231228_1430_early_warning_e7d3d37f.pdf,2023-12-28,1430,early_warning,LEWM-28-12-2023-1430-00,,2023-12-28 14:30:00,2023-12-29 14:30:00,5,6,5,1,0,2.0,Amber,modern_table,2015,ok
landslide_20231229_1445_early_warning_a31facb1.pdf,2023-12-29,1445,early_warning,LEWM-29-12-2023-1430-01,1.0,2023-12-29 14:30:00,2023-12-30 14:30:00,5,6,2,4,0,2.0,Amber,modern_table,2076,ok
landslide_20231230_1430_early_warning_91911f56.pdf,2023-12-30,1430,early_warning,LEWM-30-12-2023-1430-02,2.0,2023-12-30 14:30:00,2023-12-31 14:30:00,5,6,2,4,0,2.0,Amber,modern_table,2066,ok
landslide_20231231_1430_early_warning_e89c61be.pdf,2023-12-31,1430,early_warning,LEWM-31-12-2023-1430-03,3.0,2023-12-31 14:30:00,2024-01-01 14:30:00,4,4,2,2,0,2.0,Amber,modern_table,1867,ok
landslide_20231231_1800_early_warning_11d5ae43.pdf,2023-12-31,1800,early_warning,LEWM-31-12-2023-1700-04,4.0,2023-12-31 17:00:00,2024-01-01 17:00:00,4,6,3,2,1,3.0,Red,modern_table,2072,ok
landslide_20240101_1530_early_warning_f62b864e.pdf,2024-01-01,1530,early_warning,LEWM-01-01-2024-1530-05,5.0,2024-01-01 15:30:00,2024-01-02 15:30:00,4,6,3,2,1,3.0,Red,modern_table,2042,ok
landslide_20240102_1530_early_warning_ba9393eb.pdf,2024-01-02,1530,early_warning,LEWM-02-01-2024-1530-06,6.0,2024-01-02 15:30:00,2024-01-03 15:30:00,6,8,5,2,1,3.0,Red,modern_table,2254,ok
landslide_20240103_1700_early_warning_00b5dca8.pdf,2024-01-03,1700,early_warning,LEWM-03-01-2024-1530-07,7.0,2024-01-03 15:30:00,2024-01-04 15:30:00,6,8,6,2,0,2.0,Amber,modern_table,2275,ok
landslide_20240104_1530_early_warning_596ef359.pdf,2024-01-04,1530,early_warning,LEWM-04-01-2024-1530-08,8.0,2024-01-04 15:30:00,2024-01-05 15:30:00,7,8,7,1,0,2.0,Amber,modern_table,2315,ok
landslide_20240105_1530_early_warning_3301efc2.pdf,2024-01-05,1530,early_warning,LEWM-05-01-2024-1530-09,9.0,2024-01-05 15:30:00,2024-01-06 15:30:00,7,7,7,0,0,1.0,Yellow,modern_table,2252,ok
landslide_20240109_1000_early_warning_7390a062.pdf,2024-01-09,1000,early_warning,LEWM-09-01-2024-1000-00,,2024-01-09 10:00:00,2024-01-10 10:00:00,10,12,9,3,0,2.0,Amber,modern_table,2567,ok
landslide_20240110_1500_early_warning_aa3b6a48.pdf,2024-01-10,1500,early_warning,LEWM-10-01-2024-1500-01,1.0,2024-01-10 15:00:00,2024-01-11 15:00:00,10,13,9,4,0,2.0,Amber,modern_table,2741,ok
landslide_20240111_1500_early_warning_99d5d789.pdf,2024-01-11,1500,early_warning,LEWM-11-01-2024-1500-02,2.0,2024-01-11 15:00:00,2024-01-12 15:00:00,8,10,7,3,0,2.0,Amber,modern_table,2442,ok
landslide_20240112_1500_early_warning_dc561c54.pdf,2024-01-12,1500,early_warning,LEWM-12-01-2024-1500-03,3.0,2024-01-12 15:00:00,2024-01-13 15:00:00,4,5,4,1,0,2.0,Amber,modern_table,2007,ok
landslide_20240113_1500_early_warning_58c83650.pdf,2024-01-13,1500,early_warning,LEWM-13-01-2024-1500-04,4.0,2024-01-13 15:00:00,2024-01-14 15:00:00,1,1,1,0,0,1.0,Yellow,modern_table,1608,ok
landslide_20240131_2000_early_warning_2716e959.pdf,2024-01-31,2000,early_warning,LEWM-31-01-2024-2000-00,,2024-01-31 20:00:00,2024-02-01 20:00:00,6,7,4,3,0,2.0,Amber,modern_table,2136,ok
landslide_20240201_1630_early_warning_7b0fb2c9.pdf,2024-02-01,1630,early_warning,LEWM-01-02-2024-1600-01,1.0,2024-02-01 16:00:00,2024-02-02 16:00:00,6,7,4,3,0,2.0,Amber,modern_table,2192,ok
landslide_20240202_1600_early_warning_1def3d9d.pdf,2024-02-02,1600,early_warning,LEWM-02-02-2024-1600-02,2.0,2024-02-02 16:00:00,2024-02-03 16:00:00,6,6,6,0,0,1.0,Yellow,modern_table,2136,ok
landslide_20240401_1930_early_warning_be976cda.pdf,2024-04-01,1930,early_warning,LEWM-01-04-2024-1900-00,,2024-04-01 19:00:00,2024-04-02 19:00:00,1,1,1,0,0,1.0,Yellow,modern_table,1582,ok
landslide_20240512_1500_early_warning_6ba902d0.pdf,2024-05-12,1500,early_warning,LEWM-12-05-2024-1500-00,,2024-05-12 15:00:00,2024-05-13 15:00:00,5,5,5,0,0,1.0,Yellow,modern_table,1978,ok
landslide_20240513_1615_early_warning_2bb61c92.pdf,2024-05-13,1615,early_warning,LEWM-13-05-2024-1615-00,1.0,2024-05-13 16:15:00,2024-05-14 16:15:00,5,5,5,0,0,1.0,Yellow,modern_table,2055,ok
landslide_20240514_1600_early_warning_3c0b63bd.pdf,2024-05-14,1600,early_warning,LEWM-14-05-2024-1600-02,2.0,2024-05-14 16:00:00,2024-05-15 16:00:00,4,4,4,0,0,1.0,Yellow,modern_table,1975,ok
landslide_20240515_1600_early_warning_ce6bbff1.pdf,2024-05-15,1600,early_warning,LEWM-15-05-2024-1600-03,3.0,2024-05-15 16:00:00,2024-05-16 16:00:00,6,6,6,0,0,1.0,Yellow,modern_table,2170,ok
landslide_20240516_1600_early_warning_74307ee1.pdf,2024-05-16,1600,early_warning,LEWM-16-05-2024-1600-04,4.0,2024-05-16 16:00:00,2024-05-17 16:00:00,8,8,8,0,0,1.0,Yellow,modern_table,2372,ok
landslide_20240517_1600_early_warning_35b44d1c.pdf,2024-05-17,1600,early_warning,LEWM-17-05-2024-1600-05,5.0,2024-05-17 16:00:00,2024-05-18 16:00:00,8,8,8,0,0,1.0,Yellow,modern_table,2364,ok
landslide_20240518_1600_early_warning_6988d94a.pdf,2024-05-18,1600,early_warning,LEWM-18-05-2024-1600-06,6.0,2024-05-18 16:00:00,2024-05-19 16:00:00,4,5,4,1,0,2.0,Amber,modern_table,2212,ok
landslide_20240519_0330_early_warning_8021a833.pdf,2024-05-19,0330,early_warning,LEWM-19-05-2024-0300-07,7.0,2024-05-19 03:00:00,2024-05-20 03:00:00,7,8,7,1,0,2.0,Amber,modern_table,2554,ok
landslide_20240519_1600_early_warning_e3fc5fde.pdf,2024-05-19,1600,early_warning,LEWM-19-05-2024-1600-08,8.0,2024-05-19 16:00:00,2024-05-20 16:00:00,8,10,7,3,0,2.0,Amber,modern_table,2688,ok
landslide_20240520_1200_early_warning_7c711368.pdf,2024-05-20,1200,early_warning,LEWM-20-05-2024-1200-09,9.0,2024-05-20 12:00:00,2024-05-21 12:00:00,9,11,9,2,0,2.0,Amber,modern_table,2849,ok
landslide_20240520_1600_early_warning_1eace60c.pdf,2024-05-20,1600,early_warning,LEWM-20-05-2024-1600-10,10.0,2024-05-20 16:00:00,2024-05-21 16:00:00,9,12,9,3,0,2.0,Amber,modern_table,2983,ok
landslide_20240521_1600_early_warning_d499f181.pdf,2024-05-21,1600,early_warning,LEWM-21-05-2024-1600-11,11.0,2024-05-21 16:00:00,2024-05-22 16:00:00,9,12,9,3,0,2.0,Amber,modern_table,2956,ok
landslide_20240522_1500_early_warning_c7bda4bb.pdf,2024-05-22,1500,early_warning,LEWM-22-05-2024-1600-12,12.0,2024-05-22 16:00:00,2024-05-23 16:00:00,9,12,9,3,0,2.0,Amber,modern_table,2953,ok
landslide_20240523_1600_early_warning_26ddd1bb.pdf,2024-05-23,1600,early_warning,LEWM-23-05-2024-1600-13,13.0,2024-05-23 16:00:00,2024-05-24 16:00:00,10,14,10,4,0,2.0,Amber,modern_table,3139,ok
landslide_20240524_1600_early_warning_70936c86.pdf,2024-05-24,1600,early_warning,LEWM-24-05-2024-1600-14,14.0,2024-05-24 16:00:00,2024-05-25 16:00:00,7,12,7,5,0,2.0,Amber,modern_table,2890,ok
landslide_20240525_1615_early_warning_e8415104.pdf,2024-05-25,1615,early_warning,LEWM-25-05-2024-1600-15,15.0,2024-05-25 16:00:00,2024-05-26 16:00:00,7,12,7,5,0,2.0,Amber,modern_table,2955,ok
landslide_20240526_1600_early_warning_e0da6dc6.pdf,2024-05-26,1600,early_warning,LEWM-26-05-2024-1600-16,16.0,2024-05-26 16:00:00,2024-05-27 16:00:00,7,12,7,5,0,2.0,Amber,modern_table,2889,ok
landslide_20240527_1600_early_warning_e7e4c3ff.pdf,2024-05-27,1600,early_warning,LEWM-27-05-2024-1600-17,17.0,2024-05-27 16:00:00,2024-05-28 16:00:00,7,12,7,5,0,2.0,Amber,modern_table,2754,ok
landslide_20240528_1600_early_warning_db285c1a.pdf,2024-05-28,1600,early_warning,LEWM-28-05-2024-1600-18,18.0,2024-05-28 16:00:00,2024-05-29 16:00:00,8,9,8,1,0,2.0,Amber,modern_table,2702,ok
landslide_20240529_1600_early_warning_fdc865c7.pdf,2024-05-29,1600,early_warning,LEWM-29-05-2024-1600-19,19.0,2024-05-29 16:00:00,2024-05-30 16:00:00,5,6,5,1,0,2.0,Amber,modern_table,2179,ok
landslide_20240530_0700_early_warning_56f06e98.pdf,2024-05-30,0700,early_warning,LEWM-30-05-2024-0700-20,20.0,2024-05-30 07:00:00,2024-05-31 07:00:00,6,8,6,2,0,2.0,Amber,modern_table,2399,ok
landslide_20240530_1600_early_warning_fdf9657c.pdf,2024-05-30,1600,early_warning,LEWM-30-05-2024-1600-21,21.0,2024-05-30 16:00:00,2024-05-31 16:00:00,6,10,6,4,0,2.0,Amber,modern_table,2709,ok
landslide_20240531_1700_early_warning_d32fa18d.pdf,2024-05-31,1700,early_warning,LEWM-31-05-2024-1600-22,22.0,2024-05-31 16:00:00,2024-06-01 16:00:00,6,9,6,3,0,2.0,Amber,modern_table,2559,ok
landslide_20240601_0800_early_warning_3948d9b1.pdf,2024-06-01,0800,early_warning,LEWM-01-06-2024-0800-23,23.0,2024-06-01 08:00:00,2024-06-02 08:00:00,7,11,7,4,0,2.0,Amber,modern_table,2721,ok
landslide_20240601_1600_early_warning_5d9fe590.pdf,2024-06-01,1600,early_warning,LEWM-01-06-2024-1600-24,24.0,2024-06-01 16:00:00,2024-06-02 16:00:00,8,12,8,4,0,2.0,Amber,modern_table,2867,ok
landslide_20240601_1830_warning_3c9acb6e.pdf,2024-06-01,1830,warning,LEWM-01-06-2024-1900-25,25.0,2024-06-01 19:00:00,2024-06-02 19:00:00,8,12,8,4,0,2.0,Amber,modern_table,2893,ok
landslide_20240602_0400_early_warning_762bdc1e.pdf,2024-06-02,0400,early_warning,LEWM-02-06-2024-0400-27,27.0,2024-06-02 04:00:00,2024-06-03 04:00:00,10,20,9,8,3,3.0,Red,modern_table,3560,ok
landslide_20240602_0700_early_warning_cd522564.pdf,2024-06-02,0700,early_warning,LEWM-02-06-2024-0700-28,28.0,2024-06-02 07:00:00,2024-06-03 07:00:00,9,19,7,9,3,3.0,Red,modern_table,3686,ok
landslide_20240602_1600_early_warning_1280d6cb.pdf,2024-06-02,1600,early_warning,LEWM-02-06-2024-1600-29,29.0,2024-06-02 16:00:00,2024-06-03 16:00:00,10,20,8,8,4,3.0,Red,modern_table,3850,ok
landslide_20240603_1600_early_warning_44a5ca70.pdf,2024-06-03,1600,early_warning,LEWM-03-06-2024-1600-30,30.0,2024-06-03 16:00:00,2024-06-04 16:00:00,10,20,8,8,4,3.0,Red,modern_table,3869,ok
landslide_20240604_1600_early_warning_8f3e1a3c.pdf,2024-06-04,1600,early_warning,LEWM-04-06-2024-1600-31,31.0,2024-06-04 16:00:00,2024-06-05 16:00:00,10,19,9,8,2,3.0,Red,modern_table,3731,ok
landslide_20240605_1600_early_warning_53d2a523.pdf,2024-06-05,1600,early_warning,LEWM-05-06-2024-1600-32,32.0,2024-06-05 16:00:00,2024-06-06 16:00:00,8,10,8,2,0,2.0,Amber,modern_table,2764,ok
landslide_20240606_1600_early_warning_8cd2d932.pdf,2024-06-06,1600,early_warning,LEWM-06-06-2024-1600-33,33.0,2024-06-06 16:00:00,2024-06-07 16:00:00,7,9,7,2,0,2.0,Amber,modern_table,2619,ok
landslide_20240608_1600_early_warning_de6fd0e7.pdf,2024-06-08,1600,early_warning,LEWM-08-06-2024-1600-35,35.0,2024-06-08 16:00:00,2024-06-09 16:00:00,6,8,6,2,0,2.0,Amber,modern_table,2442,ok
landslide_20240609_1600_early_warning_631dde0c.pdf,2024-06-09,1600,early_warning,LEWM-09-06-2024-1600-36,36.0,2024-06-09 16:00:00,2024-06-10 16:00:00,6,8,6,2,0,2.0,Amber,modern_table,2439,ok
landslide_20240610_1600_early_warning_ccd3ee44.pdf,2024-06-10,1600,early_warning,LEWM-10-06-2024-1600-37,37.0,2024-06-10 16:00:00,2024-06-11 16:00:00,3,3,3,0,0,1.0,Yellow,modern_table,1908,ok
landslide_20240625_1600_early_warning_01d7d4ae.pdf,2024-06-25,1600,early_warning,LEWM-25-06-2024-1600-00,,2024-06-25 16:00:00,2024-06-26 16:00:00,2,2,2,0,0,1.0,Yellow,modern_table,1625,ok
landslide_20240626_1600_early_warning_d86ce008.pdf,2024-06-26,1600,early_warning,LEWM-26-06-2024-1600-01,1.0,2024-06-26 16:00:00,2024-06-27 16:00:00,2,2,2,0,0,1.0,Yellow,modern_table,1680,ok
landslide_20240705_2100_early_warning_f3046a1a.pdf,2024-07-05,2100,early_warning,LEWM-05-07-2024-2030-00,,2024-07-05 20:30:00,2024-07-06 20:30:00,2,2,2,0,0,1.0,Yellow,modern_table,1808,ok
landslide_20240706_1600_early_warning_536c4888.pdf,2024-07-06,1600,early_warning,LEWM-06-07-2024-1600-01,1.0,2024-07-06 16:00:00,2024-07-07 16:00:00,2,2,2,0,0,1.0,Yellow,modern_table,1855,ok
landslide_20240707_1630_early_warning_1392b497.pdf,2024-07-07,1630,early_warning,LEWM-07-07-2024-1600-02,2.0,2024-07-07 16:00:00,2024-07-08 16:00:00,2,2,2,0,0,1.0,Yellow,modern_table,1770,ok
landslide_20240708_1600_warning_246e819e.pdf,2024-07-08,1600,warning,LEWM-08-07-2024-1600-03,3.0,2024-07-08 16:00:00,2024-07-09 16:00:00,2,2,2,0,0,1.0,Yellow,modern_table,1758,ok
landslide_20240713_1630_early_warning_9813053a.pdf,2024-07-13,1630,early_warning,LEWM-13-07-2024-1630-00,,2024-07-13 16:30:00,2024-07-14 16:30:00,5,5,5,0,0,1.0,Yellow,modern_table,2118,ok
landslide_20240714_1600_early_warning_d076755c.pdf,2024-07-14,1600,early_warning,LEWM-14-07-2024-1600-01,1.0,2024-07-14 16:00:00,2024-07-15 16:00:00,5,5,5,0,0,1.0,Yellow,modern_table,2055,ok
landslide_20240715_1600_early_warning_e1eed749.pdf,2024-07-15,1600,early_warning,LEWM-15-07-2024-1600-02,2.0,2024-07-15 16:00:00,2024-07-16 16:00:00,5,5,5,0,0,1.0,Yellow,modern_table,2053,ok
landslide_20240716_1600_early_warning_781f22bb.pdf,2024-07-16,1600,early_warning,LEWM-16-07-2024-1600-03,3.0,2024-07-16 16:00:00,2024-07-17 16:00:00,4,4,4,0,0,1.0,Yellow,modern_table,1918,ok
landslide_20240717_1600_early_warning_f22fbe56.pdf,2024-07-17,1600,early_warning,LEWM-17-07-2024-1600-04,4.0,2024-07-17 16:00:00,2024-07-18 16:00:00,4,4,4,0,0,1.0,Yellow,modern_table,1934,ok
landslide_20240816_1930_early_warning_30a019f7.pdf,2024-08-16,1930,early_warning,LEWM-16-08-2024-1930-00,,2024-08-16 19:30:00,2024-08-17 19:30:00,3,3,3,0,0,1.0,Yellow,modern_table,1752,ok
landslide_20240817_0530_early_warning_0116cd7b.pdf,2024-08-17,0530,early_warning,LEWM-17-08-2024-0500-01,1.0,2024-08-17 05:00:00,2024-08-18 05:00:00,5,8,4,4,0,2.0,Amber,modern_table,2381,ok
landslide_20240817_1600_early_warning_c88a3a65.pdf,2024-08-17,1600,early_warning,LEWM-17-08-2024-1600-02,2.0,2024-08-17 16:00:00,2024-08-18 16:00:00,6,10,5,5,0,2.0,Amber,modern_table,2551,ok
landslide_20240817_2000_early_warning_caef1968.pdf,2024-08-17,2000,early_warning,LEWM-17-08-2024-2000-03,3.0,2024-08-17 20:00:00,2024-08-18 20:00:00,6,12,5,5,2,3.0,Red,modern_table,2729,ok
landslide_20240818_1600_warning_2e8151d3.pdf,2024-08-18,1600,warning,LEWM-18-08-2024-1600-04,4.0,2024-08-18 16:00:00,2024-08-19 16:00:00,7,13,6,5,2,3.0,Red,modern_table,2796,ok
landslide_20240819_1600_early_warning_dca80286.pdf,2024-08-19,1600,early_warning,LEWM-19-08-2024-1600-05,5.0,2024-08-19 16:00:00,2024-08-20 16:00:00,7,13,6,5,2,3.0,Red,modern_table,2794,ok
landslide_20240820_1600_warning_c49408bc.pdf,2024-08-20,1600,warning,LEWM-20-08-2024-1600-06,6.0,2024-08-20 16:00:00,2024-08-21 16:00:00,6,9,6,3,0,2.0,Amber,modern_table,2524,ok
landslide_20240821_1600_early_warning_b2bb13b8.pdf,2024-08-21,1600,early_warning,LEWM-21-08-2024-1600-07,7.0,2024-08-21 16:00:00,2024-08-22 16:00:00,6,9,5,4,0,2.0,Amber,modern_table,2510,ok
landslide_20240822_1600_early_warning_d409d68f.pdf,2024-08-22,1600,early_warning,LEWM-22-08-2024-1600-08,8.0,2024-08-22 16:00:00,2024-08-23 16:00:00,4,4,4,0,0,1.0,Yellow,modern_table,2062,ok
landslide_20241007_0930_warning_04c65153.pdf,2024-10-07,0930,warning,LEWM-07-10-2024-0930-00,,2024-10-07 09:30:00,2024-10-08 09:30:00,4,5,3,2,0,2.0,Amber,modern_table,1872,ok
landslide_20241007_1930_warning_ea9820eb.pdf,2024-10-07,1930,warning,LEWM-07-10-2024-1930-01,1.0,2024-10-07 19:30:00,2024-10-08 19:30:00,4,6,3,3,0,2.0,Amber,modern_table,2028,ok
landslide_20241008_1600_warning_40f78a37.pdf,2024-10-08,1600,warning,LEWM-08-10-2024-1600-02,2.0,2024-10-08 16:00:00,2024-10-09 16:00:00,5,8,5,3,0,2.0,Amber,modern_table,2207,ok
landslide_20241009_1600_early_warning_87947952.pdf,2024-10-09,1600,early_warning,LEWM-09-10-2024-1600-03,3.0,2024-10-09 16:00:00,2024-10-10 16:00:00,3,3,3,0,0,1.0,Yellow,modern_table,1816,ok
landslide_20241010_1600_warning_5f0d400d.pdf,2024-10-10,1600,warning,LEWM-10-10-2024-1600-04,4.0,2024-10-10 16:00:00,2024-10-11 16:00:00,6,7,6,1,0,2.0,Amber,modern_table,2166,ok
landslide_20241010_2000_early_warning_f81d01e7.pdf,2024-10-10,2000,early_warning,LEWM-10-10-2024-2000-05,5.0,2024-10-10 20:00:00,2024-10-11 20:00:00,7,8,6,2,0,2.0,Amber,modern_table,2253,ok
landslide_20241011_0130_early_warning_02349452.pdf,2024-10-11,0130,early_warning,LEWM-11-10-2024-0100-06,6.0,2024-10-11 01:00:00,2024-10-12 01:00:00,9,12,9,3,0,2.0,Amber,modern_table,2684,ok
landslide_20241011_0600_warning_97c8d96b.pdf,2024-10-11,0600,warning,LEWM-11-10-2024-0530-07,7.0,2024-10-11 05:30:00,2024-10-12 05:30:00,10,13,7,6,0,2.0,Amber,modern_table,2830,ok
landslide_20241011_1600_early_warning_41760dbd.pdf,2024-10-11,1600,early_warning,LEWM-11-10-2024-1600-08,8.0,2024-10-11 16:00:00,2024-10-12 16:00:00,9,13,7,6,0,2.0,Amber,modern_table,2959,ok
landslide_20241012_1600_warning_8179f452.pdf,2024-10-12,1600,warning,LEWM-12-10-2024-1600-09,9.0,2024-10-12 16:00:00,2024-10-13 16:00:00,8,12,6,6,0,2.0,Amber,modern_table,2844,ok
landslide_20241013_1600_warning_e42206c5.pdf,2024-10-13,1600,warning,LEWM-13-10-2024-1600-10,10.0,2024-10-13 16:00:00,2024-10-14 16:00:00,8,12,6,6,0,2.0,Amber,modern_table,2844,ok
landslide_20241014_1600_warning_7a86d4d6.pdf,2024-10-14,1600,warning,LEWM-14-10-2024-1600-11,11.0,2024-10-14 16:00:00,2024-10-15 16:00:00,8,12,6,6,0,2.0,Amber,modern_table,2873,ok
landslide_20241015_1600_warning_84d78dbb.pdf,2024-10-15,1600,warning,LEWM-15-10-2024-1600-12,12.0,2024-10-15 16:00:00,2024-10-16 16:00:00,7,11,5,6,0,2.0,Amber,modern_table,2757,ok
landslide_20241016_1600_early_warning_acc0218d.pdf,2024-10-16,1600,early_warning,LEWM-16-10-2024-1600-13,13.0,2024-10-16 16:00:00,2024-10-17 16:00:00,6,6,6,0,0,1.0,Yellow,modern_table,2377,ok
landslide_20241101_1900_early_warning_59a84476.pdf,2024-11-01,1900,early_warning,LEWM-01-11-2024-1900-00,,2024-11-01 19:00:00,2024-11-02 19:00:00,5,7,3,4,0,2.0,Amber,modern_table,2073,ok
landslide_20241102_1700_early_warning_00748892.pdf,2024-11-02,1700,early_warning,LEWM-02-11-2024-1700-01,1.0,2024-11-02 17:00:00,2024-11-03 17:00:00,8,11,6,5,0,2.0,Amber,modern_table,2652,ok
landslide_20241103_1600_early_warning_e52bf4d8.pdf,2024-11-03,1600,early_warning,LEWM-03-11-2024-1600-02,2.0,2024-11-03 16:00:00,2024-11-04 16:00:00,8,11,6,5,0,2.0,Amber,modern_table,2606,ok
landslide_20241104_1600_early_warning_9e1a2698.pdf,2024-11-04,1600,early_warning,LEWM-04-11-2024-1600-03,3.0,2024-11-04 16:00:00,2024-11-05 16:00:00,8,10,8,2,0,2.0,Amber,modern_table,2570,ok
landslide_20241105_1600_early_warning_10e74fbb.pdf,2024-11-05,1600,early_warning,LEWM-05-11-2024-1600-04,4.0,2024-11-05 16:00:00,2024-11-06 16:00:00,8,10,8,2,0,2.0,Amber,modern_table,2634,ok
landslide_20241106_1600_early_warning_0c0b8cf0.pdf,2024-11-06,1600,early_warning,LEWM-06-11-2024-1600-05,5.0,2024-11-06 16:00:00,2024-11-07 16:00:00,8,10,8,2,0,2.0,Amber,modern_table,2614,ok
landslide_20241107_1600_early_warning_35b505a0.pdf,2024-11-07,1600,early_warning,LEWM-07-11-2024-1600-06,6.0,2024-11-07 16:00:00,2024-11-08 16:00:00,3,3,3,0,0,1.0,Yellow,modern_table,1897,ok
landslide_20241108_1600_early_warning_6960a11f.pdf,2024-11-08,1600,early_warning,LEWM-08-11-2024-1600-07,7.0,2024-11-08 16:00:00,2024-11-09 16:00:00,6,6,6,0,0,1.0,Yellow,modern_table,2194,ok
landslide_20241109_1600_early_warning_0782309e.pdf,2024-11-09,1600,early_warning,LEWM-09-11-2024-1600-09,9.0,2024-11-09 16:00:00,2024-11-10 16:00:00,6,8,5,3,0,2.0,Amber,modern_table,2404,ok
landslide_20241109_2300_early_warning_b7b470c5.pdf,2024-11-09,2300,early_warning,LEWM-08-11-2024-2200-08,8.0,2024-11-08 22:00:00,2024-11-09 22:00:00,7,9,6,3,0,2.0,Amber,modern_table,2515,ok
landslide_20241110_1600_early_warning_66e6b827.pdf,2024-11-10,1600,early_warning,LEWM-10-11-2024-1600-10,10.0,2024-11-10 16:00:00,2024-11-11 16:00:00,3,3,3,0,0,1.0,Yellow,modern_table,1905,ok
landslide_20241115_2000_early_warning_9539e666.pdf,2024-11-15,2000,early_warning,LEWM-15-11-2024-1930-00,,2024-11-15 19:30:00,2024-11-16 19:30:00,5,6,5,1,0,2.0,Amber,modern_table,2062,ok
landslide_20241116_1600_early_warning_41ae4256.pdf,2024-11-16,1600,early_warning,LEWM-16-11-2024-1600-01,1.0,2024-11-16 16:00:00,2024-11-17 16:00:00,5,6,5,1,0,2.0,Amber,modern_table,2092,ok
landslide_20241117_1600_early_warning_c6774d02.pdf,2024-11-17,1600,early_warning,LEWM-17-11-2024-1600-02,2.0,2024-11-17 16:00:00,2024-11-18 16:00:00,5,5,5,0,0,1.0,Yellow,modern_table,2007,ok
landslide_20241118_2200_warning_83fafa1c.pdf,2024-11-18,2200,warning,LEWM-18-11-2024-2130-00,,2024-11-18 21:30:00,2024-11-19 21:30:00,4,5,3,2,0,2.0,Amber,modern_table,1929,ok
landslide_20241119_1600_early_warning_2253c878.pdf,2024-11-19,1600,early_warning,LEWM-19-11-2024-1600-01,1.0,2024-11-19 16:00:00,2024-11-20 16:00:00,4,4,2,2,0,2.0,Amber,modern_table,1987,ok
landslide_20241120_1600_early_warning_11b26ca0.pdf,2024-11-20,1600,early_warning,LEWM-20-11-2024-1600-02,2.0,2024-11-20 16:00:00,2024-11-21 16:00:00,5,5,5,0,0,1.0,Yellow,modern_table,2057,ok
landslide_20241121_1600_early_warning_5efa1a43.pdf,2024-11-21,1600,early_warning,LEWM-21-11-2024-1600-03,3.0,2024-11-21 16:00:00,2024-11-22 16:00:00,3,3,3,0,0,1.0,Yellow,modern_table,1846,ok
landslide_20241122_1600_early_warning_b62ee67e.pdf,2024-11-22,1600,early_warning,LEWM-22-11-2024-1600-04,4.0,2024-11-22 16:00:00,2024-11-23 16:00:00,4,4,4,0,0,1.0,Yellow,modern_table,1982,ok
landslide_20241123_1600_early_warning_1c48bf39.pdf,2024-11-23,1600,early_warning,LEWM-23-11-2024-1600-05,5.0,2024-11-23 16:00:00,2024-11-24 16:00:00,5,5,5,0,0,1.0,Yellow,modern_table,2071,ok
landslide_20241124_1600_early_warning_3030236c.pdf,2024-11-24,1600,early_warning,LEWM-24-11-2024-1600-06,6.0,2024-11-24 16:00:00,2024-11-25 16:00:00,6,6,6,0,0,1.0,Yellow,modern_table,2130,ok
landslide_20241125_1600_early_warning_848a3e20.pdf,2024-11-25,1600,early_warning,LEWM-25-11-2024-1600-07,7.0,2024-11-25 16:00:00,2024-11-26 16:00:00,6,6,6,0,0,1.0,Yellow,modern_table,2129,ok
landslide_20241125_2100_early_warning_aceac740.pdf,2024-11-25,2100,early_warning,LEWM-25-11-2024-2100-08,8.0,2024-11-25 21:00:00,2024-11-26 21:00:00,9,9,9,0,0,1.0,Yellow,modern_table,2602,ok
landslide_20241126_0000_early_warning_81543b40.pdf,2024-11-26,0000,early_warning,LEWM-25-11-2024-0000-09,9.0,2024-11-25 00:00:00,2024-11-26 00:00:00,9,13,9,4,0,2.0,Amber,modern_table,2899,ok
landslide_20241126_1200_early_warning_9ce221e3.pdf,2024-11-26,1200,early_warning,LEWM-26-11-2024-1200-10,10.0,2024-11-26 12:00:00,2024-11-27 12:00:00,10,15,9,6,0,2.0,Amber,modern_table,3358,ok
landslide_20241126_2100_early_warning_71492f15.pdf,2024-11-26,2100,early_warning,LEWM-26-11-2024-2100-11,11.0,2024-11-26 21:00:00,2024-11-27 21:00:00,10,15,7,5,3,3.0,Red,modern_table,3504,ok
landslide_20241127_1600_early_warning_1f5ac3e9.pdf,2024-11-27,1600,early_warning,LEWM-27-11-2024-1600-12,12.0,2024-11-27 16:00:00,2024-11-28 16:00:00,9,14,6,5,3,3.0,Red,modern_table,3352,ok
landslide_20241127_1900_early_warning_42cd8ebb.pdf,2024-11-27,1900,early_warning,LEWM-27-11-2024-1900-13,13.0,2024-11-27 19:00:00,2024-11-28 19:00:00,9,15,6,5,4,3.0,Red,modern_table,3411,ok
landslide_20241128_1600_early_warning_fcdfa8bb.pdf,2024-11-28,1600,early_warning,LEWM-28-11-2024-1600-14,14.0,2024-11-28 16:00:00,2024-11-29 16:00:00,9,15,7,4,4,3.0,Red,modern_table,3385,ok
landslide_20241129_1600_early_warning_1e7209d2.pdf,2024-11-29,1600,early_warning,LEWM-29-11-2024-1600-15,15.0,2024-11-29 16:00:00,2024-11-30 16:00:00,9,12,7,5,0,2.0,Amber,modern_table,3229,ok
landslide_20241130_1600_early_warning_98d7e113.pdf,2024-11-30,1600,early_warning,LEWM-30-11-2024-1600-16,16.0,2024-11-30 16:00:00,2024-12-01 16:00:00,9,12,7,5,0,2.0,Amber,modern_table,3175,ok
landslide_20241201_1600_early_warning_c6661d15.pdf,2024-12-01,1600,early_warning,LEWM-01-12-2024-1600-17,17.0,2024-12-01 16:00:00,2024-12-02 16:00:00,6,6,5,1,0,2.0,Amber,modern_table,2541,ok
landslide_20241202_1600_early_warning_ded4b984.pdf,2024-12-02,1600,early_warning,LEWM-02-12-2024-1600-00,18.0,2024-12-02 16:00:00,2024-12-03 16:00:00,6,6,6,0,0,1.0,Yellow,modern_table,2514,ok
landslide_20241214_1600_early_warning_a2f2465e.pdf,2024-12-14,1600,early_warning,LEWM-14-12-2024-1600-01,1.0,2024-12-14 16:00:00,2024-12-15 16:00:00,4,4,4,0,0,1.0,Yellow,modern_table,1930,ok
landslide_20241215_1600_early_warning_907c3fa7.pdf,2024-12-15,1600,early_warning,LEWM-15-12-2024-1600-02,2.0,2024-12-15 16:00:00,2024-12-16 16:00:00,4,4,4,0,0,1.0,Yellow,modern_table,1917,ok
landslide_20241216_1600_early_warning_1f3ef445.pdf,2024-12-16,1600,early_warning,LEWM-16-12-2024-1600-03,3.0,2024-12-16 16:00:00,2024-12-17 16:00:00,4,4,4,0,0,1.0,Yellow,modern_table,1892,ok
landslide_20250113_1600_early_warning_0bcc254e.pdf,2025-01-13,1600,early_warning,LEWM-13-01-2025-1600-01,1.0,2025-01-13 16:00:00,2025-01-14 16:00:00,5,5,5,0,0,1.0,Yellow,modern_table,1997,ok
landslide_20250114_1600_early_warning_9fb68b52.pdf,2025-01-14,1600,early_warning,LEWM-14-01-2025-1600-02,2.0,2025-01-14 16:00:00,2025-01-15 16:00:00,5,5,5,0,0,1.0,Yellow,modern_table,2028,ok
landslide_20250119_0800_early_warning_4488218b.pdf,2025-01-19,0800,early_warning,LEWM-19-01-2025-0800-00,,2025-01-19 08:00:00,2025-01-20 08:00:00,4,6,4,2,0,2.0,Amber,modern_table,2106,ok
landslide_20250119_1700_early_warning_a9ba822a.pdf,2025-01-19,1700,early_warning,LEWM-19-01-2025-0800-00,,2025-01-19 08:00:00,2025-01-20 08:00:00,4,6,4,2,0,2.0,Amber,modern_table,2106,ok
landslide_20250120_1600_early_warning_6832e90a.pdf,2025-01-20,1600,early_warning,LEWM-20-01-2025-1600-02,2.0,2025-01-20 16:00:00,2025-01-21 16:00:00,4,6,4,2,0,2.0,Amber,modern_table,2154,ok
landslide_20250121_1600_early_warning_83289754.pdf,2025-01-21,1600,early_warning,LEWM-21-01-2025-1600-03,3.0,2025-01-21 16:00:00,2025-01-22 16:00:00,3,3,3,0,0,1.0,Yellow,modern_table,1868,ok
landslide_20250121_1600_early_warning_de3ceeb5.pdf,2025-01-21,1600,early_warning,LEWM-21-01-2025-1600-03,3.0,2025-01-21 16:00:00,2025-01-22 16:00:00,3,3,3,0,0,1.0,Yellow,modern_table,1868,ok
landslide_20250228_1230_early_warning_5caad65f.pdf,2025-02-28,1230,early_warning,LEWM-28-02-2025-1230-00,,2025-02-28 12:30:00,2025-03-01 12:30:00,2,2,2,0,0,1.0,Yellow,modern_table,1709,ok
landslide_20250301_1230_early_warning_2a31066b.pdf,2025-03-01,1230,early_warning,LEWM-01-03-2025-1230-01,1.0,2025-03-01 12:30:00,2025-03-02 12:30:00,2,2,2,0,0,1.0,Yellow,modern_table,1752,ok
landslide_20250302_1230_early_warning_0353ac2a.pdf,2025-03-02,1230,early_warning,LEWM-02-03-2025-1230-02,2.0,2025-03-02 12:30:00,2025-03-03 12:30:00,2,2,2,0,0,1.0,Yellow,modern_table,1782,ok
landslide_20250303_1230_early_warning_6c8bd418.pdf,2025-03-03,1230,early_warning,LEWM-03-03-2025-1230-03,3.0,2025-03-03 12:30:00,2025-03-04 12:30:00,2,2,2,0,0,1.0,Yellow,modern_table,1785,ok
landslide_20250410_1600_early_warning_9cba22e7.pdf,2025-04-10,1600,early_warning,LEWM-10-04-2025-1600-00,,2025-04-10 16:00:00,2025-04-11 16:00:00,4,4,4,0,0,1.0,Yellow,modern_table,1808,ok
landslide_20250518_1000_early_warning_50f8a97b.pdf,2025-05-18,1000,early_warning,LEWM-18-05-2025-1000-00,,2025-05-18 10:00:00,2025-05-19 10:00:00,6,6,6,0,0,1.0,Yellow,modern_table,2072,ok
landslide_20250519_1400_early_warning_2c10894a.pdf,2025-05-19,1400,early_warning,LEWM-19-05-2025-1400-01,1.0,2025-05-19 14:00:00,2025-05-20 14:00:00,6,6,6,0,0,1.0,Yellow,modern_table,2149,ok
landslide_20250520_1400_early_warning_aae54407.pdf,2025-05-20,1400,early_warning,LEWM-20-05-2025-1400-02,2.0,2025-05-20 14:00:00,2025-05-21 14:00:00,6,6,6,0,0,1.0,Yellow,modern_table,2143,ok
landslide_20250527_1000_early_warning_2175afac.pdf,2025-05-27,1000,early_warning,LEWM-27-05-2025-1000-00,,2025-05-27 10:00:00,2025-05-28 10:00:00,4,4,4,0,0,1.0,Yellow,modern_table,1902,ok
landslide_20250528_1000_early_warning_d28ab68a.pdf,2025-05-28,1000,early_warning,LEWM-28-05-2025-1000-01,1.0,2025-05-28 10:00:00,2025-05-29 10:00:00,4,4,4,0,0,1.0,Yellow,modern_table,1982,ok
landslide_20250530_2100_early_warning_125bbfd4.pdf,2025-05-30,2100,early_warning,LEWM-30-05-2025-2100-00,,2025-05-30 21:00:00,2025-05-31 21:00:00,5,5,5,0,0,1.0,Yellow,modern_table,1893,ok
landslide_20250531_1600_early_warning_462bdd76.pdf,2025-05-31,1600,early_warning,LEWM-31-05-2025-1600-01,1.0,2025-05-31 16:00:00,2025-06-01 16:00:00,5,5,5,0,0,1.0,Yellow,modern_table,1964,ok
landslide_20250611_1600_early_warning_c4d95ee5.pdf,2025-06-11,1600,early_warning,LEWM-11-06-2025-1600-00,,2025-06-11 16:00:00,2025-06-12 16:00:00,6,8,5,3,0,2.0,Amber,modern_table,2179,ok
landslide_20250614_1600_early_warning_74e4a335.pdf,2025-06-14,1600,early_warning,LEWM-14-06-2025-1600-00,,2025-06-14 16:00:00,2025-06-15 16:00:00,7,7,7,0,0,1.0,Yellow,modern_table,2200,ok
landslide_20250615_0800_early_warning_1632232f.pdf,2025-06-15,0800,early_warning,LEWM-15-06-2025-0800-01,1.0,2025-06-15 08:00:00,2025-06-16 08:00:00,7,8,7,1,0,2.0,Amber,modern_table,2361,ok
landslide_20250615_1600_early_warning_5838d97d.pdf,2025-06-15,1600,early_warning,LEWM-15-06-2025-1600-02,2.0,2025-06-15 16:00:00,2025-06-16 16:00:00,7,8,7,1,0,2.0,Amber,modern_table,2314,ok
landslide_20250616_1600_early_warning_870b55b6.pdf,2025-06-16,1600,early_warning,LEWM-16-06-2025-1600-03,3.0,2025-06-16 16:00:00,2025-06-17 16:00:00,6,6,6,0,0,1.0,Yellow,modern_table,2206,ok
landslide_20250617_1600_early_warning_3c1d5ab5.pdf,2025-06-17,1600,early_warning,LEWM-17-06-2025-1600-04,4.0,2025-06-17 16:00:00,2025-06-18 16:00:00,6,6,6,0,0,1.0,Yellow,modern_table,2202,ok
landslide_20250919_1000_early_warning_7b0e1fa0.pdf,2025-09-19,1000,early_warning,LEWM-19-09-2025-1000-00,,2025-09-19 10:00:00,2025-09-20 10:00:00,5,5,5,0,0,1.0,Yellow,modern_table,1889,ok
landslide_20250925_2200_early_warning_d23f40d4.pdf,2025-09-25,2200,early_warning,LEWM-25-09-2025-2200-00,,2025-09-25 22:00:00,2025-09-26 22:00:00,4,6,4,2,0,2.0,Amber,modern_table,2044,ok
landslide_20250926_1600_early_warning_18500d4a.pdf,2025-09-26,1600,early_warning,LEWM-26-09-2025-1600-01,1.0,2025-09-26 16:00:00,2025-09-27 16:00:00,9,13,9,4,0,2.0,Amber,modern_table,2709,ok
landslide_20250927_1600_early_warning_75e6d0c3.pdf,2025-09-27,1600,early_warning,LEWM-27-09-2025-1600-00,2.0,2025-09-27 16:00:00,2025-09-28 16:00:00,9,9,9,0,0,1.0,Yellow,modern_table,2466,ok
landslide_20251004_1800_early_warning_40aeca43.pdf,2025-10-04,1800,early_warning,LEWM-04-10-2025-1800-00,,2025-10-04 18:00:00,2025-10-05 18:00:00,5,5,5,0,0,1.0,Yellow,modern_table,1931,ok
landslide_20251005_1800_early_warning_804ac6d2.pdf,2025-10-05,1800,early_warning,LEWM-05-10-2025-1800-01,1.0,2025-10-05 18:00:00,2025-10-06 18:00:00,5,5,5,0,0,1.0,Yellow,modern_table,1963,ok
landslide_20251013_2100_early_warning_999f85d6.pdf,2025-10-13,2100,early_warning,LEWM-13-10-2025-2100-00,,2025-10-13 21:00:00,2025-10-14 21:00:00,7,9,7,2,0,2.0,Amber,modern_table,2326,ok
landslide_20251015_1930_early_warning_6444cb57.pdf,2025-10-15,1930,early_warning,LEWM-15-10-2025-1930-00,,2025-10-15 19:30:00,2025-10-16 19:30:00,7,7,7,0,0,1.0,Yellow,modern_table,2086,ok
landslide_20251017_1600_early_warning_37f1e0ee.pdf,2025-10-17,1600,early_warning,LEWM-17-10-2025-1600-03,3.0,2025-10-17 16:00:00,2025-10-18 16:00:00,10,10,10,0,0,1.0,Yellow,modern_table,2579,ok
landslide_20251017_1930_early_warning_5c2d11be.pdf,2025-10-17,1930,early_warning,LEWM-17-10-2025-1900-04,4.0,2025-10-17 19:00:00,2025-10-18 19:00:00,11,14,11,3,0,2.0,Amber,modern_table,2909,ok
landslide_20251018_1900_early_warning_453f7f77.pdf,2025-10-18,1900,early_warning,LEWM-18-10-2025-1900-05,5.0,2025-10-18 19:00:00,2025-10-19 19:00:00,6,6,6,0,0,1.0,Yellow,modern_table,2288,ok
landslide_20251019_1600_early_warning_b60574fc.pdf,2025-10-19,1600,early_warning,LEWM-19-10-2025-1600-06,6.0,2025-10-19 16:00:00,2025-10-20 16:00:00,7,7,7,0,0,1.0,Yellow,modern_table,2379,ok
landslide_20251019_2130_early_warning_5f86495e.pdf,2025-10-19,2130,early_warning,LEWM-19-10-2025-2100-07,7.0,2025-10-19 21:00:00,2025-10-20 21:00:00,9,11,9,2,0,2.0,Amber,modern_table,2876,ok
landslide_20251020_1600_early_warning_64046bed.pdf,2025-10-20,1600,early_warning,LEWM-20-10-2025-1600-08,8.0,2025-10-20 16:00:00,2025-10-21 16:00:00,9,11,9,2,0,2.0,Amber,modern_table,2835,ok
landslide_20251020_2030_early_warning_3f8f2cb9.pdf,2025-10-20,2030,early_warning,LEWM-20-10-2025-2030-09,9.0,2025-10-20 20:30:00,2025-10-21 20:30:00,10,12,10,2,0,2.0,Amber,modern_table,2974,ok
landslide_20251021_0530_early_warning_fbba3b16.pdf,2025-10-21,0530,early_warning,LEWM-21-10-2025-0500-10,10.0,2025-10-21 05:00:00,2025-10-22 05:00:00,11,16,11,5,0,2.0,Amber,modern_table,3344,ok
landslide_20251021_1700_early_warning_8a5bd447.pdf,2025-10-21,1700,early_warning,LEWM-21-10-2025-1700-11,11.0,2025-10-21 17:00:00,2025-10-22 17:00:00,11,16,11,5,0,2.0,Amber,modern_table,3312,ok
landslide_20251022_1600_early_warning_401984ae.pdf,2025-10-22,1600,early_warning,LEWM-22-10-2025-1600-12,12.0,2025-10-22 16:00:00,2025-10-23 16:00:00,11,16,11,5,0,2.0,Amber,modern_table,3285,ok
landslide_20251023_1600_early_warning_973634bd.pdf,2025-10-23,1600,early_warning,LEWM-23-10-2025-1600-13,13.0,2025-10-23 16:00:00,2025-10-24 16:00:00,11,16,11,5,0,2.0,Amber,modern_table,3406,ok
landslide_20251024_1600_early_warning_dbaf16c6.pdf,2025-10-24,1600,early_warning,LEWM-24-10-2025-1600-14,14.0,2025-10-24 16:00:00,2025-10-25 16:00:00,10,14,10,4,0,2.0,Amber,modern_table,3123,ok
landslide_20251025_1600_early_warning_b97aa292.pdf,2025-10-25,1600,early_warning,LEWM-25-10-2025-1600-15,15.0,2025-10-25 16:00:00,2025-10-26 16:00:00,10,14,10,4,0,2.0,Amber,modern_table,3142,ok
landslide_20251026_1600_early_warning_72935c4a.pdf,2025-10-26,1600,early_warning,LEWM-26-10-2025-1600-16,16.0,2025-10-26 16:00:00,2025-10-27 16:00:00,10,14,10,4,0,2.0,Amber,modern_table,3140,ok
landslide_20251027_1600_early_warning_7d01be51.pdf,2025-10-27,1600,early_warning,LEWM-27-10-2025-1600-17,17.0,2025-10-27 16:00:00,2025-10-28 16:00:00,10,14,10,4,0,2.0,Amber,modern_table,3105,ok
landslide_20251028_1600_early_warning_001eaeea.pdf,2025-10-28,1600,early_warning,LEWM-28-10-2025-1600-18,18.0,2025-10-28 16:00:00,2025-10-29 16:00:00,4,4,4,0,0,1.0,Yellow,modern_table,1954,ok
landslide_20251106_1230_early_warning_8c17872d.pdf,2025-11-06,1230,early_warning,LEWM-06-11-2025-1230-00,,2025-11-06 12:30:00,2025-11-07 12:30:00,3,5,3,2,0,2.0,Amber,modern_table,1975,ok
landslide_20251107_1230_warning_2b6f574c.pdf,2025-11-07,1230,warning,LEWM-07-11-2025-1230-01,1.0,2025-11-07 12:30:00,2025-11-08 12:30:00,3,3,3,0,0,1.0,Yellow,modern_table,1922,ok
landslide_20251117_1930_early_warning_c80045b8.pdf,2025-11-17,1930,early_warning,LEWM-17-11-2025-1900-00,,2025-11-17 19:00:00,2025-11-18 19:00:00,8,10,8,2,0,2.0,Amber,modern_table,2579,ok
landslide_20251118_1600_early_warning_32132f92.pdf,2025-11-18,1600,early_warning,LEWM-18-11-2025-1600-01,1.0,2025-11-18 16:00:00,2025-11-19 16:00:00,10,14,10,4,0,2.0,Amber,modern_table,3038,ok
landslide_20251119_1600_early_warning_ec0dc3f5.pdf,2025-11-19,1600,early_warning,LEWM-19-11-2025-1600-02,2.0,2025-11-19 16:00:00,2025-11-20 16:00:00,10,14,10,4,0,2.0,Amber,modern_table,2999,ok
landslide_20251120_1600_early_warning_c937dc35.pdf,2025-11-20,1600,early_warning,LEWM-20-11-2025-1600-03,3.0,2025-11-20 16:00:00,2025-11-21 16:00:00,7,7,7,0,0,1.0,Yellow,modern_table,2484,ok
landslide_20251121_1600_early_warning_9152931b.pdf,2025-11-21,1600,early_warning,LEWM-21-11-2025-1600-04,4.0,2025-11-21 16:00:00,2025-11-22 16:00:00,7,7,7,0,0,1.0,Yellow,modern_table,2472,ok
landslide_20251121_2000_early_warning_4648dfb3.pdf,2025-11-21,2000,early_warning,LEWM-21-11-2025-2000-05,5.0,2025-11-21 20:00:00,2025-11-22 20:00:00,10,12,9,3,0,2.0,Amber,modern_table,2988,ok
landslide_20251122_1430_early_warning_ed622077.pdf,2025-11-22,1430,early_warning,LEWM-22-11-2025-1430-06,6.0,2025-11-22 14:30:00,2025-11-23 14:30:00,10,15,9,6,0,2.0,Amber,modern_table,3200,ok
landslide_20251123_1500_early_warning_f91bf093.pdf,2025-11-23,1500,early_warning,LEWM-23-11-2025-1430-07,7.0,2025-11-23 14:30:00,2025-11-24 14:30:00,12,17,11,6,0,2.0,Amber,modern_table,3415,ok
landslide_20251124_1430_warning_8f577030.pdf,2025-11-24,1430,warning,LEWM-24-11-2025-1430-08,8.0,2025-11-24 14:30:00,2025-11-25 14:30:00,12,18,11,7,0,2.0,Amber,modern_table,3444,ok
landslide_20251125_1430_early_warning_3767bacc.pdf,2025-11-25,1430,early_warning,LEWM-25-11-2025-1430-09,9.0,2025-11-25 14:30:00,2025-11-26 14:30:00,12,19,12,7,0,2.0,Amber,modern_table,3591,ok
landslide_20251126_0800_warning_7f418057.pdf,2025-11-26,0800,warning,LEWM-26-11-2025-0800-10,10.0,2025-11-26 08:00:00,2025-11-27 08:00:00,12,21,12,7,2,3.0,Red,modern_table,3825,ok
landslide_20251126_1700_early_warning_aeaeddb8.pdf,2025-11-26,1700,early_warning,LEWM-26-11-2025-1630-11,11.0,2025-11-26 16:30:00,2025-11-27 16:30:00,8,14,5,7,2,3.0,Red,modern_table,3407,ok
landslide_20251126_2130_early_warning_86960edf.pdf,2025-11-26,2130,early_warning,LEWM-26-11-2025-2030-12,12.0,2025-11-26 20:30:00,2025-11-27 20:30:00,9,17,6,7,4,3.0,Red,modern_table,3776,ok
landslide_20251127_1630_early_warning_0a4af47d.pdf,2025-11-27,1630,early_warning,LEWM-27-11-2025-1600-14,14.0,2025-11-27 16:00:00,2025-11-28 16:00:00,13,18,5,6,7,3.0,Red,modern_table,4300,ok
landslide_20251128_0200_early_warning_f4f311f7.pdf,2025-11-28,0200,early_warning,LEWM-28-11-2025-0200-16,16.0,2025-11-28 02:00:00,2025-11-29 02:00:00,13,18,4,7,7,3.0,Red,modern_table,4191,ok
landslide_20251128_0500_early_warning_f13d4d47.pdf,2025-11-28,0500,early_warning,LEWM-28-11-2025-0430-17,17.0,2025-11-28 04:30:00,2025-11-29 04:30:00,14,19,4,7,8,3.0,Red,modern_table,4427,ok
landslide_20251128_1600_early_warning_3ce73f58.pdf,2025-11-28,1600,early_warning,LEWM-28-11-2025-1600-18,18.0,2025-11-28 16:00:00,2025-11-29 16:00:00,14,21,4,6,11,3.0,Red,modern_table,4616,ok
landslide_20251128_2300_early_warning_2cb06006.pdf,2025-11-28,2300,early_warning,LEWM-27-11-2025-2300-15,15.0,2025-11-27 23:00:00,2025-11-28 23:00:00,13,18,5,6,7,3.0,Red,modern_table,4179,ok
landslide_20251129_1600_warning_d9fcea88.pdf,2025-11-29,1600,warning,LEWM-29-11-2025-1600-19,19.0,2025-11-29 16:00:00,2025-11-30 16:00:00,14,19,4,4,11,3.0,Red,modern_table,4420,ok
landslide_20251130_1600_early_warning_f106ab1f.pdf,2025-11-30,1600,early_warning,LEWM-30-11-2025-1600-20,20.0,2025-11-30 16:00:00,2025-12-01 16:00:00,11,16,5,4,7,3.0,Red,modern_table,4085,ok
landslide_20251201_1600_early_warning_00bcc666.pdf,2025-12-01,1600,early_warning,LEWM-01-12-2025-1600-21,21.0,2025-12-01 16:00:00,2025-12-02 16:00:00,11,12,5,1,6,3.0,Red,modern_table,3623,ok
landslide_20251202_1600_early_warning_1226fb0a.pdf,2025-12-02,1600,early_warning,LEWM-02-12-2025-1600-22,22.0,2025-12-02 16:00:00,2025-12-03 16:00:00,9,9,3,0,6,3.0,Red,modern_table,3201,ok
landslide_20251203_1600_early_warning_5376e2d7.pdf,2025-12-03,1600,early_warning,LEWM-03-12-2025-1600-23,23.0,2025-12-03 16:00:00,2025-12-04 16:00:00,10,11,4,3,4,3.0,Red,modern_table,3449,ok
landslide_20251203_1600_early_warning_ecc57e66.pdf,2025-12-03,1600,early_warning,LEWM-03-12-2025-1600-23,23.0,2025-12-03 16:00:00,2025-12-04 16:00:00,11,13,5,4,4,3.0,Red,modern_table,3692,ok
landslide_20251204_1600_warning_17569741.pdf,2025-12-04,1600,warning,LEWM-04-12-2025-1600-24,24.0,2025-12-04 16:00:00,2025-12-05 16:00:00,10,11,4,3,4,3.0,Red,modern_table,3427,ok
landslide_20251204_1930_early_warning_6c605910.pdf,2025-12-04,1930,early_warning,LEWM-04-12-2025-1930-25,25.0,2025-12-04 19:30:00,2025-12-05 19:30:00,13,15,7,4,4,3.0,Red,modern_table,5356,ok
landslide_20251205_1600_early_warning_0f7a8f78.pdf,2025-12-05,1600,early_warning,LEWM-05-12-2025-1600-26,26.0,2025-12-05 16:00:00,2025-12-06 16:00:00,13,15,7,3,5,3.0,Red,modern_table,5360,ok
landslide_20251206_1600_early_warning_af04207b.pdf,2025-12-06,1600,early_warning,LEWM-06-12-2025-1600-27,27.0,2025-12-06 16:00:00,2025-12-07 16:00:00,13,16,7,4,5,3.0,Red,modern_table,5395,ok
landslide_20251207_1600_early_warning_d985fc7f.pdf,2025-12-07,1600,early_warning,LEWM-07-12-2025-1600-28,28.0,2025-12-07 16:00:00,2025-12-08 16:00:00,10,13,4,5,4,3.0,Red,modern_table,5055,ok
landslide_20251208_1600_early_warning_35a42852.pdf,2025-12-08,1600,early_warning,LEWM-08-12-2025-1600-29,29.0,2025-12-08 16:00:00,2025-12-09 16:00:00,9,13,4,5,4,3.0,Red,modern_table,4969,ok
landslide_20251209_1600_early_warning_008e53d1.pdf,2025-12-09,1600,early_warning,LEWM-09-12-2025-1600-30,30.0,2025-12-09 16:00:00,2025-12-10 16:00:00,8,12,3,5,4,3.0,Red,modern_table,4908,ok
landslide_20251210_1600_early_warning_7ab82f3f.pdf,2025-12-10,1600,early_warning,LEWM-10-12-2025-1600-31,31.0,2025-12-10 16:00:00,2025-12-11 16:00:00,8,12,3,5,4,3.0,Red,modern_table,4877,ok
landslide_20251211_1600_early_warning_6167e306.pdf,2025-12-11,1600,early_warning,LEWM-11-12-2025-1600-32,32.0,2025-12-11 16:00:00,2025-12-12 16:00:00,8,12,3,5,4,3.0,Red,modern_table,4905,ok
landslide_20251212_1600_early_warning_3b7f017c.pdf,2025-12-12,1600,early_warning,LEWM-12-12-2025-1600-33,33.0,2025-12-12 16:00:00,2025-12-13 16:00:00,8,12,3,7,2,3.0,Red,modern_table,4915,ok
landslide_20251213_1630_early_warning_6f4c8725.pdf,2025-12-13,1630,early_warning,LEWM-13-12-2025-1600-34,34.0,2025-12-13 16:00:00,2025-12-14 16:00:00,7,11,2,7,2,3.0,Red,modern_table,4805,ok
landslide_20251214_1600_early_warning_724e79b9.pdf,2025-12-14,1600,early_warning,LEWM-14-12-2025-1600-35,35.0,2025-12-14 16:00:00,2025-12-15 16:00:00,7,9,2,5,2,3.0,Red,modern_table,4663,ok
landslide_20251215_1600_early_warning_0143a092.pdf,2025-12-15,1600,early_warning,LEWM-15-12-2025-1600-36,36.0,2025-12-15 16:00:00,2025-12-16 16:00:00,6,9,3,5,1,3.0,Red,modern_table,4483,ok
landslide_20251216_1600_early_warning_5d66251c.pdf,2025-12-16,1600,early_warning,LEWM-16-12-2025-1600-37,37.0,2025-12-16 16:00:00,2025-12-17 16:00:00,5,7,4,3,0,2.0,Amber,modern_table,4221,ok
landslide_20251217_1600_early_warning_f0422b9b.pdf,2025-12-17,1600,early_warning,LEWM-17-12-2025-1600-38,38.0,2025-12-17 16:00:00,2025-12-18 16:00:00,5,7,4,3,0,2.0,Amber,modern_table,4168,ok
landslide_20251218_0300_early_warning_97275f5c.pdf,2025-12-18,0300,early_warning,LEWM-18-12-2025-0230-38,38.0,2025-12-18 02:30:00,2025-12-19 02:30:00,5,9,4,3,2,3.0,Red,modern_table,4346,ok
landslide_20251218_0800_early_warning_50cf24f0.pdf,2025-12-18,0800,early_warning,LEWM-18-12-2025-0800-39,39.0,2025-12-18 08:00:00,2025-12-19 08:00:00,5,10,3,5,2,3.0,Red,modern_table,4435,ok
landslide_20251219_0800_early_warning_5851e5e6.pdf,2025-12-19,0800,early_warning,LEWM-19-12-2025-0800-41,41.0,2025-12-19 08:00:00,2025-12-20 08:00:00,5,10,3,5,2,3.0,Red,modern_table,4368,ok
landslide_20251220_0800_early_warning_84a59037.pdf,2025-12-20,0800,early_warning,LEWM-20-12-2025-0800-42,42.0,2025-12-20 08:00:00,2025-12-21 08:00:00,5,10,3,5,2,3.0,Red,modern_table,4394,ok
landslide_20251220_1600_early_warning_dce0a5d2.pdf,2025-12-20,1600,early_warning,LEWM-20-12-2025-1600-43,43.0,2025-12-20 16:00:00,2025-12-21 16:00:00,5,10,3,5,2,3.0,Red,modern_table,4395,ok
landslide_20251221_1600_early_warning_10091625.pdf,2025-12-21,1600,early_warning,LEWM-21-12-2025-1600-44,44.0,2025-12-21 16:00:00,2025-12-22 16:00:00,5,10,3,5,2,3.0,Red,modern_table,4356,ok
landslide_20251222_1600_warning_86151892.pdf,2025-12-22,1600,warning,LEWM-22-12-2025-1600-45,45.0,2025-12-22 16:00:00,2025-12-23 16:00:00,5,7,5,2,0,2.0,Amber,modern_table,4054,ok
landslide_20251223_1600_warning_89d1afca.pdf,2025-12-23,1600,warning,LEWM-22-12-2025-1600-45,45.0,2025-12-22 16:00:00,2025-12-23 16:00:00,5,7,5,2,0,2.0,Amber,modern_table,4054,ok
landslide_20260105_2200_early_warning_be3d6a1b.pdf,2026-01-05,2200,early_warning,LEWM-05-01-2026-1000-00,,2026-01-05 10:00:00,2026-01-06 10:00:00,3,3,3,0,0,1.0,Yellow,modern_table,3245,ok
landslide_20260105_2245_early_warning_90c58d8d.pdf,2026-01-05,2245,early_warning,LEWM-05-01-2026-2200-00,,2026-01-05 22:00:00,2026-01-06 22:00:00,3,3,3,0,0,1.0,Yellow,modern_table,3244,ok
landslide_20260106_0830_warning_49858607.pdf,2026-01-06,0830,warning,LEWM-06-01-2026-0830-01,1.0,2026-01-06 08:30:00,2026-01-07 08:30:00,4,7,4,3,0,2.0,Amber,modern_table,3660,ok
landslide_20260106_1200_warning_88d376ea.pdf,2026-01-06,1200,warning,LEWM-06-01-2026-1200-02,2.0,2026-01-06 12:00:00,2026-01-07 12:00:00,5,9,4,3,2,3.0,Red,modern_table,3831,ok
landslide_20260107_1200_early_warning_39daa7e7.pdf,2026-01-07,1200,early_warning,LEWM-07-01-2026-1200-03,3.0,2026-01-07 12:00:00,2026-01-08 12:00:00,5,9,4,3,2,3.0,Red,modern_table,4034,ok
landslide_20260108_1200_early_warning_cd20148b.pdf,2026-01-08,1200,early_warning,LEWM-08-01-2026-1200-04,4.0,2026-01-08 12:00:00,2026-01-09 12:00:00,4,6,3,3,0,2.0,Amber,modern_table,3854,ok
landslide_20260108_1800_early_warning_738ea2f6.pdf,2026-01-08,1800,early_warning,LEWM-08-01-2026-1800-05,5.0,2026-01-08 18:00:00,2026-01-09 18:00:00,4,9,4,3,2,3.0,Red,modern_table,6024,ok
landslide_20260109_0900_early_warning_507514a9.pdf,2026-01-09,0900,early_warning,LEWM-09-01-2026-0900-06,6.0,2026-01-09 09:00:00,2026-01-10 09:00:00,4,8,4,2,2,3.0,Red,modern_table,4190,ok
landslide_20260109_1600_early_warning_cd13c0f3.pdf,2026-01-09,1600,early_warning,LEWM-09-01-2026-1600-07,7.0,2026-01-09 16:00:00,2026-01-10 16:00:00,4,7,4,3,0,2.0,Amber,modern_table,2575,ok
landslide_20260110_1600_early_warning_56794e0d.pdf,2026-01-10,1600,early_warning,LEWM-10-01-2026-1600-08,8.0,2026-01-10 16:00:00,2026-01-11 16:00:00,4,4,4,0,0,1.0,Yellow,modern_table,2263,ok
landslide_20260213_0600_early_warning_c7d5de27.pdf,2026-02-13,0600,early_warning,LEWM-13-02-2026-0600-00,,2026-02-13 06:00:00,2026-02-14 06:00:00,2,2,1,1,0,2.0,Amber,modern_table,3420,ok
landslide_20260214_0600_early_warning_fd27f2e1.pdf,2026-02-14,0600,early_warning,LEWM-14-02-2026-0600-01,1.0,2026-02-14 06:00:00,2026-02-15 06:00:00,2,2,1,1,0,2.0,Amber,modern_table,3479,ok
landslide_20260215_0700_early_warning_fdffdac8.pdf,2026-02-15,0700,early_warning,LEWM-15-02-2026-0600-02,2.0,2026-02-15 06:00:00,2026-02-16 06:00:00,2,2,1,1,0,2.0,Amber,modern_table,3438,ok
landslide_20260216_0900_early_warning_c571e9c4.pdf,2026-02-16,0900,early_warning,LEWM-16-02-2026-0900-03,3.0,2026-02-16 09:00:00,2026-02-17 09:00:00,2,2,2,0,0,1.0,Yellow,modern_table,3208,ok
landslide_20260218_1100_early_warning_84cbe9d4.pdf,2026-02-18,1100,early_warning,LEWM-18-02-2026-1030-00,,2026-02-18 10:30:00,2026-02-19 10:30:00,1,1,1,0,0,1.0,Yellow,modern_table,3065,ok
landslide_20260220_0800_early_warning_15b42de8.pdf,2026-02-20,0800,early_warning,LEWM-20-02-2026-0800-00,,2026-02-20 08:00:00,2026-02-21 08:00:00,2,3,2,1,0,2.0,Amber,modern_table,3286,ok
landslide_20260221_0800_early_warning_664f226d.pdf,2026-02-21,0800,early_warning,LEWM-21-02-2026-0800-01,1.0,2026-02-21 08:00:00,2026-02-22 08:00:00,2,3,2,1,0,2.0,Amber,modern_table,2020,ok
landslide_20260221_1900_early_warning_60d6763e.pdf,2026-02-21,1900,early_warning,LEWM-21-02-2026-1900-02,2.0,2026-02-21 19:00:00,2026-02-22 19:00:00,9,16,9,6,1,3.0,Red,modern_table,4928,ok
landslide_20260221_2030_warning_b246023c.pdf,2026-02-21,2030,warning,LEWM-21-02-2026-2030-03,3.0,2026-02-21 20:30:00,2026-02-22 20:30:00,9,15,8,3,4,3.0,Red,modern_table,3329,ok
landslide_20260222_0930_early_warning_4444a947.pdf,2026-02-22,0930,early_warning,LEWM-22-02-2026-0830-04,4.0,2026-02-22 08:30:00,2026-02-23 08:30:00,10,18,8,6,4,3.0,Red,modern_table,3613,ok
landslide_20260223_0830_early_warning_3edb1222.pdf,2026-02-23,0830,early_warning,LEWM-23-02-2026-0830-05,5.0,2026-02-23 08:30:00,2026-02-24 08:30:00,10,16,8,8,0,2.0,Amber,modern_table,3303,ok
landslide_20260224_0830_early_warning_0dd3a0fe.pdf,2026-02-24,0830,early_warning,LEWM-24-02-2026-0830-06,6.0,2026-02-24 08:30:00,2026-02-25 08:30:00,7,7,7,0,0,1.0,Yellow,modern_table,2362,ok
landslide_20260404_1730_early_warning_99fe1361.pdf,2026-04-04,1730,early_warning,LEWM-04-04-2026-1700-00,,2026-04-04 17:00:00,2026-04-05 17:00:00,1,1,1,0,0,1.0,Yellow,modern_table,3076,ok
landslide_20260413_1600_early_warning_56b31aeb.pdf,2026-04-13,1600,early_warning,LEWM-13-04-2026-1600-00,,2026-04-13 16:00:00,2026-04-14 16:00:00,4,4,4,0,0,1.0,Yellow,modern_table,3391,ok
landslide_20260423_1600_early_warning_cb41db7c.pdf,2026-04-23,1600,early_warning,LEWM-23-04-2026-1600-00,,2026-04-23 16:00:00,2026-04-24 16:00:00,2,2,2,0,0,1.0,Yellow,modern_table,3198,ok
landslide_20260424_1600_early_warning_15889427.pdf,2026-04-24,1600,early_warning,LEWM-24-04-2026-1600-01,1.0,2026-04-24 16:00:00,2026-04-25 16:00:00,1,1,1,0,0,1.0,Yellow,modern_table,1673,ok
landslide_20260509_2130_early_warning_24212d08.pdf,2026-05-09,2130,early_warning,LEWM-09-05-2026-2130-00,,2026-05-09 21:30:00,2026-05-10 21:30:00,2,2,2,0,0,1.0,Yellow,modern_table,1644,ok
landslide_20260510_2100_early_warning_b219e0b7.pdf,2026-05-10,2100,early_warning,LEWM-10-05-2026-2100-01,1.0,2026-05-10 21:00:00,2026-05-11 21:00:00,5,5,5,0,0,1.0,Yellow,modern_table,1963,ok
landslide_20260511_1600_warning_dcb18ca2.pdf,2026-05-11,1600,warning,LEWM-11-05-2026-1600-02,2.0,2026-05-11 16:00:00,2026-05-12 16:00:00,6,7,6,1,0,2.0,Amber,modern_table,2367,ok
landslide_20260511_2100_early_warning_9f801a8e.pdf,2026-05-11,2100,early_warning,LEWM-11-05-2026-2100-03,3.0,2026-05-11 21:00:00,2026-05-12 21:00:00,8,9,8,1,0,2.0,Amber,modern_table,2718,ok
landslide_20260513_0900_early_warning_35994218.pdf,2026-05-13,0900,early_warning,LEWM-13-05-2026-0900-05,5.0,2026-05-13 09:00:00,2026-05-14 09:00:00,11,16,11,5,0,2.0,Amber,modern_table,3586,ok
landslide_20260514_0900_early_warning_a21b29e1.pdf,2026-05-14,0900,early_warning,LEWM-14-05-2026-0900-06,6.0,2026-05-14 09:00:00,2026-05-15 09:00:00,11,14,11,3,0,2.0,Amber,modern_table,3400,ok
landslide_20260514_1600_early_warning_9abce6ed.pdf,2026-05-14,1600,early_warning,LEWM-14-05-2026-1600-07,,2026-05-14 16:00:00,2026-05-15 16:00:00,12,16,12,4,0,2.0,Amber,modern_table,3579,ok
landslide_20260514_2200_early_warning_2edb1182.pdf,2026-05-14,2200,early_warning,LEWM-14-05-2026-2200-08,8.0,2026-05-14 22:00:00,2026-05-15 22:00:00,13,19,13,6,0,2.0,Amber,modern_table,3680,ok
landslide_20260515_1600_early_warning_a13f6e45.pdf,2026-05-15,1600,early_warning,LEWM-15-05-2026-1600-09,9.0,2026-05-15 16:00:00,2026-05-16 16:00:00,13,19,13,6,0,2.0,Amber,modern_table,3973,ok
landslide_20260516_1600_early_warning_b0cce788.pdf,2026-05-16,1600,early_warning,LEWM-16-05-2026-1600-10,10.0,2026-05-16 16:00:00,2026-05-17 16:00:00,13,18,13,5,0,2.0,Amber,modern_table,3603,ok
landslide_20260517_1745_warning_14b894ff.pdf,2026-05-17,1745,warning,LEWM-17-05-2026-1600-11,11.0,2026-05-17 16:00:00,2026-05-18 16:00:00,8,9,8,1,0,2.0,Amber,modern_table,2896,ok
landslide_20260518_1600_early_warning_365ad104.pdf,2026-05-18,1600,early_warning,LEWM-18-05-2026-1600-12,12.0,2026-05-18 16:00:00,2026-05-19 16:00:00,3,3,3,0,0,1.0,Yellow,modern_table,1902,ok
landslide_20260522_0300_early_warning_9986cea1.pdf,2026-05-22,0300,early_warning,LEWM-22-05-2026-0300-00,,2026-05-22 03:00:00,2026-05-23 03:00:00,3,4,2,2,0,2.0,Amber,modern_table,3183,ok
landslide_20260522_0600_early_warning_35c81f23.pdf,2026-05-22,0600,early_warning,LEWM-22-05-2026-0600-01,1.0,2026-05-22 06:00:00,2026-05-23 06:00:00,6,10,3,5,2,3.0,Red,modern_table,4003,ok
landslide_20260522_0900_warning_6a8f4b91.pdf,2026-05-22,0900,warning,LEWM-22-05-2026-0900-02,2.0,2026-05-22 09:00:00,2026-05-23 09:00:00,6,11,4,5,2,3.0,Red,modern_table,4224,ok
landslide_20260523_0900_early_warning_382f5733.pdf,2026-05-23,0900,early_warning,LEWM-23-05-2026-0900-03,3.0,2026-05-23 09:00:00,2026-05-24 09:00:00,6,11,4,5,2,3.0,Red,modern_table,2798,ok
landslide_20260524_0600_early_warning_f7f72d9f.pdf,2026-05-24,0600,early_warning,LEWM-24-05-2026-0600-04,4.0,2026-05-24 06:00:00,2026-05-25 06:00:00,6,8,6,2,0,2.0,Amber,modern_table,4001,ok
landslide_20260524_1700_early_warning_80320356.pdf,2026-05-24,1700,early_warning,LEWM-24-05-2026-1700-05,5.0,2026-05-24 17:00:00,2026-05-25 17:00:00,6,8,6,2,0,2.0,Amber,modern_table,2389,ok
landslide_20260525_1600_early_warning_712d12dc.pdf,2026-05-25,1600,early_warning,LEWM-25-05-2026-1600-06,6.0,2026-05-25 16:00:00,2026-05-26 16:00:00,6,8,6,2,0,2.0,Amber,modern_table,2351,ok
landslide_20260526_1600_warning_984e33ca.pdf,2026-05-26,1600,warning,LEWM-26-05-2026-1600-07,7.0,2026-05-26 16:00:00,2026-05-27 16:00:00,4,5,4,1,0,2.0,Amber,modern_table,2106,ok
landslide_20260527_1600_early_warning_c4a61cb3.pdf,2026-05-27,1600,early_warning,LEWM-27-05-2026-1600-08,8.0,2026-05-27 16:00:00,2026-05-28 16:00:00,4,6,4,2,0,2.0,Amber,modern_table,2350,ok
landslide_20260528_1600_early_warning_e4df93a8.pdf,2026-05-28,1600,early_warning,LEWM-28-05-2026-1600-09,9.0,2026-05-28 16:00:00,2026-05-29 16:00:00,4,6,4,2,0,2.0,Amber,modern_table,2349,ok
landslide_20260529_1600_early_warning_996dfe92.pdf,2026-05-29,1600,early_warning,LEWM-29-05-2026-1600-10,10.0,2026-05-29 16:00:00,2026-05-30 16:00:00,4,4,4,0,0,1.0,Yellow,modern_table,2044,ok
landslide_20260612_0400_early_warning_a26be6bb.pdf,2026-06-12,0400,early_warning,LEWM-12-06-2026-0400-00,,2026-06-12 04:00:00,2026-06-13 04:00:00,4,4,4,0,0,1.0,Yellow,modern_table,1979,ok
landslide_20260612_1600_warning_19e5feb4.pdf,2026-06-12,1600,warning,LEWM-12-06-2026-1600-01,1.0,2026-06-12 16:00:00,2026-06-13 16:00:00,3,3,3,0,0,1.0,Yellow,modern_table,1840,ok
landslide_20260613_1600_early_warning_c84a1c37.pdf,2026-06-13,1600,early_warning,LEWM-13-06-2026-1600-02,2.0,2026-06-13 16:00:00,2026-06-14 16:00:00,3,3,3,0,0,1.0,Yellow,modern_table,1836,ok
landslide_20260613_1600_warning_15dcc1f3.pdf,2026-06-13,1600,warning,LEWM-13-06-2026-1600-02,2.0,2026-06-13 16:00:00,2026-06-14 16:00:00,3,3,3,0,0,1.0,Yellow,modern_table,1836,ok
landslide_20260802_2350_early_warning_1d1c0aba.pdf,2026-08-02,2350,early_warning,LEWM-02-08-2026-2300-00,,2026-08-02 23:00:00,2026-08-03 23:00:00,4,6,3,3,0,2.0,Amber,modern_table,2291,ok
landslide_20260803_0900_early_warning_682ca310.pdf,2026-08-03,0900,early_warning,LEWM-03-08-2026-0900-01,1.0,2026-08-03 09:00:00,2026-08-04 09:00:00,4,8,3,4,1,3.0,Red,modern_table,2551,ok
landslide_20260803_1200_early_warning_88bc7b62.pdf,2026-08-03,1200,early_warning,LEWM-03-08-2026-1200-02,2.0,2026-08-03 12:00:00,2026-08-04 12:00:00,4,10,3,4,3,3.0,Red,modern_table,2517,ok
landslide_20260804_0900_early_warning_eddc2574.pdf,2026-08-04,0900,early_warning,LEWM-04-08-2026-0900-03,3.0,2026-08-04 09:00:00,2026-08-05 09:00:00,4,10,3,4,3,3.0,Red,modern_table,2500,ok
landslide_20260805_0900_early_warning_2cb37080.pdf,2026-08-05,0900,early_warning,LEWM-05-08-2026-0900-04,4.0,2026-08-05 09:00:00,2026-08-06 09:00:00,4,7,3,4,0,2.0,Amber,modern_table,2545,ok
landslide_20260806_0900_early_warning_41d20f3b.pdf,2026-08-06,0900,early_warning,LEWM-06-08-2026-0900-05,5.0,2026-08-06 09:00:00,2026-08-07 09:00:00,4,6,2,4,0,2.0,Amber,modern_table,2227,ok
landslide_20260807_0900_early_warning_63b28bf4.pdf,2026-08-07,0900,early_warning,LEWM-07-08-2026-0900-06,6.0,2026-08-07 09:00:00,2026-08-08 09:00:00,4,5,3,2,0,2.0,Amber,modern_table,2162,ok
landslide_20260808_0900_early_warning_dca914ae.pdf,2026-08-08,0900,early_warning,LEWM-08-08-2026-0900-07,7.0,2026-08-08 09:00:00,2026-08-09 09:00:00,4,5,3,2,0,2.0,Amber,modern_table,2130,ok
landslide_20260809_0930_early_warning_1ca23480.pdf,2026-08-09,0930,early_warning,LEWM-09-08-2026-0900-08,8.0,2026-08-09 09:00:00,2026-08-10 09:00:00,3,3,3,0,0,1.0,Yellow,modern_table,2200,ok
landslide_20260915_1000_early_warning_f2e6791e.pdf,2026-09-15,1000,early_warning,LEWM-15-09-2026-1000-00,,2026-09-15 10:00:00,2026-09-16 10:00:00,3,3,3,0,0,1.0,Yellow,modern_table,1802,ok
landslide_20260916_1000_early_warning_a3f8bf4f.pdf,2026-09-16,1000,early_warning,LEWM-16-09-2026-1000-01,1.0,2026-09-16 10:00:00,2026-09-17 10:00:00,3,3,3,0,0,1.0,Yellow,modern_table,1867,ok
landslide_20260920_0700_early_warning_a72291b3.pdf,2026-09-20,0700,early_warning,LEWM-20-09-2026-0700-00,,2026-09-20 07:00:00,2026-09-21 07:00:00,6,6,5,1,0,2.0,Amber,modern_table,2006,ok
landslide_20260920_1000_early_warning_977f9bbd.pdf,2026-09-20,1000,early_warning,LEWM-20-09-2026-1000-01,1.0,2026-09-20 10:00:00,2026-09-21 10:00:00,8,12,6,6,0,2.0,Amber,modern_table,2636,ok
landslide_20260920_1400_early_warning_f8dfc2b9.pdf,2026-09-20,1400,early_warning,LEWM-20-09-2026-1400-02,2.0,2026-09-20 14:00:00,2026-09-21 14:00:00,9,19,8,8,3,3.0,Red,modern_table,3593,ok
landslide_20260920_2200_warning_22110cff.pdf,2026-09-20,2200,warning,LEWM-20-09-2026-2200-03,3.0,2026-09-20 22:00:00,2026-09-21 22:00:00,10,22,8,8,6,3.0,Red,modern_table,3951,ok
landslide_20260921_1600_early_warning_2b3550fa.pdf,2026-09-21,1600,early_warning,LEWM-21-09-2026-1600-04,4.0,2026-09-21 16:00:00,2026-09-22 16:00:00,10,22,8,8,6,3.0,Red,modern_table,3707,ok
landslide_20260922_1600_early_warning_9bbdd58e.pdf,2026-09-22,1600,early_warning,LEWM-22-09-2026-1600-05,5.0,2026-09-22 16:00:00,2026-09-23 16:00:00,10,18,9,7,2,3.0,Red,modern_table,3439,ok
landslide_20260923_1600_early_warning_87f64891.pdf,2026-09-23,1600,early_warning,LEWM-23-09-2026-1600-06,6.0,2026-09-23 16:00:00,2026-09-24 16:00:00,9,15,8,5,2,3.0,Red,modern_table,3318,ok
landslide_20260924_0400_early_warning_a9160010.pdf,2026-09-24,0400,early_warning,LEWM-24-09-2026-0400-07,7.0,2026-09-24 04:00:00,2026-09-25 04:00:00,11,17,9,6,2,3.0,Red,modern_table,3540,ok
landslide_20260924_1300_early_warning_074a935e.pdf,2026-09-24,1300,early_warning,LEWM-24-09-2026-1300-00,8.0,2026-09-24 13:00:00,2026-09-25 13:00:00,11,20,9,8,3,3.0,Red,modern_table,3756,ok
landslide_20260924_1300_early_warning_1e773989.pdf,2026-09-24,1300,early_warning,LEWM-24-09-2026-1300-00,8.0,2026-09-24 13:00:00,2026-09-25 13:00:00,11,20,9,8,3,3.0,Red,modern_table,3756,ok
landslide_20260924_1700_warning_e4097418.pdf,2026-09-24,1700,warning,LEWM-24-09-2026-1700-09,9.0,2026-09-24 17:00:00,2026-09-25 17:00:00,11,19,8,8,3,3.0,Red,modern_table,3863,ok
landslide_20260925_1600_warning_94826f1d.pdf,2026-09-25,1600,warning,LEWM-25-09-2026-1600-10,10.0,2026-09-25 16:00:00,2026-09-26 16:00:00,11,19,10,6,3,3.0,Red,modern_table,3845,ok
landslide_20260926_1600_warning_e1c43319.pdf,2026-09-26,1600,warning,LEWM-26-09-2026-1600-11,11.0,2026-09-26 16:00:00,2026-09-27 16:00:00,8,15,8,5,2,3.0,Red,modern_table,3433,ok
landslide_20260927_1630_early_warning_513b2a10.pdf,2026-09-27,1630,early_warning,LEWM-27-09-2026-1600-12,12.0,2026-09-27 16:00:00,2026-09-28 16:00:00,7,9,7,2,0,2.0,Amber,modern_table,2820,ok
