file_name,report_date,issue_time,report_type,station_rows_extracted,normal_station_count,alert_station_count,minor_flood_station_count,major_flood_station_count,rising_station_count,falling_station_count,max_rainfall_24h_mm,mean_rainfall_24h_mm,max_alert_ratio,warning_withdrawn_flag,active_warning_flag,text_length,extraction_status
river_20250127_0900_flood_warning_eaa222e2.pdf,2025-01-27,0900,flood_warning,0,0,0,0,0,0,0,,,,True,False,1942,ok
river_20250610_1000_water_level_63b71a6b.pdf,2025-06-10,1000,water_level,39,39,0,0,0,10,9,14.8,2.797368421052632,0.62,False,False,5602,ok
river_20250612_0930_water_level_456d5b61.pdf,2025-06-12,0930,water_level,39,37,2,0,0,7,17,129.2,19.2578947368421,1.1039999999999999,False,False,5720,ok
river_20250613_0930_water_level_58dcb086.pdf,2025-06-13,0930,water_level,39,39,0,0,0,6,15,52.2,12.392105263157895,0.876,False,False,5712,ok
river_20250615_0930_water_level_rainfall_a8dd1b9d.pdf,2025-06-15,0930,water_level_rainfall,39,35,4,0,0,15,14,75.4,29.35263157894737,1.2625,False,False,5666,ok
river_20250616_0930_water_level_rainfall_ebaf97b2.pdf,2025-06-16,0930,water_level_rainfall,39,37,2,0,0,15,7,50.3,12.794736842105264,1.294,False,False,5732,ok
river_20250617_0930_water_level_rainfall_53bffbde.pdf,2025-06-17,0930,water_level_rainfall,39,38,1,0,0,7,22,33.7,9.476315789473684,1.25,False,False,5703,ok
river_20250619_0930_water_level_rainfall_75b828ba.pdf,2025-06-19,0930,water_level_rainfall,39,39,0,0,0,7,15,9.6,1.326315789473684,0.7,False,False,5667,ok
river_20250803_0930_water_level_rainfall_853627e2.pdf,2025-08-03,0930,water_level_rainfall,39,38,1,0,0,10,13,78.2,10.336842105263159,1.0666666666666667,False,False,5676,ok
river_20250809_1000_water_level_rainfall_84b64667.pdf,2025-08-09,1000,water_level_rainfall,39,39,0,0,0,5,8,1.5,0.07368421052631578,0.5980000000000001,False,False,5362,ok
river_20250827_0930_water_level_rainfall_b54514da.pdf,2025-08-27,0930,water_level_rainfall,39,39,0,0,0,6,9,14.3,1.1500000000000001,0.59,False,False,5431,ok
river_20250926_0930_water_level_rainfall_ddd3be68.pdf,2025-09-26,0930,water_level_rainfall,39,35,4,0,0,11,12,128.1,33.586842105263166,1.1288461538461538,False,False,5746,ok
river_20250926_1800_water_level_ff6cedb6.pdf,2025-09-26,1800,water_level,21,19,2,0,0,10,7,32.8,9.41,1.1199999999999999,False,False,1811,ok
river_20250926_2130_water_level_37cdf08c.pdf,2025-09-26,2130,water_level,21,20,1,0,0,10,9,39.7,12.419999999999998,1.1300000000000001,False,False,1810,ok
river_20250927_0030_water_level_c09290bb.pdf,2025-09-27,0030,water_level,19,18,1,0,0,8,9,50.7,17.644444444444442,1.136,False,False,1796,ok
river_20250927_0400_water_level_d50d2933.pdf,2025-09-27,0400,water_level,21,20,1,0,0,5,10,50.7,16.0,1.152,False,False,1811,ok
river_20250927_0600_water_level_3c2b00c1.pdf,2025-09-27,0600,water_level,21,20,1,0,0,4,13,50.7,16.59,1.1480000000000001,False,False,1812,ok
river_20250927_0930_water_level_rainfall_8659e04a.pdf,2025-09-27,0930,water_level_rainfall,39,38,1,0,0,9,17,60.7,11.821052631578949,1.144,False,False,5671,ok
river_20250927_1230_water_level_rainfall_f7a05aec.pdf,2025-09-27,1230,water_level_rainfall,21,20,1,0,0,2,17,1.8,0.09,1.134,False,False,1872,ok
river_20250927_1530_water_level_2a3524ef.pdf,2025-09-27,1530,water_level,21,20,1,0,0,2,13,3.1,0.3,1.114,False,False,1864,ok
river_20250928_0930_water_level_rainfall_024023c4.pdf,2025-09-28,0930,water_level_rainfall,39,39,0,0,0,3,18,13.7,1.8052631578947371,0.8779999999999999,False,False,5642,ok
river_20251015_0930_water_level_45f4fc9b.pdf,2025-10-15,0930,water_level,39,39,0,0,0,5,24,109.0,11.060526315789472,0.818,False,False,5706,ok
river_20251019_0930_water_level_rainfall_a9eccfbf.pdf,2025-10-19,0930,water_level_rainfall,39,39,0,0,0,4,26,105.0,24.207894736842103,0.9199999999999999,False,False,5698,ok
river_20251019_2350_flood_warning_ae6b1867.pdf,2025-10-19,2350,flood_warning,0,0,0,0,0,0,0,,,,False,True,2566,ok
river_20251020_0530_flood_warning_8098bb46.pdf,2025-10-20,0530,flood_warning,0,0,0,0,0,0,0,,,,False,True,2841,ok
river_20251020_0930_water_level_rainfall_fa2dd761.pdf,2025-10-20,0930,water_level_rainfall,39,36,2,1,0,3,31,106.9,31.40526315789474,1.302,False,False,5759,ok
river_20251020_1230_water_level_rainfall_8f0c2d85.pdf,2025-10-20,1230,water_level_rainfall,39,37,1,1,0,5,27,11.4,0.47368421052631576,1.314,False,False,3248,ok
river_20251020_1530_water_level_bf48fbe6.pdf,2025-10-20,1530,water_level,39,37,2,0,0,10,21,42.0,4.810526315789473,1.23,False,False,3239,ok
river_20251020_1800_water_level_fcc47306.pdf,2025-10-20,1800,water_level,39,37,2,0,0,13,23,55.7,11.721052631578948,1.233684210526316,False,False,3242,ok
river_20251020_2130_water_level_6ac35b9f.pdf,2025-10-20,2130,water_level,38,37,1,0,0,23,7,113.0,25.818918918918914,1.2505263157894737,False,False,3177,ok
river_20251021_0030_water_level_rainfall_386a0abd.pdf,2025-10-21,0030,water_level_rainfall,38,37,1,0,0,16,13,123.0,29.840540540540545,1.2505263157894737,False,False,3187,ok
river_20251021_0330_water_level_ac2c6f6c.pdf,2025-10-21,0330,water_level,38,37,1,0,0,17,15,146.6,31.083783783783787,1.2252631578947368,False,False,3181,ok
river_20251021_0930_water_level_f8b9cf3b.pdf,2025-10-21,0930,water_level,39,39,0,0,0,11,24,201.0,37.136842105263156,0.9705263157894738,False,False,5749,ok
river_20251021_1230_water_level_d7e2533b.pdf,2025-10-21,1230,water_level,39,39,0,0,0,13,21,16.0,1.8789473684210525,0.9789473684210527,False,False,3233,ok
river_20251021_1300_flood_warning_89c9f53d.pdf,2025-10-21,1300,flood_warning,0,0,0,0,0,0,0,,,,False,True,2434,ok
river_20251021_1530_water_level_rainfall_a7f17a97.pdf,2025-10-21,1530,water_level_rainfall,39,38,1,0,0,10,22,30.9,4.423684210526316,1.063157894736842,False,False,3232,ok
river_20251021_1800_water_level_20960243.pdf,2025-10-21,1800,water_level,39,38,1,0,0,13,17,35.1,9.694736842105264,1.0484210526315791,False,False,3241,ok
river_20251021_2130_water_level_46ddef64.pdf,2025-10-21,2130,water_level,38,38,0,0,0,11,21,35.1,10.613513513513515,0.9942857142857143,False,False,3164,ok
river_20251022_0030_water_level_34c7e775.pdf,2025-10-22,0030,water_level,37,37,0,0,0,8,20,39.1,11.466666666666667,0.9857142857142858,False,False,3169,ok
river_20251022_0330_water_level_db109250.pdf,2025-10-22,0330,water_level,38,38,0,0,0,4,23,39.1,12.183783783783783,0.992,False,False,3164,ok
river_20251022_0630_water_level_d5c1479a.pdf,2025-10-22,0630,water_level,38,38,0,0,0,5,23,39.1,12.929729729729727,0.9720000000000001,False,False,3164,ok
river_20251022_0900_water_level_3437f42f.pdf,2025-10-22,0900,water_level,39,39,0,0,0,4,25,48.3,16.005263157894742,0.97,False,False,5713,ok
river_20251022_1230_water_level_rainfall_59290e34.pdf,2025-10-22,1230,water_level_rainfall,39,39,0,0,0,7,25,6.7,1.1157894736842107,0.97,False,False,3231,ok
river_20251022_1530_water_level_rainfall_a91c2e6e.pdf,2025-10-22,1530,water_level_rainfall,39,39,0,0,0,5,20,6.7,1.3026315789473684,0.974,False,False,3223,ok
river_20251022_1600_flood_warning_02688db9.pdf,2025-10-22,1600,flood_warning,0,0,0,0,0,0,0,,,,False,True,1690,ok
river_20251022_1800_water_level_42d165db.pdf,2025-10-22,1800,water_level,39,39,0,0,0,4,18,25.3,3.823684210526315,0.974,False,False,3224,ok
river_20251022_2130_water_level_3b04bd17.pdf,2025-10-22,2130,water_level,39,39,0,0,0,7,19,25.3,5.571052631578947,0.978,False,False,3231,ok
river_20251023_0030_water_level_48e20057.pdf,2025-10-23,0030,water_level,38,38,0,0,0,6,15,33.2,8.191891891891892,0.9800000000000001,False,False,3176,ok
river_20251023_0330_water_level_30354d50.pdf,2025-10-23,0330,water_level,37,37,0,0,0,13,14,47.6,14.0,0.8114285714285714,False,False,3052,ok
river_20251023_0930_water_level_d3ca5da6.pdf,2025-10-23,0930,water_level,39,37,2,0,0,24,9,100.8,32.51315789473684,1.09,False,False,5745,ok
river_20251023_1200_water_level_8a739697.pdf,2025-10-23,1200,water_level,39,37,2,0,0,19,15,3.0,0.13421052631578947,1.1725,False,False,3238,ok
river_20251023_1530_water_level_rainfall_adf5a2af.pdf,2025-10-23,1530,water_level_rainfall,39,37,2,0,0,14,16,12.7,0.9157894736842103,1.21,False,False,3236,ok
river_20251023_1830_water_level_1b76a603.pdf,2025-10-23,1830,water_level,39,37,2,0,0,15,14,16.7,4.247368421052633,1.1975,False,False,3236,ok
river_20251023_2130_water_level_95d2c0b1.pdf,2025-10-23,2130,water_level,38,35,3,0,0,10,15,16.7,4.337837837837839,1.18,False,False,3171,ok
river_20251024_0030_water_level_6f79cffd.pdf,2025-10-24,0030,water_level,38,35,3,0,0,6,23,18.4,4.52972972972973,1.1640000000000001,False,False,3189,ok
river_20251024_0600_water_level_2b59627f.pdf,2025-10-24,0600,water_level,38,35,3,0,0,8,20,19.6,5.7027027027027035,1.1800000000000002,False,False,3173,ok
river_20251024_0900_water_level_25d837d0.pdf,2025-10-24,0900,water_level,39,38,1,0,0,2,23,19.6,5.957894736842105,1.182,False,False,5725,ok
river_20251024_1230_water_level_0cfcea62.pdf,2025-10-24,1230,water_level,39,38,1,0,0,7,19,18.8,2.7394736842105263,1.182,False,False,3233,ok
river_20251024_1530_water_level_rainfall_067121d0.pdf,2025-10-24,1530,water_level_rainfall,39,38,1,0,0,13,17,24.3,5.915789473684211,1.176,False,False,3237,ok
river_20251024_1830_water_level_49a29c8f.pdf,2025-10-24,1830,water_level,39,38,1,0,0,11,18,24.3,8.371052631578946,1.17,False,False,3238,ok
river_20251025_0030_water_level_66cdf1b1.pdf,2025-10-25,0030,water_level,37,36,1,0,0,17,7,52.0,14.583333333333334,1.192,False,False,3197,ok
river_20251025_0330_water_level_a9efb947.pdf,2025-10-25,0330,water_level,38,36,2,0,0,15,10,52.0,14.924324324324326,1.174,False,False,3182,ok
river_20251025_0630_water_level_d4d57b50.pdf,2025-10-25,0630,water_level,38,36,2,0,0,16,13,70.0,22.264864864864865,1.1880000000000002,False,False,3195,ok
river_20251025_0930_water_level_e17b6816.pdf,2025-10-25,0930,water_level,39,37,2,0,0,23,6,93.4,31.37368421052631,1.206,False,False,5755,ok
river_20251025_1130_flood_warning_1e7dc683.pdf,2025-10-25,1130,flood_warning,0,0,0,0,0,0,0,,,,False,True,2759,ok
river_20251025_1230_water_level_rainfall_05e13fd9.pdf,2025-10-25,1230,water_level_rainfall,39,36,3,0,0,20,9,16.9,3.0289473684210524,1.225,False,False,3248,ok
river_20251025_1245_flood_warning_35c287bb.pdf,2025-10-25,1245,flood_warning,0,0,0,0,0,0,0,,,,False,True,2438,ok
river_20251025_1530_water_level_rainfall_591fe30f.pdf,2025-10-25,1530,water_level_rainfall,38,35,3,0,0,14,17,16.9,3.524324324324324,1.1788461538461539,False,False,3244,ok
river_20251025_1830_water_level_d6f3b4ea.pdf,2025-10-25,1830,water_level,39,34,5,0,0,12,19,16.9,3.5026315789473683,1.252,False,False,3254,ok
river_20251025_2130_water_level_41a7d441.pdf,2025-10-25,2130,water_level,38,33,5,0,0,7,17,16.9,3.5432432432432432,1.26,False,False,3177,ok
river_20251026_0030_water_level_50560deb.pdf,2025-10-26,0030,water_level,37,32,5,0,0,7,17,16.9,3.5916666666666663,1.276,False,False,3192,ok
river_20251026_0330_water_level_f3c6757d.pdf,2025-10-26,0330,water_level,36,33,3,0,0,6,20,16.9,3.7457142857142856,1.292,False,False,3140,ok
river_20251026_0630_water_level_ebbb8899.pdf,2025-10-26,0630,water_level,38,36,1,1,0,7,21,16.9,3.5432432432432432,1.3119999999999998,False,False,3170,ok
river_20251026_0930_water_level_rainfall_f3452c53.pdf,2025-10-26,0930,water_level_rainfall,39,38,1,0,0,5,28,16.9,3.952631578947369,1.296,False,False,5705,ok
river_20251026_1230_water_level_rainfall_8b62eff8.pdf,2025-10-26,1230,water_level_rainfall,39,38,1,0,0,2,26,0.0,0.0,1.292,False,False,3232,ok
river_20251026_1530_water_level_1c3446d2.pdf,2025-10-26,1530,water_level,39,38,1,0,0,5,24,0.0,0.0,1.284,False,False,3224,ok
river_20251027_0900_water_level_66740a3c.pdf,2025-10-27,0900,water_level,39,38,1,0,0,1,23,0.0,0.0,1.1480000000000001,False,False,5655,ok
river_20251027_1500_flood_warning_cb3d72f9.pdf,2025-10-27,1500,flood_warning,0,0,0,0,0,0,0,,,,False,True,1641,ok
river_20251030_0930_water_level_30ecb8f1.pdf,2025-10-30,0930,water_level,39,39,0,0,0,6,9,0.0,0.0,0.6446666666666666,False,False,5660,ok
river_20251101_1000_water_level_rainfall_6d6c0452.pdf,2025-11-01,1000,water_level_rainfall,39,39,0,0,0,9,10,7.3,0.3368421052631579,0.6333333333333333,False,False,5680,ok
river_20251103_0900_water_level_rainfall_6e2123ec.pdf,2025-11-03,0900,water_level_rainfall,39,39,0,0,0,8,17,44.5,1.5184210526315791,0.626,False,False,5695,ok
river_20251106_0900_water_level_54fbd793.pdf,2025-11-06,0900,water_level,39,39,0,0,0,13,6,61.1,8.51315789473684,0.6166666666666667,False,False,5718,ok
river_20251110_0900_water_level_rainfall_ff7f895e.pdf,2025-11-10,0900,water_level_rainfall,39,39,0,0,0,7,22,66.2,4.168421052631579,0.71,False,False,5670,ok
river_20251110_1200_water_level_rainfall_747ac357.pdf,2025-11-10,1200,water_level_rainfall,39,39,0,0,0,6,18,12.0,0.36052631578947364,0.6599999999999999,False,False,3228,ok
river_20251111_0030_water_level_e6c2594a.pdf,2025-11-11,0030,water_level,38,38,0,0,0,9,14,86.0,7.5081081081081065,0.6633333333333333,False,False,3169,ok
river_20251112_0030_water_level_1bffdf29.pdf,2025-11-12,0030,water_level,38,38,0,0,0,13,10,56.0,5.924324324324324,0.6426666666666667,False,False,3180,ok
river_20251112_0630_water_level_b1002c49.pdf,2025-11-12,0630,water_level,38,38,0,0,0,8,17,56.0,5.932432432432432,0.6493333333333333,False,False,3164,ok
river_20251112_0930_water_level_b3076188.pdf,2025-11-12,0930,water_level,39,39,0,0,0,5,19,56.0,5.863157894736841,0.6359999999999999,False,False,5719,ok
river_20251112_1800_water_level_e43e1dee.pdf,2025-11-12,1800,water_level,39,39,0,0,0,20,10,94.1,18.081578947368424,0.968,False,False,3228,ok
river_20251113_0030_water_level_27631619.pdf,2025-11-13,0030,water_level,38,38,0,0,0,14,14,94.1,20.194594594594598,0.884,False,False,3177,ok
river_20251113_0900_water_level_rainfall_d89a06ba.pdf,2025-11-13,0900,water_level_rainfall,39,39,0,0,0,8,22,94.1,21.542105263157897,0.8560000000000001,False,False,5727,ok
river_20251113_1230_water_level_rainfall_a40a8442.pdf,2025-11-13,1230,water_level_rainfall,39,39,0,0,0,7,23,31.7,1.3368421052631578,0.792,False,False,3228,ok
river_20251114_0030_water_level_80d9046f.pdf,2025-11-14,0030,water_level,38,38,0,0,0,16,14,81.6,15.46756756756756,0.6933333333333334,False,False,3191,ok
river_20251114_1230_water_level_rainfall_b03587e8.pdf,2025-11-14,1230,water_level_rainfall,39,39,0,0,0,4,28,0.0,0.0,0.65,False,False,3225,ok
river_20251115_1230_water_level_rainfall_f6d5fec8.pdf,2025-11-15,1230,water_level_rainfall,39,39,0,0,0,7,20,0.8,0.021052631578947368,0.761,False,False,3221,ok
river_20251116_1230_water_level_rainfall_9c88012c.pdf,2025-11-16,1230,water_level_rainfall,39,39,0,0,0,4,21,0.7,0.018421052631578946,0.6306666666666667,False,False,3223,ok
river_20251117_0930_water_level_rainfall_034c81da.pdf,2025-11-17,0930,water_level_rainfall,39,39,0,0,0,10,17,57.1,9.134210526315792,0.6719999999999999,False,False,5717,ok
river_20251117_1230_water_level_rainfall_f15319fc.pdf,2025-11-17,1230,water_level_rainfall,39,39,0,0,0,7,14,3.2,0.22894736842105262,0.6519999999999999,False,False,3224,ok
river_20251118_0600_water_level_78241889.pdf,2025-11-18,0600,water_level,38,37,1,0,0,12,20,120.7,35.605405405405406,1.12,False,False,3187,ok
river_20251118_0930_water_level_rainfall_7c2cf93e.pdf,2025-11-18,0930,water_level_rainfall,39,38,1,0,0,9,22,120.7,35.33421052631579,1.136,False,False,5767,ok
river_20251118_1230_water_level_rainfall_bdf7cd87.pdf,2025-11-18,1230,water_level_rainfall,39,38,1,0,0,10,23,27.2,1.4473684210526316,1.126,False,False,3240,ok
river_20251118_1800_water_level_4319504b.pdf,2025-11-18,1800,water_level,39,39,0,0,0,22,10,83.0,21.44473684210526,0.8928571428571429,False,False,3238,ok
river_20251119_0030_water_level_rainfall_a1a668d5.pdf,2025-11-19,0030,water_level_rainfall,37,35,2,0,0,14,13,88.9,25.71666666666667,1.08,False,False,3184,ok
river_20251119_0930_water_level_rainfall_101c1d45.pdf,2025-11-19,0930,water_level_rainfall,39,39,0,0,0,5,29,89.0,25.75263157894737,0.924,False,False,5740,ok
river_20251119_1230_water_level_rainfall_a2d256e0.pdf,2025-11-19,1230,water_level_rainfall,39,39,0,0,0,4,29,0.0,0.0,0.8800000000000001,False,False,3121,ok
river_20251120_0600_water_level_0f9fd6ba.pdf,2025-11-20,0600,water_level,38,38,0,0,0,8,25,45.3,3.5837837837837836,0.6880000000000001,False,False,3161,ok
river_20251120_0930_water_level_rainfall_e0217756.pdf,2025-11-20,0930,water_level_rainfall,39,39,0,0,0,2,29,73.1,4.531578947368422,0.6839999999999999,False,False,5715,ok
river_20251121_0030_water_level_6f8cf566.pdf,2025-11-21,0030,water_level,37,35,2,0,0,17,13,67.2,11.999999999999998,1.0333333333333334,False,False,3176,ok
river_20251121_0600_water_level_84ef408e.pdf,2025-11-21,0600,water_level,38,37,1,0,0,12,22,67.2,11.751351351351351,1.1875,False,False,3161,ok
river_20251121_0930_water_level_rainfall_f5040432.pdf,2025-11-21,0930,water_level_rainfall,39,38,1,0,0,8,20,67.2,12.05263157894737,1.1125,False,False,5712,ok
river_20251121_1230_water_level_rainfall_c0d9f661.pdf,2025-11-21,1230,water_level_rainfall,39,38,1,0,0,6,21,1.7,0.06315789473684211,1.03,False,False,3236,ok
river_20251121_1800_water_level_bb3d71e4.pdf,2025-11-21,1800,water_level,39,39,0,0,0,15,13,76.8,14.27894736842105,0.916,False,False,3237,ok
river_20251121_2315_flood_warning_107e0ac8.pdf,2025-11-21,2315,flood_warning,0,0,0,0,0,0,0,,,,False,True,2590,ok
river_20251121_2315_flood_warning_f31a8e16.pdf,2025-11-21,2315,flood_warning,0,0,0,0,0,0,0,,,,False,True,2471,ok
river_20251122_0030_water_level_38a15965.pdf,2025-11-22,0030,water_level,38,33,4,1,0,21,9,132.5,28.5,1.752,False,False,3230,ok
river_20251122_0300_water_level_0ff1d4f6.pdf,2025-11-22,0300,water_level,37,31,5,1,0,17,10,137.4,29.025000000000002,2.096,False,False,3197,ok
river_20251122_0630_water_level_6c941335.pdf,2025-11-22,0630,water_level,37,29,6,2,0,17,13,137.4,29.53055555555555,1.72,False,False,3230,ok
river_20251122_0930_water_level_rainfall_bb4dd0aa.pdf,2025-11-22,0930,water_level_rainfall,39,32,5,2,0,11,16,137.5,28.628947368421056,1.64,False,False,5794,ok
river_20251122_1230_water_level_rainfall_b1b35f52.pdf,2025-11-22,1230,water_level_rainfall,39,32,6,1,0,10,19,1.6,0.05526315789473685,1.4425,False,False,3275,ok
river_20251122_1530_water_level_rainfall_e0989f33.pdf,2025-11-22,1530,water_level_rainfall,39,33,4,2,0,15,19,72.2,5.0657894736842115,1.3625,False,False,3272,ok
river_20251122_1800_water_level_71ae2a51.pdf,2025-11-22,1800,water_level,39,32,5,2,0,18,16,74.6,12.418421052631578,1.338,False,False,3286,ok
river_20251122_2345_flood_warning_b83bc3d1.pdf,2025-11-22,2345,flood_warning,0,0,0,0,0,0,0,,,,False,True,2381,ok
river_20251122_2345_flood_warning_fe513378.pdf,2025-11-22,2345,flood_warning,0,0,0,0,0,0,0,,,,False,True,2316,ok
river_20251123_0030_water_level_rainfall_fa4dc31b.pdf,2025-11-23,0030,water_level_rainfall,38,31,4,3,0,18,16,75.7,18.024324324324322,1.3800000000000001,False,False,3237,ok
river_20251123_0330_water_level_b5d9cd3a.pdf,2025-11-23,0330,water_level,37,31,3,3,0,16,19,75.7,17.55833333333333,1.392,False,False,3144,ok
river_20251123_0600_water_level_9675f846.pdf,2025-11-23,0600,water_level,38,31,4,3,0,12,21,75.7,18.502702702702702,1.3980000000000001,False,False,3214,ok
river_20251123_0930_water_level_rainfall_d570dc57.pdf,2025-11-23,0930,water_level_rainfall,39,32,5,2,0,5,30,115.3,20.876315789473683,1.394,False,False,5794,ok
river_20251123_1230_water_level_rainfall_a8e21291.pdf,2025-11-23,1230,water_level_rainfall,39,32,5,2,0,5,29,0.6,0.0368421052631579,1.392,False,False,3280,ok
river_20251123_1530_water_level_d3a1b808.pdf,2025-11-23,1530,water_level,39,33,3,3,0,10,25,15.4,2.968421052631579,1.3820000000000001,False,False,3260,ok
river_20251123_1830_water_level_9ec7e13d.pdf,2025-11-23,1830,water_level,39,32,4,3,0,18,15,88.2,17.10526315789474,1.3939393939393938,False,False,3305,ok
river_20251123_2130_water_level_5b1c0871.pdf,2025-11-23,2130,water_level,38,30,5,3,0,20,12,99.2,24.17837837837838,1.4121212121212123,False,False,3242,ok
river_20251124_0000_water_level_23431e30.pdf,2025-11-24,0000,water_level,38,30,4,4,0,13,18,99.2,25.15945945945946,1.4242424242424243,False,False,3262,ok
river_20251124_0300_water_level_cf132a6c.pdf,2025-11-24,0300,water_level,37,29,4,4,0,10,19,99.2,26.569444444444443,1.4212121212121214,False,False,3244,ok
river_20251124_0600_flood_warning_3905fe12.pdf,2025-11-24,0600,flood_warning,0,0,0,0,0,0,0,,,,False,True,2007,ok
river_20251124_0600_water_level_8d460c0a.pdf,2025-11-24,0600,water_level,38,32,3,3,0,5,28,99.2,27.175675675675677,1.403030303030303,False,False,3227,ok
river_20251124_0900_water_level_2bda4b59.pdf,2025-11-24,0900,water_level,39,33,4,2,0,9,30,99.2,27.284210526315782,1.3696969696969696,False,False,5815,ok
river_20251124_0930_water_level_3791c5b4.pdf,2025-11-24,0930,water_level,38,31,7,0,0,21,15,107.1,20.65945945945946,1.187878787878788,False,False,3208,ok
river_20251124_1230_flood_warning_8633212f.pdf,2025-11-24,1230,flood_warning,0,0,0,0,0,0,0,,,,False,True,2431,ok
river_20251124_1230_water_level_78ff0ba4.pdf,2025-11-24,1230,water_level,39,33,4,2,0,7,28,7.4,0.5421052631578948,1.3333333333333335,False,False,3269,ok
river_20251124_1530_water_level_rainfall_b788ab58.pdf,2025-11-24,1530,water_level_rainfall,39,33,5,1,0,11,25,96.3,7.805263157894736,1.290909090909091,False,False,3274,ok
river_20251124_1700_flood_warning_74e53cc2.pdf,2025-11-24,1700,flood_warning,0,0,0,0,0,0,0,,,,False,True,1999,ok
river_20251124_1800_water_level_5a4555d9.pdf,2025-11-24,1800,water_level,39,33,6,0,0,18,16,107.1,17.57894736842105,1.2424242424242424,False,False,3274,ok
river_20251125_0030_water_level_a1ef50f6.pdf,2025-11-25,0030,water_level,37,31,6,0,0,17,16,107.1,21.947222222222223,1.1560000000000001,False,False,3210,ok
river_20251125_0300_water_level_3dac603c.pdf,2025-11-25,0300,water_level,38,31,7,0,0,11,21,107.1,22.205405405405408,1.2673076923076922,False,False,3207,ok
river_20251125_0630_water_level_rainfall_9b8f7844.pdf,2025-11-25,0630,water_level_rainfall,38,33,5,0,0,9,25,108.6,24.51621621621622,1.1285714285714288,False,False,3202,ok
river_20251125_0915_flood_warning_05409c40.pdf,2025-11-25,0915,flood_warning,0,0,0,0,0,0,0,,,,False,True,7549,ok
river_20251125_0930_water_level_8e7c6f90.pdf,2025-11-25,0930,water_level,39,35,4,0,0,8,30,112.5,26.565789473684212,1.1285714285714288,False,False,5786,ok
river_20251125_1230_water_level_02d9a6be.pdf,2025-11-25,1230,water_level,38,36,2,0,0,7,24,16.8,2.1432432432432433,1.1,False,False,3246,ok
river_20251125_1500_water_level_a070d067.pdf,2025-11-25,1500,water_level,39,37,2,0,0,6,26,28.3,4.739473684210527,1.0857142857142859,False,False,3229,ok
river_20251125_1830_water_level_0ec7ae58.pdf,2025-11-25,1830,water_level,39,38,1,0,0,9,21,39.5,7.742105263157894,1.0642857142857143,False,False,3237,ok
river_20251125_2130_water_level_43af8d15.pdf,2025-11-25,2130,water_level,38,37,1,0,0,11,18,39.5,10.05135135135135,1.0571428571428572,False,False,3170,ok
river_20251126_0030_water_level_7c42e9c9.pdf,2025-11-26,0030,water_level,37,34,3,0,0,15,14,48.5,14.152777777777779,1.075,False,False,3150,ok
river_20251126_0300_water_level_80edcd20.pdf,2025-11-26,0300,water_level,38,34,4,0,0,15,11,54.5,17.23243243243243,1.125,False,False,3188,ok
river_20251126_0930_water_level_6828f174.pdf,2025-11-26,0930,water_level,39,33,5,1,0,22,9,131.9,28.002631578947366,1.2125,False,False,5790,ok
river_20251126_0930_water_level_f9f84640.pdf,2025-11-26,0930,water_level,38,28,6,4,0,24,12,123.4,41.159459459459455,1.6833333333333333,False,False,3260,ok
river_20251126_1000_flood_warning_2bcf26ee.pdf,2025-11-26,1000,flood_warning,0,0,0,0,0,0,0,,,,False,True,2561,ok
river_20251126_1030_flood_warning_908abab4.pdf,2025-11-26,1030,flood_warning,0,0,0,0,0,0,0,,,,False,True,2239,ok
river_20251126_1230_flood_warning_4a578fd2.pdf,2025-11-26,1230,flood_warning,0,0,0,0,0,0,0,,,,False,True,3476,ok
river_20251126_1230_water_level_rainfall_3a78a032.pdf,2025-11-26,1230,water_level_rainfall,39,31,7,0,1,19,10,43.0,8.128947368421052,1.525,False,False,3271,ok
river_20251126_1400_flood_warning_1aa80e1f.pdf,2025-11-26,1400,flood_warning,0,0,0,0,0,0,0,,,,False,True,3046,ok
river_20251126_1500_water_level_1ea6e28a.pdf,2025-11-26,1500,water_level,39,30,7,2,0,21,13,75.6,17.376315789473683,1.4000000000000001,False,False,3302,ok
river_20251126_1830_water_level_09c96f38.pdf,2025-11-26,1830,water_level,39,30,7,2,0,22,15,108.6,30.03421052631579,1.6266666666666667,False,False,3303,ok
river_20251126_2100_flood_warning_bd5a0216.pdf,2025-11-26,2100,flood_warning,0,0,0,0,0,0,0,,,,False,True,3143,ok
river_20251127_0030_water_level_5bacaa53.pdf,2025-11-27,0030,water_level,38,27,7,4,0,24,11,168.0,57.46216216216217,1.7166666666666668,False,False,3282,ok
river_20251127_0300_flood_warning_4d4322f8.pdf,2025-11-27,0300,flood_warning,0,0,0,0,0,0,0,,,,False,True,2263,ok
river_20251127_0300_flood_warning_9f00441b.pdf,2025-11-27,0300,flood_warning,0,0,0,0,0,0,0,,,,False,True,2367,ok
river_20251127_0300_water_level_702f161b.pdf,2025-11-27,0300,water_level,0,0,0,0,0,0,0,,,,False,True,2679,warning_document_no_station_table
river_20251127_0400_flood_warning_78ba89db.pdf,2025-11-27,0400,flood_warning,0,0,0,0,0,0,0,,,,False,True,3444,ok
river_20251127_0600_water_level_47249461.pdf,2025-11-27,0600,water_level,38,23,6,8,1,24,13,231.9,91.6891891891892,1.7766666666666666,False,False,3342,ok
river_20251127_0800_flood_warning_268d5698.pdf,2025-11-27,0800,flood_warning,0,0,0,0,0,0,0,,,,False,True,2962,ok
river_20251127_0900_flood_warning_ae64fc33.pdf,2025-11-27,0900,flood_warning,0,0,0,0,0,0,0,,,,False,True,2596,ok
river_20251127_0930_water_level_e2a81f50.pdf,2025-11-27,0930,water_level,39,18,8,11,2,24,10,279.6,106.38421052631578,1.7833333333333332,False,False,5995,ok
river_20251127_1230_water_level_40fdda81.pdf,2025-11-27,1230,water_level,39,18,8,10,3,24,11,48.5,12.655263157894737,1.7933333333333332,False,False,3436,ok
river_20251127_1800_flood_warning_a9755158.pdf,2025-11-27,1800,flood_warning,0,0,0,0,0,0,0,,,,False,True,2367,ok
river_20251127_1800_flood_warning_ada9cbfb.pdf,2025-11-27,1800,flood_warning,0,0,0,0,0,0,0,,,,False,True,2563,ok
river_20251127_1830_water_level_1ea59835.pdf,2025-11-27,1830,water_level,37,15,9,9,4,28,3,120.3,36.84166666666666,1.9133333333333333,False,False,3418,ok
river_20251127_1900_flood_warning_b7fa1d09.pdf,2025-11-27,1900,flood_warning,0,0,0,0,0,0,0,,,,False,True,3184,ok
river_20251127_2200_flood_warning_6e970820.pdf,2025-11-27,2200,flood_warning,0,0,0,0,0,0,0,,,,False,True,2667,ok
river_20251127_2300_flood_warning_946b5028.pdf,2025-11-27,2300,flood_warning,0,0,0,0,0,0,0,,,,False,True,2716,ok
river_20251128_0030_flood_warning_5ba6f155.pdf,2025-11-28,0030,flood_warning,0,0,0,0,0,0,0,,,,False,True,2537,ok
river_20251128_0100_flood_warning_5665f95b.pdf,2025-11-28,0100,flood_warning,0,0,0,0,0,0,0,,,,False,True,2558,ok
river_20251128_0300_water_level_5b865a82.pdf,2025-11-28,0300,water_level,0,0,0,0,0,0,0,,,,False,True,2643,warning_document_no_station_table
river_20251128_0330_water_level_645051a3.pdf,2025-11-28,0330,water_level,34,12,5,8,9,20,11,264.2,98.73030303030305,2.826,False,False,3413,ok
river_20251128_0330_water_level_778cb34a.pdf,2025-11-28,0330,water_level,0,0,0,0,0,0,0,,,,False,True,2872,warning_document_no_station_table
river_20251128_0600_flood_warning_fac07eac.pdf,2025-11-28,0600,flood_warning,0,0,0,0,0,0,0,,,,False,True,3066,ok
river_20251128_0600_water_level_d8f42384.pdf,2025-11-28,0600,water_level,33,10,6,10,7,19,12,324.1,117.43749999999999,2.96,False,False,3487,ok
river_20251128_0800_flood_warning_71a0c24f.pdf,2025-11-28,0800,flood_warning,0,0,0,0,0,0,0,,,,False,True,2790,ok
river_20251128_0930_water_level_7fca6833.pdf,2025-11-28,0930,water_level,30,10,7,6,7,19,8,364.5,119.23448275862069,2.0766666666666667,False,False,5897,ok
river_20251128_1230_flood_warning_0c0290a0.pdf,2025-11-28,1230,flood_warning,0,0,0,0,0,0,0,,,,False,True,2028,ok
river_20251128_1230_flood_warning_7e886f7d.pdf,2025-11-28,1230,flood_warning,0,0,0,0,0,0,0,,,,False,True,2057,ok
river_20251128_1230_flood_warning_e592fd0d.pdf,2025-11-28,1230,flood_warning,0,0,0,0,0,0,0,,,,False,True,2032,ok
river_20251128_1230_water_level_7ad20190.pdf,2025-11-28,1230,water_level,28,9,6,4,9,18,8,82.9,18.807692307692307,2.16,False,False,3321,ok
river_20251128_1300_flood_warning_7eb853ee.pdf,2025-11-28,1300,flood_warning,0,0,0,0,0,0,0,,,,False,True,2878,ok
river_20251128_1530_flood_warning_c67c59b7.pdf,2025-11-28,1530,flood_warning,0,0,0,0,0,0,0,,,,False,True,2587,ok
river_20251128_1530_water_level_c1647980.pdf,2025-11-28,1530,water_level,27,9,5,4,9,13,13,134.0,28.52692307692308,2.16,False,False,3315,ok
river_20251128_2130_water_level_c2d7717a.pdf,2025-11-28,2130,water_level,28,11,5,5,7,9,15,215.0,46.27407407407408,2.4379999999999997,False,False,3294,ok
river_20251128_2200_flood_warning_b3b66add.pdf,2025-11-28,2200,flood_warning,0,0,0,0,0,0,0,,,,False,True,2039,ok
river_20251129_0000_water_level_407bbce6.pdf,2025-11-29,0000,water_level,25,10,6,3,6,6,16,227.1,47.55217391304348,2.544,False,False,3195,ok
river_20251129_0300_water_level_6e08a860.pdf,2025-11-29,0300,water_level,24,10,6,3,5,6,14,216.8,38.1,2.269090909090909,False,False,3169,ok
river_20251129_0600_water_level_f7438426.pdf,2025-11-29,0600,water_level,25,12,4,4,5,7,16,216.8,38.51666666666666,2.28,False,False,3163,ok
river_20251129_0930_water_level_rainfall_fa27df02.pdf,2025-11-29,0930,water_level_rainfall,26,12,4,4,6,5,20,217.7,44.44347826086957,2.692,False,False,5742,ok
river_20251129_1230_water_level_rainfall_ce3f6cbc.pdf,2025-11-29,1230,water_level_rainfall,26,13,3,4,6,3,18,1.0,0.09999999999999999,2.68,False,False,3246,ok
river_20251129_1530_water_level_rainfall_c37965de.pdf,2025-11-29,1530,water_level_rainfall,28,15,4,3,6,1,21,2.8,0.3185185185185185,2.676,False,False,3229,ok
river_20251129_1830_water_level_07c0200d.pdf,2025-11-29,1830,water_level,26,14,5,3,4,5,17,2.8,0.324,1.9272727272727275,False,False,3214,ok
river_20251129_2130_water_level_c92655f0.pdf,2025-11-29,2130,water_level,28,15,4,3,6,3,22,2.8,0.362962962962963,2.5300000000000002,False,False,3275,ok
river_20251130_0030_water_level_fa15b9fa.pdf,2025-11-30,0030,water_level,29,16,3,5,5,2,24,2.8,0.362962962962963,2.44,False,False,3284,ok
river_20251130_0300_water_level_d322f246.pdf,2025-11-30,0300,water_level,28,16,4,4,4,2,19,2.8,0.3538461538461538,2.27,False,False,3236,ok
river_20251130_0630_water_level_55e1264a.pdf,2025-11-30,0630,water_level,29,17,4,4,4,3,21,2.8,0.362962962962963,2.06,False,False,3244,ok
river_20251130_0930_water_level_ed1b9704.pdf,2025-11-30,0930,water_level,27,19,1,5,2,3,19,2.8,0.4159999999999999,1.825,False,False,5689,ok
river_20251130_1000_flood_warning_bb255af8.pdf,2025-11-30,1000,flood_warning,0,0,0,0,0,0,0,,,,False,True,3509,ok
river_20251130_1200_water_level_70bd668b.pdf,2025-11-30,1200,water_level,30,20,1,7,2,2,22,0.0,0.0,1.8625,False,False,3274,ok
river_20251130_1530_water_level_e9d5d0b3.pdf,2025-11-30,1530,water_level,31,21,1,7,2,2,23,0.0,0.0,1.875,False,False,3257,ok
river_20251130_1800_water_level_04d4d2e5.pdf,2025-11-30,1800,water_level,30,21,2,4,3,4,22,0.0,0.0,2.1719999999999997,False,False,3247,ok
river_20251130_1800_water_level_ff928367.pdf,2025-11-30,1800,water_level,0,0,0,0,0,0,0,,,,False,True,2714,warning_document_no_station_table
river_20251130_2100_water_level_eacf3916.pdf,2025-11-30,2100,water_level,30,20,4,3,3,1,23,0.0,0.0,2.15,False,False,3241,ok
river_20251201_0030_flood_warning_7e13efa1.pdf,2025-12-01,0030,flood_warning,0,0,0,0,0,0,0,,,,False,True,2703,ok
river_20251201_0030_water_level_89e2cacb.pdf,2025-12-01,0030,water_level,28,20,2,3,3,2,17,0.0,0.0,2.128,False,False,3222,ok
river_20251201_0300_water_level_8476436a.pdf,2025-12-01,0300,water_level,26,20,1,4,1,1,18,0.0,0.0,2.075,False,False,3145,ok
river_20251201_0630_water_level_d0033d1a.pdf,2025-12-01,0630,water_level,29,22,2,4,1,2,26,2.8,0.16296296296296295,2.1,False,False,3200,ok
river_20251201_0930_water_level_9a56bf8d.pdf,2025-12-01,0930,water_level,31,22,3,4,2,1,20,2.8,0.14666666666666664,2.1125,False,False,5710,ok
river_20251201_1230_water_level_64cacab4.pdf,2025-12-01,1230,water_level,32,23,3,4,2,0,22,0.0,0.0,2.125,False,False,3261,ok
river_20251201_1230_water_level_b749a187.pdf,2025-12-01,1230,water_level,32,23,3,4,2,0,22,0.0,0.0,2.125,False,False,3261,ok
river_20251201_1530_water_level_1479e115.pdf,2025-12-01,1530,water_level,34,25,3,4,2,2,27,78.7,2.7125,2.1,False,False,3294,ok
river_20251201_1830_water_level_838a033f.pdf,2025-12-01,1830,water_level,33,25,2,4,2,3,25,78.7,2.796875,2.05,False,False,3271,ok
river_20251201_2100_flood_warning_71da886b.pdf,2025-12-01,2100,flood_warning,32,24,3,3,2,1,23,78.7,2.8870967741935485,2.025,False,True,3239,ok
river_20251202_0030_water_level_5a785149.pdf,2025-12-02,0030,water_level,31,25,1,3,2,0,22,78.7,2.9366666666666665,2.025,False,False,3238,ok
river_20251202_0330_water_level_71a05cd7.pdf,2025-12-02,0330,water_level,27,21,2,2,2,1,15,78.7,3.432,1.975,False,False,3166,ok
river_20251202_0600_water_level_f61cd544.pdf,2025-12-02,0600,water_level,29,23,4,0,2,3,18,78.7,3.432,1.875,False,False,3180,ok
river_20251202_0930_water_level_de10272a.pdf,2025-12-02,0930,water_level,33,28,3,0,2,1,23,78.7,2.753125,1.825,False,False,5732,ok
river_20251202_1230_water_level_611b264b.pdf,2025-12-02,1230,water_level,33,28,3,0,2,0,28,0.0,0.0,1.775,False,False,3245,ok
river_20251202_1530_water_level_2c79a84d.pdf,2025-12-02,1530,water_level,34,29,3,1,1,1,25,0.0,0.0,1.6875,False,False,3233,ok
river_20251202_1800_water_level_2c396a05.pdf,2025-12-02,1800,water_level,33,29,2,1,1,1,24,2.2,0.06875,1.6059999999999999,False,False,3209,ok
river_20251202_2130_water_level_0e87b51f.pdf,2025-12-02,2130,water_level,32,28,2,1,1,0,20,2.2,0.07096774193548387,1.58,False,False,3199,ok
river_20251203_0030_water_level_8d570b13.pdf,2025-12-03,0030,water_level,33,29,2,2,0,2,16,2.2,0.07096774193548387,1.558,False,False,3216,ok
river_20251203_0330_water_level_516599c3.pdf,2025-12-03,0330,water_level,33,29,2,2,0,2,18,2.2,0.07096774193548387,1.532,False,False,3208,ok
river_20251203_0630_water_level_5132acd3.pdf,2025-12-03,0630,water_level,33,29,2,2,0,4,18,2.2,0.07096774193548387,1.508,False,False,3208,ok
river_20251203_0930_water_level_aa3b6869.pdf,2025-12-03,0930,water_level,34,32,1,1,0,2,21,2.2,0.10303030303030304,1.48,False,False,5665,ok
river_20251203_1230_water_level_4e80a03a.pdf,2025-12-03,1230,water_level,34,32,1,1,0,0,20,0.0,0.0,1.452,False,False,3206,ok
river_20251203_1530_water_level_0b106af0.pdf,2025-12-03,1530,water_level,34,32,1,1,0,3,21,0.0,0.0,1.4220000000000002,False,False,3206,ok
river_20251203_1830_water_level_fbbb041f.pdf,2025-12-03,1830,water_level,35,34,0,1,0,4,16,6.2,0.1878787878787879,1.3820000000000001,False,False,3206,ok
river_20251203_2100_water_level_3b3e3609.pdf,2025-12-03,2100,water_level,32,31,0,1,0,5,17,6.2,0.2,1.3599999999999999,False,False,3170,ok
river_20251204_0000_water_level_85d8fad9.pdf,2025-12-04,0000,water_level,32,31,1,0,0,4,15,6.2,0.2,1.3359999999999999,False,False,3180,ok
river_20251204_0300_water_level_71f5e7e6.pdf,2025-12-04,0300,water_level,32,31,1,0,0,3,15,6.2,0.2,1.306,False,False,3164,ok
river_20251204_0630_water_level_1f75d4d1.pdf,2025-12-04,0630,water_level,33,32,1,0,0,5,15,6.2,0.2,1.278,False,False,3175,ok
river_20251204_0930_water_level_a7cf3d1b.pdf,2025-12-04,0930,water_level,35,35,0,0,0,3,14,6.2,0.1878787878787879,0.7126666666666667,False,False,5677,ok
river_20251204_1230_water_level_16cbeacd.pdf,2025-12-04,1230,water_level,36,35,1,0,0,3,21,0.0,0.0,1.222,False,False,3229,ok
river_20251204_1530_water_level_cb7c0883.pdf,2025-12-04,1530,water_level,36,35,1,0,0,5,17,6.5,0.3514285714285714,1.19,False,False,3221,ok
river_20251204_1830_water_level_52feb1a2.pdf,2025-12-04,1830,water_level,35,34,1,0,0,10,13,116.3,12.25,1.166,False,False,3218,ok
river_20251204_2100_water_level_04046256.pdf,2025-12-04,2100,water_level,33,31,2,0,0,11,9,120.8,14.403125,1.15,False,False,3193,ok
river_20251205_0030_water_level_462af9f5.pdf,2025-12-05,0030,water_level,33,31,2,0,0,11,6,120.8,14.403125,1.128,False,False,3210,ok
river_20251205_0330_water_level_d5ee7aa9.pdf,2025-12-05,0330,water_level,33,32,1,0,0,9,10,120.8,14.403125,1.1099999999999999,False,False,3187,ok
river_20251205_0630_water_level_0b35f2f3.pdf,2025-12-05,0630,water_level,33,32,1,0,0,8,15,120.8,14.403125,1.1320000000000001,False,False,4637,ok
river_20251205_0930_water_level_407890c6.pdf,2025-12-05,0930,water_level,36,35,1,0,0,4,17,120.8,13.228571428571428,1.222,False,False,5714,ok
river_20251205_1230_water_level_b2a7de0b.pdf,2025-12-05,1230,water_level,36,35,1,0,0,4,20,1.6,0.15142857142857144,1.264,False,False,3228,ok
river_20251205_2130_water_level_ed1c21c8.pdf,2025-12-05,2130,water_level,33,32,1,0,0,16,10,53.0,10.015625,1.326,False,False,4623,ok
river_20251206_0030_water_level_d6e1e9ea.pdf,2025-12-06,0030,water_level,33,31,2,0,0,9,13,53.0,10.175,1.34,False,False,4648,ok
river_20251206_0330_water_level_373b94da.pdf,2025-12-06,0330,water_level,32,30,2,0,0,10,16,53.0,10.503225806451614,1.356,False,False,4617,ok
river_20251206_0630_water_level_e0e22e27.pdf,2025-12-06,0630,water_level,33,31,1,1,0,8,14,53.0,10.284375,1.3699999999999999,False,False,4638,ok
river_20251206_0930_water_level_4468fba6.pdf,2025-12-06,0930,water_level,36,35,0,1,0,7,18,55.5,11.902857142857142,1.3900000000000001,False,False,7164,ok
river_20251206_1230_water_level_1565bf20.pdf,2025-12-06,1230,water_level,36,35,0,1,0,2,23,0.7,0.02,1.3900000000000001,False,False,4703,ok
river_20251206_1530_water_level_36eb77ba.pdf,2025-12-06,1530,water_level,36,35,0,1,0,4,22,14.9,1.0257142857142856,1.364,False,False,4679,ok
river_20251206_1830_water_level_4c8fe6ae.pdf,2025-12-06,1830,water_level,36,35,1,0,0,6,22,31.4,3.557142857142857,1.338,False,False,4674,ok
river_20251207_0030_water_level_d878cdf1.pdf,2025-12-07,0030,water_level,33,32,1,0,0,6,12,31.4,4.059375,1.288,False,False,4668,ok
river_20251207_0330_water_level_07f6c235.pdf,2025-12-07,0330,water_level,32,31,1,0,0,6,14,31.4,4.190322580645161,1.268,False,False,4627,ok
river_20251207_0630_water_level_f4d8994a.pdf,2025-12-07,0630,water_level,33,32,1,0,0,1,12,31.4,4.235483870967743,1.25,False,False,4638,ok
river_20251207_0930_water_level_4724b67b.pdf,2025-12-07,0930,water_level,36,35,1,0,0,3,23,31.4,3.7771428571428576,1.216,False,False,7154,ok
river_20251207_1530_water_level_86b0aa81.pdf,2025-12-07,1530,water_level,36,35,1,0,0,6,13,3.0,0.22941176470588234,1.1460000000000001,False,False,4643,ok
river_20251207_1830_water_level_942142dc.pdf,2025-12-07,1830,water_level,36,35,1,0,0,10,16,36.2,3.2852941176470587,1.108,False,False,4675,ok
river_20251208_0030_water_level_a0877151.pdf,2025-12-08,0030,water_level,32,31,1,0,0,14,6,62.1,8.280645161290325,1.028,False,False,4649,ok
river_20251208_0330_water_level_2474eaa9.pdf,2025-12-08,0330,water_level,33,33,0,0,0,11,12,62.1,8.280645161290321,0.992,False,False,4638,ok
river_20251208_0630_water_level_602389e8.pdf,2025-12-08,0630,water_level,33,33,0,0,0,9,13,62.1,8.280645161290321,0.968,False,False,4636,ok
river_20251208_0930_water_level_6e6db231.pdf,2025-12-08,0930,water_level,36,36,0,0,0,6,19,62.1,7.6,0.9119999999999999,False,False,7184,ok
river_20251208_1530_water_level_3308c8f0.pdf,2025-12-08,1530,water_level,37,37,0,0,0,4,21,14.3,0.49444444444444446,0.8460000000000001,False,False,4653,ok
river_20251208_1830_water_level_9920990d.pdf,2025-12-08,1830,water_level,37,37,0,0,0,4,19,24.4,1.6416666666666666,0.8240000000000001,False,False,4606,ok
river_20251209_0030_water_level_c4a5b169.pdf,2025-12-09,0030,water_level,33,33,0,0,0,8,9,24.4,1.9281249999999999,0.772,False,False,4563,ok
river_20251209_0330_water_level_8df8191e.pdf,2025-12-09,0330,water_level,32,32,0,0,0,5,12,24.4,1.9903225806451612,0.744,False,False,3079,ok
river_20251209_0630_water_level_2f3d25f2.pdf,2025-12-09,0630,water_level,33,33,0,0,0,8,10,36.2,3.3375,0.71,False,False,4547,ok
river_20251209_0930_water_level_4beeca81.pdf,2025-12-09,0930,water_level,37,37,0,0,0,11,12,49.1,4.427777777777778,0.6839999999999999,False,False,5718,ok
river_20251209_1530_water_level_ad924074.pdf,2025-12-09,1530,water_level,37,37,0,0,0,10,17,77.0,4.861111111111112,0.6613333333333333,False,False,4681,ok
river_20251209_2130_water_level_90b7f324.pdf,2025-12-09,2130,water_level,32,31,1,0,0,9,11,86.2,9.341935483870968,1.1199999999999999,False,False,3123,ok
river_20251210_0030_water_level_accb08b8.pdf,2025-12-10,0030,water_level,32,32,0,0,0,10,9,86.2,9.719354838709679,0.8320000000000001,False,False,3131,ok
river_20251210_0630_water_level_f0f6b237.pdf,2025-12-10,0630,water_level,32,32,0,0,0,8,17,86.7,11.003333333333332,0.892,False,False,3111,ok
river_20251210_0930_water_level_c6a1664c.pdf,2025-12-10,0930,water_level,38,38,0,0,0,7,22,86.7,11.891666666666667,0.8833333333333333,False,False,5707,ok
river_20251210_1500_water_level_dc5942e6.pdf,2025-12-10,1500,water_level,38,38,0,0,0,9,17,3.5,0.2513513513513514,0.8966666666666666,False,False,3211,ok
river_20251211_0630_water_level_92738e95.pdf,2025-12-11,0630,water_level,33,33,0,0,0,8,16,29.4,2.6468749999999996,0.7799999999999999,False,False,3137,ok
river_20251211_0930_water_level_ad11749a.pdf,2025-12-11,0930,water_level,38,38,0,0,0,5,17,29.4,2.789189189189189,0.82,False,False,5686,ok
river_20251211_1230_water_level_dab83f34.pdf,2025-12-11,1230,water_level,38,38,0,0,0,2,18,4.3,0.37027027027027026,0.836,False,False,3210,ok
river_20251211_1500_water_level_cca21d25.pdf,2025-12-11,1500,water_level,38,38,0,0,0,14,13,31.6,4.116216216216216,0.8460000000000001,False,False,3205,ok
river_20251212_0630_water_level_5cf917a2.pdf,2025-12-12,0630,water_level,34,34,0,0,0,12,17,62.5,14.181818181818182,0.8619999999999999,False,False,3173,ok
river_20251212_0930_water_level_8d4a8b4f.pdf,2025-12-12,0930,water_level,39,38,1,0,0,9,20,62.5,14.802631578947365,1.16,False,False,5737,ok
river_20251212_1530_water_level_98c7b781.pdf,2025-12-12,1530,water_level,38,36,2,0,0,9,19,24.6,1.364864864864865,1.0766666666666667,False,False,4702,ok
river_20251213_0930_water_level_1d6fe3de.pdf,2025-12-13,0930,water_level,39,39,0,0,0,3,22,39.2,3.4421052631578952,0.9983333333333334,False,False,5696,ok
river_20251213_1530_water_level_c6244932.pdf,2025-12-13,1530,water_level,39,39,0,0,0,3,22,10.4,0.46578947368421053,0.9516666666666667,False,False,3213,ok
river_20251214_0930_water_level_0b3e1528.pdf,2025-12-14,0930,water_level,39,39,0,0,0,7,20,31.7,4.75,0.8720000000000001,False,False,5700,ok
river_20251214_1530_water_level_0bb53aee.pdf,2025-12-14,1530,water_level,39,39,0,0,0,2,20,6.7,0.4315789473684211,0.85,False,False,3212,ok
river_20251215_0930_water_level_68abf6d8.pdf,2025-12-15,0930,water_level,39,39,0,0,0,5,20,10.1,1.15,0.8460000000000001,False,False,5708,ok
river_20251215_1500_water_level_0527c64f.pdf,2025-12-15,1500,water_level,39,39,0,0,0,3,20,2.2,0.07894736842105263,0.8480000000000001,False,False,3220,ok
river_20251216_0930_water_level_77b53c50.pdf,2025-12-16,0930,water_level,39,39,0,0,0,5,16,49.2,3.1684210526315786,0.776,False,False,5709,ok
river_20251217_0930_water_level_08748c60.pdf,2025-12-17,0930,water_level,39,39,0,0,0,8,19,6.9,1.618421052631579,0.9833333333333334,False,False,5698,ok
river_20251217_1530_water_level_e1b8be28.pdf,2025-12-17,1530,water_level,39,39,0,0,0,13,8,11.5,2.444736842105263,0.9583333333333334,False,False,3216,ok
river_20251218_0930_water_level_c87e932a.pdf,2025-12-18,0930,water_level,39,38,1,0,0,12,14,134.6,12.689473684210526,1.21,False,False,7192,ok
river_20251218_1530_water_level_98e36650.pdf,2025-12-18,1530,water_level,39,37,1,1,0,15,11,41.1,6.428947368421053,1.4533333333333334,False,False,4716,ok
river_20251218_1800_flood_warning_877890ad.pdf,2025-12-18,1800,flood_warning,0,0,0,0,0,0,0,,,,False,True,5646,ok
river_20251218_1830_water_level_4321b387.pdf,2025-12-18,1830,water_level,39,37,1,1,0,14,15,52.4,8.386842105263158,1.5533333333333335,False,False,4712,ok
river_20251218_2130_water_level_7533fab1.pdf,2025-12-18,2130,water_level,36,35,0,1,0,12,15,56.0,9.742857142857142,1.61,False,False,4659,ok
river_20251219_0030_water_level_f0deecd6.pdf,2025-12-19,0030,water_level,36,35,0,1,0,9,12,56.0,10.108571428571427,1.6566666666666665,False,False,4675,ok
river_20251219_0300_water_level_059b4c9a.pdf,2025-12-19,0300,water_level,36,35,0,1,0,7,14,56.0,10.305714285714288,1.6633333333333333,False,False,4643,ok
river_20251219_0930_water_level_64bf21e9.pdf,2025-12-19,0930,water_level,39,36,2,1,0,6,23,56.0,12.30526315789474,1.6033333333333333,False,False,7224,ok
river_20251219_1230_water_level_495decac.pdf,2025-12-19,1230,water_level,39,36,2,1,0,7,18,11.9,0.5815789473684211,1.5666666666666667,False,False,4716,ok
river_20251219_1530_water_level_948e9e55.pdf,2025-12-19,1530,water_level,39,36,2,1,0,8,12,40.7,1.5447368421052632,1.5233333333333334,False,False,4715,ok
river_20251219_1730_flood_warning_d580f8e1.pdf,2025-12-19,1730,flood_warning,0,0,0,0,0,0,0,,,,False,True,4077,ok
river_20251219_1830_water_level_235ef173.pdf,2025-12-19,1830,water_level,39,36,3,0,0,9,15,41.1,1.7105263157894737,1.4266666666666667,False,False,4725,ok
river_20251220_0930_water_level_9c776584.pdf,2025-12-20,0930,water_level,39,36,3,0,0,6,18,43.1,2.094736842105263,1.3566666666666667,False,False,7172,ok
river_20251220_1530_water_level_adc0ec7f.pdf,2025-12-20,1530,water_level,39,36,3,0,0,9,14,9.6,0.3447368421052632,1.14,False,False,4699,ok
river_20251221_0930_water_level_c53b23a7.pdf,2025-12-21,0930,water_level,39,38,1,0,0,4,15,49.5,4.726315789473685,1.034,False,False,7106,ok
river_20251221_1500_water_level_f4e442fb.pdf,2025-12-21,1500,water_level,39,38,1,0,0,6,16,12.4,0.46315789473684216,1.01,False,False,4651,ok
river_20251222_0930_water_level_ae3e5f32.pdf,2025-12-22,0930,water_level,39,39,0,0,0,4,21,13.2,0.6421052631578947,0.96,False,False,7163,ok
river_20251222_1600_flood_warning_077a6cd3.pdf,2025-12-22,1600,flood_warning,0,0,0,0,0,0,0,,,,True,False,6341,ok
river_20251223_0930_water_level_712352bf.pdf,2025-12-23,0930,water_level,39,39,0,0,0,7,15,8.6,0.7131578947368421,0.8333333333333334,False,False,7154,ok
river_20251224_0930_water_level_6d28401a.pdf,2025-12-24,0930,water_level,39,39,0,0,0,11,12,28.1,2.7736842105263158,0.662,False,False,7162,ok
river_20251225_0930_water_level_c7524618.pdf,2025-12-25,0930,water_level,39,39,0,0,0,10,15,38.8,4.2631578947368425,0.665,False,False,7111,ok
river_20251226_0930_water_level_528dbadd.pdf,2025-12-26,0930,water_level,39,39,0,0,0,2,14,5.0,0.2657894736842105,0.61,False,False,7175,ok
river_20251229_0930_water_level_283af66d.pdf,2025-12-29,0930,water_level,39,39,0,0,0,8,11,13.7,0.7710526315789473,0.584,False,False,7175,ok
river_20260101_0930_water_level_24665471.pdf,2026-01-01,0930,water_level,39,39,0,0,0,13,17,98.9,13.755263157894738,0.6073333333333333,False,False,7271,ok
river_20260103_0930_water_level_6369ba82.pdf,2026-01-03,0930,water_level,39,39,0,0,0,4,16,30.9,1.1131578947368421,0.59,False,False,7167,ok
river_20260104_0930_water_level_4036a80a.pdf,2026-01-04,0930,water_level,39,39,0,0,0,8,13,1.4,0.06842105263157894,0.628,False,False,7133,ok
river_20260105_0930_water_level_7b43d1d2.pdf,2026-01-05,0930,water_level,39,39,0,0,0,5,15,23.2,1.7815789473684207,0.5766666666666667,False,False,7155,ok
river_20260106_0930_water_level_20aa1328.pdf,2026-01-06,0930,water_level,39,38,1,0,0,14,12,125.6,16.286842105263155,1.0333333333333334,False,False,6836,ok
river_20260108_1800_water_level_bb6733a9.pdf,2026-01-08,1800,water_level,39,39,0,0,0,6,18,8.6,0.5631578947368422,0.7666666666666666,False,False,3212,ok
river_20260108_2130_water_level_e7345bfc.pdf,2026-01-08,2130,water_level,36,36,0,0,0,4,16,10.0,0.5000000000000001,0.7233333333333333,False,False,3167,ok
river_20260109_0030_water_level_5db071f0.pdf,2026-01-09,0030,water_level,35,35,0,0,0,5,15,10.0,0.5147058823529412,0.6933333333333334,False,False,4323,ok
river_20260109_0530_water_level_e25963d1.pdf,2026-01-09,0530,water_level,36,36,0,0,0,4,16,10.2,0.5685714285714286,0.6933333333333334,False,False,3167,ok
river_20260109_2130_water_level_53c18a19.pdf,2026-01-09,2130,water_level,37,37,0,0,0,5,14,14.2,1.2833333333333334,0.5653333333333334,False,False,3195,ok
river_20260110_0930_water_level_rainfall_c61d517b.pdf,2026-01-10,0930,water_level_rainfall,39,39,0,0,0,6,15,15.4,2.515789473684211,0.6833333333333332,False,False,5717,ok
river_20260110_1230_water_level_7ac13e57.pdf,2026-01-10,1230,water_level,39,39,0,0,0,2,20,1.4,0.03684210526315789,0.6833333333333332,False,False,3229,ok
river_20260110_1500_water_level_86953d34.pdf,2026-01-10,1500,water_level,39,39,0,0,0,7,9,2.3,0.07368421052631578,0.6833333333333332,False,False,3216,ok
river_20260110_1830_water_level_a2352b7e.pdf,2026-01-10,1830,water_level,39,39,0,0,0,7,13,2.8,0.19736842105263158,0.6833333333333332,False,False,3212,ok
river_20260111_0930_water_level_2d3163fb.pdf,2026-01-11,0930,water_level,39,39,0,0,0,4,14,12.1,1.168421052631579,0.65,False,False,5701,ok
river_20260111_1830_water_level_a5817770.pdf,2026-01-11,1830,water_level,39,39,0,0,0,12,7,15.6,2.886842105263158,0.6033333333333334,False,False,3218,ok
river_20260111_2000_flood_advisory_f71c0cc1.pdf,2026-01-11,2000,flood_advisory,0,0,0,0,0,0,0,,,,True,False,4870,ok
river_20260115_0930_water_level_rainfall_92081eb1.pdf,2026-01-15,0930,water_level_rainfall,39,39,0,0,0,1,19,86.6,4.721052631578948,0.58,False,False,5673,ok
river_20260116_0930_water_level_rainfall_9a6d8a4a.pdf,2026-01-16,0930,water_level_rainfall,39,39,0,0,0,6,13,32.3,1.105263157894737,0.574,False,False,7247,ok
river_20260116_1200_water_level_3b4b896f.pdf,2026-01-16,1200,water_level,39,39,0,0,0,8,13,0.0,0.0,0.5753333333333334,False,False,3224,ok
river_20260116_1800_water_level_6188ddce.pdf,2026-01-16,1800,water_level,39,39,0,0,0,4,12,0.0,0.0,0.5713333333333334,False,False,3228,ok
river_20260117_0030_water_level_c1c5027a.pdf,2026-01-17,0030,water_level,35,35,0,0,0,4,7,0.0,0.0,0.5653333333333334,False,False,4728,ok
river_20260117_0630_water_level_8a872d24.pdf,2026-01-17,0630,water_level,36,36,0,0,0,2,11,0.0,0.0,0.5753333333333334,False,False,3199,ok
river_20260117_0930_water_level_rainfall_85ec9eda.pdf,2026-01-17,0930,water_level_rainfall,39,39,0,0,0,7,9,0.0,0.0,0.5666666666666667,False,False,5660,ok
river_20260117_1220_water_level_rainfall_03e5abeb.pdf,2026-01-17,1220,water_level_rainfall,39,39,0,0,0,6,9,0.0,0.0,0.5673333333333334,False,False,3223,ok
river_20260117_1830_water_level_b13c4ef2.pdf,2026-01-17,1830,water_level,39,39,0,0,0,2,17,0.0,0.0,0.5619999999999999,False,False,4422,ok
river_20260118_0030_water_level_8dab419f.pdf,2026-01-18,0030,water_level,36,36,0,0,0,7,5,0.0,0.0,0.5673333333333334,False,False,4705,ok
river_20260118_0930_water_level_e8fd02bf.pdf,2026-01-18,0930,water_level,39,39,0,0,0,9,11,0.0,0.0,0.574,False,False,5660,ok
river_20260118_1230_water_level_rainfall_d1f6e2a2.pdf,2026-01-18,1230,water_level_rainfall,39,39,0,0,0,9,14,0.0,0.0,0.673076923076923,False,False,3221,ok
river_20260118_1830_water_level_0251e1af.pdf,2026-01-18,1830,water_level,39,39,0,0,0,4,13,0.0,0.0,0.5693333333333332,False,False,3222,ok
river_20260119_0630_water_level_f94a34f3.pdf,2026-01-19,0630,water_level,36,36,0,0,0,3,9,0.0,0.0,0.5773333333333334,False,False,3188,ok
river_20260119_0930_water_level_9b045b30.pdf,2026-01-19,0930,water_level,39,39,0,0,0,5,13,0.0,0.0,0.5700000000000001,False,False,5684,ok
river_20260120_0000_water_level_4fbd7934.pdf,2026-01-20,0000,water_level,36,36,0,0,0,8,7,0.0,0.0,0.56,False,False,3183,ok
river_20260120_0600_water_level_aec1a493.pdf,2026-01-20,0600,water_level,36,36,0,0,0,4,12,0.0,0.0,0.5706666666666667,False,False,3180,ok
river_20260120_0930_water_level_rainfall_45a54f58.pdf,2026-01-20,0930,water_level_rainfall,39,39,0,0,0,5,11,0.0,0.0,0.5646666666666668,False,False,5659,ok
river_20260122_0930_water_level_162ba4c5.pdf,2026-01-22,0930,water_level,39,39,0,0,0,4,10,0.0,0.0,0.56,False,False,5661,ok
river_20260125_0930_water_level_rainfall_fcd320e8.pdf,2026-01-25,0930,water_level_rainfall,39,39,0,0,0,10,12,31.3,1.594736842105263,0.5653333333333334,False,False,5657,ok
river_20260126_0930_water_level_rainfall_bc197e98.pdf,2026-01-26,0930,water_level_rainfall,39,39,0,0,0,6,11,38.1,2.173684210526316,0.5566666666666666,False,False,5706,ok
river_20260129_0930_water_level_rainfall_6993a05f.pdf,2026-01-29,0930,water_level_rainfall,39,39,0,0,0,8,8,0.0,0.0,0.5660000000000001,False,False,5672,ok
river_20260131_0930_water_level_rainfall_d22554eb.pdf,2026-01-31,0930,water_level_rainfall,39,39,0,0,0,13,6,85.5,7.939473684210526,0.5666666666666667,False,False,5680,ok
river_20260201_0930_water_level_rainfall_94128d86.pdf,2026-02-01,0930,water_level_rainfall,39,39,0,0,0,14,12,37.0,6.01578947368421,0.5706666666666667,False,False,5680,ok
river_20260202_0930_water_level_rainfall_ba4c2859.pdf,2026-02-02,0930,water_level_rainfall,39,39,0,0,0,8,13,42.0,6.521052631578947,0.5713333333333334,False,False,5655,ok
river_20260204_0930_water_level_3eb9c1e1.pdf,2026-02-04,0930,water_level,39,39,0,0,0,6,18,63.9,4.2894736842105265,0.5713333333333334,False,False,5688,ok
river_20260205_0930_water_level_rainfall_9f96bb63.pdf,2026-02-05,0930,water_level_rainfall,39,39,0,0,0,8,17,20.8,2.5026315789473683,0.5633333333333332,False,False,5705,ok
river_20260206_0930_water_level_69ac2a5a.pdf,2026-02-06,0930,water_level,39,39,0,0,0,11,13,38.3,8.076315789473686,0.5733333333333334,False,False,5711,ok
river_20260207_0930_water_level_5bbd084c.pdf,2026-02-07,0930,water_level,39,39,0,0,0,9,17,41.5,7.076315789473682,0.6666666666666666,False,False,5682,ok
river_20260209_0930_water_level_rainfall_e88f6c97.pdf,2026-02-09,0930,water_level_rainfall,39,39,0,0,0,4,14,0.0,0.0,0.5640000000000001,False,False,5690,ok
river_20260210_0930_water_level_rainfall_76b36cf0.pdf,2026-02-10,0930,water_level_rainfall,39,39,0,0,0,3,14,31.2,1.25,0.5633333333333332,False,False,5690,ok
river_20260213_0930_water_level_rainfall_21a7f217.pdf,2026-02-13,0930,water_level_rainfall,39,39,0,0,0,13,10,48.4,11.163157894736841,0.628,False,False,5747,ok
river_20260214_0930_water_level_rainfall_8eafb4bc.pdf,2026-02-14,0930,water_level_rainfall,39,39,0,0,0,5,16,40.8,1.7552631578947369,0.62,False,False,5729,ok
river_20260214_1200_water_level_rainfall_77589459.pdf,2026-02-14,1200,water_level_rainfall,39,39,0,0,0,9,10,55.1,2.6578947368421053,0.6333333333333333,False,False,3239,ok
river_20260215_0930_water_level_rainfall_0526608f.pdf,2026-02-15,0930,water_level_rainfall,39,39,0,0,0,5,16,91.5,10.676315789473684,0.85,False,False,5728,ok
river_20260215_1230_water_level_rainfall_3a2f78a0.pdf,2026-02-15,1230,water_level_rainfall,39,39,0,0,0,9,12,0.8,0.021052631578947368,0.8833333333333333,False,False,3229,ok
river_20260216_0600_water_level_45863c0e.pdf,2026-02-16,0600,water_level,35,35,0,0,0,4,13,1.5,0.14411764705882354,0.5693333333333332,False,False,3174,ok
river_20260216_0930_water_level_rainfall_3187e369.pdf,2026-02-16,0930,water_level_rainfall,39,39,0,0,0,5,15,1.5,0.15526315789473685,0.5586666666666668,False,False,5703,ok
river_20260216_1230_water_level_rainfall_2a7fa838.pdf,2026-02-16,1230,water_level_rainfall,39,39,0,0,0,10,9,0.0,0.0,0.554,False,False,3227,ok
river_20260217_0630_water_level_rainfall_0c40af82.pdf,2026-02-17,0630,water_level_rainfall,36,36,0,0,0,7,11,0.0,0.0,0.56,False,False,3182,ok
river_20260217_0930_water_level_rainfall_fb1d0bcb.pdf,2026-02-17,0930,water_level_rainfall,39,39,0,0,0,4,12,3.4,0.18421052631578946,0.5613333333333334,False,False,5696,ok
river_20260217_1230_water_level_rainfall_5a5c934e.pdf,2026-02-17,1230,water_level_rainfall,39,39,0,0,0,13,8,13.5,1.5184210526315791,0.5559999999999999,False,False,3229,ok
river_20260217_1830_water_level_ed6727b4.pdf,2026-02-17,1830,water_level,39,39,0,0,0,4,15,17.7,2.2921052631578944,0.5513333333333333,False,False,3218,ok
river_20260218_0600_water_level_65311353.pdf,2026-02-18,0600,water_level,36,36,0,0,0,11,10,22.6,2.8914285714285715,0.5733333333333334,False,False,3191,ok
river_20260218_0930_water_level_rainfall_468becd3.pdf,2026-02-18,0930,water_level_rainfall,39,39,0,0,0,9,12,52.8,4.976315789473684,0.5586666666666668,False,False,5716,ok
river_20260218_1320_water_level_rainfall_1ab9ac1b.pdf,2026-02-18,1320,water_level_rainfall,39,39,0,0,0,7,15,30.5,1.7894736842105263,0.61,False,False,3228,ok
river_20260219_0030_water_level_283cd4d2.pdf,2026-02-19,0030,water_level,36,36,0,0,0,9,4,41.0,2.5142857142857142,0.9666666666666667,False,False,3194,ok
river_20260219_0930_water_level_rainfall_590db857.pdf,2026-02-19,0930,water_level_rainfall,39,39,0,0,0,8,11,41.0,2.8657894736842104,0.7833333333333333,False,False,5720,ok
river_20260219_1230_water_level_rainfall_96f0a35c.pdf,2026-02-19,1230,water_level_rainfall,39,39,0,0,0,4,13,1.5,0.06578947368421052,0.7433333333333333,False,False,3159,ok
river_20260220_0600_water_level_fd41cccc.pdf,2026-02-20,0600,water_level,36,36,0,0,0,14,6,75.3,8.782857142857145,0.875,False,False,3140,ok
river_20260220_0930_water_level_rainfall_732c976f.pdf,2026-02-20,0930,water_level_rainfall,39,39,0,0,0,7,13,76.2,10.939473684210526,0.875,False,False,5723,ok
river_20260220_1830_water_level_099ba08f.pdf,2026-02-20,1830,water_level,38,37,1,0,0,9,13,73.3,9.013513513513512,1.0066666666666666,False,False,4315,ok
river_20260221_0030_water_level_6a9fe9ec.pdf,2026-02-21,0030,water_level,36,35,1,0,0,14,7,73.7,12.505714285714287,1.02,False,False,3139,ok
river_20260221_0600_water_level_c8cfcb6c.pdf,2026-02-21,0600,water_level,36,36,0,0,0,8,10,73.7,12.6,0.9666666666666667,False,False,3130,ok
river_20260221_0630_water_level_015ab26e.pdf,2026-02-21,0630,water_level,36,36,0,0,0,8,10,73.7,12.6,0.9666666666666667,False,False,4295,ok
river_20260221_0930_water_level_rainfall_43fbdc52.pdf,2026-02-21,0930,water_level_rainfall,39,39,0,0,0,7,18,73.7,12.360526315789473,0.9066666666666667,False,False,5716,ok
river_20260221_1800_water_level_a2073532.pdf,2026-02-21,1800,water_level,39,39,0,0,0,21,9,129.6,20.644736842105264,0.73,False,False,3161,ok
river_20260221_2130_water_level_659d4ba8.pdf,2026-02-21,2130,water_level,35,35,0,0,0,22,7,182.6,32.21470588235294,0.9066666666666667,False,False,3127,ok
river_20260222_0030_flood_warning_24833349.pdf,2026-02-22,0030,flood_warning,0,0,0,0,0,0,0,,,,False,True,4305,ok
river_20260222_0030_flood_warning_eeb1c027.pdf,2026-02-22,0030,flood_warning,0,0,0,0,0,0,0,,,,False,True,1465,ok
river_20260222_0130_water_level_41380ccb.pdf,2026-02-22,0130,water_level,35,32,3,0,0,18,10,200.0,38.8764705882353,1.1119999999999999,False,False,3156,ok
river_20260222_0130_water_level_6371c207.pdf,2026-02-22,0130,water_level,0,0,0,0,0,0,0,,,,False,True,1110,warning_document_no_station_table
river_20260222_0600_water_level_143e6bdd.pdf,2026-02-22,0600,water_level,36,35,0,1,0,13,16,213.2,42.919999999999995,1.4666666666666668,False,False,3161,ok
river_20260222_0930_water_level_rainfall_58b721d9.pdf,2026-02-22,0930,water_level_rainfall,39,38,0,1,0,8,25,215.5,44.10526315789474,1.4766666666666666,False,False,6848,ok
river_20260222_1230_water_level_rainfall_0cbe969f.pdf,2026-02-22,1230,water_level_rainfall,39,37,2,0,0,8,25,0.3,0.007894736842105263,1.4166666666666667,False,False,3247,ok
river_20260222_1530_water_level_rainfall_5c19be64.pdf,2026-02-22,1530,water_level_rainfall,39,37,2,0,0,5,27,6.9,0.23684210526315788,1.3266666666666667,False,False,3237,ok
river_20260222_1830_water_level_2bec7dea.pdf,2026-02-22,1830,water_level,39,37,2,0,0,5,27,7.7,0.7105263157894737,1.2166666666666666,False,False,3238,ok
river_20260223_0130_water_level_d9aaeb9e.pdf,2026-02-23,0130,water_level,36,36,0,0,0,6,20,29.7,2.031428571428571,0.992,False,False,3195,ok
river_20260223_0330_water_level_f47015a5.pdf,2026-02-23,0330,water_level,35,35,0,0,0,6,19,29.7,2.091176470588235,0.986,False,False,3162,ok
river_20260223_0930_water_level_rainfall_d78605dc.pdf,2026-02-23,0930,water_level_rainfall,39,39,0,0,0,4,23,29.7,1.6684210526315788,0.8466666666666667,False,False,5705,ok
river_20260223_1230_water_level_rainfall_aed2058c.pdf,2026-02-23,1230,water_level_rainfall,39,39,0,0,0,6,22,0.3,0.007894736842105263,0.8333333333333334,False,False,3227,ok
river_20260223_1530_water_level_rainfall_9639e33c.pdf,2026-02-23,1530,water_level_rainfall,39,39,0,0,0,3,24,0.3,0.007894736842105263,0.8133333333333334,False,False,3219,ok
river_20260224_0930_water_level_rainfall_4619c0a4.pdf,2026-02-24,0930,water_level_rainfall,39,39,0,0,0,6,22,2.7,0.07105263157894737,0.5806666666666668,False,False,5688,ok
river_20260224_1230_flood_warning_b7ee678e.pdf,2026-02-24,1230,flood_warning,0,0,0,0,0,0,0,,,,True,False,4831,ok
river_20260224_1230_water_level_rainfall_2e83afb6.pdf,2026-02-24,1230,water_level_rainfall,39,39,0,0,0,4,15,0.3,0.007894736842105263,0.61,False,False,3227,ok
river_20260225_0930_water_level_rainfall_72ad8704.pdf,2026-02-25,0930,water_level_rainfall,38,38,0,0,0,2,19,0.0,0.0,0.5773333333333334,False,False,5668,ok
river_20260301_1000_water_level_df1f16f7.pdf,2026-03-01,1000,water_level,39,39,0,0,0,8,13,11.5,0.5973684210526315,0.5733333333333334,False,False,5633,ok
river_20260303_0930_water_level_4b9179a4.pdf,2026-03-03,0930,water_level,39,39,0,0,0,5,15,0.0,0.0,0.5640000000000001,False,False,5655,ok
river_20260306_0930_water_level_rainfall_923b4f1f.pdf,2026-03-06,0930,water_level_rainfall,39,39,0,0,0,5,11,2.4,0.07631578947368421,0.5633333333333332,False,False,5705,ok
river_20260307_0930_water_level_rainfall_489f17bb.pdf,2026-03-07,0930,water_level_rainfall,39,39,0,0,0,7,10,0.5,0.013157894736842105,0.5753333333333334,False,False,5641,ok
river_20260308_0930_water_level_df00ac59.pdf,2026-03-08,0930,water_level,39,39,0,0,0,8,11,65.1,1.7868421052631576,0.5666666666666667,False,False,5621,ok
river_20260309_0930_water_level_rainfall_87bbbc9f.pdf,2026-03-09,0930,water_level_rainfall,39,39,0,0,0,6,17,24.3,1.142105263157895,0.5700000000000001,False,False,5684,ok
river_20260311_0930_water_level_rainfall_f782a32b.pdf,2026-03-11,0930,water_level_rainfall,39,39,0,0,0,5,10,2.0,0.09210526315789473,0.5666666666666667,False,False,5730,ok
river_20260313_0930_water_level_rainfall_8a7452ae.pdf,2026-03-13,0930,water_level_rainfall,39,39,0,0,0,6,17,80.0,8.557894736842103,0.5933333333333334,False,False,5742,ok
river_20260314_0930_water_level_rainfall_b8ad36ce.pdf,2026-03-14,0930,water_level_rainfall,39,39,0,0,0,9,16,60.2,9.06842105263158,0.5993333333333334,False,False,5682,ok
river_20260315_0930_water_level_rainfall_a40c07d0.pdf,2026-03-15,0930,water_level_rainfall,39,39,0,0,0,4,19,72.5,3.2394736842105263,0.5846666666666667,False,False,5657,ok
river_20260316_0930_water_level_rainfall_02b71078.pdf,2026-03-16,0930,water_level_rainfall,39,39,0,0,0,7,15,51.8,1.4157894736842105,0.574,False,False,5712,ok
river_20260318_0930_water_level_rainfall_732c2f7c.pdf,2026-03-18,0930,water_level_rainfall,39,39,0,0,0,5,11,29.5,2.4,0.574,False,False,5730,ok
river_20260319_0930_water_level_rainfall_931b24a4.pdf,2026-03-19,0930,water_level_rainfall,39,39,0,0,0,10,14,68.5,7.881578947368421,0.5760000000000001,False,False,5784,ok
river_20260324_0930_water_level_rainfall_93899c21.pdf,2026-03-24,0930,water_level_rainfall,39,39,0,0,0,6,17,2.8,0.07368421052631578,0.5733333333333334,False,False,5721,ok
river_20260325_0930_water_level_rainfall_bc27feb8.pdf,2026-03-25,0930,water_level_rainfall,39,39,0,0,0,6,9,19.2,1.4789473684210528,0.5700000000000001,False,False,5669,ok
river_20260326_0930_water_level_rainfall_e5c70fc0.pdf,2026-03-26,0930,water_level_rainfall,39,39,0,0,0,4,12,0.7,0.018421052631578946,0.5693333333333332,False,False,5689,ok
river_20260401_0930_water_level_rainfall_9c9c64bf.pdf,2026-04-01,0930,water_level_rainfall,39,39,0,0,0,7,12,53.8,2.1184210526315788,0.5686666666666667,False,False,5674,ok
river_20260405_0930_water_level_rainfall_12c789ad.pdf,2026-04-05,0930,water_level_rainfall,39,39,0,0,0,7,18,51.2,7.155263157894736,0.614,False,False,5616,ok
river_20260408_0930_water_level_rainfall_a0519557.pdf,2026-04-08,0930,water_level_rainfall,39,39,0,0,0,4,19,6.3,0.24473684210526317,0.5746666666666667,False,False,5686,ok
river_20260409_0930_water_level_rainfall_f312811f.pdf,2026-04-09,0930,water_level_rainfall,39,39,0,0,0,6,21,49.5,4.568421052631579,0.5846666666666667,False,False,5697,ok
river_20260415_0930_water_level_054ffd92.pdf,2026-04-15,0930,water_level,39,39,0,0,0,5,21,26.7,3.65,0.5806666666666668,False,False,5679,ok
river_20260416_0930_water_level_23fc69fb.pdf,2026-04-16,0930,water_level,39,39,0,0,0,4,22,44.3,5.692105263157894,0.6086666666666667,False,False,5681,ok
river_20260424_0930_water_level_rainfall_8fee0088.pdf,2026-04-24,0930,water_level_rainfall,39,39,0,0,0,5,27,72.5,22.455263157894734,0.72,False,False,5711,ok
river_20260426_0930_water_level_rainfall_88236209.pdf,2026-04-26,0930,water_level_rainfall,39,39,0,0,0,4,17,27.0,1.4921052631578948,0.594,False,False,5665,ok
river_20260430_0930_water_level_rainfall_7aadb03b.pdf,2026-04-30,0930,water_level_rainfall,39,39,0,0,0,12,16,53.1,8.463157894736844,0.59,False,False,5699,ok
river_20260507_0930_water_level_rainfall_2d10d210.pdf,2026-05-07,0930,water_level_rainfall,39,39,0,0,0,11,21,89.7,13.402631578947368,0.7186666666666667,False,False,5702,ok
river_20260509_0930_water_level_rainfall_28265b82.pdf,2026-05-09,0930,water_level_rainfall,39,39,0,0,0,10,26,123.3,23.2,0.966,False,False,5701,ok
river_20260509_1800_water_level_e9069840.pdf,2026-05-09,1800,water_level,38,38,0,0,0,7,22,51.8,5.475675675675675,0.8560000000000001,False,False,3200,ok
river_20260509_2130_water_level_b86d886b.pdf,2026-05-09,2130,water_level,36,36,0,0,0,7,23,52.5,4.562857142857141,0.8320000000000001,False,False,3178,ok
river_20260510_0030_water_level_709af181.pdf,2026-05-10,0030,water_level,35,35,0,0,0,5,21,52.5,6.0176470588235285,0.7852631578947369,False,False,3188,ok
river_20260510_0600_water_level_028143f9.pdf,2026-05-10,0600,water_level,35,35,0,0,0,6,26,52.5,6.8500000000000005,0.6821052631578948,False,False,3182,ok
river_20260510_0900_water_level_a497362a.pdf,2026-05-10,0900,water_level,39,39,0,0,0,4,30,53.7,10.281578947368422,0.65,False,False,5683,ok
river_20260510_1530_water_level_rainfall_6b2b9819.pdf,2026-05-10,1530,water_level_rainfall,39,39,0,0,0,6,20,32.5,3.3552631578947363,0.624,False,False,3217,ok
river_20260511_0030_water_level_23a8470c.pdf,2026-05-11,0030,water_level,36,35,1,0,0,16,13,56.8,16.65714285714286,1.225,False,False,3213,ok
river_20260511_0330_water_level_d23f1337.pdf,2026-05-11,0330,water_level,36,35,0,0,1,9,14,56.8,17.005714285714284,1.45,False,False,3204,ok
river_20260511_0600_water_level_251849b5.pdf,2026-05-11,0600,water_level,36,35,1,0,0,17,12,56.8,17.005714285714284,1.025,False,False,3209,ok
river_20260511_0930_water_level_rainfall_a3cce64c.pdf,2026-05-11,0930,water_level_rainfall,39,39,0,0,0,14,21,70.9,17.96578947368421,0.725,False,False,5702,ok
river_20260511_1200_water_level_a62f2ff5.pdf,2026-05-11,1200,water_level,39,39,0,0,0,15,17,35.4,2.673684210526316,0.708,False,False,3226,ok
river_20260511_1530_water_level_5516e5cd.pdf,2026-05-11,1530,water_level,39,39,0,0,0,12,17,63.3,9.671052631578945,0.756,False,False,3222,ok
river_20260511_1830_water_level_41bcbad1.pdf,2026-05-11,1830,water_level,39,39,0,0,0,19,13,67.7,17.23684210526316,0.736,False,False,3242,ok
river_20260511_2130_water_level_e540a7c3.pdf,2026-05-11,2130,water_level,36,36,0,0,0,15,10,69.0,20.459999999999997,0.728,False,False,3210,ok
river_20260512_0330_water_level_4de8510b.pdf,2026-05-12,0330,water_level,36,36,0,0,0,10,20,69.0,20.957142857142856,0.776,False,False,3214,ok
river_20260512_0630_water_level_640105fd.pdf,2026-05-12,0630,water_level,36,36,0,0,0,11,16,69.0,20.96285714285714,0.784,False,False,3225,ok
river_20260512_0930_water_level_rainfall_d345baba.pdf,2026-05-12,0930,water_level_rainfall,39,39,0,0,0,9,22,69.0,21.339473684210525,0.792,False,False,5725,ok
river_20260512_1230_water_level_rainfall_942bacb0.pdf,2026-05-12,1230,water_level_rainfall,39,39,0,0,0,10,20,65.1,4.128947368421053,0.784,False,False,3228,ok
river_20260512_1530_water_level_61777b7d.pdf,2026-05-12,1530,water_level,39,39,0,0,0,10,23,65.1,8.421052631578945,0.78,False,False,3226,ok
river_20260512_2130_water_level_fc181239.pdf,2026-05-12,2130,water_level,36,36,0,0,0,12,18,65.1,11.697142857142856,0.885,False,False,3190,ok
river_20260513_0000_water_level_rainfall_58a88493.pdf,2026-05-13,0000,water_level_rainfall,36,36,0,0,0,10,16,65.1,11.697142857142856,0.9,False,False,3206,ok
river_20260513_0330_water_level_f5cf3fe7.pdf,2026-05-13,0330,water_level,36,36,0,0,0,8,21,65.1,13.471428571428572,0.9279999999999999,False,False,3191,ok
river_20260513_0630_water_level_ac374f86.pdf,2026-05-13,0630,water_level,36,36,0,0,0,14,15,84.5,25.61142857142857,0.908,False,False,3209,ok
river_20260513_0930_water_level_rainfall_1b6e7e11.pdf,2026-05-13,0930,water_level_rainfall,39,39,0,0,0,22,12,134.9,39.87105263157895,0.971153846153846,False,False,5699,ok
river_20260513_1230_water_level_2d470483.pdf,2026-05-13,1230,water_level,39,36,3,0,0,24,8,56.2,4.421052631578948,1.1975,False,False,3242,ok
river_20260513_1530_water_level_edcc26a0.pdf,2026-05-13,1530,water_level,39,34,5,0,0,15,17,56.2,4.936842105263158,1.2775,False,False,3251,ok
river_20260513_1800_water_level_d9e06ee6.pdf,2026-05-13,1800,water_level,39,34,5,0,0,13,19,56.2,6.6157894736842096,1.29,False,False,3263,ok
river_20260513_2100_water_level_f0966f00.pdf,2026-05-13,2100,water_level,36,31,5,0,0,8,21,56.2,6.805714285714286,1.29,False,False,3226,ok
river_20260514_0030_water_level_e4ecef1d.pdf,2026-05-14,0030,water_level,34,30,4,0,0,4,21,32.4,5.515151515151516,1.2675,False,False,3200,ok
river_20260514_0330_water_level_22676a18.pdf,2026-05-14,0330,water_level,36,33,3,0,0,4,20,56.2,6.805714285714286,1.24,False,False,3215,ok
river_20260514_0630_water_level_cf8aec8f.pdf,2026-05-14,0630,water_level,35,33,2,0,0,6,24,56.2,7.005882352941177,1.248,False,False,3209,ok
river_20260514_0900_water_level_85ca4f1d.pdf,2026-05-14,0900,water_level,39,37,2,0,0,5,25,64.2,9.657894736842104,1.272,False,False,5716,ok
river_20260514_1230_water_level_rainfall_837742a1.pdf,2026-05-14,1230,water_level_rainfall,39,37,2,0,0,14,16,72.5,9.797368421052632,1.278,False,False,3254,ok
river_20260514_1530_water_level_7268eacf.pdf,2026-05-14,1530,water_level,39,37,2,0,0,16,16,141.4,26.98157894736842,1.286,False,False,3255,ok
river_20260514_1800_water_level_576e7d58.pdf,2026-05-14,1800,water_level,39,36,2,1,0,17,12,154.3,38.09210526315789,1.302,False,False,3268,ok
river_20260514_1830_water_level_bd2eee2f.pdf,2026-05-14,1830,water_level,39,36,2,1,0,17,12,154.3,38.09210526315789,1.302,False,False,3268,ok
river_20260514_2000_flood_warning_61a3b9c0.pdf,2026-05-14,2000,flood_warning,0,0,0,0,0,0,0,,,,False,True,4035,ok
river_20260515_0030_water_level_29753c78.pdf,2026-05-15,0030,water_level,35,32,1,2,0,15,9,179.2,49.779411764705884,1.3575757575757579,False,False,3233,ok
river_20260515_0330_water_level_5e190472.pdf,2026-05-15,0330,water_level,36,33,1,2,0,10,22,179.2,50.44,1.387878787878788,False,False,3236,ok
river_20260515_0630_water_level_rainfall_348a2068.pdf,2026-05-15,0630,water_level_rainfall,36,33,1,2,0,11,18,179.4,52.580000000000005,1.4242424242424243,False,False,3241,ok
river_20260515_0800_flood_warning_cdfc4f72.pdf,2026-05-15,0800,flood_warning,0,0,0,0,0,0,0,,,,False,True,3951,ok
river_20260515_0930_water_level_7ac6e486.pdf,2026-05-15,0930,water_level,39,36,1,2,0,10,18,180.0,51.01052631578948,1.4303030303030304,False,False,5721,ok
river_20260515_1200_water_level_58883abb.pdf,2026-05-15,1200,water_level,39,35,2,2,0,9,18,10.9,1.0342105263157897,1.4333333333333336,False,False,3257,ok
river_20260515_1500_water_level_3e4f6841.pdf,2026-05-15,1500,water_level,39,36,1,2,0,8,18,11.9,2.2394736842105263,1.4363636363636365,False,False,3241,ok
river_20260515_1830_water_level_40dad88a.pdf,2026-05-15,1830,water_level,39,36,1,2,0,9,15,22.8,3.8868421052631583,1.4303030303030304,False,False,3251,ok
river_20260515_1945_flood_warning_0d3186fe.pdf,2026-05-15,1945,flood_warning,0,0,0,0,0,0,0,,,,False,True,1984,ok
river_20260515_2130_water_level_6092d4dc.pdf,2026-05-15,2130,water_level,36,33,1,2,0,6,13,22.8,4.905714285714287,1.406060606060606,False,False,3212,ok
river_20260516_0030_water_level_5c5d1fb7.pdf,2026-05-16,0030,water_level,36,33,1,2,0,2,19,22.8,5.251428571428573,1.41,False,False,3235,ok
river_20260516_0330_water_level_da66e45a.pdf,2026-05-16,0330,water_level,35,32,1,2,0,5,26,22.8,5.8764705882352954,1.416,False,False,3207,ok
river_20260516_0630_water_level_3daad863.pdf,2026-05-16,0630,water_level,36,34,0,2,0,4,27,26.4,6.751428571428573,1.42,False,False,3226,ok
river_20260516_0930_water_level_rainfall_549a4e9c.pdf,2026-05-16,0930,water_level_rainfall,39,37,1,1,0,1,27,26.4,6.505263157894737,1.408,False,False,5711,ok
river_20260516_1230_water_level_rainfall_5b4b55fe.pdf,2026-05-16,1230,water_level_rainfall,39,37,1,1,0,6,20,26.2,3.044736842105263,1.402,False,False,3250,ok
river_20260516_1530_water_level_rainfall_f6cbd077.pdf,2026-05-16,1530,water_level_rainfall,39,37,1,1,0,7,21,39.6,6.297368421052631,1.3980000000000001,False,False,3249,ok
river_20260517_0900_flood_warning_c84d41cc.pdf,2026-05-17,0900,flood_warning,0,0,0,0,0,0,0,,,,False,True,1987,ok
river_20260517_0930_water_level_rainfall_6134c034.pdf,2026-05-17,0930,water_level_rainfall,39,38,0,1,0,5,20,46.9,12.913157894736841,1.3539999999999999,False,False,5651,ok
river_20260518_0930_water_level_rainfall_600eafaa.pdf,2026-05-18,0930,water_level_rainfall,39,38,1,0,0,3,25,13.5,2.7473684210526312,1.1800000000000002,False,False,5703,ok
river_20260519_0930_water_level_rainfall_63332b5b.pdf,2026-05-19,0930,water_level_rainfall,39,39,0,0,0,3,22,25.5,5.523684210526315,0.788,False,False,5706,ok
river_20260519_1000_flood_warning_4cf89a47.pdf,2026-05-19,1000,flood_warning,0,0,0,0,0,0,0,,,,True,False,4978,ok
river_20260520_0930_water_level_rainfall_d67af494.pdf,2026-05-20,0930,water_level_rainfall,39,39,0,0,0,7,15,34.4,4.147368421052631,0.7333333333333334,False,False,5689,ok
river_20260521_0930_water_level_rainfall_e6333f8c.pdf,2026-05-21,0930,water_level_rainfall,39,39,0,0,0,4,16,31.4,7.015789473684211,0.66,False,False,5689,ok
river_20260522_0530_flood_warning_5a249328.pdf,2026-05-22,0530,flood_warning,0,0,0,0,0,0,0,,,,False,True,4037,ok
river_20260522_0700_flood_warning_fd2a6a35.pdf,2026-05-22,0700,flood_warning,0,0,0,0,0,0,0,,,,False,True,4287,ok
river_20260522_1000_flood_warning_42aec80d.pdf,2026-05-22,1000,flood_warning,0,0,0,0,0,0,0,,,,False,True,5162,ok
river_20260522_1230_water_level_rainfall_4f0b1b41.pdf,2026-05-22,1230,water_level_rainfall,39,33,4,2,0,14,12,20.0,3.4552631578947373,1.5134615384615384,False,False,3278,ok
river_20260522_1530_water_level_rainfall_660d51ae.pdf,2026-05-22,1530,water_level_rainfall,39,32,4,3,0,13,14,27.1,4.786842105263158,1.5333333333333332,False,False,3291,ok
river_20260522_1800_water_level_840a6192.pdf,2026-05-22,1800,water_level,39,32,4,3,0,11,16,28.5,4.9263157894736835,1.5515151515151517,False,False,3281,ok
river_20260522_2100_water_level_b9954006.pdf,2026-05-22,2100,water_level,36,30,4,2,0,7,17,28.5,5.488571428571428,1.5606060606060608,False,False,3230,ok
river_20260523_0030_water_level_76967baa.pdf,2026-05-23,0030,water_level,34,28,5,1,0,2,17,39.0,8.445454545454545,1.5666666666666667,False,False,4681,ok
river_20260523_0330_water_level_3b5464a9.pdf,2026-05-23,0330,water_level,35,29,5,1,0,7,14,40.8,9.379411764705882,1.5666666666666667,False,False,4685,ok
river_20260523_0600_flood_warning_ccd1e505.pdf,2026-05-23,0600,flood_warning,0,0,0,0,0,0,0,,,,False,True,2543,ok
river_20260523_0630_water_level_39d4edbb.pdf,2026-05-23,0630,water_level,36,30,5,1,0,6,17,47.0,10.605714285714285,1.5696969696969696,False,False,3229,ok
river_20260523_1230_water_level_7fd58f1b.pdf,2026-05-23,1230,water_level,39,33,4,2,0,6,18,9.9,0.6,1.5393939393939395,False,False,4633,ok
river_20260523_1530_water_level_86696dd1.pdf,2026-05-23,1530,water_level,39,33,4,2,0,7,15,10.6,0.631578947368421,1.5212121212121212,False,False,4624,ok
river_20260523_1830_water_level_099009af.pdf,2026-05-23,1830,water_level,39,33,4,2,0,6,17,10.7,0.6526315789473685,1.484848484848485,False,False,4633,ok
river_20260523_2130_water_level_a3c589cc.pdf,2026-05-23,2130,water_level,36,31,3,2,0,7,18,10.7,0.8971428571428572,1.4393939393939394,False,False,4579,ok
river_20260524_0030_water_level_231e64f9.pdf,2026-05-24,0030,water_level,36,32,2,2,0,4,13,10.7,0.8971428571428572,1.3757575757575757,False,False,3225,ok
river_20260524_0330_water_level_20abca76.pdf,2026-05-24,0330,water_level,34,31,3,0,0,3,16,10.7,0.9696969696969697,1.303030303030303,False,False,3173,ok
river_20260524_0630_water_level_16c4049a.pdf,2026-05-24,0630,water_level,36,32,3,1,0,4,18,10.9,1.0571428571428572,1.322,False,False,4579,ok
river_20260524_0930_water_level_rainfall_484abbbc.pdf,2026-05-24,0930,water_level_rainfall,39,35,3,1,0,1,20,14.4,1.3868421052631579,1.302,False,False,5709,ok
river_20260524_1230_water_level_rainfall_d8f9bc77.pdf,2026-05-24,1230,water_level_rainfall,39,36,3,0,0,4,19,6.0,0.32105263157894737,1.288,False,False,3235,ok
river_20260524_1530_water_level_rainfall_495ee91e.pdf,2026-05-24,1530,water_level_rainfall,39,37,2,0,0,4,20,48.1,1.8131578947368419,1.268,False,False,3229,ok
river_20260524_1830_water_level_15b7bba1.pdf,2026-05-24,1830,water_level,39,37,2,0,0,9,11,82.1,3.9921052631578937,1.244,False,False,3228,ok
river_20260524_2130_water_level_5e729933.pdf,2026-05-24,2130,water_level,36,34,2,0,0,6,16,92.1,5.748571428571428,1.232,False,False,3188,ok
river_20260525_0030_water_level_0da21eaf.pdf,2026-05-25,0030,water_level,35,32,3,0,0,8,12,95.1,8.223529411764705,1.222,False,False,3205,ok
river_20260525_0300_water_level_ec7d9cd1.pdf,2026-05-25,0300,water_level,36,34,2,0,0,4,15,105.2,9.98,1.212,False,False,3197,ok
river_20260525_0930_water_level_eacf1212.pdf,2026-05-25,0930,water_level,39,37,2,0,0,9,13,105.2,10.805263157894736,1.1099999999999999,False,False,5701,ok
river_20260525_1200_water_level_7fc37873.pdf,2026-05-25,1200,water_level,39,38,1,0,0,6,16,10.4,0.9368421052631577,1.084,False,False,3236,ok
river_20260525_1530_water_level_e32a5ddf.pdf,2026-05-25,1530,water_level,39,38,1,0,0,8,17,16.2,1.7526315789473685,1.0539999999999998,False,False,3234,ok
river_20260525_1800_water_level_b7b5758d.pdf,2026-05-25,1800,water_level,39,38,1,0,0,8,15,20.8,2.7657894736842104,1.03,False,False,3227,ok
river_20260525_2130_water_level_40f3436d.pdf,2026-05-25,2130,water_level,36,35,1,0,0,9,13,48.3,6.0600000000000005,1.012,False,False,3189,ok
river_20260526_0030_water_level_b86b6d50.pdf,2026-05-26,0030,water_level,36,35,1,0,0,6,9,48.3,7.291428571428571,1.0,False,False,3198,ok
river_20260526_0330_water_level_rainfall_63aa3f79.pdf,2026-05-26,0330,water_level_rainfall,36,35,1,0,0,13,10,56.8,11.651428571428573,1.02,False,False,3193,ok
river_20260526_0630_water_level_94c4c7b0.pdf,2026-05-26,0630,water_level,36,35,1,0,0,15,10,65.5,15.722857142857139,1.04,False,False,3205,ok
river_20260526_0900_water_level_a514a383.pdf,2026-05-26,0900,water_level,39,38,1,0,0,8,13,68.0,15.597368421052632,1.044,False,False,5688,ok
river_20260526_1200_water_level_a93dbe76.pdf,2026-05-26,1200,water_level,39,38,1,0,0,12,9,18.2,2.136842105263158,1.052,False,False,3238,ok
river_20260527_0330_water_level_f8c8c8ef.pdf,2026-05-27,0330,water_level,36,35,1,0,0,3,14,41.2,8.51142857142857,1.05,False,False,3196,ok
river_20260527_0600_water_level_33bfd4e2.pdf,2026-05-27,0600,water_level,36,35,1,0,0,8,18,43.8,10.017142857142858,1.048,False,False,3207,ok
river_20260527_0930_water_level_572e1513.pdf,2026-05-27,0930,water_level,36,35,1,0,0,17,4,70.1,12.871428571428572,1.09,False,False,3211,ok
river_20260527_0930_water_level_ab195df3.pdf,2026-05-27,0930,water_level,39,38,1,0,0,9,15,48.9,10.381578947368421,1.048,False,False,5707,ok
river_20260527_1230_water_level_a1e45fa3.pdf,2026-05-27,1230,water_level,39,38,1,0,0,13,12,34.4,3.513157894736842,1.048,False,False,3228,ok
river_20260527_1500_water_level_4395d5a1.pdf,2026-05-27,1500,water_level,39,38,1,0,0,13,7,35.4,5.678947368421052,1.0539999999999998,False,False,3239,ok
river_20260527_1830_water_level_fcbce530.pdf,2026-05-27,1830,water_level,39,38,1,0,0,12,9,70.1,11.144736842105264,1.0699999999999998,False,False,3251,ok
river_20260528_0030_water_level_fc8c575b.pdf,2026-05-28,0030,water_level,36,34,2,0,0,12,8,71.9,12.922857142857145,1.1625,False,False,3233,ok
river_20260528_0330_water_level_f1422133.pdf,2026-05-28,0330,water_level,36,34,2,0,0,9,11,71.9,12.675000000000002,1.1925,False,False,3208,ok
river_20260528_0630_water_level_711ad9b7.pdf,2026-05-28,0630,water_level,36,34,2,0,0,7,12,73.8,13.133333333333333,1.1800000000000002,False,False,3228,ok
river_20260528_0630_water_level_d5e06481.pdf,2026-05-28,0630,water_level,39,37,2,0,0,15,10,33.0,5.768421052631578,1.26,False,False,3240,ok
river_20260528_0930_water_level_rainfall_f7276759.pdf,2026-05-28,0930,water_level_rainfall,39,37,2,0,0,11,12,73.8,13.789473684210526,1.214,False,False,5705,ok
river_20260528_1230_water_level_rainfall_b2362e26.pdf,2026-05-28,1230,water_level_rainfall,39,37,2,0,0,11,14,27.6,3.5763157894736843,1.234,False,False,3248,ok
river_20260528_1530_water_level_rainfall_f4f7b25a.pdf,2026-05-28,1530,water_level_rainfall,39,37,2,0,0,9,11,33.0,5.186842105263158,1.246,False,False,3244,ok
river_20260529_0030_water_level_dd30f981.pdf,2026-05-29,0030,water_level,36,32,4,0,0,16,8,33.0,7.334285714285714,1.288,False,False,3223,ok
river_20260529_0330_water_level_c4c47e12.pdf,2026-05-29,0330,water_level,36,33,2,1,0,9,16,35.9,8.954285714285712,1.308,False,False,3215,ok
river_20260529_0630_water_level_3a7ba8ab.pdf,2026-05-29,0630,water_level,36,33,2,1,0,12,13,40.6,10.402857142857142,1.324,False,False,3228,ok
river_20260529_0930_water_level_rainfall_c8f897d1.pdf,2026-05-29,0930,water_level_rainfall,39,37,1,1,0,9,16,43.9,10.74736842105263,1.332,False,False,5714,ok
river_20260529_1000_flood_warning_37da99e7.pdf,2026-05-29,1000,flood_warning,0,0,0,0,0,0,0,,,,False,True,2863,ok
river_20260529_1000_flood_warning_598bc451.pdf,2026-05-29,1000,flood_warning,0,0,0,0,0,0,0,,,,False,True,3167,ok
river_20260529_1230_water_level_rainfall_60e24993.pdf,2026-05-29,1230,water_level_rainfall,39,37,1,1,0,8,16,4.6,0.5,1.338,False,False,3247,ok
river_20260529_1500_water_level_a8d25e9a.pdf,2026-05-29,1500,water_level,39,37,1,1,0,7,15,4.6,0.5473684210526315,1.34,False,False,3235,ok
river_20260529_1800_water_level_rainfall_bf93638f.pdf,2026-05-29,1800,water_level_rainfall,39,37,1,1,0,6,19,4.6,0.7026315789473684,1.34,False,False,3231,ok
river_20260529_2100_water_level_rainfall_2105bccf.pdf,2026-05-29,2100,water_level_rainfall,36,35,0,1,0,1,18,4.6,0.7628571428571428,1.3359999999999999,False,False,3192,ok
river_20260530_0030_water_level_6fa26218.pdf,2026-05-30,0030,water_level,36,35,0,1,0,4,21,4.6,0.7628571428571428,1.324,False,False,3208,ok
river_20260530_0330_water_level_81279b37.pdf,2026-05-30,0330,water_level,33,32,0,1,0,3,15,4.6,0.6406249999999999,1.3279999999999998,False,False,3149,ok
river_20260530_0630_water_level_6dde7595.pdf,2026-05-30,0630,water_level,36,35,0,1,0,3,21,4.6,0.8,1.316,False,False,3203,ok
river_20260530_0930_water_level_rainfall_94e6c2f6.pdf,2026-05-30,0930,water_level_rainfall,39,38,1,0,0,5,17,4.7,0.7710526315789474,1.298,False,False,5669,ok
river_20260530_1230_water_level_rainfall_79b29702.pdf,2026-05-30,1230,water_level_rainfall,39,38,1,0,0,3,19,0.8,0.021052631578947368,1.282,False,False,3231,ok
river_20260530_1530_water_level_rainfall_cfdb35ad.pdf,2026-05-30,1530,water_level_rainfall,39,38,1,0,0,3,18,0.8,0.021052631578947368,1.262,False,False,3224,ok
river_20260530_1800_water_level_21cfb4f9.pdf,2026-05-30,1800,water_level,39,38,1,0,0,5,19,0.8,0.021052631578947368,1.24,False,False,3226,ok
river_20260530_2100_water_level_538a30f7.pdf,2026-05-30,2100,water_level,36,35,1,0,0,4,17,0.8,0.022857142857142857,1.216,False,False,3186,ok
river_20260531_0030_water_level_rainfall_535040e1.pdf,2026-05-31,0030,water_level_rainfall,34,33,1,0,0,5,16,4.5,0.20606060606060606,1.194,False,False,3176,ok
river_20260531_0300_water_level_rainfall_da66813b.pdf,2026-05-31,0300,water_level_rainfall,33,32,1,0,0,3,14,10.0,0.575,1.176,False,False,3152,ok
river_20260531_0600_water_level_eba1fa50.pdf,2026-05-31,0600,water_level,36,35,1,0,0,2,19,11.1,0.8714285714285713,1.108,False,False,3196,ok
river_20260531_0930_water_level_rainfall_09186aa7.pdf,2026-05-31,0930,water_level_rainfall,39,38,1,0,0,4,20,11.1,0.8026315789473684,1.052,False,False,5702,ok
river_20260531_1230_water_level_rainfall_7282f463.pdf,2026-05-31,1230,water_level_rainfall,39,38,1,0,0,3,16,3.3,0.1282051282051282,1.016,False,False,3233,ok
river_20260531_1530_water_level_rainfall_b770b460.pdf,2026-05-31,1530,water_level_rainfall,39,39,0,0,0,6,14,7.6,0.45789473684210524,0.93,False,False,3218,ok
river_20260531_1800_water_level_546bbeb5.pdf,2026-05-31,1800,water_level,39,39,0,0,0,7,19,7.6,0.46578947368421053,0.8880000000000001,False,False,3230,ok
river_20260531_2100_water_level_e76a65d1.pdf,2026-05-31,2100,water_level,36,36,0,0,0,5,11,7.6,0.7628571428571429,0.868,False,False,3190,ok
river_20260601_0330_water_level_b1d2de30.pdf,2026-06-01,0330,water_level,34,34,0,0,0,8,9,7.6,0.8333333333333334,0.8119999999999999,False,False,3166,ok
river_20260601_0630_water_level_a9761b24.pdf,2026-06-01,0630,water_level,36,36,0,0,0,4,16,7.6,0.7914285714285714,0.728,False,False,3203,ok
river_20260601_0930_water_level_b89db099.pdf,2026-06-01,0930,water_level,39,39,0,0,0,4,19,7.6,0.744736842105263,0.7,False,False,5712,ok
river_20260601_1230_flood_warning_1991314b.pdf,2026-06-01,1230,flood_warning,0,0,0,0,0,0,0,,,,True,False,5038,ok
river_20260601_1230_water_level_3fbf98c5.pdf,2026-06-01,1230,water_level,36,36,0,0,0,4,14,7.6,0.7628571428571429,0.85,False,False,3206,ok
river_20260601_1230_water_level_rainfall_804fcaf0.pdf,2026-06-01,1230,water_level_rainfall,39,39,0,0,0,6,15,0.0,0.0,0.6799999999999999,False,False,3230,ok
river_20260602_0930_water_level_rainfall_ae015468.pdf,2026-06-02,0930,water_level_rainfall,39,39,0,0,0,5,18,3.0,0.21842105263157896,0.6533333333333334,False,False,5688,ok
river_20260603_0930_water_level_rainfall_c6e8fa1b.pdf,2026-06-03,0930,water_level_rainfall,39,39,0,0,0,5,16,23.7,6.13421052631579,0.6506666666666666,False,False,5673,ok
river_20260604_0930_water_level_rainfall_9994c2cf.pdf,2026-06-04,0930,water_level_rainfall,39,39,0,0,0,13,10,52.7,14.568421052631576,0.7200000000000001,False,False,5724,ok
river_20260605_0930_water_level_rainfall_24673e49.pdf,2026-06-05,0930,water_level_rainfall,39,39,0,0,0,13,11,64.5,18.092105263157894,0.834,False,False,5731,ok
river_20260606_0930_water_level_rainfall_9936ed59.pdf,2026-06-06,0930,water_level_rainfall,39,38,1,0,0,10,12,36.6,11.04736842105263,1.0030303030303032,False,False,5700,ok
river_20260608_0930_water_level_2f8ead42.pdf,2026-06-08,0930,water_level,39,38,1,0,0,9,17,33.2,8.239473684210525,1.01,False,False,5806,ok
river_20260610_0930_water_level_rainfall_dd3b3424.pdf,2026-06-10,0930,water_level_rainfall,39,39,0,0,0,3,16,17.3,2.555263157894737,0.736,False,False,5811,ok
river_20260611_0930_water_level_rainfall_7f0f0763.pdf,2026-06-11,0930,water_level_rainfall,39,39,0,0,0,13,6,45.4,7.765789473684211,0.7253333333333334,False,False,5819,ok
river_20260612_0930_water_level_rainfall_f98a08c2.pdf,2026-06-12,0930,water_level_rainfall,39,36,3,0,0,17,11,68.5,24.08947368421052,1.185,False,False,5869,ok
river_20260612_1800_water_level_e391f4d2.pdf,2026-06-12,1800,water_level,39,36,3,0,0,18,12,35.8,12.56315789473684,1.192,False,False,3255,ok
river_20260612_2100_water_level_a17fbfbc.pdf,2026-06-12,2100,water_level,36,33,3,0,0,13,11,38.3,14.06285714285714,1.2903846153846152,False,False,3213,ok
river_20260613_0030_water_level_de7d2a51.pdf,2026-06-13,0030,water_level,36,33,3,0,0,16,9,38.3,14.125714285714285,1.2384615384615385,False,False,3229,ok
river_20260613_0330_water_level_7546052b.pdf,2026-06-13,0330,water_level,35,32,3,0,0,13,9,48.9,17.11764705882353,1.248,False,False,3190,ok
river_20260613_0630_water_level_50f673a3.pdf,2026-06-13,0630,water_level,36,33,3,0,0,13,13,48.9,18.402857142857144,1.268,False,False,3230,ok
river_20260613_0930_water_level_1a2a9fbb.pdf,2026-06-13,0930,water_level,39,35,4,0,0,11,19,73.5,19.776315789473685,1.28,False,False,5784,ok
river_20260613_1230_water_level_rainfall_57078f5b.pdf,2026-06-13,1230,water_level_rainfall,39,35,4,0,0,14,16,17.7,3.4763157894736842,1.294,False,False,3250,ok
river_20260613_1530_water_level_rainfall_c984a605.pdf,2026-06-13,1530,water_level_rainfall,39,35,3,1,0,5,19,17.7,3.7947368421052627,1.3,False,False,3269,ok
river_20260613_1800_water_level_0980d56b.pdf,2026-06-13,1800,water_level,39,37,1,1,0,9,20,26.8,5.571052631578947,1.306,False,False,3256,ok
river_20260613_2100_water_level_1b7addcf.pdf,2026-06-13,2100,water_level,36,35,0,1,0,8,18,26.8,6.014285714285714,1.3119999999999998,False,False,3209,ok
river_20260614_0030_water_level_ebd53163.pdf,2026-06-14,0030,water_level,34,33,0,1,0,6,17,26.8,6.178787878787879,1.31,False,False,3194,ok
river_20260614_0330_water_level_c208f6bf.pdf,2026-06-14,0330,water_level,36,35,0,1,0,2,21,26.8,6.1911764705882355,1.308,False,False,3198,ok
river_20260614_0630_water_level_76e627e8.pdf,2026-06-14,0630,water_level,36,35,1,0,0,1,23,26.8,6.305714285714286,1.294,False,False,3212,ok
river_20260614_0930_water_level_rainfall_8f0e2d13.pdf,2026-06-14,0930,water_level_rainfall,39,38,1,0,0,7,22,26.9,6.3052631578947365,1.276,False,False,5718,ok
river_20260614_1200_water_level_30ae90fb.pdf,2026-06-14,1200,water_level,39,38,1,0,0,4,22,3.3,0.2578947368421053,1.26,False,False,3236,ok
river_20260614_1530_water_level_rainfall_eca25973.pdf,2026-06-14,1530,water_level_rainfall,39,38,1,0,0,2,24,3.3,0.2578947368421053,1.242,False,False,3235,ok
river_20260615_0930_water_level_rainfall_405f9ac9.pdf,2026-06-15,0930,water_level_rainfall,39,38,1,0,0,5,17,3.3,0.28421052631578947,1.038,False,False,5807,ok
river_20260616_0930_water_level_rainfall_e837108e.pdf,2026-06-16,0930,water_level_rainfall,39,39,0,0,0,10,16,57.5,4.976315789473684,0.736,False,False,5729,ok
river_20260617_0930_water_level_rainfall_b735ea04.pdf,2026-06-17,0930,water_level_rainfall,39,39,0,0,0,4,18,13.9,1.0342105263157897,0.6733333333333333,False,False,5725,ok
river_20260618_0930_water_level_f1ff43ca.pdf,2026-06-18,0930,water_level,39,39,0,0,0,8,15,81.3,9.852631578947367,0.752,False,False,5730,ok
river_20260620_0930_water_level_rainfall_c52b7263.pdf,2026-06-20,0930,water_level_rainfall,39,39,0,0,0,6,19,12.0,1.236842105263158,0.6980000000000001,False,False,5706,ok
river_20260621_0930_water_level_rainfall_66225952.pdf,2026-06-21,0930,water_level_rainfall,39,39,0,0,0,5,11,6.0,0.4394736842105263,0.6633333333333333,False,False,5681,ok
river_20260622_2100_water_level_c17d6f34.pdf,2026-06-22,2100,water_level,36,35,1,0,0,21,3,78.9,23.99142857142857,1.092,False,False,3207,ok
river_20260623_0630_water_level_f09dcca9.pdf,2026-06-23,0630,water_level,36,33,3,0,0,13,15,81.2,24.865714285714283,1.2121212121212122,False,False,3229,ok
river_20260623_0930_water_level_rainfall_b8d476fc.pdf,2026-06-23,0930,water_level_rainfall,39,37,2,0,0,9,18,81.2,23.105263157894733,1.2303030303030302,False,False,5745,ok
river_20260623_1230_water_level_ea4cea74.pdf,2026-06-23,1230,water_level,36,34,2,0,0,21,2,80.6,24.3,1.1039999999999999,False,False,3220,ok
river_20260623_1230_water_level_rainfall_f3785e01.pdf,2026-06-23,1230,water_level_rainfall,39,37,2,0,0,7,18,0.0,0.0,1.2363636363636366,False,False,3235,ok
river_20260623_1530_water_level_rainfall_7e281153.pdf,2026-06-23,1530,water_level_rainfall,39,37,2,0,0,3,26,2.0,0.07368421052631578,1.2242424242424244,False,False,3236,ok
river_20260623_2100_water_level_3cbe19d9.pdf,2026-06-23,2100,water_level,36,34,2,0,0,2,21,5.5,0.44,1.1800000000000002,False,False,3192,ok
river_20260624_0030_water_level_9f6f97b2.pdf,2026-06-24,0030,water_level,35,33,2,0,0,1,18,5.5,0.45294117647058824,1.176,False,False,3187,ok
river_20260624_0330_water_level_369f13a9.pdf,2026-06-24,0330,water_level,35,33,2,0,0,2,19,5.5,0.49705882352941183,1.1480000000000001,False,False,3177,ok
river_20260624_0630_water_level_971c9be8.pdf,2026-06-24,0630,water_level,36,35,1,0,0,5,19,5.5,0.48285714285714293,1.1199999999999999,False,False,3196,ok
river_20260624_0930_water_level_rainfall_28ab56ce.pdf,2026-06-24,0930,water_level_rainfall,39,38,1,0,0,10,20,6.1,0.5105263157894737,1.08,False,False,5706,ok
river_20260624_1230_water_level_rainfall_3934da19.pdf,2026-06-24,1230,water_level_rainfall,39,38,1,0,0,4,21,6.1,0.5947368421052631,1.04,False,False,3246,ok
river_20260624_1500_water_level_e4846049.pdf,2026-06-24,1500,water_level,39,39,0,0,0,4,21,6.1,0.5947368421052631,0.9960000000000001,False,False,3221,ok
river_20260629_0600_water_level_rainfall_7289999b.pdf,2026-06-29,0600,water_level_rainfall,36,36,0,0,0,13,7,77.5,18.534285714285712,0.708,False,False,3205,ok
river_20260629_0930_water_level_rainfall_ee9d0336.pdf,2026-06-29,0930,water_level_rainfall,39,39,0,0,0,24,5,91.5,24.23421052631579,0.844,False,False,5688,ok
river_20260629_1530_water_level_rainfall_5fdf74c5.pdf,2026-06-29,1530,water_level_rainfall,39,38,1,0,0,16,7,45.1,6.831578947368421,1.1903846153846154,False,False,3209,ok
river_20260629_2100_water_level_77cbc642.pdf,2026-06-29,2100,water_level,36,35,1,0,0,6,13,45.1,7.434285714285712,1.1057692307692308,False,False,3193,ok
river_20260630_0300_water_level_0d4132f5.pdf,2026-06-30,0300,water_level,36,36,0,0,0,8,16,45.1,7.434285714285712,0.994,False,False,3186,ok
river_20260630_0930_water_level_rainfall_511c2c81.pdf,2026-06-30,0930,water_level_rainfall,39,39,0,0,0,5,20,47.1,6.963157894736843,0.924,False,False,5718,ok
river_20260701_0930_water_level_rainfall_3ca8ee27.pdf,2026-07-01,0930,water_level_rainfall,39,39,0,0,0,2,18,10.0,1.1657894736842107,0.6759999999999999,False,False,5727,ok
river_20260702_0930_water_level_rainfall_b240da7b.pdf,2026-07-02,0930,water_level_rainfall,39,39,0,0,0,5,15,2.0,0.06842105263157894,0.656,False,False,5716,ok
river_20260703_0930_water_level_rainfall_c667116f.pdf,2026-07-03,0930,water_level_rainfall,39,39,0,0,0,5,13,10.5,0.6421052631578947,0.638,False,False,5677,ok
river_20260704_0930_water_level_rainfall_357fb02c.pdf,2026-07-04,0930,water_level_rainfall,39,39,0,0,0,16,7,59.8,10.79736842105263,0.6966666666666667,False,False,5694,ok
river_20260705_0930_water_level_rainfall_5c03d170.pdf,2026-07-05,0930,water_level_rainfall,39,39,0,0,0,5,16,32.8,7.205263157894736,0.7413333333333333,False,False,5688,ok
river_20260707_0930_water_level_rainfall_d3d65039.pdf,2026-07-07,0930,water_level_rainfall,39,39,0,0,0,2,13,0.0,0.0,0.6413333333333333,False,False,5660,ok
river_20260708_0930_water_level_rainfall_56e058d3.pdf,2026-07-08,0930,water_level_rainfall,39,39,0,0,0,4,14,0.0,0.0,0.634,False,False,5680,ok
river_20260711_0930_water_level_3bdd840c.pdf,2026-07-11,0930,water_level,39,39,0,0,0,10,13,44.5,5.794736842105262,0.6433333333333333,False,False,5680,ok
river_20260712_0930_water_level_rainfall_c7df1c01.pdf,2026-07-12,0930,water_level_rainfall,39,39,0,0,0,7,14,7.6,0.6763157894736842,0.624,False,False,5706,ok
river_20260715_0930_water_level_rainfall_61638e24.pdf,2026-07-15,0930,water_level_rainfall,39,39,0,0,0,6,12,3.0,0.15789473684210528,0.6053333333333334,False,False,5681,ok
river_20260722_0930_water_level_rainfall_edc78b47.pdf,2026-07-22,0930,water_level_rainfall,39,39,0,0,0,7,12,0.0,0.0,0.5966666666666666,False,False,5674,ok
river_20260726_0930_water_level_rainfall_36dcb097.pdf,2026-07-26,0930,water_level_rainfall,39,39,0,0,0,10,5,31.2,4.444736842105264,0.59,False,False,5655,ok
river_20260727_0930_water_level_rainfall_360a9f12.pdf,2026-07-27,0930,water_level_rainfall,39,39,0,0,0,4,11,11.9,1.3789473684210527,0.5886666666666667,False,False,5719,ok
river_20260729_0930_water_level_rainfall_dd1ac2f5.pdf,2026-07-29,0930,water_level_rainfall,39,39,0,0,0,10,5,45.0,8.168421052631578,0.602,False,False,5686,ok
river_20260730_0930_water_level_rainfall_5ffac4bb.pdf,2026-07-30,0930,water_level_rainfall,39,39,0,0,0,6,11,12.5,1.739473684210526,0.5953333333333333,False,False,5729,ok
river_20260731_0930_water_level_rainfall_bad0c845.pdf,2026-07-31,0930,water_level_rainfall,39,39,0,0,0,8,11,25.3,5.192105263157895,0.5913333333333333,False,False,3231,ok
river_20260801_0730_flood_warning_71f559c0.pdf,2026-08-01,0730,flood_warning,0,0,0,0,0,0,0,,,,False,True,3972,ok
river_20260801_0930_water_level_rainfall_abb28974.pdf,2026-08-01,0930,water_level_rainfall,39,37,2,0,0,10,12,151.6,29.06842105263158,1.17,False,False,5752,ok
river_20260801_1200_water_level_rainfall_7894ae62.pdf,2026-08-01,1200,water_level_rainfall,39,38,1,0,0,13,12,3.4,0.22105263157894733,1.1300000000000001,False,False,3234,ok
river_20260801_1530_water_level_989d6110.pdf,2026-08-01,1530,water_level,39,39,0,0,0,9,18,5.8,0.8736842105263158,0.9640000000000001,False,False,3219,ok
river_20260801_1830_water_level_482cdab9.pdf,2026-08-01,1830,water_level,39,39,0,0,0,7,17,9.4,1.2578947368421052,0.8946666666666666,False,False,3219,ok
river_20260801_2130_water_level_a0b6432b.pdf,2026-08-01,2130,water_level,36,36,0,0,0,3,16,10.2,1.4514285714285713,0.8699999999999999,False,False,3180,ok
river_20260802_0300_water_level_3d6b464e.pdf,2026-08-02,0300,water_level,36,36,0,0,0,3,19,20.5,2.1142857142857143,0.8619999999999999,False,False,3181,ok
river_20260802_0900_water_level_5953cc54.pdf,2026-08-02,0900,water_level,39,39,0,0,0,7,15,43.8,6.381578947368421,0.6980000000000001,False,False,5741,ok
river_20260802_1230_water_level_fcf0adfa.pdf,2026-08-02,1230,water_level,36,36,0,0,0,3,17,10.2,1.5457142857142858,0.876,False,False,3196,ok
river_20260802_1230_water_level_rainfall_91cbad46.pdf,2026-08-02,1230,water_level_rainfall,39,39,0,0,0,8,14,1.4,0.03684210526315789,0.6900000000000001,False,False,3231,ok
river_20260802_1530_water_level_rainfall_6e1cb6a8.pdf,2026-08-02,1530,water_level_rainfall,39,39,0,0,0,9,15,5.8,0.7105263157894738,0.696,False,False,3225,ok
river_20260803_0030_water_level_e7adcaf9.pdf,2026-08-03,0030,water_level,36,34,0,2,0,17,6,136.7,17.417142857142853,1.5942857142857143,False,False,3198,ok
river_20260803_0300_water_level_2f7bc055.pdf,2026-08-03,0300,water_level,36,31,4,0,1,17,6,153.0,20.585714285714285,1.8514285714285716,False,False,3189,ok
river_20260803_0630_water_level_1534e457.pdf,2026-08-03,0630,water_level,36,31,4,1,0,10,12,154.7,22.337142857142858,1.5,False,False,3204,ok
river_20260803_0930_water_level_rainfall_ff30dffd.pdf,2026-08-03,0930,water_level_rainfall,39,35,3,1,0,10,16,158.5,21.960526315789473,1.46,False,False,5764,ok
river_20260803_1130_flood_warning_f6ee0392.pdf,2026-08-03,1130,flood_warning,0,0,0,0,0,0,0,,,,False,True,2712,ok
river_20260803_1230_flood_warning_611023c5.pdf,2026-08-03,1230,flood_warning,0,0,0,0,0,0,0,,,,False,True,4163,ok
river_20260803_1230_water_level_rainfall_758233ee.pdf,2026-08-03,1230,water_level_rainfall,39,34,2,1,2,13,13,109.3,11.055263157894736,2.5,False,False,3292,ok
river_20260803_1300_flood_warning_f45be85d.pdf,2026-08-03,1300,flood_warning,0,0,0,0,0,0,0,,,,False,,0,insufficient_text
river_20260803_1410_flood_warning_e98685e5.pdf,2026-08-03,1410,flood_warning,0,0,0,0,0,0,0,,,,False,True,3668,ok
river_20260803_1500_flood_warning_04b3f9e5.pdf,2026-08-03,1500,flood_warning,0,0,0,0,0,0,0,,,,False,True,4369,ok
river_20260803_1530_flood_warning_566fde45.pdf,2026-08-03,1530,flood_warning,0,0,0,0,0,0,0,,,,False,True,4382,ok
river_20260803_1530_water_level_6a06b8bf.pdf,2026-08-03,1530,water_level,39,32,0,5,2,14,10,124.4,18.26052631578947,2.242857142857143,False,False,3330,ok
river_20260803_1830_water_level_f643cbc5.pdf,2026-08-03,1830,water_level,39,32,3,2,2,14,11,124.9,18.80263157894737,1.9440000000000002,False,False,3309,ok
river_20260803_2100_water_level_9eb294d9.pdf,2026-08-03,2100,water_level,36,31,2,2,1,13,11,126.2,20.557142857142857,1.81,False,False,3250,ok
river_20260804_0030_water_level_8f6c4b64.pdf,2026-08-04,0030,water_level,36,30,3,3,0,12,13,126.2,20.614285714285714,1.552,False,False,3273,ok
river_20260804_0330_water_level_bb52b2b9.pdf,2026-08-04,0330,water_level,36,31,3,2,0,12,13,129.2,21.017142857142854,1.4711538461538463,False,False,3243,ok
river_20260804_0630_water_level_87e6329e.pdf,2026-08-04,0630,water_level,36,30,6,0,0,8,18,136.5,24.57428571428571,1.426923076923077,False,False,3250,ok
river_20260804_0930_water_level_dddb4389.pdf,2026-08-04,0930,water_level,39,36,3,0,0,10,13,153.3,24.05263157894737,1.3673076923076923,False,False,5786,ok
river_20260804_1230_water_level_rainfall_3403d0f3.pdf,2026-08-04,1230,water_level_rainfall,39,37,2,0,0,6,19,11.0,1.1105263157894738,1.2999999999999998,False,False,3233,ok
river_20260804_1500_water_level_396796e9.pdf,2026-08-04,1500,water_level,39,37,2,0,0,10,17,34.1,2.905263157894737,1.2365384615384614,False,False,3233,ok
river_20260804_1830_water_level_183e8271.pdf,2026-08-04,1830,water_level,39,36,3,0,0,7,21,51.5,4.960526315789473,1.1826923076923077,False,False,3250,ok
river_20260804_2130_water_level_b9aeaaf4.pdf,2026-08-04,2130,water_level,36,34,2,0,0,4,23,51.5,5.871428571428571,1.1500000000000001,False,False,3206,ok
river_20260805_0030_water_level_8de30661.pdf,2026-08-05,0030,water_level,36,34,2,0,0,4,13,53.3,6.597142857142857,1.098076923076923,False,False,3222,ok
river_20260805_0330_water_level_b6e529c3.pdf,2026-08-05,0330,water_level,35,34,1,0,0,6,15,54.0,7.314705882352941,1.0307692307692309,False,False,3183,ok
river_20260805_0600_water_level_3b7561d1.pdf,2026-08-05,0600,water_level,36,36,0,0,0,5,18,54.0,7.754285714285714,0.9769230769230769,False,False,3205,ok
river_20260805_0930_water_level_016c12f1.pdf,2026-08-05,0930,water_level,39,39,0,0,0,6,20,70.9,8.455263157894738,0.99,False,False,5722,ok
river_20260805_1230_water_level_a04a55a5.pdf,2026-08-05,1230,water_level,39,38,1,0,0,3,28,4.2,0.14473684210526316,1.1300000000000001,False,False,3230,ok
river_20260805_1330_flood_warning_acbbe76b.pdf,2026-08-05,1330,flood_warning,0,0,0,0,0,0,0,,,,False,True,6349,ok
river_20260805_1530_water_level_62d6d44a.pdf,2026-08-05,1530,water_level,39,38,1,0,0,4,21,4.2,0.1105263157894737,1.26,False,False,3226,ok
river_20260805_1830_water_level_94124cac.pdf,2026-08-05,1830,water_level,39,38,1,0,0,4,24,4.2,0.1105263157894737,1.278,False,False,3221,ok
river_20260805_2100_water_level_f4be7901.pdf,2026-08-05,2100,water_level,36,35,1,0,0,3,19,4.2,0.12000000000000001,1.1800000000000002,False,False,3182,ok
river_20260806_0030_water_level_f60c32f2.pdf,2026-08-06,0030,water_level,36,35,1,0,0,2,17,5.9,0.17714285714285716,1.0,False,False,3198,ok
river_20260806_0330_water_level_a86c798b.pdf,2026-08-06,0330,water_level,36,36,0,0,0,4,18,8.5,0.6971428571428571,0.9039999999999999,False,False,3177,ok
river_20260806_0630_water_level_6db2f8b5.pdf,2026-08-06,0630,water_level,36,36,0,0,0,6,16,10.5,1.0828571428571427,0.8400000000000001,False,False,3189,ok
river_20260806_1230_water_level_rainfall_affeb9ec.pdf,2026-08-06,1230,water_level_rainfall,39,38,1,0,0,8,13,24.0,1.6368421052631579,1.0666666666666667,False,False,3245,ok
river_20260806_1530_water_level_311c703c.pdf,2026-08-06,1530,water_level,39,38,1,0,0,13,14,36.7,2.3631578947368426,1.02,False,False,3232,ok
river_20260806_1830_water_level_ecffc6c1.pdf,2026-08-06,1830,water_level,39,38,1,0,0,13,12,36.7,2.5,1.0333333333333334,False,False,3239,ok
river_20260807_0100_water_level_933f19ee.pdf,2026-08-07,0100,water_level,36,36,0,0,0,2,16,38.0,3.76,0.9119999999999999,False,False,3208,ok
river_20260807_0330_water_level_6781d11d.pdf,2026-08-07,0330,water_level,36,36,0,0,0,6,10,38.0,4.428571428571429,0.86,False,False,3196,ok
river_20260807_0715_water_level_rainfall_42508efa.pdf,2026-08-07,0715,water_level_rainfall,36,36,0,0,0,10,14,40.4,5.928571428571429,0.8366666666666666,False,False,3208,ok
river_20260807_0900_water_level_274b0ba4.pdf,2026-08-07,0900,water_level,39,39,0,0,0,10,12,40.4,5.984210526315789,0.8433333333333333,False,False,5735,ok
river_20260807_1230_water_level_14714188.pdf,2026-08-07,1230,water_level,39,39,0,0,0,9,9,2.8,0.2868421052631579,0.8433333333333333,False,False,3231,ok
river_20260807_1530_water_level_rainfall_a4386042.pdf,2026-08-07,1530,water_level_rainfall,39,39,0,0,0,8,13,6.1,0.4289473684210526,0.8433333333333333,False,False,3226,ok
river_20260807_1830_water_level_9fbcd4f6.pdf,2026-08-07,1830,water_level,39,39,0,0,0,7,13,6.1,0.5,0.794,False,False,3225,ok
river_20260807_2130_water_level_91123507.pdf,2026-08-07,2130,water_level,39,39,0,0,0,7,12,6.1,0.5,0.8133333333333334,False,False,3226,ok
river_20260808_0030_water_level_481aadff.pdf,2026-08-08,0030,water_level,36,36,0,0,0,2,16,15.2,1.437142857142857,0.81,False,False,3199,ok
river_20260808_0300_water_level_3c9b6cc6.pdf,2026-08-08,0300,water_level,35,35,0,0,0,5,16,23.0,2.835294117647059,0.7966666666666667,False,False,3177,ok
river_20260808_1030_water_level_e3d236f9.pdf,2026-08-08,1030,water_level,39,39,0,0,0,11,12,36.1,4.694736842105263,0.7833333333333333,False,False,5711,ok
river_20260808_1230_water_level_d23235a2.pdf,2026-08-08,1230,water_level,39,39,0,0,0,7,7,16.3,1.857894736842105,0.7966666666666667,False,False,3233,ok
river_20260808_1530_water_level_rainfall_3c2c9833.pdf,2026-08-08,1530,water_level_rainfall,39,39,0,0,0,10,9,19.3,3.3184210526315794,0.7866666666666666,False,False,3226,ok
river_20260808_2130_water_level_dbdcc5a1.pdf,2026-08-08,2130,water_level,36,36,0,0,0,11,11,30.1,5.531428571428571,0.8333333333333334,False,False,3194,ok
river_20260809_0030_water_level_338a6546.pdf,2026-08-09,0030,water_level,36,36,0,0,0,9,9,30.1,6.505714285714285,0.818,False,False,3212,ok
river_20260809_0330_water_level_19cde9b6.pdf,2026-08-09,0330,water_level,35,35,0,0,0,9,8,30.1,8.105882352941178,0.9019999999999999,False,False,3186,ok
river_20260809_0530_water_level_53fb3acb.pdf,2026-08-09,0530,water_level,36,36,0,0,0,8,10,37.5,9.122857142857143,0.982,False,False,3213,ok
river_20260809_0900_water_level_rainfall_25eaea47.pdf,2026-08-09,0900,water_level_rainfall,39,39,0,0,0,6,10,39.4,8.665789473684208,0.924,False,False,4323,ok
river_20260809_1230_water_level_933f30da.pdf,2026-08-09,1230,water_level,39,39,0,0,0,10,12,10.5,1.8921052631578945,0.8400000000000001,False,False,3235,ok
river_20260809_1530_water_level_rainfall_af2ce788.pdf,2026-08-09,1530,water_level_rainfall,39,39,0,0,0,8,18,22.5,3.2973684210526315,0.772,False,False,3231,ok
river_20260810_0030_water_level_d96044f4.pdf,2026-08-10,0030,water_level,36,36,0,0,0,12,9,30.0,6.414285714285714,0.8433333333333333,False,False,3205,ok
river_20260810_0330_water_level_98c5d22b.pdf,2026-08-10,0330,water_level,36,36,0,0,0,10,6,31.0,6.7114285714285735,0.7866666666666666,False,False,3189,ok
river_20260810_0630_water_level_1e2a41a5.pdf,2026-08-10,0630,water_level,36,36,0,0,0,12,9,31.3,6.811428571428571,0.756,False,False,3200,ok
river_20260810_0930_water_level_60a48a25.pdf,2026-08-10,0930,water_level,39,39,0,0,0,12,10,30.3,6.355263157894737,0.76,False,False,4298,ok
river_20260810_1230_water_level_bda9c561.pdf,2026-08-10,1230,water_level,39,39,0,0,0,4,18,2.2,0.1131578947368421,0.758,False,False,3230,ok
river_20260810_1500_water_level_db8c08a8.pdf,2026-08-10,1500,water_level,39,39,0,0,0,4,16,4.2,0.3657894736842106,0.75,False,False,3218,ok
river_20260810_1830_water_level_18fabd67.pdf,2026-08-10,1830,water_level,39,39,0,0,0,4,16,6.7,0.4605263157894737,0.736,False,False,3227,ok
river_20260810_2130_water_level_cb304dab.pdf,2026-08-10,2130,water_level,36,36,0,0,0,5,10,6.7,0.5,0.712,False,False,3187,ok
river_20260811_0630_water_level_44078067.pdf,2026-08-11,0630,water_level,35,35,0,0,0,4,20,6.7,0.5970588235294118,0.7633333333333333,False,False,3191,ok
river_20260811_0900_water_level_f1d4526d.pdf,2026-08-11,0900,water_level,39,39,0,0,0,3,16,8.7,0.9078947368421053,0.7266666666666667,False,False,4289,ok
river_20260811_1500_water_level_45a8c4a8.pdf,2026-08-11,1500,water_level,39,39,0,0,0,4,14,11.7,1.0052631578947366,0.69,False,False,3223,ok
river_20260811_1830_water_level_9317a8e8.pdf,2026-08-11,1830,water_level,38,38,0,0,0,7,12,11.7,1.335135135135135,0.6966666666666667,False,False,3209,ok
river_20260812_0030_water_level_212dc818.pdf,2026-08-12,0030,water_level,36,36,0,0,0,8,10,17.8,2.8314285714285714,0.7599999999999999,False,False,3196,ok
river_20260812_0330_water_level_a4c3c5d8.pdf,2026-08-12,0330,water_level,36,36,0,0,0,4,11,24.5,3.2428571428571433,0.77,False,False,3179,ok
river_20260812_1200_flood_warning_4efff58a.pdf,2026-08-12,1200,flood_warning,0,0,0,0,0,0,0,,,,True,False,4855,ok
river_20260813_0030_water_level_5e0b4b05.pdf,2026-08-13,0030,water_level,35,35,0,0,0,4,12,18.6,1.258823529411765,0.75,False,False,3191,ok
river_20260813_0930_water_level_17c03b31.pdf,2026-08-13,0930,water_level,39,39,0,0,0,6,13,25.2,2.855263157894737,0.6833333333333333,False,False,4297,ok
river_20260813_1230_water_level_25fd8bef.pdf,2026-08-13,1230,water_level,39,39,0,0,0,5,16,6.5,0.581578947368421,0.6773333333333333,False,False,3230,ok
river_20260814_1200_water_level_0dd85caf.pdf,2026-08-14,1200,water_level,39,39,0,0,0,9,11,8.5,0.9868421052631579,0.6506666666666666,False,False,3224,ok
