file_name,report_date,disaster_types,text_length,families_with_relatives,people_with_relatives,peak_affected_families,peak_affected_people,peak_safety_centres,peak_families_in_safety_centres,peak_people_in_safety_centres,idp_families,idp_people,affected_families,affected_people,deaths,injured,missing,fully_damaged_houses,partially_damaged_houses,enterprise_damage,infrastructure_damage,safety_centres,families_in_safety_centres,people_in_safety_centres,grand_total_extracted,extraction_status,issue_time_standard,report_datetime,weather_reports_24h,weather_max_rainfall_threshold_24h,weather_max_wind_24h,weather_max_warning_level_24h,weather_heavy_rain_24h,weather_thunderstorm_24h,weather_strong_wind_24h,weather_low_pressure_24h,weather_depression_24h,weather_cyclone_24h,latest_weather_age_hours,latest_weather_report_type,river_data_available,river_reports_24h,river_max_alert_stations_24h,river_max_minor_flood_stations_24h,river_max_major_flood_stations_24h,river_max_rising_stations_24h,river_max_rainfall_24h_mm,river_max_alert_ratio_24h,river_active_warning_24h,river_warning_withdrawn_24h,latest_river_age_hours,latest_river_report_type,landslide_data_available,landslide_active_warning,landslide_max_warning_level,landslide_level1_districts,landslide_level2_districts,landslide_level3_districts,landslide_districts_at_risk,latest_landslide_age_hours,latest_landslide_report_type,situation_report_category,scope_status,availability_datetime,original_row_id,target_available,reports_at_timestamp,hours_since_previous_report,next_report_datetime,hours_to_next_report,target_next_affected_people,target_next_affected_families,target_next_safety_centres,target_next_people_in_safety_centres,valid_next_period_pair,log_current_affected_people,log_current_affected_families,log_current_safety_centres,log_current_people_in_safety_centres,previous_report_gap_hours,previous_context_valid,prev_affected_people,prev_affected_families,prev_safety_centres,prev_people_in_safety_centres,affected_people_change_from_prev,affected_families_change_from_prev,safety_population_change_from_prev,affected_people_log_change_from_prev,safety_population_log_change_from_prev,report_hour,report_month,report_dayofyear,report_dayofweek,month_sin,month_cos,dayofyear_sin,dayofyear_cos,target_next_log_affected_people,target_next_log_people_in_safety_centres,target_affected_people_change,target_affected_people_log_change,target_next_safety_centre_use,impact_absolute_change,impact_log_change,impact_trend,absolute_growth_percentile,relative_growth_percentile,historical_positive_count,rapid_growth_score,rapid_growth_anomaly,impact_monitoring_status
situation_20230102_0600_dc5154e6.pdf,2023-01-02,Other,2167,,,,,,,,,,0.0,0.0,0.0,0.0,0.0,0.0,0.0,0.0,0.0,0.0,0.0,0.0,True,confirmed_zero_report,600,2023-01-02 06:00:00,3,,,0.0,0,0,0,0,0,0,0.5,weather_forecast,0,0,,,,,,,,,,,1,0,0.0,0,0,0,0,153.0,warning,general_situation_report,retain,2023-01-02 06:00:00,0,1,1,,2023-01-03 06:00:00,24.0,0.0,0.0,0.0,0.0,True,0.0,0.0,0.0,0.0,,False,,,,,,,,,,6,1,2,0,0.49999999999999994,0.8660254037844387,0.03439806061360801,0.9994082116062598,0.0,0.0,0.0,0.0,0,,,Insufficient Previous Context,,,0,,False,Gap / No Comparable Previous Report
situation_20230103_0600_43047f23.pdf,2023-01-03,Other,2171,,,,,,,,,,0.0,0.0,0.0,0.0,0.0,0.0,0.0,0.0,0.0,0.0,0.0,0.0,True,confirmed_zero_report,600,2023-01-03 06:00:00,3,,,0.0,0,0,0,0,0,0,0.5,weather_forecast,0,0,,,,,,,,,,,1,0,0.0,0,0,0,0,177.0,warning,general_situation_report,retain,2023-01-03 06:00:00,1,1,1,24.0,2023-01-03 18:00:00,12.0,0.0,0.0,0.0,0.0,True,0.0,0.0,0.0,0.0,24.0,True,0.0,0.0,0.0,0.0,0.0,0.0,0.0,0.0,0.0,6,1,3,1,0.49999999999999994,0.8660254037844387,0.051584366869408364,0.9986686402879997,0.0,0.0,0.0,0.0,0,0.0,0.0,Stable,,,0,,False,Insufficient Historical Baseline
situation_20230103_1800_a3820a14.pdf,2023-01-03,Other,2169,,,,,,,,,,0.0,0.0,0.0,0.0,0.0,0.0,0.0,0.0,0.0,0.0,0.0,0.0,True,confirmed_zero_report,1800,2023-01-03 18:00:00,3,,,0.0,0,1,0,0,0,0,2.0,weather_forecast,0,0,,,,,,,,,,,1,0,0.0,0,0,0,0,189.0,warning,general_situation_report,retain,2023-01-03 18:00:00,2,1,1,12.0,2023-01-04 06:00:00,12.0,0.0,0.0,0.0,0.0,True,0.0,0.0,0.0,0.0,12.0,True,0.0,0.0,0.0,0.0,0.0,0.0,0.0,0.0,0.0,18,1,3,1,0.49999999999999994,0.8660254037844387,0.051584366869408364,0.9986686402879997,0.0,0.0,0.0,0.0,0,0.0,0.0,Stable,,,0,,False,Insufficient Historical Baseline
situation_20230104_0600_4df0e25e.pdf,2023-01-04,Other,2169,,,,,,,,,,0.0,0.0,0.0,0.0,0.0,0.0,0.0,0.0,0.0,0.0,0.0,0.0,True,confirmed_zero_report,600,2023-01-04 06:00:00,3,,,0.0,0,1,0,0,0,0,0.5,weather_forecast,0,0,,,,,,,,,,,1,0,0.0,0,0,0,0,201.0,warning,general_situation_report,retain,2023-01-04 06:00:00,3,1,1,12.0,2023-01-05 06:00:00,24.0,0.0,0.0,0.0,0.0,True,0.0,0.0,0.0,0.0,12.0,True,0.0,0.0,0.0,0.0,0.0,0.0,0.0,0.0,0.0,6,1,4,2,0.49999999999999994,0.8660254037844387,0.06875540848113941,0.9976335468520451,0.0,0.0,0.0,0.0,0,0.0,0.0,Stable,,,0,,False,Insufficient Historical Baseline
situation_20230105_0600_6413face.pdf,2023-01-05,Other,2172,,,,,,,,,,0.0,0.0,0.0,0.0,0.0,0.0,0.0,0.0,0.0,0.0,0.0,0.0,True,confirmed_zero_report,600,2023-01-05 06:00:00,2,50.0,,0.0,1,1,0,0,0,0,0.5,weather_forecast,0,0,,,,,,,,,,,1,0,0.0,0,0,0,0,225.0,warning,general_situation_report,retain,2023-01-05 06:00:00,4,1,1,24.0,2023-01-09 06:00:00,96.0,0.0,0.0,0.0,0.0,False,0.0,0.0,0.0,0.0,24.0,True,0.0,0.0,0.0,0.0,0.0,0.0,0.0,0.0,0.0,6,1,5,3,0.49999999999999994,0.8660254037844387,0.08590610426133272,0.9963032375991965,0.0,0.0,0.0,0.0,0,0.0,0.0,Stable,,,0,,False,Insufficient Historical Baseline
situation_20230109_0600_772367fb.pdf,2023-01-09,Other,2158,,,,,,,,,,0.0,0.0,0.0,0.0,0.0,0.0,0.0,0.0,0.0,0.0,0.0,0.0,True,confirmed_zero_report,600,2023-01-09 06:00:00,3,,,0.0,0,1,0,0,0,0,0.5,weather_forecast,0,0,,,,,,,,,,,1,0,0.0,0,0,0,0,321.0,warning,general_situation_report,retain,2023-01-09 06:00:00,5,1,1,96.0,2023-01-09 18:00:00,12.0,9.0,2.0,0.0,0.0,True,0.0,0.0,0.0,0.0,96.0,False,,,,,,,,,,6,1,9,0,0.49999999999999994,0.8660254037844387,0.1542040475626894,0.988039023376751,2.302585092994046,0.0,9.0,2.302585092994046,0,,,Insufficient Previous Context,,,0,,False,Gap / No Comparable Previous Report
situation_20230109_1800_c933338a.pdf,2023-01-09,Strong Wind,2365,,,,,,,,,,2.0,9.0,0.0,0.0,0.0,0.0,2.0,0.0,0.0,0.0,0.0,0.0,True,grand_total,1800,2023-01-09 18:00:00,3,,,0.0,0,1,0,0,0,0,2.0,weather_forecast,0,0,,,,,,,,,,,1,0,0.0,0,0,0,0,333.0,warning,general_situation_report,retain,2023-01-09 18:00:00,6,1,1,12.0,2023-01-10 06:00:00,12.0,9.0,2.0,0.0,0.0,True,2.302585092994046,1.0986122886681098,0.0,0.0,12.0,True,0.0,0.0,0.0,0.0,9.0,2.0,0.0,2.302585092994046,0.0,18,1,9,0,0.49999999999999994,0.8660254037844387,0.1542040475626894,0.988039023376751,2.302585092994046,0.0,0.0,0.0,0,9.0,2.302585092994046,Increasing,,,0,,False,Insufficient Historical Baseline
situation_20230110_0600_69a4eec8.pdf,2023-01-10,Strong Wind,2365,,,,,,,,,,2.0,9.0,0.0,0.0,0.0,0.0,2.0,0.0,0.0,0.0,0.0,0.0,True,grand_total,600,2023-01-10 06:00:00,3,,,0.0,0,1,0,0,0,0,0.5,weather_forecast,0,0,,,,,,,,,,,1,0,0.0,0,0,0,0,345.0,warning,general_situation_report,retain,2023-01-10 06:00:00,7,1,1,12.0,2023-01-10 18:00:00,12.0,203.0,24.0,0.0,0.0,True,2.302585092994046,1.0986122886681098,0.0,0.0,12.0,True,9.0,2.0,0.0,0.0,0.0,0.0,0.0,0.0,0.0,6,1,10,1,0.49999999999999994,0.8660254037844387,0.17117705961019986,0.985240282501282,5.318119993844216,0.0,194.0,3.01553490085017,0,0.0,0.0,Stable,,,1,,False,Insufficient Historical Baseline
situation_20230110_1800_402c6ca0.pdf,2023-01-10,Strong Wind,2355,,,,,,,,,,24.0,203.0,0.0,0.0,0.0,0.0,24.0,0.0,0.0,0.0,0.0,0.0,True,grand_total,1800,2023-01-10 18:00:00,4,,,0.0,0,1,0,0,0,0,2.0,weather_forecast,0,0,,,,,,,,,,,1,0,0.0,0,0,0,0,357.0,warning,general_situation_report,retain,2023-01-10 18:00:00,8,1,1,12.0,2023-01-11 06:00:00,12.0,203.0,24.0,0.0,0.0,True,5.318119993844216,3.2188758248682006,0.0,0.0,12.0,True,9.0,2.0,0.0,0.0,194.0,22.0,0.0,3.01553490085017,0.0,18,1,10,1,0.49999999999999994,0.8660254037844387,0.17117705961019986,0.985240282501282,5.318119993844216,0.0,0.0,0.0,0,194.0,3.01553490085017,Increasing,,,1,,False,Insufficient Historical Baseline
situation_20230111_0600_a8a19a5a.pdf,2023-01-11,Strong Wind,2355,,,,,,,,,,24.0,203.0,0.0,0.0,0.0,0.0,24.0,0.0,0.0,0.0,0.0,0.0,True,grand_total,600,2023-01-11 06:00:00,4,,,0.0,0,0,0,0,0,0,0.5,weather_forecast,0,0,,,,,,,,,,,1,0,0.0,0,0,0,0,369.0,warning,general_situation_report,retain,2023-01-11 06:00:00,9,1,1,12.0,2023-01-11 18:00:00,12.0,0.0,0.0,0.0,0.0,True,5.318119993844216,3.2188758248682006,0.0,0.0,12.0,True,203.0,24.0,0.0,0.0,0.0,0.0,0.0,0.0,0.0,6,1,11,2,0.49999999999999994,0.8660254037844387,0.18809941761179758,0.9821499931752291,0.0,0.0,-203.0,-5.318119993844216,0,0.0,0.0,Stable,,,2,,False,Insufficient Historical Baseline
situation_20230111_1800_3904df72.pdf,2023-01-11,Other,2072,,,,,,,,,,0.0,0.0,0.0,0.0,0.0,0.0,0.0,0.0,0.0,0.0,0.0,0.0,True,grand_total,1800,2023-01-11 18:00:00,3,,,0.0,0,0,0,0,0,0,2.0,weather_forecast,0,0,,,,,,,,,,,1,0,0.0,0,0,0,0,381.0,warning,general_situation_report,retain,2023-01-11 18:00:00,10,1,1,12.0,2023-01-12 06:00:00,12.0,0.0,0.0,0.0,0.0,True,0.0,0.0,0.0,0.0,12.0,True,203.0,24.0,0.0,0.0,-203.0,-24.0,0.0,-5.318119993844216,0.0,18,1,11,2,0.49999999999999994,0.8660254037844387,0.18809941761179758,0.9821499931752291,0.0,0.0,0.0,0.0,0,-203.0,-5.318119993844216,Decreasing,,,2,,False,Insufficient Historical Baseline
situation_20230112_0600_5c115285.pdf,2023-01-12,Other,2072,,,,,,,,,,0.0,0.0,0.0,0.0,0.0,0.0,0.0,0.0,0.0,0.0,0.0,0.0,True,grand_total,600,2023-01-12 06:00:00,3,,,0.0,0,0,0,0,0,0,0.5,weather_forecast,0,0,,,,,,,,,,,1,0,0.0,0,0,0,0,393.0,warning,general_situation_report,retain,2023-01-12 06:00:00,11,1,1,12.0,2023-01-12 18:00:00,12.0,0.0,0.0,0.0,0.0,True,0.0,0.0,0.0,0.0,12.0,True,0.0,0.0,0.0,0.0,0.0,0.0,0.0,0.0,0.0,6,1,12,3,0.49999999999999994,0.8660254037844387,0.20496611396949532,0.9787690698649216,0.0,0.0,0.0,0.0,0,0.0,0.0,Stable,,,2,,False,Insufficient Historical Baseline
situation_20230112_1800_b8077e1e.pdf,2023-01-12,Other,2043,,,,,,,,,,0.0,0.0,0.0,0.0,0.0,0.0,0.0,0.0,0.0,0.0,0.0,0.0,True,grand_total,1800,2023-01-12 18:00:00,3,,,0.0,0,0,0,0,0,0,2.0,weather_forecast,0,0,,,,,,,,,,,1,0,0.0,0,0,0,0,405.0,warning,general_situation_report,retain,2023-01-12 18:00:00,12,1,1,12.0,2023-01-13 06:00:00,12.0,0.0,0.0,0.0,0.0,True,0.0,0.0,0.0,0.0,12.0,True,0.0,0.0,0.0,0.0,0.0,0.0,0.0,0.0,0.0,18,1,12,3,0.49999999999999994,0.8660254037844387,0.20496611396949532,0.9787690698649216,0.0,0.0,0.0,0.0,0,0.0,0.0,Stable,,,2,,False,Insufficient Historical Baseline
situation_20230113_0600_99a7a706.pdf,2023-01-13,Other,2043,,,,,,,,,,0.0,0.0,0.0,0.0,0.0,0.0,0.0,0.0,0.0,0.0,0.0,0.0,True,grand_total,600,2023-01-13 06:00:00,3,,,0.0,0,0,0,0,0,0,0.5,weather_forecast,0,0,,,,,,,,,,,1,0,0.0,0,0,0,0,417.0,warning,general_situation_report,retain,2023-01-13 06:00:00,13,1,1,12.0,2023-01-15 06:00:00,48.0,0.0,0.0,0.0,0.0,True,0.0,0.0,0.0,0.0,12.0,True,0.0,0.0,0.0,0.0,0.0,0.0,0.0,0.0,0.0,6,1,13,4,0.49999999999999994,0.8660254037844387,0.22177215755648186,0.975098513039961,0.0,0.0,0.0,0.0,0,0.0,0.0,Stable,,,2,,False,Insufficient Historical Baseline
situation_20230115_0600_b35c9d4c.pdf,2023-01-15,Other,2063,,,,,,,,,,0.0,0.0,0.0,0.0,0.0,0.0,0.0,0.0,0.0,0.0,0.0,0.0,True,grand_total,600,2023-01-15 06:00:00,3,100.0,,2.0,1,1,0,0,0,0,0.5,weather_forecast,0,0,,,,,,,,,,,1,0,0.0,0,0,0,0,465.0,warning,general_situation_report,retain,2023-01-15 06:00:00,14,1,1,48.0,2023-01-16 18:00:00,36.0,49.0,12.0,1.0,9.0,True,0.0,0.0,0.0,0.0,48.0,True,0.0,0.0,0.0,0.0,0.0,0.0,0.0,0.0,0.0,6,1,15,6,0.49999999999999994,0.8660254037844387,0.2551824131233728,0.9668929289391521,3.912023005428146,2.302585092994046,49.0,3.912023005428146,1,0.0,0.0,Stable,,,2,,False,Insufficient Historical Baseline
situation_20230116_1800_0af578b6.pdf,2023-01-16,Other,2122,,,,,,,,,,12.0,49.0,0.0,0.0,0.0,7.0,5.0,0.0,0.0,1.0,2.0,9.0,True,grand_total,1800,2023-01-16 18:00:00,4,75.0,,0.0,1,1,0,0,0,0,1.5,weather_forecast,0,0,,,,,,,,,,,1,0,0.0,0,0,0,0,501.0,warning,general_situation_report,retain,2023-01-16 18:00:00,15,1,1,36.0,2023-01-17 06:00:00,12.0,49.0,12.0,1.0,9.0,True,3.912023005428146,2.5649493574615367,0.6931471805599453,2.302585092994046,36.0,True,0.0,0.0,0.0,0.0,49.0,12.0,9.0,3.912023005428146,2.302585092994046,18,1,16,0,0.49999999999999994,0.8660254037844387,0.2717767384711357,0.9623603298276545,3.912023005428146,2.302585092994046,0.0,0.0,1,49.0,3.912023005428146,Increasing,,,2,,False,Insufficient Historical Baseline
situation_20230117_0600_e2849096.pdf,2023-01-17,Other,2122,,,,,,,,,,12.0,49.0,0.0,0.0,0.0,7.0,5.0,0.0,0.0,1.0,2.0,9.0,True,grand_total,600,2023-01-17 06:00:00,4,75.0,,0.0,1,1,0,0,0,0,0.5,weather_forecast,0,0,,,,,,,,,,,1,0,0.0,0,0,0,0,513.0,warning,general_situation_report,retain,2023-01-17 06:00:00,16,1,1,12.0,2023-01-17 18:00:00,12.0,8.0,3.0,0.0,0.0,True,3.912023005428146,2.5649493574615367,0.6931471805599453,2.302585092994046,12.0,True,49.0,12.0,1.0,9.0,0.0,0.0,0.0,0.0,0.0,6,1,17,1,0.49999999999999994,0.8660254037844387,0.2882906407095177,0.9575429528116719,2.1972245773362196,0.0,-41.0,-1.7147984280919264,0,0.0,0.0,Stable,,,3,,False,Insufficient Historical Baseline
situation_20230117_1800_ae9b19ab.pdf,2023-01-17,Strong Wind,2171,,,,,,,,,,3.0,8.0,0.0,0.0,0.0,0.0,3.0,0.0,0.0,0.0,0.0,0.0,True,grand_total,1800,2023-01-17 18:00:00,3,75.0,,0.0,1,1,0,0,0,0,2.0,weather_forecast,0,0,,,,,,,,,,,1,0,0.0,0,0,0,0,525.0,warning,general_situation_report,retain,2023-01-17 18:00:00,17,1,1,12.0,2023-01-18 18:00:00,24.0,51.0,13.0,1.0,9.0,True,2.1972245773362196,1.3862943611198906,0.0,0.0,12.0,True,49.0,12.0,1.0,9.0,-41.0,-9.0,-9.0,-1.7147984280919264,-2.302585092994046,18,1,17,1,0.49999999999999994,0.8660254037844387,0.2882906407095177,0.9575429528116719,3.9512437185814275,2.302585092994046,43.0,1.754019141245208,1,-41.0,-1.7147984280919264,Decreasing,,,3,,False,Insufficient Historical Baseline
situation_20230118_1800_73d32da8.pdf,2023-01-18,Other,2380,,,,,,,,,,13.0,51.0,0.0,0.0,0.0,7.0,6.0,0.0,0.0,1.0,2.0,9.0,True,grand_total,1800,2023-01-18 18:00:00,3,,,0.0,0,1,0,0,0,0,2.0,weather_forecast,0,0,,,,,,,,,,,1,0,0.0,0,0,0,0,549.0,warning,general_situation_report,retain,2023-01-18 18:00:00,18,1,1,24.0,2023-01-19 06:00:00,12.0,51.0,13.0,1.0,9.0,True,3.9512437185814275,2.6390573296152584,0.6931471805599453,2.302585092994046,24.0,True,8.0,3.0,0.0,0.0,43.0,10.0,9.0,1.754019141245208,2.302585092994046,18,1,18,2,0.49999999999999994,0.8660254037844387,0.3047192331091634,0.9524422234305676,3.9512437185814275,2.302585092994046,0.0,0.0,1,43.0,1.754019141245208,Increasing,,,3,,False,Insufficient Historical Baseline
situation_20230119_0600_3bb3b71e.pdf,2023-01-19,Other,2380,,,,,,,,,,13.0,51.0,0.0,0.0,0.0,7.0,6.0,0.0,0.0,1.0,2.0,9.0,True,grand_total,600,2023-01-19 06:00:00,3,,50.0,0.0,0,1,1,0,0,0,0.5,weather_forecast,0,0,,,,,,,,,,,1,0,0.0,0,0,0,0,561.0,warning,general_situation_report,retain,2023-01-19 06:00:00,19,1,1,12.0,2023-01-20 06:00:00,24.0,49.0,12.0,1.0,9.0,True,3.9512437185814275,2.6390573296152584,0.6931471805599453,2.302585092994046,12.0,True,51.0,13.0,1.0,9.0,0.0,0.0,0.0,0.0,0.0,6,1,19,3,0.49999999999999994,0.8660254037844387,0.321057654185271,0.9470596510722283,3.912023005428146,2.302585092994046,-2.0,-0.03922071315328157,1,0.0,0.0,Stable,,,4,,False,Insufficient Historical Baseline
situation_20230120_0600_6eb2fece.pdf,2023-01-20,Other,2121,,,,,,,,,,12.0,49.0,0.0,0.0,0.0,7.0,5.0,0.0,0.0,1.0,2.0,9.0,True,grand_total,600,2023-01-20 06:00:00,3,,40.0,0.0,0,0,1,0,0,0,0.5,weather_forecast,0,0,,,,,,,,,,,1,0,0.0,0,0,0,0,585.0,warning,general_situation_report,retain,2023-01-20 06:00:00,20,1,1,24.0,2023-01-20 18:00:00,12.0,33.0,8.0,0.0,0.0,True,3.912023005428146,2.5649493574615367,0.6931471805599453,2.302585092994046,24.0,True,51.0,13.0,1.0,9.0,-2.0,-1.0,0.0,-0.03922071315328157,0.0,6,1,20,4,0.49999999999999994,0.8660254037844387,0.3373010691361842,0.9413968285264122,3.5263605246161616,0.0,-16.0,-0.3856624808119844,0,-2.0,-0.03922071315328157,Decreasing,,,4,,False,Insufficient Historical Baseline
situation_20230120_1800_e05abc21.pdf,2023-01-20,"Heavy Rain, Strong Wind, Lightning",2593,,,,,,,,,,8.0,33.0,1.0,0.0,0.0,0.0,8.0,0.0,0.0,0.0,0.0,0.0,True,grand_total,1800,2023-01-20 18:00:00,3,75.0,40.0,0.0,1,1,1,0,0,0,2.0,weather_forecast,0,0,,,,,,,,,,,1,0,0.0,0,0,0,0,597.0,warning,general_situation_report,retain,2023-01-20 18:00:00,21,1,1,12.0,2023-01-21 06:00:00,12.0,33.0,8.0,0.0,0.0,True,3.5263605246161616,2.1972245773362196,0.0,0.0,12.0,True,49.0,12.0,1.0,9.0,-16.0,-4.0,-9.0,-0.3856624808119844,-2.302585092994046,18,1,20,4,0.49999999999999994,0.8660254037844387,0.3373010691361842,0.9413968285264122,3.5263605246161616,0.0,0.0,0.0,0,-16.0,-0.3856624808119844,Decreasing,,,4,,False,Insufficient Historical Baseline
situation_20230121_0600_f66e27d6.pdf,2023-01-21,"Heavy Rain, Strong Wind, Lightning",2593,,,,,,,,,,8.0,33.0,1.0,0.0,0.0,0.0,8.0,0.0,0.0,0.0,0.0,0.0,True,grand_total,600,2023-01-21 06:00:00,3,75.0,,0.0,1,1,0,0,0,0,0.5,weather_forecast,0,0,,,,,,,,,,,1,0,0.0,0,0,0,0,609.0,warning,general_situation_report,retain,2023-01-21 06:00:00,22,1,1,12.0,2023-01-24 06:00:00,72.0,0.0,0.0,0.0,0.0,False,3.5263605246161616,2.1972245773362196,0.0,0.0,12.0,True,33.0,8.0,0.0,0.0,0.0,0.0,0.0,0.0,0.0,6,1,21,5,0.49999999999999994,0.8660254037844387,0.3534446712740877,0.9354554315134164,0.0,0.0,-33.0,-3.5263605246161616,0,0.0,0.0,Stable,,,4,,False,Insufficient Historical Baseline
situation_20230124_0600_38fa3a35.pdf,2023-01-24,Other,2096,,,,,,,,,,0.0,0.0,0.0,0.0,0.0,0.0,0.0,0.0,0.0,0.0,0.0,0.0,True,grand_total,600,2023-01-24 06:00:00,3,75.0,,0.0,1,1,0,0,0,0,0.5,weather_forecast,0,0,,,,,,,,,,,1,0,0.0,0,0,0,0,681.0,warning,general_situation_report,retain,2023-01-24 06:00:00,23,1,1,72.0,2023-01-24 18:00:00,12.0,16.0,5.0,0.0,0.0,True,0.0,0.0,0.0,0.0,72.0,False,,,,,,,,,,6,1,24,1,0.49999999999999994,0.8660254037844387,0.4012289854475009,0.9159777842484877,2.833213344056216,0.0,16.0,2.833213344056216,0,,,Insufficient Previous Context,,,0,,False,Gap / No Comparable Previous Report
situation_20230124_1800_607b6102.pdf,2023-01-24,"Heavy Rain, Strong Wind",2402,,,,,,,,,,5.0,16.0,0.0,0.0,0.0,0.0,5.0,0.0,0.0,0.0,0.0,0.0,True,grand_total,1800,2023-01-24 18:00:00,4,100.0,,2.0,1,1,0,0,0,0,0.25,thunderstorm,0,0,,,,,,,,,,,1,0,0.0,0,0,0,0,693.0,warning,general_situation_report,retain,2023-01-24 18:00:00,24,1,1,12.0,2023-01-25 18:00:00,24.0,0.0,0.0,0.0,0.0,True,2.833213344056216,1.791759469228055,0.0,0.0,12.0,True,0.0,0.0,0.0,0.0,16.0,5.0,0.0,2.833213344056216,0.0,18,1,24,1,0.49999999999999994,0.8660254037844387,0.4012289854475009,0.9159777842484877,0.0,0.0,-16.0,-2.833213344056216,0,16.0,2.833213344056216,Increasing,,,4,,False,Insufficient Historical Baseline
situation_20230125_1800_93a8e2e3.pdf,2023-01-25,Other,2096,,,,,,,,,,0.0,0.0,0.0,0.0,0.0,0.0,0.0,0.0,0.0,0.0,0.0,0.0,True,grand_total,1800,2023-01-25 18:00:00,3,,,0.0,0,1,0,0,0,0,2.0,weather_forecast,0,0,,,,,,,,,,,1,0,0.0,0,0,0,0,717.0,warning,general_situation_report,retain,2023-01-25 18:00:00,25,1,1,24.0,2023-01-26 18:00:00,24.0,5.0,2.0,0.0,0.0,True,0.0,0.0,0.0,0.0,24.0,True,16.0,5.0,0.0,0.0,-16.0,-5.0,0.0,-2.833213344056216,0.0,18,1,25,2,0.49999999999999994,0.8660254037844387,0.4169258813287287,0.908940487313808,1.791759469228055,0.0,5.0,1.791759469228055,0,-16.0,-2.833213344056216,Decreasing,,,5,,False,Insufficient Historical Baseline
situation_20230126_1800_3e95f5a1.pdf,2023-01-26,Strong Wind,2105,,,,,,,,,,2.0,5.0,0.0,0.0,0.0,0.0,2.0,0.0,0.0,0.0,0.0,0.0,True,grand_total,1800,2023-01-26 18:00:00,3,50.0,,0.0,1,1,0,0,0,0,2.0,weather_forecast,0,0,,,,,,,,,,,1,0,0.0,0,0,0,0,741.0,warning,general_situation_report,retain,2023-01-26 18:00:00,26,1,1,24.0,2023-01-27 18:00:00,24.0,16.0,4.0,0.0,0.0,True,1.791759469228055,1.0986122886681098,0.0,0.0,24.0,True,0.0,0.0,0.0,0.0,5.0,2.0,0.0,1.791759469228055,0.0,18,1,26,3,0.49999999999999994,0.8660254037844387,0.4324994021339788,0.901634220265486,2.833213344056216,0.0,11.0,1.0414538748281612,0,5.0,1.791759469228055,Increasing,,,5,,False,Insufficient Historical Baseline
situation_20230127_1800_c4d06897.pdf,2023-01-27,"Strong Wind, Lightning",2553,,,,,,,,,,4.0,16.0,0.0,0.0,0.0,0.0,4.0,0.0,0.0,0.0,0.0,0.0,True,grand_total,1800,2023-01-27 18:00:00,3,50.0,,0.0,1,1,0,0,0,0,2.0,weather_forecast,0,0,,,,,,,,,,,1,0,0.0,0,0,0,0,765.0,warning,general_situation_report,retain,2023-01-27 18:00:00,27,1,1,24.0,2023-01-28 06:00:00,12.0,16.0,4.0,0.0,0.0,True,2.833213344056216,1.6094379124341003,0.0,0.0,24.0,True,5.0,2.0,0.0,0.0,11.0,2.0,0.0,1.0414538748281612,0.0,18,1,27,4,0.49999999999999994,0.8660254037844387,0.44794493940789115,0.8940611451454876,2.833213344056216,0.0,0.0,0.0,0,11.0,1.0414538748281612,Increasing,,,6,,False,Insufficient Historical Baseline
situation_20230128_0600_1680e5d6.pdf,2023-01-28,"Strong Wind, Lightning",2553,,,,,,,,,,4.0,16.0,0.0,0.0,0.0,0.0,4.0,0.0,0.0,0.0,0.0,0.0,True,grand_total,600,2023-01-28 06:00:00,3,,,0.0,0,1,0,0,1,0,0.5,weather_forecast,0,0,,,,,,,,,,,1,0,0.0,0,0,0,0,777.0,warning,general_situation_report,retain,2023-01-28 06:00:00,28,1,1,12.0,2023-01-28 18:00:00,12.0,0.0,0.0,0.0,0.0,True,2.833213344056216,1.6094379124341003,0.0,0.0,12.0,True,16.0,4.0,0.0,0.0,0.0,0.0,0.0,0.0,0.0,6,1,28,5,0.49999999999999994,0.8660254037844387,0.4632579225674917,0.88622350294858,0.0,0.0,-16.0,-2.833213344056216,0,0.0,0.0,Stable,,,7,,False,Insufficient Historical Baseline
situation_20230128_1800_a35b9fb4.pdf,2023-01-28,Other,2096,,,,,,,,,,0.0,0.0,0.0,0.0,0.0,0.0,0.0,0.0,0.0,0.0,0.0,0.0,True,grand_total,1800,2023-01-28 18:00:00,2,,,0.0,0,1,0,0,1,0,6.0,weather_forecast,0,0,,,,,,,,,,,1,0,0.0,0,0,0,0,789.0,warning,general_situation_report,retain,2023-01-28 18:00:00,29,1,1,12.0,2023-01-30 18:00:00,48.0,11.0,3.0,0.0,0.0,True,0.0,0.0,0.0,0.0,12.0,True,16.0,4.0,0.0,0.0,-16.0,-4.0,0.0,-2.833213344056216,0.0,18,1,28,5,0.49999999999999994,0.8660254037844387,0.4632579225674917,0.88622350294858,2.4849066497880004,0.0,11.0,2.4849066497880004,0,-16.0,-2.833213344056216,Decreasing,,,7,,False,Insufficient Historical Baseline
situation_20230130_1800_76705d62.pdf,2023-01-30,Strong Wind,2365,,,,,,,,,,3.0,11.0,0.0,0.0,0.0,0.0,3.0,0.0,0.0,0.0,0.0,0.0,True,grand_total,1800,2023-01-30 18:00:00,4,150.0,60.0,2.0,1,1,1,1,1,0,0.0,depression,0,0,,,,,,,,,,,1,0,0.0,0,0,0,0,837.0,warning,general_situation_report,retain,2023-01-30 18:00:00,30,1,1,48.0,2023-01-31 18:00:00,24.0,0.0,0.0,0.0,0.0,True,2.4849066497880004,1.3862943611198906,0.0,0.0,48.0,True,0.0,0.0,0.0,0.0,11.0,3.0,0.0,2.4849066497880004,0.0,18,1,30,0,0.49999999999999994,0.8660254037844387,0.49346814167723735,0.8697638720650646,0.0,0.0,-11.0,-2.4849066497880004,0,11.0,2.4849066497880004,Increasing,,,7,,False,Insufficient Historical Baseline
situation_20230131_1800_f81fd344.pdf,2023-01-31,Other,2091,,,,,,,,,,0.0,0.0,0.0,0.0,0.0,0.0,0.0,0.0,0.0,0.0,0.0,0.0,True,grand_total,1800,2023-01-31 18:00:00,5,150.0,60.0,2.0,1,1,1,1,1,0,2.0,weather_forecast,0,0,,,,,,,,,,,1,0,0.0,0,0,0,0,861.0,warning,general_situation_report,retain,2023-01-31 18:00:00,31,1,1,24.0,2023-02-01 18:00:00,24.0,15.0,3.0,0.0,0.0,True,0.0,0.0,0.0,0.0,24.0,True,11.0,3.0,0.0,0.0,-11.0,-3.0,0.0,-2.4849066497880004,0.0,18,1,31,1,0.49999999999999994,0.8660254037844387,0.5083564379375122,0.8611467540480452,2.772588722239781,0.0,15.0,2.772588722239781,0,-11.0,-2.4849066497880004,Decreasing,,,8,,False,Insufficient Historical Baseline
situation_20230201_1800_8f104fa8.pdf,2023-02-01,Strong Wind,2410,,,,,,,,,,3.0,15.0,0.0,2.0,0.0,0.0,2.0,1.0,1.0,0.0,0.0,0.0,True,grand_total,1800,2023-02-01 18:00:00,3,150.0,60.0,0.0,1,1,1,0,1,0,2.0,weather_forecast,0,0,,,,,,,,,,,1,0,0.0,0,0,0,0,885.0,warning,general_situation_report,retain,2023-02-01 18:00:00,32,1,1,24.0,2023-02-02 18:00:00,24.0,578.0,168.0,0.0,0.0,True,2.772588722239781,1.3862943611198906,0.0,0.0,24.0,True,0.0,0.0,0.0,0.0,15.0,3.0,0.0,2.772588722239781,0.0,18,2,32,2,0.8660254037844386,0.5000000000000001,0.5230943033491326,0.8522748088519838,6.361302477572996,0.0,563.0,3.5887137553332145,0,15.0,2.772588722239781,Increasing,,,8,,False,Insufficient Historical Baseline
situation_20230202_1800_d0a3209b.pdf,2023-02-02,"Heavy Rain, Strong Wind",4546,,,,,,,,,,168.0,578.0,0.0,2.0,0.0,0.0,157.0,13.0,1.0,0.0,0.0,0.0,True,grand_total,1800,2023-02-02 18:00:00,4,100.0,70.0,2.0,1,1,1,0,1,0,6.0,weather_forecast,0,0,,,,,,,,,,,1,0,0.0,0,0,0,0,909.0,warning,general_situation_report,retain,2023-02-02 18:00:00,33,1,1,24.0,2023-02-03 06:00:00,12.0,578.0,168.0,0.0,0.0,True,6.361302477572996,5.1298987149230735,0.0,0.0,24.0,True,15.0,3.0,0.0,0.0,563.0,165.0,0.0,3.5887137553332145,0.0,18,2,33,3,0.8660254037844386,0.5000000000000001,0.5376773767406141,0.8431506618282,6.361302477572996,0.0,0.0,0.0,0,563.0,3.5887137553332145,Increasing,,,9,,False,Insufficient Historical Baseline
situation_20230203_0600_16ccdd11.pdf,2023-02-03,"Heavy Rain, Strong Wind",4546,,,,,,,,,,168.0,578.0,0.0,2.0,0.0,0.0,157.0,13.0,1.0,0.0,0.0,0.0,True,grand_total,600,2023-02-03 06:00:00,4,100.0,70.0,2.0,1,1,1,0,1,0,0.5,weather_forecast,0,0,,,,,,,,,,,1,0,0.0,0,0,0,0,921.0,warning,general_situation_report,retain,2023-02-03 06:00:00,34,1,1,12.0,2023-02-03 18:00:00,12.0,986.0,292.0,0.0,0.0,True,6.361302477572996,5.1298987149230735,0.0,0.0,12.0,True,578.0,168.0,0.0,0.0,0.0,0.0,0.0,0.0,0.0,6,2,34,4,0.8660254037844386,0.5000000000000001,0.5521013427459208,0.8337770129585915,6.894670039433482,0.0,408.0,0.5333675618604863,0,0.0,0.0,Stable,,,10,,False,Insufficient Historical Baseline
situation_20230203_1800_df723938.pdf,2023-02-03,"Flood, Heavy Rain, Strong Wind",4963,,,,,,,,,,292.0,986.0,0.0,2.0,0.0,0.0,179.0,15.0,1.0,0.0,0.0,0.0,True,grand_total,1800,2023-02-03 18:00:00,4,50.0,,0.0,1,1,0,0,1,0,2.0,weather_forecast,0,0,,,,,,,,,,,1,0,0.0,0,0,0,0,933.0,warning,general_situation_report,retain,2023-02-03 18:00:00,35,1,1,12.0,2023-02-04 06:00:00,12.0,986.0,292.0,0.0,0.0,True,6.894670039433482,5.680172609017068,0.0,0.0,12.0,True,578.0,168.0,0.0,0.0,408.0,124.0,0.0,0.5333675618604863,0.0,18,2,34,4,0.8660254037844386,0.5000000000000001,0.5521013427459208,0.8337770129585915,6.894670039433482,0.0,0.0,0.0,0,408.0,0.5333675618604863,Increasing,,,10,,False,Insufficient Historical Baseline
situation_20230204_0600_5fe4382a.pdf,2023-02-04,"Flood, Heavy Rain, Strong Wind",4965,,,,,,,,,,292.0,986.0,0.0,2.0,0.0,0.0,179.0,15.0,1.0,0.0,0.0,0.0,True,grand_total,600,2023-02-04 06:00:00,4,50.0,,0.0,1,1,0,0,1,0,0.5,weather_forecast,0,0,,,,,,,,,,,1,0,0.0,0,0,0,0,945.0,warning,general_situation_report,retain,2023-02-04 06:00:00,36,1,1,12.0,2023-02-04 18:00:00,12.0,1036.0,305.0,0.0,0.0,True,6.894670039433482,5.680172609017068,0.0,0.0,12.0,True,986.0,292.0,0.0,0.0,0.0,0.0,0.0,0.0,0.0,6,2,35,5,0.8660254037844386,0.5000000000000001,0.5663619330814524,0.8241566360566663,6.9440872082295275,0.0,50.0,0.04941716879604563,0,0.0,0.0,Stable,,,11,,False,Insufficient Historical Baseline
situation_20230204_1800_98a685b0.pdf,2023-02-04,"Flood, Heavy Rain, Strong Wind",5136,,,,,,,,,,305.0,1036.0,0.0,2.0,0.0,0.0,192.0,15.0,1.0,0.0,0.0,0.0,True,grand_total,1800,2023-02-04 18:00:00,4,50.0,,2.0,1,1,0,0,0,0,2.0,weather_forecast,0,0,,,,,,,,,,,1,0,0.0,0,0,0,0,957.0,warning,general_situation_report,retain,2023-02-04 18:00:00,37,1,1,12.0,2023-02-05 06:00:00,12.0,1038.0,306.0,0.0,0.0,True,6.9440872082295275,5.723585101952381,0.0,0.0,12.0,True,986.0,292.0,0.0,0.0,50.0,13.0,0.0,0.04941716879604563,0.0,18,2,35,5,0.8660254037844386,0.5000000000000001,0.5663619330814524,0.8241566360566663,6.946013991099227,0.0,2.0,0.001926782869699828,0,50.0,0.04941716879604563,Increasing,,,11,,False,Insufficient Historical Baseline
situation_20230205_0600_ff4876f7.pdf,2023-02-05,"Flood, Heavy Rain, Strong Wind",5161,,,,,,,,,,306.0,1038.0,0.0,2.0,0.0,0.0,193.0,15.0,1.0,0.0,0.0,0.0,True,grand_total,600,2023-02-05 06:00:00,4,,,2.0,0,1,0,0,0,0,0.5,weather_forecast,0,0,,,,,,,,,,,1,0,0.0,0,0,0,0,969.0,warning,general_situation_report,retain,2023-02-05 06:00:00,38,1,1,12.0,2023-02-05 18:00:00,12.0,1038.0,306.0,0.0,0.0,True,6.946013991099227,5.726847747587197,0.0,0.0,12.0,True,1036.0,305.0,0.0,0.0,2.0,1.0,0.0,0.001926782869699828,0.0,6,2,36,6,0.8660254037844386,0.5000000000000001,0.580454927809098,0.8142923779467267,6.946013991099227,0.0,0.0,0.0,0,2.0,0.001926782869699828,Increasing,,,12,,False,Insufficient Historical Baseline
situation_20230205_1800_5a8cc6cb.pdf,2023-02-05,"Flood, Heavy Rain, Strong Wind",5156,,,,,,,,,,306.0,1038.0,0.0,2.0,0.0,0.0,193.0,15.0,1.0,0.0,0.0,0.0,True,grand_total,1800,2023-02-05 18:00:00,3,50.0,,0.0,1,1,0,0,0,0,2.0,weather_forecast,0,0,,,,,,,,,,,1,0,0.0,0,0,0,0,981.0,warning,general_situation_report,retain,2023-02-05 18:00:00,39,1,1,12.0,2023-02-06 06:00:00,12.0,1038.0,306.0,0.0,0.0,True,6.946013991099227,5.726847747587197,0.0,0.0,12.0,True,1038.0,306.0,0.0,0.0,0.0,0.0,0.0,0.0,0.0,18,2,36,6,0.8660254037844386,0.5000000000000001,0.580454927809098,0.8142923779467267,6.946013991099227,0.0,0.0,0.0,0,0.0,0.0,Stable,,,13,,False,Insufficient Historical Baseline
situation_20230206_0600_a480d8ce.pdf,2023-02-06,"Flood, Heavy Rain, Strong Wind",5156,,,,,,,,,,306.0,1038.0,0.0,2.0,0.0,0.0,193.0,15.0,1.0,0.0,0.0,0.0,True,grand_total,600,2023-02-06 06:00:00,3,50.0,,0.0,1,1,0,0,0,0,0.5,weather_forecast,0,0,,,,,,,,,,,1,0,0.0,0,0,0,0,993.0,warning,general_situation_report,retain,2023-02-06 06:00:00,40,1,1,12.0,2023-02-06 18:00:00,12.0,65.0,17.0,0.0,0.0,True,6.946013991099227,5.726847747587197,0.0,0.0,12.0,True,1038.0,306.0,0.0,0.0,0.0,0.0,0.0,0.0,0.0,6,2,37,0,0.8660254037844386,0.5000000000000001,0.5943761565849831,0.804187157621448,4.189654742026425,0.0,-973.0,-2.756359249072802,0,0.0,0.0,Stable,,,13,,False,Insufficient Historical Baseline
situation_20230206_1800_e68937ca.pdf,2023-02-06,Strong Wind,2713,,,,,,,,,,17.0,65.0,0.0,0.0,0.0,1.0,13.0,0.0,0.0,0.0,0.0,0.0,True,grand_total,1800,2023-02-06 18:00:00,5,75.0,,2.0,1,1,0,0,0,0,2.0,weather_forecast,0,0,,,,,,,,,,,1,0,0.0,0,0,0,0,1005.0,warning,general_situation_report,retain,2023-02-06 18:00:00,41,1,1,12.0,2023-02-07 18:00:00,24.0,37.0,10.0,0.0,0.0,True,4.189654742026425,2.8903717578961645,0.0,0.0,12.0,True,1038.0,306.0,0.0,0.0,-973.0,-289.0,0.0,-2.756359249072802,0.0,18,2,37,0,0.8660254037844386,0.5000000000000001,0.5943761565849831,0.804187157621448,3.6375861597263857,0.0,-28.0,-0.5520685823000395,0,-973.0,-2.756359249072802,Decreasing,,,13,,False,Insufficient Historical Baseline
situation_20230207_1800_d0c12c35.pdf,2023-02-07,Strong Wind,2535,,,,,,,,,,10.0,37.0,0.0,1.0,0.0,1.0,3.0,0.0,0.0,0.0,0.0,0.0,True,grand_total,1800,2023-02-07 18:00:00,2,,,0.0,0,1,0,0,0,0,2.0,weather_forecast,0,0,,,,,,,,,,,1,0,0.0,0,0,0,0,1029.0,warning,general_situation_report,retain,2023-02-07 18:00:00,42,1,1,24.0,2023-02-08 06:00:00,12.0,37.0,10.0,0.0,0.0,True,3.6375861597263857,2.3978952727983707,0.0,0.0,24.0,True,65.0,17.0,0.0,0.0,-28.0,-7.0,0.0,-0.5520685823000395,0.0,18,2,38,1,0.8660254037844386,0.5000000000000001,0.6081214998935418,0.7938439653781019,3.6375861597263857,0.0,0.0,0.0,0,-28.0,-0.5520685823000395,Decreasing,,,13,,False,Insufficient Historical Baseline
situation_20230208_0600_748c5a26.pdf,2023-02-08,Strong Wind,2535,,,,,,,,,,10.0,37.0,0.0,1.0,0.0,1.0,3.0,0.0,0.0,0.0,0.0,0.0,True,grand_total,600,2023-02-08 06:00:00,2,,,0.0,0,1,0,0,0,0,0.5,weather_forecast,0,0,,,,,,,,,,,1,0,0.0,0,0,0,0,1041.0,warning,general_situation_report,retain,2023-02-08 06:00:00,43,1,1,12.0,2023-02-08 18:00:00,12.0,38.0,11.0,0.0,0.0,True,3.6375861597263857,2.3978952727983707,0.0,0.0,12.0,True,37.0,10.0,0.0,0.0,0.0,0.0,0.0,0.0,0.0,6,2,39,2,0.8660254037844386,0.5000000000000001,0.6216868902665479,0.7832658619336791,3.6635616461296463,0.0,1.0,0.02597548640326064,0,0.0,0.0,Stable,,,13,,False,Insufficient Historical Baseline
situation_20230208_1800_489b0f59.pdf,2023-02-08,Strong Wind,2623,,,,,,,,,,11.0,38.0,1.0,0.0,0.0,1.0,4.0,0.0,0.0,0.0,0.0,0.0,True,grand_total,1800,2023-02-08 18:00:00,3,,,0.0,0,1,0,0,0,0,2.0,weather_forecast,0,0,,,,,,,,,,,1,0,0.0,0,0,0,0,1053.0,warning,general_situation_report,retain,2023-02-08 18:00:00,44,1,1,12.0,2023-02-09 06:00:00,12.0,5.0,2.0,0.0,0.0,True,3.6635616461296463,2.4849066497880004,0.0,0.0,12.0,True,37.0,10.0,0.0,0.0,1.0,1.0,0.0,0.02597548640326064,0.0,18,2,39,2,0.8660254037844386,0.5000000000000001,0.6216868902665479,0.7832658619336791,1.791759469228055,0.0,-33.0,-1.8718021769015913,0,1.0,0.02597548640326064,Increasing,,,13,,False,Insufficient Historical Baseline
situation_20230209_0600_1dccf538.pdf,2023-02-09,Strong Wind,2200,,,,,,,,,,2.0,5.0,1.0,0.0,0.0,0.0,1.0,0.0,0.0,0.0,0.0,0.0,True,grand_total,600,2023-02-09 06:00:00,3,,,0.0,0,1,0,0,0,0,0.5,weather_forecast,0,0,,,,,,,,,,,1,0,0.0,0,0,0,0,1065.0,warning,general_situation_report,retain,2023-02-09 06:00:00,45,1,1,12.0,2023-02-09 18:00:00,12.0,4.0,2.0,0.0,0.0,True,1.791759469228055,1.0986122886681098,0.0,0.0,12.0,True,38.0,11.0,0.0,0.0,-33.0,-9.0,0.0,-1.8718021769015913,0.0,6,2,40,3,0.8660254037844386,0.5000000000000001,0.6350683134867438,0.7724559775191742,1.6094379124341003,0.0,-1.0,-0.18232155679395468,0,-33.0,-1.8718021769015913,Decreasing,,,14,,False,Insufficient Historical Baseline
situation_20230209_1800_47204481.pdf,2023-02-09,Strong Wind,2383,,,,,,,,,,2.0,4.0,0.0,0.0,0.0,0.0,2.0,0.0,0.0,0.0,0.0,0.0,True,grand_total,1800,2023-02-09 18:00:00,4,,,0.0,0,1,0,0,0,0,2.0,weather_forecast,0,0,,,,,,,,,,,1,0,0.0,0,0,0,0,1077.0,warning,general_situation_report,retain,2023-02-09 18:00:00,46,1,1,12.0,2023-02-10 06:00:00,12.0,4.0,2.0,0.0,0.0,True,1.6094379124341003,1.0986122886681098,0.0,0.0,12.0,True,5.0,2.0,0.0,0.0,-1.0,0.0,0.0,-0.18232155679395468,0.0,18,2,40,3,0.8660254037844386,0.5000000000000001,0.6350683134867438,0.7724559775191742,1.6094379124341003,0.0,0.0,0.0,0,-1.0,-0.18232155679395468,Decreasing,,,14,,False,Insufficient Historical Baseline
situation_20230210_0600_48203b09.pdf,2023-02-10,Strong Wind,2383,,,,,,,,,,2.0,4.0,0.0,0.0,0.0,0.0,2.0,0.0,0.0,0.0,0.0,0.0,True,grand_total,600,2023-02-10 06:00:00,4,,,0.0,0,1,0,0,0,0,0.5,weather_forecast,0,0,,,,,,,,,,,1,0,0.0,0,0,0,0,1089.0,warning,general_situation_report,retain,2023-02-10 06:00:00,47,1,1,12.0,2023-02-10 18:00:00,12.0,0.0,0.0,0.0,0.0,True,1.6094379124341003,1.0986122886681098,0.0,0.0,12.0,True,4.0,2.0,0.0,0.0,0.0,0.0,0.0,0.0,0.0,6,2,41,4,0.8660254037844386,0.5000000000000001,0.6482618097757122,0.7614175109532997,0.0,0.0,-4.0,-1.6094379124341003,0,0.0,0.0,Stable,,,14,,False,Insufficient Historical Baseline
situation_20230210_1800_7ce9615d.pdf,2023-02-10,Other,2094,,,,,,,,,,0.0,0.0,0.0,0.0,0.0,0.0,0.0,0.0,0.0,0.0,0.0,0.0,True,grand_total,1800,2023-02-10 18:00:00,3,,,0.0,0,1,0,0,0,0,2.0,weather_forecast,0,0,,,,,,,,,,,1,0,0.0,0,0,0,0,1101.0,warning,general_situation_report,retain,2023-02-10 18:00:00,48,1,1,12.0,2023-02-12 06:00:00,36.0,0.0,0.0,0.0,0.0,True,0.0,0.0,0.0,0.0,12.0,True,4.0,2.0,0.0,0.0,-4.0,-2.0,0.0,-1.6094379124341003,0.0,18,2,41,4,0.8660254037844386,0.5000000000000001,0.6482618097757122,0.7614175109532997,0.0,0.0,0.0,0.0,0,-4.0,-1.6094379124341003,Decreasing,,,14,,False,Insufficient Historical Baseline
situation_20230212_0600_b90d0bcd.pdf,2023-02-12,Other,2099,,,,,,,,,,0.0,0.0,0.0,0.0,0.0,0.0,0.0,0.0,0.0,0.0,0.0,0.0,True,grand_total,600,2023-02-12 06:00:00,3,,,0.0,0,1,0,0,0,0,0.5,weather_forecast,0,0,,,,,,,,,,,1,0,0.0,0,0,0,0,1137.0,warning,general_situation_report,retain,2023-02-12 06:00:00,49,1,1,36.0,2023-02-13 18:00:00,36.0,8.0,2.0,0.0,0.0,True,0.0,0.0,0.0,0.0,36.0,True,0.0,0.0,0.0,0.0,0.0,0.0,0.0,0.0,0.0,6,2,43,6,0.8660254037844386,0.5000000000000001,0.6740694616546161,0.7386679638813748,2.1972245773362196,0.0,8.0,2.1972245773362196,0,0.0,0.0,Stable,,,14,,False,Insufficient Historical Baseline
situation_20230213_1800_8f72cf17.pdf,2023-02-13,Heavy Rain,2133,,,,,,,,,,2.0,8.0,0.0,0.0,0.0,0.0,2.0,0.0,0.0,0.0,0.0,0.0,True,grand_total,1800,2023-02-13 18:00:00,2,,,0.0,0,1,0,0,0,0,6.0,weather_forecast,0,0,,,,,,,,,,,1,0,0.0,0,0,0,0,1173.0,warning,general_situation_report,retain,2023-02-13 18:00:00,50,1,1,36.0,2023-02-14 05:30:00,11.5,8.0,2.0,0.0,0.0,True,2.1972245773362196,1.0986122886681098,0.0,0.0,36.0,True,0.0,0.0,0.0,0.0,8.0,2.0,0.0,2.1972245773362196,0.0,18,2,44,0,0.8660254037844386,0.5000000000000001,0.6866759803451553,0.726963615332308,2.1972245773362196,0.0,0.0,0.0,0,8.0,2.1972245773362196,Increasing,,,14,,False,Insufficient Historical Baseline
situation_20230214_0530_a8a41bd3.pdf,2023-02-14,Heavy Rain,2133,,,,,,,,,,2.0,8.0,0.0,0.0,0.0,0.0,2.0,0.0,0.0,0.0,0.0,0.0,True,grand_total,530,2023-02-14 05:30:00,3,,,0.0,0,1,0,0,0,0,0.0,weather_forecast,0,0,,,,,,,,,,,1,0,0.0,0,0,0,0,1184.5,warning,general_situation_report,retain,2023-02-14 05:30:00,51,1,1,11.5,2023-02-14 18:00:00,12.5,0.0,0.0,0.0,0.0,True,2.1972245773362196,1.0986122886681098,0.0,0.0,11.5,True,8.0,2.0,0.0,0.0,0.0,0.0,0.0,0.0,0.0,5,2,45,1,0.8660254037844386,0.5000000000000001,0.6990793005655562,0.7150441465537444,0.0,0.0,-8.0,-2.1972245773362196,0,0.0,0.0,Stable,,,15,,False,Insufficient Historical Baseline
situation_20230214_1800_0b3d5c61.pdf,2023-02-14,Other,2097,,,,,,,,,,0.0,0.0,0.0,0.0,0.0,0.0,0.0,0.0,0.0,0.0,0.0,0.0,True,grand_total,1800,2023-02-14 18:00:00,3,,,0.0,0,1,0,0,0,0,2.0,weather_forecast,0,0,,,,,,,,,,,1,0,0.0,0,0,0,0,1197.0,warning,general_situation_report,retain,2023-02-14 18:00:00,52,1,1,12.5,2023-02-17 06:00:00,60.0,10.0,2.0,0.0,0.0,False,0.0,0.0,0.0,0.0,12.5,True,8.0,2.0,0.0,0.0,-8.0,-2.0,0.0,-2.1972245773362196,0.0,18,2,45,1,0.8660254037844386,0.5000000000000001,0.6990793005655562,0.7150441465537444,2.3978952727983707,0.0,10.0,2.3978952727983707,0,-8.0,-2.1972245773362196,Decreasing,,,15,,False,Insufficient Historical Baseline
situation_20230217_0600_f22d006b.pdf,2023-02-17,Strong Wind,2350,,,,,,,,,,2.0,10.0,0.0,0.0,0.0,0.0,2.0,0.0,0.0,0.0,0.0,0.0,True,grand_total,600,2023-02-17 06:00:00,4,,,0.0,0,0,0,0,0,0,0.5,weather_forecast,0,0,,,,,,,,,,,1,0,0.0,0,0,0,0,1257.0,warning,general_situation_report,retain,2023-02-17 06:00:00,53,1,1,60.0,2023-02-17 18:00:00,12.0,5.0,1.0,0.0,0.0,True,2.3978952727983707,1.0986122886681098,0.0,0.0,60.0,False,,,,,,,,,,6,2,48,4,0.8660254037844386,0.5000000000000001,0.7350336741329413,0.6780306024735382,1.791759469228055,0.0,-5.0,-0.6061358035703157,0,,,Insufficient Previous Context,,,0,,False,Gap / No Comparable Previous Report
situation_20230217_1800_4a4dd9c9.pdf,2023-02-17,Strong Wind,2119,,,,,,,,,,1.0,5.0,0.0,0.0,0.0,0.0,1.0,0.0,0.0,0.0,0.0,0.0,True,grand_total,1800,2023-02-17 18:00:00,3,,,0.0,0,1,0,0,0,0,2.0,weather_forecast,0,0,,,,,,,,,,,1,0,0.0,0,0,0,0,1269.0,warning,general_situation_report,retain,2023-02-17 18:00:00,54,1,1,12.0,2023-02-18 06:00:00,12.0,0.0,0.0,0.0,0.0,True,1.791759469228055,0.6931471805599453,0.0,0.0,12.0,True,10.0,2.0,0.0,0.0,-5.0,-1.0,0.0,-0.6061358035703157,0.0,18,2,48,4,0.8660254037844386,0.5000000000000001,0.7350336741329413,0.6780306024735382,0.0,0.0,-5.0,-1.791759469228055,0,-5.0,-0.6061358035703157,Decreasing,,,15,,False,Insufficient Historical Baseline
situation_20230218_0600_a069329a.pdf,2023-02-18,Other,2110,,,,,,,,,,0.0,0.0,0.0,0.0,0.0,0.0,0.0,0.0,0.0,0.0,0.0,0.0,True,grand_total,600,2023-02-18 06:00:00,4,50.0,,0.0,1,1,0,0,0,0,0.5,weather_forecast,0,0,,,,,,,,,,,1,0,0.0,0,0,0,0,1281.0,warning,general_situation_report,retain,2023-02-18 06:00:00,55,1,1,12.0,2023-02-21 18:00:00,84.0,1271.0,356.0,2.0,33.0,False,0.0,0.0,0.0,0.0,12.0,True,5.0,1.0,0.0,0.0,-5.0,-1.0,0.0,-1.791759469228055,0.0,6,2,49,5,0.8660254037844386,0.5000000000000001,0.746588114532413,0.6652865452111116,7.148345743900068,3.5263605246161616,1271.0,7.148345743900068,1,-5.0,-1.791759469228055,Decreasing,,,15,,False,Insufficient Historical Baseline
situation_20230221_1800_693de2ca.pdf,2023-02-21,"Heavy Rain, Strong Wind",3226,,,,,,,,,,356.0,1271.0,0.0,0.0,0.0,9.0,23.0,0.0,0.0,2.0,28.0,33.0,True,grand_total,1800,2023-02-21 18:00:00,3,,,0.0,0,1,0,0,0,0,2.0,weather_forecast,0,0,,,,,,,,,,,1,0,0.0,0,0,0,0,1365.0,warning,general_situation_report,retain,2023-02-21 18:00:00,56,1,1,84.0,2023-02-22 06:00:00,12.0,1271.0,356.0,2.0,33.0,True,7.148345743900068,5.877735781779639,1.0986122886681098,3.5263605246161616,84.0,False,,,,,,,,,,18,2,52,1,0.8660254037844386,0.5000000000000001,0.7799125224167177,0.6258885343075018,7.148345743900068,3.5263605246161616,0.0,0.0,1,,,Insufficient Previous Context,,,0,,False,Gap / No Comparable Previous Report
situation_20230222_0600_d48d7cce.pdf,2023-02-22,"Heavy Rain, Strong Wind",3226,,,,,,,,,,356.0,1271.0,0.0,0.0,0.0,9.0,23.0,0.0,0.0,2.0,28.0,33.0,True,grand_total,600,2023-02-22 06:00:00,3,,,0.0,0,1,0,0,0,0,0.5,weather_forecast,0,0,,,,,,,,,,,1,0,0.0,0,0,0,0,1377.0,warning,general_situation_report,retain,2023-02-22 06:00:00,57,1,1,12.0,2023-02-22 18:00:00,12.0,1274.0,357.0,2.0,33.0,True,7.148345743900068,5.877735781779639,1.0986122886681098,3.5263605246161616,12.0,True,1271.0,356.0,2.0,33.0,0.0,0.0,0.0,0.0,0.0,6,2,53,2,0.8660254037844386,0.5000000000000001,0.7905633969115482,0.612380204990065,7.150701457592526,3.5263605246161616,3.0,0.002355713692458572,1,0.0,0.0,Stable,,,15,,False,Insufficient Historical Baseline
situation_20230222_1800_731a520d.pdf,2023-02-22,"Heavy Rain, Strong Wind",3282,,,,,,,,,,357.0,1274.0,0.0,0.0,0.0,9.0,24.0,0.0,0.0,2.0,28.0,33.0,True,grand_total,1800,2023-02-22 18:00:00,3,,,0.0,0,1,0,0,0,0,2.0,weather_forecast,0,0,,,,,,,,,,,1,0,0.0,0,0,0,0,1389.0,warning,general_situation_report,retain,2023-02-22 18:00:00,58,1,1,12.0,2023-02-23 18:00:00,24.0,1192.0,332.0,2.0,33.0,True,7.150701457592526,5.8805329864007,1.0986122886681098,3.5263605246161616,12.0,True,1271.0,356.0,2.0,33.0,3.0,1.0,0.0,0.002355713692458572,0.0,18,2,53,2,0.8660254037844386,0.5000000000000001,0.7905633969115482,0.612380204990065,7.084226422097916,3.5263605246161616,-82.0,-0.06647503549461042,1,3.0,0.002355713692458572,Increasing,,,15,,False,Insufficient Historical Baseline
situation_20230223_1800_e0604234.pdf,2023-02-23,"Heavy Rain, Strong Wind",2989,,,,,,,,,,332.0,1192.0,0.0,0.0,0.0,9.0,3.0,0.0,0.0,2.0,28.0,33.0,True,grand_total,1800,2023-02-23 18:00:00,3,,,0.0,0,1,0,0,0,0,2.0,weather_forecast,0,0,,,,,,,,,,,1,0,0.0,0,0,0,0,1413.0,warning,general_situation_report,retain,2023-02-23 18:00:00,59,1,1,24.0,2023-02-24 06:00:00,12.0,1192.0,332.0,2.0,33.0,True,7.084226422097916,5.808142489980444,1.0986122886681098,3.5263605246161616,24.0,True,1274.0,357.0,2.0,33.0,-82.0,-25.0,0.0,-0.06647503549461042,0.0,18,2,54,3,0.8660254037844386,0.5000000000000001,0.8009803309782905,0.5986906625177214,7.084226422097916,3.5263605246161616,0.0,0.0,1,-82.0,-0.06647503549461042,Decreasing,,,16,,False,Insufficient Historical Baseline
situation_20230224_0600_d5529797.pdf,2023-02-24,"Heavy Rain, Strong Wind",2989,,,,,,,,,,332.0,1192.0,0.0,0.0,0.0,9.0,3.0,0.0,0.0,2.0,28.0,33.0,True,grand_total,600,2023-02-24 06:00:00,3,,,0.0,0,1,0,0,0,0,0.5,weather_forecast,0,0,,,,,,,,,,,1,0,0.0,0,0,0,0,1425.0,warning,general_situation_report,retain,2023-02-24 06:00:00,60,1,1,12.0,2023-02-26 06:00:00,48.0,20.0,5.0,0.0,0.0,True,7.084226422097916,5.808142489980444,1.0986122886681098,3.5263605246161616,12.0,True,1192.0,332.0,2.0,33.0,0.0,0.0,0.0,0.0,0.0,6,2,55,4,0.8660254037844386,0.5000000000000001,0.8111602420785621,0.5848239578463322,3.044522437723423,0.0,-1172.0,-4.039703984374492,0,0.0,0.0,Stable,,,16,,False,Insufficient Historical Baseline
situation_20230226_0600_2df64929.pdf,2023-02-26,Strong Wind,2145,,,,,,,,,,5.0,20.0,0.0,6.0,0.0,0.0,0.0,0.0,0.0,0.0,0.0,0.0,True,grand_total,600,2023-02-26 06:00:00,5,50.0,,2.0,1,1,0,0,0,0,0.5,weather_forecast,0,0,,,,,,,,,,,1,0,0.0,0,0,0,0,1473.0,warning,general_situation_report,retain,2023-02-26 06:00:00,61,1,1,48.0,2023-02-27 06:00:00,24.0,24.0,6.0,0.0,0.0,True,3.044522437723423,1.791759469228055,0.0,0.0,48.0,True,1192.0,332.0,2.0,33.0,-1172.0,-327.0,-33.0,-4.039703984374492,-3.5263605246161616,6,2,57,6,0.8660254037844386,0.5000000000000001,0.8307970168121247,0.5565755266413303,3.2188758248682006,0.0,4.0,0.17435338714477755,0,-1172.0,-4.039703984374492,Decreasing,,,16,,False,Insufficient Historical Baseline
situation_20230227_0600_2746f43c.pdf,2023-02-27,"Strong Wind, Lightning",2387,,,,,,,,,,6.0,24.0,1.0,6.0,0.0,0.0,0.0,0.0,0.0,0.0,0.0,0.0,True,grand_total,600,2023-02-27 06:00:00,3,,,0.0,0,1,0,0,0,0,0.5,weather_forecast,0,0,,,,,,,,,,,1,0,0.0,0,0,0,0,1497.0,warning,general_situation_report,retain,2023-02-27 06:00:00,62,1,1,24.0,2023-02-27 18:00:00,12.0,160.0,37.0,0.0,0.0,True,3.2188758248682006,1.9459101490553132,0.0,0.0,24.0,True,20.0,5.0,0.0,0.0,4.0,1.0,0.0,0.17435338714477755,0.0,6,2,58,0,0.8660254037844386,0.5000000000000001,0.8402480696078469,0.5422021592729844,5.081404364984463,0.0,136.0,1.8625285401162626,0,4.0,0.17435338714477755,Increasing,,,16,,False,Insufficient Historical Baseline
situation_20230227_1800_aab8255a.pdf,2023-02-27,"Strong Wind, Lightning",3222,,,,,,,,,,37.0,160.0,2.0,6.0,0.0,0.0,31.0,1.0,0.0,0.0,0.0,0.0,True,grand_total,1800,2023-02-27 18:00:00,4,75.0,40.0,0.0,1,1,1,0,0,0,2.0,weather_forecast,0,0,,,,,,,,,,,1,0,0.0,0,0,0,0,1509.0,warning,general_situation_report,retain,2023-02-27 18:00:00,63,1,1,12.0,2023-02-28 06:00:00,12.0,160.0,37.0,0.0,0.0,True,5.081404364984463,3.6375861597263857,0.0,0.0,12.0,True,24.0,6.0,0.0,0.0,136.0,31.0,0.0,1.8625285401162626,0.0,18,2,58,0,0.8660254037844386,0.5000000000000001,0.8402480696078469,0.5422021592729844,5.081404364984463,0.0,0.0,0.0,0,136.0,1.8625285401162626,Increasing,,,17,,False,Insufficient Historical Baseline
situation_20230228_0600_c6003761.pdf,2023-02-28,"Strong Wind, Lightning",3222,,,,,,,,,,37.0,160.0,2.0,6.0,0.0,0.0,31.0,1.0,0.0,0.0,0.0,0.0,True,grand_total,600,2023-02-28 06:00:00,4,75.0,40.0,0.0,1,1,1,0,0,0,0.5,weather_forecast,0,0,,,,,,,,,,,1,0,0.0,0,0,0,0,1521.0,warning,general_situation_report,retain,2023-02-28 06:00:00,64,1,1,12.0,2023-02-28 18:00:00,12.0,6.0,2.0,0.0,0.0,True,5.081404364984463,3.6375861597263857,0.0,0.0,12.0,True,160.0,37.0,0.0,0.0,0.0,0.0,0.0,0.0,0.0,6,2,59,1,0.8660254037844386,0.5000000000000001,0.8494504794814806,0.527668345562516,1.9459101490553132,0.0,-154.0,-3.1354942159291497,0,0.0,0.0,Stable,,,18,,False,Insufficient Historical Baseline
situation_20230228_1800_8ded5ecc.pdf,2023-02-28,Other,2155,,,,,,,,,,2.0,6.0,0.0,0.0,0.0,0.0,2.0,0.0,0.0,0.0,0.0,0.0,True,grand_total,1800,2023-02-28 18:00:00,3,75.0,40.0,0.0,1,1,1,0,0,0,2.0,weather_forecast,0,0,,,,,,,,,,,1,0,0.0,0,0,0,0,1533.0,warning,general_situation_report,retain,2023-02-28 18:00:00,65,1,1,12.0,2023-03-01 06:00:00,12.0,6.0,2.0,0.0,0.0,True,1.9459101490553132,1.0986122886681098,0.0,0.0,12.0,True,160.0,37.0,0.0,0.0,-154.0,-35.0,0.0,-3.1354942159291497,0.0,18,2,59,1,0.8660254037844386,0.5000000000000001,0.8494504794814806,0.527668345562516,1.9459101490553132,0.0,0.0,0.0,0,-154.0,-3.1354942159291497,Decreasing,,,18,,False,Insufficient Historical Baseline
situation_20230301_0600_6bebdc34.pdf,2023-03-01,Other,2161,,,,,,,,,,2.0,6.0,0.0,0.0,0.0,0.0,2.0,0.0,0.0,0.0,0.0,0.0,True,grand_total,600,2023-03-01 06:00:00,3,75.0,40.0,0.0,1,1,1,0,0,0,0.5,weather_forecast,0,0,,,,,,,,,,,1,0,0.0,0,0,0,0,1545.0,warning,general_situation_report,retain,2023-03-01 06:00:00,66,1,1,12.0,2023-03-01 18:00:00,12.0,28.0,7.0,0.0,0.0,True,1.9459101490553132,1.0986122886681098,0.0,0.0,12.0,True,6.0,2.0,0.0,0.0,0.0,0.0,0.0,0.0,0.0,6,3,60,2,1.0,6.123233995736766e-17,0.8584015232918917,0.512978386299228,3.367295829986474,0.0,22.0,1.421385680931161,0,0.0,0.0,Stable,,,18,,False,Insufficient Historical Baseline
situation_20230301_1800_647a12bd.pdf,2023-03-01,Strong Wind,2629,,,,,,,,,,7.0,28.0,0.0,0.0,0.0,1.0,6.0,0.0,0.0,0.0,0.0,0.0,True,grand_total,1800,2023-03-01 18:00:00,3,,40.0,0.0,0,1,1,0,0,0,2.0,weather_forecast,0,0,,,,,,,,,,,1,0,0.0,0,0,0,0,1557.0,warning,general_situation_report,retain,2023-03-01 18:00:00,67,1,1,12.0,2023-03-02 06:00:00,12.0,28.0,7.0,0.0,0.0,True,3.367295829986474,2.0794415416798357,0.0,0.0,12.0,True,6.0,2.0,0.0,0.0,22.0,5.0,0.0,1.421385680931161,0.0,18,3,60,2,1.0,6.123233995736766e-17,0.8584015232918917,0.512978386299228,3.367295829986474,0.0,0.0,0.0,0,22.0,1.421385680931161,Increasing,,,18,,False,Insufficient Historical Baseline
situation_20230302_0600_2e25a498.pdf,2023-03-02,Strong Wind,2629,,,,,,,,,,7.0,28.0,0.0,0.0,0.0,1.0,6.0,0.0,0.0,0.0,0.0,0.0,True,grand_total,600,2023-03-02 06:00:00,3,,40.0,0.0,0,1,1,0,0,0,0.5,weather_forecast,0,0,,,,,,,,,,,1,0,0.0,0,0,0,0,1569.0,warning,general_situation_report,retain,2023-03-02 06:00:00,68,1,1,12.0,2023-03-03 06:00:00,24.0,19.0,6.0,0.0,0.0,True,3.367295829986474,2.0794415416798357,0.0,0.0,12.0,True,28.0,7.0,0.0,0.0,0.0,0.0,0.0,0.0,0.0,6,3,61,3,1.0,6.123233995736766e-17,0.8670985522812081,0.4981366284784055,2.995732273553991,0.0,-9.0,-0.3715635564324833,0,0.0,0.0,Stable,,,19,,False,Insufficient Historical Baseline
situation_20230303_0600_0892b90c.pdf,2023-03-03,Strong Wind,2116,,,,,,,,,,6.0,19.0,0.0,0.0,0.0,0.0,4.0,0.0,0.0,0.0,0.0,0.0,True,grand_total,600,2023-03-03 06:00:00,3,,,0.0,0,1,0,0,0,0,0.5,weather_forecast,0,0,,,,,,,,,,,1,0,0.0,0,0,0,0,1593.0,warning,general_situation_report,retain,2023-03-03 06:00:00,69,1,1,24.0,2023-03-07 18:00:00,108.0,49.0,12.0,0.0,0.0,False,2.995732273553991,1.9459101490553132,0.0,0.0,24.0,True,28.0,7.0,0.0,0.0,-9.0,-1.0,0.0,-0.3715635564324833,0.0,6,3,62,4,1.0,6.123233995736766e-17,0.8755389928586302,0.4831474640149687,3.912023005428146,0.0,30.0,0.9162907318741551,0,-9.0,-0.3715635564324833,Decreasing,,,19,,False,Insufficient Historical Baseline
situation_20230307_1800_09a34879.pdf,2023-03-07,"Strong Wind, Lightning",2538,,,,,,,,,,12.0,49.0,1.0,0.0,0.0,0.0,12.0,0.0,0.0,0.0,0.0,0.0,True,grand_total,1800,2023-03-07 18:00:00,4,50.0,,0.0,1,1,0,0,0,0,2.0,weather_forecast,0,0,,,,,,,,,,,1,0,0.0,0,0,0,0,1701.0,warning,general_situation_report,retain,2023-03-07 18:00:00,70,1,1,108.0,2023-03-08 06:00:00,12.0,0.0,0.0,0.0,0.0,True,3.912023005428146,2.5649493574615367,0.0,0.0,108.0,False,,,,,,,,,,18,3,66,1,1.0,6.123233995736766e-17,0.9066860720977985,0.4218060770826634,0.0,0.0,-49.0,-3.912023005428146,0,,,Insufficient Previous Context,,,0,,False,Gap / No Comparable Previous Report
situation_20230308_0600_394a293f.pdf,2023-03-08,Other,2005,,,,,,,,,,0.0,0.0,0.0,0.0,0.0,0.0,0.0,0.0,0.0,0.0,0.0,0.0,True,confirmed_zero_report,600,2023-03-08 06:00:00,4,,50.0,0.0,0,1,1,0,0,0,0.5,weather_forecast,0,0,,,,,,,,,,,1,0,0.0,0,0,0,0,1713.0,warning,general_situation_report,retain,2023-03-08 06:00:00,71,1,1,12.0,2023-03-08 18:00:00,12.0,24.0,7.0,0.0,0.0,True,0.0,0.0,0.0,0.0,12.0,True,49.0,12.0,0.0,0.0,-49.0,-12.0,0.0,-3.912023005428146,0.0,6,3,67,2,1.0,6.123233995736766e-17,0.9138076496466615,0.4061472386305789,3.2188758248682006,0.0,24.0,3.2188758248682006,0,-49.0,-3.912023005428146,Decreasing,,,19,,False,Insufficient Historical Baseline
situation_20230308_1800_f0d3f36a.pdf,2023-03-08,Strong Wind,2424,,,,,,,,,,7.0,24.0,0.0,0.0,0.0,0.0,7.0,0.0,0.0,0.0,0.0,0.0,True,grand_total,1800,2023-03-08 18:00:00,4,,50.0,0.0,0,1,1,0,0,0,2.0,weather_forecast,0,0,,,,,,,,,,,1,0,0.0,0,0,0,0,1725.0,warning,general_situation_report,retain,2023-03-08 18:00:00,72,1,1,12.0,2023-03-09 18:00:00,24.0,4.0,1.0,0.0,0.0,True,3.2188758248682006,2.0794415416798357,0.0,0.0,12.0,True,0.0,0.0,0.0,0.0,24.0,7.0,0.0,3.2188758248682006,0.0,18,3,67,2,1.0,6.123233995736766e-17,0.9138076496466615,0.4061472386305789,1.6094379124341003,0.0,-20.0,-1.6094379124341003,0,24.0,3.2188758248682006,Increasing,,,19,,False,Insufficient Historical Baseline
situation_20230309_1800_c1196d0a.pdf,2023-03-09,Strong Wind,2069,,,,,,,,,,1.0,4.0,0.0,0.0,0.0,0.0,1.0,0.0,0.0,0.0,0.0,0.0,True,grand_total,1800,2023-03-09 18:00:00,4,,50.0,0.0,0,1,1,0,0,0,2.0,weather_forecast,0,0,,,,,,,,,,,1,0,0.0,0,0,0,0,1749.0,warning,general_situation_report,retain,2023-03-09 18:00:00,73,1,1,24.0,2023-03-10 06:00:00,12.0,0.0,0.0,0.0,0.0,True,1.6094379124341003,0.6931471805599453,0.0,0.0,24.0,True,24.0,7.0,0.0,0.0,-20.0,-6.0,0.0,-1.6094379124341003,0.0,18,3,68,3,1.0,6.123233995736766e-17,0.9206588168102428,0.3903682146763026,0.0,0.0,-4.0,-1.6094379124341003,0,-20.0,-1.6094379124341003,Decreasing,0.0,0.0,20,0.0,False,Decrease
situation_20230310_0600_403a7624.pdf,2023-03-10,Other,2031,,,,,,,,,,0.0,0.0,0.0,0.0,0.0,0.0,0.0,0.0,0.0,0.0,0.0,0.0,True,grand_total,600,2023-03-10 06:00:00,5,,,0.0,0,1,0,0,0,0,0.5,weather_forecast,0,0,,,,,,,,,,,1,0,0.0,0,0,0,0,1761.0,warning,general_situation_report,retain,2023-03-10 06:00:00,74,1,1,12.0,2023-03-10 18:00:00,12.0,6.0,2.0,0.0,0.0,True,0.0,0.0,0.0,0.0,12.0,True,4.0,1.0,0.0,0.0,-4.0,-1.0,0.0,-1.6094379124341003,0.0,6,3,69,4,1.0,6.123233995736766e-17,0.9272375462179537,0.374473674486883,1.9459101490553132,0.0,6.0,1.9459101490553132,0,-4.0,-1.6094379124341003,Decreasing,0.0,0.0,20,0.0,False,Decrease
situation_20230310_1800_c972ea45.pdf,2023-03-10,Strong Wind,2202,,,,,,,,,,2.0,6.0,0.0,0.0,0.0,0.0,2.0,0.0,0.0,0.0,0.0,0.0,True,grand_total,1800,2023-03-10 18:00:00,4,50.0,,0.0,1,1,0,0,0,0,2.0,weather_forecast,0,0,,,,,,,,,,,1,0,0.0,0,0,0,0,1773.0,warning,general_situation_report,retain,2023-03-10 18:00:00,75,1,1,12.0,2023-03-11 06:00:00,12.0,0.0,0.0,0.0,0.0,True,1.9459101490553132,1.0986122886681098,0.0,0.0,12.0,True,0.0,0.0,0.0,0.0,6.0,2.0,0.0,1.9459101490553132,0.0,18,3,69,4,1.0,6.123233995736766e-17,0.9272375462179537,0.374473674486883,0.0,0.0,-6.0,-1.9459101490553132,0,6.0,1.9459101490553132,Increasing,0.25,0.55,20,25.0,False,Normal Increase
situation_20230311_0600_122438cf.pdf,2023-03-11,Other,2030,,,,,,,,,,0.0,0.0,0.0,0.0,0.0,0.0,0.0,0.0,0.0,0.0,0.0,0.0,True,grand_total,600,2023-03-11 06:00:00,3,50.0,,0.0,1,1,0,0,0,0,0.5,weather_forecast,0,0,,,,,,,,,,,1,0,0.0,0,0,0,0,1785.0,warning,general_situation_report,retain,2023-03-11 06:00:00,76,1,1,12.0,2023-03-12 06:00:00,24.0,0.0,0.0,0.0,0.0,True,0.0,0.0,0.0,0.0,12.0,True,6.0,2.0,0.0,0.0,-6.0,-2.0,0.0,-1.9459101490553132,0.0,6,3,70,5,1.0,6.123233995736766e-17,0.9335418911179212,0.35846832151248087,0.0,0.0,0.0,0.0,0,-6.0,-1.9459101490553132,Decreasing,0.0,0.0,21,0.0,False,Decrease
situation_20230312_0600_16302865.pdf,2023-03-12,Other,2034,,,,,,,,,,0.0,0.0,0.0,0.0,0.0,0.0,0.0,0.0,0.0,0.0,0.0,0.0,True,grand_total,600,2023-03-12 06:00:00,4,,,0.0,0,1,0,0,0,0,0.5,weather_forecast,0,0,,,,,,,,,,,1,0,0.0,0,0,0,0,1809.0,warning,general_situation_report,retain,2023-03-12 06:00:00,77,1,1,24.0,2023-03-13 18:00:00,36.0,43.0,10.0,0.0,0.0,True,0.0,0.0,0.0,0.0,24.0,True,0.0,0.0,0.0,0.0,0.0,0.0,0.0,0.0,0.0,6,3,71,6,1.0,6.123233995736766e-17,0.9395699859530622,0.342356891994542,3.784189633918261,0.0,43.0,3.784189633918261,0,0.0,0.0,Stable,0.0,0.0,21,0.0,False,Stable
situation_20230313_1800_a2cf9849.pdf,2023-03-13,Strong Wind,2191,,,,,,,,,,10.0,43.0,0.0,0.0,0.0,2.0,8.0,0.0,0.0,0.0,0.0,0.0,True,grand_total,1800,2023-03-13 18:00:00,3,50.0,,0.0,1,1,0,0,0,0,2.0,weather_forecast,0,0,,,,,,,,,,,1,0,0.0,0,0,0,0,1845.0,warning,general_situation_report,retain,2023-03-13 18:00:00,78,1,1,36.0,2023-03-14 06:00:00,12.0,0.0,0.0,0.0,0.0,True,3.784189633918261,2.3978952727983707,0.0,0.0,36.0,True,0.0,0.0,0.0,0.0,43.0,10.0,0.0,3.784189633918261,0.0,18,3,72,0,1.0,6.123233995736766e-17,0.945320046913132,0.3261441535642696,0.0,0.0,-43.0,-3.784189633918261,0,43.0,3.784189633918261,Increasing,0.7142857142857143,0.9523809523809523,21,71.42857142857143,False,Normal Increase
situation_20230314_0600_7dd1d4be.pdf,2023-03-14,Other,2032,,,,,,,,,,0.0,0.0,0.0,0.0,0.0,0.0,0.0,0.0,0.0,0.0,0.0,0.0,True,grand_total,600,2023-03-14 06:00:00,3,,,0.0,0,1,0,0,0,0,0.5,weather_forecast,0,0,,,,,,,,,,,1,0,0.0,0,0,0,0,1857.0,warning,general_situation_report,retain,2023-03-14 06:00:00,79,1,2,12.0,2023-03-14 18:00:00,12.0,5.0,2.0,0.0,0.0,True,0.0,0.0,0.0,0.0,12.0,True,43.0,10.0,0.0,0.0,-43.0,-10.0,0.0,-3.784189633918261,0.0,6,3,73,1,1.0,6.123233995736766e-17,0.9507903724625832,0.3098349038318025,1.791759469228055,0.0,5.0,1.791759469228055,0,-43.0,-3.784189633918261,Decreasing,0.0,0.0,22,0.0,False,Decrease
situation_20230314_1800_ff9dc89e.pdf,2023-03-14,"Strong Wind, Lightning",2098,,,,,,,,,,2.0,5.0,0.0,0.0,0.0,0.0,2.0,0.0,0.0,0.0,0.0,0.0,True,grand_total,1800,2023-03-14 18:00:00,5,,,0.0,0,1,0,0,0,0,2.0,weather_forecast,0,0,,,,,,,,,,,1,0,0.0,0,0,0,0,1869.0,warning,general_situation_report,retain,2023-03-14 18:00:00,81,1,1,12.0,2023-03-16 06:00:00,36.0,668.0,162.0,0.0,0.0,True,1.791759469228055,1.0986122886681098,0.0,0.0,12.0,True,0.0,0.0,0.0,0.0,5.0,2.0,0.0,1.791759469228055,0.0,18,3,73,1,1.0,6.123233995736766e-17,0.9507903724625832,0.3098349038318025,6.505784060128229,0.0,663.0,4.7140245909001735,0,5.0,1.791759469228055,Increasing,0.22727272727272727,0.45454545454545453,22,22.727272727272727,False,Normal Increase
situation_20230316_0600_cdb4ed0e.pdf,2023-03-16,"Strong Wind, Lightning",2533,,,,,,,,,,162.0,668.0,0.0,0.0,0.0,0.0,158.0,5.0,0.0,0.0,0.0,0.0,True,grand_total,600,2023-03-16 06:00:00,3,75.0,,0.0,1,1,0,0,0,0,0.5,weather_forecast,0,0,,,,,,,,,,,1,0,0.0,0,0,0,0,1905.0,warning,general_situation_report,retain,2023-03-16 06:00:00,82,1,1,36.0,2023-03-16 18:00:00,12.0,77.0,30.0,0.0,0.0,True,6.505784060128229,5.093750200806762,0.0,0.0,36.0,True,5.0,2.0,0.0,0.0,663.0,160.0,0.0,4.7140245909001735,0.0,6,3,75,3,1.0,6.123233995736766e-17,0.9608854255574977,0.27694620226893646,4.356708826689592,0.0,-591.0,-2.149075233438637,0,663.0,4.7140245909001735,Increasing,1.0,1.0,23,100.0,True,Rapid Growth Anomaly
situation_20230316_1800_b68b8722.pdf,2023-03-16,"Strong Wind, Lightning",2224,,,,,,,,,,30.0,77.0,0.0,0.0,0.0,0.0,17.0,0.0,0.0,0.0,0.0,0.0,True,grand_total,1800,2023-03-16 18:00:00,3,75.0,,0.0,1,1,0,0,0,0,2.0,weather_forecast,0,0,,,,,,,,,,,1,0,0.0,0,0,0,0,1917.0,warning,general_situation_report,retain,2023-03-16 18:00:00,83,1,1,12.0,2023-03-20 06:00:00,84.0,220.0,62.0,1.0,220.0,False,4.356708826689592,3.4339872044851463,0.0,0.0,12.0,True,668.0,162.0,0.0,0.0,-591.0,-132.0,0.0,-2.149075233438637,0.0,18,3,75,3,1.0,6.123233995736766e-17,0.9608854255574977,0.27694620226893646,5.3981627015177525,5.3981627015177525,143.0,1.0414538748281608,1,-591.0,-2.149075233438637,Decreasing,0.0,0.0,24,0.0,False,Decrease
situation_20230320_0600_8003601d.pdf,2023-03-20,Landslide,2311,,,,,,,,,,62.0,220.0,0.0,5.0,0.0,3.0,20.0,0.0,0.0,1.0,62.0,220.0,True,grand_total,600,2023-03-20 06:00:00,4,50.0,,2.0,1,1,0,0,0,0,0.5,weather_forecast,0,0,,,,,,,,,,,1,1,1.0,2,0,0,2,5.466666666666667,warning,general_situation_report,retain,2023-03-20 06:00:00,84,1,1,84.0,2023-03-20 18:00:00,12.0,790.0,222.0,1.0,240.0,True,5.3981627015177525,4.143134726391533,0.6931471805599453,5.3981627015177525,84.0,False,,,,,,,,,,6,3,79,0,1.0,6.123233995736766e-17,0.9776530844816641,0.2102247521189836,6.673297967767654,5.484796933490655,570.0,1.2751352662499018,1,,,Insufficient Previous Context,,,0,,False,Gap / No Comparable Previous Report
situation_20230320_1800_b8a08ef2.pdf,2023-03-20,"Flood, Landslide, Heavy Rain, Strong Wind, Lightning",4367,,,,,,,,,,222.0,790.0,0.0,8.0,0.0,3.0,158.0,0.0,0.0,1.0,70.0,240.0,True,grand_total,1800,2023-03-20 18:00:00,4,75.0,,2.0,1,1,0,0,0,0,2.0,weather_forecast,0,0,,,,,,,,,,,1,1,2.0,2,2,0,3,9.25,warning,general_situation_report,retain,2023-03-20 18:00:00,85,1,1,12.0,2023-03-21 06:00:00,12.0,790.0,222.0,1.0,240.0,True,6.673297967767654,5.407171771460119,0.6931471805599453,5.484796933490655,12.0,True,220.0,62.0,1.0,220.0,570.0,160.0,20.0,1.2751352662499018,0.08663423197290232,18,3,79,0,1.0,6.123233995736766e-17,0.9776530844816641,0.2102247521189836,6.673297967767654,5.484796933490655,0.0,0.0,1,570.0,1.2751352662499018,Increasing,0.9583333333333334,0.2916666666666667,24,29.166666666666668,False,Normal Increase
situation_20230321_0600_6db3ffbf.pdf,2023-03-21,"Flood, Landslide, Heavy Rain, Strong Wind, Lightning",4367,,,,,,,,,,222.0,790.0,0.0,8.0,0.0,3.0,158.0,0.0,0.0,1.0,70.0,240.0,True,grand_total,600,2023-03-21 06:00:00,3,75.0,,0.0,1,1,0,0,0,0,0.5,weather_forecast,0,0,,,,,,,,,,,1,1,2.0,2,2,0,3,21.25,warning,general_situation_report,retain,2023-03-21 06:00:00,86,1,1,12.0,2023-03-21 18:00:00,12.0,808.0,227.0,1.0,240.0,True,6.673297967767654,5.407171771460119,0.6931471805599453,5.484796933490655,12.0,True,790.0,222.0,1.0,240.0,0.0,0.0,0.0,0.0,0.0,6,3,80,1,1.0,6.123233995736766e-17,0.981124629771712,0.19337647441020586,6.695798917058491,5.484796933490655,18.0,0.022500949290837013,1,0.0,0.0,Stable,0.0,0.0,25,0.0,False,Stable
situation_20230321_1800_1847176f.pdf,2023-03-21,"Flood, Landslide, Heavy Rain, Strong Wind, Lightning",4646,,,,,,,,,,227.0,808.0,0.0,8.0,0.0,3.0,162.0,0.0,0.0,1.0,70.0,240.0,True,grand_total,1800,2023-03-21 18:00:00,2,50.0,,0.0,1,1,0,0,0,0,2.0,weather_forecast,0,0,,,,,,,,,,,1,0,0.0,0,0,0,0,33.25,warning,general_situation_report,retain,2023-03-21 18:00:00,87,1,1,12.0,2023-03-22 06:00:00,12.0,808.0,227.0,1.0,240.0,True,6.695798917058491,5.429345628954441,0.6931471805599453,5.484796933490655,12.0,True,790.0,222.0,1.0,240.0,18.0,5.0,0.0,0.022500949290837013,0.0,18,3,80,1,1.0,6.123233995736766e-17,0.981124629771712,0.19337647441020586,6.695798917058491,5.484796933490655,0.0,0.0,1,18.0,0.022500949290837013,Increasing,0.52,0.08,25,8.0,False,Normal Increase
situation_20230322_0600_43a140e7.pdf,2023-03-22,"Flood, Landslide, Heavy Rain, Strong Wind, Lightning",4646,,,,,,,,,,227.0,808.0,0.0,8.0,0.0,3.0,162.0,0.0,0.0,1.0,70.0,240.0,True,grand_total,600,2023-03-22 06:00:00,2,50.0,,0.0,1,1,0,0,0,0,0.5,weather_forecast,0,0,,,,,,,,,,,1,0,0.0,0,0,0,0,45.25,warning,general_situation_report,retain,2023-03-22 06:00:00,88,1,1,12.0,2023-03-23 18:00:00,36.0,775.0,213.0,1.0,240.0,True,6.695798917058491,5.429345628954441,0.6931471805599453,5.484796933490655,12.0,True,808.0,227.0,1.0,240.0,0.0,0.0,0.0,0.0,0.0,6,3,81,2,1.0,6.123233995736766e-17,0.984305844499033,0.17647097349152166,6.654152520183219,5.484796933490655,-33.0,-0.041646396875272274,1,0.0,0.0,Stable,0.0,0.0,26,0.0,False,Stable
situation_20230323_1800_8b44bce0.pdf,2023-03-23,"Flood, Landslide, Heavy Rain, Strong Wind, Lightning",3933,,,,,,,,,,213.0,775.0,1.0,6.0,0.0,5.0,163.0,2.0,0.0,1.0,70.0,240.0,True,grand_total,1800,2023-03-23 18:00:00,3,,,0.0,0,1,0,0,0,0,2.0,weather_forecast,0,0,,,,,,,,,,,1,1,1.0,2,0,0,2,1.0,warning,general_situation_report,retain,2023-03-23 18:00:00,89,1,1,36.0,2023-03-24 06:00:00,12.0,775.0,213.0,1.0,240.0,True,6.654152520183219,5.365976015021851,0.6931471805599453,5.484796933490655,36.0,True,808.0,227.0,1.0,240.0,-33.0,-14.0,0.0,-0.041646396875272274,0.0,18,3,82,3,1.0,6.123233995736766e-17,0.9871957872910085,0.15951325197263655,6.654152520183219,5.484796933490655,0.0,0.0,1,-33.0,-0.041646396875272274,Decreasing,0.0,0.0,26,0.0,False,Decrease
situation_20230324_0600_db62cf18.pdf,2023-03-24,"Flood, Landslide, Heavy Rain, Strong Wind, Lightning",3933,,,,,,,,,,213.0,775.0,1.0,6.0,0.0,5.0,163.0,2.0,0.0,1.0,70.0,240.0,True,grand_total,600,2023-03-24 06:00:00,3,,,0.0,0,1,0,0,0,0,0.5,weather_forecast,0,0,,,,,,,,,,,1,1,1.0,2,0,0,2,13.0,warning,general_situation_report,retain,2023-03-24 06:00:00,90,1,1,12.0,2023-03-24 18:00:00,12.0,879.0,238.0,1.0,242.0,True,6.654152520183219,5.365976015021851,0.6931471805599453,5.484796933490655,12.0,True,775.0,213.0,1.0,240.0,0.0,0.0,0.0,0.0,0.0,6,3,83,4,1.0,6.123233995736766e-17,0.9897936029670716,0.14250832791617088,6.779921907472252,5.493061443340548,104.0,0.12576938728903286,1,0.0,0.0,Stable,0.0,0.0,26,0.0,False,Stable
situation_20230324_1800_67dca0a8.pdf,2023-03-24,"Landslide, Heavy Rain, Strong Wind, Lightning",4482,,,,,,,,,,238.0,879.0,4.0,6.0,0.0,4.0,186.0,2.0,0.0,1.0,71.0,242.0,True,grand_total,1800,2023-03-24 18:00:00,3,,,0.0,0,1,0,0,0,0,2.0,weather_forecast,0,0,,,,,,,,,,,1,0,0.0,0,0,0,0,25.0,warning,general_situation_report,retain,2023-03-24 18:00:00,91,1,1,12.0,2023-03-25 06:00:00,12.0,879.0,238.0,1.0,242.0,True,6.779921907472252,5.476463551931511,0.6931471805599453,5.493061443340548,12.0,True,775.0,213.0,1.0,240.0,104.0,25.0,2.0,0.12576938728903286,0.008264509849893464,18,3,83,4,1.0,6.123233995736766e-17,0.9897936029670716,0.14250832791617088,6.779921907472252,5.493061443340548,0.0,0.0,1,104.0,0.12576938728903286,Increasing,0.7692307692307693,0.19230769230769232,26,19.230769230769234,False,Normal Increase
situation_20230325_0600_f64cc32c.pdf,2023-03-25,"Landslide, Heavy Rain, Strong Wind, Lightning",4446,,,,,,,,,,238.0,879.0,4.0,6.0,0.0,4.0,186.0,2.0,0.0,1.0,71.0,242.0,True,grand_total,600,2023-03-25 06:00:00,3,50.0,,0.0,1,1,0,0,0,0,0.5,weather_forecast,0,0,,,,,,,,,,,1,0,0.0,0,0,0,0,6.0,warning,general_situation_report,retain,2023-03-25 06:00:00,92,1,1,12.0,2023-03-25 18:00:00,12.0,879.0,238.0,1.0,242.0,True,6.779921907472252,5.476463551931511,0.6931471805599453,5.493061443340548,12.0,True,879.0,238.0,1.0,242.0,0.0,0.0,0.0,0.0,0.0,6,3,84,5,1.0,6.123233995736766e-17,0.992098522791769,0.12546123335273648,6.779921907472252,5.493061443340548,0.0,0.0,1,0.0,0.0,Stable,0.0,0.0,27,0.0,False,Stable
situation_20230325_1800_8da5aab5.pdf,2023-03-25,"Landslide, Heavy Rain, Strong Wind, Lightning",4451,,,,,,,,,,238.0,879.0,4.0,6.0,0.0,4.0,186.0,2.0,0.0,1.0,71.0,242.0,True,grand_total,1800,2023-03-25 18:00:00,3,50.0,,0.0,1,1,0,0,0,0,2.0,weather_forecast,0,0,,,,,,,,,,,1,0,0.0,0,0,0,0,18.0,warning,general_situation_report,retain,2023-03-25 18:00:00,93,1,1,12.0,2023-03-26 06:00:00,12.0,879.0,238.0,1.0,242.0,True,6.779921907472252,5.476463551931511,0.6931471805599453,5.493061443340548,12.0,True,879.0,238.0,1.0,242.0,0.0,0.0,0.0,0.0,0.0,18,3,84,5,1.0,6.123233995736766e-17,0.992098522791769,0.12546123335273648,6.779921907472252,5.493061443340548,0.0,0.0,1,0.0,0.0,Stable,0.0,0.0,27,0.0,False,Stable
situation_20230326_0600_ad2e58a8.pdf,2023-03-26,"Landslide, Heavy Rain, Strong Wind, Lightning",4487,,,,,,,,,,238.0,879.0,4.0,6.0,0.0,4.0,186.0,2.0,0.0,1.0,71.0,242.0,True,grand_total,600,2023-03-26 06:00:00,3,50.0,,0.0,1,1,0,0,0,0,0.5,weather_forecast,0,0,,,,,,,,,,,1,0,0.0,0,0,0,0,30.0,warning,general_situation_report,retain,2023-03-26 06:00:00,94,1,1,12.0,2023-03-27 06:00:00,24.0,879.0,238.0,1.0,242.0,True,6.779921907472252,5.476463551931511,0.6931471805599453,5.493061443340548,12.0,True,879.0,238.0,1.0,242.0,0.0,0.0,0.0,0.0,0.0,6,3,85,6,1.0,6.123233995736766e-17,0.9941098647022418,0.10837701279187609,6.779921907472252,5.493061443340548,0.0,0.0,1,0.0,0.0,Stable,0.0,0.0,27,0.0,False,Stable
situation_20230327_0600_9293724a.pdf,2023-03-27,"Landslide, Heavy Rain, Strong Wind, Lightning",4482,,,,,,,,,,238.0,879.0,4.0,6.0,0.0,4.0,186.0,2.0,0.0,1.0,71.0,242.0,True,grand_total,600,2023-03-27 06:00:00,3,,,0.0,0,1,0,0,0,0,0.5,weather_forecast,0,0,,,,,,,,,,,1,0,0.0,0,0,0,0,54.0,warning,general_situation_report,retain,2023-03-27 06:00:00,95,1,1,24.0,2023-03-28 06:00:00,24.0,558.0,165.0,1.0,242.0,True,6.779921907472252,5.476463551931511,0.6931471805599453,5.493061443340548,24.0,True,879.0,238.0,1.0,242.0,0.0,0.0,0.0,0.0,0.0,6,3,86,0,1.0,6.123233995736766e-17,0.9958270335100595,0.09126072172931188,6.326149473155099,5.493061443340548,-321.0,-0.45377243431715275,1,0.0,0.0,Stable,0.0,0.0,27,0.0,False,Stable
situation_20230328_0600_014fc8fe.pdf,2023-03-28,"Landslide, Strong Wind, Lightning",3680,,,,,,,,,,165.0,558.0,0.0,6.0,0.0,3.0,130.0,1.0,0.0,1.0,71.0,242.0,True,grand_total,600,2023-03-28 06:00:00,3,,,0.0,0,1,0,0,0,0,0.5,weather_forecast,0,0,,,,,,,,,,,1,0,0.0,0,0,0,0,78.0,warning,general_situation_report,retain,2023-03-28 06:00:00,96,1,1,24.0,2023-03-28 18:00:00,12.0,304.0,90.0,1.0,242.0,True,6.326149473155099,5.111987788356544,0.6931471805599453,5.493061443340548,24.0,True,879.0,238.0,1.0,242.0,-321.0,-73.0,0.0,-0.45377243431715275,0.0,6,3,87,1,1.0,6.123233995736766e-17,0.9972495210773451,0.07411742515094437,5.720311776607412,5.493061443340548,-254.0,-0.6058376965476873,1,-321.0,-0.45377243431715275,Decreasing,0.0,0.0,27,0.0,False,Decrease
situation_20230328_1800_8e7d9ad2.pdf,2023-03-28,"Landslide, Strong Wind, Lightning",3053,,,,,,,,,,90.0,304.0,0.0,6.0,0.0,3.0,56.0,0.0,0.0,1.0,71.0,242.0,True,grand_total,1800,2023-03-28 18:00:00,3,,,0.0,0,1,0,0,0,0,2.0,weather_forecast,0,0,,,,,,,,,,,1,0,0.0,0,0,0,0,90.0,warning,general_situation_report,retain,2023-03-28 18:00:00,97,1,1,12.0,2023-03-29 06:00:00,12.0,304.0,90.0,1.0,242.0,True,5.720311776607412,4.51085950651685,0.6931471805599453,5.493061443340548,12.0,True,558.0,165.0,1.0,242.0,-254.0,-75.0,0.0,-0.6058376965476873,0.0,18,3,87,1,1.0,6.123233995736766e-17,0.9972495210773451,0.07411742515094437,5.720311776607412,5.493061443340548,0.0,0.0,1,-254.0,-0.6058376965476873,Decreasing,0.0,0.0,27,0.0,False,Decrease
situation_20230329_0600_d099ff02.pdf,2023-03-29,"Landslide, Strong Wind, Lightning",3053,,,,,,,,,,90.0,304.0,0.0,6.0,0.0,3.0,56.0,0.0,0.0,1.0,71.0,242.0,True,grand_total,600,2023-03-29 06:00:00,3,,,0.0,0,1,0,0,0,0,0.5,weather_forecast,0,0,,,,,,,,,,,1,0,0.0,0,0,0,0,102.0,warning,general_situation_report,retain,2023-03-29 06:00:00,98,1,1,12.0,2023-03-29 18:00:00,12.0,879.0,236.0,1.0,242.0,True,5.720311776607412,4.51085950651685,0.6931471805599453,5.493061443340548,12.0,True,304.0,90.0,1.0,242.0,0.0,0.0,0.0,0.0,0.0,6,3,88,2,1.0,6.123233995736766e-17,0.998376906467142,0.056952196034039754,6.779921907472252,5.493061443340548,575.0,1.05961013086484,1,0.0,0.0,Stable,0.0,0.0,27,0.0,False,Stable
situation_20230329_1800_813e1e95.pdf,2023-03-29,"Landslide, Strong Wind, Lightning",3347,,,,,,,,,,236.0,879.0,1.0,6.0,0.0,3.0,190.0,0.0,0.0,1.0,71.0,242.0,True,grand_total,1800,2023-03-29 18:00:00,4,,,0.0,0,1,0,0,0,0,2.0,weather_forecast,0,0,,,,,,,,,,,1,0,0.0,0,0,0,0,114.0,warning,general_situation_report,retain,2023-03-29 18:00:00,99,1,1,12.0,2023-03-30 18:00:00,24.0,246.0,72.0,1.0,242.0,True,6.779921907472252,5.4680601411351315,0.6931471805599453,5.493061443340548,12.0,True,304.0,90.0,1.0,242.0,575.0,146.0,0.0,1.05961013086484,0.0,18,3,88,2,1.0,6.123233995736766e-17,0.998376906467142,0.056952196034039754,5.5093883366279774,5.493061443340548,-633.0,-1.2705335708442744,1,575.0,1.05961013086484,Increasing,0.9629629629629629,0.3333333333333333,27,33.33333333333333,False,Normal Increase
situation_20230330_1800_1ac1767d.pdf,2023-03-30,"Landslide, Strong Wind",2524,,,,,,,,,,72.0,246.0,0.0,6.0,0.0,3.0,38.0,0.0,0.0,1.0,71.0,242.0,True,grand_total,1800,2023-03-30 18:00:00,3,,,0.0,0,1,0,0,0,0,2.0,weather_forecast,0,0,,,,,,,,,,,1,0,0.0,0,0,0,0,138.0,warning,general_situation_report,retain,2023-03-30 18:00:00,100,1,1,24.0,2023-03-31 06:00:00,12.0,289.0,83.0,1.0,242.0,True,5.5093883366279774,4.290459441148391,0.6931471805599453,5.493061443340548,24.0,True,879.0,236.0,1.0,242.0,-633.0,-164.0,0.0,-1.2705335708442744,0.0,18,3,89,3,1.0,6.123233995736766e-17,0.9992088560679753,0.03977011384605572,5.66988092298052,5.493061443340548,43.0,0.16049258635254215,1,-633.0,-1.2705335708442744,Decreasing,0.0,0.0,28,0.0,False,Decrease
situation_20230331_0600_10014e15.pdf,2023-03-31,"Landslide, Strong Wind, Lightning",2985,,,,,,,,,,83.0,289.0,0.0,6.0,0.0,3.0,49.0,0.0,0.0,1.0,71.0,242.0,True,grand_total,600,2023-03-31 06:00:00,3,,,0.0,0,1,0,0,0,0,0.5,weather_forecast,0,0,,,,,,,,,,,1,0,0.0,0,0,0,0,150.0,warning,general_situation_report,retain,2023-03-31 06:00:00,101,1,1,12.0,2023-03-31 18:00:00,12.0,361.0,100.0,1.0,242.0,True,5.66988092298052,4.430816798843313,0.6931471805599453,5.493061443340548,12.0,True,246.0,72.0,1.0,242.0,43.0,11.0,0.0,0.16049258635254215,0.0,6,3,90,4,1.0,6.123233995736766e-17,0.9997451236925734,0.022576263041545485,5.8916442118257715,5.493061443340548,72.0,0.22176328884525187,1,43.0,0.16049258635254215,Increasing,0.6428571428571429,0.21428571428571427,28,21.428571428571427,False,Normal Increase
situation_20230331_1800_ce71db6c.pdf,2023-03-31,"Landslide, Strong Wind, Lightning",3263,,,,,,,,,,100.0,361.0,0.0,6.0,0.0,3.0,64.0,0.0,0.0,1.0,71.0,242.0,True,grand_total,1800,2023-03-31 18:00:00,4,50.0,,0.0,1,1,0,0,0,0,2.0,weather_forecast,0,0,,,,,,,,,,,1,0,0.0,0,0,0,0,162.0,warning,general_situation_report,retain,2023-03-31 18:00:00,102,1,1,12.0,2023-04-01 18:00:00,24.0,242.0,71.0,1.0,242.0,True,5.8916442118257715,4.61512051684126,0.6931471805599453,5.493061443340548,12.0,True,289.0,83.0,1.0,242.0,72.0,17.0,0.0,0.22176328884525187,0.0,18,3,90,4,1.0,6.123233995736766e-17,0.9997451236925734,0.022576263041545485,5.493061443340548,5.493061443340548,-119.0,-0.3985827684852232,1,72.0,0.22176328884525187,Increasing,0.7241379310344828,0.27586206896551724,29,27.586206896551722,False,Normal Increase
situation_20230401_1800_01169914.pdf,2023-04-01,Landslide,2310,,,,,,,,,,71.0,242.0,0.0,6.0,0.0,3.0,37.0,0.0,0.0,1.0,71.0,242.0,True,grand_total,1800,2023-04-01 18:00:00,3,50.0,,0.0,1,1,0,0,0,0,2.0,weather_forecast,0,0,,,,,,,,,,,1,0,0.0,0,0,0,0,186.0,warning,general_situation_report,retain,2023-04-01 18:00:00,103,1,1,24.0,2023-04-02 06:00:00,12.0,242.0,71.0,1.0,242.0,True,5.493061443340548,4.276666119016055,0.6931471805599453,5.493061443340548,24.0,True,361.0,100.0,1.0,242.0,-119.0,-29.0,0.0,-0.3985827684852232,0.0,18,4,91,5,0.8660254037844387,-0.4999999999999998,0.9999855506507186,0.005375731557583884,5.493061443340548,5.493061443340548,0.0,0.0,1,-119.0,-0.3985827684852232,Decreasing,0.0,0.0,30,0.0,False,Decrease
situation_20230402_0600_6eb9346d.pdf,2023-04-02,Landslide,2310,,,,,,,,,,71.0,242.0,0.0,6.0,0.0,3.0,37.0,0.0,0.0,1.0,71.0,242.0,True,grand_total,600,2023-04-02 06:00:00,3,50.0,,0.0,1,1,0,0,0,0,0.5,weather_forecast,0,0,,,,,,,,,,,1,0,0.0,0,0,0,0,198.0,warning,general_situation_report,retain,2023-04-02 06:00:00,104,1,1,12.0,2023-04-03 06:00:00,24.0,242.0,71.0,1.0,242.0,True,5.493061443340548,4.276666119016055,0.6931471805599453,5.493061443340548,12.0,True,242.0,71.0,1.0,242.0,0.0,0.0,0.0,0.0,0.0,6,4,92,6,0.8660254037844387,-0.4999999999999998,0.9999300657962057,-0.011826390691832589,5.493061443340548,5.493061443340548,0.0,0.0,1,0.0,0.0,Stable,0.0,0.0,30,0.0,False,Stable
situation_20230403_0600_5667f989.pdf,2023-04-03,Landslide,2307,,,,,,,,,,71.0,242.0,0.0,6.0,0.0,3.0,37.0,0.0,0.0,1.0,71.0,242.0,True,grand_total,600,2023-04-03 06:00:00,2,75.0,,0.0,1,1,0,0,0,0,0.5,weather_forecast,0,0,,,,,,,,,,,1,1,1.0,1,0,0,1,12.0,warning,general_situation_report,retain,2023-04-03 06:00:00,105,1,1,24.0,2023-04-03 18:00:00,12.0,1083.0,303.0,1.0,242.0,True,5.493061443340548,4.276666119016055,0.6931471805599453,5.493061443340548,24.0,True,242.0,71.0,1.0,242.0,0.0,0.0,0.0,0.0,0.0,6,4,93,0,0.8660254037844387,-0.4999999999999998,0.9995786855478958,-0.029025013321975237,6.988413181999592,5.493061443340548,841.0,1.4953517386590436,1,0.0,0.0,Stable,0.0,0.0,30,0.0,False,Stable
situation_20230403_1800_a05a0c30.pdf,2023-04-03,"Landslide, Heavy Rain, Strong Wind, Lightning",4119,,,,,,,,,,303.0,1083.0,0.0,7.0,0.0,5.0,263.0,4.0,14.0,1.0,71.0,242.0,True,grand_total,1800,2023-04-03 18:00:00,3,75.0,,0.0,1,1,0,0,0,0,2.0,weather_forecast,0,0,,,,,,,,,,,1,0,0.0,0,0,0,0,24.0,warning,general_situation_report,retain,2023-04-03 18:00:00,106,1,1,12.0,2023-04-04 18:00:00,24.0,731.0,222.0,1.0,242.0,True,6.988413181999592,5.717027701406222,0.6931471805599453,5.493061443340548,12.0,True,242.0,71.0,1.0,242.0,841.0,232.0,0.0,1.4953517386590436,0.0,18,4,93,0,0.8660254037844387,-0.4999999999999998,0.9995786855478958,-0.029025013321975237,6.595780513961311,5.493061443340548,-352.0,-0.39263266803828056,1,841.0,1.4953517386590436,Increasing,1.0,0.4666666666666667,30,46.666666666666664,False,Normal Increase
situation_20230404_1800_6b62cad4.pdf,2023-04-04,"Landslide, Heavy Rain, Strong Wind, Lightning",4055,,,,,,,,,,222.0,731.0,0.0,6.0,0.0,6.0,182.0,0.0,14.0,1.0,71.0,242.0,True,grand_total,1800,2023-04-04 18:00:00,4,75.0,,0.0,1,1,0,0,0,0,2.0,weather_forecast,0,0,,,,,,,,,,,1,1,1.0,3,0,0,3,0.6666666666666666,warning,general_situation_report,retain,2023-04-04 18:00:00,107,1,1,24.0,2023-04-05 06:00:00,12.0,731.0,222.0,1.0,242.0,True,6.595780513961311,5.407171771460119,0.6931471805599453,5.493061443340548,24.0,True,1083.0,303.0,1.0,242.0,-352.0,-81.0,0.0,-0.39263266803828056,0.0,18,4,94,1,0.8660254037844387,-0.4999999999999998,0.9989315138848577,-0.046215046983708354,6.595780513961311,5.493061443340548,0.0,0.0,1,-352.0,-0.39263266803828056,Decreasing,0.0,0.0,31,0.0,False,Decrease
situation_20230405_0600_ae9d24aa.pdf,2023-04-05,"Landslide, Heavy Rain, Strong Wind, Lightning",4095,,,,,,,,,,222.0,731.0,0.0,6.0,0.0,6.0,182.0,0.0,14.0,1.0,71.0,242.0,True,grand_total,600,2023-04-05 06:00:00,4,50.0,,0.0,1,1,0,0,0,0,0.5,weather_forecast,0,0,,,,,,,,,,,1,1,1.0,3,0,0,3,12.666666666666666,warning,general_situation_report,retain,2023-04-05 06:00:00,108,1,1,12.0,2023-04-05 18:00:00,12.0,314.0,94.0,1.0,242.0,True,6.595780513961311,5.407171771460119,0.6931471805599453,5.493061443340548,12.0,True,731.0,222.0,1.0,242.0,0.0,0.0,0.0,0.0,0.0,6,4,95,2,0.8660254037844387,-0.4999999999999998,0.9979887423155984,-0.06339140486951038,5.752572638825633,5.493061443340548,-417.0,-0.8432078751356782,1,0.0,0.0,Stable,0.0,0.0,31,0.0,False,Stable
situation_20230405_1800_36a15098.pdf,2023-04-05,"Landslide, Strong Wind, Lightning",3002,,,,,,,,,,94.0,314.0,0.0,6.0,0.0,3.0,63.0,0.0,0.0,1.0,71.0,242.0,True,grand_total,1800,2023-04-05 18:00:00,4,50.0,,0.0,1,1,0,0,0,0,2.0,weather_forecast,0,0,,,,,,,,,,,1,0,0.0,0,0,0,0,24.666666666666668,warning,general_situation_report,retain,2023-04-05 18:00:00,109,1,1,12.0,2023-04-06 06:00:00,12.0,314.0,94.0,1.0,242.0,True,5.752572638825633,4.553876891600541,0.6931471805599453,5.493061443340548,12.0,True,731.0,222.0,1.0,242.0,-417.0,-128.0,0.0,-0.8432078751356782,0.0,18,4,95,2,0.8660254037844387,-0.4999999999999998,0.9979887423155984,-0.06339140486951038,5.752572638825633,5.493061443340548,0.0,0.0,1,-417.0,-0.8432078751356782,Decreasing,0.0,0.0,31,0.0,False,Decrease
situation_20230406_0600_ef73b44e.pdf,2023-04-06,"Landslide, Strong Wind, Lightning",3002,,,,,,,,,,94.0,314.0,0.0,6.0,0.0,3.0,63.0,0.0,0.0,1.0,71.0,242.0,True,grand_total,600,2023-04-06 06:00:00,4,50.0,,0.0,1,1,0,0,0,0,0.5,weather_forecast,0,0,,,,,,,,,,,1,0,0.0,0,0,0,0,36.66666666666666,warning,general_situation_report,retain,2023-04-06 06:00:00,110,1,1,12.0,2023-04-06 18:00:00,12.0,442.0,123.0,1.0,242.0,True,5.752572638825633,4.553876891600541,0.6931471805599453,5.493061443340548,12.0,True,314.0,94.0,1.0,242.0,0.0,0.0,0.0,0.0,0.0,6,4,96,3,0.8660254037844387,-0.4999999999999998,0.9967506498213929,-0.08054900421874167,6.093569770045136,5.493061443340548,128.0,0.3409971312195026,1,0.0,0.0,Stable,0.0,0.0,31,0.0,False,Stable
situation_20230406_1800_43a2cd2d.pdf,2023-04-06,"Landslide, Heavy Rain, Strong Wind, Lightning",3867,,,,,,,,,,123.0,442.0,1.0,6.0,0.0,3.0,94.0,0.0,0.0,1.0,71.0,242.0,True,grand_total,1800,2023-04-06 18:00:00,4,50.0,,0.0,1,1,0,0,0,0,2.0,weather_forecast,0,0,,,,,,,,,,,1,0,0.0,0,0,0,0,48.66666666666666,warning,general_situation_report,retain,2023-04-06 18:00:00,111,1,1,12.0,2023-04-07 06:00:00,12.0,442.0,123.0,1.0,242.0,True,6.093569770045136,4.820281565605037,0.6931471805599453,5.493061443340548,12.0,True,314.0,94.0,1.0,242.0,128.0,29.0,0.0,0.3409971312195026,0.0,18,4,96,3,0.8660254037844387,-0.4999999999999998,0.9967506498213929,-0.08054900421874167,6.093569770045136,5.493061443340548,0.0,0.0,1,128.0,0.3409971312195026,Increasing,0.7419354838709677,0.2903225806451613,31,29.03225806451613,False,Normal Increase
situation_20230407_0600_797f775d.pdf,2023-04-07,"Landslide, Heavy Rain, Strong Wind, Lightning",3903,,,,,,,,,,123.0,442.0,1.0,6.0,0.0,3.0,94.0,0.0,0.0,1.0,71.0,242.0,True,grand_total,600,2023-04-07 06:00:00,4,50.0,,0.0,1,1,0,0,0,0,0.5,weather_forecast,0,0,,,,,,,,,,,1,0,0.0,0,0,0,0,60.66666666666666,warning,general_situation_report,retain,2023-04-07 06:00:00,112,1,1,12.0,2023-04-07 18:00:00,12.0,538.0,150.0,1.0,242.0,True,6.093569770045136,4.820281565605037,0.6931471805599453,5.493061443340548,12.0,True,442.0,123.0,1.0,242.0,0.0,0.0,0.0,0.0,0.0,6,4,97,4,0.8660254037844387,-0.4999999999999998,0.9952176027737294,-0.09768276782171598,6.289715570908998,5.493061443340548,96.0,0.1961458008638619,1,0.0,0.0,Stable,0.0,0.0,32,0.0,False,Stable
situation_20230407_1800_d5702f5d.pdf,2023-04-07,"Landslide, Strong Wind, Lightning",2677,,,,,,,,,,150.0,538.0,0.0,6.0,0.0,3.0,116.0,2.0,0.0,1.0,71.0,242.0,True,grand_total,1800,2023-04-07 18:00:00,3,50.0,,0.0,1,1,0,0,0,0,2.0,weather_forecast,0,0,,,,,,,,,,,1,0,0.0,0,0,0,0,72.66666666666667,warning,general_situation_report,retain,2023-04-07 18:00:00,113,1,1,12.0,2023-04-09 06:00:00,36.0,646.0,178.0,1.0,242.0,True,6.289715570908998,5.017279836814924,0.6931471805599453,5.493061443340548,12.0,True,442.0,123.0,1.0,242.0,96.0,27.0,0.0,0.1961458008638619,0.0,18,4,97,4,0.8660254037844387,-0.4999999999999998,0.9952176027737294,-0.09768276782171598,6.472346294500901,5.493061443340548,108.0,0.18263072359190335,1,96.0,0.1961458008638619,Increasing,0.6875,0.25,32,25.0,False,Normal Increase
situation_20230409_0600_5de21188.pdf,2023-04-09,"Landslide, Strong Wind, Lightning",2668,,,,,,,,,,178.0,646.0,0.0,6.0,0.0,3.0,144.0,2.0,0.0,1.0,71.0,242.0,True,grand_total,600,2023-04-09 06:00:00,4,50.0,,0.0,1,1,0,0,0,0,0.5,weather_forecast,0,0,,,,,,,,,,,1,1,1.0,2,0,0,2,12.5,warning,general_situation_report,retain,2023-04-09 06:00:00,114,1,1,36.0,2023-04-09 18:00:00,12.0,646.0,178.0,1.0,242.0,True,6.472346294500901,5.187385805840755,0.6931471805599453,5.493061443340548,36.0,True,538.0,150.0,1.0,242.0,108.0,28.0,0.0,0.18263072359190335,0.0,6,4,99,6,0.8660254037844387,-0.4999999999999998,0.9912685467787256,-0.13185851571739118,6.472346294500901,5.493061443340548,0.0,0.0,1,108.0,0.18263072359190335,Increasing,0.7272727272727273,0.24242424242424243,33,24.242424242424242,False,Normal Increase
situation_20230409_1800_7a6c02ff.pdf,2023-04-09,"Landslide, Strong Wind, Lightning",2672,,,,,,,,,,178.0,646.0,0.0,6.0,0.0,3.0,144.0,2.0,0.0,1.0,71.0,242.0,True,grand_total,1800,2023-04-09 18:00:00,4,50.0,,0.0,1,1,0,0,0,0,2.0,weather_forecast,0,0,,,,,,,,,,,1,0,0.0,0,0,0,0,24.5,warning,general_situation_report,retain,2023-04-09 18:00:00,115,1,1,12.0,2023-04-10 06:00:00,12.0,646.0,178.0,1.0,242.0,True,6.472346294500901,5.187385805840755,0.6931471805599453,5.493061443340548,12.0,True,646.0,178.0,1.0,242.0,0.0,0.0,0.0,0.0,0.0,18,4,99,6,0.8660254037844387,-0.4999999999999998,0.9912685467787256,-0.13185851571739118,6.472346294500901,5.493061443340548,0.0,0.0,1,0.0,0.0,Stable,0.0,0.0,34,0.0,False,Stable
situation_20230410_0600_8f8987d9.pdf,2023-04-10,"Landslide, Strong Wind, Lightning",2672,,,,,,,,,,178.0,646.0,0.0,6.0,0.0,3.0,144.0,2.0,0.0,1.0,71.0,242.0,True,grand_total,600,2023-04-10 06:00:00,4,50.0,,0.0,1,1,0,0,0,0,0.5,weather_forecast,0,0,,,,,,,,,,,1,0,0.0,0,0,0,0,36.5,warning,general_situation_report,retain,2023-04-10 06:00:00,116,1,1,12.0,2023-04-10 18:00:00,12.0,921.0,250.0,1.0,242.0,True,6.472346294500901,5.187385805840755,0.6931471805599453,5.493061443340548,12.0,True,646.0,178.0,1.0,242.0,0.0,0.0,0.0,0.0,0.0,6,4,100,0,0.8660254037844387,-0.4999999999999998,0.9888537064205885,-0.1488903868564548,6.826545223556594,5.493061443340548,275.0,0.35419892905569306,1,0.0,0.0,Stable,0.0,0.0,34,0.0,False,Stable
situation_20230410_1800_9c9479c4.pdf,2023-04-10,"Landslide, Heavy Rain, Strong Wind, Lightning",4171,,,,,,,,,,250.0,921.0,0.0,6.0,0.0,3.0,218.0,5.0,0.0,1.0,71.0,242.0,True,grand_total,1800,2023-04-10 18:00:00,3,50.0,,0.0,1,1,0,0,0,0,2.0,weather_forecast,0,0,,,,,,,,,,,1,0,0.0,0,0,0,0,48.5,warning,general_situation_report,retain,2023-04-10 18:00:00,117,1,1,12.0,2023-04-11 06:00:00,12.0,921.0,250.0,1.0,242.0,True,6.826545223556594,5.5254529391317835,0.6931471805599453,5.493061443340548,12.0,True,646.0,178.0,1.0,242.0,275.0,72.0,0.0,0.35419892905569306,0.0,18,4,100,0,0.8660254037844387,-0.4999999999999998,0.9888537064205885,-0.1488903868564548,6.826545223556594,5.493061443340548,0.0,0.0,1,275.0,0.35419892905569306,Increasing,0.8235294117647058,0.35294117647058826,34,35.294117647058826,False,Normal Increase
situation_20230411_0600_0537015d.pdf,2023-04-11,"Landslide, Heavy Rain, Strong Wind, Lightning",4171,,,,,,,,,,250.0,921.0,0.0,6.0,0.0,3.0,218.0,5.0,0.0,1.0,71.0,242.0,True,grand_total,600,2023-04-11 06:00:00,3,,,0.0,0,1,0,0,0,0,0.5,weather_forecast,0,0,,,,,,,,,,,1,0,0.0,0,0,0,0,60.5,warning,general_situation_report,retain,2023-04-11 06:00:00,118,1,1,12.0,2023-04-11 18:00:00,12.0,752.0,203.0,1.0,240.0,True,6.826545223556594,5.5254529391317835,0.6931471805599453,5.493061443340548,12.0,True,921.0,250.0,1.0,242.0,0.0,0.0,0.0,0.0,0.0,6,4,101,1,0.8660254037844387,-0.4999999999999998,0.986146248341595,-0.16587819893463143,6.6240652277998935,5.484796933490655,-169.0,-0.2024799957567005,1,0.0,0.0,Stable,0.0,0.0,35,0.0,False,Stable
situation_20230411_1800_c4f4abf1.pdf,2023-04-11,"Landslide, Strong Wind, Lightning",3115,,,,,,,,,,203.0,752.0,0.0,6.0,0.0,3.0,170.0,3.0,0.0,1.0,70.0,240.0,True,grand_total,1800,2023-04-11 18:00:00,3,,,0.0,0,1,0,0,0,0,2.0,weather_forecast,0,0,,,,,,,,,,,1,0,0.0,0,0,0,0,72.5,warning,general_situation_report,retain,2023-04-11 18:00:00,119,1,1,12.0,2023-04-12 06:00:00,12.0,756.0,204.0,1.0,240.0,True,6.6240652277998935,5.318119993844216,0.6931471805599453,5.484796933490655,12.0,True,921.0,250.0,1.0,242.0,-169.0,-47.0,-2.0,-0.2024799957567005,-0.008264509849893464,18,4,101,1,0.8660254037844387,-0.4999999999999998,0.986146248341595,-0.16587819893463143,6.6293632534374485,5.484796933490655,4.0,0.005298025637554993,1,-169.0,-0.2024799957567005,Decreasing,0.0,0.0,35,0.0,False,Decrease
situation_20230412_0600_bcbad21f.pdf,2023-04-12,"Landslide, Strong Wind, Lightning",3249,,,,,,,,,,204.0,756.0,0.0,6.0,0.0,3.0,171.0,3.0,0.0,1.0,70.0,240.0,True,grand_total,600,2023-04-12 06:00:00,3,,,0.0,0,1,0,0,0,0,0.5,weather_forecast,0,0,,,,,,,,,,,1,0,0.0,0,0,0,0,84.5,warning,general_situation_report,retain,2023-04-12 06:00:00,120,1,1,12.0,2023-04-12 18:00:00,12.0,751.0,203.0,1.0,240.0,True,6.6293632534374485,5.3230099791384085,0.6931471805599453,5.484796933490655,12.0,True,752.0,203.0,1.0,240.0,4.0,1.0,0.0,0.005298025637554993,0.0,6,4,102,2,0.8660254037844387,-0.4999999999999998,0.9831469737221499,-0.1828169249850199,6.62273632394984,5.484796933490655,-5.0,-0.006626929487608457,1,4.0,0.005298025637554993,Increasing,0.11428571428571428,0.05714285714285714,35,5.714285714285714,False,Normal Increase
situation_20230412_1800_69ce43ce.pdf,2023-04-12,"Landslide, Strong Wind, Lightning",2891,,,,,,,,,,203.0,751.0,0.0,6.0,0.0,3.0,170.0,3.0,0.0,1.0,70.0,240.0,True,grand_total,1800,2023-04-12 18:00:00,2,,,0.0,0,1,0,0,0,0,6.0,weather_forecast,0,0,,,,,,,,,,,1,0,0.0,0,0,0,0,96.5,warning,general_situation_report,retain,2023-04-12 18:00:00,121,1,1,12.0,2023-04-13 18:00:00,24.0,751.0,203.0,1.0,240.0,True,6.62273632394984,5.318119993844216,0.6931471805599453,5.484796933490655,12.0,True,756.0,204.0,1.0,240.0,-5.0,-1.0,0.0,-0.006626929487608457,0.0,18,4,102,2,0.8660254037844387,-0.4999999999999998,0.9831469737221499,-0.1828169249850199,6.62273632394984,5.484796933490655,0.0,0.0,1,-5.0,-0.006626929487608457,Decreasing,0.0,0.0,36,0.0,False,Decrease
situation_20230413_1800_fc4f8b47.pdf,2023-04-13,"Landslide, Strong Wind, Lightning",2891,,,,,,,,,,203.0,751.0,0.0,6.0,0.0,3.0,170.0,3.0,0.0,1.0,70.0,240.0,True,grand_total,1800,2023-04-13 18:00:00,3,,,0.0,0,1,0,0,0,0,2.0,weather_forecast,0,0,,,,,,,,,,,1,0,0.0,0,0,0,0,120.5,warning,general_situation_report,retain,2023-04-13 18:00:00,122,1,1,24.0,2023-04-14 18:00:00,24.0,753.0,202.0,1.0,240.0,True,6.62273632394984,5.318119993844216,0.6931471805599453,5.484796933490655,24.0,True,751.0,203.0,1.0,240.0,0.0,0.0,0.0,0.0,0.0,18,4,103,3,0.8660254037844387,-0.4999999999999998,0.9798567700958665,-0.1997015525660636,6.625392368007956,5.484796933490655,2.0,0.002656044058116258,1,0.0,0.0,Stable,0.0,0.0,36,0.0,False,Stable
situation_20230414_1800_69d454e2.pdf,2023-04-14,"Landslide, Strong Wind, Lightning",2943,,,,,,,,,,202.0,753.0,0.0,6.0,0.0,3.0,169.0,3.0,0.0,1.0,70.0,240.0,True,grand_total,1800,2023-04-14 18:00:00,4,,,0.0,0,1,0,0,0,0,2.0,weather_forecast,0,0,,,,,,,,,,,1,0,0.0,0,0,0,0,144.5,warning,general_situation_report,retain,2023-04-14 18:00:00,123,1,1,24.0,2023-04-18 06:00:00,84.0,12083.0,3560.0,1.0,240.0,False,6.625392368007956,5.313205979041787,0.6931471805599453,5.484796933490655,24.0,True,751.0,203.0,1.0,240.0,2.0,-1.0,0.0,0.002656044058116258,0.0,18,4,104,4,0.8660254037844387,-0.4999999999999998,0.9762766110869321,-0.21652708524481437,9.399637542506563,5.484796933490655,11330.0,2.7742451744986063,1,2.0,0.002656044058116258,Increasing,0.05555555555555555,0.05555555555555555,36,5.555555555555555,False,Normal Increase
situation_20230418_0600_d5d29293.pdf,2023-04-18,"Landslide, Strong Wind, Lightning",3581,,,,,,,,,,3560.0,12083.0,2.0,8.0,0.0,3.0,98.0,0.0,0.0,1.0,70.0,240.0,True,grand_total,600,2023-04-18 06:00:00,3,,,0.0,0,1,0,0,0,0,0.5,weather_forecast,0,0,,,,,,,,,,,1,0,0.0,0,0,0,0,37.5,warning,general_situation_report,retain,2023-04-18 06:00:00,124,1,1,84.0,2023-04-18 18:00:00,12.0,12218.0,3595.0,1.0,240.0,True,9.399637542506563,8.177796683277778,0.6931471805599453,5.484796933490655,84.0,False,,,,,,,,,,6,4,108,1,0.8660254037844387,-0.4999999999999998,0.9590788900341131,-0.28313898122818354,9.410747396316522,5.484796933490655,135.0,0.011109853809958992,1,,,Insufficient Previous Context,,,0,,False,Gap / No Comparable Previous Report
situation_20230418_1800_a3b5b367.pdf,2023-04-18,"Landslide, Heavy Rain, Strong Wind, Lightning",4228,,,,,,,,,,3595.0,12218.0,2.0,8.0,0.0,3.0,133.0,0.0,0.0,1.0,70.0,240.0,True,grand_total,1800,2023-04-18 18:00:00,3,,,0.0,0,1,0,0,0,0,2.0,weather_forecast,0,0,,,,,,,,,,,1,0,0.0,0,0,0,0,49.5,warning,general_situation_report,retain,2023-04-18 18:00:00,125,1,1,12.0,2023-04-19 18:00:00,24.0,11942.0,3523.0,1.0,240.0,True,9.410747396316522,8.18757739559151,0.6931471805599453,5.484796933490655,12.0,True,12083.0,3560.0,1.0,240.0,135.0,35.0,0.0,0.011109853809958992,0.0,18,4,108,1,0.8660254037844387,-0.4999999999999998,0.9590788900341131,-0.28313898122818354,9.387900611668426,5.484796933490655,-276.0,-0.02284678464809531,1,135.0,0.011109853809958992,Increasing,0.7567567567567568,0.10810810810810811,37,10.81081081081081,False,Normal Increase
situation_20230419_1800_cb0aa182.pdf,2023-04-19,"Landslide, Strong Wind",2989,,,,,,,,,,3523.0,11942.0,0.0,6.0,0.0,3.0,61.0,0.0,0.0,1.0,70.0,240.0,True,grand_total,1800,2023-04-19 18:00:00,3,,,0.0,0,1,0,0,0,0,2.0,weather_forecast,0,0,,,,,,,,,,,1,0,0.0,0,0,0,0,73.5,warning,general_situation_report,retain,2023-04-19 18:00:00,126,1,1,24.0,2023-04-20 18:00:00,24.0,11950.0,3525.0,1.0,240.0,True,9.387900611668426,8.16735198705607,0.6931471805599453,5.484796933490655,24.0,True,12218.0,3595.0,1.0,240.0,-276.0,-72.0,0.0,-0.02284678464809531,0.0,18,4,109,2,0.8660254037844387,-0.4999999999999998,0.9540665500578387,-0.2995947563972602,9.388570235866881,5.484796933490655,8.0,0.0006696241984549545,1,-276.0,-0.02284678464809531,Decreasing,0.0,0.0,38,0.0,False,Decrease
situation_20230420_1800_15116e45.pdf,2023-04-20,"Landslide, Heavy Rain, Strong Wind",3060,,,,,,,,,,3525.0,11950.0,0.0,6.0,0.0,3.0,63.0,0.0,0.0,1.0,70.0,240.0,True,grand_total,1800,2023-04-20 18:00:00,3,,,0.0,0,1,0,0,0,0,2.0,weather_forecast,0,0,,,,,,,,,,,1,0,0.0,0,0,0,0,97.5,warning,general_situation_report,retain,2023-04-20 18:00:00,127,1,1,24.0,2023-04-21 18:00:00,24.0,11919.0,3515.0,1.0,240.0,True,9.388570235866881,8.167919362957816,0.6931471805599453,5.484796933490655,24.0,True,11942.0,3523.0,1.0,240.0,8.0,2.0,0.0,0.0006696241984549545,0.0,18,4,110,3,0.8660254037844387,-0.4999999999999998,0.9487718864399473,-0.31596187665790293,9.385972940619341,5.484796933490655,-31.0,-0.0025972952475399325,1,8.0,0.0006696241984549545,Increasing,0.2631578947368421,0.0,38,0.0,False,Normal Increase
situation_20230421_1800_9f0b34b1.pdf,2023-04-21,"Landslide, Strong Wind",3218,,,,,,,,,,3515.0,11919.0,0.0,6.0,0.0,3.0,54.0,0.0,0.0,1.0,70.0,240.0,True,grand_total,1800,2023-04-21 18:00:00,4,50.0,,2.0,1,1,0,0,0,0,2.0,weather_forecast,0,0,,,,,,,,,,,1,0,0.0,0,0,0,0,121.5,warning,general_situation_report,retain,2023-04-21 18:00:00,128,1,1,24.0,2023-04-22 06:00:00,12.0,11919.0,3515.0,1.0,240.0,True,9.385972940619341,8.165079258805068,0.6931471805599453,5.484796933490655,24.0,True,11950.0,3525.0,1.0,240.0,-31.0,-10.0,0.0,-0.0025972952475399325,0.0,18,4,111,4,0.8660254037844387,-0.4999999999999998,0.9431964659565866,-0.33223549871590435,9.385972940619341,5.484796933490655,0.0,0.0,1,-31.0,-0.0025972952475399325,Decreasing,0.0,0.0,38,0.0,False,Decrease
situation_20230422_0600_9fb27a62.pdf,2023-04-22,"Landslide, Strong Wind",3218,,,,,,,,,,3515.0,11919.0,0.0,6.0,0.0,3.0,54.0,0.0,0.0,1.0,70.0,240.0,True,grand_total,600,2023-04-22 06:00:00,4,75.0,,2.0,1,1,0,0,0,0,0.5,weather_forecast,0,0,,,,,,,,,,,1,0,0.0,0,0,0,0,133.5,warning,general_situation_report,retain,2023-04-22 06:00:00,129,1,1,12.0,2023-04-22 18:00:00,12.0,11873.0,3503.0,1.0,240.0,True,9.385972940619341,8.165079258805068,0.6931471805599453,5.484796933490655,12.0,True,11919.0,3515.0,1.0,240.0,0.0,0.0,0.0,0.0,0.0,6,4,112,5,0.8660254037844387,-0.4999999999999998,0.9373419384643772,-0.3484108069446808,9.38210641483062,5.484796933490655,-46.0,-0.0038665257887213755,1,0.0,0.0,Stable,0.0,0.0,38,0.0,False,Stable
situation_20230422_1800_238e9413.pdf,2023-04-22,"Landslide, Strong Wind, Lightning",2908,,,,,,,,,,3503.0,11873.0,0.0,6.0,0.0,3.0,41.0,0.0,0.0,1.0,70.0,240.0,True,grand_total,1800,2023-04-22 18:00:00,3,75.0,,0.0,1,1,0,0,0,0,2.0,weather_forecast,0,0,,,,,,,,,,,1,1,1.0,1,0,0,1,5.0,warning,general_situation_report,retain,2023-04-22 18:00:00,130,1,1,12.0,2023-04-23 06:00:00,12.0,12392.0,3623.0,2.0,270.0,True,9.38210641483062,8.161660452056282,0.6931471805599453,5.484796933490655,12.0,True,11919.0,3515.0,1.0,240.0,-46.0,-12.0,0.0,-0.0038665257887213755,0.0,18,4,112,5,0.8660254037844387,-0.4999999999999998,0.9373419384643772,-0.3484108069446808,9.424887076064874,5.602118820879701,519.0,0.042780661234253614,1,-46.0,-0.0038665257887213755,Decreasing,0.0,0.0,37,0.0,False,Decrease
situation_20230423_0600_4f2fb9d1.pdf,2023-04-23,"Flood, Landslide, Strong Wind, Lightning",3419,,,,,,,,,,3623.0,12392.0,2.0,6.0,0.0,3.0,158.0,0.0,0.0,2.0,80.0,270.0,True,grand_total,600,2023-04-23 06:00:00,3,75.0,,0.0,1,1,0,0,0,0,0.5,weather_forecast,0,0,,,,,,,,,,,1,1,1.0,1,0,0,1,17.0,warning,general_situation_report,retain,2023-04-23 06:00:00,131,1,2,12.0,2023-04-23 18:00:00,12.0,11918.0,3516.0,1.0,240.0,True,9.424887076064874,8.19533366716287,1.0986122886681098,5.602118820879701,12.0,True,11873.0,3503.0,1.0,240.0,519.0,120.0,30.0,0.042780661234253614,0.11732188738904625,6,4,113,6,0.8660254037844387,-0.4999999999999998,0.9312100364121947,-0.3644830148102912,9.385889044482708,5.484796933490655,-474.0,-0.03899803158216564,1,519.0,0.042780661234253614,Increasing,0.8648648648648649,0.21621621621621623,37,21.62162162162162,False,Normal Increase
situation_20230423_1800_9113d949.pdf,2023-04-23,"Landslide, Strong Wind",2876,,,,,,,,,,3516.0,11918.0,0.0,6.0,0.0,3.0,53.0,1.0,2.0,1.0,70.0,240.0,True,grand_total,1800,2023-04-23 18:00:00,3,50.0,,0.0,1,1,0,0,0,0,2.0,weather_forecast,0,0,,,,,,,,,,,1,1,1.0,1,0,0,1,0.0,warning,general_situation_report,retain,2023-04-23 18:00:00,133,1,1,12.0,2023-04-24 06:00:00,12.0,11918.0,3516.0,1.0,240.0,True,9.385889044482708,8.165363632473982,0.6931471805599453,5.484796933490655,12.0,True,12392.0,3623.0,2.0,270.0,-474.0,-107.0,-30.0,-0.03899803158216564,-0.11732188738904625,18,4,113,6,0.8660254037844387,-0.4999999999999998,0.9312100364121947,-0.3644830148102912,9.385889044482708,5.484796933490655,0.0,0.0,1,-474.0,-0.03899803158216564,Decreasing,0.0,0.0,38,0.0,False,Decrease
situation_20230424_0600_7b38d6ce.pdf,2023-04-24,"Landslide, Strong Wind",2876,,,,,,,,,,3516.0,11918.0,0.0,6.0,0.0,3.0,53.0,1.0,2.0,1.0,70.0,240.0,True,grand_total,600,2023-04-24 06:00:00,3,50.0,,0.0,1,1,0,0,0,0,0.5,weather_forecast,0,0,,,,,,,,,,,1,1,1.0,1,0,0,1,12.0,warning,general_situation_report,retain,2023-04-24 06:00:00,134,1,1,12.0,2023-04-24 18:00:00,12.0,21190.0,6372.0,2.0,480.0,True,9.385889044482708,8.165363632473982,0.6931471805599453,5.484796933490655,12.0,True,11918.0,3516.0,1.0,240.0,0.0,0.0,0.0,0.0,0.0,6,4,114,0,0.8660254037844387,-0.4999999999999998,0.9248025743285089,-0.38044736628785164,9.961331842220567,6.175867270105761,9272.0,0.5754427977378587,1,0.0,0.0,Stable,0.0,0.0,38,0.0,False,Stable
situation_20230424_1800_e14f1b23.pdf,2023-04-24,"Landslide, Strong Wind, Lightning",5178,,,,,,,,,,6372.0,21190.0,1.0,12.0,0.0,6.0,201.0,4.0,3.0,2.0,140.0,480.0,True,grand_total,1800,2023-04-24 18:00:00,4,50.0,,2.0,1,1,0,0,0,0,2.0,weather_forecast,0,0,,,,,,,,,,,1,1,1.0,1,0,0,1,24.0,warning,general_situation_report,retain,2023-04-24 18:00:00,135,1,1,12.0,2023-04-25 06:00:00,12.0,20950.0,6302.0,1.0,240.0,True,9.961331842220567,8.759825595314295,1.0986122886681098,6.175867270105761,12.0,True,11918.0,3516.0,1.0,240.0,9272.0,2856.0,240.0,0.5754427977378587,0.6910703366151063,18,4,114,0,0.8660254037844387,-0.4999999999999998,0.9248025743285089,-0.38044736628785164,9.949941656908011,5.484796933490655,-240.0,-0.01139018531255509,1,9272.0,0.5754427977378587,Increasing,1.0,0.5,38,50.0,False,Normal Increase
situation_20230425_0600_8e45345e.pdf,2023-04-25,"Landslide, Strong Wind, Lightning",5220,,,,,,,,,,6302.0,20950.0,1.0,6.0,0.0,3.0,164.0,4.0,3.0,1.0,70.0,240.0,True,grand_total,600,2023-04-25 06:00:00,4,50.0,,2.0,1,1,0,0,0,0,0.5,weather_forecast,0,0,,,,,,,,,,,1,0,0.0,0,0,0,0,36.0,warning,general_situation_report,retain,2023-04-25 06:00:00,136,1,1,12.0,2023-04-25 18:00:00,12.0,21740.0,6547.0,1.0,240.0,True,9.949941656908011,8.74878098951311,0.6931471805599453,5.484796933490655,12.0,True,21190.0,6372.0,2.0,480.0,-240.0,-70.0,-240.0,-0.01139018531255509,-0.6910703366151063,6,4,115,1,0.8660254037844387,-0.4999999999999998,0.9181214482844364,-0.39629913726891813,9.986955157777391,5.484796933490655,790.0,0.03701350086937971,1,-240.0,-0.01139018531255509,Decreasing,0.0,0.0,39,0.0,False,Decrease
situation_20230425_1800_edb700c4.pdf,2023-04-25,"Landslide, Heavy Rain, Strong Wind, Lightning",5143,,,,,,,,,,6547.0,21740.0,1.0,8.0,0.0,4.0,159.0,4.0,0.0,1.0,70.0,240.0,True,grand_total,1800,2023-04-25 18:00:00,3,50.0,,0.0,1,1,0,0,0,0,2.0,weather_forecast,0,0,,,,,,,,,,,1,0,0.0,0,0,0,0,48.0,warning,general_situation_report,retain,2023-04-25 18:00:00,137,1,1,12.0,2023-04-26 06:00:00,12.0,21740.0,6547.0,1.0,240.0,True,9.986955157777391,8.786914938491025,0.6931471805599453,5.484796933490655,12.0,True,20950.0,6302.0,1.0,240.0,790.0,245.0,0.0,0.03701350086937971,0.0,18,4,115,1,0.8660254037844387,-0.4999999999999998,0.9181214482844364,-0.39629913726891813,9.986955157777391,5.484796933490655,0.0,0.0,1,790.0,0.03701350086937971,Increasing,0.9487179487179487,0.20512820512820512,39,20.51282051282051,False,Normal Increase
situation_20230426_0600_098fe6c2.pdf,2023-04-26,"Landslide, Heavy Rain, Strong Wind, Lightning",5191,,,,,,,,,,6547.0,21740.0,1.0,8.0,0.0,4.0,159.0,4.0,0.0,1.0,70.0,240.0,True,grand_total,600,2023-04-26 06:00:00,3,75.0,,0.0,1,1,0,0,0,0,0.5,weather_forecast,0,0,,,,,,,,,,,1,0,0.0,0,0,0,0,60.0,warning,general_situation_report,retain,2023-04-26 06:00:00,138,1,1,12.0,2023-04-26 18:00:00,12.0,22191.0,6687.0,2.0,270.0,True,9.986955157777391,8.786914938491025,0.6931471805599453,5.484796933490655,12.0,True,21740.0,6547.0,1.0,240.0,0.0,0.0,0.0,0.0,0.0,6,4,116,2,0.8660254037844387,-0.4999999999999998,0.9111686353326631,-0.41203363695942635,10.007487142554613,5.602118820879701,451.0,0.020531984777221624,1,0.0,0.0,Stable,0.0,0.0,39,0.0,False,Stable
situation_20230426_1800_4d729506.pdf,2023-04-26,"Landslide, Heavy Rain, Strong Wind, Lightning",6134,,,,,,,,,,6687.0,22191.0,0.0,8.0,0.0,5.0,293.0,6.0,1.0,2.0,80.0,270.0,True,grand_total,1800,2023-04-26 18:00:00,4,75.0,,2.0,1,1,0,0,0,0,2.0,weather_forecast,0,0,,,,,,,,,,,1,0,0.0,0,0,0,0,72.0,warning,general_situation_report,retain,2023-04-26 18:00:00,139,1,1,12.0,2023-04-27 06:00:00,12.0,22191.0,6687.0,2.0,270.0,True,10.007487142554613,8.808070154764538,1.0986122886681098,5.602118820879701,12.0,True,21740.0,6547.0,1.0,240.0,451.0,140.0,30.0,0.020531984777221624,0.11732188738904625,18,4,116,2,0.8660254037844387,-0.4999999999999998,0.9111686353326631,-0.41203363695942635,10.007487142554613,5.602118820879701,0.0,0.0,1,451.0,0.020531984777221624,Increasing,0.7948717948717948,0.15384615384615385,39,15.384615384615385,False,Normal Increase
situation_20230427_0600_4534ed70.pdf,2023-04-27,"Landslide, Heavy Rain, Strong Wind, Lightning",6194,,,,,,,,,,6687.0,22191.0,0.0,8.0,0.0,5.0,293.0,6.0,1.0,2.0,80.0,270.0,True,grand_total,600,2023-04-27 06:00:00,4,75.0,,2.0,1,1,0,0,0,0,0.5,weather_forecast,0,0,,,,,,,,,,,1,1,1.0,2,0,0,2,9.5,warning,general_situation_report,retain,2023-04-27 06:00:00,140,1,1,12.0,2023-04-27 18:00:00,12.0,21667.0,6523.0,2.0,270.0,True,10.007487142554613,8.808070154764538,1.0986122886681098,5.602118820879701,12.0,True,22191.0,6687.0,2.0,270.0,0.0,0.0,0.0,0.0,0.0,6,4,117,3,0.8660254037844387,-0.4999999999999998,0.9039461929224011,-0.42764620926777464,9.98359179677779,5.602118820879701,-524.0,-0.023895345776823618,1,0.0,0.0,Stable,0.0,0.0,40,0.0,False,Stable
situation_20230427_1800_d9c6f5b0.pdf,2023-04-27,"Flood, Landslide, Heavy Rain, Strong Wind, Lightning",5296,,,,,,,,,,6523.0,21667.0,1.0,6.0,0.0,3.0,136.0,3.0,2.0,2.0,80.0,270.0,True,grand_total,1800,2023-04-27 18:00:00,4,75.0,,2.0,1,1,0,0,0,0,2.0,weather_forecast,0,0,,,,,,,,,,,1,1,1.0,2,0,0,2,21.5,warning,general_situation_report,retain,2023-04-27 18:00:00,141,1,1,12.0,2023-04-28 06:00:00,12.0,21667.0,6523.0,2.0,270.0,True,9.98359179677779,8.783242963740905,1.0986122886681098,5.602118820879701,12.0,True,22191.0,6687.0,2.0,270.0,-524.0,-164.0,0.0,-0.023895345776823618,0.0,18,4,117,3,0.8660254037844387,-0.4999999999999998,0.9039461929224011,-0.42764620926777464,9.98359179677779,5.602118820879701,0.0,0.0,1,-524.0,-0.023895345776823618,Decreasing,0.0,0.0,39,0.0,False,Decrease
situation_20230428_0600_fa745f40.pdf,2023-04-28,"Flood, Landslide, Heavy Rain, Strong Wind, Lightning",5366,,,,,,,,,,6523.0,21667.0,1.0,6.0,0.0,3.0,136.0,3.0,2.0,2.0,80.0,270.0,True,grand_total,600,2023-04-28 06:00:00,4,75.0,,2.0,1,1,0,0,0,0,0.5,weather_forecast,0,0,,,,,,,,,,,1,0,0.0,0,0,0,0,33.5,warning,general_situation_report,retain,2023-04-28 06:00:00,142,1,1,12.0,2023-04-28 18:00:00,12.0,21532.0,6495.0,2.0,270.0,True,9.98359179677779,8.783242963740905,1.0986122886681098,5.602118820879701,12.0,True,21667.0,6523.0,2.0,270.0,0.0,0.0,0.0,0.0,0.0,6,4,118,4,0.8660254037844387,-0.4999999999999998,0.8964562582905575,-0.44313223418263453,9.977341921106609,5.602118820879701,-135.0,-0.006249875671180405,1,0.0,0.0,Stable,0.0,0.0,39,0.0,False,Stable
situation_20230428_1800_7f937be8.pdf,2023-04-28,"Flood, Landslide, Heavy Rain, Strong Wind, Lightning",4547,,,,,,,,,,6495.0,21532.0,0.0,6.0,0.0,3.0,105.0,2.0,0.0,2.0,80.0,270.0,True,grand_total,1800,2023-04-28 18:00:00,4,100.0,,2.0,1,1,0,0,0,0,2.0,weather_forecast,0,0,,,,,,,,,,,1,0,0.0,0,0,0,0,45.5,warning,general_situation_report,retain,2023-04-28 18:00:00,143,1,1,12.0,2023-04-29 06:00:00,12.0,21561.0,6500.0,2.0,270.0,True,9.977341921106609,8.778941881841513,1.0986122886681098,5.602118820879701,12.0,True,21667.0,6523.0,2.0,270.0,-135.0,-28.0,0.0,-0.006249875671180405,0.0,18,4,118,4,0.8660254037844387,-0.4999999999999998,0.8964562582905575,-0.44313223418263453,9.978687785099064,5.602118820879701,29.0,0.0013458639924550653,1,-135.0,-0.006249875671180405,Decreasing,0.0,0.0,39,0.0,False,Decrease
situation_20230429_0600_2a803c8f.pdf,2023-04-29,"Flood, Landslide, Heavy Rain, Strong Wind, Lightning",4908,,,,,,,,,,6500.0,21561.0,0.0,7.0,0.0,3.0,109.0,2.0,0.0,2.0,80.0,270.0,True,grand_total,600,2023-04-29 06:00:00,4,100.0,,2.0,1,1,0,0,0,0,0.5,weather_forecast,0,0,,,,,,,,,,,1,0,0.0,0,0,0,0,57.5,warning,general_situation_report,retain,2023-04-29 06:00:00,144,1,1,12.0,2023-04-30 18:00:00,36.0,11868.0,3501.0,1.0,240.0,True,9.978687785099064,8.77971129020447,1.0986122886681098,5.602118820879701,12.0,True,21532.0,6495.0,2.0,270.0,29.0,5.0,0.0,0.0013458639924550653,0.0,6,4,119,5,0.8660254037844387,-0.4999999999999998,0.8887010478292915,-0.45848712914008766,9.381685238056505,5.484796933490655,-9693.0,-0.5970025470425586,1,29.0,0.0013458639924550653,Increasing,0.46153846153846156,0.02564102564102564,39,2.564102564102564,False,Normal Increase
situation_20230430_1800_8a80c13c.pdf,2023-04-30,Landslide,2637,,,,,,,,,,3501.0,11868.0,0.0,6.0,0.0,3.0,37.0,0.0,0.0,1.0,70.0,240.0,True,grand_total,1800,2023-04-30 18:00:00,6,100.0,,2.0,1,1,0,0,0,0,2.0,weather_forecast,0,0,,,,,,,,,,,1,1,1.0,3,0,0,3,2.0,warning,general_situation_report,retain,2023-04-30 18:00:00,145,1,1,36.0,2023-05-01 06:00:00,12.0,11868.0,3501.0,1.0,240.0,True,9.381685238056505,8.161089512845797,0.6931471805599453,5.484796933490655,36.0,True,21561.0,6500.0,2.0,270.0,-9693.0,-2999.0,-30.0,-0.5970025470425586,-0.11732188738904625,18,4,120,6,0.8660254037844387,-0.4999999999999998,0.8806828564301475,-0.47370635037968,9.381685238056505,5.484796933490655,0.0,0.0,1,-9693.0,-0.5970025470425586,Decreasing,0.0,0.0,40,0.0,False,Decrease
situation_20230501_0600_7bc5a844.pdf,2023-05-01,Landslide,2635,,,,,,,,,,3501.0,11868.0,0.0,6.0,0.0,3.0,37.0,0.0,0.0,1.0,70.0,240.0,True,grand_total,600,2023-05-01 06:00:00,6,100.0,,2.0,1,1,0,0,0,0,0.5,weather_forecast,0,0,,,,,,,,,,,1,1,1.0,3,0,0,3,14.0,warning,general_situation_report,retain,2023-05-01 06:00:00,146,1,1,12.0,2023-05-01 18:00:00,12.0,11868.0,3501.0,1.0,240.0,True,9.381685238056505,8.161089512845797,0.6931471805599453,5.484796933490655,12.0,True,11868.0,3501.0,1.0,240.0,0.0,0.0,0.0,0.0,0.0,6,5,121,0,0.49999999999999994,-0.8660254037844387,0.8724040568049612,-0.48878539428899265,9.381685238056505,5.484796933490655,0.0,0.0,1,0.0,0.0,Stable,0.0,0.0,40,0.0,False,Stable
situation_20230501_1800_e265f158.pdf,2023-05-01,Landslide,2615,,,,,,,,,,3501.0,11868.0,0.0,6.0,0.0,3.0,37.0,0.0,0.0,1.0,70.0,240.0,True,grand_total,1800,2023-05-01 18:00:00,6,100.0,,2.0,1,1,0,0,0,0,2.0,weather_forecast,0,0,,,,,,,,,,,1,1,1.0,3,0,0,3,2.0,warning,general_situation_report,retain,2023-05-01 18:00:00,147,1,1,12.0,2023-05-02 06:00:00,12.0,11868.0,3501.0,1.0,240.0,True,9.381685238056505,8.161089512845797,0.6931471805599453,5.484796933490655,12.0,True,11868.0,3501.0,1.0,240.0,0.0,0.0,0.0,0.0,0.0,18,5,121,0,0.49999999999999994,-0.8660254037844387,0.8724040568049612,-0.48878539428899265,9.381685238056505,5.484796933490655,0.0,0.0,1,0.0,0.0,Stable,0.0,0.0,39,0.0,False,Stable
situation_20230502_0600_5e93f889.pdf,2023-05-02,Landslide,2615,,,,,,,,,,3501.0,11868.0,0.0,6.0,0.0,3.0,37.0,0.0,0.0,1.0,70.0,240.0,True,grand_total,600,2023-05-02 06:00:00,6,100.0,,2.0,1,1,0,0,0,0,0.5,weather_forecast,0,0,,,,,,,,,,,1,1,1.0,3,0,0,3,7.5,warning,general_situation_report,retain,2023-05-02 06:00:00,148,1,1,12.0,2023-05-02 18:00:00,12.0,265.0,77.0,1.0,240.0,True,9.381685238056505,8.161089512845797,0.6931471805599453,5.484796933490655,12.0,True,11868.0,3501.0,1.0,240.0,0.0,0.0,0.0,0.0,0.0,6,5,122,1,0.49999999999999994,-0.8660254037844387,0.8638670987837349,-0.503719798736334,5.583496308781699,5.484796933490655,-11603.0,-3.798188929274806,1,0.0,0.0,Stable,0.0,0.0,39,0.0,False,Stable
situation_20230502_1800_5b13c8ca.pdf,2023-05-02,"Landslide, Strong Wind",3428,,,,,,,,,,77.0,265.0,0.0,6.0,0.0,3.0,44.0,0.0,0.0,1.0,70.0,240.0,True,grand_total,1800,2023-05-02 18:00:00,3,100.0,,0.0,1,1,0,0,0,0,2.0,weather_forecast,0,0,,,,,,,,,,,1,1,1.0,3,0,0,3,2.0,early_warning,general_situation_report,retain,2023-05-02 18:00:00,149,1,1,12.0,2023-05-03 06:00:00,12.0,265.0,77.0,1.0,240.0,True,5.583496308781699,4.356708826689592,0.6931471805599453,5.484796933490655,12.0,True,11868.0,3501.0,1.0,240.0,-11603.0,-3424.0,0.0,-3.798188929274806,0.0,18,5,122,1,0.49999999999999994,-0.8660254037844387,0.8638670987837349,-0.503719798736334,5.583496308781699,5.484796933490655,0.0,0.0,1,-11603.0,-3.798188929274806,Decreasing,0.0,0.0,38,0.0,False,Decrease
situation_20230503_0600_8c529f33.pdf,2023-05-03,"Landslide, Strong Wind",3428,,,,,,,,,,77.0,265.0,0.0,6.0,0.0,3.0,44.0,0.0,0.0,1.0,70.0,240.0,True,grand_total,600,2023-05-03 06:00:00,3,100.0,,0.0,1,1,0,0,0,0,0.5,weather_forecast,0,0,,,,,,,,,,,1,1,1.0,3,0,0,3,14.0,early_warning,general_situation_report,retain,2023-05-03 06:00:00,150,1,1,12.0,2023-05-03 18:00:00,12.0,660.0,176.0,1.0,242.0,True,5.583496308781699,4.356708826689592,0.6931471805599453,5.484796933490655,12.0,True,265.0,77.0,1.0,240.0,0.0,0.0,0.0,0.0,0.0,6,5,123,2,0.49999999999999994,-0.8660254037844387,0.8550745085896932,-0.518505144391157,6.493753839851686,5.493061443340548,395.0,0.9102575310699867,1,0.0,0.0,Stable,0.0,0.0,37,0.0,False,Stable
situation_20230503_1800_9f6df2cc.pdf,2023-05-03,"Flood, Landslide, Heavy Rain, Strong Wind, Lightning",4386,,,,,,,,,,176.0,660.0,0.0,6.0,0.0,3.0,62.0,0.0,0.0,1.0,71.0,242.0,True,grand_total,1800,2023-05-03 18:00:00,3,100.0,,0.0,1,1,0,0,0,0,2.0,weather_forecast,0,0,,,,,,,,,,,1,1,1.0,3,0,0,3,2.0,warning,general_situation_report,retain,2023-05-03 18:00:00,151,1,1,12.0,2023-05-04 18:00:00,24.0,679.0,181.0,1.0,242.0,True,6.493753839851686,5.176149732573829,0.6931471805599453,5.493061443340548,12.0,True,265.0,77.0,1.0,240.0,395.0,99.0,2.0,0.9102575310699867,0.008264509849893464,18,5,123,2,0.49999999999999994,-0.8660254037844387,0.8550745085896932,-0.518505144391157,6.522092798170152,5.493061443340548,19.0,0.028338958318466112,1,395.0,0.9102575310699867,Increasing,0.7297297297297297,0.6216216216216216,37,62.16216216216216,False,Normal Increase
situation_20230504_1800_c3aabcd4.pdf,2023-05-04,"Flood, Landslide, Heavy Rain, Strong Wind, Lightning",4477,,,,,,,,,,181.0,679.0,0.0,6.0,0.0,3.0,67.0,0.0,0.0,1.0,71.0,242.0,True,grand_total,1800,2023-05-04 18:00:00,3,75.0,50.0,0.0,1,1,1,0,0,0,2.0,weather_forecast,0,0,,,,,,,,,,,1,1,1.0,3,0,0,3,2.0,landslide_related,general_situation_report,retain,2023-05-04 18:00:00,152,1,1,24.0,2023-05-05 06:00:00,12.0,679.0,181.0,1.0,242.0,True,6.522092798170152,5.204006687076795,0.6931471805599453,5.493061443340548,24.0,True,660.0,176.0,1.0,242.0,19.0,5.0,0.0,0.028338958318466112,0.0,18,5,124,3,0.49999999999999994,-0.8660254037844387,0.8460288880917339,-0.533137056031809,6.522092798170152,5.493061443340548,0.0,0.0,1,19.0,0.028338958318466112,Increasing,0.34210526315789475,0.2631578947368421,38,26.31578947368421,False,Normal Increase
situation_20230505_0600_63dacacf.pdf,2023-05-05,"Flood, Landslide, Heavy Rain, Strong Wind, Lightning",4521,,,,,,,,,,181.0,679.0,0.0,6.0,0.0,3.0,67.0,0.0,0.0,1.0,71.0,242.0,True,grand_total,600,2023-05-05 06:00:00,3,75.0,50.0,0.0,1,1,1,0,0,0,0.5,weather_forecast,0,0,,,,,,,,,,,1,1,2.0,5,2,0,5,5.5,warning,general_situation_report,retain,2023-05-05 06:00:00,153,1,1,12.0,2023-05-05 18:00:00,12.0,9276.0,2249.0,1.0,242.0,True,6.522092798170152,5.204006687076795,0.6931471805599453,5.493061443340548,12.0,True,679.0,181.0,1.0,242.0,0.0,0.0,0.0,0.0,0.0,6,5,125,4,0.49999999999999994,-0.8660254037844387,0.8367329140344921,-0.5476112038402312,9.135293497653272,5.493061443340548,8597.0,2.6132006994831203,1,0.0,0.0,Stable,0.0,0.0,38,0.0,False,Stable
situation_20230505_1800_52e05cc8.pdf,2023-05-05,"Flood, Landslide, Heavy Rain, Strong Wind, Lightning",5205,,,,,,,,,,2249.0,9276.0,0.0,6.0,0.0,3.0,82.0,0.0,1.0,1.0,71.0,242.0,True,grand_total,1800,2023-05-05 18:00:00,4,50.0,50.0,0.0,1,1,1,0,0,0,2.0,weather_forecast,0,0,,,,,,,,,,,1,1,2.0,5,2,0,5,17.5,warning,general_situation_report,retain,2023-05-05 18:00:00,154,1,1,12.0,2023-05-06 06:00:00,12.0,9276.0,2249.0,1.0,242.0,True,9.135293497653272,7.718685495198466,0.6931471805599453,5.493061443340548,12.0,True,679.0,181.0,1.0,242.0,8597.0,2068.0,0.0,2.6132006994831203,0.0,18,5,125,4,0.49999999999999994,-0.8660254037844387,0.8367329140344921,-0.5476112038402312,9.135293497653272,5.493061443340548,0.0,0.0,1,8597.0,2.6132006994831203,Increasing,0.9736842105263158,0.868421052631579,38,86.8421052631579,False,Normal Increase
situation_20230506_0600_aa03a76d.pdf,2023-05-06,"Flood, Landslide, Heavy Rain, Strong Wind, Lightning",5205,,,,,,,,,,2249.0,9276.0,0.0,6.0,0.0,3.0,82.0,0.0,1.0,1.0,71.0,242.0,True,grand_total,600,2023-05-06 06:00:00,4,50.0,50.0,0.0,1,1,1,0,0,0,0.5,weather_forecast,0,0,,,,,,,,,,,1,1,2.0,5,2,0,5,5.5,warning,general_situation_report,retain,2023-05-06 06:00:00,155,1,1,12.0,2023-05-07 18:00:00,36.0,6345.0,1634.0,1.0,242.0,True,9.135293497653272,7.718685495198466,0.6931471805599453,5.493061443340548,12.0,True,9276.0,2249.0,1.0,242.0,0.0,0.0,0.0,0.0,0.0,6,5,126,5,0.49999999999999994,-0.8660254037844387,0.8271893372462497,-0.5619233046832195,8.75557997214314,5.493061443340548,-2931.0,-0.37971352551013204,1,0.0,0.0,Stable,0.0,0.0,38,0.0,False,Stable
situation_20230507_1800_8f3aef0e.pdf,2023-05-07,"Flood, Landslide, Heavy Rain, Strong Wind, Lightning",5353,,,,,,,,,,1634.0,6345.0,1.0,6.0,0.0,3.0,87.0,0.0,0.0,1.0,71.0,242.0,True,grand_total,1800,2023-05-07 18:00:00,4,75.0,50.0,2.0,1,1,1,0,0,1,2.0,weather_forecast,0,0,,,,,,,,,,,1,1,1.0,5,0,0,5,9.0,warning,general_situation_report,retain,2023-05-07 18:00:00,156,1,1,36.0,2023-05-08 06:00:00,12.0,6349.0,1635.0,1.0,242.0,True,8.75557997214314,7.399398083331354,0.6931471805599453,5.493061443340548,36.0,True,9276.0,2249.0,1.0,242.0,-2931.0,-615.0,0.0,-0.37971352551013204,0.0,18,5,127,6,0.49999999999999994,-0.8660254037844387,0.8174009818249189,-0.5760691233798758,8.756210091886738,5.493061443340548,4.0,0.0006301197435973904,1,-2931.0,-0.37971352551013204,Decreasing,0.0,0.0,37,0.0,False,Decrease
situation_20230508_0600_ada7a333.pdf,2023-05-08,"Flood, Landslide, Heavy Rain, Strong Wind, Lightning",5416,,,,,,,,,,1635.0,6349.0,1.0,6.0,0.0,3.0,88.0,0.0,1.0,1.0,71.0,242.0,True,grand_total,600,2023-05-08 06:00:00,4,75.0,50.0,2.0,1,1,1,0,0,1,0.5,weather_forecast,0,0,,,,,,,,,,,1,1,1.0,5,0,0,5,21.0,warning,general_situation_report,retain,2023-05-08 06:00:00,157,1,1,12.0,2023-05-08 18:00:00,12.0,6777.0,1751.0,2.0,283.0,True,8.756210091886738,7.400009517162692,0.6931471805599453,5.493061443340548,12.0,True,6345.0,1634.0,1.0,242.0,4.0,1.0,0.0,0.0006301197435973904,0.0,6,5,128,0,0.49999999999999994,-0.8660254037844387,0.8073707443023492,-0.5900444739548627,8.821437352166997,5.648974238161206,428.0,0.06522726028025971,1,4.0,0.0006301197435973904,Increasing,0.16216216216216217,0.0,37,0.0,False,Normal Increase
situation_20230508_1800_c4daf8e9.pdf,2023-05-08,"Flood, Landslide, Heavy Rain, Strong Wind, Lightning",7275,,,,,,,,,,1751.0,6777.0,1.0,7.0,0.0,3.0,177.0,3.0,1.0,2.0,82.0,283.0,True,grand_total,1800,2023-05-08 18:00:00,3,,45.0,0.0,0,1,1,0,1,1,2.0,weather_forecast,0,0,,,,,,,,,,,1,1,1.0,4,0,0,4,9.0,warning,general_situation_report,retain,2023-05-08 18:00:00,158,1,1,12.0,2023-05-09 06:00:00,12.0,5347.0,1271.0,4.0,330.0,True,8.821437352166997,7.468513271496337,1.0986122886681098,5.648974238161206,12.0,True,6349.0,1635.0,1.0,242.0,428.0,116.0,41.0,0.06522726028025971,0.155912794820658,18,5,128,0,0.49999999999999994,-0.8660254037844387,0.8073707443023492,-0.5900444739548627,8.584477938221834,5.802118375377063,-1430.0,-0.23695941394516318,1,428.0,0.06522726028025971,Increasing,0.7567567567567568,0.40540540540540543,37,40.54054054054054,False,Normal Increase
situation_20230509_0600_9c68e4d2.pdf,2023-05-09,"Flood, Landslide, Heavy Rain, Strong Wind, Lightning",7029,,,,,,,,,,1271.0,5347.0,1.0,8.0,0.0,3.0,171.0,3.0,1.0,4.0,94.0,330.0,True,grand_total,600,2023-05-09 06:00:00,3,,45.0,0.0,0,1,1,0,1,1,0.5,weather_forecast,0,0,,,,,,,,,,,1,1,1.0,4,0,0,4,21.0,warning,general_situation_report,retain,2023-05-09 06:00:00,159,1,1,12.0,2023-05-09 18:00:00,12.0,2055.0,572.0,3.0,307.0,True,8.584477938221834,7.148345743900068,1.6094379124341003,5.802118375377063,12.0,True,6777.0,1751.0,2.0,283.0,-1430.0,-480.0,47.0,-0.23695941394516318,0.15314413721585662,6,5,129,1,0.49999999999999994,-0.8660254037844387,0.7971015927871943,-0.6038452208771035,7.628517626575055,5.730099782973574,-3292.0,-0.9559603116467787,1,-1430.0,-0.23695941394516318,Decreasing,0.0,0.0,38,0.0,False,Decrease
situation_20230509_1800_74ffe2fc.pdf,2023-05-09,"Flood, Landslide, Heavy Rain, Strong Wind, Lightning",7329,,,,,,,,,,572.0,2055.0,0.0,7.0,0.0,3.0,190.0,3.0,2.0,3.0,88.0,307.0,True,grand_total,1800,2023-05-09 18:00:00,3,75.0,45.0,0.0,1,1,1,0,1,1,2.0,weather_forecast,0,0,,,,,,,,,,,1,1,1.0,6,0,0,6,8.5,warning,general_situation_report,retain,2023-05-09 18:00:00,160,1,1,12.0,2023-05-10 06:00:00,12.0,2055.0,572.0,3.0,307.0,True,7.628517626575055,6.35088571671474,1.3862943611198906,5.730099782973574,12.0,True,5347.0,1271.0,4.0,330.0,-3292.0,-699.0,-23.0,-0.9559603116467787,-0.07201859240348885,18,5,129,1,0.49999999999999994,-0.8660254037844387,0.7971015927871943,-0.6038452208771035,7.628517626575055,5.730099782973574,0.0,0.0,1,-3292.0,-0.9559603116467787,Decreasing,0.0,0.0,37,0.0,False,Decrease
situation_20230510_0600_3f42a269.pdf,2023-05-10,"Flood, Landslide, Heavy Rain, Strong Wind, Lightning",7265,,,,,,,,,,572.0,2055.0,0.0,7.0,0.0,3.0,190.0,3.0,2.0,3.0,88.0,307.0,True,grand_total,600,2023-05-10 06:00:00,3,75.0,45.0,0.0,1,1,1,0,1,1,0.5,weather_forecast,0,0,,,,,,,,,,,1,1,1.0,6,0,0,6,20.5,warning,general_situation_report,retain,2023-05-10 06:00:00,161,1,1,12.0,2023-05-10 18:00:00,12.0,2115.0,578.0,2.0,283.0,True,7.628517626575055,6.35088571671474,1.3862943611198906,5.730099782973574,12.0,True,2055.0,572.0,3.0,307.0,0.0,0.0,0.0,0.0,0.0,6,5,130,2,0.49999999999999994,-0.8660254037844387,0.7865965660866021,-0.6174672802835514,7.65728279297819,5.648974238161206,60.0,0.028765166403134756,1,0.0,0.0,Stable,0.0,0.0,36,0.0,False,Stable
situation_20230510_1800_26315d7c.pdf,2023-05-10,"Flood, Landslide, Heavy Rain, Strong Wind, Lightning",8108,,,,,,,,,,578.0,2115.0,0.0,7.0,0.0,3.0,218.0,3.0,3.0,2.0,82.0,283.0,True,grand_total,1800,2023-05-10 18:00:00,4,75.0,45.0,3.0,1,1,1,0,1,1,2.0,weather_forecast,0,0,,,,,,,,,,,1,1,1.0,4,0,0,4,8.5,warning,general_situation_report,retain,2023-05-10 18:00:00,162,1,1,12.0,2023-05-11 06:00:00,12.0,2115.0,578.0,2.0,283.0,True,7.65728279297819,6.361302477572996,1.0986122886681098,5.648974238161206,12.0,True,2055.0,572.0,3.0,307.0,60.0,6.0,-24.0,0.028765166403134756,-0.08112554481236778,18,5,130,2,0.49999999999999994,-0.8660254037844387,0.7865965660866021,-0.6174672802835514,7.65728279297819,5.648974238161206,0.0,0.0,1,60.0,0.028765166403134756,Increasing,0.4722222222222222,0.3055555555555556,36,30.555555555555557,False,Normal Increase
situation_20230511_0600_13305937.pdf,2023-05-11,"Flood, Landslide, Heavy Rain, Strong Wind, Lightning",8036,,,,,,,,,,578.0,2115.0,0.0,7.0,0.0,3.0,218.0,3.0,3.0,2.0,82.0,283.0,True,grand_total,600,2023-05-11 06:00:00,4,75.0,45.0,3.0,1,1,1,0,1,1,0.5,weather_forecast,0,0,,,,,,,,,,,1,1,1.0,4,0,0,4,20.5,warning,general_situation_report,retain,2023-05-11 06:00:00,163,1,1,12.0,2023-05-11 18:00:00,12.0,2189.0,598.0,2.0,283.0,True,7.65728279297819,6.361302477572996,1.0986122886681098,5.648974238161206,12.0,True,2115.0,578.0,2.0,283.0,0.0,0.0,0.0,0.0,0.0,6,5,131,3,0.49999999999999994,-0.8660254037844387,0.7758587728069828,-0.6309066211876704,7.691656822810547,5.648974238161206,74.0,0.03437402983235671,1,0.0,0.0,Stable,0.0,0.0,37,0.0,False,Stable
situation_20230511_1800_785e707b.pdf,2023-05-11,"Flood, Landslide, Heavy Rain, Strong Wind, Lightning",8356,,,,,,,,,,598.0,2189.0,0.0,7.0,0.0,3.0,230.0,11.0,4.0,2.0,82.0,283.0,True,grand_total,1800,2023-05-11 18:00:00,5,100.0,45.0,3.0,1,1,1,0,1,1,2.0,weather_forecast,0,0,,,,,,,,,,,1,1,2.0,5,1,0,6,2.0,warning,general_situation_report,retain,2023-05-11 18:00:00,164,1,1,12.0,2023-05-12 06:00:00,12.0,2189.0,598.0,2.0,283.0,True,7.691656822810547,6.395261598115449,1.0986122886681098,5.648974238161206,12.0,True,2115.0,578.0,2.0,283.0,74.0,20.0,0.0,0.03437402983235671,0.0,18,5,131,3,0.49999999999999994,-0.8660254037844387,0.7758587728069828,-0.6309066211876704,7.691656822810547,5.648974238161206,0.0,0.0,1,74.0,0.03437402983235671,Increasing,0.5135135135135135,0.32432432432432434,37,32.432432432432435,False,Normal Increase
situation_20230512_0600_b027c6d2.pdf,2023-05-12,"Flood, Landslide, Heavy Rain, Strong Wind, Lightning",8428,,,,,,,,,,598.0,2189.0,0.0,7.0,0.0,3.0,230.0,11.0,4.0,2.0,82.0,283.0,True,grand_total,600,2023-05-12 06:00:00,6,100.0,45.0,3.0,1,1,1,0,1,1,0.5,weather_forecast,0,0,,,,,,,,,,,1,1,2.0,5,3,0,6,11.5,warning,general_situation_report,retain,2023-05-12 06:00:00,165,1,1,12.0,2023-05-12 18:00:00,12.0,2270.0,620.0,2.0,283.0,True,7.691656822810547,6.395261598115449,1.0986122886681098,5.648974238161206,12.0,True,2189.0,598.0,2.0,283.0,0.0,0.0,0.0,0.0,0.0,6,5,132,4,0.49999999999999994,-0.8660254037844387,0.7648913904341225,-0.6441592666722685,7.7279755421055585,5.648974238161206,81.0,0.036318719295011626,1,0.0,0.0,Stable,0.0,0.0,38,0.0,False,Stable
situation_20230512_1800_4dd3f240.pdf,2023-05-12,"Flood, Landslide, Heavy Rain, Strong Wind, Lightning",8870,,,,,,,,,,620.0,2270.0,0.0,7.0,0.0,3.0,250.0,11.0,4.0,2.0,82.0,283.0,True,grand_total,1800,2023-05-12 18:00:00,5,100.0,45.0,3.0,1,1,1,0,0,1,2.0,weather_forecast,0,0,,,,,,,,,,,1,1,2.0,5,3,0,6,23.5,warning,general_situation_report,retain,2023-05-12 18:00:00,166,1,1,12.0,2023-05-13 18:00:00,24.0,2275.0,621.0,2.0,283.0,True,7.7279755421055585,6.431331081933479,1.0986122886681098,5.648974238161206,12.0,True,2189.0,598.0,2.0,283.0,81.0,22.0,0.0,0.036318719295011626,0.0,18,5,132,4,0.49999999999999994,-0.8660254037844387,0.7648913904341225,-0.6441592666722685,7.730174795246222,5.648974238161206,5.0,0.00219925314066316,1,81.0,0.036318719295011626,Increasing,0.5263157894736842,0.34210526315789475,38,34.21052631578947,False,Normal Increase
situation_20230513_1800_3454b473.pdf,2023-05-13,"Flood, Landslide, Heavy Rain, Strong Wind, Lightning",8935,,,,,,,,,,621.0,2275.0,0.0,8.0,0.0,3.0,251.0,11.0,4.0,2.0,82.0,283.0,True,grand_total,1800,2023-05-13 18:00:00,4,75.0,45.0,3.0,1,1,1,0,0,1,2.0,weather_forecast,0,0,,,,,,,,,,,1,1,2.0,5,3,0,6,23.5,warning,general_situation_report,retain,2023-05-13 18:00:00,167,1,1,24.0,2023-05-14 18:00:00,24.0,137.0,37.0,0.0,0.0,True,7.730174795246222,6.432940092739179,1.0986122886681098,5.648974238161206,24.0,True,2270.0,620.0,2.0,283.0,5.0,1.0,0.0,0.00219925314066316,0.0,18,5,133,5,0.49999999999999994,-0.8660254037844387,0.753697664392914,-0.6572212950663319,4.927253685157205,0.0,-2138.0,-2.8029211100890166,0,5.0,0.00219925314066316,Increasing,0.15789473684210525,0.07894736842105263,38,7.894736842105263,False,Normal Increase
situation_20230514_1800_af9f8da2.pdf,2023-05-14,"Flood, Heavy Rain, Strong Wind, Lightning",4023,,,,,,,,,,37.0,137.0,0.0,7.0,0.0,0.0,28.0,0.0,0.0,0.0,0.0,0.0,True,grand_total,1800,2023-05-14 18:00:00,6,100.0,45.0,3.0,1,1,1,0,1,1,2.0,weather_forecast,0,0,,,,,,,,,,,1,1,2.0,5,1,0,5,4.5,warning,general_situation_report,retain,2023-05-14 18:00:00,168,1,1,24.0,2023-05-15 06:00:00,12.0,1872.0,428.0,0.0,0.0,True,4.927253685157205,3.6375861597263857,0.0,0.0,24.0,True,2275.0,621.0,2.0,283.0,-2138.0,-584.0,-283.0,-2.8029211100890166,-5.648974238161206,18,5,134,6,0.49999999999999994,-0.8660254037844387,0.742280907086982,-0.6700888411055113,7.5352967024440884,0.0,1735.0,2.6080430172868834,0,-2138.0,-2.8029211100890166,Decreasing,0.0,0.0,39,0.0,False,Decrease
situation_20230515_0600_1114727a.pdf,2023-05-15,"Flood, Heavy Rain, Strong Wind, Lightning",4191,,,,,,,,,,428.0,1872.0,0.0,7.0,1.0,0.0,40.0,0.0,0.0,0.0,0.0,0.0,True,grand_total,600,2023-05-15 06:00:00,7,100.0,45.0,3.0,1,1,1,0,1,1,0.0,cyclone,0,0,,,,,,,,,,,1,1,2.0,5,1,0,5,16.5,warning,general_situation_report,retain,2023-05-15 06:00:00,169,1,1,12.0,2023-05-15 18:00:00,12.0,6564.0,1744.0,0.0,0.0,True,7.5352967024440884,6.061456918928017,0.0,0.0,12.0,True,137.0,37.0,0.0,0.0,1735.0,391.0,0.0,2.6080430172868834,0.0,6,5,135,0,0.49999999999999994,-0.8660254037844387,0.7306444969184916,-0.6827580970759147,8.789507786736896,0.0,4692.0,1.254211084292808,0,1735.0,2.6080430172868834,Increasing,0.9487179487179487,0.8974358974358975,39,89.74358974358975,False,Normal Increase
situation_20230515_1800_9ad29238.pdf,2023-05-15,"Flood, Heavy Rain, Strong Wind, Lightning",4618,,,,,,,,,,1744.0,6564.0,0.0,7.0,1.0,1.0,73.0,0.0,0.0,0.0,0.0,0.0,True,grand_total,1800,2023-05-15 18:00:00,4,,45.0,2.0,0,1,1,0,1,1,2.0,weather_forecast,0,0,,,,,,,,,,,1,1,1.0,5,0,0,5,4.0,warning,general_situation_report,retain,2023-05-15 18:00:00,170,1,1,12.0,2023-05-16 06:00:00,12.0,10055.0,2511.0,0.0,0.0,True,8.789507786736896,7.4645098346365275,0.0,0.0,12.0,True,1872.0,428.0,0.0,0.0,4692.0,1316.0,0.0,1.254211084292808,0.0,18,5,135,0,0.49999999999999994,-0.8660254037844387,0.7306444969184916,-0.6827580970759147,9.215924750270084,0.0,3491.0,0.42641696353318714,0,4692.0,1.254211084292808,Increasing,0.95,0.7,40,70.0,False,Normal Increase
situation_20230516_0600_3547c220.pdf,2023-05-16,"Flood, Heavy Rain, Strong Wind, Lightning",4821,,,,,,,,,,2511.0,10055.0,0.0,7.0,1.0,1.0,76.0,0.0,0.0,0.0,0.0,0.0,True,grand_total,600,2023-05-16 06:00:00,4,,40.0,2.0,0,1,1,0,1,1,0.5,weather_forecast,0,0,,,,,,,,,,,1,1,1.0,5,0,0,5,16.0,warning,general_situation_report,retain,2023-05-16 06:00:00,171,1,1,12.0,2023-05-16 18:00:00,12.0,14986.0,3640.0,0.0,0.0,True,9.215924750270084,7.828834527588089,0.0,0.0,12.0,True,6564.0,1744.0,0.0,0.0,3491.0,767.0,0.0,0.42641696353318714,0.0,6,5,136,1,0.49999999999999994,-0.8660254037844387,0.7187918772884232,-0.6952253139408722,9.614938437644996,0.0,4931.0,0.3990136873749126,0,3491.0,0.42641696353318714,Increasing,0.926829268292683,0.6097560975609756,41,60.97560975609756,False,Normal Increase
situation_20230516_1800_c40edb4b.pdf,2023-05-16,"Flood, Landslide, Heavy Rain, Strong Wind, Lightning",5585,,,,,,,,,,3640.0,14986.0,0.0,7.0,1.0,4.0,221.0,2.0,0.0,0.0,0.0,0.0,True,grand_total,1800,2023-05-16 18:00:00,3,,40.0,0.0,0,1,1,0,0,0,2.0,weather_forecast,0,0,,,,,,,,,,,1,0,0.0,0,0,0,0,28.0,warning,general_situation_report,retain,2023-05-16 18:00:00,172,1,1,12.0,2023-05-17 06:00:00,12.0,14986.0,3640.0,0.0,0.0,True,9.614938437644996,8.200013648175434,0.0,0.0,12.0,True,10055.0,2511.0,0.0,0.0,4931.0,1129.0,0.0,0.3990136873749126,0.0,18,5,136,1,0.49999999999999994,-0.8660254037844387,0.7187918772884232,-0.6952253139408722,9.614938437644996,0.0,0.0,0.0,0,4931.0,0.3990136873749126,Increasing,0.9523809523809523,0.5952380952380952,42,59.523809523809526,False,Normal Increase
situation_20230517_0600_e023a83b.pdf,2023-05-17,"Flood, Landslide, Heavy Rain, Strong Wind, Lightning",5632,,,,,,,,,,3640.0,14986.0,0.0,7.0,1.0,4.0,221.0,2.0,0.0,0.0,0.0,0.0,True,grand_total,600,2023-05-17 06:00:00,3,,,0.0,0,1,0,0,0,0,0.5,weather_forecast,0,0,,,,,,,,,,,1,0,0.0,0,0,0,0,40.0,warning,general_situation_report,retain,2023-05-17 06:00:00,173,1,1,12.0,2023-05-17 18:00:00,12.0,10445.0,2686.0,0.0,0.0,True,9.614938437644996,8.200013648175434,0.0,0.0,12.0,True,14986.0,3640.0,0.0,0.0,0.0,0.0,0.0,0.0,0.0,6,5,137,2,0.49999999999999994,-0.8660254037844387,0.7067265555776158,-0.7074868024503348,9.253974408996244,0.0,-4541.0,-0.3609640286487519,0,0.0,0.0,Stable,0.0,0.0,42,0.0,False,Stable
situation_20230517_1800_efebb53d.pdf,2023-05-17,"Flood, Heavy Rain, Strong Wind, Lightning",3209,,,,,,,,,,2686.0,10445.0,0.0,0.0,1.0,2.0,55.0,0.0,0.0,0.0,0.0,0.0,True,grand_total,1800,2023-05-17 18:00:00,3,,,0.0,0,1,0,0,0,0,2.0,weather_forecast,0,0,,,,,,,,,,,1,0,0.0,0,0,0,0,52.0,warning,general_situation_report,retain,2023-05-17 18:00:00,174,1,1,12.0,2023-05-18 06:00:00,12.0,10443.0,2681.0,0.0,0.0,True,9.253974408996244,7.8961806086154915,0.0,0.0,12.0,True,14986.0,3640.0,0.0,0.0,-4541.0,-954.0,0.0,-0.3609640286487519,0.0,18,5,137,2,0.49999999999999994,-0.8660254037844387,0.7067265555776158,-0.7074868024503348,9.25378292981902,0.0,-2.0,-0.00019147917722506236,0,-4541.0,-0.3609640286487519,Decreasing,0.0,0.0,42,0.0,False,Decrease
situation_20230518_0600_cd319f03.pdf,2023-05-18,"Flood, Strong Wind",2721,,,,,,,,,,2681.0,10443.0,0.0,0.0,1.0,2.0,52.0,0.0,0.0,0.0,0.0,0.0,True,grand_total,600,2023-05-18 06:00:00,3,,,0.0,0,1,0,0,0,0,0.5,weather_forecast,0,0,,,,,,,,,,,1,0,0.0,0,0,0,0,64.0,warning,general_situation_report,retain,2023-05-18 06:00:00,175,1,1,12.0,2023-05-18 18:00:00,12.0,1514.0,381.0,0.0,0.0,True,9.25378292981902,7.894318063841624,0.0,0.0,12.0,True,10445.0,2686.0,0.0,0.0,-2.0,-5.0,0.0,-0.00019147917722506236,0.0,6,5,138,3,0.49999999999999994,-0.8660254037844387,0.6944521021088763,-0.719538934232584,7.323170717943469,0.0,-8929.0,-1.93061221187555,0,-2.0,-0.00019147917722506236,Decreasing,0.0,0.0,42,0.0,False,Decrease
situation_20230518_1800_19f0bdec.pdf,2023-05-18,"Flood, Strong Wind",2831,,,,,,,,,,381.0,1514.0,0.0,7.0,1.0,0.0,95.0,0.0,0.0,0.0,0.0,0.0,True,grand_total,1800,2023-05-18 18:00:00,3,,,0.0,0,1,0,0,0,0,2.0,weather_forecast,0,0,,,,,,,,,,,1,0,0.0,0,0,0,0,76.0,warning,general_situation_report,retain,2023-05-18 18:00:00,176,1,1,12.0,2023-05-19 06:00:00,12.0,1514.0,381.0,0.0,0.0,True,7.323170717943469,5.945420608606575,0.0,0.0,12.0,True,10443.0,2681.0,0.0,0.0,-8929.0,-2300.0,0.0,-1.93061221187555,0.0,18,5,138,3,0.49999999999999994,-0.8660254037844387,0.6944521021088763,-0.719538934232584,7.323170717943469,0.0,0.0,0.0,0,-8929.0,-1.93061221187555,Decreasing,0.0,0.0,42,0.0,False,Decrease
situation_20230519_0600_ebcbad2f.pdf,2023-05-19,"Flood, Strong Wind",2831,,,,,,,,,,381.0,1514.0,0.0,7.0,1.0,0.0,95.0,0.0,0.0,0.0,0.0,0.0,True,grand_total,600,2023-05-19 06:00:00,3,,,0.0,0,1,0,0,0,0,0.5,weather_forecast,0,0,,,,,,,,,,,1,0,0.0,0,0,0,0,88.0,warning,general_situation_report,retain,2023-05-19 06:00:00,177,1,1,12.0,2023-05-19 18:00:00,12.0,52.0,14.0,0.0,0.0,True,7.323170717943469,5.945420608606575,0.0,0.0,12.0,True,1514.0,381.0,0.0,0.0,0.0,0.0,0.0,0.0,0.0,6,5,139,4,0.49999999999999994,-0.8660254037844387,0.6819721490904629,-0.7313781428679254,3.970291913552122,0.0,-1462.0,-3.3528788043913473,0,0.0,0.0,Stable,0.0,0.0,42,0.0,False,Stable
situation_20230519_1800_ccc5895c.pdf,2023-05-19,"Heavy Rain, Strong Wind, Lightning",2826,,,,,,,,,,14.0,52.0,0.0,7.0,0.0,0.0,14.0,0.0,0.0,0.0,0.0,0.0,True,grand_total,1800,2023-05-19 18:00:00,3,,,0.0,0,1,0,0,0,0,2.0,weather_forecast,0,0,,,,,,,,,,,1,0,0.0,0,0,0,0,100.0,warning,general_situation_report,retain,2023-05-19 18:00:00,178,1,1,12.0,2023-05-20 18:00:00,24.0,10.0,4.0,0.0,0.0,True,3.970291913552122,2.70805020110221,0.0,0.0,12.0,True,1514.0,381.0,0.0,0.0,-1462.0,-367.0,0.0,-3.3528788043913473,0.0,18,5,139,4,0.49999999999999994,-0.8660254037844387,0.6819721490904629,-0.7313781428679254,2.3978952727983707,0.0,-42.0,-1.5723966407537513,0,-1462.0,-3.3528788043913473,Decreasing,0.0,0.0,42,0.0,False,Decrease
situation_20230520_1800_073cbd6b.pdf,2023-05-20,"Heavy Rain, Lightning",2327,,,,,,,,,,4.0,10.0,0.0,0.0,0.0,0.0,4.0,0.0,0.0,0.0,0.0,0.0,True,grand_total,1800,2023-05-20 18:00:00,3,,,0.0,0,1,0,0,0,0,2.0,weather_forecast,0,0,,,,,,,,,,,1,0,0.0,0,0,0,0,124.0,warning,general_situation_report,retain,2023-05-20 18:00:00,179,1,1,24.0,2023-05-21 06:00:00,12.0,10.0,4.0,0.0,0.0,True,2.3978952727983707,1.6094379124341003,0.0,0.0,24.0,True,52.0,14.0,0.0,0.0,-42.0,-10.0,0.0,-1.5723966407537513,0.0,18,5,140,5,0.49999999999999994,-0.8660254037844387,0.6692903895412567,-0.7430009249440493,2.3978952727983707,0.0,0.0,0.0,0,-42.0,-1.5723966407537513,Decreasing,0.0,0.0,42,0.0,False,Decrease
situation_20230521_0600_94487067.pdf,2023-05-21,"Heavy Rain, Lightning",2327,,,,,,,,,,4.0,10.0,0.0,0.0,0.0,0.0,4.0,0.0,0.0,0.0,0.0,0.0,True,grand_total,600,2023-05-21 06:00:00,3,,40.0,0.0,0,1,1,0,0,0,0.5,weather_forecast,0,0,,,,,,,,,,,1,0,0.0,0,0,0,0,136.0,warning,general_situation_report,retain,2023-05-21 06:00:00,180,1,1,12.0,2023-05-22 06:00:00,24.0,179.0,49.0,0.0,0.0,True,2.3978952727983707,1.6094379124341003,0.0,0.0,12.0,True,10.0,4.0,0.0,0.0,0.0,0.0,0.0,0.0,0.0,6,5,141,6,0.49999999999999994,-0.8660254037844387,0.6564105761979381,-0.7544038410927472,5.19295685089021,0.0,169.0,2.7950615780918397,0,0.0,0.0,Stable,0.0,0.0,42,0.0,False,Stable
situation_20230522_0600_70e4f5da.pdf,2023-05-22,"Flood, Heavy Rain",2845,,,,,,,,,,49.0,179.0,0.0,0.0,0.0,0.0,1.0,0.0,0.0,0.0,0.0,0.0,True,grand_total,600,2023-05-22 06:00:00,5,100.0,40.0,2.0,1,1,1,0,0,0,0.5,weather_forecast,0,0,,,,,,,,,,,1,1,1.0,1,0,0,1,22.0,warning,general_situation_report,retain,2023-05-22 06:00:00,181,1,1,24.0,2023-05-22 18:00:00,12.0,52.0,17.0,0.0,0.0,True,5.19295685089021,3.912023005428146,0.0,0.0,24.0,True,10.0,4.0,0.0,0.0,169.0,45.0,0.0,2.7950615780918397,0.0,6,5,142,0,0.49999999999999994,-0.8660254037844387,0.6433365204044917,-0.765583517007675,3.970291913552122,0.0,-127.0,-1.2226649373380885,0,169.0,2.7950615780918397,Increasing,0.6097560975609756,0.926829268292683,41,60.97560975609756,False,Normal Increase
situation_20230522_1800_1e4a48e7.pdf,2023-05-22,"Flood, Strong Wind, Lightning",2657,,,,,,,,,,17.0,52.0,0.0,0.0,0.0,1.0,9.0,1.0,0.0,0.0,0.0,0.0,True,grand_total,1800,2023-05-22 18:00:00,3,,40.0,0.0,0,1,1,0,0,0,2.0,weather_forecast,0,0,,,,,,,,,,,1,1,1.0,1,0,0,1,9.0,warning,general_situation_report,retain,2023-05-22 18:00:00,182,1,1,12.0,2023-05-23 06:00:00,12.0,52.0,17.0,0.0,0.0,True,3.970291913552122,2.8903717578961645,0.0,0.0,12.0,True,179.0,49.0,0.0,0.0,-127.0,-32.0,0.0,-1.2226649373380885,0.0,18,5,142,0,0.49999999999999994,-0.8660254037844387,0.6433365204044917,-0.765583517007675,3.970291913552122,0.0,0.0,0.0,0,-127.0,-1.2226649373380885,Decreasing,0.0,0.0,42,0.0,False,Decrease
situation_20230523_0600_354c9eab.pdf,2023-05-23,"Flood, Strong Wind, Lightning",2658,,,,,,,,,,17.0,52.0,0.0,0.0,0.0,1.0,9.0,1.0,0.0,0.0,0.0,0.0,True,grand_total,600,2023-05-23 06:00:00,3,,,0.0,0,1,0,0,0,0,0.5,weather_forecast,0,0,,,,,,,,,,,1,1,1.0,1,0,0,1,21.0,warning,general_situation_report,retain,2023-05-23 06:00:00,183,1,1,12.0,2023-05-23 18:00:00,12.0,0.0,0.0,0.0,0.0,True,3.970291913552122,2.8903717578961645,0.0,0.0,12.0,True,52.0,17.0,0.0,0.0,0.0,0.0,0.0,0.0,0.0,6,5,143,1,0.49999999999999994,-0.8660254037844387,0.6300720909843687,-0.7765366444428655,0.0,0.0,-52.0,-3.970291913552122,0,0.0,0.0,Stable,0.0,0.0,42,0.0,False,Stable
situation_20230523_1800_35ef0a39.pdf,2023-05-23,Other,2163,,,,,,,,,,0.0,0.0,0.0,0.0,0.0,0.0,0.0,0.0,0.0,0.0,0.0,0.0,True,confirmed_zero_report,1800,2023-05-23 18:00:00,2,,,0.0,0,1,0,0,0,0,2.0,weather_forecast,0,0,,,,,,,,,,,1,0,0.0,0,0,0,0,33.0,warning,general_situation_report,retain,2023-05-23 18:00:00,184,1,1,12.0,2023-05-24 06:00:00,12.0,0.0,0.0,0.0,0.0,True,0.0,0.0,0.0,0.0,12.0,True,52.0,17.0,0.0,0.0,-52.0,-17.0,0.0,-3.970291913552122,0.0,18,5,143,1,0.49999999999999994,-0.8660254037844387,0.6300720909843687,-0.7765366444428655,0.0,0.0,0.0,0.0,0,-52.0,-3.970291913552122,Decreasing,0.0,0.0,42,0.0,False,Decrease
situation_20230524_0600_e8cb289e.pdf,2023-05-24,Other,2080,,,,,,,,,,0.0,0.0,0.0,0.0,0.0,0.0,0.0,0.0,0.0,0.0,0.0,0.0,True,confirmed_zero_report,600,2023-05-24 06:00:00,2,,,0.0,0,1,0,0,0,0,0.5,weather_forecast,0,0,,,,,,,,,,,1,0,0.0,0,0,0,0,45.0,warning,general_situation_report,retain,2023-05-24 06:00:00,185,1,1,12.0,2023-05-24 18:00:00,12.0,40.0,9.0,0.0,0.0,True,0.0,0.0,0.0,0.0,12.0,True,0.0,0.0,0.0,0.0,0.0,0.0,0.0,0.0,0.0,6,5,144,2,0.49999999999999994,-0.8660254037844387,0.6166212130956382,-0.7872599821916922,3.713572066704308,0.0,40.0,3.713572066704308,0,0.0,0.0,Stable,0.0,0.0,41,0.0,False,Stable
situation_20230524_1800_8354e460.pdf,2023-05-24,Lightning,2772,,,,,,,,,,9.0,40.0,0.0,0.0,0.0,0.0,9.0,0.0,0.0,0.0,0.0,0.0,True,grand_total,1800,2023-05-24 18:00:00,3,,,0.0,0,1,0,0,0,0,2.0,weather_forecast,0,0,,,,,,,,,,,1,0,0.0,0,0,0,0,57.0,warning,general_situation_report,retain,2023-05-24 18:00:00,186,1,1,12.0,2023-05-25 18:00:00,24.0,4.0,1.0,0.0,0.0,True,3.713572066704308,2.302585092994046,0.0,0.0,12.0,True,0.0,0.0,0.0,0.0,40.0,9.0,0.0,3.713572066704308,0.0,18,5,144,2,0.49999999999999994,-0.8660254037844387,0.6166212130956382,-0.7872599821916922,1.6094379124341003,0.0,-36.0,-2.1041341542702074,0,40.0,3.713572066704308,Increasing,0.3,0.95,40,30.0,False,Normal Increase
situation_20230525_1800_45d7387d.pdf,2023-05-25,Other,2202,,,,,,,,,,1.0,4.0,0.0,0.0,0.0,0.0,1.0,0.0,0.0,0.0,0.0,0.0,True,grand_total,1800,2023-05-25 18:00:00,3,,,0.0,0,1,0,0,0,0,2.0,weather_forecast,0,0,,,,,,,,,,,1,0,0.0,0,0,0,0,81.0,warning,general_situation_report,retain,2023-05-25 18:00:00,187,1,1,24.0,2023-05-26 18:00:00,24.0,4.0,1.0,0.0,0.0,True,1.6094379124341003,0.6931471805599453,0.0,0.0,24.0,True,40.0,9.0,0.0,0.0,-36.0,-8.0,0.0,-2.1041341542702074,0.0,18,5,145,3,0.49999999999999994,-0.8660254037844387,0.6029878670694714,-0.7977503570459932,1.6094379124341003,0.0,0.0,0.0,0,-36.0,-2.1041341542702074,Decreasing,0.0,0.0,41,0.0,False,Decrease
situation_20230526_1800_459c81c4.pdf,2023-05-26,Other,2217,,,,,,,,,,1.0,4.0,1.0,0.0,0.0,0.0,0.0,0.0,0.0,0.0,0.0,0.0,True,grand_total,1800,2023-05-26 18:00:00,3,,,0.0,0,1,0,0,0,0,2.0,weather_forecast,0,0,,,,,,,,,,,1,0,0.0,0,0,0,0,105.0,warning,general_situation_report,retain,2023-05-26 18:00:00,188,1,1,24.0,2023-05-28 06:00:00,36.0,0.0,0.0,0.0,0.0,True,1.6094379124341003,0.6931471805599453,0.0,0.0,24.0,True,4.0,1.0,0.0,0.0,0.0,0.0,0.0,0.0,0.0,18,5,146,4,0.49999999999999994,-0.8660254037844387,0.5891760872322963,-0.8080046647350754,0.0,0.0,-4.0,-1.6094379124341003,0,0.0,0.0,Stable,0.0,0.0,41,0.0,False,Stable
situation_20230528_0600_c98a75bc.pdf,2023-05-28,Other,2188,,,,,,,,,,0.0,0.0,0.0,0.0,0.0,0.0,0.0,0.0,0.0,0.0,0.0,0.0,True,grand_total,600,2023-05-28 06:00:00,3,,,0.0,0,1,0,0,0,0,0.5,weather_forecast,0,0,,,,,,,,,,,1,0,0.0,0,0,0,0,141.0,warning,general_situation_report,retain,2023-05-28 06:00:00,189,1,1,36.0,2023-05-28 18:00:00,12.0,0.0,0.0,0.0,0.0,True,0.0,0.0,0.0,0.0,36.0,True,4.0,1.0,0.0,0.0,-4.0,-1.0,0.0,-1.6094379124341003,0.0,6,5,148,6,0.49999999999999994,-0.8660254037844387,0.5610336262283677,-0.8277930117131022,0.0,0.0,0.0,0.0,0,-4.0,-1.6094379124341003,Decreasing,0.0,0.0,41,0.0,False,Decrease
situation_20230528_1800_a1c80965.pdf,2023-05-28,Lightning,2187,,,,,,,,,,0.0,0.0,2.0,0.0,0.0,0.0,0.0,0.0,0.0,0.0,0.0,0.0,True,grand_total,1800,2023-05-28 18:00:00,3,,,0.0,0,1,0,0,0,0,2.0,weather_forecast,0,0,,,,,,,,,,,1,0,0.0,0,0,0,0,153.0,warning,general_situation_report,retain,2023-05-28 18:00:00,190,1,1,12.0,2023-05-29 06:00:00,12.0,0.0,0.0,0.0,0.0,True,0.0,0.0,0.0,0.0,12.0,True,0.0,0.0,0.0,0.0,0.0,0.0,0.0,0.0,0.0,18,5,148,6,0.49999999999999994,-0.8660254037844387,0.5610336262283677,-0.8277930117131022,0.0,0.0,0.0,0.0,0,0.0,0.0,Stable,0.0,0.0,40,0.0,False,Stable
situation_20230529_0600_b2d17cc0.pdf,2023-05-29,Lightning,2187,,,,,,,,,,0.0,0.0,2.0,0.0,0.0,0.0,0.0,0.0,0.0,0.0,0.0,0.0,True,grand_total,600,2023-05-29 06:00:00,3,,,0.0,0,1,0,0,0,0,0.5,weather_forecast,0,0,,,,,,,,,,,1,0,0.0,0,0,0,0,165.0,warning,general_situation_report,retain,2023-05-29 06:00:00,191,1,1,12.0,2023-05-29 18:00:00,12.0,40.0,11.0,0.0,0.0,True,0.0,0.0,0.0,0.0,12.0,True,0.0,0.0,0.0,0.0,0.0,0.0,0.0,0.0,0.0,6,5,149,0,0.49999999999999994,-0.8660254037844387,0.5467112728685939,-0.8373211953118121,3.713572066704308,0.0,40.0,3.713572066704308,0,0.0,0.0,Stable,0.0,0.0,40,0.0,False,Stable
situation_20230529_1800_6bc974cc.pdf,2023-05-29,"Heavy Rain, Strong Wind",2446,,,,,,,,,,11.0,40.0,0.0,0.0,0.0,0.0,10.0,0.0,0.0,0.0,0.0,0.0,True,grand_total,1800,2023-05-29 18:00:00,3,75.0,,0.0,1,1,0,0,0,0,2.0,weather_forecast,0,0,,,,,,,,,,,1,0,0.0,0,0,0,0,177.0,warning,general_situation_report,retain,2023-05-29 18:00:00,192,1,1,12.0,2023-05-30 18:00:00,24.0,48.0,14.0,0.0,0.0,True,3.713572066704308,2.4849066497880004,0.0,0.0,12.0,True,0.0,0.0,0.0,0.0,40.0,11.0,0.0,3.713572066704308,0.0,18,5,149,0,0.49999999999999994,-0.8660254037844387,0.5467112728685939,-0.8373211953118121,3.8918202981106265,0.0,8.0,0.1782482314063185,0,40.0,3.713572066704308,Increasing,0.3,0.95,40,30.0,False,Normal Increase
situation_20230530_1800_786ea9bb.pdf,2023-05-30,"Strong Wind, Lightning",2593,,,,,,,,,,14.0,48.0,0.0,0.0,0.0,0.0,14.0,0.0,0.0,0.0,0.0,0.0,True,grand_total,1800,2023-05-30 18:00:00,3,50.0,,0.0,1,1,0,0,0,0,2.0,weather_forecast,0,0,,,,,,,,,,,1,0,0.0,0,0,0,0,201.0,warning,general_situation_report,retain,2023-05-30 18:00:00,193,1,1,24.0,2023-05-31 18:00:00,24.0,44.0,14.0,0.0,0.0,True,3.8918202981106265,2.70805020110221,0.0,0.0,24.0,True,40.0,11.0,0.0,0.0,8.0,3.0,0.0,0.1782482314063185,0.0,18,5,150,1,0.49999999999999994,-0.8660254037844387,0.5322271388474397,-0.8466016020976267,3.8066624897703196,0.0,-4.0,-0.08515780834030684,0,8.0,0.1782482314063185,Increasing,0.17073170731707318,0.43902439024390244,41,17.073170731707318,False,Normal Increase
situation_20230531_1800_a147e152.pdf,2023-05-31,Strong Wind,3107,,,,,,,,,,14.0,44.0,0.0,0.0,0.0,1.0,13.0,0.0,0.0,0.0,0.0,0.0,True,grand_total,1800,2023-05-31 18:00:00,3,75.0,,0.0,1,1,0,0,0,0,2.0,weather_forecast,0,0,,,,,,,,,,,1,0,0.0,0,0,0,0,225.0,warning,general_situation_report,retain,2023-05-31 18:00:00,194,1,1,24.0,2023-06-01 06:00:00,12.0,0.0,0.0,0.0,0.0,True,3.8066624897703196,2.70805020110221,0.0,0.0,24.0,True,48.0,14.0,0.0,0.0,-4.0,0.0,0.0,-0.08515780834030684,0.0,18,5,151,2,0.49999999999999994,-0.8660254037844387,0.5175855102531889,-0.8556314858488706,0.0,0.0,-44.0,-3.8066624897703196,0,-4.0,-0.08515780834030684,Decreasing,0.0,0.0,42,0.0,False,Decrease
situation_20230601_0600_a8ab0fe4.pdf,2023-06-01,Other,2120,,,,,,,,,,0.0,0.0,0.0,0.0,0.0,0.0,0.0,0.0,0.0,0.0,0.0,0.0,True,confirmed_zero_report,600,2023-06-01 06:00:00,3,50.0,,0.0,1,1,0,0,0,0,0.5,weather_forecast,0,0,,,,,,,,,,,1,0,0.0,0,0,0,0,237.0,warning,general_situation_report,retain,2023-06-01 06:00:00,195,1,1,12.0,2023-06-01 18:00:00,12.0,2.0,1.0,0.0,0.0,True,0.0,0.0,0.0,0.0,12.0,True,44.0,14.0,0.0,0.0,-44.0,-14.0,0.0,-3.8066624897703196,0.0,6,6,152,3,1.2246467991473532e-16,-1.0,0.5027907197793043,-0.8644081744776648,1.0986122886681098,0.0,2.0,1.0986122886681098,0,-44.0,-3.8066624897703196,Decreasing,0.0,0.0,41,0.0,False,Decrease
situation_20230601_1800_201f0c44.pdf,2023-06-01,Lightning,2157,,,,,,,,,,1.0,2.0,0.0,1.0,0.0,0.0,0.0,0.0,0.0,0.0,0.0,0.0,True,grand_total,1800,2023-06-01 18:00:00,3,50.0,,0.0,1,1,0,0,0,0,2.0,weather_forecast,0,0,,,,,,,,,,,1,0,0.0,0,0,0,0,249.0,warning,general_situation_report,retain,2023-06-01 18:00:00,196,1,1,12.0,2023-06-02 06:00:00,12.0,0.0,0.0,0.0,0.0,True,1.0986122886681098,0.6931471805599453,0.0,0.0,12.0,True,0.0,0.0,0.0,0.0,2.0,1.0,0.0,1.0986122886681098,0.0,18,6,152,3,1.2246467991473532e-16,-1.0,0.5027907197793043,-0.8644081744776648,0.0,0.0,-2.0,-1.0986122886681098,0,2.0,1.0986122886681098,Increasing,0.024390243902439025,0.7073170731707317,41,2.4390243902439024,False,Normal Increase
situation_20230602_0600_ac63e4e9.pdf,2023-06-02,Other,2057,,,,,,,,,,0.0,0.0,0.0,0.0,0.0,0.0,0.0,0.0,0.0,0.0,0.0,0.0,True,grand_total,600,2023-06-02 06:00:00,3,75.0,45.0,0.0,1,1,1,0,0,0,0.5,weather_forecast,0,0,,,,,,,,,,,1,1,2.0,4,3,0,5,5.0,warning,general_situation_report,retain,2023-06-02 06:00:00,197,1,1,12.0,2023-06-02 18:00:00,12.0,149.0,43.0,0.0,0.0,True,0.0,0.0,0.0,0.0,12.0,True,2.0,1.0,0.0,0.0,-2.0,-1.0,0.0,-1.0986122886681098,0.0,6,6,153,4,1.2246467991473532e-16,-1.0,0.4878471454423119,-0.8729290708206411,5.0106352940962555,0.0,149.0,5.0106352940962555,0,-2.0,-1.0986122886681098,Decreasing,0.0,0.0,42,0.0,False,Decrease
situation_20230602_1800_eac26723.pdf,2023-06-02,"Flood, Heavy Rain, Strong Wind, Lightning",2482,,,,,,,,,,43.0,149.0,0.0,0.0,0.0,0.0,38.0,0.0,0.0,0.0,0.0,0.0,True,grand_total,1800,2023-06-02 18:00:00,3,100.0,45.0,0.0,1,1,1,0,0,0,2.0,weather_forecast,0,0,,,,,,,,,,,1,1,2.0,4,3,0,5,2.0,warning,general_situation_report,retain,2023-06-02 18:00:00,198,1,1,12.0,2023-06-03 06:00:00,12.0,149.0,43.0,0.0,0.0,True,5.0106352940962555,3.784189633918261,0.0,0.0,12.0,True,0.0,0.0,0.0,0.0,149.0,43.0,0.0,5.0106352940962555,0.0,18,6,153,4,1.2246467991473532e-16,-1.0,0.4878471454423119,-0.8729290708206411,5.0106352940962555,0.0,0.0,0.0,0,149.0,5.0106352940962555,Increasing,0.5853658536585366,1.0,41,58.536585365853654,False,Normal Increase
situation_20230603_0600_a90d41b6.pdf,2023-06-03,"Flood, Heavy Rain, Strong Wind, Lightning",2482,,,,,,,,,,43.0,149.0,0.0,0.0,0.0,0.0,38.0,0.0,0.0,0.0,0.0,0.0,True,grand_total,600,2023-06-03 06:00:00,3,100.0,45.0,0.0,1,1,1,0,0,0,0.5,weather_forecast,0,0,,,,,,,,,,,1,1,2.0,4,3,0,5,14.0,warning,general_situation_report,retain,2023-06-03 06:00:00,199,1,1,12.0,2023-06-03 18:00:00,12.0,149.0,43.0,0.0,0.0,True,5.0106352940962555,3.784189633918261,0.0,0.0,12.0,True,149.0,43.0,0.0,0.0,0.0,0.0,0.0,0.0,0.0,6,6,154,5,1.2246467991473532e-16,-1.0,0.47275920928627757,-0.881191653407483,5.0106352940962555,0.0,0.0,0.0,0,0.0,0.0,Stable,0.0,0.0,42,0.0,False,Stable
situation_20230603_1800_48affaae.pdf,2023-06-03,"Flood, Heavy Rain, Strong Wind, Lightning",2482,,,,,,,,,,43.0,149.0,0.0,0.0,0.0,0.0,38.0,0.0,0.0,0.0,0.0,0.0,True,grand_total,1800,2023-06-03 18:00:00,3,100.0,45.0,0.0,1,1,1,0,0,0,2.0,weather_forecast,0,0,,,,,,,,,,,1,0,0.0,0,0,0,0,26.0,warning,general_situation_report,retain,2023-06-03 18:00:00,200,1,1,12.0,2023-06-04 06:00:00,12.0,149.0,43.0,0.0,0.0,True,5.0106352940962555,3.784189633918261,0.0,0.0,12.0,True,149.0,43.0,0.0,0.0,0.0,0.0,0.0,0.0,0.0,18,6,154,5,1.2246467991473532e-16,-1.0,0.47275920928627757,-0.881191653407483,5.0106352940962555,0.0,0.0,0.0,0,0.0,0.0,Stable,0.0,0.0,42,0.0,False,Stable
situation_20230604_0600_8783a7dd.pdf,2023-06-04,"Flood, Heavy Rain, Strong Wind, Lightning",2482,,,,,,,,,,43.0,149.0,0.0,0.0,0.0,0.0,38.0,0.0,0.0,0.0,0.0,0.0,True,grand_total,600,2023-06-04 06:00:00,3,100.0,45.0,0.0,1,1,1,0,0,0,0.5,weather_forecast,0,0,,,,,,,,,,,1,0,0.0,0,0,0,0,38.0,warning,general_situation_report,retain,2023-06-04 06:00:00,201,1,1,12.0,2023-06-04 18:00:00,12.0,165.0,46.0,0.0,0.0,True,5.0106352940962555,3.784189633918261,0.0,0.0,12.0,True,149.0,43.0,0.0,0.0,0.0,0.0,0.0,0.0,0.0,6,6,155,6,1.2246467991473532e-16,-1.0,0.4575313760742512,-0.8891934772070711,5.111987788356544,0.0,16.0,0.10135249426028814,0,0.0,0.0,Stable,0.0,0.0,41,0.0,False,Stable
situation_20230604_1800_5266ea45.pdf,2023-06-04,"Flood, Landslide, Heavy Rain, Strong Wind, Lightning",2726,,,,,,,,,,46.0,165.0,0.0,0.0,0.0,0.0,38.0,0.0,0.0,0.0,0.0,0.0,True,grand_total,1800,2023-06-04 18:00:00,3,75.0,45.0,0.0,1,1,1,0,0,0,2.0,weather_forecast,0,0,,,,,,,,,,,1,1,2.0,3,2,0,3,3.0,warning,general_situation_report,retain,2023-06-04 18:00:00,202,1,1,12.0,2023-06-05 06:00:00,12.0,165.0,46.0,0.0,0.0,True,5.111987788356544,3.8501476017100584,0.0,0.0,12.0,True,149.0,43.0,0.0,0.0,16.0,3.0,0.0,0.10135249426028814,0.0,18,6,155,6,1.2246467991473532e-16,-1.0,0.4575313760742512,-0.8891934772070711,5.111987788356544,0.0,0.0,0.0,0,16.0,0.10135249426028814,Increasing,0.1951219512195122,0.3902439024390244,41,19.51219512195122,False,Normal Increase
situation_20230605_0600_cda99677.pdf,2023-06-05,"Flood, Landslide, Heavy Rain, Strong Wind, Lightning",2726,,,,,,,,,,46.0,165.0,0.0,0.0,0.0,0.0,38.0,0.0,0.0,0.0,0.0,0.0,True,grand_total,600,2023-06-05 06:00:00,3,75.0,45.0,0.0,1,1,1,0,0,0,0.5,weather_forecast,0,0,,,,,,,,,,,1,1,2.0,3,2,0,3,15.0,warning,general_situation_report,retain,2023-06-05 06:00:00,203,1,1,12.0,2023-06-05 18:00:00,12.0,413.0,109.0,0.0,0.0,True,5.111987788356544,3.8501476017100584,0.0,0.0,12.0,True,165.0,46.0,0.0,0.0,0.0,0.0,0.0,0.0,0.0,6,6,156,0,1.2246467991473532e-16,-1.0,0.44216815196707204,-0.8969321743510065,6.025865973825314,0.0,248.0,0.9138781854687705,0,0.0,0.0,Stable,0.0,0.0,41,0.0,False,Stable
situation_20230605_1800_60b7cb2c.pdf,2023-06-05,"Flood, Landslide, Heavy Rain, Strong Wind, Lightning",3642,,,,,,,,,,109.0,413.0,0.0,5.0,0.0,1.0,61.0,35.0,0.0,0.0,0.0,0.0,True,grand_total,1800,2023-06-05 18:00:00,3,150.0,45.0,2.0,1,1,1,0,0,0,1.5,heavy_rain,0,0,,,,,,,,,,,1,1,1.0,3,0,0,3,3.5,warning,general_situation_report,retain,2023-06-05 18:00:00,204,1,1,12.0,2023-06-06 06:00:00,12.0,423.0,112.0,0.0,0.0,True,6.025865973825314,4.700480365792417,0.0,0.0,12.0,True,165.0,46.0,0.0,0.0,248.0,63.0,0.0,0.9138781854687705,0.0,18,6,156,0,1.2246467991473532e-16,-1.0,0.44216815196707204,-0.8969321743510065,6.049733455231958,0.0,10.0,0.02386748140664352,0,248.0,0.9138781854687705,Increasing,0.625,0.725,40,62.5,False,Normal Increase
situation_20230606_0600_1ea87a91.pdf,2023-06-06,"Flood, Landslide, Heavy Rain, Strong Wind, Lightning",3672,,,,,,,,,,112.0,423.0,0.0,5.0,0.0,1.0,64.0,35.0,0.0,0.0,0.0,0.0,True,grand_total,600,2023-06-06 06:00:00,3,150.0,45.0,2.0,1,1,1,0,0,0,0.5,weather_forecast,0,0,,,,,,,,,,,1,1,2.0,3,1,0,3,11.0,warning,general_situation_report,retain,2023-06-06 06:00:00,205,1,1,12.0,2023-06-06 18:00:00,12.0,778.0,199.0,0.0,0.0,True,6.049733455231958,4.727387818712341,0.0,0.0,12.0,True,413.0,109.0,0.0,0.0,10.0,3.0,0.0,0.02386748140664352,0.0,6,6,157,1,1.2246467991473532e-16,-1.0,0.42667408318992467,-0.9044054548343001,6.658011045870748,0.0,355.0,0.6082775906387905,0,10.0,0.02386748140664352,Increasing,0.17073170731707318,0.21951219512195122,41,17.073170731707318,False,Normal Increase
situation_20230606_1800_c0b593b8.pdf,2023-06-06,"Flood, Landslide, Heavy Rain, Strong Wind, Lightning",4269,,,,,,,,,,199.0,778.0,0.0,5.0,0.0,1.0,90.0,35.0,0.0,0.0,0.0,0.0,True,grand_total,1800,2023-06-06 18:00:00,4,100.0,45.0,2.0,1,1,1,0,1,1,2.0,weather_forecast,0,0,,,,,,,,,,,1,1,2.0,1,1,0,1,2.0,warning,general_situation_report,retain,2023-06-06 18:00:00,206,1,1,12.0,2023-06-07 06:00:00,12.0,778.0,199.0,0.0,0.0,True,6.658011045870748,5.298317366548036,0.0,0.0,12.0,True,423.0,112.0,0.0,0.0,355.0,87.0,0.0,0.6082775906387905,0.0,18,6,157,1,1.2246467991473532e-16,-1.0,0.42667408318992467,-0.9044054548343001,6.658011045870748,0.0,0.0,0.0,0,355.0,0.6082775906387905,Increasing,0.6666666666666666,0.6904761904761905,42,66.66666666666666,False,Normal Increase
situation_20230607_0600_3f1413b6.pdf,2023-06-07,"Flood, Landslide, Heavy Rain, Strong Wind, Lightning",4229,,,,,,,,,,199.0,778.0,0.0,5.0,0.0,1.0,90.0,35.0,0.0,0.0,0.0,0.0,True,grand_total,600,2023-06-07 06:00:00,4,100.0,45.0,2.0,1,1,1,0,1,1,0.5,weather_forecast,0,0,,,,,,,,,,,1,1,2.0,1,1,0,1,14.0,warning,general_situation_report,retain,2023-06-07 06:00:00,207,1,1,12.0,2023-06-07 18:00:00,12.0,561.0,141.0,0.0,0.0,True,6.658011045870748,5.298317366548036,0.0,0.0,12.0,True,778.0,199.0,0.0,0.0,0.0,0.0,0.0,0.0,0.0,6,6,158,2,1.2246467991473532e-16,-1.0,0.4110537546870351,-0.9116111071930239,6.331501849893691,0.0,-217.0,-0.3265091959770574,0,0.0,0.0,Stable,0.0,0.0,42,0.0,False,Stable
situation_20230607_1800_bdd96df9.pdf,2023-06-07,"Flood, Landslide, Heavy Rain, Strong Wind, Lightning",3653,,,,,,,,,,141.0,561.0,0.0,5.0,0.0,1.0,37.0,35.0,0.0,0.0,0.0,0.0,True,grand_total,1800,2023-06-07 18:00:00,3,100.0,45.0,0.0,1,1,1,0,0,0,2.0,weather_forecast,0,0,,,,,,,,,,,1,1,1.0,1,0,0,1,2.0,warning,general_situation_report,retain,2023-06-07 18:00:00,208,1,1,12.0,2023-06-08 06:00:00,12.0,561.0,141.0,0.0,0.0,True,6.331501849893691,4.955827057601261,0.0,0.0,12.0,True,778.0,199.0,0.0,0.0,-217.0,-58.0,0.0,-0.3265091959770574,0.0,18,6,158,2,1.2246467991473532e-16,-1.0,0.4110537546870351,-0.9116111071930239,6.331501849893691,0.0,0.0,0.0,0,-217.0,-0.3265091959770574,Decreasing,0.0,0.0,42,0.0,False,Decrease
situation_20230608_0600_67f0429e.pdf,2023-06-08,"Flood, Landslide, Heavy Rain, Strong Wind, Lightning",3689,,,,,,,,,,141.0,561.0,0.0,5.0,0.0,1.0,37.0,35.0,0.0,0.0,0.0,0.0,True,grand_total,600,2023-06-08 06:00:00,3,75.0,45.0,0.0,1,1,1,0,0,0,0.5,weather_forecast,0,0,,,,,,,,,,,1,1,1.0,1,0,0,1,14.0,warning,general_situation_report,retain,2023-06-08 06:00:00,209,1,1,12.0,2023-06-08 18:00:00,12.0,762.0,200.0,0.0,0.0,True,6.331501849893691,4.955827057601261,0.0,0.0,12.0,True,561.0,141.0,0.0,0.0,0.0,0.0,0.0,0.0,0.0,6,6,159,3,1.2246467991473532e-16,-1.0,0.3953117887649151,-0.9185469991587165,6.637258031284457,0.0,201.0,0.3057561813907661,0,0.0,0.0,Stable,0.0,0.0,41,0.0,False,Stable
situation_20230608_1800_5ca8e75b.pdf,2023-06-08,"Flood, Landslide, Heavy Rain, Strong Wind, Lightning",3942,,,,,,,,,,200.0,762.0,0.0,5.0,0.0,1.0,87.0,35.0,0.0,0.0,0.0,0.0,True,grand_total,1800,2023-06-08 18:00:00,3,75.0,45.0,0.0,1,1,1,0,0,0,2.0,weather_forecast,0,0,,,,,,,,,,,1,1,1.0,3,0,0,3,2.0,warning,general_situation_report,retain,2023-06-08 18:00:00,210,1,1,12.0,2023-06-09 06:00:00,12.0,762.0,200.0,0.0,0.0,True,6.637258031284457,5.303304908059076,0.0,0.0,12.0,True,561.0,141.0,0.0,0.0,201.0,59.0,0.0,0.3057561813907661,0.0,18,6,159,3,1.2246467991473532e-16,-1.0,0.3953117887649151,-0.9185469991587165,6.637258031284457,0.0,0.0,0.0,0,201.0,0.3057561813907661,Increasing,0.6097560975609756,0.5609756097560976,41,56.09756097560976,False,Normal Increase
situation_20230609_0600_39bc1a74.pdf,2023-06-09,"Flood, Landslide, Heavy Rain, Strong Wind, Lightning",3978,,,,,,,,,,200.0,762.0,0.0,5.0,0.0,1.0,87.0,35.0,0.0,0.0,0.0,0.0,True,grand_total,600,2023-06-09 06:00:00,3,100.0,45.0,0.0,1,1,1,0,0,0,0.5,weather_forecast,0,0,,,,,,,,,,,1,1,1.0,3,0,0,3,14.0,warning,general_situation_report,retain,2023-06-09 06:00:00,211,1,1,12.0,2023-06-09 18:00:00,12.0,36.0,10.0,0.0,0.0,True,6.637258031284457,5.303304908059076,0.0,0.0,12.0,True,762.0,200.0,0.0,0.0,0.0,0.0,0.0,0.0,0.0,6,6,160,4,1.2246467991473532e-16,-1.0,0.37945284372454435,-0.925211078289358,3.6109179126442243,0.0,-726.0,-3.0263401186402326,0,0.0,0.0,Stable,0.0,0.0,42,0.0,False,Stable
situation_20230609_1800_9e62089c.pdf,2023-06-09,"Strong Wind, Lightning",2329,,,,,,,,,,10.0,36.0,0.0,1.0,0.0,0.0,10.0,0.0,0.0,0.0,0.0,0.0,True,grand_total,1800,2023-06-09 18:00:00,4,100.0,45.0,2.0,1,1,1,0,0,1,0.5,weather_forecast,0,0,,,,,,,,,,,1,0,0.0,0,0,0,0,26.0,warning,general_situation_report,retain,2023-06-09 18:00:00,212,1,1,12.0,2023-06-12 06:00:00,60.0,27.0,8.0,0.0,0.0,False,3.6109179126442243,2.3978952727983707,0.0,0.0,12.0,True,762.0,200.0,0.0,0.0,-726.0,-190.0,0.0,-3.0263401186402326,0.0,18,6,160,4,1.2246467991473532e-16,-1.0,0.37945284372454435,-0.925211078289358,3.332204510175204,0.0,-9.0,-0.27871340246902054,0,-726.0,-3.0263401186402326,Decreasing,0.0,0.0,42,0.0,False,Decrease
situation_20230612_0600_ec0e2760.pdf,2023-06-12,Strong Wind,2179,,,,,,,,,,8.0,27.0,0.0,0.0,0.0,0.0,8.0,1.0,0.0,0.0,0.0,0.0,True,grand_total,600,2023-06-12 06:00:00,4,100.0,45.0,2.0,1,1,1,0,0,0,0.5,weather_forecast,0,0,,,,,,,,,,,1,0,0.0,0,0,0,0,86.0,warning,general_situation_report,retain,2023-06-12 06:00:00,213,1,1,60.0,2023-06-12 18:00:00,12.0,99.0,27.0,0.0,0.0,True,3.332204510175204,2.1972245773362196,0.0,0.0,60.0,False,,,,,,,,,,6,6,163,0,1.2246467991473532e-16,-1.0,0.3312212278016865,-0.9435531242349544,4.605170185988092,0.0,72.0,1.272965675812888,0,,,Insufficient Previous Context,,,0,,False,Gap / No Comparable Previous Report
situation_20230612_1800_9c9ee67e.pdf,2023-06-12,"Strong Wind, Lightning",3054,,,,,,,,,,27.0,99.0,1.0,0.0,0.0,0.0,27.0,1.0,0.0,0.0,0.0,0.0,True,grand_total,1800,2023-06-12 18:00:00,3,75.0,45.0,0.0,1,1,1,0,0,0,2.0,weather_forecast,0,0,,,,,,,,,,,1,0,0.0,0,0,0,0,98.0,warning,general_situation_report,retain,2023-06-12 18:00:00,214,1,1,12.0,2023-06-13 18:00:00,24.0,579.0,151.0,0.0,0.0,True,4.605170185988092,3.332204510175204,0.0,0.0,12.0,True,27.0,8.0,0.0,0.0,72.0,19.0,0.0,1.272965675812888,0.0,18,6,163,0,1.2246467991473532e-16,-1.0,0.3312212278016865,-0.9435531242349544,6.363028103540465,0.0,480.0,1.7578579175523732,0,72.0,1.272965675812888,Increasing,0.3902439024390244,0.8292682926829268,41,39.02439024390244,False,Normal Increase
situation_20230613_1800_977e2585.pdf,2023-06-13,"Flood, Heavy Rain, Strong Wind, Lightning",3972,,,,,,,,,,151.0,579.0,0.0,2.0,0.0,0.0,118.0,1.0,0.0,0.0,0.0,0.0,True,grand_total,1800,2023-06-13 18:00:00,3,75.0,45.0,0.0,1,1,1,0,0,0,2.0,weather_forecast,0,0,,,,,,,,,,,1,1,3.0,2,2,1,3,1.75,early_warning,general_situation_report,retain,2023-06-13 18:00:00,215,1,1,24.0,2023-06-14 18:00:00,24.0,78.0,20.0,0.0,0.0,True,6.363028103540465,5.0238805208462765,0.0,0.0,24.0,True,99.0,27.0,0.0,0.0,480.0,124.0,0.0,1.7578579175523732,0.0,18,6,164,1,1.2246467991473532e-16,-1.0,0.31494162072895193,-0.9491110448902284,4.3694478524670215,0.0,-501.0,-1.9935802510734435,0,480.0,1.7578579175523732,Increasing,0.7619047619047619,0.8571428571428571,42,76.19047619047619,False,Normal Increase
situation_20230614_1800_fec2c479.pdf,2023-06-14,"Heavy Rain, Strong Wind, Lightning",2890,,,,,,,,,,20.0,78.0,0.0,0.0,0.0,0.0,19.0,1.0,0.0,0.0,0.0,0.0,True,grand_total,1800,2023-06-14 18:00:00,3,75.0,45.0,0.0,1,1,1,0,0,0,2.0,weather_forecast,0,0,,,,,,,,,,,1,1,2.0,1,2,0,2,2.0,landslide_related,general_situation_report,retain,2023-06-14 18:00:00,216,1,1,24.0,2023-06-15 18:00:00,24.0,21.0,5.0,0.0,0.0,True,4.3694478524670215,3.044522437723423,0.0,0.0,24.0,True,579.0,151.0,0.0,0.0,-501.0,-131.0,0.0,-1.9935802510734435,0.0,18,6,165,2,1.2246467991473532e-16,-1.0,0.2985688173637202,-0.9543881083175908,3.091042453358316,0.0,-57.0,-1.2784053991087054,0,-501.0,-1.9935802510734435,Decreasing,0.0,0.0,43,0.0,False,Decrease
situation_20230615_1800_e4f3a9a8.pdf,2023-06-15,Heavy Rain,2376,,,,,,,,,,5.0,21.0,0.0,0.0,0.0,0.0,5.0,0.0,0.0,0.0,0.0,0.0,True,grand_total,1800,2023-06-15 18:00:00,3,,45.0,0.0,0,1,1,0,0,0,2.0,weather_forecast,0,0,,,,,,,,,,,1,0,0.0,0,0,0,0,26.0,landslide_related,general_situation_report,retain,2023-06-15 18:00:00,217,1,1,24.0,2023-06-23 18:00:00,192.0,13444.0,3742.0,0.0,0.0,False,3.091042453358316,1.791759469228055,0.0,0.0,24.0,True,78.0,20.0,0.0,0.0,-57.0,-15.0,0.0,-1.2784053991087054,0.0,18,6,166,3,1.2246467991473532e-16,-1.0,0.2821076626819194,-0.9593827529490743,9.506362568702965,0.0,13423.0,6.415320115344649,0,-57.0,-1.2784053991087054,Decreasing,0.0,0.0,43,0.0,False,Decrease
situation_20230623_1800_75bd691c.pdf,2023-06-23,Other,2589,,,,,,,,,,3742.0,13444.0,0.0,0.0,0.0,0.0,0.0,0.0,0.0,0.0,0.0,0.0,True,grand_total,1800,2023-06-23 18:00:00,3,,45.0,0.0,0,1,1,0,0,0,2.0,weather_forecast,0,0,,,,,,,,,,,1,0,0.0,0,0,0,0,218.0,landslide_related,general_situation_report,retain,2023-06-23 18:00:00,218,1,1,192.0,2023-06-24 18:00:00,24.0,13444.0,3742.0,0.0,0.0,True,9.506362568702965,8.22764270790443,0.0,0.0,192.0,False,,,,,,,,,,18,6,174,4,1.2246467991473532e-16,-1.0,0.14782713347053048,-0.9890132145779883,9.506362568702965,0.0,0.0,0.0,0,,,Insufficient Previous Context,,,0,,False,Gap / No Comparable Previous Report
situation_20230624_1800_e6ec0509.pdf,2023-06-24,Other,2592,,,,,,,,,,3742.0,13444.0,0.0,0.0,0.0,0.0,0.0,0.0,0.0,0.0,0.0,0.0,True,grand_total,1800,2023-06-24 18:00:00,3,,45.0,0.0,0,1,1,0,0,0,2.0,weather_forecast,0,0,,,,,,,,,,,1,0,0.0,0,0,0,0,242.0,landslide_related,general_situation_report,retain,2023-06-24 18:00:00,219,1,1,24.0,2023-06-26 18:00:00,48.0,13453.0,3746.0,0.0,0.0,True,9.506362568702965,8.22764270790443,0.0,0.0,24.0,True,13444.0,3742.0,0.0,0.0,0.0,0.0,0.0,0.0,0.0,18,6,175,5,1.2246467991473532e-16,-1.0,0.13079267585675922,-0.9914097417023038,9.507031738585551,0.0,9.0,0.0006691698825864734,0,0.0,0.0,Stable,0.0,0.0,43,0.0,False,Stable
situation_20230626_1800_3e753b33.pdf,2023-06-26,Strong Wind,2673,,,,,,,,,,3746.0,13453.0,0.0,0.0,0.0,0.0,4.0,0.0,0.0,0.0,0.0,0.0,True,grand_total,1800,2023-06-26 18:00:00,4,75.0,45.0,0.0,1,1,1,0,0,0,2.0,weather_forecast,0,0,,,,,,,,,,,1,0,0.0,0,0,0,0,290.0,landslide_related,general_situation_report,retain,2023-06-26 18:00:00,220,1,1,48.0,2023-06-27 18:00:00,24.0,13464.0,3749.0,0.0,0.0,True,9.507031738585551,8.228710798793687,0.0,0.0,48.0,True,13444.0,3742.0,0.0,0.0,9.0,4.0,0.0,0.0006691698825864734,0.0,18,6,177,0,1.2246467991473532e-16,-1.0,0.0966127018812031,-0.9953220513156602,9.5078490052457,0.0,11.0,0.0008172666601478085,0,9.0,0.0006691698825864734,Increasing,0.16279069767441862,0.023255813953488372,43,2.3255813953488373,False,Normal Increase
situation_20230627_1800_9ca379b9.pdf,2023-06-27,"Strong Wind, Lightning",2771,,,,,,,,,,3749.0,13464.0,0.0,0.0,0.0,0.0,7.0,0.0,0.0,0.0,0.0,0.0,True,grand_total,1800,2023-06-27 18:00:00,3,,45.0,0.0,0,1,1,0,0,0,2.0,weather_forecast,0,0,,,,,,,,,,,1,0,0.0,0,0,0,0,314.0,landslide_related,general_situation_report,retain,2023-06-27 18:00:00,221,1,1,24.0,2023-06-28 06:00:00,12.0,13464.0,3749.0,0.0,0.0,True,9.5078490052457,8.229511118964457,0.0,0.0,24.0,True,13453.0,3746.0,0.0,0.0,11.0,3.0,0.0,0.0008172666601478085,0.0,18,6,178,1,1.2246467991473532e-16,-1.0,0.07947729992362097,-0.9968366760893436,9.5078490052457,0.0,0.0,0.0,0,11.0,0.0008172666601478085,Increasing,0.20930232558139536,0.06976744186046512,43,6.976744186046512,False,Normal Increase
situation_20230628_0600_806dae89.pdf,2023-06-28,"Strong Wind, Lightning",2771,,,,,,,,,,3749.0,13464.0,0.0,0.0,0.0,0.0,7.0,0.0,0.0,0.0,0.0,0.0,True,grand_total,600,2023-06-28 06:00:00,3,,45.0,0.0,0,1,1,0,0,0,0.5,weather_forecast,0,0,,,,,,,,,,,1,0,0.0,0,0,0,0,326.0,landslide_related,general_situation_report,retain,2023-06-28 06:00:00,222,1,1,12.0,2023-06-28 18:00:00,12.0,13458.0,3745.0,0.0,0.0,True,9.5078490052457,8.229511118964457,0.0,0.0,12.0,True,13464.0,3749.0,0.0,0.0,0.0,0.0,0.0,0.0,0.0,6,6,179,2,1.2246467991473532e-16,-1.0,0.062318379354325076,-0.998056320853012,9.507403306233716,0.0,-6.0,-0.00044569901198343587,0,0.0,0.0,Stable,0.0,0.0,44,0.0,False,Stable
situation_20230628_1800_88f273ab.pdf,2023-06-28,"Heavy Rain, Strong Wind",2691,,,,,,,,,,3745.0,13458.0,0.0,0.0,0.0,0.0,3.0,0.0,0.0,0.0,0.0,0.0,True,grand_total,1800,2023-06-28 18:00:00,3,,45.0,0.0,0,1,1,0,0,0,2.0,weather_forecast,0,0,,,,,,,,,,,1,0,0.0,0,0,0,0,338.0,landslide_related,general_situation_report,retain,2023-06-28 18:00:00,223,1,1,12.0,2023-06-29 06:00:00,12.0,13444.0,3742.0,0.0,0.0,True,9.507403306233716,8.228443883004033,0.0,0.0,12.0,True,13464.0,3749.0,0.0,0.0,-6.0,-4.0,0.0,-0.00044569901198343587,0.0,18,6,179,2,1.2246467991473532e-16,-1.0,0.062318379354325076,-0.998056320853012,9.506362568702965,0.0,-14.0,-0.001040737530750846,0,-6.0,-0.00044569901198343587,Decreasing,0.0,0.0,43,0.0,False,Decrease
situation_20230629_0600_2b6b3d87.pdf,2023-06-29,Other,2600,,,,,,,,,,3742.0,13444.0,0.0,0.0,0.0,0.0,0.0,0.0,0.0,0.0,0.0,0.0,True,grand_total,600,2023-06-29 06:00:00,3,,45.0,0.0,0,1,1,0,0,0,0.5,weather_forecast,0,0,,,,,,,,,,,1,0,0.0,0,0,0,0,350.0,landslide_related,general_situation_report,retain,2023-06-29 06:00:00,224,1,1,12.0,2023-06-30 00:00:00,18.0,13444.0,3742.0,0.0,0.0,True,9.506362568702965,8.22764270790443,0.0,0.0,12.0,True,13458.0,3745.0,0.0,0.0,-14.0,-3.0,0.0,-0.001040737530750846,0.0,6,6,180,3,1.2246467991473532e-16,-1.0,0.04514101777397193,-0.9989806246941579,9.506362568702965,0.0,0.0,0.0,0,-14.0,-0.001040737530750846,Decreasing,0.0,0.0,42,0.0,False,Decrease
situation_20230630_unknown_5b081288.pdf,2023-06-30,Other,2600,,,,,,,,,,3742.0,13444.0,0.0,0.0,0.0,0.0,0.0,0.0,0.0,0.0,0.0,0.0,True,grand_total,0,2023-06-30 00:00:00,4,100.0,45.0,2.0,1,1,1,0,0,0,4.5,heavy_rain,0,0,,,,,,,,,,,1,0,0.0,0,0,0,0,368.0,landslide_related,general_situation_report,retain,2023-06-30 00:00:00,225,1,1,18.0,2023-06-30 18:00:00,18.0,13475.0,3752.0,0.0,0.0,True,9.506362568702965,8.22764270790443,0.0,0.0,18.0,True,13444.0,3742.0,0.0,0.0,0.0,0.0,0.0,0.0,0.0,0,6,181,4,1.2246467991473532e-16,-1.0,0.02795029824021032,-0.999609314096404,9.508665604526444,0.0,31.0,0.002303035823478794,0,0.0,0.0,Stable,0.0,0.0,42,0.0,False,Stable
situation_20230630_1800_64907388.pdf,2023-06-30,Other,2840,,,,,,,,,,3752.0,13475.0,0.0,0.0,0.0,0.0,10.0,0.0,0.0,0.0,0.0,0.0,True,grand_total,1800,2023-06-30 18:00:00,4,100.0,45.0,2.0,1,1,1,0,0,0,2.0,weather_forecast,0,0,,,,,,,,,,,1,0,0.0,0,0,0,0,386.0,landslide_related,general_situation_report,retain,2023-06-30 18:00:00,226,1,1,18.0,2023-07-01 06:00:00,12.0,13444.0,3742.0,0.0,0.0,True,9.508665604526444,8.23031079913502,0.0,0.0,18.0,True,13444.0,3742.0,0.0,0.0,31.0,10.0,0.0,0.002303035823478794,0.0,18,6,181,4,1.2246467991473532e-16,-1.0,0.02795029824021032,-0.999609314096404,9.506362568702965,0.0,-31.0,-0.002303035823478794,0,31.0,0.002303035823478794,Increasing,0.30952380952380953,0.14285714285714285,42,14.285714285714285,False,Normal Increase
situation_20230701_0600_356e204a.pdf,2023-07-01,Other,2599,,,,,,,,,,3742.0,13444.0,0.0,0.0,0.0,0.0,0.0,0.0,0.0,0.0,0.0,0.0,True,grand_total,600,2023-07-01 06:00:00,3,,45.0,0.0,0,1,1,0,0,0,0.5,weather_forecast,0,0,,,,,,,,,,,1,0,0.0,0,0,0,0,398.0,landslide_related,general_situation_report,retain,2023-07-01 06:00:00,227,1,1,12.0,2023-07-01 18:00:00,12.0,13449.0,3743.0,0.0,0.0,True,9.506362568702965,8.22764270790443,0.0,0.0,12.0,True,13475.0,3752.0,0.0,0.0,-31.0,-10.0,0.0,-0.002303035823478794,0.0,6,7,182,5,-0.4999999999999997,-0.8660254037844388,0.01075130776352193,-0.9999422030204416,9.506734385029985,0.0,5.0,0.0003718163270196584,0,-31.0,-0.002303035823478794,Decreasing,0.0,0.0,43,0.0,False,Decrease
situation_20230701_1800_c921a432.pdf,2023-07-01,Other,2837,,,,,,,,,,3743.0,13449.0,0.0,0.0,0.0,0.0,1.0,0.0,0.0,0.0,0.0,0.0,True,grand_total,1800,2023-07-01 18:00:00,3,50.0,45.0,0.0,1,1,1,0,0,0,2.0,weather_forecast,0,0,,,,,,,,,,,1,0,0.0,0,0,0,0,410.0,landslide_related,general_situation_report,retain,2023-07-01 18:00:00,228,1,1,12.0,2023-07-02 06:00:00,12.0,13444.0,3742.0,0.0,0.0,True,9.506734385029985,8.227909837597483,0.0,0.0,12.0,True,13444.0,3742.0,0.0,0.0,5.0,1.0,0.0,0.0003718163270196584,0.0,18,7,182,5,-0.4999999999999997,-0.8660254037844388,0.01075130776352193,-0.9999422030204416,9.506362568702965,0.0,-5.0,-0.0003718163270196584,0,5.0,0.0003718163270196584,Increasing,0.11904761904761904,0.0,42,0.0,False,Normal Increase
situation_20230702_0600_efda53d9.pdf,2023-07-02,Other,2603,,,,,,,,,,3742.0,13444.0,0.0,0.0,0.0,0.0,0.0,0.0,0.0,0.0,0.0,0.0,True,grand_total,600,2023-07-02 06:00:00,3,75.0,45.0,0.0,1,1,1,0,0,0,0.5,weather_forecast,0,0,,,,,,,,,,,1,0,0.0,0,0,0,0,422.0,landslide_related,general_situation_report,retain,2023-07-02 06:00:00,229,1,1,12.0,2023-07-02 18:00:00,12.0,13444.0,3742.0,0.0,0.0,True,9.506362568702965,8.22764270790443,0.0,0.0,12.0,True,13449.0,3743.0,0.0,0.0,-5.0,-1.0,0.0,-0.0003718163270196584,0.0,6,7,183,6,-0.4999999999999997,-0.8660254037844388,-0.00645086419810515,-0.9999791929590823,9.506362568702965,0.0,0.0,0.0,0,-5.0,-0.0003718163270196584,Decreasing,0.0,0.0,43,0.0,False,Decrease
situation_20230702_1800_848c14d6.pdf,2023-07-02,Other,2599,,,,,,,,,,3742.0,13444.0,0.0,0.0,0.0,0.0,0.0,0.0,0.0,0.0,0.0,0.0,True,grand_total,1800,2023-07-02 18:00:00,3,100.0,45.0,0.0,1,1,1,0,0,0,2.0,weather_forecast,0,0,,,,,,,,,,,1,0,0.0,0,0,0,0,434.0,landslide_related,general_situation_report,retain,2023-07-02 18:00:00,230,1,1,12.0,2023-07-03 18:00:00,24.0,13448.0,3743.0,0.0,0.0,True,9.506362568702965,8.22764270790443,0.0,0.0,12.0,True,13444.0,3742.0,0.0,0.0,0.0,0.0,0.0,0.0,0.0,18,7,183,6,-0.4999999999999997,-0.8660254037844388,-0.00645086419810515,-0.9999791929590823,9.506660032823548,0.0,4.0,0.0002974641205835127,0,0.0,0.0,Stable,0.0,0.0,43,0.0,False,Stable
situation_20230703_1800_59b09091.pdf,2023-07-03,Other,2831,,,,,,,,,,3743.0,13448.0,0.0,0.0,0.0,0.0,1.0,0.0,0.0,0.0,0.0,0.0,True,grand_total,1800,2023-07-03 18:00:00,4,150.0,45.0,2.0,1,1,1,0,0,0,2.0,weather_forecast,0,0,,,,,,,,,,,1,1,2.0,2,1,0,3,10.5,warning,general_situation_report,retain,2023-07-03 18:00:00,231,1,1,24.0,2023-07-04 18:00:00,24.0,188.0,44.0,0.0,0.0,True,9.506660032823548,8.227909837597483,0.0,0.0,24.0,True,13444.0,3742.0,0.0,0.0,4.0,1.0,0.0,0.0002974641205835127,0.0,18,7,184,0,-0.4999999999999997,-0.8660254037844388,-0.023651127245231586,-0.9997202729664083,5.241747015059643,0.0,-13260.0,-4.264913017763906,0,4.0,0.0002974641205835127,Increasing,0.09302325581395349,0.0,43,0.0,False,Normal Increase
situation_20230704_1800_4f7b4f58.pdf,2023-07-04,"Heavy Rain, Strong Wind",3480,,,,,,,,,,44.0,188.0,0.0,0.0,0.0,0.0,41.0,0.0,0.0,0.0,0.0,0.0,True,grand_total,1800,2023-07-04 18:00:00,5,100.0,60.0,2.0,1,1,1,0,0,0,2.0,weather_forecast,0,0,,,,,,,,,,,1,0,0.0,0,0,0,0,34.5,warning,general_situation_report,retain,2023-07-04 18:00:00,232,1,1,24.0,2023-07-05 06:00:00,12.0,188.0,44.0,0.0,0.0,True,5.241747015059643,3.8066624897703196,0.0,0.0,24.0,True,13448.0,3743.0,0.0,0.0,-13260.0,-3699.0,0.0,-4.264913017763906,0.0,18,7,185,1,-0.4999999999999997,-0.8660254037844388,-0.04084439154329611,-0.9991655196610109,5.241747015059643,0.0,0.0,0.0,0,-13260.0,-4.264913017763906,Decreasing,0.0,0.0,44,0.0,False,Decrease
situation_20230705_0600_8d3580c8.pdf,2023-07-05,"Heavy Rain, Strong Wind",3480,,,,,,,,,,44.0,188.0,0.0,0.0,0.0,0.0,41.0,0.0,0.0,0.0,0.0,0.0,True,grand_total,600,2023-07-05 06:00:00,5,75.0,60.0,2.0,1,1,1,0,0,0,0.5,weather_forecast,0,0,,,,,,,,,,,1,1,1.0,1,0,0,1,7.0,warning,general_situation_report,retain,2023-07-05 06:00:00,233,1,1,12.0,2023-07-05 18:00:00,12.0,2224.0,589.0,2.0,121.0,True,5.241747015059643,3.8066624897703196,0.0,0.0,12.0,True,188.0,44.0,0.0,0.0,0.0,0.0,0.0,0.0,0.0,6,7,186,2,-0.4999999999999997,-0.8660254037844388,-0.05802556932878035,-0.9983150972033183,7.707512194600341,4.804021044733257,2036.0,2.465765179540698,1,0.0,0.0,Stable,0.0,0.0,43,0.0,False,Stable
situation_20230705_1800_fae5b387.pdf,2023-07-05,Strong Wind,6698,,,,,,,,,,589.0,2224.0,0.0,5.0,0.0,2.0,599.0,10.0,4.0,2.0,28.0,121.0,True,grand_total,1800,2023-07-05 18:00:00,3,75.0,60.0,2.0,1,1,1,0,0,0,2.0,weather_forecast,0,0,,,,,,,,,,,1,1,2.0,1,1,0,1,6.5,warning,general_situation_report,retain,2023-07-05 18:00:00,234,1,1,12.0,2023-07-06 06:00:00,12.0,2242.0,594.0,2.0,121.0,True,7.707512194600341,6.380122536899765,1.0986122886681098,4.804021044733257,12.0,True,188.0,44.0,0.0,0.0,2036.0,545.0,121.0,2.465765179540698,4.804021044733257,18,7,186,2,-0.4999999999999997,-0.8660254037844388,-0.05802556932878035,-0.9983150972033183,7.715569534520208,4.804021044733257,18.0,0.008057339919867346,1,2036.0,2.465765179540698,Increasing,0.8837209302325582,0.8604651162790697,43,86.04651162790698,False,Normal Increase
situation_20230706_0600_6c17cc58.pdf,2023-07-06,Strong Wind,6839,,,,,,,,,,594.0,2242.0,0.0,5.0,0.0,2.0,604.0,10.0,4.0,2.0,28.0,121.0,True,grand_total,600,2023-07-06 06:00:00,3,,60.0,2.0,0,1,1,0,0,0,0.5,weather_forecast,0,0,,,,,,,,,,,1,1,2.0,2,1,0,2,7.0,warning,general_situation_report,retain,2023-07-06 06:00:00,235,1,1,12.0,2023-07-06 18:00:00,12.0,4630.0,1210.0,3.0,141.0,True,7.715569534520208,6.38856140554563,1.0986122886681098,4.804021044733257,12.0,True,2224.0,589.0,2.0,121.0,18.0,5.0,0.0,0.008057339919867346,0.0,6,7,187,3,-0.4999999999999997,-0.8660254037844388,-0.07518957641475855,-0.9971692572470178,8.440528106480752,4.955827057601261,2388.0,0.7249585719605438,1,18.0,0.008057339919867346,Increasing,0.3023255813953488,0.2558139534883721,43,25.581395348837212,False,Normal Increase
situation_20230706_1800_f2eeff3b.pdf,2023-07-06,Strong Wind,8698,,,,,,,,,,1210.0,4630.0,0.0,9.0,0.0,4.0,1141.0,22.0,4.0,3.0,32.0,141.0,True,grand_total,1800,2023-07-06 18:00:00,3,,45.0,0.0,0,1,1,0,0,0,2.0,weather_forecast,0,0,,,,,,,,,,,1,1,2.0,1,1,0,1,2.0,warning,general_situation_report,retain,2023-07-06 18:00:00,236,1,1,12.0,2023-07-07 12:00:00,18.0,4631.0,1214.0,3.0,141.0,True,8.440528106480752,7.099201743553092,1.3862943611198906,4.955827057601261,12.0,True,2242.0,594.0,2.0,121.0,2388.0,616.0,20.0,0.7249585719605438,0.1518060128680041,18,7,187,3,-0.4999999999999997,-0.8660254037844388,-0.07518957641475855,-0.9971692572470178,8.440744019252831,4.955827057601261,1.0,0.00021591277207910764,1,2388.0,0.7249585719605438,Increasing,0.8837209302325582,0.6976744186046512,43,69.76744186046511,False,Normal Increase
situation_20230707_1200_3d244300.pdf,2023-07-07,Strong Wind,8791,,,,,,,,,,1214.0,4631.0,0.0,9.0,0.0,3.0,1145.0,22.0,2.0,3.0,32.0,141.0,True,grand_total,1200,2023-07-07 12:00:00,4,,45.0,0.0,0,1,1,0,0,0,0.0,weather_forecast,0,0,,,,,,,,,,,1,1,2.0,1,1,0,1,20.0,warning,general_situation_report,retain,2023-07-07 12:00:00,237,1,1,18.0,2023-07-07 18:00:00,6.0,6087.0,1583.0,3.0,141.0,True,8.440744019252831,7.102499355774649,1.3862943611198906,4.955827057601261,18.0,True,4630.0,1210.0,3.0,141.0,1.0,4.0,0.0,0.00021591277207910764,0.0,12,7,188,4,-0.4999999999999997,-0.8660254037844388,-0.09233133369539122,-0.9957283388645872,8.714074899541522,4.955827057601261,1456.0,0.27333088028869135,1,1.0,0.00021591277207910764,Increasing,0.0,0.0,44,0.0,False,Normal Increase
situation_20230707_1800_6065aef3.pdf,2023-07-07,Strong Wind,9447,,,,,,,,,,1583.0,6087.0,0.0,9.0,0.0,3.0,1462.0,27.0,4.0,3.0,32.0,141.0,True,grand_total,1800,2023-07-07 18:00:00,3,,45.0,0.0,0,1,1,0,0,0,2.0,weather_forecast,0,0,,,,,,,,,,,1,1,1.0,1,0,0,1,2.0,warning,general_situation_report,retain,2023-07-07 18:00:00,238,1,1,6.0,2023-07-08 06:00:00,12.0,6087.0,1583.0,3.0,141.0,True,8.714074899541522,7.367708572374371,1.3862943611198906,4.955827057601261,6.0,True,4631.0,1214.0,3.0,141.0,1456.0,369.0,0.0,0.27333088028869135,0.0,18,7,188,4,-0.4999999999999997,-0.8660254037844388,-0.09233133369539122,-0.9957283388645872,8.714074899541522,4.955827057601261,0.0,0.0,1,1456.0,0.27333088028869135,Increasing,0.8222222222222222,0.5555555555555556,45,55.55555555555556,False,Normal Increase
situation_20230708_0600_ea024546.pdf,2023-07-08,Strong Wind,9447,,,,,,,,,,1583.0,6087.0,0.0,9.0,0.0,3.0,1462.0,27.0,4.0,3.0,32.0,141.0,True,grand_total,600,2023-07-08 06:00:00,3,,45.0,0.0,0,1,1,0,0,0,0.5,weather_forecast,0,0,,,,,,,,,,,1,1,1.0,1,0,0,1,14.0,warning,general_situation_report,retain,2023-07-08 06:00:00,239,1,1,12.0,2023-07-09 18:00:00,36.0,238.0,54.0,3.0,141.0,True,8.714074899541522,7.367708572374371,1.3862943611198906,4.955827057601261,12.0,True,6087.0,1583.0,3.0,141.0,0.0,0.0,0.0,0.0,0.0,6,7,189,5,-0.4999999999999997,-0.8660254037844388,-0.10944576864891556,-0.993992768446958,5.476463551931511,4.955827057601261,-5849.0,-3.2376113476100112,1,0.0,0.0,Stable,0.0,0.0,45,0.0,False,Stable
situation_20230709_1800_6efaa16e.pdf,2023-07-09,Strong Wind,2424,,,,,,,,,,54.0,238.0,0.0,0.0,0.0,0.0,39.0,0.0,0.0,3.0,32.0,141.0,True,grand_total,1800,2023-07-09 18:00:00,3,,40.0,0.0,0,1,1,0,0,0,2.0,weather_forecast,0,0,,,,,,,,,,,1,0,0.0,0,0,0,0,50.0,warning,general_situation_report,retain,2023-07-09 18:00:00,240,1,1,36.0,2023-07-10 18:00:00,24.0,494.0,133.0,1.0,75.0,True,5.476463551931511,4.007333185232471,1.3862943611198906,4.955827057601261,36.0,True,6087.0,1583.0,3.0,141.0,-5849.0,-1529.0,0.0,-3.2376113476100112,0.0,18,7,190,6,-0.4999999999999997,-0.8660254037844388,-0.12652781683868314,-0.9919630595773397,6.20455776256869,4.330733340286331,256.0,0.7280942106371793,1,-5849.0,-3.2376113476100112,Decreasing,0.0,0.0,45,0.0,False,Decrease
situation_20230710_1800_1d566816.pdf,2023-07-10,Strong Wind,3092,,,,,,,,,,133.0,494.0,0.0,0.0,0.0,2.0,131.0,0.0,0.0,1.0,18.0,75.0,True,grand_total,1800,2023-07-10 18:00:00,2,,,0.0,0,1,0,0,0,0,2.0,weather_forecast,0,0,,,,,,,,,,,1,0,0.0,0,0,0,0,74.0,warning,general_situation_report,retain,2023-07-10 18:00:00,241,1,1,24.0,2023-07-11 06:00:00,12.0,494.0,133.0,1.0,75.0,True,6.20455776256869,4.897839799950911,0.6931471805599453,4.330733340286331,24.0,True,238.0,54.0,3.0,141.0,256.0,79.0,-66.0,0.7280942106371793,-0.6250937173149298,18,7,191,0,-0.4999999999999997,-0.8660254037844388,-0.1435724234118113,-0.9896398128792412,6.20455776256869,4.330733340286331,0.0,0.0,1,256.0,0.7280942106371793,Increasing,0.6444444444444445,0.7111111111111111,45,64.44444444444444,False,Normal Increase
situation_20230711_0600_b83483eb.pdf,2023-07-11,Strong Wind,3092,,,,,,,,,,133.0,494.0,0.0,0.0,0.0,2.0,131.0,0.0,0.0,1.0,18.0,75.0,True,grand_total,600,2023-07-11 06:00:00,3,,,0.0,0,1,0,0,0,0,0.5,weather_forecast,0,0,,,,,,,,,,,1,0,0.0,0,0,0,0,86.0,warning,general_situation_report,retain,2023-07-11 06:00:00,242,1,1,12.0,2023-07-11 18:00:00,12.0,501.0,135.0,1.0,75.0,True,6.20455776256869,4.897839799950911,0.6931471805599453,4.330733340286331,12.0,True,494.0,133.0,1.0,75.0,0.0,0.0,0.0,0.0,0.0,6,7,192,1,-0.4999999999999997,-0.8660254037844388,-0.16057454459499376,-0.9870237158387383,6.218600119691729,4.330733340286331,7.0,0.014042357123038585,1,0.0,0.0,Stable,0.0,0.0,45,0.0,False,Stable
situation_20230711_1800_8a609f50.pdf,2023-07-11,Strong Wind,3298,,,,,,,,,,135.0,501.0,0.0,0.0,0.0,2.0,133.0,0.0,0.0,1.0,18.0,75.0,True,grand_total,1800,2023-07-11 18:00:00,3,,,0.0,0,1,0,0,0,0,2.0,weather_forecast,0,0,,,,,,,,,,,1,0,0.0,0,0,0,0,98.0,warning,general_situation_report,retain,2023-07-11 18:00:00,243,1,1,12.0,2023-07-12 06:00:00,12.0,82.0,20.0,1.0,75.0,True,6.218600119691729,4.912654885736052,0.6931471805599453,4.330733340286331,12.0,True,494.0,133.0,1.0,75.0,7.0,2.0,0.0,0.014042357123038585,0.0,18,7,192,1,-0.4999999999999997,-0.8660254037844388,-0.16057454459499376,-0.9870237158387383,4.418840607796598,4.330733340286331,-419.0,-1.7997595118951306,1,7.0,0.014042357123038585,Increasing,0.15555555555555556,0.28888888888888886,45,15.555555555555555,False,Normal Increase
situation_20230712_0600_101f5e22.pdf,2023-07-12,Strong Wind,2766,,,,,,,,,,20.0,82.0,0.0,0.0,0.0,0.0,20.0,0.0,0.0,1.0,18.0,75.0,True,grand_total,600,2023-07-12 06:00:00,3,,,0.0,0,1,0,0,0,0,0.5,weather_forecast,0,0,,,,,,,,,,,1,0,0.0,0,0,0,0,110.0,warning,general_situation_report,retain,2023-07-12 06:00:00,244,1,1,12.0,2023-07-12 18:00:00,12.0,91.0,23.0,1.0,75.0,True,4.418840607796598,3.044522437723423,0.6931471805599453,4.330733340286331,12.0,True,501.0,135.0,1.0,75.0,-419.0,-115.0,0.0,-1.7997595118951306,0.0,6,7,193,2,-0.4999999999999997,-0.8660254037844388,-0.17752914918703497,-0.984115542601034,4.5217885770490405,4.330733340286331,9.0,0.1029479692524422,1,-419.0,-1.7997595118951306,Decreasing,0.0,0.0,46,0.0,False,Decrease
situation_20230712_1800_b61cd6ac.pdf,2023-07-12,"Strong Wind, Lightning",2827,,,,,,,,,,23.0,91.0,0.0,0.0,0.0,0.0,23.0,0.0,0.0,1.0,18.0,75.0,True,grand_total,1800,2023-07-12 18:00:00,3,,,0.0,0,1,0,0,0,0,2.0,weather_forecast,0,0,,,,,,,,,,,1,0,0.0,0,0,0,0,122.0,warning,general_situation_report,retain,2023-07-12 18:00:00,245,1,1,12.0,2023-07-13 06:00:00,12.0,91.0,23.0,1.0,75.0,True,4.5217885770490405,3.1780538303479458,0.6931471805599453,4.330733340286331,12.0,True,82.0,20.0,1.0,75.0,9.0,3.0,0.0,0.1029479692524422,0.0,18,7,193,2,-0.4999999999999997,-0.8660254037844388,-0.17752914918703497,-0.984115542601034,4.5217885770490405,4.330733340286331,0.0,0.0,1,9.0,0.1029479692524422,Increasing,0.2222222222222222,0.5111111111111111,45,22.22222222222222,False,Normal Increase
situation_20230713_0600_7837bd83.pdf,2023-07-13,"Strong Wind, Lightning",2827,,,,,,,,,,23.0,91.0,0.0,0.0,0.0,0.0,23.0,0.0,0.0,1.0,18.0,75.0,True,grand_total,600,2023-07-13 06:00:00,3,,45.0,0.0,0,1,1,0,0,0,0.5,weather_forecast,0,0,,,,,,,,,,,1,0,0.0,0,0,0,0,134.0,warning,general_situation_report,retain,2023-07-13 06:00:00,246,1,1,12.0,2023-07-13 18:00:00,12.0,87.0,22.0,1.0,75.0,True,4.5217885770490405,3.1780538303479458,0.6931471805599453,4.330733340286331,12.0,True,91.0,23.0,1.0,75.0,0.0,0.0,0.0,0.0,0.0,6,7,194,3,-0.4999999999999997,-0.8660254037844388,-0.19443122004766195,-0.9809161537413774,4.477336814478207,4.330733340286331,-4.0,-0.04445176257083361,1,0.0,0.0,Stable,0.0,0.0,46,0.0,False,Stable
situation_20230713_1800_faea58a8.pdf,2023-07-13,"Strong Wind, Lightning",2936,,,,,,,,,,22.0,87.0,0.0,0.0,0.0,0.0,22.0,0.0,0.0,1.0,18.0,75.0,True,grand_total,1800,2023-07-13 18:00:00,3,,45.0,0.0,0,1,1,0,0,0,2.0,weather_forecast,0,0,,,,,,,,,,,1,0,0.0,0,0,0,0,146.0,warning,general_situation_report,retain,2023-07-13 18:00:00,247,1,1,12.0,2023-07-14 18:00:00,24.0,19933.0,5767.0,1.0,75.0,True,4.477336814478207,3.1354942159291497,0.6931471805599453,4.330733340286331,12.0,True,91.0,23.0,1.0,75.0,-4.0,-1.0,0.0,-0.04445176257083361,0.0,18,7,194,3,-0.4999999999999997,-0.8660254037844388,-0.19443122004766195,-0.9809161537413774,9.900182095527402,4.330733340286331,19846.0,5.422845281049195,1,-4.0,-0.04445176257083361,Decreasing,0.0,0.0,45,0.0,False,Decrease
situation_20230714_1800_326131f8.pdf,2023-07-14,Strong Wind,3120,,,,,,,,,,5767.0,19933.0,0.0,0.0,0.0,0.0,20.0,0.0,0.0,1.0,18.0,75.0,True,grand_total,1800,2023-07-14 18:00:00,3,,45.0,0.0,0,1,1,0,0,0,2.0,weather_forecast,0,0,,,,,,,,,,,1,0,0.0,0,0,0,0,170.0,warning,general_situation_report,retain,2023-07-14 18:00:00,248,1,1,24.0,2023-07-15 18:00:00,24.0,75.0,18.0,1.0,75.0,True,9.900182095527402,8.660080678964786,0.6931471805599453,4.330733340286331,24.0,True,87.0,22.0,1.0,75.0,19846.0,5745.0,0.0,5.422845281049195,0.0,18,7,195,4,-0.4999999999999997,-0.8660254037844388,-0.2112757555821793,-0.9774264960104055,4.330733340286331,4.330733340286331,-19858.0,-5.569448755241071,1,19846.0,5.422845281049195,Increasing,1.0,1.0,45,100.0,True,Rapid Growth Anomaly
situation_20230715_1800_f6f38498.pdf,2023-07-15,Other,2297,,,,,,,,,,18.0,75.0,0.0,0.0,0.0,0.0,18.0,0.0,0.0,1.0,18.0,75.0,True,grand_total,1800,2023-07-15 18:00:00,3,,,0.0,0,1,0,0,0,0,2.0,weather_forecast,0,0,,,,,,,,,,,1,0,0.0,0,0,0,0,194.0,warning,general_situation_report,retain,2023-07-15 18:00:00,249,1,1,24.0,2023-07-16 06:00:00,12.0,75.0,18.0,1.0,75.0,True,4.330733340286331,2.9444389791664403,0.6931471805599453,4.330733340286331,24.0,True,19933.0,5767.0,1.0,75.0,-19858.0,-5749.0,0.0,-5.569448755241071,0.0,18,7,196,5,-0.4999999999999997,-0.8660254037844388,-0.2280577712215198,-0.9736476020539838,4.330733340286331,4.330733340286331,0.0,0.0,1,-19858.0,-5.569448755241071,Decreasing,0.0,0.0,45,0.0,False,Decrease
situation_20230716_0600_9f678c03.pdf,2023-07-16,Other,2297,,,,,,,,,,18.0,75.0,0.0,0.0,0.0,0.0,18.0,0.0,0.0,1.0,18.0,75.0,True,grand_total,600,2023-07-16 06:00:00,3,,,0.0,0,1,0,0,0,0,0.5,weather_forecast,0,0,,,,,,,,,,,1,0,0.0,0,0,0,0,206.0,warning,general_situation_report,retain,2023-07-16 06:00:00,250,1,1,12.0,2023-07-16 18:00:00,12.0,75.0,18.0,1.0,75.0,True,4.330733340286331,2.9444389791664403,0.6931471805599453,4.330733340286331,12.0,True,75.0,18.0,1.0,75.0,0.0,0.0,0.0,0.0,0.0,6,7,197,6,-0.4999999999999997,-0.8660254037844388,-0.24477230089725957,-0.9695805901076308,4.330733340286331,4.330733340286331,0.0,0.0,1,0.0,0.0,Stable,0.0,0.0,45,0.0,False,Stable
situation_20230716_1800_914abf64.pdf,2023-07-16,Other,2293,,,,,,,,,,18.0,75.0,0.0,0.0,0.0,0.0,18.0,0.0,0.0,1.0,18.0,75.0,True,grand_total,1800,2023-07-16 18:00:00,3,,,0.0,0,1,0,0,0,0,2.0,weather_forecast,0,0,,,,,,,,,,,1,0,0.0,0,0,0,0,218.0,warning,general_situation_report,retain,2023-07-16 18:00:00,251,1,1,12.0,2023-07-17 18:00:00,24.0,85.0,21.0,1.0,75.0,True,4.330733340286331,2.9444389791664403,0.6931471805599453,4.330733340286331,12.0,True,75.0,18.0,1.0,75.0,0.0,0.0,0.0,0.0,0.0,18,7,197,6,-0.4999999999999997,-0.8660254037844388,-0.24477230089725957,-0.9695805901076308,4.454347296253507,4.330733340286331,10.0,0.12361395596717628,1,0.0,0.0,Stable,0.0,0.0,45,0.0,False,Stable
situation_20230717_1800_0ddab1c8.pdf,2023-07-17,Strong Wind,2536,,,,,,,,,,21.0,85.0,0.0,0.0,0.0,0.0,21.0,0.0,0.0,1.0,18.0,75.0,True,grand_total,1800,2023-07-17 18:00:00,2,,,0.0,0,1,0,0,0,0,2.0,weather_forecast,0,0,,,,,,,,,,,1,0,0.0,0,0,0,0,242.0,warning,general_situation_report,retain,2023-07-17 18:00:00,252,1,1,24.0,2023-07-18 06:00:00,12.0,92.0,23.0,1.0,75.0,True,4.454347296253507,3.091042453358316,0.6931471805599453,4.330733340286331,24.0,True,75.0,18.0,1.0,75.0,10.0,3.0,0.0,0.12361395596717628,0.0,18,7,198,0,-0.4999999999999997,-0.8660254037844388,-0.2614143985111562,-0.965226663665613,4.532599493153256,4.330733340286331,7.0,0.07825219689974894,1,10.0,0.12361395596717628,Increasing,0.24444444444444444,0.4888888888888889,45,24.444444444444443,False,Normal Increase
situation_20230718_0600_2919d45d.pdf,2023-07-18,Strong Wind,3024,,,,,,,,,,23.0,92.0,0.0,0.0,0.0,0.0,23.0,0.0,0.0,1.0,18.0,75.0,True,grand_total,600,2023-07-18 06:00:00,2,,45.0,0.0,0,1,1,0,0,0,0.5,weather_forecast,0,0,,,,,,,,,,,1,0,0.0,0,0,0,0,254.0,warning,general_situation_report,retain,2023-07-18 06:00:00,253,1,1,12.0,2023-07-20 06:00:00,48.0,75.0,18.0,1.0,75.0,True,4.532599493153256,3.1780538303479458,0.6931471805599453,4.330733340286331,12.0,True,85.0,21.0,1.0,75.0,7.0,2.0,0.0,0.07825219689974894,0.0,6,7,199,1,-0.4999999999999997,-0.8660254037844388,-0.2779791393987801,-0.9605871111248129,4.330733340286331,4.330733340286331,-17.0,-0.20186615286692522,1,7.0,0.07825219689974894,Increasing,0.15555555555555556,0.4222222222222222,45,15.555555555555555,False,Normal Increase
situation_20230720_0600_f580a48c.pdf,2023-07-20,Other,2599,,,,,,,,,,18.0,75.0,0.0,0.0,0.0,0.0,18.0,0.0,0.0,1.0,18.0,75.0,True,grand_total,600,2023-07-20 06:00:00,3,50.0,50.0,0.0,1,1,1,0,0,0,0.5,weather_forecast,0,0,,,,,,,,,,,1,0,0.0,0,0,0,0,302.0,warning,general_situation_report,retain,2023-07-20 06:00:00,254,1,1,48.0,2023-07-20 18:00:00,12.0,17.0,5.0,0.0,0.0,True,4.330733340286331,2.9444389791664403,0.6931471805599453,4.330733340286331,48.0,True,92.0,23.0,1.0,75.0,-17.0,-5.0,0.0,-0.20186615286692522,0.0,6,7,201,3,-0.4999999999999997,-0.8660254037844388,-0.3108569682435036,-0.9504567035349151,2.8903717578961645,0.0,-58.0,-1.4403615823901665,0,-17.0,-0.20186615286692522,Decreasing,0.0,0.0,46,0.0,False,Decrease
situation_20230720_1800_5ed58217.pdf,2023-07-20,Strong Wind,2618,,,,,,,,,,5.0,17.0,0.0,0.0,0.0,0.0,5.0,0.0,0.0,0.0,0.0,0.0,True,grand_total,1800,2023-07-20 18:00:00,3,,50.0,0.0,0,1,1,0,0,0,2.0,weather_forecast,0,0,,,,,,,,,,,1,0,0.0,0,0,0,0,314.0,warning,general_situation_report,retain,2023-07-20 18:00:00,255,1,1,12.0,2023-07-22 06:00:00,36.0,0.0,0.0,0.0,0.0,True,2.8903717578961645,1.791759469228055,0.0,0.0,12.0,True,75.0,18.0,1.0,75.0,-58.0,-13.0,-75.0,-1.4403615823901665,-4.330733340286331,18,7,201,3,-0.4999999999999997,-0.8660254037844388,-0.3108569682435036,-0.9504567035349151,0.0,0.0,-17.0,-2.8903717578961645,0,-58.0,-1.4403615823901665,Decreasing,0.0,0.0,46,0.0,False,Decrease
situation_20230722_0600_81be6202.pdf,2023-07-22,Other,2089,,,,,,,,,,0.0,0.0,0.0,0.0,0.0,0.0,0.0,0.0,0.0,0.0,0.0,0.0,True,confirmed_zero_report,600,2023-07-22 06:00:00,4,,60.0,2.0,0,1,1,0,0,0,0.5,weather_forecast,0,0,,,,,,,,,,,1,0,0.0,0,0,0,0,350.0,warning,general_situation_report,retain,2023-07-22 06:00:00,256,1,1,36.0,2023-07-23 18:00:00,36.0,0.0,0.0,0.0,0.0,True,0.0,0.0,0.0,0.0,36.0,True,17.0,5.0,0.0,0.0,-17.0,-5.0,0.0,-2.8903717578961645,0.0,6,7,203,5,-0.4999999999999997,-0.8660254037844388,-0.34336687399638804,-0.939201357453208,0.0,0.0,0.0,0.0,0,-17.0,-2.8903717578961645,Decreasing,0.0,0.0,45,0.0,False,Decrease
situation_20230723_1800_59b5f6fc.pdf,2023-07-23,Other,2089,,,,,,,,,,0.0,0.0,0.0,0.0,0.0,0.0,0.0,0.0,0.0,0.0,0.0,0.0,True,confirmed_zero_report,1800,2023-07-23 18:00:00,4,,40.0,0.0,0,1,1,0,0,0,2.0,weather_forecast,0,0,,,,,,,,,,,1,0,0.0,0,0,0,0,386.0,warning,general_situation_report,retain,2023-07-23 18:00:00,257,1,1,36.0,2023-07-24 06:00:00,12.0,0.0,0.0,0.0,0.0,True,0.0,0.0,0.0,0.0,36.0,True,0.0,0.0,0.0,0.0,0.0,0.0,0.0,0.0,0.0,18,7,204,6,-0.4999999999999997,-0.8660254037844388,-0.3594718130884232,-0.9331559438780432,0.0,0.0,0.0,0.0,0,0.0,0.0,Stable,0.0,0.0,45,0.0,False,Stable
situation_20230724_0600_beb9d431.pdf,2023-07-24,Other,2089,,,,,,,,,,0.0,0.0,0.0,0.0,0.0,0.0,0.0,0.0,0.0,0.0,0.0,0.0,True,confirmed_zero_report,600,2023-07-24 06:00:00,4,,40.0,0.0,0,1,1,0,0,0,0.5,weather_forecast,0,0,,,,,,,,,,,1,0,0.0,0,0,0,0,398.0,warning,general_situation_report,retain,2023-07-24 06:00:00,258,1,1,12.0,2023-07-24 18:00:00,12.0,150.0,39.0,0.0,0.0,True,0.0,0.0,0.0,0.0,12.0,True,0.0,0.0,0.0,0.0,0.0,0.0,0.0,0.0,0.0,6,7,205,0,-0.4999999999999997,-0.8660254037844388,-0.3754703786876202,-0.9268343944460494,5.017279836814924,0.0,150.0,5.017279836814924,0,0.0,0.0,Stable,0.0,0.0,44,0.0,False,Stable
situation_20230724_1800_f16ee9a0.pdf,2023-07-24,Strong Wind,2925,,,,,,,,,,39.0,150.0,0.0,0.0,0.0,0.0,38.0,1.0,0.0,0.0,0.0,0.0,True,grand_total,1800,2023-07-24 18:00:00,3,,40.0,0.0,0,1,1,0,0,0,2.0,weather_forecast,0,0,,,,,,,,,,,1,0,0.0,0,0,0,0,410.0,warning,general_situation_report,retain,2023-07-24 18:00:00,259,1,1,12.0,2023-07-25 18:00:00,24.0,29.0,8.0,0.0,0.0,True,5.017279836814924,3.6888794541139363,0.0,0.0,12.0,True,0.0,0.0,0.0,0.0,150.0,39.0,0.0,5.017279836814924,0.0,18,7,205,0,-0.4999999999999997,-0.8660254037844388,-0.3754703786876202,-0.9268343944460494,3.4011973816621555,0.0,-121.0,-1.6160824551527688,0,150.0,5.017279836814924,Increasing,0.5909090909090909,0.9772727272727273,44,59.09090909090909,False,Normal Increase
situation_20230725_1800_d568c410.pdf,2023-07-25,Strong Wind,2301,,,,,,,,,,8.0,29.0,0.0,0.0,0.0,0.0,8.0,0.0,0.0,0.0,0.0,0.0,True,grand_total,1800,2023-07-25 18:00:00,3,,40.0,0.0,0,1,1,0,0,0,2.0,weather_forecast,0,0,,,,,,,,,,,1,0,0.0,0,0,0,0,434.0,warning,general_situation_report,retain,2023-07-25 18:00:00,260,1,1,24.0,2023-07-26 06:00:00,12.0,0.0,0.0,0.0,0.0,True,3.4011973816621555,2.1972245773362196,0.0,0.0,24.0,True,150.0,39.0,0.0,0.0,-121.0,-31.0,0.0,-1.6160824551527688,0.0,18,7,206,1,-0.4999999999999997,-0.8660254037844388,-0.3913578365610259,-0.9202385798054075,0.0,0.0,-29.0,-3.4011973816621555,0,-121.0,-1.6160824551527688,Decreasing,0.0,0.0,44,0.0,False,Decrease
situation_20230726_0600_36426eb1.pdf,2023-07-26,Other,2166,,,,,,,,,,0.0,0.0,0.0,0.0,0.0,0.0,0.0,0.0,0.0,0.0,0.0,0.0,True,grand_total,600,2023-07-26 06:00:00,3,,40.0,0.0,0,1,1,0,0,0,0.5,weather_forecast,0,0,,,,,,,,,,,1,0,0.0,0,0,0,0,446.0,warning,general_situation_report,retain,2023-07-26 06:00:00,261,1,1,12.0,2023-07-26 18:00:00,12.0,950.0,292.0,1.0,65.0,True,0.0,0.0,0.0,0.0,12.0,True,29.0,8.0,0.0,0.0,-29.0,-8.0,0.0,-3.4011973816621555,0.0,6,7,207,2,-0.4999999999999997,-0.8660254037844388,-0.4071294853542516,-0.9133704517637858,6.85751406254539,4.189654742026425,950.0,6.85751406254539,1,-29.0,-3.4011973816621555,Decreasing,0.0,0.0,44,0.0,False,Decrease
situation_20230726_1800_207e7bdf.pdf,2023-07-26,Strong Wind,2978,,,,,,,,,,292.0,950.0,0.0,0.0,0.0,0.0,285.0,2.0,0.0,1.0,16.0,65.0,True,grand_total,1800,2023-07-26 18:00:00,3,,40.0,0.0,0,1,1,0,0,0,2.0,weather_forecast,0,0,,,,,,,,,,,1,0,0.0,0,0,0,0,458.0,warning,general_situation_report,retain,2023-07-26 18:00:00,262,1,1,12.0,2023-07-27 06:00:00,12.0,950.0,292.0,1.0,65.0,True,6.85751406254539,5.680172609017068,0.6931471805599453,4.189654742026425,12.0,True,0.0,0.0,0.0,0.0,950.0,292.0,65.0,6.85751406254539,4.189654742026425,18,7,207,2,-0.4999999999999997,-0.8660254037844388,-0.4071294853542516,-0.9133704517637858,6.85751406254539,4.189654742026425,0.0,0.0,1,950.0,6.85751406254539,Increasing,0.7954545454545454,1.0,44,79.54545454545455,False,Normal Increase
situation_20230727_0600_18fef53a.pdf,2023-07-27,Strong Wind,2978,,,,,,,,,,292.0,950.0,0.0,0.0,0.0,0.0,285.0,2.0,0.0,1.0,16.0,65.0,True,grand_total,600,2023-07-27 06:00:00,3,,40.0,0.0,0,1,1,0,0,0,0.5,weather_forecast,0,0,,,,,,,,,,,1,0,0.0,0,0,0,0,470.0,warning,general_situation_report,retain,2023-07-27 06:00:00,263,1,1,12.0,2023-07-31 18:00:00,108.0,6.0,2.0,0.0,0.0,False,6.85751406254539,5.680172609017068,0.6931471805599453,4.189654742026425,12.0,True,950.0,292.0,1.0,65.0,0.0,0.0,0.0,0.0,0.0,6,7,208,3,-0.4999999999999997,-0.8660254037844388,-0.4227806579826773,-0.9062320427107697,1.9459101490553132,0.0,-944.0,-4.911603913490077,0,0.0,0.0,Stable,0.0,0.0,45,0.0,False,Stable
situation_20230731_1800_ac101d69.pdf,2023-07-31,Strong Wind,2290,,,,,,,,,,2.0,6.0,0.0,0.0,0.0,0.0,2.0,0.0,0.0,0.0,0.0,0.0,True,grand_total,1800,2023-07-31 18:00:00,3,,40.0,0.0,0,1,1,0,0,0,2.0,weather_forecast,0,0,,,,,,,,,,,1,0,0.0,0,0,0,0,578.0,warning,general_situation_report,retain,2023-07-31 18:00:00,264,1,1,108.0,2023-08-04 18:00:00,96.0,89485.0,27885.0,0.0,0.0,False,1.9459101490553132,1.0986122886681098,0.0,0.0,108.0,False,,,,,,,,,,18,7,212,0,-0.4999999999999997,-0.8660254037844388,-0.48408852163897587,-0.8750190302029955,11.40183746744634,0.0,89479.0,9.455927318391026,0,,,Insufficient Previous Context,,,0,,False,Gap / No Comparable Previous Report
situation_20230804_1800_5cac01eb.pdf,2023-08-04,Strong Wind,4089,,,,,,,,,,27885.0,89485.0,0.0,0.0,0.0,0.0,2.0,0.0,0.0,0.0,0.0,0.0,True,grand_total,1800,2023-08-04 18:00:00,3,,40.0,0.0,0,1,1,0,0,0,2.0,weather_forecast,0,0,,,,,,,,,,,1,0,0.0,0,0,0,0,674.0,warning,general_situation_report,retain,2023-08-04 18:00:00,265,1,1,96.0,2023-08-05 18:00:00,24.0,89480.0,27883.0,0.0,0.0,True,11.40183746744634,10.235880049754966,0.0,0.0,96.0,False,,,,,,,,,,18,8,216,4,-0.8660254037844385,-0.5000000000000004,-0.5431052396834317,-0.8396646346181327,11.401781591223335,0.0,-5.0,-5.587622300495809e-05,0,,,Insufficient Previous Context,,,0,,False,Gap / No Comparable Previous Report
situation_20230805_1800_6d3a6e10.pdf,2023-08-05,Other,4047,,,,,,,,,,27883.0,89480.0,0.0,0.0,0.0,0.0,0.0,0.0,0.0,0.0,0.0,0.0,True,grand_total,1800,2023-08-05 18:00:00,3,,,0.0,0,1,0,0,0,0,2.0,weather_forecast,0,0,,,,,,,,,,,1,0,0.0,0,0,0,0,698.0,warning,general_situation_report,retain,2023-08-05 18:00:00,266,1,1,24.0,2023-08-06 18:00:00,24.0,89480.0,27883.0,0.0,0.0,True,11.401781591223335,10.23580832660629,0.0,0.0,24.0,True,89485.0,27885.0,0.0,0.0,-5.0,-2.0,0.0,-5.587622300495809e-05,0.0,18,8,217,5,-0.8660254037844385,-0.5000000000000004,-0.5574684374327892,-0.8301981337405212,11.401781591223335,0.0,0.0,0.0,0,-5.0,-5.587622300495809e-05,Decreasing,0.0,0.0,44,0.0,False,Decrease
situation_20230806_1800_80037d54.pdf,2023-08-06,Other,4042,,,,,,,,,,27883.0,89480.0,0.0,0.0,0.0,0.0,0.0,0.0,0.0,0.0,0.0,0.0,True,grand_total,1800,2023-08-06 18:00:00,4,,,0.0,0,1,0,0,0,0,2.0,weather_forecast,0,0,,,,,,,,,,,1,0,0.0,0,0,0,0,722.0,warning,general_situation_report,retain,2023-08-06 18:00:00,267,1,1,24.0,2023-08-07 06:00:00,12.0,89480.0,27883.0,0.0,0.0,True,11.401781591223335,10.23580832660629,0.0,0.0,24.0,True,89480.0,27883.0,0.0,0.0,0.0,0.0,0.0,0.0,0.0,18,8,218,6,-0.8660254037844385,-0.5000000000000004,-0.5716666713027052,-0.8204859638785327,11.401781591223335,0.0,0.0,0.0,0,0.0,0.0,Stable,0.0,0.0,44,0.0,False,Stable
situation_20230807_0600_a788e13f.pdf,2023-08-07,Other,4042,,,,,,,,,,27883.0,89480.0,0.0,0.0,0.0,0.0,0.0,0.0,0.0,0.0,0.0,0.0,True,grand_total,600,2023-08-07 06:00:00,4,,,0.0,0,1,0,0,0,0,0.5,weather_forecast,0,0,,,,,,,,,,,1,0,0.0,0,0,0,0,734.0,warning,general_situation_report,retain,2023-08-07 06:00:00,268,1,1,12.0,2023-08-07 18:00:00,12.0,92731.0,28837.0,0.0,0.0,True,11.401781591223335,10.23580832660629,0.0,0.0,12.0,True,89480.0,27883.0,0.0,0.0,0.0,0.0,0.0,0.0,0.0,6,8,219,0,-0.8660254037844385,-0.5000000000000004,-0.5856957398073508,-0.8105309990194823,11.437468891554785,0.0,3251.0,0.035687300331449734,0,0.0,0.0,Stable,0.0,0.0,44,0.0,False,Stable
situation_20230807_1800_e1e7098f.pdf,2023-08-07,Strong Wind,4224,,,,,,,,,,28837.0,92731.0,0.0,0.0,0.0,0.0,2.0,0.0,0.0,0.0,0.0,0.0,True,grand_total,1800,2023-08-07 18:00:00,3,,,0.0,0,1,0,0,0,0,2.0,weather_forecast,0,0,,,,,,,,,,,1,0,0.0,0,0,0,0,746.0,warning,general_situation_report,retain,2023-08-07 18:00:00,269,1,1,12.0,2023-08-08 18:00:00,24.0,93175.0,28948.0,0.0,0.0,True,11.437468891554785,10.269449240866592,0.0,0.0,12.0,True,89480.0,27883.0,0.0,0.0,3251.0,954.0,0.0,0.035687300331449734,0.0,18,8,219,0,-0.8660254037844385,-0.5000000000000004,-0.5856957398073508,-0.8105309990194823,11.442245456782487,0.0,444.0,0.004776565227702534,0,3251.0,0.035687300331449734,Increasing,0.8863636363636364,0.3181818181818182,44,31.818181818181817,False,Normal Increase
situation_20230808_1800_f0532606.pdf,2023-08-08,Strong Wind,4663,,,,,,,,,,28948.0,93175.0,0.0,0.0,0.0,0.0,3.0,0.0,0.0,0.0,0.0,0.0,True,grand_total,1800,2023-08-08 18:00:00,3,,,0.0,0,1,0,0,0,0,2.0,weather_forecast,0,0,,,,,,,,,,,1,0,0.0,0,0,0,0,770.0,warning,general_situation_report,retain,2023-08-08 18:00:00,270,1,1,24.0,2023-08-09 06:00:00,12.0,93164.0,28945.0,0.0,0.0,True,11.442245456782487,10.273290940090206,0.0,0.0,24.0,True,92731.0,28837.0,0.0,0.0,444.0,111.0,0.0,0.004776565227702534,0.0,18,8,220,1,-0.8660254037844385,-0.5000000000000004,-0.5995514915196489,-0.8003361849976323,11.442127393661513,0.0,-11.0,-0.00011806312097384364,0,444.0,0.004776565227702534,Increasing,0.7333333333333333,0.17777777777777778,45,17.77777777777778,False,Normal Increase
situation_20230809_0600_1134ecb9.pdf,2023-08-09,Other,4512,,,,,,,,,,28945.0,93164.0,0.0,0.0,0.0,0.0,0.0,0.0,0.0,0.0,0.0,0.0,True,grand_total,600,2023-08-09 06:00:00,3,,,0.0,0,1,0,0,0,0,0.5,weather_forecast,0,0,,,,,,,,,,,1,0,0.0,0,0,0,0,782.0,warning,general_situation_report,retain,2023-08-09 06:00:00,271,1,1,12.0,2023-08-09 18:00:00,12.0,97579.0,30155.0,0.0,0.0,True,11.442127393661513,10.273187304197549,0.0,0.0,12.0,True,93175.0,28948.0,0.0,0.0,-11.0,-3.0,0.0,-0.00011806312097384364,0.0,6,8,221,2,-0.8660254037844385,-0.5000000000000004,-0.6132298262997502,-0.7899045386224707,11.488427833369828,0.0,4415.0,0.046300439708314656,0,-11.0,-0.00011806312097384364,Decreasing,0.0,0.0,46,0.0,False,Decrease
situation_20230809_1800_84669402.pdf,2023-08-09,Strong Wind,4745,,,,,,,,,,30155.0,97579.0,0.0,0.0,0.0,0.0,27.0,1.0,0.0,0.0,0.0,0.0,True,grand_total,1800,2023-08-09 18:00:00,3,,,0.0,0,1,0,0,0,0,2.0,weather_forecast,0,0,,,,,,,,,,,1,0,0.0,0,0,0,0,794.0,warning,general_situation_report,retain,2023-08-09 18:00:00,272,1,1,12.0,2023-08-10 18:00:00,24.0,99599.0,30892.0,0.0,0.0,True,11.488427833369828,10.314139187331593,0.0,0.0,12.0,True,93164.0,28945.0,0.0,0.0,4415.0,1210.0,0.0,0.046300439708314656,0.0,18,8,221,2,-0.8660254037844385,-0.5000000000000004,-0.6132298262997502,-0.7899045386224707,11.50891744357269,0.0,2020.0,0.020489610202861996,0,4415.0,0.046300439708314656,Increasing,0.9111111111111111,0.37777777777777777,45,37.77777777777778,False,Normal Increase
situation_20230810_1800_070f164c.pdf,2023-08-10,Strong Wind,5152,,,,,,,,,,30892.0,99599.0,0.0,0.0,0.0,0.0,31.0,0.0,0.0,0.0,0.0,0.0,True,grand_total,1800,2023-08-10 18:00:00,3,,,0.0,0,1,0,0,0,0,2.0,weather_forecast,0,0,,,,,,,,,,,1,0,0.0,0,0,0,0,818.0,warning,general_situation_report,retain,2023-08-10 18:00:00,273,1,1,24.0,2023-08-11 18:00:00,24.0,163111.0,49867.0,0.0,0.0,True,11.50891744357269,10.338284900005577,0.0,0.0,24.0,True,97579.0,30155.0,0.0,0.0,2020.0,737.0,0.0,0.020489610202861996,0.0,18,8,222,3,-0.8660254037844385,-0.5000000000000004,-0.6267266965083301,-0.7792391467859886,12.00219236039681,0.0,63512.0,0.49327491682412017,0,2020.0,0.020489610202861996,Increasing,0.8,0.24444444444444444,45,24.444444444444443,False,Normal Increase
situation_20230811_1800_443805f8.pdf,2023-08-11,Strong Wind,6119,,,,,,,,,,49867.0,163111.0,0.0,0.0,0.0,2.0,99.0,1.0,0.0,0.0,0.0,0.0,True,grand_total,1800,2023-08-11 18:00:00,3,50.0,,0.0,1,1,0,0,0,0,2.0,weather_forecast,0,0,,,,,,,,,,,1,0,0.0,0,0,0,0,842.0,warning,general_situation_report,retain,2023-08-11 18:00:00,274,1,1,24.0,2023-08-12 18:00:00,24.0,168147.0,50602.0,0.0,0.0,True,12.00219236039681,10.817134793464865,0.0,0.0,24.0,True,99599.0,30892.0,0.0,0.0,63512.0,18975.0,0.0,0.49327491682412017,0.0,18,8,223,4,-0.8660254037844385,-0.5000000000000004,-0.6400381082043503,-0.7683431655492202,12.032599822955545,0.0,5036.0,0.03040746255873472,0,63512.0,0.49327491682412017,Increasing,1.0,0.6086956521739131,46,60.86956521739131,False,Normal Increase
situation_20230812_1800_3516ab05.pdf,2023-08-12,"Strong Wind, Lightning",6480,,,,,,,,,,50602.0,168147.0,3.0,0.0,1.0,0.0,4.0,0.0,0.0,0.0,0.0,0.0,True,grand_total,1800,2023-08-12 18:00:00,3,,,0.0,0,1,0,0,0,0,2.0,weather_forecast,0,0,,,,,,,,,,,1,0,0.0,0,0,0,0,866.0,warning,general_situation_report,retain,2023-08-12 18:00:00,275,1,1,24.0,2023-08-13 06:00:00,12.0,171781.0,51641.0,0.0,0.0,True,12.032599822955545,10.83176614205561,0.0,0.0,24.0,True,163111.0,49867.0,0.0,0.0,5036.0,735.0,0.0,0.03040746255873472,0.0,18,8,224,5,-0.8660254037844385,-0.5000000000000004,-0.65316012232693,-0.7572198192083127,12.053981510051369,0.0,3634.0,0.021381687095823665,0,5036.0,0.03040746255873472,Increasing,0.9565217391304348,0.30434782608695654,46,30.434782608695656,False,Normal Increase
situation_20230813_0600_cd292c64.pdf,2023-08-13,Other,6185,,,,,,,,,,51641.0,171781.0,0.0,0.0,0.0,0.0,0.0,0.0,0.0,0.0,0.0,0.0,True,grand_total,600,2023-08-13 06:00:00,3,,,0.0,0,1,0,0,0,0,0.5,weather_forecast,0,0,,,,,,,,,,,1,0,0.0,0,0,0,0,878.0,warning,general_situation_report,retain,2023-08-13 06:00:00,276,1,1,12.0,2023-08-13 18:00:00,12.0,171781.0,51641.0,0.0,0.0,True,12.053981510051369,10.852090573877529,0.0,0.0,12.0,True,168147.0,50602.0,0.0,0.0,3634.0,1039.0,0.0,0.021381687095823665,0.0,6,8,225,6,-0.8660254037844385,-0.5000000000000004,-0.666088855860977,-0.7458723993404063,12.053981510051369,0.0,0.0,0.0,0,3634.0,0.021381687095823665,Increasing,0.8723404255319149,0.2553191489361702,47,25.53191489361702,False,Normal Increase
situation_20230813_1800_85fbc616.pdf,2023-08-13,Other,6182,,,,,,,,,,51641.0,171781.0,0.0,0.0,0.0,0.0,0.0,0.0,0.0,0.0,0.0,0.0,True,grand_total,1800,2023-08-13 18:00:00,3,,,0.0,0,1,0,0,0,0,2.0,weather_forecast,0,0,,,,,,,,,,,1,0,0.0,0,0,0,0,890.0,warning,general_situation_report,retain,2023-08-13 18:00:00,277,1,1,12.0,2023-08-14 06:00:00,12.0,171781.0,51641.0,0.0,0.0,True,12.053981510051369,10.852090573877529,0.0,0.0,12.0,True,171781.0,51641.0,0.0,0.0,0.0,0.0,0.0,0.0,0.0,18,8,225,6,-0.8660254037844385,-0.5000000000000004,-0.666088855860977,-0.7458723993404063,12.053981510051369,0.0,0.0,0.0,0,0.0,0.0,Stable,0.0,0.0,48,0.0,False,Stable
situation_20230814_0600_0cd325fc.pdf,2023-08-14,Other,6182,,,,,,,,,,51641.0,171781.0,0.0,0.0,0.0,0.0,0.0,0.0,0.0,0.0,0.0,0.0,True,grand_total,600,2023-08-14 06:00:00,3,,,0.0,0,1,0,0,0,0,0.5,weather_forecast,0,0,,,,,,,,,,,1,0,0.0,0,0,0,0,902.0,warning,general_situation_report,retain,2023-08-14 06:00:00,278,1,1,12.0,2023-08-14 18:00:00,12.0,174009.0,52402.0,0.0,0.0,True,12.053981510051369,10.852090573877529,0.0,0.0,12.0,True,171781.0,51641.0,0.0,0.0,0.0,0.0,0.0,0.0,0.0,6,8,226,0,-0.8660254037844385,-0.5000000000000004,-0.6788204829862355,-0.734304263829602,12.066868047809624,0.0,2228.0,0.012886537758255656,0,0.0,0.0,Stable,0.0,0.0,47,0.0,False,Stable
situation_20230814_1800_c3a0f3fe.pdf,2023-08-14,Other,6211,,,,,,,,,,52402.0,174009.0,0.0,0.0,0.0,0.0,0.0,0.0,0.0,0.0,0.0,0.0,True,grand_total,1800,2023-08-14 18:00:00,3,,,0.0,0,1,0,0,0,0,2.0,weather_forecast,0,0,,,,,,,,,,,1,0,0.0,0,0,0,0,914.0,warning,general_situation_report,retain,2023-08-14 18:00:00,279,1,1,12.0,2023-08-15 18:00:00,24.0,183050.0,54984.0,0.0,0.0,True,12.066868047809624,10.866719120578702,0.0,0.0,12.0,True,171781.0,51641.0,0.0,0.0,2228.0,761.0,0.0,0.012886537758255656,0.0,18,8,226,0,-0.8660254037844385,-0.5000000000000004,-0.6788204829862355,-0.734304263829602,12.117520081521715,0.0,9041.0,0.05065203371209037,0,2228.0,0.012886537758255656,Increasing,0.782608695652174,0.1956521739130435,46,19.565217391304348,False,Normal Increase
situation_20230815_1800_0ac8f571.pdf,2023-08-15,Strong Wind,7127,,,,,,,,,,54984.0,183050.0,0.0,0.0,0.0,0.0,5.0,0.0,0.0,0.0,0.0,0.0,True,grand_total,1800,2023-08-15 18:00:00,3,,45.0,0.0,0,0,1,0,0,0,2.0,weather_forecast,0,0,,,,,,,,,,,1,0,0.0,0,0,0,0,938.0,warning,general_situation_report,retain,2023-08-15 18:00:00,280,1,1,24.0,2023-08-16 06:00:00,12.0,183050.0,54984.0,0.0,0.0,True,12.117520081521715,10.914815699745034,0.0,0.0,24.0,True,174009.0,52402.0,0.0,0.0,9041.0,2582.0,0.0,0.05065203371209037,0.0,18,8,227,1,-0.8660254037844385,-0.5000000000000004,-0.6913512362094071,-0.722518835873311,12.117520081521715,0.0,0.0,0.0,0,9041.0,0.05065203371209037,Increasing,0.9574468085106383,0.425531914893617,47,42.5531914893617,False,Normal Increase
situation_20230816_0600_3f75cbf7.pdf,2023-08-16,Strong Wind,7127,,,,,,,,,,54984.0,183050.0,0.0,0.0,0.0,0.0,5.0,0.0,0.0,0.0,0.0,0.0,True,grand_total,600,2023-08-16 06:00:00,3,,45.0,0.0,0,0,1,0,0,0,0.5,weather_forecast,0,0,,,,,,,,,,,1,0,0.0,0,0,0,0,950.0,warning,general_situation_report,retain,2023-08-16 06:00:00,281,1,1,12.0,2023-08-16 18:00:00,12.0,183038.0,54979.0,0.0,0.0,True,12.117520081521715,10.914815699745034,0.0,0.0,12.0,True,183050.0,54984.0,0.0,0.0,0.0,0.0,0.0,0.0,0.0,6,8,228,2,-0.8660254037844385,-0.5000000000000004,-0.7036774074790128,-0.7105196029692745,12.117454523871933,0.0,-12.0,-6.555764978166678e-05,0,0.0,0.0,Stable,0.0,0.0,48,0.0,False,Stable
situation_20230816_1800_e0964b46.pdf,2023-08-16,Other,7110,,,,,,,,,,54979.0,183038.0,0.0,0.0,0.0,0.0,0.0,0.0,0.0,0.0,0.0,0.0,True,grand_total,1800,2023-08-16 18:00:00,3,,45.0,0.0,0,0,1,0,0,0,2.0,weather_forecast,0,0,,,,,,,,,,,1,0,0.0,0,0,0,0,962.0,warning,general_situation_report,retain,2023-08-16 18:00:00,282,1,1,12.0,2023-08-17 06:00:00,12.0,183038.0,54979.0,0.0,0.0,True,12.117454523871933,10.914724761719237,0.0,0.0,12.0,True,183050.0,54984.0,0.0,0.0,-12.0,-5.0,0.0,-6.555764978166678e-05,0.0,18,8,228,2,-0.8660254037844385,-0.5000000000000004,-0.7036774074790128,-0.7105196029692745,12.117454523871933,0.0,0.0,0.0,0,-12.0,-6.555764978166678e-05,Decreasing,0.0,0.0,48,0.0,False,Decrease
situation_20230817_0600_f7dea7ae.pdf,2023-08-17,Other,7110,,,,,,,,,,54979.0,183038.0,0.0,0.0,0.0,0.0,0.0,0.0,0.0,0.0,0.0,0.0,True,grand_total,600,2023-08-17 06:00:00,4,,45.0,0.0,0,0,1,0,0,0,0.5,weather_forecast,0,0,,,,,,,,,,,1,0,0.0,0,0,0,0,974.0,warning,general_situation_report,retain,2023-08-17 06:00:00,283,1,1,12.0,2023-08-17 18:00:00,12.0,210652.0,60943.0,0.0,0.0,True,12.117454523871933,10.914724761719237,0.0,0.0,12.0,True,183038.0,54979.0,0.0,0.0,0.0,0.0,0.0,0.0,0.0,6,8,229,3,-0.8660254037844385,-0.5000000000000004,-0.7157953492826642,-0.6983101158835584,12.257967508938792,0.0,27614.0,0.14051298506685939,0,0.0,0.0,Stable,0.0,0.0,47,0.0,False,Stable
situation_20230817_1800_0cd755ae.pdf,2023-08-17,Other,7078,,,,,,,,,,60943.0,210652.0,0.0,0.0,0.0,0.0,0.0,0.0,0.0,0.0,0.0,0.0,True,grand_total,1800,2023-08-17 18:00:00,3,,45.0,0.0,0,1,1,0,0,0,2.0,weather_forecast,0,0,,,,,,,,,,,1,0,0.0,0,0,0,0,986.0,warning,general_situation_report,retain,2023-08-17 18:00:00,284,1,1,12.0,2023-08-18 06:00:00,12.0,210652.0,60943.0,0.0,0.0,True,12.257967508938792,11.017710688718385,0.0,0.0,12.0,True,183038.0,54979.0,0.0,0.0,27614.0,5964.0,0.0,0.14051298506685939,0.0,18,8,229,3,-0.8660254037844385,-0.5000000000000004,-0.7157953492826642,-0.6983101158835584,12.257967508938792,0.0,0.0,0.0,0,27614.0,0.14051298506685939,Increasing,0.9787234042553191,0.5106382978723404,47,51.06382978723404,False,Normal Increase
situation_20230818_0600_9bba4f58.pdf,2023-08-18,Other,7078,,,,,,,,,,60943.0,210652.0,0.0,0.0,0.0,0.0,0.0,0.0,0.0,0.0,0.0,0.0,True,grand_total,600,2023-08-18 06:00:00,2,,45.0,0.0,0,1,1,0,0,0,0.5,weather_forecast,0,0,,,,,,,,,,,1,0,0.0,0,0,0,0,998.0,warning,general_situation_report,retain,2023-08-18 06:00:00,285,1,1,12.0,2023-08-18 18:00:00,12.0,210798.0,60990.0,0.0,0.0,True,12.257967508938792,11.017710688718385,0.0,0.0,12.0,True,210652.0,60943.0,0.0,0.0,0.0,0.0,0.0,0.0,0.0,6,8,230,4,-0.8660254037844385,-0.5000000000000004,-0.7277014757264236,-0.6858939875998223,12.258660351805075,0.0,146.0,0.0006928428662824615,0,0.0,0.0,Stable,0.0,0.0,47,0.0,False,Stable
situation_20230818_1800_5002a8cc.pdf,2023-08-18,Strong Wind,7163,,,,,,,,,,60990.0,210798.0,0.0,0.0,0.0,0.0,2.0,0.0,0.0,0.0,0.0,0.0,True,grand_total,1800,2023-08-18 18:00:00,3,,45.0,0.0,0,0,1,0,0,0,2.0,weather_forecast,0,0,,,,,,,,,,,1,0,0.0,0,0,0,0,1010.0,warning,general_situation_report,retain,2023-08-18 18:00:00,286,1,1,12.0,2023-08-19 18:00:00,24.0,210798.0,60990.0,0.0,0.0,True,12.258660351805075,11.0184815912866,0.0,0.0,12.0,True,210652.0,60943.0,0.0,0.0,146.0,47.0,0.0,0.0006928428662824615,0.0,18,8,230,4,-0.8660254037844385,-0.5000000000000004,-0.7277014757264236,-0.6858939875998223,12.258660351805075,0.0,0.0,0.0,0,146.0,0.0006928428662824615,Increasing,0.425531914893617,0.0851063829787234,47,8.51063829787234,False,Normal Increase
situation_20230819_1800_8c70a4df.pdf,2023-08-19,Strong Wind,7163,,,,,,,,,,60990.0,210798.0,0.0,0.0,0.0,0.0,2.0,0.0,0.0,0.0,0.0,0.0,True,grand_total,1800,2023-08-19 18:00:00,3,,45.0,0.0,0,0,1,0,0,0,2.0,weather_forecast,0,0,,,,,,,,,,,1,0,0.0,0,0,0,0,1034.0,warning,general_situation_report,retain,2023-08-19 18:00:00,287,1,1,24.0,2023-08-20 06:00:00,12.0,210798.0,60990.0,0.0,0.0,True,12.258660351805075,11.0184815912866,0.0,0.0,24.0,True,210798.0,60990.0,0.0,0.0,0.0,0.0,0.0,0.0,0.0,18,8,231,5,-0.8660254037844385,-0.5000000000000004,-0.7393922635959241,-0.673274892250183,12.258660351805075,0.0,0.0,0.0,0,0.0,0.0,Stable,0.0,0.0,47,0.0,False,Stable
situation_20230820_0600_9d49d0f2.pdf,2023-08-20,Strong Wind,7163,,,,,,,,,,60990.0,210798.0,0.0,0.0,0.0,0.0,2.0,0.0,0.0,0.0,0.0,0.0,True,grand_total,600,2023-08-20 06:00:00,3,,45.0,0.0,0,0,1,0,0,0,0.5,weather_forecast,0,0,,,,,,,,,,,1,0,0.0,0,0,0,0,1046.0,warning,general_situation_report,retain,2023-08-20 06:00:00,288,1,1,12.0,2023-08-20 18:00:00,12.0,210790.0,60988.0,0.0,0.0,True,12.258660351805075,11.0184815912866,0.0,0.0,12.0,True,210798.0,60990.0,0.0,0.0,0.0,0.0,0.0,0.0,0.0,6,8,232,6,-0.8660254037844385,-0.5000000000000004,-0.7508642533989489,-0.6604565640279754,12.258622400240755,0.0,-8.0,-3.7951564319627096e-05,0,0.0,0.0,Stable,0.0,0.0,46,0.0,False,Stable
situation_20230820_1800_733e9e71.pdf,2023-08-20,Other,7022,,,,,,,,,,60988.0,210790.0,0.0,0.0,0.0,0.0,0.0,0.0,0.0,0.0,0.0,0.0,True,grand_total,1800,2023-08-20 18:00:00,3,,45.0,0.0,0,0,1,0,0,0,2.0,weather_forecast,0,0,,,,,,,,,,,1,0,0.0,0,0,0,0,1058.0,warning,general_situation_report,retain,2023-08-20 18:00:00,289,1,1,12.0,2023-08-21 06:00:00,12.0,210790.0,60988.0,0.0,0.0,True,12.258622400240755,11.01844879902557,0.0,0.0,12.0,True,210798.0,60990.0,0.0,0.0,-8.0,-2.0,0.0,-3.7951564319627096e-05,0.0,18,8,232,6,-0.8660254037844385,-0.5000000000000004,-0.7508642533989489,-0.6604565640279754,12.258622400240755,0.0,0.0,0.0,0,-8.0,-3.7951564319627096e-05,Decreasing,0.0,0.0,46,0.0,False,Decrease
situation_20230821_0600_6ce1492c.pdf,2023-08-21,Other,7098,,,,,,,,,,60988.0,210790.0,0.0,0.0,0.0,0.0,0.0,0.0,0.0,0.0,0.0,0.0,True,grand_total,600,2023-08-21 06:00:00,3,,45.0,0.0,0,1,1,0,0,0,0.5,weather_forecast,0,0,,,,,,,,,,,1,0,0.0,0,0,0,0,1070.0,warning,general_situation_report,retain,2023-08-21 06:00:00,290,1,1,12.0,2023-08-21 18:00:00,12.0,248531.0,72100.0,0.0,0.0,True,12.258622400240755,11.01844879902557,0.0,0.0,12.0,True,210790.0,60988.0,0.0,0.0,0.0,0.0,0.0,0.0,0.0,6,8,233,0,-0.8660254037844385,-0.5000000000000004,-0.7621140503891487,-0.6474427960827475,12.423326888864151,0.0,37741.0,0.16470448862339637,0,0.0,0.0,Stable,0.0,0.0,45,0.0,False,Stable
situation_20230821_1800_1cd33808.pdf,2023-08-21,Strong Wind,8073,,,,,,,,,,72100.0,248531.0,0.0,0.0,0.0,0.0,4.0,0.0,0.0,0.0,0.0,0.0,True,grand_total,1800,2023-08-21 18:00:00,3,,45.0,0.0,0,1,1,0,0,0,2.0,weather_forecast,0,0,,,,,,,,,,,1,0,0.0,0,0,0,0,1082.0,warning,general_situation_report,retain,2023-08-21 18:00:00,291,1,1,12.0,2023-08-22 06:00:00,12.0,248531.0,72100.0,0.0,0.0,True,12.423326888864151,11.185823192802378,0.0,0.0,12.0,True,210790.0,60988.0,0.0,0.0,37741.0,11112.0,0.0,0.16470448862339637,0.0,18,8,233,0,-0.8660254037844385,-0.5000000000000004,-0.7621140503891487,-0.6474427960827475,12.423326888864151,0.0,0.0,0.0,0,37741.0,0.16470448862339637,Increasing,0.9772727272727273,0.5227272727272727,44,52.27272727272727,False,Normal Increase
situation_20230822_0600_62a0c9be.pdf,2023-08-22,Strong Wind,8073,,,,,,,,,,72100.0,248531.0,0.0,0.0,0.0,0.0,4.0,0.0,0.0,0.0,0.0,0.0,True,grand_total,600,2023-08-22 06:00:00,2,,45.0,0.0,0,1,1,0,0,0,14.0,weather_forecast,0,0,,,,,,,,,,,1,0,0.0,0,0,0,0,1094.0,warning,general_situation_report,retain,2023-08-22 06:00:00,292,1,1,12.0,2023-08-22 18:00:00,12.0,279739.0,81035.0,0.0,0.0,True,12.423326888864151,11.185823192802378,0.0,0.0,12.0,True,248531.0,72100.0,0.0,0.0,0.0,0.0,0.0,0.0,0.0,6,8,234,1,-0.8660254037844385,-0.5000000000000004,-0.7731383255706026,-0.6342374393978054,12.541615879333294,0.0,31208.0,0.11828899046914287,0,0.0,0.0,Stable,0.0,0.0,44,0.0,False,Stable
situation_20230822_1800_affb046b.pdf,2023-08-22,Strong Wind,8798,,,,,,,,,,81035.0,279739.0,1.0,1.0,0.0,3.0,5.0,0.0,0.0,0.0,0.0,0.0,True,grand_total,1800,2023-08-22 18:00:00,3,,45.0,0.0,0,1,1,0,0,0,2.0,weather_forecast,0,0,,,,,,,,,,,1,0,0.0,0,0,0,0,1106.0,warning,general_situation_report,retain,2023-08-22 18:00:00,293,1,1,12.0,2023-08-23 18:00:00,24.0,280247.0,81162.0,0.0,0.0,True,12.541615879333294,11.302648779362842,0.0,0.0,12.0,True,248531.0,72100.0,0.0,0.0,31208.0,8935.0,0.0,0.11828899046914287,0.0,18,8,234,1,-0.8660254037844385,-0.5000000000000004,-0.7731383255706026,-0.6342374393978054,12.543430204423661,0.0,508.0,0.0018143250903666086,0,31208.0,0.11828899046914287,Increasing,0.9534883720930233,0.4883720930232558,43,48.837209302325576,False,Normal Increase
situation_20230823_1800_88908493.pdf,2023-08-23,Strong Wind,8572,,,,,,,,,,81162.0,280247.0,0.0,0.0,0.0,1.0,3.0,0.0,0.0,0.0,0.0,0.0,True,grand_total,1800,2023-08-23 18:00:00,3,,,0.0,0,1,0,0,0,0,2.0,weather_forecast,0,0,,,,,,,,,,,1,0,0.0,0,0,0,0,1130.0,warning,general_situation_report,retain,2023-08-23 18:00:00,294,1,1,24.0,2023-08-24 06:00:00,12.0,280230.0,81158.0,0.0,0.0,True,12.543430204423661,11.304214757278285,0.0,0.0,24.0,True,279739.0,81035.0,0.0,0.0,508.0,127.0,0.0,0.0018143250903666086,0.0,18,8,235,2,-0.8660254037844385,-0.5000000000000004,-0.7839338166829201,-0.620844401650647,12.543369542025943,0.0,-17.0,-6.066239771840287e-05,0,508.0,0.0018143250903666086,Increasing,0.6363636363636364,0.13636363636363635,44,13.636363636363635,False,Normal Increase
situation_20230824_0600_63aa9ed6.pdf,2023-08-24,Other,8310,,,,,,,,,,81158.0,280230.0,0.0,0.0,0.0,0.0,0.0,0.0,0.0,0.0,0.0,0.0,True,grand_total,600,2023-08-24 06:00:00,3,,,0.0,0,1,0,0,0,0,0.5,weather_forecast,0,0,,,,,,,,,,,1,0,0.0,0,0,0,0,1142.0,warning,general_situation_report,retain,2023-08-24 06:00:00,295,1,1,12.0,2023-08-25 06:00:00,24.0,280230.0,81158.0,0.0,0.0,True,12.543369542025943,11.30416547252328,0.0,0.0,12.0,True,280247.0,81162.0,0.0,0.0,-17.0,-4.0,0.0,-6.066239771840287e-05,0.0,6,8,236,3,-0.8660254037844385,-0.5000000000000004,-0.7944973291665992,-0.6072676460566135,12.543369542025943,0.0,0.0,0.0,0,-17.0,-6.066239771840287e-05,Decreasing,0.0,0.0,45,0.0,False,Decrease
situation_20230825_0600_a9640630.pdf,2023-08-25,Other,8288,,,,,,,,,,81158.0,280230.0,0.0,0.0,0.0,0.0,0.0,0.0,0.0,0.0,0.0,0.0,True,grand_total,600,2023-08-25 06:00:00,3,,,0.0,0,1,0,0,0,0,0.5,weather_forecast,0,0,,,,,,,,,,,1,0,0.0,0,0,0,0,1166.0,warning,general_situation_report,retain,2023-08-25 06:00:00,296,1,1,24.0,2023-08-25 18:00:00,12.0,280400.0,81203.0,0.0,0.0,True,12.543369542025943,11.30416547252328,0.0,0.0,24.0,True,280230.0,81158.0,0.0,0.0,0.0,0.0,0.0,0.0,0.0,6,8,237,4,-0.8660254037844385,-0.5000000000000004,-0.8048257371083452,-0.593511190196115,12.543976000470021,0.0,170.0,0.0006064584440785836,0,0.0,0.0,Stable,0.0,0.0,45,0.0,False,Stable
situation_20230825_1800_5a8d2eae.pdf,2023-08-25,"Heavy Rain, Strong Wind",8694,,,,,,,,,,81203.0,280400.0,0.0,0.0,0.0,0.0,0.0,0.0,0.0,0.0,0.0,0.0,True,grand_total,1800,2023-08-25 18:00:00,4,,,0.0,0,1,0,0,0,0,2.0,weather_forecast,0,0,,,,,,,,,,,1,0,0.0,0,0,0,0,1178.0,warning,general_situation_report,retain,2023-08-25 18:00:00,297,1,1,12.0,2023-08-26 06:00:00,12.0,291720.0,84646.0,0.0,0.0,True,12.543976000470021,11.304719786020225,0.0,0.0,12.0,True,280230.0,81158.0,0.0,0.0,170.0,45.0,0.0,0.0006064584440785836,0.0,18,8,237,4,-0.8660254037844385,-0.5000000000000004,-0.8048257371083452,-0.593511190196115,12.583553145036898,0.0,11320.0,0.03957714456687711,0,170.0,0.0006064584440785836,Increasing,0.4888888888888889,0.06666666666666667,45,6.666666666666667,False,Normal Increase
situation_20230826_0600_9c586134.pdf,2023-08-26,Strong Wind,8647,,,,,,,,,,84646.0,291720.0,0.0,0.0,0.0,1.0,1.0,0.0,0.0,0.0,0.0,0.0,True,grand_total,600,2023-08-26 06:00:00,4,,,0.0,0,1,0,0,0,0,0.5,weather_forecast,0,0,,,,,,,,,,,1,0,0.0,0,0,0,0,1190.0,warning,general_situation_report,retain,2023-08-26 06:00:00,298,1,1,12.0,2023-08-26 18:00:00,12.0,291720.0,84646.0,0.0,0.0,True,12.583553145036898,11.346244946886015,0.0,0.0,12.0,True,280400.0,81203.0,0.0,0.0,11320.0,3443.0,0.0,0.03957714456687711,0.0,6,8,238,5,-0.8660254037844385,-0.5000000000000004,-0.8149159841660791,-0.5795791048257612,12.583553145036898,0.0,0.0,0.0,0,11320.0,0.03957714456687711,Increasing,0.8913043478260869,0.391304347826087,46,39.130434782608695,False,Normal Increase
situation_20230826_1800_2442af55.pdf,2023-08-26,Strong Wind,8734,,,,,,,,,,84646.0,291720.0,0.0,0.0,0.0,1.0,1.0,0.0,0.0,0.0,0.0,0.0,True,grand_total,1800,2023-08-26 18:00:00,3,,,0.0,0,1,0,0,0,0,2.0,weather_forecast,0,0,,,,,,,,,,,1,0,0.0,0,0,0,0,1202.0,warning,general_situation_report,retain,2023-08-26 18:00:00,299,1,1,12.0,2023-08-27 06:00:00,12.0,291720.0,84646.0,0.0,0.0,True,12.583553145036898,11.346244946886015,0.0,0.0,12.0,True,291720.0,84646.0,0.0,0.0,0.0,0.0,0.0,0.0,0.0,18,8,238,5,-0.8660254037844385,-0.5000000000000004,-0.8149159841660791,-0.5795791048257612,12.583553145036898,0.0,0.0,0.0,0,0.0,0.0,Stable,0.0,0.0,47,0.0,False,Stable
situation_20230827_0600_3d605c61.pdf,2023-08-27,Strong Wind,8646,,,,,,,,,,84646.0,291720.0,0.0,0.0,0.0,1.0,1.0,0.0,0.0,0.0,0.0,0.0,True,grand_total,600,2023-08-27 06:00:00,3,,,0.0,0,1,0,0,0,0,0.5,weather_forecast,0,0,,,,,,,,,,,1,0,0.0,0,0,0,0,1214.0,warning,general_situation_report,retain,2023-08-27 06:00:00,300,1,1,12.0,2023-08-27 18:00:00,12.0,291729.0,84647.0,0.0,0.0,True,12.583553145036898,11.346244946886015,0.0,0.0,12.0,True,291720.0,84646.0,0.0,0.0,0.0,0.0,0.0,0.0,0.0,6,8,239,6,-0.8660254037844385,-0.5000000000000004,-0.8247650844733614,-0.5654755126737576,12.583583995956687,0.0,9.0,3.0850919788605324e-05,0,0.0,0.0,Stable,0.0,0.0,47,0.0,False,Stable
situation_20230827_1800_b3380edf.pdf,2023-08-27,Other,8572,,,,,,,,,,84647.0,291729.0,0.0,0.0,0.0,0.0,4.0,0.0,0.0,0.0,0.0,0.0,True,grand_total,1800,2023-08-27 18:00:00,3,,,0.0,0,1,0,0,0,0,2.0,weather_forecast,0,0,,,,,,,,,,,1,0,0.0,0,0,0,0,1226.0,warning,general_situation_report,retain,2023-08-27 18:00:00,301,1,1,12.0,2023-08-28 06:00:00,12.0,291715.0,84643.0,0.0,0.0,True,12.583583995956687,11.346256760583998,0.0,0.0,12.0,True,291720.0,84646.0,0.0,0.0,9.0,1.0,0.0,3.0850919788605324e-05,0.0,18,8,239,6,-0.8660254037844385,-0.5000000000000004,-0.8247650844733614,-0.5654755126737576,12.583536005225744,0.0,-14.0,-4.799073094297057e-05,0,9.0,3.0850919788605324e-05,Increasing,0.19148936170212766,0.0,47,0.0,False,Normal Increase
situation_20230828_0600_74cf4fa1.pdf,2023-08-28,Other,8609,,,,,,,,,,84643.0,291715.0,0.0,0.0,0.0,0.0,0.0,0.0,0.0,0.0,0.0,0.0,True,grand_total,600,2023-08-28 06:00:00,3,,,0.0,0,1,0,0,0,0,0.5,weather_forecast,0,0,,,,,,,,,,,1,0,0.0,0,0,0,0,1238.0,warning,general_situation_report,retain,2023-08-28 06:00:00,302,1,1,12.0,2023-08-28 18:00:00,12.0,291804.0,84681.0,0.0,0.0,True,12.583536005225744,11.346209504954661,0.0,0.0,12.0,True,291729.0,84647.0,0.0,0.0,-14.0,-4.0,0.0,-4.799073094297057e-05,0.0,6,8,240,0,-0.8660254037844385,-0.5000000000000004,-0.8343701235229538,-0.5512045872199277,12.583841049948008,0.0,89.0,0.00030504472226411394,0,-14.0,-4.799073094297057e-05,Decreasing,0.0,0.0,47,0.0,False,Decrease
situation_20230828_1800_0454c15a.pdf,2023-08-28,Other,8666,,,,,,,,,,84681.0,291804.0,0.0,0.0,0.0,0.0,0.0,0.0,0.0,0.0,0.0,0.0,True,grand_total,1800,2023-08-28 18:00:00,3,,,0.0,0,1,0,0,0,0,2.0,weather_forecast,0,0,,,,,,,,,,,1,0,0.0,0,0,0,0,1250.0,warning,general_situation_report,retain,2023-08-28 18:00:00,303,1,1,12.0,2023-08-29 06:00:00,12.0,291804.0,84681.0,0.0,0.0,True,12.583841049948008,11.346658343297715,0.0,0.0,12.0,True,291715.0,84643.0,0.0,0.0,89.0,38.0,0.0,0.00030504472226411394,0.0,18,8,240,0,-0.8660254037844385,-0.5000000000000004,-0.8343701235229538,-0.5512045872199277,12.583841049948008,0.0,0.0,0.0,0,89.0,0.00030504472226411394,Increasing,0.40425531914893614,0.06382978723404255,47,6.382978723404255,False,Normal Increase
situation_20230829_0600_3cbc6ecf.pdf,2023-08-29,Other,8578,,,,,,,,,,84681.0,291804.0,0.0,0.0,0.0,0.0,0.0,0.0,0.0,0.0,0.0,0.0,True,grand_total,600,2023-08-29 06:00:00,3,,,0.0,0,1,0,0,0,0,0.5,weather_forecast,0,0,,,,,,,,,,,1,0,0.0,0,0,0,0,1262.0,warning,general_situation_report,retain,2023-08-29 06:00:00,304,1,1,12.0,2023-08-29 18:00:00,12.0,306934.0,89085.0,0.0,0.0,True,12.583841049948008,11.346658343297715,0.0,0.0,12.0,True,291804.0,84681.0,0.0,0.0,0.0,0.0,0.0,0.0,0.0,6,8,241,1,-0.8660254037844385,-0.5000000000000004,-0.8437282590292712,-0.5367705514607103,12.634391277767774,0.0,15130.0,0.050550227819766036,0,0.0,0.0,Stable,0.0,0.0,48,0.0,False,Stable
situation_20230829_1800_88c967ba.pdf,2023-08-29,Other,9104,,,,,,,,,,89085.0,306934.0,0.0,0.0,0.0,0.0,0.0,0.0,0.0,0.0,0.0,0.0,True,grand_total,1800,2023-08-29 18:00:00,3,75.0,,0.0,1,1,0,0,0,0,2.0,weather_forecast,0,0,,,,,,,,,,,1,0,0.0,0,0,0,0,1274.0,warning,general_situation_report,retain,2023-08-29 18:00:00,305,1,1,12.0,2023-08-30 06:00:00,12.0,306934.0,89085.0,0.0,0.0,True,12.634391277767774,11.397357474289395,0.0,0.0,12.0,True,291804.0,84681.0,0.0,0.0,15130.0,4404.0,0.0,0.050550227819766036,0.0,18,8,241,1,-0.8660254037844385,-0.5000000000000004,-0.8437282590292712,-0.5367705514607103,12.634391277767774,0.0,0.0,0.0,0,15130.0,0.050550227819766036,Increasing,0.8958333333333334,0.4583333333333333,48,45.83333333333333,False,Normal Increase
situation_20230830_0600_315f5b53.pdf,2023-08-30,Other,9008,,,,,,,,,,89085.0,306934.0,0.0,0.0,0.0,0.0,0.0,0.0,0.0,0.0,0.0,0.0,True,grand_total,600,2023-08-30 06:00:00,2,75.0,,0.0,1,1,0,0,0,0,14.0,weather_forecast,0,0,,,,,,,,,,,1,0,0.0,0,0,0,0,1286.0,warning,general_situation_report,retain,2023-08-30 06:00:00,306,1,1,12.0,2023-08-30 18:00:00,12.0,306934.0,89085.0,0.0,0.0,True,12.634391277767774,11.397357474289395,0.0,0.0,12.0,True,306934.0,89085.0,0.0,0.0,0.0,0.0,0.0,0.0,0.0,6,8,242,2,-0.8660254037844385,-0.5000000000000004,-0.8528367217694595,-0.522177676659508,12.634391277767774,0.0,0.0,0.0,0,0.0,0.0,Stable,0.0,0.0,49,0.0,False,Stable
situation_20230830_1800_0a618dff.pdf,2023-08-30,Other,9110,,,,,,,,,,89085.0,306934.0,0.0,0.0,0.0,0.0,0.0,0.0,0.0,0.0,0.0,0.0,True,grand_total,1800,2023-08-30 18:00:00,2,75.0,45.0,0.0,1,1,1,0,0,0,2.0,weather_forecast,0,0,,,,,,,,,,,1,0,0.0,0,0,0,0,1298.0,warning,general_situation_report,retain,2023-08-30 18:00:00,307,1,1,12.0,2023-08-31 06:00:00,12.0,306934.0,89085.0,0.0,0.0,True,12.634391277767774,11.397357474289395,0.0,0.0,12.0,True,306934.0,89085.0,0.0,0.0,0.0,0.0,0.0,0.0,0.0,18,8,242,2,-0.8660254037844385,-0.5000000000000004,-0.8528367217694595,-0.522177676659508,12.634391277767774,0.0,0.0,0.0,0,0.0,0.0,Stable,0.0,0.0,48,0.0,False,Stable
situation_20230831_0600_710d4501.pdf,2023-08-31,Other,9014,,,,,,,,,,89085.0,306934.0,0.0,0.0,0.0,0.0,0.0,0.0,0.0,0.0,0.0,0.0,True,grand_total,600,2023-08-31 06:00:00,3,75.0,45.0,0.0,1,1,1,0,0,0,0.5,weather_forecast,0,0,,,,,,,,,,,1,0,0.0,0,0,0,0,1310.0,warning,general_situation_report,retain,2023-08-31 06:00:00,308,1,1,12.0,2023-08-31 18:00:00,12.0,312316.0,90580.0,0.0,0.0,True,12.634391277767774,11.397357474289395,0.0,0.0,12.0,True,306934.0,89085.0,0.0,0.0,0.0,0.0,0.0,0.0,0.0,6,8,243,3,-0.8660254037844385,-0.5000000000000004,-0.8616928164028522,-0.5074302810827518,12.651773976627945,0.0,5382.0,0.017382698860171075,0,0.0,0.0,Stable,0.0,0.0,48,0.0,False,Stable
situation_20230831_1800_2876216b.pdf,2023-08-31,"Heavy Rain, Strong Wind",9521,,,,,,,,,,90580.0,312316.0,0.0,0.0,0.0,0.0,20.0,0.0,0.0,0.0,0.0,0.0,True,grand_total,1800,2023-08-31 18:00:00,4,100.0,,2.0,1,1,0,0,0,0,2.0,weather_forecast,0,0,,,,,,,,,,,1,0,0.0,0,0,0,0,1322.0,warning,general_situation_report,retain,2023-08-31 18:00:00,309,1,1,12.0,2023-09-01 18:00:00,24.0,279892.0,79741.0,0.0,0.0,True,12.651773976627945,11.413999757013936,0.0,0.0,12.0,True,306934.0,89085.0,0.0,0.0,5382.0,1495.0,0.0,0.017382698860171075,0.0,18,8,243,3,-0.8660254037844385,-0.5000000000000004,-0.8616928164028522,-0.5074302810827518,12.542162666259054,0.0,-32424.0,-0.10961131036889071,0,5382.0,0.017382698860171075,Increasing,0.8333333333333334,0.3125,48,31.25,False,Normal Increase
situation_20230901_1800_dd2384eb.pdf,2023-09-01,"Heavy Rain, Strong Wind",9137,,,,,,,,,,79741.0,279892.0,0.0,0.0,0.0,0.0,15.0,0.0,0.0,0.0,0.0,0.0,True,grand_total,1800,2023-09-01 18:00:00,4,100.0,,2.0,1,1,0,0,0,0,2.0,weather_forecast,0,0,,,,,,,,,,,1,1,1.0,4,0,0,4,6.0,early_warning,general_situation_report,retain,2023-09-01 18:00:00,310,1,1,24.0,2023-09-02 18:00:00,24.0,279892.0,79741.0,0.0,0.0,True,12.542162666259054,11.286551702135734,0.0,0.0,24.0,True,312316.0,90580.0,0.0,0.0,-32424.0,-10839.0,0.0,-0.10961131036889071,0.0,18,9,244,4,-1.0,-1.8369701987210297e-16,-0.8702939222685674,-0.49253272872205434,12.542162666259054,0.0,0.0,0.0,0,-32424.0,-0.10961131036889071,Decreasing,0.0,0.0,49,0.0,False,Decrease
situation_20230902_1800_666200e9.pdf,2023-09-02,Other,8872,,,,,,,,,,79741.0,279892.0,0.0,0.0,0.0,0.0,0.0,0.0,0.0,0.0,0.0,0.0,True,grand_total,1800,2023-09-02 18:00:00,4,100.0,45.0,2.0,1,1,1,0,0,0,2.0,weather_forecast,0,0,,,,,,,,,,,1,1,1.0,4,0,0,4,6.0,early_warning,general_situation_report,retain,2023-09-02 18:00:00,311,1,1,24.0,2023-09-03 18:00:00,24.0,62.0,18.0,0.0,0.0,True,12.542162666259054,11.286551702135734,0.0,0.0,24.0,True,279892.0,79741.0,0.0,0.0,0.0,0.0,0.0,0.0,0.0,18,9,245,5,-1.0,-1.8369701987210297e-16,-0.8786374941610001,-0.4774894280028391,4.143134726391533,0.0,-279830.0,-8.399027939867523,0,0.0,0.0,Stable,0.0,0.0,49,0.0,False,Stable
situation_20230903_1800_ded2d8fc.pdf,2023-09-03,"Strong Wind, Lightning",2831,,,,,,,,,,18.0,62.0,0.0,1.0,0.0,0.0,17.0,0.0,0.0,0.0,0.0,0.0,True,grand_total,1800,2023-09-03 18:00:00,5,100.0,45.0,2.0,1,1,1,0,0,0,2.0,weather_forecast,0,0,,,,,,,,,,,1,1,2.0,4,3,0,4,7.5,landslide_related,general_situation_report,retain,2023-09-03 18:00:00,312,1,1,24.0,2023-09-04 06:00:00,12.0,98.0,28.0,0.0,0.0,True,4.143134726391533,2.9444389791664403,0.0,0.0,24.0,True,279892.0,79741.0,0.0,0.0,-279830.0,-79723.0,0.0,-8.399027939867523,0.0,18,9,246,6,-1.0,-1.8369701987210297e-16,-0.886721063082993,-0.46230483047981086,4.59511985013459,0.0,36.0,0.4519851237430572,0,-279830.0,-8.399027939867523,Decreasing,0.0,0.0,49,0.0,False,Decrease
situation_20230904_0600_2707b1aa.pdf,2023-09-04,"Strong Wind, Lightning",3232,,,,,,,,,,28.0,98.0,0.0,1.0,0.0,0.0,26.0,0.0,0.0,0.0,0.0,0.0,True,grand_total,600,2023-09-04 06:00:00,5,100.0,45.0,2.0,1,1,1,0,0,0,0.5,weather_forecast,0,0,,,,,,,,,,,1,1,3.0,4,3,1,4,7.5,landslide_related,general_situation_report,retain,2023-09-04 06:00:00,313,1,1,12.0,2023-09-04 18:00:00,12.0,6049.0,1630.0,0.0,0.0,True,4.59511985013459,3.367295829986474,0.0,0.0,12.0,True,62.0,18.0,0.0,0.0,36.0,10.0,0.0,0.4519851237430572,0.0,6,9,247,0,-1.0,-1.8369701987210297e-16,-0.8945422369764496,-0.4469834295196741,8.707813551024888,0.0,5951.0,4.112693700890298,0,36.0,0.4519851237430572,Increasing,0.3333333333333333,0.7291666666666666,48,33.33333333333333,False,Normal Increase
situation_20230904_1800_ed58b2a0.pdf,2023-09-04,"Flood, Landslide, Heavy Rain, Strong Wind, Lightning",5442,,,,,,,,,,1630.0,6049.0,0.0,1.0,0.0,0.0,122.0,3.0,1.0,0.0,0.0,0.0,True,grand_total,1800,2023-09-04 18:00:00,4,50.0,45.0,0.0,1,1,1,0,0,0,2.0,weather_forecast,0,0,,,,,,,,,,,1,1,3.0,5,3,1,5,2.0,early_warning,general_situation_report,retain,2023-09-04 18:00:00,314,1,1,12.0,2023-09-05 06:00:00,12.0,6049.0,1630.0,0.0,0.0,True,8.707813551024888,7.396948602621014,0.0,0.0,12.0,True,98.0,28.0,0.0,0.0,5951.0,1602.0,0.0,4.112693700890298,0.0,18,9,247,0,-1.0,-1.8369701987210297e-16,-0.8945422369764496,-0.4469834295196741,8.707813551024888,0.0,0.0,0.0,0,5951.0,4.112693700890298,Increasing,0.8333333333333334,0.9166666666666666,48,83.33333333333334,False,Normal Increase
situation_20230905_0600_7052ceaf.pdf,2023-09-05,"Flood, Landslide, Heavy Rain, Strong Wind, Lightning",5442,,,,,,,,,,1630.0,6049.0,0.0,1.0,0.0,0.0,122.0,3.0,1.0,0.0,0.0,0.0,True,grand_total,600,2023-09-05 06:00:00,4,50.0,50.0,0.0,1,1,1,0,0,0,0.5,weather_forecast,0,0,,,,,,,,,,,1,1,3.0,5,3,1,5,14.0,early_warning,general_situation_report,retain,2023-09-05 06:00:00,315,1,1,12.0,2023-09-05 18:00:00,12.0,5806.0,1595.0,0.0,0.0,True,8.707813551024888,7.396948602621014,0.0,0.0,12.0,True,6049.0,1630.0,0.0,0.0,0.0,0.0,0.0,0.0,0.0,6,9,248,1,-1.0,-1.8369701987210297e-16,-0.9020987014301837,-0.43152975897147144,8.66681936537205,0.0,-243.0,-0.04099418565283841,0,0.0,0.0,Stable,0.0,0.0,49,0.0,False,Stable
situation_20230905_1800_595a2920.pdf,2023-09-05,"Landslide, Heavy Rain, Strong Wind, Lightning",6356,,,,,,,,,,1595.0,5806.0,0.0,1.0,0.0,0.0,153.0,3.0,1.0,0.0,0.0,0.0,True,grand_total,1800,2023-09-05 18:00:00,3,50.0,50.0,0.0,1,1,1,0,0,0,2.0,weather_forecast,0,0,,,,,,,,,,,1,1,2.0,5,3,0,5,2.0,early_warning,general_situation_report,retain,2023-09-05 18:00:00,316,1,1,12.0,2023-09-06 06:00:00,12.0,5958.0,1637.0,0.0,0.0,True,8.66681936537205,7.3752557780097545,0.0,0.0,12.0,True,6049.0,1630.0,0.0,0.0,-243.0,-35.0,0.0,-0.04099418565283841,0.0,18,9,248,1,-1.0,-1.8369701987210297e-16,-0.9020987014301837,-0.43152975897147144,8.69265796074698,0.0,152.0,0.02583859537493005,0,-243.0,-0.04099418565283841,Decreasing,0.0,0.0,49,0.0,False,Decrease
situation_20230906_0600_19f574fa.pdf,2023-09-06,"Landslide, Heavy Rain, Strong Wind, Lightning",6458,,,,,,,,,,1637.0,5958.0,0.0,1.0,0.0,0.0,193.0,3.0,1.0,0.0,0.0,0.0,True,grand_total,600,2023-09-06 06:00:00,3,50.0,45.0,0.0,1,1,1,0,0,0,0.5,weather_forecast,0,0,,,,,,,,,,,1,1,2.0,5,3,0,5,14.0,early_warning,general_situation_report,retain,2023-09-06 06:00:00,317,1,1,12.0,2023-09-06 18:00:00,12.0,5994.0,1648.0,0.0,0.0,True,8.69265796074698,7.401231264413015,0.0,0.0,12.0,True,5806.0,1595.0,0.0,0.0,152.0,42.0,0.0,0.02583859537493005,0.0,6,9,249,2,-1.0,-1.8369701987210297e-16,-0.9093882203647925,-0.4159483918249421,8.698681067461614,0.0,36.0,0.006023106714634352,0,152.0,0.02583859537493005,Increasing,0.4166666666666667,0.3958333333333333,48,39.58333333333333,False,Normal Increase
situation_20230906_1800_4cc11950.pdf,2023-09-06,"Landslide, Heavy Rain, Strong Wind, Lightning",6975,,,,,,,,,,1648.0,5994.0,0.0,1.0,0.0,0.0,204.0,4.0,1.0,0.0,0.0,0.0,True,grand_total,1800,2023-09-06 18:00:00,3,50.0,45.0,0.0,1,1,1,0,0,0,2.0,weather_forecast,0,0,,,,,,,,,,,1,1,2.0,5,2,0,5,2.0,early_warning,general_situation_report,retain,2023-09-06 18:00:00,318,1,1,12.0,2023-09-07 18:00:00,24.0,6285.0,1735.0,0.0,0.0,True,8.698681067461614,7.407924322559599,0.0,0.0,12.0,True,5958.0,1637.0,0.0,0.0,36.0,11.0,0.0,0.006023106714634352,0.0,18,9,249,2,-1.0,-1.8369701987210297e-16,-0.9093882203647925,-0.4159483918249421,8.746080217357513,0.0,291.0,0.04739914989589877,0,36.0,0.006023106714634352,Increasing,0.30612244897959184,0.24489795918367346,49,24.489795918367346,False,Normal Increase
situation_20230907_1800_043faa1b.pdf,2023-09-07,"Landslide, Heavy Rain, Strong Wind, Lightning",7325,,,,,,,,,,1735.0,6285.0,0.0,1.0,0.0,1.0,291.0,6.0,1.0,0.0,0.0,0.0,True,grand_total,1800,2023-09-07 18:00:00,4,100.0,45.0,2.0,1,1,1,0,0,0,2.0,weather_forecast,0,0,,,,,,,,,,,1,1,2.0,5,2,0,5,2.0,warning,general_situation_report,retain,2023-09-07 18:00:00,319,1,1,24.0,2023-09-08 18:00:00,24.0,6333.0,1747.0,0.0,0.0,True,8.746080217357513,7.459338895220296,0.0,0.0,24.0,True,5994.0,1648.0,0.0,0.0,291.0,87.0,0.0,0.04739914989589877,0.0,18,9,250,3,-1.0,-1.8369701987210297e-16,-0.9164086366943458,-0.4002439388573056,8.753687227098585,0.0,48.0,0.0076070097410720905,0,291.0,0.04739914989589877,Increasing,0.5102040816326531,0.5102040816326531,49,51.02040816326531,False,Normal Increase
situation_20230908_1800_f5da3f8a.pdf,2023-09-08,"Landslide, Heavy Rain, Strong Wind, Lightning",7367,,,,,,,,,,1747.0,6333.0,0.0,1.0,0.0,1.0,301.0,6.0,1.0,0.0,0.0,0.0,True,grand_total,1800,2023-09-08 18:00:00,3,50.0,45.0,0.0,1,1,1,0,0,0,2.0,weather_forecast,0,0,,,,,,,,,,,1,1,2.0,5,2,0,5,2.0,early_warning,general_situation_report,retain,2023-09-08 18:00:00,320,1,1,24.0,2023-09-09 06:00:00,12.0,6355.0,1752.0,0.0,0.0,True,8.753687227098585,7.466227556215481,0.0,0.0,24.0,True,6285.0,1735.0,0.0,0.0,48.0,12.0,0.0,0.0076070097410720905,0.0,18,9,251,4,-1.0,-1.8369701987210297e-16,-0.9231578729647039,-0.38442104726885545,8.757154527656606,0.0,22.0,0.003467300558021691,0,48.0,0.0076070097410720905,Increasing,0.32,0.26,50,26.0,False,Normal Increase
situation_20230909_0600_60d0f4e5.pdf,2023-09-09,"Landslide, Heavy Rain, Strong Wind, Lightning",7494,,,,,,,,,,1752.0,6355.0,0.0,1.0,0.0,1.0,306.0,6.0,1.0,0.0,0.0,0.0,True,grand_total,600,2023-09-09 06:00:00,3,50.0,45.0,0.0,1,1,1,0,0,0,0.5,weather_forecast,0,0,,,,,,,,,,,1,1,2.0,5,2,0,5,14.0,early_warning,general_situation_report,retain,2023-09-09 06:00:00,321,1,1,12.0,2023-09-09 18:00:00,12.0,6370.0,1756.0,0.0,0.0,True,8.757154527656606,7.469083884921234,0.0,0.0,12.0,True,6333.0,1747.0,0.0,0.0,22.0,5.0,0.0,0.003467300558021691,0.0,6,9,252,5,-1.0,-1.8369701987210297e-16,-0.9296339319682695,-0.3684843993077793,8.759511722116487,0.0,15.0,0.002357194459881029,0,22.0,0.003467300558021691,Increasing,0.2549019607843137,0.21568627450980393,51,21.568627450980394,False,Normal Increase
situation_20230909_1800_41816b38.pdf,2023-09-09,"Landslide, Heavy Rain, Strong Wind, Lightning",7235,,,,,,,,,,1756.0,6370.0,0.0,1.0,0.0,1.0,309.0,6.0,1.0,0.0,0.0,0.0,True,grand_total,1800,2023-09-09 18:00:00,3,75.0,45.0,0.0,1,1,1,0,0,0,2.0,weather_forecast,0,0,,,,,,,,,,,1,1,1.0,5,0,0,5,2.0,early_warning,general_situation_report,retain,2023-09-09 18:00:00,322,1,1,12.0,2023-09-10 06:00:00,12.0,6370.0,1756.0,0.0,0.0,True,8.759511722116487,7.471363088187097,0.0,0.0,12.0,True,6355.0,1752.0,0.0,0.0,15.0,4.0,0.0,0.002357194459881029,0.0,18,9,252,5,-1.0,-1.8369701987210297e-16,-0.9296339319682695,-0.3684843993077793,8.759511722116487,0.0,0.0,0.0,0,15.0,0.002357194459881029,Increasing,0.21153846153846154,0.21153846153846154,52,21.153846153846153,False,Normal Increase
situation_20230910_0600_759f79f9.pdf,2023-09-10,"Landslide, Heavy Rain, Strong Wind, Lightning",7308,,,,,,,,,,1756.0,6370.0,0.0,1.0,0.0,1.0,309.0,6.0,1.0,0.0,0.0,0.0,True,grand_total,600,2023-09-10 06:00:00,3,75.0,45.0,0.0,1,1,1,0,0,0,0.5,weather_forecast,0,0,,,,,,,,,,,1,1,1.0,5,0,0,5,14.0,early_warning,general_situation_report,retain,2023-09-10 06:00:00,323,1,1,12.0,2023-09-10 18:00:00,12.0,6385.0,1760.0,0.0,0.0,True,8.759511722116487,7.471363088187097,0.0,0.0,12.0,True,6370.0,1756.0,0.0,0.0,0.0,0.0,0.0,0.0,0.0,6,9,253,6,-1.0,-1.8369701987210297e-16,-0.9358348973349941,-0.35243871088460327,8.761863373274727,0.0,15.0,0.0023516511582393207,0,0.0,0.0,Stable,0.0,0.0,52,0.0,False,Stable
situation_20230910_1800_e96eba08.pdf,2023-09-10,"Landslide, Heavy Rain, Strong Wind, Lightning",7262,,,,,,,,,,1760.0,6385.0,0.0,1.0,0.0,1.0,313.0,6.0,1.0,0.0,0.0,0.0,True,grand_total,1800,2023-09-10 18:00:00,3,50.0,45.0,0.0,1,1,1,0,0,0,2.0,weather_forecast,0,0,,,,,,,,,,,1,1,1.0,4,0,0,4,2.0,early_warning,general_situation_report,retain,2023-09-10 18:00:00,324,1,1,12.0,2023-09-11 06:00:00,12.0,6385.0,1760.0,0.0,0.0,True,8.761863373274727,7.473637108496206,0.0,0.0,12.0,True,6370.0,1756.0,0.0,0.0,15.0,4.0,0.0,0.0023516511582393207,0.0,18,9,253,6,-1.0,-1.8369701987210297e-16,-0.9358348973349941,-0.35243871088460327,8.761863373274727,0.0,0.0,0.0,0,15.0,0.0023516511582393207,Increasing,0.23076923076923078,0.21153846153846154,52,21.153846153846153,False,Normal Increase
situation_20230911_0600_43fd8088.pdf,2023-09-11,"Landslide, Heavy Rain, Strong Wind, Lightning",7338,,,,,,,,,,1760.0,6385.0,0.0,1.0,0.0,1.0,313.0,6.0,1.0,0.0,0.0,0.0,True,grand_total,600,2023-09-11 06:00:00,3,50.0,45.0,0.0,1,1,1,0,0,0,0.5,weather_forecast,0,0,,,,,,,,,,,1,1,1.0,4,0,0,4,14.0,early_warning,general_situation_report,retain,2023-09-11 06:00:00,325,1,1,12.0,2023-09-11 18:00:00,12.0,38.0,9.0,0.0,0.0,True,8.761863373274727,7.473637108496206,0.0,0.0,12.0,True,6385.0,1760.0,0.0,0.0,0.0,0.0,0.0,0.0,0.0,6,9,254,0,-1.0,-1.8369701987210297e-16,-0.9417589340994617,-0.33628873017668287,3.6635616461296463,0.0,-6347.0,-5.09830172714508,0,0.0,0.0,Stable,0.0,0.0,52,0.0,False,Stable
situation_20230911_1800_c200c4cf.pdf,2023-09-11,"Heavy Rain, Strong Wind",2807,,,,,,,,,,9.0,38.0,0.0,0.0,0.0,0.0,9.0,0.0,0.0,0.0,0.0,0.0,True,grand_total,1800,2023-09-11 18:00:00,3,50.0,45.0,0.0,1,1,1,0,0,0,2.0,weather_forecast,0,0,,,,,,,,,,,1,1,1.0,3,0,0,3,2.0,early_warning,general_situation_report,retain,2023-09-11 18:00:00,326,1,1,12.0,2023-09-12 06:00:00,12.0,38.0,9.0,0.0,0.0,True,3.6635616461296463,2.302585092994046,0.0,0.0,12.0,True,6385.0,1760.0,0.0,0.0,-6347.0,-1751.0,0.0,-5.09830172714508,0.0,18,9,254,0,-1.0,-1.8369701987210297e-16,-0.9417589340994617,-0.33628873017668287,3.6635616461296463,0.0,0.0,0.0,0,-6347.0,-5.09830172714508,Decreasing,0.0,0.0,51,0.0,False,Decrease
situation_20230912_0600_b12e2151.pdf,2023-09-12,"Heavy Rain, Strong Wind",2807,,,,,,,,,,9.0,38.0,0.0,0.0,0.0,0.0,9.0,0.0,0.0,0.0,0.0,0.0,True,grand_total,600,2023-09-12 06:00:00,3,50.0,45.0,0.0,1,1,1,0,0,0,0.5,weather_forecast,0,0,,,,,,,,,,,1,1,1.0,3,0,0,3,14.0,early_warning,general_situation_report,retain,2023-09-12 06:00:00,327,1,1,12.0,2023-09-12 18:00:00,12.0,85.0,26.0,0.0,0.0,True,3.6635616461296463,2.302585092994046,0.0,0.0,12.0,True,38.0,9.0,0.0,0.0,0.0,0.0,0.0,0.0,0.0,6,9,255,1,-1.0,-1.8369701987210297e-16,-0.9474042892438845,-0.32003923622313857,4.454347296253507,0.0,47.0,0.790785650123861,0,0.0,0.0,Stable,0.0,0.0,50,0.0,False,Stable
situation_20230912_1800_5b87e957.pdf,2023-09-12,"Heavy Rain, Strong Wind",3439,,,,,,,,,,26.0,85.0,0.0,0.0,0.0,0.0,23.0,3.0,0.0,0.0,0.0,0.0,True,grand_total,1800,2023-09-12 18:00:00,3,,45.0,0.0,0,1,1,0,0,0,2.0,weather_forecast,0,0,,,,,,,,,,,1,1,1.0,1,0,0,1,2.0,early_warning,general_situation_report,retain,2023-09-12 18:00:00,328,1,1,12.0,2023-09-13 06:00:00,12.0,85.0,26.0,0.0,0.0,True,4.454347296253507,3.295836866004329,0.0,0.0,12.0,True,38.0,9.0,0.0,0.0,47.0,17.0,0.0,0.790785650123861,0.0,18,9,255,1,-1.0,-1.8369701987210297e-16,-0.9474042892438845,-0.32003923622313857,4.454347296253507,0.0,0.0,0.0,0,47.0,0.790785650123861,Increasing,0.34,0.86,50,34.0,False,Normal Increase
situation_20230913_0600_4442e8ae.pdf,2023-09-13,"Heavy Rain, Strong Wind",3439,,,,,,,,,,26.0,85.0,0.0,0.0,0.0,0.0,23.0,3.0,0.0,0.0,0.0,0.0,True,grand_total,600,2023-09-13 06:00:00,3,,45.0,0.0,0,1,1,0,0,0,0.5,weather_forecast,0,0,,,,,,,,,,,1,1,1.0,1,0,0,1,14.0,early_warning,general_situation_report,retain,2023-09-13 06:00:00,329,1,1,12.0,2023-09-13 18:00:00,12.0,154.0,42.0,0.0,0.0,True,4.454347296253507,3.295836866004329,0.0,0.0,12.0,True,85.0,26.0,0.0,0.0,0.0,0.0,0.0,0.0,0.0,6,9,256,2,-1.0,-1.8369701987210297e-16,-0.9527692922168511,-0.30369503751065885,5.043425116919247,0.0,69.0,0.5890778206657394,0,0.0,0.0,Stable,0.0,0.0,51,0.0,False,Stable
situation_20230913_1800_16b74994.pdf,2023-09-13,"Heavy Rain, Strong Wind",4085,,,,,,,,,,42.0,154.0,0.0,0.0,0.0,0.0,39.0,3.0,0.0,0.0,0.0,0.0,True,grand_total,1800,2023-09-13 18:00:00,3,,45.0,0.0,0,1,1,0,0,0,2.0,weather_forecast,0,0,,,,,,,,,,,1,0,0.0,0,0,0,0,26.0,early_warning,general_situation_report,retain,2023-09-13 18:00:00,330,1,1,12.0,2023-09-14 06:00:00,12.0,154.0,42.0,0.0,0.0,True,5.043425116919247,3.7612001156935624,0.0,0.0,12.0,True,85.0,26.0,0.0,0.0,69.0,16.0,0.0,0.5890778206657394,0.0,18,9,256,2,-1.0,-1.8369701987210297e-16,-0.9527692922168511,-0.30369503751065885,5.043425116919247,0.0,0.0,0.0,0,69.0,0.5890778206657394,Increasing,0.37254901960784315,0.803921568627451,51,37.254901960784316,False,Normal Increase
situation_20230914_0600_ee6a2835.pdf,2023-09-14,"Heavy Rain, Strong Wind",4085,,,,,,,,,,42.0,154.0,0.0,0.0,0.0,0.0,39.0,3.0,0.0,0.0,0.0,0.0,True,grand_total,600,2023-09-14 06:00:00,3,50.0,45.0,0.0,1,1,1,0,0,0,0.5,weather_forecast,0,0,,,,,,,,,,,1,0,0.0,0,0,0,0,38.0,early_warning,general_situation_report,retain,2023-09-14 06:00:00,331,1,1,12.0,2023-09-14 18:00:00,12.0,38.0,10.0,0.0,0.0,True,5.043425116919247,3.7612001156935624,0.0,0.0,12.0,True,154.0,42.0,0.0,0.0,0.0,0.0,0.0,0.0,0.0,6,9,257,3,-1.0,-1.8369701987210297e-16,-0.9578523554276669,-0.28726097055059635,3.6635616461296463,0.0,-116.0,-1.3798634707896005,0,0.0,0.0,Stable,0.0,0.0,51,0.0,False,Stable
situation_20230914_1800_0d023a51.pdf,2023-09-14,"Heavy Rain, Strong Wind",2804,,,,,,,,,,10.0,38.0,0.0,0.0,2.0,0.0,8.0,0.0,0.0,0.0,0.0,0.0,True,grand_total,1800,2023-09-14 18:00:00,3,75.0,45.0,0.0,1,1,1,0,0,0,2.0,weather_forecast,0,0,,,,,,,,,,,1,1,1.0,3,0,0,3,2.0,early_warning,general_situation_report,retain,2023-09-14 18:00:00,332,1,1,12.0,2023-09-15 06:00:00,12.0,38.0,10.0,0.0,0.0,True,3.6635616461296463,2.3978952727983707,0.0,0.0,12.0,True,154.0,42.0,0.0,0.0,-116.0,-32.0,0.0,-1.3798634707896005,0.0,18,9,257,3,-1.0,-1.8369701987210297e-16,-0.9578523554276669,-0.28726097055059635,3.6635616461296463,0.0,0.0,0.0,0,-116.0,-1.3798634707896005,Decreasing,0.0,0.0,51,0.0,False,Decrease
situation_20230915_0600_6ed481ae.pdf,2023-09-15,"Heavy Rain, Strong Wind",2804,,,,,,,,,,10.0,38.0,0.0,0.0,2.0,0.0,8.0,0.0,0.0,0.0,0.0,0.0,True,grand_total,600,2023-09-15 06:00:00,3,75.0,45.0,0.0,1,1,1,0,0,0,0.5,weather_forecast,0,0,,,,,,,,,,,1,1,1.0,3,0,0,3,14.0,early_warning,general_situation_report,retain,2023-09-15 06:00:00,333,1,1,12.0,2023-09-15 18:00:00,12.0,221.0,54.0,0.0,0.0,True,3.6635616461296463,2.3978952727983707,0.0,0.0,12.0,True,38.0,10.0,0.0,0.0,0.0,0.0,0.0,0.0,0.0,6,9,258,4,-1.0,-1.8369701987210297e-16,-0.9626519747161487,-0.2707418984477642,5.402677381872279,0.0,183.0,1.739115735742633,0,0.0,0.0,Stable,0.0,0.0,51,0.0,False,Stable
situation_20230915_1800_69de3e4f.pdf,2023-09-15,"Heavy Rain, Strong Wind",3692,,,,,,,,,,54.0,221.0,0.0,1.0,0.0,0.0,54.0,0.0,0.0,0.0,0.0,0.0,True,grand_total,1800,2023-09-15 18:00:00,3,,45.0,0.0,0,1,1,0,0,0,2.0,weather_forecast,0,0,,,,,,,,,,,1,0,0.0,0,0,0,0,26.0,early_warning,general_situation_report,retain,2023-09-15 18:00:00,334,1,1,12.0,2023-09-16 06:00:00,12.0,221.0,54.0,0.0,0.0,True,5.402677381872279,4.007333185232471,0.0,0.0,12.0,True,38.0,10.0,0.0,0.0,183.0,44.0,0.0,1.739115735742633,0.0,18,9,258,4,-1.0,-1.8369701987210297e-16,-0.9626519747161487,-0.2707418984477642,5.402677381872279,0.0,0.0,0.0,0,183.0,1.739115735742633,Increasing,0.5098039215686274,0.8823529411764706,51,50.98039215686274,False,Normal Increase
situation_20230916_0600_0bf778cf.pdf,2023-09-16,"Heavy Rain, Strong Wind",3644,,,,,,,,,,54.0,221.0,0.0,1.0,0.0,0.0,54.0,0.0,0.0,0.0,0.0,0.0,True,grand_total,600,2023-09-16 06:00:00,3,,45.0,0.0,0,1,1,0,0,0,0.5,weather_forecast,0,0,,,,,,,,,,,1,0,0.0,0,0,0,0,38.0,early_warning,general_situation_report,retain,2023-09-16 06:00:00,335,1,1,12.0,2023-09-16 18:00:00,12.0,0.0,0.0,0.0,0.0,True,5.402677381872279,4.007333185232471,0.0,0.0,12.0,True,221.0,54.0,0.0,0.0,0.0,0.0,0.0,0.0,0.0,6,9,259,5,-1.0,-1.8369701987210297e-16,-0.9671667297977312,-0.2541427094613622,0.0,0.0,-221.0,-5.402677381872279,0,0.0,0.0,Stable,0.0,0.0,51,0.0,False,Stable
situation_20230916_1800_9c876233.pdf,2023-09-16,Other,2189,,,,,,,,,,0.0,0.0,0.0,0.0,0.0,0.0,0.0,0.0,0.0,0.0,0.0,0.0,True,confirmed_zero_report,1800,2023-09-16 18:00:00,3,,45.0,0.0,0,1,1,0,0,0,2.0,weather_forecast,0,0,,,,,,,,,,,1,0,0.0,0,0,0,0,50.0,early_warning,general_situation_report,retain,2023-09-16 18:00:00,336,1,1,12.0,2023-09-17 18:00:00,24.0,4.0,1.0,0.0,0.0,True,0.0,0.0,0.0,0.0,12.0,True,221.0,54.0,0.0,0.0,-221.0,-54.0,0.0,-5.402677381872279,0.0,18,9,259,5,-1.0,-1.8369701987210297e-16,-0.9671667297977312,-0.2541427094613622,1.6094379124341003,0.0,4.0,1.6094379124341003,0,-221.0,-5.402677381872279,Decreasing,0.0,0.0,50,0.0,False,Decrease
situation_20230917_1800_d314412f.pdf,2023-09-17,Other,2253,,,,,,,,,,1.0,4.0,0.0,0.0,0.0,0.0,1.0,0.0,0.0,0.0,0.0,0.0,True,grand_total,1800,2023-09-17 18:00:00,3,,,0.0,0,1,0,0,0,0,2.0,weather_forecast,0,0,,,,,,,,,,,1,0,0.0,0,0,0,0,74.0,early_warning,general_situation_report,retain,2023-09-17 18:00:00,337,1,1,24.0,2023-09-18 06:00:00,12.0,0.0,0.0,0.0,0.0,True,1.6094379124341003,0.6931471805599453,0.0,0.0,24.0,True,0.0,0.0,0.0,0.0,4.0,1.0,0.0,1.6094379124341003,0.0,18,9,260,6,-1.0,-1.8369701987210297e-16,-0.97139528468375,-0.23746831555846842,0.0,0.0,-4.0,-1.6094379124341003,0,4.0,1.6094379124341003,Increasing,0.04,0.88,50,4.0,False,Normal Increase
situation_20230918_0600_04c56989.pdf,2023-09-18,Other,2247,,,,,,,,,,0.0,0.0,0.0,0.0,0.0,0.0,0.0,0.0,0.0,0.0,0.0,0.0,True,grand_total,600,2023-09-18 06:00:00,3,50.0,,0.0,1,1,0,0,0,0,0.5,weather_forecast,0,0,,,,,,,,,,,1,0,0.0,0,0,0,0,86.0,early_warning,general_situation_report,retain,2023-09-18 06:00:00,338,1,1,12.0,2023-09-18 18:00:00,12.0,48.0,14.0,0.0,0.0,True,0.0,0.0,0.0,0.0,12.0,True,4.0,1.0,0.0,0.0,-4.0,-1.0,0.0,-1.6094379124341003,0.0,6,9,261,0,-1.0,-1.8369701987210297e-16,-0.9753363880767837,-0.2207236509605022,3.8918202981106265,0.0,48.0,3.8918202981106265,0,-4.0,-1.6094379124341003,Decreasing,0.0,0.0,51,0.0,False,Decrease
situation_20230918_1800_33c9e357.pdf,2023-09-18,"Heavy Rain, Strong Wind",3378,,,,,,,,,,14.0,48.0,0.0,0.0,0.0,0.0,14.0,0.0,0.0,0.0,0.0,0.0,True,grand_total,1800,2023-09-18 18:00:00,3,50.0,,0.0,1,1,0,0,0,0,2.0,weather_forecast,0,0,,,,,,,,,,,1,1,1.0,1,0,0,1,4.5,early_warning,general_situation_report,retain,2023-09-18 18:00:00,339,1,1,12.0,2023-09-19 18:00:00,24.0,13.0,3.0,0.0,0.0,True,3.8918202981106265,2.70805020110221,0.0,0.0,12.0,True,0.0,0.0,0.0,0.0,48.0,14.0,0.0,3.8918202981106265,0.0,18,9,261,0,-1.0,-1.8369701987210297e-16,-0.9753363880767837,-0.2207236509605022,2.6390573296152584,0.0,-35.0,-1.252762968495368,0,48.0,3.8918202981106265,Increasing,0.39215686274509803,0.9215686274509803,51,39.21568627450981,False,Normal Increase
situation_20230919_1800_a5d947dd.pdf,2023-09-19,"Heavy Rain, Strong Wind",2583,,,,,,,,,,3.0,13.0,0.0,0.0,0.0,0.0,3.0,0.0,0.0,0.0,0.0,0.0,True,grand_total,1800,2023-09-19 18:00:00,4,50.0,,0.0,1,1,0,0,0,0,2.0,weather_forecast,0,0,,,,,,,,,,,1,0,0.0,0,0,0,0,28.5,early_warning,general_situation_report,retain,2023-09-19 18:00:00,340,1,1,24.0,2023-09-20 06:00:00,12.0,13.0,3.0,0.0,0.0,True,2.6390573296152584,1.3862943611198906,0.0,0.0,24.0,True,48.0,14.0,0.0,0.0,-35.0,-11.0,0.0,-1.252762968495368,0.0,18,9,262,1,-1.0,-1.8369701987210297e-16,-0.9789888737409319,-0.20391367068311472,2.6390573296152584,0.0,0.0,0.0,0,-35.0,-1.252762968495368,Decreasing,0.0,0.0,52,0.0,False,Decrease
situation_20230920_0600_6b584a84.pdf,2023-09-20,"Heavy Rain, Strong Wind",2583,,,,,,,,,,3.0,13.0,0.0,0.0,0.0,0.0,3.0,0.0,0.0,0.0,0.0,0.0,True,grand_total,600,2023-09-20 06:00:00,4,50.0,,0.0,1,1,0,0,0,0,0.5,weather_forecast,0,0,,,,,,,,,,,1,1,1.0,5,0,0,5,7.5,early_warning,general_situation_report,retain,2023-09-20 06:00:00,341,1,1,12.0,2023-09-20 18:00:00,12.0,81.0,20.0,0.0,0.0,True,2.6390573296152584,1.3862943611198906,0.0,0.0,12.0,True,13.0,3.0,0.0,0.0,0.0,0.0,0.0,0.0,0.0,6,9,263,2,-1.0,-1.8369701987210297e-16,-0.9823516608469237,-0.18704334906991657,4.406719247264253,0.0,68.0,1.767661917648995,0,0.0,0.0,Stable,0.0,0.0,51,0.0,False,Stable
situation_20230920_1800_3377cf96.pdf,2023-09-20,"Heavy Rain, Strong Wind, Lightning",3571,,,,,,,,,,20.0,81.0,0.0,3.0,0.0,0.0,12.0,1.0,0.0,0.0,0.0,0.0,True,grand_total,1800,2023-09-20 18:00:00,3,50.0,,0.0,1,1,0,0,0,0,2.0,weather_forecast,0,0,,,,,,,,,,,1,1,1.0,5,0,0,5,19.5,early_warning,general_situation_report,retain,2023-09-20 18:00:00,342,1,1,12.0,2023-09-21 06:00:00,12.0,81.0,20.0,0.0,0.0,True,4.406719247264253,3.044522437723423,0.0,0.0,12.0,True,13.0,3.0,0.0,0.0,68.0,17.0,0.0,1.767661917648995,0.0,18,9,263,2,-1.0,-1.8369701987210297e-16,-0.9823516608469237,-0.18704334906991657,4.406719247264253,0.0,0.0,0.0,0,68.0,1.767661917648995,Increasing,0.38,0.88,50,38.0,False,Normal Increase
situation_20230921_0600_92458381.pdf,2023-09-21,"Heavy Rain, Strong Wind, Lightning",3571,,,,,,,,,,20.0,81.0,0.0,3.0,0.0,0.0,12.0,1.0,0.0,0.0,0.0,0.0,True,grand_total,600,2023-09-21 06:00:00,3,50.0,,0.0,1,1,0,0,0,0,0.5,weather_forecast,0,0,,,,,,,,,,,1,0,0.0,0,0,0,0,31.5,early_warning,general_situation_report,retain,2023-09-21 06:00:00,343,1,1,12.0,2023-09-21 18:00:00,12.0,10.0,3.0,0.0,0.0,True,4.406719247264253,3.044522437723423,0.0,0.0,12.0,True,81.0,20.0,0.0,0.0,0.0,0.0,0.0,0.0,0.0,6,9,264,3,-1.0,-1.8369701987210297e-16,-0.9854237542919524,-0.17011767832049052,2.3978952727983707,0.0,-71.0,-2.0088239744658827,0,0.0,0.0,Stable,0.0,0.0,51,0.0,False,Stable
situation_20230921_1800_5eac127c.pdf,2023-09-21,"Heavy Rain, Strong Wind",2913,,,,,,,,,,3.0,10.0,1.0,0.0,0.0,0.0,3.0,0.0,1.0,0.0,0.0,0.0,True,grand_total,1800,2023-09-21 18:00:00,3,50.0,,0.0,1,1,0,0,0,0,2.0,weather_forecast,0,0,,,,,,,,,,,1,0,0.0,0,0,0,0,43.5,early_warning,general_situation_report,retain,2023-09-21 18:00:00,344,1,1,12.0,2023-09-22 18:00:00,24.0,22.0,6.0,0.0,0.0,True,2.3978952727983707,1.3862943611198906,0.0,0.0,12.0,True,81.0,20.0,0.0,0.0,-71.0,-17.0,0.0,-2.0088239744658827,0.0,18,9,264,3,-1.0,-1.8369701987210297e-16,-0.9854237542919524,-0.17011767832049052,3.1354942159291497,0.0,12.0,0.737598943130779,0,-71.0,-2.0088239744658827,Decreasing,0.0,0.0,51,0.0,False,Decrease
situation_20230922_1800_b40487df.pdf,2023-09-22,Heavy Rain,2731,,,,,,,,,,6.0,22.0,0.0,0.0,0.0,0.0,4.0,0.0,0.0,0.0,0.0,0.0,True,grand_total,1800,2023-09-22 18:00:00,3,50.0,,0.0,1,1,0,0,0,0,2.0,weather_forecast,0,0,,,,,,,,,,,1,0,0.0,0,0,0,0,67.5,early_warning,general_situation_report,retain,2023-09-22 18:00:00,345,1,1,24.0,2023-09-23 06:00:00,12.0,22.0,6.0,0.0,0.0,True,3.1354942159291497,1.9459101490553132,0.0,0.0,24.0,True,10.0,3.0,0.0,0.0,12.0,3.0,0.0,0.737598943130779,0.0,18,9,265,4,-1.0,-1.8369701987210297e-16,-0.9882042449941422,-0.15314166701312007,3.1354942159291497,0.0,0.0,0.0,0,12.0,0.737598943130779,Increasing,0.17647058823529413,0.803921568627451,51,17.647058823529413,False,Normal Increase
situation_20230923_0600_05f3a74c.pdf,2023-09-23,Heavy Rain,2731,,,,,,,,,,6.0,22.0,0.0,0.0,0.0,0.0,4.0,0.0,0.0,0.0,0.0,0.0,True,grand_total,600,2023-09-23 06:00:00,3,,,0.0,0,1,0,0,0,0,0.5,weather_forecast,0,0,,,,,,,,,,,1,0,0.0,0,0,0,0,79.5,early_warning,general_situation_report,retain,2023-09-23 06:00:00,346,1,1,12.0,2023-09-23 18:00:00,12.0,22.0,6.0,0.0,0.0,True,3.1354942159291497,1.9459101490553132,0.0,0.0,12.0,True,22.0,6.0,0.0,0.0,0.0,0.0,0.0,0.0,0.0,6,9,266,5,-1.0,-1.8369701987210297e-16,-0.9906923101615609,-0.13612033862266704,3.1354942159291497,0.0,0.0,0.0,0,0.0,0.0,Stable,0.0,0.0,52,0.0,False,Stable
situation_20230923_1800_d2cc879e.pdf,2023-09-23,Heavy Rain,2729,,,,,,,,,,6.0,22.0,0.0,0.0,0.0,0.0,4.0,0.0,0.0,0.0,0.0,0.0,True,grand_total,1800,2023-09-23 18:00:00,3,,,0.0,0,1,0,0,0,0,2.0,weather_forecast,0,0,,,,,,,,,,,1,0,0.0,0,0,0,0,91.5,early_warning,general_situation_report,retain,2023-09-23 18:00:00,347,1,1,12.0,2023-09-24 06:00:00,12.0,25.0,7.0,0.0,0.0,True,3.1354942159291497,1.9459101490553132,0.0,0.0,12.0,True,22.0,6.0,0.0,0.0,0.0,0.0,0.0,0.0,0.0,18,9,266,5,-1.0,-1.8369701987210297e-16,-0.9906923101615609,-0.13612033862266704,3.258096538021482,0.0,3.0,0.12260232209233246,0,0.0,0.0,Stable,0.0,0.0,51,0.0,False,Stable
situation_20230924_0600_5ddf7870.pdf,2023-09-24,Heavy Rain,2958,,,,,,,,,,7.0,25.0,0.0,0.0,0.0,1.0,4.0,0.0,0.0,0.0,0.0,0.0,True,grand_total,600,2023-09-24 06:00:00,3,,,0.0,0,1,0,0,0,0,0.5,weather_forecast,0,0,,,,,,,,,,,1,0,0.0,0,0,0,0,103.5,early_warning,general_situation_report,retain,2023-09-24 06:00:00,348,1,1,12.0,2023-09-25 18:00:00,36.0,24.0,7.0,0.0,0.0,True,3.258096538021482,2.0794415416798357,0.0,0.0,12.0,True,22.0,6.0,0.0,0.0,3.0,1.0,0.0,0.12260232209233246,0.0,6,9,267,6,-1.0,-1.8369701987210297e-16,-0.9928872135356962,-0.11905873003404988,3.2188758248682006,0.0,-1.0,-0.03922071315328157,0,3.0,0.12260232209233246,Increasing,0.0196078431372549,0.6078431372549019,51,1.9607843137254901,False,Normal Increase
situation_20230925_1800_bf799648.pdf,2023-09-25,"Heavy Rain, Strong Wind, Lightning",2797,,,,,,,,,,7.0,24.0,0.0,0.0,0.0,0.0,7.0,0.0,0.0,0.0,0.0,0.0,True,grand_total,1800,2023-09-25 18:00:00,3,,,0.0,0,1,0,0,0,0,2.0,weather_forecast,0,0,,,,,,,,,,,1,0,0.0,0,0,0,0,139.5,early_warning,general_situation_report,retain,2023-09-25 18:00:00,349,1,1,36.0,2023-09-26 18:00:00,24.0,53.0,13.0,0.0,0.0,True,3.2188758248682006,2.0794415416798357,0.0,0.0,36.0,True,25.0,7.0,0.0,0.0,-1.0,0.0,0.0,-0.03922071315328157,0.0,18,9,268,0,-1.0,-1.8369701987210297e-16,-0.994788305609327,-0.10196189005174576,3.9889840465642745,0.0,29.0,0.770108221696074,0,-1.0,-0.03922071315328157,Decreasing,0.0,0.0,51,0.0,False,Decrease
situation_20230926_1800_d635a443.pdf,2023-09-26,"Heavy Rain, Strong Wind, Lightning",3110,,,,,,,,,,13.0,53.0,0.0,0.0,0.0,0.0,14.0,0.0,0.0,0.0,0.0,0.0,True,grand_total,1800,2023-09-26 18:00:00,3,100.0,,0.0,1,1,0,0,0,0,2.0,weather_forecast,0,0,,,,,,,,,,,1,0,0.0,0,0,0,0,163.5,early_warning,general_situation_report,retain,2023-09-26 18:00:00,350,1,1,24.0,2023-09-27 06:00:00,12.0,0.0,0.0,0.0,0.0,True,3.9889840465642745,2.6390573296152584,0.0,0.0,24.0,True,24.0,7.0,0.0,0.0,29.0,6.0,0.0,0.770108221696074,0.0,18,9,269,1,-1.0,-1.8369701987210297e-16,-0.9963950238187231,-0.08483487790576538,0.0,0.0,-53.0,-3.9889840465642745,0,29.0,0.770108221696074,Increasing,0.27450980392156865,0.803921568627451,51,27.450980392156865,False,Normal Increase
situation_20230927_0600_14d30e8d.pdf,2023-09-27,Other,2163,,,,,,,,,,0.0,0.0,0.0,0.0,0.0,0.0,0.0,0.0,0.0,0.0,0.0,0.0,True,grand_total,600,2023-09-27 06:00:00,3,100.0,,0.0,1,1,0,0,0,0,0.5,weather_forecast,0,0,,,,,,,,,,,1,0,0.0,0,0,0,0,175.5,early_warning,general_situation_report,retain,2023-09-27 06:00:00,351,1,1,12.0,2023-09-28 06:00:00,24.0,0.0,0.0,0.0,0.0,True,0.0,0.0,0.0,0.0,12.0,True,53.0,13.0,0.0,0.0,-53.0,-13.0,0.0,-3.9889840465642745,0.0,6,9,270,2,-1.0,-1.8369701987210297e-16,-0.9977068927101168,-0.06768276175455162,0.0,0.0,0.0,0.0,0,-53.0,-3.9889840465642745,Decreasing,0.0,0.0,52,0.0,False,Decrease
situation_20230928_0600_2e09bd18.pdf,2023-09-28,Other,2179,,,,,,,,,,0.0,0.0,0.0,0.0,0.0,0.0,0.0,0.0,0.0,0.0,0.0,0.0,True,grand_total,600,2023-09-28 06:00:00,5,100.0,45.0,2.0,1,1,1,0,0,0,0.5,weather_forecast,0,0,,,,,,,,,,,1,0,0.0,0,0,0,0,199.5,early_warning,general_situation_report,retain,2023-09-28 06:00:00,352,1,1,24.0,2023-09-28 18:00:00,12.0,132.0,31.0,0.0,0.0,True,0.0,0.0,0.0,0.0,24.0,True,0.0,0.0,0.0,0.0,0.0,0.0,0.0,0.0,0.0,6,9,271,3,-1.0,-1.8369701987210297e-16,-0.9987235240803972,-0.050510617185222886,4.890349128221754,0.0,132.0,4.890349128221754,0,0.0,0.0,Stable,0.0,0.0,51,0.0,False,Stable
situation_20230928_1800_5f1d7c97.pdf,2023-09-28,"Flood, Heavy Rain",2597,,,,,,,,,,31.0,132.0,0.0,0.0,0.0,0.0,8.0,1.0,0.0,0.0,0.0,0.0,True,grand_total,1800,2023-09-28 18:00:00,5,100.0,45.0,2.0,1,1,1,0,0,0,2.0,weather_forecast,0,0,,,,,,,,,,,1,1,2.0,6,5,0,7,5.0,early_warning,general_situation_report,retain,2023-09-28 18:00:00,353,1,1,12.0,2023-09-29 06:00:00,12.0,135.0,32.0,0.0,0.0,True,4.890349128221754,3.4657359027997265,0.0,0.0,12.0,True,0.0,0.0,0.0,0.0,132.0,31.0,0.0,4.890349128221754,0.0,18,9,271,3,-1.0,-1.8369701987210297e-16,-0.9987235240803972,-0.050510617185222886,4.912654885736052,0.0,3.0,0.02230575751429864,0,132.0,4.890349128221754,Increasing,0.43137254901960786,0.9411764705882353,51,43.13725490196079,False,Normal Increase
situation_20230929_0600_d92f9336.pdf,2023-09-29,"Flood, Heavy Rain",2848,,,,,,,,,,32.0,135.0,0.0,0.0,0.0,0.0,9.0,1.0,0.0,0.0,0.0,0.0,True,grand_total,600,2023-09-29 06:00:00,5,100.0,45.0,2.0,1,1,1,0,0,0,0.5,weather_forecast,0,0,,,,,,,,,,,1,1,2.0,6,5,0,7,17.0,early_warning,general_situation_report,retain,2023-09-29 06:00:00,354,1,1,12.0,2023-09-29 18:00:00,12.0,644.0,164.0,0.0,0.0,True,4.912654885736052,3.4965075614664802,0.0,0.0,12.0,True,132.0,31.0,0.0,0.0,3.0,1.0,0.0,0.02230575751429864,0.0,6,9,272,4,-1.0,-1.8369701987210297e-16,-0.9994446170919858,-0.033323525711631344,6.4692503167957724,0.0,509.0,1.55659543105972,0,3.0,0.02230575751429864,Increasing,0.038461538461538464,0.34615384615384615,52,3.8461538461538463,False,Normal Increase
situation_20230929_1800_b587f09f.pdf,2023-09-29,"Flood, Heavy Rain, Strong Wind",3507,,,,,,,,,,164.0,644.0,0.0,0.0,0.0,0.0,36.0,1.0,0.0,0.0,0.0,0.0,True,grand_total,1800,2023-09-29 18:00:00,2,75.0,45.0,0.0,1,1,1,0,0,0,6.0,weather_forecast,0,0,,,,,,,,,,,1,1,2.0,6,5,0,7,5.25,early_warning,general_situation_report,retain,2023-09-29 18:00:00,355,1,1,12.0,2023-09-30 06:00:00,12.0,644.0,164.0,0.0,0.0,True,6.4692503167957724,5.10594547390058,0.0,0.0,12.0,True,135.0,32.0,0.0,0.0,509.0,132.0,0.0,1.55659543105972,0.0,18,9,272,4,-1.0,-1.8369701987210297e-16,-0.9994446170919858,-0.033323525711631344,6.4692503167957724,0.0,0.0,0.0,0,509.0,1.55659543105972,Increasing,0.6346153846153846,0.8269230769230769,52,63.46153846153846,False,Normal Increase
situation_20230930_0600_670d013f.pdf,2023-09-30,"Flood, Heavy Rain, Strong Wind",3507,,,,,,,,,,164.0,644.0,0.0,0.0,0.0,0.0,36.0,1.0,0.0,0.0,0.0,0.0,True,grand_total,600,2023-09-30 06:00:00,2,75.0,50.0,0.0,1,1,1,0,0,0,0.5,weather_forecast,0,0,,,,,,,,,,,1,1,2.0,6,5,0,7,17.25,early_warning,general_situation_report,retain,2023-09-30 06:00:00,356,1,1,12.0,2023-09-30 18:00:00,12.0,5051.0,1275.0,0.0,0.0,True,6.4692503167957724,5.10594547390058,0.0,0.0,12.0,True,644.0,164.0,0.0,0.0,0.0,0.0,0.0,0.0,0.0,6,9,273,5,-1.0,-1.8369701987210297e-16,-0.9998699583618592,-0.016126573270657762,8.527539483470381,0.0,4407.0,2.0582891666746086,0,0.0,0.0,Stable,0.0,0.0,52,0.0,False,Stable
situation_20230930_1800_5f63d5d4.pdf,2023-09-30,"Flood, Heavy Rain, Strong Wind",4627,,,,,,,,,,1275.0,5051.0,0.0,0.0,0.0,0.0,316.0,4.0,0.0,0.0,0.0,0.0,True,grand_total,1800,2023-09-30 18:00:00,3,75.0,50.0,0.0,1,1,1,0,0,0,2.0,weather_forecast,0,0,,,,,,,,,,,1,1,2.0,7,5,0,8,7.75,early_warning,general_situation_report,retain,2023-09-30 18:00:00,357,1,1,12.0,2023-10-01 06:00:00,12.0,5051.0,1275.0,0.0,0.0,True,8.527539483470381,7.151485463904735,0.0,0.0,12.0,True,644.0,164.0,0.0,0.0,4407.0,1111.0,0.0,2.0582891666746086,0.0,18,9,273,5,-1.0,-1.8369701987210297e-16,-0.9998699583618592,-0.016126573270657762,8.527539483470381,0.0,0.0,0.0,0,4407.0,2.0582891666746086,Increasing,0.7647058823529411,0.8823529411764706,51,76.47058823529412,False,Normal Increase
situation_20231001_0600_f4426568.pdf,2023-10-01,"Flood, Heavy Rain, Strong Wind",4625,,,,,,,,,,1275.0,5051.0,0.0,0.0,0.0,0.0,316.0,4.0,0.0,0.0,0.0,0.0,True,grand_total,600,2023-10-01 06:00:00,3,50.0,50.0,0.0,1,1,1,0,0,0,0.5,weather_forecast,0,0,,,,,,,,,,,1,1,2.0,7,5,0,8,19.75,early_warning,general_situation_report,retain,2023-10-01 06:00:00,358,1,1,12.0,2023-10-01 18:00:00,12.0,15496.0,3672.0,3.0,147.0,True,8.527539483470381,7.151485463904735,0.0,0.0,12.0,True,5051.0,1275.0,0.0,0.0,0.0,0.0,0.0,0.0,0.0,6,10,274,6,-0.8660254037844386,0.5000000000000001,-0.9999994220246925,0.001075151282798226,9.648401735787335,4.997212273764115,10445.0,1.1208622523169538,1,0.0,0.0,Stable,0.0,0.0,51,0.0,False,Stable
situation_20231001_1800_6806f351.pdf,2023-10-01,"Flood, Strong Wind",4335,,,,,,,,,,3672.0,15496.0,0.0,0.0,0.0,1.0,376.0,5.0,0.0,3.0,37.0,147.0,True,grand_total,1800,2023-10-01 18:00:00,3,50.0,50.0,0.0,1,1,1,0,0,0,2.0,weather_forecast,0,0,,,,,,,,,,,1,1,2.0,7,5,0,8,1.0,early_warning,general_situation_report,retain,2023-10-01 18:00:00,359,1,1,12.0,2023-10-02 06:00:00,12.0,15496.0,3672.0,3.0,147.0,True,9.648401735787335,8.208764045819667,1.3862943611198906,4.997212273764115,12.0,True,5051.0,1275.0,0.0,0.0,10445.0,2397.0,147.0,1.1208622523169538,4.997212273764115,18,10,274,6,-0.8660254037844386,0.5000000000000001,-0.9999994220246925,0.001075151282798226,9.648401735787335,4.997212273764115,0.0,0.0,1,10445.0,1.1208622523169538,Increasing,0.86,0.78,50,78.0,False,Normal Increase
situation_20231002_0600_c031922e.pdf,2023-10-02,"Flood, Strong Wind",4335,,,,,,,,,,3672.0,15496.0,0.0,0.0,0.0,1.0,376.0,5.0,0.0,3.0,37.0,147.0,True,grand_total,600,2023-10-02 06:00:00,3,100.0,,0.0,1,1,0,0,0,0,0.5,weather_forecast,0,0,,,,,,,,,,,1,1,2.0,7,5,0,8,13.0,early_warning,general_situation_report,retain,2023-10-02 06:00:00,360,1,1,12.0,2023-10-02 18:00:00,12.0,25863.0,6250.0,3.0,124.0,True,9.648401735787335,8.208764045819667,1.3862943611198906,4.997212273764115,12.0,True,15496.0,3672.0,3.0,147.0,0.0,0.0,0.0,0.0,0.0,6,10,275,0,-0.8660254037844386,0.5000000000000001,-0.999832969770105,0.018276557681691223,10.160607319405269,4.8283137373023015,10367.0,0.5122055836179342,1,0.0,0.0,Stable,0.0,0.0,51,0.0,False,Stable
situation_20231002_1800_629d46f1.pdf,2023-10-02,"Flood, Heavy Rain, Strong Wind, Lightning",6363,,,,,,,,,,6250.0,25863.0,0.0,0.0,0.0,2.0,453.0,5.0,0.0,3.0,31.0,124.0,True,grand_total,1800,2023-10-02 18:00:00,4,100.0,,2.0,1,1,0,0,0,0,2.0,weather_forecast,0,0,,,,,,,,,,,1,1,2.0,7,6,0,8,1.5,early_warning,general_situation_report,retain,2023-10-02 18:00:00,361,1,1,12.0,2023-10-03 06:00:00,12.0,25863.0,6250.0,3.0,124.0,True,10.160607319405269,8.740496729931813,1.3862943611198906,4.8283137373023015,12.0,True,15496.0,3672.0,3.0,147.0,10367.0,2578.0,-23.0,0.5122055836179342,-0.1688985364618132,18,10,275,0,-0.8660254037844386,0.5000000000000001,-0.999832969770105,0.018276557681691223,10.160607319405269,4.8283137373023015,0.0,0.0,1,10367.0,0.5122055836179342,Increasing,0.8431372549019608,0.6666666666666666,51,66.66666666666666,False,Normal Increase
situation_20231003_0600_44f661fb.pdf,2023-10-03,"Flood, Heavy Rain, Strong Wind, Lightning",6303,,,,,,,,,,6250.0,25863.0,0.0,0.0,0.0,2.0,453.0,5.0,0.0,3.0,31.0,124.0,True,grand_total,600,2023-10-03 06:00:00,4,100.0,,2.0,1,1,0,0,0,0,0.0,weather_forecast,0,0,,,,,,,,,,,1,1,2.0,7,6,0,8,13.5,early_warning,general_situation_report,retain,2023-10-03 06:00:00,362,1,1,12.0,2023-10-03 18:00:00,12.0,30353.0,7629.0,9.0,434.0,True,10.160607319405269,8.740496729931813,1.3862943611198906,4.8283137373023015,12.0,True,25863.0,6250.0,3.0,124.0,0.0,0.0,0.0,0.0,0.0,6,10,276,1,-0.8660254037844386,0.5000000000000001,-0.9993706508539969,0.03547255575312556,10.32068358351999,6.075346031088684,4490.0,0.1600762641147213,1,0.0,0.0,Stable,0.0,0.0,51,0.0,False,Stable
situation_20231003_1800_71611880.pdf,2023-10-03,"Flood, Heavy Rain, Strong Wind, Lightning",6802,,,,,,,,,,7629.0,30353.0,0.0,0.0,0.0,3.0,625.0,3.0,0.0,9.0,109.0,434.0,True,grand_total,1800,2023-10-03 18:00:00,4,100.0,,2.0,1,1,0,0,0,0,2.0,weather_forecast,0,0,,,,,,,,,,,1,1,2.0,7,6,0,8,1.5,early_warning,general_situation_report,retain,2023-10-03 18:00:00,363,1,1,12.0,2023-10-04 06:00:00,12.0,34827.0,8807.0,9.0,434.0,True,10.32068358351999,8.939843124278502,2.302585092994046,6.075346031088684,12.0,True,25863.0,6250.0,3.0,124.0,4490.0,1379.0,310.0,0.1600762641147213,1.2470322937863827,18,10,276,1,-0.8660254037844386,0.5000000000000001,-0.9993706508539969,0.03547255575312556,10.458176939948507,6.075346031088684,4474.0,0.13749335642851612,1,4490.0,0.1600762641147213,Increasing,0.7450980392156863,0.6078431372549019,51,60.78431372549019,False,Normal Increase
situation_20231004_0600_3fc61dbd.pdf,2023-10-04,"Flood, Heavy Rain, Strong Wind, Lightning",6825,,,,,,,,,,8807.0,34827.0,0.0,0.0,0.0,3.0,691.0,3.0,0.0,9.0,109.0,434.0,True,grand_total,600,2023-10-04 06:00:00,5,100.0,,2.0,1,1,0,0,0,0,0.5,weather_forecast,0,0,,,,,,,,,,,1,1,2.0,7,6,0,8,13.5,early_warning,general_situation_report,retain,2023-10-04 06:00:00,364,1,1,12.0,2023-10-04 18:00:00,12.0,47963.0,11992.0,10.0,930.0,True,10.458176939948507,9.083415678402515,2.302585092994046,6.075346031088684,12.0,True,30353.0,7629.0,9.0,434.0,4474.0,1178.0,0.0,0.13749335642851612,0.0,6,10,277,2,-0.8660254037844386,0.5000000000000001,-0.9986126020839734,0.052658056924614005,10.778206008499323,6.836259277277067,13136.0,0.3200290685508165,1,4474.0,0.13749335642851612,Increasing,0.7254901960784313,0.5686274509803921,51,56.86274509803921,False,Normal Increase
situation_20231004_1800_6d4a38b8.pdf,2023-10-04,"Flood, Heavy Rain, Strong Wind, Lightning",6638,,,,,,,,,,11992.0,47963.0,0.0,0.0,0.0,3.0,644.0,2.0,0.0,10.0,220.0,930.0,True,grand_total,1800,2023-10-04 18:00:00,3,75.0,,0.0,1,1,0,0,0,0,2.0,weather_forecast,0,0,,,,,,,,,,,1,1,2.0,7,5,0,7,1.5,early_warning,general_situation_report,retain,2023-10-04 18:00:00,365,1,1,12.0,2023-10-05 06:00:00,12.0,48821.0,12120.0,10.0,930.0,True,10.778206008499323,9.392078425231722,2.3978952727983707,6.836259277277067,12.0,True,34827.0,8807.0,9.0,434.0,13136.0,3185.0,496.0,0.3200290685508165,0.760913246188383,18,10,277,2,-0.8660254037844386,0.5000000000000001,-0.9986126020839734,0.052658056924614005,10.795936309924713,6.836259277277067,858.0,0.017730301425389783,1,13136.0,0.3200290685508165,Increasing,0.8846153846153846,0.6346153846153846,52,63.46153846153846,False,Normal Increase
situation_20231005_0600_f0f384be.pdf,2023-10-05,"Flood, Heavy Rain, Strong Wind, Lightning",6664,,,,,,,,,,12120.0,48821.0,0.0,1.0,0.0,3.0,686.0,2.0,0.0,10.0,220.0,930.0,True,grand_total,600,2023-10-05 06:00:00,3,75.0,,0.0,1,1,0,0,0,0,0.5,weather_forecast,0,0,,,,,,,,,,,1,1,2.0,7,5,0,7,13.5,early_warning,general_situation_report,retain,2023-10-05 06:00:00,366,1,1,12.0,2023-10-05 18:00:00,12.0,55780.0,13627.0,15.0,1473.0,True,10.795936309924713,9.402694764470512,2.3978952727983707,6.836259277277067,12.0,True,47963.0,11992.0,10.0,930.0,858.0,128.0,0.0,0.017730301425389783,0.0,6,10,278,3,-0.8660254037844386,0.5000000000000001,-0.9975590477788613,0.06982797572987089,10.929188588593389,7.295735072749282,6959.0,0.13325227866867628,1,858.0,0.017730301425389783,Increasing,0.5576923076923077,0.25,52,25.0,False,Normal Increase
situation_20231005_1800_81326948.pdf,2023-10-05,"Flood, Heavy Rain, Strong Wind",6941,,,,,,,,,,13627.0,55780.0,1.0,3.0,0.0,4.0,702.0,3.0,0.0,15.0,352.0,1473.0,True,grand_total,1800,2023-10-05 18:00:00,3,,,0.0,0,1,0,0,0,0,2.0,weather_forecast,0,0,,,,,,,,,,,1,1,2.0,7,2,0,7,1.5,early_warning,general_situation_report,retain,2023-10-05 18:00:00,367,1,1,12.0,2023-10-06 06:00:00,12.0,55780.0,13627.0,15.0,1473.0,True,10.929188588593389,9.519881778780857,2.772588722239781,7.295735072749282,12.0,True,48821.0,12120.0,10.0,930.0,6959.0,1507.0,543.0,0.13325227866867628,0.4594757954722146,18,10,278,3,-0.8660254037844386,0.5000000000000001,-0.9975590477788613,0.06982797572987089,10.929188588593389,7.295735072749282,0.0,0.0,1,6959.0,0.13325227866867628,Increasing,0.7924528301886793,0.5471698113207547,53,54.71698113207547,False,Normal Increase
situation_20231006_0600_9f684dc4.pdf,2023-10-06,"Flood, Heavy Rain, Strong Wind",6941,,,,,,,,,,13627.0,55780.0,1.0,3.0,0.0,4.0,702.0,3.0,0.0,15.0,352.0,1473.0,True,grand_total,600,2023-10-06 06:00:00,3,50.0,,0.0,1,1,0,0,0,0,0.5,weather_forecast,0,0,,,,,,,,,,,1,1,2.0,7,2,0,7,13.5,early_warning,general_situation_report,retain,2023-10-06 06:00:00,368,1,1,12.0,2023-10-06 18:00:00,12.0,53399.0,13027.0,16.0,1556.0,True,10.929188588593389,9.519881778780857,2.772588722239781,7.295735072749282,12.0,True,55780.0,13627.0,15.0,1473.0,0.0,0.0,0.0,0.0,0.0,6,10,279,4,-0.8660254037844386,0.5000000000000001,-0.9962102997023297,0.0869772313136861,10.885566024948286,7.350516171833998,-2381.0,-0.043622563645103085,1,0.0,0.0,Stable,0.0,0.0,54,0.0,False,Stable
situation_20231006_1800_8e2770f4.pdf,2023-10-06,"Flood, Heavy Rain, Strong Wind",7371,,,,,,,,,,13027.0,53399.0,6.0,20.0,0.0,5.0,720.0,3.0,1.0,16.0,381.0,1556.0,True,grand_total,1800,2023-10-06 18:00:00,4,100.0,,2.0,1,1,0,0,0,0,2.0,weather_forecast,0,0,,,,,,,,,,,1,1,2.0,9,4,0,9,9.0,early_warning,general_situation_report,retain,2023-10-06 18:00:00,369,1,1,12.0,2023-10-07 06:00:00,12.0,53399.0,13027.0,16.0,1556.0,True,10.885566024948286,9.474856166396124,2.833213344056216,7.350516171833998,12.0,True,55780.0,13627.0,15.0,1473.0,-2381.0,-600.0,83.0,-0.043622563645103085,0.05478109908471662,18,10,279,4,-0.8660254037844386,0.5000000000000001,-0.9962102997023297,0.0869772313136861,10.885566024948286,7.350516171833998,0.0,0.0,1,-2381.0,-0.043622563645103085,Decreasing,0.0,0.0,53,0.0,False,Decrease
situation_20231007_0600_1f75ff63.pdf,2023-10-07,"Flood, Heavy Rain, Strong Wind",7371,,,,,,,,,,13027.0,53399.0,6.0,20.0,0.0,5.0,720.0,3.0,1.0,16.0,381.0,1556.0,True,grand_total,600,2023-10-07 06:00:00,4,100.0,,2.0,1,1,0,0,0,0,0.5,weather_forecast,0,0,,,,,,,,,,,1,1,3.0,9,3,4,9,9.5,early_warning,general_situation_report,retain,2023-10-07 06:00:00,370,1,1,12.0,2023-10-07 18:00:00,12.0,54436.0,13351.0,11.0,788.0,True,10.885566024948286,9.474856166396124,2.833213344056216,7.350516171833998,12.0,True,53399.0,13027.0,16.0,1556.0,0.0,0.0,0.0,0.0,0.0,6,10,280,5,-0.8660254037844386,0.5000000000000001,-0.9945667569706337,0.1041007489354256,10.904799348707671,6.670766320845874,1037.0,0.019233323759385357,1,0.0,0.0,Stable,0.0,0.0,53,0.0,False,Stable
situation_20231007_1800_fa8135b6.pdf,2023-10-07,"Flood, Heavy Rain, Strong Wind, Lightning",7528,,,,,,,,,,13351.0,54436.0,7.0,23.0,0.0,6.0,722.0,2.0,1.0,11.0,199.0,788.0,True,grand_total,1800,2023-10-07 18:00:00,4,100.0,,2.0,1,1,0,0,0,0,2.0,weather_forecast,0,0,,,,,,,,,,,1,1,3.0,7,6,3,9,3.5,warning,general_situation_report,retain,2023-10-07 18:00:00,371,1,1,12.0,2023-10-08 06:00:00,12.0,54440.0,13352.0,11.0,781.0,True,10.904799348707671,9.49942146534167,2.4849066497880004,6.670766320845874,12.0,True,53399.0,13027.0,16.0,1556.0,1037.0,324.0,-768.0,0.019233323759385357,-0.6797498509881246,18,10,280,5,-0.8660254037844386,0.5000000000000001,-0.9945667569706337,0.1041007489354256,10.904872825443134,6.661854740545311,4.0,7.34767354622079e-05,1,1037.0,0.019233323759385357,Increasing,0.5849056603773585,0.2641509433962264,53,26.41509433962264,False,Normal Increase
situation_20231008_0600_ba59071e.pdf,2023-10-08,"Flood, Heavy Rain, Strong Wind, Lightning",7531,,,,,,,,,,13352.0,54440.0,7.0,23.0,0.0,6.0,722.0,2.0,1.0,11.0,195.0,781.0,True,grand_total,600,2023-10-08 06:00:00,4,100.0,,2.0,1,1,0,0,0,0,0.5,weather_forecast,0,0,,,,,,,,,,,1,1,3.0,8,7,3,10,11.0,early_warning,general_situation_report,retain,2023-10-08 06:00:00,372,1,1,12.0,2023-10-08 18:00:00,12.0,71320.0,18898.0,16.0,1910.0,True,10.904872825443134,9.499496357683965,2.4849066497880004,6.661854740545311,12.0,True,54436.0,13351.0,11.0,788.0,4.0,1.0,-7.0,7.34767354622079e-05,-0.008911580300562605,6,10,281,6,-0.8660254037844386,0.5000000000000001,-0.9926289059345095,0.121193461470736,11.174946093191174,7.555381944240273,16880.0,0.27007326774804064,1,4.0,7.34767354622079e-05,Increasing,0.05555555555555555,0.018518518518518517,54,1.8518518518518516,False,Normal Increase
situation_20231008_1800_2719472b.pdf,2023-10-08,"Flood, Heavy Rain, Strong Wind, Lightning",8613,,,,,,,,,,18898.0,71320.0,2.0,6.0,0.0,12.0,1004.0,13.0,1.0,16.0,555.0,1910.0,True,grand_total,1800,2023-10-08 18:00:00,5,75.0,,0.0,1,1,0,0,0,0,2.0,weather_forecast,0,0,,,,,,,,,,,1,1,3.0,7,7,3,9,2.75,early_warning,general_situation_report,retain,2023-10-08 18:00:00,373,1,1,12.0,2023-10-09 06:00:00,12.0,75734.0,20480.0,20.0,3870.0,True,11.174946093191174,9.846864289595038,2.833213344056216,7.555381944240273,12.0,True,54440.0,13352.0,11.0,781.0,16880.0,5546.0,1129.0,0.27007326774804064,0.893527203694962,18,10,281,6,-0.8660254037844386,0.5000000000000001,-0.9926289059345095,0.121193461470736,11.234995683961126,8.261268150577648,4414.0,0.06004959076995142,1,16880.0,0.27007326774804064,Increasing,0.9259259259259259,0.6481481481481481,54,64.81481481481481,False,Normal Increase
situation_20231009_0600_3deb4c93.pdf,2023-10-09,"Flood, Heavy Rain, Strong Wind, Lightning",8672,,,,,,,,,,20480.0,75734.0,2.0,5.0,0.0,13.0,1125.0,13.0,1.0,20.0,1071.0,3870.0,True,grand_total,600,2023-10-09 06:00:00,5,75.0,,0.0,1,1,0,0,0,0,0.5,weather_forecast,0,0,,,,,,,,,,,1,1,3.0,7,7,3,9,14.75,early_warning,general_situation_report,retain,2023-10-09 06:00:00,374,1,1,12.0,2023-10-09 18:00:00,12.0,46052.0,12719.0,18.0,3455.0,True,11.234995683961126,9.92725290608639,3.044522437723423,8.261268150577648,12.0,True,71320.0,18898.0,16.0,1910.0,4414.0,1582.0,1960.0,0.06004959076995142,0.7058862063373743,6,10,282,0,-0.8660254037844386,0.5000000000000001,-0.9903973200352558,0.1382503109109819,10.73754818614131,8.147867129923947,-29682.0,-0.4974474978198149,1,4414.0,0.06004959076995142,Increasing,0.6666666666666666,0.5,54,50.0,False,Normal Increase
situation_20231009_1800_8d7d02f4.pdf,2023-10-09,"Flood, Heavy Rain, Strong Wind, Lightning",9366,,,,,,,,,,12719.0,46052.0,2.0,6.0,0.0,27.0,1245.0,13.0,2.0,18.0,973.0,3455.0,True,grand_total,1800,2023-10-09 18:00:00,4,75.0,,2.0,1,1,0,0,0,0,2.0,weather_forecast,0,0,,,,,,,,,,,1,1,3.0,7,7,3,9,2.0,warning,general_situation_report,retain,2023-10-09 18:00:00,375,1,1,12.0,2023-10-10 06:00:00,12.0,46060.0,12722.0,18.0,3455.0,True,10.73754818614131,9.450930836894113,2.9444389791664403,8.147867129923947,12.0,True,75734.0,20480.0,20.0,3870.0,-29682.0,-7761.0,-415.0,-0.4974474978198149,-0.11340102065370061,18,10,282,0,-0.8660254037844386,0.5000000000000001,-0.9903973200352558,0.1382503109109819,10.737721883950984,8.147867129923947,8.0,0.00017369780967335657,1,-29682.0,-0.4974474978198149,Decreasing,0.0,0.0,55,0.0,False,Decrease
situation_20231010_0600_54fc119d.pdf,2023-10-10,"Flood, Heavy Rain, Strong Wind, Lightning",9541,,,,,,,,,,12722.0,46060.0,2.0,6.0,0.0,28.0,1245.0,13.0,2.0,18.0,973.0,3455.0,True,grand_total,600,2023-10-10 06:00:00,4,75.0,,2.0,1,1,0,0,0,0,0.5,weather_forecast,0,0,,,,,,,,,,,1,1,3.0,7,7,3,9,14.0,warning,general_situation_report,retain,2023-10-10 06:00:00,376,1,1,12.0,2023-10-10 18:00:00,12.0,20957.0,5690.0,13.0,1056.0,True,10.737721883950984,9.4511666581427,2.9444389791664403,8.147867129923947,12.0,True,46052.0,12719.0,18.0,3455.0,8.0,3.0,0.0,0.00017369780967335657,0.0,6,10,283,1,-0.8660254037844386,0.5000000000000001,-0.9878726596350429,0.15526624985999563,9.950275714034888,6.963189985870238,-25103.0,-0.7874461699160964,1,8.0,0.00017369780967335657,Increasing,0.07272727272727272,0.03636363636363636,55,3.6363636363636362,False,Normal Increase
situation_20231010_1800_93627e94.pdf,2023-10-10,"Flood, Heavy Rain, Strong Wind, Lightning",9939,,,,,,,,,,5690.0,20957.0,2.0,4.0,0.0,31.0,1296.0,13.0,2.0,13.0,312.0,1056.0,True,grand_total,1800,2023-10-10 18:00:00,4,75.0,,2.0,1,1,0,0,0,0,2.0,weather_forecast,0,0,,,,,,,,,,,1,1,3.0,4,7,1,7,2.5,warning,general_situation_report,retain,2023-10-10 18:00:00,377,1,1,12.0,2023-10-11 06:00:00,12.0,20957.0,5690.0,13.0,1056.0,True,9.950275714034888,8.646641258603124,2.6390573296152584,6.963189985870238,12.0,True,46060.0,12722.0,18.0,3455.0,-25103.0,-7032.0,-2399.0,-0.7874461699160964,-1.1846771440537092,18,10,283,1,-0.8660254037844386,0.5000000000000001,-0.9878726596350429,0.15526624985999563,9.950275714034888,6.963189985870238,0.0,0.0,1,-25103.0,-0.7874461699160964,Decreasing,0.0,0.0,56,0.0,False,Decrease
situation_20231011_0600_b1de019f.pdf,2023-10-11,"Flood, Heavy Rain, Strong Wind, Lightning",9939,,,,,,,,,,5690.0,20957.0,2.0,4.0,0.0,31.0,1296.0,13.0,2.0,13.0,312.0,1056.0,True,grand_total,600,2023-10-11 06:00:00,4,75.0,,2.0,1,1,0,0,0,0,0.5,weather_forecast,0,0,,,,,,,,,,,1,1,3.0,4,7,1,7,14.5,warning,general_situation_report,retain,2023-10-11 06:00:00,378,1,1,12.0,2023-10-11 18:00:00,12.0,19328.0,5281.0,12.0,1023.0,True,9.950275714034888,8.646641258603124,2.6390573296152584,6.963189985870238,12.0,True,20957.0,5690.0,13.0,1056.0,0.0,0.0,0.0,0.0,0.0,6,10,284,2,-0.8660254037844386,0.5000000000000001,-0.9850556718215013,0.172236243027682,9.869361837806752,6.931471805599453,-1629.0,-0.08091387622813606,1,0.0,0.0,Stable,0.0,0.0,56,0.0,False,Stable
situation_20231011_1800_d85fbca0.pdf,2023-10-11,"Flood, Heavy Rain, Strong Wind, Lightning",10185,,,,,,,,,,5281.0,19328.0,2.0,4.0,0.0,32.0,1323.0,13.0,2.0,12.0,303.0,1023.0,True,grand_total,1800,2023-10-11 18:00:00,4,75.0,,2.0,1,1,0,0,0,0,2.0,weather_forecast,0,0,,,,,,,,,,,1,1,3.0,4,7,1,7,2.0,early_warning,general_situation_report,retain,2023-10-11 18:00:00,379,1,1,12.0,2023-10-12 06:00:00,12.0,18394.0,5011.0,10.0,814.0,True,9.869361837806752,8.572060092857077,2.5649493574615367,6.931471805599453,12.0,True,20957.0,5690.0,13.0,1056.0,-1629.0,-409.0,-33.0,-0.08091387622813606,-0.03171818027078466,18,10,284,2,-0.8660254037844386,0.5000000000000001,-0.9850556718215013,0.172236243027682,9.819834167538875,6.703188113240863,-934.0,-0.04952767026787619,1,-1629.0,-0.08091387622813606,Decreasing,0.0,0.0,56,0.0,False,Decrease
situation_20231012_0600_91a1a5fb.pdf,2023-10-12,"Flood, Heavy Rain, Strong Wind, Lightning",9979,,,,,,,,,,5011.0,18394.0,2.0,4.0,0.0,33.0,1362.0,13.0,2.0,10.0,215.0,814.0,True,grand_total,600,2023-10-12 06:00:00,4,75.0,,2.0,1,1,0,0,0,0,0.5,weather_forecast,0,0,,,,,,,,,,,1,1,3.0,4,7,1,7,14.0,early_warning,general_situation_report,retain,2023-10-12 06:00:00,380,1,1,12.0,2023-10-12 18:00:00,12.0,17950.0,4915.0,10.0,814.0,True,9.819834167538875,8.51959031601596,2.3978952727983707,6.703188113240863,12.0,True,19328.0,5281.0,12.0,1023.0,-934.0,-270.0,-209.0,-0.04952767026787619,-0.22828369235859025,6,10,285,3,-0.8660254037844386,0.5000000000000001,-0.981947190186646,0.18915526872004093,9.79540110267107,6.703188113240863,-444.0,-0.0244330648678055,1,-934.0,-0.04952767026787619,Decreasing,0.0,0.0,55,0.0,False,Decrease
situation_20231012_1800_2224e172.pdf,2023-10-12,"Flood, Heavy Rain, Strong Wind, Lightning",11770,,,,,,,,,,4915.0,17950.0,3.0,4.0,0.0,33.0,1487.0,13.0,2.0,10.0,215.0,814.0,True,grand_total,1800,2023-10-12 18:00:00,3,75.0,,0.0,1,1,0,0,0,0,2.0,weather_forecast,0,0,,,,,,,,,,,1,1,2.0,8,7,0,10,2.0,early_warning,general_situation_report,retain,2023-10-12 18:00:00,381,1,1,12.0,2023-10-13 09:00:00,15.0,18013.0,4847.0,12.0,823.0,True,9.79540110267107,8.500250470685925,2.3978952727983707,6.703188113240863,12.0,True,18394.0,5011.0,10.0,814.0,-444.0,-96.0,0.0,-0.0244330648678055,0.0,18,10,285,3,-0.8660254037844386,0.5000000000000001,-0.981947190186646,0.18915526872004093,9.798904512343688,6.714170529909472,63.0,0.003503409672617863,1,-444.0,-0.0244330648678055,Decreasing,0.0,0.0,55,0.0,False,Decrease
situation_20231013_0900_585f9217.pdf,2023-10-13,"Flood, Landslide, Heavy Rain, Strong Wind, Lightning",12236,,,,,,,,,,4847.0,18013.0,3.0,4.0,0.0,35.0,1520.0,14.0,4.0,12.0,211.0,823.0,True,grand_total,900,2023-10-13 09:00:00,3,75.0,,0.0,1,1,0,0,0,0,3.5,weather_forecast,0,0,,,,,,,,,,,1,1,2.0,8,7,0,10,17.0,early_warning,general_situation_report,retain,2023-10-13 09:00:00,382,1,1,15.0,2023-10-13 18:00:00,9.0,18043.0,4860.0,12.0,823.0,True,9.798904512343688,8.48632152774915,2.5649493574615367,6.714170529909472,15.0,True,17950.0,4915.0,10.0,814.0,63.0,-68.0,9.0,0.003503409672617863,0.010982416668609218,9,10,286,4,-0.8660254037844386,0.5000000000000001,-0.9785481345802031,0.20601832032517084,9.800568498528287,6.714170529909472,30.0,0.0016639861845995085,1,63.0,0.003503409672617863,Increasing,0.2909090909090909,0.18181818181818182,55,18.181818181818183,False,Normal Increase
situation_20231013_1800_fec7253a.pdf,2023-10-13,"Flood, Landslide, Heavy Rain, Strong Wind, Lightning",12294,,,,,,,,,,4860.0,18043.0,3.0,4.0,0.0,34.0,1492.0,14.0,4.0,12.0,211.0,823.0,True,grand_total,1800,2023-10-13 18:00:00,3,75.0,,0.0,1,1,0,0,0,0,2.0,weather_forecast,0,0,,,,,,,,,,,1,1,2.0,8,4,0,10,2.0,early_warning,general_situation_report,retain,2023-10-13 18:00:00,383,1,1,9.0,2023-10-14 09:00:00,15.0,8895.0,2367.0,8.0,586.0,True,9.800568498528287,8.488999457045455,2.5649493574615367,6.714170529909472,9.0,True,18013.0,4847.0,12.0,823.0,30.0,13.0,0.0,0.0016639861845995085,0.0,18,10,286,4,-0.8660254037844386,0.5000000000000001,-0.9785481345802031,0.20601832032517084,9.093357016490364,6.375024819828097,-9148.0,-0.7072114820379234,1,30.0,0.0016639861845995085,Increasing,0.2,0.10909090909090909,55,10.909090909090908,False,Normal Increase
situation_20231014_0900_3dbbad52.pdf,2023-10-14,"Flood, Landslide, Heavy Rain, Strong Wind, Lightning",7190,,,,,,,,,,2367.0,8895.0,2.0,1.0,0.0,28.0,1161.0,11.0,0.0,8.0,171.0,586.0,True,grand_total,900,2023-10-14 09:00:00,3,75.0,,0.0,1,1,0,0,0,0,3.5,weather_forecast,0,0,,,,,,,,,,,1,1,2.0,8,4,0,10,17.0,early_warning,general_situation_report,retain,2023-10-14 09:00:00,384,1,1,15.0,2023-10-15 09:00:00,24.0,8974.0,2373.0,9.0,845.0,True,9.093357016490364,7.769800996003896,2.1972245773362196,6.375024819828097,15.0,True,18043.0,4860.0,12.0,823.0,-9148.0,-2493.0,-237.0,-0.7072114820379234,-0.3391457100813753,9,10,287,5,-0.8660254037844386,0.5000000000000001,-0.9748595108374125,0.22282040779479959,9.10219821335648,6.740519359606223,79.0,0.008841196866116618,1,-9148.0,-0.7072114820379234,Decreasing,0.0,0.0,56,0.0,False,Decrease
situation_20231015_0900_5f12368c.pdf,2023-10-15,"Flood, Landslide, Heavy Rain, Strong Wind",7072,,,,,,,,,,2373.0,8974.0,2.0,1.0,0.0,27.0,1152.0,11.0,0.0,9.0,238.0,845.0,True,grand_total,900,2023-10-15 09:00:00,4,75.0,,2.0,1,1,0,0,0,0,3.5,weather_forecast,0,0,,,,,,,,,,,1,1,3.0,8,5,1,10,13.0,early_warning,general_situation_report,retain,2023-10-15 09:00:00,385,1,1,24.0,2023-10-16 09:00:00,24.0,8869.0,2323.0,10.0,897.0,True,9.10219821335648,7.772331575169614,2.302585092994046,6.740519359606223,24.0,True,8895.0,2367.0,8.0,586.0,79.0,6.0,259.0,0.008841196866116618,0.3654945397781262,9,10,288,6,-0.8660254037844386,0.5000000000000001,-0.9708824104813836,0.23955655912092708,9.090430075303626,6.8001700683022,-105.0,-0.011768138052854482,1,79.0,0.008841196866116618,Increasing,0.35714285714285715,0.26785714285714285,56,26.785714285714285,False,Normal Increase
situation_20231016_0900_b625096c.pdf,2023-10-16,"Flood, Landslide, Heavy Rain",6679,,,,,,,,,,2323.0,8869.0,2.0,1.0,0.0,27.0,1126.0,11.0,0.0,10.0,242.0,897.0,True,grand_total,900,2023-10-16 09:00:00,4,100.0,,2.0,1,1,0,0,0,0,3.5,weather_forecast,0,0,,,,,,,,,,,1,1,3.0,8,6,1,10,17.0,early_warning,general_situation_report,retain,2023-10-16 09:00:00,386,1,1,24.0,2023-10-17 09:00:00,24.0,8714.0,2297.0,6.0,491.0,True,9.090430075303626,7.751045117971802,2.3978952727983707,6.8001700683022,24.0,True,8974.0,2373.0,9.0,845.0,-105.0,-50.0,52.0,-0.011768138052854482,0.059650708695976995,9,10,289,0,-0.8660254037844386,0.5000000000000001,-0.9666180104000972,0.2562218218071163,9.07280095795412,6.198478716492308,-155.0,-0.017629117349505563,1,-105.0,-0.011768138052854482,Decreasing,0.0,0.0,57,0.0,False,Decrease
situation_20231017_0900_bf18ee49.pdf,2023-10-17,"Flood, Landslide, Heavy Rain, Strong Wind, Lightning",7974,,,,,,,,,,2297.0,8714.0,1.0,6.0,0.0,27.0,1171.0,13.0,0.0,6.0,131.0,491.0,True,grand_total,900,2023-10-17 09:00:00,3,100.0,,0.0,1,1,0,0,0,0,3.5,weather_forecast,0,0,,,,,,,,,,,1,1,2.0,9,2,0,9,17.0,early_warning,general_situation_report,retain,2023-10-17 09:00:00,387,1,1,24.0,2023-10-18 09:00:00,24.0,9173.0,2420.0,9.0,622.0,True,9.07280095795412,7.739794458408701,1.9459101490553132,6.198478716492308,24.0,True,8869.0,2323.0,10.0,897.0,-155.0,-26.0,-406.0,-0.017629117349505563,-0.6016913518098921,9,10,290,1,-0.8660254037844386,0.5000000000000001,-0.9620675724981452,0.27281126433401914,9.124128675157117,6.434546518787453,459.0,0.051327717202996226,1,-155.0,-0.017629117349505563,Decreasing,0.0,0.0,57,0.0,False,Decrease
situation_20231018_0900_387c931f.pdf,2023-10-18,"Flood, Landslide, Heavy Rain, Strong Wind, Lightning",8826,,,,,,,,,,2420.0,9173.0,2.0,5.0,0.0,28.0,1233.0,15.0,0.0,9.0,173.0,622.0,True,grand_total,900,2023-10-18 09:00:00,4,100.0,,0.0,1,1,0,0,0,0,3.5,weather_forecast,0,0,,,,,,,,,,,1,1,2.0,9,2,0,9,18.0,early_warning,general_situation_report,retain,2023-10-18 09:00:00,388,1,1,24.0,2023-10-19 09:00:00,24.0,8328.0,2151.0,7.0,556.0,True,9.124128675157117,7.791935956938058,2.302585092994046,6.434546518787453,24.0,True,8714.0,2297.0,6.0,491.0,459.0,123.0,131.0,0.051327717202996226,0.23606780229514523,9,10,291,2,-0.8660254037844386,0.5000000000000001,-0.957232443323312,0.28931997761869527,9.02749867993534,6.322565239927284,-845.0,-0.09662999522177707,1,459.0,0.051327717202996226,Increasing,0.5087719298245614,0.543859649122807,57,50.877192982456144,False,Normal Increase
situation_20231019_0900_88d1c529.pdf,2023-10-19,"Flood, Landslide, Heavy Rain, Strong Wind, Lightning",7589,,,,,,,,,,2151.0,8328.0,1.0,3.0,0.0,24.0,974.0,5.0,0.0,7.0,155.0,556.0,True,grand_total,900,2023-10-19 09:00:00,3,100.0,,0.0,1,1,0,0,0,0,3.5,weather_forecast,0,0,,,,,,,,,,,1,1,2.0,9,5,0,10,17.5,early_warning,general_situation_report,retain,2023-10-19 09:00:00,389,1,1,24.0,2023-10-20 09:00:00,24.0,8466.0,2215.0,7.0,556.0,True,9.02749867993534,7.674152921281675,2.0794415416798357,6.322565239927284,24.0,True,9173.0,2420.0,9.0,622.0,-845.0,-269.0,-66.0,-0.09662999522177707,-0.11198127886016884,9,10,292,3,-0.8660254037844386,0.5000000000000001,-0.9521140536681102,0.3057430764672831,9.043931533642278,6.322565239927284,138.0,0.016432853706938033,1,-845.0,-0.09662999522177707,Decreasing,0.0,0.0,58,0.0,False,Decrease
situation_20231020_0900_7137cc39.pdf,2023-10-20,"Flood, Landslide, Heavy Rain, Strong Wind, Lightning",6574,,,,,,,,,,2215.0,8466.0,1.0,3.0,0.0,25.0,949.0,2.0,0.0,7.0,155.0,556.0,True,grand_total,900,2023-10-20 09:00:00,3,75.0,,0.0,1,1,0,0,0,0,3.5,weather_forecast,0,0,,,,,,,,,,,1,1,2.0,8,5,0,9,18.0,early_warning,general_situation_report,retain,2023-10-20 09:00:00,390,1,1,24.0,2023-10-21 09:00:00,24.0,13658.0,3423.0,7.0,499.0,True,9.043931533642278,7.703459047867175,2.0794415416798357,6.322565239927284,24.0,True,8328.0,2151.0,7.0,556.0,138.0,64.0,0.0,0.016432853706938033,0.0,9,10,293,4,-0.8660254037844386,0.5000000000000001,-0.9467139181463862,0.3220757010206104,9.522153924002891,6.214608098422191,5192.0,0.47822239036061376,1,138.0,0.016432853706938033,Increasing,0.40350877192982454,0.2982456140350877,57,29.82456140350877,False,Normal Increase
situation_20231021_0900_e48b577f.pdf,2023-10-21,"Flood, Landslide, Heavy Rain, Strong Wind, Lightning",6165,,,,,,,,,,3423.0,13658.0,1.0,3.0,0.0,23.0,950.0,2.0,0.0,7.0,132.0,499.0,True,grand_total,900,2023-10-21 09:00:00,3,75.0,,0.0,1,1,0,0,1,0,3.5,weather_forecast,0,0,,,,,,,,,,,1,1,2.0,8,4,0,9,18.0,warning,general_situation_report,retain,2023-10-21 09:00:00,391,1,1,24.0,2023-10-22 09:00:00,24.0,8087.0,2087.0,7.0,499.0,True,9.522153924002891,8.138564737261632,2.0794415416798357,6.214608098422191,24.0,True,8466.0,2215.0,7.0,556.0,5192.0,1208.0,-57.0,0.47822239036061376,-0.10795714150509284,9,10,294,5,-0.8660254037844386,0.5000000000000001,-0.9410336347451197,0.3383130181923076,8.998136760700307,6.214608098422191,-5571.0,-0.5240171633025845,1,5192.0,0.47822239036061376,Increasing,0.7543859649122807,0.7368421052631579,57,73.68421052631578,False,Normal Increase
situation_20231022_0900_e2c50dd5.pdf,2023-10-22,"Flood, Landslide, Heavy Rain",4593,,,,,,,,,,2087.0,8087.0,1.0,3.0,0.0,23.0,923.0,2.0,0.0,7.0,132.0,499.0,True,grand_total,900,2023-10-22 09:00:00,3,100.0,,0.0,1,1,0,0,1,0,3.5,weather_forecast,0,0,,,,,,,,,,,1,1,2.0,8,4,0,9,17.0,early_warning,general_situation_report,retain,2023-10-22 09:00:00,392,1,1,24.0,2023-10-23 09:00:00,24.0,5.0,2.0,8.0,560.0,True,8.998136760700307,7.643961949002529,2.0794415416798357,6.214608098422191,24.0,True,13658.0,3423.0,7.0,499.0,-5571.0,-1336.0,0.0,-0.5240171633025845,0.0,9,10,295,6,-0.8660254037844386,0.5000000000000001,-0.9350748843515574,0.3544502230989869,1.791759469228055,6.329720905522696,-8082.0,-7.206377291472252,1,-5571.0,-0.5240171633025845,Decreasing,0.0,0.0,58,0.0,False,Decrease
situation_20231023_0900_542f56a7.pdf,2023-10-23,"Flood, Landslide, Heavy Rain",3153,,,,,,,,,,2.0,5.0,1.0,1.0,0.0,0.0,2.0,0.0,0.0,8.0,147.0,560.0,True,grand_total,900,2023-10-23 09:00:00,3,100.0,,0.0,1,1,0,0,0,0,3.5,weather_forecast,0,0,,,,,,,,,,,1,1,2.0,7,4,0,8,17.0,warning,general_situation_report,retain,2023-10-23 09:00:00,393,1,1,24.0,2023-10-24 09:00:00,24.0,10584.0,3912.0,8.0,689.0,True,1.791759469228055,1.0986122886681098,2.1972245773362196,6.329720905522696,24.0,True,8087.0,2087.0,7.0,499.0,-8082.0,-2085.0,61.0,-7.206377291472252,0.11511280710050453,9,10,296,0,-0.8660254037844386,0.5000000000000001,-0.9288394302558068,0.3704825404820963,9.267193183568965,6.536691597591305,10579.0,7.475433714340911,1,-8082.0,-7.206377291472252,Decreasing,0.0,0.0,57,0.0,False,Decrease
situation_20231024_0900_a71f366a.pdf,2023-10-24,"Flood, Landslide, Heavy Rain, Strong Wind, Lightning",5357,,,,,,,,,,3912.0,10584.0,0.0,1.0,0.0,25.0,811.0,14.0,0.0,8.0,200.0,689.0,True,grand_total,900,2023-10-24 09:00:00,4,75.0,,2.0,1,1,0,0,1,1,3.5,weather_forecast,0,0,,,,,,,,,,,1,1,2.0,9,4,0,10,18.0,early_warning,general_situation_report,retain,2023-10-24 09:00:00,394,1,1,24.0,2023-10-25 15:00:00,30.0,11988.0,4264.0,9.0,728.0,True,9.267193183568965,8.272059622210412,2.1972245773362196,6.536691597591305,24.0,True,5.0,2.0,8.0,560.0,10579.0,3910.0,129.0,7.475433714340911,0.20697069206860874,9,10,297,1,-0.8660254037844386,0.5000000000000001,-0.9223291176290545,0.3864052261209853,9.391744841707654,6.591673732008658,1404.0,0.12455165813868874,1,10579.0,7.475433714340911,Increasing,0.8571428571428571,1.0,56,85.71428571428571,False,Normal Increase
situation_20231025_1500_2798a212.pdf,2023-10-25,"Flood, Landslide, Heavy Rain, Strong Wind, Lightning",4439,,,,,,,,,,4264.0,11988.0,0.0,0.0,0.0,25.0,972.0,0.0,0.0,9.0,217.0,728.0,True,grand_total,1500,2023-10-25 15:00:00,4,75.0,,1.0,1,1,0,0,0,1,3.0,weather_forecast,0,0,,,,,,,,,,,1,1,2.0,10,2,0,10,0.0,warning,general_situation_report,retain,2023-10-25 15:00:00,395,1,1,30.0,2023-10-26 09:00:00,18.0,7439.0,1956.0,9.0,732.0,True,9.391744841707654,8.35819745992578,2.302585092994046,6.591673732008658,30.0,True,10584.0,3912.0,8.0,689.0,1404.0,352.0,39.0,0.12455165813868874,0.054982134417353556,15,10,298,2,-0.8660254037844386,0.5000000000000001,-0.9155458729775467,0.40221356823680365,8.914626127827137,6.597145701886651,-4549.0,-0.4771187138805164,1,1404.0,0.12455165813868874,Increasing,0.6071428571428571,0.5714285714285714,56,57.14285714285714,False,Normal Increase
situation_20231026_0900_84f5120b.pdf,2023-10-26,"Flood, Landslide, Heavy Rain, Strong Wind, Lightning",5388,,,,,,,,,,1956.0,7439.0,0.0,0.0,0.0,26.0,996.0,0.0,0.0,9.0,214.0,732.0,True,grand_total,900,2023-10-26 09:00:00,3,50.0,,0.0,1,1,0,0,0,0,3.5,weather_forecast,0,0,,,,,,,,,,,1,1,2.0,10,2,0,10,18.0,warning,general_situation_report,retain,2023-10-26 09:00:00,396,1,1,18.0,2023-10-27 09:00:00,24.0,7462.0,1907.0,9.0,732.0,True,8.914626127827137,7.579167967396076,2.302585092994046,6.597145701886651,18.0,True,11988.0,4264.0,9.0,728.0,-4549.0,-2308.0,4.0,-0.4771187138805164,0.005471969877993033,9,10,299,3,-0.8660254037844386,0.5000000000000001,-0.9084917035725082,0.41790288888678667,8.917712757131387,6.597145701886651,23.0,0.0030866293042493,1,-4549.0,-0.4771187138805164,Decreasing,0.0,0.0,56,0.0,False,Decrease
situation_20231027_0900_27422d6b.pdf,2023-10-27,"Flood, Landslide, Heavy Rain, Strong Wind, Lightning",4851,,,,,,,,,,1907.0,7462.0,0.0,0.0,0.0,24.0,952.0,0.0,0.0,9.0,214.0,732.0,True,grand_total,900,2023-10-27 09:00:00,3,50.0,,0.0,1,1,0,0,0,0,3.5,weather_forecast,0,0,,,,,,,,,,,1,0,0.0,0,0,0,0,18.0,early_warning,general_situation_report,retain,2023-10-27 09:00:00,397,1,1,24.0,2023-10-28 09:00:00,24.0,6848.0,1791.0,9.0,732.0,True,8.917712757131387,7.553810852008231,2.302585092994046,6.597145701886651,24.0,True,7439.0,1956.0,9.0,732.0,23.0,-49.0,0.0,0.0030866293042493,0.0,9,10,300,4,-0.8660254037844386,0.5000000000000001,-0.9011686968561569,0.4334685453485363,8.831857935197906,6.597145701886651,-614.0,-0.08585482193348071,1,23.0,0.0030866293042493,Increasing,0.18181818181818182,0.18181818181818182,55,18.181818181818183,False,Normal Increase
situation_20231028_0900_20c60737.pdf,2023-10-28,"Flood, Landslide, Heavy Rain, Strong Wind, Lightning",4527,,,,,,,,,,1791.0,6848.0,0.0,0.0,0.0,24.0,957.0,0.0,0.0,9.0,214.0,732.0,True,grand_total,900,2023-10-28 09:00:00,3,100.0,,0.0,1,1,0,0,0,0,3.5,weather_forecast,0,0,,,,,,,,,,,1,1,2.0,4,3,0,5,18.0,early_warning,general_situation_report,retain,2023-10-28 09:00:00,398,1,1,24.0,2023-10-29 09:00:00,24.0,6160.0,1613.0,9.0,732.0,True,8.831857935197906,7.491087593534876,2.302585092994046,6.597145701886651,24.0,True,7462.0,1907.0,9.0,732.0,-614.0,-116.0,0.0,-0.08585482193348071,0.0,9,10,301,5,-0.8660254037844386,0.5000000000000001,-0.8935790198239952,0.4489059314938798,8.725994381014571,6.597145701886651,-688.0,-0.10586355418333504,1,-614.0,-0.08585482193348071,Decreasing,0.0,0.0,56,0.0,False,Decrease
situation_20231029_0900_08c66bdf.pdf,2023-10-29,"Flood, Landslide, Heavy Rain",3211,,,,,,,,,,1613.0,6160.0,0.0,0.0,0.0,24.0,781.0,0.0,0.0,9.0,214.0,732.0,True,grand_total,900,2023-10-29 09:00:00,5,100.0,,2.0,1,1,0,0,0,0,3.5,weather_forecast,0,0,,,,,,,,,,,1,1,2.0,6,2,0,6,18.0,early_warning,general_situation_report,retain,2023-10-29 09:00:00,399,1,1,24.0,2023-10-30 09:00:00,24.0,6160.0,1613.0,9.0,732.0,True,8.725994381014571,7.3864708488298945,2.302585092994046,6.597145701886651,24.0,True,6848.0,1791.0,9.0,732.0,-688.0,-178.0,0.0,-0.10586355418333504,0.0,9,10,302,6,-0.8660254037844386,0.5000000000000001,-0.8857249183835637,0.4642104791518923,8.725994381014571,6.597145701886651,0.0,0.0,1,-688.0,-0.10586355418333504,Decreasing,0.0,0.0,56,0.0,False,Decrease
situation_20231030_0900_b59fbda1.pdf,2023-10-30,"Flood, Landslide, Heavy Rain",3214,,,,,,,,,,1613.0,6160.0,0.0,0.0,0.0,24.0,781.0,0.0,0.0,9.0,214.0,732.0,True,grand_total,900,2023-10-30 09:00:00,3,75.0,,0.0,1,1,0,0,0,0,3.5,weather_forecast,0,0,,,,,,,,,,,1,1,2.0,9,2,0,9,11.25,early_warning,general_situation_report,retain,2023-10-30 09:00:00,400,1,1,24.0,2023-10-31 09:00:00,24.0,6443.0,1690.0,9.0,732.0,True,8.725994381014571,7.3864708488298945,2.302585092994046,6.597145701886651,24.0,True,6160.0,1613.0,9.0,732.0,0.0,0.0,0.0,0.0,0.0,9,10,303,0,-0.8660254037844386,0.5000000000000001,-0.8776087166898392,0.4793776594606945,8.770904744296866,6.597145701886651,283.0,0.044910363282294696,1,0.0,0.0,Stable,0.0,0.0,55,0.0,False,Stable
situation_20231031_0900_a3f8cc03.pdf,2023-10-31,"Flood, Landslide, Heavy Rain, Strong Wind, Lightning",5708,,,,,,,,,,1690.0,6443.0,0.0,0.0,0.0,24.0,848.0,2.0,0.0,9.0,214.0,732.0,True,grand_total,900,2023-10-31 09:00:00,3,75.0,,0.0,1,1,0,0,0,0,3.5,weather_forecast,0,0,,,,,,,,,,,1,1,2.0,10,3,0,11,13.5,early_warning,general_situation_report,retain,2023-10-31 09:00:00,401,1,1,24.0,2023-11-01 09:00:00,24.0,5755.0,1498.0,8.0,669.0,True,8.770904744296866,7.43307534889858,2.302585092994046,6.597145701886651,24.0,True,6160.0,1613.0,9.0,732.0,283.0,77.0,0.0,0.044910363282294696,0.0,9,10,304,1,-0.8660254037844386,0.5000000000000001,-0.8692328164574792,0.49440298420761813,8.657998068007258,6.507277712385012,-688.0,-0.11290667628960804,1,283.0,0.044910363282294696,Increasing,0.5370370370370371,0.42592592592592593,54,42.592592592592595,False,Normal Increase
situation_20231101_0900_3e95677d.pdf,2023-11-01,"Flood, Landslide, Heavy Rain, Strong Wind, Lightning",5222,,,,,,,,,,1498.0,5755.0,0.0,0.0,0.0,21.0,711.0,1.0,0.0,8.0,192.0,669.0,True,grand_total,900,2023-11-01 09:00:00,3,100.0,,0.0,1,1,0,0,0,0,3.5,weather_forecast,0,0,,,,,,,,,,,1,1,2.0,10,3,0,11,17.75,early_warning,general_situation_report,retain,2023-11-01 09:00:00,402,1,1,24.0,2023-11-02 09:00:00,24.0,5780.0,1502.0,8.0,669.0,True,8.657998068007258,7.312553498102598,2.1972245773362196,6.507277712385012,24.0,True,6443.0,1690.0,9.0,732.0,-688.0,-192.0,-63.0,-0.11290667628960804,-0.08986798950163966,9,11,305,2,-0.5000000000000004,0.8660254037844384,-0.8605996962501181,0.5092820071573356,8.662331957082475,6.507277712385012,25.0,0.004333889075217812,1,-688.0,-0.11290667628960804,Decreasing,0.0,0.0,55,0.0,False,Decrease
situation_20231102_0900_56e2d4a8.pdf,2023-11-02,"Flood, Landslide, Heavy Rain, Strong Wind, Lightning",4177,,,,,,,,,,1502.0,5780.0,0.0,2.0,0.0,21.0,712.0,5.0,0.0,8.0,192.0,669.0,True,grand_total,900,2023-11-02 09:00:00,4,100.0,,2.0,1,1,0,0,0,0,3.5,weather_forecast,0,0,,,,,,,,,,,1,1,2.0,10,3,0,11,18.0,early_warning,general_situation_report,retain,2023-11-02 09:00:00,403,1,1,24.0,2023-11-03 09:00:00,24.0,6723.0,1752.0,11.0,809.0,True,8.662331957082475,7.315218389752975,2.1972245773362196,6.507277712385012,24.0,True,5755.0,1498.0,8.0,669.0,25.0,4.0,0.0,0.004333889075217812,0.0,9,11,306,3,-0.5000000000000004,0.8660254037844384,-0.8517119107469189,0.5240103253675756,8.813438494528507,6.697034247666484,943.0,0.1511065374460312,1,25.0,0.004333889075217812,Increasing,0.2,0.23636363636363636,55,20.0,False,Normal Increase
situation_20231103_0900_7cdd2e55.pdf,2023-11-03,"Flood, Landslide, Heavy Rain, Strong Wind, Lightning",6432,,,,,,,,,,1752.0,6723.0,1.0,0.0,0.0,21.0,763.0,5.0,0.0,11.0,225.0,809.0,True,grand_total,900,2023-11-03 09:00:00,3,100.0,,0.0,1,1,0,0,0,0,3.5,weather_forecast,0,0,,,,,,,,,,,1,1,2.0,10,3,0,11,17.0,early_warning,general_situation_report,retain,2023-11-03 09:00:00,404,1,1,24.0,2023-11-04 09:00:00,24.0,1415.0,372.0,10.0,564.0,True,8.813438494528507,7.469083884921234,2.4849066497880004,6.697034247666484,24.0,True,5780.0,1502.0,8.0,669.0,943.0,250.0,140.0,0.1511065374460312,0.18975653528147252,9,11,307,4,-0.5000000000000004,0.8660254037844384,-0.8425720899866032,0.5385835804920232,7.255591274253665,6.336825731146441,-5308.0,-1.5578472202748417,1,943.0,0.1511065374460312,Increasing,0.6428571428571429,0.625,56,62.5,False,Normal Increase
situation_20231104_0900_2e47ff92.pdf,2023-11-04,"Flood, Landslide, Heavy Rain, Lightning",4877,,,,,,,,,,372.0,1415.0,1.0,3.0,0.0,0.0,45.0,1.0,0.0,10.0,158.0,564.0,True,grand_total,900,2023-11-04 09:00:00,4,100.0,,2.0,1,1,0,0,0,0,3.5,weather_forecast,0,0,,,,,,,,,,,1,0,0.0,0,0,0,0,41.0,early_warning,general_situation_report,retain,2023-11-04 09:00:00,405,1,1,24.0,2023-11-05 09:00:00,24.0,362.0,88.0,17.0,1111.0,True,7.255591274253665,5.921578419643816,2.3978952727983707,6.336825731146441,24.0,True,6723.0,1752.0,11.0,809.0,-5308.0,-1380.0,-245.0,-1.5578472202748417,-0.3602085165200428,9,11,308,5,-0.5000000000000004,0.8660254037844384,-0.8331829385891785,0.5529974600700271,5.8944028342648505,7.013915474810528,-1053.0,-1.3611884399888146,1,-5308.0,-1.5578472202748417,Decreasing,0.0,0.0,56,0.0,False,Decrease
situation_20231105_0900_65e7a8f0.pdf,2023-11-05,"Flood, Landslide, Heavy Rain",3885,,,,,,,,,,88.0,362.0,1.0,0.0,0.0,0.0,0.0,0.0,0.0,17.0,425.0,1111.0,True,grand_total,900,2023-11-05 09:00:00,4,75.0,,2.0,1,1,0,0,0,0,3.5,weather_forecast,0,0,,,,,,,,,,,1,1,2.0,8,3,0,8,18.0,early_warning,general_situation_report,retain,2023-11-05 09:00:00,406,1,1,24.0,2023-11-06 09:00:00,24.0,267.0,69.0,17.0,959.0,True,5.8944028342648505,4.48863636973214,2.8903717578961645,7.013915474810528,24.0,True,1415.0,372.0,10.0,564.0,-1053.0,-284.0,547.0,-1.3611884399888146,0.6770897436640864,9,11,309,6,-0.5000000000000004,0.8660254037844384,-0.8235472349556007,0.5672476988027229,5.5909869805108565,6.866933284461882,-95.0,-0.30341585375399394,1,-1053.0,-1.3611884399888146,Decreasing,0.0,0.0,56,0.0,False,Decrease
situation_20231106_0900_3a9048a2.pdf,2023-11-06,"Flood, Landslide, Heavy Rain, Strong Wind, Lightning",4611,,,,,,,,,,69.0,267.0,2.0,0.0,0.0,0.0,3.0,0.0,0.0,17.0,389.0,959.0,True,grand_total,900,2023-11-06 09:00:00,4,75.0,,2.0,1,1,0,0,0,0,3.5,weather_forecast,0,0,,,,,,,,,,,1,1,2.0,5,3,0,5,18.0,early_warning,general_situation_report,retain,2023-11-06 09:00:00,407,1,1,24.0,2023-11-07 09:00:00,24.0,10892.0,3066.0,16.0,740.0,True,5.5909869805108565,4.248495242049359,2.8903717578961645,6.866933284461882,24.0,True,362.0,88.0,17.0,1111.0,-95.0,-19.0,-152.0,-0.30341585375399394,-0.14698219034864568,9,11,310,0,-0.5000000000000004,0.8660254037844384,-0.8136678304455991,0.5813300798152042,9.295875660082446,6.608000625296087,10625.0,3.7048886795715896,1,-95.0,-0.30341585375399394,Decreasing,0.0,0.0,55,0.0,False,Decrease
situation_20231107_0900_afdd3b4d.pdf,2023-11-07,"Flood, Landslide, Heavy Rain, Strong Wind, Lightning",7907,,,,,,,,,,3066.0,10892.0,1.0,2.0,0.0,2.0,190.0,0.0,0.0,16.0,210.0,740.0,True,grand_total,900,2023-11-07 09:00:00,4,100.0,,2.0,1,1,0,0,0,0,3.5,weather_forecast,0,0,,,,,,,,,,,1,1,2.0,5,3,0,6,17.5,early_warning,general_situation_report,retain,2023-11-07 09:00:00,408,1,1,24.0,2023-11-08 09:00:00,24.0,14558.0,3935.0,22.0,1350.0,True,9.295875660082446,8.028455164114252,2.833213344056216,6.608000625296087,24.0,True,267.0,69.0,17.0,959.0,10625.0,2997.0,-219.0,3.7048886795715896,-0.25893265916579544,9,11,311,1,-0.5000000000000004,0.8660254037844384,-0.8035476485339116,0.5952404359043674,9.585964638073326,7.208600337960199,3666.0,0.2900889779908802,1,10625.0,3.7048886795715896,Increasing,0.8909090909090909,0.9272727272727272,55,89.0909090909091,False,Normal Increase
situation_20231108_0900_7278ea17.pdf,2023-11-08,"Flood, Landslide, Heavy Rain, Strong Wind, Lightning",7236,,,,,,,,,,3935.0,14558.0,0.0,0.0,0.0,2.0,162.0,0.0,0.0,22.0,371.0,1350.0,True,grand_total,900,2023-11-08 09:00:00,4,75.0,,2.0,1,1,0,0,0,0,3.5,weather_forecast,0,0,,,,,,,,,,,1,1,2.0,5,3,0,6,17.0,early_warning,general_situation_report,retain,2023-11-08 09:00:00,409,1,1,24.0,2023-11-09 09:00:00,24.0,22634.0,5949.0,28.0,1743.0,True,9.585964638073326,8.277920258172143,3.1354942159291497,7.208600337960199,24.0,True,10892.0,3066.0,16.0,740.0,3666.0,869.0,610.0,0.2900889779908802,0.6005997126641125,9,11,312,2,-0.5000000000000004,0.8660254037844384,-0.7931896839451843,0.6089746507720486,10.02725265987006,7.463936604468925,8076.0,0.44128802179673343,1,3666.0,0.2900889779908802,Increasing,0.6785714285714286,0.6607142857142857,56,66.07142857142857,False,Normal Increase
situation_20231109_0900_347788a7.pdf,2023-11-09,"Flood, Landslide, Heavy Rain, Strong Wind, Lightning",7747,,,,,,,,,,5949.0,22634.0,0.0,0.0,0.0,0.0,248.0,0.0,2.0,28.0,479.0,1743.0,True,grand_total,900,2023-11-09 09:00:00,4,75.0,,2.0,1,1,0,0,0,0,3.5,weather_forecast,0,0,,,,,,,,,,,1,1,2.0,5,3,0,6,18.0,early_warning,general_situation_report,retain,2023-11-09 09:00:00,410,1,1,24.0,2023-11-10 09:00:00,24.0,20578.0,5375.0,25.0,1450.0,True,10.02725265987006,8.691146498539675,3.367295829986474,7.463936604468925,24.0,True,14558.0,3935.0,22.0,1350.0,8076.0,2014.0,393.0,0.44128802179673343,0.255336266508726,9,11,313,3,-0.5000000000000004,0.8660254037844384,-0.7825970017677834,0.6225286602431057,9.932026417342549,7.280008252884188,-2056.0,-0.09522624252751122,1,8076.0,0.44128802179673343,Increasing,0.8245614035087719,0.6842105263157895,57,68.42105263157895,False,Normal Increase
situation_20231110_0900_1d543a88.pdf,2023-11-10,"Flood, Landslide, Heavy Rain, Strong Wind, Lightning",5444,,,,,,,,,,5375.0,20578.0,0.0,0.0,0.0,1.0,89.0,1.0,2.0,25.0,398.0,1450.0,True,grand_total,900,2023-11-10 09:00:00,3,75.0,,2.0,1,1,0,0,0,0,3.5,weather_forecast,0,0,,,,,,,,,,,1,1,2.0,7,4,0,8,10.5,early_warning,general_situation_report,retain,2023-11-10 09:00:00,411,1,1,24.0,2023-11-11 09:00:00,24.0,23132.0,5992.0,25.0,1511.0,True,9.932026417342549,8.589699882202986,3.258096538021482,7.280008252884188,24.0,True,22634.0,5949.0,28.0,1743.0,-2056.0,-574.0,-293.0,-0.09522624252751122,-0.1839283515847372,9,11,314,4,-0.5000000000000004,0.8660254037844384,-0.7717727365467836,0.6358984534680745,10.04901544850107,7.321188556739478,2554.0,0.11698903115852133,1,-2056.0,-0.09522624252751122,Decreasing,0.0,0.0,58,0.0,False,Decrease
situation_20231111_0900_c07bcca6.pdf,2023-11-11,"Flood, Landslide, Heavy Rain, Strong Wind, Lightning",5545,,,,,,,,,,5992.0,23132.0,0.0,2.0,0.0,1.0,268.0,1.0,0.0,25.0,415.0,1511.0,True,grand_total,900,2023-11-11 09:00:00,3,50.0,,0.0,1,1,0,0,0,0,3.5,weather_forecast,0,0,,,,,,,,,,,1,1,2.0,7,4,0,8,18.0,warning,general_situation_report,retain,2023-11-11 09:00:00,412,1,1,24.0,2023-11-12 09:00:00,24.0,21386.0,5523.0,25.0,1511.0,True,10.04901544850107,8.698347400458186,3.258096538021482,7.321188556739478,24.0,True,20578.0,5375.0,25.0,1450.0,2554.0,617.0,61.0,0.11698903115852133,0.041180303855290035,9,11,315,5,-0.5000000000000004,0.8660254037844384,-0.7607200913564104,0.6490800741100398,9.970538539785737,7.321188556739478,-1746.0,-0.07847690871533253,1,2554.0,0.11698903115852133,Increasing,0.6666666666666666,0.49122807017543857,57,49.122807017543856,False,Normal Increase
situation_20231112_0900_7cef4317.pdf,2023-11-12,"Flood, Landslide, Heavy Rain, Strong Wind",4373,,,,,,,,,,5523.0,21386.0,0.0,0.0,0.0,1.0,252.0,0.0,0.0,25.0,415.0,1511.0,True,grand_total,900,2023-11-12 09:00:00,3,100.0,,0.0,1,1,0,0,0,0,3.5,weather_forecast,0,0,,,,,,,,,,,1,1,2.0,7,4,0,8,18.0,early_warning,general_situation_report,retain,2023-11-12 09:00:00,413,1,1,24.0,2023-11-13 09:00:00,24.0,20549.0,5304.0,22.0,1569.0,True,9.970538539785737,8.616857514529183,3.258096538021482,7.321188556739478,24.0,True,23132.0,5992.0,25.0,1511.0,-1746.0,-469.0,0.0,-0.07847690871533253,0.0,9,11,316,6,-0.5000000000000004,0.8660254037844384,-0.7494423368521954,0.6620696215153815,9.930616219924381,7.358830898342354,-837.0,-0.03992231986135586,1,-1746.0,-0.07847690871533253,Decreasing,0.0,0.0,58,0.0,False,Decrease
situation_20231113_0900_04c8a991.pdf,2023-11-13,"Flood, Landslide, Heavy Rain",4307,,,,,,,,,,5304.0,20549.0,0.0,0.0,4.0,1.0,8.0,0.0,0.0,22.0,428.0,1569.0,True,grand_total,900,2023-11-13 09:00:00,6,100.0,,2.0,1,1,0,0,0,0,3.5,weather_forecast,0,0,,,,,,,,,,,1,1,2.0,6,2,0,6,18.0,warning,general_situation_report,retain,2023-11-13 09:00:00,414,1,1,24.0,2023-11-14 09:00:00,24.0,21697.0,5733.0,13.0,551.0,True,9.930616219924381,8.576405051048084,3.1354942159291497,7.358830898342354,24.0,True,21386.0,5523.0,25.0,1511.0,-837.0,-219.0,58.0,-0.03992231986135586,0.03764234160287572,9,11,317,0,-0.5000000000000004,0.8660254037844384,-0.7379428103031386,0.6748632518680403,9.984975369382395,6.313548046277095,1148.0,0.05435914945801379,1,-837.0,-0.03992231986135586,Decreasing,0.0,0.0,57,0.0,False,Decrease
situation_20231114_0900_d00d0358.pdf,2023-11-14,"Flood, Landslide, Heavy Rain, Strong Wind, Lightning",7437,,,,,,,,,,5733.0,21697.0,2.0,2.0,4.0,2.0,183.0,4.0,7.0,13.0,164.0,551.0,True,grand_total,900,2023-11-14 09:00:00,4,100.0,,2.0,1,1,0,0,0,0,3.5,weather_forecast,0,0,,,,,,,,,,,1,1,2.0,6,2,0,6,18.0,early_warning,general_situation_report,retain,2023-11-14 09:00:00,415,1,1,24.0,2023-11-15 09:00:00,24.0,10660.0,2900.0,10.0,513.0,True,9.984975369382395,8.654168646443315,2.6390573296152584,6.313548046277095,24.0,True,20549.0,5304.0,22.0,1569.0,1148.0,429.0,-1018.0,0.05435914945801379,-1.0452828520652586,9,11,318,1,-0.5000000000000004,0.8660254037844384,-0.7262249146041543,0.6874571793269664,9.274347501950475,6.2422232654551655,-11037.0,-0.7106278674319206,1,1148.0,0.05435914945801379,Increasing,0.6428571428571429,0.4642857142857143,56,46.42857142857143,False,Normal Increase
situation_20231115_0900_1892f5a0.pdf,2023-11-15,"Flood, Landslide, Heavy Rain, Strong Wind, Lightning",5444,,,,,,,,,,2900.0,10660.0,4.0,2.0,0.0,2.0,48.0,0.0,1.0,10.0,154.0,513.0,True,grand_total,900,2023-11-15 09:00:00,3,75.0,,0.0,1,1,0,0,0,0,3.5,weather_forecast,0,0,,,,,,,,,,,1,1,2.0,7,2,0,7,17.5,early_warning,general_situation_report,retain,2023-11-15 09:00:00,416,1,1,24.0,2023-11-16 09:00:00,24.0,14260.0,3766.0,10.0,510.0,True,9.274347501950475,7.972810784121404,2.3978952727983707,6.2422232654551655,24.0,True,21697.0,5733.0,13.0,551.0,-11037.0,-2833.0,-38.0,-0.7106278674319206,-0.0713247808219295,9,11,319,2,-0.5000000000000004,0.8660254037844384,-0.7142921172691032,0.699847677146407,9.565283817736766,6.236369590203704,3600.0,0.29093631578629164,1,-11037.0,-0.7106278674319206,Decreasing,0.0,0.0,57,0.0,False,Decrease
situation_20231116_0900_70b221d4.pdf,2023-11-16,"Flood, Landslide, Heavy Rain, Strong Wind, Lightning",5736,,,,,,,,,,3766.0,14260.0,1.0,5.0,0.0,0.0,138.0,4.0,6.0,10.0,154.0,510.0,True,grand_total,900,2023-11-16 09:00:00,3,50.0,,0.0,1,1,0,0,0,0,3.5,weather_forecast,0,0,,,,,,,,,,,1,1,2.0,2,2,0,3,17.5,early_warning,general_situation_report,retain,2023-11-16 09:00:00,417,1,1,24.0,2023-11-17 09:00:00,24.0,9831.0,2662.0,10.0,510.0,True,9.565283817736766,8.23403420769204,2.3978952727983707,6.236369590203704,24.0,True,10660.0,2900.0,10.0,513.0,3600.0,866.0,-3.0,0.29093631578629164,-0.005853675251461077,9,11,320,3,-0.5000000000000004,0.8660254037844384,-0.7021479494046978,0.7120310787787131,9.19339765124587,6.236369590203704,-4429.0,-0.3718861664908957,1,3600.0,0.29093631578629164,Increasing,0.6842105263157895,0.6491228070175439,57,64.91228070175438,False,Normal Increase
situation_20231117_0900_2a3cf004.pdf,2023-11-17,"Flood, Landslide, Heavy Rain, Strong Wind, Lightning",5251,,,,,,,,,,2662.0,9831.0,0.0,5.0,0.0,0.0,67.0,1.0,6.0,10.0,154.0,510.0,True,grand_total,900,2023-11-17 09:00:00,3,50.0,,0.0,1,1,0,0,0,0,3.5,weather_forecast,0,0,,,,,,,,,,,1,1,2.0,4,1,0,4,11.0,early_warning,general_situation_report,retain,2023-11-17 09:00:00,418,1,1,24.0,2023-11-18 09:00:00,24.0,6089.0,1680.0,11.0,520.0,True,9.19339765124587,7.887208585813932,2.3978952727983707,6.236369590203704,24.0,True,14260.0,3766.0,10.0,510.0,-4429.0,-1104.0,0.0,-0.3718861664908957,0.0,9,11,321,4,-0.5000000000000004,0.8660254037844384,-0.6897960046655887,0.7240037789593305,8.714403360703942,6.255750041753367,-3742.0,-0.47899429054192844,1,-4429.0,-0.3718861664908957,Decreasing,0.0,0.0,57,0.0,False,Decrease
situation_20231118_0900_7b8ae302.pdf,2023-11-18,"Flood, Landslide, Heavy Rain, Strong Wind, Lightning",5308,,,,,,,,,,1680.0,6089.0,0.0,5.0,0.0,0.0,53.0,0.0,6.0,11.0,157.0,520.0,True,grand_total,900,2023-11-18 09:00:00,3,100.0,,0.0,1,1,0,0,0,0,3.5,weather_forecast,0,0,,,,,,,,,,,1,1,2.0,4,4,0,6,13.5,early_warning,general_situation_report,retain,2023-11-18 09:00:00,419,1,1,24.0,2023-11-19 09:00:00,24.0,0.0,0.0,8.0,463.0,True,8.714403360703942,7.427144133408616,2.4849066497880004,6.255750041753367,24.0,True,9831.0,2662.0,10.0,510.0,-3742.0,-982.0,10.0,-0.47899429054192844,0.019380451549662503,9,11,322,5,-0.5000000000000004,0.8660254037844384,-0.6772399381909491,0.7357622347736527,0.0,6.139884552226255,-6089.0,-8.714403360703942,1,-3742.0,-0.47899429054192844,Decreasing,0.0,0.0,56,0.0,False,Decrease
situation_20231119_0900_7fadec90.pdf,2023-11-19,"Flood, Landslide, Heavy Rain",2858,,,,,,,,,,0.0,0.0,0.0,0.0,0.0,0.0,0.0,0.0,0.0,8.0,142.0,463.0,True,grand_total,900,2023-11-19 09:00:00,5,100.0,,2.0,1,1,0,0,0,0,3.5,weather_forecast,0,0,,,,,,,,,,,1,1,2.0,8,5,0,8,13.5,early_warning,general_situation_report,retain,2023-11-19 09:00:00,420,1,1,24.0,2023-11-20 09:00:00,24.0,1.0,1.0,8.0,463.0,True,0.0,0.0,2.1972245773362196,6.139884552226255,24.0,True,6089.0,1680.0,11.0,520.0,-6089.0,-1680.0,-57.0,-8.714403360703942,-0.11586548952711162,9,11,323,6,-0.5000000000000004,0.8660254037844384,-0.6644834655228552,0.7473029667054296,0.6931471805599453,6.139884552226255,1.0,0.6931471805599453,1,-6089.0,-8.714403360703942,Decreasing,0.0,0.0,56,0.0,False,Decrease
situation_20231120_0900_285f5028.pdf,2023-11-20,"Flood, Landslide, Heavy Rain",3070,,,,,,,,,,1.0,1.0,1.0,0.0,0.0,0.0,0.0,0.0,0.0,8.0,142.0,463.0,True,grand_total,900,2023-11-20 09:00:00,5,100.0,,2.0,1,1,0,0,0,0,3.5,weather_forecast,0,0,,,,,,,,,,,1,1,3.0,6,6,1,8,15.5,early_warning,general_situation_report,retain,2023-11-20 09:00:00,421,1,1,24.0,2023-11-21 09:00:00,24.0,652.0,190.0,11.0,817.0,True,0.6931471805599453,0.6931471805599453,2.1972245773362196,6.139884552226255,24.0,True,0.0,0.0,8.0,463.0,1.0,1.0,0.0,0.6931471805599453,0.0,9,11,324,0,-0.5000000000000004,0.8660254037844384,-0.6515303615068021,0.75862255966641,6.481577129276431,6.706862336602747,651.0,5.788429948716486,1,1.0,0.6931471805599453,Increasing,0.0,0.75,56,0.0,False,Normal Increase
situation_20231121_0900_08d3d55b.pdf,2023-11-21,"Flood, Landslide, Heavy Rain, Lightning",3472,,,,,,,,,,190.0,652.0,0.0,0.0,0.0,1.0,62.0,0.0,0.0,11.0,238.0,817.0,True,grand_total,900,2023-11-21 09:00:00,3,75.0,,0.0,1,1,0,0,0,0,3.5,weather_forecast,0,0,,,,,,,,,,,1,1,3.0,7,6,1,8,16.0,early_warning,general_situation_report,retain,2023-11-21 09:00:00,422,1,1,24.0,2023-11-22 09:00:00,24.0,2930.0,798.0,11.0,639.0,True,6.481577129276431,5.25227342804663,2.4849066497880004,6.706862336602747,24.0,True,1.0,1.0,8.0,463.0,651.0,189.0,354.0,5.788429948716486,0.5669777843764914,9,11,325,1,-0.5000000000000004,0.8660254037844384,-0.6383844591746642,0.7697176640069211,7.983098940710892,6.461468176353717,2278.0,1.5015218114344613,1,651.0,5.788429948716486,Increasing,0.5714285714285714,0.9821428571428571,56,57.14285714285714,False,Normal Increase
situation_20231122_0900_f85f8676.pdf,2023-11-22,"Flood, Landslide, Heavy Rain, Strong Wind, Lightning",5399,,,,,,,,,,798.0,2930.0,1.0,0.0,0.0,3.0,116.0,0.0,0.0,11.0,191.0,639.0,True,grand_total,900,2023-11-22 09:00:00,3,100.0,,2.0,1,1,0,0,0,0,3.5,weather_forecast,0,0,,,,,,,,,,,1,1,2.0,8,6,0,9,13.0,warning,general_situation_report,retain,2023-11-22 09:00:00,423,1,1,24.0,2023-11-23 09:00:00,24.0,517.0,127.0,12.0,662.0,True,7.983098940710892,6.683360945766275,2.4849066497880004,6.461468176353717,24.0,True,652.0,190.0,11.0,817.0,2278.0,608.0,-178.0,1.5015218114344613,-0.24539416024902927,9,11,326,2,-0.5000000000000004,0.8660254037844384,-0.6250496486104377,0.7805849965070866,6.249975242259483,6.4967749901858625,-2413.0,-1.7331236984514096,1,2278.0,1.5015218114344613,Increasing,0.6666666666666666,0.8070175438596491,57,66.66666666666666,False,Normal Increase
situation_20231123_0900_dd2b9d20.pdf,2023-11-23,"Flood, Landslide, Heavy Rain, Strong Wind, Lightning",4928,,,,,,,,,,127.0,517.0,3.0,0.0,0.0,1.0,37.0,0.0,0.0,12.0,198.0,662.0,True,grand_total,900,2023-11-23 09:00:00,4,100.0,,2.0,1,1,0,0,0,0,3.5,weather_forecast,0,0,,,,,,,,,,,1,1,3.0,10,5,2,10,12.5,warning,general_situation_report,retain,2023-11-23 09:00:00,424,1,1,24.0,2023-11-24 09:00:00,24.0,5318.0,1419.0,18.0,1562.0,True,6.249975242259483,4.852030263919617,2.5649493574615367,6.4967749901858625,24.0,True,2930.0,798.0,11.0,639.0,-2413.0,-671.0,23.0,-1.7331236984514096,0.03530681383214507,9,11,327,3,-0.5000000000000004,0.8660254037844384,-0.6115298757991053,0.7912213413483807,8.579040594742317,7.354362330421477,4801.0,2.329065352482834,1,-2413.0,-1.7331236984514096,Decreasing,0.0,0.0,57,0.0,False,Decrease
situation_20231124_0900_64ff2f13.pdf,2023-11-24,"Flood, Landslide, Heavy Rain, Strong Wind, Lightning",5863,,,,,,,,,,1419.0,5318.0,1.0,0.0,1.0,4.0,114.0,0.0,0.0,18.0,430.0,1562.0,True,grand_total,900,2023-11-24 09:00:00,3,,,0.0,0,1,0,0,0,0,3.5,weather_forecast,0,0,,,,,,,,,,,1,1,3.0,10,5,2,10,17.5,early_warning,general_situation_report,retain,2023-11-24 09:00:00,425,1,1,24.0,2023-11-25 09:00:00,24.0,13077.0,3449.0,23.0,2192.0,True,8.579040594742317,7.258412150595307,2.9444389791664403,7.354362330421477,24.0,True,517.0,127.0,12.0,662.0,4801.0,1292.0,900.0,2.329065352482834,0.8575873402356144,9,11,328,4,-0.5000000000000004,0.8660254037844384,-0.5978291414589552,0.801623551065242,9.478686708121222,7.693025748417888,7759.0,0.8996461133789051,1,4801.0,2.329065352482834,Increasing,0.7894736842105263,0.8947368421052632,57,78.94736842105263,False,Normal Increase
situation_20231125_0900_935424e9.pdf,2023-11-25,"Flood, Landslide, Heavy Rain, Lightning",6682,,,,,,,,,,3449.0,13077.0,0.0,0.0,1.0,5.0,186.0,0.0,0.0,23.0,589.0,2192.0,True,grand_total,900,2023-11-25 09:00:00,3,,,0.0,0,1,0,0,0,0,3.5,weather_forecast,0,0,,,,,,,,,,,1,1,3.0,10,5,1,10,17.5,early_warning,general_situation_report,retain,2023-11-25 09:00:00,426,1,1,24.0,2023-11-26 09:00:00,24.0,4898.0,1198.0,10.0,611.0,True,9.478686708121222,8.146129510025405,3.1780538303479458,7.693025748417888,24.0,True,5318.0,1419.0,18.0,1562.0,7759.0,2030.0,630.0,0.8996461133789051,0.3386634179964112,9,11,329,5,-0.5000000000000004,0.8660254037844384,-0.5839514998576998,0.8117885474764613,8.496786381638575,6.416732282512326,-8179.0,-0.9819003264826467,1,7759.0,0.8996461133789051,Increasing,0.8771929824561403,0.7543859649122807,57,75.43859649122807,False,Normal Increase
situation_20231126_0900_e1c2ac82.pdf,2023-11-26,"Flood, Landslide, Heavy Rain",3652,,,,,,,,,,1198.0,4898.0,1.0,0.0,1.0,0.0,6.0,0.0,0.0,10.0,186.0,611.0,True,grand_total,900,2023-11-26 09:00:00,3,,,0.0,0,1,0,0,0,0,3.5,weather_forecast,0,0,,,,,,,,,,,1,1,3.0,4,1,1,4,17.5,early_warning,general_situation_report,retain,2023-11-26 09:00:00,427,1,1,24.0,2023-11-27 09:00:00,24.0,4898.0,1198.0,10.0,611.0,True,8.496786381638575,7.089243155027514,2.3978952727983707,6.416732282512326,24.0,True,13077.0,3449.0,23.0,2192.0,-8179.0,-2251.0,-1581.0,-0.9819003264826467,-1.276293465905562,9,11,330,6,-0.5000000000000004,0.8660254037844384,-0.5699010576127624,0.8217133225960589,8.496786381638575,6.416732282512326,0.0,0.0,1,-8179.0,-0.9819003264826467,Decreasing,0.0,0.0,58,0.0,False,Decrease
situation_20231127_0900_72896cac.pdf,2023-11-27,"Flood, Landslide, Heavy Rain",3674,,,,,,,,,,1198.0,4898.0,1.0,0.0,1.0,0.0,6.0,0.0,0.0,10.0,186.0,611.0,True,grand_total,900,2023-11-27 09:00:00,3,75.0,,0.0,1,1,0,0,0,0,3.5,weather_forecast,0,0,,,,,,,,,,,1,1,3.0,4,1,1,4,17.5,warning,general_situation_report,retain,2023-11-27 09:00:00,428,1,1,24.0,2023-11-28 09:00:00,24.0,831.0,223.0,10.0,636.0,True,8.496786381638575,7.089243155027514,2.3978952727983707,6.416732282512326,24.0,True,4898.0,1198.0,10.0,611.0,0.0,0.0,0.0,0.0,0.0,9,11,331,0,-0.5000000000000004,0.8660254037844384,-0.5556819724760489,0.8313949395234058,6.723832440821209,6.456769655572163,-4067.0,-1.7729539408173665,1,0.0,0.0,Stable,0.0,0.0,58,0.0,False,Stable
situation_20231128_0900_2eff2b97.pdf,2023-11-28,"Flood, Landslide, Heavy Rain, Strong Wind, Lightning",5129,,,,,,,,,,223.0,831.0,1.0,0.0,1.0,1.0,116.0,6.0,0.0,10.0,194.0,636.0,True,grand_total,900,2023-11-28 09:00:00,3,75.0,,0.0,1,1,0,0,1,0,3.5,weather_forecast,0,0,,,,,,,,,,,1,1,3.0,4,1,1,4,17.5,early_warning,general_situation_report,retain,2023-11-28 09:00:00,429,1,1,24.0,2023-11-29 09:00:00,24.0,1029.0,286.0,12.0,947.0,True,6.723832440821209,5.4116460518550396,2.3978952727983707,6.456769655572163,24.0,True,4898.0,1198.0,10.0,611.0,-4067.0,-975.0,25.0,-1.7729539408173665,0.04003737305983712,9,11,332,1,-0.5000000000000004,0.8660254037844384,-0.5412984521036173,0.8408305333122887,6.937314081223682,6.854354502255021,198.0,0.21348164040247308,1,-4067.0,-1.7729539408173665,Decreasing,0.0,0.0,58,0.0,False,Decrease
situation_20231129_0900_39191992.pdf,2023-11-29,"Landslide, Heavy Rain, Lightning",3522,,,,,,,,,,286.0,1029.0,0.0,0.0,1.0,0.0,85.0,6.0,0.0,12.0,295.0,947.0,True,grand_total,900,2023-11-29 09:00:00,5,100.0,,2.0,1,1,0,0,1,1,3.0,weather_forecast,0,0,,,,,,,,,,,1,0,0.0,0,0,0,0,41.5,early_warning,general_situation_report,retain,2023-11-29 09:00:00,430,1,1,24.0,2023-11-30 09:00:00,24.0,1075.0,298.0,12.0,947.0,True,6.937314081223682,5.659482215759621,2.5649493574615367,6.854354502255021,24.0,True,831.0,223.0,10.0,636.0,198.0,63.0,311.0,0.21348164040247308,0.3975848466828582,9,11,333,2,-0.5000000000000004,0.8660254037844384,-0.5267547528105542,0.8500173118187018,6.98100574072173,6.854354502255021,46.0,0.0436916594980481,1,198.0,0.21348164040247308,Increasing,0.47368421052631576,0.5087719298245614,57,47.368421052631575,False,Normal Increase
situation_20231130_0900_93088f23.pdf,2023-11-30,"Landslide, Heavy Rain, Lightning",4339,,,,,,,,,,298.0,1075.0,0.0,0.0,0.0,0.0,102.0,6.0,0.0,12.0,295.0,947.0,True,grand_total,900,2023-11-30 09:00:00,3,100.0,,0.0,1,1,0,0,1,1,3.5,weather_forecast,0,0,,,,,,,,,,,1,1,3.0,3,1,1,3,17.0,warning,general_situation_report,retain,2023-11-30 09:00:00,431,1,1,24.0,2023-12-01 09:00:00,24.0,1403.0,386.0,12.0,947.0,True,6.98100574072173,5.700443573390687,2.5649493574615367,6.854354502255021,24.0,True,1029.0,286.0,12.0,947.0,46.0,12.0,0.0,0.0436916594980481,0.0,9,11,334,3,-0.5000000000000004,0.8660254037844384,-0.5120551783114646,0.8589525565270845,7.247080584585756,6.854354502255021,328.0,0.26607484386402636,1,46.0,0.0436916594980481,Increasing,0.27586206896551724,0.29310344827586204,58,27.586206896551722,False,Normal Increase
situation_20231201_0900_5571574e.pdf,2023-12-01,"Flood, Landslide, Heavy Rain, Lightning",4198,,,,,,,,,,386.0,1403.0,0.0,0.0,0.0,0.0,102.0,8.0,0.0,12.0,295.0,947.0,True,grand_total,900,2023-12-01 09:00:00,3,100.0,,0.0,1,1,0,0,1,1,3.5,weather_forecast,0,0,,,,,,,,,,,1,1,2.0,4,1,0,4,17.0,early_warning,general_situation_report,retain,2023-12-01 09:00:00,432,1,1,24.0,2023-12-02 09:00:00,24.0,451.0,133.0,11.0,888.0,True,7.247080584585756,5.958424693029782,2.5649493574615367,6.854354502255021,24.0,True,1075.0,298.0,12.0,947.0,328.0,88.0,0.0,0.26607484386402636,0.0,9,12,335,4,-2.4492935982947064e-16,1.0,-0.4972040784469378,0.8676336233547726,6.113682179832232,6.790097235513905,-952.0,-1.1333984047535246,1,328.0,0.26607484386402636,Increasing,0.5254237288135594,0.5254237288135594,59,52.54237288135594,False,Normal Increase
situation_20231202_0900_eb632984.pdf,2023-12-02,"Flood, Landslide, Heavy Rain, Strong Wind, Lightning",4779,,,,,,,,,,133.0,451.0,0.0,0.0,0.0,0.0,28.0,0.0,0.0,11.0,277.0,888.0,True,grand_total,900,2023-12-02 09:00:00,5,100.0,50.0,2.0,1,1,1,0,1,1,3.5,weather_forecast,0,0,,,,,,,,,,,1,1,2.0,4,1,0,4,17.25,early_warning,general_situation_report,retain,2023-12-02 09:00:00,433,1,1,24.0,2023-12-03 09:00:00,24.0,221.0,75.0,12.0,741.0,True,6.113682179832232,4.897839799950911,2.4849066497880004,6.790097235513905,24.0,True,1403.0,386.0,12.0,947.0,-952.0,-253.0,-59.0,-1.1333984047535246,-0.06425726674111676,9,12,336,5,-2.4492935982947064e-16,1.0,-0.4822058478963526,0.8760579434344281,5.402677381872279,6.60934924316738,-230.0,-0.7110047979599523,1,-952.0,-1.1333984047535246,Decreasing,0.0,0.0,60,0.0,False,Decrease
situation_20231203_0900_79232667.pdf,2023-12-03,"Flood, Landslide, Strong Wind",3424,,,,,,,,,,75.0,221.0,0.0,0.0,0.0,0.0,7.0,0.0,0.0,12.0,217.0,741.0,True,grand_total,900,2023-12-03 09:00:00,4,100.0,50.0,2.0,1,1,1,0,1,1,3.5,weather_forecast,0,0,,,,,,,,,,,1,1,2.0,3,1,0,3,17.5,early_warning,general_situation_report,retain,2023-12-03 09:00:00,434,1,1,24.0,2023-12-04 09:00:00,24.0,0.0,0.0,12.0,741.0,True,5.402677381872279,4.330733340286331,2.5649493574615367,6.60934924316738,24.0,True,451.0,133.0,11.0,888.0,-230.0,-58.0,-147.0,-0.7110047979599523,-0.18074799234652428,9,12,337,6,-2.4492935982947064e-16,1.0,-0.46706492487743034,0.8842230238742036,0.0,6.60934924316738,-221.0,-5.402677381872279,1,-230.0,-0.7110047979599523,Decreasing,0.0,0.0,59,0.0,False,Decrease
situation_20231204_0900_bd046532.pdf,2023-12-04,Landslide,2836,,,,,,,,,,0.0,0.0,0.0,0.0,0.0,0.0,0.0,0.0,0.0,12.0,217.0,741.0,True,grand_total,900,2023-12-04 09:00:00,3,75.0,,0.0,1,1,0,0,1,1,3.5,weather_forecast,0,0,,,,,,,,,,,1,1,2.0,2,1,0,3,3.0,early_warning,general_situation_report,retain,2023-12-04 09:00:00,435,1,1,24.0,2023-12-05 09:00:00,24.0,454.0,123.0,12.0,621.0,True,0.0,0.0,2.5649493574615367,6.60934924316738,24.0,True,221.0,75.0,12.0,741.0,-221.0,-75.0,0.0,-5.402677381872279,0.0,9,12,338,0,-2.4492935982947064e-16,1.0,-0.451785789832884,0.8921264484954345,6.12029741895095,6.432940092739179,454.0,6.12029741895095,1,-221.0,-5.402677381872279,Decreasing,0.0,0.0,58,0.0,False,Decrease
situation_20231205_0900_372ddd17.pdf,2023-12-05,"Flood, Landslide, Heavy Rain, Strong Wind, Lightning",5158,,,,,,,,,,123.0,454.0,0.0,0.0,0.0,1.0,56.0,2.0,0.0,12.0,183.0,621.0,True,grand_total,900,2023-12-05 09:00:00,4,100.0,,2.0,1,1,0,0,0,1,3.5,weather_forecast,0,0,,,,,,,,,,,1,1,3.0,7,3,1,7,19.5,early_warning,general_situation_report,retain,2023-12-05 09:00:00,436,1,1,24.0,2023-12-06 09:00:00,24.0,169.0,44.0,11.0,589.0,True,6.12029741895095,4.820281565605037,2.5649493574615367,6.432940092739179,24.0,True,0.0,0.0,12.0,741.0,454.0,123.0,-120.0,6.12029741895095,-0.17640915042820104,9,12,339,1,-2.4492935982947064e-16,1.0,-0.4363729641045924,0.8997658785476209,5.135798437050262,6.380122536899765,-285.0,-0.9844989819006882,1,454.0,6.12029741895095,Increasing,0.5344827586206896,0.9827586206896551,58,53.44827586206896,False,Normal Increase
situation_20231206_0900_069dc60b.pdf,2023-12-06,"Landslide, Heavy Rain, Strong Wind, Lightning",4520,,,,,,,,,,44.0,169.0,0.0,0.0,0.0,1.0,41.0,0.0,0.0,11.0,165.0,589.0,True,grand_total,900,2023-12-06 09:00:00,3,,,0.0,0,1,0,0,0,1,3.5,weather_forecast,0,0,,,,,,,,,,,1,1,2.0,7,4,0,7,19.0,early_warning,general_situation_report,retain,2023-12-06 09:00:00,437,1,1,24.0,2023-12-07 09:00:00,24.0,153.0,53.0,11.0,589.0,True,5.135798437050262,3.8066624897703196,2.4849066497880004,6.380122536899765,24.0,True,454.0,123.0,12.0,621.0,-285.0,-79.0,-32.0,-0.9844989819006882,-0.05281755583941461,9,12,340,2,-2.4492935982947064e-16,1.0,-0.42083100859565564,0.9071390534005044,5.0369526024136295,6.380122536899765,-16.0,-0.09884583463663255,1,-285.0,-0.9844989819006882,Decreasing,0.0,0.0,59,0.0,False,Decrease
situation_20231207_0900_57026bad.pdf,2023-12-07,"Flood, Landslide, Heavy Rain, Strong Wind, Lightning",4442,,,,,,,,,,53.0,153.0,1.0,0.0,0.0,0.0,24.0,0.0,0.0,11.0,165.0,589.0,True,grand_total,900,2023-12-07 09:00:00,3,100.0,,0.0,1,1,0,0,0,0,3.5,weather_forecast,0,0,,,,,,,,,,,1,1,2.0,7,3,0,7,17.5,early_warning,general_situation_report,retain,2023-12-07 09:00:00,438,1,1,24.0,2023-12-08 09:00:00,24.0,38.0,8.0,11.0,589.0,True,5.0369526024136295,3.9889840465642745,2.4849066497880004,6.380122536899765,24.0,True,169.0,44.0,11.0,589.0,-16.0,9.0,0.0,-0.09884583463663255,0.0,9,12,341,3,-2.4492935982947064e-16,1.0,-0.4051645224207563,0.9142437912130223,3.6635616461296463,6.380122536899765,-115.0,-1.3733909562839832,1,-16.0,-0.09884583463663255,Decreasing,0.0,0.0,58,0.0,False,Decrease
situation_20231208_0900_4ebd3246.pdf,2023-12-08,"Landslide, Heavy Rain, Strong Wind",3523,,,,,,,,,,8.0,38.0,0.0,0.0,0.0,1.0,7.0,0.0,0.0,11.0,165.0,589.0,True,grand_total,900,2023-12-08 09:00:00,3,75.0,,0.0,1,1,0,0,0,0,3.5,weather_forecast,0,0,,,,,,,,,,,1,1,2.0,4,1,0,4,12.0,early_warning,general_situation_report,retain,2023-12-08 09:00:00,439,1,1,24.0,2023-12-09 09:00:00,24.0,500.0,123.0,11.0,589.0,True,3.6635616461296463,2.1972245773362196,2.4849066497880004,6.380122536899765,24.0,True,153.0,53.0,11.0,589.0,-115.0,-45.0,0.0,-1.3733909562839832,0.0,9,12,342,4,-2.4492935982947064e-16,1.0,-0.3893781415452015,0.9210779895789526,6.2166061010848646,6.380122536899765,462.0,2.5530444549552183,1,-115.0,-1.3733909562839832,Decreasing,0.0,0.0,57,0.0,False,Decrease
situation_20231209_0900_ff6f4706.pdf,2023-12-09,"Flood, Landslide, Heavy Rain, Lightning",4330,,,,,,,,,,123.0,500.0,1.0,1.0,0.0,0.0,51.0,440.0,0.0,11.0,176.0,589.0,True,grand_total,900,2023-12-09 09:00:00,3,100.0,,0.0,1,1,0,0,0,0,3.5,weather_forecast,0,0,,,,,,,,,,,1,1,2.0,9,3,0,9,17.2,early_warning,general_situation_report,retain,2023-12-09 09:00:00,440,1,1,24.0,2023-12-10 09:00:00,24.0,141.0,31.0,11.0,589.0,True,6.2166061010848646,4.820281565605037,2.4849066497880004,6.380122536899765,24.0,True,38.0,8.0,11.0,589.0,462.0,115.0,0.0,2.5530444549552183,0.0,9,12,343,5,-2.4492935982947064e-16,1.0,-0.37347653741307074,0.9276396261490467,4.955827057601261,6.380122536899765,-359.0,-1.2607790434836037,1,462.0,2.5530444549552183,Increasing,0.5357142857142857,0.8928571428571429,56,53.57142857142857,False,Normal Increase
situation_20231210_0900_ed2d4bc2.pdf,2023-12-10,"Landslide, Heavy Rain, Strong Wind",3397,,,,,,,,,,31.0,141.0,3.0,2.0,0.0,0.0,1.0,0.0,0.0,11.0,176.0,589.0,True,grand_total,900,2023-12-10 09:00:00,3,100.0,,0.0,1,1,0,0,0,0,3.5,weather_forecast,0,0,,,,,,,,,,,1,1,2.0,9,4,0,9,16.766666666666666,early_warning,general_situation_report,retain,2023-12-10 09:00:00,441,1,1,24.0,2023-12-11 09:00:00,24.0,279.0,83.0,11.0,589.0,True,4.955827057601261,3.4657359027997265,2.4849066497880004,6.380122536899765,24.0,True,500.0,123.0,11.0,589.0,-359.0,-92.0,0.0,-1.2607790434836037,0.0,9,12,344,6,-2.4492935982947064e-16,1.0,-0.3574644155648614,0.9339267592294762,5.634789603169249,6.380122536899765,138.0,0.6789625455679884,1,-359.0,-1.2607790434836037,Decreasing,0.0,0.0,56,0.0,False,Decrease
situation_20231211_0900_372450e8.pdf,2023-12-11,"Landslide, Heavy Rain",2913,,,,,,,,,,83.0,279.0,0.0,0.0,0.0,0.0,0.0,0.0,0.0,11.0,176.0,589.0,True,grand_total,900,2023-12-11 09:00:00,3,75.0,,0.0,1,1,0,0,0,0,3.5,weather_forecast,0,0,,,,,,,,,,,1,1,2.0,9,4,0,9,17.5,early_warning,general_situation_report,retain,2023-12-11 09:00:00,442,1,1,24.0,2023-12-12 09:00:00,24.0,946.0,265.0,11.0,589.0,True,5.634789603169249,4.430816798843313,2.4849066497880004,6.380122536899765,24.0,True,141.0,31.0,11.0,589.0,138.0,52.0,0.0,0.6789625455679884,0.0,9,12,345,0,-2.4492935982947064e-16,1.0,-0.34134651424503615,0.9399375283564133,6.853299093186078,6.380122536899765,667.0,1.218509490016829,1,138.0,0.6789625455679884,Increasing,0.4,0.6363636363636364,55,40.0,False,Normal Increase
situation_20231212_0900_6d73fe7e.pdf,2023-12-12,"Flood, Landslide, Heavy Rain, Strong Wind, Lightning",5454,,,,,,,,,,265.0,946.0,1.0,3.0,0.0,7.0,87.0,1.0,0.0,11.0,176.0,589.0,True,grand_total,900,2023-12-12 09:00:00,3,75.0,,0.0,1,1,0,0,0,0,3.5,weather_forecast,0,0,,,,,,,,,,,1,1,2.0,9,4,0,9,17.0,early_warning,general_situation_report,retain,2023-12-12 09:00:00,443,1,1,24.0,2023-12-13 09:00:00,24.0,2250.0,666.0,11.0,589.0,True,6.853299093186078,5.583496308781699,2.4849066497880004,6.380122536899765,24.0,True,279.0,83.0,11.0,589.0,667.0,182.0,0.0,1.218509490016829,0.0,9,12,346,1,-2.4492935982947064e-16,1.0,-0.3251276029999093,0.9456701548465688,7.719129840906732,6.380122536899765,1304.0,0.8658307477206542,1,667.0,1.218509490016829,Increasing,0.5636363636363636,0.7454545454545455,55,56.36363636363636,False,Normal Increase
situation_20231213_0900_2f8034f2.pdf,2023-12-13,"Flood, Landslide, Heavy Rain, Lightning",5075,,,,,,,,,,666.0,2250.0,0.0,1.0,0.0,7.0,35.0,1.0,2.0,11.0,176.0,589.0,True,grand_total,900,2023-12-13 09:00:00,3,75.0,,0.0,1,1,0,0,0,0,3.5,weather_forecast,0,0,,,,,,,,,,,1,1,2.0,10,5,0,10,17.0,early_warning,general_situation_report,retain,2023-12-13 09:00:00,444,1,1,24.0,2023-12-14 09:00:00,24.0,456.0,127.0,11.0,589.0,True,7.719129840906732,6.502790045915623,2.4849066497880004,6.380122536899765,24.0,True,946.0,265.0,11.0,589.0,1304.0,401.0,0.0,0.8658307477206542,0.0,9,12,347,2,-2.4492935982947064e-16,1.0,-0.30881248126625377,0.9511229423235357,6.124683390894205,6.380122536899765,-1794.0,-1.5944464500125273,1,1304.0,0.8658307477206542,Increasing,0.6428571428571429,0.6964285714285714,56,64.28571428571429,False,Normal Increase
situation_20231214_0900_a68e8626.pdf,2023-12-14,"Flood, Landslide, Heavy Rain, Strong Wind, Lightning",4147,,,,,,,,,,127.0,456.0,0.0,0.0,0.0,7.0,33.0,4.0,0.0,11.0,176.0,589.0,True,grand_total,900,2023-12-14 09:00:00,4,100.0,,2.0,1,1,0,0,0,0,3.5,weather_forecast,0,0,,,,,,,,,,,1,1,2.0,10,5,0,10,17.5,early_warning,general_situation_report,retain,2023-12-14 09:00:00,445,1,1,24.0,2023-12-15 09:00:00,24.0,840.0,237.0,11.0,589.0,True,6.124683390894205,4.852030263919617,2.4849066497880004,6.380122536899765,24.0,True,2250.0,666.0,11.0,589.0,-1794.0,-539.0,0.0,-1.5944464500125273,0.0,9,12,348,3,-2.4492935982947064e-16,1.0,-0.29240597695107734,0.9562942772197719,6.734591659972948,6.380122536899765,384.0,0.6099082690787432,1,-1794.0,-1.5944464500125273,Decreasing,0.0,0.0,56,0.0,False,Decrease
situation_20231215_0900_7b55f01d.pdf,2023-12-15,"Flood, Landslide, Heavy Rain, Lightning",4659,,,,,,,,,,237.0,840.0,1.0,0.0,0.0,7.0,21.0,0.0,0.0,11.0,176.0,589.0,True,grand_total,900,2023-12-15 09:00:00,4,100.0,,2.0,1,1,0,0,0,0,1.0,heavy_rain,0,0,,,,,,,,,,,1,1,2.0,10,5,0,10,17.5,early_warning,general_situation_report,retain,2023-12-15 09:00:00,446,1,1,24.0,2023-12-16 09:00:00,24.0,7061.0,2271.0,15.0,700.0,True,6.734591659972948,5.472270673671475,2.4849066497880004,6.380122536899765,24.0,True,456.0,127.0,11.0,589.0,384.0,110.0,0.0,0.6099082690787432,0.0,9,12,349,4,-2.4492935982947064e-16,1.0,-0.27591294500296043,0.9611826292540837,8.862483576488332,6.55250788703459,6221.0,2.1278919165153836,1,384.0,0.6099082690787432,Increasing,0.44642857142857145,0.5892857142857143,56,44.642857142857146,False,Normal Increase
situation_20231216_0900_b8b6d0f9.pdf,2023-12-16,"Flood, Landslide, Heavy Rain, Strong Wind, Lightning",4995,,,,,,,,,,2271.0,7061.0,0.0,1.0,0.0,0.0,33.0,0.0,0.0,15.0,212.0,700.0,True,grand_total,900,2023-12-16 09:00:00,3,100.0,,0.0,1,1,0,0,0,0,3.5,weather_forecast,0,0,,,,,,,,,,,1,1,2.0,11,6,0,11,17.5,early_warning,general_situation_report,retain,2023-12-16 09:00:00,447,1,1,24.0,2023-12-17 09:00:00,24.0,7181.0,2256.0,25.0,1625.0,True,8.862483576488332,7.7284157798410416,2.772588722239781,6.55250788703459,24.0,True,840.0,237.0,11.0,589.0,6221.0,2034.0,111.0,2.1278919165153836,0.17238535013482537,9,12,350,5,-2.4492935982947064e-16,1.0,-0.2593382659754056,0.9657865518844574,8.879333174786028,7.3938782901077555,120.0,0.01684959829769639,1,6221.0,2.1278919165153836,Increasing,0.8421052631578947,0.8596491228070176,57,84.21052631578947,False,Normal Increase
situation_20231217_0900_14a57581.pdf,2023-12-17,"Flood, Landslide, Heavy Rain",4435,,,,,,,,,,2256.0,7181.0,0.0,0.0,0.0,0.0,32.0,1.0,0.0,25.0,490.0,1625.0,True,grand_total,900,2023-12-17 09:00:00,5,100.0,,2.0,1,1,0,0,0,0,3.216666666666667,weather_forecast,0,0,,,,,,,,,,,1,1,2.0,11,6,0,11,17.5,warning,general_situation_report,retain,2023-12-17 09:00:00,448,1,1,24.0,2023-12-18 09:00:00,24.0,5815.0,1732.0,22.0,1771.0,True,8.879333174786028,7.721791776817535,3.258096538021482,7.3938782901077555,24.0,True,7061.0,2271.0,15.0,700.0,120.0,-15.0,925.0,0.01684959829769639,0.8413704030731655,9,12,351,6,-2.4492935982947064e-16,1.0,-0.2426868445825954,0.9701046827361175,8.668368019213355,7.4798641311650265,-1366.0,-0.2109651555726728,1,120.0,0.01684959829769639,Increasing,0.3103448275862069,0.13793103448275862,58,13.793103448275861,False,Normal Increase
situation_20231218_0900_f9070bb1.pdf,2023-12-18,"Flood, Landslide, Heavy Rain, Strong Wind",4581,,,,,,,,,,1732.0,5815.0,0.0,0.0,0.0,0.0,16.0,1.0,0.0,22.0,540.0,1771.0,True,grand_total,900,2023-12-18 09:00:00,3,75.0,,0.0,1,1,0,0,0,0,3.5,weather_forecast,0,0,,,,,,,,,,,1,1,2.0,11,6,0,11,17.5,warning,general_situation_report,retain,2023-12-18 09:00:00,449,1,1,24.0,2023-12-19 09:00:00,24.0,10958.0,3200.0,32.0,2796.0,True,8.668368019213355,7.457609289715606,3.1354942159291497,7.4798641311650265,24.0,True,7181.0,2256.0,25.0,1625.0,-1366.0,-524.0,146.0,-0.2109651555726728,0.08598584105727092,9,12,352,0,-2.4492935982947064e-16,1.0,-0.22596360824801906,0.974135744004672,9.301916315463393,7.936302693201959,5143.0,0.6335482962500372,1,-1366.0,-0.2109651555726728,Decreasing,0.0,0.0,58,0.0,False,Decrease
situation_20231219_0900_87c1419e.pdf,2023-12-19,"Flood, Landslide, Heavy Rain, Strong Wind, Lightning",6946,,,,,,,,,,3200.0,10958.0,0.0,1.0,0.0,0.0,61.0,0.0,0.0,32.0,849.0,2796.0,True,grand_total,900,2023-12-19 09:00:00,3,75.0,,0.0,1,1,0,0,0,0,3.5,weather_forecast,0,0,,,,,,,,,,,1,1,2.0,11,7,0,11,17.5,early_warning,general_situation_report,retain,2023-12-19 09:00:00,450,1,1,24.0,2023-12-20 09:00:00,24.0,8196.0,2394.0,30.0,3648.0,True,9.301916315463393,8.071218539969863,3.4965075614664802,7.936302693201959,24.0,True,5815.0,1732.0,22.0,1771.0,5143.0,1468.0,1025.0,0.6335482962500372,0.4564385620369329,9,12,353,1,-2.4492935982947064e-16,1.0,-0.20917350564635637,0.9778785428342386,9.011523512653032,8.202208436436448,-2762.0,-0.29039280281036106,1,5143.0,0.6335482962500372,Increasing,0.8103448275862069,0.603448275862069,58,60.3448275862069,False,Normal Increase
situation_20231220_0900_c467fed6.pdf,2023-12-20,"Flood, Landslide, Heavy Rain, Strong Wind, Lightning",6673,,,,,,,,,,2394.0,8196.0,0.0,0.0,0.0,0.0,52.0,1.0,0.0,30.0,1140.0,3648.0,True,grand_total,900,2023-12-20 09:00:00,3,,,0.0,0,1,0,0,0,0,3.5,weather_forecast,0,0,,,,,,,,,,,1,1,2.0,10,7,0,10,17.0,early_warning,general_situation_report,retain,2023-12-20 09:00:00,451,1,1,24.0,2023-12-21 09:00:00,24.0,28973.0,8925.0,18.0,1581.0,True,9.011523512653032,7.781138509845015,3.4339872044851463,8.202208436436448,24.0,True,10958.0,3200.0,32.0,2796.0,-2762.0,-806.0,852.0,-0.29039280281036106,0.2659057432344891,9,12,354,2,-2.4492935982947064e-16,1.0,-0.19232150523909483,0.9813319716704275,10.274154155101597,7.366445148327599,20777.0,1.2626306424485652,1,-2762.0,-0.29039280281036106,Decreasing,0.0,0.0,58,0.0,False,Decrease
situation_20231221_0900_243a5660.pdf,2023-12-21,"Flood, Landslide, Heavy Rain, Strong Wind, Lightning",6695,,,,,,,,,,8925.0,28973.0,0.0,0.0,0.0,10.0,170.0,3.0,0.0,18.0,499.0,1581.0,True,grand_total,900,2023-12-21 09:00:00,3,,,0.0,0,1,0,0,0,0,3.5,weather_forecast,0,0,,,,,,,,,,,1,1,2.0,10,3,0,10,17.5,early_warning,general_situation_report,retain,2023-12-21 09:00:00,452,1,1,24.0,2023-12-22 09:00:00,24.0,30377.0,9402.0,14.0,783.0,True,10.274154155101597,9.096723645189215,2.9444389791664403,7.366445148327599,24.0,True,8196.0,2394.0,30.0,3648.0,20777.0,6531.0,-2067.0,1.2626306424485652,-0.8357632881088497,9,12,355,3,-2.4492935982947064e-16,1.0,-0.17541259380427843,0.9844950085880858,10.321473941197965,6.664409020350408,1404.0,0.04731978609636833,1,20777.0,1.2626306424485652,Increasing,1.0,0.7413793103448276,58,74.13793103448276,False,Normal Increase
situation_20231222_0900_9c84acdf.pdf,2023-12-22,"Flood, Landslide, Heavy Rain",6350,,,,,,,,,,9402.0,30377.0,0.0,0.0,0.0,9.0,162.0,1.0,0.0,14.0,233.0,783.0,True,grand_total,900,2023-12-22 09:00:00,3,,,0.0,0,1,0,0,0,0,3.5,weather_forecast,0,0,,,,,,,,,,,1,0,0.0,0,0,0,0,41.5,early_warning,general_situation_report,retain,2023-12-22 09:00:00,453,1,1,24.0,2023-12-23 09:00:00,24.0,29805.0,9213.0,13.0,737.0,True,10.321473941197965,9.148784066277077,2.70805020110221,6.664409020350408,24.0,True,28973.0,8925.0,18.0,1581.0,1404.0,477.0,-798.0,0.04731978609636833,-0.7020361279771912,9,12,356,4,-2.4492935982947064e-16,1.0,-0.15845177496083632,0.9873667175937016,10.302464994508737,6.6039438246004725,-572.0,-0.019008946689227812,1,1404.0,0.04731978609636833,Increasing,0.6271186440677966,0.23728813559322035,59,23.728813559322035,False,Normal Increase
situation_20231223_0900_6edf433b.pdf,2023-12-23,"Flood, Landslide, Heavy Rain",5978,,,,,,,,,,9213.0,29805.0,0.0,1.0,0.0,9.0,164.0,1.0,0.0,13.0,213.0,737.0,True,grand_total,900,2023-12-23 09:00:00,3,,40.0,0.0,0,1,1,0,0,0,3.5,weather_forecast,0,0,,,,,,,,,,,1,0,0.0,0,0,0,0,65.5,early_warning,general_situation_report,retain,2023-12-23 09:00:00,454,1,1,24.0,2023-12-24 09:00:00,24.0,29814.0,9205.0,12.0,662.0,True,10.302464994508737,9.128479345495862,2.6390573296152584,6.6039438246004725,24.0,True,30377.0,9402.0,14.0,783.0,-572.0,-189.0,-46.0,-0.019008946689227812,-0.06046519574993514,9,12,357,5,-2.4492935982947064e-16,1.0,-0.14144406768794202,0.9899462489023779,10.302766901557206,6.4967749901858625,9.0,0.0003019070484686637,1,-572.0,-0.019008946689227812,Decreasing,0.0,0.0,60,0.0,False,Decrease
situation_20231224_0900_963899a9.pdf,2023-12-24,"Flood, Landslide, Heavy Rain",5200,,,,,,,,,,9205.0,29814.0,0.0,1.0,0.0,9.0,156.0,1.0,0.0,12.0,190.0,662.0,True,grand_total,900,2023-12-24 09:00:00,3,,40.0,0.0,0,1,1,0,0,0,3.5,weather_forecast,0,0,,,,,,,,,,,1,0,0.0,0,0,0,0,89.5,early_warning,general_situation_report,retain,2023-12-24 09:00:00,455,1,1,24.0,2023-12-26 09:00:00,48.0,14304.0,4166.0,10.0,554.0,True,10.302766901557206,9.127610724377186,2.5649493574615367,6.4967749901858625,24.0,True,29805.0,9213.0,13.0,737.0,9.0,-8.0,-75.0,0.0003019070484686637,-0.10716883441461,9,12,358,6,-2.4492935982947064e-16,1.0,-0.12439450483979998,0.9922328391893008,9.56836440548421,6.318968113746434,-15510.0,-0.7344024960729953,1,9.0,0.0003019070484686637,Increasing,0.1016949152542373,0.03389830508474576,59,3.389830508474576,False,Normal Increase
situation_20231226_0900_6b5e8b0e.pdf,2023-12-26,"Flood, Landslide, Heavy Rain",4388,,,,,,,,,,4166.0,14304.0,0.0,0.0,0.0,9.0,102.0,1.0,0.0,10.0,158.0,554.0,True,grand_total,900,2023-12-26 09:00:00,3,,40.0,0.0,0,1,1,0,0,0,3.5,weather_forecast,0,0,,,,,,,,,,,1,0,0.0,0,0,0,0,137.5,early_warning,general_situation_report,retain,2023-12-26 09:00:00,456,1,1,48.0,2023-12-27 09:00:00,24.0,1514.0,422.0,10.0,554.0,True,9.56836440548421,8.334951631422454,2.3978952727983707,6.318968113746434,48.0,True,29814.0,9205.0,12.0,662.0,-15510.0,-5039.0,-108.0,-0.7344024960729953,-0.17780687643942805,9,12,360,1,-2.4492935982947064e-16,1.0,-0.09019000427034513,0.9959245770286599,7.323170717943469,6.318968113746434,-12790.0,-2.2451936875407412,1,-15510.0,-0.7344024960729953,Decreasing,0.0,0.0,60,0.0,False,Decrease
situation_20231227_0900_404db119.pdf,2023-12-27,"Landslide, Heavy Rain",3047,,,,,,,,,,422.0,1514.0,0.0,0.0,0.0,9.0,46.0,0.0,0.0,10.0,158.0,554.0,True,grand_total,900,2023-12-27 09:00:00,3,75.0,40.0,0.0,1,1,1,0,0,0,3.5,weather_forecast,0,0,,,,,,,,,,,1,0,0.0,0,0,0,0,161.5,early_warning,general_situation_report,retain,2023-12-27 09:00:00,457,1,1,24.0,2023-12-28 09:00:00,24.0,1622.0,449.0,11.0,583.0,True,7.323170717943469,6.0473721790462776,2.3978952727983707,6.318968113746434,24.0,True,14304.0,4166.0,10.0,554.0,-12790.0,-3744.0,0.0,-2.2451936875407412,0.0,9,12,361,2,-2.4492935982947064e-16,1.0,-0.07304518821104743,0.9973286321364752,7.392031567514591,6.369900982828227,108.0,0.06886084957112182,1,-12790.0,-2.2451936875407412,Decreasing,0.0,0.0,60,0.0,False,Decrease
situation_20231228_0900_9b39d77a.pdf,2023-12-28,"Landslide, Heavy Rain, Strong Wind, Lightning",4284,,,,,,,,,,449.0,1622.0,0.0,0.0,0.0,9.0,65.0,1.0,4.0,11.0,164.0,583.0,True,grand_total,900,2023-12-28 09:00:00,3,75.0,40.0,0.0,1,1,1,0,0,0,3.5,weather_forecast,0,0,,,,,,,,,,,1,0,0.0,0,0,0,0,185.5,early_warning,general_situation_report,retain,2023-12-28 09:00:00,458,1,1,24.0,2023-12-29 09:00:00,24.0,1198.0,334.0,9.0,465.0,True,7.392031567514591,6.1092475827643655,2.4849066497880004,6.369900982828227,24.0,True,1514.0,422.0,10.0,554.0,108.0,27.0,29.0,0.06886084957112182,0.05093286908179273,9,12,362,3,-2.4492935982947064e-16,1.0,-0.05587875690537313,0.9984375616565666,7.089243155027514,6.144185634125646,-424.0,-0.302788412487077,1,108.0,0.06886084957112182,Increasing,0.2711864406779661,0.3220338983050847,59,27.11864406779661,False,Normal Increase
situation_20231229_0900_0213234c.pdf,2023-12-29,"Landslide, Heavy Rain, Strong Wind",4515,,,,,,,,,,334.0,1198.0,0.0,0.0,0.0,42.0,69.0,0.0,0.0,9.0,136.0,465.0,True,grand_total,900,2023-12-29 09:00:00,3,50.0,40.0,0.0,1,1,1,0,0,0,3.5,weather_forecast,0,0,,,,,,,,,,,1,1,2.0,5,1,0,5,18.5,early_warning,general_situation_report,retain,2023-12-29 09:00:00,459,1,1,24.0,2023-12-30 09:00:00,24.0,2923.0,823.0,13.0,548.0,True,7.089243155027514,5.814130531825066,2.302585092994046,6.144185634125646,24.0,True,1622.0,449.0,11.0,583.0,-424.0,-115.0,-118.0,-0.302788412487077,-0.2257153487025816,9,12,363,4,-2.4492935982947064e-16,1.0,-0.03869579017652689,0.9992510374388481,7.980707820869669,6.3080984415095305,1725.0,0.8914646658421548,1,-424.0,-0.302788412487077,Decreasing,0.0,0.0,60,0.0,False,Decrease
situation_20231230_0900_7db1a2e8.pdf,2023-12-30,"Flood, Landslide, Heavy Rain, Strong Wind",6353,,,,,,,,,,823.0,2923.0,0.0,3.0,0.0,12.0,165.0,0.0,0.0,13.0,155.0,548.0,True,grand_total,900,2023-12-30 09:00:00,3,75.0,40.0,0.0,1,1,1,0,0,0,3.5,weather_forecast,0,0,,,,,,,,,,,1,1,2.0,2,4,0,5,18.25,early_warning,general_situation_report,retain,2023-12-30 09:00:00,460,1,1,24.0,2023-12-31 09:00:00,24.0,12573.0,3409.0,17.0,770.0,True,7.980707820869669,6.714170529909472,2.6390573296152584,6.3080984415095305,24.0,True,1198.0,334.0,9.0,465.0,1725.0,489.0,83.0,0.8914646658421548,0.16391280738388492,9,12,364,5,-2.4492935982947064e-16,1.0,-0.021501372740813793,0.999768818762748,9.439386468943006,6.647688373563329,9650.0,1.4586786480733371,1,1725.0,0.8914646658421548,Increasing,0.6271186440677966,0.7288135593220338,59,62.71186440677966,False,Normal Increase
situation_20231231_0900_47dea1b2.pdf,2023-12-31,"Flood, Landslide, Heavy Rain, Strong Wind",7282,,,,,,,,,,3409.0,12573.0,0.0,3.0,0.0,5.0,251.0,0.0,0.0,17.0,229.0,770.0,True,grand_total,900,2023-12-31 09:00:00,3,75.0,40.0,0.0,1,1,1,0,0,0,3.5,weather_forecast,0,0,,,,,,,,,,,1,1,2.0,2,4,0,5,18.5,early_warning,general_situation_report,retain,2023-12-31 09:00:00,461,1,1,24.0,2024-01-01 09:00:00,24.0,14700.0,4432.0,19.0,1030.0,True,9.439386468943006,8.134467570277563,2.8903717578961645,6.647688373563329,24.0,True,2923.0,823.0,13.0,548.0,9650.0,2586.0,222.0,1.4586786480733371,0.3395899320537987,9,12,365,6,-2.4492935982947064e-16,1.0,-0.004300592702981974,0.9999907524084426,9.595670797663967,6.93828448401696,2127.0,0.15628432872096099,1,9650.0,1.4586786480733371,Increasing,0.8833333333333333,0.8,60,80.0,False,Normal Increase
situation_20240101_0900_84b4e29a.pdf,2024-01-01,"Flood, Landslide, Heavy Rain, Strong Wind",5343,,,,,,,,,,4432.0,14700.0,0.0,4.0,0.0,3.0,182.0,0.0,1.0,19.0,324.0,1030.0,True,grand_total,900,2024-01-01 09:00:00,3,100.0,35.0,0.0,1,1,0,0,0,0,3.5,weather_forecast,0,0,,,,,,,,,,,1,1,3.0,3,2,1,4,15.0,early_warning,general_situation_report,retain,2024-01-01 09:00:00,462,1,1,24.0,2024-01-02 09:00:00,24.0,19202.0,5687.0,20.0,1589.0,True,9.595670797663967,8.396831834745054,2.995732273553991,6.93828448401696,24.0,True,12573.0,3409.0,17.0,770.0,2127.0,1023.0,260.0,0.15628432872096099,0.290596110453631,9,1,1,0,0.49999999999999994,0.8660254037844387,0.017201575418260506,0.9998520419557735,9.862821795810113,7.371489295214277,4502.0,0.2671509981461462,1,2127.0,0.15628432872096099,Increasing,0.6229508196721312,0.4262295081967213,61,42.62295081967213,False,Normal Increase
situation_20240102_0900_48903c0c.pdf,2024-01-02,"Flood, Landslide, Heavy Rain, Strong Wind",6472,,,,,,,,,,5687.0,19202.0,0.0,6.0,0.0,3.0,361.0,4.0,0.0,20.0,508.0,1589.0,True,grand_total,900,2024-01-02 09:00:00,4,100.0,,2.0,1,1,0,0,0,0,3.5,weather_forecast,0,0,,,,,,,,,,,1,1,3.0,3,2,1,4,17.5,early_warning,general_situation_report,retain,2024-01-02 09:00:00,463,1,1,24.0,2024-01-03 09:00:00,24.0,33286.0,9573.0,27.0,2312.0,True,9.862821795810113,8.646113971483077,3.044522437723423,7.371489295214277,24.0,True,14700.0,4432.0,19.0,1030.0,4502.0,1255.0,559.0,0.2671509981461462,0.43320481119731724,9,1,2,1,0.49999999999999994,0.8660254037844387,0.03439806061360801,0.9994082116062598,10.412922209355978,7.746300662231439,14084.0,0.5501004135458647,1,4502.0,0.2671509981461462,Increasing,0.7540983606557377,0.4918032786885246,61,49.18032786885246,False,Normal Increase
situation_20240103_0900_5d228f37.pdf,2024-01-03,"Flood, Landslide, Heavy Rain, Strong Wind, Lightning",9137,,,,,,,,,,9573.0,33286.0,1.0,4.0,0.0,8.0,459.0,7.0,1.0,27.0,736.0,2312.0,True,grand_total,900,2024-01-03 09:00:00,3,50.0,,0.0,1,1,0,0,0,0,3.5,weather_forecast,0,0,,,,,,,,,,,1,1,3.0,5,2,1,6,17.5,early_warning,general_situation_report,retain,2024-01-03 09:00:00,464,1,1,24.0,2024-01-04 09:00:00,24.0,38075.0,11241.0,26.0,2348.0,True,10.412922209355978,9.166806369952454,3.332204510175204,7.746300662231439,24.0,True,19202.0,5687.0,20.0,1589.0,14084.0,3886.0,723.0,0.5501004135458647,0.3748113670171618,9,1,3,2,0.49999999999999994,0.8660254037844387,0.051584366869408364,0.9986686402879997,10.547339441371197,7.761744984658913,4789.0,0.1344172320152186,1,14084.0,0.5501004135458647,Increasing,0.967741935483871,0.6129032258064516,62,61.29032258064516,False,Normal Increase
situation_20240104_0900_d481dafd.pdf,2024-01-04,"Flood, Landslide, Heavy Rain, Strong Wind",9094,,,,,,,,,,11241.0,38075.0,1.0,4.0,0.0,8.0,563.0,9.0,1.0,26.0,756.0,2348.0,True,grand_total,900,2024-01-04 09:00:00,3,,,0.0,0,1,0,0,0,0,3.5,weather_forecast,0,0,,,,,,,,,,,1,1,2.0,6,2,0,6,16.0,early_warning,general_situation_report,retain,2024-01-04 09:00:00,465,1,1,24.0,2024-01-05 09:00:00,24.0,25662.0,7812.0,25.0,2393.0,True,10.547339441371197,9.32741204356202,3.295836866004329,7.761744984658913,24.0,True,33286.0,9573.0,27.0,2312.0,4789.0,1668.0,36.0,0.1344172320152186,0.015444322427473622,9,1,4,3,0.49999999999999994,0.8660254037844387,0.06875540848113941,0.9976335468520451,10.1528055448198,7.780720886117918,-12413.0,-0.3945338965513958,1,4789.0,0.1344172320152186,Increasing,0.746031746031746,0.38095238095238093,63,38.095238095238095,False,Normal Increase
situation_20240105_0900_f26e7fe9.pdf,2024-01-05,"Flood, Landslide, Heavy Rain, Strong Wind, Lightning",6619,,,,,,,,,,7812.0,25662.0,1.0,4.0,0.0,3.0,255.0,8.0,1.0,25.0,767.0,2393.0,True,grand_total,900,2024-01-05 09:00:00,3,50.0,,0.0,1,1,0,0,0,0,3.5,weather_forecast,0,0,,,,,,,,,,,1,1,2.0,7,1,0,7,17.5,early_warning,general_situation_report,retain,2024-01-05 09:00:00,466,1,1,24.0,2024-01-06 09:00:00,24.0,21739.0,6529.0,19.0,1758.0,True,10.1528055448198,8.963544291996744,3.258096538021482,7.780720886117918,24.0,True,38075.0,11241.0,26.0,2348.0,-12413.0,-3429.0,45.0,-0.3945338965513958,0.018975901459005406,9,1,5,4,0.49999999999999994,0.8660254037844387,0.08590610426133272,0.9963032375991965,9.9869091606752,7.472500744737558,-3923.0,-0.16589638414460062,1,-12413.0,-0.3945338965513958,Decreasing,0.0,0.0,63,0.0,False,Decrease
situation_20240106_0900_2b14095d.pdf,2024-01-06,"Flood, Landslide, Heavy Rain, Strong Wind",6149,,,,,,,,,,6529.0,21739.0,1.0,4.0,0.0,6.0,256.0,8.0,1.0,19.0,551.0,1758.0,True,grand_total,900,2024-01-06 09:00:00,4,,,0.0,0,1,0,0,0,0,3.5,weather_forecast,0,0,,,,,,,,,,,1,1,1.0,7,0,0,7,17.5,early_warning,general_situation_report,retain,2024-01-06 09:00:00,467,1,1,24.0,2024-01-08 09:00:00,48.0,2208.0,650.0,15.0,1136.0,True,9.9869091606752,8.784162222270476,2.995732273553991,7.472500744737558,24.0,True,25662.0,7812.0,25.0,2393.0,-3923.0,-1283.0,-635.0,-0.16589638414460062,-0.30822014138036025,9,1,6,5,0.49999999999999994,0.8660254037844387,0.10303137904317879,0.9946781061893646,7.700295203420117,7.036148493750536,-19531.0,-2.286613957255083,1,-3923.0,-0.16589638414460062,Decreasing,0.0,0.0,63,0.0,False,Decrease
situation_20240108_0900_1695088f.pdf,2024-01-08,"Landslide, Heavy Rain",3485,,,,,,,,,,650.0,2208.0,1.0,0.0,0.0,3.0,88.0,3.0,0.0,15.0,349.0,1136.0,True,grand_total,900,2024-01-08 09:00:00,3,100.0,,0.0,1,1,0,0,0,0,3.5,weather_forecast,0,0,,,,,,,,,,,1,0,0.0,0,0,0,0,65.5,early_warning,general_situation_report,retain,2024-01-08 09:00:00,468,1,1,48.0,2024-01-09 09:00:00,24.0,2546.0,749.0,15.0,1122.0,True,7.700295203420117,6.478509642208569,2.772588722239781,7.036148493750536,48.0,True,21739.0,6529.0,19.0,1758.0,-19531.0,-5879.0,-622.0,-2.286613957255083,-0.4363522509870217,9,1,8,0,0.49999999999999994,0.8660254037844387,0.13718540405660057,0.9905453876091833,7.842671474979457,7.023758954738443,338.0,0.14237627155933996,1,-19531.0,-2.286613957255083,Decreasing,0.0,0.0,63,0.0,False,Decrease
situation_20240109_0900_183f0e08.pdf,2024-01-09,"Landslide, Heavy Rain, Lightning",5537,,,,,,,,,,749.0,2546.0,1.0,0.0,0.0,5.0,172.0,3.0,1.0,15.0,345.0,1122.0,True,grand_total,900,2024-01-09 09:00:00,3,100.0,,0.0,1,1,0,0,0,0,3.5,weather_forecast,0,0,,,,,,,,,,,1,0,0.0,0,0,0,0,89.5,early_warning,general_situation_report,retain,2024-01-09 09:00:00,469,1,1,24.0,2024-01-10 09:00:00,24.0,11170.0,3348.0,19.0,1237.0,True,7.842671474979457,6.620073206530356,2.772588722239781,7.023758954738443,24.0,True,2208.0,650.0,15.0,1136.0,338.0,99.0,-14.0,0.14237627155933996,-0.012389539012093387,9,1,9,1,0.49999999999999994,0.8660254037844387,0.1542040475626894,0.988039023376751,9.321076413570848,7.121252453244542,8624.0,1.4784049385913915,1,338.0,0.14237627155933996,Increasing,0.3225806451612903,0.4032258064516129,62,32.25806451612903,False,Normal Increase
situation_20240110_0900_f1107519.pdf,2024-01-10,"Flood, Landslide, Heavy Rain, Strong Wind, Lightning",5257,,,,,,,,,,3348.0,11170.0,0.0,0.0,1.0,3.0,112.0,6.0,0.0,19.0,399.0,1237.0,True,grand_total,900,2024-01-10 09:00:00,4,100.0,,2.0,1,1,0,0,0,0,3.5,weather_forecast,0,0,,,,,,,,,,,1,1,2.0,9,3,0,10,23.0,early_warning,general_situation_report,retain,2024-01-10 09:00:00,470,1,1,24.0,2024-01-11 09:00:00,24.0,109635.0,33687.0,31.0,4981.0,True,9.321076413570848,8.116417072794205,2.995732273553991,7.121252453244542,24.0,True,2546.0,749.0,15.0,1122.0,8624.0,2599.0,115.0,1.4784049385913915,0.09749349850609867,9,1,10,2,0.49999999999999994,0.8660254037844387,0.17117705961019986,0.985240282501282,11.60492106671581,8.513586695822125,98465.0,2.2838446531449623,1,8624.0,1.4784049385913915,Increasing,0.8571428571428571,0.8253968253968254,63,82.53968253968253,False,Normal Increase
situation_20240111_0900_6fa4bf24.pdf,2024-01-11,"Flood, Landslide, Heavy Rain, Strong Wind, Lightning",8379,,,,,,,,,,33687.0,109635.0,2.0,1.0,1.0,6.0,318.0,3.0,0.0,31.0,1587.0,4981.0,True,grand_total,900,2024-01-11 09:00:00,4,100.0,50.0,2.0,1,1,1,0,0,0,3.5,weather_forecast,0,0,,,,,,,,,,,1,1,2.0,9,4,0,10,18.0,early_warning,general_situation_report,retain,2024-01-11 09:00:00,471,1,1,24.0,2024-01-12 09:00:00,24.0,178312.0,53641.0,48.0,8351.0,True,11.60492106671581,10.424896969841763,3.4657359027997265,8.513586695822125,24.0,True,11170.0,3348.0,19.0,1237.0,98465.0,30339.0,3744.0,2.2838446531449623,1.3923342425775838,9,1,11,3,0.49999999999999994,0.8660254037844387,0.18809941761179758,0.9821499931752291,12.09129571201782,9.03025631012242,68677.0,0.4863746453020088,1,98465.0,2.2838446531449623,Increasing,1.0,0.8888888888888888,63,88.88888888888889,False,Normal Increase
situation_20240112_0900_ad476523.pdf,2024-01-12,"Flood, Landslide, Heavy Rain, Strong Wind",7393,,,,,,,,,,53641.0,178312.0,0.0,1.0,0.0,12.0,288.0,5.0,0.0,48.0,2659.0,8351.0,True,grand_total,900,2024-01-12 09:00:00,3,,,0.0,0,1,0,0,0,0,3.5,weather_forecast,0,0,,,,,,,,,,,1,1,2.0,7,3,0,8,18.0,early_warning,general_situation_report,retain,2024-01-12 09:00:00,472,1,1,24.0,2024-01-13 09:00:00,24.0,219862.0,66770.0,50.0,9592.0,True,12.09129571201782,10.890087622308279,3.8918202981106265,9.03025631012242,24.0,True,109635.0,33687.0,31.0,4981.0,68677.0,19954.0,3370.0,0.4863746453020088,0.5166696143002945,9,1,12,4,0.49999999999999994,0.8660254037844387,0.20496611396949532,0.9787690698649216,12.30075990408661,9.168788944817948,41550.0,0.20946419206878986,1,68677.0,0.4863746453020088,Increasing,0.984375,0.59375,64,59.375,False,Normal Increase
situation_20240113_0900_66468a3a.pdf,2024-01-13,"Flood, Landslide, Heavy Rain, Strong Wind, Lightning",7614,,,,,,,,,,66770.0,219862.0,0.0,0.0,0.0,9.0,188.0,6.0,1.0,50.0,3201.0,9592.0,True,grand_total,900,2024-01-13 09:00:00,3,,,0.0,0,1,0,0,0,0,3.5,weather_forecast,0,0,,,,,,,,,,,1,1,2.0,4,1,0,4,18.0,early_warning,general_situation_report,retain,2024-01-13 09:00:00,473,1,1,24.0,2024-01-14 09:00:00,24.0,168446.0,50796.0,33.0,3828.0,True,12.30075990408661,11.109024133525745,3.9318256327243257,9.168788944817948,24.0,True,178312.0,53641.0,48.0,8351.0,41550.0,13129.0,1241.0,0.20946419206878986,0.1385326346955278,9,1,13,5,0.49999999999999994,0.8660254037844387,0.22177215755648186,0.975098513039961,12.034376439237107,8.250358951477294,-51416.0,-0.26638346484950226,1,41550.0,0.20946419206878986,Increasing,0.9692307692307692,0.4461538461538462,65,44.61538461538462,False,Normal Increase
situation_20240114_0900_3feca663.pdf,2024-01-14,"Flood, Landslide, Heavy Rain, Strong Wind",6752,,,,,,,,,,50796.0,168446.0,1.0,0.0,0.0,12.0,156.0,4.0,0.0,33.0,1241.0,3828.0,True,grand_total,900,2024-01-14 09:00:00,3,,40.0,0.0,0,0,1,0,0,0,3.5,weather_forecast,0,0,,,,,,,,,,,1,1,1.0,1,0,0,1,18.0,early_warning,general_situation_report,retain,2024-01-14 09:00:00,474,1,1,24.0,2024-01-15 09:00:00,24.0,162868.0,49169.0,29.0,2764.0,True,12.034376439237107,10.835592576704641,3.5263605246161616,8.250358951477294,24.0,True,219862.0,66770.0,50.0,9592.0,-51416.0,-15974.0,-5764.0,-0.26638346484950226,-0.9184299933406539,9,1,14,6,0.49999999999999994,0.8660254037844387,0.23851257519407648,0.9711394088771653,12.000701475682607,7.9247959139564355,-5578.0,-0.033674963554499726,1,-51416.0,-0.26638346484950226,Decreasing,0.0,0.0,65,0.0,False,Decrease
situation_20240115_0900_7dbda875.pdf,2024-01-15,"Flood, Landslide, Heavy Rain",5006,,,,,,,,,,49169.0,162868.0,0.0,0.0,0.0,8.0,105.0,2.0,0.0,29.0,877.0,2764.0,True,grand_total,900,2024-01-15 09:00:00,3,,,0.0,0,0,0,0,0,0,3.5,weather_forecast,0,0,,,,,,,,,,,1,0,0.0,0,0,0,0,42.0,early_warning,general_situation_report,retain,2024-01-15 09:00:00,475,1,1,24.0,2024-01-16 09:00:00,24.0,3220.0,1038.0,16.0,1379.0,True,12.000701475682607,10.803038960405985,3.4011973816621555,7.9247959139564355,24.0,True,168446.0,50796.0,33.0,3828.0,-5578.0,-1627.0,-1064.0,-0.033674963554499726,-0.32556303752085824,9,1,15,0,0.49999999999999994,0.8660254037844387,0.2551824131233728,0.9668929289391521,8.0774471493312,7.22983877815125,-159648.0,-3.923254326351408,1,-5578.0,-0.033674963554499726,Decreasing,0.0,0.0,64,0.0,False,Decrease
situation_20240116_0900_66e61c1c.pdf,2024-01-16,"Flood, Landslide, Heavy Rain",4232,,,,,,,,,,1038.0,3220.0,0.0,0.0,0.0,4.0,42.0,2.0,0.0,16.0,425.0,1379.0,True,grand_total,900,2024-01-16 09:00:00,3,,,0.0,0,0,0,0,0,0,3.5,weather_forecast,0,0,,,,,,,,,,,1,0,0.0,0,0,0,0,66.0,early_warning,general_situation_report,retain,2024-01-16 09:00:00,476,1,1,24.0,2024-01-17 09:00:00,24.0,3120.0,1009.0,19.0,1438.0,True,8.0774471493312,6.946013991099227,2.833213344056216,7.22983877815125,24.0,True,162868.0,49169.0,29.0,2764.0,-159648.0,-48131.0,-1385.0,-3.923254326351408,-0.6949571358051854,9,1,16,1,0.49999999999999994,0.8660254037844387,0.2717767384711357,0.9623603298276545,8.045908742270779,7.271703706887368,-100.0,-0.031538407060420326,1,-159648.0,-3.923254326351408,Decreasing,0.0,0.0,63,0.0,False,Decrease
situation_20240117_0900_80443466.pdf,2024-01-17,"Flood, Landslide, Heavy Rain",4395,,,,,,,,,,1009.0,3120.0,0.0,0.0,0.0,4.0,42.0,2.0,0.0,19.0,444.0,1438.0,True,grand_total,900,2024-01-17 09:00:00,3,,,0.0,0,0,0,0,0,0,3.5,weather_forecast,0,0,,,,,,,,,,,1,0,0.0,0,0,0,0,90.0,early_warning,general_situation_report,retain,2024-01-17 09:00:00,477,1,1,24.0,2024-01-18 09:00:00,24.0,4244.0,1202.0,16.0,1309.0,True,8.045908742270779,6.917705609835305,2.995732273553991,7.271703706887368,24.0,True,3220.0,1038.0,16.0,1379.0,-100.0,-29.0,59.0,-0.031538407060420326,0.04186492873611769,9,1,17,2,0.49999999999999994,0.8660254037844387,0.2882906407095177,0.9575429528116719,8.353497098745448,7.177782416195197,1124.0,0.3075883564746693,1,-100.0,-0.031538407060420326,Decreasing,0.0,0.0,63,0.0,False,Decrease
situation_20240118_0900_2424a9c7.pdf,2024-01-18,"Flood, Landslide, Heavy Rain",5157,,,,,,,,,,1202.0,4244.0,1.0,0.0,0.0,4.0,105.0,2.0,4.0,16.0,397.0,1309.0,True,grand_total,900,2024-01-18 09:00:00,3,,,0.0,0,1,0,0,0,0,3.5,weather_forecast,0,0,,,,,,,,,,,1,0,0.0,0,0,0,0,114.0,early_warning,general_situation_report,retain,2024-01-18 09:00:00,478,1,1,24.0,2024-01-19 09:00:00,24.0,2202.0,655.0,16.0,1228.0,True,8.353497098745448,7.0925737159746784,2.833213344056216,7.177782416195197,24.0,True,3120.0,1009.0,19.0,1438.0,1124.0,193.0,-129.0,0.3075883564746693,-0.0939212906921707,9,1,18,3,0.49999999999999994,0.8660254037844387,0.3047192331091634,0.9524422234305676,7.697575346802343,7.113956109566034,-2042.0,-0.6559217519431053,1,1124.0,0.3075883564746693,Increasing,0.43548387096774194,0.5645161290322581,62,43.54838709677419,False,Normal Increase
situation_20240119_0900_96791baa.pdf,2024-01-19,"Flood, Landslide, Heavy Rain, Strong Wind",4443,,,,,,,,,,655.0,2202.0,0.0,0.0,0.0,4.0,77.0,2.0,0.0,16.0,380.0,1228.0,True,grand_total,900,2024-01-19 09:00:00,3,75.0,,0.0,1,1,0,0,0,0,3.5,weather_forecast,0,0,,,,,,,,,,,1,0,0.0,0,0,0,0,138.0,early_warning,general_situation_report,retain,2024-01-19 09:00:00,479,1,1,24.0,2024-01-20 09:00:00,24.0,2192.0,652.0,16.0,1228.0,True,7.697575346802343,6.486160788944089,2.833213344056216,7.113956109566034,24.0,True,4244.0,1202.0,16.0,1309.0,-2042.0,-547.0,-81.0,-0.6559217519431053,-0.06382630662916267,9,1,19,4,0.49999999999999994,0.8660254037844387,0.321057654185271,0.9470596510722283,7.693025748417888,7.113956109566034,-10.0,-0.004549598384454789,1,-2042.0,-0.6559217519431053,Decreasing,0.0,0.0,63,0.0,False,Decrease
situation_20240120_0900_9110f823.pdf,2024-01-20,"Flood, Landslide, Heavy Rain, Strong Wind",4130,,,,,,,,,,652.0,2192.0,0.0,0.0,0.0,4.0,74.0,2.0,0.0,16.0,380.0,1228.0,True,grand_total,900,2024-01-20 09:00:00,3,75.0,,0.0,1,1,0,0,0,0,3.5,weather_forecast,0,0,,,,,,,,,,,1,0,0.0,0,0,0,0,162.0,early_warning,general_situation_report,retain,2024-01-20 09:00:00,480,1,1,24.0,2024-01-21 09:00:00,24.0,2192.0,652.0,16.0,1228.0,True,7.693025748417888,6.481577129276431,2.833213344056216,7.113956109566034,24.0,True,2202.0,655.0,16.0,1228.0,-10.0,-3.0,0.0,-0.004549598384454789,0.0,9,1,20,5,0.49999999999999994,0.8660254037844387,0.3373010691361842,0.9413968285264122,7.693025748417888,7.113956109566034,0.0,0.0,1,-10.0,-0.004549598384454789,Decreasing,0.0,0.0,62,0.0,False,Decrease
situation_20240121_0900_e1ab7998.pdf,2024-01-21,"Flood, Landslide, Heavy Rain, Strong Wind",4151,,,,,,,,,,652.0,2192.0,0.0,0.0,0.0,4.0,74.0,2.0,0.0,16.0,380.0,1228.0,True,grand_total,900,2024-01-21 09:00:00,3,,,0.0,0,1,0,0,0,0,3.5,weather_forecast,0,0,,,,,,,,,,,1,0,0.0,0,0,0,0,186.0,early_warning,general_situation_report,retain,2024-01-21 09:00:00,481,1,1,24.0,2024-01-22 09:00:00,24.0,1988.0,592.0,14.0,940.0,True,7.693025748417888,6.481577129276431,2.833213344056216,7.113956109566034,24.0,True,2192.0,652.0,16.0,1228.0,0.0,0.0,0.0,0.0,0.0,9,1,21,6,0.49999999999999994,0.8660254037844387,0.3534446712740877,0.9354554315134164,7.5953872788539725,6.846943139585379,-204.0,-0.09763846956391564,1,0.0,0.0,Stable,0.0,0.0,62,0.0,False,Stable
situation_20240122_0900_982ad3e6.pdf,2024-01-22,"Landslide, Heavy Rain, Strong Wind",3671,,,,,,,,,,592.0,1988.0,0.0,0.0,0.0,3.0,74.0,2.0,0.0,14.0,295.0,940.0,True,grand_total,900,2024-01-22 09:00:00,3,,,0.0,0,1,0,0,0,0,3.5,weather_forecast,0,0,,,,,,,,,,,1,0,0.0,0,0,0,0,210.0,early_warning,general_situation_report,retain,2024-01-22 09:00:00,482,1,1,24.0,2024-01-23 09:00:00,24.0,1866.0,563.0,14.0,940.0,True,7.5953872788539725,6.385194398997726,2.70805020110221,6.846943139585379,24.0,True,2192.0,652.0,16.0,1228.0,-204.0,-60.0,-288.0,-0.09763846956391564,-0.26701296998065516,9,1,22,0,0.49999999999999994,0.8660254037844387,0.3694836834473831,0.9292372181882051,7.532088143541722,6.846943139585379,-122.0,-0.06329913531225007,1,-204.0,-0.09763846956391564,Decreasing,0.0,0.0,61,0.0,False,Decrease
situation_20240123_0900_d14b54bf.pdf,2024-01-23,"Landslide, Heavy Rain",3919,,,,,,,,,,563.0,1866.0,0.0,0.0,0.0,4.0,44.0,2.0,1.0,14.0,295.0,940.0,True,grand_total,900,2024-01-23 09:00:00,3,,,0.0,0,1,0,0,0,0,3.5,weather_forecast,0,0,,,,,,,,,,,1,0,0.0,0,0,0,0,234.0,early_warning,general_situation_report,retain,2024-01-23 09:00:00,483,1,1,24.0,2024-01-24 09:00:00,24.0,1793.0,535.0,12.0,673.0,True,7.532088143541722,6.335054251498059,2.70805020110221,6.846943139585379,24.0,True,1988.0,592.0,14.0,940.0,-122.0,-29.0,0.0,-0.06329913531225007,0.0,9,1,23,1,0.49999999999999994,0.8660254037844387,0.38541335945432564,0.9227440286201427,7.492203042618741,6.513230110912307,-73.0,-0.03988510092298103,1,-122.0,-0.06329913531225007,Decreasing,0.0,0.0,61,0.0,False,Decrease
situation_20240124_0900_4f8f76d0.pdf,2024-01-24,"Landslide, Heavy Rain, Strong Wind",3840,,,,,,,,,,535.0,1793.0,0.0,0.0,0.0,3.0,53.0,2.0,0.0,12.0,198.0,673.0,True,grand_total,900,2024-01-24 09:00:00,3,,,0.0,0,0,0,0,0,0,3.5,weather_forecast,0,0,,,,,,,,,,,1,0,0.0,0,0,0,0,258.0,early_warning,general_situation_report,retain,2024-01-24 09:00:00,484,1,1,24.0,2024-01-25 09:00:00,24.0,1692.0,506.0,12.0,673.0,True,7.492203042618741,6.284134161070802,2.5649493574615367,6.513230110912307,24.0,True,1866.0,563.0,14.0,940.0,-73.0,-28.0,-267.0,-0.03988510092298103,-0.3337130286730723,9,1,24,2,0.49999999999999994,0.8660254037844387,0.4012289854475009,0.9159777842484877,7.4342573821331355,6.513230110912307,-101.0,-0.0579456604856059,1,-73.0,-0.03988510092298103,Decreasing,0.0,0.0,60,0.0,False,Decrease
situation_20240125_0900_545f0195.pdf,2024-01-25,Landslide,3295,,,,,,,,,,506.0,1692.0,0.0,0.0,0.0,3.0,39.0,2.0,0.0,12.0,198.0,673.0,True,grand_total,900,2024-01-25 09:00:00,3,,,0.0,0,0,0,0,0,0,3.5,weather_forecast,0,0,,,,,,,,,,,1,0,0.0,0,0,0,0,282.0,early_warning,general_situation_report,retain,2024-01-25 09:00:00,485,1,1,24.0,2024-01-26 09:00:00,24.0,1692.0,506.0,12.0,673.0,True,7.4342573821331355,6.2285110035911835,2.5649493574615367,6.513230110912307,24.0,True,1793.0,535.0,12.0,673.0,-101.0,-29.0,0.0,-0.0579456604856059,0.0,9,1,25,3,0.49999999999999994,0.8660254037844387,0.4169258813287287,0.908940487313808,7.4342573821331355,6.513230110912307,0.0,0.0,1,-101.0,-0.0579456604856059,Decreasing,0.0,0.0,59,0.0,False,Decrease
situation_20240126_0900_cfca6547.pdf,2024-01-26,Landslide,3270,,,,,,,,,,506.0,1692.0,0.0,0.0,0.0,3.0,39.0,2.0,0.0,12.0,198.0,673.0,True,grand_total,900,2024-01-26 09:00:00,3,,,0.0,0,0,0,0,0,0,3.5,weather_forecast,0,0,,,,,,,,,,,1,0,0.0,0,0,0,0,306.0,early_warning,general_situation_report,retain,2024-01-26 09:00:00,486,1,1,24.0,2024-01-27 09:00:00,24.0,1692.0,506.0,12.0,385.0,True,7.4342573821331355,6.2285110035911835,2.5649493574615367,6.513230110912307,24.0,True,1692.0,506.0,12.0,673.0,0.0,0.0,0.0,0.0,0.0,9,1,26,4,0.49999999999999994,0.8660254037844387,0.4324994021339788,0.901634220265486,7.4342573821331355,5.955837369464831,0.0,0.0,1,0.0,0.0,Stable,0.0,0.0,58,0.0,False,Stable
situation_20240127_0900_3ebafb8b.pdf,2024-01-27,Landslide,3287,,,,,,,,,,506.0,1692.0,0.0,0.0,0.0,3.0,39.0,2.0,0.0,12.0,106.0,385.0,True,grand_total,900,2024-01-27 09:00:00,3,,40.0,0.0,0,1,1,0,0,0,3.5,weather_forecast,0,0,,,,,,,,,,,1,0,0.0,0,0,0,0,330.0,early_warning,general_situation_report,retain,2024-01-27 09:00:00,487,1,1,24.0,2024-01-28 09:00:00,24.0,1692.0,506.0,12.0,385.0,True,7.4342573821331355,6.2285110035911835,2.5649493574615367,5.955837369464831,24.0,True,1692.0,506.0,12.0,673.0,0.0,0.0,-288.0,0.0,-0.557392741447476,9,1,27,5,0.49999999999999994,0.8660254037844387,0.44794493940789115,0.8940611451454876,7.4342573821331355,5.955837369464831,0.0,0.0,1,0.0,0.0,Stable,0.0,0.0,57,0.0,False,Stable
situation_20240128_0900_28ac0510.pdf,2024-01-28,Landslide,3287,,,,,,,,,,506.0,1692.0,0.0,0.0,0.0,3.0,39.0,2.0,0.0,12.0,106.0,385.0,True,grand_total,900,2024-01-28 09:00:00,3,,40.0,0.0,0,1,1,0,0,0,3.5,weather_forecast,0,0,,,,,,,,,,,1,0,0.0,0,0,0,0,354.0,early_warning,general_situation_report,retain,2024-01-28 09:00:00,488,1,1,24.0,2024-01-29 09:00:00,24.0,1692.0,506.0,12.0,385.0,True,7.4342573821331355,6.2285110035911835,2.5649493574615367,5.955837369464831,24.0,True,1692.0,506.0,12.0,385.0,0.0,0.0,0.0,0.0,0.0,9,1,28,6,0.49999999999999994,0.8660254037844387,0.4632579225674917,0.88622350294858,7.4342573821331355,5.955837369464831,0.0,0.0,1,0.0,0.0,Stable,0.0,0.0,56,0.0,False,Stable
situation_20240129_0900_bff020d6.pdf,2024-01-29,Landslide,3271,,,,,,,,,,506.0,1692.0,0.0,0.0,0.0,3.0,39.0,2.0,0.0,12.0,106.0,385.0,True,grand_total,900,2024-01-29 09:00:00,3,,40.0,0.0,0,1,1,0,0,0,3.5,weather_forecast,0,0,,,,,,,,,,,1,0,0.0,0,0,0,0,378.0,early_warning,general_situation_report,retain,2024-01-29 09:00:00,489,1,1,24.0,2024-01-30 09:00:00,24.0,1692.0,506.0,12.0,385.0,True,7.4342573821331355,6.2285110035911835,2.5649493574615367,5.955837369464831,24.0,True,1692.0,506.0,12.0,385.0,0.0,0.0,0.0,0.0,0.0,9,1,29,0,0.49999999999999994,0.8660254037844387,0.4784338202547012,0.8781236129591848,7.4342573821331355,5.955837369464831,0.0,0.0,1,0.0,0.0,Stable,0.0,0.0,56,0.0,False,Stable
situation_20240130_0900_761702c4.pdf,2024-01-30,Landslide,3271,,,,,,,,,,506.0,1692.0,0.0,0.0,0.0,3.0,39.0,2.0,0.0,12.0,106.0,385.0,True,grand_total,900,2024-01-30 09:00:00,3,75.0,,0.0,1,1,0,0,0,0,3.5,weather_forecast,0,0,,,,,,,,,,,1,0,0.0,0,0,0,0,402.0,early_warning,general_situation_report,retain,2024-01-30 09:00:00,490,1,1,24.0,2024-01-31 09:00:00,24.0,1692.0,506.0,12.0,385.0,True,7.4342573821331355,6.2285110035911835,2.5649493574615367,5.955837369464831,24.0,True,1692.0,506.0,12.0,385.0,0.0,0.0,0.0,0.0,0.0,9,1,30,1,0.49999999999999994,0.8660254037844387,0.49346814167723735,0.8697638720650646,7.4342573821331355,5.955837369464831,0.0,0.0,1,0.0,0.0,Stable,0.0,0.0,56,0.0,False,Stable
situation_20240131_0900_b6b7638f.pdf,2024-01-31,Landslide,3267,,,,,,,,,,506.0,1692.0,0.0,0.0,0.0,3.0,39.0,2.0,0.0,12.0,106.0,385.0,True,grand_total,900,2024-01-31 09:00:00,3,75.0,,0.0,1,1,0,0,0,0,3.5,weather_forecast,0,0,,,,,,,,,,,1,0,0.0,0,0,0,0,426.0,early_warning,general_situation_report,retain,2024-01-31 09:00:00,491,1,1,24.0,2024-02-01 09:00:00,24.0,1692.0,506.0,12.0,385.0,True,7.4342573821331355,6.2285110035911835,2.5649493574615367,5.955837369464831,24.0,True,1692.0,506.0,12.0,385.0,0.0,0.0,0.0,0.0,0.0,9,1,31,2,0.49999999999999994,0.8660254037844387,0.5083564379375122,0.8611467540480452,7.4342573821331355,5.955837369464831,0.0,0.0,1,0.0,0.0,Stable,0.0,0.0,56,0.0,False,Stable
situation_20240201_0900_2d95e75d.pdf,2024-02-01,Landslide,3268,,,,,,,,,,506.0,1692.0,0.0,0.0,0.0,3.0,39.0,2.0,0.0,12.0,106.0,385.0,True,grand_total,900,2024-02-01 09:00:00,3,75.0,,0.0,1,1,0,0,0,0,3.5,weather_forecast,0,0,,,,,,,,,,,1,1,2.0,4,3,0,6,13.0,early_warning,general_situation_report,retain,2024-02-01 09:00:00,492,1,1,24.0,2024-02-03 09:00:00,48.0,1720.0,514.0,12.0,386.0,True,7.4342573821331355,6.2285110035911835,2.5649493574615367,5.955837369464831,24.0,True,1692.0,506.0,12.0,385.0,0.0,0.0,0.0,0.0,0.0,9,2,32,3,0.8660254037844386,0.5000000000000001,0.5230943033491326,0.8522748088519838,7.450660796211539,5.958424693029782,28.0,0.016403414078403955,1,0.0,0.0,Stable,0.0,0.0,55,0.0,False,Stable
situation_20240203_0900_3d62a4bd.pdf,2024-02-03,"Landslide, Heavy Rain, Strong Wind, Lightning",4117,,,,,,,,,,514.0,1720.0,0.0,0.0,0.0,3.0,51.0,2.0,0.0,12.0,106.0,386.0,True,grand_total,900,2024-02-03 09:00:00,3,,,0.0,0,1,0,0,0,0,3.5,weather_forecast,0,0,,,,,,,,,,,1,1,1.0,6,0,0,6,17.0,early_warning,general_situation_report,retain,2024-02-03 09:00:00,493,1,1,48.0,2024-02-05 09:00:00,48.0,1675.0,502.0,12.0,386.0,True,7.450660796211539,6.244166900663736,2.5649493574615367,5.958424693029782,48.0,True,1692.0,506.0,12.0,385.0,28.0,8.0,1.0,0.016403414078403955,0.0025873235649509496,9,2,34,5,0.8660254037844386,0.5000000000000001,0.5521013427459208,0.8337770129585915,7.424165281042028,5.958424693029782,-45.0,-0.026495515169511208,1,28.0,0.016403414078403955,Increasing,0.09259259259259259,0.12962962962962962,54,9.25925925925926,False,Normal Increase
situation_20240205_0900_e9fc1821.pdf,2024-02-05,Landslide,3265,,,,,,,,,,502.0,1675.0,0.0,0.0,0.0,3.0,39.0,2.0,0.0,12.0,106.0,386.0,True,grand_total,900,2024-02-05 09:00:00,3,,,0.0,0,1,0,0,0,0,3.5,weather_forecast,0,0,,,,,,,,,,,1,0,0.0,0,0,0,0,65.0,early_warning,general_situation_report,retain,2024-02-05 09:00:00,494,1,1,48.0,2024-02-06 09:00:00,24.0,1722.0,514.0,12.0,386.0,True,7.424165281042028,6.220590170099739,2.5649493574615367,5.958424693029782,48.0,True,1720.0,514.0,12.0,386.0,-45.0,-12.0,0.0,-0.026495515169511208,0.0,9,2,36,0,0.8660254037844386,0.5000000000000001,0.580454927809098,0.8142923779467267,7.45182223652793,5.958424693029782,47.0,0.027656955485901413,1,-45.0,-0.026495515169511208,Decreasing,0.0,0.0,54,0.0,False,Decrease
situation_20240206_0900_20874263.pdf,2024-02-06,"Landslide, Heavy Rain, Strong Wind, Lightning",3937,,,,,,,,,,514.0,1722.0,1.0,0.0,0.0,4.0,50.0,3.0,0.0,12.0,106.0,386.0,True,grand_total,900,2024-02-06 09:00:00,3,,,0.0,0,1,0,0,0,0,3.5,weather_forecast,0,0,,,,,,,,,,,1,0,0.0,0,0,0,0,89.0,early_warning,general_situation_report,retain,2024-02-06 09:00:00,495,1,1,24.0,2024-02-07 09:00:00,24.0,1675.0,502.0,12.0,386.0,True,7.45182223652793,6.244166900663736,2.5649493574615367,5.958424693029782,24.0,True,1675.0,502.0,12.0,386.0,47.0,12.0,0.0,0.027656955485901413,0.0,9,2,37,1,0.8660254037844386,0.5000000000000001,0.5943761565849831,0.804187157621448,7.424165281042028,5.958424693029782,-47.0,-0.027656955485901413,1,47.0,0.027656955485901413,Increasing,0.1509433962264151,0.18867924528301888,53,15.09433962264151,False,Normal Increase
situation_20240207_0900_b0cc09b5.pdf,2024-02-07,Landslide,3266,,,,,,,,,,502.0,1675.0,0.0,0.0,0.0,3.0,39.0,2.0,0.0,12.0,106.0,386.0,True,grand_total,900,2024-02-07 09:00:00,3,,,0.0,0,0,0,0,0,0,3.5,weather_forecast,0,0,,,,,,,,,,,1,0,0.0,0,0,0,0,113.0,early_warning,general_situation_report,retain,2024-02-07 09:00:00,496,1,1,24.0,2024-02-08 09:00:00,24.0,1675.0,502.0,12.0,386.0,True,7.424165281042028,6.220590170099739,2.5649493574615367,5.958424693029782,24.0,True,1722.0,514.0,12.0,386.0,-47.0,-12.0,0.0,-0.027656955485901413,0.0,9,2,38,2,0.8660254037844386,0.5000000000000001,0.6081214998935418,0.7938439653781019,7.424165281042028,5.958424693029782,0.0,0.0,1,-47.0,-0.027656955485901413,Decreasing,0.0,0.0,54,0.0,False,Decrease
situation_20240208_0900_45f4cf93.pdf,2024-02-08,Landslide,3269,,,,,,,,,,502.0,1675.0,0.0,0.0,0.0,3.0,39.0,2.0,0.0,12.0,106.0,386.0,True,grand_total,900,2024-02-08 09:00:00,3,,,0.0,0,0,0,0,0,0,3.5,weather_forecast,0,0,,,,,,,,,,,1,0,0.0,0,0,0,0,137.0,early_warning,general_situation_report,retain,2024-02-08 09:00:00,497,1,1,24.0,2024-02-09 09:00:00,24.0,1675.0,502.0,12.0,386.0,True,7.424165281042028,6.220590170099739,2.5649493574615367,5.958424693029782,24.0,True,1675.0,502.0,12.0,386.0,0.0,0.0,0.0,0.0,0.0,9,2,39,3,0.8660254037844386,0.5000000000000001,0.6216868902665479,0.7832658619336791,7.424165281042028,5.958424693029782,0.0,0.0,1,0.0,0.0,Stable,0.0,0.0,53,0.0,False,Stable
situation_20240209_0900_419c5e1f.pdf,2024-02-09,Landslide,3266,,,,,,,,,,502.0,1675.0,0.0,0.0,0.0,3.0,39.0,2.0,0.0,12.0,106.0,386.0,True,grand_total,900,2024-02-09 09:00:00,3,,,0.0,0,0,0,0,0,0,3.5,weather_forecast,0,0,,,,,,,,,,,1,0,0.0,0,0,0,0,161.0,early_warning,general_situation_report,retain,2024-02-09 09:00:00,498,1,1,24.0,2024-02-10 09:00:00,24.0,1675.0,502.0,12.0,386.0,True,7.424165281042028,6.220590170099739,2.5649493574615367,5.958424693029782,24.0,True,1675.0,502.0,12.0,386.0,0.0,0.0,0.0,0.0,0.0,9,2,40,4,0.8660254037844386,0.5000000000000001,0.6350683134867438,0.7724559775191742,7.424165281042028,5.958424693029782,0.0,0.0,1,0.0,0.0,Stable,0.0,0.0,53,0.0,False,Stable
situation_20240210_0900_4b4cdf15.pdf,2024-02-10,Landslide,3285,,,,,,,,,,502.0,1675.0,0.0,0.0,0.0,3.0,39.0,2.0,0.0,12.0,106.0,386.0,True,grand_total,900,2024-02-10 09:00:00,3,,,0.0,0,0,0,0,0,0,3.5,weather_forecast,0,0,,,,,,,,,,,1,0,0.0,0,0,0,0,185.0,early_warning,general_situation_report,retain,2024-02-10 09:00:00,499,1,1,24.0,2024-02-11 09:00:00,24.0,1675.0,502.0,12.0,386.0,True,7.424165281042028,6.220590170099739,2.5649493574615367,5.958424693029782,24.0,True,1675.0,502.0,12.0,386.0,0.0,0.0,0.0,0.0,0.0,9,2,41,5,0.8660254037844386,0.5000000000000001,0.6482618097757122,0.7614175109532997,7.424165281042028,5.958424693029782,0.0,0.0,1,0.0,0.0,Stable,0.0,0.0,53,0.0,False,Stable
situation_20240211_0900_0ff60beb.pdf,2024-02-11,Landslide,3290,,,,,,,,,,502.0,1675.0,0.0,0.0,0.0,3.0,39.0,2.0,0.0,12.0,106.0,386.0,True,grand_total,900,2024-02-11 09:00:00,3,,40.0,0.0,0,0,1,0,0,0,3.5,weather_forecast,0,0,,,,,,,,,,,1,0,0.0,0,0,0,0,209.0,early_warning,general_situation_report,retain,2024-02-11 09:00:00,500,1,1,24.0,2024-02-12 09:00:00,24.0,1675.0,502.0,12.0,386.0,True,7.424165281042028,6.220590170099739,2.5649493574615367,5.958424693029782,24.0,True,1675.0,502.0,12.0,386.0,0.0,0.0,0.0,0.0,0.0,9,2,42,6,0.8660254037844386,0.5000000000000001,0.6612634749656386,0.7501537286959042,7.424165281042028,5.958424693029782,0.0,0.0,1,0.0,0.0,Stable,0.0,0.0,53,0.0,False,Stable
situation_20240212_0900_d5653894.pdf,2024-02-12,Landslide,3271,,,,,,,,,,502.0,1675.0,0.0,0.0,0.0,3.0,39.0,2.0,0.0,12.0,106.0,386.0,True,grand_total,900,2024-02-12 09:00:00,3,,40.0,0.0,0,1,1,0,0,0,3.5,weather_forecast,0,0,,,,,,,,,,,1,0,0.0,0,0,0,0,233.0,early_warning,general_situation_report,retain,2024-02-12 09:00:00,501,1,1,24.0,2024-02-13 09:00:00,24.0,1685.0,504.0,12.0,386.0,True,7.424165281042028,6.220590170099739,2.5649493574615367,5.958424693029782,24.0,True,1675.0,502.0,12.0,386.0,0.0,0.0,0.0,0.0,0.0,9,2,43,0,0.8660254037844386,0.5000000000000001,0.6740694616546161,0.7386679638813748,7.430114138561801,5.958424693029782,10.0,0.005948857519772588,1,0.0,0.0,Stable,0.0,0.0,53,0.0,False,Stable
situation_20240213_0900_be1ebb30.pdf,2024-02-13,Landslide,3534,,,,,,,,,,504.0,1685.0,0.0,0.0,0.0,3.0,41.0,2.0,0.0,12.0,106.0,386.0,True,grand_total,900,2024-02-13 09:00:00,3,,40.0,0.0,0,1,1,0,0,0,3.5,weather_forecast,0,0,,,,,,,,,,,1,0,0.0,0,0,0,0,257.0,early_warning,general_situation_report,retain,2024-02-13 09:00:00,502,1,1,24.0,2024-02-14 09:00:00,24.0,1681.0,503.0,12.0,386.0,True,7.430114138561801,6.22455842927536,2.5649493574615367,5.958424693029782,24.0,True,1675.0,502.0,12.0,386.0,10.0,2.0,0.0,0.005948857519772588,0.0,9,2,44,1,0.8660254037844386,0.5000000000000001,0.6866759803451553,0.726963615332308,7.427738840532894,5.958424693029782,-4.0,-0.0023752980289071246,1,10.0,0.005948857519772588,Increasing,0.03773584905660377,0.09433962264150944,53,3.7735849056603774,False,Normal Increase
situation_20240214_0900_68b1e2d6.pdf,2024-02-14,Landslide,3504,,,,,,,,,,503.0,1681.0,0.0,0.0,0.0,3.0,40.0,2.0,0.0,12.0,106.0,386.0,True,grand_total,900,2024-02-14 09:00:00,3,,40.0,0.0,0,1,1,0,0,0,3.5,weather_forecast,0,0,,,,,,,,,,,1,0,0.0,0,0,0,0,281.0,early_warning,general_situation_report,retain,2024-02-14 09:00:00,503,1,1,24.0,2024-02-15 09:00:00,24.0,1689.0,507.0,12.0,386.0,True,7.427738840532894,6.222576268071369,2.5649493574615367,5.958424693029782,24.0,True,1685.0,504.0,12.0,386.0,-4.0,-1.0,0.0,-0.0023752980289071246,0.0,9,2,45,2,0.8660254037844386,0.5000000000000001,0.6990793005655562,0.7150441465537444,7.432483807917119,5.958424693029782,8.0,0.004744967384225696,1,-4.0,-0.0023752980289071246,Decreasing,0.0,0.0,53,0.0,False,Decrease
situation_20240215_0900_94edc249.pdf,2024-02-15,Landslide,3806,,,,,,,,,,507.0,1689.0,2.0,0.0,0.0,3.0,44.0,2.0,0.0,12.0,106.0,386.0,True,grand_total,900,2024-02-15 09:00:00,3,,40.0,0.0,0,1,1,0,0,0,3.5,weather_forecast,0,0,,,,,,,,,,,1,0,0.0,0,0,0,0,305.0,early_warning,general_situation_report,retain,2024-02-15 09:00:00,504,1,1,24.0,2024-02-16 09:00:00,24.0,1060.0,304.0,9.0,320.0,True,7.432483807917119,6.230481447578482,2.5649493574615367,5.958424693029782,24.0,True,1681.0,503.0,12.0,386.0,8.0,4.0,0.0,0.004744967384225696,0.0,9,2,46,3,0.8660254037844386,0.5000000000000001,0.7112757519738152,0.7029130847082615,6.966967138613983,5.771441123130016,-629.0,-0.4655166693031365,1,8.0,0.004744967384225696,Increasing,0.019230769230769232,0.057692307692307696,52,1.9230769230769231,False,Normal Increase
situation_20240216_0900_835a5526.pdf,2024-02-16,"Landslide, Heavy Rain",3068,,,,,,,,,,304.0,1060.0,0.0,0.0,0.0,3.0,39.0,2.0,0.0,9.0,90.0,320.0,True,grand_total,900,2024-02-16 09:00:00,2,,40.0,0.0,0,1,1,0,0,0,17.0,weather_forecast,0,0,,,,,,,,,,,1,0,0.0,0,0,0,0,329.0,early_warning,general_situation_report,retain,2024-02-16 09:00:00,505,1,1,24.0,2024-02-17 09:00:00,24.0,1060.0,304.0,9.0,320.0,True,6.966967138613983,5.720311776607412,2.302585092994046,5.771441123130016,24.0,True,1689.0,507.0,12.0,386.0,-629.0,-203.0,-66.0,-0.4655166693031365,-0.18698356989976617,9,2,47,4,0.8660254037844386,0.5000000000000001,0.7232617254437388,0.6905740195722293,6.966967138613983,5.771441123130016,0.0,0.0,1,-629.0,-0.4655166693031365,Decreasing,0.0,0.0,53,0.0,False,Decrease
situation_20240217_0900_18d0fce8.pdf,2024-02-17,"Landslide, Heavy Rain",3070,,,,,,,,,,304.0,1060.0,0.0,0.0,0.0,3.0,39.0,2.0,0.0,9.0,90.0,320.0,True,grand_total,900,2024-02-17 09:00:00,3,,40.0,0.0,0,1,1,0,0,0,3.5,weather_forecast,0,0,,,,,,,,,,,1,0,0.0,0,0,0,0,353.0,early_warning,general_situation_report,retain,2024-02-17 09:00:00,506,1,1,24.0,2024-02-18 09:00:00,24.0,1060.0,304.0,9.0,320.0,True,6.966967138613983,5.720311776607412,2.302585092994046,5.771441123130016,24.0,True,1060.0,304.0,9.0,320.0,0.0,0.0,0.0,0.0,0.0,9,2,48,5,0.8660254037844386,0.5000000000000001,0.7350336741329413,0.6780306024735382,6.966967138613983,5.771441123130016,0.0,0.0,1,0.0,0.0,Stable,0.0,0.0,52,0.0,False,Stable
situation_20240218_0900_c4f4e38f.pdf,2024-02-18,"Landslide, Heavy Rain",3065,,,,,,,,,,304.0,1060.0,0.0,0.0,0.0,3.0,39.0,2.0,0.0,9.0,90.0,320.0,True,grand_total,900,2024-02-18 09:00:00,3,,40.0,0.0,0,1,1,0,0,0,3.5,weather_forecast,0,0,,,,,,,,,,,1,0,0.0,0,0,0,0,377.0,early_warning,general_situation_report,retain,2024-02-18 09:00:00,507,1,1,24.0,2024-02-19 09:00:00,24.0,1060.0,304.0,9.0,320.0,True,6.966967138613983,5.720311776607412,2.302585092994046,5.771441123130016,24.0,True,1060.0,304.0,9.0,320.0,0.0,0.0,0.0,0.0,0.0,9,2,49,6,0.8660254037844386,0.5000000000000001,0.746588114532413,0.6652865452111116,6.966967138613983,5.771441123130016,0.0,0.0,1,0.0,0.0,Stable,0.0,0.0,52,0.0,False,Stable
situation_20240219_0900_1c9dcdb3.pdf,2024-02-19,"Landslide, Heavy Rain",3065,,,,,,,,,,304.0,1060.0,0.0,0.0,0.0,3.0,39.0,2.0,0.0,9.0,90.0,320.0,True,grand_total,900,2024-02-19 09:00:00,3,,35.0,0.0,0,1,0,0,0,0,3.5,weather_forecast,0,0,,,,,,,,,,,1,0,0.0,0,0,0,0,401.0,early_warning,general_situation_report,retain,2024-02-19 09:00:00,508,1,1,24.0,2024-02-20 09:00:00,24.0,1060.0,304.0,9.0,320.0,True,6.966967138613983,5.720311776607412,2.302585092994046,5.771441123130016,24.0,True,1060.0,304.0,9.0,320.0,0.0,0.0,0.0,0.0,0.0,9,2,50,0,0.8660254037844386,0.5000000000000001,0.7579216274973472,0.6523456189565257,6.966967138613983,5.771441123130016,0.0,0.0,1,0.0,0.0,Stable,0.0,0.0,52,0.0,False,Stable
situation_20240220_0900_4ed9116e.pdf,2024-02-20,"Landslide, Heavy Rain",3069,,,,,,,,,,304.0,1060.0,0.0,0.0,0.0,3.0,39.0,2.0,0.0,9.0,90.0,320.0,True,grand_total,900,2024-02-20 09:00:00,3,,35.0,0.0,0,1,0,0,0,0,3.5,weather_forecast,0,0,,,,,,,,,,,1,0,0.0,0,0,0,0,425.0,early_warning,general_situation_report,retain,2024-02-20 09:00:00,509,1,1,24.0,2024-02-21 09:00:00,24.0,1060.0,304.0,9.0,320.0,True,6.966967138613983,5.720311776607412,2.302585092994046,5.771441123130016,24.0,True,1060.0,304.0,9.0,320.0,0.0,0.0,0.0,0.0,0.0,9,2,51,1,0.8660254037844386,0.5000000000000001,0.7690308592589181,0.6392116531380588,6.966967138613983,5.771441123130016,0.0,0.0,1,0.0,0.0,Stable,0.0,0.0,51,0.0,False,Stable
situation_20240221_0900_3b250048.pdf,2024-02-21,"Landslide, Heavy Rain",3069,,,,,,,,,,304.0,1060.0,0.0,0.0,0.0,3.0,39.0,2.0,0.0,9.0,90.0,320.0,True,grand_total,900,2024-02-21 09:00:00,3,,30.0,0.0,0,1,0,0,0,0,3.5,weather_forecast,0,0,,,,,,,,,,,1,0,0.0,0,0,0,0,449.0,early_warning,general_situation_report,retain,2024-02-21 09:00:00,510,1,1,24.0,2024-02-23 09:00:00,48.0,1060.0,304.0,9.0,320.0,True,6.966967138613983,5.720311776607412,2.302585092994046,5.771441123130016,24.0,True,1060.0,304.0,9.0,320.0,0.0,0.0,0.0,0.0,0.0,9,2,52,2,0.8660254037844386,0.5000000000000001,0.7799125224167177,0.6258885343075018,6.966967138613983,5.771441123130016,0.0,0.0,1,0.0,0.0,Stable,0.0,0.0,51,0.0,False,Stable
situation_20240223_0900_65f3f39b.pdf,2024-02-23,"Landslide, Heavy Rain",3068,,,,,,,,,,304.0,1060.0,0.0,0.0,0.0,3.0,39.0,2.0,0.0,9.0,90.0,320.0,True,grand_total,900,2024-02-23 09:00:00,3,,,0.0,0,1,0,0,0,0,3.5,weather_forecast,0,0,,,,,,,,,,,1,0,0.0,0,0,0,0,497.0,early_warning,general_situation_report,retain,2024-02-23 09:00:00,511,1,1,48.0,2024-02-25 09:00:00,48.0,1060.0,304.0,9.0,320.0,True,6.966967138613983,5.720311776607412,2.302585092994046,5.771441123130016,48.0,True,1060.0,304.0,9.0,320.0,0.0,0.0,0.0,0.0,0.0,9,2,54,4,0.8660254037844386,0.5000000000000001,0.8009803309782905,0.5986906625177214,6.966967138613983,5.771441123130016,0.0,0.0,1,0.0,0.0,Stable,0.0,0.0,50,0.0,False,Stable
situation_20240225_0900_27ba8029.pdf,2024-02-25,"Landslide, Heavy Rain",3086,,,,,,,,,,304.0,1060.0,0.0,0.0,0.0,3.0,39.0,2.0,0.0,9.0,90.0,320.0,True,grand_total,900,2024-02-25 09:00:00,3,,,0.0,0,1,0,0,0,0,3.5,weather_forecast,0,0,,,,,,,,,,,1,0,0.0,0,0,0,0,545.0,early_warning,general_situation_report,retain,2024-02-25 09:00:00,512,1,1,48.0,2024-02-26 09:00:00,24.0,1060.0,304.0,9.0,320.0,True,6.966967138613983,5.720311776607412,2.302585092994046,5.771441123130016,48.0,True,1060.0,304.0,9.0,320.0,0.0,0.0,0.0,0.0,0.0,9,2,56,6,0.8660254037844386,0.5000000000000001,0.8211001178128892,0.5707841943569036,6.966967138613983,5.771441123130016,0.0,0.0,1,0.0,0.0,Stable,0.0,0.0,49,0.0,False,Stable
situation_20240226_0900_b5ea0d3d.pdf,2024-02-26,"Landslide, Heavy Rain",3066,,,,,,,,,,304.0,1060.0,0.0,0.0,0.0,3.0,39.0,2.0,0.0,9.0,90.0,320.0,True,grand_total,900,2024-02-26 09:00:00,3,,40.0,0.0,0,1,1,0,0,0,3.5,weather_forecast,0,0,,,,,,,,,,,1,0,0.0,0,0,0,0,569.0,early_warning,general_situation_report,retain,2024-02-26 09:00:00,513,1,1,24.0,2024-02-27 09:00:00,24.0,1082.0,310.0,9.0,320.0,True,6.966967138613983,5.720311776607412,2.302585092994046,5.771441123130016,24.0,True,1060.0,304.0,9.0,320.0,0.0,0.0,0.0,0.0,0.0,9,2,57,0,0.8660254037844386,0.5000000000000001,0.8307970168121247,0.5565755266413303,6.9874902470009905,5.771441123130016,22.0,0.02052310838700766,1,0.0,0.0,Stable,0.0,0.0,49,0.0,False,Stable
situation_20240227_0900_c431ccee.pdf,2024-02-27,"Landslide, Heavy Rain, Strong Wind",3435,,,,,,,,,,310.0,1082.0,0.0,0.0,0.0,3.0,45.0,2.0,0.0,9.0,90.0,320.0,True,grand_total,900,2024-02-27 09:00:00,3,,40.0,0.0,0,1,1,0,0,0,3.5,weather_forecast,0,0,,,,,,,,,,,1,0,0.0,0,0,0,0,593.0,early_warning,general_situation_report,retain,2024-02-27 09:00:00,514,1,1,24.0,2024-02-28 09:00:00,24.0,1084.0,310.0,9.0,320.0,True,6.9874902470009905,5.739792912179234,2.302585092994046,5.771441123130016,24.0,True,1060.0,304.0,9.0,320.0,22.0,6.0,0.0,0.02052310838700766,0.0,9,2,58,1,0.8660254037844386,0.5000000000000001,0.8402480696078469,0.5422021592729844,6.98933526597456,5.771441123130016,2.0,0.001845018973569701,1,22.0,0.02052310838700766,Increasing,0.08163265306122448,0.14285714285714285,49,8.16326530612245,False,Normal Increase
situation_20240228_0900_6366dc47.pdf,2024-02-28,"Landslide, Heavy Rain, Strong Wind",3470,,,,,,,,,,310.0,1084.0,0.0,0.0,0.0,3.0,45.0,3.0,0.0,9.0,90.0,320.0,True,grand_total,900,2024-02-28 09:00:00,3,,40.0,0.0,0,1,1,0,0,0,3.5,weather_forecast,0,0,,,,,,,,,,,1,0,0.0,0,0,0,0,617.0,early_warning,general_situation_report,retain,2024-02-28 09:00:00,515,1,1,24.0,2024-02-29 09:00:00,24.0,1073.0,308.0,9.0,320.0,True,6.98933526597456,5.739792912179234,2.302585092994046,5.771441123130016,24.0,True,1082.0,310.0,9.0,320.0,2.0,0.0,0.0,0.001845018973569701,0.0,9,2,59,2,0.8660254037844386,0.5000000000000001,0.8494504794814806,0.527668345562516,6.97914527506881,5.771441123130016,-11.0,-0.010189990905749902,1,2.0,0.001845018973569701,Increasing,0.02040816326530612,0.02040816326530612,49,2.0408163265306123,False,Normal Increase
situation_20240229_0900_4a4aa574.pdf,2024-02-29,"Landslide, Heavy Rain, Strong Wind",3335,,,,,,,,,,308.0,1073.0,1.0,0.0,0.0,3.0,42.0,2.0,0.0,9.0,90.0,320.0,True,grand_total,900,2024-02-29 09:00:00,3,,40.0,0.0,0,1,1,0,0,0,3.5,weather_forecast,0,0,,,,,,,,,,,1,0,0.0,0,0,0,0,641.0,early_warning,general_situation_report,retain,2024-02-29 09:00:00,516,1,1,24.0,2024-03-01 09:00:00,24.0,1075.0,309.0,9.0,320.0,True,6.97914527506881,5.733341276897746,2.302585092994046,5.771441123130016,24.0,True,1084.0,310.0,9.0,320.0,-11.0,-2.0,0.0,-0.010189990905749902,0.0,9,2,60,3,0.8660254037844386,0.5000000000000001,0.8584015232918917,0.512978386299228,6.98100574072173,5.771441123130016,2.0,0.0018604656529195296,1,-11.0,-0.010189990905749902,Decreasing,0.0,0.0,49,0.0,False,Decrease
situation_20240301_0900_631b7b1e.pdf,2024-03-01,"Landslide, Heavy Rain, Strong Wind",3337,,,,,,,,,,309.0,1075.0,0.0,0.0,0.0,3.0,44.0,2.0,0.0,9.0,90.0,320.0,True,grand_total,900,2024-03-01 09:00:00,3,,40.0,0.0,0,1,1,0,0,0,3.5,weather_forecast,0,0,,,,,,,,,,,1,0,0.0,0,0,0,0,665.0,early_warning,general_situation_report,retain,2024-03-01 09:00:00,517,1,1,24.0,2024-03-02 09:00:00,24.0,1080.0,309.0,9.0,320.0,True,6.98100574072173,5.736572297479192,2.302585092994046,5.771441123130016,24.0,True,1073.0,308.0,9.0,320.0,2.0,1.0,0.0,0.0018604656529195296,0.0,9,3,61,4,1.0,6.123233995736766e-17,0.8670985522812081,0.4981366284784055,6.985641817639208,5.771441123130016,5.0,0.004636076917478249,1,2.0,0.0018604656529195296,Increasing,0.04081632653061224,0.04081632653061224,49,4.081632653061225,False,Normal Increase
situation_20240302_0900_aebf0fa1.pdf,2024-03-02,"Landslide, Heavy Rain, Strong Wind",3382,,,,,,,,,,309.0,1080.0,0.0,0.0,0.0,3.0,44.0,2.0,0.0,9.0,90.0,320.0,True,grand_total,900,2024-03-02 09:00:00,3,,40.0,0.0,0,1,1,0,0,0,3.5,weather_forecast,0,0,,,,,,,,,,,1,0,0.0,0,0,0,0,689.0,early_warning,general_situation_report,retain,2024-03-02 09:00:00,518,1,1,24.0,2024-03-03 09:00:00,24.0,1071.0,307.0,9.0,320.0,True,6.985641817639208,5.736572297479192,2.302585092994046,5.771441123130016,24.0,True,1075.0,309.0,9.0,320.0,5.0,0.0,0.0,0.004636076917478249,0.0,9,3,62,5,1.0,6.123233995736766e-17,0.8755389928586302,0.4831474640149687,6.977281341630747,5.771441123130016,-9.0,-0.008360476008460793,1,5.0,0.004636076917478249,Increasing,0.061224489795918366,0.08163265306122448,49,6.122448979591836,False,Normal Increase
situation_20240303_0900_02349027.pdf,2024-03-03,"Landslide, Heavy Rain, Strong Wind",3120,,,,,,,,,,307.0,1071.0,0.0,0.0,0.0,3.0,42.0,2.0,0.0,9.0,90.0,320.0,True,grand_total,900,2024-03-03 09:00:00,3,,,0.0,0,1,0,0,0,0,3.5,weather_forecast,0,0,,,,,,,,,,,1,0,0.0,0,0,0,0,713.0,early_warning,general_situation_report,retain,2024-03-03 09:00:00,519,1,1,24.0,2024-03-04 09:00:00,24.0,1071.0,307.0,9.0,320.0,True,6.977281341630747,5.730099782973574,2.302585092994046,5.771441123130016,24.0,True,1080.0,309.0,9.0,320.0,-9.0,-2.0,0.0,-0.008360476008460793,0.0,9,3,63,6,1.0,6.123233995736766e-17,0.8837203473619977,0.4680153284438345,6.977281341630747,5.771441123130016,0.0,0.0,1,-9.0,-0.008360476008460793,Decreasing,0.0,0.0,50,0.0,False,Decrease
situation_20240304_0900_81e9b4b7.pdf,2024-03-04,"Landslide, Heavy Rain, Strong Wind",3094,,,,,,,,,,307.0,1071.0,0.0,0.0,0.0,3.0,42.0,2.0,0.0,9.0,90.0,320.0,True,grand_total,900,2024-03-04 09:00:00,3,,,0.0,0,1,0,0,0,0,3.5,weather_forecast,0,0,,,,,,,,,,,1,0,0.0,0,0,0,0,737.0,early_warning,general_situation_report,retain,2024-03-04 09:00:00,520,1,1,24.0,2024-03-05 09:00:00,24.0,1075.0,308.0,9.0,320.0,True,6.977281341630747,5.730099782973574,2.302585092994046,5.771441123130016,24.0,True,1071.0,307.0,9.0,320.0,0.0,0.0,0.0,0.0,0.0,9,3,64,0,1.0,6.123233995736766e-17,0.8916401947968874,0.45274469960737107,6.98100574072173,5.771441123130016,4.0,0.003724399090982544,1,0.0,0.0,Stable,0.0,0.0,50,0.0,False,Stable
situation_20240305_0900_a13fb241.pdf,2024-03-05,"Landslide, Heavy Rain, Strong Wind",3350,,,,,,,,,,308.0,1075.0,0.0,0.0,0.0,3.0,42.0,3.0,0.0,9.0,90.0,320.0,True,grand_total,900,2024-03-05 09:00:00,3,,,0.0,0,1,0,0,0,0,3.5,weather_forecast,0,0,,,,,,,,,,,1,0,0.0,0,0,0,0,761.0,early_warning,general_situation_report,retain,2024-03-05 09:00:00,521,1,1,24.0,2024-03-07 09:00:00,48.0,1071.0,307.0,9.0,320.0,True,6.98100574072173,5.733341276897746,2.302585092994046,5.771441123130016,24.0,True,1071.0,307.0,9.0,320.0,4.0,1.0,0.0,0.003724399090982544,0.0,9,3,65,1,1.0,6.123233995736766e-17,0.8992961915530253,0.4373400963303323,6.977281341630747,5.771441123130016,-4.0,-0.003724399090982544,1,4.0,0.003724399090982544,Increasing,0.06,0.06,50,6.0,False,Normal Increase
situation_20240307_0900_7e04f575.pdf,2024-03-07,"Landslide, Heavy Rain, Strong Wind",3095,,,,,,,,,,307.0,1071.0,0.0,0.0,0.0,3.0,42.0,2.0,0.0,9.0,90.0,320.0,True,grand_total,900,2024-03-07 09:00:00,4,,,2.0,0,0,0,0,0,0,3.5,weather_forecast,0,0,,,,,,,,,,,1,0,0.0,0,0,0,0,809.0,early_warning,general_situation_report,retain,2024-03-07 09:00:00,522,1,1,48.0,2024-03-08 09:00:00,24.0,1089.0,311.0,9.0,320.0,True,6.977281341630747,5.730099782973574,2.302585092994046,5.771441123130016,48.0,True,1075.0,308.0,9.0,320.0,-4.0,-1.0,0.0,-0.003724399090982544,0.0,9,3,67,3,1.0,6.123233995736766e-17,0.9138076496466615,0.4061472386305789,6.993932975223189,5.771441123130016,18.0,0.01665163359244204,1,-4.0,-0.003724399090982544,Decreasing,0.0,0.0,50,0.0,False,Decrease
situation_20240308_0900_caa23574.pdf,2024-03-08,"Landslide, Heavy Rain, Strong Wind",3364,,,,,,,,,,311.0,1089.0,0.0,0.0,0.0,3.0,46.0,2.0,0.0,9.0,90.0,320.0,True,grand_total,900,2024-03-08 09:00:00,3,,,0.0,0,1,0,0,0,0,3.5,weather_forecast,0,0,,,,,,,,,,,1,0,0.0,0,0,0,0,833.0,early_warning,general_situation_report,retain,2024-03-08 09:00:00,523,1,1,24.0,2024-03-09 09:00:00,24.0,1075.0,308.0,9.0,320.0,True,6.993932975223189,5.7430031878094825,2.302585092994046,5.771441123130016,24.0,True,1071.0,307.0,9.0,320.0,18.0,4.0,0.0,0.01665163359244204,0.0,9,3,68,4,1.0,6.123233995736766e-17,0.9206588168102428,0.3903682146763026,6.98100574072173,5.771441123130016,-14.0,-0.012927234501459495,1,18.0,0.01665163359244204,Increasing,0.16,0.18,50,16.0,False,Normal Increase
situation_20240309_0900_9c7fe2b3.pdf,2024-03-09,"Landslide, Heavy Rain, Strong Wind",3344,,,,,,,,,,308.0,1075.0,0.0,0.0,0.0,3.0,43.0,2.0,0.0,9.0,90.0,320.0,True,grand_total,900,2024-03-09 09:00:00,3,,,0.0,0,1,0,0,0,0,3.5,weather_forecast,0,0,,,,,,,,,,,1,0,0.0,0,0,0,0,857.0,early_warning,general_situation_report,retain,2024-03-09 09:00:00,524,1,1,24.0,2024-03-10 09:00:00,24.0,1071.0,307.0,9.0,320.0,True,6.98100574072173,5.733341276897746,2.302585092994046,5.771441123130016,24.0,True,1089.0,311.0,9.0,320.0,-14.0,-3.0,0.0,-0.012927234501459495,0.0,9,3,69,5,1.0,6.123233995736766e-17,0.9272375462179537,0.374473674486883,6.977281341630747,5.771441123130016,-4.0,-0.003724399090982544,1,-14.0,-0.012927234501459495,Decreasing,0.0,0.0,50,0.0,False,Decrease
situation_20240310_0900_886d3abe.pdf,2024-03-10,"Landslide, Heavy Rain, Strong Wind",3116,,,,,,,,,,307.0,1071.0,0.0,0.0,0.0,3.0,42.0,2.0,0.0,9.0,90.0,320.0,True,grand_total,900,2024-03-10 09:00:00,3,,,0.0,0,1,0,0,0,0,3.5,weather_forecast,0,0,,,,,,,,,,,1,0,0.0,0,0,0,0,881.0,early_warning,general_situation_report,retain,2024-03-10 09:00:00,525,1,1,24.0,2024-03-11 09:00:00,24.0,1071.0,307.0,9.0,320.0,True,6.977281341630747,5.730099782973574,2.302585092994046,5.771441123130016,24.0,True,1075.0,308.0,9.0,320.0,-4.0,-1.0,0.0,-0.003724399090982544,0.0,9,3,70,6,1.0,6.123233995736766e-17,0.9335418911179212,0.35846832151248087,6.977281341630747,5.771441123130016,0.0,0.0,1,-4.0,-0.003724399090982544,Decreasing,0.0,0.0,49,0.0,False,Decrease
situation_20240311_0900_791619ce.pdf,2024-03-11,"Landslide, Heavy Rain, Strong Wind",3094,,,,,,,,,,307.0,1071.0,0.0,0.0,0.0,3.0,42.0,2.0,0.0,9.0,90.0,320.0,True,grand_total,900,2024-03-11 09:00:00,4,,,0.0,0,1,0,0,0,0,1.5,weather_forecast,0,0,,,,,,,,,,,1,0,0.0,0,0,0,0,905.0,early_warning,general_situation_report,retain,2024-03-11 09:00:00,526,1,1,24.0,2024-03-12 09:00:00,24.0,271.0,79.0,6.0,218.0,True,6.977281341630747,5.730099782973574,2.302585092994046,5.771441123130016,24.0,True,1071.0,307.0,9.0,320.0,0.0,0.0,0.0,0.0,0.0,9,3,71,0,1.0,6.123233995736766e-17,0.9395699859530622,0.342356891994542,5.605802066295998,5.389071729816501,-800.0,-1.3714792753347496,1,0.0,0.0,Stable,0.0,0.0,49,0.0,False,Stable
situation_20240312_0900_d0768b02.pdf,2024-03-12,"Landslide, Heavy Rain, Strong Wind, Lightning",3232,,,,,,,,,,79.0,271.0,0.0,0.0,0.0,3.0,56.0,2.0,0.0,6.0,62.0,218.0,True,grand_total,900,2024-03-12 09:00:00,3,,,0.0,0,1,0,0,0,0,3.5,weather_forecast,0,0,,,,,,,,,,,1,0,0.0,0,0,0,0,929.0,early_warning,general_situation_report,retain,2024-03-12 09:00:00,527,1,1,24.0,2024-03-13 09:00:00,24.0,3717.0,1151.0,6.0,218.0,True,5.605802066295998,4.382026634673881,1.9459101490553132,5.389071729816501,24.0,True,1071.0,307.0,9.0,320.0,-800.0,-228.0,-102.0,-1.3714792753347496,-0.3823693933135148,9,3,72,1,1.0,6.123233995736766e-17,0.945320046913132,0.3261441535642696,8.220941168281389,5.389071729816501,3446.0,2.615139101985391,1,-800.0,-1.3714792753347496,Decreasing,0.0,0.0,49,0.0,False,Decrease
situation_20240313_0900_eaac541f.pdf,2024-03-13,"Landslide, Heavy Rain",3197,,,,,,,,,,1151.0,3717.0,0.0,0.0,0.0,3.0,39.0,2.0,0.0,6.0,62.0,218.0,True,grand_total,900,2024-03-13 09:00:00,3,,,0.0,0,1,0,0,0,0,3.5,weather_forecast,0,0,,,,,,,,,,,1,0,0.0,0,0,0,0,953.0,early_warning,general_situation_report,retain,2024-03-13 09:00:00,528,1,1,24.0,2024-03-14 09:00:00,24.0,3721.0,1152.0,6.0,218.0,True,8.220941168281389,7.049254841255837,1.9459101490553132,5.389071729816501,24.0,True,271.0,79.0,6.0,218.0,3446.0,1072.0,0.0,2.615139101985391,0.0,9,3,73,2,1.0,6.123233995736766e-17,0.9507903724625832,0.3098349038318025,8.222016437202196,5.389071729816501,4.0,0.0010752689208075594,1,3446.0,2.615139101985391,Increasing,0.6530612244897959,0.9387755102040817,49,65.3061224489796,False,Normal Increase
situation_20240314_0900_ca19ffce.pdf,2024-03-14,"Landslide, Heavy Rain",3245,,,,,,,,,,1152.0,3721.0,0.0,0.0,0.0,3.0,40.0,2.0,0.0,6.0,62.0,218.0,True,grand_total,900,2024-03-14 09:00:00,3,,,0.0,0,1,0,0,0,0,3.5,weather_forecast,0,0,,,,,,,,,,,1,0,0.0,0,0,0,0,977.0,early_warning,general_situation_report,retain,2024-03-14 09:00:00,529,1,1,24.0,2024-03-15 09:00:00,24.0,4010.0,1232.0,6.0,218.0,True,8.222016437202196,7.050122520269059,1.9459101490553132,5.389071729816501,24.0,True,3717.0,1151.0,6.0,218.0,4.0,1.0,0.0,0.0010752689208075594,0.0,9,3,74,3,1.0,6.123233995736766e-17,0.9559793438440766,0.2934339689665273,8.296795865770052,5.389071729816501,289.0,0.07477942856785624,1,4.0,0.0010752689208075594,Increasing,0.08163265306122448,0.02040816326530612,49,2.0408163265306123,False,Normal Increase
situation_20240315_0900_f380b9c0.pdf,2024-03-15,"Landslide, Heavy Rain",3259,,,,,,,,,,1232.0,4010.0,0.0,0.0,0.0,3.0,40.0,2.0,0.0,6.0,62.0,218.0,True,grand_total,900,2024-03-15 09:00:00,3,,,0.0,0,1,0,0,0,0,3.5,weather_forecast,0,0,,,,,,,,,,,1,0,0.0,0,0,0,0,1001.0,early_warning,general_situation_report,retain,2024-03-15 09:00:00,530,1,1,24.0,2024-03-16 09:00:00,24.0,4969.0,1552.0,6.0,218.0,True,8.296795865770052,7.117205503164344,1.9459101490553132,5.389071729816501,24.0,True,3721.0,1152.0,6.0,218.0,289.0,80.0,0.0,0.07477942856785624,0.0,9,3,75,4,1.0,6.123233995736766e-17,0.9608854255574977,0.27694620226893646,8.511175119090675,5.389071729816501,959.0,0.21437925332062235,1,289.0,0.07477942856785624,Increasing,0.3673469387755102,0.3469387755102041,49,34.69387755102041,False,Normal Increase
situation_20240316_0900_fa4ee3f0.pdf,2024-03-16,"Landslide, Heavy Rain",3241,,,,,,,,,,1552.0,4969.0,0.0,0.0,0.0,3.0,39.0,2.0,0.0,6.0,62.0,218.0,True,grand_total,900,2024-03-16 09:00:00,3,,,0.0,0,1,0,0,0,0,3.5,weather_forecast,0,0,,,,,,,,,,,1,0,0.0,0,0,0,0,1025.0,early_warning,general_situation_report,retain,2024-03-16 09:00:00,531,1,1,24.0,2024-03-17 09:00:00,24.0,4969.0,1552.0,6.0,218.0,True,8.511175119090675,7.347943823148687,1.9459101490553132,5.389071729816501,24.0,True,4010.0,1232.0,6.0,218.0,959.0,320.0,0.0,0.21437925332062235,0.0,9,3,76,5,1.0,6.123233995736766e-17,0.9655071658143364,0.2603764827344581,8.511175119090675,5.389071729816501,0.0,0.0,1,959.0,0.21437925332062235,Increasing,0.5306122448979592,0.4897959183673469,49,48.97959183673469,False,Normal Increase
situation_20240317_0900_c386bad2.pdf,2024-03-17,"Landslide, Heavy Rain",3239,,,,,,,,,,1552.0,4969.0,0.0,0.0,0.0,3.0,39.0,2.0,0.0,6.0,62.0,218.0,True,grand_total,900,2024-03-17 09:00:00,3,,,0.0,0,1,0,0,0,0,3.5,weather_forecast,0,0,,,,,,,,,,,1,0,0.0,0,0,0,0,1049.0,early_warning,general_situation_report,retain,2024-03-17 09:00:00,532,1,1,24.0,2024-03-19 09:00:00,48.0,5587.0,1758.0,6.0,218.0,True,8.511175119090675,7.347943823148687,1.9459101490553132,5.389071729816501,24.0,True,4969.0,1552.0,6.0,218.0,0.0,0.0,0.0,0.0,0.0,9,3,77,6,1.0,6.123233995736766e-17,0.969843196967294,0.24372971360968387,8.628376720376853,5.389071729816501,618.0,0.11720160128617785,1,0.0,0.0,Stable,0.0,0.0,50,0.0,False,Stable
situation_20240319_0900_9241751a.pdf,2024-03-19,"Landslide, Heavy Rain",3236,,,,,,,,,,1758.0,5587.0,0.0,0.0,0.0,3.0,39.0,2.0,0.0,6.0,62.0,218.0,True,grand_total,900,2024-03-19 09:00:00,4,,,0.0,0,1,0,0,0,0,3.5,weather_forecast,0,0,,,,,,,,,,,1,0,0.0,0,0,0,0,1097.0,early_warning,general_situation_report,retain,2024-03-19 09:00:00,533,1,1,48.0,2024-03-20 09:00:00,24.0,5600.0,1762.0,6.0,218.0,True,8.628376720376853,7.472500744737558,1.9459101490553132,5.389071729816501,48.0,True,4969.0,1552.0,6.0,218.0,618.0,206.0,0.0,0.11720160128617785,0.0,9,3,79,1,1.0,6.123233995736766e-17,0.9776530844816641,0.2102247521189836,8.630700432209832,5.389071729816501,13.0,0.0023237118329788586,1,618.0,0.11720160128617785,Increasing,0.4897959183673469,0.3673469387755102,49,36.734693877551024,False,Normal Increase
situation_20240320_0900_8b74a036.pdf,2024-03-20,"Landslide, Heavy Rain",3686,,,,,,,,,,1762.0,5600.0,0.0,0.0,0.0,3.0,43.0,2.0,1.0,6.0,62.0,218.0,True,grand_total,900,2024-03-20 09:00:00,3,,,0.0,0,1,0,0,0,0,3.5,weather_forecast,0,0,,,,,,,,,,,1,0,0.0,0,0,0,0,1121.0,early_warning,general_situation_report,retain,2024-03-20 09:00:00,534,1,1,24.0,2024-03-21 09:00:00,24.0,6909.0,2097.0,6.0,218.0,True,8.630700432209832,7.47477218239787,1.9459101490553132,5.389071729816501,24.0,True,5587.0,1758.0,6.0,218.0,13.0,4.0,0.0,0.0023237118329788586,0.0,9,3,80,2,1.0,6.123233995736766e-17,0.981124629771712,0.19337647441020586,8.840724916761715,5.389071729816501,1309.0,0.21002448455188372,1,13.0,0.0023237118329788586,Increasing,0.18,0.08,50,8.0,False,Normal Increase
situation_20240321_0900_01c2fbd6.pdf,2024-03-21,"Landslide, Heavy Rain",3767,,,,,,,,,,2097.0,6909.0,0.0,0.0,0.0,3.0,43.0,2.0,1.0,6.0,62.0,218.0,True,grand_total,900,2024-03-21 09:00:00,3,50.0,,0.0,1,1,0,0,0,0,3.5,weather_forecast,0,0,,,,,,,,,,,1,0,0.0,0,0,0,0,1145.0,early_warning,general_situation_report,retain,2024-03-21 09:00:00,535,1,1,24.0,2024-03-22 09:00:00,24.0,6906.0,2096.0,6.0,218.0,True,8.840724916761715,7.6487397889562425,1.9459101490553132,5.389071729816501,24.0,True,5600.0,1762.0,6.0,218.0,1309.0,335.0,0.0,0.21002448455188372,0.0,9,3,81,3,1.0,6.123233995736766e-17,0.984305844499033,0.17647097349152166,8.840290669088972,5.389071729816501,-3.0,-0.00043424767274302667,1,1309.0,0.21002448455188372,Increasing,0.6274509803921569,0.47058823529411764,51,47.05882352941176,False,Normal Increase
situation_20240322_0900_37a5168e.pdf,2024-03-22,"Landslide, Heavy Rain",3507,,,,,,,,,,2096.0,6906.0,0.0,0.0,0.0,3.0,42.0,2.0,1.0,6.0,62.0,218.0,True,grand_total,900,2024-03-22 09:00:00,2,50.0,,0.0,1,1,0,0,0,0,17.0,weather_forecast,0,0,,,,,,,,,,,1,0,0.0,0,0,0,0,1169.0,early_warning,general_situation_report,retain,2024-03-22 09:00:00,536,1,1,24.0,2024-03-23 09:00:00,24.0,13550.0,4018.0,6.0,218.0,True,8.840290669088972,7.64826303090192,1.9459101490553132,5.389071729816501,24.0,True,6909.0,2097.0,6.0,218.0,-3.0,-1.0,0.0,-0.00043424767274302667,0.0,9,3,82,4,1.0,6.123233995736766e-17,0.9871957872910085,0.15951325197263655,9.514215624322715,5.389071729816501,6644.0,0.6739249552337423,1,-3.0,-0.00043424767274302667,Decreasing,0.0,0.0,51,0.0,False,Decrease
situation_20240323_0900_95e89dd3.pdf,2024-03-23,"Landslide, Heavy Rain",3449,,,,,,,,,,4018.0,13550.0,0.0,0.0,0.0,3.0,39.0,2.0,0.0,6.0,62.0,218.0,True,grand_total,900,2024-03-23 09:00:00,4,100.0,,0.0,1,1,0,0,0,0,3.5,weather_forecast,0,0,,,,,,,,,,,1,0,0.0,0,0,0,0,1193.0,early_warning,general_situation_report,retain,2024-03-23 09:00:00,537,1,1,24.0,2024-03-24 09:00:00,24.0,13550.0,4018.0,6.0,218.0,True,9.514215624322715,8.2987883944492,1.9459101490553132,5.389071729816501,24.0,True,6906.0,2096.0,6.0,218.0,6644.0,1922.0,0.0,0.6739249552337423,0.0,9,3,83,5,1.0,6.123233995736766e-17,0.9897936029670716,0.14250832791617088,9.514215624322715,5.389071729816501,0.0,0.0,1,6644.0,0.6739249552337423,Increasing,0.8431372549019608,0.6666666666666666,51,66.66666666666666,False,Normal Increase
situation_20240324_0900_c0d34471.pdf,2024-03-24,"Landslide, Heavy Rain",3453,,,,,,,,,,4018.0,13550.0,0.0,0.0,0.0,3.0,39.0,2.0,0.0,6.0,62.0,218.0,True,grand_total,900,2024-03-24 09:00:00,2,75.0,,0.0,1,1,0,0,0,0,17.0,weather_forecast,0,0,,,,,,,,,,,1,0,0.0,0,0,0,0,1217.0,early_warning,general_situation_report,retain,2024-03-24 09:00:00,538,1,1,24.0,2024-03-27 09:00:00,72.0,14044.0,4125.0,0.0,0.0,False,9.514215624322715,8.2987883944492,1.9459101490553132,5.389071729816501,24.0,True,13550.0,4018.0,6.0,218.0,0.0,0.0,0.0,0.0,0.0,9,3,84,6,1.0,6.123233995736766e-17,0.992098522791769,0.12546123335273648,9.550021739538344,0.0,494.0,0.03580611521562993,0,0.0,0.0,Stable,0.0,0.0,51,0.0,False,Stable
situation_20240327_0900_127a57d0.pdf,2024-03-27,Other,2972,,,,,,,,,,4125.0,14044.0,0.0,0.0,0.0,0.0,0.0,0.0,0.0,0.0,0.0,0.0,True,grand_total,900,2024-03-27 09:00:00,3,100.0,,0.0,1,1,0,0,0,0,3.5,weather_forecast,0,0,,,,,,,,,,,1,0,0.0,0,0,0,0,1289.0,early_warning,general_situation_report,retain,2024-03-27 09:00:00,539,1,1,72.0,2024-03-28 09:00:00,24.0,9976.0,3062.0,0.0,0.0,True,9.550021739538344,8.325063693631197,0.0,0.0,72.0,False,,,,,,,,,,9,3,87,2,1.0,6.123233995736766e-17,0.9972495210773451,0.07411742515094437,9.208037722913508,0.0,-4068.0,-0.3419840166248367,0,,,Insufficient Previous Context,,,0,,False,Gap / No Comparable Previous Report
situation_20240328_0900_061e8a2e.pdf,2024-03-28,Other,2925,,,,,,,,,,3062.0,9976.0,0.0,0.0,0.0,0.0,1.0,0.0,0.0,0.0,0.0,0.0,True,grand_total,900,2024-03-28 09:00:00,5,75.0,,2.0,1,1,0,0,0,0,3.5,weather_forecast,0,0,,,,,,,,,,,1,0,0.0,0,0,0,0,1313.0,early_warning,general_situation_report,retain,2024-03-28 09:00:00,540,1,1,24.0,2024-03-29 09:00:00,24.0,10091.0,3089.0,0.0,0.0,True,9.208037722913508,8.027150106832774,0.0,0.0,24.0,True,14044.0,4125.0,0.0,0.0,-4068.0,-1063.0,0.0,-0.3419840166248367,0.0,9,3,88,3,1.0,6.123233995736766e-17,0.998376906467142,0.056952196034039754,9.219498309760949,0.0,115.0,0.011460586847441334,0,-4068.0,-0.3419840166248367,Decreasing,0.0,0.0,51,0.0,False,Decrease
situation_20240329_0900_926c0a4e.pdf,2024-03-29,"Heavy Rain, Strong Wind, Lightning",3528,,,,,,,,,,3089.0,10091.0,0.0,2.0,0.0,1.0,20.0,0.0,0.0,0.0,0.0,0.0,True,grand_total,900,2024-03-29 09:00:00,3,50.0,,0.0,1,1,0,0,0,0,3.5,weather_forecast,0,0,,,,,,,,,,,1,0,0.0,0,0,0,0,1337.0,early_warning,general_situation_report,retain,2024-03-29 09:00:00,541,1,1,24.0,2024-03-30 09:00:00,24.0,9882.0,3033.0,0.0,0.0,True,9.219498309760949,8.035926369891792,0.0,0.0,24.0,True,9976.0,3062.0,0.0,0.0,115.0,27.0,0.0,0.011460586847441334,0.0,9,3,89,4,1.0,6.123233995736766e-17,0.9992088560679753,0.03977011384605572,9.198571388376184,0.0,-209.0,-0.02092692138476515,0,115.0,0.011460586847441334,Increasing,0.3137254901960784,0.17647058823529413,51,17.647058823529413,False,Normal Increase
situation_20240330_0900_823ccb40.pdf,2024-03-30,Heavy Rain,3030,,,,,,,,,,3033.0,9882.0,0.0,0.0,0.0,0.0,6.0,0.0,0.0,0.0,0.0,0.0,True,grand_total,900,2024-03-30 09:00:00,3,,,0.0,0,1,0,0,0,0,3.5,weather_forecast,0,0,,,,,,,,,,,1,0,0.0,0,0,0,0,1361.0,early_warning,general_situation_report,retain,2024-03-30 09:00:00,542,1,1,24.0,2024-03-31 09:00:00,24.0,9866.0,3027.0,0.0,0.0,True,9.198571388376184,8.017637159908478,0.0,0.0,24.0,True,10091.0,3089.0,0.0,0.0,-209.0,-56.0,0.0,-0.02092692138476515,0.0,9,3,90,5,1.0,6.123233995736766e-17,0.9997451236925734,0.022576263041545485,9.196951134857168,0.0,-16.0,-0.0016202535190164014,0,-209.0,-0.02092692138476515,Decreasing,0.0,0.0,51,0.0,False,Decrease
situation_20240331_0900_f756735a.pdf,2024-03-31,Other,2882,,,,,,,,,,3027.0,9866.0,0.0,0.0,0.0,0.0,0.0,0.0,0.0,0.0,0.0,0.0,True,grand_total,900,2024-03-31 09:00:00,3,75.0,,0.0,1,1,0,0,0,0,3.5,weather_forecast,0,0,,,,,,,,,,,1,0,0.0,0,0,0,0,1385.0,early_warning,general_situation_report,retain,2024-03-31 09:00:00,543,1,1,24.0,2024-04-01 09:00:00,24.0,9866.0,3027.0,0.0,0.0,True,9.196951134857168,8.01565761455734,0.0,0.0,24.0,True,9882.0,3033.0,0.0,0.0,-16.0,-6.0,0.0,-0.0016202535190164014,0.0,9,3,91,6,1.0,6.123233995736766e-17,0.9999855506507186,0.005375731557583884,9.196951134857168,0.0,0.0,0.0,0,-16.0,-0.0016202535190164014,Decreasing,0.0,0.0,50,0.0,False,Decrease
situation_20240401_0900_ad2e9133.pdf,2024-04-01,Other,2885,,,,,,,,,,3027.0,9866.0,0.0,0.0,0.0,0.0,0.0,0.0,0.0,0.0,0.0,0.0,True,grand_total,900,2024-04-01 09:00:00,3,50.0,,0.0,1,1,0,0,0,0,3.5,weather_forecast,0,0,,,,,,,,,,,1,0,0.0,0,0,0,0,1409.0,early_warning,general_situation_report,retain,2024-04-01 09:00:00,544,1,1,24.0,2024-04-02 09:00:00,24.0,9983.0,3060.0,0.0,0.0,True,9.196951134857168,8.01565761455734,0.0,0.0,24.0,True,9866.0,3027.0,0.0,0.0,0.0,0.0,0.0,0.0,0.0,9,4,92,0,0.8660254037844387,-0.4999999999999998,0.9999300657962057,-0.011826390691832589,9.208739090609209,0.0,117.0,0.011787955752041057,0,0.0,0.0,Stable,0.0,0.0,49,0.0,False,Stable
situation_20240402_0900_a3fb4880.pdf,2024-04-02,"Strong Wind, Lightning",3594,,,,,,,,,,3060.0,9983.0,0.0,2.0,0.0,0.0,30.0,1.0,0.0,0.0,0.0,0.0,True,grand_total,900,2024-04-02 09:00:00,3,75.0,,0.0,1,1,0,0,0,0,3.5,weather_forecast,0,0,,,,,,,,,,,1,1,1.0,1,0,0,1,13.5,early_warning,general_situation_report,retain,2024-04-02 09:00:00,545,1,1,24.0,2024-04-03 09:00:00,24.0,10240.0,3135.0,0.0,0.0,True,9.208739090609209,8.026496938945412,0.0,0.0,24.0,True,9866.0,3027.0,0.0,0.0,117.0,33.0,0.0,0.011787955752041057,0.0,9,4,93,1,0.8660254037844387,-0.4999999999999998,0.9995786855478958,-0.029025013321975237,9.234154550075438,0.0,257.0,0.02541545946622925,0,117.0,0.011787955752041057,Increasing,0.32653061224489793,0.20408163265306123,49,20.408163265306122,False,Normal Increase
situation_20240403_0900_d2b3543d.pdf,2024-04-03,"Heavy Rain, Strong Wind, Lightning",3509,,,,,,,,,,3135.0,10240.0,0.0,0.0,0.0,0.0,15.0,0.0,0.0,0.0,0.0,0.0,True,grand_total,900,2024-04-03 09:00:00,3,75.0,,0.0,1,1,0,0,0,0,3.5,weather_forecast,0,0,,,,,,,,,,,1,0,0.0,0,0,0,0,37.5,early_warning,general_situation_report,retain,2024-04-03 09:00:00,546,1,1,24.0,2024-04-04 09:00:00,24.0,10235.0,3136.0,0.0,0.0,True,9.234154550075438,8.0507033814703,0.0,0.0,24.0,True,9983.0,3060.0,0.0,0.0,257.0,75.0,0.0,0.02541545946622925,0.0,9,4,94,2,0.8660254037844387,-0.4999999999999998,0.9989315138848577,-0.046215046983708354,9.23366619727968,0.0,-5.0,-0.0004883527957577627,0,257.0,0.02541545946622925,Increasing,0.40816326530612246,0.30612244897959184,49,30.612244897959183,False,Normal Increase
situation_20240404_0900_492a049b.pdf,2024-04-04,"Heavy Rain, Strong Wind, Lightning",3549,,,,,,,,,,3136.0,10235.0,0.0,2.0,0.0,0.0,16.0,0.0,1.0,0.0,0.0,0.0,True,grand_total,900,2024-04-04 09:00:00,3,75.0,,0.0,1,1,0,0,0,0,3.5,weather_forecast,0,0,,,,,,,,,,,1,0,0.0,0,0,0,0,61.5,early_warning,general_situation_report,retain,2024-04-04 09:00:00,547,1,1,24.0,2024-04-05 09:00:00,24.0,10185.0,3120.0,0.0,0.0,True,9.23366619727968,8.051022208190679,0.0,0.0,24.0,True,10240.0,3135.0,0.0,0.0,-5.0,1.0,0.0,-0.0004883527957577627,0.0,9,4,95,3,0.8660254037844387,-0.4999999999999998,0.9979887423155984,-0.06339140486951038,9.22876950744455,0.0,-50.0,-0.004896689835129919,0,-5.0,-0.0004883527957577627,Decreasing,0.0,0.0,49,0.0,False,Decrease
situation_20240405_0900_7b146a2f.pdf,2024-04-05,Other,3039,,,,,,,,,,3120.0,10185.0,0.0,0.0,0.0,0.0,0.0,0.0,0.0,0.0,0.0,0.0,True,grand_total,900,2024-04-05 09:00:00,3,75.0,,0.0,1,1,0,0,0,0,3.5,weather_forecast,0,0,,,,,,,,,,,1,0,0.0,0,0,0,0,85.5,early_warning,general_situation_report,retain,2024-04-05 09:00:00,548,1,1,24.0,2024-04-06 09:00:00,24.0,10196.0,3123.0,0.0,0.0,True,9.22876950744455,8.045908742270779,0.0,0.0,24.0,True,10235.0,3136.0,0.0,0.0,-50.0,-16.0,0.0,-0.004896689835129919,0.0,9,4,96,4,0.8660254037844387,-0.4999999999999998,0.9967506498213929,-0.08054900421874167,9.229848838364227,0.0,11.0,0.00107933091967638,0,-50.0,-0.004896689835129919,Decreasing,0.0,0.0,49,0.0,False,Decrease
situation_20240406_0900_6cdff662.pdf,2024-04-06,Strong Wind,3499,,,,,,,,,,3123.0,10196.0,0.0,0.0,0.0,0.0,3.0,0.0,0.0,0.0,0.0,0.0,True,grand_total,900,2024-04-06 09:00:00,3,,,0.0,0,1,0,0,0,0,3.5,weather_forecast,0,0,,,,,,,,,,,1,0,0.0,0,0,0,0,109.5,early_warning,general_situation_report,retain,2024-04-06 09:00:00,549,1,1,24.0,2024-04-07 09:00:00,24.0,10185.0,3120.0,0.0,0.0,True,9.229848838364227,8.046869510959576,0.0,0.0,24.0,True,10185.0,3120.0,0.0,0.0,11.0,3.0,0.0,0.00107933091967638,0.0,9,4,97,5,0.8660254037844387,-0.4999999999999998,0.9952176027737294,-0.09768276782171598,9.22876950744455,0.0,-11.0,-0.00107933091967638,0,11.0,0.00107933091967638,Increasing,0.16326530612244897,0.04081632653061224,49,4.081632653061225,False,Normal Increase
situation_20240407_0900_9a3b2320.pdf,2024-04-07,Other,3097,,,,,,,,,,3120.0,10185.0,0.0,0.0,0.0,0.0,0.0,0.0,0.0,0.0,0.0,0.0,True,grand_total,900,2024-04-07 09:00:00,3,,,0.0,0,1,0,0,0,0,3.5,weather_forecast,0,0,,,,,,,,,,,1,0,0.0,0,0,0,0,133.5,early_warning,general_situation_report,retain,2024-04-07 09:00:00,550,1,1,24.0,2024-04-08 09:00:00,24.0,10185.0,3120.0,0.0,0.0,True,9.22876950744455,8.045908742270779,0.0,0.0,24.0,True,10196.0,3123.0,0.0,0.0,-11.0,-3.0,0.0,-0.00107933091967638,0.0,9,4,98,6,0.8660254037844387,-0.4999999999999998,0.9933900548258936,-0.11478762552212701,9.22876950744455,0.0,0.0,0.0,0,-11.0,-0.00107933091967638,Decreasing,0.0,0.0,50,0.0,False,Decrease
situation_20240408_0900_a1f5fd75.pdf,2024-04-08,Other,3121,,,,,,,,,,3120.0,10185.0,0.0,0.0,0.0,0.0,0.0,0.0,0.0,0.0,0.0,0.0,True,grand_total,900,2024-04-08 09:00:00,3,,,0.0,0,1,0,0,0,0,3.5,weather_forecast,0,0,,,,,,,,,,,1,0,0.0,0,0,0,0,157.5,early_warning,general_situation_report,retain,2024-04-08 09:00:00,551,1,1,24.0,2024-04-09 09:00:00,24.0,10211.0,3127.0,0.0,0.0,True,9.22876950744455,8.045908742270779,0.0,0.0,24.0,True,10185.0,3120.0,0.0,0.0,0.0,0.0,0.0,0.0,0.0,9,4,99,0,0.8660254037844387,-0.4999999999999998,0.9912685467787256,-0.13185851571739118,9.231318778361375,0.0,26.0,0.002549270916825108,0,0.0,0.0,Stable,0.0,0.0,49,0.0,False,Stable
situation_20240409_0900_2507d9b8.pdf,2024-04-09,"Heavy Rain, Strong Wind, Lightning",3376,,,,,,,,,,3127.0,10211.0,0.0,0.0,0.0,0.0,7.0,0.0,0.0,0.0,0.0,0.0,True,grand_total,900,2024-04-09 09:00:00,3,,,0.0,0,1,0,0,0,0,3.5,weather_forecast,0,0,,,,,,,,,,,1,0,0.0,0,0,0,0,181.5,early_warning,general_situation_report,retain,2024-04-09 09:00:00,552,1,1,24.0,2024-04-10 09:00:00,24.0,10185.0,3120.0,0.0,0.0,True,9.231318778361375,8.048149101665201,0.0,0.0,24.0,True,10185.0,3120.0,0.0,0.0,26.0,7.0,0.0,0.002549270916825108,0.0,9,4,100,1,0.8660254037844387,-0.4999999999999998,0.9888537064205885,-0.1488903868564548,9.22876950744455,0.0,-26.0,-0.002549270916825108,0,26.0,0.002549270916825108,Increasing,0.25,0.125,48,12.5,False,Normal Increase
situation_20240410_0900_039f1db7.pdf,2024-04-10,Other,3121,,,,,,,,,,3120.0,10185.0,0.0,0.0,0.0,0.0,0.0,0.0,0.0,0.0,0.0,0.0,True,grand_total,900,2024-04-10 09:00:00,3,,,0.0,0,1,0,0,0,0,3.5,weather_forecast,0,0,,,,,,,,,,,1,0,0.0,0,0,0,0,205.5,early_warning,general_situation_report,retain,2024-04-10 09:00:00,553,1,1,24.0,2024-04-11 09:00:00,24.0,10472.0,3215.0,0.0,0.0,True,9.22876950744455,8.045908742270779,0.0,0.0,24.0,True,10211.0,3127.0,0.0,0.0,-26.0,-7.0,0.0,-0.002549270916825108,0.0,9,4,101,2,0.8660254037844387,-0.4999999999999998,0.986146248341595,-0.16587819893463143,9.256555795773146,0.0,287.0,0.027786288328595532,0,-26.0,-0.002549270916825108,Decreasing,0.0,0.0,48,0.0,False,Decrease
situation_20240411_0900_a35816ba.pdf,2024-04-11,Other,3430,,,,,,,,,,3215.0,10472.0,0.0,0.0,0.0,1.0,1.0,0.0,0.0,0.0,0.0,0.0,True,grand_total,900,2024-04-11 09:00:00,3,100.0,,0.0,1,1,0,0,0,0,3.5,weather_forecast,0,0,,,,,,,,,,,1,0,0.0,0,0,0,0,229.5,early_warning,general_situation_report,retain,2024-04-11 09:00:00,554,1,1,24.0,2024-04-12 09:00:00,24.0,10464.0,3213.0,0.0,0.0,True,9.256555795773146,8.075893630298857,0.0,0.0,24.0,True,10185.0,3120.0,0.0,0.0,287.0,95.0,0.0,0.027786288328595532,0.0,9,4,102,3,0.8660254037844387,-0.4999999999999998,0.9831469737221499,-0.1828169249850199,9.2557916348801,0.0,-8.0,-0.000764160893044874,0,287.0,0.027786288328595532,Increasing,0.4375,0.3958333333333333,48,39.58333333333333,False,Normal Increase
situation_20240412_0900_892ec86d.pdf,2024-04-12,Other,3180,,,,,,,,,,3213.0,10464.0,0.0,0.0,0.0,0.0,0.0,0.0,0.0,0.0,0.0,0.0,True,grand_total,900,2024-04-12 09:00:00,4,100.0,,0.0,1,1,0,0,0,0,3.5,weather_forecast,0,0,,,,,,,,,,,1,0,0.0,0,0,0,0,253.5,early_warning,general_situation_report,retain,2024-04-12 09:00:00,555,1,1,24.0,2024-04-13 09:00:00,24.0,10476.0,3217.0,0.0,0.0,True,9.2557916348801,8.075271546297458,0.0,0.0,24.0,True,10472.0,3215.0,0.0,0.0,-8.0,-2.0,0.0,-0.000764160893044874,0.0,9,4,103,4,0.8660254037844387,-0.4999999999999998,0.9798567700958665,-0.1997015525660636,9.256937657352966,0.0,12.0,0.0011460224728647717,0,-8.0,-0.000764160893044874,Decreasing,0.0,0.0,49,0.0,False,Decrease
situation_20240413_0900_11b72669.pdf,2024-04-13,Strong Wind,3417,,,,,,,,,,3217.0,10476.0,0.0,0.0,0.0,0.0,3.0,0.0,0.0,0.0,0.0,0.0,True,grand_total,900,2024-04-13 09:00:00,4,100.0,,2.0,1,1,0,0,0,0,3.5,weather_forecast,0,0,,,,,,,,,,,1,0,0.0,0,0,0,0,277.5,early_warning,general_situation_report,retain,2024-04-13 09:00:00,556,1,1,24.0,2024-04-14 09:00:00,24.0,10464.0,3213.0,0.0,0.0,True,9.256937657352966,8.076515327552329,0.0,0.0,24.0,True,10464.0,3213.0,0.0,0.0,12.0,4.0,0.0,0.0011460224728647717,0.0,9,4,104,5,0.8660254037844387,-0.4999999999999998,0.9762766110869321,-0.21652708524481437,9.2557916348801,0.0,-12.0,-0.0011460224728647717,0,12.0,0.0011460224728647717,Increasing,0.1836734693877551,0.061224489795918366,49,6.122448979591836,False,Normal Increase
situation_20240414_0900_71227fda.pdf,2024-04-14,Other,3182,,,,,,,,,,3213.0,10464.0,0.0,0.0,0.0,0.0,0.0,0.0,0.0,0.0,0.0,0.0,True,grand_total,900,2024-04-14 09:00:00,5,75.0,,2.0,1,1,0,0,0,0,3.5,weather_forecast,0,0,,,,,,,,,,,1,0,0.0,0,0,0,0,301.5,early_warning,general_situation_report,retain,2024-04-14 09:00:00,557,1,1,24.0,2024-04-15 09:00:00,24.0,10464.0,3213.0,0.0,0.0,True,9.2557916348801,8.075271546297458,0.0,0.0,24.0,True,10476.0,3217.0,0.0,0.0,-12.0,-4.0,0.0,-0.0011460224728647717,0.0,9,4,105,6,0.8660254037844387,-0.4999999999999998,0.9724075561219968,-0.23328854407545518,9.2557916348801,0.0,0.0,0.0,0,-12.0,-0.0011460224728647717,Decreasing,0.0,0.0,49,0.0,False,Decrease
situation_20240415_0900_fbd2943b.pdf,2024-04-15,Other,3190,,,,,,,,,,3213.0,10464.0,0.0,0.0,0.0,0.0,0.0,0.0,0.0,0.0,0.0,0.0,True,grand_total,900,2024-04-15 09:00:00,5,100.0,,2.0,1,1,0,0,0,0,3.5,weather_forecast,0,0,,,,,,,,,,,1,0,0.0,0,0,0,0,325.5,early_warning,general_situation_report,retain,2024-04-15 09:00:00,558,1,1,24.0,2024-04-16 09:00:00,24.0,10464.0,3213.0,0.0,0.0,True,9.2557916348801,8.075271546297458,0.0,0.0,24.0,True,10464.0,3213.0,0.0,0.0,0.0,0.0,0.0,0.0,0.0,9,4,106,0,0.8660254037844387,-0.4999999999999998,0.9682507501166718,-0.2499809690726521,9.2557916348801,0.0,0.0,0.0,0,0.0,0.0,Stable,0.0,0.0,49,0.0,False,Stable
situation_20240416_0900_f2ac6cba.pdf,2024-04-16,Other,3171,,,,,,,,,,3213.0,10464.0,0.0,0.0,0.0,0.0,0.0,0.0,0.0,0.0,0.0,0.0,True,grand_total,900,2024-04-16 09:00:00,6,100.0,,2.0,1,1,0,0,0,0,3.5,weather_forecast,0,0,,,,,,,,,,,1,0,0.0,0,0,0,0,349.5,early_warning,general_situation_report,retain,2024-04-16 09:00:00,559,1,1,24.0,2024-04-17 09:00:00,24.0,10468.0,3214.0,0.0,0.0,True,9.2557916348801,8.075271546297458,0.0,0.0,24.0,True,10464.0,3213.0,0.0,0.0,0.0,0.0,0.0,0.0,0.0,9,4,107,1,0.8660254037844387,-0.4999999999999998,0.9638074231367307,-0.26659942067929354,9.256173788319355,0.0,4.0,0.0003821534392542958,0,0.0,0.0,Stable,0.0,0.0,49,0.0,False,Stable
situation_20240417_0900_5b9e6077.pdf,2024-04-17,Strong Wind,3552,,,,,,,,,,3214.0,10468.0,0.0,0.0,0.0,0.0,3.0,0.0,0.0,0.0,0.0,0.0,True,grand_total,900,2024-04-17 09:00:00,3,50.0,,0.0,1,1,0,0,0,0,3.5,weather_forecast,0,0,,,,,,,,,,,1,0,0.0,0,0,0,0,373.5,early_warning,general_situation_report,retain,2024-04-17 09:00:00,560,1,1,24.0,2024-04-18 09:00:00,24.0,11413.0,3646.0,0.0,0.0,True,9.256173788319355,8.07558263667172,0.0,0.0,24.0,True,10464.0,3213.0,0.0,0.0,4.0,1.0,0.0,0.0003821534392542958,0.0,9,4,108,2,0.8660254037844387,-0.4999999999999998,0.9590788900341131,-0.28313898122818354,9.342595951096653,0.0,945.0,0.08642216277729808,0,4.0,0.0003821534392542958,Increasing,0.08163265306122448,0.02040816326530612,49,2.0408163265306123,False,Normal Increase
situation_20240418_0900_68ae79f2.pdf,2024-04-18,Strong Wind,3513,,,,,,,,,,3646.0,11413.0,0.0,0.0,0.0,0.0,1.0,0.0,0.0,0.0,0.0,0.0,True,grand_total,900,2024-04-18 09:00:00,3,,,0.0,0,1,0,0,0,0,3.5,weather_forecast,0,0,,,,,,,,,,,1,0,0.0,0,0,0,0,397.5,early_warning,general_situation_report,retain,2024-04-18 09:00:00,561,1,1,24.0,2024-04-20 09:00:00,48.0,11839.0,3769.0,0.0,0.0,True,9.342595951096653,8.20166019080868,0.0,0.0,24.0,True,10468.0,3214.0,0.0,0.0,945.0,432.0,0.0,0.08642216277729808,0.0,9,4,109,3,0.8660254037844387,-0.4999999999999998,0.9540665500578387,-0.2995947563972602,9.379238908437996,0.0,426.0,0.03664295734134271,0,945.0,0.08642216277729808,Increasing,0.5918367346938775,0.5102040816326531,49,51.02040816326531,False,Normal Increase
situation_20240420_0900_73ce08ce.pdf,2024-04-20,Strong Wind,3872,,,,,,,,,,3769.0,11839.0,0.0,0.0,0.0,0.0,10.0,0.0,0.0,0.0,0.0,0.0,True,grand_total,900,2024-04-20 09:00:00,4,,,0.0,0,1,0,0,0,0,3.5,weather_forecast,0,0,,,,,,,,,,,1,0,0.0,0,0,0,0,445.5,early_warning,general_situation_report,retain,2024-04-20 09:00:00,562,1,1,48.0,2024-04-21 09:00:00,24.0,11839.0,3769.0,0.0,0.0,True,9.379238908437996,8.234830280442056,0.0,0.0,48.0,True,11413.0,3646.0,0.0,0.0,426.0,123.0,0.0,0.03664295734134271,0.0,9,4,111,5,0.8660254037844387,-0.4999999999999998,0.9431964659565866,-0.33223549871590435,9.379238908437996,0.0,0.0,0.0,0,426.0,0.03664295734134271,Increasing,0.54,0.44,50,44.0,False,Normal Increase
situation_20240421_0900_ccb15fc6.pdf,2024-04-21,Strong Wind,3870,,,,,,,,,,3769.0,11839.0,0.0,0.0,0.0,0.0,10.0,0.0,0.0,0.0,0.0,0.0,True,grand_total,900,2024-04-21 09:00:00,3,,,0.0,0,1,0,0,0,0,3.5,weather_forecast,0,0,,,,,,,,,,,1,0,0.0,0,0,0,0,469.5,early_warning,general_situation_report,retain,2024-04-21 09:00:00,563,1,1,24.0,2024-04-22 09:00:00,24.0,11797.0,3759.0,0.0,0.0,True,9.379238908437996,8.234830280442056,0.0,0.0,24.0,True,11839.0,3769.0,0.0,0.0,0.0,0.0,0.0,0.0,0.0,9,4,112,6,0.8660254037844387,-0.4999999999999998,0.9373419384643772,-0.3484108069446808,9.37568530456302,0.0,-42.0,-0.003553603874975053,0,0.0,0.0,Stable,0.0,0.0,50,0.0,False,Stable
situation_20240422_0900_7fc5a304.pdf,2024-04-22,Other,3480,,,,,,,,,,3759.0,11797.0,0.0,0.0,0.0,0.0,0.0,0.0,0.0,0.0,0.0,0.0,True,grand_total,900,2024-04-22 09:00:00,3,,,0.0,0,1,0,0,0,0,3.5,weather_forecast,0,0,,,,,,,,,,,1,0,0.0,0,0,0,0,493.5,early_warning,general_situation_report,retain,2024-04-22 09:00:00,564,1,1,24.0,2024-04-23 09:00:00,24.0,11797.0,3759.0,0.0,0.0,True,9.37568530456302,8.23217423638394,0.0,0.0,24.0,True,11839.0,3769.0,0.0,0.0,-42.0,-10.0,0.0,-0.003553603874975053,0.0,9,4,113,0,0.8660254037844387,-0.4999999999999998,0.9312100364121947,-0.3644830148102912,9.37568530456302,0.0,0.0,0.0,0,-42.0,-0.003553603874975053,Decreasing,0.0,0.0,49,0.0,False,Decrease
situation_20240423_0900_727b9ee9.pdf,2024-04-23,Other,3479,,,,,,,,,,3759.0,11797.0,0.0,0.0,0.0,0.0,0.0,0.0,0.0,0.0,0.0,0.0,True,grand_total,900,2024-04-23 09:00:00,4,75.0,,2.0,1,1,0,0,0,0,3.5,weather_forecast,0,0,,,,,,,,,,,1,0,0.0,0,0,0,0,517.5,early_warning,general_situation_report,retain,2024-04-23 09:00:00,565,1,1,24.0,2024-04-24 09:00:00,24.0,11797.0,3759.0,0.0,0.0,True,9.37568530456302,8.23217423638394,0.0,0.0,24.0,True,11797.0,3759.0,0.0,0.0,0.0,0.0,0.0,0.0,0.0,9,4,114,1,0.8660254037844387,-0.4999999999999998,0.9248025743285089,-0.38044736628785164,9.37568530456302,0.0,0.0,0.0,0,0.0,0.0,Stable,0.0,0.0,48,0.0,False,Stable
situation_20240424_0900_33daebd0.pdf,2024-04-24,Other,3486,,,,,,,,,,3759.0,11797.0,0.0,0.0,0.0,0.0,0.0,0.0,0.0,0.0,0.0,0.0,True,grand_total,900,2024-04-24 09:00:00,2,50.0,,0.0,1,1,0,0,0,0,3.5,weather_forecast,0,0,,,,,,,,,,,1,0,0.0,0,0,0,0,541.5,early_warning,general_situation_report,retain,2024-04-24 09:00:00,566,1,1,24.0,2024-04-25 09:00:00,24.0,11929.0,3791.0,0.0,0.0,True,9.37568530456302,8.23217423638394,0.0,0.0,24.0,True,11797.0,3759.0,0.0,0.0,0.0,0.0,0.0,0.0,0.0,9,4,115,2,0.8660254037844387,-0.4999999999999998,0.9181214482844364,-0.39629913726891813,9.386811515091962,0.0,132.0,0.011126210528940916,0,0.0,0.0,Stable,0.0,0.0,48,0.0,False,Stable
situation_20240425_0900_e6022b4e.pdf,2024-04-25,Lightning,4110,,,,,,,,,,3791.0,11929.0,0.0,0.0,0.0,0.0,31.0,0.0,0.0,0.0,0.0,0.0,True,grand_total,900,2024-04-25 09:00:00,3,,,0.0,0,1,0,0,0,0,3.5,weather_forecast,0,0,,,,,,,,,,,1,0,0.0,0,0,0,0,565.5,early_warning,general_situation_report,retain,2024-04-25 09:00:00,567,1,1,24.0,2024-04-26 09:00:00,24.0,11929.0,3791.0,0.0,0.0,True,9.386811515091962,8.240648863374913,0.0,0.0,24.0,True,11797.0,3759.0,0.0,0.0,132.0,32.0,0.0,0.011126210528940916,0.0,9,4,116,3,0.8660254037844387,-0.4999999999999998,0.9111686353326631,-0.41203363695942635,9.386811515091962,0.0,0.0,0.0,0,132.0,0.011126210528940916,Increasing,0.44680851063829785,0.2765957446808511,47,27.659574468085108,False,Normal Increase
situation_20240426_0900_e035696d.pdf,2024-04-26,Lightning,4076,,,,,,,,,,3791.0,11929.0,0.0,0.0,0.0,0.0,31.0,0.0,0.0,0.0,0.0,0.0,True,grand_total,900,2024-04-26 09:00:00,3,,,0.0,0,1,0,0,0,0,3.5,weather_forecast,0,0,,,,,,,,,,,1,0,0.0,0,0,0,0,589.5,early_warning,general_situation_report,retain,2024-04-26 09:00:00,568,1,1,24.0,2024-04-27 09:00:00,24.0,13142.0,4226.0,0.0,0.0,True,9.386811515091962,8.240648863374913,0.0,0.0,24.0,True,11929.0,3791.0,0.0,0.0,0.0,0.0,0.0,0.0,0.0,9,4,117,4,0.8660254037844387,-0.4999999999999998,0.9039461929224011,-0.42764620926777464,9.483644576482009,0.0,1213.0,0.09683306139004699,0,0.0,0.0,Stable,0.0,0.0,47,0.0,False,Stable
situation_20240427_0900_60f10af5.pdf,2024-04-27,Heavy Rain,4072,,,,,,,,,,4226.0,13142.0,0.0,1.0,0.0,0.0,3.0,0.0,0.0,0.0,0.0,0.0,True,grand_total,900,2024-04-27 09:00:00,3,75.0,,0.0,1,1,0,0,0,0,3.5,weather_forecast,0,0,,,,,,,,,,,1,0,0.0,0,0,0,0,613.5,early_warning,general_situation_report,retain,2024-04-27 09:00:00,569,1,1,24.0,2024-04-28 09:00:00,24.0,13131.0,4223.0,0.0,0.0,True,9.483644576482009,8.34924780056679,0.0,0.0,24.0,True,11929.0,3791.0,0.0,0.0,1213.0,435.0,0.0,0.09683306139004699,0.0,9,4,118,5,0.8660254037844387,-0.4999999999999998,0.8964562582905575,-0.44313223418263453,9.482807278621483,0.0,-11.0,-0.0008372978605262205,0,1213.0,0.09683306139004699,Increasing,0.6521739130434783,0.5869565217391305,46,58.69565217391305,False,Normal Increase
situation_20240428_0900_c9481c6a.pdf,2024-04-28,Other,3721,,,,,,,,,,4223.0,13131.0,0.0,0.0,0.0,0.0,0.0,0.0,0.0,0.0,0.0,0.0,True,grand_total,900,2024-04-28 09:00:00,3,75.0,,0.0,1,1,0,0,0,0,3.5,weather_forecast,0,0,,,,,,,,,,,1,0,0.0,0,0,0,0,637.5,early_warning,general_situation_report,retain,2024-04-28 09:00:00,570,1,1,24.0,2024-04-29 09:00:00,24.0,13134.0,4224.0,0.0,0.0,True,9.482807278621483,8.348537825386098,0.0,0.0,24.0,True,13142.0,4226.0,0.0,0.0,-11.0,-3.0,0.0,-0.0008372978605262205,0.0,9,4,119,6,0.8660254037844387,-0.4999999999999998,0.8887010478292915,-0.45848712914008766,9.48303570211964,0.0,3.0,0.00022842349815732632,0,-11.0,-0.0008372978605262205,Decreasing,0.0,0.0,47,0.0,False,Decrease
situation_20240429_0900_1fb464a3.pdf,2024-04-29,Other,3954,,,,,,,,,,4224.0,13134.0,0.0,0.0,0.0,0.0,1.0,1.0,0.0,0.0,0.0,0.0,True,grand_total,900,2024-04-29 09:00:00,3,100.0,,0.0,1,1,0,0,0,0,3.5,weather_forecast,0,0,,,,,,,,,,,1,0,0.0,0,0,0,0,661.5,early_warning,general_situation_report,retain,2024-04-29 09:00:00,571,1,1,24.0,2024-04-30 09:00:00,24.0,12809.0,4128.0,0.0,0.0,True,9.48303570211964,8.348774539791274,0.0,0.0,24.0,True,13131.0,4223.0,0.0,0.0,3.0,1.0,0.0,0.00022842349815732632,0.0,9,4,120,0,0.8660254037844387,-0.4999999999999998,0.8806828564301475,-0.47370635037968,9.45798139489078,0.0,-325.0,-0.02505430722886004,0,3.0,0.00022842349815732632,Increasing,0.043478260869565216,0.0,46,0.0,False,Normal Increase
situation_20240430_0900_2f362e97.pdf,2024-04-30,"Heavy Rain, Strong Wind, Lightning",5113,,,,,,,,,,4128.0,12809.0,3.0,2.0,0.0,2.0,44.0,1.0,0.0,0.0,0.0,0.0,True,grand_total,900,2024-04-30 09:00:00,4,75.0,,2.0,1,1,0,0,0,0,3.5,weather_forecast,0,0,,,,,,,,,,,1,0,0.0,0,0,0,0,685.5,early_warning,general_situation_report,retain,2024-04-30 09:00:00,572,1,1,24.0,2024-05-01 09:00:00,24.0,13377.0,4288.0,0.0,0.0,True,9.45798139489078,8.32579052588609,0.0,0.0,24.0,True,13134.0,4224.0,0.0,0.0,-325.0,-96.0,0.0,-0.02505430722886004,0.0,9,4,121,1,0.8660254037844387,-0.4999999999999998,0.8724040568049612,-0.48878539428899265,9.501366845678353,0.0,568.0,0.043385450787573276,0,-325.0,-0.02505430722886004,Decreasing,0.0,0.0,47,0.0,False,Decrease
situation_20240501_0900_a333a036.pdf,2024-05-01,Other,3700,,,,,,,,,,4288.0,13377.0,0.0,0.0,0.0,0.0,0.0,0.0,0.0,0.0,0.0,0.0,True,grand_total,900,2024-05-01 09:00:00,5,,,2.0,0,1,0,0,0,0,3.5,weather_forecast,0,0,,,,,,,,,,,1,0,0.0,0,0,0,0,709.5,early_warning,general_situation_report,retain,2024-05-01 09:00:00,573,1,1,24.0,2024-05-02 09:00:00,24.0,12635.0,4080.0,0.0,0.0,True,9.501366845678353,8.36380888451688,0.0,0.0,24.0,True,12809.0,4128.0,0.0,0.0,568.0,160.0,0.0,0.043385450787573276,0.0,9,5,122,2,0.49999999999999994,-0.8660254037844387,0.8638670987837349,-0.503719798736334,9.444305161921976,0.0,-742.0,-0.05706168375637688,0,568.0,0.043385450787573276,Increasing,0.5869565217391305,0.5217391304347826,46,52.17391304347826,False,Normal Increase
situation_20240502_0900_b40f5b81.pdf,2024-05-02,Other,3930,,,,,,,,,,4080.0,12635.0,1.0,0.0,0.0,0.0,1.0,0.0,0.0,0.0,0.0,0.0,True,grand_total,900,2024-05-02 09:00:00,3,,,0.0,0,1,0,0,0,0,3.5,weather_forecast,0,0,,,,,,,,,,,1,0,0.0,0,0,0,0,733.5,early_warning,general_situation_report,retain,2024-05-02 09:00:00,574,1,1,24.0,2024-05-03 09:00:00,24.0,5009.0,1550.0,0.0,0.0,True,9.444305161921976,8.314097335405807,0.0,0.0,24.0,True,13377.0,4288.0,0.0,0.0,-742.0,-208.0,0.0,-0.05706168375637688,0.0,9,5,123,3,0.49999999999999994,-0.8660254037844387,0.8550745085896932,-0.518505144391157,8.51919119407891,0.0,-7626.0,-0.9251139678430658,0,-742.0,-0.05706168375637688,Decreasing,0.0,0.0,46,0.0,False,Decrease
situation_20240503_0900_dadb48cb.pdf,2024-05-03,"Heavy Rain, Strong Wind, Lightning",3653,,,,,,,,,,1550.0,5009.0,1.0,0.0,0.0,0.0,8.0,0.0,0.0,0.0,0.0,0.0,True,grand_total,900,2024-05-03 09:00:00,3,,,0.0,0,1,0,0,0,0,3.5,weather_forecast,0,0,,,,,,,,,,,1,0,0.0,0,0,0,0,757.5,early_warning,general_situation_report,retain,2024-05-03 09:00:00,575,1,1,24.0,2024-05-04 09:00:00,24.0,4982.0,1542.0,0.0,0.0,True,8.51919119407891,7.346655163176539,0.0,0.0,24.0,True,12635.0,4080.0,0.0,0.0,-7626.0,-2530.0,0.0,-0.9251139678430658,0.0,9,5,124,4,0.49999999999999994,-0.8660254037844387,0.8460288880917339,-0.533137056031809,8.513787398281405,0.0,-27.0,-0.005403795797505495,0,-7626.0,-0.9251139678430658,Decreasing,0.0,0.0,46,0.0,False,Decrease
situation_20240504_0900_42f5e4db.pdf,2024-05-04,Other,3107,,,,,,,,,,1542.0,4982.0,0.0,0.0,0.0,0.0,0.0,0.0,0.0,0.0,0.0,0.0,True,grand_total,900,2024-05-04 09:00:00,3,,,0.0,0,1,0,0,0,0,17.0,weather_forecast,0,0,,,,,,,,,,,1,0,0.0,0,0,0,0,781.5,early_warning,general_situation_report,retain,2024-05-04 09:00:00,576,1,1,24.0,2024-05-05 09:00:00,24.0,4982.0,1542.0,0.0,0.0,True,8.513787398281405,7.341483852363161,0.0,0.0,24.0,True,5009.0,1550.0,0.0,0.0,-27.0,-8.0,0.0,-0.005403795797505495,0.0,9,5,125,5,0.49999999999999994,-0.8660254037844387,0.8367329140344921,-0.5476112038402312,8.513787398281405,0.0,0.0,0.0,0,-27.0,-0.005403795797505495,Decreasing,0.0,0.0,45,0.0,False,Decrease
situation_20240505_0900_0421f3fc.pdf,2024-05-05,Other,3112,,,,,,,,,,1542.0,4982.0,0.0,0.0,0.0,0.0,0.0,0.0,0.0,0.0,0.0,0.0,True,grand_total,900,2024-05-05 09:00:00,3,,,0.0,0,1,0,0,0,0,3.5,weather_forecast,0,0,,,,,,,,,,,1,0,0.0,0,0,0,0,805.5,early_warning,general_situation_report,retain,2024-05-05 09:00:00,577,1,1,24.0,2024-05-06 09:00:00,24.0,4982.0,1542.0,0.0,0.0,True,8.513787398281405,7.341483852363161,0.0,0.0,24.0,True,4982.0,1542.0,0.0,0.0,0.0,0.0,0.0,0.0,0.0,9,5,126,6,0.49999999999999994,-0.8660254037844387,0.8271893372462497,-0.5619233046832195,8.513787398281405,0.0,0.0,0.0,0,0.0,0.0,Stable,0.0,0.0,45,0.0,False,Stable
situation_20240506_0900_e54b030f.pdf,2024-05-06,Other,3085,,,,,,,,,,1542.0,4982.0,0.0,0.0,0.0,0.0,0.0,0.0,0.0,0.0,0.0,0.0,True,grand_total,900,2024-05-06 09:00:00,4,50.0,,0.0,1,1,0,0,0,0,3.5,weather_forecast,0,0,,,,,,,,,,,1,0,0.0,0,0,0,0,829.5,early_warning,general_situation_report,retain,2024-05-06 09:00:00,578,1,1,24.0,2024-05-07 09:00:00,24.0,5016.0,1551.0,0.0,0.0,True,8.513787398281405,7.341483852363161,0.0,0.0,24.0,True,4982.0,1542.0,0.0,0.0,0.0,0.0,0.0,0.0,0.0,9,5,127,0,0.49999999999999994,-0.8660254037844387,0.8174009818249189,-0.5760691233798758,8.520587424484253,0.0,34.0,0.006800026202848031,0,0.0,0.0,Stable,0.0,0.0,45,0.0,False,Stable
situation_20240507_0900_cee4c58c.pdf,2024-05-07,"Strong Wind, Lightning",3306,,,,,,,,,,1551.0,5016.0,0.0,0.0,0.0,0.0,9.0,0.0,0.0,0.0,0.0,0.0,True,grand_total,900,2024-05-07 09:00:00,2,50.0,,0.0,1,1,0,0,0,0,17.0,weather_forecast,0,0,,,,,,,,,,,1,0,0.0,0,0,0,0,853.5,early_warning,general_situation_report,retain,2024-05-07 09:00:00,579,1,1,24.0,2024-05-10 09:00:00,72.0,5036.0,1556.0,0.0,0.0,False,8.520587424484253,7.347299700743164,0.0,0.0,24.0,True,4982.0,1542.0,0.0,0.0,34.0,9.0,0.0,0.006800026202848031,0.0,9,5,128,1,0.49999999999999994,-0.8660254037844387,0.8073707443023492,-0.5900444739548627,8.52456594574565,0.0,20.0,0.00397852126139675,0,34.0,0.006800026202848031,Increasing,0.36363636363636365,0.29545454545454547,44,29.545454545454547,False,Normal Increase
situation_20240510_0900_3ca6a78a.pdf,2024-05-10,"Strong Wind, Lightning",3448,,,,,,,,,,1556.0,5036.0,0.0,0.0,0.0,0.0,14.0,0.0,0.0,0.0,0.0,0.0,True,grand_total,900,2024-05-10 09:00:00,4,100.0,,2.0,1,1,0,0,0,0,3.5,weather_forecast,0,0,,,,,,,,,,,1,0,0.0,0,0,0,0,925.5,early_warning,general_situation_report,retain,2024-05-10 09:00:00,580,1,1,72.0,2024-05-12 09:00:00,48.0,4987.0,1543.0,0.0,0.0,True,8.52456594574565,7.350516171833998,0.0,0.0,72.0,False,,,,,,,,,,9,5,131,4,0.49999999999999994,-0.8660254037844387,0.7758587728069828,-0.6309066211876704,8.514790306799927,0.0,-49.0,-0.00977563894572242,0,,,Insufficient Previous Context,,,0,,False,Gap / No Comparable Previous Report
situation_20240512_0900_9de0024c.pdf,2024-05-12,Lightning,3357,,,,,,,,,,1543.0,4987.0,0.0,1.0,0.0,0.0,0.0,0.0,0.0,0.0,0.0,0.0,True,grand_total,900,2024-05-12 09:00:00,4,100.0,,2.0,1,1,0,0,0,0,3.5,weather_forecast,0,0,,,,,,,,,,,1,0,0.0,0,0,0,0,973.5,early_warning,general_situation_report,retain,2024-05-12 09:00:00,581,1,1,48.0,2024-05-13 09:00:00,24.0,4982.0,1542.0,0.0,0.0,True,8.514790306799927,7.342131730584722,0.0,0.0,48.0,True,5036.0,1556.0,0.0,0.0,-49.0,-13.0,0.0,-0.00977563894572242,0.0,9,5,133,6,0.49999999999999994,-0.8660254037844387,0.753697664392914,-0.6572212950663319,8.513787398281405,0.0,-5.0,-0.0010029085185223607,0,-49.0,-0.00977563894572242,Decreasing,0.0,0.0,44,0.0,False,Decrease
situation_20240513_0900_b1e2f7fc.pdf,2024-05-13,Other,3108,,,,,,,,,,1542.0,4982.0,0.0,0.0,0.0,0.0,0.0,0.0,0.0,0.0,0.0,0.0,True,grand_total,900,2024-05-13 09:00:00,5,150.0,,3.0,1,1,0,0,0,0,0.0,heavy_rain,0,0,,,,,,,,,,,1,1,1.0,5,0,0,5,18.0,early_warning,general_situation_report,retain,2024-05-13 09:00:00,582,1,1,24.0,2024-05-14 09:00:00,24.0,13292.0,4236.0,0.0,0.0,True,8.513787398281405,7.341483852363161,0.0,0.0,24.0,True,4987.0,1543.0,0.0,0.0,-5.0,-1.0,0.0,-0.0010029085185223607,0.0,9,5,134,0,0.49999999999999994,-0.8660254037844387,0.742280907086982,-0.6700888411055113,9.4949928598676,0.0,8310.0,0.9812054615861943,0,-5.0,-0.0010029085185223607,Decreasing,0.0,0.0,43,0.0,False,Decrease
situation_20240514_0900_320f6442.pdf,2024-05-14,"Heavy Rain, Strong Wind, Lightning",4999,,,,,,,,,,4236.0,13292.0,3.0,0.0,0.0,0.0,66.0,0.0,0.0,0.0,0.0,0.0,True,grand_total,900,2024-05-14 09:00:00,5,150.0,,3.0,1,1,0,0,0,0,3.5,weather_forecast,0,0,,,,,,,,,,,1,1,1.0,5,0,0,5,16.75,early_warning,general_situation_report,retain,2024-05-14 09:00:00,583,1,1,24.0,2024-05-14 16:00:00,7.0,13292.0,4236.0,0.0,0.0,True,9.4949928598676,8.351610750626559,0.0,0.0,24.0,True,4982.0,1542.0,0.0,0.0,8310.0,2694.0,0.0,0.9812054615861943,0.0,9,5,135,1,0.49999999999999994,-0.8660254037844387,0.7306444969184916,-0.6827580970759147,9.4949928598676,0.0,0.0,0.0,0,8310.0,0.9812054615861943,Increasing,0.8809523809523809,0.9285714285714286,42,88.09523809523809,False,Normal Increase
situation_20240514_1600_86a2a495.pdf,2024-05-14,"Heavy Rain, Strong Wind, Lightning",5023,,,,,,,,,,4236.0,13292.0,3.0,0.0,0.0,0.0,66.0,0.0,0.0,0.0,0.0,0.0,True,grand_total,1600,2024-05-14 16:00:00,4,100.0,,0.0,1,1,0,0,0,0,0.0,weather_forecast,0,0,,,,,,,,,,,1,1,1.0,4,0,0,4,0.0,early_warning,general_situation_report,retain,2024-05-14 16:00:00,584,1,1,7.0,2024-05-15 09:00:00,17.0,13298.0,4238.0,0.0,0.0,True,9.4949928598676,8.351610750626559,0.0,0.0,7.0,True,13292.0,4236.0,0.0,0.0,0.0,0.0,0.0,0.0,0.0,16,5,135,1,0.49999999999999994,-0.8660254037844387,0.7306444969184916,-0.6827580970759147,9.495444123413163,0.0,6.0,0.00045126354556401793,0,0.0,0.0,Stable,0.0,0.0,42,0.0,False,Stable
situation_20240515_0900_0416a669.pdf,2024-05-15,"Heavy Rain, Strong Wind, Lightning",5065,,,,,,,,,,4238.0,13298.0,3.0,0.0,0.0,0.0,68.0,0.0,0.0,0.0,0.0,0.0,True,grand_total,900,2024-05-15 09:00:00,3,100.0,,0.0,1,1,0,0,0,0,3.5,weather_forecast,0,0,,,,,,,,,,,1,1,1.0,4,0,0,4,17.0,early_warning,general_situation_report,retain,2024-05-15 09:00:00,585,1,1,17.0,2024-05-16 09:00:00,24.0,10663.0,3598.0,0.0,0.0,True,9.495444123413163,8.352082671352637,0.0,0.0,17.0,True,13292.0,4236.0,0.0,0.0,6.0,2.0,0.0,0.00045126354556401793,0.0,9,5,136,2,0.49999999999999994,-0.8660254037844387,0.7187918772884232,-0.6952253139408722,9.274628861858545,0.0,-2635.0,-0.22081526155461795,0,6.0,0.00045126354556401793,Increasing,0.17073170731707318,0.04878048780487805,41,4.878048780487805,False,Normal Increase
situation_20240516_0900_8d819486.pdf,2024-05-16,"Heavy Rain, Strong Wind, Lightning",3351,,,,,,,,,,3598.0,10663.0,0.0,0.0,0.0,0.0,9.0,0.0,2.0,0.0,0.0,0.0,True,grand_total,900,2024-05-16 09:00:00,3,100.0,,0.0,1,1,0,0,0,0,3.5,weather_forecast,0,0,,,,,,,,,,,1,1,1.0,6,0,0,6,17.0,early_warning,general_situation_report,retain,2024-05-16 09:00:00,586,1,1,24.0,2024-05-17 09:00:00,24.0,10289.0,3516.0,0.0,0.0,True,9.274628861858545,8.188411308079031,0.0,0.0,24.0,True,13298.0,4238.0,0.0,0.0,-2635.0,-640.0,0.0,-0.22081526155461795,0.0,9,5,137,3,0.49999999999999994,-0.8660254037844387,0.7067265555776158,-0.7074868024503348,9.238927828828094,0.0,-374.0,-0.0357010330304508,0,-2635.0,-0.22081526155461795,Decreasing,0.0,0.0,41,0.0,False,Decrease
situation_20240517_0900_7a446044.pdf,2024-05-17,Other,3132,,,,,,,,,,3516.0,10289.0,0.0,0.0,0.0,0.0,1.0,0.0,0.0,0.0,0.0,0.0,True,grand_total,900,2024-05-17 09:00:00,3,100.0,,0.0,1,1,0,0,0,0,3.25,weather_forecast,0,0,,,,,,,,,,,1,1,1.0,8,0,0,8,17.0,early_warning,general_situation_report,retain,2024-05-17 09:00:00,587,1,1,24.0,2024-05-18 09:00:00,24.0,10355.0,3532.0,0.0,0.0,True,9.238927828828094,8.165363632473982,0.0,0.0,24.0,True,10663.0,3598.0,0.0,0.0,-374.0,-82.0,0.0,-0.0357010330304508,0.0,9,5,138,4,0.49999999999999994,-0.8660254037844387,0.6944521021088763,-0.719538934232584,9.245321340871428,0.0,66.0,0.0063935120433331605,0,-374.0,-0.0357010330304508,Decreasing,0.0,0.0,41,0.0,False,Decrease
situation_20240518_0900_79e4578d.pdf,2024-05-18,"Landslide, Heavy Rain, Strong Wind, Lightning",4026,,,,,,,,,,3532.0,10355.0,0.0,2.0,0.0,0.0,17.0,0.0,1.0,0.0,0.0,0.0,True,grand_total,900,2024-05-18 09:00:00,4,100.0,40.0,2.0,1,1,1,0,0,0,3.5,weather_forecast,0,0,,,,,,,,,,,1,1,1.0,8,0,0,8,17.0,early_warning,general_situation_report,retain,2024-05-18 09:00:00,588,1,1,24.0,2024-05-19 09:00:00,24.0,10299.0,3518.0,0.0,0.0,True,9.245321340871428,8.169902647359145,0.0,0.0,24.0,True,10289.0,3516.0,0.0,0.0,66.0,16.0,0.0,0.0063935120433331605,0.0,9,5,139,5,0.49999999999999994,-0.8660254037844387,0.6819721490904629,-0.7313781428679254,9.239899174217728,0.0,-56.0,-0.005422166653699989,0,66.0,0.0063935120433331605,Increasing,0.4634146341463415,0.34146341463414637,41,34.146341463414636,False,Normal Increase
situation_20240519_0900_33d16632.pdf,2024-05-19,"Heavy Rain, Strong Wind",3617,,,,,,,,,,3518.0,10299.0,0.0,2.0,0.0,0.0,3.0,0.0,0.0,0.0,0.0,0.0,True,grand_total,900,2024-05-19 09:00:00,6,100.0,40.0,3.0,1,1,1,0,0,0,0.25,heavy_rain,0,0,,,,,,,,,,,1,1,2.0,7,1,0,7,5.5,early_warning,general_situation_report,retain,2024-05-19 09:00:00,589,1,1,24.0,2024-05-20 09:00:00,24.0,29447.0,8284.0,4.0,1140.0,True,9.239899174217728,8.165932137321585,0.0,0.0,24.0,True,10355.0,3532.0,0.0,0.0,-56.0,-14.0,0.0,-0.005422166653699989,0.0,9,5,140,6,0.49999999999999994,-0.8660254037844387,0.6692903895412567,-0.7430009249440493,10.290381275058857,7.039660349862076,19148.0,1.0504821008411298,1,-56.0,-0.005422166653699989,Decreasing,0.0,0.0,42,0.0,False,Decrease
situation_20240520_0900_91b68742.pdf,2024-05-20,"Flood, Heavy Rain, Strong Wind, Lightning",4306,,,,,,,,,,8284.0,29447.0,0.0,1.0,0.0,0.0,18.0,1.0,1.0,4.0,340.0,1140.0,True,grand_total,900,2024-05-20 09:00:00,5,100.0,40.0,2.0,1,1,1,0,0,0,0.0,heavy_rain,0,0,,,,,,,,,,,1,1,2.0,7,3,0,8,17.0,early_warning,general_situation_report,retain,2024-05-20 09:00:00,590,1,1,24.0,2024-05-21 09:00:00,24.0,29228.0,7323.0,12.0,1852.0,True,10.290381275058857,9.022201929860664,1.6094379124341003,7.039660349862076,24.0,True,10299.0,3518.0,0.0,0.0,19148.0,4766.0,1140.0,1.0504821008411298,7.039660349862076,9,5,141,0,0.49999999999999994,-0.8660254037844387,0.6564105761979381,-0.7544038410927472,10.282916646093451,7.52456122628536,-219.0,-0.007464628965406561,1,19148.0,1.0504821008411298,Increasing,0.926829268292683,0.926829268292683,41,92.6829268292683,False,Normal Increase
situation_20240521_0900_181a38b9.pdf,2024-05-21,"Flood, Heavy Rain, Strong Wind, Lightning",6796,,,,,,,,,,7323.0,29228.0,0.0,3.0,0.0,0.0,164.0,2.0,0.0,12.0,554.0,1852.0,True,grand_total,900,2024-05-21 09:00:00,6,100.0,40.0,3.0,1,1,1,0,0,0,1.0,heavy_rain,0,0,,,,,,,,,,,1,1,2.0,9,3,0,9,17.0,early_warning,general_situation_report,retain,2024-05-21 09:00:00,591,1,1,24.0,2024-05-22 09:00:00,24.0,67865.0,17325.0,2.0,79.0,True,10.282916646093451,8.898911905794401,2.5649493574615367,7.52456122628536,24.0,True,29447.0,8284.0,4.0,1140.0,-219.0,-961.0,712.0,-0.007464628965406561,0.48490087642328383,9,5,142,1,0.49999999999999994,-0.8660254037844387,0.6433365204044917,-0.765583517007675,11.125290451759437,4.382026634673881,38637.0,0.8423738056659857,1,-219.0,-0.007464628965406561,Decreasing,0.0,0.0,41,0.0,False,Decrease
situation_20240522_0900_0d4a2e50.pdf,2024-05-22,"Flood, Heavy Rain, Strong Wind, Lightning",9192,,,,,,,,,,17325.0,67865.0,2.0,2.0,0.0,1.0,410.0,2.0,0.0,2.0,16.0,79.0,True,grand_total,900,2024-05-22 09:00:00,4,150.0,40.0,3.0,1,1,1,0,0,0,3.5,weather_forecast,0,0,,,,,,,,,,,1,1,2.0,9,3,0,9,17.0,early_warning,general_situation_report,retain,2024-05-22 09:00:00,592,1,1,24.0,2024-05-23 09:00:00,24.0,33960.0,8944.0,3.0,246.0,True,11.125290451759437,9.759963542450086,1.0986122886681098,4.382026634673881,24.0,True,29228.0,7323.0,12.0,1852.0,38637.0,10002.0,-1773.0,0.8423738056659857,-3.1425345916114784,9,5,143,2,0.49999999999999994,-0.8660254037844387,0.6300720909843687,-0.7765366444428655,10.432968086399285,5.5093883366279774,-33905.0,-0.6923223653601518,1,38637.0,0.8423738056659857,Increasing,0.95,0.925,40,92.5,False,Normal Increase
situation_20240523_0900_b427c274.pdf,2024-05-23,"Flood, Heavy Rain, Strong Wind, Lightning",12467,,,,,,,,,,8944.0,33960.0,4.0,10.0,0.0,3.0,973.0,3.0,3.0,3.0,74.0,246.0,True,grand_total,900,2024-05-23 09:00:00,7,150.0,60.0,3.0,1,1,1,0,0,0,0.0,heavy_rain,0,0,,,,,,,,,,,1,1,2.0,9,3,0,9,18.0,early_warning,general_situation_report,retain,2024-05-23 09:00:00,593,1,1,24.0,2024-05-24 09:00:00,24.0,35796.0,9688.0,4.0,121.0,True,10.432968086399285,9.09884999594282,1.3862943611198906,5.5093883366279774,24.0,True,67865.0,17325.0,2.0,79.0,-33905.0,-8381.0,167.0,-0.6923223653601518,1.1273617019540962,9,5,144,3,0.49999999999999994,-0.8660254037844387,0.6166212130956382,-0.7872599821916922,10.485619369994788,4.804021044733257,1836.0,0.05265128359550353,1,-33905.0,-0.6923223653601518,Decreasing,0.0,0.0,40,0.0,False,Decrease
situation_20240524_0900_d3862289.pdf,2024-05-24,"Flood, Heavy Rain, Strong Wind, Lightning",12556,,,,,,,,,,9688.0,35796.0,6.0,11.0,0.0,5.0,1246.0,0.0,2.0,4.0,34.0,121.0,True,grand_total,900,2024-05-24 09:00:00,4,150.0,60.0,3.0,1,1,1,0,0,0,3.5,weather_forecast,0,0,,,,,,,,,,,1,1,2.0,10,4,0,10,17.0,early_warning,general_situation_report,retain,2024-05-24 09:00:00,594,1,1,24.0,2024-05-25 09:00:00,24.0,45344.0,12197.0,4.0,188.0,True,10.485619369994788,9.178746500385005,1.6094379124341003,4.804021044733257,24.0,True,33960.0,8944.0,3.0,246.0,1836.0,744.0,-125.0,0.05265128359550353,-0.7053672918947207,9,5,145,4,0.49999999999999994,-0.8660254037844387,0.6029878670694714,-0.7977503570459932,10.722055195881667,5.241747015059643,9548.0,0.23643582588687906,1,1836.0,0.05265128359550353,Increasing,0.8717948717948718,0.6923076923076923,39,69.23076923076923,False,Normal Increase
situation_20240525_0900_3b5fbe80.pdf,2024-05-25,"Flood, Heavy Rain, Strong Wind, Lightning",13177,,,,,,,,,,12197.0,45344.0,7.0,13.0,0.0,10.0,2797.0,56.0,10.0,4.0,51.0,188.0,True,grand_total,900,2024-05-25 09:00:00,6,150.0,60.0,3.0,1,1,1,0,0,0,3.5,weather_forecast,0,0,,,,,,,,,,,1,1,2.0,7,5,0,7,17.0,early_warning,general_situation_report,retain,2024-05-25 09:00:00,595,1,1,24.0,2024-05-26 09:00:00,24.0,45509.0,12207.0,12.0,1248.0,True,10.722055195881667,9.409027282856401,1.6094379124341003,5.241747015059643,24.0,True,35796.0,9688.0,4.0,121.0,9548.0,2509.0,67.0,0.23643582588687906,0.4377259703263858,9,5,146,5,0.49999999999999994,-0.8660254037844387,0.5891760872322963,-0.8080046647350754,10.725687361010687,7.130098510125578,165.0,0.003632165129019427,1,9548.0,0.23643582588687906,Increasing,0.95,0.85,40,85.0,False,Normal Increase
situation_20240526_0900_0602c62f.pdf,2024-05-26,"Flood, Heavy Rain, Strong Wind, Lightning",13462,,,,,,,,,,12207.0,45509.0,8.0,13.0,0.0,12.0,3166.0,57.0,10.0,12.0,311.0,1248.0,True,grand_total,900,2024-05-26 09:00:00,5,100.0,60.0,2.0,1,1,1,0,0,0,3.5,weather_forecast,0,0,,,,,,,,,,,1,1,2.0,7,5,0,7,16.75,early_warning,general_situation_report,retain,2024-05-26 09:00:00,596,1,1,24.0,2024-05-27 09:00:00,24.0,44627.0,11949.0,17.0,2335.0,True,10.725687361010687,9.409846753524238,2.5649493574615367,7.130098510125578,24.0,True,45344.0,12197.0,4.0,188.0,165.0,10.0,1060.0,0.003632165129019427,1.888351495065935,9,5,147,6,0.49999999999999994,-0.8660254037844387,0.5751899607119775,-0.8180198708443174,10.70611674371307,7.756195343948118,-882.0,-0.019570617297617332,1,165.0,0.003632165129019427,Increasing,0.5609756097560976,0.24390243902439024,41,24.390243902439025,False,Normal Increase
situation_20240527_0900_17e879c2.pdf,2024-05-27,"Flood, Heavy Rain, Strong Wind, Lightning",13608,,,,,,,,,,11949.0,44627.0,7.0,15.0,0.0,15.0,3417.0,62.0,12.0,17.0,621.0,2335.0,True,grand_total,900,2024-05-27 09:00:00,4,100.0,60.0,2.0,1,1,1,0,0,0,3.5,weather_forecast,0,0,,,,,,,,,,,1,1,2.0,7,5,0,7,17.0,early_warning,general_situation_report,retain,2024-05-27 09:00:00,597,1,1,24.0,2024-05-28 09:00:00,24.0,45239.0,12224.0,15.0,1132.0,True,10.70611674371307,9.388486557359657,2.8903717578961645,7.756195343948118,24.0,True,45509.0,12207.0,12.0,1248.0,-882.0,-258.0,1087.0,-0.019570617297617332,0.6260968338225403,9,5,148,0,0.49999999999999994,-0.8660254037844387,0.5610336262283677,-0.8277930117131022,10.719736930230058,7.0326242610280065,612.0,0.013620186516988042,1,-882.0,-0.019570617297617332,Decreasing,0.0,0.0,42,0.0,False,Decrease
situation_20240528_0900_38ab1915.pdf,2024-05-28,"Flood, Heavy Rain, Strong Wind, Lightning",14419,,,,,,,,,,12224.0,45239.0,7.0,14.0,0.0,19.0,4612.0,71.0,12.0,15.0,298.0,1132.0,True,grand_total,900,2024-05-28 09:00:00,5,100.0,60.0,2.0,1,1,1,0,0,0,3.5,weather_forecast,0,0,,,,,,,,,,,1,1,2.0,7,5,0,7,17.0,early_warning,general_situation_report,retain,2024-05-28 09:00:00,598,1,1,24.0,2024-05-29 09:00:00,24.0,35222.0,9587.0,9.0,220.0,True,10.719736930230058,9.411238314343073,2.772588722239781,7.0326242610280065,24.0,True,44627.0,11949.0,17.0,2335.0,612.0,275.0,-1203.0,0.013620186516988042,-0.7235710829201114,9,5,149,1,0.49999999999999994,-0.8660254037844387,0.5467112728685939,-0.8373211953118121,10.469454557298322,5.3981627015177525,-10017.0,-0.2502823729317356,1,612.0,0.013620186516988042,Increasing,0.6904761904761905,0.47619047619047616,42,47.61904761904761,False,Normal Increase
situation_20240529_0900_eaa98cef.pdf,2024-05-29,"Flood, Heavy Rain, Strong Wind, Lightning",14190,,,,,,,,,,9587.0,35222.0,8.0,20.0,0.0,26.0,4718.0,98.0,29.0,9.0,58.0,220.0,True,grand_total,900,2024-05-29 09:00:00,4,100.0,60.0,2.0,1,1,1,0,0,0,17.0,weather_forecast,0,0,,,,,,,,,,,1,1,2.0,8,1,0,8,17.0,early_warning,general_situation_report,retain,2024-05-29 09:00:00,599,1,1,24.0,2024-05-30 09:00:00,24.0,25401.0,7028.0,7.0,200.0,True,10.469454557298322,9.168267595554275,2.302585092994046,5.3981627015177525,24.0,True,45239.0,12224.0,15.0,1132.0,-10017.0,-2637.0,-912.0,-0.2502823729317356,-1.634461559510254,9,5,150,2,0.49999999999999994,-0.8660254037844387,0.5322271388474397,-0.8466016020976267,10.142583190064265,5.303304908059076,-9821.0,-0.3268713672340571,1,-10017.0,-0.2502823729317356,Decreasing,0.0,0.0,42,0.0,False,Decrease
situation_20240530_0900_4d70bf54.pdf,2024-05-30,"Flood, Heavy Rain, Strong Wind, Lightning",13380,,,,,,,,,,7028.0,25401.0,8.0,19.0,0.0,21.0,4654.0,98.0,29.0,7.0,54.0,200.0,True,grand_total,900,2024-05-30 09:00:00,4,100.0,60.0,2.0,1,1,1,0,0,0,3.5,weather_forecast,0,0,,,,,,,,,,,1,1,2.0,6,2,0,6,2.0,early_warning,general_situation_report,retain,2024-05-30 09:00:00,600,1,1,24.0,2024-05-31 09:00:00,24.0,18473.0,5341.0,6.0,231.0,True,10.142583190064265,8.857799727175905,2.0794415416798357,5.303304908059076,24.0,True,35222.0,9587.0,9.0,220.0,-9821.0,-2559.0,-20.0,-0.3268713672340571,-0.09485779345867673,9,5,151,3,0.49999999999999994,-0.8660254037844387,0.5175855102531889,-0.8556314858488706,9.824119617152556,5.44673737166631,-6928.0,-0.3184635729117087,1,-9821.0,-0.3268713672340571,Decreasing,0.0,0.0,42,0.0,False,Decrease
situation_20240531_0900_754bac55.pdf,2024-05-31,"Flood, Heavy Rain, Strong Wind, Lightning",13193,,,,,,,,,,5341.0,18473.0,8.0,17.0,0.0,21.0,4906.0,98.0,29.0,6.0,56.0,231.0,True,grand_total,900,2024-05-31 09:00:00,3,75.0,50.0,0.0,1,1,1,0,0,0,3.5,weather_forecast,0,0,,,,,,,,,,,1,1,2.0,6,4,0,6,17.0,early_warning,general_situation_report,retain,2024-05-31 09:00:00,601,1,1,24.0,2024-06-01 09:00:00,24.0,17119.0,4947.0,4.0,161.0,True,9.824119617152556,8.583355393669907,1.9459101490553132,5.44673737166631,24.0,True,25401.0,7028.0,7.0,200.0,-6928.0,-1687.0,31.0,-0.3184635729117087,0.14343246360723416,9,5,152,4,0.49999999999999994,-0.8660254037844387,0.5027907197793043,-0.8644081744776648,9.748002649695733,5.087596335232384,-1354.0,-0.07611696745682295,1,-6928.0,-0.3184635729117087,Decreasing,0.0,0.0,42,0.0,False,Decrease
situation_20240601_0900_86036628.pdf,2024-06-01,"Flood, Heavy Rain, Strong Wind, Lightning",13187,,,,,,,,,,4947.0,17119.0,8.0,20.0,0.0,28.0,5022.0,108.0,30.0,4.0,39.0,161.0,True,grand_total,900,2024-06-01 09:00:00,4,100.0,60.0,2.0,1,1,1,0,0,0,3.0,heavy_rain,0,0,,,,,,,,,,,1,1,2.0,7,4,0,7,1.0,early_warning,general_situation_report,retain,2024-06-01 09:00:00,602,1,1,24.0,2024-06-02 09:00:00,24.0,11864.0,3727.0,21.0,2611.0,True,9.748002649695733,8.506738733512378,1.6094379124341003,5.087596335232384,24.0,True,18473.0,5341.0,6.0,231.0,-1354.0,-394.0,-70.0,-0.07611696745682295,-0.35914103643392625,9,6,153,5,1.2246467991473532e-16,-1.0,0.4878471454423119,-0.8729290708206411,9.381348168869865,7.867871490396322,-5255.0,-0.3666544808258685,1,-1354.0,-0.07611696745682295,Decreasing,0.0,0.0,42,0.0,False,Decrease
situation_20240602_0900_19681c02.pdf,2024-06-02,"Flood, Landslide, Heavy Rain, Strong Wind, Lightning",12164,,,,,,,,,,3727.0,11864.0,15.0,23.0,0.0,17.0,3304.0,54.0,17.0,21.0,641.0,2611.0,True,grand_total,900,2024-06-02 09:00:00,4,100.0,,0.0,1,1,0,0,0,0,2.0,heavy_rain,0,0,,,,,,,,,,,1,1,3.0,7,9,3,9,2.0,early_warning,general_situation_report,retain,2024-06-02 09:00:00,603,1,1,24.0,2024-06-04 09:00:00,48.0,161290.0,41610.0,123.0,8212.0,True,9.381348168869865,8.223627175805483,3.091042453358316,7.867871490396322,24.0,True,17119.0,4947.0,4.0,161.0,-5255.0,-1220.0,2450.0,-0.3666544808258685,2.780275155163938,9,6,154,6,1.2246467991473532e-16,-1.0,0.47275920928627757,-0.881191653407483,11.990965465904408,9.013473543740192,149426.0,2.609617297034543,1,-5255.0,-0.3666544808258685,Decreasing,0.0,0.0,42,0.0,False,Decrease
situation_20240604_0900_b46f5422.pdf,2024-06-04,"Flood, Landslide, Heavy Rain, Strong Wind, Lightning",10268,,,,,,,,,,41610.0,161290.0,17.0,13.0,1.0,17.0,3381.0,197.0,3.0,123.0,1888.0,8212.0,True,grand_total,900,2024-06-04 09:00:00,3,,,0.0,0,1,0,0,0,0,3.5,weather_forecast,0,0,,,,,,,,,,,1,1,3.0,8,8,4,10,17.0,early_warning,general_situation_report,retain,2024-06-04 09:00:00,604,1,1,48.0,2024-06-05 09:00:00,24.0,253581.0,66906.0,154.0,10737.0,True,11.990965465904408,10.636119834372657,4.820281565605037,9.013473543740192,48.0,True,11864.0,3727.0,21.0,2611.0,149426.0,37883.0,5601.0,2.609617297034543,1.14560205334387,9,6,156,1,1.2246467991473532e-16,-1.0,0.44216815196707204,-0.8969321743510065,12.443442521108175,9.281544130982514,92291.0,0.4524770552037669,1,149426.0,2.609617297034543,Increasing,1.0,0.9761904761904762,42,97.61904761904762,True,Rapid Growth Anomaly
situation_20240605_0900_2f9c7a75.pdf,2024-06-05,"Flood, Landslide, Heavy Rain, Strong Wind, Lightning",10666,,,,,,,,,,66906.0,253581.0,21.0,13.0,2.0,42.0,4303.0,698.0,5.0,154.0,2565.0,10737.0,True,grand_total,900,2024-06-05 09:00:00,3,,,0.0,0,1,0,0,0,0,3.5,weather_forecast,0,0,,,,,,,,,,,1,1,3.0,9,8,2,10,17.0,early_warning,general_situation_report,retain,2024-06-05 09:00:00,605,1,1,24.0,2024-06-06 09:00:00,24.0,259990.0,68857.0,139.0,9695.0,True,12.443442521108175,11.111058874424351,5.043425116919247,9.281544130982514,24.0,True,161290.0,41610.0,123.0,8212.0,92291.0,25296.0,2525.0,0.4524770552037669,0.26807058724232213,9,6,157,2,1.2246467991473532e-16,-1.0,0.42667408318992467,-0.9044054548343001,12.468402294013924,9.179468708309095,6409.0,0.024959772905749134,1,92291.0,0.4524770552037669,Increasing,0.9767441860465116,0.8604651162790697,43,86.04651162790698,False,Normal Increase
situation_20240606_0900_7c130c4d.pdf,2024-06-06,"Flood, Landslide, Heavy Rain, Strong Wind, Lightning",10767,,,,,,,,,,68857.0,259990.0,24.0,16.0,1.0,52.0,5247.0,998.0,6.0,139.0,2310.0,9695.0,True,grand_total,900,2024-06-06 09:00:00,3,,50.0,0.0,0,1,1,0,0,0,3.5,weather_forecast,0,0,,,,,,,,,,,1,1,2.0,8,2,0,8,17.0,early_warning,general_situation_report,retain,2024-06-06 09:00:00,606,1,1,24.0,2024-06-07 09:00:00,24.0,206203.0,54569.0,83.0,5162.0,True,12.468402294013924,11.139801692032727,4.941642422609304,9.179468708309095,24.0,True,253581.0,66906.0,154.0,10737.0,6409.0,1951.0,-1042.0,0.024959772905749134,-0.10207542267341907,9,6,158,3,1.2246467991473532e-16,-1.0,0.4110537546870351,-0.9116111071930239,12.23662124901894,8.54927308487965,-53787.0,-0.23178104499498353,1,6409.0,0.024959772905749134,Increasing,0.8409090909090909,0.5454545454545454,44,54.54545454545454,False,Normal Increase
situation_20240607_0900_82ba109a.pdf,2024-06-07,"Flood, Landslide, Heavy Rain, Strong Wind, Lightning",10186,,,,,,,,,,54569.0,206203.0,24.0,16.0,1.0,60.0,5348.0,783.0,8.0,83.0,1288.0,5162.0,True,grand_total,900,2024-06-07 09:00:00,4,,50.0,0.0,0,1,1,0,0,0,2.0,weather_forecast,0,0,,,,,,,,,,,1,1,2.0,7,2,0,7,17.0,early_warning,general_situation_report,retain,2024-06-07 09:00:00,607,1,1,24.0,2024-06-08 09:00:00,24.0,132521.0,35022.0,47.0,1825.0,True,12.23662124901894,10.907239560180278,4.430816798843313,8.54927308487965,24.0,True,259990.0,68857.0,139.0,9695.0,-53787.0,-14288.0,-4533.0,-0.23178104499498353,-0.6301956234294455,9,6,159,4,1.2246467991473532e-16,-1.0,0.3953117887649151,-0.9185469991587165,11.794503948361523,7.509883061154913,-73682.0,-0.44211730065741683,1,-53787.0,-0.23178104499498353,Decreasing,0.0,0.0,45,0.0,False,Decrease
situation_20240608_0900_b92e53d7.pdf,2024-06-08,"Flood, Landslide, Heavy Rain, Strong Wind, Lightning",9052,,,,,,,,,,35022.0,132521.0,24.0,9.0,1.0,68.0,4877.0,652.0,8.0,47.0,450.0,1825.0,True,grand_total,900,2024-06-08 09:00:00,3,50.0,50.0,0.0,1,1,1,0,0,0,3.5,weather_forecast,0,0,,,,,,,,,,,1,0,0.0,0,0,0,0,41.0,early_warning,general_situation_report,retain,2024-06-08 09:00:00,608,1,1,24.0,2024-06-09 09:00:00,24.0,124476.0,33189.0,29.0,1304.0,True,11.794503948361523,10.463760267504872,3.871201010907891,7.509883061154913,24.0,True,206203.0,54569.0,83.0,5162.0,-73682.0,-19547.0,-3337.0,-0.44211730065741683,-1.039390023724736,9,6,160,5,1.2246467991473532e-16,-1.0,0.37945284372454435,-0.925211078289358,11.731876238864734,7.173958319756794,-8045.0,-0.06262770949678931,1,-73682.0,-0.44211730065741683,Decreasing,0.0,0.0,45,0.0,False,Decrease
situation_20240609_0900_5bf52d8a.pdf,2024-06-09,"Flood, Landslide, Heavy Rain, Strong Wind, Lightning",8895,,,,,,,,,,33189.0,124476.0,24.0,9.0,1.0,76.0,5707.0,970.0,22.0,29.0,330.0,1304.0,True,grand_total,900,2024-06-09 09:00:00,4,75.0,50.0,0.0,1,1,1,0,0,0,2.0,weather_forecast,0,0,,,,,,,,,,,1,1,2.0,6,2,0,6,17.0,early_warning,general_situation_report,retain,2024-06-09 09:00:00,609,1,1,24.0,2024-06-10 09:00:00,24.0,121176.0,32296.0,19.0,513.0,True,11.731876238864734,10.41000390471402,3.4011973816621555,7.173958319756794,24.0,True,132521.0,35022.0,47.0,1825.0,-8045.0,-1833.0,-521.0,-0.06262770949678931,-0.33592474139811923,9,6,161,6,1.2246467991473532e-16,-1.0,0.36348161248290634,-0.9316013725767187,11.705007565632043,6.2422232654551655,-3300.0,-0.026868673232691265,1,-8045.0,-0.06262770949678931,Decreasing,0.0,0.0,45,0.0,False,Decrease
situation_20240610_0900_967237ea.pdf,2024-06-10,"Flood, Landslide, Heavy Rain, Strong Wind, Lightning",8526,,,,,,,,,,32296.0,121176.0,24.0,7.0,1.0,77.0,5678.0,1048.0,76.0,19.0,147.0,513.0,True,grand_total,900,2024-06-10 09:00:00,4,75.0,50.0,0.0,1,1,1,0,0,0,2.0,weather_forecast,0,0,,,,,,,,,,,1,1,2.0,6,2,0,6,17.0,early_warning,general_situation_report,retain,2024-06-10 09:00:00,610,1,1,24.0,2024-06-11 09:00:00,24.0,117973.0,31451.0,17.0,466.0,True,11.705007565632043,10.382729625640236,2.995732273553991,6.2422232654551655,24.0,True,124476.0,33189.0,29.0,1304.0,-3300.0,-893.0,-791.0,-0.026868673232691265,-0.9317350543016287,9,6,162,0,1.2246467991473532e-16,-1.0,0.3474028211842774,-0.9377159910299093,11.67821954018655,6.1463292576688975,-3203.0,-0.026788025445492636,1,-3300.0,-0.026868673232691265,Decreasing,0.0,0.0,45,0.0,False,Decrease
situation_20240611_0900_adfcad8d.pdf,2024-06-11,"Flood, Landslide, Heavy Rain, Strong Wind, Lightning",8345,,,,,,,,,,31451.0,117973.0,23.0,7.0,1.0,78.0,6340.0,1253.0,101.0,17.0,136.0,466.0,True,grand_total,900,2024-06-11 09:00:00,4,75.0,50.0,0.0,1,1,1,0,0,0,2.0,weather_forecast,0,0,,,,,,,,,,,1,1,1.0,3,0,0,3,17.0,early_warning,general_situation_report,retain,2024-06-11 09:00:00,611,1,1,24.0,2024-06-12 09:00:00,24.0,101720.0,27264.0,8.0,128.0,True,11.67821954018655,10.356217853111406,2.8903717578961645,6.1463292576688975,24.0,True,121176.0,32296.0,19.0,513.0,-3203.0,-845.0,-47.0,-0.026788025445492636,-0.095894007786268,9,6,163,1,1.2246467991473532e-16,-1.0,0.3312212278016865,-0.9435531242349544,11.529989050396109,4.859812404361672,-16253.0,-0.14823048979044096,1,-3203.0,-0.026788025445492636,Decreasing,0.0,0.0,45,0.0,False,Decrease
situation_20240612_0900_ed72cbaf.pdf,2024-06-12,"Flood, Landslide, Heavy Rain, Strong Wind, Lightning",8088,,,,,,,,,,27264.0,101720.0,25.0,8.0,3.0,80.0,7497.0,1567.0,116.0,8.0,39.0,128.0,True,grand_total,900,2024-06-12 09:00:00,3,75.0,50.0,0.0,1,1,1,0,0,0,3.5,weather_forecast,0,0,,,,,,,,,,,1,0,0.0,0,0,0,0,41.0,early_warning,general_situation_report,retain,2024-06-12 09:00:00,612,1,1,24.0,2024-06-13 09:00:00,24.0,101805.0,27288.0,8.0,128.0,True,11.529989050396109,10.213359107360162,2.1972245773362196,4.859812404361672,24.0,True,117973.0,31451.0,17.0,466.0,-16253.0,-4187.0,-338.0,-0.14823048979044096,-1.2865168533072255,9,6,164,2,1.2246467991473532e-16,-1.0,0.31494162072895193,-0.9491110448902284,11.530824320457986,4.859812404361672,85.0,0.0008352700618772246,1,-16253.0,-0.14823048979044096,Decreasing,0.0,0.0,45,0.0,False,Decrease
situation_20240613_0900_76c98c28.pdf,2024-06-13,"Flood, Landslide, Heavy Rain, Strong Wind, Lightning",8360,,,,,,,,,,27288.0,101805.0,25.0,8.0,5.0,80.0,7531.0,1581.0,116.0,8.0,39.0,128.0,True,grand_total,900,2024-06-13 09:00:00,4,75.0,50.0,0.0,1,1,1,0,0,0,2.0,weather_forecast,0,0,,,,,,,,,,,1,0,0.0,0,0,0,0,65.0,early_warning,general_situation_report,retain,2024-06-13 09:00:00,613,1,1,24.0,2024-06-14 09:00:00,24.0,101852.0,27338.0,7.0,124.0,True,11.530824320457986,10.214238969571854,2.1972245773362196,4.859812404361672,24.0,True,101720.0,27264.0,8.0,128.0,85.0,24.0,0.0,0.0008352700618772246,0.0,9,6,165,3,1.2246467991473532e-16,-1.0,0.2985688173637202,-0.9543881083175908,11.53128587630216,4.8283137373023015,47.0,0.0004615558441738443,1,85.0,0.0008352700618772246,Increasing,0.4444444444444444,0.06666666666666667,45,6.666666666666667,False,Normal Increase
situation_20240614_0900_ed0e7d2d.pdf,2024-06-14,"Flood, Landslide, Heavy Rain, Strong Wind, Lightning",8226,,,,,,,,,,27338.0,101852.0,25.0,7.0,3.0,80.0,7561.0,1592.0,121.0,7.0,38.0,124.0,True,grand_total,900,2024-06-14 09:00:00,4,,50.0,0.0,0,1,1,0,0,0,2.0,weather_forecast,0,0,,,,,,,,,,,1,0,0.0,0,0,0,0,89.0,early_warning,general_situation_report,retain,2024-06-14 09:00:00,614,1,1,24.0,2024-06-15 09:00:00,24.0,948.0,433.0,7.0,118.0,True,11.53128587630216,10.216069533164237,2.0794415416798357,4.8283137373023015,24.0,True,101805.0,27288.0,8.0,128.0,47.0,50.0,-4.0,0.0004615558441738443,-0.03149866705937043,9,6,166,4,1.2246467991473532e-16,-1.0,0.2821076626819194,-0.9593827529490743,6.855408798609928,4.77912349311153,-100904.0,-4.675877077692232,1,47.0,0.0004615558441738443,Increasing,0.4,0.06666666666666667,45,6.666666666666667,False,Normal Increase
situation_20240615_0900_7a40576a.pdf,2024-06-15,"Flood, Landslide, Heavy Rain, Strong Wind, Lightning",3252,,,,,,,,,,433.0,948.0,0.0,0.0,0.0,0.0,1.0,0.0,0.0,7.0,37.0,118.0,True,grand_total,900,2024-06-15 09:00:00,3,,50.0,0.0,0,0,1,0,0,0,3.5,weather_forecast,0,0,,,,,,,,,,,1,0,0.0,0,0,0,0,113.0,early_warning,general_situation_report,retain,2024-06-15 09:00:00,615,1,1,24.0,2024-06-16 09:00:00,24.0,948.0,433.0,7.0,118.0,True,6.855408798609928,6.073044534100405,2.0794415416798357,4.77912349311153,24.0,True,101852.0,27338.0,7.0,124.0,-100904.0,-26905.0,-6.0,-4.675877077692232,-0.04919024419077189,9,6,167,5,1.2246467991473532e-16,-1.0,0.26556302780405594,-0.9640935007889755,6.855408798609928,4.77912349311153,0.0,0.0,1,-100904.0,-4.675877077692232,Decreasing,0.0,0.0,46,0.0,False,Decrease
situation_20240616_0900_5adf1324.pdf,2024-06-16,"Flood, Landslide, Heavy Rain, Strong Wind, Lightning",3252,,,,,,,,,,433.0,948.0,0.0,0.0,0.0,0.0,1.0,0.0,0.0,7.0,37.0,118.0,True,grand_total,900,2024-06-16 09:00:00,4,,50.0,0.0,0,0,1,0,0,0,3.5,weather_forecast,0,0,,,,,,,,,,,1,0,0.0,0,0,0,0,137.0,early_warning,general_situation_report,retain,2024-06-16 09:00:00,616,1,1,24.0,2024-06-18 09:00:00,48.0,946.0,432.0,6.0,110.0,True,6.855408798609928,6.073044534100405,2.0794415416798357,4.77912349311153,24.0,True,948.0,433.0,7.0,118.0,0.0,0.0,0.0,0.0,0.0,9,6,168,6,1.2246467991473532e-16,-1.0,0.24893980855376657,-0.9685189578512204,6.853299093186078,4.709530201312334,-2.0,-0.002109705423849917,1,0.0,0.0,Stable,0.0,0.0,45,0.0,False,Stable
situation_20240618_0900_a6652da7.pdf,2024-06-18,"Flood, Landslide, Heavy Rain",2750,,,,,,,,,,432.0,946.0,0.0,0.0,0.0,0.0,0.0,0.0,0.0,6.0,35.0,110.0,True,grand_total,900,2024-06-18 09:00:00,3,,50.0,0.0,0,1,1,0,0,0,3.5,weather_forecast,0,0,,,,,,,,,,,1,0,0.0,0,0,0,0,185.0,early_warning,general_situation_report,retain,2024-06-18 09:00:00,617,1,1,48.0,2024-06-19 09:00:00,24.0,963.0,438.0,5.0,107.0,True,6.853299093186078,6.07073772800249,1.9459101490553132,4.709530201312334,48.0,True,948.0,433.0,7.0,118.0,-2.0,-1.0,-8.0,-0.002109705423849917,-0.06959329179919571,9,6,170,1,1.2246467991473532e-16,-1.0,0.21547731504673012,-0.976508846196619,6.871091294610546,4.68213122712422,17.0,0.017792201424467358,1,-2.0,-0.002109705423849917,Decreasing,0.0,0.0,45,0.0,False,Decrease
situation_20240619_0900_53bce425.pdf,2024-06-19,"Flood, Landslide, Heavy Rain, Strong Wind",3280,,,,,,,,,,438.0,963.0,1.0,1.0,0.0,1.0,4.0,0.0,0.0,5.0,34.0,107.0,True,grand_total,900,2024-06-19 09:00:00,3,75.0,50.0,0.0,1,1,1,0,0,0,8.5,weather_forecast,0,0,,,,,,,,,,,1,0,0.0,0,0,0,0,209.0,early_warning,general_situation_report,retain,2024-06-19 09:00:00,618,1,1,24.0,2024-06-21 09:00:00,48.0,976.0,440.0,5.0,107.0,True,6.871091294610546,6.0844994130751715,1.791759469228055,4.68213122712422,24.0,True,946.0,432.0,6.0,110.0,17.0,6.0,-3.0,0.017792201424467358,-0.02739897418811399,9,6,171,2,1.2246467991473532e-16,-1.0,0.19864794288017112,-0.9800709131432666,6.884486652042782,4.68213122712422,13.0,0.013395357432236743,1,17.0,0.017792201424467358,Increasing,0.28888888888888886,0.5333333333333333,45,28.888888888888886,False,Normal Increase
situation_20240621_0900_eaa5d3f9.pdf,2024-06-21,"Flood, Landslide",2974,,,,,,,,,,440.0,976.0,0.0,0.0,0.0,0.0,8.0,0.0,0.0,5.0,34.0,107.0,True,grand_total,900,2024-06-21 09:00:00,3,75.0,50.0,0.0,1,1,1,0,0,0,3.5,weather_forecast,0,0,,,,,,,,,,,1,0,0.0,0,0,0,0,257.0,early_warning,general_situation_report,retain,2024-06-21 09:00:00,619,1,1,48.0,2024-06-22 09:00:00,24.0,963.0,436.0,5.0,107.0,True,6.884486652042782,6.089044875446846,1.791759469228055,4.68213122712422,48.0,True,963.0,438.0,5.0,107.0,13.0,2.0,0.0,0.013395357432236743,0.0,9,6,173,4,1.2246467991473532e-16,-1.0,0.16481784665719793,-0.9863240225317866,6.871091294610546,4.68213122712422,-13.0,-0.013395357432236743,1,13.0,0.013395357432236743,Increasing,0.2826086956521739,0.4782608695652174,46,28.26086956521739,False,Normal Increase
situation_20240622_0900_01f2e7a2.pdf,2024-06-22,"Flood, Landslide, Strong Wind",2958,,,,,,,,,,436.0,963.0,0.0,0.0,0.0,0.0,3.0,0.0,0.0,5.0,34.0,107.0,True,grand_total,900,2024-06-22 09:00:00,4,100.0,50.0,2.0,1,1,1,0,0,0,3.5,weather_forecast,0,0,,,,,,,,,,,1,0,0.0,0,0,0,0,281.0,early_warning,general_situation_report,retain,2024-06-22 09:00:00,620,1,1,24.0,2024-06-23 09:00:00,24.0,946.0,432.0,5.0,35.0,True,6.871091294610546,6.07993319509559,1.791759469228055,4.68213122712422,24.0,True,976.0,440.0,5.0,107.0,-13.0,-4.0,0.0,-0.013395357432236743,0.0,9,6,174,5,1.2246467991473532e-16,-1.0,0.14782713347053048,-0.9890132145779883,6.853299093186078,3.58351893845611,-17.0,-0.017792201424467358,1,-13.0,-0.013395357432236743,Decreasing,0.0,0.0,47,0.0,False,Decrease
situation_20240623_0900_980c42cf.pdf,2024-06-23,"Flood, Landslide",2708,,,,,,,,,,432.0,946.0,0.0,0.0,0.0,0.0,0.0,0.0,0.0,5.0,7.0,35.0,True,grand_total,900,2024-06-23 09:00:00,3,100.0,50.0,0.0,1,1,1,0,0,0,3.5,weather_forecast,0,0,,,,,,,,,,,1,0,0.0,0,0,0,0,305.0,early_warning,general_situation_report,retain,2024-06-23 09:00:00,621,1,1,24.0,2024-06-24 09:00:00,24.0,946.0,432.0,4.0,30.0,True,6.853299093186078,6.07073772800249,1.791759469228055,3.58351893845611,24.0,True,963.0,436.0,5.0,107.0,-17.0,-4.0,-72.0,-0.017792201424467358,-1.09861228866811,9,6,175,6,1.2246467991473532e-16,-1.0,0.13079267585675922,-0.9914097417023038,6.853299093186078,3.4339872044851463,0.0,0.0,1,-17.0,-0.017792201424467358,Decreasing,0.0,0.0,47,0.0,False,Decrease
situation_20240624_0900_7b498be7.pdf,2024-06-24,"Flood, Landslide",2689,,,,,,,,,,432.0,946.0,0.0,0.0,0.0,0.0,0.0,0.0,0.0,4.0,6.0,30.0,True,grand_total,900,2024-06-24 09:00:00,3,50.0,50.0,0.0,1,0,1,0,0,0,3.5,weather_forecast,0,0,,,,,,,,,,,1,0,0.0,0,0,0,0,329.0,early_warning,general_situation_report,retain,2024-06-24 09:00:00,622,1,1,24.0,2024-06-25 09:00:00,24.0,946.0,432.0,4.0,30.0,True,6.853299093186078,6.07073772800249,1.6094379124341003,3.4339872044851463,24.0,True,946.0,432.0,5.0,35.0,0.0,0.0,-5.0,0.0,-0.14953173397096364,9,6,176,0,1.2246467991473532e-16,-1.0,0.11371951458594969,-0.9935128947338007,6.853299093186078,3.4339872044851463,0.0,0.0,1,0.0,0.0,Stable,0.0,0.0,47,0.0,False,Stable
situation_20240625_0900_1774b4c6.pdf,2024-06-25,"Flood, Landslide",2686,,,,,,,,,,432.0,946.0,0.0,0.0,0.0,0.0,0.0,0.0,0.0,4.0,6.0,30.0,True,grand_total,900,2024-06-25 09:00:00,3,75.0,50.0,0.0,1,0,1,0,0,0,3.5,weather_forecast,0,0,,,,,,,,,,,1,0,0.0,0,0,0,0,353.0,early_warning,general_situation_report,retain,2024-06-25 09:00:00,623,1,1,24.0,2024-06-26 09:00:00,24.0,1478.0,561.0,4.0,30.0,True,6.853299093186078,6.07073772800249,1.6094379124341003,3.4339872044851463,24.0,True,946.0,432.0,4.0,30.0,0.0,0.0,0.0,0.0,0.0,9,6,177,1,1.2246467991473532e-16,-1.0,0.0966127018812031,-0.9953220513156602,7.2991214627108,3.4339872044851463,532.0,0.44582236952472165,1,0.0,0.0,Stable,0.0,0.0,46,0.0,False,Stable
situation_20240626_0900_1a5e15f0.pdf,2024-06-26,"Flood, Landslide, Strong Wind",4072,,,,,,,,,,561.0,1478.0,0.0,0.0,0.0,0.0,120.0,0.0,0.0,4.0,6.0,30.0,True,grand_total,900,2024-06-26 09:00:00,3,75.0,50.0,0.0,1,0,1,0,0,0,3.5,weather_forecast,0,0,,,,,,,,,,,1,1,1.0,2,0,0,2,17.0,early_warning,general_situation_report,retain,2024-06-26 09:00:00,624,1,1,24.0,2024-06-27 09:00:00,24.0,1344.0,405.0,3.0,24.0,True,7.2991214627108,6.331501849893691,1.6094379124341003,3.4339872044851463,24.0,True,946.0,432.0,4.0,30.0,532.0,129.0,0.0,0.44582236952472165,0.0,9,6,178,2,1.2246467991473532e-16,-1.0,0.07947729992362097,-0.9968366760893436,7.20414929203594,3.2188758248682006,-134.0,-0.0949721706748603,1,532.0,0.44582236952472165,Increasing,0.6304347826086957,0.8478260869565217,46,63.04347826086957,False,Normal Increase
situation_20240627_0900_08f7e456.pdf,2024-06-27,"Flood, Heavy Rain, Strong Wind",4922,,,,,,,,,,405.0,1344.0,1.0,1.0,0.0,0.0,141.0,0.0,0.0,3.0,5.0,24.0,True,grand_total,900,2024-06-27 09:00:00,3,50.0,50.0,0.0,1,1,1,0,0,0,3.5,weather_forecast,0,0,,,,,,,,,,,1,1,1.0,2,0,0,2,17.0,early_warning,general_situation_report,retain,2024-06-27 09:00:00,625,1,1,24.0,2024-06-28 09:00:00,24.0,1115.0,320.0,4.0,30.0,True,7.20414929203594,6.0063531596017325,1.3862943611198906,3.2188758248682006,24.0,True,1478.0,561.0,4.0,30.0,-134.0,-156.0,-6.0,-0.0949721706748603,-0.2151113796169457,9,6,179,3,1.2246467991473532e-16,-1.0,0.062318379354325076,-0.998056320853012,7.017506142941256,3.4339872044851463,-229.0,-0.18664314909468338,1,-134.0,-0.0949721706748603,Decreasing,0.0,0.0,46,0.0,False,Decrease
situation_20240628_0900_4908ca32.pdf,2024-06-28,"Flood, Landslide, Strong Wind",3554,,,,,,,,,,320.0,1115.0,1.0,1.0,0.0,9.0,4.0,0.0,0.0,4.0,6.0,30.0,True,grand_total,900,2024-06-28 09:00:00,3,,50.0,0.0,0,1,1,0,0,0,3.5,weather_forecast,0,0,,,,,,,,,,,1,0,0.0,0,0,0,0,41.0,early_warning,general_situation_report,retain,2024-06-28 09:00:00,626,1,1,24.0,2024-06-29 09:00:00,24.0,1115.0,320.0,4.0,30.0,True,7.017506142941256,5.771441123130016,1.6094379124341003,3.4339872044851463,24.0,True,1344.0,405.0,3.0,24.0,-229.0,-85.0,6.0,-0.18664314909468338,0.2151113796169457,9,6,180,4,1.2246467991473532e-16,-1.0,0.04514101777397193,-0.9989806246941579,7.017506142941256,3.4339872044851463,0.0,0.0,1,-229.0,-0.18664314909468338,Decreasing,0.0,0.0,46,0.0,False,Decrease
situation_20240629_0900_91a7507b.pdf,2024-06-29,"Flood, Landslide, Strong Wind",3552,,,,,,,,,,320.0,1115.0,1.0,1.0,0.0,9.0,4.0,0.0,0.0,4.0,6.0,30.0,True,grand_total,900,2024-06-29 09:00:00,3,,50.0,0.0,0,1,1,0,0,0,3.5,weather_forecast,0,0,,,,,,,,,,,1,0,0.0,0,0,0,0,65.0,early_warning,general_situation_report,retain,2024-06-29 09:00:00,627,1,1,24.0,2024-06-30 09:00:00,24.0,1133.0,346.0,4.0,38.0,True,7.017506142941256,5.771441123130016,1.6094379124341003,3.4339872044851463,24.0,True,1115.0,320.0,4.0,30.0,0.0,0.0,0.0,0.0,0.0,9,6,181,5,1.2246467991473532e-16,-1.0,0.02795029824021032,-0.999609314096404,7.033506484287697,3.6635616461296463,18.0,0.016000341346440905,1,0.0,0.0,Stable,0.0,0.0,46,0.0,False,Stable
situation_20240630_0900_996bdb11.pdf,2024-06-30,"Flood, Landslide, Strong Wind, Lightning",3335,,,,,,,,,,346.0,1133.0,1.0,1.0,0.0,0.0,15.0,0.0,0.0,4.0,8.0,38.0,True,grand_total,900,2024-06-30 09:00:00,2,,50.0,0.0,0,1,1,0,0,0,3.5,weather_forecast,0,0,,,,,,,,,,,1,0,0.0,0,0,0,0,89.0,early_warning,general_situation_report,retain,2024-06-30 09:00:00,628,1,1,24.0,2024-07-01 09:00:00,24.0,1115.0,334.0,4.0,38.0,True,7.033506484287697,5.849324779946859,1.6094379124341003,3.6635616461296463,24.0,True,1115.0,320.0,4.0,30.0,18.0,26.0,8.0,0.016000341346440905,0.22957444164450003,9,6,182,6,1.2246467991473532e-16,-1.0,0.01075130776352193,-0.9999422030204416,7.017506142941256,3.6635616461296463,-18.0,-0.016000341346440905,1,18.0,0.016000341346440905,Increasing,0.30434782608695654,0.4782608695652174,46,30.434782608695656,False,Normal Increase
situation_20240701_0900_85b74d9e.pdf,2024-07-01,"Flood, Landslide",2774,,,,,,,,,,334.0,1115.0,0.0,0.0,0.0,0.0,8.0,0.0,0.0,4.0,8.0,38.0,True,grand_total,900,2024-07-01 09:00:00,3,,50.0,0.0,0,1,1,0,0,0,3.5,weather_forecast,0,0,,,,,,,,,,,1,0,0.0,0,0,0,0,113.0,early_warning,general_situation_report,retain,2024-07-01 09:00:00,629,1,1,24.0,2024-07-02 09:00:00,24.0,1127.0,337.0,3.0,24.0,True,7.017506142941256,5.814130531825066,1.6094379124341003,3.6635616461296463,24.0,True,1133.0,346.0,4.0,38.0,-18.0,-12.0,0.0,-0.016000341346440905,0.0,9,7,183,0,-0.4999999999999997,-0.8660254037844388,-0.00645086419810515,-0.9999791929590823,7.028201432058005,3.2188758248682006,12.0,0.010695289116748441,1,-18.0,-0.016000341346440905,Decreasing,0.0,0.0,47,0.0,False,Decrease
situation_20240702_0900_63e487c5.pdf,2024-07-02,"Flood, Landslide, Strong Wind",3071,,,,,,,,,,337.0,1127.0,0.0,0.0,0.0,0.0,11.0,0.0,0.0,3.0,5.0,24.0,True,grand_total,900,2024-07-02 09:00:00,2,,50.0,0.0,0,1,1,0,0,0,17.0,weather_forecast,0,0,,,,,,,,,,,1,0,0.0,0,0,0,0,137.0,early_warning,general_situation_report,retain,2024-07-02 09:00:00,630,1,1,24.0,2024-07-03 09:00:00,24.0,745.0,242.0,3.0,24.0,True,7.028201432058005,5.823045895483019,1.3862943611198906,3.2188758248682006,24.0,True,1115.0,334.0,4.0,38.0,12.0,3.0,-14.0,0.010695289116748441,-0.44468582126144574,9,7,184,1,-0.4999999999999997,-0.8660254037844388,-0.023651127245231586,-0.9997202729664083,6.61472560020376,3.2188758248682006,-382.0,-0.4134758318542442,1,12.0,0.010695289116748441,Increasing,0.2127659574468085,0.3617021276595745,47,21.27659574468085,False,Normal Increase
situation_20240703_0900_36f90644.pdf,2024-07-03,"Flood, Strong Wind",3078,,,,,,,,,,242.0,745.0,0.0,0.0,0.0,0.0,3.0,0.0,0.0,3.0,5.0,24.0,True,grand_total,900,2024-07-03 09:00:00,3,50.0,50.0,0.0,1,1,1,0,0,0,3.5,weather_forecast,0,0,,,,,,,,,,,1,0,0.0,0,0,0,0,161.0,early_warning,general_situation_report,retain,2024-07-03 09:00:00,631,1,1,24.0,2024-07-04 09:00:00,24.0,769.0,248.0,4.0,40.0,True,6.61472560020376,5.493061443340548,1.3862943611198906,3.2188758248682006,24.0,True,1127.0,337.0,3.0,24.0,-382.0,-95.0,0.0,-0.4134758318542442,0.0,9,7,185,2,-0.4999999999999997,-0.8660254037844388,-0.04084439154329611,-0.9991655196610109,6.646390514847729,3.713572066704308,24.0,0.0316649146439687,1,-382.0,-0.4134758318542442,Decreasing,0.0,0.0,48,0.0,False,Decrease
situation_20240704_0900_b3db4e3f.pdf,2024-07-04,"Flood, Heavy Rain, Strong Wind",2954,,,,,,,,,,248.0,769.0,2.0,0.0,0.0,0.0,9.0,0.0,0.0,4.0,9.0,40.0,True,grand_total,900,2024-07-04 09:00:00,3,,50.0,0.0,0,1,1,0,0,0,3.5,weather_forecast,0,0,,,,,,,,,,,1,0,0.0,0,0,0,0,185.0,early_warning,general_situation_report,retain,2024-07-04 09:00:00,632,1,1,24.0,2024-07-05 09:00:00,24.0,777.0,249.0,1.0,16.0,True,6.646390514847729,5.517452896464707,1.6094379124341003,3.713572066704308,24.0,True,745.0,242.0,3.0,24.0,24.0,6.0,16.0,0.0316649146439687,0.4946962418361074,9,7,186,3,-0.4999999999999997,-0.8660254037844388,-0.05802556932878035,-0.9983150972033183,6.656726524178391,2.833213344056216,8.0,0.010336009330662144,1,24.0,0.0316649146439687,Increasing,0.3541666666666667,0.625,48,35.41666666666667,False,Normal Increase
situation_20240705_0900_c828471d.pdf,2024-07-05,Lightning,2968,,,,,,,,,,249.0,777.0,4.0,0.0,0.0,3.0,5.0,0.0,0.0,1.0,4.0,16.0,True,grand_total,900,2024-07-05 09:00:00,3,75.0,50.0,0.0,1,1,1,0,0,0,3.5,weather_forecast,0,0,,,,,,,,,,,1,0,0.0,0,0,0,0,209.0,early_warning,general_situation_report,retain,2024-07-05 09:00:00,633,1,1,24.0,2024-07-06 09:00:00,24.0,816.0,258.0,4.0,80.0,True,6.656726524178391,5.521460917862246,0.6931471805599453,2.833213344056216,24.0,True,769.0,248.0,4.0,40.0,8.0,1.0,-24.0,0.010336009330662144,-0.8803587226480918,9,7,187,4,-0.4999999999999997,-0.8660254037844388,-0.07518957641475855,-0.9971692572470178,6.705639094860003,4.394449154672439,39.0,0.04891257068161181,1,8.0,0.010336009330662144,Increasing,0.16326530612244897,0.3469387755102041,49,16.3265306122449,False,Normal Increase
situation_20240706_0900_d58b56f9.pdf,2024-07-06,"Flood, Heavy Rain, Strong Wind",3600,,,,,,,,,,258.0,816.0,3.0,0.0,0.0,0.0,13.0,0.0,0.0,4.0,16.0,80.0,True,grand_total,900,2024-07-06 09:00:00,5,100.0,50.0,2.0,1,1,1,0,0,0,3.5,weather_forecast,0,0,,,,,,,,,,,1,1,1.0,2,0,0,2,12.0,early_warning,general_situation_report,retain,2024-07-06 09:00:00,634,1,1,24.0,2024-07-08 09:00:00,48.0,794.0,252.0,5.0,84.0,True,6.705639094860003,5.556828061699537,1.6094379124341003,4.394449154672439,24.0,True,777.0,249.0,1.0,16.0,39.0,9.0,64.0,0.04891257068161181,1.561235810616223,9,7,188,5,-0.4999999999999997,-0.8660254037844388,-0.09233133369539122,-0.9957283388645872,6.678342114654332,4.442651256490317,-22.0,-0.027296980205671062,1,39.0,0.04891257068161181,Increasing,0.42,0.68,50,42.0,False,Normal Increase
situation_20240708_0900_e6349c2a.pdf,2024-07-08,Flood,3055,,,,,,,,,,252.0,794.0,2.0,0.0,0.0,0.0,9.0,0.0,0.0,5.0,17.0,84.0,True,grand_total,900,2024-07-08 09:00:00,4,100.0,50.0,2.0,1,1,1,0,0,0,3.5,weather_forecast,0,0,,,,,,,,,,,1,1,1.0,2,0,0,2,16.5,early_warning,general_situation_report,retain,2024-07-08 09:00:00,635,1,1,48.0,2024-07-09 09:00:00,24.0,732.0,239.0,5.0,84.0,True,6.678342114654332,5.53338948872752,1.791759469228055,4.442651256490317,48.0,True,816.0,258.0,4.0,80.0,-22.0,-6.0,4.0,-0.027296980205671062,0.04820210181787754,9,7,190,0,-0.4999999999999997,-0.8660254037844388,-0.12652781683868314,-0.9919630595773397,6.597145701886651,4.442651256490317,-62.0,-0.08119641276768075,1,-22.0,-0.027296980205671062,Decreasing,0.0,0.0,50,0.0,False,Decrease
situation_20240709_0900_c2d71f5c.pdf,2024-07-09,Flood,3038,,,,,,,,,,239.0,732.0,0.0,0.0,0.0,0.0,0.0,0.0,0.0,5.0,17.0,84.0,True,grand_total,900,2024-07-09 09:00:00,3,,50.0,0.0,0,1,1,0,0,0,3.5,weather_forecast,0,0,,,,,,,,,,,1,1,1.0,2,0,0,2,17.0,warning,general_situation_report,retain,2024-07-09 09:00:00,636,1,1,24.0,2024-07-10 09:00:00,24.0,732.0,239.0,4.0,81.0,True,6.597145701886651,5.480638923341991,1.791759469228055,4.442651256490317,24.0,True,794.0,252.0,5.0,84.0,-62.0,-13.0,0.0,-0.08119641276768075,0.0,9,7,191,1,-0.4999999999999997,-0.8660254037844388,-0.1435724234118113,-0.9896398128792412,6.597145701886651,4.406719247264253,0.0,0.0,1,-62.0,-0.08119641276768075,Decreasing,0.0,0.0,49,0.0,False,Decrease
situation_20240710_0900_69e0f02a.pdf,2024-07-10,Flood,3050,,,,,,,,,,239.0,732.0,0.0,0.0,0.0,0.0,0.0,0.0,0.0,4.0,16.0,81.0,True,grand_total,900,2024-07-10 09:00:00,3,,50.0,0.0,0,1,1,0,0,0,3.5,weather_forecast,0,0,,,,,,,,,,,1,0,0.0,0,0,0,0,41.0,warning,general_situation_report,retain,2024-07-10 09:00:00,637,1,1,24.0,2024-07-11 09:00:00,24.0,950.0,290.0,4.0,81.0,True,6.597145701886651,5.480638923341991,1.6094379124341003,4.406719247264253,24.0,True,732.0,239.0,5.0,84.0,0.0,0.0,-3.0,0.0,-0.03593200922606332,9,7,192,2,-0.4999999999999997,-0.8660254037844388,-0.16057454459499376,-0.9870237158387383,6.85751406254539,4.406719247264253,218.0,0.26036836065873903,1,0.0,0.0,Stable,0.0,0.0,49,0.0,False,Stable
situation_20240711_0900_4163262c.pdf,2024-07-11,"Flood, Heavy Rain, Strong Wind, Lightning",4249,,,,,,,,,,290.0,950.0,0.0,0.0,0.0,0.0,50.0,1.0,0.0,4.0,16.0,81.0,True,grand_total,900,2024-07-11 09:00:00,3,,50.0,0.0,0,1,1,0,0,0,3.5,weather_forecast,0,0,,,,,,,,,,,1,0,0.0,0,0,0,0,65.0,warning,general_situation_report,retain,2024-07-11 09:00:00,638,1,1,24.0,2024-07-12 09:00:00,24.0,26302.0,8372.0,4.0,81.0,True,6.85751406254539,5.673323267171493,1.6094379124341003,4.406719247264253,24.0,True,732.0,239.0,4.0,81.0,218.0,51.0,0.0,0.26036836065873903,0.0,9,7,193,3,-0.4999999999999997,-0.8660254037844388,-0.17752914918703497,-0.984115542601034,10.17743828010161,4.406719247264253,25352.0,3.3199242175562196,1,218.0,0.26036836065873903,Increasing,0.5416666666666666,0.8333333333333334,48,54.166666666666664,False,Normal Increase
situation_20240712_0900_cea907b5.pdf,2024-07-12,"Flood, Strong Wind, Lightning",3937,,,,,,,,,,8372.0,26302.0,0.0,0.0,0.0,0.0,15.0,0.0,0.0,4.0,16.0,81.0,True,grand_total,900,2024-07-12 09:00:00,3,50.0,50.0,0.0,1,1,1,0,0,0,3.5,weather_forecast,0,0,,,,,,,,,,,1,0,0.0,0,0,0,0,89.0,warning,general_situation_report,retain,2024-07-12 09:00:00,639,1,1,24.0,2024-07-13 09:00:00,24.0,26274.0,8367.0,3.0,37.0,True,10.17743828010161,9.032767522204432,1.6094379124341003,4.406719247264253,24.0,True,950.0,290.0,4.0,81.0,25352.0,8082.0,0.0,3.3199242175562196,0.0,9,7,194,4,-0.4999999999999997,-0.8660254037844388,-0.19443122004766195,-0.9809161537413774,10.176373195745152,3.6375861597263857,-28.0,-0.0010650843564583568,1,25352.0,3.3199242175562196,Increasing,0.9375,1.0,48,93.75,False,Normal Increase
situation_20240713_0900_586cffe6.pdf,2024-07-13,"Flood, Heavy Rain, Lightning",3096,,,,,,,,,,8367.0,26274.0,0.0,0.0,0.0,0.0,10.0,0.0,0.0,3.0,8.0,37.0,True,grand_total,900,2024-07-13 09:00:00,3,75.0,50.0,0.0,1,1,1,0,0,0,3.5,weather_forecast,0,0,,,,,,,,,,,1,0,0.0,0,0,0,0,113.0,warning,general_situation_report,retain,2024-07-13 09:00:00,640,1,1,24.0,2024-07-14 09:00:00,24.0,26255.0,8361.0,3.0,37.0,True,10.176373195745152,9.032170186304704,1.3862943611198906,3.6375861597263857,24.0,True,26302.0,8372.0,4.0,81.0,-28.0,-5.0,-44.0,-0.0010650843564583568,-0.7691330875378677,9,7,195,5,-0.4999999999999997,-0.8660254037844388,-0.2112757555821793,-0.9774264960104055,10.175649813329873,3.6375861597263857,-19.0,-0.000723382415278806,1,-28.0,-0.0010650843564583568,Decreasing,0.0,0.0,49,0.0,False,Decrease
situation_20240714_0900_5bcfe3c3.pdf,2024-07-14,"Flood, Strong Wind",3749,,,,,,,,,,8361.0,26255.0,0.0,0.0,2.0,0.0,4.0,0.0,0.0,3.0,8.0,37.0,True,grand_total,900,2024-07-14 09:00:00,4,100.0,55.0,2.0,1,1,1,0,0,0,3.5,weather_forecast,0,0,,,,,,,,,,,1,1,1.0,5,0,0,5,16.5,early_warning,general_situation_report,retain,2024-07-14 09:00:00,641,1,1,24.0,2024-07-15 09:00:00,24.0,26255.0,8361.0,3.0,37.0,True,10.175649813329873,9.03145291191651,1.3862943611198906,3.6375861597263857,24.0,True,26274.0,8367.0,3.0,37.0,-19.0,-6.0,0.0,-0.000723382415278806,0.0,9,7,196,6,-0.4999999999999997,-0.8660254037844388,-0.2280577712215198,-0.9736476020539838,10.175649813329873,3.6375861597263857,0.0,0.0,1,-19.0,-0.000723382415278806,Decreasing,0.0,0.0,49,0.0,False,Decrease
situation_20240715_0900_a882f5d8.pdf,2024-07-15,"Flood, Strong Wind",3753,,,,,,,,,,8361.0,26255.0,0.0,0.0,2.0,0.0,4.0,0.0,0.0,3.0,8.0,37.0,True,grand_total,900,2024-07-15 09:00:00,4,75.0,60.0,2.0,1,1,1,0,0,0,3.5,weather_forecast,0,0,,,,,,,,,,,1,1,1.0,5,0,0,5,17.0,early_warning,general_situation_report,retain,2024-07-15 09:00:00,642,1,1,24.0,2024-07-16 09:00:00,24.0,26550.0,8440.0,3.0,37.0,True,10.175649813329873,9.03145291191651,1.3862943611198906,3.6375861597263857,24.0,True,26255.0,8361.0,3.0,37.0,0.0,0.0,0.0,0.0,0.0,9,7,197,0,-0.4999999999999997,-0.8660254037844388,-0.24477230089725957,-0.9695805901076308,10.186822690744211,3.6375861597263857,295.0,0.0111728774143387,1,0.0,0.0,Stable,0.0,0.0,48,0.0,False,Stable
situation_20240716_0900_cfe9be87.pdf,2024-07-16,"Flood, Heavy Rain, Strong Wind",4900,,,,,,,,,,8440.0,26550.0,0.0,0.0,2.0,0.0,81.0,1.0,0.0,3.0,8.0,37.0,True,grand_total,900,2024-07-16 09:00:00,4,75.0,60.0,2.0,1,1,1,0,0,0,3.5,weather_forecast,0,0,,,,,,,,,,,1,1,1.0,5,0,0,5,17.0,early_warning,general_situation_report,retain,2024-07-16 09:00:00,643,1,1,24.0,2024-07-17 09:00:00,24.0,26452.0,8414.0,2.0,21.0,True,10.186822690744211,9.04085606398372,1.3862943611198906,3.6375861597263857,24.0,True,26255.0,8361.0,3.0,37.0,295.0,79.0,0.0,0.0111728774143387,0.0,9,7,198,1,-0.4999999999999997,-0.8660254037844388,-0.2614143985111562,-0.965226663665613,10.183124852404802,3.091042453358316,-98.0,-0.0036978383394092873,1,295.0,0.0111728774143387,Increasing,0.5833333333333334,0.3333333333333333,48,33.33333333333333,False,Normal Increase
situation_20240717_0900_9965bdaa.pdf,2024-07-17,"Flood, Strong Wind",4397,,,,,,,,,,8414.0,26452.0,0.0,1.0,2.0,0.0,53.0,1.0,0.0,2.0,4.0,21.0,True,grand_total,900,2024-07-17 09:00:00,4,50.0,60.0,2.0,1,1,1,0,0,0,3.5,weather_forecast,0,0,,,,,,,,,,,1,1,1.0,4,0,0,4,17.0,early_warning,general_situation_report,retain,2024-07-17 09:00:00,644,1,1,24.0,2024-07-18 09:00:00,24.0,26691.0,8476.0,2.0,21.0,True,10.183124852404802,9.037771106624906,1.0986122886681098,3.091042453358316,24.0,True,26550.0,8440.0,3.0,37.0,-98.0,-26.0,-16.0,-0.0036978383394092873,-0.5465437063680696,9,7,199,2,-0.4999999999999997,-0.8660254037844388,-0.2779791393987801,-0.9605871111248129,10.192119174023498,3.091042453358316,239.0,0.008994321618695622,1,-98.0,-0.0036978383394092873,Decreasing,0.0,0.0,48,0.0,False,Decrease
situation_20240718_0900_82f70f57.pdf,2024-07-18,"Flood, Strong Wind",4662,,,,,,,,,,8476.0,26691.0,0.0,0.0,2.0,0.0,110.0,0.0,0.0,2.0,4.0,21.0,True,grand_total,900,2024-07-18 09:00:00,4,50.0,60.0,2.0,1,1,1,0,0,0,3.5,strong_wind,0,0,,,,,,,,,,,1,1,1.0,4,0,0,4,17.0,early_warning,general_situation_report,retain,2024-07-18 09:00:00,645,1,1,24.0,2024-07-19 09:00:00,24.0,27127.0,8595.0,2.0,21.0,True,10.192119174023498,9.045111892608405,1.0986122886681098,3.091042453358316,24.0,True,26452.0,8414.0,2.0,21.0,239.0,62.0,0.0,0.008994321618695622,0.0,9,7,200,3,-0.4999999999999997,-0.8660254037844388,-0.2944616217868012,-0.9556633054034704,10.208321683805474,3.091042453358316,436.0,0.01620250978197646,1,239.0,0.008994321618695622,Increasing,0.5,0.2708333333333333,48,27.083333333333332,False,Normal Increase
situation_20240719_0900_0fde41dd.pdf,2024-07-19,"Flood, Strong Wind",4543,,,,,,,,,,8595.0,27127.0,0.0,0.0,2.0,0.0,228.0,0.0,0.0,2.0,4.0,21.0,True,grand_total,900,2024-07-19 09:00:00,4,,60.0,2.0,0,1,1,0,0,0,3.5,weather_forecast,0,0,,,,,,,,,,,1,0,0.0,0,0,0,0,41.0,early_warning,general_situation_report,retain,2024-07-19 09:00:00,646,1,1,24.0,2024-07-20 09:00:00,24.0,26522.0,8437.0,2.0,21.0,True,10.208321683805474,9.059052257762401,1.0986122886681098,3.091042453358316,24.0,True,26691.0,8476.0,2.0,21.0,436.0,119.0,0.0,0.01620250978197646,0.0,9,7,201,4,-0.4999999999999997,-0.8660254037844388,-0.3108569682435036,-0.9504567035349151,10.185767560073915,3.091042453358316,-605.0,-0.022554123731559628,1,436.0,0.01620250978197646,Increasing,0.6122448979591837,0.46938775510204084,49,46.93877551020408,False,Normal Increase
situation_20240720_0900_9123cadc.pdf,2024-07-20,"Flood, Strong Wind",3907,,,,,,,,,,8437.0,26522.0,0.0,1.0,2.0,1.0,68.0,1.0,2.0,2.0,4.0,21.0,True,grand_total,900,2024-07-20 09:00:00,4,,60.0,2.0,0,1,1,0,0,0,3.5,weather_forecast,0,0,,,,,,,,,,,1,0,0.0,0,0,0,0,65.0,early_warning,general_situation_report,retain,2024-07-20 09:00:00,647,1,1,24.0,2024-07-21 09:00:00,24.0,26357.0,8388.0,2.0,21.0,True,10.185767560073915,9.040500592684284,1.0986122886681098,3.091042453358316,24.0,True,27127.0,8595.0,2.0,21.0,-605.0,-158.0,0.0,-0.022554123731559628,0.0,9,7,202,5,-0.4999999999999997,-0.8660254037844388,-0.3271603271220951,-0.9449688462364056,10.179527113203834,3.091042453358316,-165.0,-0.006240446870080518,1,-605.0,-0.022554123731559628,Decreasing,0.0,0.0,50,0.0,False,Decrease
situation_20240721_0900_962945f6.pdf,2024-07-21,"Flood, Strong Wind",3396,,,,,,,,,,8388.0,26357.0,0.0,5.0,2.0,0.0,31.0,0.0,0.0,2.0,4.0,21.0,True,grand_total,900,2024-07-21 09:00:00,3,,55.0,0.0,0,0,1,0,0,0,3.5,weather_forecast,0,0,,,,,,,,,,,1,0,0.0,0,0,0,0,89.0,early_warning,general_situation_report,retain,2024-07-21 09:00:00,648,1,1,24.0,2024-07-22 09:00:00,24.0,26357.0,8388.0,2.0,21.0,True,10.179527113203834,9.034676602846295,1.0986122886681098,3.091042453358316,24.0,True,26522.0,8437.0,2.0,21.0,-165.0,-49.0,0.0,-0.006240446870080518,0.0,9,7,203,6,-0.4999999999999997,-0.8660254037844388,-0.34336687399638804,-0.939201357453208,10.179527113203834,3.091042453358316,0.0,0.0,1,-165.0,-0.006240446870080518,Decreasing,0.0,0.0,50,0.0,False,Decrease
situation_20240722_0900_e2ee6b99.pdf,2024-07-22,"Flood, Strong Wind",3379,,,,,,,,,,8388.0,26357.0,0.0,5.0,2.0,0.0,31.0,0.0,0.0,2.0,4.0,21.0,True,grand_total,900,2024-07-22 09:00:00,3,,55.0,0.0,0,0,1,0,0,0,3.5,weather_forecast,0,0,,,,,,,,,,,1,0,0.0,0,0,0,0,113.0,early_warning,general_situation_report,retain,2024-07-22 09:00:00,649,1,1,24.0,2024-07-23 09:00:00,24.0,27006.0,8553.0,2.0,21.0,True,10.179527113203834,9.034676602846295,1.0986122886681098,3.091042453358316,24.0,True,26357.0,8388.0,2.0,21.0,0.0,0.0,0.0,0.0,0.0,9,7,204,0,-0.4999999999999997,-0.8660254037844388,-0.3594718130884232,-0.9331559438780432,10.203851370643852,3.091042453358316,649.0,0.02432425744001776,1,0.0,0.0,Stable,0.0,0.0,49,0.0,False,Stable
situation_20240723_0900_2ecd2461.pdf,2024-07-23,"Flood, Strong Wind",3927,,,,,,,,,,8553.0,27006.0,0.0,5.0,3.0,0.0,192.0,3.0,0.0,2.0,4.0,21.0,True,grand_total,900,2024-07-23 09:00:00,3,,55.0,0.0,0,0,1,0,0,0,3.5,weather_forecast,0,0,,,,,,,,,,,1,0,0.0,0,0,0,0,137.0,early_warning,general_situation_report,retain,2024-07-23 09:00:00,650,1,1,24.0,2024-07-24 09:00:00,24.0,27533.0,8700.0,2.0,21.0,True,10.203851370643852,9.054154288786854,1.0986122886681098,3.091042453358316,24.0,True,26357.0,8388.0,2.0,21.0,649.0,165.0,0.0,0.02432425744001776,0.0,9,7,205,1,-0.4999999999999997,-0.8660254037844388,-0.3754703786876202,-0.9268343944460494,10.22317688362289,3.091042453358316,527.0,0.019325512979037285,1,649.0,0.02432425744001776,Increasing,0.7083333333333334,0.5,48,50.0,False,Normal Increase
situation_20240724_0900_1de81fa1.pdf,2024-07-24,"Flood, Strong Wind",3923,,,,,,,,,,8700.0,27533.0,0.0,6.0,2.0,0.0,331.0,3.0,0.0,2.0,4.0,21.0,True,grand_total,900,2024-07-24 09:00:00,2,,50.0,0.0,0,0,1,0,0,0,3.5,weather_forecast,0,0,,,,,,,,,,,1,0,0.0,0,0,0,0,161.0,early_warning,general_situation_report,retain,2024-07-24 09:00:00,651,1,1,24.0,2024-07-25 09:00:00,24.0,27755.0,8758.0,2.0,21.0,True,10.22317688362289,9.071193240566025,1.0986122886681098,3.091042453358316,24.0,True,27006.0,8553.0,2.0,21.0,527.0,147.0,0.0,0.019325512979037285,0.0,9,7,206,2,-0.4999999999999997,-0.8660254037844388,-0.3913578365610259,-0.9202385798054075,10.23120731201944,3.091042453358316,222.0,0.008030428396549993,1,527.0,0.019325512979037285,Increasing,0.6041666666666666,0.5,48,50.0,False,Normal Increase
situation_20240725_0900_58b518ad.pdf,2024-07-25,"Flood, Strong Wind",4523,,,,,,,,,,8758.0,27755.0,0.0,6.0,2.0,0.0,389.0,8.0,0.0,2.0,4.0,21.0,True,grand_total,900,2024-07-25 09:00:00,3,,50.0,0.0,0,0,1,0,0,0,3.5,weather_forecast,0,0,,,,,,,,,,,1,0,0.0,0,0,0,0,185.0,early_warning,general_situation_report,retain,2024-07-25 09:00:00,652,1,1,24.0,2024-07-26 09:00:00,24.0,27766.0,8762.0,2.0,21.0,True,10.23120731201944,9.07783702216309,1.0986122886681098,3.091042453358316,24.0,True,27533.0,8700.0,2.0,21.0,222.0,58.0,0.0,0.008030428396549993,0.0,9,7,207,3,-0.4999999999999997,-0.8660254037844388,-0.4071294853542516,-0.9133704517637858,10.231603544216687,3.091042453358316,11.0,0.00039623219724838066,1,222.0,0.008030428396549993,Increasing,0.4791666666666667,0.25,48,25.0,False,Normal Increase
situation_20240726_0900_648d1c8c.pdf,2024-07-26,"Flood, Strong Wind",4710,,,,,,,,,,8762.0,27766.0,0.0,6.0,3.0,0.0,392.0,8.0,0.0,2.0,4.0,21.0,True,grand_total,900,2024-07-26 09:00:00,3,,55.0,0.0,0,0,1,0,0,0,3.5,weather_forecast,0,0,,,,,,,,,,,1,0,0.0,0,0,0,0,209.0,early_warning,general_situation_report,retain,2024-07-26 09:00:00,653,1,1,24.0,2024-07-27 09:00:00,24.0,26238.0,8357.0,2.0,21.0,True,10.231603544216687,9.07829359105585,1.0986122886681098,3.091042453358316,24.0,True,27755.0,8758.0,2.0,21.0,11.0,4.0,0.0,0.00039623219724838066,0.0,9,7,208,4,-0.4999999999999997,-0.8660254037844388,-0.4227806579826773,-0.9062320427107697,10.175002132575733,3.091042453358316,-1528.0,-0.05660141164095478,1,11.0,0.00039623219724838066,Increasing,0.10204081632653061,0.04081632653061224,49,4.081632653061225,False,Normal Increase
situation_20240727_0900_f9179c87.pdf,2024-07-27,Flood,3123,,,,,,,,,,8357.0,26238.0,0.0,0.0,2.0,0.0,0.0,0.0,0.0,2.0,4.0,21.0,True,grand_total,900,2024-07-27 09:00:00,3,,55.0,0.0,0,0,1,0,0,0,3.5,weather_forecast,0,0,,,,,,,,,,,1,0,0.0,0,0,0,0,233.0,early_warning,general_situation_report,retain,2024-07-27 09:00:00,654,1,1,24.0,2024-07-28 09:00:00,24.0,26238.0,8357.0,2.0,21.0,True,10.175002132575733,9.03097444300786,1.0986122886681098,3.091042453358316,24.0,True,27766.0,8762.0,2.0,21.0,-1528.0,-405.0,0.0,-0.05660141164095478,0.0,9,7,209,5,-0.4999999999999997,-0.8660254037844388,-0.4383067230125192,-0.898825465016444,10.175002132575733,3.091042453358316,0.0,0.0,1,-1528.0,-0.05660141164095478,Decreasing,0.0,0.0,49,0.0,False,Decrease
situation_20240728_0900_b4f77b4c.pdf,2024-07-28,Flood,3133,,,,,,,,,,8357.0,26238.0,0.0,0.0,2.0,0.0,0.0,0.0,0.0,2.0,4.0,21.0,True,grand_total,900,2024-07-28 09:00:00,3,,55.0,0.0,0,0,1,0,0,0,3.5,weather_forecast,0,0,,,,,,,,,,,1,0,0.0,0,0,0,0,257.0,early_warning,general_situation_report,retain,2024-07-28 09:00:00,655,1,1,24.0,2024-07-29 09:00:00,24.0,26243.0,8358.0,2.0,21.0,True,10.175002132575733,9.03097444300786,1.0986122886681098,3.091042453358316,24.0,True,26238.0,8357.0,2.0,21.0,0.0,0.0,0.0,0.0,0.0,9,7,210,6,-0.4999999999999997,-0.8660254037844388,-0.45370308603134424,-0.8911529104063088,10.175192670464767,3.091042453358316,5.0,0.00019053788903455882,1,0.0,0.0,Stable,0.0,0.0,48,0.0,False,Stable
situation_20240729_0900_e6425f74.pdf,2024-07-29,"Flood, Strong Wind",3394,,,,,,,,,,8358.0,26243.0,0.0,0.0,2.0,0.0,1.0,0.0,0.0,2.0,4.0,21.0,True,grand_total,900,2024-07-29 09:00:00,3,50.0,55.0,0.0,1,0,1,0,0,0,3.5,weather_forecast,0,0,,,,,,,,,,,1,0,0.0,0,0,0,0,281.0,early_warning,general_situation_report,retain,2024-07-29 09:00:00,656,1,1,24.0,2024-07-30 09:00:00,24.0,26336.0,8384.0,2.0,21.0,True,10.175192670464767,9.031094081699155,1.0986122886681098,3.091042453358316,24.0,True,26238.0,8357.0,2.0,21.0,5.0,1.0,0.0,0.00019053788903455882,0.0,9,7,211,0,-0.4999999999999997,-0.8660254037844388,-0.46896519100763184,-0.8832166493127127,10.178730073594318,3.091042453358316,93.0,0.0035374031295507535,1,5.0,0.00019053788903455882,Increasing,0.0425531914893617,0.0,47,0.0,False,Normal Increase
situation_20240730_0900_a4a6b4cf.pdf,2024-07-30,"Flood, Strong Wind",3855,,,,,,,,,,8384.0,26336.0,0.0,0.0,2.0,0.0,27.0,3.0,0.0,2.0,4.0,21.0,True,grand_total,900,2024-07-30 09:00:00,5,100.0,55.0,2.0,1,1,1,0,0,0,3.5,weather_forecast,0,0,,,,,,,,,,,1,0,0.0,0,0,0,0,305.0,early_warning,general_situation_report,retain,2024-07-30 09:00:00,657,1,1,24.0,2024-07-31 09:00:00,24.0,26401.0,8398.0,2.0,21.0,True,10.178730073594318,9.034199674257309,1.0986122886681098,3.091042453358316,24.0,True,26243.0,8358.0,2.0,21.0,93.0,26.0,0.0,0.0035374031295507535,0.0,9,7,212,1,-0.4999999999999997,-0.8660254037844388,-0.48408852163897587,-0.8750190302029955,10.181195043840704,3.091042453358316,65.0,0.0024649702463861445,1,93.0,0.0035374031295507535,Increasing,0.3958333333333333,0.20833333333333334,48,20.833333333333336,False,Normal Increase
situation_20240731_0900_38107cf4.pdf,2024-07-31,"Flood, Strong Wind",4236,,,,,,,,,,8398.0,26401.0,0.0,0.0,2.0,0.0,40.0,0.0,1.0,2.0,4.0,21.0,True,grand_total,900,2024-07-31 09:00:00,4,50.0,55.0,3.0,1,1,1,0,0,0,3.5,weather_forecast,0,0,,,,,,,,,,,1,0,0.0,0,0,0,0,329.0,early_warning,general_situation_report,retain,2024-07-31 09:00:00,658,1,1,24.0,2024-08-01 09:00:00,24.0,26473.0,8423.0,2.0,21.0,True,10.181195043840704,9.035867930125628,1.0986122886681098,3.091042453358316,24.0,True,26336.0,8384.0,2.0,21.0,65.0,14.0,0.0,0.0024649702463861445,0.0,9,7,213,2,-0.4999999999999997,-0.8660254037844388,-0.4990686026885319,-0.8665624788845385,10.183918398273716,3.091042453358316,72.0,0.002723354433012304,1,65.0,0.0024649702463861445,Increasing,0.3541666666666667,0.1875,48,18.75,False,Normal Increase
situation_20240801_0900_09225274.pdf,2024-08-01,"Flood, Strong Wind",4105,,,,,,,,,,8423.0,26473.0,0.0,0.0,2.0,0.0,54.0,6.0,1.0,2.0,4.0,21.0,True,grand_total,900,2024-08-01 09:00:00,3,50.0,55.0,0.0,1,1,1,0,0,0,3.5,weather_forecast,0,0,,,,,,,,,,,1,0,0.0,0,0,0,0,353.0,early_warning,general_situation_report,retain,2024-08-01 09:00:00,659,1,1,24.0,2024-08-02 09:00:00,24.0,26985.0,8548.0,2.0,21.0,True,10.183918398273716,9.03884005381381,1.0986122886681098,3.091042453358316,24.0,True,26401.0,8398.0,2.0,21.0,72.0,25.0,0.0,0.002723354433012304,0.0,9,8,214,3,-0.8660254037844385,-0.5000000000000004,-0.5139010013093103,-0.8578494977869301,10.203073491990732,3.091042453358316,512.0,0.01915509371701596,1,72.0,0.002723354433012304,Increasing,0.3877551020408163,0.22448979591836735,49,22.448979591836736,False,Normal Increase
situation_20240802_0900_7a6dc101.pdf,2024-08-02,"Flood, Strong Wind",4151,,,,,,,,,,8548.0,26985.0,0.0,1.0,2.0,0.0,26.0,1.0,0.0,2.0,4.0,21.0,True,grand_total,900,2024-08-02 09:00:00,3,,55.0,0.0,0,1,1,0,0,0,3.5,weather_forecast,0,0,,,,,,,,,,,1,0,0.0,0,0,0,0,377.0,early_warning,general_situation_report,retain,2024-08-02 09:00:00,660,1,1,24.0,2024-08-03 09:00:00,24.0,26899.0,8523.0,2.0,21.0,True,10.203073491990732,9.053569596026234,1.0986122886681098,3.091042453358316,24.0,True,26473.0,8423.0,2.0,21.0,512.0,125.0,0.0,0.01915509371701596,0.0,9,8,215,4,-0.8660254037844385,-0.5000000000000004,-0.5285813283559292,-0.8488826652214553,10.19988156558993,3.091042453358316,-86.0,-0.0031919264008024584,1,512.0,0.01915509371701596,Increasing,0.68,0.58,50,57.99999999999999,False,Normal Increase
situation_20240803_0900_0b8c2ef9.pdf,2024-08-03,Flood,3567,,,,,,,,,,8523.0,26899.0,0.0,0.0,2.0,0.0,2.0,0.0,0.0,2.0,4.0,21.0,True,grand_total,900,2024-08-03 09:00:00,3,,50.0,0.0,0,1,1,0,0,0,3.5,weather_forecast,0,0,,,,,,,,,,,1,0,0.0,0,0,0,0,401.0,early_warning,general_situation_report,retain,2024-08-03 09:00:00,661,1,1,24.0,2024-08-04 09:00:00,24.0,26894.0,8521.0,2.0,21.0,True,10.19988156558993,9.050640993218508,1.0986122886681098,3.091042453358316,24.0,True,26985.0,8548.0,2.0,21.0,-86.0,-25.0,0.0,-0.0031919264008024584,0.0,9,8,216,5,-0.8660254037844385,-0.5000000000000004,-0.5431052396834317,-0.8396646346181327,10.199695674707343,3.091042453358316,-5.0,-0.00018589088258735842,1,-86.0,-0.0031919264008024584,Decreasing,0.0,0.0,51,0.0,False,Decrease
situation_20240804_0900_76f71783.pdf,2024-08-04,Flood,3431,,,,,,,,,,8521.0,26894.0,0.0,0.0,2.0,0.0,0.0,0.0,0.0,2.0,4.0,21.0,True,grand_total,900,2024-08-04 09:00:00,3,50.0,40.0,0.0,1,1,1,0,0,0,3.5,weather_forecast,0,0,,,,,,,,,,,1,0,0.0,0,0,0,0,425.0,early_warning,general_situation_report,retain,2024-08-04 09:00:00,662,1,1,24.0,2024-08-05 09:00:00,24.0,26894.0,8521.0,2.0,21.0,True,10.199695674707343,9.050406334059858,1.0986122886681098,3.091042453358316,24.0,True,26899.0,8523.0,2.0,21.0,-5.0,-2.0,0.0,-0.00018589088258735842,0.0,9,8,217,6,-0.8660254037844385,-0.5000000000000004,-0.5574684374327892,-0.8301981337405212,10.199695674707343,3.091042453358316,0.0,0.0,1,-5.0,-0.00018589088258735842,Decreasing,0.0,0.0,50,0.0,False,Decrease
situation_20240805_0900_e4ae9673.pdf,2024-08-05,Flood,3408,,,,,,,,,,8521.0,26894.0,0.0,0.0,2.0,0.0,0.0,0.0,0.0,2.0,4.0,21.0,True,grand_total,900,2024-08-05 09:00:00,3,75.0,,0.0,1,1,0,0,0,0,3.5,weather_forecast,0,0,,,,,,,,,,,1,0,0.0,0,0,0,0,449.0,early_warning,general_situation_report,retain,2024-08-05 09:00:00,663,1,1,24.0,2024-08-06 09:00:00,24.0,26928.0,8529.0,2.0,21.0,True,10.199695674707343,9.050406334059858,1.0986122886681098,3.091042453358316,24.0,True,26894.0,8521.0,2.0,21.0,0.0,0.0,0.0,0.0,0.0,9,8,218,0,-0.8660254037844385,-0.5000000000000004,-0.5716666713027052,-0.8204859638785327,10.200959051807608,3.091042453358316,34.0,0.0012633771002654726,1,0.0,0.0,Stable,0.0,0.0,50,0.0,False,Stable
situation_20240806_0900_95961225.pdf,2024-08-06,"Flood, Strong Wind",3868,,,,,,,,,,8529.0,26928.0,0.0,0.0,2.0,0.0,8.0,0.0,0.0,2.0,4.0,21.0,True,grand_total,900,2024-08-06 09:00:00,4,50.0,,2.0,1,1,0,0,0,0,3.5,weather_forecast,0,0,,,,,,,,,,,1,0,0.0,0,0,0,0,473.0,early_warning,general_situation_report,retain,2024-08-06 09:00:00,664,1,1,24.0,2024-08-07 09:00:00,24.0,27121.0,8589.0,2.0,21.0,True,10.200959051807608,9.051344640485725,1.0986122886681098,3.091042453358316,24.0,True,26894.0,8521.0,2.0,21.0,34.0,8.0,0.0,0.0012633771002654726,0.0,9,8,219,1,-0.8660254037844385,-0.5000000000000004,-0.5856957398073508,-0.8105309990194823,10.20810048564789,3.091042453358316,193.0,0.007141433840281763,1,34.0,0.0012633771002654726,Increasing,0.3,0.18,50,18.0,False,Normal Increase
situation_20240807_0900_1241109e.pdf,2024-08-07,"Flood, Strong Wind, Lightning",4328,,,,,,,,,,8589.0,27121.0,0.0,0.0,2.0,0.0,68.0,0.0,0.0,2.0,4.0,21.0,True,grand_total,900,2024-08-07 09:00:00,3,50.0,,0.0,1,1,0,0,0,0,3.5,weather_forecast,0,0,,,,,,,,,,,1,0,0.0,0,0,0,0,497.0,early_warning,general_situation_report,retain,2024-08-07 09:00:00,665,1,1,24.0,2024-08-09 09:00:00,48.0,26898.0,8522.0,2.0,21.0,True,10.20810048564789,9.0583540149783,1.0986122886681098,3.091042453358316,24.0,True,26928.0,8529.0,2.0,21.0,193.0,60.0,0.0,0.007141433840281763,0.0,9,8,220,2,-0.8660254037844385,-0.5000000000000004,-0.5995514915196489,-0.8003361849976323,10.199844390177743,3.091042453358316,-223.0,-0.008256095470146718,1,193.0,0.007141433840281763,Increasing,0.5098039215686274,0.3333333333333333,51,33.33333333333333,False,Normal Increase
situation_20240809_0900_71388024.pdf,2024-08-09,Flood,3444,,,,,,,,,,8522.0,26898.0,0.0,0.0,2.0,0.0,1.0,0.0,0.0,2.0,4.0,21.0,True,grand_total,900,2024-08-09 09:00:00,3,50.0,,0.0,1,1,0,0,0,0,3.5,weather_forecast,0,0,,,,,,,,,,,1,0,0.0,0,0,0,0,545.0,early_warning,general_situation_report,retain,2024-08-09 09:00:00,666,1,1,48.0,2024-08-10 09:00:00,24.0,26915.0,8527.0,2.0,21.0,True,10.199844390177743,9.050523670522297,1.0986122886681098,3.091042453358316,48.0,True,27121.0,8589.0,2.0,21.0,-223.0,-67.0,0.0,-0.008256095470146718,0.0,9,8,222,4,-0.8660254037844385,-0.5000000000000004,-0.6267266965083301,-0.7792391467859886,10.200476184308208,3.091042453358316,17.0,0.000631794130464769,1,-223.0,-0.008256095470146718,Decreasing,0.0,0.0,51,0.0,False,Decrease
situation_20240810_0900_2d0ac62d.pdf,2024-08-10,"Flood, Strong Wind",4203,,,,,,,,,,8527.0,26915.0,1.0,0.0,2.0,0.0,6.0,0.0,0.0,2.0,4.0,21.0,True,grand_total,900,2024-08-10 09:00:00,3,50.0,,0.0,1,1,0,0,0,0,3.5,weather_forecast,0,0,,,,,,,,,,,1,0,0.0,0,0,0,0,569.0,early_warning,general_situation_report,retain,2024-08-10 09:00:00,667,1,1,24.0,2024-08-11 09:00:00,24.0,26894.0,8521.0,2.0,21.0,True,10.200476184308208,9.051110146405625,1.0986122886681098,3.091042453358316,24.0,True,26898.0,8522.0,2.0,21.0,17.0,5.0,0.0,0.000631794130464769,0.0,9,8,223,5,-0.8660254037844385,-0.5000000000000004,-0.6400381082043503,-0.7683431655492202,10.199695674707343,3.091042453358316,-21.0,-0.0007805096008652868,1,17.0,0.000631794130464769,Increasing,0.22,0.12,50,12.0,False,Normal Increase
situation_20240811_0900_559426b1.pdf,2024-08-11,Flood,3363,,,,,,,,,,8521.0,26894.0,0.0,0.0,2.0,0.0,0.0,0.0,0.0,2.0,4.0,21.0,True,grand_total,900,2024-08-11 09:00:00,3,75.0,,0.0,1,1,0,0,0,0,3.5,weather_forecast,0,0,,,,,,,,,,,1,0,0.0,0,0,0,0,593.0,early_warning,general_situation_report,retain,2024-08-11 09:00:00,668,1,1,24.0,2024-08-12 09:00:00,24.0,26894.0,8521.0,1.0,17.0,True,10.199695674707343,9.050406334059858,1.0986122886681098,3.091042453358316,24.0,True,26915.0,8527.0,2.0,21.0,-21.0,-6.0,0.0,-0.0007805096008652868,0.0,9,8,224,6,-0.8660254037844385,-0.5000000000000004,-0.65316012232693,-0.7572198192083127,10.199695674707343,2.8903717578961645,0.0,0.0,1,-21.0,-0.0007805096008652868,Decreasing,0.0,0.0,51,0.0,False,Decrease
situation_20240812_0900_92d0fc59.pdf,2024-08-12,Flood,3302,,,,,,,,,,8521.0,26894.0,0.0,0.0,1.0,0.0,0.0,0.0,0.0,1.0,3.0,17.0,True,grand_total,900,2024-08-12 09:00:00,3,100.0,,0.0,1,1,0,0,0,0,3.25,weather_forecast,0,0,,,,,,,,,,,1,0,0.0,0,0,0,0,617.0,early_warning,general_situation_report,retain,2024-08-12 09:00:00,669,1,1,24.0,2024-08-13 09:00:00,24.0,26907.0,8525.0,1.0,17.0,True,10.199695674707343,9.050406334059858,0.6931471805599453,2.8903717578961645,24.0,True,26894.0,8521.0,2.0,21.0,0.0,0.0,-4.0,0.0,-0.20067069546215155,9,8,225,0,-0.8660254037844385,-0.5000000000000004,-0.666088855860977,-0.7458723993404063,10.200178919145497,2.8903717578961645,13.0,0.0004832444381541734,1,0.0,0.0,Stable,0.0,0.0,51,0.0,False,Stable
situation_20240813_0900_855a472b.pdf,2024-08-13,"Flood, Strong Wind, Lightning",4025,,,,,,,,,,8525.0,26907.0,0.0,0.0,1.0,0.0,4.0,4.0,0.0,1.0,3.0,17.0,True,grand_total,900,2024-08-13 09:00:00,5,100.0,,2.0,1,1,0,0,0,0,3.5,weather_forecast,0,0,,,,,,,,,,,1,0,0.0,0,0,0,0,641.0,early_warning,general_situation_report,retain,2024-08-13 09:00:00,670,1,1,24.0,2024-08-14 09:00:00,24.0,26894.0,8521.0,1.0,17.0,True,10.200178919145497,9.050875597325156,0.6931471805599453,2.8903717578961645,24.0,True,26894.0,8521.0,1.0,17.0,13.0,4.0,0.0,0.0004832444381541734,0.0,9,8,226,1,-0.8660254037844385,-0.5000000000000004,-0.6788204829862355,-0.734304263829602,10.199695674707343,2.8903717578961645,-13.0,-0.0004832444381541734,1,13.0,0.0004832444381541734,Increasing,0.18,0.12,50,12.0,False,Normal Increase
situation_20240814_0900_0fa15ad8.pdf,2024-08-14,Flood,3373,,,,,,,,,,8521.0,26894.0,0.0,0.0,1.0,0.0,0.0,0.0,0.0,1.0,3.0,17.0,True,grand_total,900,2024-08-14 09:00:00,3,75.0,40.0,0.0,1,1,1,0,0,0,3.5,weather_forecast,0,0,,,,,,,,,,,1,0,0.0,0,0,0,0,665.0,early_warning,general_situation_report,retain,2024-08-14 09:00:00,671,1,1,24.0,2024-08-15 09:00:00,24.0,26906.0,8524.0,1.0,17.0,True,10.199695674707343,9.050406334059858,0.6931471805599453,2.8903717578961645,24.0,True,26907.0,8525.0,1.0,17.0,-13.0,-4.0,0.0,-0.0004832444381541734,0.0,9,8,227,2,-0.8660254037844385,-0.5000000000000004,-0.6913512362094071,-0.722518835873311,10.200141754786113,2.8903717578961645,12.0,0.00044608007877044997,1,-13.0,-0.0004832444381541734,Decreasing,0.0,0.0,51,0.0,False,Decrease
situation_20240815_0900_bb09ff69.pdf,2024-08-15,Flood,3592,,,,,,,,,,8524.0,26906.0,0.0,0.0,1.0,0.0,3.0,0.0,0.0,1.0,3.0,17.0,True,grand_total,900,2024-08-15 09:00:00,3,,,0.0,0,1,0,0,0,0,3.5,weather_forecast,0,0,,,,,,,,,,,1,0,0.0,0,0,0,0,689.0,early_warning,general_situation_report,retain,2024-08-15 09:00:00,672,1,1,24.0,2024-08-16 09:00:00,24.0,26894.0,8521.0,1.0,17.0,True,10.200141754786113,9.050758302151717,0.6931471805599453,2.8903717578961645,24.0,True,26894.0,8521.0,1.0,17.0,12.0,3.0,0.0,0.00044608007877044997,0.0,9,8,228,3,-0.8660254037844385,-0.5000000000000004,-0.7036774074790128,-0.7105196029692745,10.199695674707343,2.8903717578961645,-12.0,-0.00044608007877044997,1,12.0,0.00044608007877044997,Increasing,0.1568627450980392,0.0784313725490196,51,7.8431372549019605,False,Normal Increase
situation_20240816_0900_aa71592e.pdf,2024-08-16,Flood,3371,,,,,,,,,,8521.0,26894.0,0.0,0.0,1.0,0.0,0.0,0.0,0.0,1.0,3.0,17.0,True,grand_total,900,2024-08-16 09:00:00,3,100.0,,0.0,1,1,0,0,0,0,3.5,weather_forecast,0,0,,,,,,,,,,,1,0,0.0,0,0,0,0,713.0,early_warning,general_situation_report,retain,2024-08-16 09:00:00,673,1,1,24.0,2024-08-17 09:00:00,24.0,26898.0,8522.0,1.0,17.0,True,10.199695674707343,9.050406334059858,0.6931471805599453,2.8903717578961645,24.0,True,26906.0,8524.0,1.0,17.0,-12.0,-3.0,0.0,-0.00044608007877044997,0.0,9,8,229,4,-0.8660254037844385,-0.5000000000000004,-0.7157953492826642,-0.6983101158835584,10.199844390177743,2.8903717578961645,4.0,0.0001487154704005178,1,-12.0,-0.00044608007877044997,Decreasing,0.0,0.0,51,0.0,False,Decrease
situation_20240817_0900_8f7bd8ba.pdf,2024-08-17,"Flood, Strong Wind",3625,,,,,,,,,,8522.0,26898.0,0.0,0.0,1.0,1.0,0.0,0.0,0.0,1.0,3.0,17.0,True,grand_total,900,2024-08-17 09:00:00,6,150.0,,3.0,1,1,0,0,0,0,3.5,weather_forecast,0,0,,,,,,,,,,,1,1,2.0,4,4,0,5,3.5,early_warning,general_situation_report,retain,2024-08-17 09:00:00,674,1,1,24.0,2024-08-18 09:00:00,24.0,27642.0,8717.0,2.0,21.0,True,10.199844390177743,9.050523670522297,0.6931471805599453,2.8903717578961645,24.0,True,26894.0,8521.0,1.0,17.0,4.0,1.0,0.0,0.0001487154704005178,0.0,9,8,230,5,-0.8660254037844385,-0.5000000000000004,-0.7277014757264236,-0.6858939875998223,10.227127810341964,3.091042453358316,744.0,0.027283420164220473,1,4.0,0.0001487154704005178,Increasing,0.0392156862745098,0.0,51,0.0,False,Normal Increase
situation_20240818_0900_5ce64632.pdf,2024-08-18,"Flood, Heavy Rain, Strong Wind",4124,,,,,,,,,,8717.0,27642.0,0.0,2.0,1.0,1.0,158.0,0.0,0.0,2.0,5.0,21.0,True,grand_total,900,2024-08-18 09:00:00,4,150.0,40.0,3.0,1,1,1,0,0,0,3.5,weather_forecast,0,0,,,,,,,,,,,1,1,3.0,5,5,2,6,13.0,early_warning,general_situation_report,retain,2024-08-18 09:00:00,675,1,1,24.0,2024-08-19 09:00:00,24.0,27858.0,8779.0,1.0,17.0,True,10.227127810341964,9.073145132798338,1.0986122886681098,3.091042453358316,24.0,True,26898.0,8522.0,1.0,17.0,744.0,195.0,4.0,0.027283420164220473,0.20067069546215155,9,8,231,6,-0.8660254037844385,-0.5000000000000004,-0.7393922635959241,-0.673274892250183,10.234911352935114,2.8903717578961645,216.0,0.007783542593150727,1,744.0,0.027283420164220473,Increasing,0.7843137254901961,0.6862745098039216,51,68.62745098039215,False,Normal Increase
situation_20240819_0900_2618b10d.pdf,2024-08-19,"Flood, Heavy Rain, Strong Wind",4302,,,,,,,,,,8779.0,27858.0,0.0,2.0,1.0,1.0,172.0,0.0,0.0,1.0,3.0,17.0,True,grand_total,900,2024-08-19 09:00:00,3,75.0,40.0,0.0,1,1,1,0,0,0,3.5,weather_forecast,0,0,,,,,,,,,,,1,1,3.0,6,5,2,7,17.0,warning,general_situation_report,retain,2024-08-19 09:00:00,676,1,1,24.0,2024-08-20 09:00:00,24.0,30136.0,9438.0,0.0,0.0,True,10.234911352935114,9.080231686629162,0.6931471805599453,2.8903717578961645,24.0,True,27642.0,8717.0,2.0,21.0,216.0,62.0,-4.0,0.007783542593150727,-0.20067069546215155,9,8,232,0,-0.8660254037844385,-0.5000000000000004,-0.7508642533989489,-0.6604565640279754,10.313508931725504,0.0,2278.0,0.07859757879039009,0,216.0,0.007783542593150727,Increasing,0.5384615384615384,0.38461538461538464,52,38.46153846153847,False,Normal Increase
situation_20240820_0900_cac1579b.pdf,2024-08-20,"Flood, Landslide, Heavy Rain, Strong Wind",4547,,,,,,,,,,9438.0,30136.0,0.0,2.0,1.0,1.0,179.0,0.0,0.0,0.0,0.0,0.0,True,grand_total,900,2024-08-20 09:00:00,4,75.0,40.0,0.0,1,1,1,0,0,0,3.5,weather_forecast,0,0,,,,,,,,,,,1,1,3.0,6,5,2,7,17.0,early_warning,general_situation_report,retain,2024-08-20 09:00:00,677,1,1,24.0,2024-08-21 09:00:00,24.0,30424.0,9525.0,0.0,0.0,True,10.313508931725504,9.152605321324945,0.0,0.0,24.0,True,27858.0,8779.0,1.0,17.0,2278.0,659.0,-17.0,0.07859757879039009,-2.8903717578961645,9,8,233,1,-0.8660254037844385,-0.5000000000000004,-0.7621140503891487,-0.6474427960827475,10.323019917855728,0.0,288.0,0.009510986130223387,0,2278.0,0.07859757879039009,Increasing,0.8461538461538461,0.7884615384615384,52,78.84615384615384,False,Normal Increase
situation_20240821_0900_86a94651.pdf,2024-08-21,"Flood, Landslide, Heavy Rain, Strong Wind",5610,,,,,,,,,,9525.0,30424.0,2.0,1.0,1.0,1.0,221.0,5.0,0.0,0.0,0.0,0.0,True,grand_total,900,2024-08-21 09:00:00,5,100.0,40.0,2.0,1,1,1,0,0,0,3.5,weather_forecast,0,0,,,,,,,,,,,1,1,2.0,6,3,0,6,17.0,warning,general_situation_report,retain,2024-08-21 09:00:00,678,1,1,24.0,2024-08-22 09:00:00,24.0,39124.0,11929.0,2.0,51.0,True,10.323019917855728,9.161780181360806,0.0,0.0,24.0,True,30136.0,9438.0,0.0,0.0,288.0,87.0,0.0,0.009510986130223387,0.0,9,8,234,2,-0.8660254037844385,-0.5000000000000004,-0.7731383255706026,-0.6342374393978054,10.574516927842454,3.9512437185814275,8700.0,0.25149700998672664,1,288.0,0.009510986130223387,Increasing,0.5849056603773585,0.41509433962264153,53,41.509433962264154,False,Normal Increase
situation_20240822_0900_4b9e5aab.pdf,2024-08-22,"Flood, Landslide, Heavy Rain, Strong Wind, Lightning",6627,,,,,,,,,,11929.0,39124.0,3.0,2.0,1.0,0.0,132.0,5.0,0.0,2.0,16.0,51.0,True,grand_total,900,2024-08-22 09:00:00,4,100.0,40.0,2.0,1,1,1,0,0,0,3.5,weather_forecast,0,0,,,,,,,,,,,1,1,2.0,5,4,0,6,17.0,early_warning,general_situation_report,retain,2024-08-22 09:00:00,679,1,1,24.0,2024-08-23 09:00:00,24.0,40450.0,12312.0,3.0,72.0,True,10.574516927842454,9.386811515091962,1.0986122886681098,3.9512437185814275,24.0,True,30424.0,9525.0,0.0,0.0,8700.0,2404.0,51.0,0.25149700998672664,3.9512437185814275,9,8,235,3,-0.8660254037844385,-0.5000000000000004,-0.7839338166829201,-0.620844401650647,10.60784664405992,4.290459441148391,1326.0,0.03332971621746594,1,8700.0,0.25149700998672664,Increasing,0.8888888888888888,0.8518518518518519,54,85.18518518518519,False,Normal Increase
situation_20240823_0900_f9a5b58c.pdf,2024-08-23,"Flood, Landslide, Heavy Rain, Strong Wind, Lightning",6611,,,,,,,,,,12312.0,40450.0,3.0,2.0,1.0,0.0,141.0,5.0,0.0,3.0,23.0,72.0,True,grand_total,900,2024-08-23 09:00:00,3,,40.0,0.0,0,1,1,0,0,0,3.5,weather_forecast,0,0,,,,,,,,,,,1,1,1.0,4,0,0,4,17.0,early_warning,general_situation_report,retain,2024-08-23 09:00:00,680,1,1,24.0,2024-08-24 09:00:00,24.0,11876.0,3308.0,2.0,33.0,True,10.60784664405992,9.418410893792872,1.3862943611198906,4.290459441148391,24.0,True,39124.0,11929.0,2.0,51.0,1326.0,383.0,21.0,0.03332971621746594,0.3392157225669634,9,8,236,4,-0.8660254037844385,-0.5000000000000004,-0.7944973291665992,-0.6072676460566135,9.38235903577424,3.5263605246161616,-28574.0,-1.2254876082856807,1,1326.0,0.03332971621746594,Increasing,0.8,0.6909090909090909,55,69.0909090909091,False,Normal Increase
situation_20240824_0900_078271a9.pdf,2024-08-24,"Flood, Landslide, Heavy Rain, Strong Wind, Lightning",6399,,,,,,,,,,3308.0,11876.0,3.0,2.0,1.0,0.0,163.0,5.0,0.0,2.0,9.0,33.0,True,grand_total,900,2024-08-24 09:00:00,3,,40.0,0.0,0,1,1,0,0,0,3.5,weather_forecast,0,0,,,,,,,,,,,1,0,0.0,0,0,0,0,41.0,early_warning,general_situation_report,retain,2024-08-24 09:00:00,681,1,1,24.0,2024-08-25 09:00:00,24.0,216.0,51.0,2.0,33.0,True,9.38235903577424,8.104401307921613,1.0986122886681098,3.5263605246161616,24.0,True,40450.0,12312.0,3.0,72.0,-28574.0,-9004.0,-39.0,-1.2254876082856807,-0.7640989165322294,9,8,237,5,-0.8660254037844385,-0.5000000000000004,-0.8048257371083452,-0.593511190196115,5.37989735354046,3.5263605246161616,-11660.0,-4.00246168223378,1,-28574.0,-1.2254876082856807,Decreasing,0.0,0.0,55,0.0,False,Decrease
situation_20240825_0900_1408993f.pdf,2024-08-25,"Flood, Strong Wind",2909,,,,,,,,,,51.0,216.0,0.0,0.0,1.0,0.0,4.0,0.0,0.0,2.0,9.0,33.0,True,grand_total,900,2024-08-25 09:00:00,3,,40.0,0.0,0,1,1,0,0,0,3.5,weather_forecast,0,0,,,,,,,,,,,1,0,0.0,0,0,0,0,65.0,early_warning,general_situation_report,retain,2024-08-25 09:00:00,682,1,1,24.0,2024-08-26 09:00:00,24.0,176.0,39.0,2.0,33.0,True,5.37989735354046,3.9512437185814275,1.0986122886681098,3.5263605246161616,24.0,True,11876.0,3308.0,2.0,33.0,-11660.0,-3257.0,0.0,-4.00246168223378,0.0,9,8,238,6,-0.8660254037844385,-0.5000000000000004,-0.8149159841660791,-0.5795791048257612,5.176149732573829,3.5263605246161616,-40.0,-0.2037476209666309,1,-11660.0,-4.00246168223378,Decreasing,0.0,0.0,54,0.0,False,Decrease
situation_20240826_0900_504b717b.pdf,2024-08-26,Flood,2681,,,,,,,,,,39.0,176.0,0.0,0.0,1.0,0.0,0.0,0.0,0.0,2.0,9.0,33.0,True,grand_total,900,2024-08-26 09:00:00,3,,40.0,0.0,0,1,1,0,0,0,3.5,weather_forecast,0,0,,,,,,,,,,,1,0,0.0,0,0,0,0,89.0,early_warning,general_situation_report,retain,2024-08-26 09:00:00,683,1,1,24.0,2024-08-27 09:00:00,24.0,80.0,16.0,0.0,0.0,True,5.176149732573829,3.6888794541139363,1.0986122886681098,3.5263605246161616,24.0,True,216.0,51.0,2.0,33.0,-40.0,-12.0,0.0,-0.2037476209666309,0.0,9,8,239,0,-0.8660254037844385,-0.5000000000000004,-0.8247650844733614,-0.5654755126737576,4.394449154672439,0.0,-96.0,-0.7817005779013897,0,-40.0,-0.2037476209666309,Decreasing,0.0,0.0,53,0.0,False,Decrease
situation_20240827_0900_02fcf25d.pdf,2024-08-27,Flood,2872,,,,,,,,,,16.0,80.0,0.0,0.0,1.0,0.0,1.0,0.0,0.0,0.0,0.0,0.0,True,grand_total,900,2024-08-27 09:00:00,3,,40.0,0.0,0,1,1,0,0,0,3.5,weather_forecast,0,0,,,,,,,,,,,1,0,0.0,0,0,0,0,113.0,early_warning,general_situation_report,retain,2024-08-27 09:00:00,684,1,1,24.0,2024-08-28 09:00:00,24.0,12.0,4.0,0.0,0.0,True,4.394449154672439,2.833213344056216,0.0,0.0,24.0,True,176.0,39.0,2.0,33.0,-96.0,-23.0,-33.0,-0.7817005779013897,-3.5263605246161616,9,8,240,1,-0.8660254037844385,-0.5000000000000004,-0.8343701235229538,-0.5512045872199277,2.5649493574615367,0.0,-68.0,-1.8294997972109024,0,-96.0,-0.7817005779013897,Decreasing,0.0,0.0,53,0.0,False,Decrease
situation_20240828_0900_de44127f.pdf,2024-08-28,Strong Wind,2773,,,,,,,,,,4.0,12.0,0.0,0.0,0.0,0.0,4.0,0.0,0.0,0.0,0.0,0.0,True,grand_total,900,2024-08-28 09:00:00,3,,40.0,0.0,0,1,1,0,0,0,3.5,weather_forecast,0,0,,,,,,,,,,,1,0,0.0,0,0,0,0,137.0,early_warning,general_situation_report,retain,2024-08-28 09:00:00,685,1,1,24.0,2024-08-29 09:00:00,24.0,28.0,7.0,0.0,0.0,True,2.5649493574615367,1.6094379124341003,0.0,0.0,24.0,True,80.0,16.0,0.0,0.0,-68.0,-12.0,0.0,-1.8294997972109024,0.0,9,8,241,2,-0.8660254037844385,-0.5000000000000004,-0.8437282590292712,-0.5367705514607103,3.367295829986474,0.0,16.0,0.8023464725249374,0,-68.0,-1.8294997972109024,Decreasing,0.0,0.0,53,0.0,False,Decrease
situation_20240829_0900_18ea4f54.pdf,2024-08-29,"Flood, Heavy Rain, Strong Wind",2539,,,,,,,,,,7.0,28.0,0.0,0.0,0.0,0.0,7.0,0.0,0.0,0.0,0.0,0.0,True,grand_total,900,2024-08-29 09:00:00,3,50.0,50.0,0.0,1,1,1,0,0,0,3.5,weather_forecast,0,0,,,,,,,,,,,1,0,0.0,0,0,0,0,161.0,early_warning,general_situation_report,retain,2024-08-29 09:00:00,686,1,1,24.0,2024-08-31 09:00:00,48.0,10.0,2.0,0.0,0.0,True,3.367295829986474,2.0794415416798357,0.0,0.0,24.0,True,12.0,4.0,0.0,0.0,16.0,3.0,0.0,0.8023464725249374,0.0,9,8,242,3,-0.8660254037844385,-0.5000000000000004,-0.8528367217694595,-0.522177676659508,2.3978952727983707,0.0,-18.0,-0.9694005571881035,0,16.0,0.8023464725249374,Increasing,0.18867924528301888,0.9056603773584906,53,18.867924528301888,False,Normal Increase
situation_20240831_0900_4bdb4f68.pdf,2024-08-31,Other,2393,,,,,,,,,,2.0,10.0,0.0,0.0,0.0,0.0,2.0,0.0,0.0,0.0,0.0,0.0,True,grand_total,900,2024-08-31 09:00:00,4,50.0,50.0,2.0,1,1,1,0,1,0,3.5,weather_forecast,0,0,,,,,,,,,,,1,0,0.0,0,0,0,0,209.0,early_warning,general_situation_report,retain,2024-08-31 09:00:00,687,1,1,48.0,2024-09-03 09:00:00,72.0,110.0,29.0,0.0,0.0,False,2.3978952727983707,1.0986122886681098,0.0,0.0,48.0,True,28.0,7.0,0.0,0.0,-18.0,-5.0,0.0,-0.9694005571881035,0.0,9,8,244,5,-0.8660254037844385,-0.5000000000000004,-0.8702939222685674,-0.49253272872205434,4.709530201312334,0.0,100.0,2.3116349285139632,0,-18.0,-0.9694005571881035,Decreasing,0.0,0.0,54,0.0,False,Decrease
situation_20240903_0900_674a275c.pdf,2024-09-03,"Heavy Rain, Strong Wind, Lightning",3222,,,,,,,,,,29.0,110.0,0.0,0.0,0.0,0.0,27.0,0.0,0.0,0.0,0.0,0.0,True,grand_total,900,2024-09-03 09:00:00,4,100.0,50.0,2.0,1,1,1,0,0,0,2.5,heavy_rain,0,0,,,,,,,,,,,1,0,0.0,0,0,0,0,281.0,early_warning,general_situation_report,retain,2024-09-03 09:00:00,688,1,1,72.0,2024-09-04 09:00:00,24.0,8.0,3.0,0.0,0.0,True,4.709530201312334,3.4011973816621555,0.0,0.0,72.0,False,,,,,,,,,,9,9,247,1,-1.0,-1.8369701987210297e-16,-0.8945422369764496,-0.4469834295196741,2.1972245773362196,0.0,-102.0,-2.5123056239761143,0,,,Insufficient Previous Context,,,0,,False,Gap / No Comparable Previous Report
situation_20240904_0900_daeba128.pdf,2024-09-04,"Heavy Rain, Strong Wind",2409,,,,,,,,,,3.0,8.0,0.0,0.0,0.0,0.0,3.0,0.0,0.0,0.0,0.0,0.0,True,grand_total,900,2024-09-04 09:00:00,3,50.0,50.0,0.0,1,1,1,0,0,0,3.5,weather_forecast,0,0,,,,,,,,,,,1,0,0.0,0,0,0,0,305.0,early_warning,general_situation_report,retain,2024-09-04 09:00:00,689,1,1,24.0,2024-09-05 09:00:00,24.0,47.0,11.0,0.0,0.0,True,2.1972245773362196,1.3862943611198906,0.0,0.0,24.0,True,110.0,29.0,0.0,0.0,-102.0,-26.0,0.0,-2.5123056239761143,0.0,9,9,248,2,-1.0,-1.8369701987210297e-16,-0.9020987014301837,-0.43152975897147144,3.871201010907891,0.0,39.0,1.6739764335716716,0,-102.0,-2.5123056239761143,Decreasing,0.0,0.0,53,0.0,False,Decrease
situation_20240905_0900_ad79d58c.pdf,2024-09-05,"Landslide, Heavy Rain, Strong Wind, Lightning",3017,,,,,,,,,,11.0,47.0,0.0,0.0,3.0,0.0,12.0,0.0,0.0,0.0,0.0,0.0,True,grand_total,900,2024-09-05 09:00:00,3,50.0,45.0,0.0,1,1,1,0,0,0,3.5,weather_forecast,0,0,,,,,,,,,,,1,0,0.0,0,0,0,0,329.0,early_warning,general_situation_report,retain,2024-09-05 09:00:00,690,1,1,24.0,2024-09-06 09:00:00,24.0,10.0,2.0,0.0,0.0,True,3.871201010907891,2.4849066497880004,0.0,0.0,24.0,True,8.0,3.0,0.0,0.0,39.0,8.0,0.0,1.6739764335716716,0.0,9,9,249,3,-1.0,-1.8369701987210297e-16,-0.9093882203647925,-0.4159483918249421,2.3978952727983707,0.0,-37.0,-1.4733057381095205,0,39.0,1.6739764335716716,Increasing,0.34615384615384615,0.9615384615384616,52,34.61538461538461,False,Normal Increase
situation_20240906_0900_9b7df6c5.pdf,2024-09-06,Heavy Rain,2588,,,,,,,,,,2.0,10.0,1.0,3.0,0.0,0.0,2.0,0.0,0.0,0.0,0.0,0.0,True,grand_total,900,2024-09-06 09:00:00,3,,45.0,0.0,0,1,1,0,0,0,3.5,weather_forecast,0,0,,,,,,,,,,,1,0,0.0,0,0,0,0,353.0,early_warning,general_situation_report,retain,2024-09-06 09:00:00,691,1,1,24.0,2024-09-10 09:00:00,96.0,23.0,9.0,0.0,0.0,False,2.3978952727983707,1.0986122886681098,0.0,0.0,24.0,True,47.0,11.0,0.0,0.0,-37.0,-9.0,0.0,-1.4733057381095205,0.0,9,9,250,4,-1.0,-1.8369701987210297e-16,-0.9164086366943458,-0.4002439388573056,3.1780538303479458,0.0,13.0,0.7801585575495751,0,-37.0,-1.4733057381095205,Decreasing,0.0,0.0,53,0.0,False,Decrease
situation_20240910_0900_9d8e614c.pdf,2024-09-10,"Strong Wind, Lightning",3243,,,,,,,,,,9.0,23.0,2.0,0.0,0.0,0.0,7.0,0.0,0.0,0.0,0.0,0.0,True,grand_total,900,2024-09-10 09:00:00,4,75.0,50.0,3.0,1,1,1,0,1,0,0.5,weather_forecast,0,0,,,,,,,,,,,1,0,0.0,0,0,0,0,449.0,early_warning,general_situation_report,retain,2024-09-10 09:00:00,692,1,1,96.0,2024-09-12 09:00:00,48.0,21.0,7.0,0.0,0.0,True,3.1780538303479458,2.302585092994046,0.0,0.0,96.0,False,,,,,,,,,,9,9,254,1,-1.0,-1.8369701987210297e-16,-0.9417589340994617,-0.33628873017668287,3.091042453358316,0.0,-2.0,-0.08701137698962969,0,,,Insufficient Previous Context,,,0,,False,Gap / No Comparable Previous Report
situation_20240912_0900_8933c71d.pdf,2024-09-12,"Heavy Rain, Strong Wind",2819,,,,,,,,,,7.0,21.0,0.0,0.0,0.0,0.0,6.0,0.0,0.0,0.0,0.0,0.0,True,grand_total,900,2024-09-12 09:00:00,2,50.0,50.0,0.0,1,1,1,0,0,0,3.5,weather_forecast,0,0,,,,,,,,,,,1,0,0.0,0,0,0,0,497.0,early_warning,general_situation_report,retain,2024-09-12 09:00:00,693,1,1,48.0,2024-09-13 09:00:00,24.0,22.0,5.0,0.0,0.0,True,3.091042453358316,2.0794415416798357,0.0,0.0,48.0,True,23.0,9.0,0.0,0.0,-2.0,-2.0,0.0,-0.08701137698962969,0.0,9,9,256,3,-1.0,-1.8369701987210297e-16,-0.9527692922168511,-0.30369503751065885,3.1354942159291497,0.0,1.0,0.04445176257083361,0,-2.0,-0.08701137698962969,Decreasing,0.0,0.0,52,0.0,False,Decrease
situation_20240913_0900_d13b3eb7.pdf,2024-09-13,Other,2700,,,,,,,,,,5.0,22.0,1.0,0.0,0.0,0.0,4.0,0.0,0.0,0.0,0.0,0.0,True,grand_total,900,2024-09-13 09:00:00,4,,45.0,0.0,0,1,1,0,0,0,2.0,weather_forecast,0,0,,,,,,,,,,,1,0,0.0,0,0,0,0,521.0,early_warning,general_situation_report,retain,2024-09-13 09:00:00,694,1,1,24.0,2024-09-14 09:00:00,24.0,13.0,3.0,0.0,0.0,True,3.1354942159291497,1.791759469228055,0.0,0.0,24.0,True,21.0,7.0,0.0,0.0,1.0,-2.0,0.0,0.04445176257083361,0.0,9,9,257,4,-1.0,-1.8369701987210297e-16,-0.9578523554276669,-0.28726097055059635,2.6390573296152584,0.0,-9.0,-0.49643688631389127,0,1.0,0.04445176257083361,Increasing,0.0,0.7058823529411765,51,0.0,False,Normal Increase
situation_20240914_0900_6b0798f9.pdf,2024-09-14,"Heavy Rain, Strong Wind",2514,,,,,,,,,,3.0,13.0,0.0,0.0,0.0,0.0,3.0,0.0,0.0,0.0,0.0,0.0,True,grand_total,900,2024-09-14 09:00:00,3,50.0,45.0,0.0,1,1,1,0,0,0,3.5,weather_forecast,0,0,,,,,,,,,,,1,0,0.0,0,0,0,0,545.0,early_warning,general_situation_report,retain,2024-09-14 09:00:00,695,1,1,24.0,2024-09-15 09:00:00,24.0,0.0,0.0,0.0,0.0,True,2.6390573296152584,1.3862943611198906,0.0,0.0,24.0,True,22.0,5.0,0.0,0.0,-9.0,-2.0,0.0,-0.49643688631389127,0.0,9,9,258,5,-1.0,-1.8369701987210297e-16,-0.9626519747161487,-0.2707418984477642,0.0,0.0,-13.0,-2.6390573296152584,0,-9.0,-0.49643688631389127,Decreasing,0.0,0.0,52,0.0,False,Decrease
situation_20240915_0900_c52d5032.pdf,2024-09-15,Other,2316,,,,,,,,,,0.0,0.0,0.0,0.0,0.0,0.0,0.0,0.0,0.0,0.0,0.0,0.0,True,grand_total,900,2024-09-15 09:00:00,3,50.0,45.0,0.0,1,1,1,0,0,0,3.5,weather_forecast,0,0,,,,,,,,,,,1,0,0.0,0,0,0,0,569.0,early_warning,general_situation_report,retain,2024-09-15 09:00:00,696,1,1,24.0,2024-09-16 09:00:00,24.0,0.0,0.0,0.0,0.0,True,0.0,0.0,0.0,0.0,24.0,True,13.0,3.0,0.0,0.0,-13.0,-3.0,0.0,-2.6390573296152584,0.0,9,9,259,6,-1.0,-1.8369701987210297e-16,-0.9671667297977312,-0.2541427094613622,0.0,0.0,0.0,0.0,0,-13.0,-2.6390573296152584,Decreasing,0.0,0.0,52,0.0,False,Decrease
situation_20240916_0900_4abf55ae.pdf,2024-09-16,Other,2316,,,,,,,,,,0.0,0.0,0.0,0.0,0.0,0.0,0.0,0.0,0.0,0.0,0.0,0.0,True,grand_total,900,2024-09-16 09:00:00,3,50.0,45.0,0.0,1,1,1,0,0,0,3.5,weather_forecast,0,0,,,,,,,,,,,1,0,0.0,0,0,0,0,593.0,early_warning,general_situation_report,retain,2024-09-16 09:00:00,697,1,1,24.0,2024-09-17 09:00:00,24.0,0.0,0.0,0.0,0.0,True,0.0,0.0,0.0,0.0,24.0,True,0.0,0.0,0.0,0.0,0.0,0.0,0.0,0.0,0.0,9,9,260,0,-1.0,-1.8369701987210297e-16,-0.97139528468375,-0.23746831555846842,0.0,0.0,0.0,0.0,0,0.0,0.0,Stable,0.0,0.0,52,0.0,False,Stable
situation_20240917_0900_5da2e725.pdf,2024-09-17,Other,2323,,,,,,,,,,0.0,0.0,0.0,0.0,0.0,0.0,0.0,1.0,0.0,0.0,0.0,0.0,True,grand_total,900,2024-09-17 09:00:00,3,,45.0,0.0,0,1,1,0,0,0,3.5,weather_forecast,0,0,,,,,,,,,,,1,0,0.0,0,0,0,0,617.0,early_warning,general_situation_report,retain,2024-09-17 09:00:00,698,1,1,24.0,2024-09-18 09:00:00,24.0,0.0,0.0,0.0,0.0,True,0.0,0.0,0.0,0.0,24.0,True,0.0,0.0,0.0,0.0,0.0,0.0,0.0,0.0,0.0,9,9,261,1,-1.0,-1.8369701987210297e-16,-0.9753363880767837,-0.2207236509605022,0.0,0.0,0.0,0.0,0,0.0,0.0,Stable,0.0,0.0,52,0.0,False,Stable
situation_20240918_0900_1fe1bf5e.pdf,2024-09-18,Other,2256,,,,,,,,,,0.0,0.0,0.0,0.0,0.0,0.0,0.0,0.0,0.0,0.0,0.0,0.0,True,grand_total,900,2024-09-18 09:00:00,3,,45.0,0.0,0,1,1,0,0,0,3.5,weather_forecast,0,0,,,,,,,,,,,1,0,0.0,0,0,0,0,641.0,early_warning,general_situation_report,retain,2024-09-18 09:00:00,699,1,1,24.0,2024-09-19 09:00:00,24.0,24.0,6.0,0.0,0.0,True,0.0,0.0,0.0,0.0,24.0,True,0.0,0.0,0.0,0.0,0.0,0.0,0.0,0.0,0.0,9,9,262,2,-1.0,-1.8369701987210297e-16,-0.9789888737409319,-0.20391367068311472,3.2188758248682006,0.0,24.0,3.2188758248682006,0,0.0,0.0,Stable,0.0,0.0,52,0.0,False,Stable
situation_20240919_0900_fc10dd58.pdf,2024-09-19,Strong Wind,2583,,,,,,,,,,6.0,24.0,0.0,0.0,0.0,0.0,6.0,1.0,0.0,0.0,0.0,0.0,True,grand_total,900,2024-09-19 09:00:00,3,,45.0,0.0,0,1,1,0,0,0,3.5,weather_forecast,0,0,,,,,,,,,,,1,0,0.0,0,0,0,0,665.0,early_warning,general_situation_report,retain,2024-09-19 09:00:00,700,1,1,24.0,2024-09-20 09:00:00,24.0,0.0,0.0,0.0,0.0,True,3.2188758248682006,1.9459101490553132,0.0,0.0,24.0,True,0.0,0.0,0.0,0.0,24.0,6.0,0.0,3.2188758248682006,0.0,9,9,263,3,-1.0,-1.8369701987210297e-16,-0.9823516608469237,-0.18704334906991657,0.0,0.0,-24.0,-3.2188758248682006,0,24.0,3.2188758248682006,Increasing,0.29411764705882354,0.9803921568627451,51,29.411764705882355,False,Normal Increase
situation_20240920_0900_87c429e4.pdf,2024-09-20,Other,2184,,,,,,,,,,0.0,0.0,0.0,0.0,0.0,0.0,0.0,0.0,0.0,0.0,0.0,0.0,True,confirmed_zero_report,900,2024-09-20 09:00:00,4,,45.0,0.0,0,1,1,0,0,0,2.0,weather_forecast,0,0,,,,,,,,,,,1,0,0.0,0,0,0,0,689.0,early_warning,general_situation_report,retain,2024-09-20 09:00:00,701,1,1,24.0,2024-09-21 09:00:00,24.0,0.0,0.0,0.0,0.0,True,0.0,0.0,0.0,0.0,24.0,True,24.0,6.0,0.0,0.0,-24.0,-6.0,0.0,-3.2188758248682006,0.0,9,9,264,4,-1.0,-1.8369701987210297e-16,-0.9854237542919524,-0.17011767832049052,0.0,0.0,0.0,0.0,0,-24.0,-3.2188758248682006,Decreasing,0.0,0.0,52,0.0,False,Decrease
situation_20240921_0900_8c9157e1.pdf,2024-09-21,Other,2250,,,,,,,,,,0.0,0.0,0.0,0.0,0.0,0.0,0.0,0.0,0.0,0.0,0.0,0.0,True,confirmed_zero_report,900,2024-09-21 09:00:00,3,50.0,45.0,0.0,1,1,1,0,0,0,3.5,weather_forecast,0,0,,,,,,,,,,,1,0,0.0,0,0,0,0,713.0,early_warning,general_situation_report,retain,2024-09-21 09:00:00,702,1,1,24.0,2024-09-22 09:00:00,24.0,0.0,0.0,0.0,0.0,True,0.0,0.0,0.0,0.0,24.0,True,0.0,0.0,0.0,0.0,0.0,0.0,0.0,0.0,0.0,9,9,265,5,-1.0,-1.8369701987210297e-16,-0.9882042449941422,-0.15314166701312007,0.0,0.0,0.0,0.0,0,0.0,0.0,Stable,0.0,0.0,52,0.0,False,Stable
situation_20240922_0900_27eda007.pdf,2024-09-22,Other,2250,,,,,,,,,,0.0,0.0,0.0,0.0,0.0,0.0,0.0,0.0,0.0,0.0,0.0,0.0,True,confirmed_zero_report,900,2024-09-22 09:00:00,3,,45.0,0.0,0,1,1,0,0,0,3.5,weather_forecast,0,0,,,,,,,,,,,1,0,0.0,0,0,0,0,737.0,early_warning,general_situation_report,retain,2024-09-22 09:00:00,703,1,1,24.0,2024-09-24 09:00:00,48.0,0.0,0.0,0.0,0.0,True,0.0,0.0,0.0,0.0,24.0,True,0.0,0.0,0.0,0.0,0.0,0.0,0.0,0.0,0.0,9,9,266,6,-1.0,-1.8369701987210297e-16,-0.9906923101615609,-0.13612033862266704,0.0,0.0,0.0,0.0,0,0.0,0.0,Stable,0.0,0.0,52,0.0,False,Stable
situation_20240924_0900_632de086.pdf,2024-09-24,Other,2238,,,,,,,,,,0.0,0.0,0.0,0.0,0.0,0.0,0.0,0.0,0.0,0.0,0.0,0.0,True,confirmed_zero_report,900,2024-09-24 09:00:00,3,,45.0,0.0,0,1,1,0,0,0,3.5,weather_forecast,0,0,,,,,,,,,,,1,0,0.0,0,0,0,0,785.0,early_warning,general_situation_report,retain,2024-09-24 09:00:00,704,1,1,48.0,2024-09-25 09:00:00,24.0,0.0,0.0,0.0,0.0,True,0.0,0.0,0.0,0.0,48.0,True,0.0,0.0,0.0,0.0,0.0,0.0,0.0,0.0,0.0,9,9,268,1,-1.0,-1.8369701987210297e-16,-0.994788305609327,-0.10196189005174576,0.0,0.0,0.0,0.0,0,0.0,0.0,Stable,0.0,0.0,51,0.0,False,Stable
situation_20240925_0900_b218995c.pdf,2024-09-25,Other,2254,,,,,,,,,,0.0,0.0,0.0,0.0,0.0,0.0,0.0,0.0,0.0,0.0,0.0,0.0,True,confirmed_zero_report,900,2024-09-25 09:00:00,3,,45.0,0.0,0,1,1,0,0,0,3.5,weather_forecast,0,0,,,,,,,,,,,1,0,0.0,0,0,0,0,809.0,early_warning,general_situation_report,retain,2024-09-25 09:00:00,705,1,1,24.0,2024-09-26 09:00:00,24.0,0.0,0.0,0.0,0.0,True,0.0,0.0,0.0,0.0,24.0,True,0.0,0.0,0.0,0.0,0.0,0.0,0.0,0.0,0.0,9,9,269,2,-1.0,-1.8369701987210297e-16,-0.9963950238187231,-0.08483487790576538,0.0,0.0,0.0,0.0,0,0.0,0.0,Stable,0.0,0.0,51,0.0,False,Stable
situation_20240926_0900_44592a4a.pdf,2024-09-26,Other,2227,,,,,,,,,,0.0,0.0,0.0,0.0,0.0,0.0,0.0,0.0,0.0,0.0,0.0,0.0,True,confirmed_zero_report,900,2024-09-26 09:00:00,4,,45.0,0.0,0,1,1,0,0,0,3.5,weather_forecast,0,0,,,,,,,,,,,1,0,0.0,0,0,0,0,833.0,early_warning,general_situation_report,retain,2024-09-26 09:00:00,706,1,1,24.0,2024-09-27 09:00:00,24.0,0.0,0.0,0.0,0.0,True,0.0,0.0,0.0,0.0,24.0,True,0.0,0.0,0.0,0.0,0.0,0.0,0.0,0.0,0.0,9,9,270,3,-1.0,-1.8369701987210297e-16,-0.9977068927101168,-0.06768276175455162,0.0,0.0,0.0,0.0,0,0.0,0.0,Stable,0.0,0.0,50,0.0,False,Stable
situation_20240927_0900_1e2a887e.pdf,2024-09-27,Other,2242,,,,,,,,,,0.0,0.0,0.0,0.0,0.0,0.0,0.0,0.0,0.0,0.0,0.0,0.0,True,confirmed_zero_report,900,2024-09-27 09:00:00,5,150.0,,3.0,1,1,0,0,0,0,3.5,weather_forecast,0,0,,,,,,,,,,,1,0,0.0,0,0,0,0,857.0,early_warning,general_situation_report,retain,2024-09-27 09:00:00,707,1,1,24.0,2024-09-28 09:00:00,24.0,24.0,6.0,0.0,0.0,True,0.0,0.0,0.0,0.0,24.0,True,0.0,0.0,0.0,0.0,0.0,0.0,0.0,0.0,0.0,9,9,271,4,-1.0,-1.8369701987210297e-16,-0.9987235240803972,-0.050510617185222886,3.2188758248682006,0.0,24.0,3.2188758248682006,0,0.0,0.0,Stable,0.0,0.0,50,0.0,False,Stable
situation_20240928_0900_0f32e2f5.pdf,2024-09-28,Strong Wind,2670,,,,,,,,,,6.0,24.0,0.0,0.0,0.0,1.0,5.0,0.0,0.0,0.0,0.0,0.0,True,grand_total,900,2024-09-28 09:00:00,4,100.0,,2.0,1,1,0,0,0,0,3.5,weather_forecast,0,0,,,,,,,,,,,1,0,0.0,0,0,0,0,881.0,early_warning,general_situation_report,retain,2024-09-28 09:00:00,708,1,1,24.0,2024-10-01 09:00:00,72.0,706.0,195.0,0.0,0.0,False,3.2188758248682006,1.9459101490553132,0.0,0.0,24.0,True,0.0,0.0,0.0,0.0,24.0,6.0,0.0,3.2188758248682006,0.0,9,9,272,5,-1.0,-1.8369701987210297e-16,-0.9994446170919858,-0.033323525711631344,6.561030665896573,0.0,682.0,3.3421548410283726,0,24.0,3.2188758248682006,Increasing,0.3,0.98,50,30.0,False,Normal Increase
situation_20241001_0900_eb1521be.pdf,2024-10-01,"Heavy Rain, Strong Wind, Lightning",3415,,,,,,,,,,195.0,706.0,0.0,0.0,0.0,0.0,190.0,0.0,0.0,0.0,0.0,0.0,True,grand_total,900,2024-10-01 09:00:00,5,100.0,,2.0,1,1,0,0,0,0,3.5,weather_forecast,0,0,,,,,,,,,,,1,0,0.0,0,0,0,0,953.0,early_warning,general_situation_report,retain,2024-10-01 09:00:00,709,1,1,72.0,2024-10-02 09:00:00,24.0,174.0,46.0,0.0,0.0,True,6.561030665896573,5.278114659230517,0.0,0.0,72.0,False,,,,,,,,,,9,10,275,1,-0.8660254037844386,0.5000000000000001,-0.999832969770105,0.018276557681691223,5.1647859739235145,0.0,-532.0,-1.3962446919730587,0,,,Insufficient Previous Context,,,0,,False,Gap / No Comparable Previous Report
situation_20241002_0900_9a8f4db8.pdf,2024-10-02,"Strong Wind, Lightning",2740,,,,,,,,,,46.0,174.0,0.0,0.0,0.0,0.0,45.0,0.0,0.0,0.0,0.0,0.0,True,grand_total,900,2024-10-02 09:00:00,3,50.0,,0.0,1,1,0,0,0,0,3.5,weather_forecast,0,0,,,,,,,,,,,1,0,0.0,0,0,0,0,977.0,early_warning,general_situation_report,retain,2024-10-02 09:00:00,710,1,1,24.0,2024-10-03 09:00:00,24.0,33.0,8.0,0.0,0.0,True,5.1647859739235145,3.8501476017100584,0.0,0.0,24.0,True,706.0,195.0,0.0,0.0,-532.0,-149.0,0.0,-1.3962446919730587,0.0,9,10,276,2,-0.8660254037844386,0.5000000000000001,-0.9993706508539969,0.03547255575312556,3.5263605246161616,0.0,-141.0,-1.638425449307353,0,-532.0,-1.3962446919730587,Decreasing,0.0,0.0,50,0.0,False,Decrease
situation_20241003_0900_d6ed17f9.pdf,2024-10-03,"Heavy Rain, Strong Wind, Lightning",2575,,,,,,,,,,8.0,33.0,0.0,0.0,0.0,0.0,8.0,0.0,0.0,0.0,0.0,0.0,True,grand_total,900,2024-10-03 09:00:00,4,,,2.0,0,1,0,0,0,0,3.5,weather_forecast,0,0,,,,,,,,,,,1,0,0.0,0,0,0,0,1001.0,early_warning,general_situation_report,retain,2024-10-03 09:00:00,711,1,1,24.0,2024-10-04 09:00:00,24.0,99.0,28.0,0.0,0.0,True,3.5263605246161616,2.1972245773362196,0.0,0.0,24.0,True,174.0,46.0,0.0,0.0,-141.0,-38.0,0.0,-1.638425449307353,0.0,9,10,277,3,-0.8660254037844386,0.5000000000000001,-0.9986126020839734,0.052658056924614005,4.605170185988092,0.0,66.0,1.0788096613719302,0,-141.0,-1.638425449307353,Decreasing,0.0,0.0,49,0.0,False,Decrease
situation_20241004_0900_794df181.pdf,2024-10-04,Strong Wind,2785,,,,,,,,,,28.0,99.0,0.0,0.0,0.0,0.0,26.0,0.0,0.0,0.0,0.0,0.0,True,grand_total,900,2024-10-04 09:00:00,3,,,0.0,0,1,0,0,0,0,3.5,weather_forecast,0,0,,,,,,,,,,,1,0,0.0,0,0,0,0,1025.0,early_warning,general_situation_report,retain,2024-10-04 09:00:00,712,1,1,24.0,2024-10-05 09:00:00,24.0,21.0,5.0,0.0,0.0,True,4.605170185988092,3.367295829986474,0.0,0.0,24.0,True,33.0,8.0,0.0,0.0,66.0,20.0,0.0,1.0788096613719302,0.0,9,10,278,4,-0.8660254037844386,0.5000000000000001,-0.9975590477788613,0.06982797572987089,3.091042453358316,0.0,-78.0,-1.5141277326297757,0,66.0,1.0788096613719302,Increasing,0.42857142857142855,0.8979591836734694,49,42.857142857142854,False,Normal Increase
situation_20241005_0900_89b276ae.pdf,2024-10-05,Strong Wind,2561,,,,,,,,,,5.0,21.0,0.0,0.0,0.0,0.0,5.0,0.0,0.0,0.0,0.0,0.0,True,grand_total,900,2024-10-05 09:00:00,3,,,0.0,0,1,0,0,0,0,3.5,weather_forecast,0,0,,,,,,,,,,,1,0,0.0,0,0,0,0,1049.0,early_warning,general_situation_report,retain,2024-10-05 09:00:00,713,1,1,24.0,2024-10-06 09:00:00,24.0,0.0,0.0,0.0,0.0,True,3.091042453358316,1.791759469228055,0.0,0.0,24.0,True,99.0,28.0,0.0,0.0,-78.0,-23.0,0.0,-1.5141277326297757,0.0,9,10,279,5,-0.8660254037844386,0.5000000000000001,-0.9962102997023297,0.0869772313136861,0.0,0.0,-21.0,-3.091042453358316,0,-78.0,-1.5141277326297757,Decreasing,0.0,0.0,49,0.0,False,Decrease
situation_20241006_0900_328e1221.pdf,2024-10-06,Other,2274,,,,,,,,,,0.0,0.0,0.0,0.0,0.0,0.0,0.0,0.0,0.0,0.0,0.0,0.0,True,grand_total,900,2024-10-06 09:00:00,3,75.0,,0.0,1,1,0,0,0,0,3.5,weather_forecast,0,0,,,,,,,,,,,1,0,0.0,0,0,0,0,1073.0,early_warning,general_situation_report,retain,2024-10-06 09:00:00,714,1,1,24.0,2024-10-07 09:00:00,24.0,0.0,0.0,0.0,0.0,True,0.0,0.0,0.0,0.0,24.0,True,21.0,5.0,0.0,0.0,-21.0,-5.0,0.0,-3.091042453358316,0.0,9,10,280,6,-0.8660254037844386,0.5000000000000001,-0.9945667569706337,0.1041007489354256,0.0,0.0,0.0,0.0,0,-21.0,-3.091042453358316,Decreasing,0.0,0.0,49,0.0,False,Decrease
situation_20241007_0900_487af880.pdf,2024-10-07,Other,2250,,,,,,,,,,0.0,0.0,0.0,0.0,0.0,0.0,0.0,0.0,0.0,0.0,0.0,0.0,True,grand_total,900,2024-10-07 09:00:00,5,100.0,,2.0,1,1,0,0,0,0,1.5,heavy_rain,0,0,,,,,,,,,,,1,0,0.0,0,0,0,0,1097.0,early_warning,general_situation_report,retain,2024-10-07 09:00:00,715,1,1,24.0,2024-10-08 09:00:00,24.0,716.0,145.0,0.0,0.0,True,0.0,0.0,0.0,0.0,24.0,True,0.0,0.0,0.0,0.0,0.0,0.0,0.0,0.0,0.0,9,10,281,0,-0.8660254037844386,0.5000000000000001,-0.9926289059345095,0.121193461470736,6.57507584059962,0.0,716.0,6.57507584059962,0,0.0,0.0,Stable,0.0,0.0,48,0.0,False,Stable
situation_20241008_0900_27b11165.pdf,2024-10-08,Flood,2563,,,,,,,,,,145.0,716.0,0.0,0.0,0.0,0.0,4.0,0.0,0.0,0.0,0.0,0.0,True,grand_total,900,2024-10-08 09:00:00,5,100.0,,2.0,1,1,0,0,0,0,3.5,weather_forecast,0,0,,,,,,,,,,,1,1,2.0,3,3,0,4,13.5,warning,general_situation_report,retain,2024-10-08 09:00:00,716,1,1,24.0,2024-10-09 09:00:00,24.0,1943.0,522.0,1.0,48.0,True,6.57507584059962,4.983606621708336,0.0,0.0,24.0,True,0.0,0.0,0.0,0.0,716.0,145.0,0.0,6.57507584059962,0.0,9,10,282,1,-0.8660254037844386,0.5000000000000001,-0.9903973200352558,0.1382503109109819,7.572502985020384,3.8918202981106265,1227.0,0.9974271444207643,1,716.0,6.57507584059962,Increasing,0.8297872340425532,1.0,47,82.97872340425532,False,Normal Increase
situation_20241009_0900_2973a677.pdf,2024-10-09,"Flood, Heavy Rain, Strong Wind, Lightning",2779,,,,,,,,,,522.0,1943.0,0.0,0.0,0.0,0.0,8.0,0.0,0.0,1.0,14.0,48.0,True,grand_total,900,2024-10-09 09:00:00,4,100.0,,2.0,1,1,0,0,0,0,3.5,weather_forecast,0,0,,,,,,,,,,,1,1,2.0,5,3,0,5,17.0,warning,general_situation_report,retain,2024-10-09 09:00:00,717,1,1,24.0,2024-10-10 09:00:00,24.0,1056.0,281.0,0.0,0.0,True,7.572502985020384,6.259581464064923,0.6931471805599453,3.8918202981106265,24.0,True,716.0,145.0,0.0,0.0,1227.0,377.0,48.0,0.9974271444207643,3.8918202981106265,9,10,283,2,-0.8660254037844386,0.5000000000000001,-0.9878726596350429,0.15526624985999563,6.963189985870238,0.0,-887.0,-0.6093129991501467,0,1227.0,0.9974271444207643,Increasing,0.851063829787234,0.851063829787234,47,85.1063829787234,False,Normal Increase
situation_20241010_0900_d79a6fa1.pdf,2024-10-10,"Flood, Heavy Rain, Strong Wind, Lightning",3938,,,,,,,,,,281.0,1056.0,0.0,0.0,0.0,0.0,11.0,0.0,0.0,0.0,0.0,0.0,True,grand_total,900,2024-10-10 09:00:00,4,100.0,,2.0,1,1,0,0,0,0,2.0,heavy_rain,0,0,,,,,,,,,,,1,1,1.0,3,0,0,3,17.0,early_warning,general_situation_report,retain,2024-10-10 09:00:00,718,1,1,24.0,2024-10-11 09:00:00,24.0,1107.0,298.0,1.0,24.0,True,6.963189985870238,5.641907070938114,0.0,0.0,24.0,True,1943.0,522.0,1.0,48.0,-887.0,-241.0,-48.0,-0.6093129991501467,-3.8918202981106265,9,10,284,3,-0.8660254037844386,0.5000000000000001,-0.9850556718215013,0.172236243027682,7.010311867307229,3.2188758248682006,51.0,0.047121881436991586,1,-887.0,-0.6093129991501467,Decreasing,0.0,0.0,48,0.0,False,Decrease
situation_20241011_0900_91357ad2.pdf,2024-10-11,"Flood, Heavy Rain, Strong Wind, Cyclone",3292,,,,,,,,,,298.0,1107.0,0.0,0.0,0.0,0.0,10.0,0.0,0.0,1.0,6.0,24.0,True,grand_total,900,2024-10-11 09:00:00,5,200.0,,3.0,1,1,0,0,0,0,3.5,weather_forecast,0,0,,,,,,,,,,,1,1,2.0,7,6,0,10,3.0,warning,general_situation_report,retain,2024-10-11 09:00:00,719,1,1,24.0,2024-10-12 09:00:00,24.0,22069.0,5349.0,4.0,100.0,True,7.010311867307229,5.700443573390687,0.6931471805599453,3.2188758248682006,24.0,True,1056.0,281.0,0.0,0.0,51.0,17.0,24.0,0.047121881436991586,3.2188758248682006,9,10,285,4,-0.8660254037844386,0.5000000000000001,-0.981947190186646,0.18915526872004093,10.001974499250782,4.61512051684126,20962.0,2.9916626319435524,1,51.0,0.047121881436991586,Increasing,0.425531914893617,0.6808510638297872,47,42.5531914893617,False,Normal Increase
situation_20241012_0900_5eda10e5.pdf,2024-10-12,"Flood, Heavy Rain, Strong Wind, Lightning",6005,,,,,,,,,,5349.0,22069.0,1.0,2.0,1.0,0.0,120.0,1.0,1.0,4.0,24.0,100.0,True,grand_total,900,2024-10-12 09:00:00,5,100.0,50.0,2.0,1,1,1,0,0,0,3.5,weather_forecast,0,0,,,,,,,,,,,1,1,2.0,7,6,0,9,17.0,early_warning,general_situation_report,retain,2024-10-12 09:00:00,720,1,1,24.0,2024-10-13 09:00:00,24.0,118210.0,30017.0,79.0,6852.0,True,10.001974499250782,8.584851839890053,1.6094379124341003,4.61512051684126,24.0,True,1107.0,298.0,1.0,24.0,20962.0,5051.0,76.0,2.9916626319435524,1.3962446919730591,9,10,286,5,-0.8660254037844386,0.5000000000000001,-0.9785481345802031,0.20601832032517084,11.680226442229833,8.832441791585824,96141.0,1.6782519429790508,1,20962.0,2.9916626319435524,Increasing,0.9375,0.9166666666666666,48,91.66666666666666,False,Normal Increase
situation_20241013_0900_33e50c33.pdf,2024-10-13,"Flood, Heavy Rain, Strong Wind, Lightning",6867,,,,,,,,,,30017.0,118210.0,2.0,2.0,0.0,1.0,235.0,18.0,2.0,79.0,1721.0,6852.0,True,grand_total,900,2024-10-13 09:00:00,3,75.0,40.0,0.0,1,1,1,0,0,0,3.5,weather_forecast,0,0,,,,,,,,,,,1,1,2.0,6,6,0,8,17.0,warning,general_situation_report,retain,2024-10-13 09:00:00,721,1,1,24.0,2024-10-14 09:00:00,24.0,134484.0,34492.0,81.0,6963.0,True,11.680226442229833,10.30955248071626,4.382026634673881,8.832441791585824,24.0,True,22069.0,5349.0,4.0,100.0,96141.0,24668.0,6752.0,1.6782519429790508,4.217321274744564,9,10,287,6,-0.8660254037844386,0.5000000000000001,-0.9748595108374125,0.22282040779479959,11.80920794764118,8.848509300888079,16274.0,0.1289815054113479,1,96141.0,1.6782519429790508,Increasing,0.9795918367346939,0.8775510204081632,49,87.75510204081633,False,Normal Increase
situation_20241014_0900_495d0e8b.pdf,2024-10-14,"Flood, Heavy Rain, Strong Wind, Lightning",6743,,,,,,,,,,34492.0,134484.0,3.0,2.0,0.0,1.0,240.0,29.0,2.0,81.0,1753.0,6963.0,True,grand_total,900,2024-10-14 09:00:00,3,100.0,,2.0,1,1,0,0,0,0,3.0,heavy_rain,0,0,,,,,,,,,,,1,1,2.0,6,6,0,8,17.0,warning,general_situation_report,retain,2024-10-14 09:00:00,722,1,1,24.0,2024-10-15 09:00:00,24.0,154782.0,39522.0,80.0,10361.0,True,11.80920794764118,10.44851168388203,4.406719247264253,8.848509300888079,24.0,True,118210.0,30017.0,79.0,6852.0,16274.0,4475.0,111.0,0.1289815054113479,0.01606750930225509,9,10,288,0,-0.8660254037844386,0.5000000000000001,-0.9708824104813836,0.23955655912092708,11.949779414985755,9.245900547374733,20298.0,0.14057146734457504,1,16274.0,0.1289815054113479,Increasing,0.9,0.7,50,70.0,False,Normal Increase
situation_20241015_0900_a091e81e.pdf,2024-10-15,"Flood, Heavy Rain, Strong Wind, Lightning",7514,,,,,,,,,,39522.0,154782.0,3.0,2.0,0.0,1.0,321.0,40.0,1.0,80.0,2433.0,10361.0,True,grand_total,900,2024-10-15 09:00:00,4,100.0,,2.0,1,1,0,1,0,0,3.5,weather_forecast,0,0,,,,,,,,,,,1,1,2.0,6,6,0,8,17.0,warning,general_situation_report,retain,2024-10-15 09:00:00,723,1,1,24.0,2024-10-16 09:00:00,24.0,137792.0,35391.0,70.0,9591.0,True,11.949779414985755,10.584638059911889,4.394449154672439,9.245900547374733,24.0,True,134484.0,34492.0,81.0,6963.0,20298.0,5030.0,3398.0,0.14057146734457504,0.397391246486654,9,10,289,1,-0.8660254037844386,0.5000000000000001,-0.9666180104000972,0.2562218218071163,11.833507838013075,9.16868469670735,-16990.0,-0.11627157697268053,1,20298.0,0.14057146734457504,Increasing,0.9019607843137255,0.7058823529411765,51,70.58823529411765,False,Normal Increase
situation_20241016_0900_176f8f3d.pdf,2024-10-16,"Flood, Heavy Rain, Strong Wind, Lightning",7618,,,,,,,,,,35391.0,137792.0,3.0,2.0,0.0,1.0,344.0,43.0,1.0,70.0,2222.0,9591.0,True,grand_total,900,2024-10-16 09:00:00,5,50.0,,3.0,1,1,0,1,1,0,1.0,heavy_rain,0,0,,,,,,,,,,,1,1,2.0,5,6,0,7,17.0,warning,general_situation_report,retain,2024-10-16 09:00:00,724,1,1,24.0,2024-10-17 09:00:00,24.0,38676.0,10008.0,38.0,4622.0,True,11.833507838013075,10.474241084882006,4.2626798770413155,9.16868469670735,24.0,True,154782.0,39522.0,80.0,10361.0,-16990.0,-4131.0,-770.0,-0.11627157697268053,-0.07721585066738257,9,10,290,2,-0.8660254037844386,0.5000000000000001,-0.9620675724981452,0.27281126433401914,10.563000387097086,8.438799123988225,-99116.0,-1.2705074509159893,1,-16990.0,-0.11627157697268053,Decreasing,0.0,0.0,52,0.0,False,Decrease
situation_20241017_0900_5c905f0b.pdf,2024-10-17,"Flood, Heavy Rain, Strong Wind, Lightning",7955,,,,,,,,,,10008.0,38676.0,2.0,3.0,0.0,0.0,371.0,45.0,2.0,38.0,1116.0,4622.0,True,grand_total,900,2024-10-17 09:00:00,4,50.0,,3.0,1,1,0,0,1,0,1.0,heavy_rain,0,0,,,,,,,,,,,1,1,1.0,6,0,0,6,17.0,early_warning,general_situation_report,retain,2024-10-17 09:00:00,725,1,1,24.0,2024-10-18 09:00:00,24.0,15838.0,4388.0,23.0,736.0,True,10.563000387097086,9.211239967219019,3.6635616461296463,8.438799123988225,24.0,True,137792.0,35391.0,70.0,9591.0,-99116.0,-25383.0,-4969.0,-1.2705074509159893,-0.7298855727191249,9,10,291,3,-0.8660254037844386,0.5000000000000001,-0.957232443323312,0.28931997761869527,9.670230532062421,6.602587892189336,-22838.0,-0.8927698550346648,1,-99116.0,-1.2705074509159893,Decreasing,0.0,0.0,51,0.0,False,Decrease
situation_20241018_0900_e6949f5c.pdf,2024-10-18,"Flood, Heavy Rain, Strong Wind, Lightning",7795,,,,,,,,,,4388.0,15838.0,2.0,3.0,0.0,0.0,368.0,45.0,2.0,23.0,197.0,736.0,True,grand_total,900,2024-10-18 09:00:00,3,50.0,,0.0,1,1,0,0,0,0,3.5,weather_forecast,0,0,,,,,,,,,,,1,0,0.0,0,0,0,0,41.0,early_warning,general_situation_report,retain,2024-10-18 09:00:00,726,1,1,24.0,2024-10-19 09:00:00,24.0,10214.0,2831.0,7.0,206.0,True,9.670230532062421,8.386856689688234,3.1780538303479458,6.602587892189336,24.0,True,38676.0,10008.0,38.0,4622.0,-22838.0,-5620.0,-3886.0,-0.8927698550346648,-1.836211231798889,9,10,292,4,-0.8660254037844386,0.5000000000000001,-0.9521140536681102,0.3057430764672831,9.231612507251722,5.332718793265369,-5624.0,-0.4386180248106992,1,-22838.0,-0.8927698550346648,Decreasing,0.0,0.0,50,0.0,False,Decrease
situation_20241019_0900_e07cddc9.pdf,2024-10-19,"Flood, Heavy Rain, Strong Wind, Lightning",7949,,,,,,,,,,2831.0,10214.0,2.0,3.0,0.0,0.0,372.0,45.0,2.0,7.0,62.0,206.0,True,grand_total,900,2024-10-19 09:00:00,3,,,0.0,0,1,0,0,0,0,3.5,weather_forecast,0,0,,,,,,,,,,,1,0,0.0,0,0,0,0,65.0,early_warning,general_situation_report,retain,2024-10-19 09:00:00,727,1,1,24.0,2024-10-20 09:00:00,24.0,8923.0,2481.0,7.0,206.0,True,9.231612507251722,7.94873845481361,2.0794415416798357,5.332718793265369,24.0,True,15838.0,4388.0,23.0,736.0,-5624.0,-1557.0,-530.0,-0.4386180248106992,-1.2698690989239676,9,10,293,5,-0.8660254037844386,0.5000000000000001,-0.9467139181463862,0.3220757010206104,9.096499555552423,5.332718793265369,-1291.0,-0.13511295169929838,1,-5624.0,-0.4386180248106992,Decreasing,0.0,0.0,49,0.0,False,Decrease
situation_20241020_0900_c51cca3c.pdf,2024-10-20,"Flood, Heavy Rain, Strong Wind, Lightning",8008,,,,,,,,,,2481.0,8923.0,2.0,3.0,0.0,0.0,372.0,45.0,2.0,7.0,62.0,206.0,True,grand_total,900,2024-10-20 09:00:00,4,,,2.0,0,1,0,0,1,0,2.0,heavy_rain,0,0,,,,,,,,,,,1,0,0.0,0,0,0,0,89.0,early_warning,general_situation_report,retain,2024-10-20 09:00:00,728,1,1,24.0,2024-10-21 09:00:00,24.0,345.0,95.0,4.0,170.0,True,9.096499555552423,7.8168199657645525,2.0794415416798357,5.332718793265369,24.0,True,10214.0,2831.0,7.0,206.0,-1291.0,-350.0,0.0,-0.13511295169929838,0.0,9,10,294,6,-0.8660254037844386,0.5000000000000001,-0.9410336347451197,0.3383130181923076,5.846438775057725,5.14166355650266,-8578.0,-3.2500607804946986,1,-1291.0,-0.13511295169929838,Decreasing,0.0,0.0,49,0.0,False,Decrease
situation_20241021_0900_2f42c2d2.pdf,2024-10-21,Flood,2654,,,,,,,,,,95.0,345.0,1.0,0.0,0.0,0.0,0.0,0.0,0.0,4.0,52.0,170.0,True,grand_total,900,2024-10-21 09:00:00,5,100.0,,2.0,1,1,0,0,1,1,2.0,heavy_rain,0,0,,,,,,,,,,,1,0,0.0,0,0,0,0,113.0,early_warning,general_situation_report,retain,2024-10-21 09:00:00,729,1,1,24.0,2024-10-22 09:00:00,24.0,940.0,369.0,0.0,0.0,True,5.846438775057725,4.564348191467836,1.6094379124341003,5.14166355650266,24.0,True,8923.0,2481.0,7.0,206.0,-8578.0,-2386.0,-36.0,-3.2500607804946986,-0.19105523676270852,9,10,295,0,-0.8660254037844386,0.5000000000000001,-0.9350748843515574,0.3544502230989869,6.846943139585379,0.0,595.0,1.0005043645276546,0,-8578.0,-3.2500607804946986,Decreasing,0.0,0.0,49,0.0,False,Decrease
situation_20241022_0900_0a91c52d.pdf,2024-10-22,Heavy Rain,2793,,,,,,,,,,369.0,940.0,0.0,2.0,0.0,0.0,9.0,0.0,0.0,0.0,0.0,0.0,True,grand_total,900,2024-10-22 09:00:00,4,75.0,,3.0,1,1,0,0,1,1,3.5,weather_forecast,0,0,,,,,,,,,,,1,0,0.0,0,0,0,0,137.0,early_warning,general_situation_report,retain,2024-10-22 09:00:00,730,1,1,24.0,2024-10-23 09:00:00,24.0,1360.0,489.0,0.0,0.0,True,6.846943139585379,5.91350300563827,0.0,0.0,24.0,True,345.0,95.0,4.0,170.0,595.0,274.0,-170.0,1.0005043645276546,-5.14166355650266,9,10,296,1,-0.8660254037844386,0.5000000000000001,-0.9288394302558068,0.3704825404820963,7.215975002651466,0.0,420.0,0.3690318630660867,0,595.0,1.0005043645276546,Increasing,0.7551020408163265,0.8367346938775511,49,75.51020408163265,False,Normal Increase
situation_20241023_0900_184c9359.pdf,2024-10-23,"Flood, Heavy Rain, Strong Wind, Lightning",3262,,,,,,,,,,489.0,1360.0,0.0,2.0,0.0,0.0,19.0,0.0,0.0,0.0,0.0,0.0,True,grand_total,900,2024-10-23 09:00:00,4,75.0,,3.0,1,1,0,1,1,1,3.5,weather_forecast,0,0,,,,,,,,,,,1,0,0.0,0,0,0,0,161.0,early_warning,general_situation_report,retain,2024-10-23 09:00:00,731,1,1,24.0,2024-10-24 09:00:00,24.0,1362.0,434.0,0.0,0.0,True,7.215975002651466,6.194405391104672,0.0,0.0,24.0,True,940.0,369.0,0.0,0.0,420.0,120.0,0.0,0.3690318630660867,0.0,9,10,297,2,-0.8660254037844386,0.5000000000000001,-0.9223291176290545,0.3864052261209853,7.217443431696533,0.0,2.0,0.0014684290450670545,0,420.0,0.3690318630660867,Increasing,0.66,0.76,50,66.0,False,Normal Increase
situation_20241024_0900_3cb58149.pdf,2024-10-24,"Heavy Rain, Strong Wind",2636,,,,,,,,,,434.0,1362.0,0.0,0.0,0.0,0.0,9.0,1.0,0.0,0.0,0.0,0.0,True,grand_total,900,2024-10-24 09:00:00,6,100.0,45.0,3.0,1,1,1,0,1,1,3.5,weather_forecast,0,0,,,,,,,,,,,1,0,0.0,0,0,0,0,185.0,early_warning,general_situation_report,retain,2024-10-24 09:00:00,732,1,1,24.0,2024-10-25 09:00:00,24.0,12858.0,3472.0,3.0,336.0,True,7.217443431696533,6.075346031088684,0.0,0.0,24.0,True,1360.0,489.0,0.0,0.0,2.0,-55.0,0.0,0.0014684290450670545,0.0,9,10,298,3,-0.8660254037844386,0.5000000000000001,-0.9155458729775467,0.40221356823680365,9.461799234270439,5.820082930352362,11496.0,2.2443558025739057,1,2.0,0.0014684290450670545,Increasing,0.0196078431372549,0.17647058823529413,51,1.9607843137254901,False,Normal Increase
situation_20241025_0900_87746908.pdf,2024-10-25,"Flood, Heavy Rain, Strong Wind, Lightning",4331,,,,,,,,,,3472.0,12858.0,0.0,0.0,0.0,0.0,63.0,0.0,0.0,3.0,97.0,336.0,True,grand_total,900,2024-10-25 09:00:00,5,100.0,45.0,3.0,1,1,1,0,0,1,0.5,heavy_rain,0,0,,,,,,,,,,,1,0,0.0,0,0,0,0,209.0,early_warning,general_situation_report,retain,2024-10-25 09:00:00,733,1,1,24.0,2024-10-27 09:00:00,48.0,12860.0,3511.0,3.0,302.0,True,9.461799234270439,8.152774052744075,1.3862943611198906,5.820082930352362,24.0,True,1362.0,434.0,0.0,0.0,11496.0,3038.0,336.0,2.2443558025739057,5.820082930352362,9,10,299,4,-0.8660254037844386,0.5000000000000001,-0.9084917035725082,0.41790288888678667,9.461954755266087,5.713732805509369,2.0,0.00015552099564786204,1,11496.0,2.2443558025739057,Increasing,0.9038461538461539,0.9038461538461539,52,90.38461538461539,False,Normal Increase
situation_20241027_0900_8cdc03fa.pdf,2024-10-27,"Flood, Heavy Rain, Strong Wind, Lightning",5110,,,,,,,,,,3511.0,12860.0,0.0,0.0,0.0,0.0,77.0,0.0,0.0,3.0,89.0,302.0,True,grand_total,900,2024-10-27 09:00:00,3,75.0,40.0,0.0,1,1,1,0,0,0,3.5,weather_forecast,0,0,,,,,,,,,,,1,0,0.0,0,0,0,0,257.0,early_warning,general_situation_report,retain,2024-10-27 09:00:00,734,1,1,48.0,2024-10-28 09:00:00,24.0,12860.0,3511.0,3.0,302.0,True,9.461954755266087,8.163940954755008,1.3862943611198906,5.713732805509369,48.0,True,12858.0,3472.0,3.0,336.0,2.0,39.0,-34.0,0.00015552099564786204,-0.10635012484299278,9,10,301,6,-0.8660254037844386,0.5000000000000001,-0.8935790198239952,0.4489059314938798,9.461954755266087,5.713732805509369,0.0,0.0,1,2.0,0.00015552099564786204,Increasing,0.038461538461538464,0.019230769230769232,52,1.9230769230769231,False,Normal Increase
situation_20241028_0900_902f1b0c.pdf,2024-10-28,"Flood, Heavy Rain, Strong Wind, Lightning",5101,,,,,,,,,,3511.0,12860.0,0.0,0.0,0.0,0.0,77.0,0.0,0.0,3.0,89.0,302.0,True,grand_total,900,2024-10-28 09:00:00,3,50.0,40.0,0.0,1,1,1,0,0,0,3.5,weather_forecast,0,0,,,,,,,,,,,1,0,0.0,0,0,0,0,281.0,early_warning,general_situation_report,retain,2024-10-28 09:00:00,735,1,1,24.0,2024-10-29 09:00:00,24.0,11880.0,3207.0,3.0,302.0,True,9.461954755266087,8.163940954755008,1.3862943611198906,5.713732805509369,24.0,True,12860.0,3511.0,3.0,302.0,0.0,0.0,0.0,0.0,0.0,9,10,302,0,-0.8660254037844386,0.5000000000000001,-0.8857249183835637,0.4642104791518923,9.382695764458287,5.713732805509369,-980.0,-0.07925899080779963,1,0.0,0.0,Stable,0.0,0.0,52,0.0,False,Stable
situation_20241029_0900_5c616a84.pdf,2024-10-29,"Flood, Heavy Rain, Strong Wind, Lightning",5113,,,,,,,,,,3207.0,11880.0,0.0,0.0,0.0,0.0,79.0,0.0,0.0,3.0,89.0,302.0,True,grand_total,900,2024-10-29 09:00:00,3,,40.0,0.0,0,1,1,0,0,0,3.5,weather_forecast,0,0,,,,,,,,,,,1,0,0.0,0,0,0,0,305.0,early_warning,general_situation_report,retain,2024-10-29 09:00:00,736,1,1,24.0,2024-10-30 09:00:00,24.0,11219.0,3045.0,0.0,0.0,True,9.382695764458287,8.073402968986406,1.3862943611198906,5.713732805509369,24.0,True,12860.0,3511.0,3.0,302.0,-980.0,-304.0,0.0,-0.07925899080779963,0.0,9,10,303,1,-0.8660254037844386,0.5000000000000001,-0.8776087166898392,0.4793776594606945,9.325453179076687,0.0,-661.0,-0.05724258538159965,0,-980.0,-0.07925899080779963,Decreasing,0.0,0.0,52,0.0,False,Decrease
situation_20241030_0900_09c8353d.pdf,2024-10-30,"Flood, Heavy Rain",3106,,,,,,,,,,3045.0,11219.0,0.0,0.0,0.0,0.0,15.0,0.0,0.0,0.0,0.0,0.0,True,grand_total,900,2024-10-30 09:00:00,3,75.0,,0.0,1,1,0,0,0,0,3.5,weather_forecast,0,0,,,,,,,,,,,1,0,0.0,0,0,0,0,329.0,early_warning,general_situation_report,retain,2024-10-30 09:00:00,737,1,1,24.0,2024-10-31 09:00:00,24.0,11225.0,3045.0,0.0,0.0,True,9.325453179076687,8.021584533455107,0.0,0.0,24.0,True,11880.0,3207.0,3.0,302.0,-661.0,-162.0,-302.0,-0.05724258538159965,-5.713732805509369,9,10,304,2,-0.8660254037844386,0.5000000000000001,-0.8692328164574792,0.49440298420761813,9.325987795502144,0.0,6.0,0.0005346164254564911,0,-661.0,-0.05724258538159965,Decreasing,0.0,0.0,52,0.0,False,Decrease
situation_20241031_0900_42fa601b.pdf,2024-10-31,"Flood, Heavy Rain, Strong Wind",3190,,,,,,,,,,3045.0,11225.0,0.0,0.0,0.0,0.0,19.0,0.0,0.0,0.0,0.0,0.0,True,grand_total,900,2024-10-31 09:00:00,3,75.0,,0.0,1,1,0,0,0,0,3.5,weather_forecast,0,0,,,,,,,,,,,1,0,0.0,0,0,0,0,353.0,early_warning,general_situation_report,retain,2024-10-31 09:00:00,738,1,1,24.0,2024-11-01 09:00:00,24.0,11264.0,3056.0,0.0,0.0,True,9.325987795502144,8.021584533455107,0.0,0.0,24.0,True,11219.0,3045.0,0.0,0.0,6.0,0.0,0.0,0.0005346164254564911,0.0,9,10,305,3,-0.8660254037844386,0.5000000000000001,-0.8605996962501181,0.5092820071573356,9.329455852866344,0.0,39.0,0.0034680573642003054,0,6.0,0.0005346164254564911,Increasing,0.09615384615384616,0.11538461538461539,52,9.615384615384617,False,Normal Increase
situation_20241101_0900_3c826a83.pdf,2024-11-01,"Flood, Heavy Rain, Strong Wind, Lightning",3244,,,,,,,,,,3056.0,11264.0,1.0,1.0,0.0,0.0,29.0,0.0,0.0,0.0,0.0,0.0,True,grand_total,900,2024-11-01 09:00:00,4,100.0,,2.0,1,1,0,0,0,0,3.5,weather_forecast,0,0,,,,,,,,,,,1,0,0.0,0,0,0,0,377.0,early_warning,general_situation_report,retain,2024-11-01 09:00:00,739,1,1,24.0,2024-11-02 09:00:00,24.0,583.0,177.0,0.0,0.0,True,9.329455852866344,8.025189321890835,0.0,0.0,24.0,True,11225.0,3045.0,0.0,0.0,39.0,11.0,0.0,0.0034680573642003054,0.0,9,11,306,4,-0.5000000000000004,0.8660254037844384,-0.8517119107469189,0.5240103253675756,6.369900982828227,0.0,-10681.0,-2.959554870038117,0,39.0,0.0034680573642003054,Increasing,0.40384615384615385,0.23076923076923078,52,23.076923076923077,False,Normal Increase
situation_20241102_0900_166485e0.pdf,2024-11-02,"Flood, Heavy Rain, Strong Wind, Lightning",3353,,,,,,,,,,177.0,583.0,1.0,1.0,0.0,0.0,49.0,1.0,0.0,0.0,0.0,0.0,True,grand_total,900,2024-11-02 09:00:00,4,100.0,,2.0,1,1,0,0,0,0,3.5,weather_forecast,0,0,,,,,,,,,,,1,1,2.0,3,4,0,5,14.0,early_warning,general_situation_report,retain,2024-11-02 09:00:00,740,1,1,24.0,2024-11-03 09:00:00,24.0,407.0,126.0,0.0,0.0,True,6.369900982828227,5.181783550292085,0.0,0.0,24.0,True,11264.0,3056.0,0.0,0.0,-10681.0,-2879.0,0.0,-2.959554870038117,0.0,9,11,307,5,-0.5000000000000004,0.8660254037844384,-0.8425720899866032,0.5385835804920232,6.0112671744041615,0.0,-176.0,-0.35863380842406567,0,-10681.0,-2.959554870038117,Decreasing,0.0,0.0,52,0.0,False,Decrease
situation_20241103_0900_87a078d2.pdf,2024-11-03,"Flood, Heavy Rain",2589,,,,,,,,,,126.0,407.0,0.0,0.0,0.0,0.0,15.0,1.0,1.0,0.0,0.0,0.0,True,grand_total,900,2024-11-03 09:00:00,2,100.0,,0.0,1,1,0,0,0,0,3.5,weather_forecast,0,0,,,,,,,,,,,1,1,2.0,6,5,0,8,16.0,early_warning,general_situation_report,retain,2024-11-03 09:00:00,741,1,1,24.0,2024-11-04 09:00:00,24.0,983.0,270.0,0.0,0.0,True,6.0112671744041615,4.844187086458591,0.0,0.0,24.0,True,583.0,177.0,0.0,0.0,-176.0,-51.0,0.0,-0.35863380842406567,0.0,9,11,308,6,-0.5000000000000004,0.8660254037844384,-0.8331829385891785,0.5529974600700271,6.891625897052253,0.0,576.0,0.8803587226480918,0,-176.0,-0.35863380842406567,Decreasing,0.0,0.0,52,0.0,False,Decrease
situation_20241104_0900_01fb72d9.pdf,2024-11-04,Flood,2379,,,,,,,,,,270.0,983.0,0.0,0.0,0.0,0.0,16.0,1.0,0.0,0.0,0.0,0.0,True,grand_total,900,2024-11-04 09:00:00,4,100.0,,2.0,1,1,0,0,0,0,3.5,weather_forecast,0,0,,,,,,,,,,,1,1,2.0,6,5,0,8,17.0,early_warning,general_situation_report,retain,2024-11-04 09:00:00,742,1,1,24.0,2024-11-05 09:00:00,24.0,317.0,84.0,0.0,0.0,True,6.891625897052253,5.602118820879701,0.0,0.0,24.0,True,407.0,126.0,0.0,0.0,576.0,144.0,0.0,0.8803587226480918,0.0,9,11,309,0,-0.5000000000000004,0.8660254037844384,-0.8235472349556007,0.5672476988027229,5.762051382780177,0.0,-666.0,-1.1295745142720763,0,576.0,0.8803587226480918,Increasing,0.7307692307692307,0.7884615384615384,52,73.07692307692307,False,Normal Increase
situation_20241105_0900_498eb861.pdf,2024-11-05,"Flood, Heavy Rain, Lightning",3314,,,,,,,,,,84.0,317.0,0.0,0.0,0.0,0.0,79.0,1.0,1.0,0.0,0.0,0.0,True,grand_total,900,2024-11-05 09:00:00,5,100.0,,2.0,1,1,0,0,0,0,3.5,weather_forecast,0,0,,,,,,,,,,,1,1,2.0,8,2,0,8,17.0,early_warning,general_situation_report,retain,2024-11-05 09:00:00,743,1,1,24.0,2024-11-07 09:00:00,48.0,1602.0,424.0,0.0,0.0,True,5.762051382780177,4.442651256490317,0.0,0.0,24.0,True,983.0,270.0,0.0,0.0,-666.0,-186.0,0.0,-1.1295745142720763,0.0,9,11,310,1,-0.5000000000000004,0.8660254037844384,-0.8136678304455991,0.5813300798152042,7.3796321526095525,0.0,1285.0,1.6175807698293756,0,-666.0,-1.1295745142720763,Decreasing,0.0,0.0,53,0.0,False,Decrease
situation_20241107_0900_1106db53.pdf,2024-11-07,"Flood, Landslide, Heavy Rain, Strong Wind, Lightning",3468,,,,,,,,,,424.0,1602.0,0.0,0.0,0.0,0.0,17.0,0.0,0.0,0.0,0.0,0.0,True,grand_total,900,2024-11-07 09:00:00,3,50.0,,0.0,1,1,0,0,0,0,3.5,weather_forecast,0,0,,,,,,,,,,,1,1,2.0,8,2,0,8,17.0,early_warning,general_situation_report,retain,2024-11-07 09:00:00,744,1,1,48.0,2024-11-08 09:00:00,24.0,1057.0,277.0,0.0,0.0,True,7.3796321526095525,6.052089168924417,0.0,0.0,48.0,True,317.0,84.0,0.0,0.0,1285.0,340.0,0.0,1.6175807698293756,0.0,9,11,312,3,-0.5000000000000004,0.8660254037844384,-0.7931896839451843,0.6089746507720486,6.964135612418245,0.0,-545.0,-0.4154965401913078,0,1285.0,1.6175807698293756,Increasing,0.8301886792452831,0.8490566037735849,53,83.01886792452831,False,Normal Increase
situation_20241108_0900_d0f11cc8.pdf,2024-11-08,"Flood, Strong Wind",2728,,,,,,,,,,277.0,1057.0,0.0,0.0,0.0,0.0,7.0,0.0,0.0,0.0,0.0,0.0,True,grand_total,900,2024-11-08 09:00:00,4,100.0,,2.0,1,1,0,0,0,0,3.5,weather_forecast,0,0,,,,,,,,,,,1,1,1.0,3,0,0,3,17.0,early_warning,general_situation_report,retain,2024-11-08 09:00:00,745,1,1,24.0,2024-11-09 09:00:00,24.0,12257.0,3346.0,0.0,0.0,True,6.964135612418245,5.627621113690637,0.0,0.0,24.0,True,1602.0,424.0,0.0,0.0,-545.0,-147.0,0.0,-0.4154965401913078,0.0,9,11,313,4,-0.5000000000000004,0.8660254037844384,-0.7825970017677834,0.6225286602431057,9.413934064045677,0.0,11200.0,2.449798451627432,0,-545.0,-0.4154965401913078,Decreasing,0.0,0.0,53,0.0,False,Decrease
situation_20241109_0900_746c98f4.pdf,2024-11-09,"Flood, Heavy Rain, Strong Wind",2994,,,,,,,,,,3346.0,12257.0,0.0,0.0,0.0,0.0,7.0,0.0,0.0,0.0,0.0,0.0,True,grand_total,900,2024-11-09 09:00:00,5,150.0,,3.0,1,1,0,0,0,0,3.5,weather_forecast,0,0,,,,,,,,,,,1,1,1.0,6,0,0,6,17.0,early_warning,general_situation_report,retain,2024-11-09 09:00:00,746,1,1,24.0,2024-11-10 09:00:00,24.0,23924.0,6897.0,3.0,322.0,True,9.413934064045677,8.115819701211327,0.0,0.0,24.0,True,1057.0,277.0,0.0,0.0,11200.0,3069.0,0.0,2.449798451627432,0.0,9,11,314,5,-0.5000000000000004,0.8660254037844384,-0.7717727365467836,0.6358984534680745,10.082679216321155,5.777652323222656,11667.0,0.6687451522754788,1,11200.0,2.449798451627432,Increasing,0.8867924528301887,0.9056603773584906,53,88.67924528301887,False,Normal Increase
situation_20241110_0900_2e11e2f7.pdf,2024-11-10,"Flood, Strong Wind, Lightning",3450,,,,,,,,,,6897.0,23924.0,0.0,0.0,0.0,0.0,14.0,0.0,1.0,3.0,90.0,322.0,True,grand_total,900,2024-11-10 09:00:00,3,50.0,,0.0,1,1,0,0,0,0,3.5,weather_forecast,0,0,,,,,,,,,,,1,0,0.0,0,0,0,0,10.0,early_warning,general_situation_report,retain,2024-11-10 09:00:00,747,1,1,24.0,2024-11-11 09:00:00,24.0,17551.0,5180.0,1.0,2.0,True,10.082679216321155,8.838986793496787,1.3862943611198906,5.777652323222656,24.0,True,12257.0,3346.0,0.0,0.0,11667.0,3551.0,322.0,0.6687451522754788,5.777652323222656,9,11,315,6,-0.5000000000000004,0.8660254037844384,-0.7607200913564104,0.6490800741100398,9.772923182515012,1.0986122886681098,-6373.0,-0.3097560338061438,1,11667.0,0.6687451522754788,Increasing,0.9074074074074074,0.7222222222222222,54,72.22222222222221,False,Normal Increase
situation_20241111_0900_d430b0a2.pdf,2024-11-11,"Flood, Strong Wind, Lightning",3079,,,,,,,,,,5180.0,17551.0,0.0,0.0,0.0,0.0,11.0,0.0,0.0,1.0,1.0,2.0,True,grand_total,900,2024-11-11 09:00:00,3,50.0,,0.0,1,1,0,0,0,0,3.5,weather_forecast,0,0,,,,,,,,,,,1,1,1.0,3,0,0,3,17.0,early_warning,general_situation_report,retain,2024-11-11 09:00:00,748,1,1,24.0,2024-11-12 09:00:00,24.0,17491.0,5167.0,1.0,2.0,True,9.772923182515012,8.552753366814787,0.6931471805599453,1.0986122886681098,24.0,True,23924.0,6897.0,3.0,322.0,-6373.0,-1717.0,-320.0,-0.3097560338061438,-4.679040034554546,9,11,316,0,-0.5000000000000004,0.8660254037844384,-0.7494423368521954,0.6620696215153815,9.76949891253281,1.0986122886681098,-60.0,-0.0034242699822009115,1,-6373.0,-0.3097560338061438,Decreasing,0.0,0.0,55,0.0,False,Decrease
situation_20241112_0900_d4cbf20f.pdf,2024-11-12,"Flood, Heavy Rain, Strong Wind, Lightning",4116,,,,,,,,,,5167.0,17491.0,0.0,0.0,0.0,1.0,49.0,0.0,0.0,1.0,1.0,2.0,True,grand_total,900,2024-11-12 09:00:00,3,50.0,,0.0,1,1,0,0,0,0,3.5,weather_forecast,0,0,,,,,,,,,,,1,0,0.0,0,0,0,0,41.0,early_warning,general_situation_report,retain,2024-11-12 09:00:00,749,1,1,24.0,2024-11-13 09:00:00,24.0,9089.0,2648.0,1.0,2.0,True,9.76949891253281,8.550241045462437,0.6931471805599453,1.0986122886681098,24.0,True,17551.0,5180.0,1.0,2.0,-60.0,-13.0,0.0,-0.0034242699822009115,0.0,9,11,317,1,-0.5000000000000004,0.8660254037844384,-0.7379428103031386,0.6748632518680403,9.114930187171524,1.0986122886681098,-8402.0,-0.6545687253612869,1,-60.0,-0.0034242699822009115,Decreasing,0.0,0.0,54,0.0,False,Decrease
situation_20241113_0900_a1569fa2.pdf,2024-11-13,"Flood, Strong Wind, Lightning",3505,,,,,,,,,,2648.0,9089.0,1.0,0.0,0.0,0.0,17.0,0.0,1.0,1.0,1.0,2.0,True,grand_total,900,2024-11-13 09:00:00,3,100.0,,0.0,1,1,0,0,0,0,3.5,weather_forecast,0,0,,,,,,,,,,,1,0,0.0,0,0,0,0,65.0,early_warning,general_situation_report,retain,2024-11-13 09:00:00,750,1,1,24.0,2024-11-14 09:00:00,24.0,9210.0,2678.0,1.0,2.0,True,9.114930187171524,7.88193748927207,0.6931471805599453,1.0986122886681098,24.0,True,17491.0,5167.0,1.0,2.0,-8402.0,-2519.0,0.0,-0.6545687253612869,0.0,9,11,318,2,-0.5000000000000004,0.8660254037844384,-0.7262249146041543,0.6874571793269664,9.128153700988236,1.0986122886681098,121.0,0.01322351381671183,1,-8402.0,-0.6545687253612869,Decreasing,0.0,0.0,54,0.0,False,Decrease
situation_20241114_0900_bec669f0.pdf,2024-11-14,"Flood, Heavy Rain, Strong Wind, Lightning",3187,,,,,,,,,,2678.0,9210.0,1.0,0.0,0.0,0.0,44.0,2.0,0.0,1.0,1.0,2.0,True,grand_total,900,2024-11-14 09:00:00,4,100.0,,2.0,1,1,0,0,0,0,3.5,weather_forecast,0,0,,,,,,,,,,,1,0,0.0,0,0,0,0,89.0,early_warning,general_situation_report,retain,2024-11-14 09:00:00,751,1,1,24.0,2024-11-15 09:00:00,24.0,9255.0,2692.0,1.0,2.0,True,9.128153700988236,7.893198869544609,0.6931471805599453,1.0986122886681098,24.0,True,9089.0,2648.0,1.0,2.0,121.0,30.0,0.0,0.01322351381671183,0.0,9,11,319,3,-0.5000000000000004,0.8660254037844384,-0.7142921172691032,0.699847677146407,9.133027268873512,1.0986122886681098,45.0,0.004873567885276486,1,121.0,0.01322351381671183,Increasing,0.4528301886792453,0.39622641509433965,53,39.62264150943396,False,Normal Increase
situation_20241115_0900_85deb186.pdf,2024-11-15,"Flood, Heavy Rain, Strong Wind, Lightning",3335,,,,,,,,,,2692.0,9255.0,2.0,3.0,0.0,0.0,57.0,2.0,0.0,1.0,1.0,2.0,True,grand_total,900,2024-11-15 09:00:00,4,100.0,,2.0,1,1,0,0,0,0,3.5,weather_forecast,0,0,,,,,,,,,,,1,0,0.0,0,0,0,0,113.0,early_warning,general_situation_report,retain,2024-11-15 09:00:00,752,1,1,24.0,2024-11-16 09:00:00,24.0,9066.0,2647.0,1.0,2.0,True,9.133027268873512,7.898411092811599,0.6931471805599453,1.0986122886681098,24.0,True,9210.0,2678.0,1.0,2.0,45.0,14.0,0.0,0.004873567885276486,0.0,9,11,320,4,-0.5000000000000004,0.8660254037844384,-0.7021479494046978,0.7120310787787131,9.112396727646056,1.0986122886681098,-189.0,-0.020630541227456334,1,45.0,0.004873567885276486,Increasing,0.35185185185185186,0.25925925925925924,54,25.925925925925924,False,Normal Increase
situation_20241116_0900_3daef940.pdf,2024-11-16,Flood,2987,,,,,,,,,,2647.0,9066.0,2.0,3.0,0.0,0.0,14.0,0.0,0.0,1.0,1.0,2.0,True,grand_total,900,2024-11-16 09:00:00,4,75.0,,2.0,1,1,0,0,0,0,3.5,weather_forecast,0,0,,,,,,,,,,,1,1,2.0,5,1,0,5,13.0,early_warning,general_situation_report,retain,2024-11-16 09:00:00,753,1,1,24.0,2024-11-17 09:00:00,24.0,0.0,0.0,1.0,2.0,True,9.112396727646056,7.881559917056899,0.6931471805599453,1.0986122886681098,24.0,True,9255.0,2692.0,1.0,2.0,-189.0,-45.0,0.0,-0.020630541227456334,0.0,9,11,321,5,-0.5000000000000004,0.8660254037844384,-0.6897960046655887,0.7240037789593305,0.0,1.0986122886681098,-9066.0,-9.112396727646056,1,-189.0,-0.020630541227456334,Decreasing,0.0,0.0,54,0.0,False,Decrease
situation_20241117_0900_e2d5d963.pdf,2024-11-17,Flood,2317,,,,,,,,,,0.0,0.0,0.0,0.0,0.0,0.0,0.0,0.0,0.0,1.0,1.0,2.0,True,grand_total,900,2024-11-17 09:00:00,3,75.0,,0.0,1,1,0,0,0,0,3.5,weather_forecast,0,0,,,,,,,,,,,1,1,2.0,5,1,0,5,17.0,early_warning,general_situation_report,retain,2024-11-17 09:00:00,754,1,1,24.0,2024-11-18 09:00:00,24.0,0.0,0.0,1.0,2.0,True,0.0,0.0,0.6931471805599453,1.0986122886681098,24.0,True,9066.0,2647.0,1.0,2.0,-9066.0,-2647.0,0.0,-9.112396727646056,0.0,9,11,322,6,-0.5000000000000004,0.8660254037844384,-0.6772399381909491,0.7357622347736527,0.0,1.0986122886681098,0.0,0.0,1,-9066.0,-9.112396727646056,Decreasing,0.0,0.0,53,0.0,False,Decrease
situation_20241118_0900_fb3b62c4.pdf,2024-11-18,Flood,2298,,,,,,,,,,0.0,0.0,0.0,0.0,0.0,0.0,0.0,0.0,0.0,1.0,1.0,2.0,True,grand_total,900,2024-11-18 09:00:00,3,75.0,,0.0,1,1,0,0,0,0,3.5,weather_forecast,0,0,,,,,,,,,,,1,1,1.0,5,0,0,5,17.0,early_warning,general_situation_report,retain,2024-11-18 09:00:00,755,1,1,24.0,2024-11-19 09:00:00,24.0,1643.0,454.0,0.0,0.0,True,0.0,0.0,0.6931471805599453,1.0986122886681098,24.0,True,0.0,0.0,1.0,2.0,0.0,0.0,0.0,0.0,0.0,9,11,323,0,-0.5000000000000004,0.8660254037844384,-0.6644834655228552,0.7473029667054296,7.404887575616125,0.0,1643.0,7.404887575616125,0,0.0,0.0,Stable,0.0,0.0,52,0.0,False,Stable
situation_20241119_0900_a903b8fc.pdf,2024-11-19,"Flood, Heavy Rain, Strong Wind, Lightning",3615,,,,,,,,,,454.0,1643.0,2.0,0.0,0.0,3.0,36.0,20.0,0.0,0.0,0.0,0.0,True,grand_total,900,2024-11-19 09:00:00,4,100.0,,2.0,1,1,0,0,0,0,3.5,weather_forecast,0,0,,,,,,,,,,,1,1,2.0,3,2,0,4,11.0,warning,general_situation_report,retain,2024-11-19 09:00:00,756,1,1,24.0,2024-11-20 09:00:00,24.0,1981.0,502.0,0.0,0.0,True,7.404887575616125,6.12029741895095,0.0,0.0,24.0,True,0.0,0.0,1.0,2.0,1643.0,454.0,-2.0,7.404887575616125,-1.0986122886681098,9,11,324,1,-0.5000000000000004,0.8660254037844384,-0.6515303615068021,0.75862255966641,7.591861714889934,0.0,338.0,0.18697413927380868,0,1643.0,7.404887575616125,Increasing,0.8076923076923077,1.0,52,80.76923076923077,False,Normal Increase
situation_20241120_0900_3e7f8041.pdf,2024-11-20,"Flood, Landslide, Heavy Rain, Strong Wind, Lightning",4242,,,,,,,,,,502.0,1981.0,0.0,0.0,0.0,0.0,83.0,25.0,0.0,0.0,0.0,0.0,True,grand_total,900,2024-11-20 09:00:00,5,100.0,,2.0,1,1,0,1,1,0,3.5,weather_forecast,0,0,,,,,,,,,,,1,1,2.0,2,2,0,4,17.0,early_warning,general_situation_report,retain,2024-11-20 09:00:00,757,1,1,24.0,2024-11-21 09:00:00,24.0,2091.0,580.0,0.0,0.0,True,7.591861714889934,6.220590170099739,0.0,0.0,24.0,True,1643.0,454.0,0.0,0.0,338.0,48.0,0.0,0.18697413927380868,0.0,9,11,325,2,-0.5000000000000004,0.8660254037844384,-0.6383844591746642,0.7697176640069211,7.645875825184813,0.0,110.0,0.05401411029487946,0,338.0,0.18697413927380868,Increasing,0.5660377358490566,0.6226415094339622,53,56.60377358490566,False,Normal Increase
situation_20241121_0900_c638c694.pdf,2024-11-21,"Flood, Landslide, Heavy Rain, Strong Wind, Lightning",4473,,,,,,,,,,580.0,2091.0,1.0,0.0,1.0,0.0,46.0,21.0,0.0,0.0,0.0,0.0,True,grand_total,900,2024-11-21 09:00:00,4,100.0,,2.0,1,1,0,1,1,0,3.5,weather_forecast,0,0,,,,,,,,,,,1,1,1.0,5,0,0,5,17.0,early_warning,general_situation_report,retain,2024-11-21 09:00:00,758,1,1,24.0,2024-11-22 09:00:00,24.0,3877.0,1026.0,0.0,0.0,True,7.645875825184813,6.364750756851911,0.0,0.0,24.0,True,1981.0,502.0,0.0,0.0,110.0,78.0,0.0,0.05401411029487946,0.0,9,11,326,3,-0.5000000000000004,0.8660254037844384,-0.6250496486104377,0.7805849965070866,8.263074835802596,0.0,1786.0,0.6171990106177834,0,110.0,0.05401411029487946,Increasing,0.4074074074074074,0.5555555555555556,54,40.74074074074074,False,Normal Increase
situation_20241122_0900_ec6b6559.pdf,2024-11-22,"Flood, Heavy Rain, Lightning",3492,,,,,,,,,,1026.0,3877.0,1.0,0.0,0.0,0.0,32.0,17.0,0.0,0.0,0.0,0.0,True,grand_total,900,2024-11-22 09:00:00,4,100.0,40.0,2.0,1,1,1,1,1,0,3.5,weather_forecast,0,0,,,,,,,,,,,1,1,1.0,3,0,0,3,17.0,early_warning,general_situation_report,retain,2024-11-22 09:00:00,759,1,1,24.0,2024-11-23 09:00:00,24.0,7401.0,2010.0,0.0,0.0,True,8.263074835802596,6.934397209928558,0.0,0.0,24.0,True,2091.0,580.0,0.0,0.0,1786.0,446.0,0.0,0.6171990106177834,0.0,9,11,327,4,-0.5000000000000004,0.8660254037844384,-0.6115298757991053,0.7912213413483807,8.909505512946101,0.0,3524.0,0.6464306771435044,0,1786.0,0.6171990106177834,Increasing,0.8148148148148148,0.6851851851851852,54,68.51851851851852,False,Normal Increase
situation_20241123_0900_528dc736.pdf,2024-11-23,"Flood, Heavy Rain, Strong Wind, Lightning",3587,,,,,,,,,,2010.0,7401.0,0.0,0.0,0.0,0.0,39.0,0.0,0.0,0.0,0.0,0.0,True,grand_total,900,2024-11-23 09:00:00,3,100.0,,0.0,1,1,0,0,1,0,3.5,weather_forecast,0,0,,,,,,,,,,,1,1,1.0,4,0,0,4,17.0,early_warning,general_situation_report,retain,2024-11-23 09:00:00,760,1,1,24.0,2024-11-24 09:00:00,24.0,15622.0,4184.0,5.0,399.0,True,8.909505512946101,7.606387389772652,0.0,0.0,24.0,True,3877.0,1026.0,0.0,0.0,3524.0,984.0,0.0,0.6464306771435044,0.0,9,11,328,5,-0.5000000000000004,0.8660254037844384,-0.5978291414589552,0.801623551065242,9.656499466411903,5.991464547107982,8221.0,0.7469939534658021,1,3524.0,0.6464306771435044,Increasing,0.8518518518518519,0.7037037037037037,54,70.37037037037037,False,Normal Increase
situation_20241124_0900_256964b1.pdf,2024-11-24,"Flood, Heavy Rain, Strong Wind, Lightning",3645,,,,,,,,,,4184.0,15622.0,0.0,0.0,0.0,1.0,44.0,0.0,0.0,5.0,122.0,399.0,True,grand_total,900,2024-11-24 09:00:00,3,150.0,40.0,0.0,1,1,1,0,1,0,2.7333333333333334,weather_forecast,0,0,,,,,,,,,,,1,1,1.0,5,0,0,5,17.0,early_warning,general_situation_report,retain,2024-11-24 09:00:00,761,1,1,24.0,2024-11-25 09:00:00,24.0,16287.0,4410.0,14.0,1136.0,True,9.656499466411903,8.339261982923576,1.791759469228055,5.991464547107982,24.0,True,7401.0,2010.0,0.0,0.0,8221.0,2174.0,399.0,0.7469939534658021,5.991464547107982,9,11,329,6,-0.5000000000000004,0.8660254037844384,-0.5839514998576998,0.8117885474764613,9.69818391935025,7.036148493750536,665.0,0.04168445293834644,1,8221.0,0.7469939534658021,Increasing,0.8545454545454545,0.7272727272727273,55,72.72727272727273,False,Normal Increase
situation_20241125_0900_fc76c239.pdf,2024-11-25,"Flood, Heavy Rain, Strong Wind, Lightning",4337,,,,,,,,,,4410.0,16287.0,0.0,0.0,0.0,1.0,48.0,0.0,0.0,14.0,330.0,1136.0,True,grand_total,900,2024-11-25 09:00:00,3,150.0,45.0,0.0,1,1,1,1,1,0,3.5,weather_forecast,0,0,,,,,,,,,,,1,1,1.0,6,0,0,6,17.0,early_warning,general_situation_report,retain,2024-11-25 09:00:00,762,1,1,24.0,2024-11-26 09:00:00,24.0,55561.0,15713.0,22.0,1731.0,True,9.69818391935025,8.39185670010494,2.70805020110221,7.036148493750536,24.0,True,15622.0,4184.0,5.0,399.0,665.0,226.0,737.0,0.04168445293834644,1.0446839466425546,9,11,330,0,-0.5000000000000004,0.8660254037844384,-0.5699010576127624,0.8217133225960589,10.92525479334063,7.4570320891223805,39274.0,1.22707087399038,1,665.0,0.04168445293834644,Increasing,0.6785714285714286,0.5,56,50.0,False,Normal Increase
situation_20241126_0900_ea563072.pdf,2024-11-26,"Flood, Heavy Rain, Strong Wind, Lightning",6252,,,,,,,,,,15713.0,55561.0,0.0,0.0,0.0,1.0,131.0,19.0,0.0,22.0,535.0,1731.0,True,grand_total,900,2024-11-26 09:00:00,7,200.0,70.0,3.0,1,1,1,1,1,0,1.0,depression,0,0,,,,,,,,,,,1,0,0.0,0,0,0,0,9.0,early_warning,general_situation_report,retain,2024-11-26 09:00:00,763,1,1,24.0,2024-11-27 09:00:00,24.0,207582.0,59269.0,101.0,10137.0,True,10.92525479334063,9.662307313735766,3.1354942159291497,7.4570320891223805,24.0,True,16287.0,4410.0,14.0,1136.0,39274.0,11303.0,595.0,1.22707087399038,0.42088359537184417,9,11,331,1,-0.5000000000000004,0.8660254037844384,-0.5556819724760489,0.8313949395234058,12.243286538674218,9.224046019032295,152021.0,1.3180317453335881,1,39274.0,1.22707087399038,Increasing,0.9824561403508771,0.8245614035087719,57,82.45614035087719,False,Normal Increase
situation_20241127_0900_3c42d9e4.pdf,2024-11-27,"Flood, Heavy Rain, Strong Wind, Lightning",11244,,,,,,,,,,59269.0,207582.0,1.0,8.0,7.0,6.0,561.0,57.0,178.0,101.0,3102.0,10137.0,True,grand_total,900,2024-11-27 09:00:00,7,150.0,70.0,3.0,1,1,1,0,1,1,2.0,rain_related,0,0,,,,,,,,,,,1,1,3.0,7,5,3,10,12.0,early_warning,general_situation_report,retain,2024-11-27 09:00:00,764,1,1,24.0,2024-11-28 16:00:00,31.0,377511.0,113052.0,311.0,32695.0,True,12.243286538674218,10.989858554781884,4.624972813284271,9.224046019032295,24.0,True,55561.0,15713.0,22.0,1731.0,152021.0,43556.0,8406.0,1.3180317453335881,1.7670139299099148,9,11,332,2,-0.5000000000000004,0.8660254037844384,-0.5412984521036173,0.8408305333122887,12.841357635245457,10.395008025244113,169929.0,0.598071096571239,1,152021.0,1.3180317453335881,Increasing,1.0,0.8245614035087719,57,82.45614035087719,False,Normal Increase
situation_20241128_1600_11c4a2cc.pdf,2024-11-28,"Flood, Landslide, Heavy Rain, Strong Wind",14110,,,,,,,,,,113052.0,377511.0,12.0,17.0,1.0,91.0,1662.0,51.0,178.0,311.0,10431.0,32695.0,True,grand_total,1600,2024-11-28 16:00:00,8,150.0,70.0,3.0,1,1,1,0,1,1,0.0,weather_forecast,0,0,,,,,,,,,,,1,1,3.0,7,4,4,9,0.0,early_warning,general_situation_report,retain,2024-11-28 16:00:00,765,1,1,31.0,2024-11-29 14:00:00,22.0,441373.0,132071.0,338.0,37863.0,True,12.841357635245457,11.635612014284579,5.7430031878094825,10.395008025244113,31.0,True,207582.0,59269.0,101.0,10137.0,169929.0,53783.0,22558.0,0.598071096571239,1.170962006211818,16,11,333,3,-0.5000000000000004,0.8660254037844384,-0.5267547528105542,0.8500173118187018,12.997647867580996,10.541756071586084,63862.0,0.15629023233553951,1,169929.0,0.598071096571239,Increasing,1.0,0.6379310344827587,58,63.793103448275865,False,Normal Increase
situation_20241129_1400_a7de2adb.pdf,2024-11-29,"Flood, Heavy Rain, Strong Wind, Lightning",14458,,,,,,,,,,132071.0,441373.0,14.0,19.0,1.0,99.0,2082.0,10.0,9.0,338.0,12054.0,37863.0,True,grand_total,1400,2024-11-29 14:00:00,8,100.0,70.0,3.0,1,1,1,1,1,1,2.0,weather_forecast,0,0,,,,,,,,,,,1,1,3.0,7,4,4,9,22.0,early_warning,general_situation_report,retain,2024-11-29 14:00:00,766,1,1,22.0,2024-11-30 12:00:00,22.0,465746.0,138944.0,245.0,29596.0,True,12.997647867580996,11.791102507407704,5.82600010738045,10.541756071586084,22.0,True,377511.0,113052.0,311.0,32695.0,63862.0,19019.0,5168.0,0.15629023233553951,0.1467480463419708,14,11,334,4,-0.5000000000000004,0.8660254037844384,-0.5120551783114646,0.8589525565270845,13.051397847219258,10.295428283824405,24373.0,0.05374997963826189,1,63862.0,0.15629023233553951,Increasing,0.9482758620689655,0.5689655172413793,58,56.896551724137936,False,Normal Increase
situation_20241130_1200_1e1bd766.pdf,2024-11-30,"Flood, Heavy Rain, Strong Wind, Lightning",13826,,,,,,,,,,138944.0,465746.0,16.0,19.0,0.0,98.0,2333.0,10.0,9.0,245.0,8984.0,29596.0,True,grand_total,1200,2024-11-30 12:00:00,7,100.0,70.0,3.0,1,1,1,0,1,1,0.0,weather_forecast,0,0,,,,,,,,,,,1,1,2.0,7,5,0,9,20.0,early_warning,general_situation_report,retain,2024-11-30 12:00:00,767,1,1,22.0,2024-12-01 12:00:00,24.0,471249.0,139934.0,135.0,15464.0,True,13.051397847219258,11.841833450356237,5.5053315359323625,10.295428283824405,22.0,True,441373.0,132071.0,338.0,37863.0,24373.0,6873.0,-8267.0,0.05374997963826189,-0.24632778776167896,12,11,335,5,-0.5000000000000004,0.8660254037844384,-0.4972040784469378,0.8676336233547726,13.063144017744358,9.64633468511917,5503.0,0.011746170525100297,1,24373.0,0.05374997963826189,Increasing,0.9137931034482759,0.4827586206896552,58,48.275862068965516,False,Normal Increase
situation_20241201_1200_53f35672.pdf,2024-12-01,"Flood, Heavy Rain, Strong Wind, Lightning",13640,,,,,,,,,,139934.0,471249.0,17.0,19.0,0.0,100.0,2379.0,10.0,9.0,135.0,4745.0,15464.0,True,grand_total,1200,2024-12-01 12:00:00,7,50.0,55.0,2.0,1,1,1,0,1,1,0.0,weather_forecast,0,0,,,,,,,,,,,1,1,2.0,7,5,0,9,20.0,early_warning,general_situation_report,retain,2024-12-01 12:00:00,768,1,1,24.0,2024-12-02 10:00:00,22.0,475225.0,141151.0,85.0,7308.0,True,13.063144017744358,11.84893330806317,4.912654885736052,9.64633468511917,24.0,True,465746.0,138944.0,245.0,29596.0,5503.0,990.0,-14132.0,0.011746170525100297,-0.6490935987052353,12,12,336,6,-2.4492935982947064e-16,1.0,-0.4822058478963526,0.8760579434344281,13.071545759338541,8.896861744480391,3976.0,0.00840174159418261,1,5503.0,0.011746170525100297,Increasing,0.7627118644067796,0.3220338983050847,59,32.20338983050847,False,Normal Increase
situation_20241202_1000_f7ccbd8a.pdf,2024-12-02,"Flood, Heavy Rain, Strong Wind, Lightning",13490,,,,,,,,,,141151.0,475225.0,17.0,19.0,0.0,106.0,2516.0,56.0,26.0,85.0,2170.0,7308.0,True,grand_total,1000,2024-12-02 10:00:00,3,,45.0,0.0,0,1,1,0,0,1,4.5,weather_forecast,0,0,,,,,,,,,,,1,1,2.0,5,1,0,6,18.0,early_warning,general_situation_report,retain,2024-12-02 10:00:00,769,1,1,22.0,2024-12-03 10:00:00,24.0,468732.0,139512.0,64.0,5080.0,True,13.071545759338541,11.857592602904667,4.454347296253507,8.896861744480391,22.0,True,471249.0,139934.0,135.0,15464.0,3976.0,1217.0,-8156.0,0.00840174159418261,-0.7494729406387783,10,12,337,0,-2.4492935982947064e-16,1.0,-0.46706492487743034,0.8842230238742036,13.05778858894244,8.533263371593732,-6493.0,-0.013757170396100804,1,3976.0,0.00840174159418261,Increasing,0.75,0.3,60,30.0,False,Normal Increase
situation_20241203_1000_90e95a5d.pdf,2024-12-03,"Flood, Heavy Rain, Strong Wind, Lightning",13842,,,,,,,,,,139512.0,468732.0,18.0,19.0,0.0,107.0,2613.0,60.0,28.0,64.0,1567.0,5080.0,True,grand_total,1000,2024-12-03 10:00:00,3,,45.0,0.0,0,1,1,0,0,0,4.5,weather_forecast,0,0,,,,,,,,,,,1,1,1.0,6,0,0,6,18.0,early_warning,general_situation_report,retain,2024-12-03 10:00:00,770,1,1,24.0,2024-12-05 10:00:00,48.0,456167.0,136824.0,39.0,2367.0,True,13.05778858894244,11.8459130658658,4.174387269895637,8.533263371593732,24.0,True,475225.0,141151.0,85.0,7308.0,-6493.0,-1639.0,-2228.0,-0.013757170396100804,-0.36359837288665986,10,12,338,1,-2.4492935982947064e-16,1.0,-0.451785789832884,0.8921264484954345,13.030616441698783,7.769800996003896,-12565.0,-0.027172147243657463,1,-6493.0,-0.013757170396100804,Decreasing,0.0,0.0,61,0.0,False,Decrease
situation_20241205_1000_d56a91f6.pdf,2024-12-05,"Flood, Heavy Rain, Strong Wind, Lightning",14063,,,,,,,,,,136824.0,456167.0,18.0,19.0,0.0,108.0,2730.0,68.0,22.0,39.0,721.0,2367.0,True,grand_total,1000,2024-12-05 10:00:00,3,,,0.0,0,1,0,0,0,0,4.5,weather_forecast,0,0,,,,,,,,,,,1,0,0.0,0,0,0,0,66.0,early_warning,general_situation_report,retain,2024-12-05 10:00:00,771,1,1,48.0,2024-12-06 12:00:00,26.0,420033.0,125184.0,17.0,1686.0,True,13.030616441698783,11.826458016012118,3.6888794541139363,7.769800996003896,48.0,True,468732.0,139512.0,64.0,5080.0,-12565.0,-2688.0,-2713.0,-0.027172147243657463,-0.7634623755898353,10,12,340,3,-2.4492935982947064e-16,1.0,-0.42083100859565564,0.9071390534005044,12.948090939364036,7.430707082545968,-36134.0,-0.08252550233474665,1,-12565.0,-0.027172147243657463,Decreasing,0.0,0.0,60,0.0,False,Decrease
situation_20241206_1200_23299e89.pdf,2024-12-06,"Flood, Heavy Rain, Strong Wind",8778,,,,,,,,,,125184.0,420033.0,18.0,13.0,0.0,97.0,1780.0,65.0,16.0,17.0,513.0,1686.0,True,grand_total,1200,2024-12-06 12:00:00,4,,,0.0,0,1,0,0,0,0,0.0,weather_forecast,0,0,,,,,,,,,,,1,0,0.0,0,0,0,0,92.0,early_warning,general_situation_report,retain,2024-12-06 12:00:00,772,1,1,26.0,2024-12-07 09:00:00,21.0,420047.0,125187.0,17.0,1463.0,True,12.948090939364036,11.737547922163838,2.8903717578961645,7.430707082545968,26.0,True,456167.0,136824.0,39.0,2367.0,-36134.0,-11640.0,-681.0,-0.08252550233474665,-0.33909391345792805,12,12,341,4,-2.4492935982947064e-16,1.0,-0.4051645224207563,0.9142437912130223,12.948124269443722,7.288927694521257,14.0,3.333007968642221e-05,1,-36134.0,-0.08252550233474665,Decreasing,0.0,0.0,59,0.0,False,Decrease
situation_20241207_0900_d677a6d7.pdf,2024-12-07,"Flood, Heavy Rain, Strong Wind",9071,,,,,,,,,,125187.0,420047.0,18.0,13.0,0.0,97.0,1789.0,65.0,16.0,17.0,432.0,1463.0,True,grand_total,900,2024-12-07 09:00:00,3,,,0.0,0,1,0,0,0,0,3.5,weather_forecast,0,0,,,,,,,,,,,1,0,0.0,0,0,0,0,113.0,early_warning,general_situation_report,retain,2024-12-07 09:00:00,773,1,1,21.0,2024-12-08 09:00:00,24.0,420053.0,125189.0,17.0,1463.0,True,12.948124269443722,11.737571886409185,2.8903717578961645,7.288927694521257,21.0,True,420033.0,125184.0,17.0,1686.0,14.0,3.0,-223.0,3.333007968642221e-05,-0.14177938802471157,9,12,342,5,-2.4492935982947064e-16,1.0,-0.3893781415452015,0.9210779895789526,12.948138553423524,7.288927694521257,6.0,1.428397980163254e-05,1,14.0,3.333007968642221e-05,Increasing,0.15517241379310345,0.0,58,0.0,False,Normal Increase
situation_20241208_0900_8096c11c.pdf,2024-12-08,"Flood, Heavy Rain, Strong Wind",9311,,,,,,,,,,125189.0,420053.0,18.0,13.0,0.0,97.0,1791.0,65.0,16.0,17.0,432.0,1463.0,True,grand_total,900,2024-12-08 09:00:00,4,75.0,,2.0,1,1,0,0,0,0,3.5,weather_forecast,0,0,,,,,,,,,,,1,0,0.0,0,0,0,0,137.0,early_warning,general_situation_report,retain,2024-12-08 09:00:00,774,1,1,24.0,2024-12-09 10:00:00,25.0,0.0,0.0,3.0,129.0,True,12.948138553423524,11.737587862253708,2.8903717578961645,7.288927694521257,24.0,True,420047.0,125187.0,17.0,1463.0,6.0,2.0,0.0,1.428397980163254e-05,0.0,9,12,343,6,-2.4492935982947064e-16,1.0,-0.37347653741307074,0.9276396261490467,0.0,4.867534450455582,-420053.0,-12.948138553423524,1,6.0,1.428397980163254e-05,Increasing,0.10344827586206896,0.0,58,0.0,False,Normal Increase
situation_20241209_1000_0b40bef6.pdf,2024-12-09,Flood,2742,,,,,,,,,,0.0,0.0,0.0,0.0,0.0,0.0,0.0,0.0,0.0,3.0,40.0,129.0,True,grand_total,1000,2024-12-09 10:00:00,4,75.0,,2.0,1,1,0,0,0,0,4.5,weather_forecast,0,0,,,,,,,,,,,1,0,0.0,0,0,0,0,162.0,early_warning,general_situation_report,retain,2024-12-09 10:00:00,775,1,1,25.0,2024-12-10 09:00:00,23.0,23.0,6.0,2.0,126.0,True,0.0,0.0,1.3862943611198906,4.867534450455582,25.0,True,420053.0,125189.0,17.0,1463.0,-420053.0,-125189.0,-1334.0,-12.948138553423524,-2.4213932440656745,10,12,344,0,-2.4492935982947064e-16,1.0,-0.3574644155648614,0.9339267592294762,3.1780538303479458,4.844187086458591,23.0,3.1780538303479458,1,-420053.0,-12.948138553423524,Decreasing,0.0,0.0,59,0.0,False,Decrease
situation_20241210_0900_61c6bbbf.pdf,2024-12-10,"Flood, Strong Wind, Lightning",2940,,,,,,,,,,6.0,23.0,0.0,0.0,0.0,0.0,6.0,0.0,0.0,2.0,38.0,126.0,True,grand_total,900,2024-12-10 09:00:00,4,75.0,,2.0,1,1,0,1,0,0,3.5,weather_forecast,0,0,,,,,,,,,,,1,0,0.0,0,0,0,0,185.0,early_warning,general_situation_report,retain,2024-12-10 09:00:00,776,1,1,23.0,2024-12-11 09:00:00,24.0,0.0,0.0,0.0,0.0,True,3.1780538303479458,1.9459101490553132,1.0986122886681098,4.844187086458591,23.0,True,0.0,0.0,3.0,129.0,23.0,6.0,-3.0,3.1780538303479458,-0.023347363996991,9,12,345,1,-2.4492935982947064e-16,1.0,-0.34134651424503615,0.9399375283564133,0.0,0.0,-23.0,-3.1780538303479458,0,23.0,3.1780538303479458,Increasing,0.2033898305084746,0.9322033898305084,59,20.33898305084746,False,Normal Increase
situation_20241211_0900_b48c6a1b.pdf,2024-12-11,Other,2091,,,,,,,,,,0.0,0.0,0.0,0.0,0.0,0.0,0.0,0.0,0.0,0.0,0.0,0.0,True,confirmed_zero_report,900,2024-12-11 09:00:00,4,100.0,,2.0,1,1,0,1,0,0,3.25,weather_forecast,0,0,,,,,,,,,,,1,0,0.0,0,0,0,0,209.0,early_warning,general_situation_report,retain,2024-12-11 09:00:00,777,1,1,24.0,2024-12-12 09:00:00,24.0,10.0,3.0,0.0,0.0,True,0.0,0.0,0.0,0.0,24.0,True,23.0,6.0,2.0,126.0,-23.0,-6.0,-126.0,-3.1780538303479458,-4.844187086458591,9,12,346,2,-2.4492935982947064e-16,1.0,-0.3251276029999093,0.9456701548465688,2.3978952727983707,0.0,10.0,2.3978952727983707,0,-23.0,-3.1780538303479458,Decreasing,0.0,0.0,59,0.0,False,Decrease
situation_20241212_0900_d1c47c75.pdf,2024-12-12,Strong Wind,2565,,,,,,,,,,3.0,10.0,0.0,0.0,0.0,0.0,3.0,0.0,0.0,0.0,0.0,0.0,True,grand_total,900,2024-12-12 09:00:00,4,100.0,,2.0,1,1,0,0,0,0,3.5,weather_forecast,0,0,,,,,,,,,,,1,0,0.0,0,0,0,0,233.0,early_warning,general_situation_report,retain,2024-12-12 09:00:00,778,1,1,24.0,2024-12-13 09:00:00,24.0,28.0,9.0,0.0,0.0,True,2.3978952727983707,1.3862943611198906,0.0,0.0,24.0,True,0.0,0.0,0.0,0.0,10.0,3.0,0.0,2.3978952727983707,0.0,9,12,347,3,-2.4492935982947064e-16,1.0,-0.30881248126625377,0.9511229423235357,3.367295829986474,0.0,18.0,0.9694005571881035,0,10.0,2.3978952727983707,Increasing,0.10344827586206896,0.8793103448275862,58,10.344827586206897,False,Normal Increase
situation_20241213_0900_91d7d9c8.pdf,2024-12-13,Strong Wind,2753,,,,,,,,,,9.0,28.0,0.0,0.0,0.0,0.0,9.0,0.0,0.0,0.0,0.0,0.0,True,grand_total,900,2024-12-13 09:00:00,3,75.0,,0.0,1,1,0,0,0,0,3.5,weather_forecast,0,0,,,,,,,,,,,1,0,0.0,0,0,0,0,257.0,early_warning,general_situation_report,retain,2024-12-13 09:00:00,779,1,1,24.0,2024-12-14 09:00:00,24.0,293.0,93.0,2.0,123.0,True,3.367295829986474,2.302585092994046,0.0,0.0,24.0,True,10.0,3.0,0.0,0.0,18.0,6.0,0.0,0.9694005571881035,0.0,9,12,348,4,-2.4492935982947064e-16,1.0,-0.29240597695107734,0.9562942772197719,5.683579767338681,4.820281565605037,265.0,2.3162839373522073,1,18.0,0.9694005571881035,Increasing,0.20689655172413793,0.7068965517241379,58,20.689655172413794,False,Normal Increase
situation_20241214_0900_f975fba9.pdf,2024-12-14,"Flood, Heavy Rain, Strong Wind",3395,,,,,,,,,,93.0,293.0,0.0,0.0,0.0,0.0,28.0,0.0,0.0,2.0,35.0,123.0,True,grand_total,900,2024-12-14 09:00:00,3,75.0,,0.0,1,1,0,0,0,0,3.5,weather_forecast,0,0,,,,,,,,,,,1,0,0.0,0,0,0,0,281.0,early_warning,general_situation_report,retain,2024-12-14 09:00:00,780,1,1,24.0,2024-12-15 09:00:00,24.0,771.0,251.0,2.0,123.0,True,5.683579767338681,4.543294782270004,1.0986122886681098,4.820281565605037,24.0,True,28.0,9.0,0.0,0.0,265.0,84.0,123.0,2.3162839373522073,4.820281565605037,9,12,349,5,-2.4492935982947064e-16,1.0,-0.27591294500296043,0.9611826292540837,6.648984550024776,4.820281565605037,478.0,0.965404782686095,1,265.0,2.3162839373522073,Increasing,0.4482758620689655,0.8620689655172413,58,44.827586206896555,False,Normal Increase
situation_20241215_0900_9d405d14.pdf,2024-12-15,"Flood, Heavy Rain, Strong Wind",2746,,,,,,,,,,251.0,771.0,0.0,0.0,0.0,0.0,8.0,2.0,0.0,2.0,35.0,123.0,True,grand_total,900,2024-12-15 09:00:00,3,100.0,,0.0,1,1,0,0,0,0,3.5,weather_forecast,0,0,,,,,,,,,,,1,1,1.0,4,0,0,4,17.0,early_warning,general_situation_report,retain,2024-12-15 09:00:00,781,1,1,24.0,2024-12-16 09:00:00,24.0,584.0,186.0,2.0,123.0,True,6.648984550024776,5.529429087511423,1.0986122886681098,4.820281565605037,24.0,True,293.0,93.0,2.0,123.0,478.0,158.0,0.0,0.965404782686095,0.0,9,12,350,6,-2.4492935982947064e-16,1.0,-0.2593382659754056,0.9657865518844574,6.371611847231857,4.820281565605037,-187.0,-0.2773727027929196,1,478.0,0.965404782686095,Increasing,0.5172413793103449,0.6724137931034483,58,51.724137931034484,False,Normal Increase
situation_20241216_0900_bf6142d7.pdf,2024-12-16,"Flood, Heavy Rain, Strong Wind",2963,,,,,,,,,,186.0,584.0,0.0,0.0,0.0,0.0,9.0,2.0,0.0,2.0,35.0,123.0,True,grand_total,900,2024-12-16 09:00:00,3,100.0,40.0,0.0,1,1,1,0,0,0,3.5,weather_forecast,0,0,,,,,,,,,,,1,1,1.0,4,0,0,4,17.0,early_warning,general_situation_report,retain,2024-12-16 09:00:00,782,1,1,24.0,2024-12-17 09:00:00,24.0,924.0,302.0,4.0,165.0,True,6.371611847231857,5.231108616854587,1.0986122886681098,4.820281565605037,24.0,True,771.0,251.0,2.0,123.0,-187.0,-65.0,0.0,-0.2773727027929196,0.0,9,12,351,0,-2.4492935982947064e-16,1.0,-0.2426868445825954,0.9701046827361175,6.829793737512425,5.111987788356544,340.0,0.4581818902805681,1,-187.0,-0.2773727027929196,Decreasing,0.0,0.0,59,0.0,False,Decrease
situation_20241217_0900_5f51bb45.pdf,2024-12-17,"Flood, Heavy Rain, Strong Wind",4215,,,,,,,,,,302.0,924.0,0.0,1.0,0.0,0.0,29.0,3.0,0.0,4.0,51.0,165.0,True,grand_total,900,2024-12-17 09:00:00,3,100.0,40.0,0.0,1,1,1,1,0,0,3.5,weather_forecast,0,0,,,,,,,,,,,1,1,1.0,4,0,0,4,17.0,early_warning,general_situation_report,retain,2024-12-17 09:00:00,783,1,1,24.0,2024-12-18 09:00:00,24.0,917.0,301.0,4.0,165.0,True,6.829793737512425,5.713732805509369,1.6094379124341003,5.111987788356544,24.0,True,584.0,186.0,2.0,123.0,340.0,116.0,42.0,0.4581818902805681,0.2917062227515066,9,12,352,1,-2.4492935982947064e-16,1.0,-0.22596360824801906,0.974135744004672,6.822197390620491,5.111987788356544,-7.0,-0.007596346891934225,1,340.0,0.4581818902805681,Increasing,0.4915254237288136,0.5423728813559322,59,49.152542372881356,False,Normal Increase
situation_20241218_0900_6b750c74.pdf,2024-12-18,"Flood, Heavy Rain, Strong Wind, Lightning",3377,,,,,,,,,,301.0,917.0,0.0,0.0,0.0,0.0,12.0,2.0,0.0,4.0,51.0,165.0,True,grand_total,900,2024-12-18 09:00:00,3,50.0,50.0,0.0,1,1,1,1,0,0,3.5,weather_forecast,0,0,,,,,,,,,,,1,0,0.0,0,0,0,0,41.0,early_warning,general_situation_report,retain,2024-12-18 09:00:00,784,1,1,24.0,2024-12-19 09:00:00,24.0,205.0,63.0,4.0,165.0,True,6.822197390620491,5.71042701737487,1.6094379124341003,5.111987788356544,24.0,True,924.0,302.0,4.0,165.0,-7.0,-1.0,0.0,-0.007596346891934225,0.0,9,12,353,2,-2.4492935982947064e-16,1.0,-0.20917350564635637,0.9778785428342386,5.327876168789581,5.111987788356544,-712.0,-1.4943212218309094,1,-7.0,-0.007596346891934225,Decreasing,0.0,0.0,60,0.0,False,Decrease
situation_20241219_0900_0a865b60.pdf,2024-12-19,"Heavy Rain, Strong Wind",3205,,,,,,,,,,63.0,205.0,0.0,0.0,0.0,0.0,11.0,0.0,0.0,4.0,51.0,165.0,True,grand_total,900,2024-12-19 09:00:00,2,,,0.0,0,1,0,1,0,0,3.5,weather_forecast,0,0,,,,,,,,,,,1,0,0.0,0,0,0,0,65.0,early_warning,general_situation_report,retain,2024-12-19 09:00:00,785,1,1,24.0,2024-12-20 09:00:00,24.0,188.0,59.0,4.0,165.0,True,5.327876168789581,4.1588830833596715,1.6094379124341003,5.111987788356544,24.0,True,917.0,301.0,4.0,165.0,-712.0,-238.0,0.0,-1.4943212218309094,0.0,9,12,354,3,-2.4492935982947064e-16,1.0,-0.19232150523909483,0.9813319716704275,5.241747015059643,5.111987788356544,-17.0,-0.08612915372993868,1,-712.0,-1.4943212218309094,Decreasing,0.0,0.0,59,0.0,False,Decrease
situation_20241220_0900_6b1db6a8.pdf,2024-12-20,Heavy Rain,2763,,,,,,,,,,59.0,188.0,0.0,0.0,0.0,0.0,4.0,2.0,0.0,4.0,51.0,165.0,True,grand_total,900,2024-12-20 09:00:00,3,50.0,,0.0,1,1,0,0,0,0,3.5,weather_forecast,0,0,,,,,,,,,,,1,0,0.0,0,0,0,0,89.0,early_warning,general_situation_report,retain,2024-12-20 09:00:00,786,1,1,24.0,2024-12-21 09:00:00,24.0,185.0,58.0,4.0,165.0,True,5.241747015059643,4.0943445622221,1.6094379124341003,5.111987788356544,24.0,True,205.0,63.0,4.0,165.0,-17.0,-4.0,0.0,-0.08612915372993868,0.0,9,12,355,4,-2.4492935982947064e-16,1.0,-0.17541259380427843,0.9844950085880858,5.225746673713202,5.111987788356544,-3.0,-0.016000341346440905,1,-17.0,-0.08612915372993868,Decreasing,0.0,0.0,58,0.0,False,Decrease
situation_20241221_0900_84e1e9eb.pdf,2024-12-21,Other,2535,,,,,,,,,,58.0,185.0,0.0,0.0,0.0,0.0,3.0,2.0,0.0,4.0,51.0,165.0,True,grand_total,900,2024-12-21 09:00:00,3,,,0.0,0,1,0,0,0,0,3.5,weather_forecast,0,0,,,,,,,,,,,1,0,0.0,0,0,0,0,113.0,early_warning,general_situation_report,retain,2024-12-21 09:00:00,787,1,1,24.0,2024-12-23 09:00:00,48.0,189.0,59.0,4.0,165.0,True,5.225746673713202,4.07753744390572,1.6094379124341003,5.111987788356544,24.0,True,188.0,59.0,4.0,165.0,-3.0,-1.0,0.0,-0.016000341346440905,0.0,9,12,356,5,-2.4492935982947064e-16,1.0,-0.15845177496083632,0.9873667175937016,5.247024072160486,5.111987788356544,4.0,0.02127739844728449,1,-3.0,-0.016000341346440905,Decreasing,0.0,0.0,58,0.0,False,Decrease
situation_20241223_0900_a913c626.pdf,2024-12-23,Other,2746,,,,,,,,,,59.0,189.0,0.0,0.0,0.0,0.0,4.0,3.0,0.0,4.0,51.0,165.0,True,grand_total,900,2024-12-23 09:00:00,3,,,0.0,0,1,0,0,0,0,3.5,weather_forecast,0,0,,,,,,,,,,,1,0,0.0,0,0,0,0,161.0,early_warning,general_situation_report,retain,2024-12-23 09:00:00,788,1,1,48.0,2024-12-24 09:00:00,24.0,917.0,276.0,4.0,186.0,True,5.247024072160486,4.0943445622221,1.6094379124341003,5.111987788356544,48.0,True,185.0,58.0,4.0,165.0,4.0,1.0,0.0,0.02127739844728449,0.0,9,12,358,0,-2.4492935982947064e-16,1.0,-0.12439450483979998,0.9922328391893008,6.822197390620491,5.231108616854587,728.0,1.5751733184600045,1,4.0,0.02127739844728449,Increasing,0.07017543859649122,0.2631578947368421,57,7.017543859649122,False,Normal Increase
situation_20241224_0900_dd756a5b.pdf,2024-12-24,"Flood, Heavy Rain, Strong Wind",3713,,,,,,,,,,276.0,917.0,0.0,0.0,0.0,0.0,67.0,3.0,0.0,4.0,55.0,186.0,True,grand_total,900,2024-12-24 09:00:00,3,,,0.0,0,1,0,0,0,0,3.5,weather_forecast,0,0,,,,,,,,,,,1,0,0.0,0,0,0,0,185.0,early_warning,general_situation_report,retain,2024-12-24 09:00:00,789,1,1,24.0,2024-12-25 09:00:00,24.0,736.0,239.0,4.0,186.0,True,6.822197390620491,5.6240175061873385,1.6094379124341003,5.231108616854587,24.0,True,189.0,59.0,4.0,165.0,728.0,217.0,21.0,1.5751733184600045,0.11912082849804317,9,12,359,1,-2.4492935982947064e-16,1.0,-0.10730813165636247,0.9942258118156161,6.602587892189336,5.231108616854587,-181.0,-0.2196094984311543,1,728.0,1.5751733184600045,Increasing,0.5862068965517241,0.7758620689655172,58,58.620689655172406,False,Normal Increase
situation_20241225_0900_fc343237.pdf,2024-12-25,"Flood, Strong Wind",2921,,,,,,,,,,239.0,736.0,0.0,0.0,0.0,0.0,30.0,2.0,0.0,4.0,55.0,186.0,True,grand_total,900,2024-12-25 09:00:00,3,,,0.0,0,0,0,0,0,0,3.5,weather_forecast,0,0,,,,,,,,,,,1,0,0.0,0,0,0,0,209.0,early_warning,general_situation_report,retain,2024-12-25 09:00:00,790,1,1,24.0,2024-12-26 09:00:00,24.0,736.0,239.0,4.0,186.0,True,6.602587892189336,5.480638923341991,1.6094379124341003,5.231108616854587,24.0,True,917.0,276.0,4.0,186.0,-181.0,-37.0,0.0,-0.2196094984311543,0.0,9,12,360,2,-2.4492935982947064e-16,1.0,-0.09019000427034513,0.9959245770286599,6.602587892189336,5.231108616854587,0.0,0.0,1,-181.0,-0.2196094984311543,Decreasing,0.0,0.0,59,0.0,False,Decrease
situation_20241226_0900_c2f1785c.pdf,2024-12-26,"Flood, Strong Wind",2916,,,,,,,,,,239.0,736.0,0.0,0.0,0.0,0.0,30.0,2.0,0.0,4.0,55.0,186.0,True,grand_total,900,2024-12-26 09:00:00,3,,,0.0,0,0,0,0,0,0,3.5,weather_forecast,0,0,,,,,,,,,,,1,0,0.0,0,0,0,0,233.0,early_warning,general_situation_report,retain,2024-12-26 09:00:00,791,1,1,24.0,2024-12-27 09:00:00,24.0,737.0,240.0,4.0,186.0,True,6.602587892189336,5.480638923341991,1.6094379124341003,5.231108616854587,24.0,True,736.0,239.0,4.0,186.0,0.0,0.0,0.0,0.0,0.0,9,12,361,3,-2.4492935982947064e-16,1.0,-0.07304518821104743,0.9973286321364752,6.6039438246004725,5.231108616854587,1.0,0.0013559324111360738,1,0.0,0.0,Stable,0.0,0.0,58,0.0,False,Stable
situation_20241227_0900_e19f2161.pdf,2024-12-27,"Flood, Strong Wind",3162,,,,,,,,,,240.0,737.0,1.0,0.0,0.0,0.0,30.0,2.0,0.0,4.0,55.0,186.0,True,grand_total,900,2024-12-27 09:00:00,3,,,0.0,0,1,0,0,0,0,3.5,weather_forecast,0,0,,,,,,,,,,,1,0,0.0,0,0,0,0,257.0,early_warning,general_situation_report,retain,2024-12-27 09:00:00,792,1,1,24.0,2024-12-28 09:00:00,24.0,138.0,41.0,3.0,138.0,True,6.6039438246004725,5.484796933490655,1.6094379124341003,5.231108616854587,24.0,True,736.0,239.0,4.0,186.0,1.0,1.0,0.0,0.0013559324111360738,0.0,9,12,362,4,-2.4492935982947064e-16,1.0,-0.05587875690537313,0.9984375616565666,4.9344739331306915,4.9344739331306915,-599.0,-1.669469891469781,1,1.0,0.0013559324111360738,Increasing,0.017241379310344827,0.10344827586206896,58,1.7241379310344827,False,Normal Increase
situation_20241228_0900_d7950be8.pdf,2024-12-28,"Flood, Strong Wind",2777,,,,,,,,,,41.0,138.0,0.0,0.0,0.0,0.0,20.0,0.0,0.0,3.0,41.0,138.0,True,grand_total,900,2024-12-28 09:00:00,3,,,0.0,0,1,0,0,0,0,3.5,weather_forecast,0,0,,,,,,,,,,,1,0,0.0,0,0,0,0,281.0,early_warning,general_situation_report,retain,2024-12-28 09:00:00,793,1,1,24.0,2024-12-29 09:00:00,24.0,138.0,41.0,3.0,138.0,True,4.9344739331306915,3.7376696182833684,1.3862943611198906,4.9344739331306915,24.0,True,737.0,240.0,4.0,186.0,-599.0,-199.0,-48.0,-1.669469891469781,-0.29663468372389534,9,12,363,5,-2.4492935982947064e-16,1.0,-0.03869579017652689,0.9992510374388481,4.9344739331306915,4.9344739331306915,0.0,0.0,1,-599.0,-1.669469891469781,Decreasing,0.0,0.0,58,0.0,False,Decrease
situation_20241229_0900_bbc6d7e2.pdf,2024-12-29,"Flood, Strong Wind",2784,,,,,,,,,,41.0,138.0,0.0,0.0,0.0,0.0,20.0,0.0,0.0,3.0,41.0,138.0,True,grand_total,900,2024-12-29 09:00:00,3,,,0.0,0,1,0,0,0,0,3.5,weather_forecast,0,0,,,,,,,,,,,1,0,0.0,0,0,0,0,305.0,early_warning,general_situation_report,retain,2024-12-29 09:00:00,794,1,1,24.0,2025-01-01 09:00:00,72.0,79.0,21.0,0.0,0.0,False,4.9344739331306915,3.7376696182833684,1.3862943611198906,4.9344739331306915,24.0,True,138.0,41.0,3.0,138.0,0.0,0.0,0.0,0.0,0.0,9,12,364,6,-2.4492935982947064e-16,1.0,-0.021501372740813793,0.999768818762748,4.382026634673881,0.0,-59.0,-0.5524472984568103,0,0.0,0.0,Stable,0.0,0.0,58,0.0,False,Stable
situation_20250101_0900_95809077.pdf,2025-01-01,"Heavy Rain, Strong Wind, Lightning",2908,,,,,,,,,,21.0,79.0,1.0,0.0,0.0,0.0,20.0,0.0,0.0,0.0,0.0,0.0,True,grand_total,900,2025-01-01 09:00:00,4,100.0,40.0,0.0,1,1,1,0,0,0,3.5,weather_forecast,0,0,,,,,,,,,,,1,0,0.0,0,0,0,0,377.0,early_warning,general_situation_report,retain,2025-01-01 09:00:00,795,1,1,72.0,2025-01-02 09:00:00,24.0,13.0,4.0,0.0,0.0,True,4.382026634673881,3.091042453358316,0.0,0.0,72.0,False,,,,,,,,,,9,1,1,2,0.49999999999999994,0.8660254037844387,0.017201575418260506,0.9998520419557735,2.6390573296152584,0.0,-66.0,-1.7429693050586228,0,,,Insufficient Previous Context,,,0,,False,Gap / No Comparable Previous Report
situation_20250102_0900_80b2effc.pdf,2025-01-02,Strong Wind,2354,,,,,,,,,,4.0,13.0,0.0,0.0,0.0,0.0,4.0,0.0,0.0,0.0,0.0,0.0,True,grand_total,900,2025-01-02 09:00:00,3,75.0,40.0,0.0,1,1,1,0,0,0,3.5,weather_forecast,0,0,,,,,,,,,,,1,0,0.0,0,0,0,0,401.0,early_warning,general_situation_report,retain,2025-01-02 09:00:00,796,1,1,24.0,2025-01-03 09:00:00,24.0,43.0,12.0,0.0,0.0,True,2.6390573296152584,1.6094379124341003,0.0,0.0,24.0,True,79.0,21.0,0.0,0.0,-66.0,-17.0,0.0,-1.7429693050586228,0.0,9,1,2,3,0.49999999999999994,0.8660254037844387,0.03439806061360801,0.9994082116062598,3.784189633918261,0.0,30.0,1.1451323043030026,0,-66.0,-1.7429693050586228,Decreasing,0.0,0.0,56,0.0,False,Decrease
situation_20250103_0900_6775c9f2.pdf,2025-01-03,"Heavy Rain, Strong Wind",2921,,,,,,,,,,12.0,43.0,1.0,11.0,0.0,0.0,7.0,0.0,0.0,0.0,0.0,0.0,True,grand_total,900,2025-01-03 09:00:00,3,,40.0,0.0,0,1,1,0,0,0,3.5,weather_forecast,0,0,,,,,,,,,,,1,0,0.0,0,0,0,0,425.0,early_warning,general_situation_report,retain,2025-01-03 09:00:00,797,1,1,24.0,2025-01-05 09:00:00,48.0,12.0,0.0,0.0,0.0,True,3.784189633918261,2.5649493574615367,0.0,0.0,24.0,True,13.0,4.0,0.0,0.0,30.0,8.0,0.0,1.1451323043030026,0.0,9,1,3,4,0.49999999999999994,0.8660254037844387,0.051584366869408364,0.9986686402879997,2.5649493574615367,0.0,-31.0,-1.2192402764567243,0,30.0,1.1451323043030026,Increasing,0.2545454545454545,0.7090909090909091,55,25.454545454545453,False,Normal Increase
situation_20250105_0900_104e9918.pdf,2025-01-05,Lightning,2336,,,,,,,,,,0.0,12.0,3.0,11.0,0.0,0.0,0.0,0.0,0.0,0.0,0.0,0.0,True,grand_total,900,2025-01-05 09:00:00,3,50.0,,0.0,1,1,0,0,0,0,3.5,weather_forecast,0,0,,,,,,,,,,,1,0,0.0,0,0,0,0,473.0,early_warning,general_situation_report,retain,2025-01-05 09:00:00,798,1,1,48.0,2025-01-06 09:00:00,24.0,12.0,0.0,0.0,0.0,True,2.5649493574615367,0.0,0.0,0.0,48.0,True,43.0,12.0,0.0,0.0,-31.0,-12.0,0.0,-1.2192402764567243,0.0,9,1,5,6,0.49999999999999994,0.8660254037844387,0.08590610426133272,0.9963032375991965,2.5649493574615367,0.0,0.0,0.0,0,-31.0,-1.2192402764567243,Decreasing,0.0,0.0,55,0.0,False,Decrease
situation_20250106_0900_c06a2f46.pdf,2025-01-06,Lightning,2329,,,,,,,,,,0.0,12.0,3.0,10.0,0.0,0.0,0.0,0.0,0.0,0.0,0.0,0.0,True,grand_total,900,2025-01-06 09:00:00,4,,,0.0,0,1,0,0,0,0,3.5,weather_forecast,0,0,,,,,,,,,,,1,0,0.0,0,0,0,0,497.0,early_warning,general_situation_report,retain,2025-01-06 09:00:00,799,1,1,24.0,2025-01-07 09:00:00,24.0,51.0,13.0,0.0,0.0,True,2.5649493574615367,0.0,0.0,0.0,24.0,True,12.0,0.0,0.0,0.0,0.0,0.0,0.0,0.0,0.0,9,1,6,0,0.49999999999999994,0.8660254037844387,0.10303137904317879,0.9946781061893646,3.9512437185814275,0.0,39.0,1.3862943611198908,0,0.0,0.0,Stable,0.0,0.0,54,0.0,False,Stable
situation_20250107_0900_f8610868.pdf,2025-01-07,"Heavy Rain, Strong Wind",2889,,,,,,,,,,13.0,51.0,0.0,0.0,0.0,0.0,13.0,0.0,0.0,0.0,0.0,0.0,True,grand_total,900,2025-01-07 09:00:00,3,,,0.0,0,1,0,0,0,0,3.5,weather_forecast,0,0,,,,,,,,,,,1,0,0.0,0,0,0,0,521.0,early_warning,general_situation_report,retain,2025-01-07 09:00:00,800,1,1,24.0,2025-01-08 09:00:00,24.0,0.0,0.0,0.0,0.0,True,3.9512437185814275,2.6390573296152584,0.0,0.0,24.0,True,12.0,0.0,0.0,0.0,39.0,13.0,0.0,1.3862943611198908,0.0,9,1,7,1,0.49999999999999994,0.8660254037844387,0.1201261651823505,0.9927586335250793,0.0,0.0,-51.0,-3.9512437185814275,0,39.0,1.3862943611198908,Increasing,0.32075471698113206,0.7358490566037735,53,32.075471698113205,False,Normal Increase
situation_20250108_0900_110f4db8.pdf,2025-01-08,Other,2248,,,,,,,,,,0.0,0.0,0.0,0.0,0.0,0.0,0.0,0.0,0.0,0.0,0.0,0.0,True,grand_total,900,2025-01-08 09:00:00,3,,,0.0,0,1,0,0,0,0,3.5,weather_forecast,0,0,,,,,,,,,,,1,0,0.0,0,0,0,0,545.0,early_warning,general_situation_report,retain,2025-01-08 09:00:00,801,1,1,24.0,2025-01-09 09:00:00,24.0,4.0,1.0,0.0,0.0,True,0.0,0.0,0.0,0.0,24.0,True,51.0,13.0,0.0,0.0,-51.0,-13.0,0.0,-3.9512437185814275,0.0,9,1,8,2,0.49999999999999994,0.8660254037844387,0.13718540405660057,0.9905453876091833,1.6094379124341003,0.0,4.0,1.6094379124341003,0,-51.0,-3.9512437185814275,Decreasing,0.0,0.0,53,0.0,False,Decrease
situation_20250109_0900_1e958848.pdf,2025-01-09,Other,2287,,,,,,,,,,1.0,4.0,0.0,0.0,0.0,0.0,0.0,0.0,0.0,0.0,0.0,0.0,True,grand_total,900,2025-01-09 09:00:00,3,,,0.0,0,1,0,0,0,0,3.5,weather_forecast,0,0,,,,,,,,,,,1,0,0.0,0,0,0,0,569.0,early_warning,general_situation_report,retain,2025-01-09 09:00:00,802,1,1,24.0,2025-01-10 09:00:00,24.0,5.0,1.0,0.0,0.0,True,1.6094379124341003,0.6931471805599453,0.0,0.0,24.0,True,0.0,0.0,0.0,0.0,4.0,1.0,0.0,1.6094379124341003,0.0,9,1,9,3,0.49999999999999994,0.8660254037844387,0.1542040475626894,0.988039023376751,1.791759469228055,0.0,1.0,0.18232155679395468,0,4.0,1.6094379124341003,Increasing,0.09433962264150944,0.7547169811320755,53,9.433962264150944,False,Normal Increase
situation_20250110_0900_c6d0a1c5.pdf,2025-01-10,Other,2275,,,,,,,,,,1.0,5.0,0.0,0.0,0.0,1.0,0.0,0.0,0.0,0.0,0.0,0.0,True,grand_total,900,2025-01-10 09:00:00,3,75.0,40.0,0.0,1,1,1,0,0,0,3.5,weather_forecast,0,0,,,,,,,,,,,1,0,0.0,0,0,0,0,593.0,early_warning,general_situation_report,retain,2025-01-10 09:00:00,803,1,1,24.0,2025-01-11 09:00:00,24.0,45.0,14.0,1.0,45.0,True,1.791759469228055,0.6931471805599453,0.0,0.0,24.0,True,4.0,1.0,0.0,0.0,1.0,0.0,0.0,0.18232155679395468,0.0,9,1,10,4,0.49999999999999994,0.8660254037844387,0.17117705961019986,0.985240282501282,3.828641396489095,3.828641396489095,40.0,2.03688192726104,1,1.0,0.18232155679395468,Increasing,0.037037037037037035,0.37037037037037035,54,3.7037037037037033,False,Normal Increase
situation_20250111_0900_fb45c57b.pdf,2025-01-11,Other,2364,,,,,,,,,,14.0,45.0,0.0,0.0,0.0,0.0,0.0,0.0,0.0,1.0,14.0,45.0,True,grand_total,900,2025-01-11 09:00:00,3,100.0,40.0,0.0,1,1,1,0,0,0,3.5,weather_forecast,0,0,,,,,,,,,,,1,0,0.0,0,0,0,0,617.0,early_warning,general_situation_report,retain,2025-01-11 09:00:00,804,1,1,24.0,2025-01-12 09:00:00,24.0,0.0,0.0,0.0,0.0,True,3.828641396489095,2.70805020110221,0.6931471805599453,3.828641396489095,24.0,True,5.0,1.0,0.0,0.0,40.0,13.0,45.0,2.03688192726104,3.828641396489095,9,1,11,5,0.49999999999999994,0.8660254037844387,0.18809941761179758,0.9821499931752291,0.0,0.0,-45.0,-3.828641396489095,0,40.0,2.03688192726104,Increasing,0.36363636363636365,0.8181818181818182,55,36.36363636363637,False,Normal Increase
situation_20250112_0900_2f31bce7.pdf,2025-01-12,Other,2279,,,,,,,,,,0.0,0.0,0.0,0.0,0.0,0.0,0.0,0.0,0.0,0.0,0.0,0.0,True,grand_total,900,2025-01-12 09:00:00,4,100.0,40.0,2.0,1,1,1,0,0,0,3.5,weather_forecast,0,0,,,,,,,,,,,1,0,0.0,0,0,0,0,641.0,early_warning,general_situation_report,retain,2025-01-12 09:00:00,805,1,1,24.0,2025-01-13 09:00:00,24.0,122.0,33.0,0.0,0.0,True,0.0,0.0,0.0,0.0,24.0,True,45.0,14.0,1.0,45.0,-45.0,-14.0,-45.0,-3.828641396489095,-3.828641396489095,9,1,12,6,0.49999999999999994,0.8660254037844387,0.20496611396949532,0.9787690698649216,4.812184355372417,0.0,122.0,4.812184355372417,0,-45.0,-3.828641396489095,Decreasing,0.0,0.0,56,0.0,False,Decrease
situation_20250113_0900_378f4643.pdf,2025-01-13,"Landslide, Heavy Rain, Strong Wind",2708,,,,,,,,,,33.0,122.0,0.0,0.0,0.0,3.0,26.0,0.0,0.0,0.0,0.0,0.0,True,grand_total,900,2025-01-13 09:00:00,3,75.0,40.0,0.0,1,1,1,0,0,0,3.5,weather_forecast,0,0,,,,,,,,,,,1,0,0.0,0,0,0,0,665.0,early_warning,general_situation_report,retain,2025-01-13 09:00:00,806,1,1,24.0,2025-01-14 09:00:00,24.0,65.0,15.0,0.0,0.0,True,4.812184355372417,3.5263605246161616,0.0,0.0,24.0,True,0.0,0.0,0.0,0.0,122.0,33.0,0.0,4.812184355372417,0.0,9,1,13,0,0.49999999999999994,0.8660254037844387,0.22177215755648186,0.975098513039961,4.189654742026425,0.0,-57.0,-0.6225296133459919,0,122.0,4.812184355372417,Increasing,0.4642857142857143,0.9642857142857143,56,46.42857142857143,False,Normal Increase
situation_20250114_0900_4675fba6.pdf,2025-01-14,Strong Wind,2317,,,,,,,,,,15.0,65.0,0.0,0.0,0.0,0.0,15.0,0.0,0.0,0.0,0.0,0.0,True,grand_total,900,2025-01-14 09:00:00,3,75.0,40.0,0.0,1,1,1,0,0,0,3.5,weather_forecast,0,0,,,,,,,,,,,1,1,1.0,5,0,0,5,17.0,early_warning,general_situation_report,retain,2025-01-14 09:00:00,807,1,1,24.0,2025-01-15 09:00:00,24.0,200.0,61.0,1.0,135.0,True,4.189654742026425,2.772588722239781,0.0,0.0,24.0,True,122.0,33.0,0.0,0.0,-57.0,-18.0,0.0,-0.6225296133459919,0.0,9,1,14,1,0.49999999999999994,0.8660254037844387,0.23851257519407648,0.9711394088771653,5.303304908059076,4.912654885736052,135.0,1.1136501660326505,1,-57.0,-0.6225296133459919,Decreasing,0.0,0.0,56,0.0,False,Decrease
situation_20250115_0900_b99dc53d.pdf,2025-01-15,"Landslide, Heavy Rain, Strong Wind",2875,,,,,,,,,,61.0,200.0,0.0,0.0,0.0,0.0,15.0,0.0,0.0,1.0,44.0,135.0,True,grand_total,900,2025-01-15 09:00:00,4,150.0,40.0,2.0,1,1,1,0,0,0,3.5,weather_forecast,0,0,,,,,,,,,,,1,1,1.0,5,0,0,5,17.0,early_warning,general_situation_report,retain,2025-01-15 09:00:00,808,1,1,24.0,2025-01-16 09:00:00,24.0,930.0,281.0,1.0,56.0,True,5.303304908059076,4.127134385045092,0.6931471805599453,4.912654885736052,24.0,True,65.0,15.0,0.0,0.0,135.0,46.0,135.0,1.1136501660326505,4.912654885736052,9,1,15,2,0.49999999999999994,0.8660254037844387,0.2551824131233728,0.9668929289391521,6.836259277277067,4.04305126783455,730.0,1.5329543692179914,1,135.0,1.1136501660326505,Increasing,0.4642857142857143,0.625,56,46.42857142857143,False,Normal Increase
situation_20250116_0900_e8d8d4d7.pdf,2025-01-16,"Flood, Heavy Rain",3822,,,,,,,,,,281.0,930.0,0.0,0.0,0.0,0.0,45.0,4.0,0.0,1.0,20.0,56.0,True,grand_total,900,2025-01-16 09:00:00,3,75.0,40.0,0.0,1,1,1,0,0,0,3.5,weather_forecast,0,0,,,,,,,,,,,1,0,0.0,0,0,0,0,41.0,early_warning,general_situation_report,retain,2025-01-16 09:00:00,809,1,1,24.0,2025-01-17 09:00:00,24.0,667.0,247.0,4.0,174.0,True,6.836259277277067,5.641907070938114,0.6931471805599453,4.04305126783455,24.0,True,200.0,61.0,1.0,135.0,730.0,220.0,-79.0,1.5329543692179914,-0.8696036179015021,9,1,16,3,0.49999999999999994,0.8660254037844387,0.2717767384711357,0.9623603298276545,6.504288173536645,5.1647859739235145,-263.0,-0.3319711037404218,1,730.0,1.5329543692179914,Increasing,0.6491228070175439,0.7017543859649122,57,64.91228070175438,False,Normal Increase
situation_20250117_0900_1bbe96ea.pdf,2025-01-17,"Flood, Heavy Rain",2731,,,,,,,,,,247.0,667.0,0.0,0.0,0.0,0.0,0.0,0.0,0.0,4.0,58.0,174.0,True,grand_total,900,2025-01-17 09:00:00,3,,40.0,0.0,0,1,1,0,0,0,3.5,weather_forecast,0,0,,,,,,,,,,,1,0,0.0,0,0,0,0,65.0,early_warning,general_situation_report,retain,2025-01-17 09:00:00,810,1,1,24.0,2025-01-18 09:00:00,24.0,603.0,319.0,4.0,200.0,True,6.504288173536645,5.5134287461649825,1.6094379124341003,5.1647859739235145,24.0,True,930.0,281.0,1.0,56.0,-263.0,-34.0,118.0,-0.3319711037404218,1.1217347060889642,9,1,17,4,0.49999999999999994,0.8660254037844387,0.2882906407095177,0.9575429528116719,6.403574197934815,5.303304908059076,-64.0,-0.10071397560183026,1,-263.0,-0.3319711037404218,Decreasing,0.0,0.0,58,0.0,False,Decrease
situation_20250118_0900_4e664488.pdf,2025-01-18,"Flood, Heavy Rain",3250,,,,,,,,,,319.0,603.0,0.0,0.0,0.0,0.0,4.0,0.0,1.0,4.0,71.0,200.0,True,grand_total,900,2025-01-18 09:00:00,4,100.0,40.0,2.0,1,1,1,0,0,0,3.5,weather_forecast,0,0,,,,,,,,,,,1,0,0.0,0,0,0,0,89.0,early_warning,general_situation_report,retain,2025-01-18 09:00:00,811,1,1,24.0,2025-01-19 09:00:00,24.0,910.0,325.0,4.0,46.0,True,6.403574197934815,5.768320995793772,1.6094379124341003,5.303304908059076,24.0,True,667.0,247.0,4.0,174.0,-64.0,72.0,26.0,-0.10071397560183026,0.13851893413556127,9,1,18,5,0.49999999999999994,0.8660254037844387,0.3047192331091634,0.9524422234305676,6.814542897259958,3.8501476017100584,307.0,0.4109686993251431,1,-64.0,-0.10071397560183026,Decreasing,0.0,0.0,57,0.0,False,Decrease
situation_20250119_0900_f7cfd0e8.pdf,2025-01-19,"Flood, Heavy Rain, Strong Wind",3496,,,,,,,,,,325.0,910.0,0.0,0.0,0.0,0.0,9.0,1.0,0.0,4.0,9.0,46.0,True,grand_total,900,2025-01-19 09:00:00,4,150.0,40.0,3.0,1,1,1,0,0,0,3.5,weather_forecast,0,0,,,,,,,,,,,1,1,2.0,4,2,0,4,1.0,early_warning,general_situation_report,retain,2025-01-19 09:00:00,812,1,1,24.0,2025-01-20 09:00:00,24.0,16930.0,5738.0,8.0,239.0,True,6.814542897259958,5.786897381366708,1.6094379124341003,3.8501476017100584,24.0,True,603.0,319.0,4.0,200.0,307.0,6.0,-154.0,0.4109686993251431,-1.4531573063490173,9,1,19,6,0.49999999999999994,0.8660254037844387,0.321057654185271,0.9470596510722283,9.736901540128232,5.480638923341991,16020.0,2.9223586428682733,1,307.0,0.4109686993251431,Increasing,0.47368421052631576,0.40350877192982454,57,40.35087719298245,False,Normal Increase
situation_20250120_0900_a4b499e8.pdf,2025-01-20,"Flood, Heavy Rain, Strong Wind",5219,,,,,,,,,,5738.0,16930.0,1.0,3.0,0.0,0.0,98.0,0.0,0.0,8.0,71.0,239.0,True,grand_total,900,2025-01-20 09:00:00,3,100.0,40.0,0.0,1,1,1,0,0,0,3.5,weather_forecast,0,0,,,,,,,,,,,1,0,0.0,0,0,0,0,16.0,early_warning,general_situation_report,retain,2025-01-20 09:00:00,813,1,1,24.0,2025-01-21 09:00:00,24.0,20333.0,6797.0,18.0,686.0,True,9.736901540128232,8.655040258108363,2.1972245773362196,5.480638923341991,24.0,True,910.0,325.0,4.0,46.0,16020.0,5413.0,193.0,2.9223586428682733,1.6304913216319328,9,1,20,0,0.49999999999999994,0.8660254037844387,0.3373010691361842,0.9413968285264122,9.920049640835106,6.532334292222349,3403.0,0.18314810070687493,1,16020.0,2.9223586428682733,Increasing,0.8448275862068966,0.8793103448275862,58,84.48275862068965,False,Normal Increase
situation_20250121_0900_366c957e.pdf,2025-01-21,"Flood, Heavy Rain, Strong Wind",6616,,,,,,,,,,6797.0,20333.0,2.0,3.0,0.0,1.0,174.0,5.0,1.0,18.0,228.0,686.0,True,grand_total,900,2025-01-21 09:00:00,3,,40.0,0.0,0,1,1,0,0,0,3.5,weather_forecast,0,0,,,,,,,,,,,1,1,2.0,4,2,0,4,17.0,early_warning,general_situation_report,retain,2025-01-21 09:00:00,814,1,1,24.0,2025-01-22 09:00:00,24.0,18607.0,5759.0,19.0,1320.0,True,9.920049640835106,8.824383730256061,2.9444389791664403,6.532334292222349,24.0,True,16930.0,5738.0,8.0,239.0,3403.0,1059.0,447.0,0.18314810070687493,1.0516953688803579,9,1,21,1,0.49999999999999994,0.8660254037844387,0.3534446712740877,0.9354554315134164,9.831346874758445,7.186144304522325,-1726.0,-0.08870276607666128,1,3403.0,0.18314810070687493,Increasing,0.711864406779661,0.3559322033898305,59,35.59322033898305,False,Normal Increase
situation_20250122_0900_8365a061.pdf,2025-01-22,"Flood, Heavy Rain, Strong Wind",6935,,,,,,,,,,5759.0,18607.0,2.0,3.0,0.0,1.0,156.0,9.0,3.0,19.0,455.0,1320.0,True,grand_total,900,2025-01-22 09:00:00,3,75.0,40.0,0.0,1,1,1,0,0,0,3.5,weather_forecast,0,0,,,,,,,,,,,1,1,1.0,3,0,0,3,17.0,early_warning,general_situation_report,retain,2025-01-22 09:00:00,815,1,1,24.0,2025-01-23 09:00:00,24.0,73586.0,22368.0,17.0,1202.0,True,9.831346874758445,8.658692753689937,2.995732273553991,7.186144304522325,24.0,True,20333.0,6797.0,18.0,686.0,-1726.0,-1038.0,634.0,-0.08870276607666128,0.6538100122999762,9,1,22,2,0.49999999999999994,0.8660254037844387,0.3694836834473831,0.9292372181882051,11.206223658681193,7.0925737159746784,54979.0,1.3748767839227476,1,-1726.0,-0.08870276607666128,Decreasing,0.0,0.0,59,0.0,False,Decrease
situation_20250123_0900_887db400.pdf,2025-01-23,"Flood, Heavy Rain, Strong Wind",7981,,,,,,,,,,22368.0,73586.0,2.0,3.0,0.0,1.0,289.0,12.0,3.0,17.0,441.0,1202.0,True,grand_total,900,2025-01-23 09:00:00,3,75.0,40.0,0.0,1,1,1,0,0,0,3.5,weather_forecast,0,0,,,,,,,,,,,1,0,0.0,0,0,0,0,41.0,early_warning,general_situation_report,retain,2025-01-23 09:00:00,816,1,1,24.0,2025-01-24 09:00:00,24.0,92382.0,27733.0,13.0,820.0,True,11.206223658681193,10.015431350758112,2.8903717578961645,7.0925737159746784,24.0,True,18607.0,5759.0,19.0,1320.0,54979.0,16609.0,-118.0,1.3748767839227476,-0.09357058854764677,9,1,23,3,0.49999999999999994,0.8660254037844387,0.38541335945432564,0.9227440286201427,11.433698258018902,6.710523109452428,18796.0,0.2274745993377092,1,54979.0,1.3748767839227476,Increasing,0.9322033898305084,0.6779661016949152,59,67.79661016949152,False,Normal Increase
situation_20250124_0900_b81a3ed8.pdf,2025-01-24,"Flood, Heavy Rain, Strong Wind",8225,,,,,,,,,,27733.0,92382.0,2.0,3.0,0.0,1.0,305.0,0.0,0.0,13.0,233.0,820.0,True,grand_total,900,2025-01-24 09:00:00,3,50.0,40.0,0.0,1,1,1,0,0,0,3.5,weather_forecast,0,0,,,,,,,,,,,1,0,0.0,0,0,0,0,65.0,early_warning,general_situation_report,retain,2025-01-24 09:00:00,817,1,1,24.0,2025-01-25 09:00:00,24.0,92471.0,27751.0,10.0,438.0,True,11.433698258018902,10.23041437631381,2.6390573296152584,6.710523109452428,24.0,True,73586.0,22368.0,17.0,1202.0,18796.0,5365.0,-382.0,0.2274745993377092,-0.38205060652225065,9,1,24,4,0.49999999999999994,0.8660254037844387,0.4012289854475009,0.9159777842484877,11.434661174974103,6.0844994130751715,89.0,0.0009629169552010097,1,18796.0,0.2274745993377092,Increasing,0.85,0.36666666666666664,60,36.666666666666664,False,Normal Increase
situation_20250125_0900_9a0b5bac.pdf,2025-01-25,"Flood, Heavy Rain, Strong Wind",8390,,,,,,,,,,27751.0,92471.0,2.0,3.0,0.0,1.0,319.0,0.0,0.0,10.0,142.0,438.0,True,grand_total,900,2025-01-25 09:00:00,3,75.0,40.0,0.0,1,1,1,0,0,0,3.5,weather_forecast,0,0,,,,,,,,,,,1,0,0.0,0,0,0,0,89.0,early_warning,general_situation_report,retain,2025-01-25 09:00:00,818,1,1,24.0,2025-01-26 09:00:00,24.0,92471.0,27751.0,10.0,438.0,True,11.434661174974103,10.231063188649586,2.3978952727983707,6.0844994130751715,24.0,True,92382.0,27733.0,13.0,820.0,89.0,18.0,-382.0,0.0009629169552010097,-0.6260236963772563,9,1,25,5,0.49999999999999994,0.8660254037844387,0.4169258813287287,0.908940487313808,11.434661174974103,6.0844994130751715,0.0,0.0,1,89.0,0.0009629169552010097,Increasing,0.3442622950819672,0.06557377049180328,61,6.557377049180328,False,Normal Increase
situation_20250126_0900_69934cae.pdf,2025-01-26,"Flood, Heavy Rain, Strong Wind",8387,,,,,,,,,,27751.0,92471.0,2.0,3.0,0.0,1.0,319.0,0.0,0.0,10.0,142.0,438.0,True,grand_total,900,2025-01-26 09:00:00,3,75.0,40.0,0.0,1,1,1,0,0,0,3.5,weather_forecast,0,0,,,,,,,,,,,1,0,0.0,0,0,0,0,113.0,early_warning,general_situation_report,retain,2025-01-26 09:00:00,819,1,1,24.0,2025-01-27 09:00:00,24.0,92477.0,27753.0,10.0,438.0,True,11.434661174974103,10.231063188649586,2.3978952727983707,6.0844994130751715,24.0,True,92471.0,27751.0,10.0,438.0,0.0,0.0,0.0,0.0,0.0,9,1,26,6,0.49999999999999994,0.8660254037844387,0.4324994021339788,0.901634220265486,11.434726057374775,6.0844994130751715,6.0,6.488240067170636e-05,1,0.0,0.0,Stable,0.0,0.0,62,0.0,False,Stable
situation_20250127_0900_fddd5d23.pdf,2025-01-27,"Flood, Heavy Rain, Strong Wind",8366,,,,,,,,,,27753.0,92477.0,4.0,3.0,0.0,1.0,319.0,0.0,0.0,10.0,142.0,438.0,True,grand_total,900,2025-01-27 09:00:00,2,,40.0,0.0,0,1,1,0,0,0,3.5,weather_forecast,1,1,0.0,0.0,0.0,0.0,,,0.0,1.0,0.0,flood_warning,1,0,0.0,0,0,0,0,137.0,early_warning,general_situation_report,retain,2025-01-27 09:00:00,820,1,1,24.0,2025-01-28 09:00:00,24.0,822.0,225.0,3.0,47.0,True,11.434726057374775,10.231135252930956,2.3978952727983707,6.0844994130751715,24.0,True,92471.0,27751.0,10.0,438.0,6.0,2.0,0.0,6.488240067170636e-05,0.0,9,1,27,0,0.49999999999999994,0.8660254037844387,0.44794493940789115,0.8940611451454876,6.71295620067707,3.871201010907891,-91655.0,-4.721769856697705,1,6.0,6.488240067170636e-05,Increasing,0.12903225806451613,0.03225806451612903,62,3.225806451612903,False,Normal Increase
situation_20250128_0900_f46e1081.pdf,2025-01-28,"Heavy Rain, Strong Wind",3277,,,,,,,,,,225.0,822.0,1.0,0.0,0.0,0.0,125.0,0.0,0.0,3.0,11.0,47.0,True,grand_total,900,2025-01-28 09:00:00,3,,,0.0,0,1,0,0,0,0,3.5,weather_forecast,1,1,0.0,0.0,0.0,0.0,,,0.0,1.0,24.0,flood_warning,1,0,0.0,0,0,0,0,161.0,early_warning,general_situation_report,retain,2025-01-28 09:00:00,821,1,1,24.0,2025-01-29 09:00:00,24.0,96.0,24.0,2.0,33.0,True,6.71295620067707,5.420534999272286,1.3862943611198906,3.871201010907891,24.0,True,92477.0,27753.0,10.0,438.0,-91655.0,-27528.0,-391.0,-4.721769856697705,-2.2132984021672804,9,1,28,1,0.49999999999999994,0.8660254037844387,0.4632579225674917,0.88622350294858,4.574710978503383,3.5263605246161616,-726.0,-2.138245222173687,1,-91655.0,-4.721769856697705,Decreasing,0.0,0.0,62,0.0,False,Decrease
situation_20250129_0900_347cf28e.pdf,2025-01-29,"Heavy Rain, Strong Wind",3007,,,,,,,,,,24.0,96.0,0.0,0.0,0.0,0.0,25.0,0.0,0.0,2.0,7.0,33.0,True,grand_total,900,2025-01-29 09:00:00,3,75.0,,0.0,1,1,0,0,0,0,3.5,weather_forecast,1,0,,,,,,,,,48.0,flood_warning,1,0,0.0,0,0,0,0,185.0,early_warning,general_situation_report,retain,2025-01-29 09:00:00,822,1,1,24.0,2025-01-30 09:00:00,24.0,33.0,7.0,2.0,33.0,True,4.574710978503383,3.2188758248682006,1.0986122886681098,3.5263605246161616,24.0,True,822.0,225.0,3.0,47.0,-726.0,-201.0,-14.0,-2.138245222173687,-0.3448404862917296,9,1,29,2,0.49999999999999994,0.8660254037844387,0.4784338202547012,0.8781236129591848,3.5263605246161616,3.5263605246161616,-63.0,-1.0483504538872213,1,-726.0,-2.138245222173687,Decreasing,0.0,0.0,62,0.0,False,Decrease
situation_20250130_0900_2e417910.pdf,2025-01-30,Other,2326,,,,,,,,,,7.0,33.0,0.0,0.0,0.0,0.0,8.0,0.0,0.0,2.0,7.0,33.0,True,grand_total,900,2025-01-30 09:00:00,3,75.0,,0.0,1,1,0,0,0,0,3.5,weather_forecast,1,0,,,,,,,,,72.0,flood_warning,1,0,0.0,0,0,0,0,209.0,early_warning,general_situation_report,retain,2025-01-30 09:00:00,823,1,1,24.0,2025-01-31 09:00:00,24.0,233.0,52.0,2.0,100.0,True,3.5263605246161616,2.0794415416798357,1.0986122886681098,3.5263605246161616,24.0,True,96.0,24.0,2.0,33.0,-63.0,-17.0,0.0,-1.0483504538872213,0.0,9,1,30,3,0.49999999999999994,0.8660254037844387,0.49346814167723735,0.8697638720650646,5.455321115357702,4.61512051684126,200.0,1.9289605907415401,1,-63.0,-1.0483504538872213,Decreasing,0.0,0.0,62,0.0,False,Decrease
situation_20250131_0900_8767d452.pdf,2025-01-31,"Flood, Landslide, Strong Wind",2634,,,,,,,,,,52.0,233.0,0.0,0.0,0.0,0.0,21.0,0.0,0.0,2.0,22.0,100.0,True,grand_total,900,2025-01-31 09:00:00,3,,,0.0,0,1,0,0,0,0,3.5,weather_forecast,1,0,,,,,,,,,96.0,flood_warning,1,0,0.0,0,0,0,0,233.0,early_warning,general_situation_report,retain,2025-01-31 09:00:00,824,1,1,24.0,2025-02-01 09:00:00,24.0,271.0,62.0,2.0,100.0,True,5.455321115357702,3.970291913552122,1.0986122886681098,4.61512051684126,24.0,True,33.0,7.0,2.0,33.0,200.0,45.0,67.0,1.9289605907415401,1.0887599922250981,9,1,31,4,0.49999999999999994,0.8660254037844387,0.5083564379375122,0.8611467540480452,5.605802066295998,4.61512051684126,38.0,0.15048095093829605,1,200.0,1.9289605907415401,Increasing,0.41935483870967744,0.8064516129032258,62,41.935483870967744,False,Normal Increase
situation_20250201_0900_987ff0b2.pdf,2025-02-01,"Flood, Heavy Rain, Strong Wind, Lightning",3242,,,,,,,,,,62.0,271.0,0.0,0.0,0.0,0.0,31.0,0.0,0.0,2.0,22.0,100.0,True,grand_total,900,2025-02-01 09:00:00,4,,,0.0,0,1,0,0,0,0,3.5,weather_forecast,1,0,,,,,,,,,120.0,flood_warning,1,0,0.0,0,0,0,0,257.0,early_warning,general_situation_report,retain,2025-02-01 09:00:00,825,1,1,24.0,2025-02-02 09:00:00,24.0,230.0,52.0,2.0,100.0,True,5.605802066295998,4.143134726391533,1.0986122886681098,4.61512051684126,24.0,True,233.0,52.0,2.0,100.0,38.0,10.0,0.0,0.15048095093829605,0.0,9,2,32,5,0.8660254037844386,0.5000000000000001,0.5230943033491326,0.8522748088519838,5.442417710521793,4.61512051684126,-41.0,-0.16338435577420451,1,38.0,0.15048095093829605,Increasing,0.23809523809523808,0.31746031746031744,63,23.809523809523807,False,Normal Increase
situation_20250202_0900_f61491d7.pdf,2025-02-02,Flood,2463,,,,,,,,,,52.0,230.0,0.0,0.0,0.0,0.0,21.0,0.0,0.0,2.0,22.0,100.0,True,grand_total,900,2025-02-02 09:00:00,3,,,0.0,0,1,0,0,0,0,3.5,weather_forecast,1,0,,,,,,,,,144.0,flood_warning,1,0,0.0,0,0,0,0,281.0,early_warning,general_situation_report,retain,2025-02-02 09:00:00,826,1,1,24.0,2025-02-03 09:00:00,24.0,230.0,52.0,3.0,147.0,True,5.442417710521793,3.970291913552122,1.0986122886681098,4.61512051684126,24.0,True,271.0,62.0,2.0,100.0,-41.0,-10.0,0.0,-0.16338435577420451,0.0,9,2,33,6,0.8660254037844386,0.5000000000000001,0.5376773767406141,0.8431506618282,5.442417710521793,4.997212273764115,0.0,0.0,1,-41.0,-0.16338435577420451,Decreasing,0.0,0.0,64,0.0,False,Decrease
situation_20250203_0900_eba9f364.pdf,2025-02-03,Flood,2473,,,,,,,,,,52.0,230.0,0.0,0.0,0.0,0.0,21.0,0.0,0.0,3.0,37.0,147.0,True,grand_total,900,2025-02-03 09:00:00,3,,,0.0,0,1,0,0,0,0,3.5,weather_forecast,1,0,,,,,,,,,168.0,flood_warning,1,0,0.0,0,0,0,0,305.0,early_warning,general_situation_report,retain,2025-02-03 09:00:00,827,1,1,24.0,2025-02-04 09:00:00,24.0,985.0,252.0,2.0,37.0,True,5.442417710521793,3.970291913552122,1.3862943611198906,4.997212273764115,24.0,True,230.0,52.0,2.0,100.0,0.0,0.0,47.0,0.0,0.382091756922855,9,2,34,0,0.8660254037844386,0.5000000000000001,0.5521013427459208,0.8337770129585915,6.893656354602635,3.6375861597263857,755.0,1.451238644080842,1,0.0,0.0,Stable,0.0,0.0,64,0.0,False,Stable
situation_20250204_0900_60601059.pdf,2025-02-04,"Flood, Landslide, Heavy Rain, Strong Wind",3311,,,,,,,,,,252.0,985.0,0.0,0.0,0.0,0.0,134.0,0.0,1.0,2.0,11.0,37.0,True,grand_total,900,2025-02-04 09:00:00,3,,,0.0,0,1,0,0,0,0,3.5,weather_forecast,1,0,,,,,,,,,192.0,flood_warning,1,0,0.0,0,0,0,0,329.0,early_warning,general_situation_report,retain,2025-02-04 09:00:00,828,1,1,24.0,2025-02-05 09:00:00,24.0,942.0,241.0,2.0,37.0,True,6.893656354602635,5.53338948872752,1.0986122886681098,3.6375861597263857,24.0,True,230.0,52.0,3.0,147.0,755.0,200.0,-110.0,1.451238644080842,-1.359626114037729,9,2,35,1,0.8660254037844386,0.5000000000000001,0.5663619330814524,0.8241566360566663,6.849066282633458,3.6375861597263857,-43.0,-0.044590071969177636,1,755.0,1.451238644080842,Increasing,0.625,0.71875,64,62.5,False,Normal Increase
situation_20250205_0900_0de7b393.pdf,2025-02-05,"Flood, Landslide, Heavy Rain",2493,,,,,,,,,,241.0,942.0,0.0,0.0,0.0,0.0,123.0,0.0,0.0,2.0,11.0,37.0,True,grand_total,900,2025-02-05 09:00:00,3,,,0.0,0,1,0,0,0,0,3.5,weather_forecast,1,0,,,,,,,,,216.0,flood_warning,1,0,0.0,0,0,0,0,353.0,early_warning,general_situation_report,retain,2025-02-05 09:00:00,829,1,1,24.0,2025-02-06 09:00:00,24.0,1.0,1.0,2.0,37.0,True,6.849066282633458,5.488937726156687,1.0986122886681098,3.6375861597263857,24.0,True,985.0,252.0,2.0,37.0,-43.0,-11.0,0.0,-0.044590071969177636,0.0,9,2,36,2,0.8660254037844386,0.5000000000000001,0.580454927809098,0.8142923779467267,0.6931471805599453,3.6375861597263857,-941.0,-6.155919102073512,1,-43.0,-0.044590071969177636,Decreasing,0.0,0.0,64,0.0,False,Decrease
situation_20250206_0900_8d23a712.pdf,2025-02-06,"Flood, Landslide",2590,,,,,,,,,,1.0,1.0,0.0,0.0,0.0,0.0,1.0,1.0,0.0,2.0,11.0,37.0,True,grand_total,900,2025-02-06 09:00:00,3,,,0.0,0,1,0,0,0,0,3.5,weather_forecast,1,0,,,,,,,,,240.0,flood_warning,1,0,0.0,0,0,0,0,377.0,early_warning,general_situation_report,retain,2025-02-06 09:00:00,830,1,1,24.0,2025-02-07 09:00:00,24.0,948.0,243.0,0.0,0.0,True,0.6931471805599453,0.6931471805599453,1.0986122886681098,3.6375861597263857,24.0,True,942.0,241.0,2.0,37.0,-941.0,-240.0,0.0,-6.155919102073512,0.0,9,2,37,3,0.8660254037844386,0.5000000000000001,0.5943761565849831,0.804187157621448,6.855408798609928,0.0,947.0,6.162261618049983,0,-941.0,-6.155919102073512,Decreasing,0.0,0.0,64,0.0,False,Decrease
situation_20250207_0900_8ee869a5.pdf,2025-02-07,"Flood, Landslide, Strong Wind",2931,,,,,,,,,,243.0,948.0,0.0,0.0,0.0,0.0,125.0,0.0,0.0,0.0,0.0,0.0,True,grand_total,900,2025-02-07 09:00:00,3,,,0.0,0,0,0,0,0,0,3.5,weather_forecast,1,0,,,,,,,,,264.0,flood_warning,1,0,0.0,0,0,0,0,401.0,early_warning,general_situation_report,retain,2025-02-07 09:00:00,831,1,1,24.0,2025-02-08 09:00:00,24.0,960.0,246.0,0.0,0.0,True,6.855408798609928,5.497168225293202,0.0,0.0,24.0,True,1.0,1.0,2.0,37.0,947.0,242.0,-37.0,6.162261618049983,-3.6375861597263857,9,2,38,4,0.8660254037844386,0.5000000000000001,0.6081214998935418,0.7938439653781019,6.8679744089702925,0.0,12.0,0.01256561036036441,0,947.0,6.162261618049983,Increasing,0.625,0.96875,64,62.5,False,Normal Increase
situation_20250208_0900_44489b9b.pdf,2025-02-08,"Flood, Landslide, Strong Wind",3560,,,,,,,,,,246.0,960.0,1.0,0.0,0.0,0.0,129.0,0.0,0.0,0.0,0.0,0.0,True,grand_total,900,2025-02-08 09:00:00,3,,,0.0,0,0,0,0,0,0,3.5,weather_forecast,1,0,,,,,,,,,288.0,flood_warning,1,0,0.0,0,0,0,0,425.0,early_warning,general_situation_report,retain,2025-02-08 09:00:00,832,1,1,24.0,2025-02-09 09:00:00,24.0,0.0,0.0,0.0,0.0,True,6.8679744089702925,5.5093883366279774,0.0,0.0,24.0,True,948.0,243.0,0.0,0.0,12.0,3.0,0.0,0.01256561036036441,0.0,9,2,39,5,0.8660254037844386,0.5000000000000001,0.6216868902665479,0.7832658619336791,0.0,0.0,-960.0,-6.8679744089702925,0,12.0,0.01256561036036441,Increasing,0.15384615384615385,0.18461538461538463,65,15.384615384615385,False,Normal Increase
situation_20250209_0900_21f50e1f.pdf,2025-02-09,Other,2265,,,,,,,,,,0.0,0.0,0.0,0.0,0.0,0.0,0.0,0.0,0.0,0.0,0.0,0.0,True,confirmed_zero_report,900,2025-02-09 09:00:00,3,,40.0,0.0,0,0,1,0,0,0,3.5,weather_forecast,1,0,,,,,,,,,312.0,flood_warning,1,0,0.0,0,0,0,0,449.0,early_warning,general_situation_report,retain,2025-02-09 09:00:00,833,1,1,24.0,2025-02-10 09:00:00,24.0,0.0,0.0,0.0,0.0,True,0.0,0.0,0.0,0.0,24.0,True,960.0,246.0,0.0,0.0,-960.0,-246.0,0.0,-6.8679744089702925,0.0,9,2,40,6,0.8660254037844386,0.5000000000000001,0.6350683134867438,0.7724559775191742,0.0,0.0,0.0,0.0,0,-960.0,-6.8679744089702925,Decreasing,0.0,0.0,65,0.0,False,Decrease
situation_20250210_0900_0201f714.pdf,2025-02-10,Other,2255,,,,,,,,,,0.0,0.0,0.0,0.0,0.0,0.0,0.0,0.0,0.0,0.0,0.0,0.0,True,confirmed_zero_report,900,2025-02-10 09:00:00,3,,40.0,0.0,0,0,1,0,0,0,3.5,weather_forecast,1,0,,,,,,,,,336.0,flood_warning,1,0,0.0,0,0,0,0,473.0,early_warning,general_situation_report,retain,2025-02-10 09:00:00,834,1,1,24.0,2025-02-11 09:00:00,24.0,14.0,4.0,0.0,0.0,True,0.0,0.0,0.0,0.0,24.0,True,0.0,0.0,0.0,0.0,0.0,0.0,0.0,0.0,0.0,9,2,41,0,0.8660254037844386,0.5000000000000001,0.6482618097757122,0.7614175109532997,2.70805020110221,0.0,14.0,2.70805020110221,0,0.0,0.0,Stable,0.0,0.0,65,0.0,False,Stable
situation_20250211_0900_40fd05b9.pdf,2025-02-11,"Strong Wind, Lightning",2461,,,,,,,,,,4.0,14.0,0.0,0.0,0.0,0.0,4.0,0.0,0.0,0.0,0.0,0.0,True,grand_total,900,2025-02-11 09:00:00,3,,,0.0,0,0,0,0,0,0,3.5,weather_forecast,1,0,,,,,,,,,360.0,flood_warning,1,0,0.0,0,0,0,0,497.0,early_warning,general_situation_report,retain,2025-02-11 09:00:00,835,1,1,24.0,2025-02-12 09:00:00,24.0,1.0,1.0,0.0,0.0,True,2.70805020110221,1.6094379124341003,0.0,0.0,24.0,True,0.0,0.0,0.0,0.0,14.0,4.0,0.0,2.70805020110221,0.0,9,2,42,1,0.8660254037844386,0.5000000000000001,0.6612634749656386,0.7501537286959042,0.6931471805599453,0.0,-13.0,-2.0149030205422647,0,14.0,2.70805020110221,Increasing,0.18461538461538463,0.8923076923076924,65,18.461538461538463,False,Normal Increase
situation_20250212_0900_bff647f3.pdf,2025-02-12,Strong Wind,2310,,,,,,,,,,1.0,1.0,0.0,0.0,0.0,0.0,1.0,0.0,0.0,0.0,0.0,0.0,True,grand_total,900,2025-02-12 09:00:00,3,,,0.0,0,1,0,0,0,0,3.5,weather_forecast,1,0,,,,,,,,,384.0,flood_warning,1,0,0.0,0,0,0,0,521.0,early_warning,general_situation_report,retain,2025-02-12 09:00:00,836,1,1,24.0,2025-02-13 09:00:00,24.0,0.0,0.0,0.0,0.0,True,0.6931471805599453,0.6931471805599453,0.0,0.0,24.0,True,14.0,4.0,0.0,0.0,-13.0,-3.0,0.0,-2.0149030205422647,0.0,9,2,43,2,0.8660254037844386,0.5000000000000001,0.6740694616546161,0.7386679638813748,0.0,0.0,-1.0,-0.6931471805599453,0,-13.0,-2.0149030205422647,Decreasing,0.0,0.0,66,0.0,False,Decrease
situation_20250213_0900_667a5939.pdf,2025-02-13,Other,2261,,,,,,,,,,0.0,0.0,0.0,0.0,0.0,0.0,0.0,0.0,0.0,0.0,0.0,0.0,True,grand_total,900,2025-02-13 09:00:00,3,,,0.0,0,0,0,0,0,0,3.5,weather_forecast,1,0,,,,,,,,,408.0,flood_warning,1,0,0.0,0,0,0,0,545.0,early_warning,general_situation_report,retain,2025-02-13 09:00:00,837,1,1,24.0,2025-02-14 09:00:00,24.0,3.0,2.0,0.0,0.0,True,0.0,0.0,0.0,0.0,24.0,True,1.0,1.0,0.0,0.0,-1.0,-1.0,0.0,-0.6931471805599453,0.0,9,2,44,3,0.8660254037844386,0.5000000000000001,0.6866759803451553,0.726963615332308,1.3862943611198906,0.0,3.0,1.3862943611198906,0,-1.0,-0.6931471805599453,Decreasing,0.0,0.0,65,0.0,False,Decrease
situation_20250214_0900_1956f508.pdf,2025-02-14,Other,2526,,,,,,,,,,2.0,3.0,0.0,0.0,1.0,0.0,1.0,0.0,0.0,0.0,0.0,0.0,True,grand_total,900,2025-02-14 09:00:00,3,,,0.0,0,0,0,0,0,0,3.5,weather_forecast,1,0,,,,,,,,,432.0,flood_warning,1,0,0.0,0,0,0,0,569.0,early_warning,general_situation_report,retain,2025-02-14 09:00:00,838,1,1,24.0,2025-02-15 09:00:00,24.0,1.0,1.0,0.0,0.0,True,1.3862943611198906,1.0986122886681098,0.0,0.0,24.0,True,0.0,0.0,0.0,0.0,3.0,2.0,0.0,1.3862943611198906,0.0,9,2,45,4,0.8660254037844386,0.5000000000000001,0.6990793005655562,0.7150441465537444,0.6931471805599453,0.0,-2.0,-0.6931471805599453,0,3.0,1.3862943611198906,Increasing,0.0625,0.6875,64,6.25,False,Normal Increase
situation_20250215_0900_780293e2.pdf,2025-02-15,Other,2310,,,,,,,,,,1.0,1.0,1.0,0.0,0.0,0.0,0.0,0.0,0.0,0.0,0.0,0.0,True,grand_total,900,2025-02-15 09:00:00,3,,,0.0,0,0,0,0,0,0,3.5,weather_forecast,1,0,,,,,,,,,456.0,flood_warning,1,0,0.0,0,0,0,0,593.0,early_warning,general_situation_report,retain,2025-02-15 09:00:00,839,1,1,24.0,2025-02-16 09:00:00,24.0,0.0,0.0,0.0,0.0,True,0.6931471805599453,0.6931471805599453,0.0,0.0,24.0,True,3.0,2.0,0.0,0.0,-2.0,-1.0,0.0,-0.6931471805599453,0.0,9,2,46,5,0.8660254037844386,0.5000000000000001,0.7112757519738152,0.7029130847082615,0.0,0.0,-1.0,-0.6931471805599453,0,-2.0,-0.6931471805599453,Decreasing,0.0,0.0,65,0.0,False,Decrease
situation_20250216_0900_8ddc693a.pdf,2025-02-16,Other,2278,,,,,,,,,,0.0,0.0,0.0,0.0,0.0,0.0,0.0,0.0,0.0,0.0,0.0,0.0,True,grand_total,900,2025-02-16 09:00:00,3,,,0.0,0,0,0,0,0,0,3.5,weather_forecast,1,0,,,,,,,,,480.0,flood_warning,1,0,0.0,0,0,0,0,617.0,early_warning,general_situation_report,retain,2025-02-16 09:00:00,840,1,1,24.0,2025-02-17 09:00:00,24.0,0.0,0.0,0.0,0.0,True,0.0,0.0,0.0,0.0,24.0,True,1.0,1.0,0.0,0.0,-1.0,-1.0,0.0,-0.6931471805599453,0.0,9,2,47,6,0.8660254037844386,0.5000000000000001,0.7232617254437388,0.6905740195722293,0.0,0.0,0.0,0.0,0,-1.0,-0.6931471805599453,Decreasing,0.0,0.0,64,0.0,False,Decrease
situation_20250217_0900_17ae8784.pdf,2025-02-17,Other,2257,,,,,,,,,,0.0,0.0,0.0,0.0,0.0,0.0,0.0,0.0,0.0,0.0,0.0,0.0,True,grand_total,900,2025-02-17 09:00:00,3,,,0.0,0,1,0,0,0,0,3.5,weather_forecast,1,0,,,,,,,,,504.0,flood_warning,1,0,0.0,0,0,0,0,641.0,early_warning,general_situation_report,retain,2025-02-17 09:00:00,841,1,1,24.0,2025-02-18 09:00:00,24.0,4.0,1.0,0.0,0.0,True,0.0,0.0,0.0,0.0,24.0,True,0.0,0.0,0.0,0.0,0.0,0.0,0.0,0.0,0.0,9,2,48,0,0.8660254037844386,0.5000000000000001,0.7350336741329413,0.6780306024735382,1.6094379124341003,0.0,4.0,1.6094379124341003,0,0.0,0.0,Stable,0.0,0.0,63,0.0,False,Stable
situation_20250218_0900_e528a2c5.pdf,2025-02-18,Strong Wind,2293,,,,,,,,,,1.0,4.0,0.0,0.0,0.0,0.0,1.0,0.0,0.0,0.0,0.0,0.0,True,grand_total,900,2025-02-18 09:00:00,3,,,0.0,0,1,0,0,0,0,3.5,weather_forecast,1,0,,,,,,,,,528.0,flood_warning,1,0,0.0,0,0,0,0,665.0,early_warning,general_situation_report,retain,2025-02-18 09:00:00,842,1,1,24.0,2025-02-19 09:00:00,24.0,0.0,0.0,0.0,0.0,True,1.6094379124341003,0.6931471805599453,0.0,0.0,24.0,True,0.0,0.0,0.0,0.0,4.0,1.0,0.0,1.6094379124341003,0.0,9,2,49,1,0.8660254037844386,0.5000000000000001,0.746588114532413,0.6652865452111116,0.0,0.0,-4.0,-1.6094379124341003,0,4.0,1.6094379124341003,Increasing,0.11290322580645161,0.7903225806451613,62,11.29032258064516,False,Normal Increase
situation_20250219_0900_3cba3ff5.pdf,2025-02-19,Other,2248,,,,,,,,,,0.0,0.0,0.0,0.0,0.0,0.0,0.0,0.0,0.0,0.0,0.0,0.0,True,grand_total,900,2025-02-19 09:00:00,2,,,0.0,0,1,0,0,0,0,3.5,weather_forecast,1,0,,,,,,,,,552.0,flood_warning,1,0,0.0,0,0,0,0,689.0,early_warning,general_situation_report,retain,2025-02-19 09:00:00,843,1,1,24.0,2025-02-20 09:00:00,24.0,6.0,2.0,0.0,0.0,True,0.0,0.0,0.0,0.0,24.0,True,4.0,1.0,0.0,0.0,-4.0,-1.0,0.0,-1.6094379124341003,0.0,9,2,50,2,0.8660254037844386,0.5000000000000001,0.7579216274973472,0.6523456189565257,1.9459101490553132,0.0,6.0,1.9459101490553132,0,-4.0,-1.6094379124341003,Decreasing,0.0,0.0,62,0.0,False,Decrease
situation_20250220_0900_239231d5.pdf,2025-02-20,Heavy Rain,2281,,,,,,,,,,2.0,6.0,0.0,0.0,0.0,0.0,2.0,0.0,0.0,0.0,0.0,0.0,True,grand_total,900,2025-02-20 09:00:00,3,,,0.0,0,1,0,0,0,0,3.5,weather_forecast,1,0,,,,,,,,,576.0,flood_warning,1,0,0.0,0,0,0,0,713.0,early_warning,general_situation_report,retain,2025-02-20 09:00:00,844,1,1,24.0,2025-02-21 09:00:00,24.0,8.0,3.0,0.0,0.0,True,1.9459101490553132,1.0986122886681098,0.0,0.0,24.0,True,0.0,0.0,0.0,0.0,6.0,2.0,0.0,1.9459101490553132,0.0,9,2,51,3,0.8660254037844386,0.5000000000000001,0.7690308592589181,0.6392116531380588,2.1972245773362196,0.0,2.0,0.25131442828090633,0,6.0,1.9459101490553132,Increasing,0.18032786885245902,0.819672131147541,61,18.0327868852459,False,Normal Increase
situation_20250221_0900_d879e837.pdf,2025-02-21,Strong Wind,2343,,,,,,,,,,3.0,8.0,0.0,0.0,0.0,0.0,3.0,0.0,0.0,0.0,0.0,0.0,True,grand_total,900,2025-02-21 09:00:00,3,,,0.0,0,1,0,0,0,0,3.5,weather_forecast,1,0,,,,,,,,,600.0,flood_warning,1,0,0.0,0,0,0,0,737.0,early_warning,general_situation_report,retain,2025-02-21 09:00:00,845,1,1,24.0,2025-02-22 09:00:00,24.0,5777.0,1886.0,0.0,0.0,True,2.1972245773362196,1.3862943611198906,0.0,0.0,24.0,True,6.0,2.0,0.0,0.0,2.0,1.0,0.0,0.25131442828090633,0.0,9,2,52,4,0.8660254037844386,0.5000000000000001,0.7799125224167177,0.6258885343075018,8.661812881026181,0.0,5769.0,6.464588303689961,0,2.0,0.25131442828090633,Increasing,0.06451612903225806,0.3870967741935484,62,6.451612903225806,False,Normal Increase
situation_20250222_0900_d075e43e.pdf,2025-02-22,Other,2711,,,,,,,,,,1886.0,5777.0,0.0,0.0,0.0,1.0,0.0,1.0,0.0,0.0,0.0,0.0,True,grand_total,900,2025-02-22 09:00:00,3,,,0.0,0,1,0,0,0,0,3.5,weather_forecast,1,0,,,,,,,,,624.0,flood_warning,1,0,0.0,0,0,0,0,761.0,early_warning,general_situation_report,retain,2025-02-22 09:00:00,846,1,1,24.0,2025-02-23 09:00:00,24.0,7194.0,2278.0,0.0,0.0,True,8.661812881026181,7.54274354536855,0.0,0.0,24.0,True,8.0,3.0,0.0,0.0,5769.0,1883.0,0.0,6.464588303689961,0.0,9,2,53,5,0.8660254037844386,0.5000000000000001,0.7905633969115482,0.612380204990065,8.881141619321468,0.0,1417.0,0.2193287382952871,0,5769.0,6.464588303689961,Increasing,0.8095238095238095,0.9841269841269841,63,80.95238095238095,False,Normal Increase
situation_20250223_0900_1ae8dc07.pdf,2025-02-23,Other,2835,,,,,,,,,,2278.0,7194.0,0.0,0.0,0.0,0.0,0.0,0.0,0.0,0.0,0.0,0.0,True,grand_total,900,2025-02-23 09:00:00,3,,,0.0,0,1,0,0,0,0,3.5,weather_forecast,1,0,,,,,,,,,648.0,flood_warning,1,0,0.0,0,0,0,0,785.0,early_warning,general_situation_report,retain,2025-02-23 09:00:00,847,1,1,24.0,2025-02-24 09:00:00,24.0,7194.0,2278.0,0.0,0.0,True,8.881141619321468,7.731492029245684,0.0,0.0,24.0,True,5777.0,1886.0,0.0,0.0,1417.0,392.0,0.0,0.2193287382952871,0.0,9,2,54,6,0.8660254037844386,0.5000000000000001,0.8009803309782905,0.5986906625177214,8.881141619321468,0.0,0.0,0.0,0,1417.0,0.2193287382952871,Increasing,0.703125,0.359375,64,35.9375,False,Normal Increase
situation_20250224_0900_62c582b7.pdf,2025-02-24,Other,2834,,,,,,,,,,2278.0,7194.0,0.0,0.0,0.0,0.0,0.0,0.0,0.0,0.0,0.0,0.0,True,grand_total,900,2025-02-24 09:00:00,3,,40.0,0.0,0,1,1,0,0,0,3.5,weather_forecast,1,0,,,,,,,,,672.0,flood_warning,1,0,0.0,0,0,0,0,809.0,early_warning,general_situation_report,retain,2025-02-24 09:00:00,848,1,1,24.0,2025-02-25 09:00:00,24.0,7258.0,2295.0,0.0,0.0,True,8.881141619321468,7.731492029245684,0.0,0.0,24.0,True,7194.0,2278.0,0.0,0.0,0.0,0.0,0.0,0.0,0.0,9,2,55,0,0.8660254037844386,0.5000000000000001,0.8111602420785621,0.5848239578463322,8.889997357284841,0.0,64.0,0.00885573796337269,0,0.0,0.0,Stable,0.0,0.0,65,0.0,False,Stable
situation_20250225_0900_58bb25d3.pdf,2025-02-25,Other,2860,,,,,,,,,,2295.0,7258.0,0.0,0.0,0.0,0.0,0.0,0.0,0.0,0.0,0.0,0.0,True,grand_total,900,2025-02-25 09:00:00,3,,40.0,0.0,0,1,1,0,0,0,3.5,weather_forecast,1,0,,,,,,,,,696.0,flood_warning,1,0,0.0,0,0,0,0,833.0,early_warning,general_situation_report,retain,2025-02-25 09:00:00,849,1,1,24.0,2025-02-26 09:00:00,24.0,12308.0,2295.0,0.0,0.0,True,8.889997357284841,7.738923757439457,0.0,0.0,24.0,True,7194.0,2278.0,0.0,0.0,64.0,17.0,0.0,0.00885573796337269,0.0,9,2,56,1,0.8660254037844386,0.5000000000000001,0.8211001178128892,0.5707841943569036,9.418085981110297,0.0,5050.0,0.5280886238254556,0,64.0,0.00885573796337269,Increasing,0.38461538461538464,0.16923076923076924,65,16.923076923076923,False,Normal Increase
situation_20250226_0900_54177a9f.pdf,2025-02-26,Other,2996,,,,,,,,,,2295.0,12308.0,0.0,0.0,0.0,0.0,0.0,0.0,0.0,0.0,0.0,0.0,True,grand_total,900,2025-02-26 09:00:00,3,75.0,40.0,0.0,1,1,1,0,0,0,3.5,weather_forecast,1,0,,,,,,,,,720.0,flood_warning,1,0,0.0,0,0,0,0,857.0,early_warning,general_situation_report,retain,2025-02-26 09:00:00,850,1,1,24.0,2025-02-27 09:00:00,24.0,587.0,141.0,0.0,0.0,True,9.418085981110297,7.738923757439457,0.0,0.0,24.0,True,7258.0,2295.0,0.0,0.0,5050.0,0.0,0.0,0.5280886238254556,0.0,9,2,57,2,0.8660254037844386,0.5000000000000001,0.8307970168121247,0.5565755266413303,6.376726947898627,0.0,-11721.0,-3.04135903321167,0,5050.0,0.5280886238254556,Increasing,0.7878787878787878,0.45454545454545453,66,45.45454545454545,False,Normal Increase
situation_20250227_0900_38d96efc.pdf,2025-02-27,"Strong Wind, Lightning",2703,,,,,,,,,,141.0,587.0,0.0,1.0,0.0,0.0,141.0,0.0,0.0,0.0,0.0,0.0,True,grand_total,900,2025-02-27 09:00:00,3,75.0,40.0,0.0,1,1,1,0,0,0,3.5,weather_forecast,1,0,,,,,,,,,744.0,flood_warning,1,0,0.0,0,0,0,0,881.0,early_warning,general_situation_report,retain,2025-02-27 09:00:00,851,1,1,24.0,2025-03-01 09:00:00,48.0,714.0,175.0,0.0,0.0,True,6.376726947898627,4.955827057601261,0.0,0.0,24.0,True,12308.0,2295.0,0.0,0.0,-11721.0,-2154.0,0.0,-3.04135903321167,0.0,9,2,58,3,0.8660254037844386,0.5000000000000001,0.8402480696078469,0.5422021592729844,6.5722825426940075,0.0,127.0,0.19555559479538065,0,-11721.0,-3.04135903321167,Decreasing,0.0,0.0,66,0.0,False,Decrease
situation_20250301_0900_80f898c1.pdf,2025-03-01,"Strong Wind, Lightning",3276,,,,,,,,,,175.0,714.0,0.0,1.0,0.0,0.0,164.0,0.0,0.0,0.0,0.0,0.0,True,grand_total,900,2025-03-01 09:00:00,4,75.0,40.0,0.0,1,1,1,0,0,0,3.5,weather_forecast,1,0,,,,,,,,,792.0,flood_warning,1,1,1.0,2,0,0,2,20.5,early_warning,general_situation_report,retain,2025-03-01 09:00:00,852,1,1,48.0,2025-03-02 09:00:00,24.0,726.0,178.0,0.0,0.0,True,6.5722825426940075,5.170483995038151,0.0,0.0,48.0,True,587.0,141.0,0.0,0.0,127.0,34.0,0.0,0.19555559479538065,0.0,9,3,60,5,1.0,6.123233995736766e-17,0.8584015232918917,0.512978386299228,6.588926477533519,0.0,12.0,0.016643934839511765,0,127.0,0.19555559479538065,Increasing,0.46153846153846156,0.36923076923076925,65,36.92307692307693,False,Normal Increase
situation_20250302_0900_02af25c3.pdf,2025-03-02,"Strong Wind, Lightning",3528,,,,,,,,,,178.0,726.0,1.0,1.0,0.0,0.0,177.0,0.0,0.0,0.0,0.0,0.0,True,grand_total,900,2025-03-02 09:00:00,3,75.0,,0.0,1,1,0,0,0,0,3.5,weather_forecast,1,0,,,,,,,,,816.0,flood_warning,1,1,1.0,2,0,0,2,20.5,early_warning,general_situation_report,retain,2025-03-02 09:00:00,853,1,1,24.0,2025-03-03 09:00:00,24.0,754.0,187.0,0.0,0.0,True,6.588926477533519,5.187385805840755,0.0,0.0,24.0,True,714.0,175.0,0.0,0.0,12.0,3.0,0.0,0.016643934839511765,0.0,9,3,61,6,1.0,6.123233995736766e-17,0.8670985522812081,0.4981366284784055,6.626717749249025,0.0,28.0,0.03779127171550556,0,12.0,0.016643934839511765,Increasing,0.2153846153846154,0.2153846153846154,65,21.53846153846154,False,Normal Increase
situation_20250303_0900_6b204d23.pdf,2025-03-03,"Strong Wind, Lightning",3665,,,,,,,,,,187.0,754.0,1.0,1.0,0.0,0.0,184.0,0.0,0.0,0.0,0.0,0.0,True,grand_total,900,2025-03-03 09:00:00,4,75.0,,2.0,1,1,0,0,0,0,3.5,weather_forecast,1,0,,,,,,,,,840.0,flood_warning,1,1,1.0,2,0,0,2,20.5,early_warning,general_situation_report,retain,2025-03-03 09:00:00,854,1,1,24.0,2025-03-04 09:00:00,24.0,887.0,220.0,0.0,0.0,True,6.626717749249025,5.236441962829949,0.0,0.0,24.0,True,726.0,178.0,0.0,0.0,28.0,9.0,0.0,0.03779127171550556,0.0,9,3,62,0,1.0,6.123233995736766e-17,0.8755389928586302,0.4831474640149687,6.78897174299217,0.0,133.0,0.1622539937431453,0,28.0,0.03779127171550556,Increasing,0.2923076923076923,0.24615384615384617,65,24.615384615384617,False,Normal Increase
situation_20250304_0900_daaffa89.pdf,2025-03-04,"Flood, Heavy Rain, Strong Wind, Lightning",4345,,,,,,,,,,220.0,887.0,2.0,1.0,0.0,0.0,218.0,0.0,0.0,0.0,0.0,0.0,True,grand_total,900,2025-03-04 09:00:00,2,,,0.0,0,1,0,0,0,0,3.5,weather_forecast,1,0,,,,,,,,,864.0,flood_warning,1,1,1.0,2,0,0,2,20.5,early_warning,general_situation_report,retain,2025-03-04 09:00:00,855,1,1,24.0,2025-03-05 09:00:00,24.0,973.0,269.0,0.0,0.0,True,6.78897174299217,5.3981627015177525,0.0,0.0,24.0,True,754.0,187.0,0.0,0.0,133.0,33.0,0.0,0.1622539937431453,0.0,9,3,63,1,1.0,6.123233995736766e-17,0.8837203473619977,0.4680153284438345,6.881411303642535,0.0,86.0,0.09243956065036496,0,133.0,0.1622539937431453,Increasing,0.47692307692307695,0.3230769230769231,65,32.30769230769231,False,Normal Increase
situation_20250305_0900_b7a94cea.pdf,2025-03-05,"Flood, Heavy Rain, Strong Wind, Lightning",5260,,,,,,,,,,269.0,973.0,2.0,2.0,0.0,0.0,248.0,0.0,0.0,0.0,0.0,0.0,True,grand_total,900,2025-03-05 09:00:00,3,,,0.0,0,1,0,0,0,0,3.5,weather_forecast,1,0,,,,,,,,,888.0,flood_warning,1,0,0.0,0,0,0,0,44.5,early_warning,general_situation_report,retain,2025-03-05 09:00:00,856,1,1,24.0,2025-03-06 09:00:00,24.0,1033.0,290.0,0.0,0.0,True,6.881411303642535,5.598421958998375,0.0,0.0,24.0,True,887.0,220.0,0.0,0.0,86.0,49.0,0.0,0.09243956065036496,0.0,9,3,64,2,1.0,6.123233995736766e-17,0.8916401947968874,0.45274469960737107,6.9411900550683745,0.0,60.0,0.05977875142583944,0,86.0,0.09243956065036496,Increasing,0.3939393939393939,0.2878787878787879,66,28.78787878787879,False,Normal Increase
situation_20250306_0900_56ca00ce.pdf,2025-03-06,"Flood, Heavy Rain, Strong Wind, Lightning",5607,,,,,,,,,,290.0,1033.0,2.0,2.0,0.0,0.0,255.0,0.0,0.0,0.0,0.0,0.0,True,grand_total,900,2025-03-06 09:00:00,2,,,0.0,0,1,0,0,0,0,3.5,weather_forecast,1,0,,,,,,,,,912.0,flood_warning,1,0,0.0,0,0,0,0,68.5,early_warning,general_situation_report,retain,2025-03-06 09:00:00,857,1,1,24.0,2025-03-07 09:00:00,24.0,0.0,0.0,0.0,0.0,True,6.9411900550683745,5.673323267171493,0.0,0.0,24.0,True,973.0,269.0,0.0,0.0,60.0,21.0,0.0,0.05977875142583944,0.0,9,3,65,3,1.0,6.123233995736766e-17,0.8992961915530253,0.4373400963303323,0.0,0.0,-1033.0,-6.9411900550683745,0,60.0,0.05977875142583944,Increasing,0.373134328358209,0.2835820895522388,67,28.35820895522388,False,Normal Increase
situation_20250307_0900_63045fc4.pdf,2025-03-07,Other,2265,,,,,,,,,,0.0,0.0,0.0,0.0,0.0,0.0,0.0,0.0,0.0,0.0,0.0,0.0,True,confirmed_zero_report,900,2025-03-07 09:00:00,3,,,0.0,0,1,0,0,0,0,3.5,weather_forecast,1,0,,,,,,,,,936.0,flood_warning,1,0,0.0,0,0,0,0,92.5,early_warning,general_situation_report,retain,2025-03-07 09:00:00,858,1,1,24.0,2025-03-08 09:00:00,24.0,0.0,0.0,0.0,0.0,True,0.0,0.0,0.0,0.0,24.0,True,1033.0,290.0,0.0,0.0,-1033.0,-290.0,0.0,-6.9411900550683745,0.0,9,3,66,4,1.0,6.123233995736766e-17,0.9066860720977985,0.4218060770826634,0.0,0.0,0.0,0.0,0,-1033.0,-6.9411900550683745,Decreasing,0.0,0.0,68,0.0,False,Decrease
situation_20250308_0900_7c9ef882.pdf,2025-03-08,Other,2284,,,,,,,,,,0.0,0.0,0.0,0.0,0.0,0.0,0.0,0.0,0.0,0.0,0.0,0.0,True,confirmed_zero_report,900,2025-03-08 09:00:00,3,,,0.0,0,0,0,0,0,0,3.5,weather_forecast,1,0,,,,,,,,,960.0,flood_warning,1,0,0.0,0,0,0,0,116.5,early_warning,general_situation_report,retain,2025-03-08 09:00:00,859,1,1,24.0,2025-03-09 09:00:00,24.0,0.0,0.0,0.0,0.0,True,0.0,0.0,0.0,0.0,24.0,True,0.0,0.0,0.0,0.0,0.0,0.0,0.0,0.0,0.0,9,3,67,5,1.0,6.123233995736766e-17,0.9138076496466615,0.4061472386305789,0.0,0.0,0.0,0.0,0,0.0,0.0,Stable,0.0,0.0,67,0.0,False,Stable
situation_20250309_0900_7ecf5d4f.pdf,2025-03-09,Other,2279,,,,,,,,,,0.0,0.0,0.0,0.0,0.0,0.0,0.0,0.0,0.0,0.0,0.0,0.0,True,confirmed_zero_report,900,2025-03-09 09:00:00,2,,,0.0,0,1,0,0,0,0,3.5,weather_forecast,1,0,,,,,,,,,984.0,flood_warning,1,0,0.0,0,0,0,0,140.5,early_warning,general_situation_report,retain,2025-03-09 09:00:00,860,1,1,24.0,2025-03-10 09:00:00,24.0,0.0,0.0,0.0,0.0,True,0.0,0.0,0.0,0.0,24.0,True,0.0,0.0,0.0,0.0,0.0,0.0,0.0,0.0,0.0,9,3,68,6,1.0,6.123233995736766e-17,0.9206588168102428,0.3903682146763026,0.0,0.0,0.0,0.0,0,0.0,0.0,Stable,0.0,0.0,66,0.0,False,Stable
situation_20250310_0900_0657e34c.pdf,2025-03-10,Other,2260,,,,,,,,,,0.0,0.0,0.0,0.0,0.0,0.0,0.0,0.0,0.0,0.0,0.0,0.0,True,confirmed_zero_report,900,2025-03-10 09:00:00,3,75.0,40.0,0.0,1,1,1,0,0,0,3.5,weather_forecast,1,0,,,,,,,,,1008.0,flood_warning,1,0,0.0,0,0,0,0,164.5,early_warning,general_situation_report,retain,2025-03-10 09:00:00,861,1,1,24.0,2025-03-11 09:00:00,24.0,0.0,0.0,0.0,0.0,True,0.0,0.0,0.0,0.0,24.0,True,0.0,0.0,0.0,0.0,0.0,0.0,0.0,0.0,0.0,9,3,69,0,1.0,6.123233995736766e-17,0.9272375462179537,0.374473674486883,0.0,0.0,0.0,0.0,0,0.0,0.0,Stable,0.0,0.0,66,0.0,False,Stable
situation_20250311_0900_e0342577.pdf,2025-03-11,Other,2285,,,,,,,,,,0.0,0.0,0.0,0.0,0.0,0.0,0.0,0.0,0.0,0.0,0.0,0.0,True,confirmed_zero_report,900,2025-03-11 09:00:00,3,75.0,40.0,0.0,1,1,1,0,0,0,3.5,weather_forecast,1,0,,,,,,,,,1032.0,flood_warning,1,0,0.0,0,0,0,0,188.5,early_warning,general_situation_report,retain,2025-03-11 09:00:00,862,1,1,24.0,2025-03-12 09:00:00,24.0,10.0,4.0,0.0,0.0,True,0.0,0.0,0.0,0.0,24.0,True,0.0,0.0,0.0,0.0,0.0,0.0,0.0,0.0,0.0,9,3,70,1,1.0,6.123233995736766e-17,0.9335418911179212,0.35846832151248087,2.3978952727983707,0.0,10.0,2.3978952727983707,0,0.0,0.0,Stable,0.0,0.0,66,0.0,False,Stable
situation_20250312_0900_00e85978.pdf,2025-03-12,Strong Wind,2548,,,,,,,,,,4.0,10.0,0.0,0.0,0.0,1.0,3.0,0.0,0.0,0.0,0.0,0.0,True,grand_total,900,2025-03-12 09:00:00,3,75.0,,0.0,1,1,0,0,0,0,3.5,weather_forecast,1,0,,,,,,,,,1056.0,flood_warning,1,0,0.0,0,0,0,0,212.5,early_warning,general_situation_report,retain,2025-03-12 09:00:00,863,1,1,24.0,2025-03-13 09:30:00,24.5,85.0,26.0,0.0,0.0,True,2.3978952727983707,1.6094379124341003,0.0,0.0,24.0,True,0.0,0.0,0.0,0.0,10.0,4.0,0.0,2.3978952727983707,0.0,9,3,71,2,1.0,6.123233995736766e-17,0.9395699859530622,0.342356891994542,4.454347296253507,0.0,75.0,2.0564520234551367,0,10.0,2.3978952727983707,Increasing,0.16923076923076924,0.8769230769230769,65,16.923076923076923,False,Normal Increase
situation_20250313_0930_89913ef8.pdf,2025-03-13,"Heavy Rain, Strong Wind",3728,,,,,,,,,,26.0,85.0,1.0,2.0,0.0,1.0,17.0,9.0,0.0,0.0,0.0,0.0,True,grand_total,930,2025-03-13 09:30:00,3,,,0.0,0,1,0,0,0,0,4.0,weather_forecast,1,0,,,,,,,,,1080.5,flood_warning,1,0,0.0,0,0,0,0,237.0,early_warning,general_situation_report,retain,2025-03-13 09:30:00,864,1,1,24.5,2025-03-16 09:00:00,71.5,56.0,15.0,0.0,0.0,False,4.454347296253507,3.295836866004329,0.0,0.0,24.5,True,10.0,4.0,0.0,0.0,75.0,22.0,0.0,2.0564520234551367,0.0,9,3,72,3,1.0,6.123233995736766e-17,0.945320046913132,0.3261441535642696,4.04305126783455,0.0,-29.0,-0.41129602841895707,0,75.0,2.0564520234551367,Increasing,0.3939393939393939,0.8333333333333334,66,39.39393939393939,False,Normal Increase
situation_20250316_0900_3b0b7aba.pdf,2025-03-16,"Strong Wind, Lightning",3779,,,,,,,,,,15.0,56.0,5.0,0.0,0.0,0.0,10.0,1.0,0.0,0.0,0.0,0.0,True,grand_total,900,2025-03-16 09:00:00,3,75.0,,0.0,1,1,0,0,0,0,3.5,weather_forecast,1,0,,,,,,,,,1152.0,flood_warning,1,0,0.0,0,0,0,0,308.5,early_warning,general_situation_report,retain,2025-03-16 09:00:00,865,1,1,71.5,2025-03-17 09:00:00,24.0,66.0,17.0,0.0,0.0,True,4.04305126783455,2.772588722239781,0.0,0.0,71.5,False,,,,,,,,,,9,3,75,6,1.0,6.123233995736766e-17,0.9608854255574977,0.27694620226893646,4.204692619390966,0.0,10.0,0.16164135155641546,0,,,Insufficient Previous Context,,,0,,False,Gap / No Comparable Previous Report
situation_20250317_0900_4dc1591c.pdf,2025-03-17,"Strong Wind, Lightning",3831,,,,,,,,,,17.0,66.0,5.0,0.0,0.0,0.0,11.0,2.0,0.0,0.0,0.0,0.0,True,grand_total,900,2025-03-17 09:00:00,4,75.0,,2.0,1,1,0,0,0,0,3.5,weather_forecast,1,0,,,,,,,,,1176.0,flood_warning,1,0,0.0,0,0,0,0,332.5,early_warning,general_situation_report,retain,2025-03-17 09:00:00,866,1,1,24.0,2025-03-18 09:00:00,24.0,85.0,22.0,0.0,0.0,True,4.204692619390966,2.8903717578961645,0.0,0.0,24.0,True,56.0,15.0,0.0,0.0,10.0,2.0,0.0,0.16164135155641546,0.0,9,3,76,0,1.0,6.123233995736766e-17,0.9655071658143364,0.2603764827344581,4.454347296253507,0.0,19.0,0.2496546768625416,0,10.0,0.16164135155641546,Increasing,0.18181818181818182,0.3181818181818182,66,18.181818181818183,False,Normal Increase
situation_20250318_0900_fefb28ae.pdf,2025-03-18,Strong Wind,3713,,,,,,,,,,22.0,85.0,6.0,0.0,0.0,0.0,18.0,1.0,0.0,0.0,0.0,0.0,True,grand_total,900,2025-03-18 09:00:00,4,50.0,,2.0,1,1,0,0,0,0,3.5,weather_forecast,1,0,,,,,,,,,1200.0,flood_warning,1,0,0.0,0,0,0,0,356.5,early_warning,general_situation_report,retain,2025-03-18 09:00:00,867,1,1,24.0,2025-03-19 09:00:00,24.0,339.0,54.0,0.0,0.0,True,4.454347296253507,3.1354942159291497,0.0,0.0,24.0,True,66.0,17.0,0.0,0.0,19.0,5.0,0.0,0.2496546768625416,0.0,9,3,77,1,1.0,6.123233995736766e-17,0.969843196967294,0.24372971360968387,5.8289456176102075,0.0,254.0,1.3745983213567001,0,19.0,0.2496546768625416,Increasing,0.2727272727272727,0.4393939393939394,66,27.27272727272727,False,Normal Increase
situation_20250319_0900_136b473f.pdf,2025-03-19,"Heavy Rain, Strong Wind",4302,,,,,,,,,,54.0,339.0,6.0,0.0,0.0,0.0,49.0,0.0,0.0,0.0,0.0,0.0,True,grand_total,900,2025-03-19 09:00:00,5,75.0,,2.0,1,1,0,0,0,0,2.0,weather_forecast,1,0,,,,,,,,,1224.0,flood_warning,1,0,0.0,0,0,0,0,380.5,early_warning,general_situation_report,retain,2025-03-19 09:00:00,868,1,1,24.0,2025-03-20 09:00:00,24.0,70.0,17.0,0.0,0.0,True,5.8289456176102075,4.007333185232471,0.0,0.0,24.0,True,85.0,22.0,0.0,0.0,254.0,32.0,0.0,1.3745983213567001,0.0,9,3,78,2,1.0,6.123233995736766e-17,0.9738922359149924,0.22701082094141847,4.2626798770413155,0.0,-269.0,-1.566265740568892,0,254.0,1.3745983213567001,Increasing,0.5757575757575758,0.6666666666666666,66,57.57575757575758,False,Normal Increase
situation_20250320_0900_d51ad0b2.pdf,2025-03-20,"Strong Wind, Lightning",4101,,,,,,,,,,17.0,70.0,6.0,0.0,0.0,0.0,16.0,0.0,0.0,0.0,0.0,0.0,True,grand_total,900,2025-03-20 09:00:00,3,75.0,,0.0,1,1,0,0,0,0,3.5,weather_forecast,1,0,,,,,,,,,1248.0,flood_warning,1,0,0.0,0,0,0,0,404.5,early_warning,general_situation_report,retain,2025-03-20 09:00:00,869,1,1,24.0,2025-03-22 09:00:00,48.0,47.0,12.0,0.0,0.0,True,4.2626798770413155,2.8903717578961645,0.0,0.0,24.0,True,339.0,54.0,0.0,0.0,-269.0,-37.0,0.0,-1.566265740568892,0.0,9,3,79,3,1.0,6.123233995736766e-17,0.9776530844816641,0.2102247521189836,3.871201010907891,0.0,-23.0,-0.3914788661334243,0,-269.0,-1.566265740568892,Decreasing,0.0,0.0,67,0.0,False,Decrease
situation_20250322_0900_535bf914.pdf,2025-03-22,"Strong Wind, Lightning",3087,,,,,,,,,,12.0,47.0,0.0,0.0,0.0,0.0,11.0,0.0,0.0,0.0,0.0,0.0,True,grand_total,900,2025-03-22 09:00:00,3,75.0,,0.0,1,1,0,0,0,0,3.5,weather_forecast,1,0,,,,,,,,,1296.0,flood_warning,1,0,0.0,0,0,0,0,452.5,early_warning,general_situation_report,retain,2025-03-22 09:00:00,870,1,1,48.0,2025-03-23 09:00:00,24.0,47.0,12.0,0.0,0.0,True,3.871201010907891,2.5649493574615367,0.0,0.0,48.0,True,70.0,17.0,0.0,0.0,-23.0,-5.0,0.0,-0.3914788661334243,0.0,9,3,81,5,1.0,6.123233995736766e-17,0.984305844499033,0.17647097349152166,3.871201010907891,0.0,0.0,0.0,0,-23.0,-0.3914788661334243,Decreasing,0.0,0.0,67,0.0,False,Decrease
situation_20250323_0900_869bbd80.pdf,2025-03-23,"Strong Wind, Lightning",3084,,,,,,,,,,12.0,47.0,0.0,0.0,0.0,0.0,11.0,0.0,0.0,0.0,0.0,0.0,True,grand_total,900,2025-03-23 09:00:00,5,75.0,,2.0,1,1,0,0,0,0,3.5,weather_forecast,1,0,,,,,,,,,1320.0,flood_warning,1,0,0.0,0,0,0,0,476.5,early_warning,general_situation_report,retain,2025-03-23 09:00:00,871,1,1,24.0,2025-03-24 09:00:00,24.0,47.0,12.0,0.0,0.0,True,3.871201010907891,2.5649493574615367,0.0,0.0,24.0,True,47.0,12.0,0.0,0.0,0.0,0.0,0.0,0.0,0.0,9,3,82,6,1.0,6.123233995736766e-17,0.9871957872910085,0.15951325197263655,3.871201010907891,0.0,0.0,0.0,0,0.0,0.0,Stable,0.0,0.0,67,0.0,False,Stable
situation_20250324_0900_7ac33ad8.pdf,2025-03-24,"Strong Wind, Lightning",3075,,,,,,,,,,12.0,47.0,0.0,0.0,0.0,0.0,11.0,0.0,0.0,0.0,0.0,0.0,True,grand_total,900,2025-03-24 09:00:00,3,50.0,,0.0,1,1,0,0,0,0,3.5,weather_forecast,1,0,,,,,,,,,1344.0,flood_warning,1,0,0.0,0,0,0,0,500.5,early_warning,general_situation_report,retain,2025-03-24 09:00:00,872,1,1,24.0,2025-03-25 09:00:00,24.0,275.0,71.0,0.0,0.0,True,3.871201010907891,2.5649493574615367,0.0,0.0,24.0,True,47.0,12.0,0.0,0.0,0.0,0.0,0.0,0.0,0.0,9,3,83,0,1.0,6.123233995736766e-17,0.9897936029670716,0.14250832791617088,5.62040086571715,0.0,228.0,1.7491998548092584,0,0.0,0.0,Stable,0.0,0.0,66,0.0,False,Stable
situation_20250325_0900_244e6d08.pdf,2025-03-25,"Heavy Rain, Lightning",3285,,,,,,,,,,71.0,275.0,0.0,0.0,0.0,0.0,56.0,1.0,0.0,0.0,0.0,0.0,True,grand_total,900,2025-03-25 09:00:00,3,75.0,,0.0,1,1,0,0,0,0,3.5,weather_forecast,1,0,,,,,,,,,1368.0,flood_warning,1,0,0.0,0,0,0,0,524.5,early_warning,general_situation_report,retain,2025-03-25 09:00:00,873,1,1,24.0,2025-03-26 09:00:00,24.0,463.0,126.0,0.0,0.0,True,5.62040086571715,4.276666119016055,0.0,0.0,24.0,True,47.0,12.0,0.0,0.0,228.0,59.0,0.0,1.7491998548092584,0.0,9,3,84,1,1.0,6.123233995736766e-17,0.992098522791769,0.12546123335273648,6.139884552226255,0.0,188.0,0.5194836865091057,0,228.0,1.7491998548092584,Increasing,0.5538461538461539,0.7846153846153846,65,55.38461538461539,False,Normal Increase
situation_20250326_0900_6a992d07.pdf,2025-03-26,"Heavy Rain, Lightning",4021,,,,,,,,,,126.0,463.0,0.0,0.0,0.0,0.0,104.0,1.0,0.0,0.0,0.0,0.0,True,grand_total,900,2025-03-26 09:00:00,4,100.0,,2.0,1,1,0,0,0,0,3.5,weather_forecast,1,0,,,,,,,,,1392.0,flood_warning,1,0,0.0,0,0,0,0,548.5,early_warning,general_situation_report,retain,2025-03-26 09:00:00,874,1,1,24.0,2025-03-27 09:00:00,24.0,391.0,110.0,0.0,0.0,True,6.139884552226255,4.844187086458591,0.0,0.0,24.0,True,275.0,71.0,0.0,0.0,188.0,55.0,0.0,0.5194836865091057,0.0,9,3,85,2,1.0,6.123233995736766e-17,0.9941098647022418,0.10837701279187609,5.971261839790462,0.0,-72.0,-0.16862271243579308,0,188.0,0.5194836865091057,Increasing,0.5303030303030303,0.4696969696969697,66,46.96969696969697,False,Normal Increase
situation_20250327_0900_c03805be.pdf,2025-03-27,"Heavy Rain, Lightning",3562,,,,,,,,,,110.0,391.0,0.0,0.0,0.0,0.0,108.0,0.0,0.0,0.0,0.0,0.0,True,grand_total,900,2025-03-27 09:00:00,4,75.0,,2.0,1,1,0,0,0,0,3.5,weather_forecast,1,0,,,,,,,,,1416.0,flood_warning,1,0,0.0,0,0,0,0,572.5,early_warning,general_situation_report,retain,2025-03-27 09:00:00,875,1,1,24.0,2025-03-28 09:00:00,24.0,4.0,1.0,0.0,0.0,True,5.971261839790462,4.709530201312334,0.0,0.0,24.0,True,463.0,126.0,0.0,0.0,-72.0,-16.0,0.0,-0.16862271243579308,0.0,9,3,86,3,1.0,6.123233995736766e-17,0.9958270335100595,0.09126072172931188,1.6094379124341003,0.0,-387.0,-4.361823927356362,0,-72.0,-0.16862271243579308,Decreasing,0.0,0.0,67,0.0,False,Decrease
situation_20250328_0900_663b5784.pdf,2025-03-28,Other,2365,,,,,,,,,,1.0,4.0,0.0,0.0,0.0,0.0,1.0,0.0,0.0,0.0,0.0,0.0,True,grand_total,900,2025-03-28 09:00:00,3,50.0,,2.0,1,1,0,0,0,0,3.5,weather_forecast,1,0,,,,,,,,,1440.0,flood_warning,1,0,0.0,0,0,0,0,596.5,early_warning,general_situation_report,retain,2025-03-28 09:00:00,876,1,1,24.0,2025-03-29 09:00:00,24.0,23.0,6.0,0.0,0.0,True,1.6094379124341003,0.6931471805599453,0.0,0.0,24.0,True,391.0,110.0,0.0,0.0,-387.0,-109.0,0.0,-4.361823927356362,0.0,9,3,87,4,1.0,6.123233995736766e-17,0.9972495210773451,0.07411742515094437,3.1780538303479458,0.0,19.0,1.5686159179138455,0,-387.0,-4.361823927356362,Decreasing,0.0,0.0,67,0.0,False,Decrease
situation_20250329_0900_3e035ea5.pdf,2025-03-29,Heavy Rain,2491,,,,,,,,,,6.0,23.0,0.0,0.0,0.0,0.0,6.0,0.0,0.0,0.0,0.0,0.0,True,grand_total,900,2025-03-29 09:00:00,3,50.0,,0.0,1,1,0,0,0,0,3.5,weather_forecast,1,0,,,,,,,,,1464.0,flood_warning,1,0,0.0,0,0,0,0,620.5,early_warning,general_situation_report,retain,2025-03-29 09:00:00,877,1,1,24.0,2025-04-01 09:00:00,72.0,204.0,51.0,0.0,0.0,False,3.1780538303479458,1.9459101490553132,0.0,0.0,24.0,True,4.0,1.0,0.0,0.0,19.0,5.0,0.0,1.5686159179138455,0.0,9,3,88,5,1.0,6.123233995736766e-17,0.998376906467142,0.056952196034039754,5.3230099791384085,0.0,181.0,2.1449561487904627,0,19.0,1.5686159179138455,Increasing,0.2878787878787879,0.7424242424242424,66,28.78787878787879,False,Normal Increase
situation_20250401_0900_2d76f603.pdf,2025-04-01,Strong Wind,2352,,,,,,,,,,51.0,204.0,0.0,0.0,0.0,0.0,51.0,0.0,0.0,0.0,0.0,0.0,True,grand_total,900,2025-04-01 09:00:00,3,100.0,,0.0,1,1,0,0,0,0,3.5,weather_forecast,1,0,,,,,,,,,1536.0,flood_warning,1,0,0.0,0,0,0,0,692.5,early_warning,general_situation_report,retain,2025-04-01 09:00:00,878,1,1,72.0,2025-04-02 09:00:00,24.0,109.0,24.0,0.0,0.0,True,5.3230099791384085,3.9512437185814275,0.0,0.0,72.0,False,,,,,,,,,,9,4,91,1,0.8660254037844387,-0.4999999999999998,0.9999855506507186,0.005375731557583884,4.700480365792417,0.0,-95.0,-0.6225296133459919,0,,,Insufficient Previous Context,,,0,,False,Gap / No Comparable Previous Report
situation_20250402_0900_621c9aa2.pdf,2025-04-02,"Heavy Rain, Strong Wind",2800,,,,,,,,,,24.0,109.0,0.0,0.0,0.0,0.0,24.0,1.0,0.0,0.0,0.0,0.0,True,grand_total,900,2025-04-02 09:00:00,4,100.0,,2.0,1,1,0,0,0,0,3.5,weather_forecast,1,0,,,,,,,,,1560.0,flood_warning,1,0,0.0,0,0,0,0,716.5,early_warning,general_situation_report,retain,2025-04-02 09:00:00,879,1,1,24.0,2025-04-03 09:00:00,24.0,8.0,2.0,0.0,0.0,True,4.700480365792417,3.2188758248682006,0.0,0.0,24.0,True,204.0,51.0,0.0,0.0,-95.0,-27.0,0.0,-0.6225296133459919,0.0,9,4,92,2,0.8660254037844387,-0.4999999999999998,0.9999300657962057,-0.011826390691832589,2.1972245773362196,0.0,-101.0,-2.503255788456197,0,-95.0,-0.6225296133459919,Decreasing,0.0,0.0,65,0.0,False,Decrease
situation_20250403_0900_5fd31dc2.pdf,2025-04-03,Heavy Rain,2374,,,,,,,,,,2.0,8.0,0.0,0.0,0.0,0.0,2.0,0.0,0.0,0.0,0.0,0.0,True,grand_total,900,2025-04-03 09:00:00,4,75.0,,2.0,1,1,0,0,0,0,3.5,weather_forecast,1,0,,,,,,,,,1584.0,flood_warning,1,0,0.0,0,0,0,0,740.5,early_warning,general_situation_report,retain,2025-04-03 09:00:00,880,1,1,24.0,2025-04-04 09:00:00,24.0,29.0,9.0,0.0,0.0,True,2.1972245773362196,1.0986122886681098,0.0,0.0,24.0,True,109.0,24.0,0.0,0.0,-101.0,-22.0,0.0,-2.503255788456197,0.0,9,4,93,3,0.8660254037844387,-0.4999999999999998,0.9995786855478958,-0.029025013321975237,3.4011973816621555,0.0,21.0,1.203972804325936,0,-101.0,-2.503255788456197,Decreasing,0.0,0.0,64,0.0,False,Decrease
situation_20250404_0900_bc4faa97.pdf,2025-04-04,"Heavy Rain, Lightning",2463,,,,,,,,,,9.0,29.0,0.0,0.0,0.0,0.0,9.0,0.0,0.0,0.0,0.0,0.0,True,grand_total,900,2025-04-04 09:00:00,4,100.0,,2.0,1,1,0,0,0,0,3.5,weather_forecast,1,0,,,,,,,,,1608.0,flood_warning,1,0,0.0,0,0,0,0,764.5,early_warning,general_situation_report,retain,2025-04-04 09:00:00,881,1,1,24.0,2025-04-05 09:00:00,24.0,61.0,21.0,0.0,0.0,True,3.4011973816621555,2.302585092994046,0.0,0.0,24.0,True,8.0,2.0,0.0,0.0,21.0,7.0,0.0,1.203972804325936,0.0,9,4,94,4,0.8660254037844387,-0.4999999999999998,0.9989315138848577,-0.046215046983708354,4.127134385045092,0.0,32.0,0.7259370033829362,0,21.0,1.203972804325936,Increasing,0.31746031746031744,0.5873015873015873,63,31.746031746031743,False,Normal Increase
situation_20250405_0900_efd66bcc.pdf,2025-04-05,Lightning,2959,,,,,,,,,,21.0,61.0,0.0,0.0,0.0,0.0,35.0,0.0,0.0,0.0,0.0,0.0,True,grand_total,900,2025-04-05 09:00:00,4,100.0,,2.0,1,1,0,0,0,0,3.5,weather_forecast,1,0,,,,,,,,,1632.0,flood_warning,1,0,0.0,0,0,0,0,788.5,early_warning,general_situation_report,retain,2025-04-05 09:00:00,882,1,1,24.0,2025-04-06 09:00:00,24.0,61.0,21.0,0.0,0.0,True,4.127134385045092,3.091042453358316,0.0,0.0,24.0,True,29.0,9.0,0.0,0.0,32.0,12.0,0.0,0.7259370033829362,0.0,9,4,95,5,0.8660254037844387,-0.4999999999999998,0.9979887423155984,-0.06339140486951038,4.127134385045092,0.0,0.0,0.0,0,32.0,0.7259370033829362,Increasing,0.38095238095238093,0.5079365079365079,63,38.095238095238095,False,Normal Increase
situation_20250406_0900_0f1b7cb2.pdf,2025-04-06,Lightning,2963,,,,,,,,,,21.0,61.0,0.0,0.0,0.0,0.0,35.0,0.0,0.0,0.0,0.0,0.0,True,grand_total,900,2025-04-06 09:00:00,4,75.0,,2.0,1,1,0,0,0,0,3.5,weather_forecast,1,0,,,,,,,,,1656.0,flood_warning,1,0,0.0,0,0,0,0,812.5,early_warning,general_situation_report,retain,2025-04-06 09:00:00,883,1,1,24.0,2025-04-07 09:00:00,24.0,61.0,21.0,0.0,0.0,True,4.127134385045092,3.091042453358316,0.0,0.0,24.0,True,61.0,21.0,0.0,0.0,0.0,0.0,0.0,0.0,0.0,9,4,96,6,0.8660254037844387,-0.4999999999999998,0.9967506498213929,-0.08054900421874167,4.127134385045092,0.0,0.0,0.0,0,0.0,0.0,Stable,0.0,0.0,63,0.0,False,Stable
situation_20250407_0900_e1ae0e92.pdf,2025-04-07,Lightning,2937,,,,,,,,,,21.0,61.0,0.0,0.0,0.0,0.0,35.0,0.0,0.0,0.0,0.0,0.0,True,grand_total,900,2025-04-07 09:00:00,4,100.0,,2.0,1,1,0,0,0,0,3.5,weather_forecast,1,0,,,,,,,,,1680.0,flood_warning,1,0,0.0,0,0,0,0,836.5,early_warning,general_situation_report,retain,2025-04-07 09:00:00,884,1,1,24.0,2025-04-08 09:00:00,24.0,90.0,24.0,0.0,0.0,True,4.127134385045092,3.091042453358316,0.0,0.0,24.0,True,61.0,21.0,0.0,0.0,0.0,0.0,0.0,0.0,0.0,9,4,97,0,0.8660254037844387,-0.4999999999999998,0.9952176027737294,-0.09768276782171598,4.51085950651685,0.0,29.0,0.3837251214717581,0,0.0,0.0,Stable,0.0,0.0,62,0.0,False,Stable
situation_20250408_0900_ac563c28.pdf,2025-04-08,"Strong Wind, Lightning",3137,,,,,,,,,,24.0,90.0,0.0,0.0,0.0,0.0,24.0,0.0,2.0,0.0,0.0,0.0,True,grand_total,900,2025-04-08 09:00:00,4,75.0,,2.0,1,1,0,0,0,0,3.5,weather_forecast,1,0,,,,,,,,,1704.0,flood_warning,1,0,0.0,0,0,0,0,860.5,early_warning,general_situation_report,retain,2025-04-08 09:00:00,885,1,1,24.0,2025-04-09 09:00:00,24.0,71.0,18.0,0.0,0.0,True,4.51085950651685,3.2188758248682006,0.0,0.0,24.0,True,61.0,21.0,0.0,0.0,29.0,3.0,0.0,0.3837251214717581,0.0,9,4,98,1,0.8660254037844387,-0.4999999999999998,0.9933900548258936,-0.11478762552212701,4.276666119016055,0.0,-19.0,-0.23419338750079444,0,29.0,0.3837251214717581,Increasing,0.3770491803278688,0.4262295081967213,61,37.704918032786885,False,Normal Increase
situation_20250409_0900_bbfa7e33.pdf,2025-04-09,Lightning,2667,,,,,,,,,,18.0,71.0,0.0,1.0,0.0,0.0,13.0,0.0,1.0,0.0,0.0,0.0,True,grand_total,900,2025-04-09 09:00:00,3,75.0,,0.0,1,1,0,0,0,0,3.5,weather_forecast,1,0,,,,,,,,,1728.0,flood_warning,1,0,0.0,0,0,0,0,884.5,early_warning,general_situation_report,retain,2025-04-09 09:00:00,886,1,1,24.0,2025-04-10 09:00:00,24.0,47.0,10.0,0.0,0.0,True,4.276666119016055,2.9444389791664403,0.0,0.0,24.0,True,90.0,24.0,0.0,0.0,-19.0,-6.0,0.0,-0.23419338750079444,0.0,9,4,99,2,0.8660254037844387,-0.4999999999999998,0.9912685467787256,-0.13185851571739118,3.871201010907891,0.0,-24.0,-0.40546510810816416,0,-19.0,-0.23419338750079444,Decreasing,0.0,0.0,61,0.0,False,Decrease
situation_20250410_0900_24d138cd.pdf,2025-04-10,"Heavy Rain, Lightning",2863,,,,,,,,,,10.0,47.0,0.0,0.0,0.0,0.0,10.0,0.0,0.0,0.0,0.0,0.0,True,grand_total,900,2025-04-10 09:00:00,4,50.0,,2.0,1,1,0,0,0,0,3.5,weather_forecast,1,0,,,,,,,,,1752.0,flood_warning,1,0,0.0,0,0,0,0,908.5,early_warning,general_situation_report,retain,2025-04-10 09:00:00,887,1,1,24.0,2025-04-11 09:00:00,24.0,43.0,11.0,0.0,0.0,True,3.871201010907891,2.3978952727983707,0.0,0.0,24.0,True,71.0,18.0,0.0,0.0,-24.0,-8.0,0.0,-0.40546510810816416,0.0,9,4,100,3,0.8660254037844387,-0.4999999999999998,0.9888537064205885,-0.1488903868564548,3.784189633918261,0.0,-4.0,-0.08701137698963013,0,-24.0,-0.40546510810816416,Decreasing,0.0,0.0,60,0.0,False,Decrease
situation_20250411_0900_2ed15c71.pdf,2025-04-11,"Heavy Rain, Strong Wind, Lightning",2744,,,,,,,,,,11.0,43.0,0.0,0.0,0.0,0.0,11.0,0.0,0.0,0.0,0.0,0.0,True,grand_total,900,2025-04-11 09:00:00,4,75.0,40.0,2.0,1,1,1,0,0,0,3.5,weather_forecast,1,0,,,,,,,,,1776.0,flood_warning,1,1,1.0,4,0,0,4,17.0,early_warning,general_situation_report,retain,2025-04-11 09:00:00,888,1,1,24.0,2025-04-12 09:00:00,24.0,20.0,4.0,0.0,0.0,True,3.784189633918261,2.4849066497880004,0.0,0.0,24.0,True,47.0,10.0,0.0,0.0,-4.0,1.0,0.0,-0.08701137698963013,0.0,9,4,101,4,0.8660254037844387,-0.4999999999999998,0.986146248341595,-0.16587819893463143,3.044522437723423,0.0,-23.0,-0.739667196194838,0,-4.0,-0.08701137698963013,Decreasing,0.0,0.0,59,0.0,False,Decrease
situation_20250412_0900_3fd78daf.pdf,2025-04-12,Other,2660,,,,,,,,,,4.0,20.0,0.0,0.0,0.0,0.0,4.0,0.0,0.0,0.0,0.0,0.0,True,grand_total,900,2025-04-12 09:00:00,3,,40.0,0.0,0,1,1,0,0,0,3.5,weather_forecast,1,0,,,,,,,,,1800.0,flood_warning,1,0,0.0,0,0,0,0,41.0,early_warning,general_situation_report,retain,2025-04-12 09:00:00,889,1,1,24.0,2025-04-13 09:00:00,24.0,0.0,0.0,0.0,0.0,True,3.044522437723423,1.6094379124341003,0.0,0.0,24.0,True,43.0,11.0,0.0,0.0,-23.0,-7.0,0.0,-0.739667196194838,0.0,9,4,102,5,0.8660254037844387,-0.4999999999999998,0.9831469737221499,-0.1828169249850199,0.0,0.0,-20.0,-3.044522437723423,0,-23.0,-0.739667196194838,Decreasing,0.0,0.0,58,0.0,False,Decrease
situation_20250413_0900_721218c2.pdf,2025-04-13,Other,2264,,,,,,,,,,0.0,0.0,0.0,0.0,0.0,0.0,0.0,0.0,0.0,0.0,0.0,0.0,True,confirmed_zero_report,900,2025-04-13 09:00:00,3,,,0.0,0,1,0,0,0,0,3.5,weather_forecast,1,0,,,,,,,,,1824.0,flood_warning,1,0,0.0,0,0,0,0,65.0,early_warning,general_situation_report,retain,2025-04-13 09:00:00,890,1,1,24.0,2025-04-14 09:00:00,24.0,0.0,0.0,0.0,0.0,True,0.0,0.0,0.0,0.0,24.0,True,20.0,4.0,0.0,0.0,-20.0,-4.0,0.0,-3.044522437723423,0.0,9,4,103,6,0.8660254037844387,-0.4999999999999998,0.9798567700958665,-0.1997015525660636,0.0,0.0,0.0,0.0,0,-20.0,-3.044522437723423,Decreasing,0.0,0.0,57,0.0,False,Decrease
situation_20250414_0900_896916d4.pdf,2025-04-14,Other,2260,,,,,,,,,,0.0,0.0,0.0,0.0,0.0,0.0,0.0,0.0,0.0,0.0,0.0,0.0,True,confirmed_zero_report,900,2025-04-14 09:00:00,3,50.0,,0.0,1,1,0,0,0,0,3.5,weather_forecast,1,0,,,,,,,,,1848.0,flood_warning,1,0,0.0,0,0,0,0,89.0,early_warning,general_situation_report,retain,2025-04-14 09:00:00,891,1,1,24.0,2025-04-15 09:00:00,24.0,0.0,0.0,0.0,0.0,True,0.0,0.0,0.0,0.0,24.0,True,0.0,0.0,0.0,0.0,0.0,0.0,0.0,0.0,0.0,9,4,104,0,0.8660254037844387,-0.4999999999999998,0.9762766110869321,-0.21652708524481437,0.0,0.0,0.0,0.0,0,0.0,0.0,Stable,0.0,0.0,57,0.0,False,Stable
situation_20250415_0900_519f3323.pdf,2025-04-15,Other,2260,,,,,,,,,,0.0,0.0,0.0,0.0,0.0,0.0,0.0,0.0,0.0,0.0,0.0,0.0,True,confirmed_zero_report,900,2025-04-15 09:00:00,3,75.0,,0.0,1,1,0,0,0,0,3.5,weather_forecast,1,0,,,,,,,,,1872.0,flood_warning,1,0,0.0,0,0,0,0,113.0,early_warning,general_situation_report,retain,2025-04-15 09:00:00,892,1,1,24.0,2025-04-16 09:00:00,24.0,0.0,0.0,0.0,0.0,True,0.0,0.0,0.0,0.0,24.0,True,0.0,0.0,0.0,0.0,0.0,0.0,0.0,0.0,0.0,9,4,105,1,0.8660254037844387,-0.4999999999999998,0.9724075561219968,-0.23328854407545518,0.0,0.0,0.0,0.0,0,0.0,0.0,Stable,0.0,0.0,57,0.0,False,Stable
situation_20250416_0900_9cff40c9.pdf,2025-04-16,Other,2243,,,,,,,,,,0.0,0.0,0.0,0.0,0.0,0.0,0.0,0.0,0.0,0.0,0.0,0.0,True,confirmed_zero_report,900,2025-04-16 09:00:00,4,75.0,,2.0,1,1,0,0,0,0,3.5,weather_forecast,1,0,,,,,,,,,1896.0,flood_warning,1,0,0.0,0,0,0,0,137.0,early_warning,general_situation_report,retain,2025-04-16 09:00:00,893,1,1,24.0,2025-04-17 09:00:00,24.0,4.0,1.0,0.0,0.0,True,0.0,0.0,0.0,0.0,24.0,True,0.0,0.0,0.0,0.0,0.0,0.0,0.0,0.0,0.0,9,4,106,2,0.8660254037844387,-0.4999999999999998,0.9682507501166718,-0.2499809690726521,1.6094379124341003,0.0,4.0,1.6094379124341003,0,0.0,0.0,Stable,0.0,0.0,57,0.0,False,Stable
situation_20250417_0900_f7f8b877.pdf,2025-04-17,Other,2336,,,,,,,,,,1.0,4.0,0.0,0.0,0.0,0.0,1.0,0.0,0.0,0.0,0.0,0.0,True,grand_total,900,2025-04-17 09:00:00,3,50.0,,0.0,1,1,0,0,0,0,3.5,weather_forecast,1,0,,,,,,,,,1920.0,flood_warning,1,0,0.0,0,0,0,0,161.0,early_warning,general_situation_report,retain,2025-04-17 09:00:00,894,1,1,24.0,2025-04-18 09:00:00,24.0,437.0,122.0,0.0,0.0,True,1.6094379124341003,0.6931471805599453,0.0,0.0,24.0,True,0.0,0.0,0.0,0.0,4.0,1.0,0.0,1.6094379124341003,0.0,9,4,107,3,0.8660254037844387,-0.4999999999999998,0.9638074231367307,-0.26659942067929354,6.082218910376446,0.0,433.0,4.472780997942346,0,4.0,1.6094379124341003,Increasing,0.125,0.75,56,12.5,False,Normal Increase
situation_20250418_0900_c1f1ef90.pdf,2025-04-18,"Flood, Landslide, Heavy Rain, Lightning",3102,,,,,,,,,,122.0,437.0,0.0,0.0,0.0,0.0,36.0,0.0,0.0,0.0,0.0,0.0,True,grand_total,900,2025-04-18 09:00:00,3,50.0,,0.0,1,1,0,0,0,0,3.5,weather_forecast,1,0,,,,,,,,,1944.0,flood_warning,1,0,0.0,0,0,0,0,185.0,early_warning,general_situation_report,retain,2025-04-18 09:00:00,895,1,1,24.0,2025-04-19 09:00:00,24.0,0.0,0.0,0.0,0.0,True,6.082218910376446,4.812184355372417,0.0,0.0,24.0,True,4.0,1.0,0.0,0.0,433.0,121.0,0.0,4.472780997942346,0.0,9,4,108,4,0.8660254037844387,-0.4999999999999998,0.9590788900341131,-0.28313898122818354,0.0,0.0,-437.0,-6.082218910376446,0,433.0,4.472780997942346,Increasing,0.7857142857142857,0.9464285714285714,56,78.57142857142857,False,Normal Increase
situation_20250419_0900_a4f7a72e.pdf,2025-04-19,Lightning,2355,,,,,,,,,,0.0,0.0,1.0,1.0,0.0,0.0,0.0,0.0,0.0,0.0,0.0,0.0,True,grand_total,900,2025-04-19 09:00:00,3,50.0,,0.0,1,1,0,0,0,0,3.5,weather_forecast,1,0,,,,,,,,,1968.0,flood_warning,1,0,0.0,0,0,0,0,209.0,early_warning,general_situation_report,retain,2025-04-19 09:00:00,896,1,1,24.0,2025-04-20 09:00:00,24.0,0.0,0.0,0.0,0.0,True,0.0,0.0,0.0,0.0,24.0,True,437.0,122.0,0.0,0.0,-437.0,-122.0,0.0,-6.082218910376446,0.0,9,4,109,5,0.8660254037844387,-0.4999999999999998,0.9540665500578387,-0.2995947563972602,0.0,0.0,0.0,0.0,0,-437.0,-6.082218910376446,Decreasing,0.0,0.0,57,0.0,False,Decrease
situation_20250420_0900_6ee90878.pdf,2025-04-20,Other,2339,,,,,,,,,,0.0,0.0,0.0,0.0,0.0,0.0,0.0,0.0,0.0,0.0,0.0,0.0,True,grand_total,900,2025-04-20 09:00:00,3,50.0,,0.0,1,1,0,0,0,0,3.5,weather_forecast,1,0,,,,,,,,,1992.0,flood_warning,1,0,0.0,0,0,0,0,233.0,early_warning,general_situation_report,retain,2025-04-20 09:00:00,897,1,1,24.0,2025-04-21 09:00:00,24.0,0.0,0.0,0.0,0.0,True,0.0,0.0,0.0,0.0,24.0,True,0.0,0.0,0.0,0.0,0.0,0.0,0.0,0.0,0.0,9,4,110,6,0.8660254037844387,-0.4999999999999998,0.9487718864399473,-0.31596187665790293,0.0,0.0,0.0,0.0,0,0.0,0.0,Stable,0.0,0.0,56,0.0,False,Stable
situation_20250421_0900_fc0da96c.pdf,2025-04-21,Other,2311,,,,,,,,,,0.0,0.0,0.0,0.0,0.0,0.0,0.0,0.0,0.0,0.0,0.0,0.0,True,grand_total,900,2025-04-21 09:00:00,3,75.0,,0.0,1,1,0,0,0,0,3.5,weather_forecast,1,0,,,,,,,,,2016.0,flood_warning,1,0,0.0,0,0,0,0,257.0,early_warning,general_situation_report,retain,2025-04-21 09:00:00,898,1,1,24.0,2025-04-22 09:00:00,24.0,78.0,21.0,1.0,27.0,True,0.0,0.0,0.0,0.0,24.0,True,0.0,0.0,0.0,0.0,0.0,0.0,0.0,0.0,0.0,9,4,111,0,0.8660254037844387,-0.4999999999999998,0.9431964659565866,-0.33223549871590435,4.3694478524670215,3.332204510175204,78.0,4.3694478524670215,1,0.0,0.0,Stable,0.0,0.0,56,0.0,False,Stable
situation_20250422_0900_9f910bbe.pdf,2025-04-22,Heavy Rain,2954,,,,,,,,,,21.0,78.0,0.0,0.0,0.0,0.0,14.0,0.0,0.0,1.0,7.0,27.0,True,grand_total,900,2025-04-22 09:00:00,4,75.0,,2.0,1,1,0,0,0,0,3.5,weather_forecast,1,0,,,,,,,,,2040.0,flood_warning,1,0,0.0,0,0,0,0,281.0,early_warning,general_situation_report,retain,2025-04-22 09:00:00,899,1,1,24.0,2025-04-23 09:00:00,24.0,12.0,3.0,0.0,0.0,True,4.3694478524670215,3.091042453358316,0.6931471805599453,3.332204510175204,24.0,True,0.0,0.0,0.0,0.0,78.0,21.0,27.0,4.3694478524670215,3.332204510175204,9,4,112,1,0.8660254037844387,-0.4999999999999998,0.9373419384643772,-0.3484108069446808,2.5649493574615367,0.0,-66.0,-1.8044984950054848,0,78.0,4.3694478524670215,Increasing,0.5272727272727272,0.9272727272727272,55,52.72727272727272,False,Normal Increase
situation_20250423_0900_99828bdd.pdf,2025-04-23,Strong Wind,2725,,,,,,,,,,3.0,12.0,0.0,0.0,0.0,0.0,3.0,0.0,0.0,0.0,0.0,0.0,True,grand_total,900,2025-04-23 09:00:00,6,75.0,,2.0,1,1,0,0,0,0,3.5,weather_forecast,1,0,,,,,,,,,2064.0,flood_warning,1,0,0.0,0,0,0,0,305.0,early_warning,general_situation_report,retain,2025-04-23 09:00:00,900,1,1,24.0,2025-04-24 09:00:00,24.0,976.0,221.0,0.0,0.0,True,2.5649493574615367,1.3862943611198906,0.0,0.0,24.0,True,78.0,21.0,1.0,27.0,-66.0,-18.0,-27.0,-1.8044984950054848,-3.332204510175204,9,4,113,2,0.8660254037844387,-0.4999999999999998,0.9312100364121947,-0.3644830148102912,6.884486652042782,0.0,964.0,4.319537294581245,0,-66.0,-1.8044984950054848,Decreasing,0.0,0.0,55,0.0,False,Decrease
situation_20250424_0900_e1a5d2e2.pdf,2025-04-24,"Flood, Heavy Rain, Strong Wind, Lightning",3062,,,,,,,,,,221.0,976.0,0.0,0.0,0.0,0.0,4.0,0.0,0.0,0.0,0.0,0.0,True,grand_total,900,2025-04-24 09:00:00,3,75.0,,0.0,1,1,0,0,0,0,3.5,weather_forecast,1,0,,,,,,,,,2088.0,flood_warning,1,0,0.0,0,0,0,0,329.0,early_warning,general_situation_report,retain,2025-04-24 09:00:00,901,1,1,24.0,2025-04-25 09:00:00,24.0,972.0,220.0,0.0,0.0,True,6.884486652042782,5.402677381872279,0.0,0.0,24.0,True,12.0,3.0,0.0,0.0,964.0,218.0,0.0,4.319537294581245,0.0,9,4,114,3,0.8660254037844387,-0.4999999999999998,0.9248025743285089,-0.38044736628785164,6.880384082186005,0.0,-4.0,-0.004102569856777372,0,964.0,4.319537294581245,Increasing,0.8703703703703703,0.9074074074074074,54,87.03703703703704,False,Normal Increase
situation_20250425_0900_7e8a5c36.pdf,2025-04-25,"Heavy Rain, Lightning",3225,,,,,,,,,,220.0,972.0,0.0,0.0,0.0,0.0,3.0,7.0,2.0,0.0,0.0,0.0,True,grand_total,900,2025-04-25 09:00:00,5,100.0,,2.0,1,1,0,0,0,0,2.0,heavy_rain,1,0,,,,,,,,,2112.0,flood_warning,1,0,0.0,0,0,0,0,353.0,early_warning,general_situation_report,retain,2025-04-25 09:00:00,902,1,1,24.0,2025-04-26 09:00:00,24.0,972.0,220.0,0.0,0.0,True,6.880384082186005,5.3981627015177525,0.0,0.0,24.0,True,976.0,221.0,0.0,0.0,-4.0,-1.0,0.0,-0.004102569856777372,0.0,9,4,115,4,0.8660254037844387,-0.4999999999999998,0.9181214482844364,-0.39629913726891813,6.880384082186005,0.0,0.0,0.0,0,-4.0,-0.004102569856777372,Decreasing,0.0,0.0,54,0.0,False,Decrease
situation_20250426_0900_347ba458.pdf,2025-04-26,"Heavy Rain, Lightning",3251,,,,,,,,,,220.0,972.0,0.0,0.0,0.0,0.0,3.0,7.0,2.0,0.0,0.0,0.0,True,grand_total,900,2025-04-26 09:00:00,4,75.0,,2.0,1,1,0,0,0,0,3.5,weather_forecast,1,0,,,,,,,,,2136.0,flood_warning,1,0,0.0,0,0,0,0,377.0,early_warning,general_situation_report,retain,2025-04-26 09:00:00,903,1,1,24.0,2025-04-27 09:00:00,24.0,414.0,95.0,0.0,0.0,True,6.880384082186005,5.3981627015177525,0.0,0.0,24.0,True,972.0,220.0,0.0,0.0,0.0,0.0,0.0,0.0,0.0,9,4,116,5,0.8660254037844387,-0.4999999999999998,0.9111686353326631,-0.41203363695942635,6.028278520230698,0.0,-558.0,-0.8521055619553071,0,0.0,0.0,Stable,0.0,0.0,54,0.0,False,Stable
situation_20250427_0900_4f8ef648.pdf,2025-04-27,"Flood, Lightning",2611,,,,,,,,,,95.0,414.0,0.0,0.0,0.0,0.0,1.0,0.0,0.0,0.0,0.0,0.0,True,grand_total,900,2025-04-27 09:00:00,4,100.0,,2.0,1,1,0,0,0,0,3.5,weather_forecast,1,0,,,,,,,,,2160.0,flood_warning,1,0,0.0,0,0,0,0,401.0,early_warning,general_situation_report,retain,2025-04-27 09:00:00,904,1,1,24.0,2025-04-28 09:00:00,24.0,100.0,22.0,0.0,0.0,True,6.028278520230698,4.564348191467836,0.0,0.0,24.0,True,972.0,220.0,0.0,0.0,-558.0,-125.0,0.0,-0.8521055619553071,0.0,9,4,117,6,0.8660254037844387,-0.4999999999999998,0.9039461929224011,-0.42764620926777464,4.61512051684126,0.0,-314.0,-1.4131580033894382,0,-558.0,-0.8521055619553071,Decreasing,0.0,0.0,53,0.0,False,Decrease
situation_20250428_0900_6bfbc815.pdf,2025-04-28,Flood,2734,,,,,,,,,,22.0,100.0,0.0,1.0,0.0,0.0,1.0,0.0,0.0,0.0,0.0,0.0,True,grand_total,900,2025-04-28 09:00:00,4,100.0,,2.0,1,1,0,0,0,0,3.5,weather_forecast,1,0,,,,,,,,,2184.0,flood_warning,1,0,0.0,0,0,0,0,425.0,early_warning,general_situation_report,retain,2025-04-28 09:00:00,905,1,1,24.0,2025-04-29 09:00:00,24.0,217.0,54.0,0.0,0.0,True,4.61512051684126,3.1354942159291497,0.0,0.0,24.0,True,414.0,95.0,0.0,0.0,-314.0,-73.0,0.0,-1.4131580033894382,0.0,9,4,118,0,0.8660254037844387,-0.4999999999999998,0.8964562582905575,-0.44313223418263453,5.384495062789089,0.0,117.0,0.7693745459478292,0,-314.0,-1.4131580033894382,Decreasing,0.0,0.0,53,0.0,False,Decrease
situation_20250429_0900_2c5e10d3.pdf,2025-04-29,"Flood, Heavy Rain, Strong Wind, Lightning",3813,,,,,,,,,,54.0,217.0,1.0,8.0,0.0,0.0,25.0,0.0,0.0,0.0,0.0,0.0,True,grand_total,900,2025-04-29 09:00:00,4,100.0,,2.0,1,1,0,0,0,0,3.5,weather_forecast,1,0,,,,,,,,,2208.0,flood_warning,1,0,0.0,0,0,0,0,449.0,early_warning,general_situation_report,retain,2025-04-29 09:00:00,906,1,1,24.0,2025-04-30 09:00:00,24.0,175.0,46.0,0.0,0.0,True,5.384495062789089,4.007333185232471,0.0,0.0,24.0,True,100.0,22.0,0.0,0.0,117.0,32.0,0.0,0.7693745459478292,0.0,9,4,119,1,0.8660254037844387,-0.4999999999999998,0.8887010478292915,-0.45848712914008766,5.170483995038151,0.0,-42.0,-0.21401106775093748,0,117.0,0.7693745459478292,Increasing,0.5849056603773585,0.4716981132075472,53,47.16981132075472,False,Normal Increase
situation_20250430_0900_8c50f755.pdf,2025-04-30,"Heavy Rain, Strong Wind, Lightning",3783,,,,,,,,,,46.0,175.0,1.0,8.0,0.0,0.0,42.0,0.0,0.0,0.0,0.0,0.0,True,grand_total,900,2025-04-30 09:00:00,5,100.0,,2.0,1,1,0,0,0,0,3.5,weather_forecast,1,0,,,,,,,,,2232.0,flood_warning,1,0,0.0,0,0,0,0,473.0,early_warning,general_situation_report,retain,2025-04-30 09:00:00,907,1,1,24.0,2025-05-02 09:00:00,48.0,0.0,0.0,0.0,0.0,True,5.170483995038151,3.8501476017100584,0.0,0.0,24.0,True,217.0,54.0,0.0,0.0,-42.0,-8.0,0.0,-0.21401106775093748,0.0,9,4,120,2,0.8660254037844387,-0.4999999999999998,0.8806828564301475,-0.47370635037968,0.0,0.0,-175.0,-5.170483995038151,0,-42.0,-0.21401106775093748,Decreasing,0.0,0.0,54,0.0,False,Decrease
situation_20250502_0900_6cbbf1ab.pdf,2025-05-02,Other,2248,,,,,,,,,,0.0,0.0,0.0,0.0,0.0,0.0,0.0,0.0,0.0,0.0,0.0,0.0,True,confirmed_zero_report,900,2025-05-02 09:00:00,3,50.0,,0.0,1,1,0,0,0,0,3.5,weather_forecast,1,0,,,,,,,,,2280.0,flood_warning,1,0,0.0,0,0,0,0,521.0,early_warning,general_situation_report,retain,2025-05-02 09:00:00,908,1,1,48.0,2025-05-03 09:00:00,24.0,0.0,0.0,0.0,0.0,True,0.0,0.0,0.0,0.0,48.0,True,175.0,46.0,0.0,0.0,-175.0,-46.0,0.0,-5.170483995038151,0.0,9,5,122,4,0.49999999999999994,-0.8660254037844387,0.8638670987837349,-0.503719798736334,0.0,0.0,0.0,0.0,0,-175.0,-5.170483995038151,Decreasing,0.0,0.0,54,0.0,False,Decrease
situation_20250503_0900_27e24cae.pdf,2025-05-03,Other,2260,,,,,,,,,,0.0,0.0,0.0,0.0,0.0,0.0,0.0,0.0,0.0,0.0,0.0,0.0,True,confirmed_zero_report,900,2025-05-03 09:00:00,4,75.0,,2.0,1,1,0,0,0,0,3.5,weather_forecast,1,0,,,,,,,,,2304.0,flood_warning,1,0,0.0,0,0,0,0,545.0,early_warning,general_situation_report,retain,2025-05-03 09:00:00,909,1,1,24.0,2025-05-04 09:00:00,24.0,22.0,8.0,0.0,0.0,True,0.0,0.0,0.0,0.0,24.0,True,0.0,0.0,0.0,0.0,0.0,0.0,0.0,0.0,0.0,9,5,123,5,0.49999999999999994,-0.8660254037844387,0.8550745085896932,-0.518505144391157,3.1354942159291497,0.0,22.0,3.1354942159291497,0,0.0,0.0,Stable,0.0,0.0,53,0.0,False,Stable
situation_20250504_0900_3e443f56.pdf,2025-05-04,Strong Wind,2639,,,,,,,,,,8.0,22.0,0.0,0.0,0.0,0.0,8.0,0.0,0.0,0.0,0.0,0.0,True,grand_total,900,2025-05-04 09:00:00,4,50.0,,2.0,1,1,0,0,0,0,3.5,weather_forecast,1,0,,,,,,,,,2328.0,flood_warning,1,0,0.0,0,0,0,0,569.0,early_warning,general_situation_report,retain,2025-05-04 09:00:00,910,1,1,24.0,2025-05-05 09:00:00,24.0,29.0,8.0,0.0,0.0,True,3.1354942159291497,2.1972245773362196,0.0,0.0,24.0,True,0.0,0.0,0.0,0.0,22.0,8.0,0.0,3.1354942159291497,0.0,9,5,124,6,0.49999999999999994,-0.8660254037844387,0.8460288880917339,-0.533137056031809,3.4011973816621555,0.0,7.0,0.2657031657330058,0,22.0,3.1354942159291497,Increasing,0.3269230769230769,0.8846153846153846,52,32.69230769230769,False,Normal Increase
situation_20250505_0900_c87f86b7.pdf,2025-05-05,Strong Wind,2371,,,,,,,,,,8.0,29.0,0.0,0.0,0.0,0.0,8.0,0.0,0.0,0.0,0.0,0.0,True,grand_total,900,2025-05-05 09:00:00,4,50.0,,2.0,1,1,0,0,0,0,3.5,weather_forecast,1,0,,,,,,,,,2352.0,flood_warning,1,0,0.0,0,0,0,0,593.0,early_warning,general_situation_report,retain,2025-05-05 09:00:00,911,1,1,24.0,2025-05-06 09:00:00,24.0,26.0,8.0,0.0,0.0,True,3.4011973816621555,2.1972245773362196,0.0,0.0,24.0,True,22.0,8.0,0.0,0.0,7.0,0.0,0.0,0.2657031657330058,0.0,9,5,125,0,0.49999999999999994,-0.8660254037844387,0.8367329140344921,-0.5476112038402312,3.295836866004329,0.0,-3.0,-0.10536051565782634,0,7.0,0.2657031657330058,Increasing,0.16981132075471697,0.3584905660377358,53,16.9811320754717,False,Normal Increase
situation_20250506_0900_14631e45.pdf,2025-05-06,"Strong Wind, Lightning",2381,,,,,,,,,,8.0,26.0,0.0,0.0,0.0,0.0,6.0,0.0,0.0,0.0,0.0,0.0,True,grand_total,900,2025-05-06 09:00:00,5,,,2.0,0,1,0,0,0,0,2.0,weather_forecast,1,0,,,,,,,,,2376.0,flood_warning,1,0,0.0,0,0,0,0,617.0,early_warning,general_situation_report,retain,2025-05-06 09:00:00,912,1,1,24.0,2025-05-07 09:00:00,24.0,4.0,1.0,0.0,0.0,True,3.295836866004329,2.1972245773362196,0.0,0.0,24.0,True,29.0,8.0,0.0,0.0,-3.0,0.0,0.0,-0.10536051565782634,0.0,9,5,126,1,0.49999999999999994,-0.8660254037844387,0.8271893372462497,-0.5619233046832195,1.6094379124341003,0.0,-22.0,-1.6863989535702288,0,-3.0,-0.10536051565782634,Decreasing,0.0,0.0,54,0.0,False,Decrease
situation_20250507_0900_76c56cf4.pdf,2025-05-07,Lightning,2329,,,,,,,,,,1.0,4.0,0.0,0.0,0.0,0.0,1.0,0.0,0.0,0.0,0.0,0.0,True,grand_total,900,2025-05-07 09:00:00,4,50.0,,2.0,1,1,0,0,0,0,3.5,weather_forecast,1,0,,,,,,,,,2400.0,flood_warning,1,0,0.0,0,0,0,0,641.0,early_warning,general_situation_report,retain,2025-05-07 09:00:00,913,1,1,24.0,2025-05-08 09:00:00,24.0,55.0,15.0,0.0,0.0,True,1.6094379124341003,0.6931471805599453,0.0,0.0,24.0,True,26.0,8.0,0.0,0.0,-22.0,-7.0,0.0,-1.6863989535702288,0.0,9,5,127,2,0.49999999999999994,-0.8660254037844387,0.8174009818249189,-0.5760691233798758,4.02535169073515,0.0,51.0,2.415913778301049,0,-22.0,-1.6863989535702288,Decreasing,0.0,0.0,53,0.0,False,Decrease
situation_20250508_0900_07c3e05e.pdf,2025-05-08,"Strong Wind, Lightning",3089,,,,,,,,,,15.0,55.0,1.0,0.0,0.0,0.0,12.0,0.0,0.0,0.0,0.0,0.0,True,grand_total,900,2025-05-08 09:00:00,3,75.0,,2.0,1,1,0,0,0,0,3.5,weather_forecast,1,0,,,,,,,,,2424.0,flood_warning,1,0,0.0,0,0,0,0,665.0,early_warning,general_situation_report,retain,2025-05-08 09:00:00,914,1,1,24.0,2025-05-09 09:00:00,24.0,42.0,11.0,0.0,0.0,True,4.02535169073515,2.772588722239781,0.0,0.0,24.0,True,4.0,1.0,0.0,0.0,51.0,14.0,0.0,2.415913778301049,0.0,9,5,128,3,0.49999999999999994,-0.8660254037844387,0.8073707443023492,-0.5900444739548627,3.7612001156935624,0.0,-13.0,-0.26415157504158726,0,51.0,2.415913778301049,Increasing,0.4716981132075472,0.8301886792452831,53,47.16981132075472,False,Normal Increase
situation_20250509_0900_415dfb52.pdf,2025-05-09,"Heavy Rain, Strong Wind, Lightning",3032,,,,,,,,,,11.0,42.0,2.0,0.0,0.0,0.0,9.0,0.0,0.0,0.0,0.0,0.0,True,grand_total,900,2025-05-09 09:00:00,4,75.0,,2.0,1,1,0,0,0,0,3.5,weather_forecast,1,0,,,,,,,,,2448.0,flood_warning,1,0,0.0,0,0,0,0,689.0,early_warning,general_situation_report,retain,2025-05-09 09:00:00,915,1,1,24.0,2025-05-10 09:00:00,24.0,97.0,24.0,0.0,0.0,True,3.7612001156935624,2.4849066497880004,0.0,0.0,24.0,True,55.0,15.0,0.0,0.0,-13.0,-4.0,0.0,-0.26415157504158726,0.0,9,5,129,4,0.49999999999999994,-0.8660254037844387,0.7971015927871943,-0.6038452208771035,4.584967478670572,0.0,55.0,0.8237673629770099,0,-13.0,-0.26415157504158726,Decreasing,0.0,0.0,54,0.0,False,Decrease
situation_20250510_0900_b060d6ee.pdf,2025-05-10,Lightning,2745,,,,,,,,,,24.0,97.0,2.0,2.0,0.0,0.0,17.0,0.0,1.0,0.0,0.0,0.0,True,grand_total,900,2025-05-10 09:00:00,3,,,0.0,0,1,0,0,0,0,3.5,weather_forecast,1,0,,,,,,,,,2472.0,flood_warning,1,0,0.0,0,0,0,0,713.0,early_warning,general_situation_report,retain,2025-05-10 09:00:00,916,1,1,24.0,2025-05-11 09:00:00,24.0,100.0,29.0,0.0,0.0,True,4.584967478670572,3.2188758248682006,0.0,0.0,24.0,True,42.0,11.0,0.0,0.0,55.0,13.0,0.0,0.8237673629770099,0.0,9,5,130,5,0.49999999999999994,-0.8660254037844387,0.7865965660866021,-0.6174672802835514,4.61512051684126,0.0,3.0,0.030153038170687374,0,55.0,0.8237673629770099,Increasing,0.48148148148148145,0.46296296296296297,54,46.2962962962963,False,Normal Increase
situation_20250511_0900_da0b54a9.pdf,2025-05-11,Other,2389,,,,,,,,,,29.0,100.0,0.0,0.0,0.0,0.0,29.0,0.0,0.0,0.0,0.0,0.0,True,grand_total,900,2025-05-11 09:00:00,3,50.0,,0.0,1,1,0,0,0,0,3.5,weather_forecast,1,0,,,,,,,,,2496.0,flood_warning,1,0,0.0,0,0,0,0,737.0,early_warning,general_situation_report,retain,2025-05-11 09:00:00,917,1,1,24.0,2025-05-12 09:00:00,24.0,100.0,29.0,0.0,0.0,True,4.61512051684126,3.4011973816621555,0.0,0.0,24.0,True,97.0,24.0,0.0,0.0,3.0,5.0,0.0,0.030153038170687374,0.0,9,5,131,6,0.49999999999999994,-0.8660254037844387,0.7758587728069828,-0.6309066211876704,4.61512051684126,0.0,0.0,0.0,0,3.0,0.030153038170687374,Increasing,0.05454545454545454,0.09090909090909091,55,5.454545454545454,False,Normal Increase
situation_20250512_0900_5bccbeff.pdf,2025-05-12,Other,2393,,,,,,,,,,29.0,100.0,0.0,0.0,0.0,0.0,29.0,0.0,0.0,0.0,0.0,0.0,True,grand_total,900,2025-05-12 09:00:00,3,,40.0,0.0,0,1,1,0,0,0,3.5,weather_forecast,1,0,,,,,,,,,2520.0,flood_warning,1,0,0.0,0,0,0,0,761.0,early_warning,general_situation_report,retain,2025-05-12 09:00:00,918,1,1,24.0,2025-05-13 09:00:00,24.0,0.0,0.0,0.0,0.0,True,4.61512051684126,3.4011973816621555,0.0,0.0,24.0,True,100.0,29.0,0.0,0.0,0.0,0.0,0.0,0.0,0.0,9,5,132,0,0.49999999999999994,-0.8660254037844387,0.7648913904341225,-0.6441592666722685,0.0,0.0,-100.0,-4.61512051684126,0,0.0,0.0,Stable,0.0,0.0,55,0.0,False,Stable
situation_20250513_0900_0e82a079.pdf,2025-05-13,Other,2342,,,,,,,,,,0.0,0.0,0.0,0.0,0.0,0.0,0.0,0.0,0.0,0.0,0.0,0.0,True,grand_total,900,2025-05-13 09:00:00,3,50.0,40.0,0.0,1,1,1,0,0,0,3.5,weather_forecast,1,0,,,,,,,,,2544.0,flood_warning,1,0,0.0,0,0,0,0,785.0,early_warning,general_situation_report,retain,2025-05-13 09:00:00,919,1,1,24.0,2025-05-14 09:00:00,24.0,26.0,5.0,0.0,0.0,True,0.0,0.0,0.0,0.0,24.0,True,100.0,29.0,0.0,0.0,-100.0,-29.0,0.0,-4.61512051684126,0.0,9,5,133,1,0.49999999999999994,-0.8660254037844387,0.753697664392914,-0.6572212950663319,3.295836866004329,0.0,26.0,3.295836866004329,0,-100.0,-4.61512051684126,Decreasing,0.0,0.0,55,0.0,False,Decrease
situation_20250514_0900_1f497600.pdf,2025-05-14,Strong Wind,2376,,,,,,,,,,5.0,26.0,1.0,0.0,0.0,0.0,5.0,0.0,0.0,0.0,0.0,0.0,True,grand_total,900,2025-05-14 09:00:00,3,50.0,40.0,0.0,1,1,1,0,0,0,3.5,weather_forecast,1,0,,,,,,,,,2568.0,flood_warning,1,0,0.0,0,0,0,0,809.0,early_warning,general_situation_report,retain,2025-05-14 09:00:00,920,1,1,24.0,2025-05-17 09:00:00,72.0,132.0,41.0,0.0,0.0,False,3.295836866004329,1.791759469228055,0.0,0.0,24.0,True,0.0,0.0,0.0,0.0,26.0,5.0,0.0,3.295836866004329,0.0,9,5,134,2,0.49999999999999994,-0.8660254037844387,0.742280907086982,-0.6700888411055113,4.890349128221754,0.0,106.0,1.5945122622174246,0,26.0,3.295836866004329,Increasing,0.34545454545454546,0.8909090909090909,55,34.54545454545455,False,Normal Increase
situation_20250517_0900_291e8ccf.pdf,2025-05-17,"Heavy Rain, Strong Wind, Lightning",2912,,,,,,,,,,41.0,132.0,6.0,0.0,1.0,0.0,41.0,0.0,0.0,0.0,0.0,0.0,True,grand_total,900,2025-05-17 09:00:00,6,100.0,40.0,2.0,1,1,1,0,0,0,0.5,heavy_rain,1,0,,,,,,,,,2640.0,flood_warning,1,0,0.0,0,0,0,0,881.0,early_warning,general_situation_report,retain,2025-05-17 09:00:00,921,1,1,72.0,2025-05-18 09:00:00,24.0,697.0,191.0,0.0,0.0,True,4.890349128221754,3.7376696182833684,0.0,0.0,72.0,False,,,,,,,,,,9,5,137,5,0.49999999999999994,-0.8660254037844387,0.7067265555776158,-0.7074868024503348,6.548219102762372,0.0,565.0,1.6578699745406187,0,,,Insufficient Previous Context,,,0,,False,Gap / No Comparable Previous Report
situation_20250518_0900_bce77151.pdf,2025-05-18,"Heavy Rain, Strong Wind, Lightning",3448,,,,,,,,,,191.0,697.0,6.0,0.0,1.0,0.0,181.0,0.0,0.0,0.0,0.0,0.0,True,grand_total,900,2025-05-18 09:00:00,4,100.0,40.0,2.0,1,1,1,0,0,0,0.0,heavy_rain,1,0,,,,,,,,,2664.0,flood_warning,1,0,0.0,0,0,0,0,905.0,early_warning,general_situation_report,retain,2025-05-18 09:00:00,922,1,1,24.0,2025-05-19 09:00:00,24.0,685.0,187.0,0.0,0.0,True,6.548219102762372,5.2574953720277815,0.0,0.0,24.0,True,132.0,41.0,0.0,0.0,565.0,150.0,0.0,1.6578699745406187,0.0,9,5,138,6,0.49999999999999994,-0.8660254037844387,0.6944521021088763,-0.719538934232584,6.530877627725885,0.0,-12.0,-0.01734147503648753,0,565.0,1.6578699745406187,Increasing,0.8,0.6909090909090909,55,69.0909090909091,False,Normal Increase
situation_20250519_0900_79cdc2ad.pdf,2025-05-19,"Heavy Rain, Strong Wind, Lightning",3420,,,,,,,,,,187.0,685.0,4.0,0.0,1.0,0.0,177.0,0.0,0.0,0.0,0.0,0.0,True,grand_total,900,2025-05-19 09:00:00,4,100.0,40.0,2.0,1,1,1,0,0,0,3.5,weather_forecast,1,0,,,,,,,,,2688.0,flood_warning,1,1,1.0,6,0,0,6,23.0,early_warning,general_situation_report,retain,2025-05-19 09:00:00,923,1,1,24.0,2025-05-20 09:00:00,24.0,398.0,108.0,0.0,0.0,True,6.530877627725885,5.236441962829949,0.0,0.0,24.0,True,697.0,191.0,0.0,0.0,-12.0,-4.0,0.0,-0.01734147503648753,0.0,9,5,139,0,0.49999999999999994,-0.8660254037844387,0.6819721490904629,-0.7313781428679254,5.988961416889864,0.0,-287.0,-0.5419162108360212,0,-12.0,-0.01734147503648753,Decreasing,0.0,0.0,55,0.0,False,Decrease
situation_20250520_0900_06e1a5aa.pdf,2025-05-20,"Strong Wind, Lightning",5185,,,,,,,,,,108.0,398.0,5.0,0.0,1.0,0.0,104.0,1.0,6.0,0.0,0.0,0.0,True,grand_total,900,2025-05-20 09:00:00,5,100.0,40.0,2.0,1,1,1,0,0,0,3.5,weather_forecast,1,0,,,,,,,,,2712.0,flood_warning,1,1,1.0,6,0,0,6,19.0,early_warning,general_situation_report,retain,2025-05-20 09:00:00,924,1,1,24.0,2025-05-21 09:00:00,24.0,418.0,113.0,0.0,0.0,True,5.988961416889864,4.6913478822291435,0.0,0.0,24.0,True,685.0,187.0,0.0,0.0,-287.0,-79.0,0.0,-0.5419162108360212,0.0,9,5,140,1,0.49999999999999994,-0.8660254037844387,0.6692903895412567,-0.7430009249440493,6.037870919922137,0.0,20.0,0.048909503032273705,0,-287.0,-0.5419162108360212,Decreasing,0.0,0.0,54,0.0,False,Decrease
situation_20250521_0900_99f53aec.pdf,2025-05-21,"Strong Wind, Lightning",5320,,,,,,,,,,113.0,418.0,5.0,0.0,1.0,0.0,109.0,1.0,7.0,0.0,0.0,0.0,True,grand_total,900,2025-05-21 09:00:00,3,75.0,40.0,0.0,1,1,1,0,0,0,3.5,weather_forecast,1,0,,,,,,,,,2736.0,flood_warning,1,1,1.0,6,0,0,6,19.0,early_warning,general_situation_report,retain,2025-05-21 09:00:00,925,1,1,24.0,2025-05-22 09:00:00,24.0,181.0,54.0,0.0,0.0,True,6.037870919922137,4.736198448394496,0.0,0.0,24.0,True,398.0,108.0,0.0,0.0,20.0,5.0,0.0,0.048909503032273705,0.0,9,5,141,2,0.49999999999999994,-0.8660254037844387,0.6564105761979381,-0.7544038410927472,5.204006687076795,0.0,-237.0,-0.8338642328453423,0,20.0,0.048909503032273705,Increasing,0.2830188679245283,0.1320754716981132,53,13.20754716981132,False,Normal Increase
situation_20250522_0900_4dcbe4ef.pdf,2025-05-22,"Heavy Rain, Strong Wind, Lightning",3400,,,,,,,,,,54.0,181.0,4.0,0.0,1.0,0.0,50.0,0.0,1.0,0.0,0.0,0.0,True,grand_total,900,2025-05-22 09:00:00,3,50.0,40.0,0.0,1,1,1,0,0,0,3.5,weather_forecast,1,0,,,,,,,,,2760.0,flood_warning,1,0,0.0,0,0,0,0,43.0,early_warning,general_situation_report,retain,2025-05-22 09:00:00,926,1,1,24.0,2025-05-23 09:00:00,24.0,146.0,47.0,0.0,0.0,True,5.204006687076795,4.007333185232471,0.0,0.0,24.0,True,418.0,113.0,0.0,0.0,-237.0,-59.0,0.0,-0.8338642328453423,0.0,9,5,142,3,0.49999999999999994,-0.8660254037844387,0.6433365204044917,-0.765583517007675,4.990432586778736,0.0,-35.0,-0.21357410029805912,0,-237.0,-0.8338642328453423,Decreasing,0.0,0.0,54,0.0,False,Decrease
situation_20250523_0900_9e7fdfe1.pdf,2025-05-23,"Heavy Rain, Strong Wind, Lightning",3221,,,,,,,,,,47.0,146.0,0.0,0.0,1.0,0.0,42.0,0.0,1.0,0.0,0.0,0.0,True,grand_total,900,2025-05-23 09:00:00,5,75.0,40.0,2.0,1,1,1,0,0,0,3.5,weather_forecast,1,0,,,,,,,,,2784.0,flood_warning,1,0,0.0,0,0,0,0,67.0,early_warning,general_situation_report,retain,2025-05-23 09:00:00,927,1,1,24.0,2025-05-24 09:00:00,24.0,156.0,48.0,0.0,0.0,True,4.990432586778736,3.871201010907891,0.0,0.0,24.0,True,181.0,54.0,0.0,0.0,-35.0,-7.0,0.0,-0.21357410029805912,0.0,9,5,143,4,0.49999999999999994,-0.8660254037844387,0.6300720909843687,-0.7765366444428655,5.056245805348308,0.0,10.0,0.06581321856957167,0,-35.0,-0.21357410029805912,Decreasing,0.0,0.0,53,0.0,False,Decrease
situation_20250524_0900_d6de60cd.pdf,2025-05-24,"Heavy Rain, Strong Wind, Lightning",3821,,,,,,,,,,48.0,156.0,0.0,0.0,1.0,0.0,43.0,0.0,1.0,0.0,0.0,0.0,True,grand_total,900,2025-05-24 09:00:00,4,75.0,40.0,2.0,1,1,1,0,0,0,3.5,weather_forecast,1,0,,,,,,,,,2808.0,flood_warning,1,0,0.0,0,0,0,0,91.0,early_warning,general_situation_report,retain,2025-05-24 09:00:00,928,1,1,24.0,2025-05-25 09:00:00,24.0,143.0,45.0,0.0,0.0,True,5.056245805348308,3.8918202981106265,0.0,0.0,24.0,True,146.0,47.0,0.0,0.0,10.0,1.0,0.0,0.06581321856957167,0.0,9,5,144,5,0.49999999999999994,-0.8660254037844387,0.6166212130956382,-0.7872599821916922,4.969813299576001,0.0,-13.0,-0.08643250577230699,0,10.0,0.06581321856957167,Increasing,0.18867924528301888,0.16981132075471697,53,16.9811320754717,False,Normal Increase
situation_20250525_0900_fc175ffe.pdf,2025-05-25,"Heavy Rain, Strong Wind, Lightning",3362,,,,,,,,,,45.0,143.0,0.0,0.0,1.0,0.0,40.0,0.0,1.0,0.0,0.0,0.0,True,grand_total,900,2025-05-25 09:00:00,4,100.0,45.0,2.0,1,1,1,0,0,0,3.5,weather_forecast,1,0,,,,,,,,,2832.0,flood_warning,1,0,0.0,0,0,0,0,115.0,early_warning,general_situation_report,retain,2025-05-25 09:00:00,929,1,1,24.0,2025-05-26 09:00:00,24.0,8.0,2.0,0.0,0.0,True,4.969813299576001,3.828641396489095,0.0,0.0,24.0,True,156.0,48.0,0.0,0.0,-13.0,-3.0,0.0,-0.08643250577230699,0.0,9,5,145,6,0.49999999999999994,-0.8660254037844387,0.6029878670694714,-0.7977503570459932,2.1972245773362196,0.0,-135.0,-2.772588722239781,0,-13.0,-0.08643250577230699,Decreasing,0.0,0.0,53,0.0,False,Decrease
situation_20250526_0900_5960436f.pdf,2025-05-26,Strong Wind,2681,,,,,,,,,,2.0,8.0,0.0,0.0,0.0,0.0,2.0,0.0,0.0,0.0,0.0,0.0,True,grand_total,900,2025-05-26 09:00:00,3,100.0,50.0,0.0,1,1,1,0,0,0,3.5,weather_forecast,1,0,,,,,,,,,2856.0,flood_warning,1,0,0.0,0,0,0,0,139.0,early_warning,general_situation_report,retain,2025-05-26 09:00:00,930,1,1,24.0,2025-05-27 09:00:00,24.0,1392.0,385.0,0.0,0.0,True,2.1972245773362196,1.0986122886681098,0.0,0.0,24.0,True,143.0,45.0,0.0,0.0,-135.0,-43.0,0.0,-2.772588722239781,0.0,9,5,146,0,0.49999999999999994,-0.8660254037844387,0.5891760872322963,-0.8080046647350754,7.239214973779806,0.0,1384.0,5.041990396443586,0,-135.0,-2.772588722239781,Decreasing,0.0,0.0,52,0.0,False,Decrease
situation_20250527_0900_8617515d.pdf,2025-05-27,"Flood, Strong Wind, Lightning",4887,,,,,,,,,,385.0,1392.0,0.0,6.0,0.0,1.0,286.0,0.0,2.0,0.0,0.0,0.0,True,grand_total,900,2025-05-27 09:00:00,3,100.0,50.0,0.0,1,1,1,0,0,0,3.5,weather_forecast,1,0,,,,,,,,,2880.0,flood_warning,1,0,0.0,0,0,0,0,163.0,early_warning,general_situation_report,retain,2025-05-27 09:00:00,931,1,1,24.0,2025-05-28 09:00:00,24.0,1520.0,416.0,0.0,0.0,True,7.239214973779806,5.955837369464831,0.0,0.0,24.0,True,8.0,2.0,0.0,0.0,1384.0,383.0,0.0,5.041990396443586,0.0,9,5,147,1,0.49999999999999994,-0.8660254037844387,0.5751899607119775,-0.8180198708443174,7.327123292259293,0.0,128.0,0.08790831847948688,0,1384.0,5.041990396443586,Increasing,0.8653846153846154,0.9615384615384616,52,86.53846153846155,False,Normal Increase
situation_20250528_0900_916e6de3.pdf,2025-05-28,"Flood, Strong Wind, Lightning",5226,,,,,,,,,,416.0,1520.0,0.0,8.0,0.0,4.0,321.0,0.0,2.0,0.0,0.0,0.0,True,grand_total,900,2025-05-28 09:00:00,4,100.0,50.0,2.0,1,1,1,0,0,0,3.5,weather_forecast,1,0,,,,,,,,,2904.0,flood_warning,1,1,1.0,4,0,0,4,23.0,early_warning,general_situation_report,retain,2025-05-28 09:00:00,932,1,1,24.0,2025-05-29 09:00:00,24.0,1752.0,484.0,0.0,0.0,True,7.327123292259293,6.0330862217988015,0.0,0.0,24.0,True,1392.0,385.0,0.0,0.0,128.0,31.0,0.0,0.08790831847948688,0.0,9,5,148,2,0.49999999999999994,-0.8660254037844387,0.5610336262283677,-0.8277930117131022,7.469083884921234,0.0,232.0,0.14196059266194183,0,128.0,0.08790831847948688,Increasing,0.6415094339622641,0.18867924528301888,53,18.867924528301888,False,Normal Increase
situation_20250529_0900_3890ec63.pdf,2025-05-29,"Flood, Strong Wind, Lightning",5607,,,,,,,,,,484.0,1752.0,1.0,8.0,0.0,3.0,364.0,0.0,2.0,0.0,0.0,0.0,True,grand_total,900,2025-05-29 09:00:00,4,75.0,60.0,2.0,1,1,1,0,0,0,3.5,weather_forecast,1,0,,,,,,,,,2928.0,flood_warning,1,1,1.0,4,0,0,4,23.0,early_warning,general_situation_report,retain,2025-05-29 09:00:00,933,1,1,24.0,2025-05-30 09:00:00,24.0,1757.0,485.0,0.0,0.0,True,7.469083884921234,6.184148890937483,0.0,0.0,24.0,True,1520.0,416.0,0.0,0.0,232.0,68.0,0.0,0.14196059266194183,0.0,9,5,149,3,0.49999999999999994,-0.8660254037844387,0.5467112728685939,-0.8373211953118121,7.471932078245122,0.0,5.0,0.002848193323887749,0,232.0,0.14196059266194183,Increasing,0.7358490566037735,0.22641509433962265,53,22.641509433962266,False,Normal Increase
situation_20250530_0900_2178416e.pdf,2025-05-30,"Flood, Strong Wind, Lightning",5635,,,,,,,,,,485.0,1757.0,1.0,8.0,0.0,3.0,365.0,0.0,2.0,0.0,0.0,0.0,True,grand_total,900,2025-05-30 09:00:00,8,100.0,60.0,2.0,1,1,1,0,0,0,0.0,strong_wind,1,0,,,,,,,,,2952.0,flood_warning,1,0,0.0,0,0,0,0,47.0,early_warning,general_situation_report,retain,2025-05-30 09:00:00,934,1,1,24.0,2025-05-30 18:00:00,9.0,3345.0,887.0,2.0,129.0,True,7.471932078245122,6.186208623900494,0.0,0.0,24.0,True,1752.0,484.0,0.0,0.0,5.0,1.0,0.0,0.002848193323887749,0.0,9,5,150,4,0.49999999999999994,-0.8660254037844387,0.5322271388474397,-0.8466016020976267,8.11552088154677,4.867534450455582,1588.0,0.6435888033016477,1,5.0,0.002848193323887749,Increasing,0.09433962264150944,0.03773584905660377,53,3.7735849056603774,False,Normal Increase
situation_20250530_1800_2633c303.pdf,2025-05-30,"Strong Wind, Lightning",6774,,,,,,,,,,887.0,3345.0,0.0,7.0,0.0,0.0,857.0,0.0,2.0,2.0,30.0,129.0,True,grand_total,1800,2025-05-30 18:00:00,5,100.0,60.0,2.0,1,1,1,0,0,0,2.0,weather_forecast,1,0,,,,,,,,,2961.0,flood_warning,1,0,0.0,0,0,0,0,56.0,early_warning,general_situation_report,retain,2025-05-30 18:00:00,935,1,1,9.0,2025-05-31 09:00:00,15.0,5974.0,1579.0,2.0,129.0,True,8.11552088154677,6.78897174299217,1.0986122886681098,4.867534450455582,9.0,True,1757.0,485.0,0.0,0.0,1588.0,402.0,129.0,0.6435888033016477,4.867534450455582,18,5,150,4,0.49999999999999994,-0.8660254037844387,0.5322271388474397,-0.8466016020976267,8.695339376799712,4.867534450455582,2629.0,0.5798184952529422,1,1588.0,0.6435888033016477,Increasing,0.9245283018867925,0.49056603773584906,53,49.056603773584904,False,Normal Increase
situation_20250531_0900_e62d0814.pdf,2025-05-31,"Strong Wind, Lightning",7949,,,,,,,,,,1579.0,5974.0,0.0,7.0,0.0,1.0,1545.0,2.0,9.0,2.0,30.0,129.0,True,grand_total,900,2025-05-31 09:00:00,5,100.0,60.0,2.0,1,1,1,0,0,0,0.5,strong_wind,1,0,,,,,,,,,2976.0,flood_warning,1,1,1.0,5,0,0,5,12.0,early_warning,general_situation_report,retain,2025-05-31 09:00:00,936,1,1,15.0,2025-06-01 09:00:00,24.0,9975.0,2641.0,3.0,147.0,True,8.695339376799712,7.365180126021013,1.0986122886681098,4.867534450455582,15.0,True,3345.0,887.0,2.0,129.0,2629.0,692.0,0.0,0.5798184952529422,0.0,9,5,151,5,0.49999999999999994,-0.8660254037844387,0.5175855102531889,-0.8556314858488706,9.207937487359873,4.997212273764115,4001.0,0.5125981105601607,1,2629.0,0.5798184952529422,Increasing,0.9259259259259259,0.48148148148148145,54,48.148148148148145,False,Normal Increase
situation_20250601_0900_96a698f8.pdf,2025-06-01,"Landslide, Heavy Rain, Strong Wind, Lightning",9573,,,,,,,,,,2641.0,9975.0,0.0,19.0,0.0,6.0,2576.0,8.0,11.0,3.0,35.0,147.0,True,grand_total,900,2025-06-01 09:00:00,4,50.0,40.0,0.0,1,1,1,0,0,0,3.5,weather_forecast,1,0,,,,,,,,,3000.0,flood_warning,1,1,1.0,5,0,0,5,17.0,early_warning,general_situation_report,retain,2025-06-01 09:00:00,937,1,1,24.0,2025-06-02 10:40:00,25.666666666666668,11469.0,3064.0,5.0,162.0,True,9.207937487359873,7.879291485082271,1.3862943611198906,4.997212273764115,24.0,True,5974.0,1579.0,2.0,129.0,4001.0,1062.0,18.0,0.5125981105601607,0.1296778233085325,9,6,152,6,1.2246467991473532e-16,-1.0,0.5027907197793043,-0.8644081744776648,9.347490210123416,5.093750200806762,1494.0,0.13955272276354336,1,4001.0,0.5125981105601607,Increasing,0.9444444444444444,0.4444444444444444,54,44.44444444444444,False,Normal Increase
situation_20250602_1040_853cf3ec.pdf,2025-06-02,"Landslide, Heavy Rain, Strong Wind, Lightning",9875,,,,,,,,,,3064.0,11469.0,4.0,19.0,0.0,1.0,2940.0,18.0,13.0,5.0,38.0,162.0,True,grand_total,1040,2025-06-02 10:40:00,3,,40.0,0.0,0,1,1,0,0,0,5.166666666666667,weather_forecast,1,0,,,,,,,,,3025.6666666666665,flood_warning,1,0,0.0,0,0,0,0,42.66666666666666,early_warning,general_situation_report,retain,2025-06-02 10:40:00,938,1,1,25.666666666666668,2025-06-03 09:00:00,22.333333333333332,10376.0,2803.0,5.0,162.0,True,9.347490210123416,8.027802848370312,1.791759469228055,5.093750200806762,25.666666666666668,True,9975.0,2641.0,3.0,147.0,1494.0,423.0,15.0,0.13955272276354336,0.09653792704264763,10,6,153,0,1.2246467991473532e-16,-1.0,0.4878471454423119,-0.8729290708206411,9.247347097605278,5.093750200806762,-1093.0,-0.10014311251813801,1,1494.0,0.13955272276354336,Increasing,0.9074074074074074,0.24074074074074073,54,24.074074074074073,False,Normal Increase
situation_20250603_0900_92d3de13.pdf,2025-06-03,"Landslide, Heavy Rain, Strong Wind, Lightning",8468,,,,,,,,,,2803.0,10376.0,4.0,18.0,0.0,1.0,2683.0,28.0,20.0,5.0,38.0,162.0,True,grand_total,900,2025-06-03 09:00:00,3,,40.0,0.0,0,1,1,0,0,0,3.5,weather_forecast,1,0,,,,,,,,,3048.0,flood_warning,1,0,0.0,0,0,0,0,65.0,early_warning,general_situation_report,retain,2025-06-03 09:00:00,939,1,1,22.333333333333332,2025-06-04 09:00:00,24.0,10648.0,2874.0,5.0,162.0,True,9.247347097605278,7.938802248154481,1.791759469228055,5.093750200806762,22.333333333333332,True,11469.0,3064.0,5.0,162.0,-1093.0,-261.0,0.0,-0.10014311251813801,0.0,9,6,154,1,1.2246467991473532e-16,-1.0,0.47275920928627757,-0.881191653407483,9.273221270015384,5.093750200806762,272.0,0.0258741724101057,1,-1093.0,-0.10014311251813801,Decreasing,0.0,0.0,54,0.0,False,Decrease
situation_20250604_0900_4d474156.pdf,2025-06-04,"Landslide, Heavy Rain, Strong Wind, Lightning",8175,,,,,,,,,,2874.0,10648.0,4.0,23.0,0.0,2.0,2798.0,39.0,20.0,5.0,38.0,162.0,True,grand_total,900,2025-06-04 09:00:00,2,,40.0,0.0,0,1,1,0,0,0,3.5,weather_forecast,1,0,,,,,,,,,3072.0,flood_warning,1,0,0.0,0,0,0,0,89.0,early_warning,general_situation_report,retain,2025-06-04 09:00:00,940,1,1,24.0,2025-06-05 09:00:00,24.0,4.0,1.0,0.0,0.0,True,9.273221270015384,7.963807953231451,1.791759469228055,5.093750200806762,24.0,True,10376.0,2803.0,5.0,162.0,272.0,71.0,0.0,0.0258741724101057,0.0,9,6,155,2,1.2246467991473532e-16,-1.0,0.4575313760742512,-0.8891934772070711,1.6094379124341003,0.0,-10644.0,-7.663783357581283,0,272.0,0.0258741724101057,Increasing,0.7592592592592593,0.09259259259259259,54,9.25925925925926,False,Normal Increase
situation_20250605_0900_b4ea08d3.pdf,2025-06-05,Strong Wind,2339,,,,,,,,,,1.0,4.0,0.0,0.0,0.0,1.0,0.0,0.0,0.0,0.0,0.0,0.0,True,grand_total,900,2025-06-05 09:00:00,3,,40.0,0.0,0,1,1,0,0,0,3.5,weather_forecast,1,0,,,,,,,,,3096.0,flood_warning,1,0,0.0,0,0,0,0,113.0,early_warning,general_situation_report,retain,2025-06-05 09:00:00,941,1,1,24.0,2025-06-06 09:00:00,24.0,14.0,5.0,0.0,0.0,True,1.6094379124341003,0.6931471805599453,0.0,0.0,24.0,True,10648.0,2874.0,5.0,162.0,-10644.0,-2873.0,-162.0,-7.663783357581283,-5.093750200806762,9,6,156,3,1.2246467991473532e-16,-1.0,0.44216815196707204,-0.8969321743510065,2.70805020110221,0.0,10.0,1.0986122886681098,0,-10644.0,-7.663783357581283,Decreasing,0.0,0.0,54,0.0,False,Decrease
situation_20250606_0900_f532c4a6.pdf,2025-06-06,Strong Wind,2662,,,,,,,,,,5.0,14.0,0.0,0.0,0.0,1.0,4.0,0.0,0.0,0.0,0.0,0.0,True,grand_total,900,2025-06-06 09:00:00,3,,40.0,0.0,0,1,1,0,0,0,3.5,weather_forecast,1,0,,,,,,,,,3120.0,flood_warning,1,0,0.0,0,0,0,0,137.0,early_warning,general_situation_report,retain,2025-06-06 09:00:00,942,1,1,24.0,2025-06-07 09:00:00,24.0,14.0,5.0,0.0,0.0,True,2.70805020110221,1.791759469228055,0.0,0.0,24.0,True,4.0,1.0,0.0,0.0,10.0,4.0,0.0,1.0986122886681098,0.0,9,6,157,4,1.2246467991473532e-16,-1.0,0.42667408318992467,-0.9044054548343001,2.70805020110221,0.0,0.0,0.0,0,10.0,1.0986122886681098,Increasing,0.2037037037037037,0.5740740740740741,54,20.37037037037037,False,Normal Increase
situation_20250607_0900_aa97aec3.pdf,2025-06-07,Strong Wind,2658,,,,,,,,,,5.0,14.0,0.0,0.0,0.0,1.0,4.0,0.0,0.0,0.0,0.0,0.0,True,grand_total,900,2025-06-07 09:00:00,3,,40.0,0.0,0,1,1,0,0,0,3.5,weather_forecast,1,0,,,,,,,,,3144.0,flood_warning,1,0,0.0,0,0,0,0,161.0,early_warning,general_situation_report,retain,2025-06-07 09:00:00,943,1,1,24.0,2025-06-08 09:00:00,24.0,10.0,4.0,0.0,0.0,True,2.70805020110221,1.791759469228055,0.0,0.0,24.0,True,14.0,5.0,0.0,0.0,0.0,0.0,0.0,0.0,0.0,9,6,158,5,1.2246467991473532e-16,-1.0,0.4110537546870351,-0.9116111071930239,2.3978952727983707,0.0,-4.0,-0.3101549283038394,0,0.0,0.0,Stable,0.0,0.0,55,0.0,False,Stable
situation_20250608_0900_14245591.pdf,2025-06-08,Strong Wind,2422,,,,,,,,,,4.0,10.0,0.0,0.0,0.0,0.0,4.0,0.0,0.0,0.0,0.0,0.0,True,grand_total,900,2025-06-08 09:00:00,3,,40.0,0.0,0,1,1,0,0,0,3.5,weather_forecast,1,0,,,,,,,,,3168.0,flood_warning,1,0,0.0,0,0,0,0,185.0,early_warning,general_situation_report,retain,2025-06-08 09:00:00,944,1,1,24.0,2025-06-09 09:00:00,24.0,10.0,4.0,0.0,0.0,True,2.3978952727983707,1.6094379124341003,0.0,0.0,24.0,True,14.0,5.0,0.0,0.0,-4.0,-1.0,0.0,-0.3101549283038394,0.0,9,6,159,6,1.2246467991473532e-16,-1.0,0.3953117887649151,-0.9185469991587165,2.3978952727983707,0.0,0.0,0.0,0,-4.0,-0.3101549283038394,Decreasing,0.0,0.0,55,0.0,False,Decrease
situation_20250609_0900_7417af05.pdf,2025-06-09,Strong Wind,2405,,,,,,,,,,4.0,10.0,0.0,0.0,0.0,0.0,4.0,0.0,0.0,0.0,0.0,0.0,True,grand_total,900,2025-06-09 09:00:00,4,,40.0,0.0,0,1,1,0,0,0,0.5,weather_forecast,1,0,,,,,,,,,3192.0,flood_warning,1,0,0.0,0,0,0,0,209.0,early_warning,general_situation_report,retain,2025-06-09 09:00:00,945,1,1,24.0,2025-06-10 09:00:00,24.0,3.0,1.0,0.0,0.0,True,2.3978952727983707,1.6094379124341003,0.0,0.0,24.0,True,10.0,4.0,0.0,0.0,0.0,0.0,0.0,0.0,0.0,9,6,160,0,1.2246467991473532e-16,-1.0,0.37945284372454435,-0.925211078289358,1.3862943611198906,0.0,-7.0,-1.01160091167848,0,0.0,0.0,Stable,0.0,0.0,54,0.0,False,Stable
situation_20250610_0900_9c768b5a.pdf,2025-06-10,Other,2348,,,,,,,,,,1.0,3.0,0.0,3.0,0.0,0.0,0.0,0.0,0.0,0.0,0.0,0.0,True,grand_total,900,2025-06-10 09:00:00,6,100.0,50.0,2.0,1,1,1,0,0,0,2.0,weather_forecast,1,0,,,,,,,,,3216.0,flood_warning,1,0,0.0,0,0,0,0,233.0,early_warning,general_situation_report,retain,2025-06-10 09:00:00,946,1,1,24.0,2025-06-12 09:00:00,48.0,15.0,3.0,0.0,0.0,True,1.3862943611198906,0.6931471805599453,0.0,0.0,24.0,True,10.0,4.0,0.0,0.0,-7.0,-3.0,0.0,-1.01160091167848,0.0,9,6,161,1,1.2246467991473532e-16,-1.0,0.36348161248290634,-0.9316013725767187,2.772588722239781,0.0,12.0,1.3862943611198906,0,-7.0,-1.01160091167848,Decreasing,0.0,0.0,53,0.0,False,Decrease
situation_20250612_0900_a92564d2.pdf,2025-06-12,Strong Wind,2436,,,,,,,,,,3.0,15.0,0.0,3.0,0.0,0.0,0.0,0.0,0.0,0.0,0.0,0.0,True,grand_total,900,2025-06-12 09:00:00,3,100.0,60.0,0.0,1,1,1,0,0,0,3.5,weather_forecast,1,0,,,,,,,,,47.0,water_level,1,1,2.0,5,3,0,6,17.0,early_warning,general_situation_report,retain,2025-06-12 09:00:00,947,1,1,48.0,2025-06-13 09:00:00,24.0,157.0,43.0,0.0,0.0,True,2.772588722239781,1.3862943611198906,0.0,0.0,48.0,True,3.0,1.0,0.0,0.0,12.0,2.0,0.0,1.3862943611198906,0.0,9,6,163,3,1.2246467991473532e-16,-1.0,0.3312212278016865,-0.9435531242349544,5.062595033026967,0.0,142.0,2.2900063107871858,0,12.0,1.3862943611198906,Increasing,0.2641509433962264,0.6415094339622641,53,26.41509433962264,False,Normal Increase
situation_20250613_0900_b296e2ea.pdf,2025-06-13,"Heavy Rain, Strong Wind",3172,,,,,,,,,,43.0,157.0,1.0,21.0,0.0,0.0,43.0,1.0,1.0,0.0,0.0,0.0,True,grand_total,900,2025-06-13 09:00:00,3,100.0,60.0,0.0,1,1,1,0,0,0,3.5,weather_forecast,1,1,2.0,0.0,0.0,7.0,129.2,1.104,0.0,0.0,23.5,water_level,1,0,0.0,0,0,0,0,41.0,early_warning,general_situation_report,retain,2025-06-13 09:00:00,948,1,1,24.0,2025-06-14 09:00:00,24.0,339.0,93.0,0.0,0.0,True,5.062595033026967,3.784189633918261,0.0,0.0,24.0,True,15.0,3.0,0.0,0.0,142.0,40.0,0.0,2.2900063107871858,0.0,9,6,164,4,1.2246467991473532e-16,-1.0,0.31494162072895193,-0.9491110448902284,5.8289456176102075,0.0,182.0,0.7663505845832406,0,142.0,2.2900063107871858,Increasing,0.6666666666666666,0.7962962962962963,54,66.66666666666666,False,Normal Increase
situation_20250614_0900_42212151.pdf,2025-06-14,"Heavy Rain, Strong Wind",4003,,,,,,,,,,93.0,339.0,1.0,21.0,0.0,0.0,87.0,1.0,1.0,0.0,0.0,0.0,True,grand_total,900,2025-06-14 09:00:00,5,100.0,60.0,2.0,1,1,1,0,0,0,1.0,heavy_rain,1,1,0.0,0.0,0.0,6.0,52.2,0.876,0.0,0.0,23.5,water_level,1,0,0.0,0,0,0,0,65.0,early_warning,general_situation_report,retain,2025-06-14 09:00:00,949,1,1,24.0,2025-06-15 09:00:00,24.0,353.0,97.0,0.0,0.0,True,5.8289456176102075,4.543294782270004,0.0,0.0,24.0,True,157.0,43.0,0.0,0.0,182.0,50.0,0.0,0.7663505845832406,0.0,9,6,165,5,1.2246467991473532e-16,-1.0,0.2985688173637202,-0.9543881083175908,5.869296913133774,0.0,14.0,0.040351295523566755,0,182.0,0.7663505845832406,Increasing,0.6851851851851852,0.5185185185185185,54,51.85185185185185,False,Normal Increase
situation_20250615_0900_ccd80d80.pdf,2025-06-15,"Heavy Rain, Strong Wind",3464,,,,,,,,,,97.0,353.0,1.0,21.0,0.0,0.0,91.0,1.0,1.0,0.0,0.0,0.0,True,grand_total,900,2025-06-15 09:00:00,6,100.0,60.0,2.0,1,1,1,0,0,0,1.0,heavy_rain,1,0,,,,,,,,,47.5,water_level,1,1,2.0,7,1,0,7,1.0,early_warning,general_situation_report,retain,2025-06-15 09:00:00,950,1,1,24.0,2025-06-16 09:00:00,24.0,255.0,76.0,0.0,0.0,True,5.869296913133774,4.584967478670572,0.0,0.0,24.0,True,339.0,93.0,0.0,0.0,14.0,4.0,0.0,0.040351295523566755,0.0,9,6,166,6,1.2246467991473532e-16,-1.0,0.2821076626819194,-0.9593827529490743,5.545177444479562,0.0,-98.0,-0.32411946865421193,0,14.0,0.040351295523566755,Increasing,0.2909090909090909,0.12727272727272726,55,12.727272727272727,False,Normal Increase
situation_20250616_0900_4f2709f4.pdf,2025-06-16,"Heavy Rain, Strong Wind",3467,,,,,,,,,,76.0,255.0,0.0,0.0,0.0,0.0,68.0,0.0,0.0,0.0,0.0,0.0,True,grand_total,900,2025-06-16 09:00:00,5,50.0,60.0,2.0,1,0,1,0,0,0,3.5,weather_forecast,1,1,4.0,0.0,0.0,15.0,75.4,1.2625,0.0,0.0,23.5,water_level_rainfall,1,1,2.0,7,1,0,7,17.0,early_warning,general_situation_report,retain,2025-06-16 09:00:00,951,1,1,24.0,2025-06-17 09:00:00,24.0,493.0,131.0,0.0,0.0,True,5.545177444479562,4.343805421853684,0.0,0.0,24.0,True,353.0,97.0,0.0,0.0,-98.0,-21.0,0.0,-0.32411946865421193,0.0,9,6,167,0,1.2246467991473532e-16,-1.0,0.26556302780405594,-0.9640935007889755,6.202535517187923,0.0,238.0,0.6573580727083606,0,-98.0,-0.32411946865421193,Decreasing,0.0,0.0,56,0.0,False,Decrease
situation_20250617_0900_02359c9c.pdf,2025-06-17,"Heavy Rain, Strong Wind",4452,,,,,,,,,,131.0,493.0,0.0,1.0,0.0,0.0,125.0,2.0,2.0,0.0,0.0,0.0,True,grand_total,900,2025-06-17 09:00:00,3,50.0,40.0,0.0,1,1,1,0,0,0,3.5,weather_forecast,1,1,2.0,0.0,0.0,15.0,50.3,1.294,0.0,0.0,23.5,water_level_rainfall,1,1,1.0,6,0,0,6,17.0,early_warning,general_situation_report,retain,2025-06-17 09:00:00,952,1,1,24.0,2025-06-18 09:00:00,24.0,548.0,150.0,0.0,0.0,True,6.202535517187923,4.882801922586371,0.0,0.0,24.0,True,255.0,76.0,0.0,0.0,238.0,55.0,0.0,0.6573580727083606,0.0,9,6,168,1,1.2246467991473532e-16,-1.0,0.24893980855376657,-0.9685189578512204,6.3080984415095305,0.0,55.0,0.10556292432160763,0,238.0,0.6573580727083606,Increasing,0.7636363636363637,0.509090909090909,55,50.90909090909091,False,Normal Increase
situation_20250618_0900_b642e98b.pdf,2025-06-18,"Heavy Rain, Strong Wind",4698,,,,,,,,,,150.0,548.0,0.0,0.0,0.0,1.0,146.0,0.0,0.0,0.0,0.0,0.0,True,grand_total,900,2025-06-18 09:00:00,3,,40.0,0.0,0,1,1,0,0,0,3.5,weather_forecast,1,1,1.0,0.0,0.0,7.0,33.7,1.25,0.0,0.0,23.5,water_level_rainfall,1,1,1.0,6,0,0,6,17.0,early_warning,general_situation_report,retain,2025-06-18 09:00:00,953,1,1,24.0,2025-06-19 09:00:00,24.0,451.0,123.0,0.0,0.0,True,6.3080984415095305,5.017279836814924,0.0,0.0,24.0,True,493.0,131.0,0.0,0.0,55.0,19.0,0.0,0.10556292432160763,0.0,9,6,169,2,1.2246467991473532e-16,-1.0,0.23224292400907015,-0.9726578145718654,6.113682179832232,0.0,-97.0,-0.19441626167729886,0,55.0,0.10556292432160763,Increasing,0.4909090909090909,0.21818181818181817,55,21.818181818181817,False,Normal Increase
situation_20250619_0900_50e5f599.pdf,2025-06-19,"Heavy Rain, Strong Wind",4008,,,,,,,,,,123.0,451.0,0.0,0.0,0.0,1.0,117.0,0.0,0.0,0.0,0.0,0.0,True,grand_total,900,2025-06-19 09:00:00,3,,40.0,0.0,0,1,1,0,0,0,3.5,weather_forecast,1,0,,,,,,,,,47.5,water_level_rainfall,1,0,0.0,0,0,0,0,41.0,early_warning,general_situation_report,retain,2025-06-19 09:00:00,954,1,1,24.0,2025-06-20 09:00:00,24.0,361.0,95.0,0.0,0.0,True,6.113682179832232,4.820281565605037,0.0,0.0,24.0,True,548.0,150.0,0.0,0.0,-97.0,-27.0,0.0,-0.19441626167729886,0.0,9,6,170,3,1.2246467991473532e-16,-1.0,0.21547731504673012,-0.976508846196619,5.8916442118257715,0.0,-90.0,-0.22203796800646014,0,-97.0,-0.19441626167729886,Decreasing,0.0,0.0,56,0.0,False,Decrease
situation_20250620_0900_585e3665.pdf,2025-06-20,Strong Wind,2963,,,,,,,,,,95.0,361.0,0.0,0.0,0.0,1.0,89.0,0.0,0.0,0.0,0.0,0.0,True,grand_total,900,2025-06-20 09:00:00,3,,40.0,0.0,0,1,1,0,0,0,3.5,weather_forecast,1,1,0.0,0.0,0.0,7.0,9.6,0.7,0.0,0.0,23.5,water_level_rainfall,1,0,0.0,0,0,0,0,65.0,early_warning,general_situation_report,retain,2025-06-20 09:00:00,955,1,1,24.0,2025-06-21 09:00:00,24.0,4.0,1.0,0.0,0.0,True,5.8916442118257715,4.564348191467836,0.0,0.0,24.0,True,451.0,123.0,0.0,0.0,-90.0,-28.0,0.0,-0.22203796800646014,0.0,9,6,171,4,1.2246467991473532e-16,-1.0,0.19864794288017112,-0.9800709131432666,1.6094379124341003,0.0,-357.0,-4.282206299391671,0,-90.0,-0.22203796800646014,Decreasing,0.0,0.0,56,0.0,False,Decrease
situation_20250621_0900_91b902a6.pdf,2025-06-21,Lightning,2716,,,,,,,,,,1.0,4.0,0.0,1.0,0.0,0.0,1.0,0.0,0.0,0.0,0.0,0.0,True,grand_total,900,2025-06-21 09:00:00,3,,40.0,0.0,0,1,1,0,0,0,3.5,weather_forecast,1,0,,,,,,,,,47.5,water_level_rainfall,1,0,0.0,0,0,0,0,89.0,early_warning,general_situation_report,retain,2025-06-21 09:00:00,956,1,1,24.0,2025-06-22 09:00:00,24.0,0.0,0.0,0.0,0.0,True,1.6094379124341003,0.6931471805599453,0.0,0.0,24.0,True,361.0,95.0,0.0,0.0,-357.0,-94.0,0.0,-4.282206299391671,0.0,9,6,172,5,1.2246467991473532e-16,-1.0,0.18175978759137534,-0.9833429613388902,0.0,0.0,-4.0,-1.6094379124341003,0,-357.0,-4.282206299391671,Decreasing,0.0,0.0,55,0.0,False,Decrease
situation_20250622_0900_547684bc.pdf,2025-06-22,Other,2445,,,,,,,,,,0.0,0.0,0.0,0.0,0.0,0.0,0.0,0.0,0.0,0.0,0.0,0.0,True,grand_total,900,2025-06-22 09:00:00,3,,40.0,0.0,0,1,1,0,0,0,3.5,weather_forecast,1,0,,,,,,,,,71.5,water_level_rainfall,1,0,0.0,0,0,0,0,113.0,early_warning,general_situation_report,retain,2025-06-22 09:00:00,957,1,1,24.0,2025-06-23 09:00:00,24.0,0.0,0.0,0.0,0.0,True,0.0,0.0,0.0,0.0,24.0,True,4.0,1.0,0.0,0.0,-4.0,-1.0,0.0,-1.6094379124341003,0.0,9,6,173,6,1.2246467991473532e-16,-1.0,0.16481784665719793,-0.9863240225317866,0.0,0.0,0.0,0.0,0,-4.0,-1.6094379124341003,Decreasing,0.0,0.0,55,0.0,False,Decrease
situation_20250623_0900_b1de7a0a.pdf,2025-06-23,Other,2418,,,,,,,,,,0.0,0.0,0.0,0.0,0.0,0.0,0.0,0.0,0.0,0.0,0.0,0.0,True,grand_total,900,2025-06-23 09:00:00,3,,40.0,0.0,0,1,1,0,0,0,3.5,weather_forecast,1,0,,,,,,,,,95.5,water_level_rainfall,1,0,0.0,0,0,0,0,137.0,early_warning,general_situation_report,retain,2025-06-23 09:00:00,958,1,1,24.0,2025-06-24 09:00:00,24.0,164.0,47.0,0.0,0.0,True,0.0,0.0,0.0,0.0,24.0,True,0.0,0.0,0.0,0.0,0.0,0.0,0.0,0.0,0.0,9,6,174,0,1.2246467991473532e-16,-1.0,0.14782713347053048,-0.9890132145779883,5.10594547390058,0.0,164.0,5.10594547390058,0,0.0,0.0,Stable,0.0,0.0,55,0.0,False,Stable
situation_20250624_0900_1b5df8eb.pdf,2025-06-24,Strong Wind,2967,,,,,,,,,,47.0,164.0,0.0,0.0,0.0,0.0,40.0,3.0,12.0,0.0,0.0,0.0,True,grand_total,900,2025-06-24 09:00:00,3,,40.0,0.0,0,1,1,0,0,0,3.5,weather_forecast,1,0,,,,,,,,,119.5,water_level_rainfall,1,0,0.0,0,0,0,0,161.0,early_warning,general_situation_report,retain,2025-06-24 09:00:00,959,1,1,24.0,2025-06-25 09:00:00,24.0,183.0,53.0,0.0,0.0,True,5.10594547390058,3.871201010907891,0.0,0.0,24.0,True,0.0,0.0,0.0,0.0,164.0,47.0,0.0,5.10594547390058,0.0,9,6,175,1,1.2246467991473532e-16,-1.0,0.13079267585675922,-0.9914097417023038,5.214935757608986,0.0,19.0,0.10899028370840558,0,164.0,5.10594547390058,Increasing,0.6666666666666666,0.9814814814814815,54,66.66666666666666,False,Normal Increase
situation_20250625_0900_55d27f76.pdf,2025-06-25,Strong Wind,2810,,,,,,,,,,53.0,183.0,0.0,0.0,0.0,0.0,48.0,3.0,12.0,0.0,0.0,0.0,True,grand_total,900,2025-06-25 09:00:00,3,,40.0,0.0,0,1,1,0,0,0,3.5,weather_forecast,1,0,,,,,,,,,143.5,water_level_rainfall,1,0,0.0,0,0,0,0,185.0,early_warning,general_situation_report,retain,2025-06-25 09:00:00,960,1,1,24.0,2025-06-26 09:00:00,24.0,183.0,53.0,0.0,0.0,True,5.214935757608986,3.9889840465642745,0.0,0.0,24.0,True,164.0,47.0,0.0,0.0,19.0,6.0,0.0,0.10899028370840558,0.0,9,6,176,2,1.2246467991473532e-16,-1.0,0.11371951458594969,-0.9935128947338007,5.214935757608986,0.0,0.0,0.0,0,19.0,0.10899028370840558,Increasing,0.2909090909090909,0.23636363636363636,55,23.636363636363637,False,Normal Increase
situation_20250626_0900_86d572ce.pdf,2025-06-26,Strong Wind,2808,,,,,,,,,,53.0,183.0,0.0,0.0,0.0,0.0,48.0,3.0,12.0,0.0,0.0,0.0,True,grand_total,900,2025-06-26 09:00:00,3,50.0,40.0,0.0,1,1,1,0,0,0,3.5,weather_forecast,1,0,,,,,,,,,167.5,water_level_rainfall,1,0,0.0,0,0,0,0,209.0,early_warning,general_situation_report,retain,2025-06-26 09:00:00,961,1,1,24.0,2025-06-27 09:00:00,24.0,183.0,53.0,0.0,0.0,True,5.214935757608986,3.9889840465642745,0.0,0.0,24.0,True,183.0,53.0,0.0,0.0,0.0,0.0,0.0,0.0,0.0,9,6,177,3,1.2246467991473532e-16,-1.0,0.0966127018812031,-0.9953220513156602,5.214935757608986,0.0,0.0,0.0,0,0.0,0.0,Stable,0.0,0.0,56,0.0,False,Stable
situation_20250627_0900_fed99eb6.pdf,2025-06-27,Strong Wind,2803,,,,,,,,,,53.0,183.0,0.0,0.0,0.0,0.0,48.0,3.0,12.0,0.0,0.0,0.0,True,grand_total,900,2025-06-27 09:00:00,3,50.0,40.0,0.0,1,1,1,0,0,0,3.5,weather_forecast,1,0,,,,,,,,,191.5,water_level_rainfall,1,0,0.0,0,0,0,0,233.0,early_warning,general_situation_report,retain,2025-06-27 09:00:00,962,1,1,24.0,2025-06-28 09:00:00,24.0,183.0,53.0,0.0,0.0,True,5.214935757608986,3.9889840465642745,0.0,0.0,24.0,True,183.0,53.0,0.0,0.0,0.0,0.0,0.0,0.0,0.0,9,6,178,4,1.2246467991473532e-16,-1.0,0.07947729992362097,-0.9968366760893436,5.214935757608986,0.0,0.0,0.0,0,0.0,0.0,Stable,0.0,0.0,56,0.0,False,Stable
situation_20250628_0900_8946b702.pdf,2025-06-28,Strong Wind,2803,,,,,,,,,,53.0,183.0,0.0,0.0,0.0,0.0,48.0,3.0,12.0,0.0,0.0,0.0,True,grand_total,900,2025-06-28 09:00:00,3,75.0,40.0,0.0,1,1,1,0,0,0,3.5,weather_forecast,1,0,,,,,,,,,215.5,water_level_rainfall,1,0,0.0,0,0,0,0,257.0,early_warning,general_situation_report,retain,2025-06-28 09:00:00,963,1,1,24.0,2025-06-29 09:00:00,24.0,3.0,1.0,0.0,0.0,True,5.214935757608986,3.9889840465642745,0.0,0.0,24.0,True,183.0,53.0,0.0,0.0,0.0,0.0,0.0,0.0,0.0,9,6,179,5,1.2246467991473532e-16,-1.0,0.062318379354325076,-0.998056320853012,1.3862943611198906,0.0,-180.0,-3.828641396489095,0,0.0,0.0,Stable,0.0,0.0,55,0.0,False,Stable
situation_20250629_0900_a0f4840a.pdf,2025-06-29,Strong Wind,2363,,,,,,,,,,1.0,3.0,0.0,0.0,0.0,0.0,1.0,0.0,0.0,0.0,0.0,0.0,True,grand_total,900,2025-06-29 09:00:00,3,,40.0,0.0,0,1,1,0,0,0,3.5,weather_forecast,1,0,,,,,,,,,239.5,water_level_rainfall,1,0,0.0,0,0,0,0,281.0,early_warning,general_situation_report,retain,2025-06-29 09:00:00,964,1,1,24.0,2025-06-30 09:00:00,24.0,0.0,0.0,0.0,0.0,True,1.3862943611198906,0.6931471805599453,0.0,0.0,24.0,True,183.0,53.0,0.0,0.0,-180.0,-52.0,0.0,-3.828641396489095,0.0,9,6,180,6,1.2246467991473532e-16,-1.0,0.04514101777397193,-0.9989806246941579,0.0,0.0,-3.0,-1.3862943611198906,0,-180.0,-3.828641396489095,Decreasing,0.0,0.0,55,0.0,False,Decrease
situation_20250630_0900_915bb274.pdf,2025-06-30,Other,2349,,,,,,,,,,0.0,0.0,0.0,0.0,0.0,0.0,0.0,0.0,1.0,0.0,0.0,0.0,True,grand_total,900,2025-06-30 09:00:00,2,,,0.0,0,1,0,0,0,0,3.5,weather_forecast,1,0,,,,,,,,,263.5,water_level_rainfall,1,0,0.0,0,0,0,0,305.0,early_warning,general_situation_report,retain,2025-06-30 09:00:00,965,1,1,24.0,2025-07-01 09:00:00,24.0,21.0,5.0,0.0,0.0,True,0.0,0.0,0.0,0.0,24.0,True,3.0,1.0,0.0,0.0,-3.0,-1.0,0.0,-1.3862943611198906,0.0,9,6,181,0,1.2246467991473532e-16,-1.0,0.02795029824021032,-0.999609314096404,3.091042453358316,0.0,21.0,3.091042453358316,0,-3.0,-1.3862943611198906,Decreasing,0.0,0.0,54,0.0,False,Decrease
situation_20250701_0900_e024e8e0.pdf,2025-07-01,Other,2365,,,,,,,,,,5.0,21.0,0.0,0.0,0.0,0.0,0.0,0.0,0.0,0.0,0.0,0.0,True,grand_total,900,2025-07-01 09:00:00,2,,40.0,0.0,0,1,1,0,0,0,3.5,weather_forecast,1,0,,,,,,,,,287.5,water_level_rainfall,1,0,0.0,0,0,0,0,329.0,early_warning,general_situation_report,retain,2025-07-01 09:00:00,966,1,1,24.0,2025-07-02 09:00:00,24.0,0.0,0.0,0.0,0.0,True,3.091042453358316,1.791759469228055,0.0,0.0,24.0,True,0.0,0.0,0.0,0.0,21.0,5.0,0.0,3.091042453358316,0.0,9,7,182,1,-0.4999999999999997,-0.8660254037844388,0.01075130776352193,-0.9999422030204416,0.0,0.0,-21.0,-3.091042453358316,0,21.0,3.091042453358316,Increasing,0.3018867924528302,0.8490566037735849,53,30.18867924528302,False,Normal Increase
situation_20250702_0900_f177156d.pdf,2025-07-02,Other,2319,,,,,,,,,,0.0,0.0,0.0,0.0,0.0,0.0,0.0,0.0,0.0,0.0,0.0,0.0,True,grand_total,900,2025-07-02 09:00:00,3,,40.0,0.0,0,0,1,0,0,0,3.5,weather_forecast,1,0,,,,,,,,,311.5,water_level_rainfall,1,0,0.0,0,0,0,0,353.0,early_warning,general_situation_report,retain,2025-07-02 09:00:00,967,1,1,24.0,2025-07-03 09:00:00,24.0,0.0,0.0,0.0,0.0,True,0.0,0.0,0.0,0.0,24.0,True,21.0,5.0,0.0,0.0,-21.0,-5.0,0.0,-3.091042453358316,0.0,9,7,183,2,-0.4999999999999997,-0.8660254037844388,-0.00645086419810515,-0.9999791929590823,0.0,0.0,0.0,0.0,0,-21.0,-3.091042453358316,Decreasing,0.0,0.0,53,0.0,False,Decrease
situation_20250703_0900_a9c91df6.pdf,2025-07-03,Other,2421,,,,,,,,,,0.0,0.0,0.0,0.0,0.0,0.0,0.0,0.0,0.0,0.0,0.0,0.0,True,grand_total,900,2025-07-03 09:00:00,3,,40.0,0.0,0,1,1,0,0,0,3.5,weather_forecast,1,0,,,,,,,,,335.5,water_level_rainfall,1,0,0.0,0,0,0,0,377.0,early_warning,general_situation_report,retain,2025-07-03 09:00:00,968,1,1,24.0,2025-07-04 09:00:00,24.0,1.0,1.0,0.0,0.0,True,0.0,0.0,0.0,0.0,24.0,True,0.0,0.0,0.0,0.0,0.0,0.0,0.0,0.0,0.0,9,7,184,3,-0.4999999999999997,-0.8660254037844388,-0.023651127245231586,-0.9997202729664083,0.6931471805599453,0.0,1.0,0.6931471805599453,0,0.0,0.0,Stable,0.0,0.0,52,0.0,False,Stable
situation_20250704_0900_1c52cfc8.pdf,2025-07-04,Other,2492,,,,,,,,,,1.0,1.0,1.0,0.0,0.0,0.0,0.0,0.0,0.0,0.0,0.0,0.0,True,grand_total,900,2025-07-04 09:00:00,3,,40.0,0.0,0,1,1,0,0,0,3.5,weather_forecast,1,0,,,,,,,,,359.5,water_level_rainfall,1,0,0.0,0,0,0,0,401.0,early_warning,general_situation_report,retain,2025-07-04 09:00:00,969,1,1,24.0,2025-07-05 09:00:00,24.0,0.0,0.0,0.0,0.0,True,0.6931471805599453,0.6931471805599453,0.0,0.0,24.0,True,0.0,0.0,0.0,0.0,1.0,1.0,0.0,0.6931471805599453,0.0,9,7,185,4,-0.4999999999999997,-0.8660254037844388,-0.04084439154329611,-0.9991655196610109,0.0,0.0,-1.0,-0.6931471805599453,0,1.0,0.6931471805599453,Increasing,0.0,0.5384615384615384,52,0.0,False,Normal Increase
situation_20250705_0900_ef4a13ec.pdf,2025-07-05,Other,2435,,,,,,,,,,0.0,0.0,0.0,0.0,0.0,0.0,0.0,0.0,0.0,0.0,0.0,0.0,True,grand_total,900,2025-07-05 09:00:00,3,,40.0,0.0,0,1,1,0,0,0,3.5,weather_forecast,1,0,,,,,,,,,383.5,water_level_rainfall,1,0,0.0,0,0,0,0,425.0,early_warning,general_situation_report,retain,2025-07-05 09:00:00,970,1,1,24.0,2025-07-06 09:00:00,24.0,0.0,0.0,0.0,0.0,True,0.0,0.0,0.0,0.0,24.0,True,1.0,1.0,0.0,0.0,-1.0,-1.0,0.0,-0.6931471805599453,0.0,9,7,186,5,-0.4999999999999997,-0.8660254037844388,-0.05802556932878035,-0.9983150972033183,0.0,0.0,0.0,0.0,0,-1.0,-0.6931471805599453,Decreasing,0.0,0.0,52,0.0,False,Decrease
situation_20250706_0900_49938b0c.pdf,2025-07-06,Other,2437,,,,,,,,,,0.0,0.0,0.0,0.0,0.0,0.0,0.0,0.0,0.0,0.0,0.0,0.0,True,grand_total,900,2025-07-06 09:00:00,4,,75.0,0.0,0,1,1,0,0,0,2.0,weather_forecast,1,0,,,,,,,,,407.5,water_level_rainfall,1,0,0.0,0,0,0,0,449.0,early_warning,general_situation_report,retain,2025-07-06 09:00:00,971,1,1,24.0,2025-07-07 09:00:00,24.0,0.0,0.0,0.0,0.0,True,0.0,0.0,0.0,0.0,24.0,True,0.0,0.0,0.0,0.0,0.0,0.0,0.0,0.0,0.0,9,7,187,6,-0.4999999999999997,-0.8660254037844388,-0.07518957641475855,-0.9971692572470178,0.0,0.0,0.0,0.0,0,0.0,0.0,Stable,0.0,0.0,51,0.0,False,Stable
situation_20250707_0900_d070f4b3.pdf,2025-07-07,Other,2318,,,,,,,,,,0.0,0.0,0.0,0.0,0.0,0.0,0.0,0.0,0.0,0.0,0.0,0.0,True,grand_total,900,2025-07-07 09:00:00,4,,70.0,0.0,0,1,1,0,0,0,2.0,weather_forecast,1,0,,,,,,,,,431.5,water_level_rainfall,1,0,0.0,0,0,0,0,473.0,early_warning,general_situation_report,retain,2025-07-07 09:00:00,972,1,1,24.0,2025-07-08 09:00:00,24.0,4.0,1.0,0.0,0.0,True,0.0,0.0,0.0,0.0,24.0,True,0.0,0.0,0.0,0.0,0.0,0.0,0.0,0.0,0.0,9,7,188,0,-0.4999999999999997,-0.8660254037844388,-0.09233133369539122,-0.9957283388645872,1.6094379124341003,0.0,4.0,1.6094379124341003,0,0.0,0.0,Stable,0.0,0.0,51,0.0,False,Stable
situation_20250708_0900_58b29fd7.pdf,2025-07-08,Strong Wind,2460,,,,,,,,,,1.0,4.0,0.0,0.0,0.0,0.0,1.0,0.0,0.0,0.0,0.0,0.0,True,grand_total,900,2025-07-08 09:00:00,3,,50.0,0.0,0,0,1,0,0,0,3.5,weather_forecast,1,0,,,,,,,,,455.5,water_level_rainfall,1,0,0.0,0,0,0,0,497.0,early_warning,general_situation_report,retain,2025-07-08 09:00:00,973,1,1,24.0,2025-07-09 09:00:00,24.0,3.0,1.0,0.0,0.0,True,1.6094379124341003,0.6931471805599453,0.0,0.0,24.0,True,0.0,0.0,0.0,0.0,4.0,1.0,0.0,1.6094379124341003,0.0,9,7,189,1,-0.4999999999999997,-0.8660254037844388,-0.10944576864891556,-0.993992768446958,1.3862943611198906,0.0,-1.0,-0.2231435513142097,0,4.0,1.6094379124341003,Increasing,0.06,0.72,50,6.0,False,Normal Increase
situation_20250709_0900_2db3b7a6.pdf,2025-07-09,Strong Wind,2345,,,,,,,,,,1.0,3.0,0.0,0.0,0.0,0.0,1.0,0.0,0.0,0.0,0.0,0.0,True,grand_total,900,2025-07-09 09:00:00,3,,40.0,0.0,0,0,1,0,0,0,3.5,weather_forecast,1,0,,,,,,,,,479.5,water_level_rainfall,1,0,0.0,0,0,0,0,521.0,early_warning,general_situation_report,retain,2025-07-09 09:00:00,974,1,1,24.0,2025-07-10 09:00:00,24.0,0.0,0.0,0.0,0.0,True,1.3862943611198906,0.6931471805599453,0.0,0.0,24.0,True,4.0,1.0,0.0,0.0,-1.0,0.0,0.0,-0.2231435513142097,0.0,9,7,190,2,-0.4999999999999997,-0.8660254037844388,-0.12652781683868314,-0.9919630595773397,0.0,0.0,-3.0,-1.3862943611198906,0,-1.0,-0.2231435513142097,Decreasing,0.0,0.0,50,0.0,False,Decrease
situation_20250710_0900_db9056fb.pdf,2025-07-10,Other,2444,,,,,,,,,,0.0,0.0,0.0,0.0,0.0,0.0,0.0,0.0,0.0,0.0,0.0,0.0,True,grand_total,900,2025-07-10 09:00:00,3,,40.0,0.0,0,1,1,0,0,0,3.5,weather_forecast,1,0,,,,,,,,,503.5,water_level_rainfall,1,0,0.0,0,0,0,0,545.0,early_warning,general_situation_report,retain,2025-07-10 09:00:00,975,1,1,24.0,2025-07-12 09:00:00,48.0,8.0,2.0,0.0,0.0,True,0.0,0.0,0.0,0.0,24.0,True,3.0,1.0,0.0,0.0,-3.0,-1.0,0.0,-1.3862943611198906,0.0,9,7,191,3,-0.4999999999999997,-0.8660254037844388,-0.1435724234118113,-0.9896398128792412,2.1972245773362196,0.0,8.0,2.1972245773362196,0,-3.0,-1.3862943611198906,Decreasing,0.0,0.0,49,0.0,False,Decrease
situation_20250712_0900_85e9db1f.pdf,2025-07-12,Other,2404,,,,,,,,,,2.0,8.0,0.0,0.0,0.0,0.0,2.0,0.0,0.0,0.0,0.0,0.0,True,grand_total,900,2025-07-12 09:00:00,3,,40.0,0.0,0,1,1,0,0,0,3.5,weather_forecast,1,0,,,,,,,,,551.5,water_level_rainfall,1,0,0.0,0,0,0,0,593.0,early_warning,general_situation_report,retain,2025-07-12 09:00:00,976,1,1,48.0,2025-07-13 09:00:00,24.0,0.0,0.0,0.0,0.0,True,2.1972245773362196,1.0986122886681098,0.0,0.0,48.0,True,0.0,0.0,0.0,0.0,8.0,2.0,0.0,2.1972245773362196,0.0,9,7,193,5,-0.4999999999999997,-0.8660254037844388,-0.17752914918703497,-0.984115542601034,0.0,0.0,-8.0,-2.1972245773362196,0,8.0,2.1972245773362196,Increasing,0.125,0.7708333333333334,48,12.5,False,Normal Increase
situation_20250713_0900_e165c2be.pdf,2025-07-13,Other,2451,,,,,,,,,,0.0,0.0,0.0,0.0,0.0,0.0,0.0,0.0,0.0,0.0,0.0,0.0,True,grand_total,900,2025-07-13 09:00:00,3,,50.0,0.0,0,1,1,0,0,0,3.5,weather_forecast,1,0,,,,,,,,,575.5,water_level_rainfall,1,0,0.0,0,0,0,0,617.0,early_warning,general_situation_report,retain,2025-07-13 09:00:00,977,1,1,24.0,2025-07-14 09:00:00,24.0,7.0,1.0,0.0,0.0,True,0.0,0.0,0.0,0.0,24.0,True,8.0,2.0,0.0,0.0,-8.0,-2.0,0.0,-2.1972245773362196,0.0,9,7,194,6,-0.4999999999999997,-0.8660254037844388,-0.19443122004766195,-0.9809161537413774,2.0794415416798357,0.0,7.0,2.0794415416798357,0,-8.0,-2.1972245773362196,Decreasing,0.0,0.0,48,0.0,False,Decrease
situation_20250714_0900_547c4942.pdf,2025-07-14,Other,2338,,,,,,,,,,1.0,7.0,0.0,0.0,0.0,0.0,1.0,0.0,0.0,0.0,0.0,0.0,True,grand_total,900,2025-07-14 09:00:00,3,,50.0,0.0,0,1,1,0,0,0,3.5,weather_forecast,1,0,,,,,,,,,599.5,water_level_rainfall,1,0,0.0,0,0,0,0,641.0,early_warning,general_situation_report,retain,2025-07-14 09:00:00,978,1,1,24.0,2025-07-15 09:00:00,24.0,0.0,0.0,0.0,0.0,True,2.0794415416798357,0.6931471805599453,0.0,0.0,24.0,True,0.0,0.0,0.0,0.0,7.0,1.0,0.0,2.0794415416798357,0.0,9,7,195,0,-0.4999999999999997,-0.8660254037844388,-0.2112757555821793,-0.9774264960104055,0.0,0.0,-7.0,-2.0794415416798357,0,7.0,2.0794415416798357,Increasing,0.1276595744680851,0.7446808510638298,47,12.76595744680851,False,Normal Increase
situation_20250715_0900_18e8a66e.pdf,2025-07-15,Other,2334,,,,,,,,,,0.0,0.0,0.0,0.0,0.0,0.0,0.0,0.0,0.0,0.0,0.0,0.0,True,grand_total,900,2025-07-15 09:00:00,3,,50.0,0.0,0,1,1,0,0,0,3.5,weather_forecast,1,0,,,,,,,,,623.5,water_level_rainfall,1,0,0.0,0,0,0,0,665.0,early_warning,general_situation_report,retain,2025-07-15 09:00:00,979,1,1,24.0,2025-07-16 09:00:00,24.0,0.0,0.0,0.0,0.0,True,0.0,0.0,0.0,0.0,24.0,True,7.0,1.0,0.0,0.0,-7.0,-1.0,0.0,-2.0794415416798357,0.0,9,7,196,1,-0.4999999999999997,-0.8660254037844388,-0.2280577712215198,-0.9736476020539838,0.0,0.0,0.0,0.0,0,-7.0,-2.0794415416798357,Decreasing,0.0,0.0,48,0.0,False,Decrease
situation_20250716_0900_bd118d31.pdf,2025-07-16,Other,2448,,,,,,,,,,0.0,0.0,0.0,0.0,0.0,0.0,0.0,0.0,0.0,0.0,0.0,0.0,True,grand_total,900,2025-07-16 09:00:00,3,,50.0,0.0,0,1,1,0,0,0,3.5,weather_forecast,1,0,,,,,,,,,647.5,water_level_rainfall,1,0,0.0,0,0,0,0,689.0,early_warning,general_situation_report,retain,2025-07-16 09:00:00,980,1,1,24.0,2025-07-17 09:00:00,24.0,0.0,0.0,0.0,0.0,True,0.0,0.0,0.0,0.0,24.0,True,0.0,0.0,0.0,0.0,0.0,0.0,0.0,0.0,0.0,9,7,197,2,-0.4999999999999997,-0.8660254037844388,-0.24477230089725957,-0.9695805901076308,0.0,0.0,0.0,0.0,0,0.0,0.0,Stable,0.0,0.0,48,0.0,False,Stable
situation_20250717_0900_ff20ef1a.pdf,2025-07-17,Other,2454,,,,,,,,,,0.0,0.0,0.0,0.0,0.0,0.0,0.0,0.0,0.0,0.0,0.0,0.0,True,grand_total,900,2025-07-17 09:00:00,5,,50.0,2.0,0,1,1,0,0,0,3.5,weather_forecast,1,0,,,,,,,,,671.5,water_level_rainfall,1,0,0.0,0,0,0,0,713.0,early_warning,general_situation_report,retain,2025-07-17 09:00:00,981,1,1,24.0,2025-07-18 09:00:00,24.0,0.0,0.0,0.0,0.0,True,0.0,0.0,0.0,0.0,24.0,True,0.0,0.0,0.0,0.0,0.0,0.0,0.0,0.0,0.0,9,7,198,3,-0.4999999999999997,-0.8660254037844388,-0.2614143985111562,-0.965226663665613,0.0,0.0,0.0,0.0,0,0.0,0.0,Stable,0.0,0.0,48,0.0,False,Stable
situation_20250718_0900_093ab659.pdf,2025-07-18,Other,2334,,,,,,,,,,0.0,0.0,0.0,0.0,0.0,0.0,0.0,0.0,0.0,0.0,0.0,0.0,True,grand_total,900,2025-07-18 09:00:00,3,50.0,50.0,0.0,1,1,1,0,0,0,3.5,weather_forecast,1,0,,,,,,,,,695.5,water_level_rainfall,1,0,0.0,0,0,0,0,737.0,early_warning,general_situation_report,retain,2025-07-18 09:00:00,982,1,1,24.0,2025-07-19 09:00:00,24.0,0.0,0.0,0.0,0.0,True,0.0,0.0,0.0,0.0,24.0,True,0.0,0.0,0.0,0.0,0.0,0.0,0.0,0.0,0.0,9,7,199,4,-0.4999999999999997,-0.8660254037844388,-0.2779791393987801,-0.9605871111248129,0.0,0.0,0.0,0.0,0,0.0,0.0,Stable,0.0,0.0,48,0.0,False,Stable
situation_20250719_0900_a9f99c26.pdf,2025-07-19,Other,2351,,,,,,,,,,0.0,0.0,0.0,0.0,0.0,0.0,0.0,0.0,0.0,0.0,0.0,0.0,True,grand_total,900,2025-07-19 09:00:00,4,75.0,60.0,2.0,1,0,1,0,0,0,3.5,weather_forecast,1,0,,,,,,,,,719.5,water_level_rainfall,1,0,0.0,0,0,0,0,761.0,early_warning,general_situation_report,retain,2025-07-19 09:00:00,983,1,1,24.0,2025-07-20 09:00:00,24.0,24.0,6.0,0.0,0.0,True,0.0,0.0,0.0,0.0,24.0,True,0.0,0.0,0.0,0.0,0.0,0.0,0.0,0.0,0.0,9,7,200,5,-0.4999999999999997,-0.8660254037844388,-0.2944616217868012,-0.9556633054034704,3.2188758248682006,0.0,24.0,3.2188758248682006,0,0.0,0.0,Stable,0.0,0.0,48,0.0,False,Stable
situation_20250720_0900_e0738705.pdf,2025-07-20,Other,2904,,,,,,,,,,6.0,24.0,1.0,0.0,1.0,0.0,5.0,0.0,0.0,0.0,0.0,0.0,True,grand_total,900,2025-07-20 09:00:00,4,75.0,60.0,2.0,1,0,1,0,0,0,3.5,weather_forecast,1,0,,,,,,,,,743.5,water_level_rainfall,1,0,0.0,0,0,0,0,785.0,early_warning,general_situation_report,retain,2025-07-20 09:00:00,984,1,1,24.0,2025-07-21 10:00:00,25.0,33.0,9.0,0.0,0.0,True,3.2188758248682006,1.9459101490553132,0.0,0.0,24.0,True,0.0,0.0,0.0,0.0,24.0,6.0,0.0,3.2188758248682006,0.0,9,7,201,6,-0.4999999999999997,-0.8660254037844388,-0.3108569682435036,-0.9504567035349151,3.5263605246161616,0.0,9.0,0.307484699747961,0,24.0,3.2188758248682006,Increasing,0.425531914893617,0.8723404255319149,47,42.5531914893617,False,Normal Increase
situation_20250721_1000_c87cf419.pdf,2025-07-21,Strong Wind,2722,,,,,,,,,,9.0,33.0,1.0,0.0,0.0,1.0,8.0,0.0,0.0,0.0,0.0,0.0,True,grand_total,1000,2025-07-21 10:00:00,4,75.0,60.0,2.0,1,0,1,0,0,0,4.5,weather_forecast,1,0,,,,,,,,,768.5,water_level_rainfall,1,0,0.0,0,0,0,0,810.0,early_warning,general_situation_report,retain,2025-07-21 10:00:00,985,1,1,25.0,2025-07-22 09:30:00,23.5,61.0,18.0,0.0,0.0,True,3.5263605246161616,2.302585092994046,0.0,0.0,25.0,True,24.0,6.0,0.0,0.0,9.0,3.0,0.0,0.307484699747961,0.0,10,7,202,0,-0.4999999999999997,-0.8660254037844388,-0.3271603271220951,-0.9449688462364056,4.127134385045092,0.0,28.0,0.6007738604289301,0,9.0,0.307484699747961,Increasing,0.1702127659574468,0.2978723404255319,47,17.02127659574468,False,Normal Increase
situation_20250722_0930_7b3eaa1f.pdf,2025-07-22,Strong Wind,2808,,,,,,,,,,18.0,61.0,0.0,0.0,0.0,1.0,17.0,0.0,0.0,0.0,0.0,0.0,True,grand_total,930,2025-07-22 09:30:00,5,75.0,60.0,2.0,1,0,1,0,0,0,2.5,weather_forecast,1,0,,,,,,,,,792.0,water_level_rainfall,1,0,0.0,0,0,0,0,833.5,early_warning,general_situation_report,retain,2025-07-22 09:30:00,986,1,1,23.5,2025-07-23 09:00:00,23.5,4.0,1.0,0.0,0.0,True,4.127134385045092,2.9444389791664403,0.0,0.0,23.5,True,33.0,9.0,0.0,0.0,28.0,9.0,0.0,0.6007738604289301,0.0,9,7,203,1,-0.4999999999999997,-0.8660254037844388,-0.34336687399638804,-0.939201357453208,1.6094379124341003,0.0,-57.0,-2.517696472610991,0,28.0,0.6007738604289301,Increasing,0.4791666666666667,0.3958333333333333,48,39.58333333333333,False,Normal Increase
situation_20250723_0900_f96d5adf.pdf,2025-07-23,Strong Wind,2366,,,,,,,,,,1.0,4.0,0.0,0.0,0.0,0.0,1.0,0.0,0.0,0.0,0.0,0.0,True,grand_total,900,2025-07-23 09:00:00,4,75.0,60.0,2.0,1,0,1,0,0,0,3.5,weather_forecast,1,0,,,,,,,,,815.5,water_level_rainfall,1,0,0.0,0,0,0,0,857.0,early_warning,general_situation_report,retain,2025-07-23 09:00:00,987,1,1,23.5,2025-07-24 09:00:00,24.0,7.0,2.0,0.0,0.0,True,1.6094379124341003,0.6931471805599453,0.0,0.0,23.5,True,61.0,18.0,0.0,0.0,-57.0,-17.0,0.0,-2.517696472610991,0.0,9,7,204,2,-0.4999999999999997,-0.8660254037844388,-0.3594718130884232,-0.9331559438780432,2.0794415416798357,0.0,3.0,0.47000362924573547,0,-57.0,-2.517696472610991,Decreasing,0.0,0.0,48,0.0,False,Decrease
situation_20250724_0900_0c822c93.pdf,2025-07-24,Strong Wind,2736,,,,,,,,,,2.0,7.0,1.0,0.0,0.0,0.0,3.0,0.0,0.0,0.0,0.0,0.0,True,grand_total,900,2025-07-24 09:00:00,4,,60.0,2.0,0,0,1,0,0,0,3.5,weather_forecast,1,0,,,,,,,,,839.5,water_level_rainfall,1,0,0.0,0,0,0,0,881.0,early_warning,general_situation_report,retain,2025-07-24 09:00:00,988,1,1,24.0,2025-07-25 09:00:00,24.0,1.0,1.0,0.0,0.0,True,2.0794415416798357,1.0986122886681098,0.0,0.0,24.0,True,4.0,1.0,0.0,0.0,3.0,1.0,0.0,0.47000362924573547,0.0,9,7,205,3,-0.4999999999999997,-0.8660254037844388,-0.3754703786876202,-0.9268343944460494,0.6931471805599453,0.0,-6.0,-1.3862943611198904,0,3.0,0.47000362924573547,Increasing,0.0425531914893617,0.2978723404255319,47,4.25531914893617,False,Normal Increase
situation_20250725_0900_0af8b756.pdf,2025-07-25,Strong Wind,2628,,,,,,,,,,1.0,1.0,0.0,0.0,0.0,0.0,2.0,0.0,0.0,0.0,0.0,0.0,True,grand_total,900,2025-07-25 09:00:00,5,,60.0,2.0,0,0,1,0,0,0,2.0,weather_forecast,1,0,,,,,,,,,863.5,water_level_rainfall,1,0,0.0,0,0,0,0,905.0,early_warning,general_situation_report,retain,2025-07-25 09:00:00,989,1,1,24.0,2025-07-26 09:00:00,24.0,68.0,18.0,0.0,0.0,True,0.6931471805599453,0.6931471805599453,0.0,0.0,24.0,True,7.0,2.0,0.0,0.0,-6.0,-1.0,0.0,-1.3862943611198904,0.0,9,7,206,4,-0.4999999999999997,-0.8660254037844388,-0.3913578365610259,-0.9202385798054075,4.23410650459726,0.0,67.0,3.5409593240373143,0,-6.0,-1.3862943611198904,Decreasing,0.0,0.0,47,0.0,False,Decrease
situation_20250726_0900_c3f18578.pdf,2025-07-26,Strong Wind,3054,,,,,,,,,,18.0,68.0,0.0,0.0,1.0,0.0,17.0,0.0,3.0,0.0,0.0,0.0,True,grand_total,900,2025-07-26 09:00:00,4,,60.0,2.0,0,0,1,0,0,0,3.5,weather_forecast,1,0,,,,,,,,,887.5,water_level_rainfall,1,0,0.0,0,0,0,0,929.0,early_warning,general_situation_report,retain,2025-07-26 09:00:00,990,1,1,24.0,2025-07-27 09:00:00,24.0,37.0,11.0,0.0,0.0,True,4.23410650459726,2.9444389791664403,0.0,0.0,24.0,True,1.0,1.0,0.0,0.0,67.0,17.0,0.0,3.5409593240373143,0.0,9,7,207,5,-0.4999999999999997,-0.8660254037844388,-0.4071294853542516,-0.9133704517637858,3.6375861597263857,0.0,-31.0,-0.596520344870874,0,67.0,3.5409593240373143,Increasing,0.5957446808510638,0.8936170212765957,47,59.57446808510638,False,Normal Increase
situation_20250727_0900_40ee6f27.pdf,2025-07-27,Strong Wind,2824,,,,,,,,,,11.0,37.0,0.0,0.0,1.0,0.0,10.0,0.0,0.0,0.0,0.0,0.0,True,grand_total,900,2025-07-27 09:00:00,4,,55.0,2.0,0,0,1,0,0,0,3.5,weather_forecast,1,0,,,,,,,,,911.5,water_level_rainfall,1,0,0.0,0,0,0,0,953.0,early_warning,general_situation_report,retain,2025-07-27 09:00:00,991,1,1,24.0,2025-07-29 09:00:00,48.0,6.0,2.0,0.0,0.0,True,3.6375861597263857,2.4849066497880004,0.0,0.0,24.0,True,68.0,18.0,0.0,0.0,-31.0,-7.0,0.0,-0.596520344870874,0.0,9,7,208,6,-0.4999999999999997,-0.8660254037844388,-0.4227806579826773,-0.9062320427107697,1.9459101490553132,0.0,-31.0,-1.6916760106710724,0,-31.0,-0.596520344870874,Decreasing,0.0,0.0,48,0.0,False,Decrease
situation_20250729_0900_fece3b03.pdf,2025-07-29,Strong Wind,2834,,,,,,,,,,2.0,6.0,1.0,0.0,1.0,0.0,1.0,0.0,0.0,0.0,0.0,0.0,True,grand_total,900,2025-07-29 09:00:00,3,,40.0,0.0,0,1,1,0,0,0,3.5,weather_forecast,1,0,,,,,,,,,959.5,water_level_rainfall,1,0,0.0,0,0,0,0,1001.0,early_warning,general_situation_report,retain,2025-07-29 09:00:00,992,1,1,48.0,2025-07-30 09:00:00,24.0,10.0,4.0,0.0,0.0,True,1.9459101490553132,1.0986122886681098,0.0,0.0,48.0,True,37.0,11.0,0.0,0.0,-31.0,-9.0,0.0,-1.6916760106710724,0.0,9,7,210,1,-0.4999999999999997,-0.8660254037844388,-0.45370308603134424,-0.8911529104063088,2.3978952727983707,0.0,4.0,0.45198512374305744,0,-31.0,-1.6916760106710724,Decreasing,0.0,0.0,48,0.0,False,Decrease
situation_20250730_0900_a82c824e.pdf,2025-07-30,Strong Wind,2977,,,,,,,,,,4.0,10.0,3.0,0.0,1.0,0.0,3.0,0.0,0.0,0.0,0.0,0.0,True,grand_total,900,2025-07-30 09:00:00,3,,40.0,0.0,0,1,1,0,0,0,3.5,weather_forecast,1,0,,,,,,,,,983.5,water_level_rainfall,1,0,0.0,0,0,0,0,1025.0,early_warning,general_situation_report,retain,2025-07-30 09:00:00,993,1,1,24.0,2025-07-31 09:00:00,24.0,5.0,1.0,0.0,0.0,True,2.3978952727983707,1.6094379124341003,0.0,0.0,24.0,True,6.0,2.0,0.0,0.0,4.0,2.0,0.0,0.45198512374305744,0.0,9,7,211,2,-0.4999999999999997,-0.8660254037844388,-0.46896519100763184,-0.8832166493127127,1.791759469228055,0.0,-5.0,-0.6061358035703157,0,4.0,0.45198512374305744,Increasing,0.10416666666666667,0.2916666666666667,48,10.416666666666668,False,Normal Increase
situation_20250731_0900_6c4ad1de.pdf,2025-07-31,Strong Wind,2872,,,,,,,,,,1.0,5.0,3.0,0.0,1.0,0.0,0.0,0.0,0.0,0.0,0.0,0.0,True,grand_total,900,2025-07-31 09:00:00,2,,40.0,0.0,0,1,1,0,0,0,3.5,weather_forecast,1,0,,,,,,,,,1007.5,water_level_rainfall,1,0,0.0,0,0,0,0,1049.0,early_warning,general_situation_report,retain,2025-07-31 09:00:00,994,1,1,24.0,2025-08-01 09:00:00,24.0,4.0,1.0,0.0,0.0,True,1.791759469228055,0.6931471805599453,0.0,0.0,24.0,True,10.0,4.0,0.0,0.0,-5.0,-3.0,0.0,-0.6061358035703157,0.0,9,7,212,3,-0.4999999999999997,-0.8660254037844388,-0.48408852163897587,-0.8750190302029955,1.6094379124341003,0.0,-1.0,-0.18232155679395468,0,-5.0,-0.6061358035703157,Decreasing,0.0,0.0,48,0.0,False,Decrease
situation_20250801_0900_017b82f4.pdf,2025-08-01,Other,2438,,,,,,,,,,1.0,4.0,0.0,0.0,0.0,0.0,1.0,0.0,0.0,0.0,0.0,0.0,True,grand_total,900,2025-08-01 09:00:00,3,75.0,,0.0,1,1,0,0,0,0,3.5,weather_forecast,1,0,,,,,,,,,1031.5,water_level_rainfall,1,0,0.0,0,0,0,0,1073.0,early_warning,general_situation_report,retain,2025-08-01 09:00:00,995,1,1,24.0,2025-08-02 09:00:00,24.0,68.0,17.0,0.0,0.0,True,1.6094379124341003,0.6931471805599453,0.0,0.0,24.0,True,5.0,1.0,0.0,0.0,-1.0,0.0,0.0,-0.18232155679395468,0.0,9,8,213,4,-0.8660254037844385,-0.5000000000000004,-0.4990686026885319,-0.8665624788845385,4.23410650459726,0.0,64.0,2.624668592163159,0,-1.0,-0.18232155679395468,Decreasing,0.0,0.0,47,0.0,False,Decrease
situation_20250802_0900_10097a55.pdf,2025-08-02,Strong Wind,2657,,,,,,,,,,17.0,68.0,0.0,0.0,0.0,0.0,17.0,0.0,0.0,0.0,0.0,0.0,True,grand_total,900,2025-08-02 09:00:00,4,75.0,,2.0,1,1,0,0,0,0,3.5,weather_forecast,1,0,,,,,,,,,1055.5,water_level_rainfall,1,0,0.0,0,0,0,0,1097.0,early_warning,general_situation_report,retain,2025-08-02 09:00:00,996,1,1,24.0,2025-08-03 09:00:00,24.0,1.0,1.0,0.0,0.0,True,4.23410650459726,2.8903717578961645,0.0,0.0,24.0,True,4.0,1.0,0.0,0.0,64.0,16.0,0.0,2.624668592163159,0.0,9,8,214,5,-0.8660254037844385,-0.5000000000000004,-0.5139010013093103,-0.8578494977869301,0.6931471805599453,0.0,-67.0,-3.5409593240373143,0,64.0,2.624668592163159,Increasing,0.6170212765957447,0.7872340425531915,47,61.702127659574465,False,Normal Increase
situation_20250803_0900_148208d3.pdf,2025-08-03,Other,2389,,,,,,,,,,1.0,1.0,0.0,0.0,0.0,0.0,1.0,0.0,0.0,0.0,0.0,0.0,True,grand_total,900,2025-08-03 09:00:00,4,75.0,,2.0,1,1,0,0,0,0,3.5,weather_forecast,1,0,,,,,,,,,1079.5,water_level_rainfall,1,0,0.0,0,0,0,0,1121.0,early_warning,general_situation_report,retain,2025-08-03 09:00:00,997,1,1,24.0,2025-08-04 09:00:00,24.0,4.0,2.0,0.0,0.0,True,0.6931471805599453,0.6931471805599453,0.0,0.0,24.0,True,68.0,17.0,0.0,0.0,-67.0,-16.0,0.0,-3.5409593240373143,0.0,9,8,215,6,-0.8660254037844385,-0.5000000000000004,-0.5285813283559292,-0.8488826652214553,1.6094379124341003,0.0,3.0,0.916290731874155,0,-67.0,-3.5409593240373143,Decreasing,0.0,0.0,48,0.0,False,Decrease
situation_20250804_0900_4eef95a3.pdf,2025-08-04,Other,2396,,,,,,,,,,2.0,4.0,1.0,1.0,0.0,0.0,1.0,0.0,0.0,0.0,0.0,0.0,True,grand_total,900,2025-08-04 09:00:00,3,75.0,,0.0,1,1,0,0,0,0,3.5,weather_forecast,1,1,1.0,0.0,0.0,10.0,78.2,1.0666666666666669,0.0,0.0,23.5,water_level_rainfall,1,0,0.0,0,0,0,0,1145.0,early_warning,general_situation_report,retain,2025-08-04 09:00:00,998,1,1,24.0,2025-08-05 09:00:00,24.0,8.0,2.0,0.0,0.0,True,1.6094379124341003,1.0986122886681098,0.0,0.0,24.0,True,1.0,1.0,0.0,0.0,3.0,1.0,0.0,0.916290731874155,0.0,9,8,216,0,-0.8660254037844385,-0.5000000000000004,-0.5431052396834317,-0.8396646346181327,2.1972245773362196,0.0,4.0,0.5877866649021193,0,3.0,0.916290731874155,Increasing,0.06382978723404255,0.5531914893617021,47,6.382978723404255,False,Normal Increase
situation_20250805_0900_ccf33b0b.pdf,2025-08-05,Strong Wind,2667,,,,,,,,,,2.0,8.0,0.0,0.0,0.0,0.0,3.0,0.0,0.0,0.0,0.0,0.0,True,grand_total,900,2025-08-05 09:00:00,4,50.0,,2.0,1,1,0,0,0,0,3.5,weather_forecast,1,0,,,,,,,,,47.5,water_level_rainfall,1,0,0.0,0,0,0,0,1169.0,early_warning,general_situation_report,retain,2025-08-05 09:00:00,999,1,1,24.0,2025-08-06 09:00:00,24.0,8.0,2.0,0.0,0.0,True,2.1972245773362196,1.0986122886681098,0.0,0.0,24.0,True,4.0,2.0,0.0,0.0,4.0,0.0,0.0,0.5877866649021193,0.0,9,8,217,1,-0.8660254037844385,-0.5000000000000004,-0.5574684374327892,-0.8301981337405212,2.1972245773362196,0.0,0.0,0.0,0,4.0,0.5877866649021193,Increasing,0.14583333333333334,0.375,48,14.583333333333334,False,Normal Increase
situation_20250806_0900_da5ed227.pdf,2025-08-06,Strong Wind,2670,,,,,,,,,,2.0,8.0,0.0,0.0,0.0,0.0,3.0,0.0,0.0,0.0,0.0,0.0,True,grand_total,900,2025-08-06 09:00:00,3,,,0.0,0,1,0,0,0,0,3.5,weather_forecast,1,0,,,,,,,,,71.5,water_level_rainfall,1,0,0.0,0,0,0,0,1193.0,early_warning,general_situation_report,retain,2025-08-06 09:00:00,1000,1,1,24.0,2025-08-07 09:00:00,24.0,144.0,47.0,0.0,0.0,True,2.1972245773362196,1.0986122886681098,0.0,0.0,24.0,True,8.0,2.0,0.0,0.0,0.0,0.0,0.0,0.0,0.0,9,8,218,2,-0.8660254037844385,-0.5000000000000004,-0.5716666713027052,-0.8204859638785327,4.976733742420574,0.0,136.0,2.7795091650843546,0,0.0,0.0,Stable,0.0,0.0,49,0.0,False,Stable
situation_20250807_0900_ad35cca7.pdf,2025-08-07,Strong Wind,2590,,,,,,,,,,47.0,144.0,0.0,0.0,0.0,0.0,48.0,0.0,0.0,0.0,0.0,0.0,True,grand_total,900,2025-08-07 09:00:00,3,,,0.0,0,1,0,0,0,0,3.5,weather_forecast,1,0,,,,,,,,,95.5,water_level_rainfall,1,0,0.0,0,0,0,0,1217.0,early_warning,general_situation_report,retain,2025-08-07 09:00:00,1001,1,1,24.0,2025-08-08 09:00:00,24.0,2.0,1.0,0.0,0.0,True,4.976733742420574,3.871201010907891,0.0,0.0,24.0,True,8.0,2.0,0.0,0.0,136.0,45.0,0.0,2.7795091650843546,0.0,9,8,219,3,-0.8660254037844385,-0.5000000000000004,-0.5856957398073508,-0.8105309990194823,1.0986122886681098,0.0,-142.0,-3.878121453752464,0,136.0,2.7795091650843546,Increasing,0.7142857142857143,0.7959183673469388,49,71.42857142857143,False,Normal Increase
situation_20250808_0900_d63395a5.pdf,2025-08-08,Strong Wind,2468,,,,,,,,,,1.0,2.0,0.0,0.0,0.0,0.0,1.0,0.0,0.0,0.0,0.0,0.0,True,grand_total,900,2025-08-08 09:00:00,3,,,0.0,0,1,0,0,0,0,3.5,weather_forecast,1,0,,,,,,,,,119.5,water_level_rainfall,1,0,0.0,0,0,0,0,1241.0,early_warning,general_situation_report,retain,2025-08-08 09:00:00,1002,1,1,24.0,2025-08-09 09:00:00,24.0,0.0,0.0,0.0,0.0,True,1.0986122886681098,0.6931471805599453,0.0,0.0,24.0,True,144.0,47.0,0.0,0.0,-142.0,-46.0,0.0,-3.878121453752464,0.0,9,8,220,4,-0.8660254037844385,-0.5000000000000004,-0.5995514915196489,-0.8003361849976323,0.0,0.0,-2.0,-1.0986122886681098,0,-142.0,-3.878121453752464,Decreasing,0.0,0.0,49,0.0,False,Decrease
situation_20250809_0900_8278e377.pdf,2025-08-09,Other,2437,,,,,,,,,,0.0,0.0,0.0,0.0,0.0,0.0,0.0,0.0,0.0,0.0,0.0,0.0,True,grand_total,900,2025-08-09 09:00:00,3,,,0.0,0,1,0,0,0,0,3.5,weather_forecast,1,0,,,,,,,,,143.5,water_level_rainfall,1,0,0.0,0,0,0,0,1265.0,early_warning,general_situation_report,retain,2025-08-09 09:00:00,1003,1,1,24.0,2025-08-10 09:00:00,24.0,6.0,1.0,0.0,0.0,True,0.0,0.0,0.0,0.0,24.0,True,2.0,1.0,0.0,0.0,-2.0,-1.0,0.0,-1.0986122886681098,0.0,9,8,221,5,-0.8660254037844385,-0.5000000000000004,-0.6132298262997502,-0.7899045386224707,1.9459101490553132,0.0,6.0,1.9459101490553132,0,-2.0,-1.0986122886681098,Decreasing,0.0,0.0,48,0.0,False,Decrease
situation_20250810_0900_5e24f592.pdf,2025-08-10,Lightning,2468,,,,,,,,,,1.0,6.0,0.0,0.0,0.0,0.0,0.0,0.0,0.0,0.0,0.0,0.0,True,grand_total,900,2025-08-10 09:00:00,3,,,0.0,0,1,0,0,0,0,3.5,weather_forecast,1,1,0.0,0.0,0.0,5.0,1.5,0.5980000000000001,0.0,0.0,23.0,water_level_rainfall,1,0,0.0,0,0,0,0,1289.0,early_warning,general_situation_report,retain,2025-08-10 09:00:00,1004,1,1,24.0,2025-08-11 09:00:00,24.0,6.0,1.0,0.0,0.0,True,1.9459101490553132,0.6931471805599453,0.0,0.0,24.0,True,0.0,0.0,0.0,0.0,6.0,1.0,0.0,1.9459101490553132,0.0,9,8,222,6,-0.8660254037844385,-0.5000000000000004,-0.6267266965083301,-0.7792391467859886,1.9459101490553132,0.0,0.0,0.0,0,6.0,1.9459101490553132,Increasing,0.1875,0.6666666666666666,48,18.75,False,Normal Increase
situation_20250811_0900_5ee19fd2.pdf,2025-08-11,Lightning,2349,,,,,,,,,,1.0,6.0,0.0,0.0,0.0,0.0,0.0,0.0,0.0,0.0,0.0,0.0,True,grand_total,900,2025-08-11 09:00:00,3,,,0.0,0,1,0,0,0,0,3.5,weather_forecast,1,0,,,,,,,,,47.0,water_level_rainfall,1,0,0.0,0,0,0,0,1313.0,early_warning,general_situation_report,retain,2025-08-11 09:00:00,1005,1,1,24.0,2025-08-12 09:00:00,24.0,63.0,15.0,0.0,0.0,True,1.9459101490553132,0.6931471805599453,0.0,0.0,24.0,True,6.0,1.0,0.0,0.0,0.0,0.0,0.0,0.0,0.0,9,8,223,0,-0.8660254037844385,-0.5000000000000004,-0.6400381082043503,-0.7683431655492202,4.1588830833596715,0.0,57.0,2.212972934304358,0,0.0,0.0,Stable,0.0,0.0,49,0.0,False,Stable
situation_20250812_0900_b0b68703.pdf,2025-08-12,Strong Wind,2684,,,,,,,,,,15.0,63.0,0.0,0.0,0.0,0.0,10.0,4.0,0.0,0.0,0.0,0.0,True,grand_total,900,2025-08-12 09:00:00,3,,40.0,0.0,0,1,1,0,0,0,3.5,weather_forecast,1,0,,,,,,,,,71.0,water_level_rainfall,1,0,0.0,0,0,0,0,1337.0,early_warning,general_situation_report,retain,2025-08-12 09:00:00,1006,1,1,24.0,2025-08-14 09:00:00,48.0,32.0,7.0,0.0,0.0,True,4.1588830833596715,2.772588722239781,0.0,0.0,24.0,True,6.0,1.0,0.0,0.0,57.0,14.0,0.0,2.212972934304358,0.0,9,8,224,1,-0.8660254037844385,-0.5000000000000004,-0.65316012232693,-0.7572198192083127,3.4965075614664802,0.0,-31.0,-0.6623755218931913,0,57.0,2.212972934304358,Increasing,0.5833333333333334,0.7083333333333334,48,58.333333333333336,False,Normal Increase
situation_20250814_0900_52ee5492.pdf,2025-08-14,Strong Wind,2477,,,,,,,,,,7.0,32.0,0.0,0.0,0.0,0.0,2.0,4.0,0.0,0.0,0.0,0.0,True,grand_total,900,2025-08-14 09:00:00,3,,40.0,0.0,0,1,1,0,0,0,3.5,weather_forecast,1,0,,,,,,,,,119.0,water_level_rainfall,1,0,0.0,0,0,0,0,1385.0,early_warning,general_situation_report,retain,2025-08-14 09:00:00,1007,1,1,48.0,2025-08-15 09:00:00,24.0,32.0,7.0,0.0,0.0,True,3.4965075614664802,2.0794415416798357,0.0,0.0,48.0,True,63.0,15.0,0.0,0.0,-31.0,-8.0,0.0,-0.6623755218931913,0.0,9,8,226,3,-0.8660254037844385,-0.5000000000000004,-0.6788204829862355,-0.734304263829602,3.4965075614664802,0.0,0.0,0.0,0,-31.0,-0.6623755218931913,Decreasing,0.0,0.0,49,0.0,False,Decrease
situation_20250815_0900_7ddd4034.pdf,2025-08-15,Strong Wind,2482,,,,,,,,,,7.0,32.0,0.0,0.0,0.0,0.0,2.0,4.0,0.0,0.0,0.0,0.0,True,grand_total,900,2025-08-15 09:00:00,2,,40.0,0.0,0,1,1,0,0,0,3.5,weather_forecast,1,0,,,,,,,,,143.0,water_level_rainfall,1,0,0.0,0,0,0,0,1409.0,early_warning,general_situation_report,retain,2025-08-15 09:00:00,1008,1,1,24.0,2025-08-16 09:00:00,24.0,32.0,7.0,0.0,0.0,True,3.4965075614664802,2.0794415416798357,0.0,0.0,24.0,True,32.0,7.0,0.0,0.0,0.0,0.0,0.0,0.0,0.0,9,8,227,4,-0.8660254037844385,-0.5000000000000004,-0.6913512362094071,-0.722518835873311,3.4965075614664802,0.0,0.0,0.0,0,0.0,0.0,Stable,0.0,0.0,49,0.0,False,Stable
situation_20250816_0900_b3d8a260.pdf,2025-08-16,Strong Wind,2473,,,,,,,,,,7.0,32.0,0.0,0.0,0.0,0.0,2.0,4.0,0.0,0.0,0.0,0.0,True,grand_total,900,2025-08-16 09:00:00,3,,50.0,0.0,0,0,1,0,0,0,3.5,weather_forecast,1,0,,,,,,,,,167.0,water_level_rainfall,1,0,0.0,0,0,0,0,1433.0,early_warning,general_situation_report,retain,2025-08-16 09:00:00,1009,1,1,24.0,2025-08-17 09:00:00,24.0,0.0,0.0,0.0,0.0,True,3.4965075614664802,2.0794415416798357,0.0,0.0,24.0,True,32.0,7.0,0.0,0.0,0.0,0.0,0.0,0.0,0.0,9,8,228,5,-0.8660254037844385,-0.5000000000000004,-0.7036774074790128,-0.7105196029692745,0.0,0.0,-32.0,-3.4965075614664802,0,0.0,0.0,Stable,0.0,0.0,49,0.0,False,Stable
situation_20250817_0900_6422c6a1.pdf,2025-08-17,Other,2365,,,,,,,,,,0.0,0.0,0.0,0.0,0.0,0.0,0.0,0.0,0.0,0.0,0.0,0.0,True,grand_total,900,2025-08-17 09:00:00,3,,50.0,0.0,0,0,1,0,0,0,3.5,weather_forecast,1,0,,,,,,,,,191.0,water_level_rainfall,1,0,0.0,0,0,0,0,1457.0,early_warning,general_situation_report,retain,2025-08-17 09:00:00,1010,1,1,24.0,2025-08-18 09:00:00,24.0,4.0,1.0,0.0,0.0,True,0.0,0.0,0.0,0.0,24.0,True,32.0,7.0,0.0,0.0,-32.0,-7.0,0.0,-3.4965075614664802,0.0,9,8,229,6,-0.8660254037844385,-0.5000000000000004,-0.7157953492826642,-0.6983101158835584,1.6094379124341003,0.0,4.0,1.6094379124341003,0,-32.0,-3.4965075614664802,Decreasing,0.0,0.0,49,0.0,False,Decrease
situation_20250818_0900_8b10fa5f.pdf,2025-08-18,Strong Wind,2371,,,,,,,,,,1.0,4.0,0.0,0.0,0.0,0.0,1.0,0.0,0.0,0.0,0.0,0.0,True,grand_total,900,2025-08-18 09:00:00,3,,50.0,0.0,0,0,1,0,0,0,3.5,weather_forecast,1,0,,,,,,,,,215.0,water_level_rainfall,1,0,0.0,0,0,0,0,1481.0,early_warning,general_situation_report,retain,2025-08-18 09:00:00,1011,1,1,24.0,2025-08-19 09:00:00,24.0,0.0,0.0,0.0,0.0,True,1.6094379124341003,0.6931471805599453,0.0,0.0,24.0,True,0.0,0.0,0.0,0.0,4.0,1.0,0.0,1.6094379124341003,0.0,9,8,230,0,-0.8660254037844385,-0.5000000000000004,-0.7277014757264236,-0.6858939875998223,0.0,0.0,-4.0,-1.6094379124341003,0,4.0,1.6094379124341003,Increasing,0.16326530612244897,0.6122448979591837,49,16.3265306122449,False,Normal Increase
situation_20250819_0900_90866e5c.pdf,2025-08-19,Other,2322,,,,,,,,,,0.0,0.0,0.0,0.0,0.0,0.0,0.0,0.0,0.0,0.0,0.0,0.0,True,grand_total,900,2025-08-19 09:00:00,3,,40.0,0.0,0,0,1,0,0,0,3.5,weather_forecast,1,0,,,,,,,,,239.0,water_level_rainfall,1,0,0.0,0,0,0,0,1505.0,early_warning,general_situation_report,retain,2025-08-19 09:00:00,1012,1,1,24.0,2025-08-20 09:00:00,24.0,0.0,1.0,0.0,0.0,True,0.0,0.0,0.0,0.0,24.0,True,4.0,1.0,0.0,0.0,-4.0,-1.0,0.0,-1.6094379124341003,0.0,9,8,231,1,-0.8660254037844385,-0.5000000000000004,-0.7393922635959241,-0.673274892250183,0.0,0.0,0.0,0.0,0,-4.0,-1.6094379124341003,Decreasing,0.0,0.0,50,0.0,False,Decrease
situation_20250820_0900_431fe8f8.pdf,2025-08-20,Other,2350,,,,,,,,,,1.0,0.0,0.0,0.0,0.0,0.0,1.0,0.0,0.0,0.0,0.0,0.0,True,grand_total,900,2025-08-20 09:00:00,3,,40.0,0.0,0,0,1,0,0,0,3.5,weather_forecast,1,0,,,,,,,,,263.0,water_level_rainfall,1,0,0.0,0,0,0,0,1529.0,early_warning,general_situation_report,retain,2025-08-20 09:00:00,1013,1,1,24.0,2025-08-21 09:00:00,24.0,0.0,0.0,0.0,0.0,True,0.0,0.6931471805599453,0.0,0.0,24.0,True,0.0,0.0,0.0,0.0,0.0,1.0,0.0,0.0,0.0,9,8,232,2,-0.8660254037844385,-0.5000000000000004,-0.7508642533989489,-0.6604565640279754,0.0,0.0,0.0,0.0,0,0.0,0.0,Stable,0.0,0.0,50,0.0,False,Stable
situation_20250821_0900_e9744c41.pdf,2025-08-21,Other,2421,,,,,,,,,,0.0,0.0,0.0,0.0,0.0,0.0,0.0,0.0,0.0,0.0,0.0,0.0,True,grand_total,900,2025-08-21 09:00:00,3,,,0.0,0,1,0,0,0,0,3.5,weather_forecast,1,0,,,,,,,,,287.0,water_level_rainfall,1,0,0.0,0,0,0,0,1553.0,early_warning,general_situation_report,retain,2025-08-21 09:00:00,1014,1,1,24.0,2025-08-22 09:00:00,24.0,0.0,0.0,0.0,0.0,True,0.0,0.0,0.0,0.0,24.0,True,0.0,1.0,0.0,0.0,0.0,-1.0,0.0,0.0,0.0,9,8,233,3,-0.8660254037844385,-0.5000000000000004,-0.7621140503891487,-0.6474427960827475,0.0,0.0,0.0,0.0,0,0.0,0.0,Stable,0.0,0.0,50,0.0,False,Stable
situation_20250822_0900_09526782.pdf,2025-08-22,Other,2421,,,,,,,,,,0.0,0.0,0.0,0.0,0.0,0.0,0.0,0.0,0.0,0.0,0.0,0.0,True,grand_total,900,2025-08-22 09:00:00,3,50.0,,0.0,1,1,0,0,0,0,3.5,weather_forecast,1,0,,,,,,,,,311.0,water_level_rainfall,1,0,0.0,0,0,0,0,1577.0,early_warning,general_situation_report,retain,2025-08-22 09:00:00,1015,1,1,24.0,2025-08-23 09:00:00,24.0,21.0,102.0,0.0,0.0,True,0.0,0.0,0.0,0.0,24.0,True,0.0,0.0,0.0,0.0,0.0,0.0,0.0,0.0,0.0,9,8,234,4,-0.8660254037844385,-0.5000000000000004,-0.7731383255706026,-0.6342374393978054,3.091042453358316,0.0,21.0,3.091042453358316,0,0.0,0.0,Stable,0.0,0.0,49,0.0,False,Stable
situation_20250823_0900_044f1038.pdf,2025-08-23,Heavy Rain,2552,,,,,,,,,,102.0,21.0,0.0,0.0,0.0,0.0,101.0,0.0,0.0,0.0,0.0,0.0,True,grand_total,900,2025-08-23 09:00:00,4,50.0,,0.0,1,1,0,0,0,0,3.5,weather_forecast,1,0,,,,,,,,,335.0,water_level_rainfall,1,0,0.0,0,0,0,0,1601.0,early_warning,general_situation_report,retain,2025-08-23 09:00:00,1016,1,1,24.0,2025-08-24 09:00:00,24.0,7.0,56.0,0.0,0.0,True,3.091042453358316,4.634728988229636,0.0,0.0,24.0,True,0.0,0.0,0.0,0.0,21.0,102.0,0.0,3.091042453358316,0.0,9,8,235,5,-0.8660254037844385,-0.5000000000000004,-0.7839338166829201,-0.620844401650647,2.0794415416798357,0.0,-14.0,-1.0116009116784803,0,21.0,3.091042453358316,Increasing,0.4375,0.8333333333333334,48,43.75,False,Normal Increase
situation_20250824_0900_14dace6e.pdf,2025-08-24,Strong Wind,2704,,,,,,,,,,56.0,7.0,0.0,1.0,0.0,0.0,56.0,0.0,0.0,0.0,0.0,0.0,True,grand_total,900,2025-08-24 09:00:00,3,,,0.0,0,1,0,0,0,0,3.5,weather_forecast,1,0,,,,,,,,,359.0,water_level_rainfall,1,0,0.0,0,0,0,0,1625.0,early_warning,general_situation_report,retain,2025-08-24 09:00:00,1017,1,1,24.0,2025-08-25 09:00:00,24.0,44.0,13.0,0.0,0.0,True,2.0794415416798357,4.04305126783455,0.0,0.0,24.0,True,21.0,102.0,0.0,0.0,-14.0,-46.0,0.0,-1.0116009116784803,0.0,9,8,236,6,-0.8660254037844385,-0.5000000000000004,-0.7944973291665992,-0.6072676460566135,3.8066624897703196,0.0,37.0,1.7272209480904839,0,-14.0,-1.0116009116784803,Decreasing,0.0,0.0,49,0.0,False,Decrease
situation_20250825_0900_299d043c.pdf,2025-08-25,Strong Wind,2380,,,,,,,,,,13.0,44.0,0.0,0.0,0.0,0.0,13.0,0.0,0.0,0.0,0.0,0.0,True,grand_total,900,2025-08-25 09:00:00,3,,,0.0,0,1,0,0,0,0,3.5,weather_forecast,1,0,,,,,,,,,383.0,water_level_rainfall,1,0,0.0,0,0,0,0,1649.0,early_warning,general_situation_report,retain,2025-08-25 09:00:00,1018,1,1,24.0,2025-08-26 09:00:00,24.0,337.0,87.0,0.0,0.0,True,3.8066624897703196,2.6390573296152584,0.0,0.0,24.0,True,7.0,56.0,0.0,0.0,37.0,-43.0,0.0,1.7272209480904839,0.0,9,8,237,0,-0.8660254037844385,-0.5000000000000004,-0.8048257371083452,-0.593511190196115,5.823045895483019,0.0,293.0,2.0163834057126993,0,37.0,1.7272209480904839,Increasing,0.5306122448979592,0.6326530612244898,49,53.06122448979592,False,Normal Increase
situation_20250826_0900_f1b5f6e4.pdf,2025-08-26,"Heavy Rain, Strong Wind",2944,,,,,,,,,,87.0,337.0,0.0,1.0,0.0,0.0,87.0,0.0,0.0,0.0,0.0,0.0,True,grand_total,900,2025-08-26 09:00:00,3,,,0.0,0,1,0,0,0,0,3.5,weather_forecast,1,0,,,,,,,,,407.0,water_level_rainfall,1,0,0.0,0,0,0,0,1673.0,early_warning,general_situation_report,retain,2025-08-26 09:00:00,1019,1,1,24.0,2025-08-27 09:00:00,24.0,542.0,158.0,0.0,0.0,True,5.823045895483019,4.477336814478207,0.0,0.0,24.0,True,44.0,13.0,0.0,0.0,293.0,74.0,0.0,2.0163834057126993,0.0,9,8,238,1,-0.8660254037844385,-0.5000000000000004,-0.8149159841660791,-0.5795791048257612,6.297109319933935,0.0,205.0,0.4740634244509163,0,293.0,2.0163834057126993,Increasing,0.86,0.66,50,66.0,False,Normal Increase
situation_20250827_0900_a04733e5.pdf,2025-08-27,"Strong Wind, Lightning",2659,,,,,,,,,,158.0,542.0,0.0,0.0,0.0,0.0,139.0,0.0,0.0,0.0,0.0,0.0,True,grand_total,900,2025-08-27 09:00:00,3,,40.0,0.0,0,1,1,0,0,0,3.5,weather_forecast,1,0,,,,,,,,,431.0,water_level_rainfall,1,0,0.0,0,0,0,0,1697.0,early_warning,general_situation_report,retain,2025-08-27 09:00:00,1020,1,1,24.0,2025-08-28 09:00:00,24.0,938.0,345.0,0.0,0.0,True,6.297109319933935,5.0689042022202315,0.0,0.0,24.0,True,337.0,87.0,0.0,0.0,205.0,71.0,0.0,0.4740634244509163,0.0,9,8,239,2,-0.8660254037844385,-0.5000000000000004,-0.8247650844733614,-0.5654755126737576,6.844815479208263,0.0,396.0,0.5477061592743278,0,205.0,0.4740634244509163,Increasing,0.78,0.3,50,30.0,False,Normal Increase
situation_20250828_0900_77f00b71.pdf,2025-08-28,Other,2392,,,,,,,,,,345.0,938.0,0.0,0.0,0.0,0.0,0.0,0.0,0.0,0.0,0.0,0.0,True,grand_total,900,2025-08-28 09:00:00,3,50.0,50.0,0.0,1,1,1,0,0,0,3.5,weather_forecast,1,1,0.0,0.0,0.0,6.0,14.3,0.59,0.0,0.0,23.5,water_level_rainfall,1,0,0.0,0,0,0,0,1721.0,early_warning,general_situation_report,retain,2025-08-28 09:00:00,1021,1,1,24.0,2025-08-29 09:00:00,24.0,10.0,2.0,0.0,0.0,True,6.844815479208263,5.846438775057725,0.0,0.0,24.0,True,542.0,158.0,0.0,0.0,396.0,187.0,0.0,0.5477061592743278,0.0,9,8,240,3,-0.8660254037844385,-0.5000000000000004,-0.8343701235229538,-0.5512045872199277,2.3978952727983707,0.0,-928.0,-4.446920206409892,0,396.0,0.5477061592743278,Increasing,0.8627450980392157,0.3333333333333333,51,33.33333333333333,False,Normal Increase
situation_20250829_0900_c26043bf.pdf,2025-08-29,Strong Wind,2356,,,,,,,,,,2.0,10.0,0.0,0.0,0.0,0.0,2.0,0.0,0.0,0.0,0.0,0.0,True,grand_total,900,2025-08-29 09:00:00,3,,50.0,0.0,0,0,1,0,0,0,3.5,weather_forecast,1,0,,,,,,,,,47.5,water_level_rainfall,1,0,0.0,0,0,0,0,1745.0,early_warning,general_situation_report,retain,2025-08-29 09:00:00,1022,1,1,24.0,2025-08-30 09:00:00,24.0,9.0,4.0,0.0,0.0,True,2.3978952727983707,1.0986122886681098,0.0,0.0,24.0,True,938.0,345.0,0.0,0.0,-928.0,-343.0,0.0,-4.446920206409892,0.0,9,8,241,4,-0.8660254037844385,-0.5000000000000004,-0.8437282590292712,-0.5367705514607103,2.302585092994046,0.0,-1.0,-0.09531017980432477,0,-928.0,-4.446920206409892,Decreasing,0.0,0.0,51,0.0,False,Decrease
situation_20250830_0900_e27a72e5.pdf,2025-08-30,Strong Wind,2502,,,,,,,,,,4.0,9.0,0.0,0.0,3.0,0.0,0.0,0.0,0.0,0.0,0.0,0.0,True,grand_total,900,2025-08-30 09:00:00,2,,50.0,0.0,0,1,1,0,0,0,3.5,weather_forecast,1,0,,,,,,,,,71.5,water_level_rainfall,1,0,0.0,0,0,0,0,1769.0,early_warning,general_situation_report,retain,2025-08-30 09:00:00,1023,1,1,24.0,2025-08-31 09:00:00,24.0,0.0,0.0,0.0,0.0,True,2.302585092994046,1.6094379124341003,0.0,0.0,24.0,True,10.0,2.0,0.0,0.0,-1.0,2.0,0.0,-0.09531017980432477,0.0,9,8,242,5,-0.8660254037844385,-0.5000000000000004,-0.8528367217694595,-0.522177676659508,0.0,0.0,-9.0,-2.302585092994046,0,-1.0,-0.09531017980432477,Decreasing,0.0,0.0,51,0.0,False,Decrease
situation_20250831_0900_c9f58349.pdf,2025-08-31,Other,2349,,,,,,,,,,0.0,0.0,0.0,0.0,0.0,0.0,0.0,0.0,0.0,0.0,0.0,0.0,True,grand_total,900,2025-08-31 09:00:00,3,,50.0,0.0,0,1,1,0,0,0,3.5,weather_forecast,1,0,,,,,,,,,95.5,water_level_rainfall,1,0,0.0,0,0,0,0,1793.0,early_warning,general_situation_report,retain,2025-08-31 09:00:00,1024,1,1,24.0,2025-09-01 09:00:00,24.0,0.0,0.0,0.0,0.0,True,0.0,0.0,0.0,0.0,24.0,True,9.0,4.0,0.0,0.0,-9.0,-4.0,0.0,-2.302585092994046,0.0,9,8,243,6,-0.8660254037844385,-0.5000000000000004,-0.8616928164028522,-0.5074302810827518,0.0,0.0,0.0,0.0,0,-9.0,-2.302585092994046,Decreasing,0.0,0.0,51,0.0,False,Decrease
situation_20250901_0900_64295925.pdf,2025-09-01,Other,2346,,,,,,,,,,0.0,0.0,0.0,0.0,0.0,0.0,0.0,1.0,0.0,0.0,0.0,0.0,True,grand_total,900,2025-09-01 09:00:00,3,,50.0,0.0,0,1,1,0,0,0,3.5,weather_forecast,1,0,,,,,,,,,119.5,water_level_rainfall,1,0,0.0,0,0,0,0,1817.0,early_warning,general_situation_report,retain,2025-09-01 09:00:00,1025,1,1,24.0,2025-09-02 09:00:00,24.0,4.0,2.0,0.0,0.0,True,0.0,0.0,0.0,0.0,24.0,True,0.0,0.0,0.0,0.0,0.0,0.0,0.0,0.0,0.0,9,9,244,0,-1.0,-1.8369701987210297e-16,-0.8702939222685674,-0.49253272872205434,1.6094379124341003,0.0,4.0,1.6094379124341003,0,0.0,0.0,Stable,0.0,0.0,51,0.0,False,Stable
situation_20250902_0900_2a3ffd1b.pdf,2025-09-02,Strong Wind,2407,,,,,,,,,,2.0,4.0,0.0,0.0,0.0,0.0,2.0,0.0,0.0,0.0,0.0,0.0,True,grand_total,900,2025-09-02 09:00:00,3,,40.0,0.0,0,1,1,0,0,0,3.5,weather_forecast,1,0,,,,,,,,,143.5,water_level_rainfall,1,0,0.0,0,0,0,0,1841.0,early_warning,general_situation_report,retain,2025-09-02 09:00:00,1026,1,1,24.0,2025-09-03 09:00:00,24.0,113.0,27.0,0.0,0.0,True,1.6094379124341003,1.0986122886681098,0.0,0.0,24.0,True,0.0,0.0,0.0,0.0,4.0,2.0,0.0,1.6094379124341003,0.0,9,9,245,1,-1.0,-1.8369701987210297e-16,-0.8786374941610001,-0.4774894280028391,4.736198448394496,0.0,109.0,3.126760535960395,0,4.0,1.6094379124341003,Increasing,0.1568627450980392,0.6274509803921569,51,15.686274509803921,False,Normal Increase
situation_20250903_0900_b0c01d3a.pdf,2025-09-03,Strong Wind,2416,,,,,,,,,,27.0,113.0,0.0,0.0,0.0,0.0,27.0,0.0,0.0,0.0,0.0,0.0,True,grand_total,900,2025-09-03 09:00:00,3,,40.0,0.0,0,1,1,0,0,0,3.5,weather_forecast,1,0,,,,,,,,,167.5,water_level_rainfall,1,0,0.0,0,0,0,0,1865.0,early_warning,general_situation_report,retain,2025-09-03 09:00:00,1027,1,1,24.0,2025-09-04 09:00:00,24.0,128.0,30.0,0.0,0.0,True,4.736198448394496,3.332204510175204,0.0,0.0,24.0,True,4.0,2.0,0.0,0.0,109.0,25.0,0.0,3.126760535960395,0.0,9,9,246,2,-1.0,-1.8369701987210297e-16,-0.886721063082993,-0.46230483047981086,4.859812404361672,0.0,15.0,0.12361395596717628,0,109.0,3.126760535960395,Increasing,0.6666666666666666,0.8823529411764706,51,66.66666666666666,False,Normal Increase
situation_20250904_0900_3757acaf.pdf,2025-09-04,Strong Wind,2666,,,,,,,,,,30.0,128.0,0.0,0.0,0.0,0.0,30.0,0.0,0.0,0.0,0.0,0.0,True,grand_total,900,2025-09-04 09:00:00,3,,40.0,0.0,0,1,1,0,0,0,3.5,weather_forecast,1,0,,,,,,,,,191.5,water_level_rainfall,1,0,0.0,0,0,0,0,1889.0,early_warning,general_situation_report,retain,2025-09-04 09:00:00,1028,1,1,24.0,2025-09-05 09:00:00,24.0,0.0,0.0,0.0,0.0,True,4.859812404361672,3.4339872044851463,0.0,0.0,24.0,True,113.0,27.0,0.0,0.0,15.0,3.0,0.0,0.12361395596717628,0.0,9,9,247,3,-1.0,-1.8369701987210297e-16,-0.8945422369764496,-0.4469834295196741,0.0,0.0,-128.0,-4.859812404361672,0,15.0,0.12361395596717628,Increasing,0.36538461538461536,0.17307692307692307,52,17.307692307692307,False,Normal Increase
situation_20250905_0900_5996ec17.pdf,2025-09-05,Other,2368,,,,,,,,,,0.0,0.0,0.0,0.0,0.0,0.0,0.0,0.0,0.0,0.0,0.0,0.0,True,confirmed_zero_report,900,2025-09-05 09:00:00,3,,40.0,0.0,0,1,1,0,0,0,3.5,weather_forecast,1,0,,,,,,,,,215.5,water_level_rainfall,1,0,0.0,0,0,0,0,1913.0,early_warning,general_situation_report,retain,2025-09-05 09:00:00,1029,1,1,24.0,2025-09-06 09:00:00,24.0,0.0,0.0,0.0,0.0,True,0.0,0.0,0.0,0.0,24.0,True,128.0,30.0,0.0,0.0,-128.0,-30.0,0.0,-4.859812404361672,0.0,9,9,248,4,-1.0,-1.8369701987210297e-16,-0.9020987014301837,-0.43152975897147144,0.0,0.0,0.0,0.0,0,-128.0,-4.859812404361672,Decreasing,0.0,0.0,53,0.0,False,Decrease
situation_20250906_0900_9807bf0e.pdf,2025-09-06,Other,2367,,,,,,,,,,0.0,0.0,0.0,0.0,0.0,0.0,0.0,0.0,0.0,0.0,0.0,0.0,True,confirmed_zero_report,900,2025-09-06 09:00:00,4,,,0.0,0,1,0,0,0,0,2.0,weather_forecast,1,0,,,,,,,,,239.5,water_level_rainfall,1,0,0.0,0,0,0,0,1937.0,early_warning,general_situation_report,retain,2025-09-06 09:00:00,1030,1,1,24.0,2025-09-07 09:00:00,24.0,0.0,0.0,0.0,0.0,True,0.0,0.0,0.0,0.0,24.0,True,0.0,0.0,0.0,0.0,0.0,0.0,0.0,0.0,0.0,9,9,249,5,-1.0,-1.8369701987210297e-16,-0.9093882203647925,-0.4159483918249421,0.0,0.0,0.0,0.0,0,0.0,0.0,Stable,0.0,0.0,53,0.0,False,Stable
situation_20250907_0900_42244ec4.pdf,2025-09-07,Lightning,2464,,,,,,,,,,0.0,0.0,0.0,1.0,0.0,0.0,0.0,0.0,0.0,0.0,0.0,0.0,True,grand_total,900,2025-09-07 09:00:00,4,50.0,,0.0,1,1,0,0,0,0,2.0,weather_forecast,1,0,,,,,,,,,263.5,water_level_rainfall,1,0,0.0,0,0,0,0,1961.0,early_warning,general_situation_report,retain,2025-09-07 09:00:00,1031,1,1,24.0,2025-09-08 09:00:00,24.0,0.0,0.0,0.0,0.0,True,0.0,0.0,0.0,0.0,24.0,True,0.0,0.0,0.0,0.0,0.0,0.0,0.0,0.0,0.0,9,9,250,6,-1.0,-1.8369701987210297e-16,-0.9164086366943458,-0.4002439388573056,0.0,0.0,0.0,0.0,0,0.0,0.0,Stable,0.0,0.0,52,0.0,False,Stable
situation_20250908_0900_bbdb824e.pdf,2025-09-08,Other,2338,,,,,,,,,,0.0,0.0,0.0,0.0,0.0,0.0,0.0,0.0,0.0,0.0,0.0,0.0,True,grand_total,900,2025-09-08 09:00:00,5,75.0,,2.0,1,1,0,0,0,0,3.5,weather_forecast,1,0,,,,,,,,,287.5,water_level_rainfall,1,0,0.0,0,0,0,0,1985.0,early_warning,general_situation_report,retain,2025-09-08 09:00:00,1032,1,1,24.0,2025-09-09 09:00:00,24.0,53.0,15.0,0.0,0.0,True,0.0,0.0,0.0,0.0,24.0,True,0.0,0.0,0.0,0.0,0.0,0.0,0.0,0.0,0.0,9,9,251,0,-1.0,-1.8369701987210297e-16,-0.9231578729647039,-0.38442104726885545,3.9889840465642745,0.0,53.0,3.9889840465642745,0,0.0,0.0,Stable,0.0,0.0,51,0.0,False,Stable
situation_20250909_0900_cccda21d.pdf,2025-09-09,Strong Wind,3174,,,,,,,,,,15.0,53.0,0.0,0.0,0.0,1.0,14.0,0.0,0.0,0.0,0.0,0.0,True,grand_total,900,2025-09-09 09:00:00,4,100.0,,2.0,1,1,0,0,0,0,3.5,weather_forecast,1,0,,,,,,,,,311.5,water_level_rainfall,1,0,0.0,0,0,0,0,2009.0,early_warning,general_situation_report,retain,2025-09-09 09:00:00,1033,1,1,24.0,2025-09-10 09:00:00,24.0,7.0,2.0,0.0,0.0,True,3.9889840465642745,2.772588722239781,0.0,0.0,24.0,True,0.0,0.0,0.0,0.0,53.0,15.0,0.0,3.9889840465642745,0.0,9,9,252,1,-1.0,-1.8369701987210297e-16,-0.9296339319682695,-0.3684843993077793,2.0794415416798357,0.0,-46.0,-1.9095425048844388,0,53.0,3.9889840465642745,Increasing,0.5490196078431373,0.9607843137254902,51,54.90196078431373,False,Normal Increase
situation_20250910_0900_624d69e1.pdf,2025-09-10,Strong Wind,2459,,,,,,,,,,2.0,7.0,0.0,0.0,0.0,0.0,2.0,0.0,0.0,0.0,0.0,0.0,True,grand_total,900,2025-09-10 09:00:00,4,50.0,,2.0,1,1,0,0,0,0,3.5,weather_forecast,1,0,,,,,,,,,335.5,water_level_rainfall,1,0,0.0,0,0,0,0,2033.0,early_warning,general_situation_report,retain,2025-09-10 09:00:00,1034,1,1,24.0,2025-09-11 09:00:00,24.0,7.0,2.0,0.0,0.0,True,2.0794415416798357,1.0986122886681098,0.0,0.0,24.0,True,53.0,15.0,0.0,0.0,-46.0,-13.0,0.0,-1.9095425048844388,0.0,9,9,253,2,-1.0,-1.8369701987210297e-16,-0.9358348973349941,-0.35243871088460327,2.0794415416798357,0.0,0.0,0.0,0,-46.0,-1.9095425048844388,Decreasing,0.0,0.0,52,0.0,False,Decrease
situation_20250911_0900_bd8f3929.pdf,2025-09-11,Strong Wind,2676,,,,,,,,,,2.0,7.0,0.0,0.0,0.0,0.0,2.0,0.0,0.0,0.0,0.0,0.0,True,grand_total,900,2025-09-11 09:00:00,4,75.0,,0.0,1,1,0,0,0,0,3.5,weather_forecast,1,0,,,,,,,,,359.5,water_level_rainfall,1,0,0.0,0,0,0,0,2057.0,early_warning,general_situation_report,retain,2025-09-11 09:00:00,1035,1,1,24.0,2025-09-12 09:00:00,24.0,0.0,0.0,0.0,0.0,True,2.0794415416798357,1.0986122886681098,0.0,0.0,24.0,True,7.0,2.0,0.0,0.0,0.0,0.0,0.0,0.0,0.0,9,9,254,3,-1.0,-1.8369701987210297e-16,-0.9417589340994617,-0.33628873017668287,0.0,0.0,-7.0,-2.0794415416798357,0,0.0,0.0,Stable,0.0,0.0,51,0.0,False,Stable
situation_20250912_0900_838ecb1e.pdf,2025-09-12,Other,2386,,,,,,,,,,0.0,0.0,0.0,0.0,0.0,0.0,0.0,0.0,0.0,0.0,0.0,0.0,True,grand_total,900,2025-09-12 09:00:00,3,50.0,,0.0,1,1,0,0,0,0,3.5,weather_forecast,1,0,,,,,,,,,383.5,water_level_rainfall,1,0,0.0,0,0,0,0,2081.0,early_warning,general_situation_report,retain,2025-09-12 09:00:00,1036,1,1,24.0,2025-09-13 09:00:00,24.0,16.0,4.0,0.0,0.0,True,0.0,0.0,0.0,0.0,24.0,True,7.0,2.0,0.0,0.0,-7.0,-2.0,0.0,-2.0794415416798357,0.0,9,9,255,4,-1.0,-1.8369701987210297e-16,-0.9474042892438845,-0.32003923622313857,2.833213344056216,0.0,16.0,2.833213344056216,0,-7.0,-2.0794415416798357,Decreasing,0.0,0.0,51,0.0,False,Decrease
situation_20250913_0900_ed5503cf.pdf,2025-09-13,"Strong Wind, Lightning",2947,,,,,,,,,,4.0,16.0,0.0,0.0,0.0,1.0,1.0,0.0,1.0,0.0,0.0,0.0,True,grand_total,900,2025-09-13 09:00:00,3,,,0.0,0,1,0,0,0,0,3.5,weather_forecast,1,0,,,,,,,,,407.5,water_level_rainfall,1,0,0.0,0,0,0,0,2105.0,early_warning,general_situation_report,retain,2025-09-13 09:00:00,1037,1,1,24.0,2025-09-14 09:00:00,24.0,0.0,0.0,0.0,0.0,True,2.833213344056216,1.6094379124341003,0.0,0.0,24.0,True,0.0,0.0,0.0,0.0,16.0,4.0,0.0,2.833213344056216,0.0,9,9,256,5,-1.0,-1.8369701987210297e-16,-0.9527692922168511,-0.30369503751065885,0.0,0.0,-16.0,-2.833213344056216,0,16.0,2.833213344056216,Increasing,0.38,0.82,50,38.0,False,Normal Increase
situation_20250914_0900_fcc87159.pdf,2025-09-14,Other,2321,,,,,,,,,,0.0,0.0,0.0,0.0,0.0,0.0,0.0,0.0,0.0,0.0,0.0,0.0,True,grand_total,900,2025-09-14 09:00:00,3,50.0,,0.0,1,1,0,0,0,0,3.5,weather_forecast,1,0,,,,,,,,,431.5,water_level_rainfall,1,0,0.0,0,0,0,0,2129.0,early_warning,general_situation_report,retain,2025-09-14 09:00:00,1038,1,1,24.0,2025-09-16 09:00:00,48.0,1662.0,571.0,0.0,0.0,True,0.0,0.0,0.0,0.0,24.0,True,16.0,4.0,0.0,0.0,-16.0,-4.0,0.0,-2.833213344056216,0.0,9,9,257,6,-1.0,-1.8369701987210297e-16,-0.9578523554276669,-0.28726097055059635,7.416378479192928,0.0,1662.0,7.416378479192928,0,-16.0,-2.833213344056216,Decreasing,0.0,0.0,50,0.0,False,Decrease
situation_20250916_0900_75d18374.pdf,2025-09-16,Other,2506,,,,,,,,,,571.0,1662.0,0.0,0.0,0.0,0.0,0.0,0.0,0.0,0.0,0.0,0.0,True,grand_total,900,2025-09-16 09:00:00,3,,,0.0,0,1,0,0,0,0,3.5,weather_forecast,1,0,,,,,,,,,479.5,water_level_rainfall,1,0,0.0,0,0,0,0,2177.0,early_warning,general_situation_report,retain,2025-09-16 09:00:00,1039,1,2,48.0,2025-09-17 09:00:00,24.0,1865.0,626.0,0.0,0.0,True,7.416378479192928,6.349138991379798,0.0,0.0,48.0,True,0.0,0.0,0.0,0.0,1662.0,571.0,0.0,7.416378479192928,0.0,9,9,259,1,-1.0,-1.8369701987210297e-16,-0.9671667297977312,-0.2541427094613622,7.531552381407289,0.0,203.0,0.11517390221436141,0,1662.0,7.416378479192928,Increasing,0.96,1.0,50,96.0,True,Rapid Growth Anomaly
situation_20250917_0900_e67d33c5.pdf,2025-09-17,Other,2743,,,,,,,,,,626.0,1865.0,0.0,0.0,0.0,0.0,0.0,0.0,0.0,0.0,0.0,0.0,True,grand_total,900,2025-09-17 09:00:00,5,50.0,,0.0,1,1,0,0,0,0,2.0,weather_forecast,1,0,,,,,,,,,503.5,water_level_rainfall,1,0,0.0,0,0,0,0,2201.0,early_warning,general_situation_report,retain,2025-09-17 09:00:00,1042,1,2,24.0,2025-09-18 09:00:00,24.0,1865.0,626.0,0.0,0.0,True,7.531552381407289,6.440946540632921,0.0,0.0,24.0,True,1662.0,571.0,0.0,0.0,203.0,55.0,0.0,0.11517390221436141,0.0,9,9,260,2,-1.0,-1.8369701987210297e-16,-0.97139528468375,-0.23746831555846842,7.531552381407289,0.0,0.0,0.0,0,203.0,0.11517390221436141,Increasing,0.7450980392156863,0.1568627450980392,51,15.686274509803921,False,Normal Increase
situation_20250918_0900_43ac7a82.pdf,2025-09-18,Other,2762,,,,,,,,,,626.0,1865.0,0.0,0.0,0.0,0.0,0.0,0.0,0.0,0.0,0.0,0.0,True,grand_total,900,2025-09-18 09:00:00,3,75.0,,0.0,1,1,0,0,0,0,3.5,weather_forecast,1,0,,,,,,,,,527.5,water_level_rainfall,1,0,0.0,0,0,0,0,2225.0,early_warning,general_situation_report,retain,2025-09-18 09:00:00,1044,1,2,24.0,2025-09-19 09:00:00,24.0,1985.0,659.0,0.0,0.0,True,7.531552381407289,6.440946540632921,0.0,0.0,24.0,True,1865.0,626.0,0.0,0.0,0.0,0.0,0.0,0.0,0.0,9,9,261,3,-1.0,-1.8369701987210297e-16,-0.9753363880767837,-0.2207236509605022,7.593877844605118,0.0,120.0,0.062325463197828945,0,0.0,0.0,Stable,0.0,0.0,51,0.0,False,Stable
situation_20250919_0900_66290597.pdf,2025-09-19,Other,2762,,,,,,,,,,659.0,1985.0,0.0,0.0,0.0,0.0,0.0,0.0,0.0,0.0,0.0,0.0,True,grand_total,900,2025-09-19 09:00:00,3,50.0,40.0,0.0,1,1,1,0,0,0,3.5,weather_forecast,1,0,,,,,,,,,551.5,water_level_rainfall,1,0,0.0,0,0,0,0,2249.0,early_warning,general_situation_report,retain,2025-09-19 09:00:00,1045,1,2,24.0,2025-09-20 09:00:00,24.0,2125.0,694.0,0.0,0.0,True,7.593877844605118,6.492239835020471,0.0,0.0,24.0,True,1865.0,626.0,0.0,0.0,120.0,33.0,0.0,0.062325463197828945,0.0,9,9,262,4,-1.0,-1.8369701987210297e-16,-0.9789888737409319,-0.20391367068311472,7.661997558901893,0.0,140.0,0.06811971429677488,0,120.0,0.062325463197828945,Increasing,0.6274509803921569,0.0784313725490196,51,7.8431372549019605,False,Normal Increase
situation_20250920_0900_11b0fc9f.pdf,2025-09-20,Other,2943,,,,,,,,,,694.0,2125.0,0.0,0.0,0.0,0.0,0.0,0.0,0.0,0.0,0.0,0.0,True,grand_total,900,2025-09-20 09:00:00,3,50.0,40.0,0.0,1,1,1,0,0,0,3.5,weather_forecast,1,0,,,,,,,,,575.5,water_level_rainfall,1,1,1.0,5,0,0,5,23.0,early_warning,general_situation_report,retain,2025-09-20 09:00:00,1047,1,2,24.0,2025-09-21 09:00:00,24.0,2125.0,694.0,0.0,0.0,True,7.661997558901893,6.543911845564792,0.0,0.0,24.0,True,1985.0,659.0,0.0,0.0,140.0,35.0,0.0,0.06811971429677488,0.0,9,9,263,5,-1.0,-1.8369701987210297e-16,-0.9823516608469237,-0.18704334906991657,7.661997558901893,0.0,0.0,0.0,0,140.0,0.06811971429677488,Increasing,0.6862745098039216,0.11764705882352941,51,11.76470588235294,False,Normal Increase
situation_20250921_0900_bbe784ad.pdf,2025-09-21,Other,2807,,,,,,,,,,694.0,2125.0,0.0,0.0,0.0,0.0,0.0,0.0,0.0,0.0,0.0,0.0,True,grand_total,900,2025-09-21 09:00:00,3,75.0,40.0,0.0,1,1,1,0,0,0,3.5,weather_forecast,1,0,,,,,,,,,599.5,water_level_rainfall,1,0,0.0,0,0,0,0,47.0,early_warning,general_situation_report,retain,2025-09-21 09:00:00,1049,1,2,24.0,2025-09-22 09:00:00,24.0,1922.0,639.0,0.0,0.0,True,7.661997558901893,6.543911845564792,0.0,0.0,24.0,True,2125.0,694.0,0.0,0.0,0.0,0.0,0.0,0.0,0.0,9,9,264,6,-1.0,-1.8369701987210297e-16,-0.9854237542919524,-0.17011767832049052,7.56164174558878,0.0,-203.0,-0.10035581331311327,0,0.0,0.0,Stable,0.0,0.0,52,0.0,False,Stable
situation_20250922_0900_cbe05b0a.pdf,2025-09-22,Other,2661,,,,,,,,,,639.0,1922.0,0.0,0.0,0.0,0.0,0.0,0.0,0.0,0.0,0.0,0.0,True,grand_total,900,2025-09-22 09:00:00,3,75.0,40.0,0.0,1,1,1,0,0,0,3.5,weather_forecast,1,0,,,,,,,,,623.5,water_level_rainfall,1,0,0.0,0,0,0,0,71.0,early_warning,general_situation_report,retain,2025-09-22 09:00:00,1052,1,2,24.0,2025-09-23 09:00:00,24.0,2125.0,694.0,0.0,0.0,True,7.56164174558878,6.461468176353717,0.0,0.0,24.0,True,2125.0,694.0,0.0,0.0,-203.0,-55.0,0.0,-0.10035581331311327,0.0,9,9,265,0,-1.0,-1.8369701987210297e-16,-0.9882042449941422,-0.15314166701312007,7.661997558901893,0.0,203.0,0.10035581331311327,0,-203.0,-0.10035581331311327,Decreasing,0.0,0.0,52,0.0,False,Decrease
situation_20250923_0900_04e82f2a.pdf,2025-09-23,Other,2748,,,,,,,,,,694.0,2125.0,0.0,0.0,0.0,0.0,9.0,0.0,0.0,0.0,0.0,0.0,True,grand_total,900,2025-09-23 09:00:00,3,,40.0,0.0,0,1,1,0,0,0,3.5,weather_forecast,1,0,,,,,,,,,647.5,water_level_rainfall,1,0,0.0,0,0,0,0,95.0,early_warning,general_situation_report,retain,2025-09-23 09:00:00,1054,1,2,24.0,2025-09-24 09:00:00,24.0,2125.0,694.0,0.0,0.0,True,7.661997558901893,6.543911845564792,0.0,0.0,24.0,True,1922.0,639.0,0.0,0.0,203.0,55.0,0.0,0.10035581331311327,0.0,9,9,266,1,-1.0,-1.8369701987210297e-16,-0.9906923101615609,-0.13612033862266704,7.661997558901893,0.0,0.0,0.0,0,203.0,0.10035581331311327,Increasing,0.7647058823529411,0.13725490196078433,51,13.725490196078432,False,Normal Increase
situation_20250924_0900_8b55a7d4.pdf,2025-09-24,Other,2756,,,,,,,,,,694.0,2125.0,0.0,0.0,0.0,0.0,0.0,0.0,0.0,0.0,0.0,0.0,True,grand_total,900,2025-09-24 09:00:00,3,50.0,40.0,0.0,1,1,1,0,0,0,3.5,weather_forecast,1,0,,,,,,,,,671.5,water_level_rainfall,1,0,0.0,0,0,0,0,119.0,early_warning,general_situation_report,retain,2025-09-24 09:00:00,1056,1,2,24.0,2025-09-25 09:00:00,24.0,2125.0,694.0,0.0,0.0,True,7.661997558901893,6.543911845564792,0.0,0.0,24.0,True,2125.0,694.0,0.0,0.0,0.0,0.0,0.0,0.0,0.0,9,9,267,2,-1.0,-1.8369701987210297e-16,-0.9928872135356962,-0.11905873003404988,7.661997558901893,0.0,0.0,0.0,0,0.0,0.0,Stable,0.0,0.0,52,0.0,False,Stable
situation_20250925_0900_ece61898.pdf,2025-09-25,Other,2756,,,,,,,,,,694.0,2125.0,0.0,0.0,0.0,0.0,0.0,0.0,0.0,0.0,0.0,0.0,True,grand_total,900,2025-09-25 09:00:00,3,100.0,50.0,0.0,1,1,1,0,0,0,3.5,weather_forecast,1,0,,,,,,,,,695.5,water_level_rainfall,1,0,0.0,0,0,0,0,143.0,early_warning,general_situation_report,retain,2025-09-25 09:00:00,1058,1,2,24.0,2025-09-26 09:00:00,24.0,2179.0,710.0,0.0,0.0,True,7.661997558901893,6.543911845564792,0.0,0.0,24.0,True,2125.0,694.0,0.0,0.0,0.0,0.0,0.0,0.0,0.0,9,9,268,3,-1.0,-1.8369701987210297e-16,-0.994788305609327,-0.10196189005174576,7.687080155783135,0.0,54.0,0.025082596881241592,0,0.0,0.0,Stable,0.0,0.0,52,0.0,False,Stable
situation_20250926_0900_9b4301ae.pdf,2025-09-26,Other,2746,,,,,,,,,,710.0,2179.0,0.0,0.0,0.0,0.0,0.0,0.0,0.0,0.0,0.0,0.0,True,grand_total,900,2025-09-26 09:00:00,7,150.0,50.0,3.0,1,1,1,0,1,0,1.0833333333333333,weather_forecast,1,0,,,,,,,,,719.5,water_level_rainfall,1,1,2.0,4,2,0,4,11.0,early_warning,general_situation_report,retain,2025-09-26 09:00:00,1059,1,2,24.0,2025-09-27 09:00:00,24.0,2179.0,710.0,0.0,0.0,True,7.687080155783135,6.566672429803241,0.0,0.0,24.0,True,2125.0,694.0,0.0,0.0,54.0,16.0,0.0,0.025082596881241592,0.0,9,9,269,4,-1.0,-1.8369701987210297e-16,-0.9963950238187231,-0.08483487790576538,7.687080155783135,0.0,0.0,0.0,0,54.0,0.025082596881241592,Increasing,0.49019607843137253,0.0196078431372549,51,1.9607843137254901,False,Normal Increase
situation_20250927_0900_508aa680.pdf,2025-09-27,Other,2771,,,,,,,,,,710.0,2179.0,0.0,0.0,0.0,0.0,0.0,0.0,0.0,0.0,0.0,0.0,True,grand_total,900,2025-09-27 09:00:00,3,75.0,50.0,0.0,1,1,1,0,0,0,3.5,weather_forecast,1,6,4.0,0.0,0.0,11.0,128.1,1.152,0.0,0.0,3.0,water_level,1,1,2.0,9,4,0,9,17.0,early_warning,general_situation_report,retain,2025-09-27 09:00:00,1061,1,2,24.0,2025-09-28 09:00:00,24.0,1976.0,655.0,0.0,0.0,True,7.687080155783135,6.566672429803241,0.0,0.0,24.0,True,2179.0,710.0,0.0,0.0,0.0,0.0,0.0,0.0,0.0,9,9,270,5,-1.0,-1.8369701987210297e-16,-0.9977068927101168,-0.06768276175455162,7.589335823170617,0.0,-203.0,-0.09774433261251758,0,0.0,0.0,Stable,0.0,0.0,52,0.0,False,Stable
situation_20250928_0900_d8e0d41e.pdf,2025-09-28,Other,2650,,,,,,,,,,655.0,1976.0,0.0,0.0,0.0,0.0,0.0,0.0,0.0,0.0,0.0,0.0,True,grand_total,900,2025-09-28 09:00:00,4,,50.0,0.0,0,1,1,0,0,0,2.0,weather_forecast,1,3,1.0,0.0,0.0,9.0,60.7,1.144,0.0,0.0,17.5,water_level,1,1,1.0,9,0,0,9,17.0,early_warning,general_situation_report,retain,2025-09-28 09:00:00,1063,1,2,24.0,2025-09-29 09:00:00,24.0,42.0,11.0,0.0,0.0,True,7.589335823170617,6.486160788944089,0.0,0.0,24.0,True,2179.0,710.0,0.0,0.0,-203.0,-55.0,0.0,-0.09774433261251758,0.0,9,9,271,6,-1.0,-1.8369701987210297e-16,-0.9987235240803972,-0.050510617185222886,3.7612001156935624,0.0,-1934.0,-3.828135707477055,0,-203.0,-0.09774433261251758,Decreasing,0.0,0.0,52,0.0,False,Decrease
situation_20250929_0900_33bf50fa.pdf,2025-09-29,"Strong Wind, Lightning",2386,,,,,,,,,,11.0,42.0,0.0,0.0,0.0,0.0,11.0,0.0,0.0,0.0,0.0,0.0,True,grand_total,900,2025-09-29 09:00:00,3,,45.0,0.0,0,1,1,0,0,0,3.5,weather_forecast,1,1,0.0,0.0,0.0,3.0,13.7,0.8779999999999999,0.0,0.0,23.5,water_level_rainfall,1,0,0.0,0,0,0,0,41.0,early_warning,general_situation_report,retain,2025-09-29 09:00:00,1065,1,1,24.0,2025-09-30 09:00:00,24.0,708.0,190.0,0.0,0.0,True,3.7612001156935624,2.4849066497880004,0.0,0.0,24.0,True,1976.0,655.0,0.0,0.0,-1934.0,-644.0,0.0,-3.828135707477055,0.0,9,9,272,0,-1.0,-1.8369701987210297e-16,-0.9994446170919858,-0.033323525711631344,6.5638555265321274,0.0,666.0,2.802655410838565,0,-1934.0,-3.828135707477055,Decreasing,0.0,0.0,51,0.0,False,Decrease
situation_20250930_0900_56192440.pdf,2025-09-30,Other,2293,,,,,,,,,,190.0,708.0,0.0,0.0,0.0,0.0,0.0,0.0,0.0,0.0,0.0,0.0,True,grand_total,900,2025-09-30 09:00:00,4,,40.0,0.0,0,0,1,0,1,0,2.0,weather_forecast,1,0,,,,,,,,,47.5,water_level_rainfall,1,0,0.0,0,0,0,0,65.0,early_warning,general_situation_report,retain,2025-09-30 09:00:00,1067,1,2,24.0,2025-10-01 09:00:00,24.0,708.0,190.0,0.0,0.0,True,6.5638555265321274,5.25227342804663,0.0,0.0,24.0,True,42.0,11.0,0.0,0.0,666.0,179.0,0.0,2.802655410838565,0.0,9,9,273,1,-1.0,-1.8369701987210297e-16,-0.9998699583618592,-0.016126573270657762,6.5638555265321274,0.0,0.0,0.0,0,666.0,2.802655410838565,Increasing,0.9,0.82,50,82.0,False,Normal Increase
situation_20251001_0900_50c1b705.pdf,2025-10-01,Other,2293,,,,,,,,,,190.0,708.0,0.0,0.0,0.0,0.0,0.0,0.0,0.0,0.0,0.0,0.0,True,grand_total,900,2025-10-01 09:00:00,3,,40.0,0.0,0,0,1,0,0,0,3.5,weather_forecast,1,0,,,,,,,,,71.5,water_level_rainfall,1,0,0.0,0,0,0,0,89.0,early_warning,general_situation_report,retain,2025-10-01 09:00:00,1068,1,2,24.0,2025-10-02 09:00:00,24.0,2531.0,852.0,0.0,0.0,True,6.5638555265321274,5.25227342804663,0.0,0.0,24.0,True,708.0,190.0,0.0,0.0,0.0,0.0,0.0,0.0,0.0,9,10,274,2,-0.8660254037844386,0.5000000000000001,-0.9999994220246925,0.001075151282798226,7.836764783264067,0.0,1823.0,1.272909256731939,0,0.0,0.0,Stable,0.0,0.0,50,0.0,False,Stable
situation_20251002_0900_3a07a3f9.pdf,2025-10-02,Other,2647,,,,,,,,,,852.0,2531.0,0.0,0.0,0.0,0.0,0.0,0.0,0.0,0.0,0.0,0.0,True,grand_total,900,2025-10-02 09:00:00,3,,40.0,0.0,0,1,1,0,0,0,3.5,weather_forecast,1,0,,,,,,,,,95.5,water_level_rainfall,1,0,0.0,0,0,0,0,113.0,early_warning,general_situation_report,retain,2025-10-02 09:00:00,1071,1,2,24.0,2025-10-03 09:00:00,24.0,2531.0,852.0,0.0,0.0,True,7.836764783264067,6.748759547491679,0.0,0.0,24.0,True,708.0,190.0,0.0,0.0,1823.0,662.0,0.0,1.272909256731939,0.0,9,10,275,3,-0.8660254037844386,0.5000000000000001,-0.999832969770105,0.018276557681691223,7.836764783264067,0.0,0.0,0.0,0,1823.0,1.272909256731939,Increasing,0.9591836734693877,0.5306122448979592,49,53.06122448979592,False,Normal Increase
situation_20251003_0900_36dc3c96.pdf,2025-10-03,Other,2647,,,,,,,,,,852.0,2531.0,0.0,0.0,0.0,0.0,0.0,0.0,0.0,0.0,0.0,0.0,True,grand_total,900,2025-10-03 09:00:00,3,50.0,,0.0,1,1,0,0,0,0,3.5,weather_forecast,1,0,,,,,,,,,119.5,water_level_rainfall,1,0,0.0,0,0,0,0,137.0,early_warning,general_situation_report,retain,2025-10-03 09:00:00,1072,1,2,24.0,2025-10-04 09:00:00,24.0,2531.0,852.0,0.0,0.0,True,7.836764783264067,6.748759547491679,0.0,0.0,24.0,True,2531.0,852.0,0.0,0.0,0.0,0.0,0.0,0.0,0.0,9,10,276,4,-0.8660254037844386,0.5000000000000001,-0.9993706508539969,0.03547255575312556,7.836764783264067,0.0,0.0,0.0,0,0.0,0.0,Stable,0.0,0.0,49,0.0,False,Stable
situation_20251004_0900_29e22d53.pdf,2025-10-04,Other,2665,,,,,,,,,,852.0,2531.0,0.0,0.0,0.0,0.0,0.0,0.0,0.0,0.0,0.0,0.0,True,grand_total,900,2025-10-04 09:00:00,5,100.0,,2.0,1,1,0,0,0,0,3.5,weather_forecast,1,0,,,,,,,,,143.5,water_level_rainfall,1,0,0.0,0,0,0,0,161.0,early_warning,general_situation_report,retain,2025-10-04 09:00:00,1074,1,2,24.0,2025-10-05 09:00:00,24.0,2531.0,852.0,0.0,0.0,True,7.836764783264067,6.748759547491679,0.0,0.0,24.0,True,2531.0,852.0,0.0,0.0,0.0,0.0,0.0,0.0,0.0,9,10,277,5,-0.8660254037844386,0.5000000000000001,-0.9986126020839734,0.052658056924614005,7.836764783264067,0.0,0.0,0.0,0,0.0,0.0,Stable,0.0,0.0,48,0.0,False,Stable
situation_20251005_0900_e96af9cf.pdf,2025-10-05,Other,2672,,,,,,,,,,852.0,2531.0,0.0,0.0,0.0,0.0,0.0,0.0,0.0,0.0,0.0,0.0,True,grand_total,900,2025-10-05 09:00:00,4,100.0,,2.0,1,1,0,0,0,0,3.5,weather_forecast,1,0,,,,,,,,,167.5,water_level_rainfall,1,1,1.0,5,0,0,5,15.0,early_warning,general_situation_report,retain,2025-10-05 09:00:00,1077,1,2,24.0,2025-10-06 09:00:00,24.0,2531.0,852.0,0.0,0.0,True,7.836764783264067,6.748759547491679,0.0,0.0,24.0,True,2531.0,852.0,0.0,0.0,0.0,0.0,0.0,0.0,0.0,9,10,278,6,-0.8660254037844386,0.5000000000000001,-0.9975590477788613,0.06982797572987089,7.836764783264067,0.0,0.0,0.0,0,0.0,0.0,Stable,0.0,0.0,47,0.0,False,Stable
situation_20251006_0900_38906902.pdf,2025-10-06,Other,2672,,,,,,,,,,852.0,2531.0,0.0,0.0,0.0,0.0,0.0,0.0,0.0,0.0,0.0,0.0,True,grand_total,900,2025-10-06 09:00:00,4,50.0,,2.0,1,1,0,0,0,0,3.5,weather_forecast,1,0,,,,,,,,,191.5,water_level_rainfall,1,1,1.0,5,0,0,5,15.0,early_warning,general_situation_report,retain,2025-10-06 09:00:00,1079,1,2,24.0,2025-10-07 09:00:00,24.0,2531.0,852.0,0.0,0.0,True,7.836764783264067,6.748759547491679,0.0,0.0,24.0,True,2531.0,852.0,0.0,0.0,0.0,0.0,0.0,0.0,0.0,9,10,279,0,-0.8660254037844386,0.5000000000000001,-0.9962102997023297,0.0869772313136861,7.836764783264067,0.0,0.0,0.0,0,0.0,0.0,Stable,0.0,0.0,46,0.0,False,Stable
situation_20251007_0900_bf28b13b.pdf,2025-10-07,Other,2648,,,,,,,,,,852.0,2531.0,0.0,0.0,0.0,0.0,0.0,0.0,0.0,0.0,0.0,0.0,True,grand_total,900,2025-10-07 09:00:00,4,50.0,,2.0,1,1,0,0,0,0,3.5,weather_forecast,1,0,,,,,,,,,215.5,water_level_rainfall,1,0,0.0,0,0,0,0,39.0,early_warning,general_situation_report,retain,2025-10-07 09:00:00,1081,1,2,24.0,2025-10-08 09:00:00,24.0,2531.0,852.0,0.0,0.0,True,7.836764783264067,6.748759547491679,0.0,0.0,24.0,True,2531.0,852.0,0.0,0.0,0.0,0.0,0.0,0.0,0.0,9,10,280,1,-0.8660254037844386,0.5000000000000001,-0.9945667569706337,0.1041007489354256,7.836764783264067,0.0,0.0,0.0,0,0.0,0.0,Stable,0.0,0.0,46,0.0,False,Stable
situation_20251008_0900_329dd9ea.pdf,2025-10-08,Other,2647,,,,,,,,,,852.0,2531.0,0.0,0.0,0.0,0.0,0.0,0.0,0.0,0.0,0.0,0.0,True,grand_total,900,2025-10-08 09:00:00,5,50.0,,2.0,1,1,0,0,0,0,3.5,weather_forecast,1,0,,,,,,,,,239.5,water_level_rainfall,1,0,0.0,0,0,0,0,63.0,early_warning,general_situation_report,retain,2025-10-08 09:00:00,1082,1,2,24.0,2025-10-09 09:00:00,24.0,2531.0,852.0,0.0,0.0,True,7.836764783264067,6.748759547491679,0.0,0.0,24.0,True,2531.0,852.0,0.0,0.0,0.0,0.0,0.0,0.0,0.0,9,10,281,2,-0.8660254037844386,0.5000000000000001,-0.9926289059345095,0.121193461470736,7.836764783264067,0.0,0.0,0.0,0,0.0,0.0,Stable,0.0,0.0,45,0.0,False,Stable
situation_20251009_0900_60b0a466.pdf,2025-10-09,Other,2644,,,,,,,,,,852.0,2531.0,0.0,0.0,0.0,0.0,0.0,0.0,0.0,0.0,0.0,0.0,True,grand_total,900,2025-10-09 09:00:00,4,,,2.0,0,1,0,0,0,0,3.5,weather_forecast,1,0,,,,,,,,,263.5,water_level_rainfall,1,0,0.0,0,0,0,0,87.0,early_warning,general_situation_report,retain,2025-10-09 09:00:00,1084,1,2,24.0,2025-10-10 09:00:00,24.0,1263.0,387.0,0.0,0.0,True,7.836764783264067,6.748759547491679,0.0,0.0,24.0,True,2531.0,852.0,0.0,0.0,0.0,0.0,0.0,0.0,0.0,9,10,282,3,-0.8660254037844386,0.5000000000000001,-0.9903973200352558,0.1382503109109819,7.142036574706803,0.0,-1268.0,-0.6947282085572635,0,0.0,0.0,Stable,0.0,0.0,45,0.0,False,Stable
situation_20251010_0900_d18f210c.pdf,2025-10-10,Other,2728,,,,,,,,,,387.0,1263.0,0.0,0.0,0.0,0.0,0.0,0.0,0.0,0.0,0.0,0.0,True,grand_total,900,2025-10-10 09:00:00,5,,,2.0,0,1,0,0,0,0,3.5,weather_forecast,1,0,,,,,,,,,287.5,water_level_rainfall,1,0,0.0,0,0,0,0,111.0,early_warning,general_situation_report,retain,2025-10-10 09:00:00,1087,1,2,24.0,2025-10-11 09:00:00,24.0,0.0,0.0,0.0,0.0,True,7.142036574706803,5.961005339623274,0.0,0.0,24.0,True,2531.0,852.0,0.0,0.0,-1268.0,-465.0,0.0,-0.6947282085572635,0.0,9,10,283,4,-0.8660254037844386,0.5000000000000001,-0.9878726596350429,0.15526624985999563,0.0,0.0,-1263.0,-7.142036574706803,0,-1268.0,-0.6947282085572635,Decreasing,0.0,0.0,44,0.0,False,Decrease
situation_20251011_0900_9f706ebd.pdf,2025-10-11,Other,2299,,,,,,,,,,0.0,0.0,0.0,0.0,0.0,0.0,0.0,0.0,0.0,0.0,0.0,0.0,True,grand_total,900,2025-10-11 09:00:00,4,50.0,,2.0,1,1,0,0,0,0,3.5,weather_forecast,1,0,,,,,,,,,311.5,water_level_rainfall,1,0,0.0,0,0,0,0,135.0,early_warning,general_situation_report,retain,2025-10-11 09:00:00,1088,1,1,24.0,2025-10-12 09:00:00,24.0,2531.0,852.0,0.0,0.0,True,0.0,0.0,0.0,0.0,24.0,True,1263.0,387.0,0.0,0.0,-1263.0,-387.0,0.0,-7.142036574706803,0.0,9,10,284,5,-0.8660254037844386,0.5000000000000001,-0.9850556718215013,0.172236243027682,7.836764783264067,0.0,2531.0,7.836764783264067,0,-1263.0,-7.142036574706803,Decreasing,0.0,0.0,44,0.0,False,Decrease
situation_20251012_0900_951f1f9e.pdf,2025-10-12,Other,2750,,,,,,,,,,852.0,2531.0,0.0,0.0,0.0,0.0,0.0,0.0,0.0,0.0,0.0,0.0,True,grand_total,900,2025-10-12 09:00:00,4,50.0,,2.0,1,1,0,0,0,0,3.5,weather_forecast,1,0,,,,,,,,,335.5,water_level_rainfall,1,0,0.0,0,0,0,0,159.0,early_warning,general_situation_report,retain,2025-10-12 09:00:00,1090,1,2,24.0,2025-10-13 09:00:00,24.0,2531.0,852.0,0.0,0.0,True,7.836764783264067,6.748759547491679,0.0,0.0,24.0,True,0.0,0.0,0.0,0.0,2531.0,852.0,0.0,7.836764783264067,0.0,9,10,285,6,-0.8660254037844386,0.5000000000000001,-0.981947190186646,0.18915526872004093,7.836764783264067,0.0,0.0,0.0,0,2531.0,7.836764783264067,Increasing,1.0,1.0,44,100.0,True,Rapid Growth Anomaly
situation_20251013_0900_0636a91d.pdf,2025-10-13,Other,2743,,,,,,,,,,852.0,2531.0,0.0,0.0,0.0,0.0,0.0,0.0,0.0,0.0,0.0,0.0,True,grand_total,900,2025-10-13 09:00:00,4,75.0,,2.0,1,1,0,0,0,0,3.5,weather_forecast,1,0,,,,,,,,,359.5,water_level_rainfall,1,0,0.0,0,0,0,0,183.0,early_warning,general_situation_report,retain,2025-10-13 09:00:00,1092,1,2,24.0,2025-10-14 09:00:00,24.0,2785.0,932.0,0.0,0.0,True,7.836764783264067,6.748759547491679,0.0,0.0,24.0,True,2531.0,852.0,0.0,0.0,0.0,0.0,0.0,0.0,0.0,9,10,286,0,-0.8660254037844386,0.5000000000000001,-0.9785481345802031,0.20601832032517084,7.932362154339751,0.0,254.0,0.09559737107568456,0,0.0,0.0,Stable,0.0,0.0,45,0.0,False,Stable
situation_20251014_0900_14b03728.pdf,2025-10-14,Other,2741,,,,,,,,,,932.0,2785.0,0.0,0.0,0.0,0.0,0.0,0.0,0.0,0.0,0.0,0.0,True,grand_total,900,2025-10-14 09:00:00,4,100.0,,2.0,1,1,0,0,0,0,3.5,weather_forecast,1,0,,,,,,,,,383.5,water_level_rainfall,1,1,2.0,7,2,0,7,12.0,early_warning,general_situation_report,retain,2025-10-14 09:00:00,1093,1,2,24.0,2025-10-15 09:00:00,24.0,2785.0,932.0,0.0,0.0,True,7.932362154339751,6.838405200847344,0.0,0.0,24.0,True,2531.0,852.0,0.0,0.0,254.0,80.0,0.0,0.09559737107568456,0.0,9,10,287,1,-0.8660254037844386,0.5000000000000001,-0.9748595108374125,0.22282040779479959,7.932362154339751,0.0,0.0,0.0,0,254.0,0.09559737107568456,Increasing,0.8666666666666667,0.08888888888888889,45,8.88888888888889,False,Normal Increase
situation_20251015_0900_85e4e054.pdf,2025-10-15,Other,2738,,,,,,,,,,932.0,2785.0,0.0,0.0,0.0,0.0,0.0,0.0,0.0,0.0,0.0,0.0,True,grand_total,900,2025-10-15 09:00:00,6,100.0,,2.0,1,1,0,0,0,0,3.5,weather_forecast,1,0,,,,,,,,,407.5,water_level_rainfall,1,0,0.0,0,0,0,0,36.0,early_warning,general_situation_report,retain,2025-10-15 09:00:00,1096,1,2,24.0,2025-10-16 09:00:00,24.0,2785.0,932.0,0.0,0.0,True,7.932362154339751,6.838405200847344,0.0,0.0,24.0,True,2785.0,932.0,0.0,0.0,0.0,0.0,0.0,0.0,0.0,9,10,288,2,-0.8660254037844386,0.5000000000000001,-0.9708824104813836,0.23955655912092708,7.932362154339751,0.0,0.0,0.0,0,0.0,0.0,Stable,0.0,0.0,45,0.0,False,Stable
situation_20251016_0900_abd50e16.pdf,2025-10-16,Other,2741,,,,,,,,,,932.0,2785.0,0.0,0.0,0.0,0.0,0.0,0.0,0.0,0.0,0.0,0.0,True,grand_total,900,2025-10-16 09:00:00,4,100.0,,2.0,1,1,0,0,0,0,3.5,weather_forecast,1,1,0.0,0.0,0.0,5.0,109.0,0.818,0.0,0.0,23.5,water_level,1,1,1.0,7,0,0,7,13.5,early_warning,general_situation_report,retain,2025-10-16 09:00:00,1097,1,2,24.0,2025-10-17 09:00:00,24.0,2785.0,932.0,0.0,0.0,True,7.932362154339751,6.838405200847344,0.0,0.0,24.0,True,2785.0,932.0,0.0,0.0,0.0,0.0,0.0,0.0,0.0,9,10,289,3,-0.8660254037844386,0.5000000000000001,-0.9666180104000972,0.2562218218071163,7.932362154339751,0.0,0.0,0.0,0,0.0,0.0,Stable,0.0,0.0,44,0.0,False,Stable
situation_20251017_0900_e3072190.pdf,2025-10-17,Other,2740,,,,,,,,,,932.0,2785.0,0.0,0.0,0.0,0.0,0.0,0.0,0.0,0.0,0.0,0.0,True,grand_total,900,2025-10-17 09:00:00,5,75.0,,2.0,1,1,0,0,0,0,2.0,weather_forecast,1,0,,,,,,,,,47.5,water_level,1,0,0.0,0,0,0,0,37.5,early_warning,general_situation_report,retain,2025-10-17 09:00:00,1099,1,2,24.0,2025-10-18 09:00:00,24.0,2785.0,932.0,0.0,0.0,True,7.932362154339751,6.838405200847344,0.0,0.0,24.0,True,2785.0,932.0,0.0,0.0,0.0,0.0,0.0,0.0,0.0,9,10,290,4,-0.8660254037844386,0.5000000000000001,-0.9620675724981452,0.27281126433401914,7.932362154339751,0.0,0.0,0.0,0,0.0,0.0,Stable,0.0,0.0,43,0.0,False,Stable
situation_20251018_0900_43507407.pdf,2025-10-18,Other,2759,,,,,,,,,,932.0,2785.0,0.0,0.0,0.0,0.0,0.0,0.0,0.0,0.0,0.0,0.0,True,grand_total,900,2025-10-18 09:00:00,5,100.0,,2.0,1,1,0,0,0,0,3.5,weather_forecast,1,0,,,,,,,,,71.5,water_level,1,1,2.0,11,3,0,11,13.5,early_warning,general_situation_report,retain,2025-10-18 09:00:00,1102,1,2,24.0,2025-10-19 09:00:00,24.0,555.0,197.0,0.0,0.0,True,7.932362154339751,6.838405200847344,0.0,0.0,24.0,True,2785.0,932.0,0.0,0.0,0.0,0.0,0.0,0.0,0.0,9,10,291,5,-0.8660254037844386,0.5000000000000001,-0.957232443323312,0.28931997761869527,6.320768294250582,0.0,-2230.0,-1.6115938600891688,0,0.0,0.0,Stable,0.0,0.0,42,0.0,False,Stable
situation_20251019_0900_a96033dc.pdf,2025-10-19,Other,2365,,,,,,,,,,197.0,555.0,0.0,0.0,0.0,0.0,0.0,0.0,0.0,0.0,0.0,0.0,True,grand_total,900,2025-10-19 09:00:00,6,100.0,,2.0,1,1,0,0,0,0,0.5,heavy_rain,1,0,,,,,,,,,95.5,water_level,1,1,1.0,6,0,0,6,14.0,early_warning,general_situation_report,retain,2025-10-19 09:00:00,1104,1,2,24.0,2025-10-20 09:00:00,24.0,585.0,144.0,0.0,0.0,True,6.320768294250582,5.288267030694535,0.0,0.0,24.0,True,2785.0,932.0,0.0,0.0,-2230.0,-735.0,0.0,-1.6115938600891688,0.0,9,10,292,6,-0.8660254037844386,0.5000000000000001,-0.9521140536681102,0.3057430764672831,6.373319789577012,0.0,30.0,0.05255149532642989,0,-2230.0,-1.6115938600891688,Decreasing,0.0,0.0,42,0.0,False,Decrease
situation_20251020_0900_250bc174.pdf,2025-10-20,"Flood, Heavy Rain, Strong Wind",2875,,,,,,,,,,144.0,585.0,1.0,0.0,0.0,0.0,111.0,0.0,10.0,0.0,0.0,0.0,True,grand_total,900,2025-10-20 09:00:00,5,100.0,,2.0,1,1,0,0,0,0,0.5,heavy_rain,1,3,0.0,0.0,0.0,4.0,105.0,0.92,1.0,0.0,3.5,flood_warning,1,1,2.0,9,2,0,9,11.5,early_warning,general_situation_report,retain,2025-10-20 09:00:00,1105,1,2,24.0,2025-10-21 10:00:00,25.0,731.0,180.0,0.0,0.0,True,6.373319789577012,4.976733742420574,0.0,0.0,24.0,True,555.0,197.0,0.0,0.0,30.0,-53.0,0.0,0.05255149532642989,0.0,9,10,293,0,-0.8660254037844386,0.5000000000000001,-0.9467139181463862,0.3220757010206104,6.595780513961311,0.0,146.0,0.2224607243842991,0,30.0,0.05255149532642989,Increasing,0.4634146341463415,0.024390243902439025,41,2.4390243902439024,False,Normal Increase
situation_20251021_1000_4d66abc1.pdf,2025-10-21,"Flood, Landslide, Heavy Rain, Strong Wind, Lightning",4033,,,,,,,,,,180.0,731.0,2.0,0.0,0.0,1.0,152.0,0.0,10.0,0.0,0.0,0.0,True,grand_total,1000,2025-10-21 10:00:00,4,150.0,,3.0,1,1,0,1,0,0,1.0,heavy_rain,1,7,2.0,1.0,0.0,23.0,201.0,1.314,0.0,0.0,0.5,water_level,1,1,2.0,11,5,0,11,4.5,early_warning,general_situation_report,retain,2025-10-21 10:00:00,1107,1,2,25.0,2025-10-22 11:00:00,25.0,9542.0,2395.0,1.0,30.0,True,6.595780513961311,5.198497031265826,0.0,0.0,25.0,True,585.0,144.0,0.0,0.0,146.0,36.0,0.0,0.2224607243842991,0.0,10,10,294,1,-0.8660254037844386,0.5000000000000001,-0.9410336347451197,0.3383130181923076,9.163563180417254,3.4339872044851463,8811.0,2.567782666455943,1,146.0,0.2224607243842991,Increasing,0.7317073170731707,0.21951219512195122,41,21.951219512195124,False,Normal Increase
situation_20251022_1100_b8cfca64.pdf,2025-10-22,"Flood, Landslide, Heavy Rain, Strong Wind, Lightning",8156,,,,,,,,,,2395.0,9542.0,4.0,0.0,0.0,2.0,422.0,0.0,11.0,1.0,8.0,30.0,True,grand_total,1100,2025-10-22 11:00:00,4,100.0,40.0,0.0,1,1,1,0,1,0,5.5,weather_forecast,1,9,1.0,0.0,0.0,13.0,48.3,1.063157894736842,1.0,0.0,2.0,water_level,1,1,2.0,11,5,0,11,18.0,early_warning,general_situation_report,retain,2025-10-22 11:00:00,1109,1,1,25.0,2025-10-23 11:00:00,24.0,12142.0,3036.0,1.0,30.0,True,9.163563180417254,7.78155595923534,0.6931471805599453,3.4339872044851463,25.0,True,731.0,180.0,0.0,0.0,8811.0,2215.0,30.0,2.567782666455943,3.4339872044851463,11,10,295,2,-0.8660254037844386,0.5000000000000001,-0.9350748843515574,0.3544502230989869,9.404508151053818,3.4339872044851463,2600.0,0.24094497063656384,1,8811.0,2.567782666455943,Increasing,1.0,0.6904761904761905,42,69.04761904761905,False,Normal Increase
situation_20251023_1100_30088458.pdf,2025-10-23,"Flood, Landslide, Heavy Rain, Strong Wind, Lightning",9133,,,,,,,,,,3036.0,12142.0,4.0,0.0,0.0,2.0,481.0,0.0,11.0,1.0,8.0,30.0,True,grand_total,1100,2025-10-23 11:00:00,3,75.0,50.0,0.0,1,1,1,1,1,0,5.5,weather_forecast,1,8,2.0,0.0,0.0,24.0,100.8,1.09,1.0,0.0,1.5,water_level,1,1,2.0,11,5,0,11,19.0,early_warning,general_situation_report,retain,2025-10-23 11:00:00,1110,1,1,24.0,2025-10-24 10:00:00,23.0,21778.0,5361.0,1.0,30.0,True,9.404508151053818,8.01862546504575,0.6931471805599453,3.4339872044851463,24.0,True,9542.0,2395.0,1.0,30.0,2600.0,641.0,0.0,0.24094497063656384,0.0,11,10,296,3,-0.8660254037844386,0.5000000000000001,-0.9288394302558068,0.3704825404820963,9.988701481750608,3.4339872044851463,9636.0,0.5841933306967899,1,2600.0,0.24094497063656384,Increasing,0.9767441860465116,0.23255813953488372,43,23.25581395348837,False,Normal Increase
situation_20251024_1000_72eed757.pdf,2025-10-24,"Flood, Landslide, Heavy Rain, Strong Wind, Lightning",10911,,,,,,,,,,5361.0,21778.0,4.0,0.0,0.0,2.0,591.0,0.0,11.0,1.0,8.0,30.0,True,grand_total,1000,2025-10-24 10:00:00,3,75.0,50.0,0.0,1,1,1,1,0,0,4.5,weather_forecast,1,7,3.0,0.0,0.0,19.0,19.6,1.21,0.0,0.0,1.0,water_level,1,1,2.0,11,5,0,11,18.0,early_warning,general_situation_report,retain,2025-10-24 10:00:00,1111,1,1,23.0,2025-10-25 09:00:00,23.0,22620.0,5579.0,1.0,30.0,True,9.988701481750608,8.587092318795905,0.6931471805599453,3.4339872044851463,23.0,True,12142.0,3036.0,1.0,30.0,9636.0,2325.0,0.0,0.5841933306967899,0.0,10,10,297,4,-0.8660254037844386,0.5000000000000001,-0.9223291176290545,0.3864052261209853,10.026633957357836,3.4339872044851463,842.0,0.0379324756072279,1,9636.0,0.5841933306967899,Increasing,1.0,0.36363636363636365,44,36.36363636363637,False,Normal Increase
situation_20251025_0900_793fb866.pdf,2025-10-25,"Flood, Landslide, Heavy Rain, Strong Wind, Lightning",11952,,,,,,,,,,5579.0,22620.0,4.0,0.0,0.0,2.0,697.0,0.0,12.0,1.0,8.0,30.0,True,grand_total,900,2025-10-25 09:00:00,3,75.0,50.0,0.0,1,1,1,0,1,1,3.5,weather_forecast,1,7,2.0,0.0,0.0,17.0,70.0,1.192,0.0,0.0,2.5,water_level,1,1,2.0,10,4,0,10,17.0,early_warning,general_situation_report,retain,2025-10-25 09:00:00,1112,1,1,23.0,2025-10-26 10:30:00,25.5,31623.0,7944.0,4.0,544.0,True,10.026633957357836,8.626944055375356,0.6931471805599453,3.4339872044851463,23.0,True,21778.0,5361.0,1.0,30.0,842.0,218.0,0.0,0.0379324756072279,0.0,9,10,298,5,-0.8660254037844386,0.5000000000000001,-0.9155458729775467,0.40221356823680365,10.361671604976522,6.300785794663244,9003.0,0.3350376476186856,1,842.0,0.0379324756072279,Increasing,0.8666666666666667,0.022222222222222223,45,2.2222222222222223,False,Normal Increase
situation_20251026_1030_7ac503db.pdf,2025-10-26,"Flood, Landslide, Heavy Rain, Strong Wind, Cyclone, Lightning",13526,,,,,,,,,,7944.0,31623.0,4.0,0.0,0.0,5.0,847.0,0.0,11.0,4.0,132.0,544.0,True,grand_total,1030,2025-10-26 10:30:00,4,100.0,60.0,2.0,1,1,1,0,1,1,2.0,strong_wind,1,10,5.0,1.0,0.0,20.0,16.9,1.3119999999999998,1.0,0.0,1.0,water_level_rainfall,1,1,2.0,10,4,0,10,18.5,early_warning,general_situation_report,retain,2025-10-26 10:30:00,1113,1,1,25.5,2025-10-27 09:00:00,22.5,31628.0,7945.0,4.0,544.0,True,10.361671604976522,8.980298078970817,1.6094379124341003,6.300785794663244,25.5,True,22620.0,5579.0,1.0,30.0,9003.0,2365.0,514.0,0.3350376476186856,2.8667985901780977,10,10,299,6,-0.8660254037844386,0.5000000000000001,-0.9084917035725082,0.41790288888678667,10.361829700245059,6.300785794663244,5.0,0.00015809526853693967,1,9003.0,0.3350376476186856,Increasing,0.9782608695652174,0.2826086956521739,46,28.26086956521739,False,Normal Increase
situation_20251027_0900_b89b91ad.pdf,2025-10-27,"Flood, Landslide, Heavy Rain, Strong Wind, Cyclone, Lightning",13398,,,,,,,,,,7945.0,31628.0,4.0,0.0,0.0,5.0,847.0,0.0,11.0,4.0,132.0,544.0,True,grand_total,900,2025-10-27 09:00:00,4,,60.0,2.0,0,1,1,0,1,1,0.5,strong_wind,1,4,1.0,0.0,0.0,5.0,16.9,1.296,0.0,0.0,0.0,water_level,1,1,2.0,10,4,0,10,17.0,early_warning,general_situation_report,retain,2025-10-27 09:00:00,1114,1,1,22.5,2025-10-28 09:00:00,24.0,16726.0,4136.0,1.0,10.0,True,10.361829700245059,8.980423936374544,1.6094379124341003,6.300785794663244,22.5,True,31623.0,7944.0,4.0,544.0,5.0,1.0,0.0,0.00015809526853693967,0.0,9,10,300,0,-0.8660254037844386,0.5000000000000001,-0.9011686968561569,0.4334685453485363,9.724779459312009,2.3978952727983707,-14902.0,-0.6370502409330498,1,5.0,0.00015809526853693967,Increasing,0.17391304347826086,0.0,46,0.0,False,Normal Increase
situation_20251028_0900_e639eb83.pdf,2025-10-28,"Flood, Landslide, Heavy Rain, Strong Wind, Cyclone, Lightning",11335,,,,,,,,,,4136.0,16726.0,4.0,0.0,0.0,4.0,740.0,0.0,11.0,1.0,3.0,10.0,True,grand_total,900,2025-10-28 09:00:00,4,,60.0,0.0,0,1,1,0,1,1,2.0,weather_forecast,1,2,1.0,0.0,0.0,1.0,0.0,1.148,1.0,0.0,18.0,flood_warning,1,1,2.0,10,4,0,10,17.0,early_warning,general_situation_report,retain,2025-10-28 09:00:00,1115,1,1,24.0,2025-10-29 09:00:00,24.0,15146.0,3741.0,0.0,0.0,True,9.724779459312009,8.327726166461412,0.6931471805599453,2.3978952727983707,24.0,True,31628.0,7945.0,4.0,544.0,-14902.0,-3809.0,-534.0,-0.6370502409330498,-3.9028905218648733,9,10,301,1,-0.8660254037844386,0.5000000000000001,-0.8935790198239952,0.4489059314938798,9.625557771527026,0.0,-1580.0,-0.09922168778498275,0,-14902.0,-0.6370502409330498,Decreasing,0.0,0.0,46,0.0,False,Decrease
situation_20251029_0900_401f78ea.pdf,2025-10-29,"Flood, Landslide, Heavy Rain, Strong Wind, Cyclone, Lightning",10371,,,,,,,,,,3741.0,15146.0,4.0,0.0,0.0,4.0,668.0,0.0,10.0,0.0,0.0,0.0,True,grand_total,900,2025-10-29 09:00:00,4,,60.0,2.0,0,1,1,0,0,1,3.5,weather_forecast,1,0,,,,,,,,,42.0,flood_warning,1,1,1.0,4,0,0,4,17.0,early_warning,general_situation_report,retain,2025-10-29 09:00:00,1116,1,1,24.0,2025-10-30 09:00:00,24.0,15155.0,3744.0,0.0,0.0,True,9.625557771527026,8.227375506834035,0.0,0.0,24.0,True,16726.0,4136.0,1.0,10.0,-1580.0,-395.0,-10.0,-0.09922168778498275,-2.3978952727983707,9,10,302,2,-0.8660254037844386,0.5000000000000001,-0.8857249183835637,0.4642104791518923,9.626151772138492,0.0,9.0,0.0005940006114659724,0,-1580.0,-0.09922168778498275,Decreasing,0.0,0.0,46,0.0,False,Decrease
situation_20251030_0900_48945be0.pdf,2025-10-30,"Flood, Landslide, Heavy Rain, Strong Wind, Cyclone, Lightning",10290,,,,,,,,,,3744.0,15155.0,4.0,0.0,0.0,4.0,671.0,0.0,10.0,0.0,0.0,0.0,True,grand_total,900,2025-10-30 09:00:00,4,,,0.0,0,1,0,0,0,0,2.0,weather_forecast,1,0,,,,,,,,,66.0,flood_warning,1,0,0.0,0,0,0,0,41.0,early_warning,general_situation_report,retain,2025-10-30 09:00:00,1117,1,1,24.0,2025-11-01 09:00:00,48.0,0.0,0.0,0.0,0.0,True,9.626151772138492,8.22817689595132,0.0,0.0,24.0,True,15146.0,3741.0,0.0,0.0,9.0,3.0,0.0,0.0005940006114659724,0.0,9,10,303,3,-0.8660254037844386,0.5000000000000001,-0.8776087166898392,0.4793776594606945,0.0,0.0,-15155.0,-9.626151772138492,0,9.0,0.0005940006114659724,Increasing,0.2826086956521739,0.021739130434782608,46,2.1739130434782608,False,Normal Increase
situation_20251101_0900_2fbe1e97.pdf,2025-11-01,Other,2345,,,,,,,,,,0.0,0.0,0.0,0.0,0.0,0.0,0.0,0.0,0.0,0.0,0.0,0.0,True,grand_total,900,2025-11-01 09:00:00,3,,,0.0,0,1,0,0,0,0,3.5,weather_forecast,1,0,,,,,,,,,47.5,water_level,1,0,0.0,0,0,0,0,89.0,early_warning,general_situation_report,retain,2025-11-01 09:00:00,1118,1,1,48.0,2025-11-02 09:00:00,24.0,4.0,1.0,0.0,0.0,True,0.0,0.0,0.0,0.0,48.0,True,15155.0,3744.0,0.0,0.0,-15155.0,-3744.0,0.0,-9.626151772138492,0.0,9,11,305,5,-0.5000000000000004,0.8660254037844384,-0.8605996962501181,0.5092820071573356,1.6094379124341003,0.0,4.0,1.6094379124341003,0,-15155.0,-9.626151772138492,Decreasing,0.0,0.0,47,0.0,False,Decrease
situation_20251102_0900_850dccbb.pdf,2025-11-02,Other,2399,,,,,,,,,,1.0,4.0,1.0,0.0,0.0,0.0,0.0,0.0,0.0,0.0,0.0,0.0,True,grand_total,900,2025-11-02 09:00:00,3,,,0.0,0,1,0,0,0,0,3.5,weather_forecast,1,1,0.0,0.0,0.0,9.0,7.3,0.6333333333333333,0.0,0.0,23.0,water_level_rainfall,1,0,0.0,0,0,0,0,113.0,early_warning,general_situation_report,retain,2025-11-02 09:00:00,1119,1,1,24.0,2025-11-03 09:00:00,24.0,0.0,0.0,0.0,0.0,True,1.6094379124341003,0.6931471805599453,0.0,0.0,24.0,True,0.0,0.0,0.0,0.0,4.0,1.0,0.0,1.6094379124341003,0.0,9,11,306,6,-0.5000000000000004,0.8660254037844384,-0.8517119107469189,0.5240103253675756,0.0,0.0,-4.0,-1.6094379124341003,0,4.0,1.6094379124341003,Increasing,0.1702127659574468,0.5957446808510638,47,17.02127659574468,False,Normal Increase
situation_20251103_0900_60d4a413.pdf,2025-11-03,Other,2323,,,,,,,,,,0.0,0.0,0.0,0.0,0.0,0.0,0.0,0.0,0.0,0.0,0.0,0.0,True,grand_total,900,2025-11-03 09:00:00,3,,,0.0,0,1,0,0,0,0,3.5,weather_forecast,1,1,0.0,0.0,0.0,8.0,44.5,0.626,0.0,0.0,0.0,water_level_rainfall,1,0,0.0,0,0,0,0,137.0,early_warning,general_situation_report,retain,2025-11-03 09:00:00,1120,1,1,24.0,2025-11-04 09:00:00,24.0,19.0,4.0,0.0,0.0,True,0.0,0.0,0.0,0.0,24.0,True,4.0,1.0,0.0,0.0,-4.0,-1.0,0.0,-1.6094379124341003,0.0,9,11,307,0,-0.5000000000000004,0.8660254037844384,-0.8425720899866032,0.5385835804920232,2.995732273553991,0.0,19.0,2.995732273553991,0,-4.0,-1.6094379124341003,Decreasing,0.0,0.0,48,0.0,False,Decrease
situation_20251104_0900_a3c2f6c8.pdf,2025-11-04,Other,2371,,,,,,,,,,4.0,19.0,1.0,3.0,0.0,0.0,0.0,0.0,0.0,0.0,0.0,0.0,True,grand_total,900,2025-11-04 09:00:00,3,,,0.0,0,1,0,0,0,0,3.5,weather_forecast,1,1,0.0,0.0,0.0,8.0,44.5,0.626,0.0,0.0,24.0,water_level_rainfall,1,0,0.0,0,0,0,0,161.0,early_warning,general_situation_report,retain,2025-11-04 09:00:00,1121,1,1,24.0,2025-11-06 09:00:00,48.0,44.0,12.0,0.0,0.0,True,2.995732273553991,1.6094379124341003,0.0,0.0,24.0,True,0.0,0.0,0.0,0.0,19.0,4.0,0.0,2.995732273553991,0.0,9,11,308,1,-0.5000000000000004,0.8660254037844384,-0.8331829385891785,0.5529974600700271,3.8066624897703196,0.0,25.0,0.8109302162163288,0,19.0,2.995732273553991,Increasing,0.3617021276595745,0.851063829787234,47,36.17021276595745,False,Normal Increase
situation_20251106_0900_166b177f.pdf,2025-11-06,Strong Wind,2673,,,,,,,,,,12.0,44.0,0.0,1.0,1.0,0.0,11.0,0.0,0.0,0.0,0.0,0.0,True,grand_total,900,2025-11-06 09:00:00,3,,,0.0,0,1,0,0,0,0,3.5,weather_forecast,1,1,0.0,0.0,0.0,13.0,61.1,0.6166666666666667,0.0,0.0,0.0,water_level,1,0,0.0,0,0,0,0,209.0,early_warning,general_situation_report,retain,2025-11-06 09:00:00,1122,1,1,48.0,2025-11-07 09:00:00,24.0,0.0,0.0,0.0,0.0,True,3.8066624897703196,2.5649493574615367,0.0,0.0,48.0,True,19.0,4.0,0.0,0.0,25.0,8.0,0.0,0.8109302162163288,0.0,9,11,310,3,-0.5000000000000004,0.8660254037844384,-0.8136678304455991,0.5813300798152042,0.0,0.0,-44.0,-3.8066624897703196,0,25.0,0.8109302162163288,Increasing,0.4166666666666667,0.4791666666666667,48,41.66666666666667,False,Normal Increase
situation_20251107_0900_d1061f8f.pdf,2025-11-07,Other,2399,,,,,,,,,,0.0,0.0,5.0,0.0,0.0,0.0,0.0,0.0,0.0,0.0,0.0,0.0,True,grand_total,900,2025-11-07 09:00:00,4,75.0,,2.0,1,1,0,0,0,0,3.5,weather_forecast,1,1,0.0,0.0,0.0,13.0,61.1,0.6166666666666667,0.0,0.0,24.0,water_level,1,1,2.0,3,2,0,3,20.5,early_warning,general_situation_report,retain,2025-11-07 09:00:00,1123,1,1,24.0,2025-11-08 09:00:00,24.0,2.0,1.0,0.0,0.0,True,0.0,0.0,0.0,0.0,24.0,True,44.0,12.0,0.0,0.0,-44.0,-12.0,0.0,-3.8066624897703196,0.0,9,11,311,4,-0.5000000000000004,0.8660254037844384,-0.8035476485339116,0.5952404359043674,1.0986122886681098,0.0,2.0,1.0986122886681098,0,-44.0,-3.8066624897703196,Decreasing,0.0,0.0,49,0.0,False,Decrease
situation_20251108_0900_80b2b1cc.pdf,2025-11-08,Other,2684,,,,,,,,,,1.0,2.0,1.0,0.0,0.0,0.0,1.0,1.0,0.0,0.0,0.0,0.0,True,grand_total,900,2025-11-08 09:00:00,3,75.0,,0.0,1,1,0,0,0,0,3.5,weather_forecast,1,0,,,,,,,,,48.0,water_level,1,1,1.0,3,0,0,3,20.5,warning,general_situation_report,retain,2025-11-08 09:00:00,1124,1,1,24.0,2025-11-09 09:00:00,24.0,0.0,0.0,0.0,0.0,True,1.0986122886681098,0.6931471805599453,0.0,0.0,24.0,True,0.0,0.0,0.0,0.0,2.0,1.0,0.0,1.0986122886681098,0.0,9,11,312,5,-0.5000000000000004,0.8660254037844384,-0.7931896839451843,0.6089746507720486,0.0,0.0,-2.0,-1.0986122886681098,0,2.0,1.0986122886681098,Increasing,0.0,0.5,48,0.0,False,Normal Increase
situation_20251109_0900_a259777c.pdf,2025-11-09,Other,2366,,,,,,,,,,0.0,0.0,0.0,0.0,0.0,0.0,0.0,0.0,0.0,0.0,0.0,0.0,True,grand_total,900,2025-11-09 09:00:00,3,75.0,,2.0,1,1,0,0,0,0,3.5,weather_forecast,1,0,,,,,,,,,72.0,water_level,1,0,0.0,0,0,0,0,44.5,warning,general_situation_report,retain,2025-11-09 09:00:00,1125,1,1,24.0,2025-11-10 09:00:00,24.0,2.0,1.0,0.0,0.0,True,0.0,0.0,0.0,0.0,24.0,True,2.0,1.0,0.0,0.0,-2.0,-1.0,0.0,-1.0986122886681098,0.0,9,11,313,6,-0.5000000000000004,0.8660254037844384,-0.7825970017677834,0.6225286602431057,1.0986122886681098,0.0,2.0,1.0986122886681098,0,-2.0,-1.0986122886681098,Decreasing,0.0,0.0,49,0.0,False,Decrease
situation_20251110_0900_a51ff5f7.pdf,2025-11-10,Other,2584,,,,,,,,,,1.0,2.0,0.0,0.0,0.0,30.0,0.0,1.0,0.0,0.0,0.0,0.0,True,grand_total,900,2025-11-10 09:00:00,3,75.0,,0.0,1,1,0,0,0,0,3.5,weather_forecast,1,1,0.0,0.0,0.0,7.0,66.2,0.71,0.0,0.0,0.0,water_level_rainfall,1,0,0.0,0,0,0,0,68.5,warning,general_situation_report,retain,2025-11-10 09:00:00,1126,1,1,24.0,2025-11-11 09:00:00,24.0,29.0,8.0,0.0,0.0,True,1.0986122886681098,0.6931471805599453,0.0,0.0,24.0,True,0.0,0.0,0.0,0.0,2.0,1.0,0.0,1.0986122886681098,0.0,9,11,314,0,-0.5000000000000004,0.8660254037844384,-0.7717727365467836,0.6358984534680745,3.4011973816621555,0.0,27.0,2.302585092994046,0,2.0,1.0986122886681098,Increasing,0.02040816326530612,0.5102040816326531,49,2.0408163265306123,False,Normal Increase
situation_20251111_0900_7b18b1d2.pdf,2025-11-11,"Heavy Rain, Lightning",2605,,,,,,,,,,8.0,29.0,0.0,0.0,0.0,8.0,0.0,0.0,0.0,0.0,0.0,0.0,True,grand_total,900,2025-11-11 09:00:00,2,75.0,,0.0,1,1,0,0,0,0,17.0,weather_forecast,1,3,0.0,0.0,0.0,9.0,86.0,0.71,0.0,0.0,8.5,water_level,1,0,0.0,0,0,0,0,92.5,warning,general_situation_report,retain,2025-11-11 09:00:00,1127,1,1,24.0,2025-11-12 09:00:00,24.0,0.0,0.0,0.0,0.0,True,3.4011973816621555,2.1972245773362196,0.0,0.0,24.0,True,2.0,1.0,0.0,0.0,27.0,7.0,0.0,2.302585092994046,0.0,9,11,315,1,-0.5000000000000004,0.8660254037844384,-0.7607200913564104,0.6490800741100398,0.0,0.0,-29.0,-3.4011973816621555,0,27.0,2.302585092994046,Increasing,0.44,0.74,50,44.0,False,Normal Increase
situation_20251112_0900_c350a1ac.pdf,2025-11-12,Other,2326,,,,,,,,,,0.0,0.0,0.0,0.0,0.0,0.0,0.0,0.0,0.0,0.0,0.0,0.0,True,grand_total,900,2025-11-12 09:00:00,4,75.0,,2.0,1,1,0,0,0,0,3.5,weather_forecast,1,2,0.0,0.0,0.0,13.0,56.0,0.6493333333333333,0.0,0.0,2.5,water_level,1,0,0.0,0,0,0,0,116.5,warning,general_situation_report,retain,2025-11-12 09:00:00,1128,1,1,24.0,2025-11-13 09:00:00,24.0,6.0,4.0,0.0,0.0,True,0.0,0.0,0.0,0.0,24.0,True,29.0,8.0,0.0,0.0,-29.0,-8.0,0.0,-3.4011973816621555,0.0,9,11,316,2,-0.5000000000000004,0.8660254037844384,-0.7494423368521954,0.6620696215153815,1.9459101490553132,0.0,6.0,1.9459101490553132,0,-29.0,-3.4011973816621555,Decreasing,0.0,0.0,50,0.0,False,Decrease
situation_20251113_0900_55f92615.pdf,2025-11-13,"Strong Wind, Lightning",2729,,,,,,,,,,4.0,6.0,0.0,0.0,0.0,0.0,6.0,0.0,0.0,0.0,0.0,0.0,True,grand_total,900,2025-11-13 09:00:00,4,75.0,,2.0,1,1,0,0,0,0,3.5,weather_forecast,1,4,0.0,0.0,0.0,20.0,94.1,0.968,0.0,0.0,0.0,water_level_rainfall,1,0,0.0,0,0,0,0,140.5,warning,general_situation_report,retain,2025-11-13 09:00:00,1129,1,1,24.0,2025-11-14 09:00:00,24.0,0.0,0.0,0.0,0.0,True,1.9459101490553132,1.6094379124341003,0.0,0.0,24.0,True,0.0,0.0,0.0,0.0,6.0,4.0,0.0,1.9459101490553132,0.0,9,11,317,3,-0.5000000000000004,0.8660254037844384,-0.7379428103031386,0.6748632518680403,0.0,0.0,-6.0,-1.9459101490553132,0,6.0,1.9459101490553132,Increasing,0.22,0.64,50,22.0,False,Normal Increase
situation_20251114_0900_bf8c1cb6.pdf,2025-11-14,Other,2321,,,,,,,,,,0.0,0.0,0.0,0.0,0.0,0.0,0.0,0.0,0.0,0.0,0.0,0.0,True,grand_total,900,2025-11-14 09:00:00,4,75.0,,2.0,1,1,0,0,0,0,3.5,weather_forecast,1,3,0.0,0.0,0.0,16.0,94.1,0.8560000000000001,0.0,0.0,8.5,water_level,1,0,0.0,0,0,0,0,164.5,warning,general_situation_report,retain,2025-11-14 09:00:00,1130,1,1,24.0,2025-11-15 09:00:00,24.0,20.0,6.0,0.0,0.0,True,0.0,0.0,0.0,0.0,24.0,True,6.0,4.0,0.0,0.0,-6.0,-4.0,0.0,-1.9459101490553132,0.0,9,11,318,4,-0.5000000000000004,0.8660254037844384,-0.7262249146041543,0.6874571793269664,3.044522437723423,0.0,20.0,3.044522437723423,0,-6.0,-1.9459101490553132,Decreasing,0.0,0.0,51,0.0,False,Decrease
situation_20251115_0900_b15fc1aa.pdf,2025-11-15,"Heavy Rain, Strong Wind",2909,,,,,,,,,,6.0,20.0,0.0,0.0,0.0,0.0,6.0,0.0,0.0,0.0,0.0,0.0,True,grand_total,900,2025-11-15 09:00:00,4,100.0,,2.0,1,1,0,0,0,0,3.5,weather_forecast,1,1,0.0,0.0,0.0,4.0,0.0,0.65,0.0,0.0,20.5,water_level_rainfall,1,0,0.0,0,0,0,0,188.5,warning,general_situation_report,retain,2025-11-15 09:00:00,1131,1,1,24.0,2025-11-16 09:00:00,24.0,0.0,0.0,0.0,0.0,True,3.044522437723423,1.9459101490553132,0.0,0.0,24.0,True,0.0,0.0,0.0,0.0,20.0,6.0,0.0,3.044522437723423,0.0,9,11,319,5,-0.5000000000000004,0.8660254037844384,-0.7142921172691032,0.699847677146407,0.0,0.0,-20.0,-3.044522437723423,0,20.0,3.044522437723423,Increasing,0.36,0.86,50,36.0,False,Normal Increase
situation_20251116_0900_261a1f19.pdf,2025-11-16,Other,2337,,,,,,,,,,0.0,0.0,0.0,0.0,0.0,0.0,0.0,0.0,0.0,0.0,0.0,0.0,True,grand_total,900,2025-11-16 09:00:00,4,100.0,,2.0,1,1,0,0,0,0,3.5,weather_forecast,1,1,0.0,0.0,0.0,7.0,0.8,0.761,0.0,0.0,20.5,water_level_rainfall,1,0,0.0,0,0,0,0,212.5,warning,general_situation_report,retain,2025-11-16 09:00:00,1132,1,1,24.0,2025-11-17 09:00:00,24.0,0.0,0.0,0.0,0.0,True,0.0,0.0,0.0,0.0,24.0,True,20.0,6.0,0.0,0.0,-20.0,-6.0,0.0,-3.044522437723423,0.0,9,11,320,6,-0.5000000000000004,0.8660254037844384,-0.7021479494046978,0.7120310787787131,0.0,0.0,0.0,0.0,0,-20.0,-3.044522437723423,Decreasing,0.0,0.0,51,0.0,False,Decrease
situation_20251117_0900_1ec83952.pdf,2025-11-17,Other,2326,,,,,,,,,,0.0,0.0,0.0,0.0,0.0,0.0,0.0,0.0,0.0,0.0,0.0,0.0,True,grand_total,900,2025-11-17 09:00:00,4,100.0,,2.0,1,1,0,1,0,0,3.5,weather_forecast,1,1,0.0,0.0,0.0,4.0,0.7,0.6306666666666667,0.0,0.0,20.5,water_level_rainfall,1,0,0.0,0,0,0,0,236.5,warning,general_situation_report,retain,2025-11-17 09:00:00,1133,1,1,24.0,2025-11-18 09:00:00,24.0,307.0,77.0,0.0,0.0,True,0.0,0.0,0.0,0.0,24.0,True,0.0,0.0,0.0,0.0,0.0,0.0,0.0,0.0,0.0,9,11,321,0,-0.5000000000000004,0.8660254037844384,-0.6897960046655887,0.7240037789593305,5.730099782973574,0.0,307.0,5.730099782973574,0,0.0,0.0,Stable,0.0,0.0,50,0.0,False,Stable
situation_20251118_0900_5e1f5eaf.pdf,2025-11-18,"Flood, Strong Wind",2651,,,,,,,,,,77.0,307.0,0.0,0.0,0.0,0.0,0.0,0.0,0.0,0.0,0.0,0.0,True,grand_total,900,2025-11-18 09:00:00,5,100.0,,2.0,1,1,0,1,0,0,2.0,weather_forecast,1,3,1.0,0.0,0.0,12.0,120.7,1.12,0.0,0.0,3.0,water_level,1,1,2.0,8,2,0,8,13.5,early_warning,general_situation_report,retain,2025-11-18 09:00:00,1134,1,1,24.0,2025-11-19 09:00:00,24.0,420.0,107.0,0.0,0.0,True,5.730099782973574,4.356708826689592,0.0,0.0,24.0,True,0.0,0.0,0.0,0.0,307.0,77.0,0.0,5.730099782973574,0.0,9,11,322,1,-0.5000000000000004,0.8660254037844384,-0.6772399381909491,0.7357622347736527,6.042632833682381,0.0,113.0,0.3125330507088071,0,307.0,5.730099782973574,Increasing,0.8,0.96,50,80.0,False,Normal Increase
situation_20251119_0900_6817c9c2.pdf,2025-11-19,"Flood, Heavy Rain, Strong Wind",3786,,,,,,,,,,107.0,420.0,2.0,0.0,0.0,0.0,20.0,0.0,0.0,0.0,0.0,0.0,True,grand_total,900,2025-11-19 09:00:00,4,50.0,,2.0,1,1,0,1,0,0,3.5,weather_forecast,1,4,2.0,0.0,0.0,22.0,120.7,1.136,0.0,0.0,8.5,water_level_rainfall,1,1,2.0,10,4,0,10,17.0,early_warning,general_situation_report,retain,2025-11-19 09:00:00,1135,1,1,24.0,2025-11-21 09:00:00,48.0,674.0,177.0,0.0,0.0,True,6.042632833682381,4.68213122712422,0.0,0.0,24.0,True,307.0,77.0,0.0,0.0,113.0,30.0,0.0,0.3125330507088071,0.0,9,11,323,2,-0.5000000000000004,0.8660254037844384,-0.6644834655228552,0.7473029667054296,6.51471269087253,0.0,254.0,0.472079857190149,0,113.0,0.3125330507088071,Increasing,0.6078431372549019,0.27450980392156865,51,27.450980392156865,False,Normal Increase
situation_20251121_0900_6ee8f3b5.pdf,2025-11-21,"Flood, Heavy Rain, Strong Wind, Lightning",4784,,,,,,,,,,177.0,674.0,2.0,0.0,0.0,1.0,43.0,0.0,0.0,0.0,0.0,0.0,True,grand_total,900,2025-11-21 09:00:00,4,50.0,,2.0,1,1,0,0,0,0,3.5,weather_forecast,1,3,2.0,0.0,0.0,17.0,73.1,1.1875,0.0,0.0,3.0,water_level,1,1,1.0,7,0,0,7,17.0,early_warning,general_situation_report,retain,2025-11-21 09:00:00,1136,1,1,48.0,2025-11-22 09:00:00,24.0,806.0,209.0,0.0,0.0,True,6.51471269087253,5.181783550292085,0.0,0.0,48.0,True,420.0,107.0,0.0,0.0,254.0,70.0,0.0,0.472079857190149,0.0,9,11,325,4,-0.5000000000000004,0.8660254037844384,-0.6383844591746642,0.7697176640069211,6.693323668269949,0.0,132.0,0.17861097739741894,0,254.0,0.472079857190149,Increasing,0.7692307692307693,0.34615384615384615,52,34.61538461538461,False,Normal Increase
situation_20251122_0900_fd625367.pdf,2025-11-22,"Flood, Heavy Rain, Strong Wind, Lightning",4998,,,,,,,,,,209.0,806.0,2.0,0.0,0.0,1.0,46.0,0.0,0.0,0.0,0.0,0.0,True,grand_total,900,2025-11-22 09:00:00,3,100.0,,2.0,1,1,0,0,1,0,3.5,weather_forecast,1,8,6.0,2.0,0.0,21.0,137.4,2.096,1.0,0.0,2.5,water_level,1,1,2.0,9,3,0,10,13.0,early_warning,general_situation_report,retain,2025-11-22 09:00:00,1137,1,1,24.0,2025-11-23 09:00:00,24.0,1740.0,487.0,1.0,16.0,True,6.693323668269949,5.3471075307174685,0.0,0.0,24.0,True,674.0,177.0,0.0,0.0,132.0,32.0,0.0,0.17861097739741894,0.0,9,11,326,5,-0.5000000000000004,0.8660254037844384,-0.6250496486104377,0.7805849965070866,7.462214939768189,2.833213344056216,934.0,0.7688912714982399,1,132.0,0.17861097739741894,Increasing,0.6226415094339622,0.20754716981132076,53,20.754716981132077,False,Normal Increase
situation_20251123_0900_51932e90.pdf,2025-11-23,"Flood, Heavy Rain, Strong Wind, Lightning",6049,,,,,,,,,,487.0,1740.0,9.0,4.0,0.0,2.0,186.0,0.0,0.0,1.0,5.0,16.0,True,grand_total,900,2025-11-23 09:00:00,4,100.0,,2.0,1,1,0,0,1,0,2.0,weather_forecast,1,9,6.0,3.0,0.0,18.0,137.5,1.64,1.0,0.0,3.0,water_level,1,1,2.0,9,6,0,10,18.5,early_warning,general_situation_report,retain,2025-11-23 09:00:00,1138,1,1,24.0,2025-11-24 09:00:00,24.0,1790.0,504.0,1.0,16.0,True,7.462214939768189,6.1903154058531475,0.6931471805599453,2.833213344056216,24.0,True,806.0,209.0,0.0,0.0,934.0,278.0,16.0,0.7688912714982399,2.833213344056216,9,11,327,6,-0.5000000000000004,0.8660254037844384,-0.6115298757991053,0.7912213413483807,7.490529402060711,2.833213344056216,50.0,0.028314462292522435,1,934.0,0.7688912714982399,Increasing,0.8703703703703703,0.46296296296296297,54,46.2962962962963,False,Normal Increase
situation_20251124_0900_c87d006f.pdf,2025-11-24,"Flood, Heavy Rain, Strong Wind, Lightning",6233,,,,,,,,,,504.0,1790.0,10.0,4.0,0.0,2.0,193.0,0.0,0.0,1.0,5.0,16.0,True,grand_total,900,2025-11-24 09:00:00,5,100.0,,2.0,1,1,0,0,1,0,3.5,weather_forecast,1,10,5.0,4.0,0.0,20.0,115.3,1.4242424242424243,1.0,0.0,0.0,water_level,1,1,2.0,11,6,0,12,18.0,early_warning,general_situation_report,retain,2025-11-24 09:00:00,1139,1,1,24.0,2025-11-25 10:00:00,25.0,2617.0,737.0,3.0,67.0,True,7.490529402060711,6.22455842927536,0.6931471805599453,2.833213344056216,24.0,True,1740.0,487.0,1.0,16.0,50.0,17.0,0.0,0.028314462292522435,0.0,9,11,328,0,-0.5000000000000004,0.8660254037844384,-0.5978291414589552,0.801623551065242,7.870165946469845,4.219507705176107,827.0,0.3796365444091334,1,50.0,0.028314462292522435,Increasing,0.4444444444444444,0.05555555555555555,54,5.555555555555555,False,Normal Increase
situation_20251125_1000_b185fe50.pdf,2025-11-25,"Flood, Landslide, Heavy Rain, Strong Wind, Lightning",7473,,,,,,,,,,737.0,2617.0,10.0,7.0,0.0,3.0,242.0,0.0,0.0,3.0,19.0,67.0,True,grand_total,1000,2025-11-25 10:00:00,3,100.0,40.0,0.0,1,1,1,0,1,1,4.5,weather_forecast,1,10,7.0,2.0,0.0,18.0,112.5,1.3333333333333337,1.0,0.0,0.5,water_level,1,1,2.0,11,7,0,12,19.5,warning,general_situation_report,retain,2025-11-25 10:00:00,1140,1,1,25.0,2025-11-26 10:00:00,24.0,3058.0,877.0,4.0,104.0,True,7.870165946469845,6.6039438246004725,1.3862943611198906,4.219507705176107,25.0,True,1790.0,504.0,1.0,16.0,827.0,233.0,51.0,0.3796365444091334,1.3862943611198908,10,11,329,1,-0.5000000000000004,0.8660254037844384,-0.5839514998576998,0.8117885474764613,8.025843344150903,4.653960350157523,441.0,0.1556773976810586,1,827.0,0.3796365444091334,Increasing,0.8333333333333334,0.3148148148148148,54,31.48148148148148,False,Normal Increase
situation_20251126_1000_c093a442.pdf,2025-11-26,"Flood, Landslide, Heavy Rain, Strong Wind, Lightning",7990,,,,,,,,,,877.0,3058.0,10.0,7.0,0.0,4.0,250.0,0.0,0.0,4.0,33.0,104.0,True,grand_total,1000,2025-11-26 10:00:00,7,150.0,70.0,3.0,1,1,1,1,1,0,3.0,weather_forecast,1,9,6.0,4.0,0.0,24.0,131.9,1.6833333333333331,1.0,0.0,0.0,flood_warning,1,1,3.0,12,7,2,12,2.0,warning,general_situation_report,retain,2025-11-26 10:00:00,1141,1,1,24.0,2025-11-27 18:00:00,32.0,6433.0,1891.0,13.0,524.0,True,8.025843344150903,6.777646593635117,1.6094379124341003,4.653960350157523,24.0,True,2617.0,737.0,3.0,67.0,441.0,140.0,37.0,0.1556773976810586,0.4344526449814161,10,11,330,2,-0.5000000000000004,0.8660254037844384,-0.5699010576127624,0.8217133225960589,8.769351707798972,6.263398262591624,3375.0,0.7435083636480684,1,441.0,0.1556773976810586,Increasing,0.7962962962962963,0.2222222222222222,54,22.22222222222222,False,Normal Increase
situation_20251127_1800_3d5be6af.pdf,2025-11-27,Other,17762,256.0,864.0,,,,,,,,1891.0,6433.0,41.0,10.0,21.0,4.0,450.0,,,13.0,169.0,524.0,True,modern_summary_13_column,1800,2025-11-27 18:00:00,5,200.0,80.0,3.0,1,1,1,1,1,1,2.0,weather_forecast,1,14,8.0,11.0,3.0,24.0,279.6,1.7933333333333332,1.0,0.0,0.0,flood_warning,1,1,3.0,5,6,7,13,1.5,early_warning,other_heading,retain,2025-11-27 18:00:00,1142,1,1,32.0,2025-11-28 09:00:00,15.0,43991.0,12313.0,52.0,3684.0,True,8.769351707798972,7.545389749611823,2.6390573296152584,6.263398262591624,32.0,True,3058.0,877.0,4.0,104.0,3375.0,1014.0,420.0,0.7435083636480684,1.6094379124341005,18,11,331,3,-0.5000000000000004,0.8660254037844384,-0.5556819724760489,0.8313949395234058,10.69176307818765,8.212025804623437,37558.0,1.9224113703886783,1,3375.0,0.7435083636480684,Increasing,0.9454545454545454,0.4727272727272727,55,47.27272727272727,False,Normal Increase
situation_20251128_0900_4fddda25.pdf,2025-11-28,Other,1453,1097.0,3731.0,,,,,,,,12313.0,43991.0,56.0,14.0,21.0,4.0,666.0,,,52.0,12.0,3684.0,True,modern_summary_13_column,900,2025-11-28 09:00:00,3,200.0,90.0,3.0,1,1,1,0,1,1,4.0,cyclone,1,17,9.0,11.0,9.0,28.0,324.1,2.96,1.0,0.0,1.0,flood_warning,1,1,3.0,4,7,8,14,4.0,early_warning,other_heading,retain,2025-11-28 09:00:00,1143,1,1,15.0,2025-11-28 18:00:00,9.0,219282.0,61175.0,266.0,18443.0,True,10.69176307818765,9.418492105471156,3.970291913552122,8.212025804623437,15.0,True,6433.0,1891.0,13.0,524.0,37558.0,10422.0,3160.0,1.9224113703886783,1.9486275420318133,9,11,332,4,-0.5000000000000004,0.8660254037844384,-0.5412984521036173,0.8408305333122887,12.298118412021353,9.822494393326597,175291.0,1.6063553338337027,1,37558.0,1.9224113703886783,Increasing,1.0,0.6545454545454545,55,65.45454545454545,False,Normal Increase
situation_20251128_1800_b61d9d6f.pdf,2025-11-28,Other,21891,,,,,,,,,,61175.0,219282.0,69.0,,34.0,,,,,266.0,5890.0,18443.0,True,modern_summary_7_column,1800,2025-11-28 18:00:00,5,200.0,90.0,3.0,1,1,1,0,0,1,2.0,weather_forecast,1,22,9.0,10.0,9.0,28.0,364.5,2.96,1.0,0.0,2.5,flood_warning,1,1,3.0,4,6,11,14,2.0,early_warning,other_heading,retain,2025-11-28 18:00:00,1145,1,3,9.0,2025-11-29 06:00:00,12.0,219282.0,61175.0,266.0,18443.0,True,12.298118412021353,11.021510234724062,5.58724865840025,9.822494393326597,9.0,True,43991.0,12313.0,52.0,3684.0,175291.0,48862.0,14759.0,1.6063553338337027,1.61046858870316,18,11,332,4,-0.5000000000000004,0.8660254037844384,-0.5412984521036173,0.8408305333122887,12.298118412021353,9.822494393326597,0.0,0.0,1,175291.0,1.6063553338337027,Increasing,1.0,0.5714285714285714,56,57.14285714285714,False,Normal Increase
situation_20251129_0600_970e59a6.pdf,2025-11-29,Other,15725,,,,,,,,,,61175.0,219282.0,69.0,,34.0,,,,,266.0,5890.0,18443.0,True,modern_summary_8_column,600,2025-11-29 06:00:00,5,200.0,90.0,3.0,1,1,1,0,0,1,0.5,weather_forecast,1,16,7.0,10.0,9.0,19.0,364.5,2.96,1.0,0.0,0.0,water_level,1,0,0.0,0,0,0,0,7.0,early_warning,other_heading,retain,2025-11-29 06:00:00,1147,1,1,12.0,2025-11-29 09:00:00,3.0,373428.0,102877.0,488.0,43925.0,True,12.298118412021353,11.021510234724062,5.58724865840025,9.822494393326597,12.0,True,219282.0,61175.0,266.0,18443.0,0.0,0.0,0.0,0.0,0.0,6,11,333,5,-0.5000000000000004,0.8660254037844384,-0.5267547528105542,0.8500173118187018,12.830483171776745,10.690261678874698,154146.0,0.5323647597553922,1,0.0,0.0,Stable,0.0,0.0,56,0.0,False,Stable
situation_20251129_0900_af94f066.pdf,2025-11-29,Other,1237,,,,,,,,,,102877.0,373428.0,123.0,,130.0,,,,,488.0,13690.0,43925.0,True,modern_7_column,900,2025-11-29 09:00:00,6,200.0,90.0,3.0,1,1,1,0,1,1,1.0,cyclone,1,13,7.0,6.0,9.0,19.0,364.5,2.544,1.0,0.0,3.0,water_level,1,0,0.0,0,0,0,0,10.0,early_warning,general_situation_report,retain,2025-11-29 09:00:00,1148,1,2,3.0,2025-11-29 14:00:00,5.0,646567.0,179868.0,716.0,78010.0,True,12.830483171776745,11.541299099158067,6.192362489474872,10.690261678874698,3.0,True,219282.0,61175.0,266.0,18443.0,154146.0,41702.0,25482.0,0.5323647597553922,0.8677672855481013,9,11,333,5,-0.5000000000000004,0.8660254037844384,-0.5267547528105542,0.8500173118187018,13.379433653410711,11.264605121369573,273139.0,0.5489504816339661,1,154146.0,0.5323647597553922,Increasing,0.9821428571428571,0.39285714285714285,56,39.285714285714285,False,Normal Increase
situation_20251129_1400_6cfead4d.pdf,2025-11-29,Other,1290,,,,,,,,,,179868.0,646567.0,132.0,,176.0,,,,,716.0,22212.0,78010.0,True,modern_7_column,1400,2025-11-29 14:00:00,8,200.0,90.0,3.0,1,1,1,0,1,1,0.0,cyclone,1,9,6.0,5.0,9.0,13.0,227.1,2.692,1.0,0.0,1.5,water_level_rainfall,1,0,0.0,0,0,0,0,15.0,early_warning,general_situation_report,retain,2025-11-29 14:00:00,1150,1,1,5.0,2025-11-29 18:00:00,4.0,774724.0,217263.0,798.0,100898.0,True,13.379433653410711,12.099984087135761,6.57507584059962,11.264605121369573,5.0,True,373428.0,102877.0,488.0,43925.0,273139.0,76991.0,34085.0,0.5489504816339661,0.5743434424948752,14,11,333,5,-0.5000000000000004,0.8660254037844384,-0.5267547528105542,0.8500173118187018,13.560263406655656,11.521875295489814,128157.0,0.18082975324494477,1,273139.0,0.5489504816339661,Increasing,1.0,0.42105263157894735,57,42.10526315789473,False,Normal Increase
situation_20251129_1800_555ac942.pdf,2025-11-29,Other,1299,,,,,,,,,,217263.0,774724.0,153.0,,191.0,,,,,798.0,27494.0,100898.0,True,modern_7_column,1800,2025-11-29 18:00:00,7,100.0,90.0,3.0,1,1,1,0,1,1,1.0,cyclone,1,8,6.0,5.0,7.0,9.0,227.1,2.692,1.0,0.0,2.5,water_level_rainfall,1,1,3.0,4,4,11,14,2.0,warning,general_situation_report,retain,2025-11-29 18:00:00,1151,1,1,4.0,2025-11-30 06:00:00,12.0,833985.0,234503.0,919.0,122822.0,True,13.560263406655656,12.288868482938575,6.683360945766275,11.521875295489814,4.0,True,646567.0,179868.0,716.0,78010.0,128157.0,37395.0,22888.0,0.18082975324494477,0.2572701741202401,18,11,333,5,-0.5000000000000004,0.8660254037844384,-0.5267547528105542,0.8500173118187018,13.633971894629244,11.718499573574332,59261.0,0.07370848797358853,1,128157.0,0.18082975324494477,Increasing,0.9473684210526315,0.24561403508771928,57,24.561403508771928,False,Normal Increase
situation_20251130_0600_eaa974fd.pdf,2025-11-30,Other,1319,,,,,,,,,,234503.0,833985.0,159.0,,203.0,,,,,919.0,34198.0,122822.0,True,modern_7_column,600,2025-11-30 06:00:00,8,100.0,90.0,3.0,1,1,1,0,1,1,0.5,weather_forecast,1,8,5.0,5.0,6.0,7.0,217.7,2.692,0.0,0.0,3.0,water_level,1,1,3.0,4,4,11,14,14.0,warning,general_situation_report,retain,2025-11-30 06:00:00,1152,1,1,12.0,2025-11-30 12:00:00,6.0,,,,,False,13.633971894629244,12.365227924292288,6.824373670043086,11.718499573574332,12.0,True,774724.0,217263.0,798.0,100898.0,59261.0,17240.0,21924.0,0.07370848797358853,0.19662427808451888,6,11,334,6,-0.5000000000000004,0.8660254037844384,-0.5120551783114646,0.8589525565270845,,,,,0,59261.0,0.07370848797358853,Increasing,0.9310344827586207,0.13793103448275862,58,13.793103448275861,False,Normal Increase
situation_20251130_1200_4b3afcef.pdf,2025-11-30,Other,230,,,,,,,,,,,,,,,,,,,,,,False,insufficient_text,1200,2025-11-30 12:00:00,7,100.0,90.0,3.0,1,1,1,0,1,1,5.0,weather_forecast,1,10,5.0,7.0,6.0,5.0,2.8,2.68,1.0,0.0,0.0,water_level,1,1,3.0,4,4,11,14,20.0,warning,general_situation_report,retain,2025-11-30 12:00:00,1153,0,1,6.0,2025-11-30 16:00:00,4.0,,,,,False,,,,,6.0,True,833985.0,234503.0,919.0,122822.0,,,,,,12,11,334,6,-0.5000000000000004,0.8660254037844384,-0.5120551783114646,0.8589525565270845,,,,,0,,,Insufficient Previous Context,,,0,,False,Insufficient Historical Baseline
situation_20251130_1600_d52bef08.pdf,2025-11-30,Other,230,,,,,,,,,,,,,,,,,,,,,,False,insufficient_text,1600,2025-11-30 16:00:00,7,100.0,90.0,3.0,1,1,1,0,1,1,0.0,weather_forecast,1,9,5.0,7.0,6.0,5.0,2.8,2.53,1.0,0.0,0.5,water_level,1,1,3.0,5,4,7,11,0.0,early_warning,general_situation_report,retain,2025-11-30 16:00:00,1154,0,1,4.0,2025-11-30 18:00:00,2.0,,,,,False,,,,,4.0,True,,,,,,,,,,16,11,334,6,-0.5000000000000004,0.8660254037844384,-0.5120551783114646,0.8589525565270845,,,,,0,,,Insufficient Previous Context,,,0,,False,Insufficient Historical Baseline
situation_20251130_1800_69846ebd.pdf,2025-11-30,Other,218,,,,,,,,,,,,,,,,,,,,,,False,insufficient_text,1800,2025-11-30 18:00:00,5,50.0,90.0,3.0,1,1,1,0,1,1,2.0,weather_forecast,1,11,5.0,7.0,6.0,5.0,2.8,2.53,1.0,0.0,0.0,water_level,1,1,3.0,5,4,7,11,2.0,early_warning,general_situation_report,retain,2025-11-30 18:00:00,1155,0,1,2.0,2025-12-01 06:00:00,12.0,1118929.0,309607.0,1494.0,196790.0,False,,,,,2.0,True,,,,,,,,,,18,11,334,6,-0.5000000000000004,0.8660254037844384,-0.5120551783114646,0.8589525565270845,13.927883429483924,12.189897530847247,,,1,,,Insufficient Previous Context,,,0,,False,Insufficient Historical Baseline
situation_20251201_0600_55cd4803.pdf,2025-12-01,Other,1369,,,,,,,,,,309607.0,1118929.0,334.0,,370.0,,,,,1494.0,55747.0,196790.0,True,modern_7_column,600,2025-12-01 06:00:00,4,,50.0,0.0,0,1,1,0,1,1,0.5,weather_forecast,1,11,4.0,7.0,4.0,4.0,2.8,2.172,1.0,0.0,3.0,water_level,1,1,3.0,5,4,7,11,14.0,early_warning,general_situation_report,retain,2025-12-01 06:00:00,1156,1,1,12.0,2025-12-01 10:00:00,4.0,1156860.0,318252.0,1529.0,209568.0,True,13.927883429483924,12.64306226015715,7.3098814858247865,12.189897530847247,12.0,True,,,,,,,,,,6,12,335,0,-2.4492935982947064e-16,1.0,-0.4972040784469378,0.8676336233547726,13.961220860669954,12.252808319727269,37931.0,0.033337431186030386,1,,,Insufficient Previous Context,,,0,,False,Insufficient Historical Baseline
situation_20251201_1000_3029f1fa.pdf,2025-12-01,Other,1347,,,,,,,,,,318252.0,1156860.0,355.0,,366.0,,,,,1529.0,59266.0,209568.0,True,modern_7_column,1000,2025-12-01 10:00:00,4,,50.0,2.0,0,1,1,0,1,1,1.0,cyclone,1,11,4.0,7.0,3.0,4.0,2.8,2.172,1.0,0.0,0.5,water_level,1,1,3.0,5,4,7,11,18.0,early_warning,general_situation_report,retain,2025-12-01 10:00:00,1157,1,1,4.0,2025-12-01 12:30:00,2.5,1151776.0,316366.0,1564.0,218526.0,True,13.961220860669954,12.670601942926677,7.333023014386481,12.252808319727269,4.0,True,1118929.0,309607.0,1494.0,196790.0,37931.0,8645.0,12778.0,0.033337431186030386,0.06291078888002133,10,12,335,0,-2.4492935982947064e-16,1.0,-0.4972040784469378,0.8676336233547726,13.956816525110757,12.294664855677714,-5084.0,-0.004404335559197392,1,37931.0,0.033337431186030386,Increasing,0.9107142857142857,0.07142857142857142,56,7.142857142857142,False,Normal Increase
situation_20251201_1230_78ec8fa7.pdf,2025-12-01,Other,1342,,,,,,,,,,316366.0,1151776.0,366.0,,367.0,,,,,1564.0,61612.0,218526.0,True,modern_7_column,1230,2025-12-01 12:30:00,4,,50.0,2.0,0,1,1,0,1,1,3.5,cyclone,1,11,4.0,7.0,3.0,4.0,2.8,2.172,1.0,0.0,0.0,water_level,1,1,3.0,5,4,7,11,20.5,early_warning,general_situation_report,retain,2025-12-01 12:30:00,1158,1,1,2.5,2025-12-01 18:00:00,5.5,1373899.0,382651.0,1368.0,204597.0,True,13.956816525110757,12.664658211079674,7.355641102974253,12.294664855677714,2.5,True,1156860.0,318252.0,1529.0,209568.0,-5084.0,-1886.0,8958.0,-0.004404335559197392,0.04185653595044592,12,12,335,0,-2.4492935982947064e-16,1.0,-0.4972040784469378,0.8676336233547726,14.13316396891204,12.22880235728082,222123.0,0.17634744380128353,1,-5084.0,-0.004404335559197392,Decreasing,0.0,0.0,57,0.0,False,Decrease
situation_20251201_1800_05efb207.pdf,2025-12-01,Other,1554,,,,,,,,,,382651.0,1373899.0,390.0,,352.0,432.0,15688.0,,,1368.0,57790.0,204597.0,True,modern_9_column,1800,2025-12-01 18:00:00,5,,,2.0,0,1,0,0,1,1,2.0,weather_forecast,1,11,4.0,4.0,3.0,4.0,78.7,2.172,1.0,0.0,2.5,water_level,1,1,3.0,5,1,6,11,2.0,early_warning,general_situation_report,retain,2025-12-01 18:00:00,1159,1,1,5.5,2025-12-02 06:00:00,12.0,1373899.0,382651.0,1368.0,204597.0,True,14.13316396891204,12.854881238932888,7.221835825288449,12.22880235728082,5.5,True,1151776.0,316366.0,1564.0,218526.0,222123.0,66285.0,-13929.0,0.17634744380128353,-0.06586249839689451,18,12,335,0,-2.4492935982947064e-16,1.0,-0.4972040784469378,0.8676336233547726,14.13316396891204,12.22880235728082,0.0,0.0,1,222123.0,0.17634744380128353,Increasing,0.9821428571428571,0.26785714285714285,56,26.785714285714285,False,Normal Increase
situation_20251202_0600_e0601d4e.pdf,2025-12-02,Other,1554,,,,,,,,,,382651.0,1373899.0,390.0,,352.0,432.0,15688.0,,,1368.0,57790.0,204597.0,True,modern_9_column,600,2025-12-02 06:00:00,5,,,2.0,0,1,0,0,1,1,0.5,weather_forecast,1,10,4.0,4.0,2.0,3.0,78.7,2.125,1.0,0.0,0.0,water_level,1,1,3.0,5,1,6,11,14.0,early_warning,general_situation_report,retain,2025-12-02 06:00:00,1160,1,1,12.0,2025-12-02 10:00:00,4.0,1466615.0,407594.0,1441.0,233015.0,True,14.13316396891204,12.854881238932888,7.221835825288449,12.22880235728082,12.0,True,1373899.0,382651.0,1368.0,204597.0,0.0,0.0,0.0,0.0,0.0,6,12,336,1,-2.4492935982947064e-16,1.0,-0.4822058478963526,0.8760579434344281,14.198468264169126,12.35886239971809,92716.0,0.0653042952570857,1,0.0,0.0,Stable,0.0,0.0,57,0.0,False,Stable
situation_20251202_1000_5073e12f.pdf,2025-12-02,Other,1572,,,,,,,,,,407594.0,1466615.0,410.0,,336.0,565.0,20271.0,,,1441.0,64483.0,233015.0,True,modern_9_column,1000,2025-12-02 10:00:00,4,,,2.0,0,1,0,0,1,1,4.5,weather_forecast,1,9,4.0,4.0,2.0,3.0,78.7,2.125,1.0,0.0,0.5,water_level,1,1,3.0,5,1,6,11,18.0,early_warning,general_situation_report,retain,2025-12-02 10:00:00,1161,1,1,4.0,2025-12-02 18:00:00,8.0,1558919.0,437507.0,1433.0,232752.0,True,14.198468264169126,12.918029313327107,7.273786317844895,12.35886239971809,4.0,True,1373899.0,382651.0,1368.0,204597.0,92716.0,24943.0,28418.0,0.0653042952570857,0.13006004243726998,10,12,336,1,-2.4492935982947064e-16,1.0,-0.4822058478963526,0.8760579434344281,14.25950383177778,12.357733084422518,92304.0,0.06103556760865381,1,92716.0,0.0653042952570857,Increasing,0.9122807017543859,0.14035087719298245,57,14.035087719298245,False,Normal Increase
situation_20251202_1800_3670c52c.pdf,2025-12-02,Other,1591,,,,,,,,,,437507.0,1558919.0,465.0,,366.0,783.0,31417.0,,,1433.0,61875.0,232752.0,True,modern_9_column,1800,2025-12-02 18:00:00,3,,,0.0,0,1,0,0,0,0,2.0,weather_forecast,1,9,4.0,4.0,2.0,3.0,78.7,2.05,1.0,0.0,0.0,water_level,1,1,3.0,3,0,6,9,2.0,early_warning,general_situation_report,retain,2025-12-02 18:00:00,1162,1,1,8.0,2025-12-03 06:00:00,12.0,1558919.0,437507.0,1433.0,232752.0,True,14.25950383177778,12.98885027032691,7.2682230211595655,12.357733084422518,8.0,True,1466615.0,407594.0,1441.0,233015.0,92304.0,29913.0,-263.0,0.06103556760865381,-0.0011293152955715868,18,12,336,1,-2.4492935982947064e-16,1.0,-0.4822058478963526,0.8760579434344281,14.25950383177778,12.357733084422518,0.0,0.0,1,92304.0,0.06103556760865381,Increasing,0.8947368421052632,0.12280701754385964,57,12.280701754385964,False,Normal Increase
situation_20251203_0600_8089a5b7.pdf,2025-12-03,Other,1587,,,,,,,,,,437507.0,1558919.0,465.0,,366.0,783.0,31417.0,,,1433.0,61875.0,232752.0,True,modern_9_column,600,2025-12-03 06:00:00,3,,,0.0,0,1,0,0,0,0,0.5,weather_forecast,1,8,4.0,2.0,2.0,3.0,78.7,1.875,0.0,0.0,2.5,water_level,1,1,3.0,3,0,6,9,14.0,early_warning,general_situation_report,retain,2025-12-03 06:00:00,1163,1,1,12.0,2025-12-03 10:00:00,4.0,1586329.0,448817.0,1385.0,201875.0,True,14.25950383177778,12.98885027032691,7.2682230211595655,12.357733084422518,12.0,True,1558919.0,437507.0,1433.0,232752.0,0.0,0.0,0.0,0.0,0.0,6,12,337,2,-2.4492935982947064e-16,1.0,-0.46706492487743034,0.8842230238742036,14.276933730151148,12.21540892650716,27410.0,0.017429898373368502,1,0.0,0.0,Stable,0.0,0.0,58,0.0,False,Stable
situation_20251203_1000_1be53c43.pdf,2025-12-03,Other,1583,,,,,,,,,,448817.0,1586329.0,474.0,,356.0,971.0,40358.0,,,1385.0,53758.0,201875.0,True,modern_9_column,1000,2025-12-03 10:00:00,3,,,0.0,0,1,0,0,0,0,4.5,weather_forecast,1,8,3.0,2.0,2.0,4.0,2.2,1.775,0.0,0.0,0.5,water_level,1,1,3.0,3,0,6,9,18.0,early_warning,general_situation_report,retain,2025-12-03 10:00:00,1164,1,1,4.0,2025-12-03 18:00:00,8.0,1614790.0,455405.0,1347.0,188974.0,True,14.276933730151148,13.014372739338233,7.234177179749849,12.21540892650716,4.0,True,1558919.0,437507.0,1433.0,232752.0,27410.0,11310.0,-30877.0,0.017429898373368502,-0.14232415791535757,10,12,337,2,-2.4492935982947064e-16,1.0,-0.46706492487743034,0.8842230238742036,14.294716094499764,12.149370010160377,28461.0,0.017782364348615687,1,27410.0,0.017429898373368502,Increasing,0.8245614035087719,0.03508771929824561,57,3.508771929824561,False,Normal Increase
situation_20251203_1800_60b89511.pdf,2025-12-03,Other,1593,,,,,,,,,,455405.0,1614790.0,479.0,,350.0,1289.0,44556.0,,,1347.0,51765.0,188974.0,True,modern_9_column,1800,2025-12-03 18:00:00,3,75.0,,0.0,1,1,0,0,0,0,2.0,weather_forecast,1,8,2.0,2.0,1.0,4.0,2.2,1.606,0.0,0.0,2.5,water_level,1,1,3.0,5,4,4,11,2.0,early_warning,general_situation_report,retain,2025-12-03 18:00:00,1165,1,1,8.0,2025-12-04 06:00:00,12.0,1614790.0,455405.0,1347.0,188974.0,True,14.294716094499764,13.02894460775555,7.206377291472252,12.149370010160377,8.0,True,1586329.0,448817.0,1385.0,201875.0,28461.0,6588.0,-12901.0,0.017782364348615687,-0.06603891634678405,18,12,337,2,-2.4492935982947064e-16,1.0,-0.46706492487743034,0.8842230238742036,14.294716094499764,12.149370010160377,0.0,0.0,1,28461.0,0.017782364348615687,Increasing,0.8275862068965517,0.05172413793103448,58,5.172413793103448,False,Normal Increase
situation_20251204_0600_ab2afc40.pdf,2025-12-04,Other,1588,,,,,,,,,,455405.0,1614790.0,479.0,,350.0,1289.0,44556.0,,,1347.0,51765.0,188974.0,True,modern_9_column,600,2025-12-04 06:00:00,3,75.0,,0.0,1,1,0,0,0,0,0.5,weather_forecast,1,8,2.0,2.0,0.0,5.0,6.2,1.508,0.0,0.0,3.0,water_level,1,1,3.0,5,4,4,11,14.0,early_warning,general_situation_report,retain,2025-12-04 06:00:00,1166,1,1,12.0,2025-12-04 18:00:00,12.0,1814534.0,509680.0,1236.0,171492.0,True,14.294716094499764,13.02894460775555,7.206377291472252,12.149370010160377,12.0,True,1614790.0,455405.0,1347.0,188974.0,0.0,0.0,0.0,0.0,0.0,6,12,338,3,-2.4492935982947064e-16,1.0,-0.451785789832884,0.8921264484954345,14.411339794509578,12.052297728428591,199744.0,0.11662370000981426,1,0.0,0.0,Stable,0.0,0.0,59,0.0,False,Stable
situation_20251204_1800_70afb5c7.pdf,2025-12-04,Other,1598,,,,,,,,,,509680.0,1814534.0,481.0,,345.0,1967.0,50173.0,,,1236.0,48559.0,171492.0,True,modern_9_column,1800,2025-12-04 18:00:00,4,75.0,,2.0,1,1,0,0,0,0,2.0,weather_forecast,1,8,1.0,1.0,0.0,5.0,6.5,1.382,0.0,0.0,2.5,water_level,1,1,3.0,4,3,4,10,2.0,warning,general_situation_report,retain,2025-12-04 18:00:00,1167,1,1,12.0,2025-12-04 19:00:00,1.0,1844055.0,519842.0,1231.0,171778.0,True,14.411339794509578,13.141540318803827,7.1204443723924875,12.052297728428591,12.0,True,1614790.0,455405.0,1347.0,188974.0,199744.0,54275.0,-17482.0,0.11662370000981426,-0.09707228173178528,18,12,338,3,-2.4492935982947064e-16,1.0,-0.451785789832884,0.8921264484954345,14.427478051401112,12.053964045903808,29521.0,0.016138256891533587,1,199744.0,0.11662370000981426,Increasing,0.9661016949152542,0.288135593220339,59,28.8135593220339,False,Normal Increase
situation_20251204_1900_f7d008c3.pdf,2025-12-04,Other,1595,,,,,,,,,,519842.0,1844055.0,486.0,,341.0,2303.0,52489.0,,,1231.0,51023.0,171778.0,True,modern_9_column,1900,2025-12-04 19:00:00,4,75.0,,2.0,1,1,0,0,0,0,3.0,weather_forecast,1,8,1.0,1.0,0.0,10.0,116.3,1.36,0.0,0.0,0.5,water_level,1,1,3.0,4,3,4,10,3.0,warning,general_situation_report,retain,2025-12-04 19:00:00,1168,1,1,1.0,2025-12-05 06:00:00,11.0,1844055.0,519842.0,1231.0,171778.0,True,14.427478051401112,13.16128212189274,7.116394144093465,12.053964045903808,1.0,True,1814534.0,509680.0,1236.0,171492.0,29521.0,10162.0,286.0,0.016138256891533587,0.0016663174752160614,19,12,338,3,-2.4492935982947064e-16,1.0,-0.451785789832884,0.8921264484954345,14.427478051401112,12.053964045903808,0.0,0.0,1,29521.0,0.016138256891533587,Increasing,0.8166666666666667,0.03333333333333333,60,3.3333333333333335,False,Normal Increase
situation_20251205_0600_869ff8dd.pdf,2025-12-05,Other,1595,,,,,,,,,,519842.0,1844055.0,486.0,,341.0,2303.0,52489.0,,,1231.0,51023.0,171778.0,True,modern_9_column,600,2025-12-05 06:00:00,4,75.0,,2.0,1,1,0,0,0,0,0.5,weather_forecast,1,8,2.0,0.0,0.0,11.0,120.8,1.278,0.0,0.0,2.5,water_level,1,1,3.0,7,4,4,13,10.5,early_warning,general_situation_report,retain,2025-12-05 06:00:00,1169,1,1,11.0,2025-12-05 18:00:00,12.0,2082195.0,586464.0,1211.0,152537.0,True,14.427478051401112,13.16128212189274,7.116394144093465,12.053964045903808,11.0,True,1844055.0,519842.0,1231.0,171778.0,0.0,0.0,0.0,0.0,0.0,6,12,339,4,-2.4492935982947064e-16,1.0,-0.4363729641045924,0.8997658785476209,14.548933663975896,11.935169024317211,238140.0,0.12145561257478477,1,0.0,0.0,Stable,0.0,0.0,60,0.0,False,Stable
situation_20251205_1800_e3c837b0.pdf,2025-12-05,Other,1603,,,,,,,,,,586464.0,2082195.0,607.0,,214.0,4164.0,67505.0,,,1211.0,43715.0,152537.0,True,modern_9_column,1800,2025-12-05 18:00:00,4,75.0,,2.0,1,1,0,0,0,0,2.0,weather_forecast,1,7,2.0,0.0,0.0,11.0,120.8,1.264,0.0,0.0,5.5,water_level,1,1,3.0,7,3,5,13,2.0,early_warning,general_situation_report,retain,2025-12-05 18:00:00,1170,1,1,12.0,2025-12-06 06:00:00,12.0,2082195.0,586464.0,1211.0,152537.0,True,14.548933663975896,13.281868269250651,7.10002716662926,11.935169024317211,12.0,True,1844055.0,519842.0,1231.0,171778.0,238140.0,66622.0,-19241.0,0.12145561257478477,-0.11879502158659605,18,12,339,4,-2.4492935982947064e-16,1.0,-0.4363729641045924,0.8997658785476209,14.548933663975896,11.935169024317211,0.0,0.0,1,238140.0,0.12145561257478477,Increasing,0.9833333333333333,0.31666666666666665,60,31.666666666666664,False,Normal Increase
situation_20251206_0600_cfaa8738.pdf,2025-12-06,Other,1603,,,,,,,,,,586464.0,2082195.0,607.0,,214.0,4164.0,67505.0,,,1211.0,43715.0,152537.0,True,modern_9_column,600,2025-12-06 06:00:00,4,,,2.0,0,1,0,0,0,0,0.5,weather_forecast,1,6,2.0,0.0,0.0,16.0,120.8,1.356,0.0,0.0,2.5,water_level,1,1,3.0,7,3,5,13,14.0,early_warning,general_situation_report,retain,2025-12-06 06:00:00,1171,1,1,12.0,2025-12-06 12:00:00,6.0,2054535.0,576626.0,956.0,114126.0,True,14.548933663975896,13.281868269250651,7.10002716662926,11.935169024317211,12.0,True,2082195.0,586464.0,1211.0,152537.0,0.0,0.0,0.0,0.0,0.0,6,12,340,5,-2.4492935982947064e-16,1.0,-0.42083100859565564,0.9071390534005044,14.535560589663644,11.645067142387745,-27660.0,-0.013373074312251987,1,0.0,0.0,Stable,0.0,0.0,61,0.0,False,Stable
situation_20251206_1200_32039eb5.pdf,2025-12-06,Other,7084,,,,,,,,,,576626.0,2054535.0,611.0,,213.0,4309.0,69635.0,,,956.0,33622.0,114126.0,True,modern_summary_9_column,1200,2025-12-06 12:00:00,4,,,2.0,0,1,0,0,0,0,6.5,weather_forecast,1,6,2.0,1.0,0.0,16.0,55.5,1.39,0.0,0.0,2.5,water_level,1,1,3.0,7,3,5,13,20.0,early_warning,other_heading,retain,2025-12-06 12:00:00,1172,1,1,6.0,2025-12-06 20:00:00,8.0,2078436.0,583030.0,990.0,100124.0,True,14.535560589663644,13.26495088931281,6.863803391452954,11.645067142387745,6.0,True,2082195.0,586464.0,1211.0,152537.0,-27660.0,-9838.0,-38411.0,-0.013373074312251987,-0.2901018819294663,12,12,340,5,-2.4492935982947064e-16,1.0,-0.42083100859565564,0.9071390534005044,14.54712672689552,11.51417468437066,23901.0,0.011566137231875828,1,-27660.0,-0.013373074312251987,Decreasing,0.0,0.0,61,0.0,False,Decrease
situation_20251206_2000_7cd515cf.pdf,2025-12-06,Other,1585,,,,,,,,,,583030.0,2078436.0,618.0,,209.0,4071.0,71121.0,,,990.0,29874.0,100124.0,True,modern_9_column,2000,2025-12-06 20:00:00,4,50.0,,2.0,1,1,0,0,0,0,4.0,weather_forecast,1,8,2.0,1.0,0.0,16.0,55.5,1.39,0.0,0.0,1.5,water_level,1,1,3.0,7,4,5,13,4.0,early_warning,general_situation_report,retain,2025-12-06 20:00:00,1173,1,1,8.0,2025-12-07 12:00:00,16.0,2179138.0,611530.0,956.0,89857.0,True,14.54712672689552,13.275995637160836,6.898714534329988,11.51417468437066,8.0,True,2054535.0,576626.0,956.0,114126.0,23901.0,6404.0,-14002.0,0.011566137231875828,-0.13089245801708493,20,12,340,5,-2.4492935982947064e-16,1.0,-0.42083100859565564,0.9071390534005044,14.594440402621908,11.405985925532484,100702.0,0.04731367572638767,1,23901.0,0.011566137231875828,Increasing,0.7540983606557377,0.03278688524590164,61,3.278688524590164,False,Normal Increase
situation_20251207_1200_5e7485ac.pdf,2025-12-07,Other,1569,,,,,,,,,,611530.0,2179138.0,627.0,,190.0,4517.0,76066.0,,,956.0,27663.0,89857.0,True,modern_9_column,1200,2025-12-07 12:00:00,5,50.0,,2.0,1,1,0,0,0,0,0.0,thunderstorm,1,7,1.0,1.0,0.0,6.0,31.4,1.39,0.0,0.0,2.5,water_level,1,1,3.0,7,4,5,13,20.0,early_warning,general_situation_report,retain,2025-12-07 12:00:00,1174,1,1,16.0,2025-12-08 06:00:00,18.0,2179138.0,611530.0,956.0,89857.0,True,14.594440402621908,13.32372092783668,6.863803391452954,11.405985925532484,16.0,True,2078436.0,583030.0,990.0,100124.0,100702.0,28500.0,-10267.0,0.04731367572638767,-0.10818875883817647,12,12,341,6,-2.4492935982947064e-16,1.0,-0.4051645224207563,0.9142437912130223,14.594440402621908,11.405985925532484,0.0,0.0,1,100702.0,0.04731367572638767,Increasing,0.8852459016393442,0.16393442622950818,61,16.39344262295082,False,Normal Increase
situation_20251208_0600_b1fa7cdd.pdf,2025-12-08,Other,1578,,,,,,,,,,611530.0,2179138.0,627.0,,190.0,4517.0,76066.0,,,956.0,27663.0,89857.0,True,modern_9_column,600,2025-12-08 06:00:00,4,75.0,,2.0,1,1,0,0,0,0,0.5,weather_forecast,1,6,1.0,0.0,0.0,14.0,62.1,1.25,0.0,0.0,2.5,water_level,1,1,3.0,4,5,4,10,14.0,early_warning,general_situation_report,retain,2025-12-08 06:00:00,1175,1,1,18.0,2025-12-08 12:00:00,6.0,1766103.0,512123.0,690.0,69861.0,True,14.594440402621908,13.32372092783668,6.863803391452954,11.405985925532484,18.0,True,2179138.0,611530.0,956.0,89857.0,0.0,0.0,0.0,0.0,0.0,6,12,342,0,-2.4492935982947064e-16,1.0,-0.3893781415452015,0.9210779895789526,14.384286548559311,11.154277146636973,-413035.0,-0.21015385406259668,1,0.0,0.0,Stable,0.0,0.0,62,0.0,False,Stable
situation_20251208_1200_da69c218.pdf,2025-12-08,Other,1561,,,,,,,,,,512123.0,1766103.0,635.0,,192.0,5325.0,81163.0,,,690.0,22218.0,69861.0,True,modern_9_column,1200,2025-12-08 12:00:00,6,75.0,,2.0,1,1,0,0,0,0,0.0,thunderstorm,1,6,1.0,0.0,0.0,14.0,62.1,1.146,0.0,0.0,2.5,water_level,1,1,3.0,4,5,4,10,20.0,early_warning,general_situation_report,retain,2025-12-08 12:00:00,1176,1,1,6.0,2025-12-09 06:00:00,18.0,1766103.0,512123.0,690.0,69861.0,True,14.384286548559311,13.146322062198987,6.53813982376767,11.154277146636973,6.0,True,2179138.0,611530.0,956.0,89857.0,-413035.0,-99407.0,-19996.0,-0.21015385406259668,-0.2517087788955106,12,12,342,0,-2.4492935982947064e-16,1.0,-0.3893781415452015,0.9210779895789526,14.384286548559311,11.154277146636973,0.0,0.0,1,-413035.0,-0.21015385406259668,Decreasing,0.0,0.0,61,0.0,False,Decrease
situation_20251209_0600_d549091e.pdf,2025-12-09,Other,1586,,,,,,,,,,512123.0,1766103.0,635.0,,192.0,5325.0,81163.0,,,690.0,22218.0,69861.0,True,modern_9_column,600,2025-12-09 06:00:00,4,100.0,40.0,2.0,1,1,1,0,0,0,0.5,weather_forecast,1,6,0.0,0.0,0.0,9.0,62.1,0.968,0.0,0.0,2.5,water_level,1,1,3.0,4,5,4,9,14.0,early_warning,general_situation_report,retain,2025-12-09 06:00:00,1177,1,1,18.0,2025-12-09 10:00:00,4.0,1737330.0,501958.0,630.0,63628.0,True,14.384286548559311,13.146322062198987,6.53813982376767,11.154277146636973,18.0,True,1766103.0,512123.0,690.0,69861.0,0.0,0.0,0.0,0.0,0.0,6,12,343,1,-2.4492935982947064e-16,1.0,-0.37347653741307074,0.9276396261490467,14.367860585503372,11.060824620246043,-28773.0,-0.016425963055938908,1,0.0,0.0,Stable,0.0,0.0,60,0.0,False,Stable
situation_20251209_1000_4f6c6074.pdf,2025-12-09,Other,1591,,,,,,,,,,501958.0,1737330.0,638.0,,191.0,5354.0,81621.0,,,630.0,20373.0,63628.0,True,modern_9_column,1000,2025-12-09 10:00:00,4,100.0,40.0,2.0,1,1,1,0,0,0,2.5,heavy_rain,1,6,0.0,0.0,0.0,11.0,49.1,0.8460000000000001,0.0,0.0,0.5,water_level,1,1,3.0,4,5,4,9,18.0,early_warning,general_situation_report,retain,2025-12-09 10:00:00,1178,1,1,4.0,2025-12-10 06:00:00,20.0,1824771.0,529741.0,878.0,86040.0,True,14.367860585503372,13.126273722031646,6.447305862541213,11.060824620246043,4.0,True,1766103.0,512123.0,690.0,69861.0,-28773.0,-10165.0,-6233.0,-0.016425963055938908,-0.09345252639093005,10,12,343,1,-2.4492935982947064e-16,1.0,-0.37347653741307074,0.9276396261490467,14.416965605687288,11.362579205815289,87441.0,0.049105020183915826,1,-28773.0,-0.016425963055938908,Decreasing,0.0,0.0,59,0.0,False,Decrease
situation_20251210_0600_ce7862a9.pdf,2025-12-10,Other,1490,,,,,,,,,,529741.0,1824771.0,639.0,,203.0,5350.0,86882.0,,,878.0,27145.0,86040.0,True,modern_9_column,600,2025-12-10 06:00:00,6,100.0,40.0,2.0,1,1,1,0,0,0,0.5,weather_forecast,1,5,1.0,0.0,0.0,11.0,86.2,1.12,0.0,0.0,5.5,water_level,1,1,3.0,3,5,4,8,14.0,early_warning,general_situation_report,retain,2025-12-10 06:00:00,1179,1,1,20.0,2025-12-10 12:00:00,6.0,1812311.0,524188.0,874.0,85333.0,True,14.416965605687288,13.180145374553563,6.778784897685177,11.362579205815289,20.0,True,1737330.0,501958.0,630.0,63628.0,87441.0,27783.0,22412.0,0.049105020183915826,0.3017545855692454,6,12,344,2,-2.4492935982947064e-16,1.0,-0.3574644155648614,0.9339267592294762,14.410113936193316,11.354328247263073,-12460.0,-0.006851669493972423,1,87441.0,0.049105020183915826,Increasing,0.8275862068965517,0.1896551724137931,58,18.96551724137931,False,Normal Increase
situation_20251210_1200_ee97036f.pdf,2025-12-10,Other,1589,,,,,,,,,,524188.0,1812311.0,639.0,,193.0,5336.0,85683.0,,,874.0,26814.0,85333.0,True,modern_9_column,1200,2025-12-10 12:00:00,7,100.0,40.0,2.0,1,1,1,0,0,0,0.0,thunderstorm,1,5,1.0,0.0,0.0,10.0,86.7,1.12,0.0,0.0,2.5,water_level,1,1,3.0,3,5,4,8,20.0,early_warning,general_situation_report,retain,2025-12-10 12:00:00,1180,1,1,6.0,2025-12-11 06:00:00,18.0,1814421.0,524678.0,873.0,85351.0,True,14.410113936193316,13.169607585294152,6.774223886357614,11.354328247263073,6.0,True,1824771.0,529741.0,878.0,86040.0,-12460.0,-5553.0,-707.0,-0.006851669493972423,-0.008250958552215693,12,12,344,2,-2.4492935982947064e-16,1.0,-0.3574644155648614,0.9339267592294762,14.41127751766252,11.354539160871298,2110.0,0.0011635814692034785,1,-12460.0,-0.006851669493972423,Decreasing,0.0,0.0,59,0.0,False,Decrease
situation_20251211_0600_9e804743.pdf,2025-12-11,Other,1582,,,,,,,,,,524678.0,1814421.0,639.0,,193.0,5346.0,86245.0,,,873.0,26841.0,85351.0,True,modern_9_column,600,2025-12-11 06:00:00,5,100.0,40.0,2.0,1,1,1,0,0,0,0.5,weather_forecast,1,3,0.0,0.0,0.0,9.0,86.7,0.8966666666666666,0.0,0.0,15.0,water_level,1,1,3.0,3,5,4,8,14.0,early_warning,general_situation_report,retain,2025-12-11 06:00:00,1181,1,1,18.0,2025-12-11 18:00:00,12.0,1703318.0,495093.0,866.0,84674.0,True,14.41127751766252,13.170541926003654,6.773080375655535,11.354539160871298,18.0,True,1812311.0,524188.0,874.0,85333.0,2110.0,490.0,18.0,0.0011635814692034785,0.0002109136082246721,6,12,345,3,-2.4492935982947064e-16,1.0,-0.34134651424503615,0.9399375283564133,14.348089258603574,11.346575677685973,-111103.0,-0.0631882590589452,1,2110.0,0.0011635814692034785,Increasing,0.5932203389830508,0.03389830508474576,59,3.389830508474576,False,Normal Increase
situation_20251211_1800_02a0870c.pdf,2025-12-11,Other,1604,,,,,,,,,,495093.0,1703318.0,639.0,,210.0,5588.0,87496.0,,,866.0,26563.0,84674.0,True,modern_9_column,1800,2025-12-11 18:00:00,4,50.0,,2.0,1,1,0,0,0,0,2.0,weather_forecast,1,4,0.0,0.0,0.0,14.0,31.6,0.8460000000000001,0.0,0.0,3.0,water_level,1,1,3.0,3,5,4,8,2.0,early_warning,general_situation_report,retain,2025-12-11 18:00:00,1182,1,1,12.0,2025-12-12 09:00:00,15.0,1703318.0,495093.0,866.0,84674.0,True,14.348089258603574,13.112502922512196,6.7650389767805414,11.346575677685973,12.0,True,1814421.0,524678.0,873.0,85351.0,-111103.0,-29585.0,-677.0,-0.0631882590589452,-0.007963483185324804,18,12,345,3,-2.4492935982947064e-16,1.0,-0.34134651424503615,0.9399375283564133,14.348089258603574,11.346575677685973,0.0,0.0,1,-111103.0,-0.0631882590589452,Decreasing,0.0,0.0,60,0.0,False,Decrease
situation_20251212_0900_4b30c520.pdf,2025-12-12,Other,1603,,,,,,,,,,495093.0,1703318.0,639.0,,210.0,5588.0,87496.0,,,866.0,26563.0,84674.0,True,modern_9_column,900,2025-12-12 09:00:00,4,75.0,,2.0,1,1,0,0,0,0,3.5,weather_forecast,1,4,0.0,0.0,0.0,14.0,62.5,0.8619999999999999,0.0,0.0,2.5,water_level,1,1,3.0,3,5,4,8,17.0,early_warning,general_situation_report,retain,2025-12-12 09:00:00,1183,1,1,15.0,2025-12-12 12:00:00,3.0,1637960.0,473138.0,847.0,82813.0,True,14.348089258603574,13.112502922512196,6.7650389767805414,11.346575677685973,15.0,True,1703318.0,495093.0,866.0,84674.0,0.0,0.0,0.0,0.0,0.0,9,12,346,4,-2.4492935982947064e-16,1.0,-0.3251276029999093,0.9456701548465688,14.30896273358789,11.324352408206183,-65358.0,-0.03912652501568381,1,0.0,0.0,Stable,0.0,0.0,60,0.0,False,Stable
situation_20251212_1200_f0c7869f.pdf,2025-12-12,Other,1590,,,,,,,,,,473138.0,1637960.0,640.0,,211.0,5713.0,104805.0,,,847.0,26103.0,82813.0,True,modern_9_column,1200,2025-12-12 12:00:00,4,75.0,,2.0,1,1,0,0,0,0,6.5,weather_forecast,1,4,1.0,0.0,0.0,14.0,62.5,1.16,0.0,0.0,2.5,water_level,1,1,3.0,3,5,4,8,20.0,early_warning,general_situation_report,retain,2025-12-12 12:00:00,1184,1,1,3.0,2025-12-12 18:00:00,6.0,1637960.0,473138.0,847.0,82813.0,True,14.30896273358789,13.067144493224832,6.742880635791903,11.324352408206183,3.0,True,1703318.0,495093.0,866.0,84674.0,-65358.0,-21955.0,-1861.0,-0.03912652501568381,-0.02222326947978992,12,12,346,4,-2.4492935982947064e-16,1.0,-0.3251276029999093,0.9456701548465688,14.30896273358789,11.324352408206183,0.0,0.0,1,-65358.0,-0.03912652501568381,Decreasing,0.0,0.0,59,0.0,False,Decrease
situation_20251212_1800_7ec64345.pdf,2025-12-12,Other,1595,,,,,,,,,,473138.0,1637960.0,640.0,,211.0,5713.0,104805.0,,,847.0,26103.0,82813.0,True,modern_9_column,1800,2025-12-12 18:00:00,4,75.0,40.0,2.0,1,1,1,0,0,0,2.0,weather_forecast,1,3,2.0,0.0,0.0,12.0,62.5,1.16,0.0,0.0,2.5,water_level,1,1,3.0,3,7,2,8,2.0,early_warning,general_situation_report,retain,2025-12-12 18:00:00,1185,1,1,6.0,2025-12-13 06:00:00,12.0,1637960.0,473138.0,847.0,82813.0,True,14.30896273358789,13.067144493224832,6.742880635791903,11.324352408206183,6.0,True,1637960.0,473138.0,847.0,82813.0,0.0,0.0,0.0,0.0,0.0,18,12,346,4,-2.4492935982947064e-16,1.0,-0.3251276029999093,0.9456701548465688,14.30896273358789,11.324352408206183,0.0,0.0,1,0.0,0.0,Stable,0.0,0.0,58,0.0,False,Stable
situation_20251213_0600_18622479.pdf,2025-12-13,Other,1595,,,,,,,,,,473138.0,1637960.0,640.0,,211.0,5713.0,104805.0,,,847.0,26103.0,82813.0,True,modern_9_column,600,2025-12-13 06:00:00,5,50.0,40.0,2.0,1,1,1,0,0,0,0.5,weather_forecast,1,3,2.0,0.0,0.0,12.0,62.5,1.16,0.0,0.0,14.5,water_level,1,1,3.0,3,7,2,8,14.0,early_warning,general_situation_report,retain,2025-12-13 06:00:00,1186,1,1,12.0,2025-12-13 16:30:00,10.5,1398036.0,400123.0,845.0,83361.0,True,14.30896273358789,13.067144493224832,6.742880635791903,11.324352408206183,12.0,True,1637960.0,473138.0,847.0,82813.0,0.0,0.0,0.0,0.0,0.0,6,12,347,5,-2.4492935982947064e-16,1.0,-0.30881248126625377,0.9511229423235357,14.150579667806207,11.33094784902184,-239924.0,-0.15838306578168293,1,0.0,0.0,Stable,0.0,0.0,57,0.0,False,Stable
situation_20251213_1630_6dc495d0.pdf,2025-12-13,Other,1554,,,,,,,,,,400123.0,1398036.0,640.0,,194.0,5794.0,108638.0,,,845.0,25879.0,83361.0,True,modern_9_column,1630,2025-12-13 16:30:00,5,50.0,40.0,2.0,1,1,1,0,0,0,0.0,weather_forecast,1,2,0.0,0.0,0.0,3.0,39.2,0.9983333333333334,0.0,0.0,1.0,water_level,1,1,3.0,2,7,2,7,0.0,early_warning,general_situation_report,retain,2025-12-13 16:30:00,1187,1,1,10.5,2025-12-14 06:00:00,13.5,1364481.0,391401.0,796.0,72911.0,True,14.150579667806207,12.899529778050047,6.740519359606223,11.33094784902184,10.5,True,1637960.0,473138.0,847.0,82813.0,-239924.0,-73015.0,548.0,-0.15838306578168293,0.006595440815656772,16,12,347,5,-2.4492935982947064e-16,1.0,-0.30881248126625377,0.9511229423235357,14.126285427398228,11.197008513503663,-33555.0,-0.024294240407979117,1,-239924.0,-0.15838306578168293,Decreasing,0.0,0.0,57,0.0,False,Decrease
situation_20251214_0600_1dc4d33a.pdf,2025-12-14,Other,1542,,,,,,,,,,391401.0,1364481.0,643.0,,184.0,6164.0,112110.0,,,796.0,23041.0,72911.0,True,modern_9_column,600,2025-12-14 06:00:00,4,,40.0,2.0,0,1,1,0,0,0,0.5,weather_forecast,1,2,0.0,0.0,0.0,3.0,39.2,0.9983333333333334,0.0,0.0,14.5,water_level,1,1,3.0,2,7,2,7,13.5,early_warning,general_situation_report,retain,2025-12-14 06:00:00,1188,1,1,13.5,2025-12-14 17:00:00,11.0,1344898.0,385093.0,766.0,70359.0,True,14.126285427398228,12.877490443793091,6.680854678790215,11.197008513503663,13.5,True,1398036.0,400123.0,845.0,83361.0,-33555.0,-8722.0,-10450.0,-0.024294240407979117,-0.1339393355181766,6,12,348,6,-2.4492935982947064e-16,1.0,-0.29240597695107734,0.9562942772197719,14.111829475261658,11.161380198851495,-19583.0,-0.01445595213657036,1,-33555.0,-0.024294240407979117,Decreasing,0.0,0.0,57,0.0,False,Decrease
situation_20251214_1700_eef81613.pdf,2025-12-14,Other,1543,,,,,,,,,,385093.0,1344898.0,644.0,,183.0,6163.0,112171.0,,,766.0,22638.0,70359.0,True,modern_9_column,1700,2025-12-14 17:00:00,4,,40.0,0.0,0,1,1,0,0,0,1.0,weather_forecast,1,2,0.0,0.0,0.0,7.0,31.7,0.8720000000000001,0.0,0.0,1.5,water_level,1,1,3.0,2,5,2,7,1.0,early_warning,general_situation_report,retain,2025-12-14 17:00:00,1189,1,1,11.0,2025-12-15 06:00:00,13.0,1628017.0,468472.0,762.0,70055.0,True,14.111829475261658,12.861242739312889,6.642486801367256,11.161380198851495,11.0,True,1364481.0,391401.0,796.0,72911.0,-19583.0,-6308.0,-2552.0,-0.01445595213657036,-0.035628314652168314,17,12,348,6,-2.4492935982947064e-16,1.0,-0.29240597695107734,0.9562942772197719,14.302873881994556,11.157050201202061,283119.0,0.1910444067328978,1,-19583.0,-0.01445595213657036,Decreasing,0.0,0.0,57,0.0,False,Decrease
situation_20251215_0600_291adf01.pdf,2025-12-15,Other,1561,,,,,,,,,,468472.0,1628017.0,643.0,,183.0,6176.0,95213.0,,,762.0,22522.0,70055.0,True,modern_9_column,600,2025-12-15 06:00:00,4,,40.0,0.0,0,1,1,0,0,0,0.5,weather_forecast,1,2,0.0,0.0,0.0,7.0,31.7,0.8720000000000001,0.0,0.0,14.5,water_level,1,1,3.0,2,5,2,7,14.0,early_warning,general_situation_report,retain,2025-12-15 06:00:00,1190,1,1,13.0,2025-12-15 14:00:00,8.0,1600469.0,459726.0,739.0,71472.0,True,14.302873881994556,13.057233748263506,6.637258031284457,11.157050201202061,13.0,True,1344898.0,385093.0,766.0,70359.0,283119.0,83379.0,-304.0,0.1910444067328978,-0.004329997649433537,6,12,349,0,-2.4492935982947064e-16,1.0,-0.27591294500296043,0.9611826292540837,14.285807894073926,11.177075034987192,-27548.0,-0.01706598792062941,1,283119.0,0.1910444067328978,Increasing,1.0,0.49122807017543857,57,49.122807017543856,False,Normal Increase
situation_20251215_1400_d96545bf.pdf,2025-12-15,Other,1560,,,,,,,,,,459726.0,1600469.0,643.0,,183.0,6193.0,95456.0,,,739.0,22050.0,71472.0,True,modern_9_column,1400,2025-12-15 14:00:00,5,,40.0,0.0,0,1,1,0,0,0,0.0,weather_forecast,1,2,0.0,0.0,0.0,5.0,10.1,0.85,0.0,0.0,4.5,water_level,1,1,3.0,2,5,2,7,22.0,early_warning,general_situation_report,retain,2025-12-15 14:00:00,1191,1,1,8.0,2025-12-15 18:00:00,4.0,1678022.0,483622.0,731.0,70297.0,True,14.285807894073926,13.038388114026477,6.606650186198215,11.177075034987192,8.0,True,1628017.0,468472.0,762.0,70055.0,-27548.0,-8746.0,1417.0,-0.01706598792062941,0.02002483378513098,14,12,349,0,-2.4492935982947064e-16,1.0,-0.27591294500296043,0.9611826292540837,14.333126872709153,11.160498627891927,77553.0,0.04731897863522683,1,-27548.0,-0.01706598792062941,Decreasing,0.0,0.0,57,0.0,False,Decrease
situation_20251215_1800_6c79a849.pdf,2025-12-15,Other,1543,,,,,,,,,,483622.0,1678022.0,643.0,,183.0,6200.0,96545.0,,,731.0,22348.0,70297.0,True,modern_9_column,1800,2025-12-15 18:00:00,3,50.0,40.0,0.0,1,1,1,0,0,0,2.0,weather_forecast,1,2,0.0,0.0,0.0,5.0,10.1,0.8480000000000001,0.0,0.0,3.0,water_level,1,1,3.0,3,5,1,6,2.0,early_warning,general_situation_report,retain,2025-12-15 18:00:00,1192,1,1,4.0,2025-12-16 06:00:00,12.0,1678022.0,483622.0,731.0,70297.0,True,14.333126872709153,13.08906095655875,6.595780513961311,11.160498627891927,4.0,True,1600469.0,459726.0,739.0,71472.0,77553.0,23896.0,-1175.0,0.04731897863522683,-0.016576407095264756,18,12,349,0,-2.4492935982947064e-16,1.0,-0.27591294500296043,0.9611826292540837,14.333126872709153,11.160498627891927,0.0,0.0,1,77553.0,0.04731897863522683,Increasing,0.7894736842105263,0.21052631578947367,57,21.052631578947366,False,Normal Increase
situation_20251216_0600_8edbe297.pdf,2025-12-16,Other,1543,,,,,,,,,,483622.0,1678022.0,643.0,,183.0,6200.0,96545.0,,,731.0,22348.0,70297.0,True,modern_9_column,600,2025-12-16 06:00:00,3,50.0,40.0,0.0,1,1,1,0,0,0,0.5,weather_forecast,1,2,0.0,0.0,0.0,5.0,10.1,0.8480000000000001,0.0,0.0,15.0,water_level,1,1,3.0,3,5,1,6,14.0,early_warning,general_situation_report,retain,2025-12-16 06:00:00,1193,1,1,12.0,2025-12-17 16:00:00,34.0,1702719.0,490385.0,723.0,66132.0,True,14.333126872709153,13.08906095655875,6.595780513961311,11.160498627891927,12.0,True,1678022.0,483622.0,731.0,70297.0,0.0,0.0,0.0,0.0,0.0,6,12,350,1,-2.4492935982947064e-16,1.0,-0.2593382659754056,0.9657865518844574,14.347737530390141,11.099423144829517,24697.0,0.014610657680988126,1,0.0,0.0,Stable,0.0,0.0,58,0.0,False,Stable
situation_20251217_1600_60d08bc4.pdf,2025-12-17,Other,1548,,,,,,,,,,490385.0,1702719.0,643.0,,183.0,6228.0,101055.0,,,723.0,22096.0,66132.0,True,modern_9_column,1600,2025-12-17 16:00:00,5,100.0,50.0,2.0,1,1,1,0,0,0,0.0,weather_forecast,1,2,0.0,0.0,0.0,13.0,11.5,0.9833333333333334,0.0,0.0,0.5,water_level,1,1,2.0,4,3,0,5,0.0,early_warning,general_situation_report,retain,2025-12-17 16:00:00,1194,1,1,34.0,2025-12-27 10:00:00,234.0,510744.0,151177.0,373.0,35139.0,False,14.347737530390141,13.102948115072653,6.584791392385716,11.099423144829517,34.0,True,1678022.0,483622.0,731.0,70297.0,24697.0,6763.0,-4165.0,0.014610657680988126,-0.061075483062410285,16,12,351,2,-2.4492935982947064e-16,1.0,-0.2426868445825954,0.9701046827361175,13.143625723106743,10.467095361741087,-1191975.0,-1.2041118072833985,1,24697.0,0.014610657680988126,Increasing,0.6724137931034483,0.06896551724137931,58,6.896551724137931,False,Normal Increase
situation_20251227_1000_5df19cba.pdf,2025-12-27,Other,1996,75728.0,264185.0,,,,,,,,151177.0,510744.0,638.0,,175.0,6121.0,114252.0,,,373.0,10659.0,35139.0,True,modern_11_column,1000,2025-12-27 10:00:00,3,,40.0,0.0,0,1,1,0,0,0,4.5,weather_forecast,1,0,,,,,,,,,24.5,water_level,1,0,0.0,0,0,0,0,90.0,warning,general_situation_report,retain,2025-12-27 10:00:00,1195,1,1,234.0,2025-12-28 09:00:00,23.0,499671.0,149460.0,358.0,34175.0,True,13.143625723106743,11.92621322949553,5.924255797414532,10.467095361741087,234.0,False,,,,,,,,,,10,12,361,5,-2.4492935982947064e-16,1.0,-0.07304518821104743,0.9973286321364752,13.121707162142183,10.439278922319867,-11073.0,-0.021918560964559575,1,,,Insufficient Previous Context,,,0,,False,Gap / No Comparable Previous Report
situation_20251228_0900_00e7ffd4.pdf,2025-12-28,Other,1967,76801.0,267700.0,,,,,,,,149460.0,499671.0,638.0,,175.0,6121.0,114314.0,,,358.0,10340.0,34175.0,True,modern_11_column,900,2025-12-28 09:00:00,3,50.0,40.0,0.0,1,1,1,0,0,0,3.5,weather_forecast,1,0,,,,,,,,,47.5,water_level,1,0,0.0,0,0,0,0,113.0,warning,general_situation_report,retain,2025-12-28 09:00:00,1196,1,1,23.0,2026-01-01 10:00:00,97.0,353903.0,103319.0,264.0,24431.0,False,13.121707162142183,11.914790768215276,5.883322388488279,10.439278922319867,23.0,True,510744.0,151177.0,373.0,35139.0,-11073.0,-1717.0,-964.0,-0.021918560964559575,-0.027816439421220807,9,12,362,6,-2.4492935982947064e-16,1.0,-0.05587875690537313,0.9984375616565666,12.776780968897542,10.103649027458413,-145768.0,-0.3449261932446408,1,-11073.0,-0.021918560964559575,Decreasing,0.0,0.0,58,0.0,False,Decrease
situation_20260101_1000_9c68bf23.pdf,2026-01-01,Other,1866,52442.0,178865.0,,,,,,,,103319.0,353903.0,644.0,,175.0,6056.0,112522.0,,,264.0,7781.0,24431.0,True,modern_11_column,1000,2026-01-01 10:00:00,3,100.0,,0.0,1,1,0,0,0,0,4.5,weather_forecast,1,1,0.0,0.0,0.0,13.0,98.9,0.6073333333333333,0.0,0.0,0.5,water_level,1,0,0.0,0,0,0,0,210.0,warning,general_situation_report,retain,2026-01-01 10:00:00,1197,1,1,97.0,2026-01-02 10:00:00,24.0,263105.0,78267.0,258.0,24112.0,True,12.776780968897542,11.545586247209776,5.579729825986222,10.103649027458413,97.0,False,,,,,,,,,,10,1,1,3,0.49999999999999994,0.8660254037844387,0.017201575418260506,0.9998520419557735,12.480312271785458,10.090506393131704,-90798.0,-0.29646869711208446,1,,,Insufficient Previous Context,,,0,,False,Gap / No Comparable Previous Report
situation_20260102_1000_4550f668.pdf,2026-01-02,Other,1864,51831.0,176696.0,,,,,,,,78267.0,263105.0,644.0,,175.0,6056.0,112521.0,,,258.0,7403.0,24112.0,True,modern_11_column,1000,2026-01-02 10:00:00,3,75.0,,0.0,1,1,0,0,0,0,4.5,weather_forecast,1,0,,,,,,,,,24.5,water_level,1,0,0.0,0,0,0,0,234.0,warning,general_situation_report,retain,2026-01-02 10:00:00,1198,1,1,24.0,2026-01-03 10:00:00,24.0,262348.0,78135.0,258.0,23890.0,True,12.480312271785458,11.26789411389799,5.556828061699537,10.090506393131704,24.0,True,353903.0,103319.0,264.0,24431.0,-90798.0,-25052.0,-319.0,-0.29646869711208446,-0.013142634326708702,10,1,2,4,0.49999999999999994,0.8660254037844387,0.03439806061360801,0.9994082116062598,12.477430957405668,10.08125709796202,-757.0,-0.002881314379790112,1,-90798.0,-0.29646869711208446,Decreasing,0.0,0.0,56,0.0,False,Decrease
situation_20260103_1000_194a6d14.pdf,2026-01-03,Other,1855,51660.0,176081.0,,,,,,,,78135.0,262348.0,644.0,,175.0,6056.0,112521.0,,,258.0,7421.0,23890.0,True,modern_11_column,1000,2026-01-03 10:00:00,3,75.0,40.0,0.0,1,1,1,0,0,0,4.5,weather_forecast,1,1,0.0,0.0,0.0,4.0,30.9,0.59,0.0,0.0,0.5,water_level,1,0,0.0,0,0,0,0,258.0,warning,general_situation_report,retain,2026-01-03 10:00:00,1199,1,1,24.0,2026-01-04 10:00:00,24.0,262348.0,78135.0,258.0,23890.0,True,12.477430957405668,11.266206177127312,5.556828061699537,10.08125709796202,24.0,True,263105.0,78267.0,258.0,24112.0,-757.0,-132.0,-222.0,-0.002881314379790112,-0.009249295169684757,10,1,3,5,0.49999999999999994,0.8660254037844387,0.051584366869408364,0.9986686402879997,12.477430957405668,10.08125709796202,0.0,0.0,1,-757.0,-0.002881314379790112,Decreasing,0.0,0.0,56,0.0,False,Decrease
situation_20260104_1000_f1f74f49.pdf,2026-01-04,Other,1857,51660.0,176081.0,,,,,,,,78135.0,262348.0,644.0,,175.0,6056.0,112521.0,,,258.0,7421.0,23890.0,True,modern_11_column,1000,2026-01-04 10:00:00,3,,50.0,0.0,0,1,1,0,0,0,4.5,weather_forecast,1,1,0.0,0.0,0.0,8.0,1.4,0.628,0.0,0.0,0.5,water_level,1,0,0.0,0,0,0,0,282.0,warning,general_situation_report,retain,2026-01-04 10:00:00,1200,1,1,24.0,2026-01-05 10:00:00,24.0,261557.0,78495.0,231.0,22136.0,True,12.477430957405668,11.266206177127312,5.556828061699537,10.08125709796202,24.0,True,262348.0,78135.0,258.0,23890.0,0.0,0.0,0.0,0.0,0.0,10,1,4,6,0.49999999999999994,0.8660254037844387,0.06875540848113941,0.9976335468520451,12.47441133521686,10.005005695726476,-791.0,-0.003019622188807247,1,0.0,0.0,Stable,0.0,0.0,55,0.0,False,Stable
situation_20260105_1000_29c4a593.pdf,2026-01-05,Other,1834,52144.0,177022.0,,,,,,,,78495.0,261557.0,645.0,,174.0,6037.0,112145.0,,,231.0,6790.0,22136.0,True,modern_11_column,1000,2026-01-05 10:00:00,3,50.0,50.0,0.0,1,1,1,0,0,0,4.5,weather_forecast,1,1,0.0,0.0,0.0,5.0,23.2,0.5766666666666667,0.0,0.0,0.5,water_level,1,0,0.0,0,0,0,0,306.0,warning,general_situation_report,retain,2026-01-05 10:00:00,1201,1,1,24.0,2026-01-06 10:00:00,24.0,260804.0,78271.0,225.0,21514.0,True,12.47441133521686,11.270802947058217,5.44673737166631,10.005005695726476,24.0,True,262348.0,78135.0,258.0,23890.0,-791.0,360.0,-1754.0,-0.003019622188807247,-0.07625140223554361,10,1,5,0,0.49999999999999994,0.8660254037844387,0.08590610426133272,0.9963032375991965,12.47152828063,9.9765056452727,-753.0,-0.002883054586860112,1,-791.0,-0.003019622188807247,Decreasing,0.0,0.0,54,0.0,False,Decrease
situation_20260106_1000_eeec1ce4.pdf,2026-01-06,Other,1844,52118.0,176891.0,,,,,,,,78271.0,260804.0,646.0,,174.0,6037.0,108476.0,,,225.0,6592.0,21514.0,True,modern_11_column,1000,2026-01-06 10:00:00,4,75.0,50.0,0.0,1,1,1,0,0,0,4.5,weather_forecast,1,1,1.0,0.0,0.0,14.0,125.6,1.0333333333333334,0.0,0.0,0.5,water_level,1,1,2.0,4,3,0,4,1.5,warning,general_situation_report,retain,2026-01-06 10:00:00,1202,1,1,24.0,2026-01-07 10:00:00,24.0,260804.0,78271.0,212.0,20382.0,True,12.47152828063,11.267945219046844,5.420534999272286,9.9765056452727,24.0,True,261557.0,78495.0,231.0,22136.0,-753.0,-224.0,-622.0,-0.002883054586860112,-0.02850005045377557,10,1,6,1,0.49999999999999994,0.8660254037844387,0.10303137904317879,0.9946781061893646,12.47152828063,9.922456499083731,0.0,0.0,1,-753.0,-0.002883054586860112,Decreasing,0.0,0.0,54,0.0,False,Decrease
situation_20260107_1000_e349781a.pdf,2026-01-07,Other,1845,52356.0,178023.0,,,,,,,,78271.0,260804.0,646.0,,174.0,6036.0,108480.0,,,212.0,6354.0,20382.0,True,modern_11_column,1000,2026-01-07 10:00:00,3,100.0,60.0,2.0,1,1,1,1,1,0,4.5,weather_forecast,1,0,,,,,,,,,24.5,water_level,1,1,3.0,4,3,2,5,22.0,warning,general_situation_report,retain,2026-01-07 10:00:00,1203,1,1,24.0,2026-01-08 10:00:00,24.0,258967.0,77793.0,205.0,19340.0,True,12.47152828063,11.267945219046844,5.3612921657094255,9.922456499083731,24.0,True,260804.0,78271.0,225.0,21514.0,0.0,0.0,-1132.0,0.0,-0.05404914618896939,10,1,7,2,0.49999999999999994,0.8660254037844387,0.1201261651823505,0.9927586335250793,12.46445978092493,9.86998247397873,-1837.0,-0.007068499705070508,1,0.0,0.0,Stable,0.0,0.0,54,0.0,False,Stable
situation_20260108_1000_7b0c5e7a.pdf,2026-01-08,Other,1903,52194.0,177423.0,,,,,,,,77793.0,258967.0,646.0,,174.0,6025.0,108591.0,,,205.0,6074.0,19340.0,True,modern_11_column,1000,2026-01-08 10:00:00,7,100.0,70.0,2.0,1,1,1,0,1,0,2.5,weather_forecast,1,0,,,,,,,,,48.5,water_level,1,1,3.0,4,3,2,5,22.0,early_warning,general_situation_report,retain,2026-01-08 10:00:00,1204,1,1,24.0,2026-01-09 10:00:00,24.0,258700.0,77711.0,204.0,19299.0,True,12.46445978092493,11.261819586369898,5.327876168789581,9.86998247397873,24.0,True,260804.0,78271.0,212.0,20382.0,-1837.0,-478.0,-1042.0,-0.007068499705070508,-0.05247402510500088,10,1,8,3,0.49999999999999994,0.8660254037844387,0.13718540405660057,0.9905453876091833,12.463428233647901,9.867860374892977,-267.0,-0.0010315472770283662,1,-1837.0,-0.007068499705070508,Decreasing,0.0,0.0,53,0.0,False,Decrease
situation_20260109_1000_647ed86a.pdf,2026-01-09,Other,1889,52194.0,177423.0,,,,,,,,77711.0,258700.0,646.0,,174.0,6025.0,108591.0,,,204.0,6061.0,19299.0,True,modern_11_column,1000,2026-01-09 10:00:00,9,150.0,70.0,3.0,1,1,1,0,1,1,3.0,depression,1,4,0.0,0.0,0.0,6.0,10.2,0.7666666666666666,0.0,0.0,4.5,water_level,1,1,3.0,4,2,2,4,1.0,early_warning,general_situation_report,retain,2026-01-09 10:00:00,1205,1,1,24.0,2026-01-15 10:00:00,144.0,235947.0,69594.0,113.0,8362.0,False,12.463428233647901,11.260764964585526,5.3230099791384085,9.867860374892977,24.0,True,258967.0,77793.0,205.0,19340.0,-267.0,-82.0,-41.0,-0.0010315472770283662,-0.002122099085752893,10,1,9,4,0.49999999999999994,0.8660254037844387,0.1542040475626894,0.988039023376751,12.371366720746495,9.031572493381526,-22753.0,-0.09206151290140596,1,-267.0,-0.0010315472770283662,Decreasing,0.0,0.0,53,0.0,False,Decrease
situation_20260115_1000_ab486071.pdf,2026-01-15,Other,1702,49004.0,168845.0,,,,,,,,69594.0,235947.0,646.0,,173.0,6025.0,108327.0,,,113.0,2728.0,8362.0,True,modern_11_column,1000,2026-01-15 10:00:00,5,,,2.0,0,1,0,0,0,0,4.5,weather_forecast,1,1,0.0,0.0,0.0,1.0,86.6,0.58,0.0,0.0,0.5,water_level_rainfall,1,0,0.0,0,0,0,0,114.0,early_warning,general_situation_report,retain,2026-01-15 10:00:00,1206,1,1,144.0,2026-01-16 10:00:00,24.0,174463.0,51397.0,113.0,8337.0,True,12.371366720746495,11.1504480046615,4.736198448394496,9.031572493381526,144.0,False,,,,,,,,,,10,1,15,3,0.49999999999999994,0.8660254037844387,0.2551824131233728,0.9668929289391521,12.06947369561615,9.028578658440741,-61484.0,-0.30189302513034555,1,,,Insufficient Previous Context,,,0,,False,Gap / No Comparable Previous Report
situation_20260116_1000_974d5359.pdf,2026-01-16,Other,1851,49004.0,168845.0,,,,,,,,51397.0,174463.0,646.0,,173.0,6024.0,108319.0,,,113.0,2724.0,8337.0,True,modern_11_column,1000,2026-01-16 10:00:00,3,,,0.0,0,1,0,0,0,0,4.5,weather_forecast,1,1,0.0,0.0,0.0,6.0,32.3,0.574,0.0,0.0,0.5,water_level_rainfall,1,0,0.0,0,0,0,0,138.0,early_warning,general_situation_report,retain,2026-01-16 10:00:00,1207,1,1,24.0,2026-01-19 10:00:00,72.0,175217.0,51430.0,113.0,8294.0,False,12.06947369561615,10.847354540180387,4.736198448394496,9.028578658440741,24.0,True,235947.0,69594.0,113.0,8362.0,-61484.0,-18197.0,-25.0,-0.30189302513034555,-0.0029938349407849785,10,1,16,4,0.49999999999999994,0.8660254037844387,0.2717767384711357,0.9623603298276545,12.073786191933092,9.023408202624545,754.0,0.004312496316941861,1,-61484.0,-0.30189302513034555,Decreasing,0.0,0.0,52,0.0,False,Decrease
situation_20260119_1000_6e640470.pdf,2026-01-19,Landslide,1941,49053.0,169642.0,,,,,,,,51430.0,175217.0,646.0,,173.0,6025.0,107939.0,,,113.0,2708.0,8294.0,True,modern_11_column,1000,2026-01-19 10:00:00,3,,,0.0,0,0,0,0,0,0,4.5,weather_forecast,1,4,0.0,0.0,0.0,9.0,0.0,0.673076923076923,0.0,0.0,0.5,water_level,1,0,0.0,0,0,0,0,210.0,early_warning,general_situation_report,retain,2026-01-19 10:00:00,1208,1,1,72.0,2026-01-20 10:00:00,24.0,236676.0,69623.0,100.0,7572.0,True,12.073786191933092,10.847996382484268,4.736198448394496,9.023408202624545,72.0,False,,,,,,,,,,10,1,19,0,0.49999999999999994,0.8660254037844387,0.321057654185271,0.9470596510722283,12.374451621368063,8.932344569113823,61459.0,0.30066542943497154,1,,,Insufficient Previous Context,,,0,,False,Gap / No Comparable Previous Report
situation_20260120_1000_e1042caa.pdf,2026-01-20,Landslide,1938,49265.0,170364.0,,,,,,,,69623.0,236676.0,646.0,,173.0,5988.0,108043.0,,,100.0,2496.0,7572.0,True,modern_11_column,1000,2026-01-20 10:00:00,3,,,0.0,0,0,0,0,0,0,4.5,weather_forecast,1,3,0.0,0.0,0.0,8.0,0.0,0.5706666666666667,0.0,0.0,0.5,water_level_rainfall,1,0,0.0,0,0,0,0,234.0,early_warning,general_situation_report,retain,2026-01-20 10:00:00,1209,1,1,24.0,2026-01-22 10:00:00,48.0,228511.0,67305.0,96.0,7109.0,True,12.374451621368063,11.15086461446935,4.61512051684126,8.932344569113823,24.0,True,175217.0,51430.0,113.0,8294.0,61459.0,18193.0,-722.0,0.30066542943497154,-0.09106363351072133,10,1,20,1,0.49999999999999994,0.8660254037844387,0.3373010691361842,0.9413968285264122,12.339344004348836,8.869257522797287,-8165.0,-0.03510761701922682,1,61459.0,0.30066542943497154,Increasing,0.75,0.5384615384615384,52,53.84615384615385,False,Normal Increase
situation_20260122_1000_7345de5a.pdf,2026-01-22,Landslide,1933,47112.0,162662.0,,,,,,,,67305.0,228511.0,646.0,,173.0,5988.0,108043.0,,,96.0,2331.0,7109.0,True,modern_11_column,1000,2026-01-22 10:00:00,3,,,0.0,0,0,0,0,0,0,4.5,weather_forecast,1,1,0.0,0.0,0.0,4.0,0.0,0.56,0.0,0.0,0.5,water_level,1,0,0.0,0,0,0,0,282.0,early_warning,general_situation_report,retain,2026-01-22 10:00:00,1210,1,1,48.0,2026-01-24 10:00:00,48.0,228511.0,67305.0,96.0,7109.0,True,12.339344004348836,11.117004664704986,4.574710978503383,8.869257522797287,48.0,True,236676.0,69623.0,100.0,7572.0,-8165.0,-2318.0,-463.0,-0.03510761701922682,-0.06308704631653583,10,1,22,3,0.49999999999999994,0.8660254037844387,0.3694836834473831,0.9292372181882051,12.339344004348836,8.869257522797287,0.0,0.0,1,-8165.0,-0.03510761701922682,Decreasing,0.0,0.0,53,0.0,False,Decrease
situation_20260124_1000_3b934aad.pdf,2026-01-24,Landslide,1942,47112.0,162662.0,,,,,,,,67305.0,228511.0,646.0,,173.0,5988.0,108043.0,,,96.0,2331.0,7109.0,True,modern_11_column,1000,2026-01-24 10:00:00,2,50.0,,0.0,1,1,0,0,0,0,4.5,weather_forecast,1,0,,,,,,,,,48.5,water_level,1,0,0.0,0,0,0,0,330.0,early_warning,general_situation_report,retain,2026-01-24 10:00:00,1211,1,1,48.0,2026-01-25 10:00:00,24.0,231304.0,68411.0,85.0,6680.0,True,12.339344004348836,11.117004664704986,4.574710978503383,8.869257522797287,48.0,True,228511.0,67305.0,96.0,7109.0,0.0,0.0,0.0,0.0,0.0,10,1,24,5,0.49999999999999994,0.8660254037844387,0.4012289854475009,0.9159777842484877,12.351492464933575,8.807022955925477,2793.0,0.012148460584738174,1,0.0,0.0,Stable,0.0,0.0,52,0.0,False,Stable
situation_20260125_1000_b3cbd836.pdf,2026-01-25,Landslide,2070,48350.0,165884.0,,,,,,,,68411.0,231304.0,649.0,,173.0,6018.0,108879.0,,,85.0,2199.0,6680.0,True,modern_11_column,1000,2026-01-25 10:00:00,3,50.0,,0.0,1,1,0,0,0,0,4.5,weather_forecast,1,1,0.0,0.0,0.0,10.0,31.3,0.5653333333333334,0.0,0.0,0.5,water_level_rainfall,1,0,0.0,0,0,0,0,354.0,early_warning,general_situation_report,retain,2026-01-25 10:00:00,1213,1,2,24.0,2026-01-26 10:00:00,24.0,231304.0,68411.0,85.0,6680.0,True,12.351492464933575,11.133303526819581,4.454347296253507,8.807022955925477,24.0,True,228511.0,67305.0,96.0,7109.0,2793.0,1106.0,-429.0,0.012148460584738174,-0.06223456687181006,10,1,25,6,0.49999999999999994,0.8660254037844387,0.4169258813287287,0.908940487313808,12.351492464933575,8.807022955925477,0.0,0.0,1,2793.0,0.012148460584738174,Increasing,0.5,0.07692307692307693,52,7.6923076923076925,False,Normal Increase
situation_20260126_1000_fbc56113.pdf,2026-01-26,Landslide,2967,48350.0,165884.0,669363.0,2362479.0,2151.0,88864.0,308685.0,50549.0,172564.0,68411.0,231304.0,649.0,,173.0,6018.0,108879.0,,,85.0,2199.0,6680.0,True,modern_18_column,1000,2026-01-26 10:00:00,3,50.0,40.0,0.0,1,1,1,0,0,0,4.5,weather_forecast,1,1,0.0,0.0,0.0,6.0,38.1,0.5566666666666666,0.0,0.0,0.5,water_level_rainfall,1,0,0.0,0,0,0,0,378.0,early_warning,general_situation_report,retain,2026-01-26 10:00:00,1214,1,2,24.0,2026-01-27 10:00:00,24.0,0.0,0.0,0.0,0.0,True,12.351492464933575,11.133303526819581,4.454347296253507,8.807022955925477,24.0,True,231304.0,68411.0,85.0,6680.0,0.0,0.0,0.0,0.0,0.0,10,1,26,0,0.49999999999999994,0.8660254037844387,0.4324994021339788,0.901634220265486,0.0,0.0,-231304.0,-12.351492464933575,0,0.0,0.0,Stable,0.0,0.0,52,0.0,False,Stable
situation_20260127_1000_17973dfd.pdf,2026-01-27,Other,2635,,,,,,,,,,0.0,0.0,3.0,0.0,2.0,0.0,0.0,1.0,0.0,0.0,0.0,0.0,True,grand_total,1000,2026-01-27 10:00:00,3,,40.0,0.0,0,1,1,0,0,0,4.5,weather_forecast,1,0,,,,,,,,,24.5,water_level_rainfall,1,0,0.0,0,0,0,0,402.0,early_warning,general_situation_report,retain,2026-01-27 10:00:00,1216,1,1,24.0,2026-02-01 10:00:00,120.0,231304.0,68411.0,85.0,6680.0,False,0.0,0.0,0.0,0.0,24.0,True,231304.0,68411.0,85.0,6680.0,-231304.0,-68411.0,-6680.0,-12.351492464933575,-8.807022955925477,10,1,27,1,0.49999999999999994,0.8660254037844387,0.44794493940789115,0.8940611451454876,12.351492464933575,8.807022955925477,231304.0,12.351492464933575,1,-231304.0,-12.351492464933575,Decreasing,0.0,0.0,52,0.0,False,Decrease
situation_20260201_1000_844547e2.pdf,2026-02-01,Landslide,2056,48350.0,165884.0,,,,,,,,68411.0,231304.0,650.0,,173.0,6018.0,108879.0,,,85.0,2199.0,6680.0,True,modern_11_column,1000,2026-02-01 10:00:00,4,50.0,,2.0,1,1,0,0,0,0,4.5,weather_forecast,1,1,0.0,0.0,0.0,14.0,37.0,0.5706666666666667,0.0,0.0,0.5,water_level_rainfall,1,0,0.0,0,0,0,0,522.0,early_warning,general_situation_report,retain,2026-02-01 10:00:00,1217,1,1,120.0,2026-02-02 10:00:00,24.0,231304.0,68411.0,85.0,6680.0,True,12.351492464933575,11.133303526819581,4.454347296253507,8.807022955925477,120.0,False,,,,,,,,,,10,2,32,6,0.8660254037844386,0.5000000000000001,0.5230943033491326,0.8522748088519838,12.351492464933575,8.807022955925477,0.0,0.0,1,,,Insufficient Previous Context,,,0,,False,Gap / No Comparable Previous Report
situation_20260202_1000_901ced60.pdf,2026-02-02,Landslide,2048,48350.0,165884.0,,,,,,,,68411.0,231304.0,650.0,,173.0,6018.0,108879.0,,,85.0,2199.0,6680.0,True,modern_11_column,1000,2026-02-02 10:00:00,4,50.0,,2.0,1,1,0,0,0,0,4.5,weather_forecast,1,1,0.0,0.0,0.0,8.0,42.0,0.5713333333333334,0.0,0.0,0.5,water_level_rainfall,1,0,0.0,0,0,0,0,546.0,early_warning,general_situation_report,retain,2026-02-02 10:00:00,1218,1,2,24.0,2026-02-04 10:00:00,48.0,231304.0,68411.0,85.0,6680.0,True,12.351492464933575,11.133303526819581,4.454347296253507,8.807022955925477,24.0,True,231304.0,68411.0,85.0,6680.0,0.0,0.0,0.0,0.0,0.0,10,2,33,0,0.8660254037844386,0.5000000000000001,0.5376773767406141,0.8431506618282,12.351492464933575,8.807022955925477,0.0,0.0,1,0.0,0.0,Stable,0.0,0.0,52,0.0,False,Stable
situation_20260204_1000_49ba6914.pdf,2026-02-04,Landslide,2058,48350.0,165884.0,,,,,,,,68411.0,231304.0,650.0,,173.0,6018.0,108879.0,,,85.0,2199.0,6680.0,True,modern_11_column,1000,2026-02-04 10:00:00,4,,,2.0,0,1,0,0,0,0,4.5,weather_forecast,1,1,0.0,0.0,0.0,6.0,63.9,0.5713333333333334,0.0,0.0,0.5,water_level,1,0,0.0,0,0,0,0,594.0,early_warning,general_situation_report,retain,2026-02-04 10:00:00,1220,1,1,48.0,2026-02-06 10:00:00,48.0,220408.0,65027.0,81.0,6413.0,True,12.351492464933575,11.133303526819581,4.454347296253507,8.807022955925477,48.0,True,231304.0,68411.0,85.0,6680.0,0.0,0.0,0.0,0.0,0.0,10,2,35,2,0.8660254037844386,0.5000000000000001,0.5663619330814524,0.8241566360566663,12.303240190272913,8.7662383802531,-10896.0,-0.048252274660661953,1,0.0,0.0,Stable,0.0,0.0,52,0.0,False,Stable
situation_20260206_1000_ff3594ed.pdf,2026-02-06,Landslide,2036,45056.0,155255.0,,,,,,,,65027.0,220408.0,650.0,,173.0,6018.0,108879.0,,,81.0,2109.0,6413.0,True,modern_11_column,1000,2026-02-06 10:00:00,4,50.0,40.0,2.0,1,1,1,0,0,0,4.5,weather_forecast,1,1,0.0,0.0,0.0,11.0,38.3,0.5733333333333334,0.0,0.0,0.5,water_level,1,0,0.0,0,0,0,0,642.0,early_warning,general_situation_report,retain,2026-02-06 10:00:00,1221,1,1,48.0,2026-02-08 10:00:00,48.0,220408.0,65027.0,81.0,6413.0,True,12.303240190272913,11.082573225354114,4.406719247264253,8.7662383802531,48.0,True,231304.0,68411.0,85.0,6680.0,-10896.0,-3384.0,-267.0,-0.048252274660661953,-0.0407845756723777,10,2,37,4,0.8660254037844386,0.5000000000000001,0.5943761565849831,0.804187157621448,12.303240190272913,8.7662383802531,0.0,0.0,1,-10896.0,-0.048252274660661953,Decreasing,0.0,0.0,52,0.0,False,Decrease
situation_20260208_1000_e44e7708.pdf,2026-02-08,Landslide,2050,45056.0,155255.0,,,,,,,,65027.0,220408.0,650.0,,173.0,6018.0,108879.0,,,81.0,2109.0,6413.0,True,modern_11_column,1000,2026-02-08 10:00:00,4,50.0,40.0,2.0,1,1,1,0,0,0,4.5,weather_forecast,1,0,,,,,,,,,24.5,water_level,1,0,0.0,0,0,0,0,690.0,early_warning,general_situation_report,retain,2026-02-08 10:00:00,1222,1,1,48.0,2026-02-09 10:00:00,24.0,220408.0,65027.0,81.0,6413.0,True,12.303240190272913,11.082573225354114,4.406719247264253,8.7662383802531,48.0,True,220408.0,65027.0,81.0,6413.0,0.0,0.0,0.0,0.0,0.0,10,2,39,6,0.8660254037844386,0.5000000000000001,0.6216868902665479,0.7832658619336791,12.303240190272913,8.7662383802531,0.0,0.0,1,0.0,0.0,Stable,0.0,0.0,52,0.0,False,Stable
situation_20260209_1000_843bd47e.pdf,2026-02-09,Landslide,2035,45056.0,155255.0,,,,,,,,65027.0,220408.0,650.0,,173.0,6018.0,108879.0,,,81.0,2109.0,6413.0,True,modern_11_column,1000,2026-02-09 10:00:00,3,,,0.0,0,1,0,0,0,0,4.5,weather_forecast,1,1,0.0,0.0,0.0,4.0,0.0,0.5640000000000001,0.0,0.0,0.5,water_level_rainfall,1,0,0.0,0,0,0,0,714.0,early_warning,general_situation_report,retain,2026-02-09 10:00:00,1223,1,1,24.0,2026-02-10 10:00:00,24.0,220408.0,65027.0,81.0,6413.0,True,12.303240190272913,11.082573225354114,4.406719247264253,8.7662383802531,24.0,True,220408.0,65027.0,81.0,6413.0,0.0,0.0,0.0,0.0,0.0,10,2,40,0,0.8660254037844386,0.5000000000000001,0.6350683134867438,0.7724559775191742,12.303240190272913,8.7662383802531,0.0,0.0,1,0.0,0.0,Stable,0.0,0.0,52,0.0,False,Stable
situation_20260210_1000_c15cdd3e.pdf,2026-02-10,Landslide,2051,45056.0,155255.0,,,,,,,,65027.0,220408.0,650.0,,173.0,6018.0,108879.0,,,81.0,2109.0,6413.0,True,modern_11_column,1000,2026-02-10 10:00:00,3,,,0.0,0,1,0,0,0,0,4.5,weather_forecast,1,1,0.0,0.0,0.0,3.0,31.2,0.5633333333333332,0.0,0.0,0.5,water_level_rainfall,1,0,0.0,0,0,0,0,738.0,early_warning,general_situation_report,retain,2026-02-10 10:00:00,1224,1,1,24.0,2026-02-14 10:00:00,96.0,220408.0,65027.0,81.0,6413.0,False,12.303240190272913,11.082573225354114,4.406719247264253,8.7662383802531,24.0,True,220408.0,65027.0,81.0,6413.0,0.0,0.0,0.0,0.0,0.0,10,2,41,1,0.8660254037844386,0.5000000000000001,0.6482618097757122,0.7614175109532997,12.303240190272913,8.7662383802531,0.0,0.0,1,0.0,0.0,Stable,0.0,0.0,52,0.0,False,Stable
situation_20260214_1000_973d1e8d.pdf,2026-02-14,Landslide,2051,45056.0,155255.0,,,,,,,,65027.0,220408.0,650.0,,173.0,6018.0,108879.0,,,81.0,2109.0,6413.0,True,modern_11_column,1000,2026-02-14 10:00:00,4,75.0,,2.0,1,1,0,0,0,0,4.5,weather_forecast,1,1,0.0,0.0,0.0,5.0,40.8,0.62,0.0,0.0,0.5,water_level_rainfall,1,1,2.0,1,1,0,2,4.0,early_warning,general_situation_report,retain,2026-02-14 10:00:00,1225,1,1,96.0,2026-02-15 10:00:00,24.0,220408.0,65027.0,81.0,6413.0,True,12.303240190272913,11.082573225354114,4.406719247264253,8.7662383802531,96.0,False,,,,,,,,,,10,2,45,5,0.8660254037844386,0.5000000000000001,0.6990793005655562,0.7150441465537444,12.303240190272913,8.7662383802531,0.0,0.0,1,,,Insufficient Previous Context,,,0,,False,Gap / No Comparable Previous Report
situation_20260215_1000_e786a75f.pdf,2026-02-15,Landslide,2061,45056.0,155255.0,,,,,,,,65027.0,220408.0,650.0,,173.0,6018.0,108879.0,,,81.0,2109.0,6413.0,True,modern_11_column,1000,2026-02-15 10:00:00,4,75.0,,2.0,1,1,0,0,0,0,4.5,weather_forecast,1,2,0.0,0.0,0.0,9.0,91.5,0.85,0.0,0.0,0.5,water_level_rainfall,1,1,2.0,1,1,0,2,3.0,early_warning,general_situation_report,retain,2026-02-15 10:00:00,1226,1,1,24.0,2026-02-16 10:00:00,24.0,220408.0,65027.0,81.0,6413.0,True,12.303240190272913,11.082573225354114,4.406719247264253,8.7662383802531,24.0,True,220408.0,65027.0,81.0,6413.0,0.0,0.0,0.0,0.0,0.0,10,2,46,6,0.8660254037844386,0.5000000000000001,0.7112757519738152,0.7029130847082615,12.303240190272913,8.7662383802531,0.0,0.0,1,0.0,0.0,Stable,0.0,0.0,51,0.0,False,Stable
situation_20260216_1000_3ad84596.pdf,2026-02-16,Landslide,2035,45056.0,155255.0,,,,,,,,65027.0,220408.0,650.0,,173.0,6018.0,108879.0,,,81.0,2109.0,6413.0,True,modern_11_column,1000,2026-02-16 10:00:00,4,50.0,,2.0,1,1,0,0,0,0,4.5,weather_forecast,1,3,0.0,0.0,0.0,9.0,1.5,0.8833333333333333,0.0,0.0,0.5,water_level_rainfall,1,1,1.0,2,0,0,2,1.0,early_warning,general_situation_report,retain,2026-02-16 10:00:00,1227,1,1,24.0,2026-02-17 10:00:00,24.0,220405.0,65026.0,50.0,4125.0,True,12.303240190272913,11.082573225354114,4.406719247264253,8.7662383802531,24.0,True,220408.0,65027.0,81.0,6413.0,0.0,0.0,0.0,0.0,0.0,10,2,47,0,0.8660254037844386,0.5000000000000001,0.7232617254437388,0.6905740195722293,12.30322657912084,8.325063693631197,-3.0,-1.3611152072101618e-05,1,0.0,0.0,Stable,0.0,0.0,51,0.0,False,Stable
situation_20260217_1000_37a88032.pdf,2026-02-17,Landslide,2011,45056.0,155255.0,,,,,,,,65026.0,220405.0,650.0,,173.0,6018.0,108879.0,,,50.0,1358.0,4125.0,True,modern_11_column,1000,2026-02-17 10:00:00,4,100.0,60.0,2.0,1,1,1,1,1,0,4.5,weather_forecast,1,3,0.0,0.0,0.0,10.0,3.4,0.5613333333333334,0.0,0.0,0.5,water_level_rainfall,1,0,0.0,0,0,0,0,25.0,early_warning,general_situation_report,retain,2026-02-17 10:00:00,1228,1,1,24.0,2026-02-18 10:00:00,24.0,220405.0,65026.0,50.0,4125.0,True,12.30322657912084,11.082557847244853,3.9318256327243257,8.325063693631197,24.0,True,220408.0,65027.0,81.0,6413.0,-3.0,-1.0,-2288.0,-1.3611152072101618e-05,-0.4411746866219026,10,2,48,1,0.8660254037844386,0.5000000000000001,0.7350336741329413,0.6780306024735382,12.30322657912084,8.325063693631197,0.0,0.0,1,-3.0,-1.3611152072101618e-05,Decreasing,0.0,0.0,50,0.0,False,Decrease
situation_20260218_1000_f572d768.pdf,2026-02-18,Landslide,2044,45056.0,155255.0,,,,,,,,65026.0,220405.0,650.0,,173.0,6018.0,108879.0,,,50.0,1358.0,4125.0,True,modern_11_column,1000,2026-02-18 10:00:00,4,100.0,60.0,2.0,1,1,1,1,1,0,4.5,weather_forecast,1,4,0.0,0.0,0.0,13.0,52.8,0.5733333333333334,0.0,0.0,0.5,water_level_rainfall,1,0,0.0,0,0,0,0,49.0,early_warning,general_situation_report,retain,2026-02-18 10:00:00,1229,1,1,24.0,2026-02-20 10:00:00,48.0,220044.0,64901.0,42.0,3403.0,True,12.30322657912084,11.082557847244853,3.9318256327243257,8.325063693631197,24.0,True,220405.0,65026.0,50.0,4125.0,0.0,0.0,0.0,0.0,0.0,10,2,49,2,0.8660254037844386,0.5000000000000001,0.746588114532413,0.6652865452111116,12.301587349872475,8.132706489693264,-361.0,-0.001639229248365126,1,0.0,0.0,Stable,0.0,0.0,50,0.0,False,Stable
situation_20260220_1000_a92df030.pdf,2026-02-20,Landslide,2024,45034.0,155182.0,,,,,,,,64901.0,220044.0,650.0,,173.0,6018.0,108879.0,,,42.0,1151.0,3403.0,True,modern_11_column,1000,2026-02-20 10:00:00,4,75.0,,2.0,1,1,0,0,0,0,4.5,weather_forecast,1,3,0.0,0.0,0.0,14.0,76.2,0.875,0.0,0.0,0.5,water_level_rainfall,1,1,2.0,2,1,0,2,2.0,early_warning,general_situation_report,retain,2026-02-20 10:00:00,1231,1,2,48.0,2026-02-21 10:00:00,24.0,220044.0,64901.0,41.0,3401.0,True,12.301587349872475,11.080633718858344,3.7612001156935624,8.132706489693264,48.0,True,220405.0,65026.0,50.0,4125.0,-361.0,-125.0,-722.0,-0.001639229248365126,-0.19235720393793265,10,2,51,4,0.8660254037844386,0.5000000000000001,0.7690308592589181,0.6392116531380588,12.301587349872475,8.132118772955806,0.0,0.0,1,-361.0,-0.001639229248365126,Decreasing,0.0,0.0,50,0.0,False,Decrease
situation_20260221_1000_287006de.pdf,2026-02-21,Landslide,1940,43831.0,149927.0,,,,,,,,64901.0,220044.0,650.0,,173.0,6018.0,108879.0,,,41.0,1150.0,3401.0,True,modern_11_column,1000,2026-02-21 10:00:00,4,100.0,,2.0,1,1,0,0,0,0,4.5,weather_forecast,1,5,1.0,0.0,0.0,14.0,73.7,1.02,0.0,0.0,0.5,water_level_rainfall,1,1,2.0,2,1,0,2,2.0,early_warning,general_situation_report,retain,2026-02-21 10:00:00,1233,1,2,24.0,2026-02-28 10:00:00,168.0,220044.0,64901.0,32.0,3146.0,False,12.301587349872475,11.080633718858344,3.7376696182833684,8.132118772955806,24.0,True,220044.0,64901.0,42.0,3403.0,0.0,0.0,-2.0,0.0,-0.000587716737458166,10,2,52,5,0.8660254037844386,0.5000000000000001,0.7799125224167177,0.6258885343075018,12.301587349872475,8.054204897064407,0.0,0.0,1,0.0,0.0,Stable,0.0,0.0,50,0.0,False,Stable
situation_20260228_1000_dddac469.pdf,2026-02-28,Landslide,1852,43831.0,149927.0,,,,,,,,64901.0,220044.0,680.0,,154.0,5933.0,115501.0,,,32.0,1075.0,3146.0,True,modern_11_column,1000,2026-02-28 10:00:00,3,,,0.0,0,1,0,0,0,0,4.5,weather_forecast,1,0,,,,,,,,,72.5,water_level_rainfall,1,0,0.0,0,0,0,0,97.5,early_warning,general_situation_report,retain,2026-02-28 10:00:00,1234,1,1,168.0,2026-03-01 10:00:00,24.0,220044.0,64901.0,32.0,3146.0,True,12.301587349872475,11.080633718858344,3.4965075614664802,8.054204897064407,168.0,False,,,,,,,,,,10,2,59,5,0.8660254037844386,0.5000000000000001,0.8494504794814806,0.527668345562516,12.301587349872475,8.054204897064407,0.0,0.0,1,,,Insufficient Previous Context,,,0,,False,Gap / No Comparable Previous Report
situation_20260301_1000_ec02b3ab.pdf,2026-03-01,Landslide,1849,43831.0,149927.0,,,,,,,,64901.0,220044.0,680.0,,154.0,5933.0,115501.0,,,32.0,1075.0,3146.0,True,modern_11_column,1000,2026-03-01 10:00:00,3,,,0.0,0,1,0,0,0,0,4.5,weather_forecast,1,1,0.0,0.0,0.0,8.0,11.5,0.5733333333333334,0.0,0.0,0.0,water_level,1,0,0.0,0,0,0,0,121.5,early_warning,general_situation_report,retain,2026-03-01 10:00:00,1235,1,1,24.0,2026-03-02 10:00:00,24.0,220044.0,64901.0,32.0,3146.0,True,12.301587349872475,11.080633718858344,3.4965075614664802,8.054204897064407,24.0,True,220044.0,64901.0,32.0,3146.0,0.0,0.0,0.0,0.0,0.0,10,3,60,6,1.0,6.123233995736766e-17,0.8584015232918917,0.512978386299228,12.301587349872475,8.054204897064407,0.0,0.0,1,0.0,0.0,Stable,0.0,0.0,50,0.0,False,Stable
situation_20260302_1000_7cd70c0e.pdf,2026-03-02,Landslide,1849,43831.0,149927.0,,,,,,,,64901.0,220044.0,680.0,,154.0,5933.0,115501.0,,,32.0,1075.0,3146.0,True,modern_11_column,1000,2026-03-02 10:00:00,4,,,0.0,0,0,0,0,0,0,4.5,weather_forecast,1,1,0.0,0.0,0.0,8.0,11.5,0.5733333333333334,0.0,0.0,24.0,water_level,1,0,0.0,0,0,0,0,145.5,early_warning,general_situation_report,retain,2026-03-02 10:00:00,1236,1,1,24.0,2026-03-03 10:00:00,24.0,220044.0,64901.0,32.0,3146.0,True,12.301587349872475,11.080633718858344,3.4965075614664802,8.054204897064407,24.0,True,220044.0,64901.0,32.0,3146.0,0.0,0.0,0.0,0.0,0.0,10,3,61,0,1.0,6.123233995736766e-17,0.8670985522812081,0.4981366284784055,12.301587349872475,8.054204897064407,0.0,0.0,1,0.0,0.0,Stable,0.0,0.0,49,0.0,False,Stable
situation_20260303_1000_4dbfa330.pdf,2026-03-03,Landslide,1873,43831.0,149927.0,,,,,,,,64901.0,220044.0,680.0,,154.0,5933.0,115501.0,,,32.0,1075.0,3146.0,True,modern_11_column,1000,2026-03-03 10:00:00,3,,,0.0,0,0,0,0,0,0,4.5,weather_forecast,1,1,0.0,0.0,0.0,5.0,0.0,0.5640000000000001,0.0,0.0,0.5,water_level,1,0,0.0,0,0,0,0,169.5,early_warning,general_situation_report,retain,2026-03-03 10:00:00,1237,1,1,24.0,2026-03-06 10:00:00,72.0,220044.0,64901.0,32.0,3146.0,False,12.301587349872475,11.080633718858344,3.4965075614664802,8.054204897064407,24.0,True,220044.0,64901.0,32.0,3146.0,0.0,0.0,0.0,0.0,0.0,10,3,62,1,1.0,6.123233995736766e-17,0.8755389928586302,0.4831474640149687,12.301587349872475,8.054204897064407,0.0,0.0,1,0.0,0.0,Stable,0.0,0.0,48,0.0,False,Stable
situation_20260306_1000_ff855046.pdf,2026-03-06,Other,2860,43831.0,149927.0,669363.0,2362479.0,2151.0,88864.0,308685.0,45076.0,153594.0,64901.0,220044.0,680.0,,154.0,5902.0,115179.0,,,32.0,1075.0,3146.0,True,modern_18_column,1000,2026-03-06 10:00:00,3,,,0.0,0,1,0,0,0,0,4.5,weather_forecast,1,1,0.0,0.0,0.0,5.0,2.4,0.5633333333333332,0.0,0.0,0.5,water_level_rainfall,1,0,0.0,0,0,0,0,241.5,early_warning,general_situation_report,retain,2026-03-06 10:00:00,1238,1,1,72.0,2026-03-07 10:00:00,24.0,220044.0,64901.0,32.0,2852.0,True,12.301587349872475,11.080633718858344,3.4965075614664802,8.054204897064407,72.0,False,,,,,,,,,,10,3,65,4,1.0,6.123233995736766e-17,0.8992961915530253,0.4373400963303323,12.301587349872475,7.9561263512135,0.0,0.0,1,,,Insufficient Previous Context,,,0,,False,Gap / No Comparable Previous Report
situation_20260307_1000_851134fd.pdf,2026-03-07,Other,2178,43831.0,149927.0,,,,,,45076.0,153594.0,64901.0,220044.0,680.0,,154.0,5902.0,115179.0,,,32.0,957.0,2852.0,True,modern_13_column,1000,2026-03-07 10:00:00,3,,,0.0,0,0,0,0,0,0,4.5,weather_forecast,1,1,0.0,0.0,0.0,7.0,0.5,0.5753333333333334,0.0,0.0,0.5,water_level_rainfall,1,0,0.0,0,0,0,0,265.5,early_warning,general_situation_report,retain,2026-03-07 10:00:00,1239,1,2,24.0,2026-03-08 10:00:00,24.0,220044.0,64901.0,32.0,2852.0,True,12.301587349872475,11.080633718858344,3.4965075614664802,7.9561263512135,24.0,True,220044.0,64901.0,32.0,3146.0,0.0,0.0,-294.0,0.0,-0.0980785458509068,10,3,66,5,1.0,6.123233995736766e-17,0.9066860720977985,0.4218060770826634,12.301587349872475,7.9561263512135,0.0,0.0,1,0.0,0.0,Stable,0.0,0.0,46,0.0,False,Stable
situation_20260308_1000_efcd109c.pdf,2026-03-08,Other,2195,43831.0,149927.0,,,,,,45076.0,153594.0,64901.0,220044.0,680.0,,154.0,5902.0,115179.0,,,32.0,957.0,2852.0,True,modern_13_column,1000,2026-03-08 10:00:00,3,,,0.0,0,1,0,0,0,0,4.5,weather_forecast,1,1,0.0,0.0,0.0,8.0,65.1,0.5666666666666667,0.0,0.0,0.5,water_level,1,0,0.0,0,0,0,0,289.5,early_warning,general_situation_report,retain,2026-03-08 10:00:00,1241,1,2,24.0,2026-03-09 10:00:00,24.0,220044.0,64901.0,32.0,2852.0,True,12.301587349872475,11.080633718858344,3.4965075614664802,7.9561263512135,24.0,True,220044.0,64901.0,32.0,2852.0,0.0,0.0,0.0,0.0,0.0,10,3,67,6,1.0,6.123233995736766e-17,0.9138076496466615,0.4061472386305789,12.301587349872475,7.9561263512135,0.0,0.0,1,0.0,0.0,Stable,0.0,0.0,45,0.0,False,Stable
situation_20260309_1000_d2200006.pdf,2026-03-09,Other,1958,43831.0,149927.0,,,,,,,,64901.0,220044.0,680.0,,154.0,5902.0,115179.0,,,32.0,957.0,2852.0,True,modern_11_column,1000,2026-03-09 10:00:00,3,,,0.0,0,1,0,0,0,0,4.5,weather_forecast,1,1,0.0,0.0,0.0,6.0,24.3,0.5700000000000001,0.0,0.0,0.5,water_level_rainfall,1,0,0.0,0,0,0,0,313.5,early_warning,general_situation_report,retain,2026-03-09 10:00:00,1243,1,2,24.0,2026-03-10 10:00:00,24.0,220044.0,64901.0,32.0,2852.0,True,12.301587349872475,11.080633718858344,3.4965075614664802,7.9561263512135,24.0,True,220044.0,64901.0,32.0,2852.0,0.0,0.0,0.0,0.0,0.0,10,3,68,0,1.0,6.123233995736766e-17,0.9206588168102428,0.3903682146763026,12.301587349872475,7.9561263512135,0.0,0.0,1,0.0,0.0,Stable,0.0,0.0,44,0.0,False,Stable
situation_20260310_1000_d4c4f5b6.pdf,2026-03-10,Other,1968,43831.0,149927.0,,,,,,,,64901.0,220044.0,680.0,,154.0,5902.0,115179.0,,,32.0,957.0,2852.0,True,modern_11_column,1000,2026-03-10 10:00:00,3,,,0.0,0,1,0,0,0,0,4.5,weather_forecast,1,0,,,,,,,,,24.5,water_level_rainfall,1,0,0.0,0,0,0,0,337.5,early_warning,general_situation_report,retain,2026-03-10 10:00:00,1245,1,2,24.0,2026-03-11 10:00:00,24.0,0.0,0.0,0.0,0.0,True,12.301587349872475,11.080633718858344,3.4965075614664802,7.9561263512135,24.0,True,220044.0,64901.0,32.0,2852.0,0.0,0.0,0.0,0.0,0.0,10,3,69,1,1.0,6.123233995736766e-17,0.9272375462179537,0.374473674486883,0.0,0.0,-220044.0,-12.301587349872475,0,0.0,0.0,Stable,0.0,0.0,43,0.0,False,Stable
situation_20260311_1000_c63fa4fa.pdf,2026-03-11,Other,2339,,,,,,,,,,0.0,0.0,0.0,0.0,0.0,0.0,0.0,0.0,0.0,0.0,0.0,0.0,True,grand_total,1000,2026-03-11 10:00:00,2,,,0.0,0,1,0,0,0,0,4.5,weather_forecast,1,1,0.0,0.0,0.0,5.0,2.0,0.5666666666666667,0.0,0.0,0.5,water_level_rainfall,1,0,0.0,0,0,0,0,361.5,early_warning,general_situation_report,retain,2026-03-11 10:00:00,1247,1,1,24.0,2026-03-13 10:00:00,48.0,220044.0,64901.0,31.0,2833.0,True,0.0,0.0,0.0,0.0,24.0,True,220044.0,64901.0,32.0,2852.0,-220044.0,-64901.0,-2852.0,-12.301587349872475,-7.9561263512135,10,3,70,2,1.0,6.123233995736766e-17,0.9335418911179212,0.35846832151248087,12.301587349872475,7.949444420250626,220044.0,12.301587349872475,1,-220044.0,-12.301587349872475,Decreasing,0.0,0.0,42,0.0,False,Decrease
situation_20260313_1000_d3f77b76.pdf,2026-03-13,Other,1951,43831.0,149927.0,,,,,,,,64901.0,220044.0,680.0,,154.0,5902.0,115179.0,,,31.0,950.0,2833.0,True,modern_11_column,1000,2026-03-13 10:00:00,3,50.0,,2.0,1,1,0,0,0,0,4.5,weather_forecast,1,1,0.0,0.0,0.0,6.0,80.0,0.5933333333333334,0.0,0.0,0.5,water_level_rainfall,1,0,0.0,0,0,0,0,409.5,early_warning,general_situation_report,retain,2026-03-13 10:00:00,1248,1,2,48.0,2026-03-14 10:00:00,24.0,220044.0,64901.0,31.0,2833.0,True,12.301587349872475,11.080633718858344,3.4657359027997265,7.949444420250626,48.0,True,0.0,0.0,0.0,0.0,220044.0,64901.0,2833.0,12.301587349872475,7.949444420250626,10,3,72,4,1.0,6.123233995736766e-17,0.945320046913132,0.3261441535642696,12.301587349872475,7.949444420250626,0.0,0.0,1,220044.0,12.301587349872475,Increasing,0.9047619047619048,1.0,42,90.47619047619048,False,Normal Increase
situation_20260314_1000_66a0b446.pdf,2026-03-14,Other,1970,43831.0,149927.0,,,,,,,,64901.0,220044.0,680.0,,154.0,5902.0,115179.0,,,31.0,950.0,2833.0,True,modern_11_column,1000,2026-03-14 10:00:00,4,50.0,,2.0,1,1,0,0,0,0,4.5,weather_forecast,1,1,0.0,0.0,0.0,9.0,60.2,0.5993333333333334,0.0,0.0,0.5,water_level_rainfall,1,0,0.0,0,0,0,0,433.5,early_warning,general_situation_report,retain,2026-03-14 10:00:00,1251,1,2,24.0,2026-03-15 10:00:00,24.0,220044.0,64901.0,31.0,2833.0,True,12.301587349872475,11.080633718858344,3.4657359027997265,7.949444420250626,24.0,True,220044.0,64901.0,31.0,2833.0,0.0,0.0,0.0,0.0,0.0,10,3,73,5,1.0,6.123233995736766e-17,0.9507903724625832,0.3098349038318025,12.301587349872475,7.949444420250626,0.0,0.0,1,0.0,0.0,Stable,0.0,0.0,43,0.0,False,Stable
situation_20260315_1000_0e7309d5.pdf,2026-03-15,Other,1965,43831.0,149927.0,,,,,,,,64901.0,220044.0,680.0,,154.0,5902.0,115179.0,,,31.0,950.0,2833.0,True,modern_11_column,1000,2026-03-15 10:00:00,3,50.0,,0.0,1,1,0,0,0,0,5.0,weather_forecast,1,1,0.0,0.0,0.0,4.0,72.5,0.5846666666666667,0.0,0.0,0.5,water_level_rainfall,1,0,0.0,0,0,0,0,457.5,early_warning,general_situation_report,retain,2026-03-15 10:00:00,1252,1,2,24.0,2026-03-16 10:00:00,24.0,220044.0,64901.0,31.0,2833.0,True,12.301587349872475,11.080633718858344,3.4657359027997265,7.949444420250626,24.0,True,220044.0,64901.0,31.0,2833.0,0.0,0.0,0.0,0.0,0.0,10,3,74,6,1.0,6.123233995736766e-17,0.9559793438440766,0.2934339689665273,12.301587349872475,7.949444420250626,0.0,0.0,1,0.0,0.0,Stable,0.0,0.0,42,0.0,False,Stable
situation_20260316_1000_72459e30.pdf,2026-03-16,Other,1951,43831.0,149927.0,,,,,,,,64901.0,220044.0,680.0,,154.0,5902.0,115179.0,,,31.0,950.0,2833.0,True,modern_11_column,1000,2026-03-16 10:00:00,3,,,0.0,0,1,0,0,0,0,4.5,weather_forecast,1,1,0.0,0.0,0.0,7.0,51.8,0.574,0.0,0.0,0.5,water_level_rainfall,1,0,0.0,0,0,0,0,481.5,early_warning,general_situation_report,retain,2026-03-16 10:00:00,1255,1,2,24.0,2026-03-18 10:00:00,48.0,0.0,0.0,0.0,0.0,True,12.301587349872475,11.080633718858344,3.4657359027997265,7.949444420250626,24.0,True,220044.0,64901.0,31.0,2833.0,0.0,0.0,0.0,0.0,0.0,10,3,75,0,1.0,6.123233995736766e-17,0.9608854255574977,0.27694620226893646,0.0,0.0,-220044.0,-12.301587349872475,0,0.0,0.0,Stable,0.0,0.0,42,0.0,False,Stable
situation_20260318_1000_6453726a.pdf,2026-03-18,Other,2325,,,,,,,,,,0.0,0.0,0.0,0.0,0.0,0.0,0.0,0.0,0.0,0.0,0.0,0.0,True,grand_total,1000,2026-03-18 10:00:00,5,50.0,,2.0,1,1,0,0,0,0,4.5,weather_forecast,1,1,0.0,0.0,0.0,5.0,29.5,0.574,0.0,0.0,0.5,water_level_rainfall,1,0,0.0,0,0,0,0,529.5,early_warning,general_situation_report,retain,2026-03-18 10:00:00,1256,1,1,48.0,2026-03-19 10:00:00,24.0,11.0,3.0,0.0,0.0,True,0.0,0.0,0.0,0.0,48.0,True,220044.0,64901.0,31.0,2833.0,-220044.0,-64901.0,-2833.0,-12.301587349872475,-7.949444420250626,10,3,77,2,1.0,6.123233995736766e-17,0.969843196967294,0.24372971360968387,2.4849066497880004,0.0,11.0,2.4849066497880004,0,-220044.0,-12.301587349872475,Decreasing,0.0,0.0,41,0.0,False,Decrease
situation_20260319_1000_d109af0c.pdf,2026-03-19,Strong Wind,2646,,,,,,,,,,3.0,11.0,0.0,0.0,0.0,0.0,3.0,0.0,0.0,0.0,0.0,0.0,True,grand_total,1000,2026-03-19 10:00:00,4,75.0,,2.0,1,1,0,0,0,0,4.5,weather_forecast,1,1,0.0,0.0,0.0,10.0,68.5,0.5760000000000001,0.0,0.0,0.5,water_level_rainfall,1,0,0.0,0,0,0,0,553.5,early_warning,general_situation_report,retain,2026-03-19 10:00:00,1257,1,1,24.0,2026-03-21 10:00:00,48.0,220044.0,64901.0,31.0,2833.0,True,2.4849066497880004,1.3862943611198906,0.0,0.0,24.0,True,0.0,0.0,0.0,0.0,11.0,3.0,0.0,2.4849066497880004,0.0,10,3,78,3,1.0,6.123233995736766e-17,0.9738922359149924,0.22701082094141847,12.301587349872475,7.949444420250626,220033.0,9.816680700084476,1,11.0,2.4849066497880004,Increasing,0.07317073170731707,0.9024390243902439,41,7.317073170731707,False,Normal Increase
situation_20260321_1000_d29aed91.pdf,2026-03-21,Other,2921,43831.0,149927.0,669363.0,2362479.0,2151.0,88864.0,308685.0,45076.0,153594.0,64901.0,220044.0,680.0,,154.0,5902.0,115179.0,,,31.0,950.0,2833.0,True,modern_18_column,1000,2026-03-21 10:00:00,4,,,2.0,0,1,0,0,0,0,4.5,weather_forecast,1,0,,,,,,,,,48.5,water_level_rainfall,1,0,0.0,0,0,0,0,601.5,early_warning,general_situation_report,retain,2026-03-21 10:00:00,1259,1,2,48.0,2026-03-22 10:00:00,24.0,220044.0,64901.0,31.0,2833.0,True,12.301587349872475,11.080633718858344,3.4657359027997265,7.949444420250626,48.0,True,11.0,3.0,0.0,0.0,220033.0,64898.0,2833.0,9.816680700084476,7.949444420250626,10,3,80,5,1.0,6.123233995736766e-17,0.981124629771712,0.19337647441020586,12.301587349872475,7.949444420250626,0.0,0.0,1,220033.0,9.816680700084476,Increasing,0.8780487804878049,0.975609756097561,41,87.8048780487805,False,Normal Increase
situation_20260322_1000_03689f3f.pdf,2026-03-22,Other,1908,43831.0,149927.0,,,,,,,,64901.0,220044.0,680.0,,154.0,5902.0,115179.0,,,31.0,950.0,2833.0,True,modern_11_column,1000,2026-03-22 10:00:00,4,,,2.0,0,1,0,0,0,0,4.5,weather_forecast,1,0,,,,,,,,,72.5,water_level_rainfall,1,0,0.0,0,0,0,0,625.5,early_warning,general_situation_report,retain,2026-03-22 10:00:00,1261,1,2,24.0,2026-03-23 10:00:00,24.0,220044.0,64901.0,31.0,2833.0,True,12.301587349872475,11.080633718858344,3.4657359027997265,7.949444420250626,24.0,True,220044.0,64901.0,31.0,2833.0,0.0,0.0,0.0,0.0,0.0,10,3,81,6,1.0,6.123233995736766e-17,0.984305844499033,0.17647097349152166,12.301587349872475,7.949444420250626,0.0,0.0,1,0.0,0.0,Stable,0.0,0.0,41,0.0,False,Stable
situation_20260323_1000_845f1a3b.pdf,2026-03-23,Other,2890,43831.0,149927.0,669363.0,2362479.0,2151.0,88864.0,308685.0,45076.0,153594.0,64901.0,220044.0,680.0,,154.0,5902.0,115179.0,,,31.0,950.0,2833.0,True,modern_18_column,1000,2026-03-23 10:00:00,4,,,2.0,0,1,0,0,0,0,4.5,weather_forecast,1,0,,,,,,,,,96.5,water_level_rainfall,1,0,0.0,0,0,0,0,649.5,early_warning,general_situation_report,retain,2026-03-23 10:00:00,1262,1,1,24.0,2026-03-23 22:00:00,12.0,12.0,3.0,0.0,0.0,True,12.301587349872475,11.080633718858344,3.4657359027997265,7.949444420250626,24.0,True,220044.0,64901.0,31.0,2833.0,0.0,0.0,0.0,0.0,0.0,10,3,82,0,1.0,6.123233995736766e-17,0.9871957872910085,0.15951325197263655,2.5649493574615367,0.0,-220032.0,-9.73663799241094,0,0.0,0.0,Stable,0.0,0.0,41,0.0,False,Stable
situation_20260323_2200_39bf0edc.pdf,2026-03-23,Strong Wind,2610,,,,,,,,,,3.0,12.0,1.0,1.0,0.0,0.0,3.0,0.0,0.0,0.0,0.0,0.0,True,grand_total,2200,2026-03-23 22:00:00,3,,,0.0,0,1,0,0,0,0,6.0,weather_forecast,1,0,,,,,,,,,108.5,water_level_rainfall,1,0,0.0,0,0,0,0,661.5,early_warning,general_situation_report,retain,2026-03-23 22:00:00,1263,1,1,12.0,2026-03-24 10:00:00,12.0,220044.0,64901.0,31.0,2833.0,True,2.5649493574615367,1.3862943611198906,0.0,0.0,12.0,True,220044.0,64901.0,31.0,2833.0,-220032.0,-64898.0,-2833.0,-9.73663799241094,-7.949444420250626,22,3,82,0,1.0,6.123233995736766e-17,0.9871957872910085,0.15951325197263655,12.301587349872475,7.949444420250626,220032.0,9.73663799241094,1,-220032.0,-9.73663799241094,Decreasing,0.0,0.0,40,0.0,False,Decrease
situation_20260324_1000_132619e3.pdf,2026-03-24,Other,1899,43831.0,149927.0,,,,,,,,64901.0,220044.0,680.0,,154.0,5902.0,115179.0,,,31.0,950.0,2833.0,True,modern_11_column,1000,2026-03-24 10:00:00,3,50.0,,0.0,1,1,0,0,0,0,4.5,weather_forecast,1,1,0.0,0.0,0.0,6.0,2.8,0.5733333333333334,0.0,0.0,0.5,water_level_rainfall,1,0,0.0,0,0,0,0,673.5,early_warning,general_situation_report,retain,2026-03-24 10:00:00,1264,1,1,12.0,2026-03-25 10:00:00,24.0,220044.0,64901.0,30.0,2757.0,True,12.301587349872475,11.080633718858344,3.4657359027997265,7.949444420250626,12.0,True,12.0,3.0,0.0,0.0,220032.0,64898.0,2833.0,9.73663799241094,7.949444420250626,10,3,83,1,1.0,6.123233995736766e-17,0.9897936029670716,0.14250832791617088,12.301587349872475,7.922261058353247,0.0,0.0,1,220032.0,9.73663799241094,Increasing,0.85,0.95,40,85.0,False,Normal Increase
situation_20260325_1000_aea2c35d.pdf,2026-03-25,Other,1891,43831.0,149927.0,,,,,,,,64901.0,220044.0,687.0,,147.0,5902.0,115179.0,,,30.0,925.0,2757.0,True,modern_11_column,1000,2026-03-25 10:00:00,4,,,2.0,0,1,0,0,0,0,4.5,weather_forecast,1,1,0.0,0.0,0.0,6.0,19.2,0.5700000000000001,0.0,0.0,0.5,water_level_rainfall,1,0,0.0,0,0,0,0,697.5,early_warning,general_situation_report,retain,2026-03-25 10:00:00,1265,1,2,24.0,2026-03-26 10:00:00,24.0,0.0,0.0,0.0,0.0,True,12.301587349872475,11.080633718858344,3.4339872044851463,7.922261058353247,24.0,True,220044.0,64901.0,31.0,2833.0,0.0,0.0,-76.0,0.0,-0.02718336189737869,10,3,84,2,1.0,6.123233995736766e-17,0.992098522791769,0.12546123335273648,0.0,0.0,-220044.0,-12.301587349872475,0,0.0,0.0,Stable,0.0,0.0,40,0.0,False,Stable
situation_20260326_1000_3588a594.pdf,2026-03-26,Other,2325,,,,,,,,,,0.0,0.0,0.0,0.0,0.0,0.0,0.0,0.0,0.0,0.0,0.0,0.0,True,grand_total,1000,2026-03-26 10:00:00,3,,,0.0,0,1,0,0,0,0,4.5,weather_forecast,1,1,0.0,0.0,0.0,4.0,0.7,0.5693333333333332,0.0,0.0,0.5,water_level_rainfall,1,0,0.0,0,0,0,0,721.5,early_warning,general_situation_report,retain,2026-03-26 10:00:00,1267,1,1,24.0,2026-03-27 10:00:00,24.0,0.0,0.0,0.0,0.0,True,0.0,0.0,0.0,0.0,24.0,True,220044.0,64901.0,30.0,2757.0,-220044.0,-64901.0,-2757.0,-12.301587349872475,-7.922261058353247,10,3,85,3,1.0,6.123233995736766e-17,0.9941098647022418,0.10837701279187609,0.0,0.0,0.0,0.0,0,-220044.0,-12.301587349872475,Decreasing,0.0,0.0,39,0.0,False,Decrease
situation_20260327_1000_2092eaec.pdf,2026-03-27,Other,2316,,,,,,,,,,0.0,0.0,0.0,0.0,0.0,0.0,0.0,0.0,0.0,0.0,0.0,0.0,True,grand_total,1000,2026-03-27 10:00:00,3,,,0.0,0,1,0,0,0,0,4.5,weather_forecast,1,0,,,,,,,,,24.5,water_level_rainfall,1,0,0.0,0,0,0,0,745.5,early_warning,general_situation_report,retain,2026-03-27 10:00:00,1268,1,1,24.0,2026-03-29 10:00:00,48.0,220044.0,64901.0,30.0,2581.0,True,0.0,0.0,0.0,0.0,24.0,True,0.0,0.0,0.0,0.0,0.0,0.0,0.0,0.0,0.0,10,3,86,4,1.0,6.123233995736766e-17,0.9958270335100595,0.09126072172931188,12.301587349872475,7.856319571406588,220044.0,12.301587349872475,1,0.0,0.0,Stable,0.0,0.0,39,0.0,False,Stable
situation_20260329_1000_19c01d22.pdf,2026-03-29,Other,1908,43831.0,149927.0,,,,,,,,64901.0,220044.0,687.0,,147.0,5866.0,109629.0,,,30.0,869.0,2581.0,True,modern_11_column,1000,2026-03-29 10:00:00,3,,,0.0,0,1,0,0,0,0,4.5,weather_forecast,1,0,,,,,,,,,72.5,water_level_rainfall,1,0,0.0,0,0,0,0,793.5,early_warning,general_situation_report,retain,2026-03-29 10:00:00,1269,1,2,48.0,2026-03-30 10:00:00,24.0,220044.0,64901.0,30.0,2581.0,True,12.301587349872475,11.080633718858344,3.4339872044851463,7.856319571406588,48.0,True,0.0,0.0,0.0,0.0,220044.0,64901.0,2581.0,12.301587349872475,7.856319571406588,10,3,88,6,1.0,6.123233995736766e-17,0.998376906467142,0.056952196034039754,12.301587349872475,7.856319571406588,0.0,0.0,1,220044.0,12.301587349872475,Increasing,0.8947368421052632,1.0,38,89.47368421052632,False,Normal Increase
situation_20260330_1000_669bfaa6.pdf,2026-03-30,Other,1881,43831.0,149927.0,,,,,,,,64901.0,220044.0,687.0,,147.0,5866.0,109629.0,,,30.0,869.0,2581.0,True,modern_11_column,1000,2026-03-30 10:00:00,3,,,0.0,0,1,0,0,0,0,4.5,weather_forecast,1,0,,,,,,,,,96.5,water_level_rainfall,1,0,0.0,0,0,0,0,817.5,early_warning,general_situation_report,retain,2026-03-30 10:00:00,1271,1,2,24.0,2026-03-31 10:00:00,24.0,220044.0,64901.0,30.0,2581.0,True,12.301587349872475,11.080633718858344,3.4339872044851463,7.856319571406588,24.0,True,220044.0,64901.0,30.0,2581.0,0.0,0.0,0.0,0.0,0.0,10,3,89,0,1.0,6.123233995736766e-17,0.9992088560679753,0.03977011384605572,12.301587349872475,7.856319571406588,0.0,0.0,1,0.0,0.0,Stable,0.0,0.0,39,0.0,False,Stable
situation_20260331_1000_79eb5c13.pdf,2026-03-31,Other,1881,43831.0,149927.0,,,,,,,,64901.0,220044.0,687.0,,147.0,5866.0,109629.0,,,30.0,869.0,2581.0,True,modern_11_column,1000,2026-03-31 10:00:00,3,,,0.0,0,1,0,0,0,0,4.5,weather_forecast,1,0,,,,,,,,,120.5,water_level_rainfall,1,0,0.0,0,0,0,0,841.5,early_warning,general_situation_report,retain,2026-03-31 10:00:00,1273,1,2,24.0,2026-04-01 10:00:00,24.0,220044.0,64901.0,29.0,2435.0,True,12.301587349872475,11.080633718858344,3.4339872044851463,7.856319571406588,24.0,True,220044.0,64901.0,30.0,2581.0,0.0,0.0,0.0,0.0,0.0,10,3,90,1,1.0,6.123233995736766e-17,0.9997451236925734,0.022576263041545485,12.301587349872475,7.798112628829788,0.0,0.0,1,0.0,0.0,Stable,0.0,0.0,38,0.0,False,Stable
situation_20260401_1000_f1ab5966.pdf,2026-04-01,Other,1895,43831.0,149927.0,,,,,,,,64901.0,220044.0,687.0,,147.0,5866.0,109629.0,,,29.0,818.0,2435.0,True,modern_11_column,1000,2026-04-01 10:00:00,3,,,0.0,0,1,0,0,0,0,4.5,weather_forecast,1,1,0.0,0.0,0.0,7.0,53.8,0.5686666666666667,0.0,0.0,0.5,water_level_rainfall,1,0,0.0,0,0,0,0,865.5,early_warning,general_situation_report,retain,2026-04-01 10:00:00,1275,1,2,24.0,2026-04-02 10:00:00,24.0,220044.0,64901.0,29.0,2435.0,True,12.301587349872475,11.080633718858344,3.4011973816621555,7.798112628829788,24.0,True,220044.0,64901.0,30.0,2581.0,0.0,0.0,-146.0,0.0,-0.058206942576799925,10,4,91,2,0.8660254037844387,-0.4999999999999998,0.9999855506507186,0.005375731557583884,12.301587349872475,7.798112628829788,0.0,0.0,1,0.0,0.0,Stable,0.0,0.0,38,0.0,False,Stable
situation_20260402_1000_864a02fa.pdf,2026-04-02,Other,1900,43831.0,149927.0,,,,,,,,64901.0,220044.0,687.0,,147.0,5866.0,109629.0,,,29.0,818.0,2435.0,True,modern_11_column,1000,2026-04-02 10:00:00,3,50.0,,0.0,1,1,0,0,0,0,4.5,weather_forecast,1,0,,,,,,,,,24.5,water_level_rainfall,1,0,0.0,0,0,0,0,889.5,early_warning,general_situation_report,retain,2026-04-02 10:00:00,1278,1,2,24.0,2026-04-03 10:00:00,24.0,5.0,1.0,0.0,0.0,True,12.301587349872475,11.080633718858344,3.4011973816621555,7.798112628829788,24.0,True,220044.0,64901.0,29.0,2435.0,0.0,0.0,0.0,0.0,0.0,10,4,92,3,0.8660254037844387,-0.4999999999999998,0.9999300657962057,-0.011826390691832589,1.791759469228055,0.0,-220039.0,-10.509827880644421,0,0.0,0.0,Stable,0.0,0.0,38,0.0,False,Stable
situation_20260403_1000_c910d5f9.pdf,2026-04-03,"Heavy Rain, Strong Wind",2376,,,,,,,,,,1.0,5.0,0.0,0.0,0.0,0.0,1.0,0.0,0.0,0.0,0.0,0.0,True,grand_total,1000,2026-04-03 10:00:00,5,75.0,,2.0,1,1,0,0,0,0,3.0,weather_forecast,1,0,,,,,,,,,48.5,water_level_rainfall,1,0,0.0,0,0,0,0,913.5,early_warning,general_situation_report,retain,2026-04-03 10:00:00,1279,1,1,24.0,2026-04-04 10:00:00,24.0,41.0,13.0,0.0,0.0,True,1.791759469228055,0.6931471805599453,0.0,0.0,24.0,True,220044.0,64901.0,29.0,2435.0,-220039.0,-64900.0,-2435.0,-10.509827880644421,-7.798112628829788,10,4,93,4,0.8660254037844387,-0.4999999999999998,0.9995786855478958,-0.029025013321975237,3.7376696182833684,0.0,36.0,1.9459101490553135,0,-220039.0,-10.509827880644421,Decreasing,0.0,0.0,37,0.0,False,Decrease
situation_20260404_1000_eb0f9599.pdf,2026-04-04,"Heavy Rain, Strong Wind",2638,,,,,,,,,,13.0,41.0,0.0,0.0,0.0,0.0,13.0,0.0,0.0,0.0,0.0,0.0,True,grand_total,1000,2026-04-04 10:00:00,4,75.0,,2.0,1,1,0,0,0,0,4.5,weather_forecast,1,0,,,,,,,,,72.5,water_level_rainfall,1,0,0.0,0,0,0,0,937.5,early_warning,general_situation_report,retain,2026-04-04 10:00:00,1280,1,1,24.0,2026-04-05 10:00:00,24.0,41.0,13.0,0.0,0.0,True,3.7376696182833684,2.6390573296152584,0.0,0.0,24.0,True,5.0,1.0,0.0,0.0,36.0,12.0,0.0,1.9459101490553135,0.0,10,4,94,5,0.8660254037844387,-0.4999999999999998,0.9989315138848577,-0.046215046983708354,3.7376696182833684,0.0,0.0,0.0,0,36.0,1.9459101490553135,Increasing,0.027777777777777776,0.8611111111111112,36,2.7777777777777777,False,Normal Increase
situation_20260405_1000_f550e89b.pdf,2026-04-05,"Heavy Rain, Strong Wind",2633,,,,,,,,,,13.0,41.0,0.0,0.0,0.0,0.0,13.0,0.0,0.0,0.0,0.0,0.0,True,grand_total,1000,2026-04-05 10:00:00,4,50.0,,2.0,1,1,0,0,0,0,4.5,weather_forecast,1,1,0.0,0.0,0.0,7.0,51.2,0.614,0.0,0.0,0.5,water_level_rainfall,1,1,1.0,1,0,0,1,16.5,early_warning,general_situation_report,retain,2026-04-05 10:00:00,1281,1,1,24.0,2026-04-06 10:00:00,24.0,0.0,0.0,0.0,0.0,True,3.7376696182833684,2.6390573296152584,0.0,0.0,24.0,True,41.0,13.0,0.0,0.0,0.0,0.0,0.0,0.0,0.0,10,4,95,6,0.8660254037844387,-0.4999999999999998,0.9979887423155984,-0.06339140486951038,0.0,0.0,-41.0,-3.7376696182833684,0,0.0,0.0,Stable,0.0,0.0,36,0.0,False,Stable
situation_20260406_1000_46148868.pdf,2026-04-06,Other,2317,,,,,,,,,,0.0,0.0,0.0,0.0,0.0,0.0,0.0,0.0,0.0,0.0,0.0,0.0,True,grand_total,1000,2026-04-06 10:00:00,4,50.0,,2.0,1,1,0,0,0,0,4.5,weather_forecast,1,0,,,,,,,,,24.5,water_level_rainfall,1,0,0.0,0,0,0,0,40.5,early_warning,general_situation_report,retain,2026-04-06 10:00:00,1282,1,1,24.0,2026-04-07 10:00:00,24.0,220044.0,64901.0,29.0,2435.0,True,0.0,0.0,0.0,0.0,24.0,True,41.0,13.0,0.0,0.0,-41.0,-13.0,0.0,-3.7376696182833684,0.0,10,4,96,0,0.8660254037844387,-0.4999999999999998,0.9967506498213929,-0.08054900421874167,12.301587349872475,7.798112628829788,220044.0,12.301587349872475,1,-41.0,-3.7376696182833684,Decreasing,0.0,0.0,35,0.0,False,Decrease
situation_20260407_1000_dda7ec2c.pdf,2026-04-07,Other,1882,43831.0,149927.0,,,,,,,,64901.0,220044.0,687.0,,147.0,5866.0,109629.0,,,29.0,818.0,2435.0,True,modern_11_column,1000,2026-04-07 10:00:00,4,,,2.0,0,1,0,0,0,0,4.5,weather_forecast,1,0,,,,,,,,,48.5,water_level_rainfall,1,0,0.0,0,0,0,0,64.5,early_warning,general_situation_report,retain,2026-04-07 10:00:00,1284,1,2,24.0,2026-04-10 10:00:00,72.0,0.0,0.0,0.0,0.0,False,12.301587349872475,11.080633718858344,3.4011973816621555,7.798112628829788,24.0,True,0.0,0.0,0.0,0.0,220044.0,64901.0,2435.0,12.301587349872475,7.798112628829788,10,4,97,1,0.8660254037844387,-0.4999999999999998,0.9952176027737294,-0.09768276782171598,0.0,0.0,-220044.0,-12.301587349872475,0,220044.0,12.301587349872475,Increasing,0.8823529411764706,1.0,34,88.23529411764706,False,Normal Increase
situation_20260410_1000_fbefcca4.pdf,2026-04-10,Other,2330,,,,,,,,,,0.0,0.0,0.0,0.0,0.0,0.0,0.0,0.0,0.0,0.0,0.0,0.0,True,grand_total,1000,2026-04-10 10:00:00,3,,,0.0,0,1,0,0,0,0,4.5,weather_forecast,1,0,,,,,,,,,24.5,water_level_rainfall,1,0,0.0,0,0,0,0,136.5,early_warning,general_situation_report,retain,2026-04-10 10:00:00,1285,1,1,72.0,2026-04-12 10:00:00,48.0,0.0,0.0,0.0,0.0,True,0.0,0.0,0.0,0.0,72.0,False,,,,,,,,,,10,4,100,4,0.8660254037844387,-0.4999999999999998,0.9888537064205885,-0.1488903868564548,0.0,0.0,0.0,0.0,0,,,Insufficient Previous Context,,,0,,False,Gap / No Comparable Previous Report
situation_20260412_1000_725a2bd4.pdf,2026-04-12,Other,2332,,,,,,,,,,0.0,0.0,0.0,0.0,0.0,0.0,0.0,0.0,0.0,0.0,0.0,0.0,True,grand_total,1000,2026-04-12 10:00:00,4,75.0,,2.0,1,1,0,0,0,0,4.5,weather_forecast,1,0,,,,,,,,,72.5,water_level_rainfall,1,0,0.0,0,0,0,0,184.5,early_warning,general_situation_report,retain,2026-04-12 10:00:00,1286,1,1,48.0,2026-04-13 10:00:00,24.0,2.0,1.0,0.0,0.0,True,0.0,0.0,0.0,0.0,48.0,True,0.0,0.0,0.0,0.0,0.0,0.0,0.0,0.0,0.0,10,4,102,6,0.8660254037844387,-0.4999999999999998,0.9831469737221499,-0.1828169249850199,1.0986122886681098,0.0,2.0,1.0986122886681098,0,0.0,0.0,Stable,0.0,0.0,33,0.0,False,Stable
situation_20260413_1000_6680d09d.pdf,2026-04-13,Other,2372,,,,,,,,,,1.0,2.0,0.0,0.0,0.0,0.0,1.0,0.0,0.0,0.0,0.0,0.0,True,grand_total,1000,2026-04-13 10:00:00,5,75.0,,2.0,1,1,0,0,0,0,4.5,weather_forecast,1,0,,,,,,,,,96.5,water_level_rainfall,1,0,0.0,0,0,0,0,208.5,early_warning,general_situation_report,retain,2026-04-13 10:00:00,1287,1,1,24.0,2026-04-14 10:00:00,24.0,2.0,1.0,0.0,0.0,True,1.0986122886681098,0.6931471805599453,0.0,0.0,24.0,True,0.0,0.0,0.0,0.0,2.0,1.0,0.0,1.0986122886681098,0.0,10,4,103,0,0.8660254037844387,-0.4999999999999998,0.9798567700958665,-0.1997015525660636,1.0986122886681098,0.0,0.0,0.0,0,2.0,1.0986122886681098,Increasing,0.0,0.71875,32,0.0,False,Normal Increase
situation_20260414_1000_88c3f706.pdf,2026-04-14,Other,2389,,,,,,,,,,1.0,2.0,1.0,0.0,0.0,0.0,1.0,0.0,0.0,0.0,0.0,0.0,True,grand_total,1000,2026-04-14 10:00:00,5,75.0,,2.0,1,1,0,0,0,0,4.5,weather_forecast,1,0,,,,,,,,,120.5,water_level_rainfall,1,1,1.0,4,0,0,4,18.0,early_warning,general_situation_report,retain,2026-04-14 10:00:00,1288,1,1,24.0,2026-04-15 10:00:00,24.0,0.0,0.0,0.0,0.0,True,1.0986122886681098,0.6931471805599453,0.0,0.0,24.0,True,2.0,1.0,0.0,0.0,0.0,0.0,0.0,0.0,0.0,10,4,104,1,0.8660254037844387,-0.4999999999999998,0.9762766110869321,-0.21652708524481437,0.0,0.0,-2.0,-1.0986122886681098,0,0.0,0.0,Stable,0.0,0.0,32,0.0,False,Stable
situation_20260415_1000_482976ae.pdf,2026-04-15,Other,2337,,,,,,,,,,0.0,0.0,0.0,0.0,0.0,0.0,0.0,0.0,0.0,0.0,0.0,0.0,True,grand_total,1000,2026-04-15 10:00:00,4,50.0,,2.0,1,1,0,0,0,0,4.5,weather_forecast,1,1,0.0,0.0,0.0,5.0,26.7,0.5806666666666668,0.0,0.0,0.5,water_level,1,0,0.0,0,0,0,0,42.0,early_warning,general_situation_report,retain,2026-04-15 10:00:00,1289,1,1,24.0,2026-04-15 18:00:00,8.0,220044.0,64901.0,20.0,1404.0,True,0.0,0.0,0.0,0.0,24.0,True,2.0,1.0,0.0,0.0,-2.0,-1.0,0.0,-1.0986122886681098,0.0,10,4,105,2,0.8660254037844387,-0.4999999999999998,0.9724075561219968,-0.23328854407545518,12.301587349872475,7.247792581767846,220044.0,12.301587349872475,1,-2.0,-1.0986122886681098,Decreasing,0.0,0.0,31,0.0,False,Decrease
situation_20260415_1800_e1596f02.pdf,2026-04-15,Other,1908,43831.0,149927.0,,,,,,,,64901.0,220044.0,687.0,,147.0,5866.0,109629.0,,,20.0,494.0,1404.0,True,modern_11_column,1800,2026-04-15 18:00:00,3,50.0,,2.0,1,1,0,0,0,0,2.0,weather_forecast,1,1,0.0,0.0,0.0,5.0,26.7,0.5806666666666668,0.0,0.0,8.5,water_level,1,0,0.0,0,0,0,0,50.0,early_warning,general_situation_report,retain,2026-04-15 18:00:00,1290,1,1,8.0,2026-04-16 10:00:00,16.0,220044.0,64901.0,20.0,1404.0,True,12.301587349872475,11.080633718858344,3.044522437723423,7.247792581767846,8.0,True,0.0,0.0,0.0,0.0,220044.0,64901.0,1404.0,12.301587349872475,7.247792581767846,18,4,105,2,0.8660254037844387,-0.4999999999999998,0.9724075561219968,-0.23328854407545518,12.301587349872475,7.247792581767846,0.0,0.0,1,220044.0,12.301587349872475,Increasing,0.8666666666666667,1.0,30,86.66666666666667,False,Normal Increase
situation_20260416_1000_50571a70.pdf,2026-04-16,Other,1893,43831.0,149927.0,,,,,,,,64901.0,220044.0,687.0,,147.0,5866.0,109629.0,,,20.0,494.0,1404.0,True,modern_11_column,1000,2026-04-16 10:00:00,3,50.0,,2.0,1,1,0,0,0,0,4.5,weather_forecast,1,1,0.0,0.0,0.0,4.0,44.3,0.6086666666666667,0.0,0.0,0.5,water_level,1,0,0.0,0,0,0,0,66.0,early_warning,general_situation_report,retain,2026-04-16 10:00:00,1291,1,2,16.0,2026-04-17 10:00:00,24.0,4.0,1.0,0.0,0.0,True,12.301587349872475,11.080633718858344,3.044522437723423,7.247792581767846,16.0,True,220044.0,64901.0,20.0,1404.0,0.0,0.0,0.0,0.0,0.0,10,4,106,3,0.8660254037844387,-0.4999999999999998,0.9682507501166718,-0.2499809690726521,1.6094379124341003,0.0,-220040.0,-10.692149437438376,0,0.0,0.0,Stable,0.0,0.0,31,0.0,False,Stable
situation_20260417_1000_77f76f25.pdf,2026-04-17,Other,2747,,,,,,,,,,1.0,4.0,10.0,2.0,1.0,0.0,0.0,0.0,0.0,0.0,0.0,0.0,True,grand_total,1000,2026-04-17 10:00:00,4,,,2.0,0,1,0,0,0,0,4.5,weather_forecast,1,0,,,,,,,,,24.5,water_level,1,0,0.0,0,0,0,0,90.0,early_warning,general_situation_report,retain,2026-04-17 10:00:00,1293,1,1,24.0,2026-04-18 10:00:00,24.0,571.0,145.0,0.0,0.0,True,1.6094379124341003,0.6931471805599453,0.0,0.0,24.0,True,220044.0,64901.0,20.0,1404.0,-220040.0,-64900.0,-1404.0,-10.692149437438376,-7.247792581767846,10,4,107,4,0.8660254037844387,-0.4999999999999998,0.9638074231367307,-0.26659942067929354,6.349138991379798,0.0,567.0,4.739701078945697,0,-220040.0,-10.692149437438376,Decreasing,0.0,0.0,30,0.0,False,Decrease
situation_20260418_1000_5de88b8a.pdf,2026-04-18,"Strong Wind, Lightning",3024,,,,,,,,,,145.0,571.0,9.0,4.0,0.0,4.0,141.0,0.0,0.0,0.0,0.0,0.0,True,grand_total,1000,2026-04-18 10:00:00,3,,,2.0,0,1,0,0,0,0,18.0,weather_forecast,1,0,,,,,,,,,48.5,water_level,1,0,0.0,0,0,0,0,114.0,early_warning,general_situation_report,retain,2026-04-18 10:00:00,1294,1,1,24.0,2026-04-19 10:00:00,24.0,571.0,145.0,0.0,0.0,True,6.349138991379798,4.983606621708336,0.0,0.0,24.0,True,4.0,1.0,0.0,0.0,567.0,144.0,0.0,4.739701078945697,0.0,10,4,108,5,0.8660254037844387,-0.4999999999999998,0.9590788900341131,-0.28313898122818354,6.349138991379798,0.0,0.0,0.0,0,567.0,4.739701078945697,Increasing,0.10344827586206896,0.7931034482758621,29,10.344827586206897,False,Normal Increase
situation_20260419_1000_b7011387.pdf,2026-04-19,"Strong Wind, Lightning",3022,,,,,,,,,,145.0,571.0,9.0,4.0,0.0,4.0,141.0,0.0,0.0,0.0,0.0,0.0,True,grand_total,1000,2026-04-19 10:00:00,3,50.0,,0.0,1,1,0,0,0,0,4.5,weather_forecast,1,0,,,,,,,,,72.5,water_level,1,0,0.0,0,0,0,0,138.0,early_warning,general_situation_report,retain,2026-04-19 10:00:00,1295,1,1,24.0,2026-04-20 10:00:00,24.0,0.0,0.0,0.0,0.0,True,6.349138991379798,4.983606621708336,0.0,0.0,24.0,True,571.0,145.0,0.0,0.0,0.0,0.0,0.0,0.0,0.0,10,4,109,6,0.8660254037844387,-0.4999999999999998,0.9540665500578387,-0.2995947563972602,0.0,0.0,-571.0,-6.349138991379798,0,0.0,0.0,Stable,0.0,0.0,29,0.0,False,Stable
situation_20260420_1000_2f48f162.pdf,2026-04-20,Other,2337,,,,,,,,,,0.0,0.0,0.0,0.0,0.0,0.0,0.0,0.0,0.0,0.0,0.0,0.0,True,grand_total,1000,2026-04-20 10:00:00,4,75.0,,2.0,1,1,0,0,0,0,4.5,weather_forecast,1,0,,,,,,,,,96.5,water_level,1,0,0.0,0,0,0,0,162.0,early_warning,general_situation_report,retain,2026-04-20 10:00:00,1296,1,1,24.0,2026-04-21 10:00:00,24.0,0.0,0.0,0.0,0.0,True,0.0,0.0,0.0,0.0,24.0,True,571.0,145.0,0.0,0.0,-571.0,-145.0,0.0,-6.349138991379798,0.0,10,4,110,0,0.8660254037844387,-0.4999999999999998,0.9487718864399473,-0.31596187665790293,0.0,0.0,0.0,0.0,0,-571.0,-6.349138991379798,Decreasing,0.0,0.0,28,0.0,False,Decrease
situation_20260421_1000_dcfbdfe2.pdf,2026-04-21,Other,2335,,,,,,,,,,0.0,0.0,0.0,0.0,0.0,0.0,0.0,0.0,0.0,0.0,0.0,0.0,True,grand_total,1000,2026-04-21 10:00:00,5,100.0,,2.0,1,1,0,0,0,0,4.5,weather_forecast,1,0,,,,,,,,,120.5,water_level,1,0,0.0,0,0,0,0,186.0,early_warning,general_situation_report,retain,2026-04-21 10:00:00,1297,1,1,24.0,2026-04-22 10:00:00,24.0,0.0,0.0,0.0,0.0,True,0.0,0.0,0.0,0.0,24.0,True,0.0,0.0,0.0,0.0,0.0,0.0,0.0,0.0,0.0,10,4,111,1,0.8660254037844387,-0.4999999999999998,0.9431964659565866,-0.33223549871590435,0.0,0.0,0.0,0.0,0,0.0,0.0,Stable,0.0,0.0,28,0.0,False,Stable
situation_20260422_1000_7fafdca9.pdf,2026-04-22,Lightning,2529,,,,,,,,,,0.0,0.0,0.0,0.0,0.0,0.0,0.0,0.0,0.0,0.0,0.0,0.0,True,grand_total,1000,2026-04-22 10:00:00,4,100.0,,0.0,1,1,0,0,0,0,4.5,weather_forecast,1,0,,,,,,,,,144.5,water_level,1,0,0.0,0,0,0,0,210.0,early_warning,general_situation_report,retain,2026-04-22 10:00:00,1298,1,1,24.0,2026-04-23 10:00:00,24.0,678.0,146.0,0.0,0.0,True,0.0,0.0,0.0,0.0,24.0,True,0.0,0.0,0.0,0.0,0.0,0.0,0.0,0.0,0.0,10,4,112,2,0.8660254037844387,-0.4999999999999998,0.9373419384643772,-0.3484108069446808,6.520621127558696,0.0,678.0,6.520621127558696,0,0.0,0.0,Stable,0.0,0.0,28,0.0,False,Stable
situation_20260423_1000_a8c6acf2.pdf,2026-04-23,"Flood, Heavy Rain",3124,,,,,,,,,,146.0,678.0,1.0,1.0,0.0,0.0,67.0,0.0,0.0,0.0,0.0,0.0,True,grand_total,1000,2026-04-23 10:00:00,4,75.0,,2.0,1,1,0,0,0,0,4.5,weather_forecast,1,0,,,,,,,,,168.5,water_level,1,0,0.0,0,0,0,0,234.0,early_warning,general_situation_report,retain,2026-04-23 10:00:00,1299,1,1,24.0,2026-04-24 10:00:00,24.0,682.0,147.0,0.0,0.0,True,6.520621127558696,4.990432586778736,0.0,0.0,24.0,True,0.0,0.0,0.0,0.0,678.0,146.0,0.0,6.520621127558696,0.0,10,4,113,3,0.8660254037844387,-0.4999999999999998,0.9312100364121947,-0.3644830148102912,6.52649485957079,0.0,4.0,0.005873732012093846,0,678.0,6.520621127558696,Increasing,0.14285714285714285,0.7857142857142857,28,14.285714285714285,False,Normal Increase
situation_20260424_1000_69b97ad6.pdf,2026-04-24,"Flood, Heavy Rain, Strong Wind",3402,,,,,,,,,,147.0,682.0,1.0,1.0,0.0,5.0,68.0,0.0,1.0,0.0,0.0,0.0,True,grand_total,1000,2026-04-24 10:00:00,4,75.0,,2.0,1,1,0,0,0,0,4.5,weather_forecast,1,1,0.0,0.0,0.0,5.0,72.5,0.72,0.0,0.0,0.5,water_level_rainfall,1,1,1.0,2,0,0,2,18.0,early_warning,general_situation_report,retain,2026-04-24 10:00:00,1300,1,1,24.0,2026-04-25 10:00:00,24.0,0.0,0.0,0.0,0.0,True,6.52649485957079,4.997212273764115,0.0,0.0,24.0,True,678.0,146.0,0.0,0.0,4.0,1.0,0.0,0.005873732012093846,0.0,10,4,114,4,0.8660254037844387,-0.4999999999999998,0.9248025743285089,-0.38044736628785164,0.0,0.0,-682.0,-6.52649485957079,0,4.0,0.005873732012093846,Increasing,0.034482758620689655,0.034482758620689655,29,3.4482758620689653,False,Normal Increase
situation_20260425_1000_e162da3b.pdf,2026-04-25,Lightning,2400,,,,,,,,,,0.0,0.0,1.0,3.0,0.0,0.0,0.0,0.0,0.0,0.0,0.0,0.0,True,grand_total_ref_fallback,1000,2026-04-25 10:00:00,4,75.0,,2.0,1,1,0,0,0,0,4.5,weather_forecast,1,0,,,,,,,,,24.5,water_level_rainfall,1,1,1.0,1,0,0,1,18.0,early_warning,general_situation_report,retain,2026-04-25 10:00:00,1301,1,1,24.0,2026-04-26 10:00:00,24.0,0.0,0.0,0.0,0.0,True,0.0,0.0,0.0,0.0,24.0,True,682.0,147.0,0.0,0.0,-682.0,-147.0,0.0,-6.52649485957079,0.0,10,4,115,5,0.8660254037844387,-0.4999999999999998,0.9181214482844364,-0.39629913726891813,0.0,0.0,0.0,0.0,0,-682.0,-6.52649485957079,Decreasing,0.0,0.0,29,0.0,False,Decrease
situation_20260426_1000_9bd42034.pdf,2026-04-26,Lightning,2400,,,,,,,,,,0.0,0.0,1.0,3.0,0.0,0.0,0.0,0.0,0.0,0.0,0.0,0.0,True,grand_total_ref_fallback,1000,2026-04-26 10:00:00,4,,,2.0,0,1,0,0,0,0,4.5,weather_forecast,1,1,0.0,0.0,0.0,4.0,27.0,0.594,0.0,0.0,0.5,water_level_rainfall,1,0,0.0,0,0,0,0,42.0,early_warning,general_situation_report,retain,2026-04-26 10:00:00,1302,1,1,24.0,2026-04-27 10:00:00,24.0,0.0,0.0,0.0,0.0,True,0.0,0.0,0.0,0.0,24.0,True,0.0,0.0,0.0,0.0,0.0,0.0,0.0,0.0,0.0,10,4,116,6,0.8660254037844387,-0.4999999999999998,0.9111686353326631,-0.41203363695942635,0.0,0.0,0.0,0.0,0,0.0,0.0,Stable,0.0,0.0,29,0.0,False,Stable
situation_20260427_1000_83734d53.pdf,2026-04-27,Other,2322,,,,,,,,,,0.0,0.0,0.0,0.0,0.0,0.0,0.0,0.0,0.0,0.0,0.0,0.0,True,grand_total,1000,2026-04-27 10:00:00,4,75.0,,2.0,1,1,0,0,0,0,4.5,weather_forecast,1,0,,,,,,,,,24.5,water_level_rainfall,1,0,0.0,0,0,0,0,66.0,early_warning,general_situation_report,retain,2026-04-27 10:00:00,1303,1,1,24.0,2026-04-28 10:00:00,24.0,6.0,1.0,0.0,0.0,True,0.0,0.0,0.0,0.0,24.0,True,0.0,0.0,0.0,0.0,0.0,0.0,0.0,0.0,0.0,10,4,117,0,0.8660254037844387,-0.4999999999999998,0.9039461929224011,-0.42764620926777464,1.9459101490553132,0.0,6.0,1.9459101490553132,0,0.0,0.0,Stable,0.0,0.0,28,0.0,False,Stable
situation_20260428_1000_13e7281f.pdf,2026-04-28,Strong Wind,2364,,,,,,,,,,1.0,6.0,0.0,0.0,0.0,0.0,1.0,0.0,0.0,0.0,0.0,0.0,True,grand_total,1000,2026-04-28 10:00:00,4,75.0,,2.0,1,1,0,0,0,0,4.5,weather_forecast,1,0,,,,,,,,,48.5,water_level_rainfall,1,0,0.0,0,0,0,0,90.0,early_warning,general_situation_report,retain,2026-04-28 10:00:00,1304,1,1,24.0,2026-04-29 10:00:00,24.0,0.0,0.0,0.0,0.0,True,1.9459101490553132,0.6931471805599453,0.0,0.0,24.0,True,0.0,0.0,0.0,0.0,6.0,1.0,0.0,1.9459101490553132,0.0,10,4,118,1,0.8660254037844387,-0.4999999999999998,0.8964562582905575,-0.44313223418263453,0.0,0.0,-6.0,-1.9459101490553132,0,6.0,1.9459101490553132,Increasing,0.07142857142857142,0.6428571428571429,28,7.142857142857142,False,Normal Increase
situation_20260429_1000_2870b5a5.pdf,2026-04-29,Lightning,2589,,,,,,,,,,0.0,0.0,2.0,0.0,0.0,0.0,1.0,0.0,0.0,0.0,0.0,0.0,True,grand_total,1000,2026-04-29 10:00:00,4,50.0,,2.0,1,1,0,0,0,0,4.5,weather_forecast,1,0,,,,,,,,,72.5,water_level_rainfall,1,0,0.0,0,0,0,0,114.0,early_warning,general_situation_report,retain,2026-04-29 10:00:00,1305,1,1,24.0,2026-04-30 10:00:00,24.0,9.0,3.0,0.0,0.0,True,0.0,0.0,0.0,0.0,24.0,True,6.0,1.0,0.0,0.0,-6.0,-1.0,0.0,-1.9459101490553132,0.0,10,4,119,2,0.8660254037844387,-0.4999999999999998,0.8887010478292915,-0.45848712914008766,2.302585092994046,0.0,9.0,2.302585092994046,0,-6.0,-1.9459101490553132,Decreasing,0.0,0.0,28,0.0,False,Decrease
situation_20260430_1000_221e6737.pdf,2026-04-30,Strong Wind,2645,,,,,,,,,,3.0,9.0,1.0,0.0,0.0,0.0,2.0,0.0,0.0,0.0,0.0,0.0,True,grand_total,1000,2026-04-30 10:00:00,4,50.0,,2.0,1,1,0,0,0,0,4.5,weather_forecast,1,1,0.0,0.0,0.0,12.0,53.1,0.59,0.0,0.0,0.5,water_level_rainfall,1,0,0.0,0,0,0,0,138.0,early_warning,general_situation_report,retain,2026-04-30 10:00:00,1306,1,1,24.0,2026-05-01 10:00:00,24.0,94.0,26.0,0.0,0.0,True,2.302585092994046,1.3862943611198906,0.0,0.0,24.0,True,0.0,0.0,0.0,0.0,9.0,3.0,0.0,2.302585092994046,0.0,10,4,120,3,0.8660254037844387,-0.4999999999999998,0.8806828564301475,-0.47370635037968,4.553876891600541,0.0,85.0,2.251291798606495,0,9.0,2.302585092994046,Increasing,0.1111111111111111,0.6666666666666666,27,11.11111111111111,False,Normal Increase
situation_20260501_1000_c33871df.pdf,2026-05-01,"Strong Wind, Lightning",2691,,,,,,,,,,26.0,94.0,0.0,0.0,0.0,0.0,23.0,0.0,0.0,0.0,0.0,0.0,True,grand_total,1000,2026-05-01 10:00:00,3,50.0,,0.0,1,1,0,0,0,0,4.5,weather_forecast,1,0,,,,,,,,,24.5,water_level_rainfall,1,0,0.0,0,0,0,0,162.0,early_warning,general_situation_report,retain,2026-05-01 10:00:00,1307,1,1,24.0,2026-05-02 10:00:00,24.0,73.0,21.0,0.0,0.0,True,4.553876891600541,3.295836866004329,0.0,0.0,24.0,True,9.0,3.0,0.0,0.0,85.0,23.0,0.0,2.251291798606495,0.0,10,5,121,4,0.49999999999999994,-0.8660254037844387,0.8724040568049612,-0.48878539428899265,4.30406509320417,0.0,-21.0,-0.24981179839637058,0,85.0,2.251291798606495,Increasing,0.21428571428571427,0.6428571428571429,28,21.428571428571427,False,Normal Increase
situation_20260502_1000_e1f75b1a.pdf,2026-05-02,"Heavy Rain, Strong Wind, Lightning",2658,,,,,,,,,,21.0,73.0,0.0,0.0,0.0,0.0,18.0,0.0,0.0,0.0,0.0,0.0,True,grand_total,1000,2026-05-02 10:00:00,4,,,2.0,0,1,0,0,0,0,4.5,weather_forecast,1,0,,,,,,,,,48.5,water_level_rainfall,1,0,0.0,0,0,0,0,186.0,early_warning,general_situation_report,retain,2026-05-02 10:00:00,1308,1,1,24.0,2026-05-03 10:00:00,24.0,2.0,1.0,0.0,0.0,True,4.30406509320417,3.091042453358316,0.0,0.0,24.0,True,94.0,26.0,0.0,0.0,-21.0,-5.0,0.0,-0.24981179839637058,0.0,10,5,122,5,0.49999999999999994,-0.8660254037844387,0.8638670987837349,-0.503719798736334,1.0986122886681098,0.0,-71.0,-3.20545280453606,0,-21.0,-0.24981179839637058,Decreasing,0.0,0.0,28,0.0,False,Decrease
situation_20260503_1000_99f71816.pdf,2026-05-03,Lightning,2364,,,,,,,,,,1.0,2.0,1.0,1.0,0.0,0.0,0.0,0.0,0.0,0.0,0.0,0.0,True,grand_total,1000,2026-05-03 10:00:00,5,50.0,,2.0,1,1,0,0,0,0,3.0,weather_forecast,1,0,,,,,,,,,72.5,water_level_rainfall,1,0,0.0,0,0,0,0,210.0,early_warning,general_situation_report,retain,2026-05-03 10:00:00,1309,1,1,24.0,2026-05-04 10:00:00,24.0,112.0,25.0,0.0,0.0,True,1.0986122886681098,0.6931471805599453,0.0,0.0,24.0,True,73.0,21.0,0.0,0.0,-71.0,-20.0,0.0,-3.20545280453606,0.0,10,5,123,6,0.49999999999999994,-0.8660254037844387,0.8550745085896932,-0.518505144391157,4.727387818712341,0.0,110.0,3.628775530044231,0,-71.0,-3.20545280453606,Decreasing,0.0,0.0,27,0.0,False,Decrease
situation_20260504_1000_c0e045e1.pdf,2026-05-04,"Heavy Rain, Lightning",3245,,,,,,,,,,25.0,112.0,1.0,1.0,0.0,4.0,13.0,0.0,0.0,0.0,0.0,0.0,True,grand_total,1000,2026-05-04 10:00:00,5,50.0,40.0,2.0,1,1,1,0,0,0,3.0,weather_forecast,1,0,,,,,,,,,96.5,water_level_rainfall,1,0,0.0,0,0,0,0,234.0,early_warning,general_situation_report,retain,2026-05-04 10:00:00,1310,1,1,24.0,2026-05-05 10:00:00,24.0,131.0,31.0,0.0,0.0,True,4.727387818712341,3.258096538021482,0.0,0.0,24.0,True,2.0,1.0,0.0,0.0,110.0,24.0,0.0,3.628775530044231,0.0,10,5,124,0,0.49999999999999994,-0.8660254037844387,0.8460288880917339,-0.533137056031809,4.882801922586371,0.0,19.0,0.15541410387402976,0,110.0,3.628775530044231,Increasing,0.25925925925925924,0.7037037037037037,27,25.925925925925924,False,Normal Increase
situation_20260505_1000_755d3978.pdf,2026-05-05,"Heavy Rain, Lightning",3563,,,,,,,,,,31.0,131.0,3.0,1.0,0.0,4.0,22.0,0.0,0.0,0.0,0.0,0.0,True,grand_total,1000,2026-05-05 10:00:00,4,50.0,40.0,2.0,1,1,1,0,0,0,4.5,weather_forecast,1,0,,,,,,,,,120.5,water_level_rainfall,1,0,0.0,0,0,0,0,258.0,early_warning,general_situation_report,retain,2026-05-05 10:00:00,1311,1,1,24.0,2026-05-07 10:00:00,48.0,54.0,11.0,0.0,0.0,True,4.882801922586371,3.4657359027997265,0.0,0.0,24.0,True,112.0,25.0,0.0,0.0,19.0,6.0,0.0,0.15541410387402976,0.0,10,5,125,1,0.49999999999999994,-0.8660254037844387,0.8367329140344921,-0.5476112038402312,4.007333185232471,0.0,-77.0,-0.8754687373538994,0,19.0,0.15541410387402976,Increasing,0.18518518518518517,0.37037037037037035,27,18.51851851851852,False,Normal Increase
situation_20260507_1000_d0d1276a.pdf,2026-05-07,Strong Wind,3167,,,,,,,,,,11.0,54.0,0.0,1.0,0.0,0.0,12.0,0.0,0.0,0.0,0.0,0.0,True,grand_total,1000,2026-05-07 10:00:00,4,100.0,,2.0,1,1,0,0,0,0,4.5,weather_forecast,1,1,0.0,0.0,0.0,11.0,89.7,0.7186666666666667,0.0,0.0,0.5,water_level_rainfall,1,0,0.0,0,0,0,0,306.0,early_warning,general_situation_report,retain,2026-05-07 10:00:00,1312,1,1,48.0,2026-05-09 10:00:00,48.0,12.0,3.0,0.0,0.0,True,4.007333185232471,2.4849066497880004,0.0,0.0,48.0,True,131.0,31.0,0.0,0.0,-77.0,-20.0,0.0,-0.8754687373538994,0.0,10,5,127,3,0.49999999999999994,-0.8660254037844387,0.8174009818249189,-0.5760691233798758,2.5649493574615367,0.0,-42.0,-1.4423838277709344,0,-77.0,-0.8754687373538994,Decreasing,0.0,0.0,27,0.0,False,Decrease
situation_20260509_1000_74e91f64.pdf,2026-05-09,Lightning,2638,,,,,,,,,,3.0,12.0,0.0,0.0,0.0,0.0,1.0,0.0,1.0,0.0,0.0,0.0,True,grand_total,1000,2026-05-09 10:00:00,6,100.0,,2.0,1,1,0,0,0,0,4.5,weather_forecast,1,1,0.0,0.0,0.0,10.0,123.3,0.966,0.0,0.0,0.5,water_level_rainfall,1,0,0.0,0,0,0,0,354.0,early_warning,general_situation_report,retain,2026-05-09 10:00:00,1313,1,1,48.0,2026-05-11 10:00:00,48.0,149.0,37.0,0.0,0.0,True,2.5649493574615367,1.3862943611198906,0.0,0.0,48.0,True,54.0,11.0,0.0,0.0,-42.0,-8.0,0.0,-1.4423838277709344,0.0,10,5,129,5,0.49999999999999994,-0.8660254037844387,0.7971015927871943,-0.6038452208771035,5.0106352940962555,0.0,137.0,2.445685936634719,0,-42.0,-1.4423838277709344,Decreasing,0.0,0.0,27,0.0,False,Decrease
situation_20260511_1000_50328cd4.pdf,2026-05-11,"Landslide, Heavy Rain, Strong Wind, Lightning",3214,,,,,,,,,,37.0,149.0,0.0,0.0,0.0,1.0,10.0,1.0,1.0,0.0,0.0,0.0,True,grand_total,1000,2026-05-11 10:00:00,4,100.0,,2.0,1,1,0,0,0,0,4.5,weather_forecast,1,5,1.0,0.0,1.0,17.0,70.9,1.45,0.0,0.0,0.5,water_level_rainfall,1,1,1.0,5,0,0,5,13.0,early_warning,general_situation_report,retain,2026-05-11 10:00:00,1314,1,1,48.0,2026-05-12 10:00:00,24.0,85.0,27.0,1.0,17.0,True,5.0106352940962555,3.6375861597263857,0.0,0.0,48.0,True,12.0,3.0,0.0,0.0,137.0,34.0,0.0,2.445685936634719,0.0,10,5,131,0,0.49999999999999994,-0.8660254037844387,0.7758587728069828,-0.6309066211876704,4.454347296253507,2.8903717578961645,-64.0,-0.5562879978427482,1,137.0,2.445685936634719,Increasing,0.34615384615384615,0.6153846153846154,26,34.61538461538461,False,Normal Increase
situation_20260512_1000_78a5f5ef.pdf,2026-05-12,"Flood, Heavy Rain, Lightning",2765,,,,,,,,,,27.0,85.0,0.0,0.0,0.0,0.0,9.0,1.0,0.0,1.0,7.0,17.0,True,grand_total,1000,2026-05-12 10:00:00,7,100.0,,2.0,1,1,0,1,1,0,4.5,weather_forecast,1,7,0.0,0.0,0.0,19.0,69.0,0.792,0.0,0.0,0.5,water_level_rainfall,1,1,2.0,8,1,0,8,13.0,early_warning,general_situation_report,retain,2026-05-12 10:00:00,1315,1,1,24.0,2026-05-13 10:00:00,24.0,203.0,62.0,1.0,17.0,True,4.454347296253507,3.332204510175204,0.6931471805599453,2.8903717578961645,24.0,True,149.0,37.0,0.0,0.0,-64.0,-10.0,17.0,-0.5562879978427482,2.8903717578961645,10,5,132,1,0.49999999999999994,-0.8660254037844387,0.7648913904341225,-0.6441592666722685,5.318119993844216,2.8903717578961645,118.0,0.8637726975907087,1,-64.0,-0.5562879978427482,Decreasing,0.0,0.0,27,0.0,False,Decrease
situation_20260513_1000_b7ae321a.pdf,2026-05-13,"Flood, Heavy Rain, Strong Wind, Lightning",3642,,,,,,,,,,62.0,203.0,1.0,0.0,0.0,0.0,39.0,1.0,0.0,1.0,7.0,17.0,True,grand_total,1000,2026-05-13 10:00:00,7,200.0,,3.0,1,1,0,1,1,0,0.5,heavy_rain,1,7,0.0,0.0,0.0,22.0,134.9,0.971153846153846,0.0,0.0,0.5,water_level_rainfall,1,1,2.0,11,5,0,11,1.0,early_warning,general_situation_report,retain,2026-05-13 10:00:00,1316,1,1,24.0,2026-05-14 10:00:00,24.0,3475.0,1113.0,8.0,1310.0,True,5.318119993844216,4.143134726391533,0.6931471805599453,2.8903717578961645,24.0,True,85.0,27.0,1.0,17.0,118.0,35.0,0.0,0.8637726975907087,0.0,10,5,133,2,0.49999999999999994,-0.8660254037844387,0.753697664392914,-0.6572212950663319,8.153637486385282,7.1785454837637,3272.0,2.835517492541066,1,118.0,0.8637726975907087,Increasing,0.3333333333333333,0.4074074074074074,27,33.33333333333333,False,Normal Increase
situation_20260514_1000_43941880.pdf,2026-05-14,"Flood, Heavy Rain, Strong Wind, Lightning",5032,,,,,,,,,,1113.0,3475.0,1.0,0.0,0.0,0.0,88.0,1.0,0.0,8.0,489.0,1310.0,True,grand_total,1000,2026-05-14 10:00:00,7,100.0,,3.0,1,1,0,1,1,0,1.0,heavy_rain,1,8,5.0,0.0,0.0,24.0,64.2,1.29,0.0,0.0,1.0,water_level,1,1,2.0,11,3,0,11,1.0,early_warning,general_situation_report,retain,2026-05-14 10:00:00,1317,1,1,24.0,2026-05-15 10:00:00,24.0,3623.0,1151.0,3.0,123.0,True,8.153637486385282,7.01571242048723,2.1972245773362196,7.1785454837637,24.0,True,203.0,62.0,1.0,17.0,3272.0,1051.0,1293.0,2.835517492541066,4.288173725867535,10,5,134,3,0.49999999999999994,-0.8660254037844387,0.742280907086982,-0.6700888411055113,8.19533366716287,4.820281565605037,148.0,0.04169618077758841,1,3272.0,2.835517492541066,Increasing,0.5555555555555556,0.6666666666666666,27,55.55555555555556,False,Normal Increase
situation_20260515_1000_b5370cef.pdf,2026-05-15,"Flood, Landslide, Heavy Rain, Strong Wind, Lightning",6321,,,,,,,,,,1151.0,3623.0,2.0,2.0,0.0,1.0,112.0,2.0,0.0,3.0,34.0,123.0,True,grand_total,1000,2026-05-15 10:00:00,7,150.0,,3.0,1,1,0,1,1,0,0.5,heavy_rain,1,10,2.0,2.0,0.0,17.0,180.0,1.4303030303030304,1.0,0.0,0.5,water_level,1,1,2.0,13,6,0,13,12.0,early_warning,general_situation_report,retain,2026-05-15 10:00:00,1318,1,1,24.0,2026-05-16 10:00:00,24.0,4354.0,1338.0,3.0,250.0,True,8.19533366716287,7.049254841255837,1.3862943611198906,4.820281565605037,24.0,True,3475.0,1113.0,8.0,1310.0,148.0,38.0,-1187.0,0.04169618077758841,-2.358263918158663,10,5,135,4,0.49999999999999994,-0.8660254037844387,0.7306444969184916,-0.6827580970759147,8.379079889286603,5.5254529391317835,731.0,0.18374622212373204,1,148.0,0.04169618077758841,Increasing,0.4074074074074074,0.14814814814814814,27,14.814814814814813,False,Normal Increase
situation_20260516_1000_00db5e05.pdf,2026-05-16,"Flood, Landslide, Heavy Rain, Strong Wind, Lightning",6614,,,,,,,,,,1338.0,4354.0,2.0,1.0,0.0,1.0,149.0,0.0,0.0,3.0,82.0,250.0,True,grand_total,1000,2026-05-16 10:00:00,4,100.0,,2.0,1,1,0,1,1,0,4.5,weather_forecast,1,9,2.0,2.0,0.0,9.0,26.4,1.4363636363636365,1.0,0.0,0.5,water_level_rainfall,1,1,2.0,13,6,0,13,18.0,early_warning,general_situation_report,retain,2026-05-16 10:00:00,1319,1,1,24.0,2026-05-17 10:00:00,24.0,5242.0,1574.0,5.0,162.0,True,8.379079889286603,7.199678345691172,1.3862943611198906,5.5254529391317835,24.0,True,3623.0,1151.0,3.0,123.0,731.0,187.0,127.0,0.18374622212373204,0.7051713735267464,10,5,136,5,0.49999999999999994,-0.8660254037844387,0.7187918772884232,-0.6952253139408722,8.564649132572534,5.093750200806762,888.0,0.18556924328593105,1,731.0,0.18374622212373204,Increasing,0.5,0.2857142857142857,28,28.57142857142857,False,Normal Increase
situation_20260517_1000_7a00b5c2.pdf,2026-05-17,"Flood, Landslide, Heavy Rain, Strong Wind, Lightning",7418,,,,,,,,,,1574.0,5242.0,2.0,1.0,0.0,1.0,192.0,0.0,0.0,5.0,52.0,162.0,True,grand_total,1000,2026-05-17 10:00:00,4,75.0,,2.0,1,1,0,1,1,0,4.5,weather_forecast,1,4,1.0,1.0,0.0,7.0,46.9,1.402,1.0,0.0,0.5,water_level_rainfall,1,1,2.0,13,5,0,13,18.0,early_warning,general_situation_report,retain,2026-05-17 10:00:00,1320,1,1,24.0,2026-05-18 10:00:00,24.0,5277.0,1585.0,2.0,135.0,True,8.564649132572534,7.362010551259734,1.791759469228055,5.093750200806762,24.0,True,4354.0,1338.0,3.0,250.0,888.0,236.0,-88.0,0.18556924328593105,-0.43170273832502115,10,5,137,6,0.49999999999999994,-0.8660254037844387,0.7067265555776158,-0.7074868024503348,8.57130251706327,4.912654885736052,35.0,0.006653384490736158,1,888.0,0.18556924328593105,Increasing,0.5172413793103449,0.3103448275862069,29,31.03448275862069,False,Normal Increase
situation_20260518_1000_a091fb5e.pdf,2026-05-18,"Flood, Landslide, Heavy Rain, Strong Wind, Lightning",7481,,,,,,,,,,1585.0,5277.0,2.0,1.0,0.0,1.0,204.0,0.0,0.0,2.0,42.0,135.0,True,grand_total,1000,2026-05-18 10:00:00,4,50.0,40.0,1.0,1,1,1,1,0,0,4.5,weather_forecast,1,1,1.0,0.0,0.0,3.0,13.5,1.1800000000000002,0.0,0.0,0.5,water_level_rainfall,1,1,2.0,8,1,0,8,16.25,warning,general_situation_report,retain,2026-05-18 10:00:00,1321,1,1,24.0,2026-05-19 10:00:00,24.0,5336.0,1602.0,0.0,0.0,True,8.57130251706327,7.368970402194793,1.0986122886681098,4.912654885736052,24.0,True,5242.0,1574.0,5.0,162.0,35.0,11.0,-27.0,0.006653384490736158,-0.18109531507070997,10,5,138,0,0.49999999999999994,-0.8660254037844387,0.6944521021088763,-0.719538934232584,8.582418976333944,0.0,59.0,0.011116459270674284,0,35.0,0.006653384490736158,Increasing,0.2,0.06666666666666667,30,6.666666666666667,False,Normal Increase
situation_20260519_1000_ab423649.pdf,2026-05-19,"Flood, Landslide, Heavy Rain, Strong Wind, Lightning",7582,,,,,,,,,,1602.0,5336.0,2.0,1.0,0.0,1.0,221.0,0.0,0.0,0.0,0.0,0.0,True,grand_total,1000,2026-05-19 10:00:00,4,50.0,40.0,2.0,1,1,1,0,0,0,4.5,weather_forecast,1,2,0.0,0.0,0.0,3.0,25.5,0.788,0.0,1.0,0.0,flood_warning,1,1,1.0,3,0,0,3,18.0,early_warning,general_situation_report,retain,2026-05-19 10:00:00,1322,1,1,24.0,2026-05-20 10:00:00,24.0,5366.0,1613.0,0.0,0.0,True,8.582418976333944,7.3796321526095525,0.0,0.0,24.0,True,5277.0,1585.0,2.0,135.0,59.0,17.0,-135.0,0.011116459270674284,-4.912654885736052,10,5,139,1,0.49999999999999994,-0.8660254037844387,0.6819721490904629,-0.7313781428679254,8.588024372176829,0.0,30.0,0.005605395842884775,0,59.0,0.011116459270674284,Increasing,0.25806451612903225,0.0967741935483871,31,9.67741935483871,False,Normal Increase
situation_20260520_1000_ceaeff47.pdf,2026-05-20,"Flood, Landslide, Heavy Rain, Strong Wind, Lightning",7759,,,,,,,,,,1613.0,5366.0,2.0,1.0,0.0,6.0,230.0,0.0,0.0,0.0,0.0,0.0,True,grand_total,1000,2026-05-20 10:00:00,5,50.0,40.0,2.0,1,1,1,0,0,0,4.5,weather_forecast,1,2,0.0,0.0,0.0,7.0,34.4,0.7333333333333334,0.0,1.0,0.5,water_level_rainfall,1,0,0.0,0,0,0,0,42.0,early_warning,general_situation_report,retain,2026-05-20 10:00:00,1323,1,1,24.0,2026-05-21 10:00:00,24.0,5369.0,1614.0,0.0,0.0,True,8.588024372176829,7.3864708488298945,0.0,0.0,24.0,True,5336.0,1602.0,0.0,0.0,30.0,11.0,0.0,0.005605395842884775,0.0,10,5,140,2,0.49999999999999994,-0.8660254037844387,0.6692903895412567,-0.7430009249440493,8.58858318750291,0.0,3.0,0.0005588153260820405,0,30.0,0.005605395842884775,Increasing,0.1935483870967742,0.03225806451612903,31,3.225806451612903,False,Normal Increase
situation_20260521_1000_8ee96b08.pdf,2026-05-21,"Flood, Landslide, Heavy Rain, Strong Wind, Lightning",7811,,,,,,,,,,1614.0,5369.0,2.0,1.0,0.0,6.0,231.0,0.0,1.0,0.0,0.0,0.0,True,grand_total,1000,2026-05-21 10:00:00,4,50.0,40.0,0.0,1,1,1,0,0,0,3.0,weather_forecast,1,1,0.0,0.0,0.0,4.0,31.4,0.66,0.0,0.0,0.5,water_level_rainfall,1,0,0.0,0,0,0,0,66.0,early_warning,general_situation_report,retain,2026-05-21 10:00:00,1324,1,1,24.0,2026-05-22 10:00:00,24.0,5500.0,1651.0,0.0,0.0,True,8.58858318750291,7.387090235656757,0.0,0.0,24.0,True,5366.0,1613.0,0.0,0.0,3.0,1.0,0.0,0.0005588153260820405,0.0,10,5,141,3,0.49999999999999994,-0.8660254037844387,0.6564105761979381,-0.7544038410927472,8.612685172875459,0.0,131.0,0.02410198537254793,0,3.0,0.0005588153260820405,Increasing,0.03125,0.0,32,0.0,False,Normal Increase
situation_20260522_1000_d803f279.pdf,2026-05-22,"Flood, Landslide, Heavy Rain, Strong Wind, Lightning",7891,,,,,,,,,,1651.0,5500.0,2.0,1.0,0.0,6.0,234.0,0.0,1.0,0.0,0.0,0.0,True,grand_total,1000,2026-05-22 10:00:00,3,200.0,45.0,3.0,1,1,1,0,0,0,5.5,heavy_rain,1,3,0.0,0.0,0.0,0.0,,,1.0,0.0,0.0,flood_warning,1,1,3.0,4,5,2,6,1.0,warning,general_situation_report,retain,2026-05-22 10:00:00,1325,1,1,24.0,2026-05-23 10:00:00,24.0,17736.0,4662.0,11.0,297.0,True,8.612685172875459,7.409741954080923,0.0,0.0,24.0,True,5369.0,1614.0,0.0,0.0,131.0,37.0,0.0,0.02410198537254793,0.0,10,5,142,4,0.49999999999999994,-0.8660254037844387,0.6433365204044917,-0.765583517007675,9.783408132205587,5.697093486505405,12236.0,1.1707229593301278,1,131.0,0.02410198537254793,Increasing,0.4375,0.21875,32,21.875,False,Normal Increase
situation_20260523_1000_5dbcd2f0.pdf,2026-05-23,"Flood, Landslide, Heavy Rain, Strong Wind, Lightning",9273,,,,,,,,,,4662.0,17736.0,3.0,1.0,0.0,8.0,357.0,14.0,1.0,11.0,85.0,297.0,True,grand_total,1000,2026-05-23 10:00:00,3,100.0,45.0,0.0,1,1,1,0,0,0,4.5,weather_forecast,1,9,5.0,3.0,0.0,14.0,47.0,1.5696969696969696,1.0,0.0,3.5,water_level,1,1,3.0,4,5,2,6,1.0,early_warning,general_situation_report,retain,2026-05-23 10:00:00,1326,1,1,24.0,2026-05-24 10:00:00,24.0,31072.0,7983.0,18.0,1724.0,True,9.783408132205587,8.44741429680832,2.4849066497880004,5.697093486505405,24.0,True,5500.0,1651.0,0.0,0.0,12236.0,3011.0,297.0,1.1707229593301278,5.697093486505405,10,5,143,5,0.49999999999999994,-0.8660254037844387,0.6300720909843687,-0.7765366444428655,10.344094553889349,7.45298232946546,13336.0,0.5606864216837621,1,12236.0,1.1707229593301278,Increasing,0.696969696969697,0.5151515151515151,33,51.515151515151516,False,Normal Increase
situation_20260524_1000_d5e5848b.pdf,2026-05-24,"Flood, Landslide, Heavy Rain, Strong Wind, Lightning",6295,,,,,,,,,,7983.0,31072.0,1.0,1.0,0.0,2.0,859.0,0.0,0.0,18.0,446.0,1724.0,True,grand_total,1000,2026-05-24 10:00:00,4,100.0,60.0,0.0,1,1,1,0,0,0,3.0,weather_forecast,1,8,4.0,2.0,0.0,7.0,14.4,1.5393939393939395,0.0,0.0,0.5,water_level_rainfall,1,1,2.0,6,2,0,6,4.0,early_warning,general_situation_report,retain,2026-05-24 10:00:00,1327,1,1,24.0,2026-05-25 10:00:00,24.0,31078.0,7984.0,18.0,1724.0,True,10.344094553889349,8.9851948179913,2.9444389791664403,7.45298232946546,24.0,True,17736.0,4662.0,11.0,297.0,13336.0,3321.0,1427.0,0.5606864216837621,1.7558888429600552,10,5,144,6,0.49999999999999994,-0.8660254037844387,0.6166212130956382,-0.7872599821916922,10.34428762893178,7.45298232946546,6.0,0.0001930750424321559,1,13336.0,0.5606864216837621,Increasing,0.7058823529411765,0.4411764705882353,34,44.11764705882353,False,Normal Increase
situation_20260525_1000_efb0f9b4.pdf,2026-05-25,"Flood, Landslide, Heavy Rain, Strong Wind, Lightning",6371,,,,,,,,,,7984.0,31078.0,1.0,1.0,0.0,2.0,860.0,0.0,0.0,18.0,446.0,1724.0,True,grand_total,1000,2026-05-25 10:00:00,4,75.0,60.0,0.0,1,1,1,0,0,0,4.0,weather_forecast,1,7,3.0,0.0,0.0,9.0,105.2,1.288,0.0,0.0,0.5,water_level,1,1,2.0,6,2,0,6,17.0,early_warning,general_situation_report,retain,2026-05-25 10:00:00,1328,1,1,24.0,2026-05-26 10:00:00,24.0,31078.0,7984.0,10.0,254.0,True,10.34428762893178,8.985320060649112,2.9444389791664403,7.45298232946546,24.0,True,31072.0,7983.0,18.0,1724.0,6.0,1.0,0.0,0.0001930750424321559,0.0,10,5,145,0,0.49999999999999994,-0.8660254037844387,0.6029878670694714,-0.7977503570459932,10.34428762893178,5.541263545158426,0.0,0.0,1,6.0,0.0001930750424321559,Increasing,0.11428571428571428,0.0,35,0.0,False,Normal Increase
situation_20260526_1000_c93d604b.pdf,2026-05-26,"Flood, Landslide, Heavy Rain, Strong Wind, Lightning",6312,,,,,,,,,,7984.0,31078.0,1.0,1.0,0.0,2.0,872.0,0.0,0.0,10.0,72.0,254.0,True,grand_total,1000,2026-05-26 10:00:00,4,100.0,40.0,2.0,1,1,1,0,0,0,4.5,weather_forecast,1,8,1.0,0.0,0.0,15.0,68.0,1.084,0.0,0.0,1.0,water_level,1,1,2.0,6,2,0,6,18.0,early_warning,general_situation_report,retain,2026-05-26 10:00:00,1329,1,1,24.0,2026-05-27 10:00:00,24.0,18532.0,4855.0,9.0,245.0,True,10.34428762893178,8.985320060649112,2.3978952727983707,5.541263545158426,24.0,True,31078.0,7984.0,18.0,1724.0,0.0,0.0,-1470.0,0.0,-1.911718784307034,10,5,146,1,0.49999999999999994,-0.8660254037844387,0.5891760872322963,-0.8080046647350754,9.82730820579731,5.5053315359323625,-12546.0,-0.5169794231344707,1,0.0,0.0,Stable,0.0,0.0,36,0.0,False,Stable
situation_20260527_1000_74033c6f.pdf,2026-05-27,"Flood, Heavy Rain, Strong Wind, Lightning",5387,,,,,,,,,,4855.0,18532.0,1.0,1.0,0.0,3.0,927.0,0.0,0.0,9.0,69.0,245.0,True,grand_total,1000,2026-05-27 10:00:00,5,75.0,40.0,2.0,1,1,1,0,0,0,4.5,weather_forecast,1,5,1.0,0.0,0.0,17.0,70.1,1.09,0.0,0.0,0.5,water_level,1,1,2.0,4,1,0,4,18.0,warning,general_situation_report,retain,2026-05-27 10:00:00,1330,1,1,24.0,2026-05-28 10:00:00,24.0,18532.0,4855.0,1.0,45.0,True,9.82730820579731,8.487970332739334,2.302585092994046,5.5053315359323625,24.0,True,31078.0,7984.0,10.0,254.0,-12546.0,-3129.0,-9.0,-0.5169794231344707,-0.03593200922606332,10,5,147,2,0.49999999999999994,-0.8660254037844387,0.5751899607119775,-0.8180198708443174,9.82730820579731,3.828641396489095,0.0,0.0,1,-12546.0,-0.5169794231344707,Decreasing,0.0,0.0,36,0.0,False,Decrease
situation_20260528_1000_295205da.pdf,2026-05-28,"Flood, Heavy Rain, Strong Wind, Lightning",5326,,,,,,,,,,4855.0,18532.0,1.0,1.0,0.0,3.0,927.0,0.0,0.0,1.0,19.0,45.0,True,grand_total,1000,2026-05-28 10:00:00,4,,40.0,2.0,0,1,1,0,0,0,4.5,weather_forecast,1,8,2.0,0.0,0.0,15.0,73.8,1.26,0.0,0.0,0.5,water_level_rainfall,1,1,2.0,4,2,0,4,18.0,early_warning,general_situation_report,retain,2026-05-28 10:00:00,1331,1,1,24.0,2026-05-29 10:00:00,24.0,18593.0,4871.0,1.0,45.0,True,9.82730820579731,8.487970332739334,0.6931471805599453,3.828641396489095,24.0,True,18532.0,4855.0,9.0,245.0,0.0,0.0,-200.0,0.0,-1.6766901394432674,10,5,148,3,0.49999999999999994,-0.8660254037844387,0.5610336262283677,-0.8277930117131022,9.830594227015803,3.828641396489095,61.0,0.0032860212184928628,1,0.0,0.0,Stable,0.0,0.0,36,0.0,False,Stable
situation_20260529_1000_44dad31e.pdf,2026-05-29,"Flood, Heavy Rain, Strong Wind, Lightning",5464,,,,,,,,,,4871.0,18593.0,1.0,1.0,0.0,3.0,943.0,0.0,0.0,1.0,19.0,45.0,True,grand_total,1000,2026-05-29 10:00:00,4,75.0,40.0,0.0,1,1,1,0,0,0,4.5,weather_forecast,1,8,4.0,1.0,0.0,16.0,43.9,1.332,1.0,0.0,0.0,flood_warning,1,1,2.0,4,2,0,4,18.0,early_warning,general_situation_report,retain,2026-05-29 10:00:00,1332,1,1,24.0,2026-05-30 10:00:00,24.0,16668.0,4271.0,2.0,116.0,True,9.830594227015803,8.491259809389733,0.6931471805599453,3.828641396489095,24.0,True,18532.0,4855.0,1.0,45.0,61.0,16.0,0.0,0.0032860212184928628,0.0,10,5,149,4,0.49999999999999994,-0.8660254037844387,0.5467112728685939,-0.8373211953118121,9.721305985943088,4.762173934797756,-1925.0,-0.10928824107271495,1,61.0,0.0032860212184928628,Increasing,0.3333333333333333,0.05555555555555555,36,5.555555555555555,False,Normal Increase
situation_20260530_1000_560ffe5c.pdf,2026-05-30,"Flood, Heavy Rain, Strong Wind, Lightning",5531,,,,,,,,,,4271.0,16668.0,1.0,1.0,0.0,3.0,957.0,0.0,0.0,2.0,49.0,116.0,True,grand_total,1000,2026-05-30 10:00:00,3,,40.0,0.0,0,1,1,0,0,0,4.5,weather_forecast,1,10,1.0,1.0,0.0,8.0,4.7,1.34,1.0,0.0,0.5,water_level_rainfall,1,1,1.0,4,0,0,4,18.0,early_warning,general_situation_report,retain,2026-05-30 10:00:00,1333,1,1,24.0,2026-05-31 10:00:00,24.0,16668.0,4271.0,2.0,116.0,True,9.721305985943088,8.35983738064003,1.0986122886681098,4.762173934797756,24.0,True,18593.0,4871.0,1.0,45.0,-1925.0,-600.0,71.0,-0.10928824107271495,0.9335325383086612,10,5,150,5,0.49999999999999994,-0.8660254037844387,0.5322271388474397,-0.8466016020976267,9.721305985943088,4.762173934797756,0.0,0.0,1,-1925.0,-0.10928824107271495,Decreasing,0.0,0.0,37,0.0,False,Decrease
situation_20260531_1000_052fb160.pdf,2026-05-31,"Flood, Heavy Rain, Strong Wind, Lightning",5592,,,,,,,,,,4271.0,16668.0,1.0,1.0,0.0,3.0,957.0,0.0,0.0,2.0,49.0,116.0,True,grand_total,1000,2026-05-31 10:00:00,3,50.0,40.0,0.0,1,1,1,0,0,0,4.5,weather_forecast,1,8,1.0,0.0,0.0,5.0,11.1,1.282,0.0,0.0,0.5,water_level_rainfall,1,0,0.0,0,0,0,0,42.0,early_warning,general_situation_report,retain,2026-05-31 10:00:00,1334,1,1,24.0,2026-06-01 10:00:00,24.0,16672.0,4272.0,2.0,116.0,True,9.721305985943088,8.35983738064003,1.0986122886681098,4.762173934797756,24.0,True,16668.0,4271.0,2.0,116.0,0.0,0.0,0.0,0.0,0.0,10,5,151,6,0.49999999999999994,-0.8660254037844387,0.5175855102531889,-0.8556314858488706,9.721545923560459,4.762173934797756,4.0,0.00023993761737095554,1,0.0,0.0,Stable,0.0,0.0,36,0.0,False,Stable
situation_20260601_1000_00f064c4.pdf,2026-06-01,"Flood, Heavy Rain, Strong Wind, Lightning",5570,,,,,,,,,,4272.0,16672.0,1.0,2.0,0.0,3.0,958.0,0.0,0.0,2.0,49.0,116.0,True,grand_total,1000,2026-06-01 10:00:00,4,50.0,40.0,0.0,1,1,1,0,0,0,3.0,weather_forecast,1,7,1.0,0.0,0.0,8.0,7.6,1.016,0.0,0.0,0.5,water_level,1,0,0.0,0,0,0,0,66.0,early_warning,general_situation_report,retain,2026-06-01 10:00:00,1335,1,1,24.0,2026-06-02 10:00:00,24.0,16672.0,4272.0,1.0,45.0,True,9.721545923560459,8.360071435644025,1.0986122886681098,4.762173934797756,24.0,True,16668.0,4271.0,2.0,116.0,4.0,1.0,0.0,0.00023993761737095554,0.0,10,6,152,0,1.2246467991473532e-16,-1.0,0.5027907197793043,-0.8644081744776648,9.721545923560459,3.828641396489095,0.0,0.0,1,4.0,0.00023993761737095554,Increasing,0.08333333333333333,0.027777777777777776,36,2.7777777777777777,False,Normal Increase
situation_20260602_1000_b11e9e75.pdf,2026-06-02,"Flood, Heavy Rain, Strong Wind, Lightning",5634,,,,,,,,,,4272.0,16672.0,1.0,2.0,0.0,3.0,958.0,0.0,0.0,1.0,19.0,45.0,True,grand_total,1000,2026-06-02 10:00:00,3,75.0,40.0,0.0,1,1,1,0,0,0,4.5,weather_forecast,1,4,0.0,0.0,0.0,6.0,7.6,0.85,0.0,1.0,0.5,water_level_rainfall,1,0,0.0,0,0,0,0,90.0,early_warning,general_situation_report,retain,2026-06-02 10:00:00,1336,1,1,24.0,2026-06-03 10:00:00,24.0,16724.0,4286.0,0.0,0.0,True,9.721545923560459,8.360071435644025,0.6931471805599453,3.828641396489095,24.0,True,16672.0,4272.0,2.0,116.0,0.0,0.0,-71.0,0.0,-0.9335325383086612,10,6,153,1,1.2246467991473532e-16,-1.0,0.4878471454423119,-0.8729290708206411,9.724659884996429,0.0,52.0,0.0031139614359698697,0,0.0,0.0,Stable,0.0,0.0,36,0.0,False,Stable
situation_20260603_1000_a3b8436d.pdf,2026-06-03,"Flood, Landslide, Heavy Rain, Strong Wind, Lightning",5637,,,,,,,,,,4286.0,16724.0,1.0,2.0,0.0,4.0,970.0,0.0,0.0,0.0,0.0,0.0,True,grand_total,1000,2026-06-03 10:00:00,4,100.0,60.0,0.0,1,1,1,0,0,0,3.0,weather_forecast,1,1,0.0,0.0,0.0,5.0,23.7,0.6506666666666666,0.0,0.0,0.5,water_level_rainfall,1,0,0.0,0,0,0,0,114.0,early_warning,general_situation_report,retain,2026-06-03 10:00:00,1337,1,1,24.0,2026-06-04 10:00:00,24.0,16804.0,4291.0,0.0,0.0,True,9.724659884996429,8.363342466597977,0.0,0.0,24.0,True,16672.0,4272.0,1.0,45.0,52.0,14.0,-45.0,0.0031139614359698697,-3.828641396489095,10,6,154,2,1.2246467991473532e-16,-1.0,0.47275920928627757,-0.881191653407483,9.729431740159207,0.0,80.0,0.004771855162777783,0,52.0,0.0031139614359698697,Increasing,0.3333333333333333,0.08333333333333333,36,8.333333333333332,False,Normal Increase
situation_20260604_1000_dd506427.pdf,2026-06-04,"Flood, Landslide, Heavy Rain, Strong Wind, Lightning",5772,,,,,,,,,,4291.0,16804.0,12.0,11.0,3.0,4.0,973.0,0.0,0.0,0.0,0.0,0.0,True,grand_total,1000,2026-06-04 10:00:00,5,100.0,50.0,2.0,1,1,1,0,0,0,3.0,weather_forecast,1,1,0.0,0.0,0.0,13.0,52.7,0.7200000000000001,0.0,0.0,0.5,water_level_rainfall,1,0,0.0,0,0,0,0,138.0,early_warning,general_situation_report,retain,2026-06-04 10:00:00,1338,1,1,24.0,2026-06-05 10:00:00,24.0,16832.0,4299.0,0.0,0.0,True,9.729431740159207,8.36450810375059,0.0,0.0,24.0,True,16724.0,4286.0,0.0,0.0,80.0,5.0,0.0,0.004771855162777783,0.0,10,6,155,3,1.2246467991473532e-16,-1.0,0.4575313760742512,-0.8891934772070711,9.731096524419081,0.0,28.0,0.0016647842598747076,0,80.0,0.004771855162777783,Increasing,0.4166666666666667,0.1388888888888889,36,13.88888888888889,False,Normal Increase
situation_20260605_1000_2315e58c.pdf,2026-06-05,"Flood, Landslide, Heavy Rain, Strong Wind, Lightning",6097,,,,,,,,,,4299.0,16832.0,14.0,7.0,0.0,4.0,980.0,1.0,0.0,0.0,0.0,0.0,True,grand_total,1000,2026-06-05 10:00:00,4,100.0,50.0,2.0,1,1,1,0,0,0,4.5,weather_forecast,1,1,0.0,0.0,0.0,13.0,64.5,0.834,0.0,0.0,0.5,water_level_rainfall,1,0,0.0,0,0,0,0,162.0,early_warning,general_situation_report,retain,2026-06-05 10:00:00,1339,1,1,24.0,2026-06-06 10:00:00,24.0,84.0,5.0,0.0,0.0,True,9.731096524419081,8.366370301681654,0.0,0.0,24.0,True,16804.0,4291.0,0.0,0.0,28.0,8.0,0.0,0.0016647842598747076,0.0,10,6,156,4,1.2246467991473532e-16,-1.0,0.44216815196707204,-0.8969321743510065,4.442651256490317,0.0,-16748.0,-5.288445267928765,0,28.0,0.0016647842598747076,Increasing,0.24324324324324326,0.08108108108108109,37,8.108108108108109,False,Normal Increase
situation_20260606_1000_04f78bf8.pdf,2026-06-06,Strong Wind,2895,,,,,,,,,,5.0,84.0,13.0,5.0,0.0,0.0,5.0,0.0,0.0,0.0,0.0,0.0,True,grand_total,1000,2026-06-06 10:00:00,5,100.0,50.0,2.0,1,1,1,0,0,0,4.5,weather_forecast,1,1,1.0,0.0,0.0,10.0,36.6,1.0030303030303032,0.0,0.0,0.5,water_level_rainfall,1,0,0.0,0,0,0,0,186.0,early_warning,general_situation_report,retain,2026-06-06 10:00:00,1340,1,1,24.0,2026-06-07 10:00:00,24.0,84.0,5.0,0.0,0.0,True,4.442651256490317,1.791759469228055,0.0,0.0,24.0,True,16832.0,4299.0,0.0,0.0,-16748.0,-4294.0,0.0,-5.288445267928765,0.0,10,6,157,5,1.2246467991473532e-16,-1.0,0.42667408318992467,-0.9044054548343001,4.442651256490317,0.0,0.0,0.0,0,-16748.0,-5.288445267928765,Decreasing,0.0,0.0,38,0.0,False,Decrease
situation_20260607_1000_8d717fcc.pdf,2026-06-07,Strong Wind,2895,,,,,,,,,,5.0,84.0,13.0,5.0,0.0,0.0,5.0,0.0,0.0,0.0,0.0,0.0,True,grand_total,1000,2026-06-07 10:00:00,4,100.0,50.0,2.0,1,1,1,0,0,0,4.5,weather_forecast,1,0,,,,,,,,,24.5,water_level_rainfall,1,0,0.0,0,0,0,0,210.0,early_warning,general_situation_report,retain,2026-06-07 10:00:00,1341,1,1,24.0,2026-06-08 10:00:00,24.0,135.0,16.0,0.0,0.0,True,4.442651256490317,1.791759469228055,0.0,0.0,24.0,True,84.0,5.0,0.0,0.0,0.0,0.0,0.0,0.0,0.0,10,6,158,6,1.2246467991473532e-16,-1.0,0.4110537546870351,-0.9116111071930239,4.912654885736052,0.0,51.0,0.4700036292457357,0,0.0,0.0,Stable,0.0,0.0,38,0.0,False,Stable
situation_20260608_1000_219d5da9.pdf,2026-06-08,Strong Wind,2768,,,,,,,,,,16.0,135.0,13.0,5.0,0.0,0.0,16.0,0.0,0.0,0.0,0.0,0.0,True,grand_total,1000,2026-06-08 10:00:00,4,100.0,50.0,2.0,1,1,1,0,0,0,4.5,weather_forecast,1,1,1.0,0.0,0.0,9.0,33.2,1.01,0.0,0.0,0.5,water_level,1,0,0.0,0,0,0,0,234.0,early_warning,general_situation_report,retain,2026-06-08 10:00:00,1342,1,1,24.0,2026-06-09 10:00:00,24.0,135.0,16.0,0.0,0.0,True,4.912654885736052,2.833213344056216,0.0,0.0,24.0,True,84.0,5.0,0.0,0.0,51.0,11.0,0.0,0.4700036292457357,0.0,10,6,159,0,1.2246467991473532e-16,-1.0,0.3953117887649151,-0.9185469991587165,4.912654885736052,0.0,0.0,0.0,0,51.0,0.4700036292457357,Increasing,0.34210526315789475,0.47368421052631576,38,34.21052631578947,False,Normal Increase
situation_20260609_1000_2b64cacc.pdf,2026-06-09,Strong Wind,2775,,,,,,,,,,16.0,135.0,13.0,5.0,0.0,0.0,16.0,0.0,0.0,0.0,0.0,0.0,True,grand_total,1000,2026-06-09 10:00:00,5,50.0,50.0,0.0,1,1,1,0,0,0,0.5,weather_forecast,1,0,,,,,,,,,24.5,water_level,1,0,0.0,0,0,0,0,258.0,early_warning,general_situation_report,retain,2026-06-09 10:00:00,1343,1,1,24.0,2026-06-10 10:00:00,24.0,138.0,16.0,0.0,0.0,True,4.912654885736052,2.833213344056216,0.0,0.0,24.0,True,135.0,16.0,0.0,0.0,0.0,0.0,0.0,0.0,0.0,10,6,160,1,1.2246467991473532e-16,-1.0,0.37945284372454435,-0.925211078289358,4.9344739331306915,0.0,3.0,0.021819047394639135,0,0.0,0.0,Stable,0.0,0.0,39,0.0,False,Stable
situation_20260610_1000_56865ea4.pdf,2026-06-10,Strong Wind,2992,,,,,,,,,,16.0,138.0,16.0,5.0,0.0,0.0,16.0,0.0,0.0,0.0,0.0,0.0,True,grand_total,1000,2026-06-10 10:00:00,4,,50.0,2.0,0,1,1,0,0,0,4.5,weather_forecast,1,1,0.0,0.0,0.0,3.0,17.3,0.736,0.0,0.0,0.5,water_level_rainfall,1,0,0.0,0,0,0,0,282.0,early_warning,general_situation_report,retain,2026-06-10 10:00:00,1344,1,1,24.0,2026-06-11 10:00:00,24.0,246.0,47.0,0.0,0.0,True,4.9344739331306915,2.833213344056216,0.0,0.0,24.0,True,135.0,16.0,0.0,0.0,3.0,0.0,0.0,0.021819047394639135,0.0,10,6,161,2,1.2246467991473532e-16,-1.0,0.36348161248290634,-0.9316013725767187,5.5093883366279774,0.0,108.0,0.574914403497286,0,3.0,0.021819047394639135,Increasing,0.05128205128205128,0.3076923076923077,39,5.128205128205128,False,Normal Increase
situation_20260611_1000_f1b4ba2d.pdf,2026-06-11,Strong Wind,3688,,,,,,,,,,47.0,246.0,19.0,5.0,1.0,0.0,45.0,0.0,1.0,0.0,0.0,0.0,True,grand_total,1000,2026-06-11 10:00:00,4,50.0,50.0,2.0,1,1,1,0,0,0,4.5,weather_forecast,1,1,0.0,0.0,0.0,13.0,45.4,0.7253333333333334,0.0,0.0,0.5,water_level_rainfall,1,0,0.0,0,0,0,0,306.0,early_warning,general_situation_report,retain,2026-06-11 10:00:00,1345,1,1,24.0,2026-06-12 10:00:00,24.0,297.0,63.0,0.0,0.0,True,5.5093883366279774,3.871201010907891,0.0,0.0,24.0,True,138.0,16.0,0.0,0.0,108.0,31.0,0.0,0.574914403497286,0.0,10,6,162,3,1.2246467991473532e-16,-1.0,0.3474028211842774,-0.9377159910299093,5.697093486505405,0.0,51.0,0.18770514987742715,0,108.0,0.574914403497286,Increasing,0.5,0.525,40,50.0,False,Normal Increase
situation_20260612_1000_b0287da2.pdf,2026-06-12,Strong Wind,4801,,,,,,,,,,63.0,297.0,21.0,5.0,0.0,0.0,59.0,0.0,1.0,0.0,0.0,0.0,True,grand_total,1000,2026-06-12 10:00:00,5,75.0,50.0,2.0,1,1,1,0,0,0,4.5,weather_forecast,1,1,3.0,0.0,0.0,17.0,68.5,1.185,0.0,0.0,0.5,water_level_rainfall,1,1,1.0,4,0,0,4,6.0,early_warning,general_situation_report,retain,2026-06-12 10:00:00,1346,1,1,24.0,2026-06-13 10:00:00,24.0,531.0,148.0,0.0,0.0,True,5.697093486505405,4.1588830833596715,0.0,0.0,24.0,True,246.0,47.0,0.0,0.0,51.0,16.0,0.0,0.18770514987742715,0.0,10,6,163,4,1.2246467991473532e-16,-1.0,0.3312212278016865,-0.9435531242349544,6.2766434893416445,0.0,234.0,0.5795500028362399,0,51.0,0.18770514987742715,Increasing,0.36585365853658536,0.43902439024390244,41,36.58536585365854,False,Normal Increase
situation_20260613_1000_9750f029.pdf,2026-06-13,"Heavy Rain, Strong Wind",5836,,,,,,,,,,148.0,531.0,6.0,5.0,0.0,0.0,140.0,0.0,2.0,0.0,0.0,0.0,True,grand_total,1000,2026-06-13 10:00:00,4,75.0,50.0,2.0,1,1,1,0,0,0,4.5,weather_forecast,1,6,4.0,0.0,0.0,18.0,73.5,1.2903846153846152,0.0,0.0,0.5,water_level,1,1,1.0,3,0,0,3,18.0,warning,general_situation_report,retain,2026-06-13 10:00:00,1347,1,1,24.0,2026-06-14 10:00:00,24.0,756.0,201.0,0.0,0.0,True,6.2766434893416445,5.003946305945459,0.0,0.0,24.0,True,297.0,63.0,0.0,0.0,234.0,85.0,0.0,0.5795500028362399,0.0,10,6,164,5,1.2246467991473532e-16,-1.0,0.31494162072895193,-0.9491110448902284,6.6293632534374485,0.0,225.0,0.35271976409580397,0,234.0,0.5795500028362399,Increasing,0.6428571428571429,0.5476190476190477,42,54.761904761904766,False,Normal Increase
situation_20260614_1000_25551f8b.pdf,2026-06-14,"Heavy Rain, Strong Wind",6362,,,,,,,,,,201.0,756.0,6.0,2.0,0.0,0.0,185.0,2.0,2.0,0.0,0.0,0.0,True,grand_total,1000,2026-06-14 10:00:00,4,75.0,50.0,2.0,1,1,1,0,0,0,4.5,weather_forecast,1,8,4.0,1.0,0.0,14.0,26.9,1.3119999999999998,0.0,0.0,0.5,water_level_rainfall,1,1,1.0,3,0,0,3,18.0,warning,general_situation_report,retain,2026-06-14 10:00:00,1348,1,1,24.0,2026-06-15 10:00:00,24.0,756.0,201.0,0.0,0.0,True,6.6293632534374485,5.308267697401205,0.0,0.0,24.0,True,531.0,148.0,0.0,0.0,225.0,53.0,0.0,0.35271976409580397,0.0,10,6,165,6,1.2246467991473532e-16,-1.0,0.2985688173637202,-0.9543881083175908,6.6293632534374485,0.0,0.0,0.0,0,225.0,0.35271976409580397,Increasing,0.627906976744186,0.46511627906976744,43,46.51162790697674,False,Normal Increase
situation_20260615_1000_41407ba9.pdf,2026-06-15,"Heavy Rain, Strong Wind",6355,,,,,,,,,,201.0,756.0,6.0,5.0,0.0,0.0,185.0,2.0,2.0,0.0,0.0,0.0,True,grand_total,1000,2026-06-15 10:00:00,5,,50.0,2.0,0,1,1,0,0,0,4.5,weather_forecast,1,3,1.0,0.0,0.0,5.0,3.3,1.26,0.0,0.0,0.5,water_level_rainfall,1,0,0.0,0,0,0,0,42.0,warning,general_situation_report,retain,2026-06-15 10:00:00,1349,1,1,24.0,2026-06-16 10:00:00,24.0,797.0,214.0,0.0,0.0,True,6.6293632534374485,5.308267697401205,0.0,0.0,24.0,True,756.0,201.0,0.0,0.0,0.0,0.0,0.0,0.0,0.0,10,6,166,0,1.2246467991473532e-16,-1.0,0.2821076626819194,-0.9593827529490743,6.682108597449809,0.0,41.0,0.05274534401236064,0,0.0,0.0,Stable,0.0,0.0,44,0.0,False,Stable
situation_20260616_1000_8b5cb4cd.pdf,2026-06-16,"Heavy Rain, Strong Wind",6444,,,,,,,,,,214.0,797.0,6.0,5.0,0.0,0.0,199.0,2.0,2.0,0.0,0.0,0.0,True,grand_total,1000,2026-06-16 10:00:00,3,,40.0,0.0,0,1,1,0,0,0,4.5,weather_forecast,1,1,0.0,0.0,0.0,10.0,57.5,0.736,0.0,0.0,0.5,water_level_rainfall,1,0,0.0,0,0,0,0,66.0,warning,general_situation_report,retain,2026-06-16 10:00:00,1350,1,1,24.0,2026-06-17 10:00:00,24.0,920.0,246.0,0.0,0.0,True,6.682108597449809,5.3706380281276624,0.0,0.0,24.0,True,756.0,201.0,0.0,0.0,41.0,13.0,0.0,0.05274534401236064,0.0,10,6,167,1,1.2246467991473532e-16,-1.0,0.26556302780405594,-0.9640935007889755,6.825460036255307,0.0,123.0,0.14335143880549772,0,41.0,0.05274534401236064,Increasing,0.3181818181818182,0.3409090909090909,44,31.818181818181817,False,Normal Increase
situation_20260617_1000_ea5c273d.pdf,2026-06-17,"Heavy Rain, Strong Wind",6574,,,,,,,,,,246.0,920.0,6.0,5.0,0.0,0.0,231.0,2.0,2.0,0.0,0.0,0.0,True,grand_total,1000,2026-06-17 10:00:00,4,,40.0,0.0,0,1,1,0,0,0,3.0,weather_forecast,1,1,0.0,0.0,0.0,4.0,13.9,0.6733333333333333,0.0,0.0,0.5,water_level_rainfall,1,0,0.0,0,0,0,0,90.0,warning,general_situation_report,retain,2026-06-17 10:00:00,1351,1,1,24.0,2026-06-18 10:00:00,24.0,920.0,246.0,0.0,0.0,True,6.825460036255307,5.5093883366279774,0.0,0.0,24.0,True,797.0,214.0,0.0,0.0,123.0,32.0,0.0,0.14335143880549772,0.0,10,6,168,2,1.2246467991473532e-16,-1.0,0.24893980855376657,-0.9685189578512204,6.825460036255307,0.0,0.0,0.0,0,123.0,0.14335143880549772,Increasing,0.5555555555555556,0.35555555555555557,45,35.55555555555556,False,Normal Increase
situation_20260618_1000_5395ba15.pdf,2026-06-18,"Heavy Rain, Strong Wind",6567,,,,,,,,,,246.0,920.0,6.0,5.0,0.0,0.0,231.0,2.0,2.0,0.0,0.0,0.0,True,grand_total,1000,2026-06-18 10:00:00,3,,,0.0,0,1,0,0,0,0,4.5,weather_forecast,1,1,0.0,0.0,0.0,8.0,81.3,0.752,0.0,0.0,0.5,water_level,1,0,0.0,0,0,0,0,114.0,warning,general_situation_report,retain,2026-06-18 10:00:00,1352,1,1,24.0,2026-06-19 10:00:00,24.0,398.0,108.0,0.0,0.0,True,6.825460036255307,5.5093883366279774,0.0,0.0,24.0,True,920.0,246.0,0.0,0.0,0.0,0.0,0.0,0.0,0.0,10,6,169,3,1.2246467991473532e-16,-1.0,0.23224292400907015,-0.9726578145718654,5.988961416889864,0.0,-522.0,-0.8364986193654431,0,0.0,0.0,Stable,0.0,0.0,46,0.0,False,Stable
situation_20260619_1000_9c43158b.pdf,2026-06-19,"Heavy Rain, Strong Wind",3169,,,,,,,,,,108.0,398.0,0.0,0.0,0.0,0.0,106.0,0.0,0.0,0.0,0.0,0.0,True,grand_total,1000,2026-06-19 10:00:00,5,,,0.0,0,1,0,0,0,0,3.0,weather_forecast,1,0,,,,,,,,,24.5,water_level,1,0,0.0,0,0,0,0,138.0,warning,general_situation_report,retain,2026-06-19 10:00:00,1353,1,1,24.0,2026-06-20 10:00:00,24.0,61.0,18.0,0.0,0.0,True,5.988961416889864,4.6913478822291435,0.0,0.0,24.0,True,920.0,246.0,0.0,0.0,-522.0,-138.0,0.0,-0.8364986193654431,0.0,10,6,170,4,1.2246467991473532e-16,-1.0,0.21547731504673012,-0.976508846196619,4.127134385045092,0.0,-337.0,-1.861827031844772,0,-522.0,-0.8364986193654431,Decreasing,0.0,0.0,45,0.0,False,Decrease
situation_20260620_1000_2d01495a.pdf,2026-06-20,"Heavy Rain, Strong Wind",3006,,,,,,,,,,18.0,61.0,0.0,0.0,0.0,0.0,18.0,0.0,0.0,0.0,0.0,0.0,True,grand_total,1000,2026-06-20 10:00:00,4,,,0.0,0,1,0,0,0,0,3.0,weather_forecast,1,1,0.0,0.0,0.0,6.0,12.0,0.6980000000000001,0.0,0.0,0.5,water_level_rainfall,1,0,0.0,0,0,0,0,162.0,warning,general_situation_report,retain,2026-06-20 10:00:00,1354,1,1,24.0,2026-06-21 10:00:00,24.0,61.0,18.0,0.0,0.0,True,4.127134385045092,2.9444389791664403,0.0,0.0,24.0,True,398.0,108.0,0.0,0.0,-337.0,-90.0,0.0,-1.861827031844772,0.0,10,6,171,5,1.2246467991473532e-16,-1.0,0.19864794288017112,-0.9800709131432666,4.127134385045092,0.0,0.0,0.0,0,-337.0,-1.861827031844772,Decreasing,0.0,0.0,45,0.0,False,Decrease
situation_20260621_1000_0a379643.pdf,2026-06-21,"Heavy Rain, Strong Wind",2997,,,,,,,,,,18.0,61.0,0.0,0.0,0.0,0.0,18.0,0.0,0.0,0.0,0.0,0.0,True,grand_total,1000,2026-06-21 10:00:00,5,,40.0,0.0,0,1,1,0,0,0,3.0,weather_forecast,1,1,0.0,0.0,0.0,5.0,6.0,0.6633333333333333,0.0,0.0,0.5,water_level_rainfall,1,0,0.0,0,0,0,0,186.0,warning,general_situation_report,retain,2026-06-21 10:00:00,1355,1,1,24.0,2026-06-22 10:00:00,24.0,61.0,18.0,0.0,0.0,True,4.127134385045092,2.9444389791664403,0.0,0.0,24.0,True,61.0,18.0,0.0,0.0,0.0,0.0,0.0,0.0,0.0,10,6,172,6,1.2246467991473532e-16,-1.0,0.18175978759137534,-0.9833429613388902,4.127134385045092,0.0,0.0,0.0,0,0.0,0.0,Stable,0.0,0.0,45,0.0,False,Stable
situation_20260622_1000_dcc8b40f.pdf,2026-06-22,"Heavy Rain, Strong Wind",3006,,,,,,,,,,18.0,61.0,0.0,0.0,0.0,0.0,18.0,0.0,0.0,0.0,0.0,0.0,True,grand_total,1000,2026-06-22 10:00:00,4,,40.0,0.0,0,1,1,0,0,0,3.0,weather_forecast,1,0,,,,,,,,,24.5,water_level_rainfall,1,0,0.0,0,0,0,0,210.0,warning,general_situation_report,retain,2026-06-22 10:00:00,1356,1,1,24.0,2026-06-23 10:00:00,24.0,0.0,0.0,0.0,0.0,True,4.127134385045092,2.9444389791664403,0.0,0.0,24.0,True,61.0,18.0,0.0,0.0,0.0,0.0,0.0,0.0,0.0,10,6,173,0,1.2246467991473532e-16,-1.0,0.16481784665719793,-0.9863240225317866,0.0,0.0,-61.0,-4.127134385045092,0,0.0,0.0,Stable,0.0,0.0,44,0.0,False,Stable
situation_20260623_1000_adbed3cd.pdf,2026-06-23,Other,2329,,,,,,,,,,0.0,0.0,0.0,0.0,0.0,0.0,0.0,0.0,0.0,0.0,0.0,0.0,True,grand_total,1000,2026-06-23 10:00:00,3,,40.0,0.0,0,1,1,0,0,0,4.5,weather_forecast,1,3,3.0,0.0,0.0,21.0,81.2,1.2303030303030302,0.0,0.0,0.5,water_level_rainfall,1,0,0.0,0,0,0,0,234.0,warning,general_situation_report,retain,2026-06-23 10:00:00,1357,1,1,24.0,2026-06-24 10:00:00,24.0,0.0,0.0,0.0,0.0,True,0.0,0.0,0.0,0.0,24.0,True,61.0,18.0,0.0,0.0,-61.0,-18.0,0.0,-4.127134385045092,0.0,10,6,174,1,1.2246467991473532e-16,-1.0,0.14782713347053048,-0.9890132145779883,0.0,0.0,0.0,0.0,0,-61.0,-4.127134385045092,Decreasing,0.0,0.0,44,0.0,False,Decrease
situation_20260624_1000_ba8d78a8.pdf,2026-06-24,Other,2345,,,,,,,,,,0.0,0.0,0.0,0.0,0.0,0.0,0.0,0.0,0.0,0.0,0.0,0.0,True,grand_total,1000,2026-06-24 10:00:00,3,,40.0,0.0,0,1,1,0,0,0,4.5,weather_forecast,1,8,2.0,0.0,0.0,21.0,80.6,1.2363636363636366,0.0,0.0,0.5,water_level_rainfall,1,0,0.0,0,0,0,0,258.0,warning,general_situation_report,retain,2026-06-24 10:00:00,1358,1,1,24.0,2026-06-26 10:00:00,48.0,209.0,51.0,0.0,0.0,True,0.0,0.0,0.0,0.0,24.0,True,0.0,0.0,0.0,0.0,0.0,0.0,0.0,0.0,0.0,10,6,175,2,1.2246467991473532e-16,-1.0,0.13079267585675922,-0.9914097417023038,5.3471075307174685,0.0,209.0,5.3471075307174685,0,0.0,0.0,Stable,0.0,0.0,44,0.0,False,Stable
situation_20260626_1000_94cb7bdc.pdf,2026-06-26,Strong Wind,2853,,,,,,,,,,51.0,209.0,0.0,0.0,0.0,1.0,49.0,0.0,0.0,0.0,0.0,0.0,True,grand_total,1000,2026-06-26 10:00:00,3,,40.0,0.0,0,1,1,0,0,0,4.5,weather_forecast,1,0,,,,,,,,,43.0,water_level,1,0,0.0,0,0,0,0,306.0,warning,general_situation_report,retain,2026-06-26 10:00:00,1359,1,1,48.0,2026-06-29 10:00:00,72.0,0.0,0.0,0.0,0.0,False,5.3471075307174685,3.9512437185814275,0.0,0.0,48.0,True,0.0,0.0,0.0,0.0,209.0,51.0,0.0,5.3471075307174685,0.0,10,6,177,4,1.2246467991473532e-16,-1.0,0.0966127018812031,-0.9953220513156602,0.0,0.0,-209.0,-5.3471075307174685,0,209.0,5.3471075307174685,Increasing,0.6590909090909091,0.8409090909090909,44,65.9090909090909,False,Normal Increase
situation_20260629_1000_0d87883e.pdf,2026-06-29,Other,2347,,,,,,,,,,0.0,0.0,0.0,0.0,0.0,0.0,0.0,0.0,0.0,0.0,0.0,0.0,True,grand_total,1000,2026-06-29 10:00:00,3,75.0,40.0,0.0,1,1,1,0,0,0,4.5,weather_forecast,1,2,0.0,0.0,0.0,24.0,91.5,0.844,0.0,0.0,0.5,water_level_rainfall,1,0,0.0,0,0,0,0,378.0,warning,general_situation_report,retain,2026-06-29 10:00:00,1360,1,1,72.0,2026-06-30 10:00:00,24.0,50.0,12.0,0.0,0.0,True,0.0,0.0,0.0,0.0,72.0,False,,,,,,,,,,10,6,180,0,1.2246467991473532e-16,-1.0,0.04514101777397193,-0.9989806246941579,3.9318256327243257,0.0,50.0,3.9318256327243257,0,,,Insufficient Previous Context,,,0,,False,Gap / No Comparable Previous Report
situation_20260630_1000_d76aeac2.pdf,2026-06-30,Strong Wind,2974,,,,,,,,,,12.0,50.0,0.0,0.0,0.0,0.0,12.0,0.0,1.0,0.0,0.0,0.0,True,grand_total,1000,2026-06-30 10:00:00,4,50.0,50.0,2.0,1,1,1,0,0,0,4.5,weather_forecast,1,4,1.0,0.0,0.0,16.0,47.1,1.1903846153846154,0.0,0.0,0.5,water_level_rainfall,1,0,0.0,0,0,0,0,402.0,warning,general_situation_report,retain,2026-06-30 10:00:00,1361,1,1,24.0,2026-07-01 10:00:00,24.0,0.0,0.0,0.0,0.0,True,3.9318256327243257,2.5649493574615367,0.0,0.0,24.0,True,0.0,0.0,0.0,0.0,50.0,12.0,0.0,3.9318256327243257,0.0,10,6,181,1,1.2246467991473532e-16,-1.0,0.02795029824021032,-0.999609314096404,0.0,0.0,-50.0,-3.9318256327243257,0,50.0,3.9318256327243257,Increasing,0.3333333333333333,0.8,45,33.33333333333333,False,Normal Increase
situation_20260701_1000_70b01d8d.pdf,2026-07-01,Other,2332,,,,,,,,,,0.0,0.0,0.0,0.0,0.0,0.0,0.0,0.0,0.0,0.0,0.0,0.0,True,grand_total,1000,2026-07-01 10:00:00,6,,50.0,2.0,0,1,1,0,0,0,4.5,weather_forecast,1,1,0.0,0.0,0.0,2.0,10.0,0.6759999999999999,0.0,0.0,0.5,water_level_rainfall,1,0,0.0,0,0,0,0,426.0,warning,general_situation_report,retain,2026-07-01 10:00:00,1362,1,1,24.0,2026-07-02 10:00:00,24.0,17.0,5.0,0.0,0.0,True,0.0,0.0,0.0,0.0,24.0,True,50.0,12.0,0.0,0.0,-50.0,-12.0,0.0,-3.9318256327243257,0.0,10,7,182,2,-0.4999999999999997,-0.8660254037844388,0.01075130776352193,-0.9999422030204416,2.8903717578961645,0.0,17.0,2.8903717578961645,0,-50.0,-3.9318256327243257,Decreasing,0.0,0.0,46,0.0,False,Decrease
situation_20260702_1000_2da4ff34.pdf,2026-07-02,Strong Wind,2441,,,,,,,,,,5.0,17.0,0.0,0.0,0.0,0.0,5.0,0.0,0.0,0.0,0.0,0.0,True,grand_total,1000,2026-07-02 10:00:00,5,,50.0,2.0,0,1,1,0,0,0,3.0,weather_forecast,1,1,0.0,0.0,0.0,5.0,2.0,0.656,0.0,0.0,0.5,water_level_rainfall,1,0,0.0,0,0,0,0,450.0,warning,general_situation_report,retain,2026-07-02 10:00:00,1363,1,1,24.0,2026-07-05 10:00:00,72.0,9.0,3.0,0.0,0.0,False,2.8903717578961645,1.791759469228055,0.0,0.0,24.0,True,0.0,0.0,0.0,0.0,17.0,5.0,0.0,2.8903717578961645,0.0,10,7,183,3,-0.4999999999999997,-0.8660254037844388,-0.00645086419810515,-0.9999791929590823,2.302585092994046,0.0,-8.0,-0.5877866649021186,0,17.0,2.8903717578961645,Increasing,0.1956521739130435,0.7608695652173914,46,19.565217391304348,False,Normal Increase
situation_20260705_1000_d1169454.pdf,2026-07-05,Strong Wind,2632,,,,,,,,,,3.0,9.0,0.0,0.0,0.0,0.0,3.0,0.0,0.0,0.0,0.0,0.0,True,grand_total,1000,2026-07-05 10:00:00,4,50.0,50.0,2.0,1,0,1,0,0,0,4.5,weather_forecast,1,1,0.0,0.0,0.0,5.0,32.8,0.7413333333333333,0.0,0.0,0.5,water_level_rainfall,1,0,0.0,0,0,0,0,522.0,warning,general_situation_report,retain,2026-07-05 10:00:00,1364,1,1,72.0,2026-07-06 10:00:00,24.0,0.0,0.0,0.0,0.0,True,2.302585092994046,1.3862943611198906,0.0,0.0,72.0,False,,,,,,,,,,10,7,186,6,-0.4999999999999997,-0.8660254037844388,-0.05802556932878035,-0.9983150972033183,0.0,0.0,-9.0,-2.302585092994046,0,,,Insufficient Previous Context,,,0,,False,Gap / No Comparable Previous Report
situation_20260706_1000_e19e22fd.pdf,2026-07-06,Other,2357,,,,,,,,,,0.0,0.0,0.0,0.0,0.0,0.0,0.0,0.0,0.0,0.0,0.0,0.0,True,grand_total,1000,2026-07-06 10:00:00,4,,50.0,2.0,0,0,1,0,0,0,4.5,weather_forecast,1,0,,,,,,,,,24.5,water_level_rainfall,1,0,0.0,0,0,0,0,546.0,warning,general_situation_report,retain,2026-07-06 10:00:00,1365,1,1,24.0,2026-07-07 10:00:00,24.0,11.0,4.0,0.0,0.0,True,0.0,0.0,0.0,0.0,24.0,True,9.0,3.0,0.0,0.0,-9.0,-3.0,0.0,-2.302585092994046,0.0,10,7,187,0,-0.4999999999999997,-0.8660254037844388,-0.07518957641475855,-0.9971692572470178,2.4849066497880004,0.0,11.0,2.4849066497880004,0,-9.0,-2.302585092994046,Decreasing,0.0,0.0,47,0.0,False,Decrease
situation_20260707_1000_c974087a.pdf,2026-07-07,Strong Wind,2402,,,,,,,,,,4.0,11.0,0.0,0.0,0.0,0.0,4.0,0.0,0.0,0.0,0.0,0.0,True,grand_total,1000,2026-07-07 10:00:00,4,,50.0,2.0,0,0,1,0,0,0,4.5,weather_forecast,1,1,0.0,0.0,0.0,2.0,0.0,0.6413333333333333,0.0,0.0,0.5,water_level_rainfall,1,0,0.0,0,0,0,0,570.0,warning,general_situation_report,retain,2026-07-07 10:00:00,1366,1,1,24.0,2026-07-08 10:00:00,24.0,0.0,0.0,0.0,0.0,True,2.4849066497880004,1.6094379124341003,0.0,0.0,24.0,True,0.0,0.0,0.0,0.0,11.0,4.0,0.0,2.4849066497880004,0.0,10,7,188,1,-0.4999999999999997,-0.8660254037844388,-0.09233133369539122,-0.9957283388645872,0.0,0.0,-11.0,-2.4849066497880004,0,11.0,2.4849066497880004,Increasing,0.19148936170212766,0.723404255319149,47,19.148936170212767,False,Normal Increase
situation_20260708_1000_fb40c3fc.pdf,2026-07-08,Other,2364,,,,,,,,,,0.0,0.0,0.0,0.0,0.0,0.0,0.0,0.0,0.0,0.0,0.0,0.0,True,grand_total,1000,2026-07-08 10:00:00,4,,50.0,2.0,0,0,1,0,0,0,4.5,weather_forecast,1,1,0.0,0.0,0.0,4.0,0.0,0.634,0.0,0.0,0.5,water_level_rainfall,1,0,0.0,0,0,0,0,594.0,warning,general_situation_report,retain,2026-07-08 10:00:00,1367,1,1,24.0,2026-07-10 10:00:00,48.0,0.0,0.0,0.0,0.0,True,0.0,0.0,0.0,0.0,24.0,True,11.0,4.0,0.0,0.0,-11.0,-4.0,0.0,-2.4849066497880004,0.0,10,7,189,2,-0.4999999999999997,-0.8660254037844388,-0.10944576864891556,-0.993992768446958,0.0,0.0,0.0,0.0,0,-11.0,-2.4849066497880004,Decreasing,0.0,0.0,48,0.0,False,Decrease
situation_20260710_1000_1b48e1b7.pdf,2026-07-10,Other,2370,,,,,,,,,,0.0,0.0,0.0,0.0,0.0,0.0,0.0,0.0,0.0,0.0,0.0,0.0,True,grand_total,1000,2026-07-10 10:00:00,4,,50.0,2.0,0,1,1,0,0,0,4.5,weather_forecast,1,0,,,,,,,,,48.5,water_level_rainfall,1,0,0.0,0,0,0,0,642.0,warning,general_situation_report,retain,2026-07-10 10:00:00,1368,1,1,48.0,2026-07-11 10:00:00,24.0,103.0,26.0,0.0,0.0,True,0.0,0.0,0.0,0.0,48.0,True,0.0,0.0,0.0,0.0,0.0,0.0,0.0,0.0,0.0,10,7,191,4,-0.4999999999999997,-0.8660254037844388,-0.1435724234118113,-0.9896398128792412,4.6443908991413725,0.0,103.0,4.6443908991413725,0,0.0,0.0,Stable,0.0,0.0,48,0.0,False,Stable
situation_20260711_1000_01a60d23.pdf,2026-07-11,Strong Wind,2773,,,,,,,,,,26.0,103.0,0.0,0.0,0.0,0.0,26.0,0.0,0.0,0.0,0.0,0.0,True,grand_total,1000,2026-07-11 10:00:00,4,,50.0,2.0,0,1,1,0,0,0,4.5,weather_forecast,1,1,0.0,0.0,0.0,10.0,44.5,0.6433333333333333,0.0,0.0,0.5,water_level,1,0,0.0,0,0,0,0,666.0,warning,general_situation_report,retain,2026-07-11 10:00:00,1369,1,1,24.0,2026-07-12 10:00:00,24.0,0.0,0.0,0.0,0.0,True,4.6443908991413725,3.295836866004329,0.0,0.0,24.0,True,0.0,0.0,0.0,0.0,103.0,26.0,0.0,4.6443908991413725,0.0,10,7,192,5,-0.4999999999999997,-0.8660254037844388,-0.16057454459499376,-0.9870237158387383,0.0,0.0,-103.0,-4.6443908991413725,0,103.0,4.6443908991413725,Increasing,0.5208333333333334,0.8125,48,52.083333333333336,False,Normal Increase
situation_20260712_1000_19a4fb76.pdf,2026-07-12,Other,2373,,,,,,,,,,0.0,0.0,0.0,0.0,0.0,0.0,0.0,0.0,0.0,0.0,0.0,0.0,True,grand_total,1000,2026-07-12 10:00:00,4,,50.0,2.0,0,1,1,0,0,0,4.5,weather_forecast,1,1,0.0,0.0,0.0,7.0,7.6,0.624,0.0,0.0,0.5,water_level_rainfall,1,0,0.0,0,0,0,0,690.0,warning,general_situation_report,retain,2026-07-12 10:00:00,1370,1,1,24.0,2026-07-17 10:00:00,120.0,0.0,0.0,0.0,0.0,False,0.0,0.0,0.0,0.0,24.0,True,103.0,26.0,0.0,0.0,-103.0,-26.0,0.0,-4.6443908991413725,0.0,10,7,193,6,-0.4999999999999997,-0.8660254037844388,-0.17752914918703497,-0.984115542601034,0.0,0.0,0.0,0.0,0,-103.0,-4.6443908991413725,Decreasing,0.0,0.0,49,0.0,False,Decrease
situation_20260717_1000_3340617f.pdf,2026-07-17,Other,2375,,,,,,,,,,0.0,0.0,0.0,0.0,0.0,0.0,0.0,0.0,0.0,0.0,0.0,0.0,True,grand_total,1000,2026-07-17 10:00:00,4,,50.0,2.0,0,0,1,0,0,0,4.5,weather_forecast,1,0,,,,,,,,,48.5,water_level_rainfall,1,0,0.0,0,0,0,0,810.0,warning,general_situation_report,retain,2026-07-17 10:00:00,1371,1,1,120.0,2026-07-19 10:00:00,48.0,0.0,0.0,0.0,0.0,True,0.0,0.0,0.0,0.0,120.0,False,,,,,,,,,,10,7,198,4,-0.4999999999999997,-0.8660254037844388,-0.2614143985111562,-0.965226663665613,0.0,0.0,0.0,0.0,0,,,Insufficient Previous Context,,,0,,False,Gap / No Comparable Previous Report
situation_20260719_1000_ec88f731.pdf,2026-07-19,Other,2367,,,,,,,,,,0.0,0.0,0.0,0.0,0.0,0.0,0.0,0.0,0.0,0.0,0.0,0.0,True,grand_total,1000,2026-07-19 10:00:00,3,,50.0,0.0,0,1,1,0,0,0,4.5,weather_forecast,1,0,,,,,,,,,96.5,water_level_rainfall,1,0,0.0,0,0,0,0,858.0,warning,general_situation_report,retain,2026-07-19 10:00:00,1372,1,1,48.0,2026-07-22 10:00:00,72.0,0.0,0.0,0.0,0.0,False,0.0,0.0,0.0,0.0,48.0,True,0.0,0.0,0.0,0.0,0.0,0.0,0.0,0.0,0.0,10,7,200,6,-0.4999999999999997,-0.8660254037844388,-0.2944616217868012,-0.9556633054034704,0.0,0.0,0.0,0.0,0,0.0,0.0,Stable,0.0,0.0,49,0.0,False,Stable
situation_20260722_1000_d19ab977.pdf,2026-07-22,Other,2471,,,,,,,,,,0.0,0.0,5.0,1.0,0.0,0.0,0.0,1.0,0.0,0.0,0.0,0.0,True,grand_total,1000,2026-07-22 10:00:00,6,,50.0,2.0,0,1,1,0,0,0,3.0,weather_forecast,1,1,0.0,0.0,0.0,7.0,0.0,0.5966666666666666,0.0,0.0,0.5,water_level_rainfall,1,0,0.0,0,0,0,0,930.0,warning,general_situation_report,retain,2026-07-22 10:00:00,1373,1,1,72.0,2026-07-23 10:00:00,24.0,,,,,False,0.0,0.0,0.0,0.0,72.0,False,,,,,,,,,,10,7,203,2,-0.4999999999999997,-0.8660254037844388,-0.34336687399638804,-0.939201357453208,,,,,0,,,Insufficient Previous Context,,,0,,False,Gap / No Comparable Previous Report
situation_20260723_1000_677402eb.pdf,2026-07-23,Other,2380,,,,,,,,,,,,,,,,,,,,,,False,manual_review_unsupported_layout,1000,2026-07-23 10:00:00,4,,50.0,2.0,0,1,1,0,0,0,4.5,weather_forecast,1,0,,,,,,,,,24.5,water_level_rainfall,1,0,0.0,0,0,0,0,954.0,warning,general_situation_report,retain,2026-07-23 10:00:00,1374,0,1,24.0,2026-07-24 10:00:00,24.0,0.0,0.0,0.0,0.0,False,,,,,24.0,True,0.0,0.0,0.0,0.0,,,,,,10,7,204,3,-0.4999999999999997,-0.8660254037844388,-0.3594718130884232,-0.9331559438780432,0.0,0.0,,,0,,,Insufficient Previous Context,,,0,,False,Insufficient Historical Baseline
situation_20260724_1000_00487a56.pdf,2026-07-24,Other,2360,,,,,,,,,,0.0,0.0,0.0,0.0,0.0,0.0,0.0,0.0,0.0,0.0,0.0,0.0,True,grand_total,1000,2026-07-24 10:00:00,4,,40.0,0.0,0,0,1,0,0,0,3.0,weather_forecast,1,0,,,,,,,,,48.5,water_level_rainfall,1,0,0.0,0,0,0,0,978.0,warning,general_situation_report,retain,2026-07-24 10:00:00,1375,1,1,24.0,2026-07-26 10:00:00,48.0,6.0,1.0,0.0,0.0,True,0.0,0.0,0.0,0.0,24.0,True,,,,,,,,,,10,7,205,4,-0.4999999999999997,-0.8660254037844388,-0.3754703786876202,-0.9268343944460494,1.9459101490553132,0.0,6.0,1.9459101490553132,0,,,Insufficient Previous Context,,,0,,False,Insufficient Historical Baseline
situation_20260726_1000_120a596d.pdf,2026-07-26,Other,2377,,,,,,,,,,1.0,6.0,0.0,0.0,0.0,0.0,1.0,0.0,0.0,0.0,0.0,0.0,True,grand_total,1000,2026-07-26 10:00:00,3,,50.0,0.0,0,0,1,0,0,0,4.5,weather_forecast,1,1,0.0,0.0,0.0,10.0,31.2,0.59,0.0,0.0,0.5,water_level_rainfall,1,0,0.0,0,0,0,0,1026.0,warning,general_situation_report,retain,2026-07-26 10:00:00,1376,1,1,48.0,2026-07-28 10:00:00,48.0,0.0,0.0,0.0,0.0,True,1.9459101490553132,0.6931471805599453,0.0,0.0,48.0,True,0.0,0.0,0.0,0.0,6.0,1.0,0.0,1.9459101490553132,0.0,10,7,207,6,-0.4999999999999997,-0.8660254037844388,-0.4071294853542516,-0.9133704517637858,0.0,0.0,-6.0,-1.9459101490553132,0,6.0,1.9459101490553132,Increasing,0.14285714285714285,0.5918367346938775,49,14.285714285714285,False,Normal Increase
situation_20260728_1000_20f39b22.pdf,2026-07-28,Other,2348,,,,,,,,,,0.0,0.0,0.0,0.0,0.0,0.0,0.0,0.0,0.0,0.0,0.0,0.0,True,grand_total,1000,2026-07-28 10:00:00,5,,50.0,2.0,0,0,1,0,0,0,4.5,weather_forecast,1,0,,,,,,,,,24.5,water_level_rainfall,1,0,0.0,0,0,0,0,1074.0,warning,general_situation_report,retain,2026-07-28 10:00:00,1377,1,1,48.0,2026-07-29 10:00:00,24.0,0.0,0.0,0.0,0.0,True,0.0,0.0,0.0,0.0,48.0,True,6.0,1.0,0.0,0.0,-6.0,-1.0,0.0,-1.9459101490553132,0.0,10,7,209,1,-0.4999999999999997,-0.8660254037844388,-0.4383067230125192,-0.898825465016444,0.0,0.0,0.0,0.0,0,-6.0,-1.9459101490553132,Decreasing,0.0,0.0,50,0.0,False,Decrease
situation_20260729_1000_cc1cc71e.pdf,2026-07-29,Other,2363,,,,,,,,,,0.0,0.0,0.0,0.0,0.0,0.0,0.0,0.0,0.0,0.0,0.0,0.0,True,grand_total,1000,2026-07-29 10:00:00,4,,50.0,2.0,0,0,1,0,0,0,4.5,weather_forecast,1,1,0.0,0.0,0.0,10.0,45.0,0.602,0.0,0.0,0.5,water_level_rainfall,1,0,0.0,0,0,0,0,1098.0,warning,general_situation_report,retain,2026-07-29 10:00:00,1378,1,1,24.0,2026-08-05 13:00:00,171.0,15412.0,3923.0,52.0,3566.0,False,0.0,0.0,0.0,0.0,24.0,True,0.0,0.0,0.0,0.0,0.0,0.0,0.0,0.0,0.0,10,7,210,2,-0.4999999999999997,-0.8660254037844388,-0.45370308603134424,-0.8911529104063088,9.64296658814672,8.17948018535889,15412.0,9.64296658814672,1,0.0,0.0,Stable,0.0,0.0,50,0.0,False,Stable
situation_20260805_1300_b9eed5ac.pdf,2026-08-05,"Flood, Landslide, Heavy Rain, Strong Wind",4688,,,,,,,,,,3923.0,15412.0,8.0,3.0,0.0,1.0,537.0,1.0,1.0,52.0,957.0,3566.0,True,grand_total,1300,2026-08-05 13:00:00,5,75.0,50.0,2.0,1,1,1,0,0,0,1.5,strong_wind,1,8,3.0,0.0,0.0,10.0,70.9,1.2365384615384614,0.0,0.0,0.5,water_level,1,1,2.0,3,4,0,4,4.0,early_warning,general_situation_report,retain,2026-08-05 13:00:00,1379,1,1,171.0,2026-08-06 10:00:00,21.0,16345.0,4151.0,43.0,2504.0,True,9.64296658814672,8.274866820685254,3.970291913552122,8.17948018535889,171.0,False,,,,,,,,,,13,8,217,2,-0.8660254037844385,-0.5000000000000004,-0.5574684374327892,-0.8301981337405212,9.701738498076075,7.826044013518965,933.0,0.058771909929355104,1,,,Insufficient Previous Context,,,0,,False,Gap / No Comparable Previous Report
situation_20260806_1000_1b7d933e.pdf,2026-08-06,"Flood, Landslide, Heavy Rain, Strong Wind",4965,,,,,,,,,,4151.0,16345.0,8.0,3.0,0.0,1.0,581.0,1.0,1.0,43.0,682.0,2504.0,True,grand_total,1000,2026-08-06 10:00:00,5,100.0,50.0,2.0,1,1,1,0,0,0,3.0,weather_forecast,1,8,1.0,0.0,0.0,6.0,10.5,1.278,1.0,0.0,3.5,water_level,1,1,2.0,2,4,0,4,1.0,early_warning,general_situation_report,retain,2026-08-06 10:00:00,1380,1,1,21.0,2026-08-07 10:00:00,24.0,16693.0,4244.0,34.0,1375.0,True,9.701738498076075,8.331345424845724,3.784189633918261,7.826044013518965,21.0,True,15412.0,3923.0,52.0,3566.0,933.0,228.0,-1062.0,0.058771909929355104,-0.3534361718399257,10,8,218,3,-0.8660254037844385,-0.5000000000000004,-0.5716666713027052,-0.8204859638785327,9.722804652410682,7.226936018493289,348.0,0.02106615433460668,1,933.0,0.058771909929355104,Increasing,0.82,0.3,50,30.0,False,Normal Increase
situation_20260807_1000_e149946b.pdf,2026-08-07,"Flood, Landslide, Heavy Rain, Strong Wind",5673,,,,,,,,,,4244.0,16693.0,8.0,3.0,0.0,1.0,599.0,1.0,2.0,34.0,379.0,1375.0,True,grand_total,1000,2026-08-07 10:00:00,4,100.0,50.0,2.0,1,1,1,0,0,0,4.5,weather_forecast,1,7,1.0,0.0,0.0,13.0,40.4,1.0666666666666669,0.0,0.0,1.0,water_level,1,1,2.0,3,2,0,4,1.0,early_warning,general_situation_report,retain,2026-08-07 10:00:00,1381,1,1,24.0,2026-08-11 10:00:00,96.0,16465.0,4187.0,19.0,495.0,False,9.722804652410682,8.353497098745448,3.5553480614894135,7.226936018493289,24.0,True,16345.0,4151.0,43.0,2504.0,348.0,93.0,-1129.0,0.02106615433460668,-0.5991079950256761,10,8,219,4,-0.8660254037844385,-0.5000000000000004,-0.5856957398073508,-0.8105309990194823,9.709052927858371,6.206575926724928,-228.0,-0.013751724552310662,1,348.0,0.02106615433460668,Increasing,0.7254901960784313,0.21568627450980393,51,21.568627450980394,False,Normal Increase
situation_20260811_1000_230956b9.pdf,2026-08-11,"Flood, Landslide, Heavy Rain, Strong Wind",5647,,,,,,,,,,4187.0,16465.0,9.0,7.0,0.0,2.0,691.0,1.0,2.0,19.0,130.0,495.0,True,grand_total,1000,2026-08-11 10:00:00,3,,40.0,0.0,0,1,1,0,0,0,4.5,weather_forecast,1,6,0.0,0.0,0.0,5.0,8.7,0.7633333333333333,0.0,0.0,1.0,water_level,1,0,0.0,0,0,0,0,48.5,early_warning,general_situation_report,retain,2026-08-11 10:00:00,1382,1,1,96.0,2026-08-13 10:00:00,48.0,16520.0,4203.0,12.0,263.0,True,9.709052927858371,8.339978571990427,2.995732273553991,6.206575926724928,96.0,False,,,,,,,,,,10,8,223,1,-0.8660254037844385,-0.5000000000000004,-0.6400381082043503,-0.7683431655492202,9.712387577930592,5.575949103146316,55.0,0.0033346500722206684,1,,,Insufficient Previous Context,,,0,,False,Gap / No Comparable Previous Report
situation_20260813_1000_e719370a.pdf,2026-08-13,"Flood, Landslide, Heavy Rain, Strong Wind",5649,,,,,,,,,,4203.0,16520.0,9.0,7.0,0.0,2.0,707.0,1.0,2.0,12.0,73.0,263.0,True,grand_total,1000,2026-08-13 10:00:00,4,,,0.0,0,1,0,0,0,0,4.5,weather_forecast,1,3,0.0,0.0,0.0,6.0,25.2,0.75,0.0,1.0,0.5,water_level,1,0,0.0,0,0,0,0,96.5,early_warning,general_situation_report,retain,2026-08-13 10:00:00,1383,1,1,48.0,2026-08-14 10:00:00,24.0,16536.0,4209.0,9.0,188.0,True,9.712387577930592,8.343791731996841,2.5649493574615367,5.575949103146316,48.0,True,16465.0,4187.0,19.0,495.0,55.0,16.0,-232.0,0.0033346500722206684,-0.6306268235786119,10,8,225,3,-0.8660254037844385,-0.5000000000000004,-0.666088855860977,-0.7458723993404063,9.713355573650196,5.241747015059643,16.0,0.0009679957196038202,1,55.0,0.0033346500722206684,Increasing,0.43137254901960786,0.11764705882352941,51,11.76470588235294,False,Normal Increase
situation_20260814_1000_9d8d25f7.pdf,2026-08-14,"Flood, Landslide, Heavy Rain, Strong Wind",5619,,,,,,,,,,4209.0,16536.0,9.0,7.0,0.0,2.0,713.0,1.0,2.0,9.0,52.0,188.0,True,grand_total,1000,2026-08-14 10:00:00,3,75.0,40.0,0.0,1,1,1,0,0,0,4.5,weather_forecast,1,1,0.0,0.0,0.0,5.0,6.5,0.6773333333333333,0.0,0.0,21.5,water_level,1,0,0.0,0,0,0,0,120.5,early_warning,general_situation_report,retain,2026-08-14 10:00:00,1384,1,1,24.0,,,,,,,False,9.713355573650196,8.345217926676428,2.302585092994046,5.241747015059643,24.0,True,16520.0,4203.0,12.0,263.0,16.0,6.0,-75.0,0.0009679957196038202,-0.3342020880866734,10,8,226,4,-0.8660254037844385,-0.5000000000000004,-0.6788204829862355,-0.734304263829602,,,,,0,16.0,0.0009679957196038202,Increasing,0.21153846153846154,0.057692307692307696,52,5.769230769230769,False,Normal Increase
