file_name,report_date,issue_time,report_type,warning_color,forecast_horizon_hours,rainfall_threshold_mm,max_wind_kmph,heavy_rain_flag,thunderstorm_flag,strong_wind_flag,low_pressure_flag,depression_flag,cyclone_flag,experimental_flag,marine_only_flag,text_length,extraction_status
weather_20230101_0530_weather_forecast_7373e46d.pdf,2023-01-01,0530,weather_forecast,,24.0,,,False,False,False,False,False,False,False,False,2994,ok
weather_20230101_1200_weather_forecast_3bd76ce6.pdf,2023-01-01,1200,weather_forecast,,24.0,,,False,False,False,False,False,False,False,False,2815,ok
weather_20230101_1600_weather_forecast_a2a9c2ff.pdf,2023-01-01,1600,weather_forecast,,36.0,,,False,False,False,False,False,False,False,False,2887,ok
weather_20230102_0530_weather_forecast_a197d5e3.pdf,2023-01-02,0530,weather_forecast,,24.0,,,False,False,False,False,False,False,False,False,2803,ok
weather_20230102_1200_weather_forecast_f153d09c.pdf,2023-01-02,1200,weather_forecast,,24.0,,,False,False,False,False,False,False,False,False,3005,ok
weather_20230102_1600_weather_forecast_a622c59e.pdf,2023-01-02,1600,weather_forecast,,36.0,,,False,False,False,False,False,False,False,False,3074,ok
weather_20230103_0530_weather_forecast_fa18d8d1.pdf,2023-01-03,0530,weather_forecast,,24.0,,,False,False,False,False,False,False,False,False,3186,ok
weather_20230103_1200_weather_forecast_ea7c057b.pdf,2023-01-03,1200,weather_forecast,,24.0,,,False,True,False,False,False,False,False,False,3133,ok
weather_20230103_1600_weather_forecast_19281e26.pdf,2023-01-03,1600,weather_forecast,,36.0,,,False,False,False,False,False,False,False,False,3074,ok
weather_20230104_0530_weather_forecast_cd560f43.pdf,2023-01-04,0530,weather_forecast,,24.0,,,False,True,False,False,False,False,False,False,3114,ok
weather_20230104_1200_weather_forecast_146f4a6c.pdf,2023-01-04,1200,weather_forecast,,24.0,50.0,,True,True,False,False,False,False,False,False,4338,ok
weather_20230105_0530_weather_forecast_e16ed051.pdf,2023-01-05,0530,weather_forecast,,24.0,50.0,,True,True,False,False,False,False,False,False,4264,ok
weather_20230105_1200_weather_forecast_b899f9ca.pdf,2023-01-05,1200,weather_forecast,,24.0,75.0,,True,True,False,False,False,False,False,False,4388,ok
weather_20230105_1600_weather_forecast_9c623269.pdf,2023-01-05,1600,weather_forecast,,36.0,75.0,,True,True,False,False,False,False,False,False,4677,ok
weather_20230106_1200_weather_forecast_b489e735.pdf,2023-01-06,1200,weather_forecast,,24.0,75.0,,True,True,False,False,False,False,False,False,4401,ok
weather_20230106_1600_weather_forecast_da21113e.pdf,2023-01-06,1600,weather_forecast,,36.0,75.0,,True,True,False,False,False,False,False,False,4558,ok
weather_20230107_0530_weather_forecast_a62ff1f1.pdf,2023-01-07,0530,weather_forecast,,24.0,75.0,,True,True,False,False,False,False,False,False,4437,ok
weather_20230107_1200_weather_forecast_c0e9508c.pdf,2023-01-07,1200,weather_forecast,,24.0,75.0,,True,True,False,False,False,False,False,False,4354,ok
weather_20230108_0530_weather_forecast_04462799.pdf,2023-01-08,0530,weather_forecast,,24.0,50.0,,True,True,False,False,False,False,False,False,4351,ok
weather_20230108_1200_weather_forecast_23e2f316.pdf,2023-01-08,1200,weather_forecast,,24.0,,,False,True,False,False,False,False,False,False,4095,ok
weather_20230108_1600_weather_forecast_ba371ed9.pdf,2023-01-08,1600,weather_forecast,,36.0,,,False,True,False,False,False,False,False,False,3967,ok
weather_20230109_0530_weather_forecast_bedd3ac5.pdf,2023-01-09,0530,weather_forecast,,24.0,,,False,True,False,False,False,False,False,False,4091,ok
weather_20230109_1200_weather_forecast_c1e32b70.pdf,2023-01-09,1200,weather_forecast,,24.0,,,False,True,False,False,False,False,False,False,3540,ok
weather_20230109_1600_weather_forecast_b98950cc.pdf,2023-01-09,1600,weather_forecast,,36.0,,,False,True,False,False,False,False,False,False,3624,ok
weather_20230110_0530_weather_forecast_519038b1.pdf,2023-01-10,0530,weather_forecast,,24.0,,,False,True,False,False,False,False,False,False,2970,ok
weather_20230110_1200_weather_forecast_c325f017.pdf,2023-01-10,1200,weather_forecast,,24.0,,,False,False,False,False,False,False,False,False,2785,ok
weather_20230110_1600_weather_forecast_71174622.pdf,2023-01-10,1600,weather_forecast,,36.0,,,False,False,False,False,False,False,False,False,2807,ok
weather_20230110_1600_weather_forecast_b4d909cd.pdf,2023-01-10,1600,weather_forecast,,36.0,,,False,False,False,False,False,False,False,False,2807,ok
weather_20230111_0530_weather_forecast_7e7223e5.pdf,2023-01-11,0530,weather_forecast,,24.0,,,False,False,False,False,False,False,False,False,2781,ok
weather_20230111_1200_weather_forecast_e02ee6ee.pdf,2023-01-11,1200,weather_forecast,,24.0,,,False,False,False,False,False,False,False,False,2714,ok
weather_20230111_1600_weather_forecast_28fb64d9.pdf,2023-01-11,1600,weather_forecast,,36.0,,,False,False,False,False,False,False,False,False,2794,ok
weather_20230112_0530_weather_forecast_63f25691.pdf,2023-01-12,0530,weather_forecast,,24.0,,,False,False,False,False,False,False,False,False,2710,ok
weather_20230112_1200_weather_forecast_d5a5300d.pdf,2023-01-12,1200,weather_forecast,,24.0,,,False,False,False,False,False,False,False,False,2714,ok
weather_20230112_1600_weather_forecast_7ddaf22c.pdf,2023-01-12,1600,weather_forecast,,36.0,,,False,False,False,False,False,False,False,False,2807,ok
weather_20230113_0530_weather_forecast_033bb97b.pdf,2023-01-13,0530,weather_forecast,,24.0,,,False,False,False,False,False,False,False,False,3019,ok
weather_20230113_1200_weather_forecast_8d03acd3.pdf,2023-01-13,1200,weather_forecast,,24.0,,,False,True,False,False,False,False,False,False,3365,ok
weather_20230113_1200_weather_forecast_9112122c.pdf,2023-01-13,1200,weather_forecast,,24.0,,,False,True,False,False,False,False,False,False,3365,ok
weather_20230113_1600_weather_forecast_de9f9c4e.pdf,2023-01-13,1600,weather_forecast,,36.0,,,False,True,False,False,False,False,False,False,3969,ok
weather_20230114_0530_weather_forecast_feba6242.pdf,2023-01-14,0530,weather_forecast,,24.0,,,False,True,False,False,False,False,False,False,3648,ok
weather_20230114_1600_weather_forecast_76695f39.pdf,2023-01-14,1600,weather_forecast,,36.0,,,False,True,False,False,False,False,False,False,4383,ok
weather_20230114_2130_heavy_rain_a91c5f18.pdf,2023-01-14,2130,heavy_rain,Amber,,100.0,,True,True,False,False,False,False,False,False,1753,ok
weather_20230115_0530_weather_forecast_c8f20cbd.pdf,2023-01-15,0530,weather_forecast,,24.0,,,False,True,False,False,False,False,False,False,3811,ok
weather_20230115_1200_weather_forecast_1ffc5c86.pdf,2023-01-15,1200,weather_forecast,,24.0,75.0,,True,True,False,False,False,False,False,False,3867,ok
weather_20230115_1600_weather_forecast_43e54f83.pdf,2023-01-15,1600,weather_forecast,,36.0,75.0,,True,True,False,False,False,False,False,False,4412,ok
weather_20230115_1600_weather_forecast_62c70c92.pdf,2023-01-15,1600,weather_forecast,,36.0,75.0,,True,True,False,False,False,False,False,False,4412,ok
weather_20230116_0530_weather_forecast_ced5cf2b.pdf,2023-01-16,0530,weather_forecast,,24.0,75.0,,True,True,False,False,False,False,False,False,3962,ok
weather_20230116_1200_weather_forecast_16f82854.pdf,2023-01-16,1200,weather_forecast,,24.0,75.0,,True,True,False,False,False,False,False,False,3891,ok
weather_20230116_1600_weather_forecast_b9d99efd.pdf,2023-01-16,1600,weather_forecast,,36.0,75.0,,True,True,False,False,False,False,False,False,4514,ok
weather_20230116_1630_weather_forecast_e933d5bb.pdf,2023-01-16,1630,weather_forecast,,,,,False,False,False,False,False,False,False,False,1705,ok
weather_20230117_0530_weather_forecast_79399262.pdf,2023-01-17,0530,weather_forecast,,24.0,75.0,,True,True,False,False,False,False,False,False,4167,ok
weather_20230117_1220_weather_forecast_70bcdb2e.pdf,2023-01-17,1220,weather_forecast,,24.0,,,False,True,False,False,False,False,False,False,3808,ok
weather_20230117_1600_weather_forecast_50a48402.pdf,2023-01-17,1600,weather_forecast,,36.0,75.0,,True,True,False,False,False,False,False,False,4376,ok
weather_20230118_0530_weather_forecast_28c23ced.pdf,2023-01-18,0530,weather_forecast,,24.0,,,False,True,False,False,False,False,False,False,3954,ok
weather_20230118_1200_weather_forecast_aec1ccf9.pdf,2023-01-18,1200,weather_forecast,,24.0,,,False,True,False,False,False,False,False,False,3597,ok
weather_20230118_1600_weather_forecast_6a2ef705.pdf,2023-01-18,1600,weather_forecast,,36.0,,,False,True,False,False,False,False,False,False,3661,ok
weather_20230119_0530_weather_forecast_9a5f8368.pdf,2023-01-19,0530,weather_forecast,,24.0,,50.0,False,False,True,False,False,False,False,False,3179,ok
weather_20230119_1200_weather_forecast_bc11d109.pdf,2023-01-19,1200,weather_forecast,,24.0,,40.0,False,False,True,False,False,False,False,False,3470,ok
weather_20230119_1600_weather_forecast_ae30ee49.pdf,2023-01-19,1600,weather_forecast,,36.0,,40.0,False,False,True,False,False,False,False,False,3204,ok
weather_20230120_0530_weather_forecast_0a1ed0b3.pdf,2023-01-20,0530,weather_forecast,,24.0,,40.0,False,False,True,False,False,False,False,False,3724,ok
weather_20230120_1200_weather_forecast_00e1a1de.pdf,2023-01-20,1200,weather_forecast,,24.0,75.0,,True,True,False,False,False,False,False,False,3472,ok
weather_20230120_1600_weather_forecast_6d87c232.pdf,2023-01-20,1600,weather_forecast,,36.0,75.0,,True,True,False,False,False,False,False,False,4409,ok
weather_20230121_0530_weather_forecast_fcff9bba.pdf,2023-01-21,0530,weather_forecast,,24.0,75.0,,True,True,False,False,False,False,False,False,3697,ok
weather_20230121_1200_weather_forecast_2ab39dc7.pdf,2023-01-21,1200,weather_forecast,,24.0,75.0,,True,True,False,False,False,False,False,False,3771,ok
weather_20230122_0530_weather_forecast_8949b46d.pdf,2023-01-22,0530,weather_forecast,,24.0,75.0,,True,True,False,False,False,False,False,False,4013,ok
weather_20230122_0530_weather_forecast_93b477bb.pdf,2023-01-22,0530,weather_forecast,,24.0,75.0,,True,True,False,False,False,False,False,False,4013,ok
weather_20230122_1200_weather_forecast_25fa19ed.pdf,2023-01-22,1200,weather_forecast,,24.0,75.0,,True,True,False,False,False,False,False,False,3867,ok
weather_20230122_1600_weather_forecast_d4af1d68.pdf,2023-01-22,1600,weather_forecast,,36.0,75.0,,True,True,False,False,False,False,False,False,4140,ok
weather_20230123_0530_weather_forecast_156c2541.pdf,2023-01-23,0530,weather_forecast,,24.0,,,False,True,False,False,False,False,False,False,3755,ok
weather_20230123_1200_weather_forecast_fd7ddeb5.pdf,2023-01-23,1200,weather_forecast,,24.0,50.0,,True,True,False,False,False,False,False,False,3818,ok
weather_20230123_1600_weather_forecast_f1a2e62d.pdf,2023-01-23,1600,weather_forecast,,36.0,75.0,,True,True,False,False,False,False,False,False,4171,ok
weather_20230124_0530_weather_forecast_140efeb7.pdf,2023-01-24,0530,weather_forecast,,24.0,75.0,,True,True,False,False,False,False,False,False,4169,ok
weather_20230124_1200_weather_forecast_41b7d6e1.pdf,2023-01-24,1200,weather_forecast,,24.0,,,False,True,False,False,False,False,False,False,4072,ok
weather_20230124_1600_weather_forecast_5f1a5a7c.pdf,2023-01-24,1600,weather_forecast,,36.0,75.0,,True,True,False,False,False,False,False,False,4355,ok
weather_20230124_1745_thunderstorm_ab3d8787.pdf,2023-01-24,1745,thunderstorm,Amber,,100.0,,True,True,False,False,False,False,False,False,3153,ok
weather_20230125_0530_weather_forecast_9a265418.pdf,2023-01-25,0530,weather_forecast,,24.0,,,False,True,False,False,False,False,False,False,3735,ok
weather_20230125_1200_weather_forecast_02bc276b.pdf,2023-01-25,1200,weather_forecast,,24.0,,,False,True,False,False,False,False,False,False,3889,ok
weather_20230125_1600_weather_forecast_319371a0.pdf,2023-01-25,1600,weather_forecast,,36.0,,,False,True,False,False,False,False,False,False,4079,ok
weather_20230126_0530_weather_forecast_5ed9b339.pdf,2023-01-26,0530,weather_forecast,,24.0,,,False,True,False,False,False,False,False,False,3939,ok
weather_20230126_1200_weather_forecast_b552a56f.pdf,2023-01-26,1200,weather_forecast,,24.0,50.0,,True,True,False,False,False,False,False,False,4449,ok
weather_20230126_1600_weather_forecast_17313424.pdf,2023-01-26,1600,weather_forecast,,36.0,50.0,,True,True,False,False,False,False,False,False,4437,ok
weather_20230127_0530_weather_forecast_8e030b98.pdf,2023-01-27,0530,weather_forecast,,24.0,50.0,,True,True,False,False,False,False,False,False,4445,ok
weather_20230127_1200_weather_forecast_ba10a8d8.pdf,2023-01-27,1200,weather_forecast,,24.0,,,False,True,False,False,False,False,False,False,5075,ok
weather_20230127_1600_weather_forecast_0d3f8643.pdf,2023-01-27,1600,weather_forecast,,36.0,,,False,True,False,False,False,False,False,False,3656,ok
weather_20230128_0530_weather_forecast_27c51769.pdf,2023-01-28,0530,weather_forecast,,24.0,,,False,True,False,False,True,False,False,False,6002,ok
weather_20230128_1200_weather_forecast_f2bdf870.pdf,2023-01-28,1200,weather_forecast,,24.0,,,False,True,False,False,True,False,False,False,6044,ok
weather_20230129_0530_weather_forecast_ba3925fb.pdf,2023-01-29,0530,weather_forecast,,24.0,,,False,True,False,False,True,False,False,False,6036,ok
weather_20230129_1200_weather_forecast_0a80becf.pdf,2023-01-29,1200,weather_forecast,,24.0,150.0,,True,True,False,False,True,False,False,False,6222,ok
weather_20230129_1600_weather_forecast_4b0e0c07.pdf,2023-01-29,1600,weather_forecast,,36.0,150.0,,True,True,False,False,False,False,False,False,4903,ok
weather_20230130_0530_weather_forecast_025dc2b8.pdf,2023-01-30,0530,weather_forecast,,24.0,150.0,,True,True,False,True,True,False,False,False,6029,ok
weather_20230130_1200_weather_forecast_2ff813e0.pdf,2023-01-30,1200,weather_forecast,,24.0,150.0,,True,True,False,False,True,False,False,False,7645,ok
weather_20230130_1600_weather_forecast_8f067a42.pdf,2023-01-30,1600,weather_forecast,,36.0,150.0,,True,True,False,False,True,False,False,False,4866,ok
weather_20230130_1800_depression_fc323cc5.pdf,2023-01-30,1800,depression,Amber,24.0,150.0,60.0,True,True,True,True,True,False,False,False,3534,ok
weather_20230131_0530_weather_forecast_cf79f616.pdf,2023-01-31,0530,weather_forecast,,24.0,150.0,60.0,True,True,True,False,True,False,False,False,7562,ok
weather_20230131_0530_weather_forecast_f7f69ac5.pdf,2023-01-31,0530,weather_forecast,,24.0,150.0,60.0,True,True,True,False,True,False,False,False,7562,ok
weather_20230131_1200_weather_forecast_4e0161e9.pdf,2023-01-31,1200,weather_forecast,,24.0,150.0,60.0,True,True,True,False,True,False,False,False,7834,ok
weather_20230131_1600_weather_forecast_5b884157.pdf,2023-01-31,1600,weather_forecast,,36.0,150.0,60.0,True,True,True,False,True,False,False,False,5575,ok
weather_20230201_0530_weather_forecast_ffd28182.pdf,2023-02-01,0530,weather_forecast,,24.0,150.0,60.0,True,True,True,False,True,False,False,False,7071,ok
weather_20230201_1200_weather_forecast_ea20229c.pdf,2023-02-01,1200,weather_forecast,,24.0,100.0,50.0,True,True,True,False,True,False,False,False,7222,ok
weather_20230201_1600_weather_forecast_0b633812.pdf,2023-02-01,1600,weather_forecast,,36.0,100.0,50.0,True,True,True,False,True,False,False,False,5358,ok
weather_20230202_0530_weather_forecast_78545830.pdf,2023-02-02,0530,weather_forecast,,24.0,100.0,50.0,True,True,True,False,True,False,False,False,6969,ok
weather_20230202_0600_weather_forecast_63cd9959.pdf,2023-02-02,0600,weather_forecast,,24.0,100.0,50.0,True,True,True,False,True,False,False,False,6969,ok
weather_20230202_1030_depression_ecf277cc.pdf,2023-02-02,1030,depression,Amber,24.0,100.0,70.0,True,True,True,False,True,False,False,False,6892,ok
weather_20230202_1200_weather_forecast_e01b3433.pdf,2023-02-02,1200,weather_forecast,,24.0,50.0,,True,True,False,False,True,False,False,False,7178,ok
weather_20230203_0530_weather_forecast_f1eca2a4.pdf,2023-02-03,0530,weather_forecast,,24.0,50.0,,True,True,False,False,True,False,False,False,5897,ok
weather_20230203_0900_weather_forecast_459d3b2d.pdf,2023-02-03,0900,weather_forecast,,,,,False,False,False,False,True,False,False,True,1669,ok
weather_20230203_1200_weather_forecast_ea22ee09.pdf,2023-02-03,1200,weather_forecast,,24.0,50.0,,True,True,False,False,False,False,False,False,4484,ok
weather_20230203_1600_weather_forecast_381f4f2d.pdf,2023-02-03,1600,weather_forecast,,36.0,50.0,,True,True,False,False,False,False,False,False,4286,ok
weather_20230204_0530_weather_forecast_f8046cee.pdf,2023-02-04,0530,weather_forecast,,24.0,50.0,,True,True,False,False,False,False,False,False,5389,ok
weather_20230204_1200_weather_forecast_cb63d313.pdf,2023-02-04,1200,weather_forecast,,24.0,,,False,True,False,False,False,False,False,False,3768,ok
weather_20230204_1430_thunderstorm_85531bb9.pdf,2023-02-04,1430,thunderstorm,Amber,,,,False,True,False,False,False,False,False,False,3049,ok
weather_20230204_1600_weather_forecast_a82e37b9.pdf,2023-02-04,1600,weather_forecast,,36.0,,,False,True,False,False,False,False,False,False,4114,ok
weather_20230205_0530_weather_forecast_917669c0.pdf,2023-02-05,0530,weather_forecast,,24.0,,,False,True,False,False,False,False,False,False,4132,ok
weather_20230205_1200_weather_forecast_368b3a7b.pdf,2023-02-05,1200,weather_forecast,,24.0,50.0,,True,True,False,False,False,False,False,False,4191,ok
weather_20230205_1600_weather_forecast_6d62c9df.pdf,2023-02-05,1600,weather_forecast,,36.0,50.0,,True,True,False,False,False,False,False,False,4296,ok
weather_20230206_0530_weather_forecast_8a58c309.pdf,2023-02-06,0530,weather_forecast,,24.0,50.0,,True,True,False,False,False,False,False,False,4390,ok
weather_20230206_0845_heavy_rain_4089471e.pdf,2023-02-06,0845,heavy_rain,Amber,,75.0,,True,True,False,False,False,False,False,False,2282,ok
weather_20230206_0845_heavy_rain_f7b6757f.pdf,2023-02-06,0845,heavy_rain,Amber,,75.0,,True,True,False,False,False,False,False,False,2282,ok
weather_20230206_1200_weather_forecast_cba79c5a.pdf,2023-02-06,1200,weather_forecast,,24.0,50.0,,True,True,False,False,False,False,False,False,4181,ok
weather_20230206_1600_weather_forecast_14045a57.pdf,2023-02-06,1600,weather_forecast,,36.0,50.0,,True,True,False,False,False,False,False,False,4312,ok
weather_20230207_0530_weather_forecast_d360f702.pdf,2023-02-07,0530,weather_forecast,,24.0,,,False,True,False,False,False,False,False,False,3904,ok
weather_20230207_1600_weather_forecast_423cca6d.pdf,2023-02-07,1600,weather_forecast,,36.0,,,False,True,False,False,False,False,False,False,4196,ok
weather_20230208_0530_weather_forecast_2ee088a4.pdf,2023-02-08,0530,weather_forecast,,24.0,,,False,True,False,False,False,False,False,False,4031,ok
weather_20230208_1200_weather_forecast_c2126fff.pdf,2023-02-08,1200,weather_forecast,,24.0,,,False,True,False,False,False,False,False,False,3866,ok
weather_20230208_1600_weather_forecast_f39bbbd2.pdf,2023-02-08,1600,weather_forecast,,36.0,,,False,True,False,False,False,False,False,False,3975,ok
weather_20230209_0530_weather_forecast_ee1e7f31.pdf,2023-02-09,0530,weather_forecast,,24.0,,,False,True,False,False,False,False,False,False,3860,ok
weather_20230209_1200_weather_forecast_04bb8237.pdf,2023-02-09,1200,weather_forecast,,24.0,,,False,True,False,False,False,False,False,False,3910,ok
weather_20230209_1600_weather_forecast_2d1a1d9c.pdf,2023-02-09,1600,weather_forecast,,36.0,,,False,True,False,False,False,False,False,False,4095,ok
weather_20230209_1600_weather_forecast_ef91e404.pdf,2023-02-09,1600,weather_forecast,,36.0,,,False,True,False,False,False,False,False,False,4095,ok
weather_20230210_0530_weather_forecast_fc3b0c7d.pdf,2023-02-10,0530,weather_forecast,,24.0,,,False,True,False,False,False,False,False,False,3867,ok
weather_20230210_1200_weather_forecast_f00297ec.pdf,2023-02-10,1200,weather_forecast,,24.0,,,False,True,False,False,False,False,False,False,3573,ok
weather_20230210_1600_weather_forecast_d83d81f0.pdf,2023-02-10,1600,weather_forecast,,36.0,,,False,True,False,False,False,False,False,False,3940,ok
weather_20230211_0530_weather_forecast_dc92d24f.pdf,2023-02-11,0530,weather_forecast,,24.0,,,False,True,False,False,False,False,False,False,3594,ok
weather_20230211_1200_weather_forecast_60c656ca.pdf,2023-02-11,1200,weather_forecast,,24.0,,,False,True,False,False,False,False,False,False,3247,ok
weather_20230211_1600_weather_forecast_e3d1efc5.pdf,2023-02-11,1600,weather_forecast,,36.0,,,False,True,False,False,False,False,False,False,3366,ok
weather_20230212_0530_weather_forecast_fa23ce4f.pdf,2023-02-12,0530,weather_forecast,,24.0,,,False,True,False,False,False,False,False,False,3577,ok
weather_20230212_1200_weather_forecast_ac74b91e.pdf,2023-02-12,1200,weather_forecast,,24.0,,,False,True,False,False,False,False,False,False,3581,ok
weather_20230212_1600_weather_forecast_2edf5bdb.pdf,2023-02-12,1600,weather_forecast,,36.0,,,False,True,False,False,False,False,False,False,3061,ok
weather_20230212_1600_weather_forecast_512c32ae.pdf,2023-02-12,1600,weather_forecast,,36.0,,,False,True,False,False,False,False,False,False,3061,ok
weather_20230213_0530_weather_forecast_10d76512.pdf,2023-02-13,0530,weather_forecast,,24.0,,,False,True,False,False,False,False,False,False,3601,ok
weather_20230213_1200_weather_forecast_19f4d9b6.pdf,2023-02-13,1200,weather_forecast,,24.0,,,False,True,False,False,False,False,False,False,3490,ok
weather_20230214_0530_weather_forecast_6083d878.pdf,2023-02-14,0530,weather_forecast,,24.0,,,False,True,False,False,False,False,False,False,3486,ok
weather_20230214_1200_weather_forecast_10af3e1a.pdf,2023-02-14,1200,weather_forecast,,24.0,,,False,False,False,False,False,False,False,False,3086,ok
weather_20230214_1600_weather_forecast_530abe33.pdf,2023-02-14,1600,weather_forecast,,36.0,,,False,False,False,False,False,False,False,False,2803,ok
weather_20230215_0530_weather_forecast_87a921c0.pdf,2023-02-15,0530,weather_forecast,,24.0,,,False,False,False,False,False,False,False,False,3059,ok
weather_20230215_1200_weather_forecast_26092016.pdf,2023-02-15,1200,weather_forecast,,24.0,,,False,False,False,False,False,False,False,False,3413,ok
weather_20230215_1600_weather_forecast_9ef6770d.pdf,2023-02-15,1600,weather_forecast,,36.0,,,False,False,False,False,False,False,False,False,3126,ok
weather_20230216_0530_weather_forecast_a9b6e69d.pdf,2023-02-16,0530,weather_forecast,,24.0,,40.0,False,False,True,False,False,False,False,False,3687,ok
weather_20230216_1200_weather_forecast_3e0857e7.pdf,2023-02-16,1200,weather_forecast,,24.0,,,False,False,False,False,False,False,False,False,3202,ok
weather_20230216_1600_weather_forecast_6c2c3e50.pdf,2023-02-16,1600,weather_forecast,,36.0,,,False,False,False,False,False,False,False,False,3006,ok
weather_20230216_1600_weather_forecast_811c9443.pdf,2023-02-16,1600,weather_forecast,,36.0,,,False,False,False,False,False,False,False,False,3006,ok
weather_20230217_0530_weather_forecast_7df23efc.pdf,2023-02-17,0530,weather_forecast,,24.0,,,False,False,False,False,False,False,False,False,2982,ok
weather_20230217_1200_weather_forecast_65204011.pdf,2023-02-17,1200,weather_forecast,,24.0,,,False,True,False,False,False,False,False,False,3513,ok
weather_20230217_1600_weather_forecast_3f3b6a78.pdf,2023-02-17,1600,weather_forecast,,36.0,,,False,True,False,False,False,False,False,False,4033,ok
weather_20230218_0200_weather_forecast_1fe66829.pdf,2023-02-18,0200,weather_forecast,,36.0,50.0,,True,True,False,False,False,False,False,False,5057,ok
weather_20230218_0530_weather_forecast_b4a03c88.pdf,2023-02-18,0530,weather_forecast,,24.0,,,False,True,False,False,False,False,False,False,3482,ok
weather_20230218_1200_weather_forecast_76f579aa.pdf,2023-02-18,1200,weather_forecast,,24.0,50.0,,True,True,False,False,False,False,False,False,4315,ok
weather_20230219_0530_weather_forecast_96c400fd.pdf,2023-02-19,0530,weather_forecast,,24.0,50.0,,True,True,False,False,False,False,False,False,4306,ok
weather_20230219_1200_weather_forecast_f4e99f2e.pdf,2023-02-19,1200,weather_forecast,,24.0,,,False,True,False,False,False,False,False,False,3879,ok
weather_20230219_1400_thunderstorm_8cacbf65.pdf,2023-02-19,1400,thunderstorm,,,,,False,True,False,False,False,False,False,False,1597,ok
weather_20230219_1600_weather_forecast_4b98ccbb.pdf,2023-02-19,1600,weather_forecast,,36.0,,,False,True,False,False,False,False,False,False,4716,ok
weather_20230220_0530_weather_forecast_54d44a92.pdf,2023-02-20,0530,weather_forecast,,24.0,50.0,,True,True,False,False,False,False,False,False,4086,ok
weather_20230220_1200_weather_forecast_3412af53.pdf,2023-02-20,1200,weather_forecast,,24.0,,,False,True,False,False,False,False,False,False,3866,ok
weather_20230220_1600_weather_forecast_5b2ff5d8.pdf,2023-02-20,1600,weather_forecast,,36.0,,,False,True,False,False,False,False,False,False,4302,ok
weather_20230221_0530_weather_forecast_af79bc96.pdf,2023-02-21,0530,weather_forecast,,24.0,,,False,True,False,False,False,False,False,False,3849,ok
weather_20230221_1200_weather_forecast_92caed5b.pdf,2023-02-21,1200,weather_forecast,,24.0,,,False,True,False,False,False,False,False,False,3236,ok
weather_20230221_1600_weather_forecast_d318a939.pdf,2023-02-21,1600,weather_forecast,,36.0,,,False,True,False,False,False,False,False,False,3868,ok
weather_20230222_0530_weather_forecast_621688ed.pdf,2023-02-22,0530,weather_forecast,,24.0,,,False,True,False,False,False,False,False,False,3368,ok
weather_20230222_1200_weather_forecast_20a50b5b.pdf,2023-02-22,1200,weather_forecast,,24.0,,,False,True,False,False,False,False,False,False,3198,ok
weather_20230222_1600_weather_forecast_b1c530ab.pdf,2023-02-22,1600,weather_forecast,,36.0,,,False,True,False,False,False,False,False,False,3679,ok
weather_20230223_0530_weather_forecast_90673daf.pdf,2023-02-23,0530,weather_forecast,,24.0,,,False,True,False,False,False,False,False,False,2823,ok
weather_20230223_1200_weather_forecast_44a9e620.pdf,2023-02-23,1200,weather_forecast,,24.0,,,False,True,False,False,False,False,False,False,3668,ok
weather_20230223_1600_weather_forecast_8c888918.pdf,2023-02-23,1600,weather_forecast,,36.0,,,False,True,False,False,False,False,False,False,4125,ok
weather_20230224_0530_weather_forecast_6c888f59.pdf,2023-02-24,0530,weather_forecast,,24.0,,,False,True,False,False,False,False,False,False,3740,ok
weather_20230224_1200_weather_forecast_a1ce0f22.pdf,2023-02-24,1200,weather_forecast,,24.0,50.0,,True,True,False,False,False,False,False,False,3544,ok
weather_20230224_1600_weather_forecast_bd0291d4.pdf,2023-02-24,1600,weather_forecast,,36.0,,,False,True,False,False,False,False,False,False,3658,ok
weather_20230225_0530_weather_forecast_d62736d1.pdf,2023-02-25,0530,weather_forecast,,24.0,50.0,,True,True,False,False,False,False,False,False,4236,ok
weather_20230225_1200_weather_forecast_91b310a4.pdf,2023-02-25,1200,weather_forecast,,24.0,,,False,True,False,False,False,False,False,False,3989,ok
weather_20230225_1600_thunderstorm_61308967.pdf,2023-02-25,1600,thunderstorm,,,,,False,True,False,False,False,False,False,False,1638,ok
weather_20230225_1600_thunderstorm_cceb49aa.pdf,2023-02-25,1600,thunderstorm,Amber,,50.0,,True,True,False,False,False,False,False,False,1463,ok
weather_20230225_1600_weather_forecast_3338d26e.pdf,2023-02-25,1600,weather_forecast,,36.0,50.0,,True,True,False,False,False,False,False,False,4362,ok
weather_20230226_0530_weather_forecast_112db4df.pdf,2023-02-26,0530,weather_forecast,,24.0,,,False,True,False,False,False,False,False,False,3727,ok
weather_20230226_1200_weather_forecast_b9d08216.pdf,2023-02-26,1200,weather_forecast,,24.0,,,False,True,False,False,False,False,False,False,3937,ok
weather_20230226_1600_weather_forecast_3104743e.pdf,2023-02-26,1600,weather_forecast,,36.0,,,False,True,False,False,False,False,False,False,4568,ok
weather_20230227_0530_weather_forecast_773ba5ed.pdf,2023-02-27,0530,weather_forecast,,24.0,,,False,True,False,False,False,False,False,False,4244,ok
weather_20230227_1200_weather_forecast_7d57e9f6.pdf,2023-02-27,1200,weather_forecast,,24.0,75.0,40.0,True,True,True,False,False,False,False,False,5105,ok
weather_20230227_1200_weather_forecast_7f856b32.pdf,2023-02-27,1200,weather_forecast,,24.0,75.0,40.0,True,True,True,False,False,False,False,False,5105,ok
weather_20230227_1600_weather_forecast_fb72aff2.pdf,2023-02-27,1600,weather_forecast,,36.0,75.0,40.0,True,True,True,False,False,False,False,False,4931,ok
weather_20230228_0530_weather_forecast_3431c2ad.pdf,2023-02-28,0530,weather_forecast,,24.0,75.0,40.0,True,True,True,False,False,False,False,False,5096,ok
weather_20230228_1200_weather_forecast_0f8b063f.pdf,2023-02-28,1200,weather_forecast,,24.0,,40.0,False,True,True,False,False,False,False,False,4430,ok
weather_20230228_1600_weather_forecast_c84597eb.pdf,2023-02-28,1600,weather_forecast,,36.0,75.0,40.0,True,True,True,False,False,False,False,False,5309,ok
weather_20230301_0530_weather_forecast_d8080f6a.pdf,2023-03-01,0530,weather_forecast,,24.0,,40.0,False,True,True,False,False,False,False,False,4344,ok
weather_20230301_1200_weather_forecast_71cfd5a2.pdf,2023-03-01,1200,weather_forecast,,24.0,,,False,True,False,False,False,False,False,False,3666,ok
weather_20230301_1600_weather_forecast_f61bbee0.pdf,2023-03-01,1600,weather_forecast,,36.0,,40.0,False,True,True,False,False,False,False,False,4399,ok
weather_20230302_0530_weather_forecast_111dd046.pdf,2023-03-02,0530,weather_forecast,,24.0,,,False,True,False,False,False,False,False,False,3746,ok
weather_20230302_1200_weather_forecast_6689adbc.pdf,2023-03-02,1200,weather_forecast,,24.0,,,False,True,False,False,False,False,False,False,3867,ok
weather_20230302_1600_weather_forecast_26d47108.pdf,2023-03-02,1600,weather_forecast,,36.0,,,False,True,False,False,False,False,False,False,3708,ok
weather_20230303_0530_weather_forecast_368ce454.pdf,2023-03-03,0530,weather_forecast,,24.0,,,False,True,False,False,False,False,False,False,3853,ok
weather_20230303_1200_weather_forecast_313605f6.pdf,2023-03-03,1200,weather_forecast,,24.0,75.0,,True,True,False,False,False,False,False,False,4574,ok
weather_20230303_1600_weather_forecast_8084c2ea.pdf,2023-03-03,1600,weather_forecast,,36.0,75.0,,True,True,False,False,False,False,False,False,4520,ok
weather_20230304_0530_weather_forecast_b4256fb4.pdf,2023-03-04,0530,weather_forecast,,24.0,75.0,,True,True,False,False,False,False,False,False,4526,ok
weather_20230304_1200_weather_forecast_4f3f7167.pdf,2023-03-04,1200,weather_forecast,,24.0,50.0,,True,True,False,False,False,False,False,False,4464,ok
weather_20230304_1600_weather_forecast_32bf6d5a.pdf,2023-03-04,1600,weather_forecast,,36.0,50.0,,True,True,False,False,False,False,False,False,4315,ok
weather_20230305_0530_weather_forecast_c0fddf04.pdf,2023-03-05,0530,weather_forecast,,24.0,50.0,,True,True,False,False,False,False,False,False,4462,ok
weather_20230305_1200_weather_forecast_7c4faad9.pdf,2023-03-05,1200,weather_forecast,,24.0,50.0,,True,True,False,False,False,False,False,False,4275,ok
weather_20230305_1600_weather_forecast_c79b27b3.pdf,2023-03-05,1600,weather_forecast,,36.0,50.0,,True,True,False,False,False,False,False,False,4352,ok
weather_20230306_0530_weather_forecast_3346c5e3.pdf,2023-03-06,0530,weather_forecast,,24.0,50.0,,True,True,False,False,False,False,False,False,4521,ok
weather_20230306_1200_weather_forecast_7ab1b157.pdf,2023-03-06,1200,weather_forecast,,24.0,50.0,,True,True,False,False,False,False,False,False,4550,ok
weather_20230306_1600_weather_forecast_3e6dfac5.pdf,2023-03-06,1600,weather_forecast,,36.0,50.0,,True,True,False,False,False,False,False,False,4437,ok
weather_20230307_0530_weather_forecast_b4cd71e0.pdf,2023-03-07,0530,weather_forecast,,24.0,50.0,,True,True,False,False,False,False,False,False,4664,ok
weather_20230307_1200_weather_forecast_018fb594.pdf,2023-03-07,1200,weather_forecast,,24.0,,,False,True,False,False,False,False,False,False,4278,ok
weather_20230307_1200_weather_forecast_2699bc68.pdf,2023-03-07,1200,weather_forecast,,24.0,,,False,True,False,False,False,False,False,False,4278,ok
weather_20230307_1600_weather_forecast_e889308f.pdf,2023-03-07,1600,weather_forecast,,36.0,,,False,True,False,False,False,False,False,False,3836,ok
weather_20230308_0530_weather_forecast_0c1a5513.pdf,2023-03-08,0530,weather_forecast,,24.0,,50.0,False,True,True,False,False,False,False,False,3898,ok
weather_20230308_1200_weather_forecast_7696c4d2.pdf,2023-03-08,1200,weather_forecast,,24.0,,50.0,False,True,True,False,False,False,False,False,3901,ok
weather_20230308_1200_weather_forecast_b968cfc2.pdf,2023-03-08,1200,weather_forecast,,24.0,,50.0,False,True,True,False,False,False,False,False,3901,ok
weather_20230308_1600_weather_forecast_454eb641.pdf,2023-03-08,1600,weather_forecast,,36.0,,50.0,False,True,True,False,False,False,False,False,4406,ok
weather_20230309_0530_weather_forecast_65a36202.pdf,2023-03-09,0530,weather_forecast,,24.0,,50.0,False,True,True,False,False,False,False,False,3926,ok
weather_20230309_1200_weather_forecast_e7af040b.pdf,2023-03-09,1200,weather_forecast,,24.0,,,False,True,False,False,False,False,False,False,3580,ok
weather_20230309_1600_weather_forecast_4782d460.pdf,2023-03-09,1600,weather_forecast,,36.0,,,False,True,False,False,False,False,False,False,3666,ok
weather_20230309_1600_weather_forecast_b0bb96a9.pdf,2023-03-09,1600,weather_forecast,,36.0,,,False,True,False,False,False,False,False,False,3666,ok
weather_20230310_0530_weather_forecast_021272de.pdf,2023-03-10,0530,weather_forecast,,24.0,,,False,True,False,False,False,False,False,False,3065,ok
weather_20230310_0530_weather_forecast_d6d6beca.pdf,2023-03-10,0530,weather_forecast,,24.0,,,False,True,False,False,False,False,False,False,3065,ok
weather_20230310_1200_weather_forecast_ab1fcdc7.pdf,2023-03-10,1200,weather_forecast,,24.0,50.0,,True,True,False,False,False,False,False,False,4234,ok
weather_20230310_1600_weather_forecast_ef266a2b.pdf,2023-03-10,1600,weather_forecast,,36.0,50.0,,True,True,False,False,False,False,False,False,4407,ok
weather_20230311_0530_weather_forecast_d5b29990.pdf,2023-03-11,0530,weather_forecast,,24.0,50.0,,True,True,False,False,False,False,False,False,4232,ok
weather_20230311_1200_weather_forecast_5da4f306.pdf,2023-03-11,1200,weather_forecast,,24.0,,,False,True,False,False,False,False,False,False,3925,ok
weather_20230311_1200_weather_forecast_8c46eea3.pdf,2023-03-11,1200,weather_forecast,,24.0,,,False,True,False,False,False,False,False,False,3925,ok
weather_20230311_1600_weather_forecast_ef71c1bc.pdf,2023-03-11,1600,weather_forecast,,36.0,,,False,True,False,False,False,False,False,False,5650,ok
weather_20230312_0530_weather_forecast_b51efeaa.pdf,2023-03-12,0530,weather_forecast,,24.0,,,False,True,False,False,False,False,False,False,4009,ok
weather_20230312_1200_weather_forecast_557448a0.pdf,2023-03-12,1200,weather_forecast,,24.0,,,False,True,False,False,False,False,False,False,3858,ok
weather_20230312_1600_weather_forecast_37af3c10.pdf,2023-03-12,1600,weather_forecast,,36.0,50.0,,True,True,False,False,False,False,False,False,4334,ok
weather_20230313_0530_weather_forecast_427c4098.pdf,2023-03-13,0530,weather_forecast,,24.0,50.0,,True,True,False,False,False,False,False,False,4261,ok
weather_20230313_1200_weather_forecast_db22bc75.pdf,2023-03-13,1200,weather_forecast,,24.0,,,False,True,False,False,False,False,False,False,3901,ok
weather_20230313_1600_weather_forecast_895c109b.pdf,2023-03-13,1600,weather_forecast,,36.0,,,False,True,False,False,False,False,False,False,4077,ok
weather_20230314_0530_weather_forecast_9124aa58.pdf,2023-03-14,0530,weather_forecast,,24.0,,,False,True,False,False,False,False,False,False,3865,ok
weather_20230314_1200_weather_forecast_a64b94f0.pdf,2023-03-14,1200,weather_forecast,,24.0,,,False,True,False,False,False,False,False,False,2968,ok
weather_20230314_1600_weather_forecast_7490e90b.pdf,2023-03-14,1600,weather_forecast,,36.0,,,False,True,False,False,False,False,False,False,4141,ok
weather_20230314_1600_weather_forecast_b8b9c11d.pdf,2023-03-14,1600,weather_forecast,,36.0,,,False,True,False,False,False,False,False,False,4141,ok
weather_20230314_1600_weather_forecast_de6f8c9a.pdf,2023-03-14,1600,weather_forecast,,36.0,,,False,True,False,False,False,False,False,False,4141,ok
weather_20230315_0530_weather_forecast_fb9ebbf1.pdf,2023-03-15,0530,weather_forecast,,24.0,,,False,True,False,False,False,False,False,False,3022,ok
weather_20230315_1200_weather_forecast_473c3b75.pdf,2023-03-15,1200,weather_forecast,,24.0,75.0,,True,True,False,False,False,False,False,False,3418,ok
weather_20230315_1600_weather_forecast_d7ef2e80.pdf,2023-03-15,1600,weather_forecast,,36.0,75.0,,True,True,False,False,False,False,False,False,5228,ok
weather_20230316_0530_weather_forecast_bf3c778d.pdf,2023-03-16,0530,weather_forecast,,24.0,75.0,,True,True,False,False,False,False,False,False,3699,ok
weather_20230316_1200_weather_forecast_0501c47d.pdf,2023-03-16,1200,weather_forecast,,24.0,,,False,True,False,False,False,False,False,False,3252,ok
weather_20230316_1600_weather_forecast_a0546a47.pdf,2023-03-16,1600,weather_forecast,,36.0,75.0,,True,True,False,False,False,False,False,False,4943,ok
weather_20230317_1200_weather_forecast_5833af79.pdf,2023-03-17,1200,weather_forecast,,24.0,,,False,True,False,False,False,False,False,False,2927,ok
weather_20230317_1600_weather_forecast_cd896179.pdf,2023-03-17,1600,weather_forecast,,36.0,,,False,True,False,False,False,False,False,False,4531,ok
weather_20230317_1800_weather_forecast_54608d21.pdf,2023-03-17,1800,weather_forecast,,,,,False,False,False,False,False,False,False,False,2531,ok
weather_20230318_0530_weather_forecast_1f894b8b.pdf,2023-03-18,0530,weather_forecast,,24.0,,,False,True,False,False,False,False,False,False,2934,ok
weather_20230318_1200_weather_forecast_4bd73a28.pdf,2023-03-18,1200,weather_forecast,,24.0,50.0,,True,True,False,False,False,False,False,False,3179,ok
weather_20230318_1600_weather_forecast_29862d25.pdf,2023-03-18,1600,weather_forecast,,36.0,50.0,,True,True,False,False,False,False,False,False,4338,ok
weather_20230319_0530_weather_forecast_707b35c6.pdf,2023-03-19,0530,weather_forecast,,24.0,50.0,,True,True,False,False,False,False,False,False,3042,ok
weather_20230319_1200_weather_forecast_f8d8f741.pdf,2023-03-19,1200,weather_forecast,,24.0,50.0,,True,True,False,False,False,False,False,False,3091,ok
weather_20230319_1600_weather_forecast_af181a62.pdf,2023-03-19,1600,weather_forecast,,36.0,50.0,,True,True,False,False,False,False,False,False,4338,ok
weather_20230320_0400_heavy_rain_cf7015b7.pdf,2023-03-20,0400,heavy_rain,Amber,,,,False,False,False,False,False,False,False,True,3111,ok
weather_20230320_0530_weather_forecast_0687b8c4.pdf,2023-03-20,0530,weather_forecast,,24.0,50.0,,True,True,False,False,False,False,False,False,3322,ok
weather_20230320_1200_weather_forecast_f68965ed.pdf,2023-03-20,1200,weather_forecast,,24.0,75.0,,True,True,False,False,False,False,False,False,3256,ok
weather_20230320_1600_weather_forecast_baf086d8.pdf,2023-03-20,1600,weather_forecast,,36.0,75.0,,True,True,False,False,False,False,False,False,4651,ok
weather_20230321_0530_weather_forecast_37b83014.pdf,2023-03-21,0530,weather_forecast,,24.0,50.0,,True,True,False,False,False,False,False,False,3291,ok
weather_20230321_1600_weather_forecast_8b44478e.pdf,2023-03-21,1600,weather_forecast,,36.0,50.0,,True,True,False,False,False,False,False,False,4508,ok
weather_20230322_0530_weather_forecast_140c661b.pdf,2023-03-22,0530,weather_forecast,,24.0,50.0,,True,True,False,False,False,False,False,False,3196,ok
weather_20230322_1200_weather_forecast_585d82fe.pdf,2023-03-22,1200,weather_forecast,,24.0,,,False,True,False,False,False,False,False,False,3077,ok
weather_20230322_1600_weather_forecast_a5f2ad59.pdf,2023-03-22,1600,weather_forecast,,36.0,,,False,True,False,False,False,False,False,False,4207,ok
weather_20230323_0530_weather_forecast_61b274ff.pdf,2023-03-23,0530,weather_forecast,,24.0,,,False,True,False,False,False,False,False,False,3249,ok
weather_20230323_1200_weather_forecast_24c7cdc5.pdf,2023-03-23,1200,weather_forecast,,24.0,,,False,True,False,False,False,False,False,False,3273,ok
weather_20230323_1600_weather_forecast_1cee6a80.pdf,2023-03-23,1600,weather_forecast,,36.0,,,False,True,False,False,False,False,False,False,4351,ok
weather_20230324_0530_weather_forecast_1f1012a4.pdf,2023-03-24,0530,weather_forecast,,24.0,,,False,True,False,False,False,False,False,False,3217,ok
weather_20230324_1200_weather_forecast_99c84745.pdf,2023-03-24,1200,weather_forecast,,24.0,,,False,True,False,False,False,False,False,False,3086,ok
weather_20230324_1600_weather_forecast_11ccd617.pdf,2023-03-24,1600,weather_forecast,,36.0,,,False,True,False,False,False,False,False,False,4147,ok
weather_20230325_0530_weather_forecast_d73a92e3.pdf,2023-03-25,0530,weather_forecast,,24.0,50.0,,True,True,False,False,False,False,False,False,3334,ok
weather_20230325_1200_weather_forecast_3b6d1095.pdf,2023-03-25,1200,weather_forecast,,24.0,50.0,,True,True,False,False,False,False,False,False,3433,ok
weather_20230325_1600_weather_forecast_0ccc9d41.pdf,2023-03-25,1600,weather_forecast,,36.0,50.0,,True,True,False,False,False,False,False,False,4617,ok
weather_20230326_0530_weather_forecast_f308f848.pdf,2023-03-26,0530,weather_forecast,,24.0,50.0,,True,True,False,False,False,False,False,False,3445,ok
weather_20230326_1200_weather_forecast_ace7e76e.pdf,2023-03-26,1200,weather_forecast,,24.0,,,False,True,False,False,False,False,False,False,3330,ok
weather_20230326_1600_weather_forecast_4bde5377.pdf,2023-03-26,1600,weather_forecast,,36.0,,,False,True,False,False,False,False,False,False,4473,ok
weather_20230327_0530_weather_forecast_f62dfca6.pdf,2023-03-27,0530,weather_forecast,,24.0,,,False,True,False,False,False,False,False,False,3303,ok
weather_20230327_1200_weather_forecast_18a3689b.pdf,2023-03-27,1200,weather_forecast,,24.0,,,False,True,False,False,False,False,False,False,2887,ok
weather_20230327_1600_weather_forecast_47598839.pdf,2023-03-27,1600,weather_forecast,,36.0,,,False,True,False,False,False,False,False,False,4244,ok
weather_20230328_0530_weather_forecast_2d6be832.pdf,2023-03-28,0530,weather_forecast,,24.0,,,False,True,False,False,False,False,False,False,2876,ok
weather_20230328_1200_weather_forecast_c8f99489.pdf,2023-03-28,1200,weather_forecast,,24.0,,,False,True,False,False,False,False,False,False,2856,ok
weather_20230328_1600_weather_forecast_8fe9ca28.pdf,2023-03-28,1600,weather_forecast,,36.0,,,False,True,False,False,False,False,False,False,3871,ok
weather_20230329_0530_weather_forecast_7871afbe.pdf,2023-03-29,0530,weather_forecast,,24.0,,,False,True,False,False,False,False,False,False,2865,ok
weather_20230329_1200_weather_forecast_8342da3a.pdf,2023-03-29,1200,weather_forecast,,24.0,,,False,True,False,False,False,False,False,False,2807,ok
weather_20230329_1200_weather_forecast_f28850ae.pdf,2023-03-29,1200,weather_forecast,,24.0,,,False,True,False,False,False,False,False,False,2807,ok
weather_20230329_1600_weather_forecast_0065215b.pdf,2023-03-29,1600,weather_forecast,,36.0,,,False,True,False,False,False,False,False,False,3681,ok
weather_20230330_0530_weather_forecast_51f202a4.pdf,2023-03-30,0530,weather_forecast,,24.0,,,False,True,False,False,False,False,False,False,2827,ok
weather_20230330_1200_weather_forecast_b17e78cb.pdf,2023-03-30,1200,weather_forecast,,24.0,,,False,True,False,False,False,False,False,False,2851,ok
weather_20230330_1600_weather_forecast_44e3ff89.pdf,2023-03-30,1600,weather_forecast,,36.0,,,False,True,False,False,False,False,False,False,3618,ok
weather_20230331_0530_weather_forecast_e123c87a.pdf,2023-03-31,0530,weather_forecast,,24.0,,,False,True,False,False,False,False,False,False,2842,ok
weather_20230331_1200_weather_forecast_60dc4a3e.pdf,2023-03-31,1200,weather_forecast,,24.0,50.0,,True,True,False,False,False,False,False,False,3273,ok
weather_20230331_1600_weather_forecast_121392a2.pdf,2023-03-31,1600,weather_forecast,,36.0,50.0,,True,True,False,False,False,False,False,False,4284,ok
weather_20230331_1600_weather_forecast_a2838998.pdf,2023-03-31,1600,weather_forecast,,36.0,50.0,,True,True,False,False,False,False,False,False,4284,ok
weather_20230401_0530_weather_forecast_f817dd04.pdf,2023-04-01,0530,weather_forecast,,24.0,50.0,,True,True,False,False,False,False,False,False,3690,ok
weather_20230401_1200_weather_forecast_c1130c72.pdf,2023-04-01,1200,weather_forecast,,24.0,50.0,,True,True,False,False,False,False,False,False,3124,ok
weather_20230401_1600_weather_forecast_a062cb09.pdf,2023-04-01,1600,weather_forecast,,36.0,50.0,,True,True,False,False,False,False,False,False,4327,ok
weather_20230402_0530_weather_forecast_fd75c59a.pdf,2023-04-02,0530,weather_forecast,,24.0,50.0,,True,True,False,False,False,False,False,False,2937,ok
weather_20230402_1200_weather_forecast_ce2711f8.pdf,2023-04-02,1200,weather_forecast,,24.0,75.0,,True,True,False,False,False,False,False,False,3265,ok
weather_20230403_0530_weather_forecast_07634e6b.pdf,2023-04-03,0530,weather_forecast,,24.0,75.0,,True,True,False,False,False,False,False,False,3103,ok
weather_20230403_1200_weather_forecast_11fd363f.pdf,2023-04-03,1200,weather_forecast,,24.0,50.0,,True,True,False,False,False,False,False,False,3627,ok
weather_20230403_1600_weather_forecast_530d7b45.pdf,2023-04-03,1600,weather_forecast,,36.0,50.0,,True,True,False,False,False,False,False,False,4791,ok
weather_20230404_0530_weather_forecast_62090a3a.pdf,2023-04-04,0530,weather_forecast,,24.0,75.0,,True,True,False,False,False,False,False,False,3620,ok
weather_20230404_0705_weather_forecast_820d63cd.pdf,2023-04-04,0705,weather_forecast,,,,,False,False,False,False,False,False,False,False,2338,ok
weather_20230404_1200_weather_forecast_b0595248.pdf,2023-04-04,1200,weather_forecast,,24.0,50.0,,True,True,False,False,False,False,False,False,3833,ok
weather_20230404_1600_weather_forecast_d96461a3.pdf,2023-04-04,1600,weather_forecast,,36.0,50.0,,True,True,False,False,False,False,False,False,4843,ok
weather_20230405_0530_weather_forecast_df4da10e.pdf,2023-04-05,0530,weather_forecast,,24.0,50.0,,True,True,False,False,False,False,False,False,4018,ok
weather_20230405_1200_weather_forecast_09ee4abd.pdf,2023-04-05,1200,weather_forecast,,24.0,50.0,,True,True,False,False,False,False,False,False,3830,ok
weather_20230405_1200_weather_forecast_28541c0d.pdf,2023-04-05,1200,weather_forecast,,24.0,50.0,,True,True,False,False,False,False,False,False,3830,ok
weather_20230405_1600_weather_forecast_6ee19d31.pdf,2023-04-05,1600,weather_forecast,,36.0,50.0,,True,True,False,False,False,False,False,False,4635,ok
weather_20230406_0530_weather_forecast_2bf55517.pdf,2023-04-06,0530,weather_forecast,,24.0,50.0,,True,True,False,False,False,False,False,False,3944,ok
weather_20230406_1200_weather_forecast_4dcefee8.pdf,2023-04-06,1200,weather_forecast,,24.0,50.0,,True,True,False,False,False,False,False,False,3885,ok
weather_20230406_1600_weather_forecast_115c3f4b.pdf,2023-04-06,1600,weather_forecast,,36.0,50.0,,True,True,False,False,False,False,False,False,4758,ok
weather_20230406_1600_weather_forecast_edfe37c4.pdf,2023-04-06,1600,weather_forecast,,36.0,50.0,,True,True,False,False,False,False,False,False,4758,ok
weather_20230407_0530_weather_forecast_99869d3b.pdf,2023-04-07,0530,weather_forecast,,24.0,50.0,,True,True,False,False,False,False,False,False,4140,ok
weather_20230407_1200_weather_forecast_4683682b.pdf,2023-04-07,1200,weather_forecast,,24.0,50.0,,True,True,False,False,False,False,False,False,3960,ok
weather_20230407_1600_weather_forecast_46694213.pdf,2023-04-07,1600,weather_forecast,,36.0,50.0,,True,True,False,False,False,False,False,False,5020,ok
weather_20230408_0530_weather_forecast_55d2d886.pdf,2023-04-08,0530,weather_forecast,,24.0,50.0,,True,True,False,False,False,False,False,False,4006,ok
weather_20230408_1200_weather_forecast_cecdb3cd.pdf,2023-04-08,1200,weather_forecast,,24.0,,,False,True,False,False,False,False,False,False,3229,ok
weather_20230408_1200_weather_forecast_cf9c9bba.pdf,2023-04-08,1200,weather_forecast,,24.0,,,False,True,False,False,False,False,False,False,3229,ok
weather_20230408_1600_weather_forecast_5eff87a6.pdf,2023-04-08,1600,weather_forecast,,36.0,50.0,,True,True,False,False,False,False,False,False,4862,ok
weather_20230409_0530_weather_forecast_4b6be669.pdf,2023-04-09,0530,weather_forecast,,24.0,,,False,True,False,False,False,False,False,False,3564,ok
weather_20230409_1200_weather_forecast_4e973a0f.pdf,2023-04-09,1200,weather_forecast,,24.0,50.0,,True,True,False,False,False,False,False,False,4137,ok
weather_20230409_1600_weather_forecast_1b166476.pdf,2023-04-09,1600,weather_forecast,,36.0,50.0,,True,True,False,False,False,False,False,False,5101,ok
weather_20230409_1600_weather_forecast_7ddefec7.pdf,2023-04-09,1600,weather_forecast,,36.0,50.0,,True,True,False,False,False,False,False,False,5101,ok
weather_20230410_0530_weather_forecast_b27566ee.pdf,2023-04-10,0530,weather_forecast,,24.0,50.0,,True,True,False,False,False,False,False,False,4129,ok
weather_20230410_1200_weather_forecast_0b266bc4.pdf,2023-04-10,1200,weather_forecast,,24.0,,,False,True,False,False,False,False,False,False,4091,ok
weather_20230410_1600_weather_forecast_1d0ebb84.pdf,2023-04-10,1600,weather_forecast,,36.0,,,False,True,False,False,False,False,False,False,4472,ok
weather_20230411_0530_weather_forecast_2f9c7991.pdf,2023-04-11,0530,weather_forecast,,24.0,,,False,True,False,False,False,False,False,False,4379,ok
weather_20230411_1200_weather_forecast_8b18c5d7.pdf,2023-04-11,1200,weather_forecast,,24.0,,,False,True,False,False,False,False,False,False,4470,ok
weather_20230411_1600_weather_forecast_4153b6b8.pdf,2023-04-11,1600,weather_forecast,,36.0,,,False,True,False,False,False,False,False,False,4757,ok
weather_20230412_0530_weather_forecast_71d0c7ed.pdf,2023-04-12,0530,weather_forecast,,24.0,,,False,True,False,False,False,False,False,False,3653,ok
weather_20230412_1200_weather_forecast_b4a05da0.pdf,2023-04-12,1200,weather_forecast,,24.0,,,False,True,False,False,False,False,False,False,3616,ok
weather_20230413_0530_weather_forecast_9383d8c2.pdf,2023-04-13,0530,weather_forecast,,24.0,,,False,True,False,False,False,False,False,False,3650,ok
weather_20230413_1200_weather_forecast_779003be.pdf,2023-04-13,1200,weather_forecast,,24.0,,,False,True,False,False,False,False,False,False,3718,ok
weather_20230413_1600_weather_forecast_b36b82c5.pdf,2023-04-13,1600,weather_forecast,,36.0,,,False,True,False,False,False,False,False,False,4553,ok
weather_20230414_0530_weather_forecast_dae4cfcd.pdf,2023-04-14,0530,weather_forecast,,24.0,,,False,True,False,False,False,False,False,False,3721,ok
weather_20230414_1200_weather_forecast_40c62c00.pdf,2023-04-14,1200,weather_forecast,,24.0,,,False,True,False,False,False,False,False,False,3718,ok
weather_20230414_1200_weather_forecast_c6251bea.pdf,2023-04-14,1200,weather_forecast,,24.0,,,False,True,False,False,False,False,False,False,3718,ok
weather_20230414_1600_weather_forecast_4b207a38.pdf,2023-04-14,1600,weather_forecast,,36.0,,,False,True,False,False,False,False,False,False,4632,ok
weather_20230415_1200_weather_forecast_7f6b195f.pdf,2023-04-15,1200,weather_forecast,,24.0,,,False,True,False,False,False,False,False,False,3462,ok
weather_20230415_1600_weather_forecast_34988b37.pdf,2023-04-15,1600,weather_forecast,,36.0,,,False,True,False,False,False,False,False,False,3805,ok
weather_20230416_0530_weather_forecast_55d8036c.pdf,2023-04-16,0530,weather_forecast,,24.0,50.0,,True,True,False,False,False,False,False,False,3869,ok
weather_20230416_1200_weather_forecast_382809cb.pdf,2023-04-16,1200,weather_forecast,,24.0,50.0,,True,True,False,False,False,False,False,False,3720,ok
weather_20230416_1600_weather_forecast_b145e88b.pdf,2023-04-16,1600,weather_forecast,,36.0,50.0,,True,True,False,False,False,False,False,False,4158,ok
weather_20230416_1800_weather_forecast_9f856fd1.pdf,2023-04-16,1800,weather_forecast,Amber,,,,False,False,False,False,False,False,False,False,3280,ok
weather_20230417_0530_weather_forecast_b21f41df.pdf,2023-04-17,0530,weather_forecast,,24.0,,,False,True,False,False,False,False,False,False,3468,ok
weather_20230417_1200_weather_forecast_446d3058.pdf,2023-04-17,1200,weather_forecast,,24.0,,,False,True,False,False,False,False,False,False,3646,ok
weather_20230417_1600_weather_forecast_61db798c.pdf,2023-04-17,1600,weather_forecast,,36.0,,,False,True,False,False,False,False,False,False,3957,ok
weather_20230418_0530_weather_forecast_b7f4502a.pdf,2023-04-18,0530,weather_forecast,,24.0,,,False,True,False,False,False,False,False,False,3617,ok
weather_20230418_1200_weather_forecast_e188826d.pdf,2023-04-18,1200,weather_forecast,,24.0,,,False,True,False,False,False,False,False,False,3524,ok
weather_20230418_1600_weather_forecast_a87dc247.pdf,2023-04-18,1600,weather_forecast,,36.0,,,False,True,False,False,False,False,False,False,4129,ok
weather_20230419_0530_weather_forecast_99f34cf3.pdf,2023-04-19,0530,weather_forecast,,24.0,,,False,True,False,False,False,False,False,False,3529,ok
weather_20230419_1200_weather_forecast_23eaa510.pdf,2023-04-19,1200,weather_forecast,,24.0,,,False,True,False,False,False,False,False,False,2880,ok
weather_20230419_1600_weather_forecast_72688719.pdf,2023-04-19,1600,weather_forecast,,36.0,,,False,True,False,False,False,False,False,False,4103,ok
weather_20230420_0530_weather_forecast_7bd53a8c.pdf,2023-04-20,0530,weather_forecast,,24.0,,,False,True,False,False,False,False,False,False,3580,ok
weather_20230420_1200_weather_forecast_e5f9cac7.pdf,2023-04-20,1200,weather_forecast,,24.0,,,False,True,False,False,False,False,False,False,3583,ok
weather_20230420_1600_weather_forecast_e7fe65fe.pdf,2023-04-20,1600,weather_forecast,,36.0,,,False,True,False,False,False,False,False,False,4104,ok
weather_20230421_0530_weather_forecast_666d72ae.pdf,2023-04-21,0530,weather_forecast,,24.0,,,False,True,False,False,False,False,False,False,3755,ok
weather_20230421_1200_weather_forecast_66ba984e.pdf,2023-04-21,1200,weather_forecast,,24.0,50.0,,True,True,False,False,False,False,False,False,4094,ok
weather_20230421_1530_weather_forecast_6d916620.pdf,2023-04-21,1530,weather_forecast,Amber,,,,False,False,False,False,False,False,False,False,3223,ok
weather_20230421_1600_weather_forecast_cf39f9b4.pdf,2023-04-21,1600,weather_forecast,,36.0,50.0,,True,True,False,False,False,False,False,False,4812,ok
weather_20230422_0530_weather_forecast_1f668a8a.pdf,2023-04-22,0530,weather_forecast,,24.0,75.0,,True,True,False,False,False,False,False,False,4679,ok
weather_20230422_1200_weather_forecast_2280b260.pdf,2023-04-22,1200,weather_forecast,,24.0,50.0,,True,True,False,False,False,False,False,False,4223,ok
weather_20230422_1600_weather_forecast_63cf9253.pdf,2023-04-22,1600,weather_forecast,,36.0,75.0,,True,True,False,False,False,False,False,False,4372,ok
weather_20230423_0530_weather_forecast_25e8e92d.pdf,2023-04-23,0530,weather_forecast,,24.0,50.0,,True,True,False,False,False,False,False,False,3585,ok
weather_20230423_1200_weather_forecast_e0046038.pdf,2023-04-23,1200,weather_forecast,,24.0,50.0,,True,True,False,False,False,False,False,False,3421,ok
weather_20230423_1600_weather_forecast_d0202ad3.pdf,2023-04-23,1600,weather_forecast,,36.0,50.0,,True,True,False,False,False,False,False,False,4416,ok
weather_20230424_0530_weather_forecast_294cfc27.pdf,2023-04-24,0530,weather_forecast,,24.0,50.0,,True,True,False,False,False,False,False,False,3909,ok
weather_20230424_1200_weather_forecast_c8b7483f.pdf,2023-04-24,1200,weather_forecast,,24.0,50.0,,True,True,False,False,False,False,False,False,3727,ok
weather_20230424_1545_thunderstorm_d0f70a9b.pdf,2023-04-24,1545,thunderstorm,Amber,,50.0,,True,True,False,False,False,False,False,False,3230,ok
weather_20230424_1600_weather_forecast_0a96140f.pdf,2023-04-24,1600,weather_forecast,,36.0,50.0,,True,True,False,False,False,False,False,False,5583,ok
weather_20230425_0530_weather_forecast_ee42de8d.pdf,2023-04-25,0530,weather_forecast,,24.0,50.0,,True,True,False,False,False,False,False,False,3824,ok
weather_20230425_1200_weather_forecast_e767fc37.pdf,2023-04-25,1200,weather_forecast,,24.0,50.0,,True,True,False,False,False,False,False,False,3773,ok
weather_20230425_1600_weather_forecast_df8bdf3c.pdf,2023-04-25,1600,weather_forecast,,36.0,50.0,,True,True,False,False,False,False,False,False,4907,ok
weather_20230426_0530_weather_forecast_7f386225.pdf,2023-04-26,0530,weather_forecast,,24.0,75.0,,True,True,False,False,False,False,False,False,3620,ok
weather_20230426_1300_thunderstorm_3a098681.pdf,2023-04-26,1300,thunderstorm,Amber,,75.0,,True,True,False,False,False,False,False,False,1511,ok
weather_20230426_1300_thunderstorm_f66eb67d.pdf,2023-04-26,1300,thunderstorm,,,,,False,True,False,False,False,False,False,False,1709,ok
weather_20230426_1600_weather_forecast_4fd71985.pdf,2023-04-26,1600,weather_forecast,,36.0,75.0,,True,True,False,False,False,False,False,False,4513,ok
weather_20230427_0530_weather_forecast_8e3b4783.pdf,2023-04-27,0530,weather_forecast,,24.0,75.0,,True,True,False,False,False,False,False,False,3313,ok
weather_20230427_1200_weather_forecast_5167aca6.pdf,2023-04-27,1200,weather_forecast,,24.0,50.0,,True,True,False,False,False,False,False,False,3124,ok
weather_20230427_1400_thunderstorm_d3fdfd73.pdf,2023-04-27,1400,thunderstorm,Amber,,75.0,,True,True,False,False,False,False,False,False,3225,ok
weather_20230427_1600_weather_forecast_d524bffb.pdf,2023-04-27,1600,weather_forecast,,36.0,50.0,,True,True,False,False,False,False,False,False,4380,ok
weather_20230428_0530_weather_forecast_1072cd1c.pdf,2023-04-28,0530,weather_forecast,,24.0,75.0,,True,True,False,False,False,False,False,False,3300,ok
weather_20230428_1200_weather_forecast_85f716c4.pdf,2023-04-28,1200,weather_forecast,,24.0,100.0,,True,True,False,False,False,False,False,False,3326,ok
weather_20230428_1500_thunderstorm_7f06a4f3.pdf,2023-04-28,1500,thunderstorm,Amber,,100.0,,True,True,False,False,False,False,False,False,3202,ok
weather_20230428_1600_weather_forecast_3d1d9dee.pdf,2023-04-28,1600,weather_forecast,,36.0,100.0,,True,True,False,False,False,False,False,False,4529,ok
weather_20230429_0530_weather_forecast_7d2da786.pdf,2023-04-29,0530,weather_forecast,,24.0,100.0,,True,True,False,False,False,False,False,False,3438,ok
weather_20230429_1100_heavy_rain_bbd68388.pdf,2023-04-29,1100,heavy_rain,Amber,,100.0,,True,True,False,False,False,False,False,False,1602,ok
weather_20230429_1200_weather_forecast_e907512c.pdf,2023-04-29,1200,weather_forecast,,24.0,100.0,,True,True,False,False,False,False,False,False,3823,ok
weather_20230429_1330_thunderstorm_eb5724d9.pdf,2023-04-29,1330,thunderstorm,Amber,,,,False,True,False,False,False,False,False,False,3113,ok
weather_20230429_1600_weather_forecast_7122c1f3.pdf,2023-04-29,1600,weather_forecast,,36.0,100.0,,True,True,False,False,False,False,False,False,4739,ok
weather_20230430_0530_weather_forecast_8ffc4436.pdf,2023-04-30,0530,weather_forecast,,24.0,100.0,,True,True,False,False,False,False,False,False,3569,ok
weather_20230430_1200_weather_forecast_388529e3.pdf,2023-04-30,1200,weather_forecast,,24.0,100.0,,True,True,False,False,False,False,False,False,3424,ok
weather_20230430_1300_thunderstorm_ad2185f4.pdf,2023-04-30,1300,thunderstorm,Amber,,,,False,True,False,False,False,False,False,False,1437,ok
weather_20230430_1300_thunderstorm_b96c2c48.pdf,2023-04-30,1300,thunderstorm,,,,,False,True,False,False,False,False,False,False,1605,ok
weather_20230430_1300_weather_forecast_d9aa590b.pdf,2023-04-30,1300,weather_forecast,,,,,False,False,False,False,False,False,False,False,784,ok
weather_20230430_1600_weather_forecast_bdfb6a7f.pdf,2023-04-30,1600,weather_forecast,,36.0,100.0,,True,True,False,False,False,False,False,False,4726,ok
weather_20230501_0530_weather_forecast_bbbc986c.pdf,2023-05-01,0530,weather_forecast,,24.0,100.0,,True,True,False,False,False,False,False,False,6236,ok
weather_20230501_1200_weather_forecast_35e5f82e.pdf,2023-05-01,1200,weather_forecast,,24.0,75.0,,True,True,False,False,False,False,False,False,3869,ok
weather_20230501_1300_thunderstorm_5c648ab7.pdf,2023-05-01,1300,thunderstorm,,,,,False,True,False,False,False,False,False,False,1615,ok
weather_20230501_1300_thunderstorm_b542e521.pdf,2023-05-01,1300,thunderstorm,,,,,False,True,False,False,False,False,False,False,1615,ok
weather_20230501_1300_thunderstorm_c1ef5692.pdf,2023-05-01,1300,thunderstorm,Amber,,,,False,True,False,False,False,False,False,False,1447,ok
weather_20230501_1600_weather_forecast_201e9d8b.pdf,2023-05-01,1600,weather_forecast,,36.0,100.0,,True,True,False,False,False,False,False,False,4841,ok
weather_20230502_0530_weather_forecast_f200a902.pdf,2023-05-02,0530,weather_forecast,,24.0,75.0,,True,True,False,False,False,False,False,False,3886,ok
weather_20230502_1200_weather_forecast_8c63f6bc.pdf,2023-05-02,1200,weather_forecast,,24.0,100.0,,True,True,False,False,False,False,False,False,4143,ok
weather_20230502_1600_weather_forecast_3e5f86ff.pdf,2023-05-02,1600,weather_forecast,,36.0,100.0,,True,True,False,False,False,False,False,False,4763,ok
weather_20230503_0530_weather_forecast_66df7a50.pdf,2023-05-03,0530,weather_forecast,,24.0,100.0,,True,True,False,False,False,False,False,False,4239,ok
weather_20230503_1200_weather_forecast_106d2998.pdf,2023-05-03,1200,weather_forecast,,24.0,75.0,,True,True,False,False,False,False,False,False,3652,ok
weather_20230503_1600_weather_forecast_175e793d.pdf,2023-05-03,1600,weather_forecast,,36.0,75.0,,True,True,False,False,False,False,False,False,4957,ok
weather_20230504_0530_weather_forecast_1c8bca17.pdf,2023-05-04,0530,weather_forecast,,24.0,75.0,50.0,True,True,True,False,False,False,False,False,4568,ok
weather_20230504_1200_weather_forecast_71bd5e52.pdf,2023-05-04,1200,weather_forecast,,24.0,75.0,50.0,True,True,True,False,False,False,False,False,4715,ok
weather_20230504_1600_weather_forecast_bf6adbbb.pdf,2023-05-04,1600,weather_forecast,,36.0,75.0,50.0,True,True,True,False,False,False,False,False,4286,ok
weather_20230505_0530_weather_forecast_8d78853c.pdf,2023-05-05,0530,weather_forecast,,24.0,,50.0,False,True,True,False,False,False,False,False,4405,ok
weather_20230505_0730_weather_forecast_e4fa82cf.pdf,2023-05-05,0730,weather_forecast,,24.0,50.0,50.0,True,True,True,False,False,False,False,False,4377,ok
weather_20230505_1200_weather_forecast_0a1e82b2.pdf,2023-05-05,1200,weather_forecast,,24.0,50.0,50.0,True,True,True,False,False,False,False,False,4428,ok
weather_20230505_1600_weather_forecast_bd4c7868.pdf,2023-05-05,1600,weather_forecast,,36.0,50.0,50.0,True,True,True,False,False,False,False,False,4106,ok
weather_20230506_0530_weather_forecast_9d2ef206.pdf,2023-05-06,0530,weather_forecast,,24.0,,50.0,False,True,True,False,False,False,False,False,4370,ok
weather_20230506_1600_weather_forecast_714ec433.pdf,2023-05-06,1600,weather_forecast,,36.0,,50.0,False,True,True,False,False,False,False,False,4062,ok
weather_20230507_0530_weather_forecast_ffe45f86.pdf,2023-05-07,0530,weather_forecast,,24.0,,50.0,False,True,True,False,False,True,False,False,4540,ok
weather_20230507_0830_heavy_rain_ca6d641c.pdf,2023-05-07,0830,heavy_rain,Amber,,75.0,,True,False,False,False,False,False,False,False,1445,ok
weather_20230507_1200_weather_forecast_b3bea887.pdf,2023-05-07,1200,weather_forecast,,24.0,,50.0,False,True,True,False,False,True,False,False,5172,ok
weather_20230507_1600_weather_forecast_b63c44c1.pdf,2023-05-07,1600,weather_forecast,,36.0,,50.0,False,True,True,False,False,False,False,False,4156,ok
weather_20230508_0530_weather_forecast_3b670437.pdf,2023-05-08,0530,weather_forecast,,24.0,,45.0,False,True,True,False,False,True,False,False,4619,ok
weather_20230508_1200_weather_forecast_cfc6223e.pdf,2023-05-08,1200,weather_forecast,,24.0,,45.0,False,True,True,False,True,True,False,False,5596,ok
weather_20230508_1600_weather_forecast_eacd8078.pdf,2023-05-08,1600,weather_forecast,,36.0,,45.0,False,True,True,False,False,False,False,False,4370,ok
weather_20230509_0530_weather_forecast_6a86867d.pdf,2023-05-09,0530,weather_forecast,,24.0,,45.0,False,True,True,False,True,True,False,False,5418,ok
weather_20230509_1200_weather_forecast_5333fba1.pdf,2023-05-09,1200,weather_forecast,,24.0,,45.0,False,True,True,False,True,True,False,False,5413,ok
weather_20230509_1600_weather_forecast_30da2af0.pdf,2023-05-09,1600,weather_forecast,,36.0,75.0,45.0,True,True,True,False,False,False,False,False,4711,ok
weather_20230510_0530_weather_forecast_703cbeb8.pdf,2023-05-10,0530,weather_forecast,,24.0,75.0,45.0,True,True,True,False,True,True,False,False,6092,ok
weather_20230510_1200_depression_1a7261f3.pdf,2023-05-10,1200,depression,Red,24.0,,,False,False,False,False,True,True,False,True,5488,ok
weather_20230510_1200_weather_forecast_4f138ea5.pdf,2023-05-10,1200,weather_forecast,,24.0,75.0,45.0,True,True,True,False,True,True,False,False,6549,ok
weather_20230510_1600_weather_forecast_d1a8cbbb.pdf,2023-05-10,1600,weather_forecast,,36.0,75.0,45.0,True,True,True,False,False,False,False,False,4861,ok
weather_20230511_0530_weather_forecast_a4617d8d.pdf,2023-05-11,0530,weather_forecast,,24.0,75.0,45.0,True,True,True,False,True,True,False,False,7053,ok
weather_20230511_1110_cyclone_0571c0ee.pdf,2023-05-11,1110,cyclone,Red,24.0,,,False,False,False,False,True,True,False,True,5670,ok
weather_20230511_1200_weather_forecast_fb680897.pdf,2023-05-11,1200,weather_forecast,,24.0,75.0,45.0,True,True,True,False,True,True,False,False,7438,ok
weather_20230511_1400_heavy_rain_0b9d7f50.pdf,2023-05-11,1400,heavy_rain,Amber,,100.0,,True,False,False,False,False,False,False,False,1135,ok
weather_20230511_1600_weather_forecast_e399a42a.pdf,2023-05-11,1600,weather_forecast,,36.0,100.0,45.0,True,True,True,False,False,False,False,False,4786,ok
weather_20230511_2200_weather_forecast_e97b7752.pdf,2023-05-11,2200,weather_forecast,Red,24.0,,,False,False,False,False,False,True,False,True,5472,ok
weather_20230512_0530_weather_forecast_e0338593.pdf,2023-05-12,0530,weather_forecast,,24.0,100.0,45.0,True,True,True,False,False,True,False,False,7444,ok
weather_20230512_1100_cyclone_258b60f8.pdf,2023-05-12,1100,cyclone,Red,24.0,,,False,False,False,False,False,True,False,True,5232,ok
weather_20230512_1200_weather_forecast_724e2982.pdf,2023-05-12,1200,weather_forecast,,24.0,75.0,45.0,True,True,True,False,False,True,False,False,7137,ok
weather_20230512_1600_weather_forecast_fc18c740.pdf,2023-05-12,1600,weather_forecast,,36.0,75.0,45.0,True,True,True,False,False,False,False,False,4590,ok
weather_20230513_0530_weather_forecast_64d5a2a4.pdf,2023-05-13,0530,weather_forecast,,24.0,75.0,45.0,True,True,True,False,False,True,False,False,6761,ok
weather_20230513_1100_cyclone_9865e32e.pdf,2023-05-13,1100,cyclone,Red,24.0,,,False,False,False,False,False,True,False,True,5666,ok
weather_20230513_1200_weather_forecast_bb820f01.pdf,2023-05-13,1200,weather_forecast,,24.0,75.0,45.0,True,True,True,False,False,True,False,False,5949,ok
weather_20230513_1600_weather_forecast_3f8972a1.pdf,2023-05-13,1600,weather_forecast,,36.0,75.0,45.0,True,True,True,False,False,False,False,False,3792,ok
weather_20230514_0530_weather_forecast_21fb8ee0.pdf,2023-05-14,0530,weather_forecast,,24.0,75.0,45.0,True,True,True,False,False,True,False,False,5851,ok
weather_20230514_0600_weather_forecast_6fcef656.pdf,2023-05-14,0600,weather_forecast,,,,,False,False,False,False,False,False,False,False,8935,ok
weather_20230514_1130_cyclone_9f826d35.pdf,2023-05-14,1130,cyclone,Red,24.0,,,False,False,False,False,True,True,False,True,4951,ok
weather_20230514_1200_weather_forecast_ca696fb4.pdf,2023-05-14,1200,weather_forecast,,24.0,,45.0,False,True,True,False,False,True,False,False,5310,ok
weather_20230514_1245_heavy_rain_8adbe75e.pdf,2023-05-14,1245,heavy_rain,Amber,,100.0,,True,True,False,False,False,True,False,False,1718,ok
weather_20230514_1600_weather_forecast_db7ffefa.pdf,2023-05-14,1600,weather_forecast,,36.0,75.0,45.0,True,True,True,False,False,False,False,False,4340,ok
weather_20230515_0530_weather_forecast_7a2447bb.pdf,2023-05-15,0530,weather_forecast,,24.0,,45.0,False,True,True,False,False,False,False,False,3307,ok
weather_20230515_0600_cyclone_cbd3956c.pdf,2023-05-15,0600,cyclone,Amber,24.0,,,False,False,False,False,True,True,False,True,1764,ok
weather_20230515_1200_weather_forecast_024bed5d.pdf,2023-05-15,1200,weather_forecast,,24.0,,,False,True,False,False,False,False,False,False,3453,ok
weather_20230515_1600_weather_forecast_46cd97cb.pdf,2023-05-15,1600,weather_forecast,,36.0,,40.0,False,False,True,False,False,False,False,False,3101,ok
weather_20230516_0530_weather_forecast_40739e73.pdf,2023-05-16,0530,weather_forecast,,24.0,,40.0,False,True,True,False,False,False,False,False,3795,ok
weather_20230516_1200_weather_forecast_4c18462c.pdf,2023-05-16,1200,weather_forecast,,24.0,,,False,True,False,False,False,False,False,False,3401,ok
weather_20230516_1600_weather_forecast_d77797af.pdf,2023-05-16,1600,weather_forecast,,,,,False,False,False,False,False,False,False,False,0,insufficient_text
weather_20230517_0530_weather_forecast_e1344070.pdf,2023-05-17,0530,weather_forecast,,24.0,,,False,True,False,False,False,False,False,False,3950,ok
weather_20230517_1200_weather_forecast_7bf15b74.pdf,2023-05-17,1200,weather_forecast,,24.0,,,False,True,False,False,False,False,False,False,3876,ok
weather_20230517_1600_weather_forecast_ace4fd30.pdf,2023-05-17,1600,weather_forecast,,36.0,,,False,True,False,False,False,False,False,False,4836,ok
weather_20230518_0530_weather_forecast_0a63cba9.pdf,2023-05-18,0530,weather_forecast,,24.0,,,False,True,False,False,False,False,False,False,3902,ok
weather_20230518_1200_weather_forecast_77b60554.pdf,2023-05-18,1200,weather_forecast,,24.0,,,False,True,False,False,False,False,False,False,3918,ok
weather_20230518_1600_weather_forecast_21f7bbbe.pdf,2023-05-18,1600,weather_forecast,,36.0,,,False,True,False,False,False,False,False,False,3704,ok
weather_20230519_0530_weather_forecast_0f7ac4d1.pdf,2023-05-19,0530,weather_forecast,,24.0,,,False,True,False,False,False,False,False,False,3780,ok
weather_20230519_1200_weather_forecast_bd896438.pdf,2023-05-19,1200,weather_forecast,,24.0,,,False,True,False,False,False,False,False,False,4061,ok
weather_20230519_1600_weather_forecast_51367739.pdf,2023-05-19,1600,weather_forecast,,36.0,,,False,True,False,False,False,False,False,False,4145,ok
weather_20230520_0530_weather_forecast_a436c1f5.pdf,2023-05-20,0530,weather_forecast,,24.0,,,False,True,False,False,False,False,False,False,4051,ok
weather_20230520_1200_weather_forecast_a334111a.pdf,2023-05-20,1200,weather_forecast,,24.0,,,False,True,False,False,False,False,False,False,3950,ok
weather_20230520_1600_weather_forecast_9931631c.pdf,2023-05-20,1600,weather_forecast,,36.0,,,False,True,False,False,False,False,False,False,4134,ok
weather_20230521_0530_weather_forecast_b9791fda.pdf,2023-05-21,0530,weather_forecast,,24.0,,40.0,False,True,True,False,False,False,False,False,4142,ok
weather_20230521_1200_weather_forecast_3298e8d1.pdf,2023-05-21,1200,weather_forecast,,24.0,,40.0,False,True,True,False,False,False,False,False,4233,ok
weather_20230521_1430_heavy_rain_35b35af4.pdf,2023-05-21,1430,heavy_rain,,,,,True,False,False,False,False,False,False,False,804,ok
weather_20230521_1430_heavy_rain_61917ccd.pdf,2023-05-21,1430,heavy_rain,Amber,,100.0,,True,True,False,False,False,False,False,False,747,ok
weather_20230521_1600_weather_forecast_e86c6ec6.pdf,2023-05-21,1600,weather_forecast,,36.0,100.0,40.0,True,True,True,False,False,False,False,False,4992,ok
weather_20230522_0530_weather_forecast_ff04097d.pdf,2023-05-22,0530,weather_forecast,,24.0,,40.0,False,True,True,False,False,False,False,False,4230,ok
weather_20230522_1200_weather_forecast_a4288e10.pdf,2023-05-22,1200,weather_forecast,,24.0,,,False,True,False,False,False,False,False,False,3928,ok
weather_20230522_1600_weather_forecast_29e15021.pdf,2023-05-22,1600,weather_forecast,,36.0,,,False,True,False,False,False,False,False,False,3799,ok
weather_20230523_0530_weather_forecast_ae230c2c.pdf,2023-05-23,0530,weather_forecast,,24.0,,,False,True,False,False,False,False,False,False,3251,ok
weather_20230523_1600_weather_forecast_12adfa01.pdf,2023-05-23,1600,weather_forecast,,36.0,,,False,True,False,False,False,False,False,False,3798,ok
weather_20230524_0530_weather_forecast_98b00dde.pdf,2023-05-24,0530,weather_forecast,,24.0,,,False,True,False,False,False,False,False,False,3853,ok
weather_20230524_1200_weather_forecast_28ee589a.pdf,2023-05-24,1200,weather_forecast,,24.0,,,False,True,False,False,False,False,False,False,3892,ok
weather_20230524_1600_weather_forecast_f741e5cb.pdf,2023-05-24,1600,weather_forecast,,36.0,,,False,True,False,False,False,False,False,False,4042,ok
weather_20230525_0530_weather_forecast_dfba6c20.pdf,2023-05-25,0530,weather_forecast,,24.0,,,False,True,False,False,False,False,False,False,3693,ok
weather_20230525_1200_weather_forecast_3c820a40.pdf,2023-05-25,1200,weather_forecast,,24.0,,,False,True,False,False,False,False,False,False,3832,ok
weather_20230525_1600_weather_forecast_11169f38.pdf,2023-05-25,1600,weather_forecast,,36.0,,,False,True,False,False,False,False,False,False,3872,ok
weather_20230526_0530_weather_forecast_1a9b5d45.pdf,2023-05-26,0530,weather_forecast,,24.0,,,False,True,False,False,False,False,False,False,3743,ok
weather_20230526_1200_weather_forecast_6cd355ec.pdf,2023-05-26,1200,weather_forecast,,24.0,,,False,True,False,False,False,False,False,False,3915,ok
weather_20230526_1600_weather_forecast_c020aa4f.pdf,2023-05-26,1600,weather_forecast,,36.0,,,False,True,False,False,False,False,False,False,3825,ok
weather_20230527_0530_weather_forecast_4d111016.pdf,2023-05-27,0530,weather_forecast,,24.0,,,False,True,False,False,False,False,False,False,3885,ok
weather_20230527_1200_weather_forecast_da16bd32.pdf,2023-05-27,1200,weather_forecast,,24.0,,,False,True,False,False,False,False,False,False,3813,ok
weather_20230527_1600_weather_forecast_e495fc2b.pdf,2023-05-27,1600,weather_forecast,,36.0,,,False,True,False,False,False,False,False,False,3709,ok
weather_20230528_0530_weather_forecast_6bd3b2e7.pdf,2023-05-28,0530,weather_forecast,,24.0,,,False,True,False,False,False,False,False,False,3809,ok
weather_20230528_1200_weather_forecast_d6666b4f.pdf,2023-05-28,1200,weather_forecast,,24.0,,,False,True,False,False,False,False,False,False,3725,ok
weather_20230528_1600_weather_forecast_206479cd.pdf,2023-05-28,1600,weather_forecast,,36.0,,,False,True,False,False,False,False,False,False,4198,ok
weather_20230529_0530_weather_forecast_1a70ecca.pdf,2023-05-29,0530,weather_forecast,,24.0,,,False,True,False,False,False,False,False,False,3721,ok
weather_20230529_1200_weather_forecast_f4920b43.pdf,2023-05-29,1200,weather_forecast,,24.0,75.0,,True,True,False,False,False,False,False,False,3716,ok
weather_20230529_1600_weather_forecast_2aac6478.pdf,2023-05-29,1600,weather_forecast,,36.0,75.0,,True,True,False,False,False,False,False,False,4334,ok
weather_20230530_0530_weather_forecast_e07b0da9.pdf,2023-05-30,0530,weather_forecast,,24.0,50.0,,True,True,False,False,False,False,False,False,3901,ok
weather_20230530_1200_weather_forecast_6693fd65.pdf,2023-05-30,1200,weather_forecast,,24.0,50.0,,True,True,False,False,False,False,False,False,3877,ok
weather_20230530_1600_weather_forecast_40d2522c.pdf,2023-05-30,1600,weather_forecast,,36.0,50.0,,True,True,False,False,False,False,False,False,4103,ok
weather_20230531_0530_weather_forecast_a613b301.pdf,2023-05-31,0530,weather_forecast,,24.0,75.0,,True,True,False,False,False,False,False,False,3807,ok
weather_20230531_1200_weather_forecast_8065dfdc.pdf,2023-05-31,1200,weather_forecast,,24.0,50.0,,True,True,False,False,False,False,False,False,3750,ok
weather_20230531_1600_weather_forecast_290e2590.pdf,2023-05-31,1600,weather_forecast,,36.0,50.0,,True,True,False,False,False,False,False,False,4535,ok
weather_20230601_0530_weather_forecast_ab85d799.pdf,2023-06-01,0530,weather_forecast,,24.0,50.0,,True,True,False,False,False,False,False,False,4156,ok
weather_20230601_1200_weather_forecast_e988f74a.pdf,2023-06-01,1200,weather_forecast,,24.0,50.0,,True,True,False,False,False,False,False,False,4137,ok
weather_20230601_1600_weather_forecast_0f6c6ed6.pdf,2023-06-01,1600,weather_forecast,,36.0,50.0,,True,True,False,False,False,False,False,False,3869,ok
weather_20230602_0530_weather_forecast_7729081c.pdf,2023-06-02,0530,weather_forecast,,24.0,75.0,45.0,True,True,True,False,False,False,False,False,4442,ok
weather_20230602_1200_weather_forecast_f6a6fb2a.pdf,2023-06-02,1200,weather_forecast,,24.0,100.0,45.0,True,True,True,False,False,False,False,False,4765,ok
weather_20230602_1600_weather_forecast_f3512a13.pdf,2023-06-02,1600,weather_forecast,,36.0,100.0,45.0,True,True,True,False,False,False,False,False,5398,ok
weather_20230603_0530_weather_forecast_673d25ea.pdf,2023-06-03,0530,weather_forecast,,24.0,100.0,45.0,True,True,True,False,False,False,False,False,4809,ok
weather_20230603_1200_weather_forecast_c5a2a760.pdf,2023-06-03,1200,weather_forecast,,24.0,100.0,45.0,True,True,True,False,False,False,False,False,4834,ok
weather_20230603_1600_weather_forecast_cf7a20c2.pdf,2023-06-03,1600,weather_forecast,,36.0,100.0,45.0,True,True,True,False,False,False,False,False,4677,ok
weather_20230604_0530_weather_forecast_df4ffe05.pdf,2023-06-04,0530,weather_forecast,,24.0,75.0,45.0,True,True,True,False,False,False,False,False,4842,ok
weather_20230604_1200_weather_forecast_ad1dd1fb.pdf,2023-06-04,1200,weather_forecast,,24.0,75.0,45.0,True,True,True,False,False,False,False,False,4915,ok
weather_20230604_1600_weather_forecast_1f9a0adb.pdf,2023-06-04,1600,weather_forecast,,36.0,75.0,45.0,True,True,True,False,False,False,False,False,4658,ok
weather_20230605_0530_weather_forecast_4e4f5216.pdf,2023-06-05,0530,weather_forecast,,24.0,75.0,45.0,True,True,True,False,False,False,False,False,4961,ok
weather_20230605_1200_weather_forecast_7e676f65.pdf,2023-06-05,1200,weather_forecast,,24.0,75.0,45.0,True,True,True,False,False,False,False,False,5020,ok
weather_20230605_1630_heavy_rain_149266f6.pdf,2023-06-05,1630,heavy_rain,Amber,,150.0,,True,True,False,False,False,False,False,False,1680,ok
weather_20230606_0530_weather_forecast_a3d3372e.pdf,2023-06-06,0530,weather_forecast,,24.0,75.0,45.0,True,True,True,False,False,False,False,False,4874,ok
weather_20230606_1200_weather_forecast_78fcf9ea.pdf,2023-06-06,1200,weather_forecast,,24.0,100.0,45.0,True,True,True,False,False,False,False,False,4872,ok
weather_20230606_1500_depression_e0bbc3ab.pdf,2023-06-06,1500,depression,Amber,12.0,,,False,False,False,False,True,True,False,True,4273,ok
weather_20230606_1600_weather_forecast_034875d4.pdf,2023-06-06,1600,weather_forecast,,36.0,100.0,45.0,True,True,True,False,False,False,False,False,4859,ok
weather_20230607_0530_weather_forecast_f7c0a8b9.pdf,2023-06-07,0530,weather_forecast,,24.0,100.0,45.0,True,True,True,False,False,False,False,False,4860,ok
weather_20230607_1200_weather_forecast_5137972f.pdf,2023-06-07,1200,weather_forecast,,24.0,75.0,45.0,True,True,True,False,False,False,False,False,4871,ok
weather_20230607_1600_weather_forecast_6fd4074b.pdf,2023-06-07,1600,weather_forecast,,36.0,75.0,45.0,True,True,True,False,False,False,False,False,4859,ok
weather_20230608_0530_weather_forecast_776b93cd.pdf,2023-06-08,0530,weather_forecast,,24.0,75.0,45.0,True,True,True,False,False,False,False,False,5775,ok
weather_20230608_1200_weather_forecast_5d71dfae.pdf,2023-06-08,1200,weather_forecast,,24.0,75.0,45.0,True,True,True,False,False,False,False,False,4885,ok
weather_20230608_1600_weather_forecast_b5ec4d1a.pdf,2023-06-08,1600,weather_forecast,,36.0,75.0,45.0,True,True,True,False,False,False,False,False,4851,ok
weather_20230609_0530_weather_forecast_fd9bdd47.pdf,2023-06-09,0530,weather_forecast,,24.0,100.0,45.0,True,True,True,False,False,False,False,False,5861,ok
weather_20230609_1200_weather_forecast_95c745c9.pdf,2023-06-09,1200,weather_forecast,,24.0,100.0,45.0,True,True,True,False,False,False,False,False,5941,ok
weather_20230609_1600_weather_forecast_12bcf748.pdf,2023-06-09,1600,weather_forecast,,36.0,100.0,45.0,True,True,True,False,False,False,False,False,4876,ok
weather_20230609_1730_weather_forecast_73feba31.pdf,2023-06-09,1730,weather_forecast,Amber,36.0,,,False,False,False,False,False,True,False,True,4389,ok
weather_20230610_0530_weather_forecast_25b39635.pdf,2023-06-10,0530,weather_forecast,,24.0,100.0,45.0,True,True,True,False,False,False,False,False,5832,ok
weather_20230610_1200_weather_forecast_904a54a8.pdf,2023-06-10,1200,weather_forecast,,24.0,75.0,45.0,True,True,True,False,False,False,False,False,4972,ok
weather_20230610_1600_weather_forecast_78f87154.pdf,2023-06-10,1600,weather_forecast,,36.0,75.0,45.0,True,True,True,False,False,False,False,False,4873,ok
weather_20230611_0530_weather_forecast_b361b9c3.pdf,2023-06-11,0530,weather_forecast,,24.0,50.0,45.0,True,True,True,False,False,False,False,False,5020,ok
weather_20230611_0730_heavy_rain_fe7fd135.pdf,2023-06-11,0730,heavy_rain,Amber,,100.0,,True,True,False,False,False,False,False,False,1691,ok
weather_20230611_1200_weather_forecast_e16964c9.pdf,2023-06-11,1200,weather_forecast,,24.0,75.0,45.0,True,True,True,False,False,False,False,False,4848,ok
weather_20230611_1600_weather_forecast_5735302b.pdf,2023-06-11,1600,weather_forecast,,36.0,75.0,45.0,True,True,True,False,False,False,False,False,4660,ok
weather_20230612_0530_weather_forecast_f108df9d.pdf,2023-06-12,0530,weather_forecast,,24.0,75.0,45.0,True,True,True,False,False,False,False,False,4844,ok
weather_20230612_1200_weather_forecast_91d83427.pdf,2023-06-12,1200,weather_forecast,,24.0,50.0,45.0,True,True,True,False,False,False,False,False,4676,ok
weather_20230612_1600_weather_forecast_873b7227.pdf,2023-06-12,1600,weather_forecast,,36.0,75.0,45.0,True,True,True,False,False,False,False,False,4593,ok
weather_20230613_0530_weather_forecast_7f609f42.pdf,2023-06-13,0530,weather_forecast,,24.0,75.0,45.0,True,True,True,False,False,False,False,False,4649,ok
weather_20230613_1200_weather_forecast_6d2c8c45.pdf,2023-06-13,1200,weather_forecast,,24.0,50.0,45.0,True,True,True,False,False,False,False,False,4842,ok
weather_20230613_1600_weather_forecast_2fb1d90f.pdf,2023-06-13,1600,weather_forecast,,36.0,50.0,45.0,True,True,True,False,False,False,False,False,4664,ok
weather_20230614_0530_weather_forecast_89228b62.pdf,2023-06-14,0530,weather_forecast,,24.0,,45.0,False,True,True,False,False,False,False,False,4583,ok
weather_20230614_1200_weather_forecast_486e8013.pdf,2023-06-14,1200,weather_forecast,,24.0,75.0,45.0,True,True,True,False,False,False,False,False,4771,ok
weather_20230614_1600_weather_forecast_7109b18b.pdf,2023-06-14,1600,weather_forecast,,36.0,75.0,45.0,True,True,True,False,False,False,False,False,4701,ok
weather_20230615_0530_weather_forecast_ec26874b.pdf,2023-06-15,0530,weather_forecast,,24.0,,45.0,False,True,True,False,False,False,False,False,4052,ok
weather_20230615_1200_weather_forecast_1df47186.pdf,2023-06-15,1200,weather_forecast,,24.0,,,False,True,False,False,False,False,False,False,3728,ok
weather_20230615_1600_weather_forecast_678f100c.pdf,2023-06-15,1600,weather_forecast,,36.0,,,False,True,False,False,False,False,False,False,3481,ok
weather_20230616_0530_weather_forecast_3fd40e5e.pdf,2023-06-16,0530,weather_forecast,,24.0,,45.0,False,True,True,False,False,False,False,False,3869,ok
weather_20230616_1200_weather_forecast_d2f2940c.pdf,2023-06-16,1200,weather_forecast,,24.0,,45.0,False,True,True,False,False,False,False,False,4300,ok
weather_20230616_1600_weather_forecast_a746f723.pdf,2023-06-16,1600,weather_forecast,,36.0,,45.0,False,True,True,False,False,False,False,False,4269,ok
weather_20230617_0530_weather_forecast_1336b5fe.pdf,2023-06-17,0530,weather_forecast,,24.0,,45.0,False,True,True,False,False,False,False,False,4717,ok
weather_20230617_1200_weather_forecast_b688bb3c.pdf,2023-06-17,1200,weather_forecast,,24.0,,45.0,False,True,True,False,False,False,False,False,4738,ok
weather_20230617_1600_weather_forecast_cdfb0ea6.pdf,2023-06-17,1600,weather_forecast,,36.0,,45.0,False,True,True,False,False,False,False,False,4451,ok
weather_20230618_0530_weather_forecast_c197e912.pdf,2023-06-18,0530,weather_forecast,,24.0,,45.0,False,True,True,False,False,False,False,False,4679,ok
weather_20230618_1200_weather_forecast_8f6dc567.pdf,2023-06-18,1200,weather_forecast,,24.0,,45.0,False,True,True,False,False,False,False,False,4963,ok
weather_20230618_1600_weather_forecast_ec3c95b3.pdf,2023-06-18,1600,weather_forecast,,36.0,,45.0,False,True,True,False,False,False,False,False,4335,ok
weather_20230619_0530_weather_forecast_4a0973fb.pdf,2023-06-19,0530,weather_forecast,,24.0,,45.0,False,True,True,False,False,False,False,False,4678,ok
weather_20230619_1200_weather_forecast_0e047e17.pdf,2023-06-19,1200,weather_forecast,,24.0,,45.0,False,True,True,False,False,False,False,False,4729,ok
weather_20230619_1600_weather_forecast_e0c04997.pdf,2023-06-19,1600,weather_forecast,,36.0,,45.0,False,True,True,False,False,False,False,False,4370,ok
weather_20230620_0530_weather_forecast_f3b8d54d.pdf,2023-06-20,0530,weather_forecast,,24.0,,45.0,False,True,True,False,False,False,False,False,4748,ok
weather_20230620_1200_weather_forecast_0f72f040.pdf,2023-06-20,1200,weather_forecast,,24.0,,45.0,False,True,True,False,False,False,False,False,4727,ok
weather_20230620_1600_weather_forecast_32b04f4f.pdf,2023-06-20,1600,weather_forecast,,36.0,,45.0,False,True,True,False,False,False,False,False,4247,ok
weather_20230621_0530_weather_forecast_81ddfd7b.pdf,2023-06-21,0530,weather_forecast,,24.0,,45.0,False,True,True,False,False,False,False,False,4706,ok
weather_20230621_1200_weather_forecast_45b2e8d8.pdf,2023-06-21,1200,weather_forecast,,24.0,,45.0,False,True,True,False,False,False,False,False,4683,ok
weather_20230621_1600_weather_forecast_765e6dce.pdf,2023-06-21,1600,weather_forecast,,36.0,,45.0,False,True,True,False,False,False,False,False,4198,ok
weather_20230622_0530_weather_forecast_ea22bc93.pdf,2023-06-22,0530,weather_forecast,,24.0,,45.0,False,True,True,False,False,False,False,False,4679,ok
weather_20230622_1200_weather_forecast_2815a961.pdf,2023-06-22,1200,weather_forecast,,24.0,,45.0,False,True,True,False,False,False,False,False,4677,ok
weather_20230622_1600_weather_forecast_c1af4d8b.pdf,2023-06-22,1600,weather_forecast,,36.0,,45.0,False,True,True,False,False,False,False,False,4352,ok
weather_20230623_0530_weather_forecast_f7bf2d39.pdf,2023-06-23,0530,weather_forecast,,24.0,,45.0,False,True,True,False,False,False,False,False,4650,ok
weather_20230623_1200_weather_forecast_e38f1e25.pdf,2023-06-23,1200,weather_forecast,,24.0,,45.0,False,True,True,False,False,False,False,False,4630,ok
weather_20230623_1600_weather_forecast_82585f26.pdf,2023-06-23,1600,weather_forecast,,36.0,,45.0,False,True,True,False,False,False,False,False,4043,ok
weather_20230624_0530_weather_forecast_cd5526d2.pdf,2023-06-24,0530,weather_forecast,,24.0,,45.0,False,True,True,False,False,False,False,False,4535,ok
weather_20230624_1200_weather_forecast_7732d3fa.pdf,2023-06-24,1200,weather_forecast,,24.0,,45.0,False,True,True,False,False,False,False,False,4896,ok
weather_20230624_1600_weather_forecast_2fb06799.pdf,2023-06-24,1600,weather_forecast,,36.0,,45.0,False,True,True,False,False,False,False,False,4659,ok
weather_20230625_0530_weather_forecast_3001f754.pdf,2023-06-25,0530,weather_forecast,,24.0,50.0,45.0,True,True,True,False,False,False,False,False,5112,ok
weather_20230625_1200_weather_forecast_3e1407c3.pdf,2023-06-25,1200,weather_forecast,,24.0,50.0,45.0,True,True,True,False,False,False,False,False,5123,ok
weather_20230625_1800_weather_forecast_537e4410.pdf,2023-06-25,1800,weather_forecast,,36.0,50.0,45.0,True,True,True,False,False,False,False,False,5255,ok
weather_20230626_0530_weather_forecast_d56bb1d4.pdf,2023-06-26,0530,weather_forecast,,24.0,75.0,45.0,True,True,True,False,False,False,False,False,5082,ok
weather_20230626_1200_weather_forecast_09d939d5.pdf,2023-06-26,1200,weather_forecast,,24.0,,45.0,False,True,True,False,False,False,False,False,4692,ok
weather_20230626_1600_weather_forecast_750699a2.pdf,2023-06-26,1600,weather_forecast,,36.0,,45.0,False,True,True,False,False,False,False,False,4548,ok
weather_20230627_0530_weather_forecast_3de35ce5.pdf,2023-06-27,0530,weather_forecast,,24.0,,45.0,False,True,True,False,False,False,False,False,4851,ok
weather_20230627_1200_weather_forecast_ecd3f825.pdf,2023-06-27,1200,weather_forecast,,24.0,,45.0,False,True,True,False,False,False,False,False,4456,ok
weather_20230627_1600_weather_forecast_cba9cba9.pdf,2023-06-27,1600,weather_forecast,,36.0,,45.0,False,True,True,False,False,False,False,False,4076,ok
weather_20230628_0530_weather_forecast_1e629bd7.pdf,2023-06-28,0530,weather_forecast,,24.0,,45.0,False,True,True,False,False,False,False,False,4452,ok
weather_20230628_1200_weather_forecast_9faa53c0.pdf,2023-06-28,1200,weather_forecast,,24.0,,45.0,False,True,True,False,False,False,False,False,4524,ok
weather_20230628_1600_weather_forecast_f9c358b8.pdf,2023-06-28,1600,weather_forecast,,36.0,,45.0,False,True,True,False,False,False,False,False,4041,ok
weather_20230629_0530_weather_forecast_b4b5106e.pdf,2023-06-29,0530,weather_forecast,,24.0,,45.0,False,True,True,False,False,False,False,False,4511,ok
weather_20230629_1200_weather_forecast_94fda37e.pdf,2023-06-29,1200,weather_forecast,,24.0,,45.0,False,True,True,False,False,False,False,False,4481,ok
weather_20230629_1600_weather_forecast_0a7c63b4.pdf,2023-06-29,1600,weather_forecast,,36.0,,45.0,False,True,True,False,False,False,False,False,3995,ok
weather_20230629_1930_heavy_rain_5a138945.pdf,2023-06-29,1930,heavy_rain,Amber,,100.0,,True,True,False,False,False,False,False,False,1545,ok
weather_20230630_0530_weather_forecast_433911b7.pdf,2023-06-30,0530,weather_forecast,,24.0,,45.0,False,True,True,False,False,False,False,False,4476,ok
weather_20230630_1200_weather_forecast_bb2c68b2.pdf,2023-06-30,1200,weather_forecast,,24.0,,45.0,False,True,True,False,False,False,False,False,4485,ok
weather_20230630_1600_weather_forecast_2ba623ac.pdf,2023-06-30,1600,weather_forecast,,36.0,,45.0,False,True,True,False,False,False,False,False,4262,ok
weather_20230701_0530_weather_forecast_935f4052.pdf,2023-07-01,0530,weather_forecast,,24.0,,45.0,False,True,True,False,False,False,False,False,4612,ok
weather_20230701_1200_weather_forecast_d41c0571.pdf,2023-07-01,1200,weather_forecast,,24.0,50.0,45.0,True,True,True,False,False,False,False,False,4699,ok
weather_20230701_1600_weather_forecast_af4b8225.pdf,2023-07-01,1600,weather_forecast,,36.0,50.0,45.0,True,True,True,False,False,False,False,False,4706,ok
weather_20230702_0530_weather_forecast_a5fe541f.pdf,2023-07-02,0530,weather_forecast,,24.0,75.0,45.0,True,True,True,False,False,False,False,False,4935,ok
weather_20230702_1200_weather_forecast_ed682719.pdf,2023-07-02,1200,weather_forecast,,24.0,100.0,45.0,True,True,True,False,False,False,False,False,4592,ok
weather_20230702_1600_weather_forecast_85174fbd.pdf,2023-07-02,1600,weather_forecast,,36.0,100.0,45.0,True,True,True,False,False,False,False,False,4627,ok
weather_20230703_0230_heavy_rain_90f037f4.pdf,2023-07-03,0230,heavy_rain,Amber,,150.0,,True,True,False,False,False,False,False,False,1545,ok
weather_20230703_0530_weather_forecast_ed6fb5ec.pdf,2023-07-03,0530,weather_forecast,,24.0,150.0,45.0,True,True,True,False,False,False,False,False,4596,ok
weather_20230703_1200_weather_forecast_01aefd30.pdf,2023-07-03,1200,weather_forecast,,24.0,150.0,45.0,True,True,True,False,False,False,False,False,4984,ok
weather_20230703_1600_weather_forecast_34122f25.pdf,2023-07-03,1600,weather_forecast,,36.0,150.0,45.0,True,True,True,False,False,False,False,False,4849,ok
weather_20230704_0530_weather_forecast_671af091.pdf,2023-07-04,0530,weather_forecast,,24.0,100.0,45.0,True,True,True,False,False,False,False,False,4998,ok
weather_20230704_1200_weather_forecast_386520ed.pdf,2023-07-04,1200,weather_forecast,,24.0,75.0,50.0,True,True,True,False,False,False,False,False,5726,ok
weather_20230704_1330_strong_wind_41a1904b.pdf,2023-07-04,1330,strong_wind,Amber,,,60.0,False,False,True,False,False,False,False,False,581,ok
weather_20230704_1330_strong_wind_969190d7.pdf,2023-07-04,1330,strong_wind,,,,,False,False,True,False,False,False,False,False,744,ok
weather_20230704_1600_weather_forecast_04d98a88.pdf,2023-07-04,1600,weather_forecast,,36.0,75.0,50.0,True,True,True,False,False,False,False,False,4588,ok
weather_20230705_0530_weather_forecast_520ce77f.pdf,2023-07-05,0530,weather_forecast,,24.0,75.0,50.0,True,True,True,False,False,False,False,False,5965,ok
weather_20230705_1330_strong_wind_937a7313.pdf,2023-07-05,1330,strong_wind,Amber,,,60.0,False,False,True,False,False,False,False,False,1327,ok
weather_20230705_1600_weather_forecast_6d386958.pdf,2023-07-05,1600,weather_forecast,,36.0,,50.0,False,False,True,False,False,False,False,False,3567,ok
weather_20230706_0530_weather_forecast_6fef98f7.pdf,2023-07-06,0530,weather_forecast,,24.0,,45.0,False,True,True,False,False,False,False,False,5572,ok
weather_20230706_1200_weather_forecast_4d568df8.pdf,2023-07-06,1200,weather_forecast,,24.0,,45.0,False,True,True,False,False,False,False,False,5714,ok
weather_20230706_1600_weather_forecast_ed60b516.pdf,2023-07-06,1600,weather_forecast,,36.0,,45.0,False,True,True,False,False,False,False,False,3742,ok
weather_20230707_0530_weather_forecast_3c3655e9.pdf,2023-07-07,0530,weather_forecast,,24.0,,45.0,False,True,True,False,False,False,False,False,5484,ok
weather_20230707_1200_weather_forecast_fc8d18c0.pdf,2023-07-07,1200,weather_forecast,,24.0,,45.0,False,True,True,False,False,False,False,False,5450,ok
weather_20230707_1600_weather_forecast_e0080e38.pdf,2023-07-07,1600,weather_forecast,,36.0,,45.0,False,True,True,False,False,False,False,False,3809,ok
weather_20230708_0530_weather_forecast_0b729360.pdf,2023-07-08,0530,weather_forecast,,24.0,,45.0,False,True,True,False,False,False,False,False,5236,ok
weather_20230708_1200_weather_forecast_5ba99001.pdf,2023-07-08,1200,weather_forecast,,24.0,,40.0,False,True,True,False,False,False,False,False,3328,ok
weather_20230708_1600_weather_forecast_9cad2496.pdf,2023-07-08,1600,weather_forecast,,36.0,,40.0,False,True,True,False,False,False,False,False,3798,ok
weather_20230709_0530_weather_forecast_cd7a2a2b.pdf,2023-07-09,0530,weather_forecast,,24.0,,40.0,False,True,True,False,False,False,False,False,3328,ok
weather_20230709_1200_weather_forecast_5478bca4.pdf,2023-07-09,1200,weather_forecast,,24.0,,40.0,False,True,True,False,False,False,False,False,3572,ok
weather_20230709_1600_weather_forecast_85104948.pdf,2023-07-09,1600,weather_forecast,,36.0,,40.0,False,True,True,False,False,False,False,False,3462,ok
weather_20230710_1200_weather_forecast_ba874322.pdf,2023-07-10,1200,weather_forecast,,24.0,,,False,True,False,False,False,False,False,False,3595,ok
weather_20230710_1600_weather_forecast_8ff824c2.pdf,2023-07-10,1600,weather_forecast,,36.0,,,False,True,False,False,False,False,False,False,3805,ok
weather_20230711_0530_weather_forecast_551ca941.pdf,2023-07-11,0530,weather_forecast,,24.0,,,False,True,False,False,False,False,False,False,3988,ok
weather_20230711_1200_weather_forecast_927757b3.pdf,2023-07-11,1200,weather_forecast,,24.0,,,False,True,False,False,False,False,False,False,3608,ok
weather_20230711_1600_weather_forecast_f1a75ce8.pdf,2023-07-11,1600,weather_forecast,,36.0,,,False,True,False,False,False,False,False,False,3511,ok
weather_20230712_0530_weather_forecast_031460be.pdf,2023-07-12,0530,weather_forecast,,24.0,,,False,True,False,False,False,False,False,False,3604,ok
weather_20230712_1200_weather_forecast_c046142e.pdf,2023-07-12,1200,weather_forecast,,24.0,,,False,True,False,False,False,False,False,False,3732,ok
weather_20230712_1600_weather_forecast_7ccc0e25.pdf,2023-07-12,1600,weather_forecast,,36.0,,,False,True,False,False,False,False,False,False,3692,ok
weather_20230713_0530_weather_forecast_1302ed52.pdf,2023-07-13,0530,weather_forecast,,24.0,,45.0,False,True,True,False,False,False,False,False,4089,ok
weather_20230713_1200_weather_forecast_9ad74898.pdf,2023-07-13,1200,weather_forecast,,24.0,,45.0,False,True,True,False,False,False,False,False,4018,ok
weather_20230713_1600_weather_forecast_1eefd0db.pdf,2023-07-13,1600,weather_forecast,,36.0,,45.0,False,True,True,False,False,False,False,False,3930,ok
weather_20230714_0530_weather_forecast_9a76fdc4.pdf,2023-07-14,0530,weather_forecast,,24.0,,45.0,False,True,True,False,False,False,False,False,4015,ok
weather_20230714_1200_weather_forecast_102b30bf.pdf,2023-07-14,1200,weather_forecast,,24.0,,,False,True,False,False,False,False,False,False,3738,ok
weather_20230714_1600_weather_forecast_5369fd33.pdf,2023-07-14,1600,weather_forecast,,36.0,,,False,True,False,False,False,False,False,False,3610,ok
weather_20230715_0530_weather_forecast_142fc1f3.pdf,2023-07-15,0530,weather_forecast,,24.0,,,False,True,False,False,False,False,False,False,3822,ok
weather_20230715_1200_weather_forecast_028fbe8d.pdf,2023-07-15,1200,weather_forecast,,24.0,,,False,True,False,False,False,False,False,False,3826,ok
weather_20230715_1600_weather_forecast_1ec22c2d.pdf,2023-07-15,1600,weather_forecast,,36.0,,,False,True,False,False,False,False,False,False,3874,ok
weather_20230716_0530_weather_forecast_4d3be476.pdf,2023-07-16,0530,weather_forecast,,24.0,,,False,True,False,False,False,False,False,False,3799,ok
weather_20230716_1200_weather_forecast_48bbfaf8.pdf,2023-07-16,1200,weather_forecast,,24.0,,,False,True,False,False,False,False,False,False,3847,ok
weather_20230716_1600_weather_forecast_7088d5ac.pdf,2023-07-16,1600,weather_forecast,,36.0,,,False,True,False,False,False,False,False,False,3742,ok
weather_20230717_0530_weather_forecast_5923678e.pdf,2023-07-17,0530,weather_forecast,,24.0,,,False,True,False,False,False,False,False,False,3793,ok
weather_20230717_1600_weather_forecast_4750cdc1.pdf,2023-07-17,1600,weather_forecast,,36.0,,,False,True,False,False,False,False,False,False,3668,ok
weather_20230718_0530_weather_forecast_c2f2e73f.pdf,2023-07-18,0530,weather_forecast,,24.0,,45.0,False,True,True,False,False,False,False,False,4613,ok
weather_20230718_1200_weather_forecast_306db3c3.pdf,2023-07-18,1200,weather_forecast,,24.0,,45.0,False,True,True,False,False,False,False,False,4868,ok
weather_20230718_1600_weather_forecast_69d19a95.pdf,2023-07-18,1600,weather_forecast,,36.0,,45.0,False,True,True,False,False,False,False,False,3969,ok
weather_20230719_0541_weather_forecast_2031ee62.pdf,2023-07-19,0541,weather_forecast,,24.0,,50.0,False,True,True,False,False,False,False,False,4397,ok
weather_20230719_1200_weather_forecast_0670fd45.pdf,2023-07-19,1200,weather_forecast,,24.0,50.0,50.0,True,True,True,False,False,False,False,False,4637,ok
weather_20230719_1600_weather_forecast_1149f2fd.pdf,2023-07-19,1600,weather_forecast,,36.0,,50.0,False,False,True,False,False,False,False,False,3498,ok
weather_20230720_0530_weather_forecast_b580c87d.pdf,2023-07-20,0530,weather_forecast,,24.0,,50.0,False,True,True,False,False,False,False,False,4305,ok
weather_20230720_1200_weather_forecast_f2be98a1.pdf,2023-07-20,1200,weather_forecast,,24.0,,50.0,False,True,True,False,False,False,False,False,4313,ok
weather_20230720_1600_weather_forecast_b03f9ad3.pdf,2023-07-20,1600,weather_forecast,,36.0,,50.0,False,False,True,False,False,False,False,False,3456,ok
weather_20230721_0530_weather_forecast_2799542d.pdf,2023-07-21,0530,weather_forecast,,24.0,,50.0,False,True,True,False,False,False,False,False,4308,ok
weather_20230721_1200_weather_forecast_4ab9abf8.pdf,2023-07-21,1200,weather_forecast,,24.0,,50.0,False,True,True,False,False,False,False,False,4302,ok
weather_20230721_1600_weather_forecast_5e72b6ef.pdf,2023-07-21,1600,weather_forecast,,36.0,,60.0,False,False,True,False,False,False,False,False,3435,ok
weather_20230721_1630_strong_wind_4e13a7ad.pdf,2023-07-21,1630,strong_wind,Amber,,,60.0,False,False,True,False,False,False,False,False,1195,ok
weather_20230722_0530_weather_forecast_24753929.pdf,2023-07-22,0530,weather_forecast,,24.0,,60.0,False,True,True,False,False,False,False,False,4302,ok
weather_20230722_0700_weather_forecast_a853d044.pdf,2023-07-22,0700,weather_forecast,,24.0,,,False,False,False,False,False,False,False,True,5972,ok
weather_20230722_1600_weather_forecast_0462e492.pdf,2023-07-22,1600,weather_forecast,,36.0,,40.0,False,True,True,False,False,False,False,False,4058,ok
weather_20230723_0530_weather_forecast_e0db726b.pdf,2023-07-23,0530,weather_forecast,,24.0,,40.0,False,True,True,False,False,False,False,False,4871,ok
weather_20230723_0700_weather_forecast_0766dcdf.pdf,2023-07-23,0700,weather_forecast,,24.0,,,False,False,False,False,False,False,False,True,6032,ok
weather_20230723_1200_weather_forecast_3ada8ce9.pdf,2023-07-23,1200,weather_forecast,,24.0,,40.0,False,True,True,False,False,False,False,False,4532,ok
weather_20230723_1600_weather_forecast_7c9d4ff8.pdf,2023-07-23,1600,weather_forecast,,36.0,,40.0,False,True,True,False,False,False,False,False,4127,ok
weather_20230724_0530_weather_forecast_be5be0ca.pdf,2023-07-24,0530,weather_forecast,,24.0,,40.0,False,True,True,False,False,False,False,False,4619,ok
weather_20230724_1200_weather_forecast_421e3c0e.pdf,2023-07-24,1200,weather_forecast,,24.0,,40.0,False,True,True,False,False,False,False,False,4288,ok
weather_20230724_1600_weather_forecast_85dd7637.pdf,2023-07-24,1600,weather_forecast,,36.0,,40.0,False,True,True,False,False,False,False,False,3888,ok
weather_20230725_0530_weather_forecast_ad447b47.pdf,2023-07-25,0530,weather_forecast,,24.0,,40.0,False,True,True,False,False,False,False,False,4142,ok
weather_20230725_1200_weather_forecast_59a9e41f.pdf,2023-07-25,1200,weather_forecast,,24.0,,40.0,False,True,True,False,False,False,False,False,3769,ok
weather_20230725_1600_weather_forecast_65b316f5.pdf,2023-07-25,1600,weather_forecast,,36.0,,40.0,False,False,True,False,False,False,False,False,3417,ok
weather_20230726_0530_weather_forecast_aabe803f.pdf,2023-07-26,0530,weather_forecast,,24.0,,40.0,False,True,True,False,False,False,False,False,3769,ok
weather_20230726_1200_weather_forecast_9493c098.pdf,2023-07-26,1200,weather_forecast,,24.0,,40.0,False,True,True,False,False,False,False,False,3822,ok
weather_20230726_1600_weather_forecast_b4ef4dc1.pdf,2023-07-26,1600,weather_forecast,,36.0,,40.0,False,False,True,False,False,False,False,False,3512,ok
weather_20230727_0530_weather_forecast_6e72a2af.pdf,2023-07-27,0530,weather_forecast,,24.0,,40.0,False,True,True,False,False,False,False,False,4414,ok
weather_20230727_1200_weather_forecast_a957d692.pdf,2023-07-27,1200,weather_forecast,,24.0,,40.0,False,True,True,False,False,False,False,False,3506,ok
weather_20230727_1600_weather_forecast_ff3a686b.pdf,2023-07-27,1600,weather_forecast,,36.0,,40.0,False,False,True,False,False,False,False,False,3445,ok
weather_20230728_0530_weather_forecast_5b4e6ad8.pdf,2023-07-28,0530,weather_forecast,,24.0,,40.0,False,True,True,False,False,False,False,False,3735,ok
weather_20230728_1200_weather_forecast_6b59c0ea.pdf,2023-07-28,1200,weather_forecast,,24.0,,40.0,False,True,True,False,False,False,False,False,3739,ok
weather_20230728_1600_weather_forecast_41c57dc3.pdf,2023-07-28,1600,weather_forecast,,36.0,,40.0,False,False,True,False,False,False,False,False,3489,ok
weather_20230729_0530_weather_forecast_070d2945.pdf,2023-07-29,0530,weather_forecast,,24.0,,40.0,False,True,True,False,False,False,False,False,3723,ok
weather_20230729_1200_weather_forecast_825752c0.pdf,2023-07-29,1200,weather_forecast,,24.0,,40.0,False,True,True,False,False,False,False,False,3491,ok
weather_20230729_1600_weather_forecast_65c94afb.pdf,2023-07-29,1600,weather_forecast,,36.0,,40.0,False,True,True,False,False,False,False,False,3813,ok
weather_20230730_0530_weather_forecast_7958bc29.pdf,2023-07-30,0530,weather_forecast,,24.0,,40.0,False,True,True,False,False,False,False,False,3694,ok
weather_20230730_1200_weather_forecast_c0a31ced.pdf,2023-07-30,1200,weather_forecast,,24.0,,40.0,False,True,True,False,False,False,False,False,3749,ok
weather_20230730_1600_weather_forecast_55319055.pdf,2023-07-30,1600,weather_forecast,,36.0,,40.0,False,True,True,False,False,False,False,False,3764,ok
weather_20230731_0530_weather_forecast_7a8a44b0.pdf,2023-07-31,0530,weather_forecast,,24.0,,40.0,False,True,True,False,False,False,False,False,3745,ok
weather_20230731_1200_weather_forecast_e7671a32.pdf,2023-07-31,1200,weather_forecast,,24.0,,40.0,False,True,True,False,False,False,False,False,3519,ok
weather_20230731_1600_weather_forecast_9570a977.pdf,2023-07-31,1600,weather_forecast,,36.0,,40.0,False,True,True,False,False,False,False,False,3549,ok
weather_20230801_0530_weather_forecast_4e1cd2f5.pdf,2023-08-01,0530,weather_forecast,,24.0,,40.0,False,True,True,False,False,False,False,False,3527,ok
weather_20230801_1200_weather_forecast_94074d54.pdf,2023-08-01,1200,weather_forecast,,24.0,,45.0,False,False,True,False,False,False,False,False,3295,ok
weather_20230801_1600_weather_forecast_95dc65f4.pdf,2023-08-01,1600,weather_forecast,,36.0,,45.0,False,False,True,False,False,False,False,False,3326,ok
weather_20230802_0530_weather_forecast_0b9bd876.pdf,2023-08-02,0530,weather_forecast,,24.0,,45.0,False,False,True,False,False,False,False,False,3545,ok
weather_20230802_1200_weather_forecast_ab1cd420.pdf,2023-08-02,1200,weather_forecast,,24.0,,45.0,False,False,True,False,False,False,False,False,3605,ok
weather_20230802_1600_weather_forecast_e8c00ba0.pdf,2023-08-02,1600,weather_forecast,,36.0,,45.0,False,False,True,False,False,False,False,False,3320,ok
weather_20230803_0530_weather_forecast_d65fcf36.pdf,2023-08-03,0530,weather_forecast,,24.0,,50.0,False,False,True,False,False,False,False,False,3589,ok
weather_20230803_1200_weather_forecast_371a8903.pdf,2023-08-03,1200,weather_forecast,,24.0,,40.0,False,False,True,False,False,False,False,False,3600,ok
weather_20230803_1600_weather_forecast_19de5a08.pdf,2023-08-03,1600,weather_forecast,,36.0,,40.0,False,False,True,False,False,False,False,False,3334,ok
weather_20230804_0530_weather_forecast_eb9a6a71.pdf,2023-08-04,0530,weather_forecast,,24.0,,40.0,False,False,True,False,False,False,False,False,3605,ok
weather_20230804_1200_weather_forecast_deeb4ce2.pdf,2023-08-04,1200,weather_forecast,,24.0,,,False,True,False,False,False,False,False,False,3497,ok
weather_20230804_1600_weather_forecast_1e96e59f.pdf,2023-08-04,1600,weather_forecast,,36.0,,,False,True,False,False,False,False,False,False,3432,ok
weather_20230805_0530_weather_forecast_d7cdade2.pdf,2023-08-05,0530,weather_forecast,,24.0,,,False,True,False,False,False,False,False,False,4056,ok
weather_20230805_1200_weather_forecast_5e0c6943.pdf,2023-08-05,1200,weather_forecast,,24.0,,,False,True,False,False,False,False,False,False,4117,ok
weather_20230805_1600_weather_forecast_f0de68df.pdf,2023-08-05,1600,weather_forecast,,36.0,,,False,True,False,False,False,False,False,False,3570,ok
weather_20230806_0530_weather_forecast_ab0d04a1.pdf,2023-08-06,0530,weather_forecast,,24.0,,,False,True,False,False,False,False,False,False,4129,ok
weather_20230806_1200_weather_forecast_cbe3f135.pdf,2023-08-06,1200,weather_forecast,,24.0,,,False,True,False,False,False,False,False,False,4141,ok
weather_20230806_1600_weather_forecast_552bd0ae.pdf,2023-08-06,1600,weather_forecast,,36.0,,,False,True,False,False,False,False,False,False,3624,ok
weather_20230806_1600_weather_forecast_5ef397bd.pdf,2023-08-06,1600,weather_forecast,,36.0,,,False,True,False,False,False,False,False,False,3624,ok
weather_20230807_0530_weather_forecast_c9c8e8c8.pdf,2023-08-07,0530,weather_forecast,,24.0,,,False,True,False,False,False,False,False,False,4124,ok
weather_20230807_1200_weather_forecast_87eea633.pdf,2023-08-07,1200,weather_forecast,,24.0,,,False,True,False,False,False,False,False,False,4104,ok
weather_20230807_1600_weather_forecast_d91553df.pdf,2023-08-07,1600,weather_forecast,,36.0,,,False,True,False,False,False,False,False,False,3601,ok
weather_20230808_0530_weather_forecast_382e3811.pdf,2023-08-08,0530,weather_forecast,,24.0,,,False,True,False,False,False,False,False,False,4105,ok
weather_20230808_1200_weather_forecast_ffee9022.pdf,2023-08-08,1200,weather_forecast,,24.0,,,False,True,False,False,False,False,False,False,3740,ok
weather_20230808_1600_weather_forecast_d66c63c9.pdf,2023-08-08,1600,weather_forecast,,36.0,,,False,True,False,False,False,False,False,False,3730,ok
weather_20230809_0530_weather_forecast_52d885fa.pdf,2023-08-09,0530,weather_forecast,,24.0,,,False,True,False,False,False,False,False,False,4135,ok
weather_20230809_1200_weather_forecast_bd048a4a.pdf,2023-08-09,1200,weather_forecast,,24.0,,,False,True,False,False,False,False,False,False,4040,ok
weather_20230809_1600_weather_forecast_e18dfd60.pdf,2023-08-09,1600,weather_forecast,,36.0,,,False,True,False,False,False,False,False,False,3838,ok
weather_20230810_0530_weather_forecast_723c7c07.pdf,2023-08-10,0530,weather_forecast,,24.0,,,False,True,False,False,False,False,False,False,3757,ok
weather_20230810_1200_weather_forecast_f1ab0b91.pdf,2023-08-10,1200,weather_forecast,,24.0,,,False,True,False,False,False,False,False,False,3535,ok
weather_20230810_1600_weather_forecast_2ffbb842.pdf,2023-08-10,1600,weather_forecast,,36.0,,,False,True,False,False,False,False,False,False,4375,ok
weather_20230811_0530_weather_forecast_e32f6966.pdf,2023-08-11,0530,weather_forecast,,24.0,50.0,,True,True,False,False,False,False,False,False,3987,ok
weather_20230811_1200_weather_forecast_798bfbf1.pdf,2023-08-11,1200,weather_forecast,,24.0,,,False,True,False,False,False,False,False,False,3819,ok
weather_20230811_1600_weather_forecast_28de5486.pdf,2023-08-11,1600,weather_forecast,,36.0,,,False,True,False,False,False,False,False,False,4205,ok
weather_20230812_0530_weather_forecast_1e24edc4.pdf,2023-08-12,0530,weather_forecast,,24.0,,,False,True,False,False,False,False,False,False,3783,ok
weather_20230812_1200_weather_forecast_abb5dfd9.pdf,2023-08-12,1200,weather_forecast,,24.0,,,False,True,False,False,False,False,False,False,3802,ok
weather_20230812_1600_weather_forecast_beb8607b.pdf,2023-08-12,1600,weather_forecast,,36.0,,,False,True,False,False,False,False,False,False,4125,ok
weather_20230813_0530_weather_forecast_18300db3.pdf,2023-08-13,0530,weather_forecast,,24.0,,,False,True,False,False,False,False,False,False,3707,ok
weather_20230813_1200_weather_forecast_1d049b40.pdf,2023-08-13,1200,weather_forecast,,24.0,,,False,True,False,False,False,False,False,False,3675,ok
weather_20230813_1600_weather_forecast_60b024c7.pdf,2023-08-13,1600,weather_forecast,,36.0,,,False,True,False,False,False,False,False,False,3773,ok
weather_20230814_0530_weather_forecast_8d195b07.pdf,2023-08-14,0530,weather_forecast,,24.0,,,False,True,False,False,False,False,False,False,3721,ok
weather_20230814_1200_weather_forecast_a89b5d7a.pdf,2023-08-14,1200,weather_forecast,,24.0,,,False,True,False,False,False,False,False,False,3672,ok
weather_20230814_1600_weather_forecast_1232f1e1.pdf,2023-08-14,1600,weather_forecast,,36.0,,,False,True,False,False,False,False,False,False,4112,ok
weather_20230815_0530_weather_forecast_2f552b82.pdf,2023-08-15,0530,weather_forecast,,24.0,,45.0,False,False,True,False,False,False,False,False,3558,ok
weather_20230815_1200_weather_forecast_07cc6961.pdf,2023-08-15,1200,weather_forecast,,24.0,,45.0,False,False,True,False,False,False,False,False,3231,ok
weather_20230815_1600_weather_forecast_7f570990.pdf,2023-08-15,1600,weather_forecast,,36.0,,45.0,False,False,True,False,False,False,False,False,3300,ok
weather_20230816_0530_weather_forecast_6cb6aef1.pdf,2023-08-16,0530,weather_forecast,,24.0,,45.0,False,False,True,False,False,False,False,False,3234,ok
weather_20230816_1200_weather_forecast_f50592d1.pdf,2023-08-16,1200,weather_forecast,,24.0,,45.0,False,False,True,False,False,False,False,False,3278,ok
weather_20230816_1600_weather_forecast_c1390de1.pdf,2023-08-16,1600,weather_forecast,,36.0,,45.0,False,False,True,False,False,False,False,False,3729,ok
weather_20230817_0120_weather_forecast_3b3c08ef.pdf,2023-08-17,0120,weather_forecast,,24.0,,45.0,False,False,True,False,False,False,False,False,3208,ok
weather_20230817_0530_weather_forecast_2d43ca71.pdf,2023-08-17,0530,weather_forecast,,24.0,,45.0,False,False,True,False,False,False,False,False,3191,ok
weather_20230817_1600_weather_forecast_a8896ae3.pdf,2023-08-17,1600,weather_forecast,,36.0,,45.0,False,True,True,False,False,False,False,False,3412,ok
weather_20230818_0530_weather_forecast_a7a46f47.pdf,2023-08-18,0530,weather_forecast,,24.0,,45.0,False,False,True,False,False,False,False,False,3259,ok
weather_20230818_1200_weather_forecast_9c20f1ef.pdf,2023-08-18,1200,weather_forecast,,24.0,,45.0,False,False,True,False,False,False,False,False,3248,ok
weather_20230818_1600_weather_forecast_480bb3ef.pdf,2023-08-18,1600,weather_forecast,,36.0,,45.0,False,False,True,False,False,False,False,False,3284,ok
weather_20230819_0530_weather_forecast_2c760ce4.pdf,2023-08-19,0530,weather_forecast,,24.0,,45.0,False,False,True,False,False,False,False,False,3624,ok
weather_20230819_1200_weather_forecast_1580b59a.pdf,2023-08-19,1200,weather_forecast,,24.0,,45.0,False,False,True,False,False,False,False,False,3326,ok
weather_20230819_1600_weather_forecast_d5299a30.pdf,2023-08-19,1600,weather_forecast,,36.0,,45.0,False,False,True,False,False,False,False,False,3366,ok
weather_20230820_0530_weather_forecast_9a1790dc.pdf,2023-08-20,0530,weather_forecast,,24.0,,45.0,False,False,True,False,False,False,False,False,3327,ok
weather_20230820_1200_weather_forecast_24949c49.pdf,2023-08-20,1200,weather_forecast,,24.0,,45.0,False,False,True,False,False,False,False,False,3327,ok
weather_20230820_1600_weather_forecast_e99db002.pdf,2023-08-20,1600,weather_forecast,,36.0,,45.0,False,False,True,False,False,False,False,False,3366,ok
weather_20230821_0530_weather_forecast_5dd1c986.pdf,2023-08-21,0530,weather_forecast,,24.0,,45.0,False,True,True,False,False,False,False,False,3498,ok
weather_20230821_1200_weather_forecast_ce7b5ba6.pdf,2023-08-21,1200,weather_forecast,,24.0,,45.0,False,True,True,False,False,False,False,False,3492,ok
weather_20230821_1600_weather_forecast_feecd9d6.pdf,2023-08-21,1600,weather_forecast,,36.0,,45.0,False,True,True,False,False,False,False,False,3955,ok
weather_20230822_1200_weather_forecast_3a4165ba.pdf,2023-08-22,1200,weather_forecast,,24.0,,45.0,False,True,True,False,False,False,False,False,3406,ok
weather_20230822_1530_weather_forecast_ae8b558d.pdf,2023-08-22,1530,weather_forecast,,24.0,,45.0,False,True,True,False,False,False,False,False,3440,ok
weather_20230822_1600_weather_forecast_5774410d.pdf,2023-08-22,1600,weather_forecast,,36.0,,45.0,False,True,True,False,False,False,False,False,3872,ok
weather_20230823_0530_weather_forecast_c5446cd1.pdf,2023-08-23,0530,weather_forecast,,24.0,,,False,True,False,False,False,False,False,False,3804,ok
weather_20230823_1200_weather_forecast_c1c82d13.pdf,2023-08-23,1200,weather_forecast,,24.0,,,False,True,False,False,False,False,False,False,3544,ok
weather_20230823_1600_weather_forecast_c18ea1ac.pdf,2023-08-23,1600,weather_forecast,,36.0,,,False,True,False,False,False,False,False,False,3885,ok
weather_20230824_0530_weather_forecast_6148ee23.pdf,2023-08-24,0530,weather_forecast,,24.0,,,False,True,False,False,False,False,False,False,3583,ok
weather_20230824_1200_weather_forecast_ded15a00.pdf,2023-08-24,1200,weather_forecast,,24.0,,,False,True,False,False,False,False,False,False,3607,ok
weather_20230824_1600_weather_forecast_2e92dce6.pdf,2023-08-24,1600,weather_forecast,,36.0,,,False,True,False,False,False,False,False,False,3892,ok
weather_20230825_0530_weather_forecast_df6d43d5.pdf,2023-08-25,0530,weather_forecast,,24.0,,,False,True,False,False,False,False,False,False,3540,ok
weather_20230825_1200_weather_forecast_2798d226.pdf,2023-08-25,1200,weather_forecast,,24.0,,,False,True,False,False,False,False,False,False,3562,ok
weather_20230825_1600_weather_forecast_223ac0bc.pdf,2023-08-25,1600,weather_forecast,,36.0,,,False,True,False,False,False,False,False,False,3702,ok
weather_20230825_1600_weather_forecast_e3046029.pdf,2023-08-25,1600,weather_forecast,,36.0,,,False,True,False,False,False,False,False,False,3702,ok
weather_20230826_0530_weather_forecast_ecd98e49.pdf,2023-08-26,0530,weather_forecast,,24.0,,,False,False,False,False,False,False,False,False,2925,ok
weather_20230826_1200_weather_forecast_fc387f32.pdf,2023-08-26,1200,weather_forecast,,24.0,,,False,True,False,False,False,False,False,False,3499,ok
weather_20230826_1600_weather_forecast_073ff67b.pdf,2023-08-26,1600,weather_forecast,,36.0,,,False,True,False,False,False,False,False,False,3664,ok
weather_20230827_0530_weather_forecast_2f8003e1.pdf,2023-08-27,0530,weather_forecast,,24.0,,,False,True,False,False,False,False,False,False,3506,ok
weather_20230827_1200_weather_forecast_723d5a93.pdf,2023-08-27,1200,weather_forecast,,24.0,,,False,True,False,False,False,False,False,False,4233,ok
weather_20230827_1600_weather_forecast_ba912eaf.pdf,2023-08-27,1600,weather_forecast,,36.0,,,False,True,False,False,False,False,False,False,4406,ok
weather_20230828_0530_weather_forecast_6112d37b.pdf,2023-08-28,0530,weather_forecast,,24.0,,,False,True,False,False,False,False,False,False,4236,ok
weather_20230828_1200_weather_forecast_e4429e4a.pdf,2023-08-28,1200,weather_forecast,,24.0,,,False,True,False,False,False,False,False,False,4293,ok
weather_20230828_1600_weather_forecast_72756ff3.pdf,2023-08-28,1600,weather_forecast,,36.0,,,False,True,False,False,False,False,False,False,4596,ok
weather_20230829_0530_weather_forecast_51988c8a.pdf,2023-08-29,0530,weather_forecast,,24.0,,,False,True,False,False,False,False,False,False,4640,ok
weather_20230829_1200_weather_forecast_aaaf9547.pdf,2023-08-29,1200,weather_forecast,,24.0,,,False,True,False,False,False,False,False,False,4206,ok
weather_20230829_1600_weather_forecast_f2753232.pdf,2023-08-29,1600,weather_forecast,,36.0,75.0,,True,True,False,False,False,False,False,False,4911,ok
weather_20230830_1200_weather_forecast_d737fe5f.pdf,2023-08-30,1200,weather_forecast,,24.0,75.0,45.0,True,True,True,False,False,False,False,False,5174,ok
weather_20230830_1600_weather_forecast_783ee80e.pdf,2023-08-30,1600,weather_forecast,,36.0,75.0,45.0,True,True,True,False,False,False,False,False,5450,ok
weather_20230831_0530_weather_forecast_17e6ca33.pdf,2023-08-31,0530,weather_forecast,,24.0,75.0,,True,True,False,False,False,False,False,False,5079,ok
weather_20230831_1200_weather_forecast_6c882588.pdf,2023-08-31,1200,weather_forecast,,24.0,100.0,,True,True,False,False,False,False,False,False,4952,ok
weather_20230831_1315_heavy_rain_687354e9.pdf,2023-08-31,1315,heavy_rain,Amber,,100.0,,True,True,False,False,False,False,False,False,1833,ok
weather_20230831_1600_weather_forecast_15f1e96c.pdf,2023-08-31,1600,weather_forecast,,36.0,100.0,,True,True,False,False,False,False,False,False,5059,ok
weather_20230901_0530_weather_forecast_a0ef7208.pdf,2023-09-01,0530,weather_forecast,,24.0,100.0,,True,True,False,False,False,False,False,False,5187,ok
weather_20230901_1200_weather_forecast_db1c598a.pdf,2023-09-01,1200,weather_forecast,,24.0,100.0,,True,True,False,False,False,False,False,False,5186,ok
weather_20230901_1300_heavy_rain_b2012cc2.pdf,2023-09-01,1300,heavy_rain,Amber,,100.0,,True,True,False,False,False,False,False,False,1840,ok
weather_20230901_1600_weather_forecast_afd1ecd0.pdf,2023-09-01,1600,weather_forecast,,36.0,100.0,,True,True,False,False,False,False,False,False,4936,ok
weather_20230902_0530_weather_forecast_05004184.pdf,2023-09-02,0530,weather_forecast,,24.0,100.0,45.0,True,True,True,False,False,False,False,False,5578,ok
weather_20230902_1200_weather_forecast_36a200af.pdf,2023-09-02,1200,weather_forecast,,24.0,100.0,45.0,True,True,True,False,False,False,False,False,4843,ok
weather_20230902_1300_heavy_rain_fa3c77e6.pdf,2023-09-02,1300,heavy_rain,Amber,,100.0,,True,True,False,False,False,False,False,False,1649,ok
weather_20230902_1600_weather_forecast_2e5d8e7c.pdf,2023-09-02,1600,weather_forecast,,36.0,100.0,45.0,True,True,True,False,False,False,False,False,4967,ok
weather_20230903_0530_weather_forecast_f75b330f.pdf,2023-09-03,0530,weather_forecast,,24.0,100.0,45.0,True,True,True,False,False,False,False,False,4836,ok
weather_20230903_0700_weather_forecast_570f1c31.pdf,2023-09-03,0700,weather_forecast,,24.0,,,False,False,False,False,False,False,False,True,5168,ok
weather_20230903_1200_weather_forecast_aadb71c5.pdf,2023-09-03,1200,weather_forecast,,24.0,50.0,45.0,True,True,True,False,False,False,False,False,5004,ok
weather_20230903_1300_heavy_rain_fe019f84.pdf,2023-09-03,1300,heavy_rain,Amber,,100.0,,True,True,False,False,False,False,False,False,1767,ok
weather_20230903_1600_weather_forecast_c7063f43.pdf,2023-09-03,1600,weather_forecast,,36.0,100.0,45.0,True,True,True,False,False,False,False,False,4208,ok
weather_20230904_0530_weather_forecast_7cd5e5f3.pdf,2023-09-04,0530,weather_forecast,,24.0,50.0,45.0,True,True,True,False,False,False,False,False,5116,ok
weather_20230904_0730_weather_forecast_96ddbd41.pdf,2023-09-04,0730,weather_forecast,,24.0,,,False,False,False,False,False,False,False,True,5730,ok
weather_20230904_1200_weather_forecast_0f039ce6.pdf,2023-09-04,1200,weather_forecast,,24.0,50.0,45.0,True,True,True,False,False,False,False,False,5025,ok
weather_20230904_1600_weather_forecast_3436278b.pdf,2023-09-04,1600,weather_forecast,,36.0,50.0,45.0,True,True,True,False,False,False,False,False,4224,ok
weather_20230905_0530_weather_forecast_5cf1d811.pdf,2023-09-05,0530,weather_forecast,,24.0,50.0,50.0,True,True,True,False,False,False,False,False,5369,ok
weather_20230905_1200_weather_forecast_2b8a7654.pdf,2023-09-05,1200,weather_forecast,,24.0,,45.0,False,True,True,False,False,False,False,False,4789,ok
weather_20230905_1600_weather_forecast_ea58ade1.pdf,2023-09-05,1600,weather_forecast,,36.0,,45.0,False,True,True,False,False,False,False,False,4049,ok
weather_20230906_0530_weather_forecast_ba90c2f2.pdf,2023-09-06,0530,weather_forecast,,24.0,50.0,45.0,True,True,True,False,False,False,False,False,5039,ok
weather_20230906_1200_weather_forecast_b16b79e7.pdf,2023-09-06,1200,weather_forecast,,24.0,50.0,45.0,True,True,True,False,False,False,False,False,5058,ok
weather_20230906_1600_weather_forecast_87b4da0d.pdf,2023-09-06,1600,weather_forecast,,36.0,,45.0,False,True,True,False,False,False,False,False,4287,ok
weather_20230907_0530_weather_forecast_61b37770.pdf,2023-09-07,0530,weather_forecast,,24.0,50.0,45.0,True,True,True,False,False,False,False,False,5092,ok
weather_20230907_0930_heavy_rain_db320a52.pdf,2023-09-07,0930,heavy_rain,Amber,,100.0,,True,False,False,False,False,False,False,False,2081,ok
weather_20230907_1200_weather_forecast_c66bd6fd.pdf,2023-09-07,1200,weather_forecast,,24.0,50.0,45.0,True,True,True,False,False,False,False,False,4418,ok
weather_20230907_1600_weather_forecast_c99212b6.pdf,2023-09-07,1600,weather_forecast,,36.0,50.0,45.0,True,True,True,False,False,False,False,False,3802,ok
weather_20230908_0530_weather_forecast_b1bbf99f.pdf,2023-09-08,0530,weather_forecast,,24.0,50.0,45.0,True,True,True,False,False,False,False,False,4971,ok
weather_20230908_1200_weather_forecast_267af040.pdf,2023-09-08,1200,weather_forecast,,24.0,50.0,45.0,True,True,True,False,False,False,False,False,4969,ok
weather_20230908_1600_weather_forecast_34958212.pdf,2023-09-08,1600,weather_forecast,,36.0,50.0,45.0,True,True,True,False,False,False,False,False,4296,ok
weather_20230909_0530_weather_forecast_8ad9e44e.pdf,2023-09-09,0530,weather_forecast,,24.0,50.0,45.0,True,True,True,False,False,False,False,False,4903,ok
weather_20230909_1200_weather_forecast_d4eefa17.pdf,2023-09-09,1200,weather_forecast,,24.0,75.0,45.0,True,True,True,False,False,False,False,False,4945,ok
weather_20230909_1600_weather_forecast_4b9d7bc0.pdf,2023-09-09,1600,weather_forecast,,36.0,75.0,45.0,True,True,True,False,False,False,False,False,4448,ok
weather_20230910_0530_weather_forecast_8d142eb3.pdf,2023-09-10,0530,weather_forecast,,24.0,50.0,45.0,True,True,True,False,False,False,False,False,4941,ok
weather_20230910_1200_weather_forecast_1e291cdc.pdf,2023-09-10,1200,weather_forecast,,24.0,50.0,45.0,True,True,True,False,False,False,False,False,4635,ok
weather_20230910_1600_weather_forecast_018e8bdc.pdf,2023-09-10,1600,weather_forecast,,36.0,50.0,45.0,True,True,True,False,False,False,False,False,4522,ok
weather_20230911_0530_weather_forecast_9f5d9a92.pdf,2023-09-11,0530,weather_forecast,,24.0,50.0,45.0,True,True,True,False,False,False,False,False,4595,ok
weather_20230911_1200_weather_forecast_7b3779a2.pdf,2023-09-11,1200,weather_forecast,,24.0,,45.0,False,True,True,False,False,False,False,False,4327,ok
weather_20230911_1600_weather_forecast_1fcd3da7.pdf,2023-09-11,1600,weather_forecast,,36.0,50.0,45.0,True,True,True,False,False,False,False,False,4309,ok
weather_20230912_0530_weather_forecast_33ffcef8.pdf,2023-09-12,0530,weather_forecast,,24.0,,45.0,False,True,True,False,False,False,False,False,4296,ok
weather_20230912_1200_weather_forecast_ade54d6d.pdf,2023-09-12,1200,weather_forecast,,24.0,,45.0,False,True,True,False,False,False,False,False,4225,ok
weather_20230912_1600_weather_forecast_f8ad463f.pdf,2023-09-12,1600,weather_forecast,,36.0,,45.0,False,True,True,False,False,False,False,False,3952,ok
weather_20230913_0530_weather_forecast_defdd50c.pdf,2023-09-13,0530,weather_forecast,,24.0,,45.0,False,True,True,False,False,False,False,False,4308,ok
weather_20230913_1200_weather_forecast_e8a56fae.pdf,2023-09-13,1200,weather_forecast,,24.0,,45.0,False,True,True,False,False,False,False,False,4349,ok
weather_20230913_1600_weather_forecast_e14acc7b.pdf,2023-09-13,1600,weather_forecast,,36.0,,45.0,False,True,True,False,False,False,False,False,4153,ok
weather_20230914_0530_weather_forecast_d02311fe.pdf,2023-09-14,0530,weather_forecast,,24.0,50.0,45.0,True,True,True,False,False,False,False,False,4908,ok
weather_20230914_1200_weather_forecast_0984ffcc.pdf,2023-09-14,1200,weather_forecast,,24.0,,45.0,False,True,True,False,False,False,False,False,4209,ok
weather_20230914_1600_weather_forecast_fcf47fca.pdf,2023-09-14,1600,weather_forecast,,36.0,75.0,45.0,True,True,True,False,False,False,False,False,4670,ok
weather_20230915_0530_weather_forecast_8dadecd1.pdf,2023-09-15,0530,weather_forecast,,24.0,,45.0,False,True,True,False,False,False,False,False,4621,ok
weather_20230915_1200_weather_forecast_a3ee47ad.pdf,2023-09-15,1200,weather_forecast,,24.0,,45.0,False,True,True,False,False,False,False,False,4268,ok
weather_20230915_1600_weather_forecast_45922f1a.pdf,2023-09-15,1600,weather_forecast,,36.0,,45.0,False,True,True,False,False,False,False,False,4115,ok
weather_20230916_0530_weather_forecast_d8236985.pdf,2023-09-16,0530,weather_forecast,,24.0,,45.0,False,True,True,False,False,False,False,False,4263,ok
weather_20230916_1200_weather_forecast_9707a029.pdf,2023-09-16,1200,weather_forecast,,24.0,,45.0,False,True,True,False,False,False,False,False,3978,ok
weather_20230916_1600_weather_forecast_5bf7fefc.pdf,2023-09-16,1600,weather_forecast,,36.0,,45.0,False,True,True,False,False,False,False,False,4069,ok
weather_20230917_0530_weather_forecast_ea3f9eed.pdf,2023-09-17,0530,weather_forecast,,24.0,,,False,True,False,False,False,False,False,False,3811,ok
weather_20230917_1200_weather_forecast_ac19986b.pdf,2023-09-17,1200,weather_forecast,,24.0,,,False,True,False,False,False,False,False,False,3822,ok
weather_20230917_1600_weather_forecast_bbf88931.pdf,2023-09-17,1600,weather_forecast,,36.0,,,False,True,False,False,False,False,False,False,4036,ok
weather_20230918_0530_weather_forecast_e84a0952.pdf,2023-09-18,0530,weather_forecast,,24.0,50.0,,True,True,False,False,False,False,False,False,4033,ok
weather_20230918_1200_weather_forecast_7dd1f158.pdf,2023-09-18,1200,weather_forecast,,24.0,50.0,,True,True,False,False,False,False,False,False,4113,ok
weather_20230918_1600_weather_forecast_f6476abf.pdf,2023-09-18,1600,weather_forecast,,36.0,50.0,,True,True,False,False,False,False,False,False,4229,ok
weather_20230919_0530_weather_forecast_100942aa.pdf,2023-09-19,0530,weather_forecast,,24.0,50.0,,True,True,False,False,False,False,False,False,4108,ok
weather_20230919_1200_weather_forecast_2d1a86db.pdf,2023-09-19,1200,weather_forecast,,24.0,50.0,,True,True,False,False,False,False,False,False,3920,ok
weather_20230919_1515_weather_forecast_310f56ce.pdf,2023-09-19,1515,weather_forecast,,,,,False,False,False,False,False,False,False,True,1321,ok
weather_20230919_1600_weather_forecast_f10e0b0a.pdf,2023-09-19,1600,weather_forecast,,36.0,50.0,,True,True,False,False,False,False,False,False,4200,ok
weather_20230920_0530_weather_forecast_cb1f0dfc.pdf,2023-09-20,0530,weather_forecast,,24.0,50.0,,True,True,False,False,False,False,False,False,3965,ok
weather_20230920_1200_weather_forecast_4cc863b8.pdf,2023-09-20,1200,weather_forecast,,24.0,50.0,,True,True,False,False,False,False,False,False,3888,ok
weather_20230920_1600_weather_forecast_97cdb50a.pdf,2023-09-20,1600,weather_forecast,,36.0,50.0,,True,True,False,False,False,False,False,False,4205,ok
weather_20230921_0530_weather_forecast_b6b2dd68.pdf,2023-09-21,0530,weather_forecast,,24.0,,,False,True,False,False,False,False,False,False,3721,ok
weather_20230921_1200_weather_forecast_a467e011.pdf,2023-09-21,1200,weather_forecast,,24.0,50.0,,True,True,False,False,False,False,False,False,3929,ok
weather_20230921_1600_weather_forecast_07c109d4.pdf,2023-09-21,1600,weather_forecast,,36.0,50.0,,True,True,False,False,False,False,False,False,4093,ok
weather_20230922_0530_weather_forecast_8f1a634a.pdf,2023-09-22,0530,weather_forecast,,24.0,50.0,,True,True,False,False,False,False,False,False,3857,ok
weather_20230922_1200_weather_forecast_c7856db8.pdf,2023-09-22,1200,weather_forecast,,24.0,,,False,True,False,False,False,False,False,False,3685,ok
weather_20230922_1600_weather_forecast_81dc9f9d.pdf,2023-09-22,1600,weather_forecast,,36.0,,,False,True,False,False,False,False,False,False,3734,ok
weather_20230923_0530_weather_forecast_dcaad379.pdf,2023-09-23,0530,weather_forecast,,24.0,,,False,True,False,False,False,False,False,False,4032,ok
weather_20230923_1200_weather_forecast_99e58205.pdf,2023-09-23,1200,weather_forecast,,24.0,,,False,True,False,False,False,False,False,False,3878,ok
weather_20230923_1600_weather_forecast_83cc937f.pdf,2023-09-23,1600,weather_forecast,,36.0,,,False,True,False,False,False,False,False,False,4029,ok
weather_20230924_0530_weather_forecast_4f4a04ac.pdf,2023-09-24,0530,weather_forecast,,24.0,,,False,True,False,False,False,False,False,False,3875,ok
weather_20230924_1600_weather_forecast_866acd34.pdf,2023-09-24,1600,weather_forecast,,36.0,,,False,True,False,False,False,False,False,False,3793,ok
weather_20230925_0530_weather_forecast_77d9057a.pdf,2023-09-25,0530,weather_forecast,,24.0,,,False,True,False,False,False,False,False,False,3605,ok
weather_20230925_1200_weather_forecast_d648f2c3.pdf,2023-09-25,1200,weather_forecast,,24.0,,,False,True,False,False,False,False,False,False,3650,ok
weather_20230925_1600_weather_forecast_1852964c.pdf,2023-09-25,1600,weather_forecast,,36.0,,,False,True,False,False,False,False,False,False,3727,ok
weather_20230926_0530_weather_forecast_b1ba551d.pdf,2023-09-26,0530,weather_forecast,,24.0,,,False,True,False,False,False,False,False,False,4069,ok
weather_20230926_1200_weather_forecast_73b4b9c7.pdf,2023-09-26,1200,weather_forecast,,24.0,,,False,True,False,False,False,False,False,False,4609,ok
weather_20230926_1600_weather_forecast_5b30bbc1.pdf,2023-09-26,1600,weather_forecast,,36.0,100.0,,True,True,False,False,False,False,False,False,4511,ok
weather_20230927_0530_weather_forecast_8e83403a.pdf,2023-09-27,0530,weather_forecast,,24.0,100.0,,True,True,False,False,False,False,False,False,4664,ok
weather_20230927_0700_heavy_rain_67aec847.pdf,2023-09-27,0700,heavy_rain,,,,,True,False,False,False,False,False,False,False,700,ok
weather_20230927_0700_heavy_rain_84639b1b.pdf,2023-09-27,0700,heavy_rain,Amber,,100.0,,True,False,False,False,False,False,False,False,674,ok
weather_20230927_1200_weather_forecast_8da535bc.pdf,2023-09-27,1200,weather_forecast,,24.0,100.0,,True,True,False,False,False,False,False,False,4451,ok
weather_20230927_1600_weather_forecast_8f28901d.pdf,2023-09-27,1600,weather_forecast,,36.0,100.0,,True,True,False,False,False,False,False,False,3949,ok
weather_20230928_0530_weather_forecast_d9722412.pdf,2023-09-28,0530,weather_forecast,,24.0,100.0,45.0,True,True,True,False,False,False,False,False,4822,ok
weather_20230928_0800_heavy_rain_ee90deef.pdf,2023-09-28,0800,heavy_rain,Amber,,100.0,,True,False,False,False,False,False,False,False,1944,ok
weather_20230928_1200_weather_forecast_f4fc9efe.pdf,2023-09-28,1200,weather_forecast,,24.0,75.0,45.0,True,True,True,False,False,False,False,False,5219,ok
weather_20230928_1600_weather_forecast_9c44e781.pdf,2023-09-28,1600,weather_forecast,,36.0,75.0,45.0,True,True,True,False,False,False,False,False,4593,ok
weather_20230928_1600_weather_forecast_b8fe404e.pdf,2023-09-28,1600,weather_forecast,,36.0,75.0,45.0,True,True,True,False,False,False,False,False,4593,ok
weather_20230929_0530_weather_forecast_e87552b8.pdf,2023-09-29,0530,weather_forecast,,24.0,50.0,45.0,True,True,True,False,False,False,False,False,5215,ok
weather_20230929_1200_weather_forecast_cd895cfe.pdf,2023-09-29,1200,weather_forecast,,24.0,75.0,45.0,True,True,True,False,False,False,False,False,4983,ok
weather_20230930_0530_weather_forecast_b65c5d34.pdf,2023-09-30,0530,weather_forecast,,24.0,75.0,50.0,True,True,True,False,False,False,False,False,4575,ok
weather_20230930_1200_weather_forecast_1c5624fc.pdf,2023-09-30,1200,weather_forecast,,24.0,50.0,50.0,True,True,True,False,False,False,False,False,4405,ok
weather_20230930_1600_weather_forecast_6a07e3d8.pdf,2023-09-30,1600,weather_forecast,,36.0,50.0,50.0,True,True,True,False,False,False,False,False,4335,ok
weather_20231001_0530_weather_forecast_df5d219d.pdf,2023-10-01,0530,weather_forecast,,24.0,50.0,50.0,True,True,True,False,False,False,False,False,4339,ok
weather_20231001_1200_weather_forecast_a6206386.pdf,2023-10-01,1200,weather_forecast,,24.0,50.0,,True,True,False,False,False,False,False,False,4007,ok
weather_20231001_1600_weather_forecast_394dc690.pdf,2023-10-01,1600,weather_forecast,,36.0,50.0,,True,True,False,False,False,False,False,False,4105,ok
weather_20231002_0530_weather_forecast_946ec41a.pdf,2023-10-02,0530,weather_forecast,,24.0,100.0,,True,True,False,False,False,False,False,False,4164,ok
weather_20231002_1200_weather_forecast_166471c5.pdf,2023-10-02,1200,weather_forecast,,24.0,75.0,,True,True,False,False,False,False,False,False,4205,ok
weather_20231002_1230_heavy_rain_92433f04.pdf,2023-10-02,1230,heavy_rain,Amber,,100.0,,True,False,False,False,False,False,False,False,1311,ok
weather_20231002_1600_weather_forecast_23549981.pdf,2023-10-02,1600,weather_forecast,,36.0,75.0,,True,True,False,False,False,False,False,False,4472,ok
weather_20231003_0600_weather_forecast_2d32331c.pdf,2023-10-03,0600,weather_forecast,,24.0,75.0,,True,True,False,False,False,False,False,False,4247,ok
weather_20231003_1200_weather_forecast_8a2af00d.pdf,2023-10-03,1200,weather_forecast,,24.0,75.0,,True,True,False,False,False,False,False,False,4201,ok
weather_20231003_1530_heavy_rain_7783fead.pdf,2023-10-03,1530,heavy_rain,Amber,,100.0,,True,False,False,False,False,False,False,False,1311,ok
weather_20231003_1600_weather_forecast_52396743.pdf,2023-10-03,1600,weather_forecast,,36.0,75.0,,True,True,False,False,False,False,False,False,4340,ok
weather_20231004_0530_weather_forecast_c335f654.pdf,2023-10-04,0530,weather_forecast,,24.0,75.0,,True,True,False,False,False,False,False,False,4404,ok
weather_20231004_1200_weather_forecast_2b2098b9.pdf,2023-10-04,1200,weather_forecast,,24.0,75.0,,True,True,False,False,False,False,False,False,4408,ok
weather_20231004_1600_weather_forecast_f011351e.pdf,2023-10-04,1600,weather_forecast,,36.0,75.0,,True,True,False,False,False,False,False,False,4497,ok
weather_20231005_0530_weather_forecast_82cdce0c.pdf,2023-10-05,0530,weather_forecast,,24.0,,,False,True,False,False,False,False,False,False,3738,ok
weather_20231005_1200_weather_forecast_c13318cd.pdf,2023-10-05,1200,weather_forecast,,24.0,,,False,True,False,False,False,False,False,False,3752,ok
weather_20231005_1600_weather_forecast_2773da3b.pdf,2023-10-05,1600,weather_forecast,,36.0,,,False,True,False,False,False,False,False,False,4157,ok
weather_20231006_0530_weather_forecast_fd01b0a8.pdf,2023-10-06,0530,weather_forecast,,24.0,50.0,,True,True,False,False,False,False,False,False,3959,ok
weather_20231006_1200_weather_forecast_94846c08.pdf,2023-10-06,1200,weather_forecast,,24.0,100.0,,True,True,False,False,False,False,False,False,3932,ok
weather_20231006_1330_heavy_rain_546be048.pdf,2023-10-06,1330,heavy_rain,Amber,,100.0,,True,True,False,False,False,False,False,False,1642,ok
weather_20231006_1600_weather_forecast_8b3e618f.pdf,2023-10-06,1600,weather_forecast,,36.0,100.0,,True,True,False,False,False,False,False,False,4346,ok
weather_20231007_0530_weather_forecast_65a1dc4a.pdf,2023-10-07,0530,weather_forecast,,24.0,75.0,,True,True,False,False,False,False,False,False,3947,ok
weather_20231007_1200_weather_forecast_1b30a99f.pdf,2023-10-07,1200,weather_forecast,,24.0,50.0,,True,True,False,False,False,False,False,False,3725,ok
weather_20231007_1450_heavy_rain_23b98aa6.pdf,2023-10-07,1450,heavy_rain,Amber,,100.0,,True,True,False,False,False,False,False,False,1560,ok
weather_20231007_1600_weather_forecast_40f428b0.pdf,2023-10-07,1600,weather_forecast,,36.0,75.0,,True,True,False,False,False,False,False,False,4332,ok
weather_20231008_0530_weather_forecast_6fd61948.pdf,2023-10-08,0530,weather_forecast,,24.0,75.0,,True,True,False,False,False,False,False,False,4059,ok
weather_20231008_1200_weather_forecast_354c0f70.pdf,2023-10-08,1200,weather_forecast,,24.0,75.0,,True,True,False,False,False,False,False,False,4032,ok
weather_20231008_1200_weather_forecast_72ed99ae.pdf,2023-10-08,1200,weather_forecast,,,,,False,False,False,False,False,False,False,False,1921,ok
weather_20231008_1400_thunderstorm_739fe015.pdf,2023-10-08,1400,thunderstorm,,,,,False,True,False,False,False,False,False,False,1602,ok
weather_20231008_1600_weather_forecast_c96903be.pdf,2023-10-08,1600,weather_forecast,,36.0,75.0,,True,True,False,False,False,False,False,False,4744,ok
weather_20231009_0530_weather_forecast_d9b7c7bc.pdf,2023-10-09,0530,weather_forecast,,24.0,75.0,,True,True,False,False,False,False,False,False,3902,ok
weather_20231009_1200_weather_forecast_4939df0c.pdf,2023-10-09,1200,weather_forecast,,24.0,75.0,,True,True,False,False,False,False,False,False,3575,ok
weather_20231009_1400_weather_forecast_ed872674.pdf,2023-10-09,1400,weather_forecast,Amber,,,,False,True,False,False,False,False,False,False,3013,ok
weather_20231009_1600_weather_forecast_1898f710.pdf,2023-10-09,1600,weather_forecast,,36.0,75.0,,True,True,False,False,False,False,False,False,4455,ok
weather_20231010_0530_weather_forecast_1a8f26a4.pdf,2023-10-10,0530,weather_forecast,,24.0,75.0,,True,True,False,False,False,False,False,False,3417,ok
weather_20231010_1200_weather_forecast_1c51c6dc.pdf,2023-10-10,1200,weather_forecast,,24.0,75.0,,True,True,False,False,False,False,False,False,3492,ok
weather_20231010_1400_thunderstorm_85f073ae.pdf,2023-10-10,1400,thunderstorm,Amber,,,,False,True,False,False,False,False,False,False,3074,ok
weather_20231010_1600_weather_forecast_dcfc207e.pdf,2023-10-10,1600,weather_forecast,,36.0,75.0,,True,True,False,False,False,False,False,False,4890,ok
weather_20231011_0530_weather_forecast_d0eaca42.pdf,2023-10-11,0530,weather_forecast,,24.0,75.0,,True,True,False,False,False,False,False,False,3501,ok
weather_20231011_1200_weather_forecast_72e809d8.pdf,2023-10-11,1200,weather_forecast,,24.0,75.0,,True,True,False,False,False,False,False,False,3505,ok
weather_20231011_1300_thunderstorm_f76e733a.pdf,2023-10-11,1300,thunderstorm,Amber,,,,False,True,False,False,False,False,False,False,3081,ok
weather_20231011_1600_weather_forecast_c7d45b6a.pdf,2023-10-11,1600,weather_forecast,,36.0,75.0,,True,True,False,False,False,False,False,False,4648,ok
weather_20231012_0530_weather_forecast_03ffeccb.pdf,2023-10-12,0530,weather_forecast,,24.0,75.0,,True,True,False,False,False,False,False,False,3942,ok
weather_20231012_1200_weather_forecast_3976caf5.pdf,2023-10-12,1200,weather_forecast,,24.0,75.0,,True,True,False,False,False,False,False,False,3970,ok
weather_20231012_1600_weather_forecast_dc2829dd.pdf,2023-10-12,1600,weather_forecast,,36.0,75.0,,True,True,False,False,False,False,False,False,4481,ok
weather_20231013_0530_weather_forecast_d8d6fb28.pdf,2023-10-13,0530,weather_forecast,,24.0,75.0,,True,True,False,False,False,False,False,False,4022,ok
weather_20231013_1200_weather_forecast_3cffd82c.pdf,2023-10-13,1200,weather_forecast,,24.0,75.0,,True,True,False,False,False,False,False,False,4042,ok
weather_20231013_1600_weather_forecast_38734f52.pdf,2023-10-13,1600,weather_forecast,,36.0,75.0,,True,True,False,False,False,False,False,False,4890,ok
weather_20231014_0530_weather_forecast_8aed9af7.pdf,2023-10-14,0530,weather_forecast,,24.0,75.0,,True,True,False,False,False,False,False,False,3893,ok
weather_20231014_1200_weather_forecast_03752bbf.pdf,2023-10-14,1200,weather_forecast,,24.0,75.0,,True,True,False,False,False,False,False,False,3923,ok
weather_20231014_1430_thunderstorm_58215890.pdf,2023-10-14,1430,thunderstorm,Amber,,,,False,True,False,False,False,False,False,False,2985,ok
weather_20231014_1600_weather_forecast_10bdfb62.pdf,2023-10-14,1600,weather_forecast,,36.0,75.0,,True,True,False,False,False,False,False,False,5373,ok
weather_20231015_0530_weather_forecast_212363c4.pdf,2023-10-15,0530,weather_forecast,,24.0,75.0,,True,True,False,False,False,False,False,False,3795,ok
weather_20231015_1200_weather_forecast_e971cd4f.pdf,2023-10-15,1200,weather_forecast,,24.0,75.0,,True,True,False,False,False,False,False,False,4056,ok
weather_20231015_1600_weather_forecast_e5673148.pdf,2023-10-15,1600,weather_forecast,,36.0,75.0,,True,True,False,False,False,False,False,False,4896,ok
weather_20231015_1700_thunderstorm_1983a06f.pdf,2023-10-15,1700,thunderstorm,Amber,,100.0,,True,True,False,False,False,False,False,False,3677,ok
weather_20231016_0530_weather_forecast_2576d457.pdf,2023-10-16,0530,weather_forecast,,24.0,50.0,,True,True,False,False,False,False,False,False,3539,ok
weather_20231016_1200_weather_forecast_4ea65fec.pdf,2023-10-16,1200,weather_forecast,,24.0,50.0,,True,True,False,False,False,False,False,False,3490,ok
weather_20231016_1600_weather_forecast_2bc72856.pdf,2023-10-16,1600,weather_forecast,,36.0,50.0,,True,True,False,False,False,False,False,False,4807,ok
weather_20231017_0530_weather_forecast_f78a48a1.pdf,2023-10-17,0530,weather_forecast,,24.0,100.0,,True,True,False,False,False,False,False,False,4061,ok
weather_20231017_1200_weather_forecast_96268ab8.pdf,2023-10-17,1200,weather_forecast,,24.0,100.0,,True,True,False,False,False,False,False,False,3401,ok
weather_20231017_1400_thunderstorm_69962ab5.pdf,2023-10-17,1400,thunderstorm,,,,,False,True,False,False,False,False,False,False,1608,ok
weather_20231017_1600_weather_forecast_fd890d5b.pdf,2023-10-17,1600,weather_forecast,,36.0,100.0,,True,True,False,False,False,False,False,False,4814,ok
weather_20231018_0530_weather_forecast_ef21a2a6.pdf,2023-10-18,0530,weather_forecast,,24.0,100.0,,True,True,False,False,False,False,False,False,3421,ok
weather_20231018_1200_weather_forecast_8441a133.pdf,2023-10-18,1200,weather_forecast,,24.0,100.0,,True,True,False,False,False,False,False,False,3493,ok
weather_20231018_1600_weather_forecast_b16af404.pdf,2023-10-18,1600,weather_forecast,,36.0,100.0,,True,True,False,False,False,False,False,False,4242,ok
weather_20231019_0530_weather_forecast_b9cd5c21.pdf,2023-10-19,0530,weather_forecast,,24.0,75.0,,True,True,False,False,False,False,False,False,3868,ok
weather_20231019_1200_weather_forecast_668dda13.pdf,2023-10-19,1200,weather_forecast,,24.0,75.0,,True,True,False,False,False,False,False,False,3684,ok
weather_20231019_1600_weather_forecast_166795dc.pdf,2023-10-19,1600,weather_forecast,,36.0,75.0,,True,True,False,False,False,False,False,False,4662,ok
weather_20231020_0530_weather_forecast_04e7f9a6.pdf,2023-10-20,0530,weather_forecast,,24.0,75.0,,True,True,False,False,False,False,False,False,3571,ok
weather_20231020_1200_weather_forecast_65d97dc9.pdf,2023-10-20,1200,weather_forecast,,24.0,75.0,,True,True,False,False,False,False,False,False,3589,ok
weather_20231020_1600_weather_forecast_293bb684.pdf,2023-10-20,1600,weather_forecast,,36.0,75.0,,True,True,False,False,False,False,False,False,4534,ok
weather_20231021_0530_weather_forecast_31afd1b8.pdf,2023-10-21,0530,weather_forecast,,24.0,75.0,,True,True,False,False,True,False,False,False,4147,ok
weather_20231021_1200_weather_forecast_9337919a.pdf,2023-10-21,1200,weather_forecast,,24.0,75.0,,True,True,False,False,True,False,False,False,3773,ok
weather_20231021_1600_weather_forecast_9c8ca1ba.pdf,2023-10-21,1600,weather_forecast,,36.0,75.0,,True,True,False,False,False,False,False,False,4195,ok
weather_20231022_0530_weather_forecast_eae033e4.pdf,2023-10-22,0530,weather_forecast,,24.0,100.0,,True,True,False,False,False,False,False,False,3703,ok
weather_20231022_1200_weather_forecast_3a29c56f.pdf,2023-10-22,1200,weather_forecast,,24.0,75.0,,True,True,False,False,False,False,False,False,3649,ok
weather_20231022_1600_weather_forecast_36f0846c.pdf,2023-10-22,1600,weather_forecast,,36.0,100.0,,True,True,False,False,False,False,False,False,4559,ok
weather_20231023_0530_weather_forecast_1cb528be.pdf,2023-10-23,0530,weather_forecast,,24.0,75.0,,True,True,False,False,False,False,False,False,3460,ok
weather_20231023_1200_weather_forecast_84406a7a.pdf,2023-10-23,1200,weather_forecast,,24.0,75.0,,True,True,False,False,False,False,False,False,3497,ok
weather_20231023_1430_weather_forecast_57afe575.pdf,2023-10-23,1430,weather_forecast,,,,,False,False,False,False,False,False,False,False,1362,ok
weather_20231023_1430_weather_forecast_6172b912.pdf,2023-10-23,1430,weather_forecast,Amber,24.0,,,False,False,False,False,True,True,False,True,1093,ok
weather_20231024_0530_weather_forecast_540ada59.pdf,2023-10-24,0530,weather_forecast,,24.0,75.0,,True,True,False,False,False,False,False,False,3450,ok
weather_20231024_1200_weather_forecast_0a67badd.pdf,2023-10-24,1200,weather_forecast,,24.0,75.0,,True,True,False,False,False,False,False,False,3327,ok
weather_20231024_1600_weather_forecast_e04ff224.pdf,2023-10-24,1600,weather_forecast,,36.0,75.0,,True,True,False,False,False,False,False,False,4570,ok
weather_20231025_0530_weather_forecast_1b7bdb76.pdf,2023-10-25,0530,weather_forecast,,24.0,50.0,,True,True,False,False,False,False,False,False,3311,ok
weather_20231025_0600_strong_wind_9b306895.pdf,2023-10-25,0600,strong_wind,Green,,,,False,False,False,False,False,True,False,True,966,ok
weather_20231025_1200_weather_forecast_0f435bd7.pdf,2023-10-25,1200,weather_forecast,,24.0,50.0,,True,True,False,False,False,False,False,False,3497,ok
weather_20231025_1600_weather_forecast_6402da38.pdf,2023-10-25,1600,weather_forecast,,36.0,50.0,,True,True,False,False,False,False,False,False,4208,ok
weather_20231026_0530_weather_forecast_69991e17.pdf,2023-10-26,0530,weather_forecast,,24.0,50.0,,True,True,False,False,False,False,False,False,3495,ok
weather_20231026_1200_weather_forecast_9a022e8b.pdf,2023-10-26,1200,weather_forecast,,24.0,50.0,,True,True,False,False,False,False,False,False,3516,ok
weather_20231026_1600_weather_forecast_6c0ee57a.pdf,2023-10-26,1600,weather_forecast,,36.0,50.0,,True,True,False,False,False,False,False,False,4310,ok
weather_20231027_0530_weather_forecast_6fb8e185.pdf,2023-10-27,0530,weather_forecast,,24.0,50.0,,True,True,False,False,False,False,False,False,3557,ok
weather_20231027_1200_weather_forecast_52d073ff.pdf,2023-10-27,1200,weather_forecast,,24.0,75.0,,True,True,False,False,False,False,False,False,3629,ok
weather_20231027_1600_weather_forecast_f1808213.pdf,2023-10-27,1600,weather_forecast,,36.0,75.0,,True,True,False,False,False,False,False,False,4698,ok
weather_20231028_0530_weather_forecast_163958ed.pdf,2023-10-28,0530,weather_forecast,,24.0,100.0,,True,True,False,False,False,False,False,False,3720,ok
weather_20231028_1200_thunderstorm_1e29ac40.pdf,2023-10-28,1200,thunderstorm,,,,,False,True,False,False,False,False,False,False,1661,ok
weather_20231028_1200_thunderstorm_be3480a1.pdf,2023-10-28,1200,thunderstorm,Amber,,,,False,True,False,False,False,False,False,False,1515,ok
weather_20231028_1200_weather_forecast_24cc8bbc.pdf,2023-10-28,1200,weather_forecast,,24.0,100.0,,True,True,False,False,False,False,False,False,3478,ok
weather_20231028_1600_weather_forecast_6033c66c.pdf,2023-10-28,1600,weather_forecast,,36.0,100.0,,True,True,False,False,False,False,False,False,4490,ok
weather_20231029_0530_weather_forecast_7553038d.pdf,2023-10-29,0530,weather_forecast,,24.0,75.0,,True,True,False,False,False,False,False,False,3443,ok
weather_20231029_1200_weather_forecast_9b8fe1d4.pdf,2023-10-29,1200,weather_forecast,,24.0,75.0,,True,True,False,False,False,False,False,False,3311,ok
weather_20231029_1600_weather_forecast_9d11e315.pdf,2023-10-29,1600,weather_forecast,,36.0,75.0,,True,True,False,False,False,False,False,False,4439,ok
weather_20231030_0530_weather_forecast_2c4d862d.pdf,2023-10-30,0530,weather_forecast,,24.0,75.0,,True,True,False,False,False,False,False,False,3820,ok
weather_20231030_1200_weather_forecast_a32659ad.pdf,2023-10-30,1200,weather_forecast,,24.0,75.0,,True,True,False,False,False,False,False,False,3842,ok
weather_20231030_1600_weather_forecast_c683f32b.pdf,2023-10-30,1600,weather_forecast,,36.0,75.0,,True,True,False,False,False,False,False,False,4658,ok
weather_20231031_0530_weather_forecast_63edc960.pdf,2023-10-31,0530,weather_forecast,,24.0,75.0,,True,True,False,False,False,False,False,False,3577,ok
weather_20231031_1200_weather_forecast_b06cb19c.pdf,2023-10-31,1200,weather_forecast,,24.0,75.0,,True,True,False,False,False,False,False,False,3845,ok
weather_20231031_1600_weather_forecast_df9f7dd3.pdf,2023-10-31,1600,weather_forecast,,36.0,75.0,,True,True,False,False,False,False,False,False,4544,ok
weather_20231101_0530_weather_forecast_727413ee.pdf,2023-11-01,0530,weather_forecast,,24.0,100.0,,True,True,False,False,False,False,False,False,3640,ok
weather_20231101_1200_weather_forecast_ffe734e5.pdf,2023-11-01,1200,weather_forecast,,24.0,100.0,,True,True,False,False,False,False,False,False,3572,ok
weather_20231101_1545_thunderstorm_8c7669ed.pdf,2023-11-01,1545,thunderstorm,Amber,,100.0,,True,True,False,False,False,False,False,False,3279,ok
weather_20231101_1600_weather_forecast_63cd46b8.pdf,2023-11-01,1600,weather_forecast,,36.0,100.0,,True,True,False,False,False,False,False,False,4539,ok
weather_20231102_0530_weather_forecast_eab34c59.pdf,2023-11-02,0530,weather_forecast,,24.0,75.0,,True,True,False,False,False,False,False,False,3768,ok
weather_20231102_1200_weather_forecast_b2c1149b.pdf,2023-11-02,1200,weather_forecast,,24.0,100.0,,True,True,False,False,False,False,False,False,3872,ok
weather_20231102_1600_weather_forecast_26e3dc70.pdf,2023-11-02,1600,weather_forecast,,36.0,100.0,,True,True,False,False,False,False,False,False,4550,ok
weather_20231103_0530_weather_forecast_265108d8.pdf,2023-11-03,0530,weather_forecast,,24.0,100.0,,True,True,False,False,False,False,False,False,4030,ok
weather_20231103_1200_weather_forecast_40775b22.pdf,2023-11-03,1200,weather_forecast,,24.0,100.0,,True,True,False,False,False,False,False,False,4067,ok
weather_20231103_1430_thunderstorm_5ed8bdc8.pdf,2023-11-03,1430,thunderstorm,Amber,,100.0,,True,True,False,False,False,False,False,False,3265,ok
weather_20231103_1600_weather_forecast_d051558b.pdf,2023-11-03,1600,weather_forecast,,36.0,100.0,,True,True,False,False,False,False,False,False,4904,ok
weather_20231104_0530_weather_forecast_5e3176f4.pdf,2023-11-04,0530,weather_forecast,,24.0,100.0,,True,True,False,False,False,False,False,False,3879,ok
weather_20231104_1200_weather_forecast_939ee752.pdf,2023-11-04,1200,weather_forecast,,24.0,75.0,,True,True,False,False,False,False,False,False,3466,ok
weather_20231104_1530_thunderstorm_3ed58fa0.pdf,2023-11-04,1530,thunderstorm,Amber,,,,False,True,False,False,False,False,False,False,3018,ok
weather_20231104_1600_weather_forecast_d024d3be.pdf,2023-11-04,1600,weather_forecast,,36.0,75.0,,True,True,False,False,False,False,False,False,4604,ok
weather_20231105_0530_weather_forecast_2f750a45.pdf,2023-11-05,0530,weather_forecast,,24.0,75.0,,True,True,False,False,False,False,False,False,3514,ok
weather_20231105_1200_weather_forecast_bbc15345.pdf,2023-11-05,1200,weather_forecast,,24.0,75.0,,True,True,False,False,False,False,False,False,3483,ok
weather_20231105_1400_thunderstorm_190e7b3e.pdf,2023-11-05,1400,thunderstorm,Amber,,,,False,True,False,False,False,False,False,False,3018,ok
weather_20231105_1600_weather_forecast_da84c5d9.pdf,2023-11-05,1600,weather_forecast,,36.0,75.0,,True,True,False,False,False,False,False,False,4617,ok
weather_20231106_0530_weather_forecast_21974d9c.pdf,2023-11-06,0530,weather_forecast,,24.0,75.0,,True,True,False,False,False,False,False,False,3475,ok
weather_20231106_1200_weather_forecast_550b12ee.pdf,2023-11-06,1200,weather_forecast,,24.0,100.0,,True,True,False,False,False,False,False,False,3501,ok
weather_20231106_1400_thunderstorm_03bc74d9.pdf,2023-11-06,1400,thunderstorm,Amber,,,,False,True,False,False,False,False,False,False,3101,ok
weather_20231106_1600_weather_forecast_cb1cefda.pdf,2023-11-06,1600,weather_forecast,,36.0,100.0,,True,True,False,False,False,False,False,False,4694,ok
weather_20231107_0530_weather_forecast_7b90b1ee.pdf,2023-11-07,0530,weather_forecast,,24.0,75.0,,True,True,False,False,False,False,False,False,3473,ok
weather_20231107_1200_weather_forecast_9530277b.pdf,2023-11-07,1200,weather_forecast,,24.0,75.0,,True,True,False,False,False,False,False,False,3718,ok
weather_20231107_1330_weather_forecast_e0407821.pdf,2023-11-07,1330,weather_forecast,Amber,,,,False,True,False,False,False,False,False,False,2966,ok
weather_20231107_1600_weather_forecast_b7c6ede3.pdf,2023-11-07,1600,weather_forecast,,36.0,75.0,,True,True,False,False,False,False,False,False,4635,ok
weather_20231108_0530_weather_forecast_6154c84e.pdf,2023-11-08,0530,weather_forecast,,24.0,75.0,,True,True,False,False,False,False,False,False,3768,ok
weather_20231108_1200_weather_forecast_679ef782.pdf,2023-11-08,1200,weather_forecast,,24.0,75.0,,True,True,False,False,False,False,False,False,3828,ok
weather_20231108_1430_thunderstorm_ea634598.pdf,2023-11-08,1430,thunderstorm,Amber,,,,False,True,False,False,False,False,False,False,3028,ok
weather_20231108_1600_weather_forecast_fe38b4d7.pdf,2023-11-08,1600,weather_forecast,,36.0,75.0,,True,True,False,False,False,False,False,False,4679,ok
weather_20231109_0530_weather_forecast_58f9bb4c.pdf,2023-11-09,0530,weather_forecast,,24.0,75.0,,True,True,False,False,False,False,False,False,3855,ok
weather_20231109_1200_weather_forecast_1e9de26b.pdf,2023-11-09,1200,weather_forecast,,24.0,75.0,,True,True,False,False,False,False,False,False,3434,ok
weather_20231109_1300_thunderstorm_ffc71f88.pdf,2023-11-09,1300,thunderstorm,Amber,,,,False,True,False,False,False,False,False,False,3086,ok
weather_20231110_0530_weather_forecast_2494052a.pdf,2023-11-10,0530,weather_forecast,,24.0,75.0,,True,True,False,False,False,False,False,False,3500,ok
weather_20231110_1200_weather_forecast_940f5629.pdf,2023-11-10,1200,weather_forecast,,24.0,50.0,,True,True,False,False,False,False,False,False,3522,ok
weather_20231110_1600_weather_forecast_2995eb5f.pdf,2023-11-10,1600,weather_forecast,,36.0,50.0,,True,True,False,False,False,False,False,False,4845,ok
weather_20231111_0530_weather_forecast_128b2b9d.pdf,2023-11-11,0530,weather_forecast,,24.0,50.0,,True,True,False,False,False,False,False,False,3689,ok
weather_20231111_1200_weather_forecast_ce950f25.pdf,2023-11-11,1200,weather_forecast,,24.0,100.0,,True,True,False,False,False,False,False,False,3804,ok
weather_20231111_1600_weather_forecast_ef2d8b74.pdf,2023-11-11,1600,weather_forecast,,24.0,100.0,,True,True,False,False,False,False,False,False,3804,ok
weather_20231112_0530_weather_forecast_114fd5e9.pdf,2023-11-12,0530,weather_forecast,,24.0,100.0,,True,True,False,False,False,False,False,False,4236,ok
weather_20231112_1200_weather_forecast_eec55611.pdf,2023-11-12,1200,weather_forecast,,24.0,100.0,,True,True,False,False,False,False,False,False,3845,ok
weather_20231112_1300_heavy_rain_75403af9.pdf,2023-11-12,1300,heavy_rain,,,,,True,False,False,False,False,False,False,False,770,ok
weather_20231112_1300_heavy_rain_f21b32dc.pdf,2023-11-12,1300,heavy_rain,Amber,,100.0,,True,False,False,False,False,False,False,False,713,ok
weather_20231112_1600_weather_forecast_dd467f16.pdf,2023-11-12,1600,weather_forecast,,36.0,100.0,,True,True,False,False,False,False,False,False,4556,ok
weather_20231113_0530_weather_forecast_31f20d24.pdf,2023-11-13,0530,weather_forecast,,24.0,100.0,,True,True,False,False,False,False,False,False,3699,ok
weather_20231113_0530_weather_forecast_8e2d21c9.pdf,2023-11-13,0530,weather_forecast,,24.0,100.0,,True,True,False,False,False,False,False,False,3699,ok
weather_20231113_1200_weather_forecast_cd4c1e45.pdf,2023-11-13,1200,weather_forecast,,24.0,75.0,,True,True,False,False,False,False,False,False,4124,ok
weather_20231113_1300_heavy_rain_c8c6987b.pdf,2023-11-13,1300,heavy_rain,Amber,,100.0,,True,False,False,False,False,False,False,False,1421,ok
weather_20231113_1600_weather_forecast_65f6325b.pdf,2023-11-13,1600,weather_forecast,,36.0,75.0,,True,True,False,False,False,False,False,False,4428,ok
weather_20231114_0530_weather_forecast_50b4738e.pdf,2023-11-14,0530,weather_forecast,,24.0,75.0,,True,True,False,False,False,False,False,False,4249,ok
weather_20231114_1200_weather_forecast_1f937530.pdf,2023-11-14,1200,weather_forecast,,24.0,75.0,,True,True,False,False,False,False,False,False,3866,ok
weather_20231114_1600_weather_forecast_949b8015.pdf,2023-11-14,1600,weather_forecast,,36.0,75.0,,True,True,False,False,False,False,False,False,4534,ok
weather_20231115_0530_weather_forecast_edf3d0de.pdf,2023-11-15,0530,weather_forecast,,24.0,50.0,,True,True,False,False,False,False,False,False,4225,ok
weather_20231115_1200_weather_forecast_a527738c.pdf,2023-11-15,1200,weather_forecast,,24.0,50.0,,True,True,False,False,False,False,False,False,4782,ok
weather_20231115_1600_weather_forecast_976a036d.pdf,2023-11-15,1600,weather_forecast,,36.0,50.0,,True,True,False,False,False,False,False,False,4632,ok
weather_20231116_0530_weather_forecast_76e95f00.pdf,2023-11-16,0530,weather_forecast,,24.0,50.0,,True,True,False,False,False,False,False,False,4575,ok
weather_20231116_1200_weather_forecast_df87668c.pdf,2023-11-16,1200,weather_forecast,,24.0,50.0,,True,True,False,False,False,False,False,False,3723,ok
weather_20231116_1600_weather_forecast_2b40eee7.pdf,2023-11-16,1600,weather_forecast,,36.0,50.0,,True,True,False,False,False,False,False,False,4344,ok
weather_20231117_0530_weather_forecast_ca18a388.pdf,2023-11-17,0530,weather_forecast,,24.0,50.0,,True,True,False,False,False,False,False,False,3695,ok
weather_20231117_1200_weather_forecast_d5a1b0a1.pdf,2023-11-17,1200,weather_forecast,,24.0,100.0,,True,True,False,False,False,False,False,False,3814,ok
weather_20231117_1600_weather_forecast_4bc49abb.pdf,2023-11-17,1600,weather_forecast,,36.0,100.0,,True,True,False,False,False,False,False,False,4257,ok
weather_20231118_0530_weather_forecast_d6e949ae.pdf,2023-11-18,0530,weather_forecast,,24.0,100.0,,True,True,False,False,False,False,False,False,3433,ok
weather_20231118_1200_weather_forecast_b7964295.pdf,2023-11-18,1200,weather_forecast,,24.0,100.0,,True,True,False,False,False,False,False,False,3276,ok
weather_20231118_1300_heavy_rain_eba09c15.pdf,2023-11-18,1300,heavy_rain,Amber,,100.0,,True,True,False,False,False,False,False,False,1205,ok
weather_20231118_1300_thunderstorm_b4ee238e.pdf,2023-11-18,1300,thunderstorm,Amber,,,,False,True,False,False,False,False,False,False,3092,ok
weather_20231118_1600_weather_forecast_a4bdc62b.pdf,2023-11-18,1600,weather_forecast,,36.0,100.0,,True,True,False,False,False,False,False,False,4417,ok
weather_20231119_0530_weather_forecast_5de254f5.pdf,2023-11-19,0530,weather_forecast,,24.0,100.0,,True,True,False,False,False,False,False,False,3754,ok
weather_20231119_1200_weather_forecast_e4cd9bf3.pdf,2023-11-19,1200,weather_forecast,,24.0,75.0,,True,True,False,False,False,False,False,False,3670,ok
weather_20231119_1230_heavy_rain_1ecd552f.pdf,2023-11-19,1230,heavy_rain,Amber,,100.0,,True,True,False,False,False,False,False,False,1245,ok
weather_20231119_1245_thunderstorm_c78354e9.pdf,2023-11-19,1245,thunderstorm,Amber,,,,False,True,False,False,False,False,False,False,3060,ok
weather_20231119_1600_weather_forecast_397ca8c5.pdf,2023-11-19,1600,weather_forecast,,36.0,75.0,,True,True,False,False,False,False,False,False,4366,ok
weather_20231120_0530_weather_forecast_7a1fa0e0.pdf,2023-11-20,0530,weather_forecast,,24.0,75.0,,True,True,False,False,False,False,False,False,3425,ok
weather_20231120_1200_weather_forecast_650f5080.pdf,2023-11-20,1200,weather_forecast,,24.0,75.0,,True,True,False,False,False,False,False,False,3417,ok
weather_20231120_1600_weather_forecast_430ff597.pdf,2023-11-20,1600,weather_forecast,,36.0,75.0,,True,True,False,False,False,False,False,False,4602,ok
weather_20231121_0530_weather_forecast_ae9de442.pdf,2023-11-21,0530,weather_forecast,,24.0,75.0,,True,True,False,False,False,False,False,False,3583,ok
weather_20231121_1200_weather_forecast_ea3bf294.pdf,2023-11-21,1200,weather_forecast,,24.0,100.0,,True,True,False,False,False,False,False,False,3290,ok
weather_20231121_1600_heavy_rain_7095a918.pdf,2023-11-21,1600,heavy_rain,Amber,,75.0,,True,True,False,False,False,False,False,False,3157,ok
weather_20231122_0530_weather_forecast_329b19fe.pdf,2023-11-22,0530,weather_forecast,,24.0,100.0,,True,True,False,False,False,False,False,False,3663,ok
weather_20231122_1200_weather_forecast_451068f8.pdf,2023-11-22,1200,weather_forecast,,24.0,75.0,,True,True,False,False,False,False,False,False,3617,ok
weather_20231122_1230_thunderstorm_aeda2e82.pdf,2023-11-22,1230,thunderstorm,Amber,,100.0,,True,True,False,False,False,False,False,False,3157,ok
weather_20231122_1600_weather_forecast_050dbed1.pdf,2023-11-22,1600,weather_forecast,,36.0,75.0,,True,True,False,False,False,False,False,False,4340,ok
weather_20231123_0530_weather_forecast_aae21252.pdf,2023-11-23,0530,weather_forecast,,24.0,75.0,,True,True,False,False,False,False,False,False,3604,ok
weather_20231123_1200_weather_forecast_7f008d09.pdf,2023-11-23,1200,weather_forecast,,24.0,,,False,True,False,False,False,False,False,False,3038,ok
weather_20231123_1600_weather_forecast_71f3f3e5.pdf,2023-11-23,1600,weather_forecast,,36.0,,,False,True,False,False,False,False,False,False,4306,ok
weather_20231124_0530_weather_forecast_4f6f36d4.pdf,2023-11-24,0530,weather_forecast,,24.0,,,False,True,False,False,False,False,False,False,3169,ok
weather_20231124_1200_weather_forecast_f1f3c497.pdf,2023-11-24,1200,weather_forecast,,24.0,,,False,True,False,False,False,False,False,False,3408,ok
weather_20231124_1600_weather_forecast_ad8c6b80.pdf,2023-11-24,1600,weather_forecast,,36.0,,,False,True,False,False,False,False,False,False,4230,ok
weather_20231125_0530_weather_forecast_d5150501.pdf,2023-11-25,0530,weather_forecast,,24.0,,,False,True,False,False,False,False,False,False,3425,ok
weather_20231125_1200_weather_forecast_54a89e64.pdf,2023-11-25,1200,weather_forecast,,24.0,,,False,True,False,False,False,False,False,False,3796,ok
weather_20231125_1600_weather_forecast_1df3c126.pdf,2023-11-25,1600,weather_forecast,,36.0,,,False,True,False,False,False,False,False,False,3944,ok
weather_20231126_0530_weather_forecast_68de5f56.pdf,2023-11-26,0530,weather_forecast,,24.0,,,False,True,False,False,False,False,False,False,3732,ok
weather_20231126_1200_weather_forecast_704dac05.pdf,2023-11-26,1200,weather_forecast,,24.0,,,False,True,False,False,False,False,False,False,4039,ok
weather_20231126_1600_weather_forecast_5cfe955f.pdf,2023-11-26,1600,weather_forecast,,36.0,,,False,True,False,False,False,False,False,False,4436,ok
weather_20231127_0530_weather_forecast_0bbf5c68.pdf,2023-11-27,0530,weather_forecast,,24.0,75.0,,True,True,False,False,False,False,False,False,4467,ok
weather_20231127_1200_weather_forecast_2df0bc13.pdf,2023-11-27,1200,weather_forecast,,24.0,75.0,,True,True,False,False,True,False,False,False,5993,ok
weather_20231127_1600_weather_forecast_d5719f82.pdf,2023-11-27,1600,weather_forecast,,36.0,75.0,,True,True,False,False,False,False,False,False,4872,ok
weather_20231128_0530_weather_forecast_ec19f4f5.pdf,2023-11-28,0530,weather_forecast,,24.0,75.0,,True,True,False,False,True,False,False,False,5447,ok
weather_20231128_1200_weather_forecast_bb8a9e61.pdf,2023-11-28,1200,weather_forecast,,24.0,100.0,,True,True,False,False,True,False,False,False,5546,ok
weather_20231128_1400_heavy_rain_5f129f27.pdf,2023-11-28,1400,heavy_rain,Amber,,100.0,,True,False,False,False,False,False,False,False,664,ok
weather_20231128_1400_heavy_rain_7fef67db.pdf,2023-11-28,1400,heavy_rain,,,,,True,False,False,False,False,False,False,False,727,ok
weather_20231128_1600_weather_forecast_6c3d7647.pdf,2023-11-28,1600,weather_forecast,,36.0,100.0,,True,True,False,False,False,False,False,False,4647,ok
weather_20231129_0600_weather_forecast_a87f932b.pdf,2023-11-29,0600,weather_forecast,,24.0,100.0,,True,True,False,False,True,True,False,False,5664,ok
weather_20231129_1200_weather_forecast_c297b787.pdf,2023-11-29,1200,weather_forecast,,24.0,100.0,,True,True,False,False,True,True,False,False,5436,ok
weather_20231129_1600_weather_forecast_824cdd5a.pdf,2023-11-29,1600,weather_forecast,,36.0,100.0,,True,True,False,False,False,False,False,False,4626,ok
weather_20231130_0530_weather_forecast_570a45a9.pdf,2023-11-30,0530,weather_forecast,,24.0,100.0,,True,True,False,False,True,True,False,False,5715,ok
weather_20231130_1200_weather_forecast_7af06905.pdf,2023-11-30,1200,weather_forecast,,24.0,100.0,,True,True,False,False,True,True,False,False,6075,ok
weather_20231130_1600_weather_forecast_414668e6.pdf,2023-11-30,1600,weather_forecast,,36.0,100.0,,True,True,False,False,False,False,False,False,5094,ok
weather_20231201_0530_weather_forecast_25ae4d2b.pdf,2023-12-01,0530,weather_forecast,,24.0,100.0,,True,True,False,False,True,True,False,False,7081,ok
weather_20231201_1000_heavy_rain_5af5d5aa.pdf,2023-12-01,1000,heavy_rain,,,,,True,False,False,False,False,False,False,False,1235,ok
weather_20231201_1000_heavy_rain_86f73ffe.pdf,2023-12-01,1000,heavy_rain,Amber,,100.0,50.0,True,False,True,False,True,True,False,False,1178,ok
weather_20231201_1200_weather_forecast_66c8c016.pdf,2023-12-01,1200,weather_forecast,,24.0,100.0,,True,True,False,False,True,True,False,False,7675,ok
weather_20231201_1600_weather_forecast_967d4f96.pdf,2023-12-01,1600,weather_forecast,,36.0,100.0,50.0,True,True,True,False,True,True,False,False,5713,ok
weather_20231202_0530_weather_forecast_37777b8a.pdf,2023-12-02,0530,weather_forecast,,24.0,100.0,50.0,True,True,True,False,True,True,False,False,8655,ok
weather_20231202_1000_heavy_rain_945da68e.pdf,2023-12-02,1000,heavy_rain,Amber,,100.0,50.0,True,False,True,False,True,True,False,False,2920,ok
weather_20231202_1200_weather_forecast_d6ccdf7f.pdf,2023-12-02,1200,weather_forecast,,24.0,100.0,50.0,True,True,True,False,True,True,False,False,8930,ok
weather_20231202_1600_weather_forecast_7b72755e.pdf,2023-12-02,1600,weather_forecast,,36.0,100.0,50.0,True,True,True,False,True,True,False,False,5649,ok
weather_20231203_0530_weather_forecast_06d1a870.pdf,2023-12-03,0530,weather_forecast,,12.0,75.0,50.0,True,True,True,False,True,True,False,False,9680,ok
weather_20231203_1200_weather_forecast_60be49b9.pdf,2023-12-03,1200,weather_forecast,,24.0,75.0,,True,True,False,False,True,True,False,False,8429,ok
weather_20231203_1600_weather_forecast_e9b40838.pdf,2023-12-03,1600,weather_forecast,,36.0,75.0,,True,True,False,False,False,True,False,False,4882,ok
weather_20231204_0530_weather_forecast_40a089d8.pdf,2023-12-04,0530,weather_forecast,,24.0,75.0,,True,True,False,False,False,True,False,False,7464,ok
weather_20231204_1133_heavy_rain_3e051c27.pdf,2023-12-04,1133,heavy_rain,Amber,,100.0,,True,False,False,False,False,True,False,False,1437,ok
weather_20231204_1230_weather_forecast_91364566.pdf,2023-12-04,1230,weather_forecast,,24.0,,,False,True,False,False,False,True,False,False,7450,ok
weather_20231204_1600_weather_forecast_aab50ccc.pdf,2023-12-04,1600,weather_forecast,,36.0,100.0,,True,True,False,False,False,True,False,False,5128,ok
weather_20231205_0530_weather_forecast_c085fac9.pdf,2023-12-05,0530,weather_forecast,,24.0,,,False,True,False,False,False,True,False,False,6325,ok
weather_20231205_1200_weather_forecast_43d62972.pdf,2023-12-05,1200,weather_forecast,,24.0,,,False,True,False,False,False,True,False,False,6531,ok
weather_20231205_1600_weather_forecast_9190778f.pdf,2023-12-05,1600,weather_forecast,,36.0,,,False,True,False,False,False,True,False,False,5293,ok
weather_20231206_0530_weather_forecast_d927d4e9.pdf,2023-12-06,0530,weather_forecast,,24.0,,,False,True,False,False,False,True,False,False,5081,ok
weather_20231206_1200_weather_forecast_ba68eeb3.pdf,2023-12-06,1200,weather_forecast,,24.0,100.0,,True,True,False,False,False,False,False,False,4035,ok
weather_20231206_1600_weather_forecast_65ef290c.pdf,2023-12-06,1600,weather_forecast,,36.0,100.0,,True,True,False,False,False,False,False,False,4566,ok
weather_20231207_0530_weather_forecast_9b520d5e.pdf,2023-12-07,0530,weather_forecast,,24.0,75.0,,True,True,False,False,False,False,False,False,4074,ok
weather_20231207_1200_weather_forecast_228b3f5a.pdf,2023-12-07,1200,weather_forecast,,24.0,75.0,,True,True,False,False,False,False,False,False,3448,ok
weather_20231207_1600_weather_forecast_83495cc1.pdf,2023-12-07,1600,weather_forecast,,36.0,75.0,,True,True,False,False,False,False,False,False,4275,ok
weather_20231208_0530_weather_forecast_1fb5db63.pdf,2023-12-08,0530,weather_forecast,,24.0,75.0,,True,True,False,False,False,False,False,False,3823,ok
weather_20231208_1200_weather_forecast_d0c15807.pdf,2023-12-08,1200,weather_forecast,,24.0,75.0,,True,True,False,False,False,False,False,False,3807,ok
weather_20231208_1600_weather_forecast_1cafdea9.pdf,2023-12-08,1600,weather_forecast,,36.0,75.0,,True,True,False,False,False,False,False,False,4693,ok
weather_20231209_0530_weather_forecast_4ee36f17.pdf,2023-12-09,0530,weather_forecast,,24.0,100.0,,True,True,False,False,False,False,False,False,3916,ok
weather_20231209_1208_weather_forecast_c97f4e0a.pdf,2023-12-09,1208,weather_forecast,,24.0,75.0,,True,True,False,False,False,False,False,False,3441,ok
weather_20231209_1600_weather_forecast_789a64d5.pdf,2023-12-09,1600,weather_forecast,,36.0,100.0,,True,True,False,False,False,False,False,False,4473,ok
weather_20231210_0530_weather_forecast_2e92f2ae.pdf,2023-12-10,0530,weather_forecast,,24.0,,,False,True,False,False,False,False,False,False,3550,ok
weather_20231210_1200_weather_forecast_6b270720.pdf,2023-12-10,1200,weather_forecast,,24.0,,,False,True,False,False,False,False,False,False,3554,ok
weather_20231210_1600_weather_forecast_aaaf33ab.pdf,2023-12-10,1600,weather_forecast,,36.0,75.0,,True,True,False,False,False,False,False,False,4431,ok
weather_20231211_0530_weather_forecast_188d590a.pdf,2023-12-11,0530,weather_forecast,,24.0,75.0,,True,True,False,False,False,False,False,False,3815,ok
weather_20231211_1200_weather_forecast_616a4c9e.pdf,2023-12-11,1200,weather_forecast,,24.0,75.0,,True,True,False,False,False,False,False,False,4087,ok
weather_20231211_1600_weather_forecast_b0ba7995.pdf,2023-12-11,1600,weather_forecast,,36.0,,,False,True,False,False,False,False,False,False,4927,ok
weather_20231212_0530_weather_forecast_e826955c.pdf,2023-12-12,0530,weather_forecast,,24.0,75.0,,True,True,False,False,False,False,False,False,5098,ok
weather_20231212_1200_weather_forecast_361dfdf3.pdf,2023-12-12,1200,weather_forecast,,24.0,75.0,,True,True,False,False,False,False,False,False,4518,ok
weather_20231212_1600_weather_forecast_f57a0a59.pdf,2023-12-12,1600,weather_forecast,,36.0,75.0,,True,True,False,False,False,False,False,False,4605,ok
weather_20231213_0530_weather_forecast_83ce2536.pdf,2023-12-13,0530,weather_forecast,,24.0,75.0,,True,True,False,False,False,False,False,False,4639,ok
weather_20231213_1200_weather_forecast_40e66b65.pdf,2023-12-13,1200,weather_forecast,,24.0,100.0,,True,True,False,False,False,False,False,False,5012,ok
weather_20231213_1430_heavy_rain_d388eb2b.pdf,2023-12-13,1430,heavy_rain,Amber,,100.0,,True,True,False,False,False,False,False,False,1881,ok
weather_20231213_1600_weather_forecast_26b4ddfd.pdf,2023-12-13,1600,weather_forecast,,36.0,100.0,,True,True,False,False,False,False,False,False,5004,ok
weather_20231214_0530_weather_forecast_f3d3e169.pdf,2023-12-14,0530,weather_forecast,,24.0,100.0,,True,True,False,False,False,False,False,False,4955,ok
weather_20231214_1200_weather_forecast_af80de58.pdf,2023-12-14,1200,weather_forecast,,24.0,75.0,,True,True,False,False,False,False,False,False,4330,ok
weather_20231214_1600_weather_forecast_62647b80.pdf,2023-12-14,1600,weather_forecast,,36.0,75.0,,True,True,False,False,False,False,False,False,4545,ok
weather_20231215_0530_weather_forecast_4857b200.pdf,2023-12-15,0530,weather_forecast,,24.0,100.0,,True,True,False,False,False,False,False,False,4264,ok
weather_20231215_0800_heavy_rain_a1fa66cf.pdf,2023-12-15,0800,heavy_rain,Amber,,100.0,,True,True,False,False,False,False,False,False,1851,ok
weather_20231215_1227_weather_forecast_596fb062.pdf,2023-12-15,1227,weather_forecast,,24.0,100.0,,True,True,False,False,False,False,False,False,4423,ok
weather_20231215_1600_weather_forecast_5c484b58.pdf,2023-12-15,1600,weather_forecast,,36.0,100.0,,True,True,False,False,False,False,False,False,4083,ok
weather_20231216_0530_weather_forecast_df8fc0bf.pdf,2023-12-16,0530,weather_forecast,,24.0,100.0,,True,True,False,False,False,False,False,False,4393,ok
weather_20231216_0936_heavy_rain_e70fe3de.pdf,2023-12-16,0936,heavy_rain,Amber,,100.0,,True,True,False,False,False,False,False,False,2069,ok
weather_20231216_1000_heavy_rain_3ad75d9b.pdf,2023-12-16,1000,heavy_rain,Amber,,,,False,False,False,False,False,False,False,True,2111,ok
weather_20231216_1230_weather_forecast_503ff281.pdf,2023-12-16,1230,weather_forecast,,24.0,100.0,,True,True,False,False,False,False,False,False,4349,ok
weather_20231216_1600_weather_forecast_2b1e65c6.pdf,2023-12-16,1600,weather_forecast,,36.0,100.0,,True,True,False,False,False,False,False,False,4193,ok
weather_20231217_0547_weather_forecast_b198e7a6.pdf,2023-12-17,0547,weather_forecast,,24.0,75.0,,True,True,False,False,False,False,False,False,4019,ok
weather_20231217_1200_weather_forecast_ecb7b64e.pdf,2023-12-17,1200,weather_forecast,,24.0,75.0,,True,True,False,False,False,False,False,False,4269,ok
weather_20231217_1600_weather_forecast_b3f01670.pdf,2023-12-17,1600,weather_forecast,,36.0,75.0,,True,True,False,False,False,False,False,False,4267,ok
weather_20231218_0530_weather_forecast_ab03f679.pdf,2023-12-18,0530,weather_forecast,,24.0,75.0,,True,True,False,False,False,False,False,False,4365,ok
weather_20231218_1200_weather_forecast_5165ba79.pdf,2023-12-18,1200,weather_forecast,,24.0,75.0,,True,True,False,False,False,False,False,False,4020,ok
weather_20231218_1600_weather_forecast_a773082d.pdf,2023-12-18,1600,weather_forecast,,36.0,75.0,,True,True,False,False,False,False,False,False,4445,ok
weather_20231219_0530_weather_forecast_02ba2b06.pdf,2023-12-19,0530,weather_forecast,,24.0,75.0,,True,True,False,False,False,False,False,False,3987,ok
weather_20231219_1200_weather_forecast_faab9779.pdf,2023-12-19,1200,weather_forecast,,24.0,,,False,True,False,False,False,False,False,False,4109,ok
weather_20231219_1600_weather_forecast_3e982f9c.pdf,2023-12-19,1600,weather_forecast,,36.0,,,False,True,False,False,False,False,False,False,4711,ok
weather_20231220_0530_weather_forecast_d2c67fd3.pdf,2023-12-20,0530,weather_forecast,,24.0,,,False,True,False,False,False,False,False,False,4488,ok
weather_20231220_1200_weather_forecast_b693032f.pdf,2023-12-20,1200,weather_forecast,,24.0,,,False,True,False,False,False,False,False,False,4300,ok
weather_20231220_1600_weather_forecast_09e624ad.pdf,2023-12-20,1600,weather_forecast,,36.0,,,False,True,False,False,False,False,False,False,4513,ok
weather_20231221_0530_weather_forecast_9fc524c9.pdf,2023-12-21,0530,weather_forecast,,24.0,,,False,True,False,False,False,False,False,False,4284,ok
weather_20231221_1215_weather_forecast_463be662.pdf,2023-12-21,1215,weather_forecast,,24.0,,,False,True,False,False,False,False,False,False,3984,ok
weather_20231221_1800_weather_forecast_4c5d549c.pdf,2023-12-21,1800,weather_forecast,,36.0,,,False,True,False,False,False,False,False,False,4078,ok
weather_20231222_0530_weather_forecast_3fcdac30.pdf,2023-12-22,0530,weather_forecast,,24.0,,,False,True,False,False,False,False,False,False,4001,ok
weather_20231222_1200_weather_forecast_20760d6b.pdf,2023-12-22,1200,weather_forecast,,24.0,,,False,True,False,False,False,False,False,False,4073,ok
weather_20231222_1600_weather_forecast_020515a8.pdf,2023-12-22,1600,weather_forecast,,36.0,,,False,True,False,False,False,False,False,False,4051,ok
weather_20231223_0530_weather_forecast_5aa2d96a.pdf,2023-12-23,0530,weather_forecast,,24.0,,40.0,False,True,True,False,False,False,False,False,4143,ok
weather_20231223_1200_weather_forecast_1ef37fde.pdf,2023-12-23,1200,weather_forecast,,24.0,,40.0,False,True,True,False,False,False,False,False,4197,ok
weather_20231223_1600_weather_forecast_ed0b1fbe.pdf,2023-12-23,1600,weather_forecast,,36.0,,40.0,False,True,True,False,False,False,False,False,4713,ok
weather_20231224_0530_weather_forecast_9260b469.pdf,2023-12-24,0530,weather_forecast,,24.0,,40.0,False,True,True,False,False,False,False,False,4088,ok
weather_20231224_1200_weather_forecast_e2b93bc8.pdf,2023-12-24,1200,weather_forecast,,24.0,,40.0,False,True,True,False,False,False,False,False,4336,ok
weather_20231224_1600_weather_forecast_15be759b.pdf,2023-12-24,1600,weather_forecast,,36.0,,40.0,False,True,True,False,False,False,False,False,4428,ok
weather_20231225_0530_weather_forecast_e5aa77fd.pdf,2023-12-25,0530,weather_forecast,,24.0,,40.0,False,True,True,False,False,False,False,False,4396,ok
weather_20231225_1200_weather_forecast_dbc8379d.pdf,2023-12-25,1200,weather_forecast,,24.0,,40.0,False,True,True,False,False,False,False,False,4689,ok
weather_20231225_1800_weather_forecast_46db3626.pdf,2023-12-25,1800,weather_forecast,,36.0,,40.0,False,True,True,False,False,False,False,False,4971,ok
weather_20231226_0530_weather_forecast_a65cb30c.pdf,2023-12-26,0530,weather_forecast,,24.0,,40.0,False,True,True,False,False,False,False,False,5044,ok
weather_20231226_1200_weather_forecast_8d867b2a.pdf,2023-12-26,1200,weather_forecast,,24.0,,40.0,False,True,True,False,False,False,False,False,5282,ok
weather_20231226_1600_weather_forecast_4e9e98b8.pdf,2023-12-26,1600,weather_forecast,,36.0,,40.0,False,True,True,False,False,False,False,False,6411,ok
weather_20231227_0530_weather_forecast_a21fc845.pdf,2023-12-27,0530,weather_forecast,,24.0,75.0,40.0,True,True,True,False,False,False,False,False,5325,ok
weather_20231227_1200_weather_forecast_d44481f6.pdf,2023-12-27,1200,weather_forecast,,24.0,75.0,40.0,True,True,True,False,False,False,False,False,5291,ok
weather_20231227_1600_weather_forecast_a576fd2b.pdf,2023-12-27,1600,weather_forecast,,36.0,75.0,40.0,True,True,True,False,False,False,False,False,4980,ok
weather_20231228_0530_weather_forecast_194e4b34.pdf,2023-12-28,0530,weather_forecast,,24.0,75.0,40.0,True,True,True,False,False,False,False,False,5390,ok
weather_20231228_1200_weather_forecast_dbcb4b39.pdf,2023-12-28,1200,weather_forecast,,24.0,50.0,40.0,True,True,True,False,False,False,False,False,5485,ok
weather_20231228_1600_weather_forecast_3a012048.pdf,2023-12-28,1600,weather_forecast,,36.0,50.0,40.0,True,True,True,False,False,False,False,False,4907,ok
weather_20231229_0530_weather_forecast_111d8a8b.pdf,2023-12-29,0530,weather_forecast,,24.0,50.0,40.0,True,True,True,False,False,False,False,False,5317,ok
weather_20231229_1200_weather_forecast_44371754.pdf,2023-12-29,1200,weather_forecast,,24.0,75.0,40.0,True,True,True,False,False,False,False,False,5343,ok
weather_20231229_1600_weather_forecast_c11a6ba9.pdf,2023-12-29,1600,weather_forecast,,36.0,75.0,40.0,True,True,True,False,False,False,False,False,4748,ok
weather_20231230_0530_weather_forecast_89b89f0f.pdf,2023-12-30,0530,weather_forecast,,24.0,75.0,40.0,True,True,True,False,False,False,False,False,5343,ok
weather_20231230_1230_weather_forecast_2f130034.pdf,2023-12-30,1230,weather_forecast,,24.0,75.0,40.0,True,True,True,False,False,False,False,False,5346,ok
weather_20231230_1600_weather_forecast_3a1878cb.pdf,2023-12-30,1600,weather_forecast,,36.0,75.0,40.0,True,True,True,False,False,False,False,False,5003,ok
weather_20231231_0530_weather_forecast_32e4272d.pdf,2023-12-31,0530,weather_forecast,,24.0,75.0,40.0,True,True,True,False,False,False,False,False,5512,ok
weather_20231231_1200_weather_forecast_51c8abf2.pdf,2023-12-31,1200,weather_forecast,,24.0,75.0,35.0,True,True,False,False,False,False,False,False,5081,ok
weather_20231231_1600_weather_forecast_6371cad9.pdf,2023-12-31,1600,weather_forecast,,36.0,75.0,35.0,True,True,False,False,False,False,False,False,5047,ok
weather_20240101_0530_weather_forecast_8ac667e8.pdf,2024-01-01,0530,weather_forecast,,24.0,100.0,35.0,True,True,False,False,False,False,False,False,4903,ok
weather_20240101_1200_weather_forecast_4fa4d687.pdf,2024-01-01,1200,weather_forecast,,24.0,50.0,,True,True,False,False,False,False,False,False,4618,ok
weather_20240101_1600_weather_forecast_e2e38fd6.pdf,2024-01-01,1600,weather_forecast,,36.0,50.0,,True,True,False,False,False,False,False,False,4209,ok
weather_20240101_2230_heavy_rain_045c3fbc.pdf,2024-01-01,2230,heavy_rain,Amber,,100.0,,True,True,False,False,False,False,False,False,2268,ok
weather_20240102_0530_weather_forecast_12fcc44b.pdf,2024-01-02,0530,weather_forecast,,24.0,75.0,,True,True,False,False,False,False,False,False,4711,ok
weather_20240102_1200_weather_forecast_822dfaac.pdf,2024-01-02,1200,weather_forecast,,24.0,50.0,,True,True,False,False,False,False,False,False,4659,ok
weather_20240102_1600_weather_forecast_295b218e.pdf,2024-01-02,1600,weather_forecast,,36.0,50.0,,True,True,False,False,False,False,False,False,4578,ok
weather_20240103_0530_weather_forecast_58e14c69.pdf,2024-01-03,0530,weather_forecast,,24.0,50.0,,True,True,False,False,False,False,False,False,4362,ok
weather_20240103_1200_weather_forecast_f8446842.pdf,2024-01-03,1200,weather_forecast,,24.0,,,False,True,False,False,False,False,False,False,3905,ok
weather_20240103_1600_weather_forecast_eed59d2b.pdf,2024-01-03,1600,weather_forecast,,36.0,,,False,True,False,False,False,False,False,False,4230,ok
weather_20240104_0530_weather_forecast_ecb926b2.pdf,2024-01-04,0530,weather_forecast,,24.0,,,False,True,False,False,False,False,False,False,3807,ok
weather_20240104_1200_weather_forecast_1b2ced4c.pdf,2024-01-04,1200,weather_forecast,,24.0,50.0,,True,True,False,False,False,False,False,False,4073,ok
weather_20240104_1600_weather_forecast_cc52fc3a.pdf,2024-01-04,1600,weather_forecast,,36.0,50.0,,True,True,False,False,False,False,False,False,4542,ok
weather_20240105_0530_weather_forecast_8cd2bd2f.pdf,2024-01-05,0530,weather_forecast,,24.0,,,False,True,False,False,False,False,False,False,3572,ok
weather_20240105_1200_weather_forecast_d7a7cc65.pdf,2024-01-05,1200,weather_forecast,,24.0,,,False,True,False,False,False,False,False,False,3576,ok
weather_20240105_1600_weather_forecast_b2362f70.pdf,2024-01-05,1600,weather_forecast,,36.0,,,False,True,False,False,False,False,False,False,4341,ok
weather_20240105_1600_weather_forecast_e3052544.pdf,2024-01-05,1600,weather_forecast,,36.0,,,False,True,False,False,False,False,False,False,4341,ok
weather_20240106_0530_weather_forecast_bf63d78f.pdf,2024-01-06,0530,weather_forecast,,24.0,,,False,True,False,False,False,False,False,False,3603,ok
weather_20240106_1200_weather_forecast_22620369.pdf,2024-01-06,1200,weather_forecast,,24.0,75.0,,True,True,False,False,False,False,False,False,4207,ok
weather_20240106_1600_weather_forecast_1f17ed79.pdf,2024-01-06,1600,weather_forecast,,36.0,75.0,,True,True,False,False,False,False,False,False,4833,ok
weather_20240107_0530_weather_forecast_028226c8.pdf,2024-01-07,0530,weather_forecast,,24.0,75.0,,True,True,False,False,False,False,False,False,4412,ok
weather_20240107_0700_weather_forecast_9f97187b.pdf,2024-01-07,0700,weather_forecast,,24.0,,,False,False,False,False,False,False,False,True,5898,ok
weather_20240107_1200_weather_forecast_e2e22fb2.pdf,2024-01-07,1200,weather_forecast,,24.0,100.0,,True,True,False,False,False,False,False,False,3996,ok
weather_20240107_1600_weather_forecast_4d2aa9bd.pdf,2024-01-07,1600,weather_forecast,,36.0,100.0,,True,True,False,False,False,False,False,False,4505,ok
weather_20240108_0530_weather_forecast_a115053b.pdf,2024-01-08,0530,weather_forecast,,24.0,100.0,,True,True,False,False,False,False,False,False,4498,ok
weather_20240108_1200_weather_forecast_598779ec.pdf,2024-01-08,1200,weather_forecast,,24.0,100.0,,True,True,False,False,False,False,False,False,4851,ok
weather_20240108_1600_weather_forecast_3be313fc.pdf,2024-01-08,1600,weather_forecast,,36.0,100.0,,True,True,False,False,False,False,False,False,4729,ok
weather_20240109_0530_weather_forecast_5ea42ea0.pdf,2024-01-09,0530,weather_forecast,,24.0,100.0,,True,True,False,False,False,False,False,False,4994,ok
weather_20240109_0930_heavy_rain_6354135e.pdf,2024-01-09,0930,heavy_rain,Amber,24.0,100.0,,True,True,False,False,False,False,False,False,2429,ok
weather_20240109_1200_weather_forecast_6df3c959.pdf,2024-01-09,1200,weather_forecast,,24.0,100.0,,True,True,False,False,False,False,False,False,3931,ok
weather_20240109_1600_weather_forecast_4fb68556.pdf,2024-01-09,1600,weather_forecast,,36.0,100.0,,True,True,False,False,False,False,False,False,4850,ok
weather_20240110_0530_weather_forecast_5983455c.pdf,2024-01-10,0530,weather_forecast,,24.0,100.0,,True,True,False,False,False,False,False,False,3733,ok
weather_20240110_0930_heavy_rain_b336ac1e.pdf,2024-01-10,0930,heavy_rain,Amber,24.0,100.0,50.0,True,False,True,False,False,False,False,False,2365,ok
weather_20240110_1200_weather_forecast_9662bce3.pdf,2024-01-10,1200,weather_forecast,,24.0,,,False,True,False,False,False,False,False,False,4347,ok
weather_20240110_1600_weather_forecast_31f37cda.pdf,2024-01-10,1600,weather_forecast,,36.0,,,False,True,False,False,False,False,False,False,4418,ok
weather_20240111_0530_weather_forecast_9fc33992.pdf,2024-01-11,0530,weather_forecast,,24.0,50.0,,True,True,False,False,False,False,False,False,4660,ok
weather_20240111_1200_weather_forecast_be9bce5b.pdf,2024-01-11,1200,weather_forecast,,24.0,,,False,True,False,False,False,False,False,False,3830,ok
weather_20240111_1600_weather_forecast_22d25a95.pdf,2024-01-11,1600,weather_forecast,,36.0,,,False,True,False,False,False,False,False,False,4266,ok
weather_20240112_0530_weather_forecast_d649dfc9.pdf,2024-01-12,0530,weather_forecast,,24.0,,,False,True,False,False,False,False,False,False,3938,ok
weather_20240112_1200_weather_forecast_668fe353.pdf,2024-01-12,1200,weather_forecast,,24.0,,,False,True,False,False,False,False,False,False,3787,ok
weather_20240112_1600_weather_forecast_0b55e0f0.pdf,2024-01-12,1600,weather_forecast,,36.0,,,False,True,False,False,False,False,False,False,3888,ok
weather_20240113_0530_weather_forecast_f01e8e0d.pdf,2024-01-13,0530,weather_forecast,,24.0,,,False,False,False,False,False,False,False,False,2990,ok
weather_20240113_1200_weather_forecast_a1bbcabb.pdf,2024-01-13,1200,weather_forecast,,24.0,,40.0,False,False,True,False,False,False,False,False,3340,ok
weather_20240113_1600_weather_forecast_e5e69339.pdf,2024-01-13,1600,weather_forecast,,36.0,,40.0,False,False,True,False,False,False,False,False,3454,ok
weather_20240114_0530_weather_forecast_2112b47e.pdf,2024-01-14,0530,weather_forecast,,24.0,,40.0,False,False,True,False,False,False,False,False,3356,ok
weather_20240114_1200_weather_forecast_2a8d1f18.pdf,2024-01-14,1200,weather_forecast,,24.0,,,False,False,False,False,False,False,False,False,3043,ok
weather_20240114_1600_weather_forecast_4ee6d6fe.pdf,2024-01-14,1600,weather_forecast,,36.0,,,False,False,False,False,False,False,False,False,3148,ok
weather_20240115_0530_weather_forecast_73530460.pdf,2024-01-15,0530,weather_forecast,,24.0,,,False,False,False,False,False,False,False,False,2965,ok
weather_20240115_1200_weather_forecast_01646ee0.pdf,2024-01-15,1200,weather_forecast,,24.0,,,False,False,False,False,False,False,False,False,3060,ok
weather_20240115_1600_weather_forecast_65054b74.pdf,2024-01-15,1600,weather_forecast,,36.0,,,False,False,False,False,False,False,False,False,3230,ok
weather_20240116_0530_weather_forecast_5fdc6f1e.pdf,2024-01-16,0530,weather_forecast,,24.0,,,False,False,False,False,False,False,False,False,3083,ok
weather_20240116_1200_weather_forecast_742ab3fb.pdf,2024-01-16,1200,weather_forecast,,24.0,,,False,False,False,False,False,False,False,False,3022,ok
weather_20240116_1600_weather_forecast_0c65c906.pdf,2024-01-16,1600,weather_forecast,,36.0,,,False,False,False,False,False,False,False,False,3196,ok
weather_20240117_0530_weather_forecast_b89031cf.pdf,2024-01-17,0530,weather_forecast,,24.0,,,False,False,False,False,False,False,False,False,2660,ok
weather_20240117_1200_weather_forecast_a0806490.pdf,2024-01-17,1200,weather_forecast,,24.0,,,False,False,False,False,False,False,False,False,2721,ok
weather_20240117_1600_weather_forecast_72cc0a76.pdf,2024-01-17,1600,weather_forecast,,36.0,,,False,True,False,False,False,False,False,False,3584,ok
weather_20240118_0530_weather_forecast_149bb09b.pdf,2024-01-18,0530,weather_forecast,,24.0,,,False,False,False,False,False,False,False,False,2962,ok
weather_20240118_1200_weather_forecast_069994bc.pdf,2024-01-18,1200,weather_forecast,,24.0,,,False,True,False,False,False,False,False,False,3539,ok
weather_20240118_1600_weather_forecast_1ca87d67.pdf,2024-01-18,1600,weather_forecast,,36.0,,,False,True,False,False,False,False,False,False,4377,ok
weather_20240119_0530_weather_forecast_ef4ad21b.pdf,2024-01-19,0530,weather_forecast,,24.0,75.0,,True,True,False,False,False,False,False,False,4312,ok
weather_20240119_1200_weather_forecast_4add553f.pdf,2024-01-19,1200,weather_forecast,,24.0,,,False,True,False,False,False,False,False,False,4246,ok
weather_20240119_1600_weather_forecast_9b3519b6.pdf,2024-01-19,1600,weather_forecast,,36.0,,,False,True,False,False,False,False,False,False,4247,ok
weather_20240120_0530_weather_forecast_0141cc62.pdf,2024-01-20,0530,weather_forecast,,24.0,75.0,,True,True,False,False,False,False,False,False,4384,ok
weather_20240120_1200_weather_forecast_7c51e428.pdf,2024-01-20,1200,weather_forecast,,24.0,,,False,False,False,False,False,False,False,False,3339,ok
weather_20240120_1600_weather_forecast_64504d74.pdf,2024-01-20,1600,weather_forecast,,36.0,,,False,False,False,False,False,False,False,False,3819,ok
weather_20240121_0530_weather_forecast_a3435420.pdf,2024-01-21,0530,weather_forecast,,24.0,,,False,True,False,False,False,False,False,False,3916,ok
weather_20240121_1200_weather_forecast_09371ae6.pdf,2024-01-21,1200,weather_forecast,,24.0,,,False,True,False,False,False,False,False,False,3542,ok
weather_20240121_1600_weather_forecast_2d747325.pdf,2024-01-21,1600,weather_forecast,,36.0,,,False,True,False,False,False,False,False,False,3734,ok
weather_20240122_0530_weather_forecast_24c6bd30.pdf,2024-01-22,0530,weather_forecast,,24.0,,,False,True,False,False,False,False,False,False,3263,ok
weather_20240122_1200_weather_forecast_faa04ecf.pdf,2024-01-22,1200,weather_forecast,,24.0,,,False,True,False,False,False,False,False,False,3138,ok
weather_20240122_1600_weather_forecast_617032fc.pdf,2024-01-22,1600,weather_forecast,,36.0,,,False,True,False,False,False,False,False,False,3690,ok
weather_20240123_0530_weather_forecast_5e391b90.pdf,2024-01-23,0530,weather_forecast,,24.0,,,False,True,False,False,False,False,False,False,3322,ok
weather_20240123_1200_weather_forecast_9b88f595.pdf,2024-01-23,1200,weather_forecast,,24.0,,,False,False,False,False,False,False,False,False,3061,ok
weather_20240123_1600_weather_forecast_1b1ab8ed.pdf,2024-01-23,1600,weather_forecast,,36.0,,,False,False,False,False,False,False,False,False,3268,ok
weather_20240124_0530_weather_forecast_42a0e981.pdf,2024-01-24,0530,weather_forecast,,24.0,,,False,False,False,False,False,False,False,False,3100,ok
weather_20240124_1200_weather_forecast_e97491e5.pdf,2024-01-24,1200,weather_forecast,,24.0,,,False,False,False,False,False,False,False,False,3102,ok
weather_20240124_1600_weather_forecast_4029b647.pdf,2024-01-24,1600,weather_forecast,,36.0,,,False,False,False,False,False,False,False,False,3287,ok
weather_20240125_0530_weather_forecast_3a0bb986.pdf,2024-01-25,0530,weather_forecast,,24.0,,,False,False,False,False,False,False,False,False,3099,ok
weather_20240125_1200_weather_forecast_a88bbda7.pdf,2024-01-25,1200,weather_forecast,,24.0,,,False,False,False,False,False,False,False,False,3143,ok
weather_20240125_1600_weather_forecast_fa1a0022.pdf,2024-01-25,1600,weather_forecast,,36.0,,,False,False,False,False,False,False,False,False,3287,ok
weather_20240126_0530_weather_forecast_0a0b347a.pdf,2024-01-26,0530,weather_forecast,,24.0,,,False,False,False,False,False,False,False,False,3391,ok
weather_20240126_1200_weather_forecast_e84019f5.pdf,2024-01-26,1200,weather_forecast,,24.0,,,False,True,False,False,False,False,False,False,3718,ok
weather_20240126_1600_weather_forecast_a8420df7.pdf,2024-01-26,1600,weather_forecast,,36.0,,,False,True,False,False,False,False,False,False,4124,ok
weather_20240127_0530_weather_forecast_3ec8eff5.pdf,2024-01-27,0530,weather_forecast,,24.0,,40.0,False,True,True,False,False,False,False,False,3488,ok
weather_20240127_1200_weather_forecast_a98a4cde.pdf,2024-01-27,1200,weather_forecast,,24.0,,40.0,False,True,True,False,False,False,False,False,4167,ok
weather_20240127_1600_weather_forecast_de639e4a.pdf,2024-01-27,1600,weather_forecast,,36.0,,40.0,False,True,True,False,False,False,False,False,4497,ok
weather_20240128_0530_weather_forecast_1448306a.pdf,2024-01-28,0530,weather_forecast,,24.0,,40.0,False,True,True,False,False,False,False,False,4421,ok
weather_20240128_1200_weather_forecast_517771b1.pdf,2024-01-28,1200,weather_forecast,,24.0,,40.0,False,True,True,False,False,False,False,False,4428,ok
weather_20240128_1600_weather_forecast_14bc023c.pdf,2024-01-28,1600,weather_forecast,,36.0,,40.0,False,True,True,False,False,False,False,False,4390,ok
weather_20240129_0530_weather_forecast_581d9572.pdf,2024-01-29,0530,weather_forecast,,24.0,,40.0,False,True,True,False,False,False,False,False,4351,ok
weather_20240129_1200_weather_forecast_11787684.pdf,2024-01-29,1200,weather_forecast,,24.0,,,False,True,False,False,False,False,False,False,3970,ok
weather_20240129_1600_weather_forecast_47c1a20b.pdf,2024-01-29,1600,weather_forecast,,36.0,,,False,True,False,False,False,False,False,False,4097,ok
weather_20240130_0530_weather_forecast_3d28e767.pdf,2024-01-30,0530,weather_forecast,,24.0,75.0,,True,True,False,False,False,False,False,False,3915,ok
weather_20240130_1200_weather_forecast_4a5840ab.pdf,2024-01-30,1200,weather_forecast,,24.0,75.0,,True,True,False,False,False,False,False,False,4150,ok
weather_20240130_1600_weather_forecast_cb9e696b.pdf,2024-01-30,1600,weather_forecast,,36.0,75.0,,True,True,False,False,False,False,False,False,4734,ok
weather_20240131_0530_weather_forecast_151f4ca3.pdf,2024-01-31,0530,weather_forecast,,24.0,75.0,,True,True,False,False,False,False,False,False,4354,ok
weather_20240131_1200_weather_forecast_475dfd9c.pdf,2024-01-31,1200,weather_forecast,,24.0,75.0,,True,True,False,False,False,False,False,False,4224,ok
weather_20240131_1600_weather_forecast_463f0c5a.pdf,2024-01-31,1600,weather_forecast,,36.0,75.0,,True,True,False,False,False,False,False,False,4641,ok
weather_20240201_0530_weather_forecast_88fb915b.pdf,2024-02-01,0530,weather_forecast,,24.0,75.0,,True,True,False,False,False,False,False,False,3858,ok
weather_20240201_1200_weather_forecast_86f5c6b5.pdf,2024-02-01,1200,weather_forecast,,24.0,,,False,True,False,False,False,False,False,False,3637,ok
weather_20240201_1600_weather_forecast_617581cf.pdf,2024-02-01,1600,weather_forecast,,36.0,,,False,True,False,False,False,False,False,False,3698,ok
weather_20240202_0530_weather_forecast_1e1a8a93.pdf,2024-02-02,0530,weather_forecast,,24.0,,,False,True,False,False,False,False,False,False,3135,ok
weather_20240202_1200_weather_forecast_f3f31b36.pdf,2024-02-02,1200,weather_forecast,,24.0,,,False,True,False,False,False,False,False,False,4235,ok
weather_20240202_1600_weather_forecast_c6262eff.pdf,2024-02-02,1600,weather_forecast,,36.0,,,False,True,False,False,False,False,False,False,4297,ok
weather_20240203_0530_weather_forecast_38f4a15a.pdf,2024-02-03,0530,weather_forecast,,24.0,,,False,True,False,False,False,False,False,False,4281,ok
weather_20240203_1200_weather_forecast_43feaf9a.pdf,2024-02-03,1200,weather_forecast,,24.0,,,False,True,False,False,False,False,False,False,4435,ok
weather_20240203_1600_weather_forecast_0b7e30cd.pdf,2024-02-03,1600,weather_forecast,,36.0,,,False,True,False,False,False,False,False,False,4388,ok
weather_20240204_0530_weather_forecast_6d5d4691.pdf,2024-02-04,0530,weather_forecast,,24.0,,,False,True,False,False,False,False,False,False,4430,ok
weather_20240204_1200_weather_forecast_b7439a19.pdf,2024-02-04,1200,weather_forecast,,24.0,,,False,True,False,False,False,False,False,False,4449,ok
weather_20240204_1600_weather_forecast_81c6d4c3.pdf,2024-02-04,1600,weather_forecast,,36.0,,,False,True,False,False,False,False,False,False,4486,ok
weather_20240205_0530_weather_forecast_93bbfdff.pdf,2024-02-05,0530,weather_forecast,,24.0,,,False,True,False,False,False,False,False,False,4423,ok
weather_20240205_1200_weather_forecast_702c7021.pdf,2024-02-05,1200,weather_forecast,,24.0,,,False,True,False,False,False,False,False,False,4231,ok
weather_20240205_1600_weather_forecast_05a9ad68.pdf,2024-02-05,1600,weather_forecast,,36.0,,,False,True,False,False,False,False,False,False,3958,ok
weather_20240206_0530_weather_forecast_576035dc.pdf,2024-02-06,0530,weather_forecast,,24.0,,,False,False,False,False,False,False,False,False,3241,ok
weather_20240206_1200_weather_forecast_347c0d29.pdf,2024-02-06,1200,weather_forecast,,24.0,,,False,False,False,False,False,False,False,False,3151,ok
weather_20240206_1600_weather_forecast_9fb7b930.pdf,2024-02-06,1600,weather_forecast,,36.0,,,False,False,False,False,False,False,False,False,3281,ok
weather_20240207_0530_weather_forecast_26192129.pdf,2024-02-07,0530,weather_forecast,,24.0,,,False,False,False,False,False,False,False,False,3161,ok
weather_20240207_1200_weather_forecast_b80bc2a4.pdf,2024-02-07,1200,weather_forecast,,24.0,,,False,False,False,False,False,False,False,False,2881,ok
weather_20240207_1600_weather_forecast_d52eca32.pdf,2024-02-07,1600,weather_forecast,,36.0,,,False,False,False,False,False,False,False,False,3063,ok
weather_20240208_0530_weather_forecast_63c22bc4.pdf,2024-02-08,0530,weather_forecast,,24.0,,,False,False,False,False,False,False,False,False,2874,ok
weather_20240208_1200_weather_forecast_44c4d4b5.pdf,2024-02-08,1200,weather_forecast,,24.0,,,False,False,False,False,False,False,False,False,2911,ok
weather_20240208_1600_weather_forecast_af4d0acd.pdf,2024-02-08,1600,weather_forecast,,36.0,,,False,False,False,False,False,False,False,False,3102,ok
weather_20240209_0530_weather_forecast_5315c63b.pdf,2024-02-09,0530,weather_forecast,,24.0,,,False,False,False,False,False,False,False,False,3237,ok
weather_20240209_1200_weather_forecast_f9a16c1d.pdf,2024-02-09,1200,weather_forecast,,24.0,,,False,False,False,False,False,False,False,False,3241,ok
weather_20240209_1600_weather_forecast_f9f50247.pdf,2024-02-09,1600,weather_forecast,,36.0,,,False,False,False,False,False,False,False,False,3103,ok
weather_20240210_0530_weather_forecast_b1742a58.pdf,2024-02-10,0530,weather_forecast,,24.0,,,False,False,False,False,False,False,False,False,2999,ok
weather_20240210_1200_weather_forecast_1d1550d3.pdf,2024-02-10,1200,weather_forecast,,24.0,,,False,False,False,False,False,False,False,False,3241,ok
weather_20240210_1600_weather_forecast_6d459f2f.pdf,2024-02-10,1600,weather_forecast,,36.0,,40.0,False,False,True,False,False,False,False,False,3447,ok
weather_20240211_0530_weather_forecast_266126a6.pdf,2024-02-11,0530,weather_forecast,,24.0,,40.0,False,False,True,False,False,False,False,False,3416,ok
weather_20240211_1200_weather_forecast_7f40148b.pdf,2024-02-11,1200,weather_forecast,,24.0,,40.0,False,True,True,False,False,False,False,False,4058,ok
weather_20240211_1600_weather_forecast_cfc2f602.pdf,2024-02-11,1600,weather_forecast,,36.0,,40.0,False,True,True,False,False,False,False,False,4245,ok
weather_20240212_0530_weather_forecast_209d641c.pdf,2024-02-12,0530,weather_forecast,,24.0,,40.0,False,True,True,False,False,False,False,False,3826,ok
weather_20240212_1200_weather_forecast_84be4033.pdf,2024-02-12,1200,weather_forecast,,24.0,,40.0,False,True,True,False,False,False,False,False,3960,ok
weather_20240212_1600_weather_forecast_66cb4f3b.pdf,2024-02-12,1600,weather_forecast,,36.0,,40.0,False,True,True,False,False,False,False,False,4269,ok
weather_20240213_0530_weather_forecast_64b6c131.pdf,2024-02-13,0530,weather_forecast,,24.0,,40.0,False,True,True,False,False,False,False,False,4194,ok
weather_20240213_1200_weather_forecast_a34f78a4.pdf,2024-02-13,1200,weather_forecast,,24.0,,40.0,False,True,True,False,False,False,False,False,4220,ok
weather_20240213_1600_weather_forecast_86dbba31.pdf,2024-02-13,1600,weather_forecast,,36.0,,40.0,False,True,True,False,False,False,False,False,4379,ok
weather_20240214_0530_weather_forecast_fa905ba0.pdf,2024-02-14,0530,weather_forecast,,24.0,,40.0,False,True,True,False,False,False,False,False,4237,ok
weather_20240214_1200_weather_forecast_07cb75d9.pdf,2024-02-14,1200,weather_forecast,,24.0,,40.0,False,True,True,False,False,False,False,False,4235,ok
weather_20240214_1600_weather_forecast_867bea42.pdf,2024-02-14,1600,weather_forecast,,36.0,,40.0,False,True,True,False,False,False,False,False,4365,ok
weather_20240215_0530_weather_forecast_28302b34.pdf,2024-02-15,0530,weather_forecast,,24.0,,40.0,False,True,True,False,False,False,False,False,4225,ok
weather_20240215_1200_weather_forecast_ab13bfd7.pdf,2024-02-15,1200,weather_forecast,,24.0,,40.0,False,True,True,False,False,False,False,False,4598,ok
weather_20240215_1600_weather_forecast_ad70ffc9.pdf,2024-02-15,1600,weather_forecast,,36.0,,40.0,False,True,True,False,False,False,False,False,4210,ok
weather_20240216_1200_weather_forecast_dcfc22e7.pdf,2024-02-16,1200,weather_forecast,,24.0,,40.0,False,True,True,False,False,False,False,False,4556,ok
weather_20240216_1600_weather_forecast_8ee70ba9.pdf,2024-02-16,1600,weather_forecast,,36.0,,40.0,False,True,True,False,False,False,False,False,4239,ok
weather_20240217_0530_weather_forecast_011ac1d0.pdf,2024-02-17,0530,weather_forecast,,24.0,,40.0,False,True,True,False,False,False,False,False,3787,ok
weather_20240217_1200_weather_forecast_570b12d9.pdf,2024-02-17,1200,weather_forecast,,24.0,,40.0,False,True,True,False,False,False,False,False,3685,ok
weather_20240217_1600_weather_forecast_7c08d2b9.pdf,2024-02-17,1600,weather_forecast,,36.0,,40.0,False,True,True,False,False,False,False,False,4152,ok
weather_20240218_0530_weather_forecast_b4564af3.pdf,2024-02-18,0530,weather_forecast,,24.0,,40.0,False,True,True,False,False,False,False,False,3549,ok
weather_20240218_1200_weather_forecast_8c318bbf.pdf,2024-02-18,1200,weather_forecast,,24.0,,35.0,False,True,False,False,False,False,False,False,3532,ok
weather_20240218_1600_weather_forecast_1095be48.pdf,2024-02-18,1600,weather_forecast,,36.0,,35.0,False,True,False,False,False,False,False,False,4523,ok
weather_20240219_0530_weather_forecast_da963b31.pdf,2024-02-19,0530,weather_forecast,,24.0,,35.0,False,True,False,False,False,False,False,False,3629,ok
weather_20240219_1200_weather_forecast_9910f42d.pdf,2024-02-19,1200,weather_forecast,,24.0,,35.0,False,True,False,False,False,False,False,False,4192,ok
weather_20240219_1600_weather_forecast_d38148d3.pdf,2024-02-19,1600,weather_forecast,,36.0,,35.0,False,True,False,False,False,False,False,False,4289,ok
weather_20240220_0530_weather_forecast_50be268d.pdf,2024-02-20,0530,weather_forecast,,24.0,,35.0,False,True,False,False,False,False,False,False,4083,ok
weather_20240220_1200_weather_forecast_20a84e52.pdf,2024-02-20,1200,weather_forecast,,24.0,,30.0,False,True,False,False,False,False,False,False,3901,ok
weather_20240220_1600_weather_forecast_37c5add3.pdf,2024-02-20,1600,weather_forecast,,36.0,,30.0,False,True,False,False,False,False,False,False,4188,ok
weather_20240221_0530_weather_forecast_6c685eb8.pdf,2024-02-21,0530,weather_forecast,,24.0,,30.0,False,True,False,False,False,False,False,False,3930,ok
weather_20240221_1200_weather_forecast_eac35a5a.pdf,2024-02-21,1200,weather_forecast,,24.0,,,False,True,False,False,False,False,False,False,3353,ok
weather_20240221_1600_weather_forecast_ba22eb00.pdf,2024-02-21,1600,weather_forecast,,36.0,,,False,True,False,False,False,False,False,False,3962,ok
weather_20240222_0530_weather_forecast_4f8f32bb.pdf,2024-02-22,0530,weather_forecast,,24.0,,,False,False,False,False,False,False,False,False,2558,ok
weather_20240222_1200_weather_forecast_e1ae0cff.pdf,2024-02-22,1200,weather_forecast,,24.0,,,False,True,False,False,False,False,False,False,2939,ok
weather_20240222_1600_weather_forecast_5a9c3f6d.pdf,2024-02-22,1600,weather_forecast,,36.0,,,False,True,False,False,False,False,False,False,3820,ok
weather_20240223_0530_weather_forecast_607095a8.pdf,2024-02-23,0530,weather_forecast,,24.0,,,False,True,False,False,False,False,False,False,3329,ok
weather_20240223_1200_weather_forecast_5b600792.pdf,2024-02-23,1200,weather_forecast,,24.0,,,False,True,False,False,False,False,False,False,3332,ok
weather_20240223_1600_weather_forecast_782beab0.pdf,2024-02-23,1600,weather_forecast,,36.0,,,False,True,False,False,False,False,False,False,4198,ok
weather_20240224_0530_weather_forecast_eaa9e68a.pdf,2024-02-24,0530,weather_forecast,,24.0,,,False,True,False,False,False,False,False,False,4135,ok
weather_20240224_1200_weather_forecast_e0a0f98b.pdf,2024-02-24,1200,weather_forecast,,24.0,,,False,True,False,False,False,False,False,False,4135,ok
weather_20240224_1600_weather_forecast_de017e88.pdf,2024-02-24,1600,weather_forecast,,36.0,,,False,True,False,False,False,False,False,False,4382,ok
weather_20240225_0530_weather_forecast_b9004162.pdf,2024-02-25,0530,weather_forecast,,24.0,,,False,True,False,False,False,False,False,False,4011,ok
weather_20240225_1200_weather_forecast_b848fd7d.pdf,2024-02-25,1200,weather_forecast,,24.0,,40.0,False,True,True,False,False,False,False,False,4232,ok
weather_20240225_1600_weather_forecast_1fd01545.pdf,2024-02-25,1600,weather_forecast,,36.0,,40.0,False,True,True,False,False,False,False,False,4582,ok
weather_20240226_0530_weather_forecast_3706d560.pdf,2024-02-26,0530,weather_forecast,,24.0,,40.0,False,True,True,False,False,False,False,False,4881,ok
weather_20240226_1200_weather_forecast_d289587a.pdf,2024-02-26,1200,weather_forecast,,24.0,,40.0,False,True,True,False,False,False,False,False,5023,ok
weather_20240226_1600_weather_forecast_bb3b9eae.pdf,2024-02-26,1600,weather_forecast,,36.0,,40.0,False,True,True,False,False,False,False,False,4516,ok
weather_20240227_0530_weather_forecast_1c83fe54.pdf,2024-02-27,0530,weather_forecast,,24.0,,40.0,False,True,True,False,False,False,False,False,4751,ok
weather_20240227_1200_weather_forecast_3e694f9b.pdf,2024-02-27,1200,weather_forecast,,24.0,,40.0,False,True,True,False,False,False,False,False,4976,ok
weather_20240227_1600_weather_forecast_f00de64c.pdf,2024-02-27,1600,weather_forecast,,36.0,,40.0,False,True,True,False,False,False,False,False,4445,ok
weather_20240228_0530_weather_forecast_8b9eb48d.pdf,2024-02-28,0530,weather_forecast,,24.0,,40.0,False,True,True,False,False,False,False,False,4641,ok
weather_20240228_1200_weather_forecast_afdc3b53.pdf,2024-02-28,1200,weather_forecast,,24.0,,40.0,False,True,True,False,False,False,False,False,4651,ok
weather_20240228_1600_weather_forecast_5f0487ea.pdf,2024-02-28,1600,weather_forecast,,36.0,,40.0,False,True,True,False,False,False,False,False,4438,ok
weather_20240229_0530_weather_forecast_f5db4118.pdf,2024-02-29,0530,weather_forecast,,24.0,,40.0,False,True,True,False,False,False,False,False,3882,ok
weather_20240229_1200_weather_forecast_3a65e8d5.pdf,2024-02-29,1200,weather_forecast,,24.0,,40.0,False,True,True,False,False,False,False,False,3782,ok
weather_20240229_1600_weather_forecast_b716a206.pdf,2024-02-29,1600,weather_forecast,,36.0,,40.0,False,True,True,False,False,False,False,False,4220,ok
weather_20240301_0530_weather_forecast_d13c70ac.pdf,2024-03-01,0530,weather_forecast,,24.0,,40.0,False,True,True,False,False,False,False,False,3783,ok
weather_20240301_1200_weather_forecast_26290c42.pdf,2024-03-01,1200,weather_forecast,,24.0,,40.0,False,True,True,False,False,False,False,False,3565,ok
weather_20240301_1600_weather_forecast_4812ada7.pdf,2024-03-01,1600,weather_forecast,,36.0,,40.0,False,True,True,False,False,False,False,False,3875,ok
weather_20240302_0530_weather_forecast_4f108624.pdf,2024-03-02,0530,weather_forecast,,24.0,,35.0,False,True,False,False,False,False,False,False,3683,ok
weather_20240302_1200_weather_forecast_00cb66a0.pdf,2024-03-02,1200,weather_forecast,,24.0,,,False,True,False,False,False,False,False,False,3374,ok
weather_20240302_1600_weather_forecast_841013a6.pdf,2024-03-02,1600,weather_forecast,,36.0,,,False,True,False,False,False,False,False,False,3683,ok
weather_20240303_0530_weather_forecast_1899514b.pdf,2024-03-03,0530,weather_forecast,,24.0,,,False,True,False,False,False,False,False,False,3379,ok
weather_20240303_1200_weather_forecast_06cb8880.pdf,2024-03-03,1200,weather_forecast,,24.0,,,False,True,False,False,False,False,False,False,3734,ok
weather_20240303_1600_weather_forecast_2dfc1718.pdf,2024-03-03,1600,weather_forecast,,36.0,,,False,True,False,False,False,False,False,False,3640,ok
weather_20240304_0530_weather_forecast_74c7452f.pdf,2024-03-04,0530,weather_forecast,,24.0,,,False,True,False,False,False,False,False,False,3358,ok
weather_20240304_1200_weather_forecast_82af1f81.pdf,2024-03-04,1200,weather_forecast,,24.0,,,False,True,False,False,False,False,False,False,3445,ok
weather_20240304_1600_weather_forecast_e3b7731a.pdf,2024-03-04,1600,weather_forecast,,36.0,,,False,True,False,False,False,False,False,False,3224,ok
weather_20240305_0530_weather_forecast_fa6c9bb4.pdf,2024-03-05,0530,weather_forecast,,24.0,,,False,False,False,False,False,False,False,False,2764,ok
weather_20240305_1200_weather_forecast_f84695ef.pdf,2024-03-05,1200,weather_forecast,,24.0,,,False,False,False,False,False,False,False,False,2980,ok
weather_20240305_1600_weather_forecast_b09a3ab1.pdf,2024-03-05,1600,weather_forecast,,36.0,,,False,True,False,False,False,False,False,False,3563,ok
weather_20240306_0530_weather_forecast_bdd809df.pdf,2024-03-06,0530,weather_forecast,,24.0,,,False,False,False,False,False,False,False,False,2626,ok
weather_20240306_1200_weather_forecast_324c7316.pdf,2024-03-06,1200,weather_forecast,,24.0,,,False,False,False,False,False,False,False,False,2749,ok
weather_20240306_1600_weather_forecast_18171b81.pdf,2024-03-06,1600,weather_forecast,,36.0,,,False,False,False,False,False,False,False,False,3042,ok
weather_20240306_1600_weather_forecast_7b3c3b36.pdf,2024-03-06,1600,weather_forecast,Amber,,,,False,False,False,False,False,False,False,False,3031,ok
weather_20240307_0530_weather_forecast_dcb8e350.pdf,2024-03-07,0530,weather_forecast,,24.0,,,False,False,False,False,False,False,False,False,2941,ok
weather_20240307_1200_weather_forecast_86e3c24a.pdf,2024-03-07,1200,weather_forecast,,24.0,,,False,True,False,False,False,False,False,False,3067,ok
weather_20240307_1600_weather_forecast_63b54b12.pdf,2024-03-07,1600,weather_forecast,,36.0,,,False,True,False,False,False,False,False,False,3728,ok
weather_20240308_0530_weather_forecast_2e0e8281.pdf,2024-03-08,0530,weather_forecast,,24.0,,,False,True,False,False,False,False,False,False,3045,ok
weather_20240308_1200_weather_forecast_5247511d.pdf,2024-03-08,1200,weather_forecast,,24.0,,,False,True,False,False,False,False,False,False,3059,ok
weather_20240308_1600_weather_forecast_2ede896f.pdf,2024-03-08,1600,weather_forecast,,36.0,,,False,True,False,False,False,False,False,False,3721,ok
weather_20240309_0530_weather_forecast_d6555315.pdf,2024-03-09,0530,weather_forecast,,24.0,,,False,True,False,False,False,False,False,False,3054,ok
weather_20240309_1200_weather_forecast_755d6833.pdf,2024-03-09,1200,weather_forecast,,24.0,,,False,True,False,False,False,False,False,False,3025,ok
weather_20240309_1600_weather_forecast_6cb791ba.pdf,2024-03-09,1600,weather_forecast,,36.0,,,False,True,False,False,False,False,False,False,3566,ok
weather_20240310_0530_weather_forecast_825f349e.pdf,2024-03-10,0530,weather_forecast,,24.0,,,False,True,False,False,False,False,False,False,3049,ok
weather_20240310_1200_weather_forecast_57d135ca.pdf,2024-03-10,1200,weather_forecast,,24.0,,,False,True,False,False,False,False,False,False,3188,ok
weather_20240310_1600_weather_forecast_583754c9.pdf,2024-03-10,1600,weather_forecast,,36.0,,,False,True,False,False,False,False,False,False,3578,ok
weather_20240311_0530_weather_forecast_e9cb9dbb.pdf,2024-03-11,0530,weather_forecast,,24.0,,,False,True,False,False,False,False,False,False,3441,ok
weather_20240311_0730_weather_forecast_12ef0594.pdf,2024-03-11,0730,weather_forecast,,24.0,,,False,False,False,False,False,False,False,True,5499,ok
weather_20240311_1200_weather_forecast_2f717fd4.pdf,2024-03-11,1200,weather_forecast,,24.0,,,False,True,False,False,False,False,False,False,3485,ok
weather_20240311_1600_weather_forecast_b8baf102.pdf,2024-03-11,1600,weather_forecast,,36.0,,,False,True,False,False,False,False,False,False,3892,ok
weather_20240312_0530_weather_forecast_83b7c4b6.pdf,2024-03-12,0530,weather_forecast,,24.0,,,False,True,False,False,False,False,False,False,3504,ok
weather_20240312_1200_weather_forecast_5133387f.pdf,2024-03-12,1200,weather_forecast,,24.0,,,False,True,False,False,False,False,False,False,3247,ok
weather_20240312_1600_weather_forecast_afb55610.pdf,2024-03-12,1600,weather_forecast,,36.0,,,False,True,False,False,False,False,False,False,3581,ok
weather_20240313_0530_weather_forecast_b8131834.pdf,2024-03-13,0530,weather_forecast,,24.0,,,False,True,False,False,False,False,False,False,2685,ok
weather_20240313_1200_weather_forecast_ade81efc.pdf,2024-03-13,1200,weather_forecast,,24.0,,,False,True,False,False,False,False,False,False,2649,ok
weather_20240313_1600_weather_forecast_b3757f45.pdf,2024-03-13,1600,weather_forecast,,36.0,,,False,True,False,False,False,False,False,False,3698,ok
weather_20240314_0530_weather_forecast_cb84a3f4.pdf,2024-03-14,0530,weather_forecast,,24.0,,,False,True,False,False,False,False,False,False,2757,ok
weather_20240314_1200_weather_forecast_41e75a77.pdf,2024-03-14,1200,weather_forecast,,24.0,,,False,True,False,False,False,False,False,False,2663,ok
weather_20240314_1600_weather_forecast_3fe35324.pdf,2024-03-14,1600,weather_forecast,,36.0,,,False,True,False,False,False,False,False,False,3815,ok
weather_20240315_0530_weather_forecast_65dee1f4.pdf,2024-03-15,0530,weather_forecast,,24.0,,,False,True,False,False,False,False,False,False,2666,ok
weather_20240315_1200_weather_forecast_3a5fc75f.pdf,2024-03-15,1200,weather_forecast,,24.0,,,False,True,False,False,False,False,False,False,2716,ok
weather_20240315_1600_weather_forecast_86795401.pdf,2024-03-15,1600,weather_forecast,,36.0,,,False,True,False,False,False,False,False,False,3989,ok
weather_20240316_0530_weather_forecast_b0381a15.pdf,2024-03-16,0530,weather_forecast,,24.0,,,False,True,False,False,False,False,False,False,3216,ok
weather_20240316_1200_weather_forecast_4c113447.pdf,2024-03-16,1200,weather_forecast,,24.0,,,False,True,False,False,False,False,False,False,3055,ok
weather_20240316_1600_weather_forecast_747e7abf.pdf,2024-03-16,1600,weather_forecast,,36.0,,,False,True,False,False,False,False,False,False,3719,ok
weather_20240317_0530_weather_forecast_2ea3db0c.pdf,2024-03-17,0530,weather_forecast,,24.0,,,False,False,False,False,False,False,False,False,2880,ok
weather_20240317_1200_weather_forecast_d0b34309.pdf,2024-03-17,1200,weather_forecast,,24.0,,,False,False,False,False,False,False,False,False,2692,ok
weather_20240317_1600_weather_forecast_7408eef1.pdf,2024-03-17,1600,weather_forecast,,36.0,,,False,False,False,False,False,False,False,False,3055,ok
weather_20240318_0530_weather_forecast_56465731.pdf,2024-03-18,0530,weather_forecast,,24.0,,,False,True,False,False,False,False,False,False,3174,ok
weather_20240318_0900_weather_forecast_df18a8e0.pdf,2024-03-18,0900,weather_forecast,,,,,False,False,False,False,False,False,False,False,3222,ok
weather_20240318_1200_weather_forecast_17c11ed0.pdf,2024-03-18,1200,weather_forecast,,24.0,,,False,True,False,False,False,False,False,False,3179,ok
weather_20240318_1600_weather_forecast_9ca33a72.pdf,2024-03-18,1600,weather_forecast,,36.0,,,False,True,False,False,False,False,False,False,3338,ok
weather_20240319_0530_weather_forecast_bdb05412.pdf,2024-03-19,0530,weather_forecast,,24.0,,,False,True,False,False,False,False,False,False,3184,ok
weather_20240319_1200_weather_forecast_47a14ff9.pdf,2024-03-19,1200,weather_forecast,,24.0,,,False,True,False,False,False,False,False,False,3483,ok
weather_20240319_1600_weather_forecast_bd384209.pdf,2024-03-19,1600,weather_forecast,,36.0,,,False,True,False,False,False,False,False,False,4009,ok
weather_20240320_0530_weather_forecast_7b80e5e2.pdf,2024-03-20,0530,weather_forecast,,24.0,,,False,True,False,False,False,False,False,False,3780,ok
weather_20240320_1200_weather_forecast_adc551fd.pdf,2024-03-20,1200,weather_forecast,,24.0,,,False,True,False,False,False,False,False,False,3818,ok
weather_20240320_1600_weather_forecast_5c1cafc3.pdf,2024-03-20,1600,weather_forecast,,36.0,,,False,True,False,False,False,False,False,False,4611,ok
weather_20240321_0530_weather_forecast_f75f339a.pdf,2024-03-21,0530,weather_forecast,,24.0,50.0,,True,True,False,False,False,False,False,False,4469,ok
weather_20240321_1200_weather_forecast_f4cb7fb9.pdf,2024-03-21,1200,weather_forecast,,24.0,50.0,,True,True,False,False,False,False,False,False,4477,ok
weather_20240321_1600_weather_forecast_db5af03d.pdf,2024-03-21,1600,weather_forecast,,36.0,,,False,True,False,False,False,False,False,False,4500,ok
weather_20240322_1200_weather_forecast_f2e799c2.pdf,2024-03-22,1200,weather_forecast,,24.0,50.0,,True,True,False,False,False,False,False,False,4269,ok
weather_20240322_1230_weather_forecast_2d1eb0fb.pdf,2024-03-22,1230,weather_forecast,,24.0,75.0,,True,True,False,False,False,False,False,False,4999,ok
weather_20240322_1600_weather_forecast_3154232c.pdf,2024-03-22,1600,weather_forecast,,36.0,75.0,,True,True,False,False,False,False,False,False,4900,ok
weather_20240323_0530_weather_forecast_741442c1.pdf,2024-03-23,0530,weather_forecast,,24.0,100.0,,True,True,False,False,False,False,False,False,4428,ok
weather_20240323_1200_weather_forecast_f54abe23.pdf,2024-03-23,1200,weather_forecast,,24.0,75.0,,True,True,False,False,False,False,False,False,4395,ok
weather_20240323_1600_weather_forecast_18d032fc.pdf,2024-03-23,1600,weather_forecast,,36.0,75.0,,True,True,False,False,False,False,False,False,4518,ok
weather_20240324_1200_weather_forecast_8dc00130.pdf,2024-03-24,1200,weather_forecast,,24.0,,,False,True,False,False,False,False,False,False,4044,ok
weather_20240324_1600_weather_forecast_6d2a4ad4.pdf,2024-03-24,1600,weather_forecast,,36.0,75.0,,True,True,False,False,False,False,False,False,4331,ok
weather_20240325_1200_weather_forecast_746fff65.pdf,2024-03-25,1200,weather_forecast,,24.0,100.0,,True,True,False,False,False,False,False,False,4273,ok
weather_20240325_1600_weather_forecast_ff881542.pdf,2024-03-25,1600,weather_forecast,,36.0,100.0,,True,True,False,False,False,False,False,False,4839,ok
weather_20240326_0530_weather_forecast_0455139c.pdf,2024-03-26,0530,weather_forecast,,24.0,100.0,,True,True,False,False,False,False,False,False,4289,ok
weather_20240326_1200_weather_forecast_3bacdb84.pdf,2024-03-26,1200,weather_forecast,,24.0,100.0,,True,True,False,False,False,False,False,False,4358,ok
weather_20240326_1600_weather_forecast_5fb5d249.pdf,2024-03-26,1600,weather_forecast,,36.0,100.0,,True,True,False,False,False,False,False,False,4878,ok
weather_20240327_0530_weather_forecast_2d6ae578.pdf,2024-03-27,0530,weather_forecast,,24.0,100.0,,True,True,False,False,False,False,False,False,3821,ok
weather_20240327_1200_weather_forecast_d5b70ac7.pdf,2024-03-27,1200,weather_forecast,,24.0,75.0,,True,True,False,False,False,False,False,False,3963,ok
weather_20240327_1300_thunderstorm_c615be4a.pdf,2024-03-27,1300,thunderstorm,,,,,False,True,False,False,False,False,False,False,1621,ok
weather_20240327_1300_thunderstorm_e7f792c8.pdf,2024-03-27,1300,thunderstorm,Amber,,,,False,True,False,False,False,False,False,False,1421,ok
weather_20240327_1600_weather_forecast_c720c8bd.pdf,2024-03-27,1600,weather_forecast,,36.0,75.0,,True,True,False,False,False,False,False,False,4560,ok
weather_20240328_0530_weather_forecast_fa2aec33.pdf,2024-03-28,0530,weather_forecast,,24.0,75.0,,True,True,False,False,False,False,False,False,3568,ok
weather_20240328_1200_weather_forecast_68e8c6f9.pdf,2024-03-28,1200,weather_forecast,,24.0,,,False,True,False,False,False,False,False,False,3584,ok
weather_20240328_1600_weather_forecast_08859659.pdf,2024-03-28,1600,weather_forecast,,36.0,,,False,True,False,False,False,False,False,False,4364,ok
weather_20240329_0530_weather_forecast_dd87745c.pdf,2024-03-29,0530,weather_forecast,,24.0,50.0,,True,True,False,False,False,False,False,False,3725,ok
weather_20240329_1200_weather_forecast_7e9028c4.pdf,2024-03-29,1200,weather_forecast,,24.0,,,False,True,False,False,False,False,False,False,3541,ok
weather_20240329_1600_weather_forecast_4ebb15f0.pdf,2024-03-29,1600,weather_forecast,,36.0,,,False,True,False,False,False,False,False,False,4390,ok
weather_20240330_0530_weather_forecast_4dde7da3.pdf,2024-03-30,0530,weather_forecast,,24.0,,,False,True,False,False,False,False,False,False,3464,ok
weather_20240330_1200_weather_forecast_33f8d551.pdf,2024-03-30,1200,weather_forecast,,36.0,50.0,,True,True,False,False,False,False,False,False,4896,ok
weather_20240330_1600_weather_forecast_c15314c6.pdf,2024-03-30,1600,weather_forecast,,24.0,50.0,,True,True,False,False,False,False,False,False,4082,ok
weather_20240331_0530_weather_forecast_47b52865.pdf,2024-03-31,0530,weather_forecast,,24.0,75.0,,True,True,False,False,False,False,False,False,4087,ok
weather_20240331_1200_weather_forecast_243da2ed.pdf,2024-03-31,1200,weather_forecast,,24.0,50.0,,True,True,False,False,False,False,False,False,3785,ok
weather_20240331_1600_weather_forecast_264f3b60.pdf,2024-03-31,1600,weather_forecast,,36.0,50.0,,True,True,False,False,False,False,False,False,4712,ok
weather_20240401_0530_weather_forecast_30f4e136.pdf,2024-04-01,0530,weather_forecast,,24.0,50.0,,True,True,False,False,False,False,False,False,3216,ok
weather_20240401_1200_weather_forecast_04653c9e.pdf,2024-04-01,1200,weather_forecast,,24.0,50.0,,True,True,False,False,False,False,False,False,3835,ok
weather_20240401_1600_weather_forecast_82cb3ab8.pdf,2024-04-01,1600,weather_forecast,,36.0,50.0,,True,True,False,False,False,False,False,False,4816,ok
weather_20240402_0530_weather_forecast_1b622486.pdf,2024-04-02,0530,weather_forecast,,24.0,75.0,,True,True,False,False,False,False,False,False,3602,ok
weather_20240402_1200_weather_forecast_f0492358.pdf,2024-04-02,1200,weather_forecast,,24.0,75.0,,True,True,False,False,False,False,False,False,3519,ok
weather_20240402_1600_weather_forecast_f781f8f2.pdf,2024-04-02,1600,weather_forecast,,36.0,75.0,,True,True,False,False,False,False,False,False,4583,ok
weather_20240403_0530_weather_forecast_3d9a8b4a.pdf,2024-04-03,0530,weather_forecast,,24.0,75.0,,True,True,False,False,False,False,False,False,3753,ok
weather_20240403_1200_weather_forecast_6bcc5679.pdf,2024-04-03,1200,weather_forecast,,24.0,75.0,,True,True,False,False,False,False,False,False,3772,ok
weather_20240403_1600_weather_forecast_79a2500a.pdf,2024-04-03,1600,weather_forecast,,36.0,75.0,,True,True,False,False,False,False,False,False,4902,ok
weather_20240404_0530_weather_forecast_6ee97ecb.pdf,2024-04-04,0530,weather_forecast,,24.0,75.0,,True,True,False,False,False,False,False,False,3660,ok
weather_20240404_1200_weather_forecast_45ee1c50.pdf,2024-04-04,1200,weather_forecast,,24.0,,,False,True,False,False,False,False,False,False,4115,ok
weather_20240404_1600_weather_forecast_ccfd3101.pdf,2024-04-04,1600,weather_forecast,,36.0,75.0,,True,True,False,False,False,False,False,False,5149,ok
weather_20240405_0530_weather_forecast_6e7c00c2.pdf,2024-04-05,0530,weather_forecast,,24.0,,,False,True,False,False,False,False,False,False,4110,ok
weather_20240405_1200_weather_forecast_2592c289.pdf,2024-04-05,1200,weather_forecast,,24.0,,,False,True,False,False,False,False,False,False,4081,ok
weather_20240405_1600_weather_forecast_7fc77010.pdf,2024-04-05,1600,weather_forecast,,36.0,,,False,True,False,False,False,False,False,False,4860,ok
weather_20240406_0530_weather_forecast_ed0d5c11.pdf,2024-04-06,0530,weather_forecast,,24.0,,,False,True,False,False,False,False,False,False,3903,ok
weather_20240406_1200_weather_forecast_24240d4e.pdf,2024-04-06,1200,weather_forecast,,24.0,,,False,True,False,False,False,False,False,False,3905,ok
weather_20240406_1600_weather_forecast_e9c77caa.pdf,2024-04-06,1600,weather_forecast,,36.0,,,False,True,False,False,False,False,False,False,4581,ok
weather_20240407_0530_weather_forecast_3171b0a7.pdf,2024-04-07,0530,weather_forecast,,24.0,,,False,True,False,False,False,False,False,False,3943,ok
weather_20240407_1200_weather_forecast_9778b9e5.pdf,2024-04-07,1200,weather_forecast,,24.0,,,False,True,False,False,False,False,False,False,3958,ok
weather_20240407_1600_weather_forecast_0aa4302f.pdf,2024-04-07,1600,weather_forecast,,36.0,,,False,True,False,False,False,False,False,False,4862,ok
weather_20240408_0530_weather_forecast_6c793efd.pdf,2024-04-08,0530,weather_forecast,,24.0,,,False,True,False,False,False,False,False,False,3951,ok
weather_20240408_1200_weather_forecast_cdff9607.pdf,2024-04-08,1200,weather_forecast,,24.0,,,False,True,False,False,False,False,False,False,3845,ok
weather_20240408_1600_weather_forecast_e904db3f.pdf,2024-04-08,1600,weather_forecast,,36.0,,,False,True,False,False,False,False,False,False,4768,ok
weather_20240409_0530_weather_forecast_a53a530c.pdf,2024-04-09,0530,weather_forecast,,24.0,,,False,True,False,False,False,False,False,False,4046,ok
weather_20240409_1200_weather_forecast_86089157.pdf,2024-04-09,1200,weather_forecast,,24.0,,,False,True,False,False,False,False,False,False,4464,ok
weather_20240409_1600_weather_forecast_175efc9b.pdf,2024-04-09,1600,weather_forecast,,36.0,,,False,True,False,False,False,False,False,False,4929,ok
weather_20240410_0530_weather_forecast_3e24db0d.pdf,2024-04-10,0530,weather_forecast,,24.0,,,False,True,False,False,False,False,False,False,4744,ok
weather_20240410_1200_weather_forecast_5b51727c.pdf,2024-04-10,1200,weather_forecast,,24.0,100.0,,True,True,False,False,False,False,False,False,4832,ok
weather_20240410_1600_weather_forecast_a0513098.pdf,2024-04-10,1600,weather_forecast,,36.0,100.0,,True,True,False,False,False,False,False,False,5347,ok
weather_20240411_0530_weather_forecast_823d1819.pdf,2024-04-11,0530,weather_forecast,,24.0,100.0,,True,True,False,False,False,False,False,False,4349,ok
weather_20240411_1200_weather_forecast_fbb0a59b.pdf,2024-04-11,1200,weather_forecast,,24.0,100.0,,True,True,False,False,False,False,False,False,4539,ok
weather_20240411_1400_thunderstorm_0d35ecb5.pdf,2024-04-11,1400,thunderstorm,,,,,False,True,False,False,False,False,False,False,1606,ok
weather_20240411_1600_weather_forecast_aabcdd63.pdf,2024-04-11,1600,weather_forecast,,36.0,100.0,,True,True,False,False,False,False,False,False,4913,ok
weather_20240412_0530_weather_forecast_66b56103.pdf,2024-04-12,0530,weather_forecast,,24.0,100.0,,True,True,False,False,False,False,False,False,4852,ok
weather_20240412_1200_weather_forecast_825ad50e.pdf,2024-04-12,1200,weather_forecast,,24.0,100.0,,True,True,False,False,False,False,False,False,4433,ok
weather_20240412_1330_thunderstorm_29a55b7e.pdf,2024-04-12,1330,thunderstorm,Amber,,,,False,True,False,False,False,False,False,False,2997,ok
weather_20240412_1600_weather_forecast_cbfddc36.pdf,2024-04-12,1600,weather_forecast,,36.0,100.0,,True,True,False,False,False,False,False,False,5179,ok
weather_20240413_0530_weather_forecast_8daa6b73.pdf,2024-04-13,0530,weather_forecast,,24.0,75.0,,True,True,False,False,False,False,False,False,4478,ok
weather_20240413_1215_weather_forecast_02ff956e.pdf,2024-04-13,1215,weather_forecast,,24.0,75.0,,True,True,False,False,False,False,False,False,4399,ok
weather_20240413_1330_thunderstorm_64a5be49.pdf,2024-04-13,1330,thunderstorm,Amber,,,,False,True,False,False,False,False,False,False,1385,ok
weather_20240413_1330_thunderstorm_f9bc773f.pdf,2024-04-13,1330,thunderstorm,,,,,False,True,False,False,False,False,False,False,1589,ok
weather_20240413_1600_weather_forecast_b9684bc3.pdf,2024-04-13,1600,weather_forecast,,36.0,75.0,,True,True,False,False,False,False,False,False,5391,ok
weather_20240414_0530_weather_forecast_6576655d.pdf,2024-04-14,0530,weather_forecast,,24.0,75.0,,True,True,False,False,False,False,False,False,4651,ok
weather_20240414_1200_weather_forecast_0e2a2b0a.pdf,2024-04-14,1200,weather_forecast,,24.0,100.0,,True,True,False,False,False,False,False,False,4033,ok
weather_20240414_1330_thunderstorm_24b8151f.pdf,2024-04-14,1330,thunderstorm,,,,,False,True,False,False,False,False,False,False,1579,ok
weather_20240414_1330_thunderstorm_90ebac1c.pdf,2024-04-14,1330,thunderstorm,Amber,,,,False,True,False,False,False,False,False,False,1370,ok
weather_20240414_1600_weather_forecast_a2ee9ea7.pdf,2024-04-14,1600,weather_forecast,,36.0,100.0,,True,True,False,False,False,False,False,False,4973,ok
weather_20240415_0530_weather_forecast_69400f52.pdf,2024-04-15,0530,weather_forecast,,24.0,100.0,,True,True,False,False,False,False,False,False,4328,ok
weather_20240415_1030_heavy_rain_e4894c66.pdf,2024-04-15,1030,heavy_rain,Amber,24.0,100.0,,True,True,False,False,False,False,False,False,1650,ok
weather_20240415_1200_weather_forecast_322f73c2.pdf,2024-04-15,1200,weather_forecast,,24.0,75.0,,True,True,False,False,False,False,False,False,4078,ok
weather_20240415_1300_thunderstorm_3c0ed9de.pdf,2024-04-15,1300,thunderstorm,,,,,False,True,False,False,False,False,False,False,1609,ok
weather_20240415_1300_thunderstorm_d10407b6.pdf,2024-04-15,1300,thunderstorm,Amber,,,,False,True,False,False,False,False,False,False,1406,ok
weather_20240415_1600_weather_forecast_88a3fa21.pdf,2024-04-15,1600,weather_forecast,,36.0,75.0,,True,True,False,False,False,False,False,False,4832,ok
weather_20240416_0530_weather_forecast_15dffb06.pdf,2024-04-16,0530,weather_forecast,,24.0,75.0,,True,True,False,False,False,False,False,False,3991,ok
weather_20240416_1200_weather_forecast_e88d0084.pdf,2024-04-16,1200,weather_forecast,,24.0,,,False,True,False,False,False,False,False,False,3905,ok
weather_20240416_1600_weather_forecast_38645985.pdf,2024-04-16,1600,weather_forecast,,36.0,,,False,True,False,False,False,False,False,False,4324,ok
weather_20240417_0530_weather_forecast_fc3d859f.pdf,2024-04-17,0530,weather_forecast,,24.0,50.0,,True,True,False,False,False,False,False,False,3732,ok
weather_20240417_1200_weather_forecast_28760ce0.pdf,2024-04-17,1200,weather_forecast,,24.0,,,False,True,False,False,False,False,False,False,3554,ok
weather_20240417_1600_weather_forecast_a6649025.pdf,2024-04-17,1600,weather_forecast,,36.0,,,False,True,False,False,False,False,False,False,4454,ok
weather_20240418_0530_weather_forecast_6e32d656.pdf,2024-04-18,0530,weather_forecast,,24.0,,,False,True,False,False,False,False,False,False,3545,ok
weather_20240418_1200_weather_forecast_7b396b82.pdf,2024-04-18,1200,weather_forecast,,24.0,,,False,True,False,False,False,False,False,False,3787,ok
weather_20240418_1600_weather_forecast_f825b7f2.pdf,2024-04-18,1600,weather_forecast,,36.0,,,False,True,False,False,False,False,False,False,4362,ok
weather_20240419_0530_weather_forecast_292099ac.pdf,2024-04-19,0530,weather_forecast,,24.0,50.0,,True,True,False,False,False,False,False,False,4332,ok
weather_20240419_0900_weather_forecast_87b0e984.pdf,2024-04-19,0900,weather_forecast,,,,,False,False,False,False,False,False,False,False,3848,ok
weather_20240419_1200_weather_forecast_d2a2f1df.pdf,2024-04-19,1200,weather_forecast,,24.0,,,False,True,False,False,False,False,False,False,4163,ok
weather_20240419_1600_weather_forecast_0450c60c.pdf,2024-04-19,1600,weather_forecast,,36.0,,,False,True,False,False,False,False,False,False,4590,ok
weather_20240420_0530_weather_forecast_9afee34b.pdf,2024-04-20,0530,weather_forecast,,24.0,,,False,True,False,False,False,False,False,False,3951,ok
weather_20240420_1200_weather_forecast_80fe9e4f.pdf,2024-04-20,1200,weather_forecast,,24.0,,,False,True,False,False,False,False,False,False,4319,ok
weather_20240420_1600_weather_forecast_f64cb7cd.pdf,2024-04-20,1600,weather_forecast,,36.0,,,False,True,False,False,False,False,False,False,4878,ok
weather_20240421_0530_weather_forecast_87c9e2ea.pdf,2024-04-21,0530,weather_forecast,,24.0,,,False,True,False,False,False,False,False,False,4133,ok
weather_20240421_1200_weather_forecast_2910efeb.pdf,2024-04-21,1200,weather_forecast,,24.0,,,False,True,False,False,False,False,False,False,3635,ok
weather_20240421_1600_weather_forecast_ebaaa26e.pdf,2024-04-21,1600,weather_forecast,,36.0,,,False,True,False,False,False,False,False,False,4923,ok
weather_20240422_0530_weather_forecast_40c95056.pdf,2024-04-22,0530,weather_forecast,,24.0,,,False,True,False,False,False,False,False,False,3695,ok
weather_20240422_1200_weather_forecast_865e76e2.pdf,2024-04-22,1200,weather_forecast,,24.0,,,False,True,False,False,False,False,False,False,3754,ok
weather_20240422_1600_weather_forecast_0ee3be37.pdf,2024-04-22,1600,weather_forecast,,36.0,,,False,True,False,False,False,False,False,False,4945,ok
weather_20240422_1600_weather_forecast_4bd8a11b.pdf,2024-04-22,1600,weather_forecast,Amber,,,,False,False,False,False,False,False,False,False,3201,ok
weather_20240423_0530_weather_forecast_10aa5821.pdf,2024-04-23,0530,weather_forecast,,24.0,75.0,,True,True,False,False,False,False,False,False,3930,ok
weather_20240423_1200_weather_forecast_07e3e405.pdf,2024-04-23,1200,weather_forecast,,24.0,50.0,,True,True,False,False,False,False,False,False,3856,ok
weather_20240424_0530_weather_forecast_c98069be.pdf,2024-04-24,0530,weather_forecast,,24.0,50.0,,True,True,False,False,False,False,False,False,3873,ok
weather_20240424_1200_weather_forecast_a0debacf.pdf,2024-04-24,1200,weather_forecast,,24.0,,,False,True,False,False,False,False,False,False,3456,ok
weather_20240424_1600_weather_forecast_a81bc7e2.pdf,2024-04-24,1600,weather_forecast,,36.0,,,False,True,False,False,False,False,False,False,4086,ok
weather_20240425_0530_weather_forecast_63a9f5cf.pdf,2024-04-25,0530,weather_forecast,,24.0,,,False,True,False,False,False,False,False,False,3713,ok
weather_20240425_1200_weather_forecast_ac12b5c7.pdf,2024-04-25,1200,weather_forecast,,24.0,,,False,True,False,False,False,False,False,False,3723,ok
weather_20240425_1600_weather_forecast_acfe10a6.pdf,2024-04-25,1600,weather_forecast,,36.0,,,False,True,False,False,False,False,False,False,3608,ok
weather_20240426_0530_weather_forecast_a5255956.pdf,2024-04-26,0530,weather_forecast,,24.0,,,False,True,False,False,False,False,False,False,3982,ok
weather_20240426_1200_weather_forecast_f4e36df4.pdf,2024-04-26,1200,weather_forecast,,24.0,75.0,,True,True,False,False,False,False,False,False,3962,ok
weather_20240426_1600_weather_forecast_8ea59d29.pdf,2024-04-26,1600,weather_forecast,,36.0,75.0,,True,True,False,False,False,False,False,False,4623,ok
weather_20240427_0530_weather_forecast_fdda874b.pdf,2024-04-27,0530,weather_forecast,,24.0,75.0,,True,True,False,False,False,False,False,False,4651,ok
weather_20240427_1200_weather_forecast_0f42ad20.pdf,2024-04-27,1200,weather_forecast,,24.0,75.0,,True,True,False,False,False,False,False,False,4737,ok
weather_20240427_1600_weather_forecast_f0c90244.pdf,2024-04-27,1600,weather_forecast,,36.0,75.0,,True,True,False,False,False,False,False,False,5076,ok
weather_20240428_0530_weather_forecast_ee67ff15.pdf,2024-04-28,0530,weather_forecast,,24.0,75.0,,True,True,False,False,False,False,False,False,4655,ok
weather_20240428_1200_weather_forecast_f054747d.pdf,2024-04-28,1200,weather_forecast,,24.0,100.0,,True,True,False,False,False,False,False,False,4332,ok
weather_20240428_1600_weather_forecast_8b0331de.pdf,2024-04-28,1600,weather_forecast,,36.0,100.0,,True,True,False,False,False,False,False,False,4941,ok
weather_20240429_0530_weather_forecast_56676b8d.pdf,2024-04-29,0530,weather_forecast,,24.0,100.0,,True,True,False,False,False,False,False,False,4548,ok
weather_20240429_1200_weather_forecast_7b1d2b9a.pdf,2024-04-29,1200,weather_forecast,,24.0,75.0,,True,True,False,False,False,False,False,False,4145,ok
weather_20240429_1315_thunderstorm_5275e76c.pdf,2024-04-29,1315,thunderstorm,Amber,,,,False,True,False,False,False,False,False,False,3040,ok
weather_20240429_1600_weather_forecast_34fa2733.pdf,2024-04-29,1600,weather_forecast,,36.0,75.0,,True,True,False,False,False,False,False,False,5308,ok
weather_20240430_0530_weather_forecast_5cf16264.pdf,2024-04-30,0530,weather_forecast,,24.0,50.0,,True,True,False,False,False,False,False,False,3541,ok
weather_20240430_1200_weather_forecast_3bb7efcf.pdf,2024-04-30,1200,weather_forecast,,24.0,,,False,True,False,False,False,False,False,False,3688,ok
weather_20240430_1430_thunderstorm_221a6f79.pdf,2024-04-30,1430,thunderstorm,,,,,False,True,False,False,False,False,False,False,1605,ok
weather_20240430_1430_thunderstorm_a61dda19.pdf,2024-04-30,1430,thunderstorm,Amber,,,,False,True,False,False,False,False,False,False,1390,ok
weather_20240430_1600_weather_forecast_29dd88e2.pdf,2024-04-30,1600,weather_forecast,,36.0,,,False,True,False,False,False,False,False,False,4306,ok
weather_20240501_0530_weather_forecast_e0d58b8b.pdf,2024-05-01,0530,weather_forecast,,24.0,,,False,True,False,False,False,False,False,False,4008,ok
weather_20240501_1200_weather_forecast_489293c9.pdf,2024-05-01,1200,weather_forecast,,24.0,,,False,True,False,False,False,False,False,False,4029,ok
weather_20240501_1600_weather_forecast_c3b19b59.pdf,2024-05-01,1600,weather_forecast,,36.0,,,False,True,False,False,False,False,False,False,4460,ok
weather_20240502_0530_weather_forecast_aacee015.pdf,2024-05-02,0530,weather_forecast,,24.0,,,False,True,False,False,False,False,False,False,3982,ok
weather_20240502_1200_weather_forecast_d771af97.pdf,2024-05-02,1200,weather_forecast,,24.0,,,False,True,False,False,False,False,False,False,3935,ok
weather_20240502_1600_weather_forecast_2d8e50aa.pdf,2024-05-02,1600,weather_forecast,,36.0,,,False,True,False,False,False,False,False,False,4029,ok
weather_20240503_0530_weather_forecast_e7a27528.pdf,2024-05-03,0530,weather_forecast,,24.0,,,False,True,False,False,False,False,False,False,4329,ok
weather_20240503_1200_weather_forecast_4257b514.pdf,2024-05-03,1200,weather_forecast,,24.0,,,False,True,False,False,False,False,False,False,4169,ok
weather_20240503_1500_weather_forecast_00df9437.pdf,2024-05-03,1500,weather_forecast,,,,,False,False,False,False,False,False,False,True,1512,ok
weather_20240503_1600_weather_forecast_9c2322c6.pdf,2024-05-03,1600,weather_forecast,,36.0,,,False,True,False,False,False,False,False,False,3864,ok
weather_20240504_1200_weather_forecast_0c8ce42f.pdf,2024-05-04,1200,weather_forecast,,24.0,,,False,True,False,False,False,False,False,False,5400,ok
weather_20240504_1600_weather_forecast_f2f996c1.pdf,2024-05-04,1600,weather_forecast,,36.0,,,False,True,False,False,False,False,False,False,3907,ok
weather_20240505_0530_weather_forecast_31805086.pdf,2024-05-05,0530,weather_forecast,,24.0,,,False,True,False,False,False,False,False,False,5332,ok
weather_20240505_1200_weather_forecast_dedfef81.pdf,2024-05-05,1200,weather_forecast,,24.0,,,False,True,False,False,False,False,False,False,5733,ok
weather_20240505_1600_weather_forecast_8e6ca46d.pdf,2024-05-05,1600,weather_forecast,,36.0,,,False,True,False,False,False,False,False,False,4219,ok
weather_20240506_0530_weather_forecast_5bd8f92b.pdf,2024-05-06,0530,weather_forecast,,24.0,50.0,,True,True,False,False,False,False,False,False,4623,ok
weather_20240506_0530_weather_forecast_7b1465de.pdf,2024-05-06,0530,weather_forecast,,24.0,,,False,True,False,False,False,False,False,False,5820,ok
weather_20240506_1200_weather_forecast_2e4289c0.pdf,2024-05-06,1200,weather_forecast,,24.0,50.0,,True,True,False,False,False,False,False,False,5922,ok
weather_20240506_1600_weather_forecast_6a56079b.pdf,2024-05-06,1600,weather_forecast,,36.0,50.0,,True,True,False,False,False,False,False,False,5267,ok
weather_20240507_1200_weather_forecast_6d0c6349.pdf,2024-05-07,1200,weather_forecast,,24.0,75.0,,True,True,False,False,False,False,False,False,4318,ok
weather_20240507_1600_weather_forecast_5410bf1d.pdf,2024-05-07,1600,weather_forecast,,36.0,75.0,,True,True,False,False,False,False,False,False,4973,ok
weather_20240508_0530_weather_forecast_bd6d58d4.pdf,2024-05-08,0530,weather_forecast,,24.0,75.0,,True,True,False,False,False,False,False,False,4505,ok
weather_20240508_1200_weather_forecast_653d0a06.pdf,2024-05-08,1200,weather_forecast,,24.0,75.0,,True,True,False,False,False,False,False,False,3813,ok
weather_20240508_1600_weather_forecast_1e14ec2b.pdf,2024-05-08,1600,weather_forecast,,36.0,75.0,,True,True,False,False,False,False,False,False,4588,ok
weather_20240509_0530_weather_forecast_440a35a7.pdf,2024-05-09,0530,weather_forecast,,24.0,75.0,,True,True,False,False,False,False,False,False,4106,ok
weather_20240509_1200_weather_forecast_d959f280.pdf,2024-05-09,1200,weather_forecast,,24.0,100.0,,True,True,False,False,False,False,False,False,4147,ok
weather_20240509_1300_thunderstorm_6ccb36c0.pdf,2024-05-09,1300,thunderstorm,Amber,,,,False,True,False,False,False,False,False,False,3046,ok
weather_20240509_1600_weather_forecast_5e9a27a5.pdf,2024-05-09,1600,weather_forecast,,36.0,100.0,,True,True,False,False,False,False,False,False,4685,ok
weather_20240510_0530_weather_forecast_8c2872a7.pdf,2024-05-10,0530,weather_forecast,,24.0,100.0,,True,True,False,False,False,False,False,False,3982,ok
weather_20240510_1200_weather_forecast_d3d481dd.pdf,2024-05-10,1200,weather_forecast,,24.0,100.0,,True,True,False,False,False,False,False,False,4000,ok
weather_20240510_1300_thunderstorm_75f0461d.pdf,2024-05-10,1300,thunderstorm,Amber,,,,False,True,False,False,False,False,False,False,3046,ok
weather_20240510_1600_weather_forecast_5e9ac832.pdf,2024-05-10,1600,weather_forecast,,36.0,100.0,,True,True,False,False,False,False,False,False,4738,ok
weather_20240511_0530_weather_forecast_76189ddc.pdf,2024-05-11,0530,weather_forecast,,24.0,100.0,,True,True,False,False,False,False,False,False,3900,ok
weather_20240511_1200_weather_forecast_976d6134.pdf,2024-05-11,1200,weather_forecast,,24.0,100.0,,True,True,False,False,False,False,False,False,3843,ok
weather_20240511_1300_thunderstorm_7c39461c.pdf,2024-05-11,1300,thunderstorm,Amber,,,,False,True,False,False,False,False,False,False,3045,ok
weather_20240511_1600_weather_forecast_65bf3c17.pdf,2024-05-11,1600,weather_forecast,,36.0,100.0,,True,True,False,False,False,False,False,False,4775,ok
weather_20240512_0530_weather_forecast_405ef967.pdf,2024-05-12,0530,weather_forecast,,24.0,100.0,,True,True,False,False,False,False,False,False,3852,ok
weather_20240512_1200_weather_forecast_1c37f6e4.pdf,2024-05-12,1200,weather_forecast,,24.0,100.0,,True,True,False,False,False,False,False,False,3843,ok
weather_20240512_1300_thunderstorm_bb27c628.pdf,2024-05-12,1300,thunderstorm,Amber,,,,False,True,False,False,False,False,False,False,3064,ok
weather_20240512_1600_weather_forecast_c7e86c24.pdf,2024-05-12,1600,weather_forecast,,36.0,100.0,,True,True,False,False,False,False,False,False,4762,ok
weather_20240513_0530_weather_forecast_75570f53.pdf,2024-05-13,0530,weather_forecast,,24.0,100.0,,True,True,False,False,False,False,False,False,4660,ok
weather_20240513_0900_heavy_rain_64e89f4e.pdf,2024-05-13,0900,heavy_rain,Red,,150.0,,True,False,False,False,False,False,False,False,1038,ok
weather_20240513_1200_weather_forecast_4b37fc6b.pdf,2024-05-13,1200,weather_forecast,,24.0,100.0,,True,True,False,False,False,False,False,False,4016,ok
weather_20240513_1300_heavy_rain_6e1a931c.pdf,2024-05-13,1300,heavy_rain,Amber,,100.0,,True,True,False,False,False,False,False,False,1726,ok
weather_20240513_1600_weather_forecast_353383f6.pdf,2024-05-13,1600,weather_forecast,,36.0,100.0,,True,True,False,False,False,False,False,False,5055,ok
weather_20240514_0530_weather_forecast_ec842329.pdf,2024-05-14,0530,weather_forecast,,24.0,100.0,,True,True,False,False,False,False,False,False,3312,ok
weather_20240514_1200_weather_forecast_af4a3010.pdf,2024-05-14,1200,weather_forecast,,24.0,100.0,,True,True,False,False,False,False,False,False,3344,ok
weather_20240514_1600_weather_forecast_156b6e15.pdf,2024-05-14,1600,weather_forecast,,36.0,100.0,,True,True,False,False,False,False,False,False,4825,ok
weather_20240515_0530_weather_forecast_9eada477.pdf,2024-05-15,0530,weather_forecast,,24.0,100.0,,True,True,False,False,False,False,False,False,3332,ok
weather_20240515_1200_weather_forecast_8ff99ed8.pdf,2024-05-15,1200,weather_forecast,,24.0,100.0,,True,True,False,False,False,False,False,False,3342,ok
weather_20240515_1600_weather_forecast_caeaf1f4.pdf,2024-05-15,1600,weather_forecast,,36.0,100.0,,True,True,False,False,False,False,False,False,4795,ok
weather_20240516_0530_weather_forecast_113f8a82.pdf,2024-05-16,0530,weather_forecast,,24.0,100.0,,True,True,False,False,False,False,False,False,3385,ok
weather_20240516_1200_weather_forecast_3aaea71f.pdf,2024-05-16,1200,weather_forecast,,24.0,100.0,,True,True,False,False,False,False,False,False,3489,ok
weather_20240516_1600_weather_forecast_3265f5b5.pdf,2024-05-16,1600,weather_forecast,,36.0,100.0,,True,True,False,False,False,False,False,False,4690,ok
weather_20240517_0545_weather_forecast_b2f57f47.pdf,2024-05-17,0545,weather_forecast,,24.0,100.0,,True,True,False,False,False,False,False,False,4051,ok
weather_20240517_1200_weather_forecast_34748e27.pdf,2024-05-17,1200,weather_forecast,,24.0,100.0,40.0,True,True,True,False,False,False,False,False,4865,ok
weather_20240517_1500_heavy_rain_cc56a04b.pdf,2024-05-17,1500,heavy_rain,Amber,,,,False,False,False,False,False,False,False,True,1802,ok
weather_20240517_1600_weather_forecast_0c06e9a6.pdf,2024-05-17,1600,weather_forecast,,36.0,100.0,40.0,True,True,True,False,False,False,False,False,5136,ok
weather_20240518_0530_weather_forecast_a34d14b7.pdf,2024-05-18,0530,weather_forecast,,24.0,100.0,40.0,True,True,True,False,False,False,False,False,4918,ok
weather_20240518_1130_heavy_rain_e7cdc02c.pdf,2024-05-18,1130,heavy_rain,Amber,,,,False,False,False,False,False,False,False,True,2316,ok
weather_20240518_1200_weather_forecast_533fe918.pdf,2024-05-18,1200,weather_forecast,,24.0,100.0,40.0,True,True,True,False,False,False,False,False,6152,ok
weather_20240518_1500_heavy_rain_41a234a9.pdf,2024-05-18,1500,heavy_rain,Amber,,,,False,False,False,False,False,False,False,True,1891,ok
weather_20240518_1600_weather_forecast_b050fc1d.pdf,2024-05-18,1600,weather_forecast,,36.0,100.0,40.0,True,True,True,False,False,False,False,False,4997,ok
weather_20240519_0530_weather_forecast_848bf336.pdf,2024-05-19,0530,weather_forecast,,24.0,100.0,40.0,True,True,True,False,False,False,False,False,5461,ok
weather_20240519_0845_heavy_rain_eb1afb8d.pdf,2024-05-19,0845,heavy_rain,Red,,,,False,False,False,False,False,False,False,True,2069,ok
weather_20240519_1200_heavy_rain_027d0130.pdf,2024-05-19,1200,heavy_rain,Amber,,,,False,False,False,False,False,False,False,True,2267,ok
weather_20240519_1230_weather_forecast_be12482d.pdf,2024-05-19,1230,weather_forecast,,24.0,100.0,40.0,True,True,True,False,False,False,False,False,5043,ok
weather_20240519_1600_weather_forecast_53546465.pdf,2024-05-19,1600,weather_forecast,,36.0,100.0,40.0,True,True,True,False,False,False,False,False,4826,ok
weather_20240520_0530_weather_forecast_eb246a79.pdf,2024-05-20,0530,weather_forecast,,24.0,100.0,40.0,True,True,True,False,False,False,False,False,5206,ok
weather_20240520_0900_heavy_rain_bee7fa0b.pdf,2024-05-20,0900,heavy_rain,,,,,True,False,False,False,False,False,False,False,1071,ok
weather_20240520_1130_heavy_rain_90268e1d.pdf,2024-05-20,1130,heavy_rain,Amber,,,,True,True,False,False,False,False,False,False,3409,ok
weather_20240520_1200_weather_forecast_0fc75da4.pdf,2024-05-20,1200,weather_forecast,,24.0,,,False,True,False,False,False,False,False,False,5517,ok
weather_20240520_1600_weather_forecast_f8102995.pdf,2024-05-20,1600,weather_forecast,,36.0,100.0,40.0,True,True,True,False,False,False,False,False,4616,ok
weather_20240521_0530_weather_forecast_1e427d45.pdf,2024-05-21,0530,weather_forecast,,24.0,,,False,True,False,False,False,False,False,False,5540,ok
weather_20240521_0800_heavy_rain_054ce7ab.pdf,2024-05-21,0800,heavy_rain,Red,,100.0,,True,False,False,False,False,False,False,False,1934,ok
weather_20240521_1130_heavy_rain_f430c6cf.pdf,2024-05-21,1130,heavy_rain,Red,,,,True,True,False,False,False,False,False,False,4017,ok
weather_20240521_1200_weather_forecast_8e8c4fcd.pdf,2024-05-21,1200,weather_forecast,,24.0,,,False,True,False,False,False,False,False,False,6571,ok
weather_20240521_1600_weather_forecast_45e23d89.pdf,2024-05-21,1600,weather_forecast,,36.0,150.0,40.0,True,True,True,False,False,False,False,False,4812,ok
weather_20240522_0530_weather_forecast_37b1f647.pdf,2024-05-22,0530,weather_forecast,,24.0,,,False,True,False,False,False,False,False,False,6747,ok
weather_20240522_0930_heavy_rain_b3bead40.pdf,2024-05-22,0930,heavy_rain,Red,,150.0,50.0,True,False,True,False,False,False,False,False,2058,ok
weather_20240522_1030_strong_wind_d88d779d.pdf,2024-05-22,1030,strong_wind,Amber,,,60.0,False,False,True,False,False,False,False,False,1656,ok
weather_20240522_1200_weather_forecast_2eacc1be.pdf,2024-05-22,1200,weather_forecast,,24.0,,,False,True,False,False,False,False,False,False,6684,ok
weather_20240522_1300_heavy_rain_5cbbe057.pdf,2024-05-22,1300,heavy_rain,,,,,True,False,False,False,False,False,False,False,2023,ok
weather_20240523_0530_weather_forecast_27b5c5b5.pdf,2024-05-23,0530,weather_forecast,,24.0,,,False,True,False,False,False,False,False,False,6366,ok
weather_20240523_0900_heavy_rain_6ec1996d.pdf,2024-05-23,0900,heavy_rain,Red,,150.0,,True,False,False,False,False,False,False,False,759,ok
weather_20240523_0900_heavy_rain_92a39b98.pdf,2024-05-23,0900,heavy_rain,,,,,True,False,False,False,False,False,False,False,780,ok
weather_20240523_1600_weather_forecast_9f47e82e.pdf,2024-05-23,1600,weather_forecast,,36.0,150.0,60.0,True,True,True,False,False,False,False,False,4640,ok
weather_20240524_0530_weather_forecast_3d71eb70.pdf,2024-05-24,0530,weather_forecast,,24.0,,,False,True,False,False,False,False,False,False,6349,ok
weather_20240524_0930_heavy_rain_35be3419.pdf,2024-05-24,0930,heavy_rain,,,,,True,False,False,False,False,False,False,False,819,ok
weather_20240524_0930_heavy_rain_58ab1005.pdf,2024-05-24,0930,heavy_rain,Red,,150.0,,True,False,False,False,False,False,False,False,743,ok
weather_20240524_1030_strong_wind_d82482de.pdf,2024-05-24,1030,strong_wind,Amber,,,60.0,False,False,True,False,False,False,False,False,1771,ok
weather_20240524_1200_weather_forecast_15ca43ac.pdf,2024-05-24,1200,weather_forecast,,24.0,,,False,True,False,False,False,False,False,False,6382,ok
weather_20240524_1600_weather_forecast_c0f39f2c.pdf,2024-05-24,1600,weather_forecast,,36.0,100.0,60.0,True,True,True,False,False,False,False,False,4680,ok
weather_20240525_0530_weather_forecast_861d89b5.pdf,2024-05-25,0530,weather_forecast,,24.0,,,False,True,False,False,False,False,False,False,6187,ok
weather_20240525_1000_heavy_rain_3ada059b.pdf,2024-05-25,1000,heavy_rain,Amber,,100.0,,True,False,False,False,False,False,False,False,1515,ok
weather_20240525_1030_strong_wind_af1ff295.pdf,2024-05-25,1030,strong_wind,Amber,,,60.0,False,False,True,False,False,False,False,False,1771,ok
weather_20240525_1200_weather_forecast_2ce861b3.pdf,2024-05-25,1200,weather_forecast,,24.0,,,False,True,False,False,False,False,False,False,6188,ok
weather_20240525_1600_weather_forecast_098f71c7.pdf,2024-05-25,1600,weather_forecast,,36.0,100.0,60.0,True,True,True,False,False,False,False,False,4618,ok
weather_20240526_0530_weather_forecast_90ef3879.pdf,2024-05-26,0530,weather_forecast,,24.0,,,False,True,False,False,False,False,False,False,6344,ok
weather_20240526_1100_heavy_rain_effa4f48.pdf,2024-05-26,1100,heavy_rain,Amber,,100.0,,True,False,False,False,False,False,False,False,1519,ok
weather_20240526_1200_weather_forecast_c427d361.pdf,2024-05-26,1200,weather_forecast,,24.0,,,False,True,False,False,False,False,False,False,6118,ok
weather_20240526_1600_weather_forecast_d983c2c4.pdf,2024-05-26,1600,weather_forecast,,36.0,75.0,60.0,True,True,True,False,False,False,False,False,4612,ok
weather_20240527_0530_weather_forecast_95b46d73.pdf,2024-05-27,0530,weather_forecast,,24.0,,,False,True,False,False,False,False,False,False,6157,ok
weather_20240527_1000_heavy_rain_90c69f6c.pdf,2024-05-27,1000,heavy_rain,Amber,,100.0,,True,False,False,False,False,False,False,False,1522,ok
weather_20240527_1030_strong_wind_287e6bf2.pdf,2024-05-27,1030,strong_wind,Amber,,,60.0,False,False,True,False,False,False,False,False,1760,ok
weather_20240527_1200_weather_forecast_f0fe1ec6.pdf,2024-05-27,1200,weather_forecast,,24.0,,,False,True,False,False,False,False,False,False,4569,ok
weather_20240527_1600_weather_forecast_4633d946.pdf,2024-05-27,1600,weather_forecast,,36.0,100.0,60.0,True,True,True,False,False,False,False,False,4142,ok
weather_20240528_0530_weather_forecast_63426781.pdf,2024-05-28,0530,weather_forecast,,24.0,,,False,True,False,False,False,False,False,False,4552,ok
weather_20240528_1000_heavy_rain_d19bb31f.pdf,2024-05-28,1000,heavy_rain,Amber,24.0,100.0,,True,False,False,False,False,False,False,False,1535,ok
weather_20240528_1030_strong_wind_5218413c.pdf,2024-05-28,1030,strong_wind,Amber,24.0,,60.0,False,False,True,False,False,False,False,False,1754,ok
weather_20240528_1200_weather_forecast_d4514c8f.pdf,2024-05-28,1200,weather_forecast,,24.0,,,False,True,False,False,False,False,False,False,4594,ok
weather_20240528_1600_weather_forecast_9f757449.pdf,2024-05-28,1600,weather_forecast,,36.0,100.0,60.0,True,True,True,False,False,False,False,False,4174,ok
weather_20240529_1000_heavy_rain_3d3ae161.pdf,2024-05-29,1000,heavy_rain,Amber,24.0,100.0,,True,False,False,False,False,False,False,False,1536,ok
weather_20240529_1200_weather_forecast_164d74fd.pdf,2024-05-29,1200,weather_forecast,,24.0,,,False,True,False,False,False,False,False,False,5628,ok
weather_20240529_1600_weather_forecast_6104bd3c.pdf,2024-05-29,1600,weather_forecast,,36.0,75.0,60.0,True,True,True,False,False,False,False,False,4289,ok
weather_20240530_0530_weather_forecast_91758428.pdf,2024-05-30,0530,weather_forecast,,24.0,,,False,True,False,False,False,False,False,False,6047,ok
weather_20240530_1200_weather_forecast_fc9549d3.pdf,2024-05-30,1200,weather_forecast,,24.0,,,False,True,False,False,False,False,False,False,6037,ok
weather_20240530_1600_weather_forecast_e94cd65c.pdf,2024-05-30,1600,weather_forecast,,36.0,75.0,50.0,True,True,True,False,False,False,False,False,4408,ok
weather_20240531_0530_weather_forecast_b54358a1.pdf,2024-05-31,0530,weather_forecast,,24.0,,,False,True,False,False,False,False,False,False,5965,ok
weather_20240531_1200_weather_forecast_d926c8cc.pdf,2024-05-31,1200,weather_forecast,,24.0,,60.0,False,True,True,False,False,False,False,False,5777,ok
weather_20240531_1600_weather_forecast_7de694c0.pdf,2024-05-31,1600,weather_forecast,,36.0,75.0,45.0,True,True,True,False,False,False,False,False,4205,ok
weather_20240601_0530_weather_forecast_cd455577.pdf,2024-06-01,0530,weather_forecast,,24.0,,,False,True,False,False,False,False,False,False,5033,ok
weather_20240601_0600_heavy_rain_c5b4d674.pdf,2024-06-01,0600,heavy_rain,Amber,24.0,100.0,,True,True,False,False,False,False,False,False,1620,ok
weather_20240601_1200_weather_forecast_b60bf835.pdf,2024-06-01,1200,weather_forecast,,24.0,,,False,True,False,False,False,False,False,False,5809,ok
weather_20240601_1600_weather_forecast_7a2530ae.pdf,2024-06-01,1600,weather_forecast,,36.0,100.0,,True,True,False,False,False,False,False,False,4556,ok
weather_20240602_0530_weather_forecast_334238a2.pdf,2024-06-02,0530,weather_forecast,,24.0,,,False,True,False,False,False,False,False,False,6045,ok
weather_20240602_0700_heavy_rain_40c8c805.pdf,2024-06-02,0700,heavy_rain,,,,,True,False,False,False,False,False,False,False,1068,ok
weather_20240602_1200_weather_forecast_c5161905.pdf,2024-06-02,1200,weather_forecast,,24.0,,,False,True,False,False,False,False,False,False,5784,ok
weather_20240602_1600_weather_forecast_6243a997.pdf,2024-06-02,1600,weather_forecast,,36.0,150.0,,True,True,False,False,False,False,False,False,4086,ok
weather_20240603_0530_weather_forecast_ecfc624a.pdf,2024-06-03,0530,weather_forecast,,24.0,,,False,True,False,False,False,False,False,False,5706,ok
weather_20240603_1200_weather_forecast_011c1377.pdf,2024-06-03,1200,weather_forecast,,24.0,,,False,True,False,False,False,False,False,False,5547,ok
weather_20240603_1600_weather_forecast_5a29c856.pdf,2024-06-03,1600,weather_forecast,,36.0,,,False,True,False,False,False,False,False,False,3995,ok
weather_20240604_0530_weather_forecast_8f5d960e.pdf,2024-06-04,0530,weather_forecast,,24.0,,,False,True,False,False,False,False,False,False,4144,ok
weather_20240604_1200_weather_forecast_3d7469e8.pdf,2024-06-04,1200,weather_forecast,,24.0,,,False,True,False,False,False,False,False,False,3941,ok
weather_20240604_1600_weather_forecast_6ea50984.pdf,2024-06-04,1600,weather_forecast,,36.0,,,False,True,False,False,False,False,False,False,3753,ok
weather_20240605_0530_weather_forecast_624a2679.pdf,2024-06-05,0530,weather_forecast,,24.0,,,False,True,False,False,False,False,False,False,3934,ok
weather_20240605_1200_weather_forecast_71f65dc0.pdf,2024-06-05,1200,weather_forecast,,24.0,,50.0,False,True,True,False,False,False,False,False,4261,ok
weather_20240605_1600_weather_forecast_b2b46f68.pdf,2024-06-05,1600,weather_forecast,,36.0,,50.0,False,True,True,False,False,False,False,False,4069,ok
weather_20240606_0530_weather_forecast_d4f2ee7d.pdf,2024-06-06,0530,weather_forecast,,24.0,,50.0,False,True,True,False,False,False,False,False,4372,ok
weather_20240606_1200_weather_forecast_860d3bb5.pdf,2024-06-06,1200,weather_forecast,,24.0,,50.0,False,True,True,False,False,False,False,False,4387,ok
weather_20240606_1600_weather_forecast_ea3d1e9b.pdf,2024-06-06,1600,weather_forecast,,36.0,,50.0,False,True,True,False,False,False,False,False,4193,ok
weather_20240607_0530_weather_forecast_0af69bcc.pdf,2024-06-07,0530,weather_forecast,,24.0,,50.0,False,True,True,False,False,False,False,False,4380,ok
weather_20240607_0700_weather_forecast_9ab4f3d4.pdf,2024-06-07,0700,weather_forecast,,24.0,,,False,False,False,False,False,False,False,True,5942,ok
weather_20240607_1200_weather_forecast_a6b3aa5e.pdf,2024-06-07,1200,weather_forecast,,24.0,50.0,50.0,True,True,True,False,False,False,False,False,4989,ok
weather_20240607_1600_weather_forecast_f2a3b15b.pdf,2024-06-07,1600,weather_forecast,,36.0,50.0,50.0,True,True,True,False,False,False,False,False,4579,ok
weather_20240608_0530_weather_forecast_e798ac9f.pdf,2024-06-08,0530,weather_forecast,,24.0,50.0,50.0,True,True,True,False,False,False,False,False,5073,ok
weather_20240608_1200_weather_forecast_c632b5b7.pdf,2024-06-08,1200,weather_forecast,,24.0,75.0,50.0,True,True,True,False,False,False,False,False,5095,ok
weather_20240608_1600_weather_forecast_cca0eef1.pdf,2024-06-08,1600,weather_forecast,,36.0,75.0,50.0,True,True,True,False,False,False,False,False,4691,ok
weather_20240609_0530_weather_forecast_92aecee0.pdf,2024-06-09,0530,weather_forecast,,24.0,50.0,50.0,True,True,True,False,False,False,False,False,4771,ok
weather_20240609_0700_weather_forecast_dfeca634.pdf,2024-06-09,0700,weather_forecast,,24.0,,,False,False,False,False,False,False,False,True,4956,ok
weather_20240609_1200_weather_forecast_da0628d9.pdf,2024-06-09,1200,weather_forecast,,24.0,75.0,50.0,True,True,True,False,False,False,False,False,4671,ok
weather_20240609_1600_weather_forecast_e1264061.pdf,2024-06-09,1600,weather_forecast,,36.0,75.0,50.0,True,True,True,False,False,False,False,False,4575,ok
weather_20240610_0530_weather_forecast_1782b607.pdf,2024-06-10,0530,weather_forecast,,24.0,50.0,50.0,True,True,True,False,False,False,False,False,4427,ok
weather_20240610_0700_weather_forecast_5320b5e2.pdf,2024-06-10,0700,weather_forecast,,24.0,,,False,False,False,False,False,False,False,True,5046,ok
weather_20240610_1200_weather_forecast_5db3bc0f.pdf,2024-06-10,1200,weather_forecast,,24.0,75.0,50.0,True,True,True,False,False,False,False,False,4686,ok
weather_20240610_1600_weather_forecast_19888ac9.pdf,2024-06-10,1600,weather_forecast,,36.0,75.0,50.0,True,True,True,False,False,False,False,False,4083,ok
weather_20240611_0530_weather_forecast_936d0d3f.pdf,2024-06-11,0530,weather_forecast,,24.0,75.0,50.0,True,True,True,False,False,False,False,False,4986,ok
weather_20240611_0700_weather_forecast_4a7efc6c.pdf,2024-06-11,0700,weather_forecast,,24.0,,,False,False,False,False,False,False,False,True,7047,ok
weather_20240611_1200_weather_forecast_40cbe602.pdf,2024-06-11,1200,weather_forecast,,24.0,75.0,50.0,True,True,True,False,False,False,False,False,4990,ok
weather_20240611_1600_weather_forecast_f4066e67.pdf,2024-06-11,1600,weather_forecast,,36.0,75.0,50.0,True,True,True,False,False,False,False,False,4142,ok
weather_20240612_0530_weather_forecast_b4acfb7c.pdf,2024-06-12,0530,weather_forecast,,24.0,75.0,50.0,True,True,True,False,False,False,False,False,5124,ok
weather_20240612_1200_weather_forecast_f70aff34.pdf,2024-06-12,1200,weather_forecast,,24.0,75.0,50.0,True,True,True,False,False,False,False,False,5939,ok
weather_20240612_1600_weather_forecast_48982afb.pdf,2024-06-12,1600,weather_forecast,,36.0,75.0,50.0,True,True,True,False,False,False,False,False,4164,ok
weather_20240613_0530_weather_forecast_d48f1d62.pdf,2024-06-13,0530,weather_forecast,,24.0,,50.0,False,True,True,False,False,False,False,False,5178,ok
weather_20240613_0700_weather_forecast_a10501be.pdf,2024-06-13,0700,weather_forecast,,24.0,,,False,False,False,False,False,False,False,True,7262,ok
weather_20240613_1200_weather_forecast_65a468b7.pdf,2024-06-13,1200,weather_forecast,,24.0,,50.0,False,True,True,False,False,False,False,False,4571,ok
weather_20240613_1600_weather_forecast_bb236c29.pdf,2024-06-13,1600,weather_forecast,,36.0,,50.0,False,True,True,False,False,False,False,False,4071,ok
weather_20240614_0530_weather_forecast_f5ada169.pdf,2024-06-14,0530,weather_forecast,,24.0,,50.0,False,True,True,False,False,False,False,False,4705,ok
weather_20240614_0700_weather_forecast_d3ae4cf3.pdf,2024-06-14,0700,weather_forecast,,24.0,,,False,False,False,False,False,False,False,True,6920,ok
weather_20240614_1200_weather_forecast_eb0af9fc.pdf,2024-06-14,1200,weather_forecast,,24.0,,50.0,False,False,True,False,False,False,False,False,4189,ok
weather_20240614_1600_weather_forecast_aa869239.pdf,2024-06-14,1600,weather_forecast,,36.0,,50.0,False,False,True,False,False,False,False,False,3303,ok
weather_20240615_0530_weather_forecast_30e74b16.pdf,2024-06-15,0530,weather_forecast,,24.0,,50.0,False,False,True,False,False,False,False,False,4180,ok
weather_20240615_0930_weather_forecast_ffdf594d.pdf,2024-06-15,0930,weather_forecast,,,,,False,False,False,False,False,False,False,False,5698,ok
weather_20240615_1200_weather_forecast_ca1ea0e9.pdf,2024-06-15,1200,weather_forecast,,24.0,,50.0,False,False,True,False,False,False,False,False,4107,ok
weather_20240615_1600_weather_forecast_e35a1c99.pdf,2024-06-15,1600,weather_forecast,,36.0,,50.0,False,False,True,False,False,False,False,False,3344,ok
weather_20240616_0530_weather_forecast_b92e6822.pdf,2024-06-16,0530,weather_forecast,,24.0,,50.0,False,False,True,False,False,False,False,False,4090,ok
weather_20240616_1200_weather_forecast_3747d0e2.pdf,2024-06-16,1200,weather_forecast,,24.0,,50.0,False,False,True,False,False,False,False,False,4084,ok
weather_20240616_1600_weather_forecast_15e03bb3.pdf,2024-06-16,1600,weather_forecast,,36.0,,50.0,False,False,True,False,False,False,False,False,3374,ok
weather_20240617_0530_weather_forecast_a05b7a00.pdf,2024-06-17,0530,weather_forecast,,24.0,,50.0,False,False,True,False,False,False,False,False,4072,ok
weather_20240617_1200_weather_forecast_aeee7b30.pdf,2024-06-17,1200,weather_forecast,,24.0,,50.0,False,False,True,False,False,False,False,False,4361,ok
weather_20240617_1600_weather_forecast_2e83c6f0.pdf,2024-06-17,1600,weather_forecast,,36.0,,50.0,False,True,True,False,False,False,False,False,3750,ok
weather_20240618_0530_weather_forecast_66288c37.pdf,2024-06-18,0530,weather_forecast,,24.0,,50.0,False,True,True,False,False,False,False,False,4555,ok
weather_20240618_1200_weather_forecast_5c2d1537.pdf,2024-06-18,1200,weather_forecast,,24.0,75.0,50.0,True,True,True,False,False,False,False,False,4788,ok
weather_20240618_1600_weather_forecast_2380aa64.pdf,2024-06-18,1600,weather_forecast,,36.0,75.0,50.0,True,True,True,False,False,False,False,False,4107,ok
weather_20240619_0030_weather_forecast_77b58f91.pdf,2024-06-19,0030,weather_forecast,,24.0,75.0,50.0,True,True,True,False,False,False,False,False,4732,ok
weather_20240619_1200_weather_forecast_44475026.pdf,2024-06-19,1200,weather_forecast,,24.0,75.0,50.0,True,True,True,False,False,False,False,False,4466,ok
weather_20240619_1600_weather_forecast_42c34f06.pdf,2024-06-19,1600,weather_forecast,,36.0,75.0,50.0,True,True,True,False,False,False,False,False,3855,ok
weather_20240620_0530_weather_forecast_3a88d1d2.pdf,2024-06-20,0530,weather_forecast,,24.0,75.0,50.0,True,True,True,False,False,False,False,False,4559,ok
weather_20240620_1200_weather_forecast_045bbbe6.pdf,2024-06-20,1200,weather_forecast,,24.0,75.0,50.0,True,True,True,False,False,False,False,False,4598,ok
weather_20240620_1600_weather_forecast_b1e7fe98.pdf,2024-06-20,1600,weather_forecast,,36.0,75.0,50.0,True,True,True,False,False,False,False,False,3950,ok
weather_20240621_0530_weather_forecast_918e2e46.pdf,2024-06-21,0530,weather_forecast,,24.0,75.0,50.0,True,True,True,False,False,False,False,False,4588,ok
weather_20240621_1200_weather_forecast_425ff4dc.pdf,2024-06-21,1200,weather_forecast,,24.0,100.0,50.0,True,True,True,False,False,False,False,False,4504,ok
weather_20240621_1600_weather_forecast_069448b1.pdf,2024-06-21,1600,weather_forecast,,36.0,100.0,50.0,True,False,True,False,False,False,False,False,3699,ok
weather_20240621_2230_heavy_rain_cdfc6b57.pdf,2024-06-21,2230,heavy_rain,Amber,24.0,100.0,50.0,True,False,True,False,False,False,False,False,1769,ok
weather_20240622_0530_weather_forecast_575921d8.pdf,2024-06-22,0530,weather_forecast,,24.0,,,False,True,False,False,False,False,False,False,4852,ok
weather_20240622_1200_weather_forecast_0ee7a979.pdf,2024-06-22,1200,weather_forecast,,24.0,,,False,True,False,False,False,False,False,False,4924,ok
weather_20240622_1600_weather_forecast_cf65db0b.pdf,2024-06-22,1600,weather_forecast,,36.0,100.0,50.0,True,False,True,False,False,False,False,False,3729,ok
weather_20240623_0530_weather_forecast_b1d8c823.pdf,2024-06-23,0530,weather_forecast,,24.0,,,False,False,False,False,False,False,False,False,4700,ok
weather_20240623_1200_weather_forecast_a4f879d1.pdf,2024-06-23,1200,weather_forecast,,24.0,,,False,False,False,False,False,False,False,False,4631,ok
weather_20240623_1600_weather_forecast_77dae9ce.pdf,2024-06-23,1600,weather_forecast,,36.0,50.0,50.0,True,False,True,False,False,False,False,False,3696,ok
weather_20240624_0530_weather_forecast_67e57975.pdf,2024-06-24,0530,weather_forecast,,24.0,,,False,False,False,False,False,False,False,False,4621,ok
weather_20240624_1200_weather_forecast_df1c2776.pdf,2024-06-24,1200,weather_forecast,,24.0,,,False,False,False,False,False,False,False,False,4787,ok
weather_20240624_1600_weather_forecast_bcff441c.pdf,2024-06-24,1600,weather_forecast,,36.0,75.0,50.0,True,False,True,False,False,False,False,False,3615,ok
weather_20240625_0530_weather_forecast_03673583.pdf,2024-06-25,0530,weather_forecast,,24.0,,,False,False,False,False,False,False,False,False,4782,ok
weather_20240625_1200_weather_forecast_55b5569c.pdf,2024-06-25,1200,weather_forecast,,24.0,,,False,False,False,False,False,False,False,False,4795,ok
weather_20240625_1600_weather_forecast_f4ecae9d.pdf,2024-06-25,1600,weather_forecast,,36.0,75.0,50.0,True,False,True,False,False,False,False,False,3633,ok
weather_20240626_0530_weather_forecast_4f9733c2.pdf,2024-06-26,0530,weather_forecast,,24.0,,,False,False,False,False,False,False,False,False,4806,ok
weather_20240626_1200_weather_forecast_0e69f814.pdf,2024-06-26,1200,weather_forecast,,24.0,,,False,True,False,False,False,False,False,False,5053,ok
weather_20240626_1600_weather_forecast_33a01f1f.pdf,2024-06-26,1600,weather_forecast,,36.0,50.0,50.0,True,True,True,False,False,False,False,False,4053,ok
weather_20240627_0530_weather_forecast_208e054e.pdf,2024-06-27,0530,weather_forecast,,24.0,,50.0,False,False,True,False,False,False,False,False,4237,ok
weather_20240627_1200_weather_forecast_8170654e.pdf,2024-06-27,1200,weather_forecast,,24.0,,45.0,False,False,True,False,False,False,False,False,4079,ok
weather_20240627_1600_weather_forecast_13dea2b4.pdf,2024-06-27,1600,weather_forecast,,36.0,,45.0,False,False,True,False,False,False,False,False,3374,ok
weather_20240628_0530_weather_forecast_d43f6699.pdf,2024-06-28,0530,weather_forecast,,24.0,,50.0,False,True,True,False,False,False,False,False,4122,ok
weather_20240628_1200_weather_forecast_8757cc2f.pdf,2024-06-28,1200,weather_forecast,,24.0,,50.0,False,True,True,False,False,False,False,False,3973,ok
weather_20240628_1600_weather_forecast_72cd4198.pdf,2024-06-28,1600,weather_forecast,,36.0,,50.0,False,True,True,False,False,False,False,False,3620,ok
weather_20240629_0530_weather_forecast_cc5c11b0.pdf,2024-06-29,0530,weather_forecast,,24.0,,50.0,False,True,True,False,False,False,False,False,4020,ok
weather_20240629_1600_weather_forecast_77621fa8.pdf,2024-06-29,1600,weather_forecast,,36.0,,50.0,False,True,True,False,False,False,False,False,3797,ok
weather_20240630_0530_weather_forecast_b73b255a.pdf,2024-06-30,0530,weather_forecast,,24.0,,50.0,False,False,True,False,False,False,False,False,3598,ok
weather_20240630_1200_weather_forecast_ba5ae88d.pdf,2024-06-30,1200,weather_forecast,,24.0,,50.0,False,True,True,False,False,False,False,False,3822,ok
weather_20240630_1600_weather_forecast_016a3b2c.pdf,2024-06-30,1600,weather_forecast,,36.0,,50.0,False,True,True,False,False,False,False,False,3612,ok
weather_20240701_0530_weather_forecast_08cdd3a2.pdf,2024-07-01,0530,weather_forecast,,24.0,,50.0,False,True,True,False,False,False,False,False,3846,ok
weather_20240701_1200_weather_forecast_5beb7ab3.pdf,2024-07-01,1200,weather_forecast,,24.0,,50.0,False,True,True,False,False,False,False,False,3867,ok
weather_20240701_1600_weather_forecast_1f32746b.pdf,2024-07-01,1600,weather_forecast,,36.0,,50.0,False,True,True,False,False,False,False,False,3713,ok
weather_20240702_1200_weather_forecast_8cc98441.pdf,2024-07-02,1200,weather_forecast,,24.0,50.0,50.0,True,True,True,False,False,False,False,False,4521,ok
weather_20240702_1600_weather_forecast_49c0f660.pdf,2024-07-02,1600,weather_forecast,,36.0,50.0,50.0,True,True,True,False,False,False,False,False,4336,ok
weather_20240703_0530_weather_forecast_cf2f8bb3.pdf,2024-07-03,0530,weather_forecast,,24.0,50.0,50.0,True,True,True,False,False,False,False,False,4508,ok
weather_20240703_1200_weather_forecast_71874db7.pdf,2024-07-03,1200,weather_forecast,,24.0,,50.0,False,True,True,False,False,False,False,False,4167,ok
weather_20240703_1600_weather_forecast_720f3bbb.pdf,2024-07-03,1600,weather_forecast,,36.0,,50.0,False,True,True,False,False,False,False,False,4283,ok
weather_20240704_0530_weather_forecast_e5c79cda.pdf,2024-07-04,0530,weather_forecast,,24.0,,50.0,False,True,True,False,False,False,False,False,4281,ok
weather_20240704_1200_weather_forecast_99994a00.pdf,2024-07-04,1200,weather_forecast,,24.0,50.0,50.0,True,True,True,False,False,False,False,False,4430,ok
weather_20240704_1600_weather_forecast_8e856790.pdf,2024-07-04,1600,weather_forecast,,36.0,50.0,50.0,True,True,True,False,False,False,False,False,4233,ok
weather_20240705_0530_weather_forecast_85276977.pdf,2024-07-05,0530,weather_forecast,,24.0,75.0,50.0,True,True,True,False,False,False,False,False,4555,ok
weather_20240705_1200_weather_forecast_cbbf3215.pdf,2024-07-05,1200,weather_forecast,,24.0,,50.0,False,True,True,False,False,False,False,False,4370,ok
weather_20240705_1600_weather_forecast_62ebe1bf.pdf,2024-07-05,1600,weather_forecast,,36.0,75.0,50.0,True,True,True,False,False,False,False,False,4346,ok
weather_20240705_2300_weather_forecast_4260e86d.pdf,2024-07-05,2300,weather_forecast,Amber,12.0,100.0,,True,True,False,False,False,False,False,False,611,ok
weather_20240705_2300_weather_forecast_ed2ac857.pdf,2024-07-05,2300,weather_forecast,,,,,False,False,False,False,False,False,False,False,698,ok
weather_20240706_0530_weather_forecast_d159bde6.pdf,2024-07-06,0530,weather_forecast,,24.0,,50.0,False,True,True,False,False,False,False,False,4355,ok
weather_20240706_1200_weather_forecast_ac9f33d4.pdf,2024-07-06,1200,weather_forecast,,24.0,,50.0,False,True,True,False,False,False,False,False,4412,ok
weather_20240706_1600_weather_forecast_60337310.pdf,2024-07-06,1600,weather_forecast,,36.0,,50.0,False,True,True,False,False,False,False,False,4247,ok
weather_20240707_0530_weather_forecast_389b2b41.pdf,2024-07-07,0530,weather_forecast,,24.0,,50.0,False,True,True,False,False,False,False,False,4354,ok
weather_20240707_1145_heavy_rain_09848f72.pdf,2024-07-07,1145,heavy_rain,Amber,24.0,100.0,,True,True,False,False,False,False,False,False,1335,ok
weather_20240707_1200_weather_forecast_5d5fb899.pdf,2024-07-07,1200,weather_forecast,,24.0,,50.0,False,True,True,False,False,False,False,False,4395,ok
weather_20240707_1600_weather_forecast_0644cab1.pdf,2024-07-07,1600,weather_forecast,,36.0,,50.0,False,True,True,False,False,False,False,False,4553,ok
weather_20240708_0530_weather_forecast_2d8c0935.pdf,2024-07-08,0530,weather_forecast,,24.0,,50.0,False,True,True,False,False,False,False,False,4605,ok
weather_20240708_1200_weather_forecast_d3225680.pdf,2024-07-08,1200,weather_forecast,,24.0,,50.0,False,True,True,False,False,False,False,False,4835,ok
weather_20240708_1600_weather_forecast_2a071fb3.pdf,2024-07-08,1600,weather_forecast,,36.0,,50.0,False,True,True,False,False,False,False,False,4117,ok
weather_20240709_0530_weather_forecast_446306ac.pdf,2024-07-09,0530,weather_forecast,,24.0,,50.0,False,True,True,False,False,False,False,False,4433,ok
weather_20240709_1200_weather_forecast_2248573b.pdf,2024-07-09,1200,weather_forecast,,24.0,,50.0,False,True,True,False,False,False,False,False,4872,ok
weather_20240709_1600_weather_forecast_cc989d24.pdf,2024-07-09,1600,weather_forecast,,36.0,,50.0,False,True,True,False,False,False,False,False,4099,ok
weather_20240710_0530_weather_forecast_39ded23b.pdf,2024-07-10,0530,weather_forecast,,24.0,,50.0,False,True,True,False,False,False,False,False,4409,ok
weather_20240710_1200_weather_forecast_94752b64.pdf,2024-07-10,1200,weather_forecast,,24.0,,50.0,False,True,True,False,False,False,False,False,4418,ok
weather_20240710_1600_weather_forecast_9715893b.pdf,2024-07-10,1600,weather_forecast,,36.0,,50.0,False,True,True,False,False,False,False,False,4208,ok
weather_20240711_0530_weather_forecast_9995dfeb.pdf,2024-07-11,0530,weather_forecast,,24.0,,50.0,False,True,True,False,False,False,False,False,4665,ok
weather_20240711_1200_weather_forecast_9af7a681.pdf,2024-07-11,1200,weather_forecast,,24.0,50.0,50.0,True,True,True,False,False,False,False,False,4885,ok
weather_20240711_1600_weather_forecast_f62804f4.pdf,2024-07-11,1600,weather_forecast,,36.0,50.0,50.0,True,True,True,False,False,False,False,False,4630,ok
weather_20240712_0530_weather_forecast_866c12e5.pdf,2024-07-12,0530,weather_forecast,,24.0,50.0,50.0,True,True,True,False,False,False,False,False,4948,ok
weather_20240712_1200_weather_forecast_e694d18c.pdf,2024-07-12,1200,weather_forecast,,24.0,75.0,50.0,True,True,True,False,False,False,False,False,4941,ok
weather_20240712_1600_weather_forecast_a1f57847.pdf,2024-07-12,1600,weather_forecast,,36.0,75.0,50.0,True,True,True,False,False,False,False,False,4262,ok
weather_20240713_0530_weather_forecast_1160ab7f.pdf,2024-07-13,0530,weather_forecast,,24.0,50.0,50.0,True,True,True,False,False,False,False,False,4787,ok
weather_20240713_1200_weather_forecast_486662f2.pdf,2024-07-13,1200,weather_forecast,,24.0,75.0,50.0,True,True,True,False,False,False,False,False,5055,ok
weather_20240713_1300_heavy_rain_2f6ed6b2.pdf,2024-07-13,1300,heavy_rain,Amber,24.0,100.0,,True,True,False,False,False,False,False,False,1399,ok
weather_20240713_1600_weather_forecast_4634b359.pdf,2024-07-13,1600,weather_forecast,,36.0,100.0,55.0,True,True,True,False,False,False,False,False,4143,ok
weather_20240714_0530_weather_forecast_15d358ec.pdf,2024-07-14,0530,weather_forecast,,24.0,,,False,True,False,False,False,False,False,False,5533,ok
weather_20240714_1200_weather_forecast_eb90f876.pdf,2024-07-14,1200,weather_forecast,,24.0,,,False,True,False,False,False,False,False,False,5175,ok
weather_20240714_1600_weather_forecast_df6a5197.pdf,2024-07-14,1600,weather_forecast,,36.0,75.0,55.0,True,True,True,False,False,False,False,False,3720,ok
weather_20240715_0530_strong_wind_1f5ac35f.pdf,2024-07-15,0530,strong_wind,Amber,,,60.0,False,False,True,False,False,False,False,False,1754,ok
weather_20240715_0530_weather_forecast_e37388a1.pdf,2024-07-15,0530,weather_forecast,,24.0,,,False,True,False,False,False,False,False,False,5192,ok
weather_20240715_1200_weather_forecast_9c54167b.pdf,2024-07-15,1200,weather_forecast,,24.0,,,False,True,False,False,False,False,False,False,5481,ok
weather_20240715_1600_weather_forecast_f2ce1a58.pdf,2024-07-15,1600,weather_forecast,,36.0,75.0,60.0,True,True,True,False,False,False,False,False,3980,ok
weather_20240716_0530_strong_wind_ba761dab.pdf,2024-07-16,0530,strong_wind,Amber,,,60.0,False,False,True,False,False,False,False,False,1799,ok
weather_20240716_0530_weather_forecast_d8962af8.pdf,2024-07-16,0530,weather_forecast,,24.0,,,False,True,False,False,False,False,False,False,5494,ok
weather_20240716_1200_weather_forecast_9ee4f0ae.pdf,2024-07-16,1200,weather_forecast,,24.0,,,False,True,False,False,False,False,False,False,5407,ok
weather_20240716_1600_weather_forecast_edb2ad53.pdf,2024-07-16,1600,weather_forecast,,36.0,50.0,60.0,True,True,True,False,False,False,False,False,3996,ok
weather_20240717_0530_strong_wind_fd640ea9.pdf,2024-07-17,0530,strong_wind,Amber,,,60.0,False,False,True,False,False,False,False,False,1799,ok
weather_20240717_0530_weather_forecast_c85970aa.pdf,2024-07-17,0530,weather_forecast,,24.0,,,False,True,False,False,False,False,False,False,5394,ok
weather_20240717_1200_weather_forecast_f5fd5398.pdf,2024-07-17,1200,weather_forecast,,24.0,,,False,True,False,False,False,False,False,False,5399,ok
weather_20240717_1600_weather_forecast_5b696d4e.pdf,2024-07-17,1600,weather_forecast,,36.0,50.0,60.0,True,True,True,False,False,False,False,False,3994,ok
weather_20240718_0530_strong_wind_c0dbf6eb.pdf,2024-07-18,0530,strong_wind,Amber,,,60.0,False,False,True,False,False,False,False,False,1799,ok
weather_20240718_0530_weather_forecast_ac8297e3.pdf,2024-07-18,0530,weather_forecast,,24.0,,,False,True,False,False,False,False,False,False,5387,ok
weather_20240718_1200_weather_forecast_ab4edf81.pdf,2024-07-18,1200,weather_forecast,,24.0,,,False,True,False,False,False,False,False,False,4940,ok
weather_20240718_1600_weather_forecast_57a17621.pdf,2024-07-18,1600,weather_forecast,,36.0,,60.0,False,False,True,False,False,False,False,False,3767,ok
weather_20240719_0530_strong_wind_876f7847.pdf,2024-07-19,0530,strong_wind,Amber,,,60.0,False,False,True,False,False,False,False,False,1799,ok
weather_20240719_0530_weather_forecast_d8f058e3.pdf,2024-07-19,0530,weather_forecast,,24.0,,,False,True,False,False,False,False,False,False,4885,ok
weather_20240719_1200_weather_forecast_645bb67f.pdf,2024-07-19,1200,weather_forecast,,24.0,,,False,True,False,False,False,False,False,False,5029,ok
weather_20240719_1600_weather_forecast_b043cfb4.pdf,2024-07-19,1600,weather_forecast,,36.0,,60.0,False,False,True,False,False,False,False,False,3925,ok
weather_20240720_0530_strong_wind_31f0bd99.pdf,2024-07-20,0530,strong_wind,Amber,,,60.0,False,False,True,False,False,False,False,False,1799,ok
weather_20240720_0530_weather_forecast_ce410576.pdf,2024-07-20,0530,weather_forecast,,24.0,,,False,True,False,False,False,False,False,False,5055,ok
weather_20240720_1200_weather_forecast_a97929c2.pdf,2024-07-20,1200,weather_forecast,,24.0,,,False,False,False,False,False,False,False,False,4764,ok
weather_20240720_1600_weather_forecast_cf4cb4e6.pdf,2024-07-20,1600,weather_forecast,,36.0,,55.0,False,False,True,False,False,False,False,False,3695,ok
weather_20240721_0530_weather_forecast_169dba7d.pdf,2024-07-21,0530,weather_forecast,,24.0,,,False,False,False,False,False,False,False,False,4654,ok
weather_20240721_1200_weather_forecast_5e9af66b.pdf,2024-07-21,1200,weather_forecast,,24.0,,,False,False,False,False,False,False,False,False,4574,ok
weather_20240721_1600_weather_forecast_78e1e107.pdf,2024-07-21,1600,weather_forecast,,36.0,,55.0,False,False,True,False,False,False,False,False,3583,ok
weather_20240722_0530_weather_forecast_2f4a79fd.pdf,2024-07-22,0530,weather_forecast,,24.0,,,False,False,False,False,False,False,False,False,4671,ok
weather_20240722_1200_weather_forecast_8ff85a9a.pdf,2024-07-22,1200,weather_forecast,,24.0,,,False,False,False,False,False,False,False,False,4662,ok
weather_20240722_1600_weather_forecast_aeee608c.pdf,2024-07-22,1600,weather_forecast,,36.0,,55.0,False,False,True,False,False,False,False,False,3532,ok
weather_20240723_0530_weather_forecast_7d292938.pdf,2024-07-23,0530,weather_forecast,,24.0,,55.0,False,False,True,False,False,False,False,False,4153,ok
weather_20240723_1600_weather_forecast_a89c6650.pdf,2024-07-23,1600,weather_forecast,,36.0,,50.0,False,False,True,False,False,False,False,False,3647,ok
weather_20240724_0530_weather_forecast_d17132bb.pdf,2024-07-24,0530,weather_forecast,,24.0,,50.0,False,False,True,False,False,False,False,False,4089,ok
weather_20240724_1200_weather_forecast_8dff823b.pdf,2024-07-24,1200,weather_forecast,,24.0,,50.0,False,False,True,False,False,False,False,False,4100,ok
weather_20240724_1600_weather_forecast_03657621.pdf,2024-07-24,1600,weather_forecast,,36.0,,50.0,False,False,True,False,False,False,False,False,3671,ok
weather_20240725_0530_weather_forecast_a89080d9.pdf,2024-07-25,0530,weather_forecast,,24.0,,50.0,False,False,True,False,False,False,False,False,4339,ok
weather_20240725_1200_weather_forecast_4ca0fb69.pdf,2024-07-25,1200,weather_forecast,,24.0,,55.0,False,False,True,False,False,False,False,False,4269,ok
weather_20240725_1600_weather_forecast_8c26ed35.pdf,2024-07-25,1600,weather_forecast,,36.0,,55.0,False,False,True,False,False,False,False,False,3730,ok
weather_20240726_0530_weather_forecast_0f026fa9.pdf,2024-07-26,0530,weather_forecast,,24.0,,55.0,False,False,True,False,False,False,False,False,4173,ok
weather_20240726_1200_weather_forecast_6059bcf9.pdf,2024-07-26,1200,weather_forecast,,24.0,,55.0,False,False,True,False,False,False,False,False,3994,ok
weather_20240726_1600_weather_forecast_ece3d406.pdf,2024-07-26,1600,weather_forecast,,36.0,,55.0,False,False,True,False,False,False,False,False,3580,ok
weather_20240727_0530_weather_forecast_963659bd.pdf,2024-07-27,0530,weather_forecast,,24.0,,55.0,False,False,True,False,False,False,False,False,4263,ok
weather_20240727_1200_weather_forecast_40a78b82.pdf,2024-07-27,1200,weather_forecast,,24.0,,55.0,False,False,True,False,False,False,False,False,4194,ok
weather_20240727_1600_weather_forecast_2a5ad6a7.pdf,2024-07-27,1600,weather_forecast,,36.0,,55.0,False,False,True,False,False,False,False,False,3607,ok
weather_20240728_0530_weather_forecast_03fef072.pdf,2024-07-28,0530,weather_forecast,,24.0,,55.0,False,False,True,False,False,False,False,False,4350,ok
weather_20240728_1200_weather_forecast_8518a17f.pdf,2024-07-28,1200,weather_forecast,,24.0,,55.0,False,False,True,False,False,False,False,False,4365,ok
weather_20240728_1600_weather_forecast_85a8ff8b.pdf,2024-07-28,1600,weather_forecast,,36.0,,55.0,False,False,True,False,False,False,False,False,3591,ok
weather_20240729_0530_weather_forecast_49472b02.pdf,2024-07-29,0530,weather_forecast,,24.0,50.0,55.0,True,False,True,False,False,False,False,False,4428,ok
weather_20240729_1200_weather_forecast_e8c007f0.pdf,2024-07-29,1200,weather_forecast,,24.0,,55.0,False,False,True,False,False,False,False,False,4337,ok
weather_20240729_1600_weather_forecast_d6b3aade.pdf,2024-07-29,1600,weather_forecast,,36.0,50.0,55.0,True,True,True,False,False,False,False,False,3943,ok
weather_20240729_2200_heavy_rain_0a9774e0.pdf,2024-07-29,2200,heavy_rain,Amber,,100.0,55.0,True,False,True,False,False,False,False,False,903,ok
weather_20240729_2200_heavy_rain_5ad84574.pdf,2024-07-29,2200,heavy_rain,,,,,True,False,False,False,False,False,False,False,906,ok
weather_20240730_0530_weather_forecast_2138d038.pdf,2024-07-30,0530,weather_forecast,,24.0,50.0,55.0,True,True,True,False,False,False,False,False,4659,ok
weather_20240730_1200_weather_forecast_fa76c5e7.pdf,2024-07-30,1200,weather_forecast,,24.0,50.0,55.0,True,True,True,False,False,False,False,False,4734,ok
weather_20240730_1600_weather_forecast_9aad7747.pdf,2024-07-30,1600,weather_forecast,,36.0,50.0,55.0,True,True,True,False,False,False,False,False,4038,ok
weather_20240731_0300_weather_forecast_c0eb9af3.pdf,2024-07-31,0300,weather_forecast,Red,24.0,,,False,False,False,False,False,False,False,True,1979,ok
weather_20240731_0530_weather_forecast_fe06946c.pdf,2024-07-31,0530,weather_forecast,,24.0,50.0,55.0,True,True,True,False,False,False,False,False,4731,ok
weather_20240731_1200_weather_forecast_21431dcc.pdf,2024-07-31,1200,weather_forecast,,24.0,50.0,55.0,True,True,True,False,False,False,False,False,4748,ok
weather_20240731_1600_weather_forecast_92aab4a9.pdf,2024-07-31,1600,weather_forecast,,36.0,50.0,55.0,True,True,True,False,False,False,False,False,4061,ok
weather_20240801_0530_weather_forecast_93cac144.pdf,2024-08-01,0530,weather_forecast,,24.0,50.0,50.0,True,True,True,False,False,False,False,False,4742,ok
weather_20240801_1200_weather_forecast_2e69b999.pdf,2024-08-01,1200,weather_forecast,,24.0,,55.0,False,True,True,False,False,False,False,False,5080,ok
weather_20240801_1600_weather_forecast_ed104696.pdf,2024-08-01,1600,weather_forecast,,36.0,,55.0,False,True,True,False,False,False,False,False,3947,ok
weather_20240802_0530_weather_forecast_556e0f3a.pdf,2024-08-02,0530,weather_forecast,,24.0,,50.0,False,True,True,False,False,False,False,False,4481,ok
weather_20240802_1200_weather_forecast_e668b1b4.pdf,2024-08-02,1200,weather_forecast,,24.0,,50.0,False,True,True,False,False,False,False,False,4417,ok
weather_20240802_1600_weather_forecast_ecade9e2.pdf,2024-08-02,1600,weather_forecast,,36.0,,50.0,False,True,True,False,False,False,False,False,3965,ok
weather_20240803_0530_weather_forecast_781e17bc.pdf,2024-08-03,0530,weather_forecast,,24.0,,50.0,False,True,True,False,False,False,False,False,4209,ok
weather_20240803_1200_weather_forecast_a2bc539a.pdf,2024-08-03,1200,weather_forecast,,24.0,,40.0,False,True,True,False,False,False,False,False,3832,ok
weather_20240803_1600_weather_forecast_9119311c.pdf,2024-08-03,1600,weather_forecast,,36.0,,40.0,False,True,True,False,False,False,False,False,4211,ok
weather_20240804_0530_weather_forecast_b6da9cb6.pdf,2024-08-04,0530,weather_forecast,,24.0,50.0,,True,True,False,False,False,False,False,False,3550,ok
weather_20240804_1200_weather_forecast_434e3675.pdf,2024-08-04,1200,weather_forecast,,24.0,75.0,,True,True,False,False,False,False,False,False,3873,ok
weather_20240804_1600_weather_forecast_df275c42.pdf,2024-08-04,1600,weather_forecast,,36.0,75.0,,True,True,False,False,False,False,False,False,4121,ok
weather_20240805_0530_weather_forecast_78347964.pdf,2024-08-05,0530,weather_forecast,,24.0,50.0,,True,True,False,False,False,False,False,False,3860,ok
weather_20240805_1200_weather_forecast_33d01a04.pdf,2024-08-05,1200,weather_forecast,,24.0,,,False,True,False,False,False,False,False,False,4170,ok
weather_20240805_1430_thunderstorm_edaf6212.pdf,2024-08-05,1430,thunderstorm,Amber,,,,False,True,False,False,False,False,False,False,2966,ok
weather_20240805_1600_weather_forecast_646e3490.pdf,2024-08-05,1600,weather_forecast,,36.0,50.0,,True,True,False,False,False,False,False,False,4314,ok
weather_20240806_0530_weather_forecast_e106592b.pdf,2024-08-06,0530,weather_forecast,,24.0,,,False,True,False,False,False,False,False,False,4088,ok
weather_20240806_1200_weather_forecast_069a64d1.pdf,2024-08-06,1200,weather_forecast,,24.0,,,False,True,False,False,False,False,False,False,4142,ok
weather_20240806_1600_weather_forecast_924c042a.pdf,2024-08-06,1600,weather_forecast,,36.0,50.0,,True,True,False,False,False,False,False,False,4126,ok
weather_20240807_0530_weather_forecast_db21f602.pdf,2024-08-07,0530,weather_forecast,,24.0,,,False,True,False,False,False,False,False,False,4132,ok
weather_20240807_1200_weather_forecast_fcdd44b9.pdf,2024-08-07,1200,weather_forecast,,24.0,,,False,True,False,False,False,False,False,False,4003,ok
weather_20240808_0530_weather_forecast_d3c005fa.pdf,2024-08-08,0530,weather_forecast,,24.0,,,False,True,False,False,False,False,False,False,4135,ok
weather_20240808_1200_weather_forecast_223de456.pdf,2024-08-08,1200,weather_forecast,,24.0,,,False,True,False,False,False,False,False,False,3646,ok
weather_20240808_1600_weather_forecast_3d1cf9ee.pdf,2024-08-08,1600,weather_forecast,,36.0,50.0,,True,True,False,False,False,False,False,False,4686,ok
weather_20240809_0530_weather_forecast_f49c0973.pdf,2024-08-09,0530,weather_forecast,,24.0,,,False,True,False,False,False,False,False,False,3642,ok
weather_20240809_1200_weather_forecast_c40662e6.pdf,2024-08-09,1200,weather_forecast,,24.0,,,False,True,False,False,False,False,False,False,3571,ok
weather_20240809_1600_weather_forecast_fbf95ac8.pdf,2024-08-09,1600,weather_forecast,,36.0,50.0,,True,True,False,False,False,False,False,False,4560,ok
weather_20240810_0530_weather_forecast_67be8f7e.pdf,2024-08-10,0530,weather_forecast,,24.0,50.0,,True,True,False,False,False,False,False,False,3725,ok
weather_20240810_1200_weather_forecast_70e5b064.pdf,2024-08-10,1200,weather_forecast,,24.0,75.0,,True,True,False,False,False,False,False,False,4301,ok
weather_20240810_1600_weather_forecast_c06a6a5b.pdf,2024-08-10,1600,weather_forecast,,36.0,75.0,,True,True,False,False,False,False,False,False,4766,ok
weather_20240811_0530_weather_forecast_fea1267e.pdf,2024-08-11,0530,weather_forecast,,24.0,75.0,,True,True,False,False,False,False,False,False,4291,ok
weather_20240811_1200_weather_forecast_9d3b76b9.pdf,2024-08-11,1200,weather_forecast,,24.0,75.0,,True,True,False,False,False,False,False,False,4221,ok
weather_20240811_1600_weather_forecast_40c9eda3.pdf,2024-08-11,1600,weather_forecast,,36.0,75.0,,True,True,False,False,False,False,False,False,4723,ok
weather_20240812_0545_weather_forecast_4a50f566.pdf,2024-08-12,0545,weather_forecast,,24.0,100.0,,True,True,False,False,False,False,False,False,4267,ok
weather_20240812_1200_weather_forecast_6ffec00d.pdf,2024-08-12,1200,weather_forecast,,24.0,100.0,,True,True,False,False,False,False,False,False,4189,ok
weather_20240812_1300_thunderstorm_e81f1498.pdf,2024-08-12,1300,thunderstorm,Amber,,,,False,True,False,False,False,False,False,False,3034,ok
weather_20240812_1330_heavy_rain_6e512661.pdf,2024-08-12,1330,heavy_rain,Amber,12.0,100.0,,True,True,False,False,False,False,False,False,1329,ok
weather_20240812_1600_weather_forecast_3fbdf7c5.pdf,2024-08-12,1600,weather_forecast,,36.0,100.0,,True,True,False,False,False,False,False,False,4739,ok
weather_20240813_0530_weather_forecast_2791f584.pdf,2024-08-13,0530,weather_forecast,,24.0,100.0,,True,True,False,False,False,False,False,False,4406,ok
weather_20240813_1200_weather_forecast_ef1aea78.pdf,2024-08-13,1200,weather_forecast,,24.0,75.0,,True,True,False,False,False,False,False,False,4156,ok
weather_20240813_1600_weather_forecast_2104505c.pdf,2024-08-13,1600,weather_forecast,,36.0,75.0,,True,True,False,False,False,False,False,False,4561,ok
weather_20240814_0530_weather_forecast_c42b2648.pdf,2024-08-14,0530,weather_forecast,,24.0,50.0,40.0,True,True,True,False,False,False,False,False,4277,ok
weather_20240814_1200_weather_forecast_cd4bb24c.pdf,2024-08-14,1200,weather_forecast,,24.0,,,False,True,False,False,False,False,False,False,4053,ok
weather_20240814_1600_weather_forecast_c9bac1a5.pdf,2024-08-14,1600,weather_forecast,,36.0,,,False,True,False,False,False,False,False,False,3712,ok
weather_20240815_0530_weather_forecast_ec40aca7.pdf,2024-08-15,0530,weather_forecast,,24.0,,,False,True,False,False,False,False,False,False,4207,ok
weather_20240815_1200_weather_forecast_9d3d3307.pdf,2024-08-15,1200,weather_forecast,,24.0,100.0,,True,True,False,False,False,False,False,False,4533,ok
weather_20240815_1600_weather_forecast_139cb62d.pdf,2024-08-15,1600,weather_forecast,,36.0,100.0,,True,True,False,False,False,False,False,False,4753,ok
weather_20240816_0530_weather_forecast_7fa1caa0.pdf,2024-08-16,0530,weather_forecast,,24.0,100.0,,True,True,False,False,False,False,False,False,4440,ok
weather_20240816_1200_weather_forecast_02d3ae65.pdf,2024-08-16,1200,weather_forecast,,24.0,100.0,,True,True,False,False,False,False,False,False,4564,ok
weather_20240816_1600_weather_forecast_b15c0a53.pdf,2024-08-16,1600,weather_forecast,,36.0,100.0,,True,True,False,False,False,False,False,False,4869,ok
weather_20240816_1830_heavy_rain_01c1a05a.pdf,2024-08-16,1830,heavy_rain,,,,,True,False,False,False,False,False,False,False,979,ok
weather_20240817_0100_heavy_rain_29c355dd.pdf,2024-08-17,0100,heavy_rain,,,,,True,False,False,False,False,False,False,False,1214,ok
weather_20240817_0100_heavy_rain_88f586fb.pdf,2024-08-17,0100,heavy_rain,Red,12.0,150.0,,True,True,False,False,False,False,False,False,1163,ok
weather_20240817_0530_weather_forecast_1df1b5b4.pdf,2024-08-17,0530,weather_forecast,,24.0,100.0,,True,True,False,False,False,False,False,False,5041,ok
weather_20240817_1200_weather_forecast_316fa7cb.pdf,2024-08-17,1200,weather_forecast,,24.0,100.0,,True,True,False,False,False,False,False,False,5159,ok
weather_20240817_1300_heavy_rain_51149b44.pdf,2024-08-17,1300,heavy_rain,Red,,150.0,,True,True,False,False,False,False,False,False,1817,ok
weather_20240817_1600_weather_forecast_aca1b03c.pdf,2024-08-17,1600,weather_forecast,,36.0,150.0,40.0,True,True,True,False,False,False,False,False,5186,ok
weather_20240818_0530_weather_forecast_211ee773.pdf,2024-08-18,0530,weather_forecast,,24.0,75.0,40.0,True,True,True,False,False,False,False,False,4932,ok
weather_20240818_1200_weather_forecast_8d6abe41.pdf,2024-08-18,1200,weather_forecast,,24.0,75.0,40.0,True,True,True,False,False,False,False,False,5052,ok
weather_20240818_1600_weather_forecast_c5b8f7b1.pdf,2024-08-18,1600,weather_forecast,,36.0,75.0,40.0,True,True,True,False,False,False,False,False,5013,ok
weather_20240819_0530_weather_forecast_cccec070.pdf,2024-08-19,0530,weather_forecast,,24.0,75.0,40.0,True,True,True,False,False,False,False,False,4973,ok
weather_20240819_1200_weather_forecast_6970cbda.pdf,2024-08-19,1200,weather_forecast,,24.0,75.0,40.0,True,True,True,False,False,False,False,False,4684,ok
weather_20240819_1600_weather_forecast_4098643e.pdf,2024-08-19,1600,weather_forecast,,36.0,75.0,40.0,True,True,True,False,False,False,False,False,4971,ok
weather_20240819_2130_heavy_rain_c152387b.pdf,2024-08-19,2130,heavy_rain,,,,,True,False,False,False,False,False,False,False,883,ok
weather_20240820_0530_weather_forecast_7671e89d.pdf,2024-08-20,0530,weather_forecast,,24.0,,,False,True,False,False,False,False,False,False,5395,ok
weather_20240820_1200_weather_forecast_719303f0.pdf,2024-08-20,1200,weather_forecast,,24.0,,,False,True,False,False,False,False,False,False,5415,ok
weather_20240820_1600_weather_forecast_fe2c5647.pdf,2024-08-20,1600,weather_forecast,,36.0,75.0,40.0,True,True,True,False,False,False,False,False,5034,ok
weather_20240820_2130_heavy_rain_110f62dd.pdf,2024-08-20,2130,heavy_rain,Amber,,100.0,,True,True,False,False,False,False,False,False,846,ok
weather_20240820_2130_heavy_rain_ff52f6bf.pdf,2024-08-20,2130,heavy_rain,,,,,True,False,False,False,False,False,False,False,884,ok
weather_20240821_0530_weather_forecast_6d8acc6b.pdf,2024-08-21,0530,weather_forecast,,24.0,,,False,True,False,False,False,False,False,False,5376,ok
weather_20240821_0930_heavy_rain_387a8dc7.pdf,2024-08-21,0930,heavy_rain,Amber,,100.0,,True,True,False,False,False,False,False,False,1642,ok
weather_20240821_1200_weather_forecast_edf7372c.pdf,2024-08-21,1200,weather_forecast,,24.0,,40.0,False,True,True,False,False,False,False,False,4826,ok
weather_20240821_1600_weather_forecast_05ec2342.pdf,2024-08-21,1600,weather_forecast,,36.0,75.0,40.0,True,True,True,False,False,False,False,False,4065,ok
weather_20240822_0530_weather_forecast_d71e3510.pdf,2024-08-22,0530,weather_forecast,,24.0,,40.0,False,True,True,False,False,False,False,False,4972,ok
weather_20240822_1200_weather_forecast_cabf4555.pdf,2024-08-22,1200,weather_forecast,,24.0,,40.0,False,True,True,False,False,False,False,False,4888,ok
weather_20240822_1600_weather_forecast_1ea9ed2c.pdf,2024-08-22,1600,weather_forecast,,36.0,,40.0,False,True,True,False,False,False,False,False,4197,ok
weather_20240823_0530_weather_forecast_cf1b8053.pdf,2024-08-23,0530,weather_forecast,,24.0,,40.0,False,True,True,False,False,False,False,False,4794,ok
weather_20240823_1200_weather_forecast_ceb20517.pdf,2024-08-23,1200,weather_forecast,,24.0,,40.0,False,True,True,False,False,False,False,False,4899,ok
weather_20240823_1600_weather_forecast_9514c327.pdf,2024-08-23,1600,weather_forecast,,36.0,,40.0,False,True,True,False,False,False,False,False,4128,ok
weather_20240824_0530_weather_forecast_15d58fec.pdf,2024-08-24,0530,weather_forecast,,24.0,,40.0,False,True,True,False,False,False,False,False,4973,ok
weather_20240824_1200_weather_forecast_a2ba95e5.pdf,2024-08-24,1200,weather_forecast,,24.0,,40.0,False,True,True,False,False,False,False,False,4729,ok
weather_20240824_1600_weather_forecast_4e9a8694.pdf,2024-08-24,1600,weather_forecast,,36.0,,40.0,False,True,True,False,False,False,False,False,3810,ok
weather_20240825_0530_weather_forecast_d881b307.pdf,2024-08-25,0530,weather_forecast,,24.0,,40.0,False,True,True,False,False,False,False,False,4788,ok
weather_20240825_1200_weather_forecast_88105ff9.pdf,2024-08-25,1200,weather_forecast,,24.0,,40.0,False,True,True,False,False,False,False,False,4457,ok
weather_20240825_1600_weather_forecast_a53814ce.pdf,2024-08-25,1600,weather_forecast,,36.0,,40.0,False,True,True,False,False,False,False,False,4400,ok
weather_20240826_0530_weather_forecast_eba71ab4.pdf,2024-08-26,0530,weather_forecast,,24.0,,40.0,False,True,True,False,False,False,False,False,4234,ok
weather_20240826_1200_weather_forecast_8603e293.pdf,2024-08-26,1200,weather_forecast,,24.0,,40.0,False,True,True,False,False,False,False,False,4285,ok
weather_20240826_1600_weather_forecast_d4ceea61.pdf,2024-08-26,1600,weather_forecast,,36.0,,40.0,False,True,True,False,False,False,False,False,4187,ok
weather_20240827_0530_weather_forecast_7d1d468e.pdf,2024-08-27,0530,weather_forecast,,24.0,,40.0,False,True,True,False,False,False,False,False,4459,ok
weather_20240827_1200_weather_forecast_e54f8e5c.pdf,2024-08-27,1200,weather_forecast,,24.0,,40.0,False,True,True,False,False,False,False,False,4468,ok
weather_20240827_1600_weather_forecast_04dd8ef6.pdf,2024-08-27,1600,weather_forecast,,36.0,,40.0,False,True,True,False,False,False,False,False,4560,ok
weather_20240828_0530_weather_forecast_b05c88f3.pdf,2024-08-28,0530,weather_forecast,,24.0,,40.0,False,True,True,False,False,False,False,False,4480,ok
weather_20240828_1200_weather_forecast_a0919536.pdf,2024-08-28,1200,weather_forecast,,24.0,,50.0,False,True,True,False,False,False,False,False,5287,ok
weather_20240828_1600_weather_forecast_6fa50445.pdf,2024-08-28,1600,weather_forecast,,36.0,,50.0,False,True,True,False,False,False,False,False,4710,ok
weather_20240829_0530_weather_forecast_b69f211f.pdf,2024-08-29,0530,weather_forecast,,24.0,50.0,50.0,True,True,True,False,False,False,False,False,6343,ok
weather_20240829_1200_weather_forecast_7743664f.pdf,2024-08-29,1200,weather_forecast,,24.0,50.0,50.0,True,True,True,False,False,False,False,False,6336,ok
weather_20240829_1530_heavy_rain_5ac4721d.pdf,2024-08-29,1530,heavy_rain,Amber,48.0,,,False,False,False,False,False,False,False,True,2153,ok
weather_20240829_1600_weather_forecast_1b809c60.pdf,2024-08-29,1600,weather_forecast,,36.0,50.0,50.0,True,True,True,False,False,False,False,False,5012,ok
weather_20240829_2030_heavy_rain_12b5668a.pdf,2024-08-29,2030,heavy_rain,Amber,48.0,,,False,False,False,False,True,False,False,True,2707,ok
weather_20240830_0530_weather_forecast_1401a507.pdf,2024-08-30,0530,weather_forecast,,24.0,50.0,50.0,True,True,True,False,True,False,False,False,7589,ok
weather_20240830_0700_weather_forecast_5e923684.pdf,2024-08-30,0700,weather_forecast,,24.0,,,False,False,False,False,True,False,False,True,8328,ok
weather_20240830_1200_weather_forecast_204817d0.pdf,2024-08-30,1200,weather_forecast,,24.0,,,False,True,False,False,True,False,False,False,7921,ok
weather_20240830_1600_weather_forecast_b9e2217e.pdf,2024-08-30,1600,weather_forecast,,36.0,50.0,50.0,True,True,True,False,False,False,False,False,5453,ok
weather_20240830_2030_heavy_rain_5cb47538.pdf,2024-08-30,2030,heavy_rain,Amber,48.0,,,False,False,False,False,True,False,False,True,2736,ok
weather_20240831_0530_weather_forecast_93705275.pdf,2024-08-31,0530,weather_forecast,,24.0,,,False,True,False,False,True,False,False,False,8041,ok
weather_20240831_1200_weather_forecast_fbafdbcd.pdf,2024-08-31,1200,weather_forecast,,24.0,,,False,True,False,False,True,False,False,False,7859,ok
weather_20240831_1600_weather_forecast_f7831650.pdf,2024-08-31,1600,weather_forecast,,36.0,75.0,50.0,True,True,True,False,False,False,False,False,5150,ok
weather_20240831_2030_heavy_rain_f0d342e8.pdf,2024-08-31,2030,heavy_rain,Amber,6.0,,,False,False,False,False,True,False,False,True,2591,ok
weather_20240901_0530_weather_forecast_9b38fa12.pdf,2024-09-01,0530,weather_forecast,,24.0,,,False,True,False,False,True,False,False,False,7876,ok
weather_20240901_1200_weather_forecast_3e1dde2c.pdf,2024-09-01,1200,weather_forecast,,24.0,,,False,True,False,False,True,False,False,False,7572,ok
weather_20240901_1600_weather_forecast_71ab7f8f.pdf,2024-09-01,1600,weather_forecast,,36.0,75.0,50.0,True,True,True,False,False,False,False,False,5400,ok
weather_20240902_0530_weather_forecast_5bea9f20.pdf,2024-09-02,0530,weather_forecast,,24.0,,,False,True,False,False,False,False,False,False,6500,ok
weather_20240902_0600_heavy_rain_0015127b.pdf,2024-09-02,0600,heavy_rain,Amber,24.0,100.0,,True,True,False,False,False,False,False,False,1353,ok
weather_20240902_1200_weather_forecast_5732b56d.pdf,2024-09-02,1200,weather_forecast,,24.0,,,False,True,False,False,False,False,False,False,5979,ok
weather_20240902_1600_weather_forecast_91d90010.pdf,2024-09-02,1600,weather_forecast,,36.0,75.0,50.0,True,True,True,False,False,False,False,False,5370,ok
weather_20240903_0530_weather_forecast_5120b6b2.pdf,2024-09-03,0530,weather_forecast,,24.0,,,False,True,False,False,False,False,False,False,5990,ok
weather_20240903_0630_heavy_rain_75063a4f.pdf,2024-09-03,0630,heavy_rain,Amber,24.0,100.0,,True,True,False,False,False,False,False,False,1353,ok
weather_20240903_1200_weather_forecast_b7609cc7.pdf,2024-09-03,1200,weather_forecast,,24.0,,,False,True,False,False,False,False,False,False,6134,ok
weather_20240903_1600_weather_forecast_6043e74c.pdf,2024-09-03,1600,weather_forecast,,36.0,50.0,50.0,True,True,True,False,False,False,False,False,5065,ok
weather_20240904_0530_weather_forecast_688d16e5.pdf,2024-09-04,0530,weather_forecast,,24.0,,,False,True,False,False,False,False,False,False,5872,ok
weather_20240904_1200_weather_forecast_9ab16703.pdf,2024-09-04,1200,weather_forecast,,24.0,,45.0,False,True,True,False,False,False,False,False,5472,ok
weather_20240904_1600_weather_forecast_65e03726.pdf,2024-09-04,1600,weather_forecast,,36.0,50.0,45.0,True,True,True,False,False,False,False,False,4964,ok
weather_20240905_0530_weather_forecast_e52c885a.pdf,2024-09-05,0530,weather_forecast,,24.0,,45.0,False,True,True,False,False,False,False,False,5442,ok
weather_20240905_1200_weather_forecast_139966ec.pdf,2024-09-05,1200,weather_forecast,,24.0,,45.0,False,True,True,False,False,False,False,False,5520,ok
weather_20240905_1600_weather_forecast_afd645e9.pdf,2024-09-05,1600,weather_forecast,,36.0,,45.0,False,True,True,False,False,False,False,False,4671,ok
weather_20240906_0530_weather_forecast_5f660281.pdf,2024-09-06,0530,weather_forecast,,24.0,,45.0,False,True,True,False,False,False,False,False,5210,ok
weather_20240906_1200_weather_forecast_61a89e9f.pdf,2024-09-06,1200,weather_forecast,,24.0,,45.0,False,True,True,False,False,False,False,False,4339,ok
weather_20240906_1600_weather_forecast_c76d58ea.pdf,2024-09-06,1600,weather_forecast,,36.0,,45.0,False,True,True,False,False,False,False,False,4026,ok
weather_20240907_0530_weather_forecast_27288d75.pdf,2024-09-07,0530,weather_forecast,,24.0,,45.0,False,True,True,False,False,False,False,False,4290,ok
weather_20240907_1200_weather_forecast_2a1cdf4b.pdf,2024-09-07,1200,weather_forecast,,24.0,,50.0,False,False,True,False,False,False,False,False,3755,ok
weather_20240907_1600_weather_forecast_20360118.pdf,2024-09-07,1600,weather_forecast,,36.0,,50.0,False,False,True,False,False,False,False,False,3396,ok
weather_20240908_0530_weather_forecast_a099db3f.pdf,2024-09-08,0530,weather_forecast,,24.0,,50.0,False,False,True,False,False,False,False,False,3832,ok
weather_20240908_1200_weather_forecast_79e3f5e6.pdf,2024-09-08,1200,weather_forecast,,24.0,50.0,50.0,True,True,True,False,False,False,False,False,4467,ok
weather_20240908_1600_weather_forecast_c5768f17.pdf,2024-09-08,1600,weather_forecast,,36.0,50.0,50.0,True,True,True,False,False,False,False,False,4257,ok
weather_20240909_0530_weather_forecast_5fc972e1.pdf,2024-09-09,0530,weather_forecast,,24.0,75.0,50.0,True,True,True,False,False,False,False,False,5402,ok
weather_20240909_1200_weather_forecast_e0e54c4e.pdf,2024-09-09,1200,weather_forecast,,24.0,75.0,50.0,True,True,True,False,False,False,False,False,5157,ok
weather_20240909_1600_weather_forecast_e60a1372.pdf,2024-09-09,1600,weather_forecast,,36.0,75.0,50.0,True,True,True,False,False,False,False,False,4332,ok
weather_20240910_0530_weather_forecast_fda16c28.pdf,2024-09-10,0530,weather_forecast,,24.0,50.0,50.0,True,True,True,False,False,False,False,False,5151,ok
weather_20240910_0830_weather_forecast_c59bb778.pdf,2024-09-10,0830,weather_forecast,Red,24.0,,,False,False,False,False,True,False,False,True,1910,ok
weather_20240910_1200_weather_forecast_9c29b242.pdf,2024-09-10,1200,weather_forecast,,24.0,50.0,50.0,True,True,True,False,False,False,False,False,5165,ok
weather_20240910_1600_weather_forecast_f1f31665.pdf,2024-09-10,1600,weather_forecast,,36.0,50.0,50.0,True,True,True,False,False,False,False,False,4312,ok
weather_20240911_0530_weather_forecast_abbc479a.pdf,2024-09-11,0530,weather_forecast,,24.0,,50.0,False,True,True,False,False,False,False,False,4893,ok
weather_20240911_1200_weather_forecast_862ad734.pdf,2024-09-11,1200,weather_forecast,,24.0,50.0,50.0,True,True,True,False,False,False,False,False,5079,ok
weather_20240911_unknown_weather_forecast_22a1fede.pdf,2024-09-11,,weather_forecast,,36.0,50.0,50.0,True,True,True,False,False,False,False,False,4537,ok
weather_20240912_0530_weather_forecast_a02d497b.pdf,2024-09-12,0530,weather_forecast,,24.0,,50.0,False,True,True,False,False,False,False,False,4874,ok
weather_20240912_1200_weather_forecast_cc03a2ea.pdf,2024-09-12,1200,weather_forecast,,24.0,,45.0,False,True,True,False,False,False,False,False,4852,ok
weather_20240912_1600_weather_forecast_f55c91c9.pdf,2024-09-12,1600,weather_forecast,,36.0,,45.0,False,True,True,False,False,False,False,False,4420,ok
weather_20240913_0530_weather_forecast_15836d98.pdf,2024-09-13,0530,weather_forecast,,24.0,,45.0,False,True,True,False,False,False,False,False,4998,ok
weather_20240913_0700_weather_forecast_3b31ba92.pdf,2024-09-13,0700,weather_forecast,,24.0,,,False,False,False,False,False,False,False,True,6769,ok
weather_20240913_1200_weather_forecast_8f896b94.pdf,2024-09-13,1200,weather_forecast,,24.0,50.0,45.0,True,True,True,False,False,False,False,False,5066,ok
weather_20240913_1600_weather_forecast_a4efcadf.pdf,2024-09-13,1600,weather_forecast,,36.0,50.0,45.0,True,True,True,False,False,False,False,False,4551,ok
weather_20240914_0530_weather_forecast_75694585.pdf,2024-09-14,0530,weather_forecast,,24.0,50.0,45.0,True,True,True,False,False,False,False,False,5060,ok
weather_20240914_1200_weather_forecast_dc655716.pdf,2024-09-14,1200,weather_forecast,,24.0,50.0,45.0,True,True,True,False,False,False,False,False,5130,ok
weather_20240914_1600_weather_forecast_cc8ab453.pdf,2024-09-14,1600,weather_forecast,,36.0,50.0,45.0,True,True,True,False,False,False,False,False,4657,ok
weather_20240915_0530_weather_forecast_661228e1.pdf,2024-09-15,0530,weather_forecast,,24.0,50.0,45.0,True,True,True,False,False,False,False,False,5052,ok
weather_20240915_1200_weather_forecast_4ddbff7f.pdf,2024-09-15,1200,weather_forecast,,24.0,50.0,45.0,True,True,True,False,False,False,False,False,5186,ok
weather_20240915_1600_weather_forecast_04fc6ce9.pdf,2024-09-15,1600,weather_forecast,,36.0,50.0,45.0,True,True,True,False,False,False,False,False,4804,ok
weather_20240916_0530_weather_forecast_fc8f6423.pdf,2024-09-16,0530,weather_forecast,,24.0,50.0,45.0,True,True,True,False,False,False,False,False,5177,ok
weather_20240916_1200_weather_forecast_1c91794b.pdf,2024-09-16,1200,weather_forecast,,24.0,,45.0,False,True,True,False,False,False,False,False,4904,ok
weather_20240916_1600_weather_forecast_070fa599.pdf,2024-09-16,1600,weather_forecast,,36.0,,45.0,False,True,True,False,False,False,False,False,4204,ok
weather_20240917_0530_weather_forecast_722f7935.pdf,2024-09-17,0530,weather_forecast,,24.0,,45.0,False,True,True,False,False,False,False,False,4760,ok
weather_20240917_1200_weather_forecast_edc51edf.pdf,2024-09-17,1200,weather_forecast,,24.0,,45.0,False,True,True,False,False,False,False,False,4728,ok
weather_20240917_1600_weather_forecast_9976e39b.pdf,2024-09-17,1600,weather_forecast,,36.0,,45.0,False,True,True,False,False,False,False,False,3919,ok
weather_20240918_0530_weather_forecast_650fb1c9.pdf,2024-09-18,0530,weather_forecast,,24.0,,45.0,False,True,True,False,False,False,False,False,4833,ok
weather_20240918_1200_weather_forecast_66832d07.pdf,2024-09-18,1200,weather_forecast,,24.0,,45.0,False,True,True,False,False,False,False,False,4947,ok
weather_20240918_1600_weather_forecast_b078420e.pdf,2024-09-18,1600,weather_forecast,,36.0,,45.0,False,True,True,False,False,False,False,False,4056,ok
weather_20240919_0530_weather_forecast_2acfdd73.pdf,2024-09-19,0530,weather_forecast,,24.0,,45.0,False,True,True,False,False,False,False,False,4601,ok
weather_20240919_1200_weather_forecast_cb30a092.pdf,2024-09-19,1200,weather_forecast,,24.0,,45.0,False,True,True,False,False,False,False,False,4825,ok
weather_20240919_1600_weather_forecast_c4d15eef.pdf,2024-09-19,1600,weather_forecast,,36.0,,45.0,False,True,True,False,False,False,False,False,4167,ok
weather_20240920_0530_weather_forecast_4dd9d39b.pdf,2024-09-20,0530,weather_forecast,,24.0,,45.0,False,True,True,False,False,False,False,False,4851,ok
weather_20240920_0700_weather_forecast_9527afa3.pdf,2024-09-20,0700,weather_forecast,,24.0,,,False,False,False,False,False,False,False,True,6180,ok
weather_20240920_1200_weather_forecast_527a8819.pdf,2024-09-20,1200,weather_forecast,,24.0,50.0,45.0,True,True,True,False,False,False,False,False,4952,ok
weather_20240920_1600_weather_forecast_91b94bf3.pdf,2024-09-20,1600,weather_forecast,,36.0,50.0,45.0,True,True,True,False,False,False,False,False,4322,ok
weather_20240921_0530_weather_forecast_0146644b.pdf,2024-09-21,0530,weather_forecast,,24.0,50.0,45.0,True,True,True,False,False,False,False,False,4950,ok
weather_20240921_1200_weather_forecast_e634829d.pdf,2024-09-21,1200,weather_forecast,,24.0,,45.0,False,True,True,False,False,False,False,False,4236,ok
weather_20240921_1600_weather_forecast_e57ac6ed.pdf,2024-09-21,1600,weather_forecast,,36.0,,45.0,False,True,True,False,False,False,False,False,3642,ok
weather_20240922_0530_weather_forecast_3fe47ce5.pdf,2024-09-22,0530,weather_forecast,,24.0,,45.0,False,True,True,False,False,False,False,False,4390,ok
weather_20240922_1200_weather_forecast_6d8a8c22.pdf,2024-09-22,1200,weather_forecast,,24.0,,45.0,False,True,True,False,False,False,False,False,4445,ok
weather_20240922_1600_weather_forecast_58a6a63b.pdf,2024-09-22,1600,weather_forecast,,36.0,,45.0,False,True,True,False,False,False,False,False,3792,ok
weather_20240923_0530_weather_forecast_001825b8.pdf,2024-09-23,0530,weather_forecast,,24.0,,45.0,False,True,True,False,False,False,False,False,4420,ok
weather_20240923_1200_weather_forecast_111984c8.pdf,2024-09-23,1200,weather_forecast,,24.0,,45.0,False,True,True,False,False,False,False,False,4251,ok
weather_20240923_1600_weather_forecast_7302399b.pdf,2024-09-23,1600,weather_forecast,,36.0,,45.0,False,True,True,False,False,False,False,False,4195,ok
weather_20240924_0530_weather_forecast_47588dfd.pdf,2024-09-24,0530,weather_forecast,,24.0,,45.0,False,True,True,False,False,False,False,False,4622,ok
weather_20240924_1200_weather_forecast_2893a37f.pdf,2024-09-24,1200,weather_forecast,,24.0,,45.0,False,True,True,False,False,False,False,False,4609,ok
weather_20240924_1600_weather_forecast_f1637afb.pdf,2024-09-24,1600,weather_forecast,,36.0,,45.0,False,True,True,False,False,False,False,False,4095,ok
weather_20240925_0530_weather_forecast_dcb12b2a.pdf,2024-09-25,0530,weather_forecast,,24.0,,45.0,False,True,True,False,False,False,False,False,4528,ok
weather_20240925_1200_weather_forecast_65092a2c.pdf,2024-09-25,1200,weather_forecast,,24.0,,45.0,False,True,True,False,False,False,False,False,4594,ok
weather_20240925_1600_weather_forecast_4353baf1.pdf,2024-09-25,1600,weather_forecast,,36.0,,45.0,False,True,True,False,False,False,False,False,4181,ok
weather_20240925_1600_weather_forecast_eb8dbceb.pdf,2024-09-25,1600,weather_forecast,,36.0,,45.0,False,True,True,False,False,False,False,False,4181,ok
weather_20240926_0530_weather_forecast_6dd30e37.pdf,2024-09-26,0530,weather_forecast,,24.0,,45.0,False,True,True,False,False,False,False,False,4446,ok
weather_20240926_1200_weather_forecast_fe0f6ef6.pdf,2024-09-26,1200,weather_forecast,,24.0,75.0,,True,True,False,False,False,False,False,False,4592,ok
weather_20240926_1600_weather_forecast_712a8c92.pdf,2024-09-26,1600,weather_forecast,,36.0,75.0,,True,True,False,False,False,False,False,False,5464,ok
weather_20240927_0200_heavy_rain_75bfdc95.pdf,2024-09-27,0200,heavy_rain,Amber,6.0,100.0,,True,True,False,False,False,False,False,False,1316,ok
weather_20240927_0300_heavy_rain_9bcf6aa1.pdf,2024-09-27,0300,heavy_rain,Red,6.0,150.0,,True,True,False,False,False,False,False,False,2631,ok
weather_20240927_0530_weather_forecast_54ad8a4a.pdf,2024-09-27,0530,weather_forecast,,24.0,100.0,,True,True,False,False,False,False,False,False,4905,ok
weather_20240927_1200_weather_forecast_2df30c7a.pdf,2024-09-27,1200,weather_forecast,,24.0,100.0,,True,True,False,False,False,False,False,False,4484,ok
weather_20240927_1400_thunderstorm_2eb5a278.pdf,2024-09-27,1400,thunderstorm,Amber,,,,False,True,False,False,False,False,False,False,2958,ok
weather_20240927_1600_weather_forecast_cc998308.pdf,2024-09-27,1600,weather_forecast,,36.0,100.0,,True,True,False,False,False,False,False,False,4958,ok
weather_20240928_0530_weather_forecast_fbbd1815.pdf,2024-09-28,0530,weather_forecast,,24.0,100.0,,True,True,False,False,False,False,False,False,4094,ok
weather_20240928_1200_weather_forecast_2dc628f6.pdf,2024-09-28,1200,weather_forecast,,24.0,100.0,,True,True,False,False,False,False,False,False,3504,ok
weather_20240928_1445_thunderstorm_a95aa0dc.pdf,2024-09-28,1445,thunderstorm,Amber,,,,False,True,False,False,False,False,False,False,3024,ok
weather_20240928_1600_weather_forecast_50b9d99e.pdf,2024-09-28,1600,weather_forecast,,36.0,100.0,,True,True,False,False,False,False,False,False,4487,ok
weather_20240929_0530_weather_forecast_1a33d7c6.pdf,2024-09-29,0530,weather_forecast,,24.0,100.0,,True,True,False,False,False,False,False,False,3721,ok
weather_20240929_1200_weather_forecast_0d02190a.pdf,2024-09-29,1200,weather_forecast,,24.0,100.0,,True,True,False,False,False,False,False,False,3457,ok
weather_20240929_1300_thunderstorm_e4870b02.pdf,2024-09-29,1300,thunderstorm,Amber,,,,False,True,False,False,False,False,False,False,3042,ok
weather_20240929_1330_heavy_rain_99f66ef5.pdf,2024-09-29,1330,heavy_rain,Amber,24.0,,,False,False,False,False,False,False,False,True,1359,ok
weather_20240929_1600_weather_forecast_1ae0724c.pdf,2024-09-29,1600,weather_forecast,,36.0,100.0,,True,True,False,False,False,False,False,False,4628,ok
weather_20240930_0530_weather_forecast_228083a7.pdf,2024-09-30,0530,weather_forecast,,24.0,100.0,,True,True,False,False,False,False,False,False,3730,ok
weather_20240930_1200_weather_forecast_892841ab.pdf,2024-09-30,1200,weather_forecast,,24.0,100.0,,True,True,False,False,False,False,False,False,3769,ok
weather_20240930_1300_thunderstorm_0b1cf3fb.pdf,2024-09-30,1300,thunderstorm,Amber,,,,False,True,False,False,False,False,False,False,1431,ok
weather_20240930_1300_thunderstorm_0b7feeed.pdf,2024-09-30,1300,thunderstorm,,,,,False,True,False,False,False,False,False,False,1634,ok
weather_20240930_1600_weather_forecast_584bc5f8.pdf,2024-09-30,1600,weather_forecast,,36.0,100.0,,True,True,False,False,False,False,False,False,4669,ok
weather_20241001_0530_weather_forecast_ec295eb9.pdf,2024-10-01,0530,weather_forecast,,24.0,50.0,,True,True,False,False,False,False,False,False,3588,ok
weather_20241001_1200_weather_forecast_932f7e49.pdf,2024-10-01,1200,weather_forecast,,24.0,50.0,,True,True,False,False,False,False,False,False,3590,ok
weather_20241001_1600_weather_forecast_ec544e49.pdf,2024-10-01,1600,weather_forecast,,36.0,50.0,,True,True,False,False,False,False,False,False,4788,ok
weather_20241002_0530_weather_forecast_977a029c.pdf,2024-10-02,0530,weather_forecast,,24.0,50.0,,True,True,False,False,False,False,False,False,3857,ok
weather_20241002_1200_weather_forecast_3a433748.pdf,2024-10-02,1200,weather_forecast,,24.0,,,False,True,False,False,False,False,False,False,4149,ok
weather_20241002_1500_thunderstorm_9dd73db4.pdf,2024-10-02,1500,thunderstorm,Amber,,,,False,True,False,False,False,False,False,False,2979,ok
weather_20241002_1600_weather_forecast_ad36c838.pdf,2024-10-02,1600,weather_forecast,,36.0,,,False,True,False,False,False,False,False,False,4411,ok
weather_20241003_0530_weather_forecast_436be24a.pdf,2024-10-03,0530,weather_forecast,,24.0,,,False,True,False,False,False,False,False,False,4072,ok
weather_20241003_1200_weather_forecast_6b59ac08.pdf,2024-10-03,1200,weather_forecast,,24.0,,,False,True,False,False,False,False,False,False,4032,ok
weather_20241003_1600_weather_forecast_a0a3dd0b.pdf,2024-10-03,1600,weather_forecast,,36.0,,,False,True,False,False,False,False,False,False,4345,ok
weather_20241004_0530_weather_forecast_4089382b.pdf,2024-10-04,0530,weather_forecast,,24.0,,,False,True,False,False,False,False,False,False,4091,ok
weather_20241004_1200_weather_forecast_dac17768.pdf,2024-10-04,1200,weather_forecast,,24.0,,,False,True,False,False,False,False,False,False,4093,ok
weather_20241004_1600_weather_forecast_b08ac0f4.pdf,2024-10-04,1600,weather_forecast,,36.0,,,False,True,False,False,False,False,False,False,4295,ok
weather_20241005_0530_weather_forecast_39b00d97.pdf,2024-10-05,0530,weather_forecast,,24.0,,,False,True,False,False,False,False,False,False,4107,ok
weather_20241005_1200_weather_forecast_ad0a93ab.pdf,2024-10-05,1200,weather_forecast,,24.0,50.0,,True,True,False,False,False,False,False,False,4360,ok
weather_20241005_1600_weather_forecast_32549051.pdf,2024-10-05,1600,weather_forecast,,36.0,50.0,,True,True,False,False,False,False,False,False,4458,ok
weather_20241006_0530_weather_forecast_3223d17d.pdf,2024-10-06,0530,weather_forecast,,24.0,75.0,,True,True,False,False,False,False,False,False,4431,ok
weather_20241006_1200_weather_forecast_72b6eab4.pdf,2024-10-06,1200,weather_forecast,,24.0,75.0,,True,True,False,False,False,False,False,False,4095,ok
weather_20241006_1330_thunderstorm_438abf9d.pdf,2024-10-06,1330,thunderstorm,Amber,,,,False,True,False,False,False,False,False,False,3126,ok
weather_20241006_1600_weather_forecast_aaa24114.pdf,2024-10-06,1600,weather_forecast,,36.0,75.0,,True,True,False,False,False,False,False,False,4412,ok
weather_20241007_0530_weather_forecast_fbe6e8c8.pdf,2024-10-07,0530,weather_forecast,,24.0,100.0,,True,True,False,False,False,False,False,False,4461,ok
weather_20241007_0730_heavy_rain_cd918cf7.pdf,2024-10-07,0730,heavy_rain,Amber,24.0,100.0,,True,True,False,False,False,False,False,False,2658,ok
weather_20241007_1200_weather_forecast_c47087f5.pdf,2024-10-07,1200,weather_forecast,,24.0,100.0,,True,True,False,False,False,False,False,False,4199,ok
weather_20241007_1600_thunderstorm_2a5c6e83.pdf,2024-10-07,1600,thunderstorm,Amber,,,,False,True,False,False,False,False,False,False,3048,ok
weather_20241007_1600_weather_forecast_cf89905a.pdf,2024-10-07,1600,weather_forecast,,36.0,100.0,,True,True,False,False,False,False,False,False,4799,ok
weather_20241007_2030_heavy_rain_c6393cd2.pdf,2024-10-07,2030,heavy_rain,Amber,24.0,100.0,,True,True,False,False,False,False,False,False,2711,ok
weather_20241008_0530_weather_forecast_076a857a.pdf,2024-10-08,0530,weather_forecast,,24.0,100.0,,True,True,False,False,False,False,False,False,4284,ok
weather_20241008_1200_weather_forecast_b269cba7.pdf,2024-10-08,1200,weather_forecast,,24.0,100.0,,True,True,False,False,False,False,False,False,4252,ok
weather_20241008_1600_weather_forecast_989a4ed1.pdf,2024-10-08,1600,weather_forecast,,36.0,100.0,,True,True,False,False,False,False,False,False,4549,ok
weather_20241008_1630_thunderstorm_77d2f0a6.pdf,2024-10-08,1630,thunderstorm,Amber,,,,False,True,False,False,False,False,False,False,3030,ok
weather_20241009_0530_weather_forecast_1e5f392b.pdf,2024-10-09,0530,weather_forecast,,24.0,75.0,,True,True,False,False,False,False,False,False,4019,ok
weather_20241009_1200_weather_forecast_48e8872f.pdf,2024-10-09,1200,weather_forecast,,24.0,100.0,,True,True,False,False,False,False,False,False,4354,ok
weather_20241009_1600_weather_forecast_d4bc8b7d.pdf,2024-10-09,1600,weather_forecast,,36.0,100.0,,True,True,False,False,False,False,False,False,4723,ok
weather_20241010_0530_weather_forecast_d9c389a8.pdf,2024-10-10,0530,weather_forecast,,24.0,100.0,,True,True,False,False,False,False,False,False,4605,ok
weather_20241010_0700_heavy_rain_8ff83855.pdf,2024-10-10,0700,heavy_rain,Amber,48.0,100.0,,True,True,False,False,False,False,False,False,2326,ok
weather_20241010_1200_weather_forecast_86a0f459.pdf,2024-10-10,1200,weather_forecast,,24.0,,,False,True,False,False,False,False,False,False,4895,ok
weather_20241010_1600_weather_forecast_3cf058df.pdf,2024-10-10,1600,weather_forecast,,36.0,100.0,,True,True,False,False,False,False,False,False,4963,ok
weather_20241010_2000_heavy_rain_ca179f81.pdf,2024-10-10,2000,heavy_rain,Red,24.0,150.0,,True,True,False,False,False,False,False,False,3113,ok
weather_20241011_0245_heavy_rain_4a9be3cd.pdf,2024-10-11,0245,heavy_rain,Red,24.0,200.0,,True,True,False,False,False,False,False,False,2609,ok
weather_20241011_0530_weather_forecast_badfd93f.pdf,2024-10-11,0530,weather_forecast,,24.0,,,False,True,False,False,False,False,False,False,5017,ok
weather_20241011_1200_weather_forecast_efa7de42.pdf,2024-10-11,1200,weather_forecast,,24.0,,,False,True,False,False,False,False,False,False,5404,ok
weather_20241011_1430_thunderstorm_aa3ec007.pdf,2024-10-11,1430,thunderstorm,Amber,,,,False,True,False,False,False,False,False,False,3023,ok
weather_20241011_1600_weather_forecast_e1616c1b.pdf,2024-10-11,1600,weather_forecast,,36.0,100.0,50.0,True,True,True,False,False,False,False,False,5022,ok
weather_20241012_0300_weather_forecast_f24fa62b.pdf,2024-10-12,0300,weather_forecast,Amber,24.0,100.0,,True,True,False,False,False,False,False,False,2614,ok
weather_20241012_0530_weather_forecast_fd660a71.pdf,2024-10-12,0530,weather_forecast,,24.0,,,False,True,False,False,False,False,False,False,5406,ok
weather_20241012_1200_weather_forecast_1a7cdba8.pdf,2024-10-12,1200,weather_forecast,,24.0,,,False,True,False,False,False,False,False,False,5694,ok
weather_20241012_1600_weather_forecast_fd3dbcc3.pdf,2024-10-12,1600,weather_forecast,,36.0,75.0,40.0,True,True,True,False,False,False,False,False,4729,ok
weather_20241013_0530_weather_forecast_592d01c8.pdf,2024-10-13,0530,weather_forecast,,24.0,,,False,True,False,False,False,False,False,False,4497,ok
weather_20241013_1200_weather_forecast_ad9113cc.pdf,2024-10-13,1200,weather_forecast,,24.0,75.0,,True,True,False,False,False,False,False,False,4133,ok
weather_20241014_0530_weather_forecast_28ffad46.pdf,2024-10-14,0530,weather_forecast,,24.0,100.0,,True,True,False,False,False,False,False,False,3880,ok
weather_20241014_0600_heavy_rain_dfbbdce6.pdf,2024-10-14,0600,heavy_rain,Amber,24.0,100.0,,True,True,False,False,False,False,False,False,2185,ok
weather_20241014_1200_weather_forecast_a53e8f40.pdf,2024-10-14,1200,weather_forecast,,24.0,100.0,,True,True,False,False,False,False,False,False,4094,ok
weather_20241014_1300_heavy_rain_6ffa891e.pdf,2024-10-14,1300,heavy_rain,Amber,48.0,,,False,False,False,True,False,False,False,True,2224,ok
weather_20241014_1600_weather_forecast_145a448b.pdf,2024-10-14,1600,weather_forecast,,36.0,100.0,,True,True,False,False,False,False,False,False,4515,ok
weather_20241015_0530_weather_forecast_b3697c5d.pdf,2024-10-15,0530,weather_forecast,,24.0,,,False,True,False,False,False,False,False,False,4487,ok
weather_20241015_1200_weather_forecast_95eecd14.pdf,2024-10-15,1200,weather_forecast,,24.0,,,False,True,False,False,False,False,False,False,5170,ok
weather_20241015_1300_heavy_rain_79c8a260.pdf,2024-10-15,1300,heavy_rain,Red,48.0,,,False,False,False,True,True,False,False,True,2490,ok
weather_20241015_1600_weather_forecast_f71b9ec5.pdf,2024-10-15,1600,weather_forecast,,36.0,50.0,,True,True,False,False,False,False,False,False,4360,ok
weather_20241016_0530_weather_forecast_5bd55855.pdf,2024-10-16,0530,weather_forecast,,24.0,,,False,True,False,False,False,False,False,False,4958,ok
weather_20241016_0800_heavy_rain_21a8c50f.pdf,2024-10-16,0800,heavy_rain,Red,,,,True,False,False,False,True,False,False,False,2910,ok
weather_20241016_1200_weather_forecast_575f2996.pdf,2024-10-16,1200,weather_forecast,,24.0,,,False,True,False,False,False,False,False,False,5145,ok
weather_20241016_1600_weather_forecast_fb7520cc.pdf,2024-10-16,1600,weather_forecast,,36.0,50.0,,True,True,False,False,False,False,False,False,4204,ok
weather_20241017_0530_weather_forecast_0ce0a779.pdf,2024-10-17,0530,weather_forecast,,24.0,,,False,True,False,False,False,False,False,False,5410,ok
weather_20241017_0800_heavy_rain_cf363583.pdf,2024-10-17,0800,heavy_rain,Red,,,,True,False,False,False,True,False,False,False,2890,ok
weather_20241017_1200_weather_forecast_bda873cf.pdf,2024-10-17,1200,weather_forecast,,24.0,,,False,True,False,False,False,False,False,False,5066,ok
weather_20241017_1600_weather_forecast_70070a28.pdf,2024-10-17,1600,weather_forecast,,36.0,50.0,,True,True,False,False,False,False,False,False,4154,ok
weather_20241018_0530_weather_forecast_92b81f54.pdf,2024-10-18,0530,weather_forecast,,24.0,,,False,True,False,False,False,False,False,False,4260,ok
weather_20241018_1200_weather_forecast_5b9861f9.pdf,2024-10-18,1200,weather_forecast,,24.0,,,False,True,False,False,False,False,False,False,4234,ok
weather_20241018_1600_weather_forecast_be5b111a.pdf,2024-10-18,1600,weather_forecast,,36.0,,,False,True,False,False,False,False,False,False,3993,ok
weather_20241019_0530_weather_forecast_25415010.pdf,2024-10-19,0530,weather_forecast,,24.0,,,False,True,False,False,False,False,False,False,4262,ok
weather_20241019_1200_weather_forecast_71d97557.pdf,2024-10-19,1200,weather_forecast,,24.0,,,False,True,False,False,False,False,False,False,4311,ok
weather_20241019_1600_weather_forecast_e47f868b.pdf,2024-10-19,1600,weather_forecast,,36.0,,,False,True,False,False,False,False,False,False,4193,ok
weather_20241020_0530_weather_forecast_7aced486.pdf,2024-10-20,0530,weather_forecast,,24.0,,,False,True,False,False,False,False,False,False,4126,ok
weather_20241020_0700_heavy_rain_da35f3a5.pdf,2024-10-20,0700,heavy_rain,Amber,,,,False,False,False,False,True,False,False,True,1915,ok
weather_20241020_1200_weather_forecast_072f1bd3.pdf,2024-10-20,1200,weather_forecast,,24.0,,,False,True,False,False,False,False,False,False,4095,ok
weather_20241020_1600_weather_forecast_444867c4.pdf,2024-10-20,1600,weather_forecast,,36.0,100.0,,True,True,False,False,False,False,False,False,4527,ok
weather_20241021_0530_heavy_rain_0561bcb5.pdf,2024-10-21,0530,heavy_rain,Amber,24.0,100.0,,True,True,False,False,False,False,False,False,1673,ok
weather_20241021_0530_weather_forecast_fd6af0cf.pdf,2024-10-21,0530,weather_forecast,,24.0,100.0,,True,True,False,False,False,False,False,False,4028,ok
weather_20241021_0700_heavy_rain_4eb548f3.pdf,2024-10-21,0700,heavy_rain,Amber,24.0,,,False,False,False,False,True,True,False,True,2047,ok
weather_20241021_1200_weather_forecast_da3c111b.pdf,2024-10-21,1200,weather_forecast,,24.0,75.0,,True,True,False,False,False,False,False,False,4193,ok
weather_20241021_1300_weather_forecast_414a5e56.pdf,2024-10-21,1300,weather_forecast,Red,,,,False,False,False,False,True,True,False,True,3016,ok
weather_20241021_1600_weather_forecast_d7ebe679.pdf,2024-10-21,1600,weather_forecast,,36.0,75.0,,True,True,False,False,False,False,False,False,4552,ok
weather_20241022_0530_weather_forecast_2967cf48.pdf,2024-10-22,0530,weather_forecast,,24.0,75.0,,True,True,False,False,False,False,False,False,3995,ok
weather_20241022_1200_weather_forecast_2a548c34.pdf,2024-10-22,1200,weather_forecast,,24.0,75.0,,True,True,False,False,False,False,False,False,3991,ok
weather_20241022_1300_heavy_rain_71f7ec0b.pdf,2024-10-22,1300,heavy_rain,Red,,,,False,False,False,True,True,True,False,True,3417,ok
weather_20241022_1600_weather_forecast_0d84f41a.pdf,2024-10-22,1600,weather_forecast,,36.0,75.0,,True,True,False,False,False,False,False,False,4653,ok
weather_20241023_0530_weather_forecast_ae90dbaa.pdf,2024-10-23,0530,weather_forecast,,24.0,75.0,,True,True,False,False,False,False,False,False,4105,ok
weather_20241023_0915_heavy_rain_bbd122b8.pdf,2024-10-23,0915,heavy_rain,Amber,24.0,100.0,,True,True,False,False,False,False,False,False,1519,ok
weather_20241023_1100_heavy_rain_e90d5949.pdf,2024-10-23,1100,heavy_rain,Red,,,,False,False,False,False,True,True,False,True,3016,ok
weather_20241023_1200_weather_forecast_071e9258.pdf,2024-10-23,1200,weather_forecast,,24.0,75.0,45.0,True,True,True,False,False,False,False,False,4484,ok
weather_20241023_1500_thunderstorm_edb586d6.pdf,2024-10-23,1500,thunderstorm,Amber,,,,False,True,False,False,False,False,False,False,2962,ok
weather_20241023_1600_weather_forecast_855adc9f.pdf,2024-10-23,1600,weather_forecast,,36.0,75.0,45.0,True,True,True,False,False,False,False,False,5142,ok
weather_20241024_0530_weather_forecast_f0aa8d17.pdf,2024-10-24,0530,weather_forecast,,24.0,50.0,45.0,True,True,True,False,False,False,False,False,4642,ok
weather_20241024_1130_heavy_rain_a9153136.pdf,2024-10-24,1130,heavy_rain,Red,,,,False,False,False,False,False,True,False,True,3020,ok
weather_20241024_1200_weather_forecast_7aa7bf5b.pdf,2024-10-24,1200,weather_forecast,,24.0,75.0,45.0,True,True,True,False,False,False,False,False,4583,ok
weather_20241024_1600_weather_forecast_b819ebf0.pdf,2024-10-24,1600,weather_forecast,,36.0,75.0,45.0,True,True,True,False,False,False,False,False,4808,ok
weather_20241025_0530_weather_forecast_8f3c8498.pdf,2024-10-25,0530,weather_forecast,,24.0,75.0,45.0,True,True,True,False,False,False,False,False,4521,ok
weather_20241025_0830_heavy_rain_6b912ac5.pdf,2024-10-25,0830,heavy_rain,Amber,24.0,100.0,,True,True,False,False,False,False,False,False,1425,ok
weather_20241025_1200_weather_forecast_584869a3.pdf,2024-10-25,1200,weather_forecast,,24.0,75.0,45.0,True,True,True,False,False,False,False,False,4526,ok
weather_20241025_1600_weather_forecast_b0a33ef1.pdf,2024-10-25,1600,weather_forecast,,36.0,75.0,45.0,True,True,True,False,False,False,False,False,4706,ok
weather_20241026_0530_weather_forecast_2c72d16e.pdf,2024-10-26,0530,weather_forecast,,24.0,75.0,45.0,True,True,True,False,False,False,False,False,4599,ok
weather_20241026_1200_weather_forecast_76e20d88.pdf,2024-10-26,1200,weather_forecast,,24.0,75.0,40.0,True,True,True,False,False,False,False,False,4475,ok
weather_20241026_1600_weather_forecast_7d026d39.pdf,2024-10-26,1600,weather_forecast,,36.0,75.0,40.0,True,True,True,False,False,False,False,False,4761,ok
weather_20241027_0530_weather_forecast_5f456d69.pdf,2024-10-27,0530,weather_forecast,,24.0,50.0,40.0,True,True,True,False,False,False,False,False,4554,ok
weather_20241027_1200_weather_forecast_5d1c6590.pdf,2024-10-27,1200,weather_forecast,,24.0,50.0,40.0,True,True,True,False,False,False,False,False,4793,ok
weather_20241027_1600_weather_forecast_60f4bf2e.pdf,2024-10-27,1600,weather_forecast,,36.0,50.0,40.0,True,True,True,False,False,False,False,False,4716,ok
weather_20241028_0530_weather_forecast_0ce68b38.pdf,2024-10-28,0530,weather_forecast,,24.0,,,False,True,False,False,False,False,False,False,5120,ok
weather_20241028_1200_weather_forecast_c5ceb15d.pdf,2024-10-28,1200,weather_forecast,,24.0,,,False,True,False,False,False,False,False,False,4895,ok
weather_20241028_1600_weather_forecast_0820a1dc.pdf,2024-10-28,1600,weather_forecast,,36.0,,40.0,False,True,True,False,False,False,False,False,4238,ok
weather_20241029_0530_weather_forecast_13f1249e.pdf,2024-10-29,0530,weather_forecast,,24.0,,40.0,False,True,True,False,False,False,False,False,4507,ok
weather_20241029_1200_weather_forecast_a1e830d5.pdf,2024-10-29,1200,weather_forecast,,24.0,75.0,,True,True,False,False,False,False,False,False,4345,ok
weather_20241029_1600_weather_forecast_63f7b482.pdf,2024-10-29,1600,weather_forecast,,36.0,75.0,,True,True,False,False,False,False,False,False,4448,ok
weather_20241030_0530_weather_forecast_053947f9.pdf,2024-10-30,0530,weather_forecast,,24.0,75.0,,True,True,False,False,False,False,False,False,3779,ok
weather_20241030_1200_weather_forecast_6f3f53bb.pdf,2024-10-30,1200,weather_forecast,,24.0,75.0,,True,True,False,False,False,False,False,False,3416,ok
weather_20241030_1600_weather_forecast_1141e07d.pdf,2024-10-30,1600,weather_forecast,,36.0,75.0,,True,True,False,False,False,False,False,False,4474,ok
weather_20241031_0530_weather_forecast_eff7e270.pdf,2024-10-31,0530,weather_forecast,,24.0,75.0,,True,True,False,False,False,False,False,False,3946,ok
weather_20241031_1200_weather_forecast_c5e7744c.pdf,2024-10-31,1200,weather_forecast,,24.0,75.0,,True,True,False,False,False,False,False,False,3794,ok
weather_20241031_1300_thunderstorm_5f860f49.pdf,2024-10-31,1300,thunderstorm,Amber,,,,False,True,False,False,False,False,False,False,3039,ok
weather_20241031_1600_weather_forecast_e39c49da.pdf,2024-10-31,1600,weather_forecast,,36.0,75.0,,True,True,False,False,False,False,False,False,4697,ok
weather_20241101_0530_weather_forecast_f9e5fb82.pdf,2024-11-01,0530,weather_forecast,,24.0,100.0,,True,True,False,False,False,False,False,False,3882,ok
weather_20241101_1200_weather_forecast_921cf14d.pdf,2024-11-01,1200,weather_forecast,,24.0,100.0,,True,True,False,False,False,False,False,False,4009,ok
weather_20241101_1230_thunderstorm_290af29d.pdf,2024-11-01,1230,thunderstorm,Amber,,,,False,True,False,False,False,False,False,False,3003,ok
weather_20241101_1600_weather_forecast_90a8e908.pdf,2024-11-01,1600,weather_forecast,,36.0,100.0,,True,True,False,False,False,False,False,False,4892,ok
weather_20241102_0530_weather_forecast_8620c6a2.pdf,2024-11-02,0530,weather_forecast,,24.0,100.0,,True,True,False,False,False,False,False,False,4001,ok
weather_20241102_1600_weather_forecast_4f97497f.pdf,2024-11-02,1600,weather_forecast,,36.0,100.0,,True,True,False,False,False,False,False,False,4870,ok
weather_20241103_0530_weather_forecast_4109b039.pdf,2024-11-03,0530,weather_forecast,,24.0,100.0,,True,True,False,False,False,False,False,False,3947,ok
weather_20241103_1200_weather_forecast_36f9ce10.pdf,2024-11-03,1200,weather_forecast,,24.0,100.0,,True,True,False,False,False,False,False,False,4047,ok
weather_20241103_1315_heavy_rain_9d656ac9.pdf,2024-11-03,1315,heavy_rain,Amber,24.0,100.0,,True,True,False,False,False,False,False,False,1595,ok
weather_20241103_1600_weather_forecast_fa7f6ed3.pdf,2024-11-03,1600,weather_forecast,,36.0,100.0,,True,True,False,False,False,False,False,False,4739,ok
weather_20241104_0530_weather_forecast_3bcd71ea.pdf,2024-11-04,0530,weather_forecast,,24.0,100.0,,True,True,False,False,False,False,False,False,4336,ok
weather_20241104_1200_weather_forecast_cc5560ae.pdf,2024-11-04,1200,weather_forecast,,24.0,100.0,,True,True,False,False,False,False,False,False,4305,ok
weather_20241104_1330_thunderstorm_89eaef1e.pdf,2024-11-04,1330,thunderstorm,Amber,,,,False,True,False,False,False,False,False,False,3062,ok
weather_20241104_1345_heavy_rain_6d363ddc.pdf,2024-11-04,1345,heavy_rain,Amber,24.0,100.0,,True,True,False,False,False,False,False,False,1692,ok
weather_20241104_1600_weather_forecast_7f6183b9.pdf,2024-11-04,1600,weather_forecast,,36.0,100.0,,True,True,False,False,False,False,False,False,4724,ok
weather_20241105_0530_weather_forecast_07bc4824.pdf,2024-11-05,0530,weather_forecast,,24.0,100.0,,True,True,False,False,False,False,False,False,4403,ok
weather_20241105_1200_weather_forecast_78a771a1.pdf,2024-11-05,1200,weather_forecast,,24.0,50.0,,True,True,False,False,False,False,False,False,4077,ok
weather_20241105_1300_thunderstorm_bd7bae23.pdf,2024-11-05,1300,thunderstorm,Amber,,,,False,True,False,False,False,False,False,False,2963,ok
weather_20241105_1600_weather_forecast_1b9db6f4.pdf,2024-11-05,1600,weather_forecast,,36.0,100.0,,True,True,False,False,False,False,False,False,4789,ok
weather_20241106_0530_weather_forecast_000bdb8a.pdf,2024-11-06,0530,weather_forecast,,24.0,50.0,,True,True,False,False,False,False,False,False,4061,ok
weather_20241106_1200_weather_forecast_bda10b0b.pdf,2024-11-06,1200,weather_forecast,,24.0,50.0,,True,True,False,False,False,False,False,False,3857,ok
weather_20241106_1600_weather_forecast_b39d4857.pdf,2024-11-06,1600,weather_forecast,,36.0,50.0,,True,True,False,False,False,False,False,False,4355,ok
weather_20241107_0530_weather_forecast_43cd3e7f.pdf,2024-11-07,0530,weather_forecast,,24.0,50.0,,True,True,False,False,False,False,False,False,4395,ok
weather_20241107_1200_weather_forecast_ed434fc4.pdf,2024-11-07,1200,weather_forecast,,24.0,100.0,,True,True,False,False,False,False,False,False,5015,ok
weather_20241107_1445_thunderstorm_d6c8bf62.pdf,2024-11-07,1445,thunderstorm,Amber,,,,False,True,False,False,False,False,False,False,3002,ok
weather_20241107_1600_weather_forecast_fab41750.pdf,2024-11-07,1600,weather_forecast,,36.0,100.0,,True,True,False,False,False,False,False,False,5046,ok
weather_20241108_0530_weather_forecast_7aee8129.pdf,2024-11-08,0530,weather_forecast,,24.0,75.0,,True,True,False,False,False,False,False,False,4864,ok
weather_20241108_1200_weather_forecast_93880e9f.pdf,2024-11-08,1200,weather_forecast,,24.0,,,False,True,False,False,False,False,False,False,4613,ok
weather_20241108_1500_thunderstorm_b1f9b7c3.pdf,2024-11-08,1500,thunderstorm,Amber,,,,False,True,False,False,False,False,False,False,3077,ok
weather_20241108_1600_weather_forecast_8fe76ceb.pdf,2024-11-08,1600,weather_forecast,,36.0,,,False,True,False,False,False,False,False,False,4890,ok
weather_20241109_0030_heavy_rain_53e2e056.pdf,2024-11-09,0030,heavy_rain,Red,12.0,150.0,,True,True,False,False,False,False,False,False,2231,ok
weather_20241109_0530_weather_forecast_9e52bb0d.pdf,2024-11-09,0530,weather_forecast,,24.0,,,False,True,False,False,False,False,False,False,4312,ok
weather_20241109_1200_weather_forecast_0220def7.pdf,2024-11-09,1200,weather_forecast,,24.0,,,False,True,False,False,False,False,False,False,4715,ok
weather_20241109_1600_weather_forecast_816cf2f0.pdf,2024-11-09,1600,weather_forecast,,36.0,,,False,True,False,False,False,False,False,False,4370,ok
weather_20241110_0530_weather_forecast_e07e406c.pdf,2024-11-10,0530,weather_forecast,,24.0,50.0,,True,True,False,False,False,False,False,False,4901,ok
weather_20241110_1200_weather_forecast_09612751.pdf,2024-11-10,1200,weather_forecast,,24.0,50.0,,True,True,False,False,False,False,False,False,4860,ok
weather_20241110_1600_weather_forecast_590a24b8.pdf,2024-11-10,1600,weather_forecast,,36.0,50.0,,True,True,False,False,False,False,False,False,4351,ok
weather_20241111_0530_weather_forecast_723f5e39.pdf,2024-11-11,0530,weather_forecast,,24.0,50.0,,True,True,False,False,False,False,False,False,4758,ok
weather_20241111_1200_weather_forecast_6afbc254.pdf,2024-11-11,1200,weather_forecast,,24.0,50.0,,True,True,False,False,False,False,False,False,4440,ok
weather_20241111_1600_weather_forecast_cd256b76.pdf,2024-11-11,1600,weather_forecast,,36.0,50.0,,True,True,False,False,False,False,False,False,5103,ok
weather_20241112_0530_weather_forecast_9e064f19.pdf,2024-11-12,0530,weather_forecast,,24.0,50.0,,True,True,False,False,False,False,False,False,4361,ok
weather_20241112_1200_weather_forecast_1ef14605.pdf,2024-11-12,1200,weather_forecast,,24.0,100.0,,True,True,False,False,False,False,False,False,4407,ok
weather_20241112_1600_weather_forecast_6e679a22.pdf,2024-11-12,1600,weather_forecast,,36.0,100.0,,True,True,False,False,False,False,False,False,5139,ok
weather_20241113_0530_weather_forecast_48100b70.pdf,2024-11-13,0530,weather_forecast,,24.0,100.0,,True,True,False,False,False,False,False,False,4486,ok
weather_20241113_1200_weather_forecast_eb557c90.pdf,2024-11-13,1200,weather_forecast,,24.0,100.0,,True,True,False,False,False,False,False,False,4637,ok
weather_20241113_1330_thunderstorm_68c9443a.pdf,2024-11-13,1330,thunderstorm,Amber,,,,False,True,False,False,False,False,False,False,2999,ok
weather_20241113_1600_weather_forecast_24c0c1c4.pdf,2024-11-13,1600,weather_forecast,,36.0,100.0,,True,True,False,False,False,False,False,False,5216,ok
weather_20241114_0530_weather_forecast_f0560acb.pdf,2024-11-14,0530,weather_forecast,,24.0,100.0,,True,True,False,False,False,False,False,False,4648,ok
weather_20241114_1200_thunderstorm_8c1a3393.pdf,2024-11-14,1200,thunderstorm,Amber,,,,False,True,False,False,False,False,False,False,3066,ok
weather_20241114_1200_weather_forecast_0c610bef.pdf,2024-11-14,1200,weather_forecast,,24.0,100.0,,True,True,False,False,False,False,False,False,4499,ok
weather_20241114_1600_weather_forecast_d25fe571.pdf,2024-11-14,1600,weather_forecast,,36.0,100.0,,True,True,False,False,False,False,False,False,5174,ok
weather_20241115_0530_weather_forecast_6e45aae8.pdf,2024-11-15,0530,weather_forecast,,24.0,75.0,,True,True,False,False,False,False,False,False,4504,ok
weather_20241115_1200_weather_forecast_2a0a2e1d.pdf,2024-11-15,1200,weather_forecast,,24.0,75.0,,True,True,False,False,False,False,False,False,4652,ok
weather_20241115_1330_thunderstorm_7cf171a5.pdf,2024-11-15,1330,thunderstorm,Amber,,,,False,True,False,False,False,False,False,False,3079,ok
weather_20241115_1600_weather_forecast_a52f6d9a.pdf,2024-11-15,1600,weather_forecast,,36.0,75.0,,True,True,False,False,False,False,False,False,5063,ok
weather_20241116_0530_weather_forecast_950cca31.pdf,2024-11-16,0530,weather_forecast,,24.0,75.0,,True,True,False,False,False,False,False,False,4530,ok
weather_20241116_1200_weather_forecast_5f83c601.pdf,2024-11-16,1200,weather_forecast,,24.0,75.0,,True,True,False,False,False,False,False,False,4075,ok
weather_20241116_1600_weather_forecast_f073f6c0.pdf,2024-11-16,1600,weather_forecast,,36.0,75.0,,True,True,False,False,False,False,False,False,4689,ok
weather_20241117_0530_weather_forecast_51d82458.pdf,2024-11-17,0530,weather_forecast,,24.0,75.0,,True,True,False,False,False,False,False,False,4012,ok
weather_20241117_1200_weather_forecast_0637df2e.pdf,2024-11-17,1200,weather_forecast,,24.0,75.0,,True,True,False,False,False,False,False,False,4395,ok
weather_20241117_1600_weather_forecast_7d4ac508.pdf,2024-11-17,1600,weather_forecast,,36.0,75.0,,True,True,False,False,False,False,False,False,4519,ok
weather_20241118_0530_weather_forecast_ea4f8a32.pdf,2024-11-18,0530,weather_forecast,,24.0,75.0,,True,True,False,False,False,False,False,False,4713,ok
weather_20241118_1200_weather_forecast_421f5946.pdf,2024-11-18,1200,weather_forecast,,24.0,75.0,,True,True,False,False,False,False,False,False,4771,ok
weather_20241118_1530_heavy_rain_8b3a1cb6.pdf,2024-11-18,1530,heavy_rain,Amber,,100.0,,True,True,False,False,False,False,False,False,3247,ok
weather_20241118_1600_weather_forecast_f53f56a0.pdf,2024-11-18,1600,weather_forecast,,36.0,100.0,,True,True,False,False,False,False,False,False,4597,ok
weather_20241119_0530_weather_forecast_7a10136f.pdf,2024-11-19,0530,weather_forecast,,24.0,100.0,,True,True,False,False,False,False,False,False,4614,ok
weather_20241119_1200_weather_forecast_49a295fa.pdf,2024-11-19,1200,weather_forecast,,24.0,100.0,,True,True,False,False,False,False,False,False,4390,ok
weather_20241119_1315_heavy_rain_0d268e9a.pdf,2024-11-19,1315,heavy_rain,Amber,,100.0,,True,True,False,False,False,False,False,False,3349,ok
weather_20241119_1600_weather_forecast_40e139e2.pdf,2024-11-19,1600,weather_forecast,,36.0,100.0,,True,True,False,False,False,False,False,False,4485,ok
weather_20241119_1800_weather_forecast_921e72df.pdf,2024-11-19,1800,weather_forecast,,,,,False,False,False,True,True,False,False,True,1830,ok
weather_20241120_0530_weather_forecast_0a4f8f34.pdf,2024-11-20,0530,weather_forecast,,24.0,75.0,,True,True,False,False,False,False,False,False,4149,ok
weather_20241120_1200_weather_forecast_6a19745a.pdf,2024-11-20,1200,weather_forecast,,24.0,100.0,,True,True,False,True,True,False,False,False,5139,ok
weather_20241120_1330_thunderstorm_bacb0f8b.pdf,2024-11-20,1330,thunderstorm,Amber,,,,False,True,False,False,False,False,False,False,3033,ok
weather_20241120_1600_weather_forecast_b1eb072d.pdf,2024-11-20,1600,weather_forecast,,36.0,100.0,,True,True,False,True,True,False,False,False,5752,ok
weather_20241121_0530_weather_forecast_69985157.pdf,2024-11-21,0530,weather_forecast,,24.0,100.0,,True,True,False,True,True,False,False,False,5061,ok
weather_20241121_1200_weather_forecast_e26f4663.pdf,2024-11-21,1200,weather_forecast,,24.0,100.0,,True,True,False,False,True,False,False,False,4997,ok
weather_20241121_1400_heavy_rain_9ef836ee.pdf,2024-11-21,1400,heavy_rain,Amber,,100.0,,True,True,False,False,False,False,False,False,3187,ok
weather_20241121_1600_weather_forecast_ad2b5362.pdf,2024-11-21,1600,weather_forecast,,36.0,100.0,,True,True,False,True,True,False,False,False,6003,ok
weather_20241122_0530_weather_forecast_5a763b51.pdf,2024-11-22,0530,weather_forecast,,24.0,100.0,40.0,True,True,True,True,True,False,False,False,5394,ok
weather_20241122_1200_weather_forecast_887d1f02.pdf,2024-11-22,1200,weather_forecast,,24.0,100.0,,True,True,False,False,True,False,False,False,5003,ok
weather_20241122_1600_weather_forecast_a895bea4.pdf,2024-11-22,1600,weather_forecast,,36.0,100.0,,True,True,False,False,True,False,False,False,5619,ok
weather_20241123_0530_weather_forecast_b2728bb6.pdf,2024-11-23,0530,weather_forecast,,24.0,100.0,,True,True,False,False,False,False,False,False,4294,ok
weather_20241123_1200_weather_forecast_7c65ca7e.pdf,2024-11-23,1200,weather_forecast,,24.0,150.0,,True,True,False,False,False,False,False,False,4030,ok
weather_20241123_1600_weather_forecast_df3100b9.pdf,2024-11-23,1600,weather_forecast,,36.0,150.0,,True,True,False,False,False,False,False,False,4498,ok
weather_20241124_0616_weather_forecast_225f82a6.pdf,2024-11-24,0616,weather_forecast,,24.0,150.0,40.0,True,True,True,False,True,False,False,False,6352,ok
weather_20241124_1200_weather_forecast_b904d9b1.pdf,2024-11-24,1200,weather_forecast,,24.0,150.0,40.0,True,True,True,True,True,False,False,False,6677,ok
weather_20241124_1600_weather_forecast_a682f270.pdf,2024-11-24,1600,weather_forecast,,36.0,150.0,40.0,True,True,True,True,True,False,False,False,5564,ok
weather_20241125_0530_weather_forecast_e64735b1.pdf,2024-11-25,0530,weather_forecast,,24.0,150.0,45.0,True,True,True,True,True,False,False,False,5960,ok
weather_20241125_1200_weather_forecast_388dac12.pdf,2024-11-25,1200,weather_forecast,,24.0,150.0,50.0,True,True,True,True,True,False,False,False,6044,ok
weather_20241125_1600_low_pressure_28bcc960.pdf,2024-11-25,1600,low_pressure,Red,24.0,,70.0,False,True,True,True,True,False,False,False,18872,ok
weather_20241125_1600_weather_forecast_9e52acd2.pdf,2024-11-25,1600,weather_forecast,,36.0,150.0,50.0,True,True,True,True,True,False,False,False,6019,ok
weather_20241126_0430_heavy_rain_f65409d7.pdf,2024-11-26,0430,heavy_rain,Red,24.0,200.0,,True,False,False,False,True,False,False,False,2028,ok
weather_20241126_0530_weather_forecast_484de9d8.pdf,2024-11-26,0530,weather_forecast,,12.0,200.0,50.0,True,True,True,False,True,False,False,False,5669,ok
weather_20241126_0700_weather_forecast_521429f8.pdf,2024-11-26,0700,weather_forecast,,,,,False,False,False,False,False,False,False,False,3695,ok
weather_20241126_0800_depression_909f5c44.pdf,2024-11-26,0800,depression,Red,12.0,,70.0,False,True,True,False,True,False,False,False,31711,ok
weather_20241126_1200_weather_forecast_2699e2d2.pdf,2024-11-26,1200,weather_forecast,,12.0,,,False,True,False,False,True,False,False,False,6265,ok
weather_20241126_1500_depression_994a4476.pdf,2024-11-26,1500,depression,Red,,,70.0,False,True,True,False,True,True,False,False,20190,ok
weather_20241126_1600_weather_forecast_be0edb46.pdf,2024-11-26,1600,weather_forecast,,36.0,150.0,50.0,True,True,True,False,True,True,False,False,5744,ok
weather_20241126_2100_depression_f0aa4c63.pdf,2024-11-26,2100,depression,Red,,,70.0,False,True,True,False,True,True,False,False,32733,ok
weather_20241127_0500_weather_forecast_7f2a6e75.pdf,2024-11-27,0500,weather_forecast,,,,,False,False,False,False,False,False,False,False,10345,ok
weather_20241127_0530_weather_forecast_32cc0ec2.pdf,2024-11-27,0530,weather_forecast,,24.0,,,False,True,False,False,True,True,False,False,6435,ok
weather_20241127_0700_rain_related_a5ea892e.pdf,2024-11-27,0700,rain_related,,168.0,,,False,False,False,False,False,False,True,False,2450,ok
weather_20241127_1100_depression_9fcdf117.pdf,2024-11-27,1100,depression,Red,12.0,,70.0,False,True,True,False,True,True,False,False,20236,ok
weather_20241127_1200_weather_forecast_267e98fb.pdf,2024-11-27,1200,weather_forecast,,12.0,,,False,True,False,False,True,True,False,False,6404,ok
weather_20241127_1600_weather_forecast_0bae6515.pdf,2024-11-27,1600,weather_forecast,,36.0,150.0,50.0,True,True,True,False,True,True,False,False,5648,ok
weather_20241127_1700_weather_forecast_6a505f5c.pdf,2024-11-27,1700,weather_forecast,Red,6.0,,70.0,False,True,True,False,True,True,False,False,20226,ok
weather_20241128_0500_depression_1c0c132f.pdf,2024-11-28,0500,depression,Red,,150.0,70.0,True,True,True,False,True,True,False,False,16579,ok
weather_20241128_0530_weather_forecast_f28ea92f.pdf,2024-11-28,0530,weather_forecast,,24.0,,,False,True,False,False,True,True,False,False,7011,ok
weather_20241128_1100_depression_5e3dac34.pdf,2024-11-28,1100,depression,Red,,100.0,70.0,True,True,True,False,True,True,False,False,16471,ok
weather_20241128_1200_weather_forecast_77895cce.pdf,2024-11-28,1200,weather_forecast,,24.0,,,False,True,False,False,True,False,False,False,6249,ok
weather_20241128_1200_weather_forecast_d5d3a636.pdf,2024-11-28,1200,weather_forecast,,,,,False,False,False,False,False,False,False,False,5343,ok
weather_20241128_1600_weather_forecast_45bc43cd.pdf,2024-11-28,1600,weather_forecast,,36.0,100.0,60.0,True,True,True,False,True,False,False,False,5438,ok
weather_20241128_1700_depression_c6faa58c.pdf,2024-11-28,1700,depression,Red,,100.0,70.0,True,True,True,False,True,True,False,False,15835,ok
weather_20241128_2300_depression_04935d4a.pdf,2024-11-28,2300,depression,Red,,100.0,70.0,True,True,True,False,True,False,False,False,14961,ok
weather_20241129_0500_depression_69a37ae9.pdf,2024-11-29,0500,depression,Red,,100.0,70.0,True,True,True,True,True,False,False,False,15131,ok
weather_20241129_0530_weather_forecast_78fa3d0c.pdf,2024-11-29,0530,weather_forecast,,24.0,,,False,True,False,False,True,False,False,False,6754,ok
weather_20241129_1100_depression_8f13523d.pdf,2024-11-29,1100,depression,Red,,100.0,70.0,True,True,True,False,True,False,False,False,15015,ok
weather_20241129_1200_weather_forecast_6a895c89.pdf,2024-11-29,1200,weather_forecast,,36.0,100.0,60.0,True,True,True,False,True,True,False,False,5415,ok
weather_20241129_1200_weather_forecast_db0f1b3b.pdf,2024-11-29,1200,weather_forecast,,24.0,,,False,True,False,False,True,True,False,False,7125,ok
weather_20241129_1800_cyclone_a3aacfdd.pdf,2024-11-29,1800,cyclone,,,,,False,False,False,False,False,True,False,False,9165,ok
weather_20241129_1800_cyclone_dc1ddbfe.pdf,2024-11-29,1800,cyclone,Red,,100.0,70.0,True,True,True,False,True,True,False,False,14893,ok
weather_20241129_2300_cyclone_6b05043a.pdf,2024-11-29,2300,cyclone,Red,,75.0,55.0,True,True,True,False,True,True,False,False,14666,ok
weather_20241130_0530_weather_forecast_3a9b0daf.pdf,2024-11-30,0530,weather_forecast,,24.0,,,False,True,False,False,False,True,False,False,7124,ok
weather_20241130_1200_weather_forecast_21f76692.pdf,2024-11-30,1200,weather_forecast,,24.0,,,False,True,False,False,False,True,False,False,6813,ok
weather_20241130_1600_weather_forecast_1286d510.pdf,2024-11-30,1600,weather_forecast,,36.0,50.0,55.0,True,True,True,False,False,True,False,False,5126,ok
weather_20241130_1700_weather_forecast_c2e85b5c.pdf,2024-11-30,1700,weather_forecast,,,,,False,False,False,False,False,False,False,False,6967,ok
weather_20241130_1700_weather_forecast_c7639cf3.pdf,2024-11-30,1700,weather_forecast,Amber,,,55.0,False,True,True,False,True,True,False,False,5932,ok
weather_20241201_0500_cyclone_ebdfec4a.pdf,2024-12-01,0500,cyclone,Amber,3.0,,,False,True,False,False,True,True,False,False,4504,ok
weather_20241201_0530_weather_forecast_3fef5f44.pdf,2024-12-01,0530,weather_forecast,,3.0,,,False,True,False,False,True,True,False,False,6421,ok
weather_20241201_1200_weather_forecast_5295a9de.pdf,2024-12-01,1200,weather_forecast,,24.0,,,False,True,False,False,False,True,False,False,5348,ok
weather_20241201_1600_weather_forecast_5cda02f2.pdf,2024-12-01,1600,weather_forecast,,36.0,,45.0,False,True,True,False,False,False,False,False,3951,ok
weather_20241202_0530_weather_forecast_640cfbf7.pdf,2024-12-02,0530,weather_forecast,,24.0,,,False,True,False,False,False,False,False,False,4676,ok
weather_20241202_1200_weather_forecast_fe4e8c31.pdf,2024-12-02,1200,weather_forecast,,24.0,,,False,True,False,False,False,False,False,False,4236,ok
weather_20241202_1600_weather_forecast_332119b2.pdf,2024-12-02,1600,weather_forecast,,36.0,,45.0,False,False,True,False,False,False,False,False,3386,ok
weather_20241203_0530_weather_forecast_2b90735e.pdf,2024-12-03,0530,weather_forecast,,24.0,,,False,False,False,False,False,False,False,False,2446,ok
weather_20241203_1200_weather_forecast_b77ae38a.pdf,2024-12-03,1200,weather_forecast,,24.0,,,False,True,False,False,False,False,False,False,2733,ok
weather_20241203_1600_weather_forecast_7f17b5d2.pdf,2024-12-03,1600,weather_forecast,,36.0,,,False,True,False,False,False,False,False,False,3826,ok
weather_20241204_0530_weather_forecast_89c2bc2d.pdf,2024-12-04,0530,weather_forecast,,24.0,,,False,True,False,False,False,False,False,False,2778,ok
weather_20241204_1200_weather_forecast_38bb8cf7.pdf,2024-12-04,1200,weather_forecast,,24.0,,,False,True,False,False,False,False,False,False,2640,ok
weather_20241204_1600_weather_forecast_4ebb8232.pdf,2024-12-04,1600,weather_forecast,,36.0,,,False,True,False,False,False,False,False,False,3873,ok
weather_20241205_0530_weather_forecast_870a2f3f.pdf,2024-12-05,0530,weather_forecast,,24.0,,,False,True,False,False,False,False,False,False,2971,ok
weather_20241205_1200_weather_forecast_1d2d5c01.pdf,2024-12-05,1200,weather_forecast,,24.0,,,False,True,False,False,False,False,False,False,3495,ok
weather_20241205_1600_weather_forecast_e3bfbd55.pdf,2024-12-05,1600,weather_forecast,,36.0,,,False,True,False,False,False,False,False,False,4012,ok
weather_20241206_0530_weather_forecast_08f569dc.pdf,2024-12-06,0530,weather_forecast,,24.0,,,False,True,False,False,False,False,False,False,3746,ok
weather_20241206_1200_weather_forecast_78fd329b.pdf,2024-12-06,1200,weather_forecast,,24.0,,,False,True,False,False,False,False,False,False,3774,ok
weather_20241206_1600_weather_forecast_72c170f2.pdf,2024-12-06,1600,weather_forecast,,36.0,,,False,True,False,False,False,False,False,False,4316,ok
weather_20241207_0530_weather_forecast_9f329640.pdf,2024-12-07,0530,weather_forecast,,24.0,,,False,True,False,False,False,False,False,False,5436,ok
weather_20241207_1200_weather_forecast_7b05ca24.pdf,2024-12-07,1200,weather_forecast,,24.0,,,False,True,False,False,False,False,False,False,5531,ok
weather_20241207_1400_heavy_rain_3abc273c.pdf,2024-12-07,1400,heavy_rain,Amber,24.0,,,False,False,False,False,False,False,False,True,2034,ok
weather_20241207_1600_weather_forecast_59e35368.pdf,2024-12-07,1600,weather_forecast,,36.0,,,False,True,False,False,False,False,False,False,5043,ok
weather_20241208_0530_weather_forecast_f9fb08ec.pdf,2024-12-08,0530,weather_forecast,,24.0,75.0,,True,True,False,False,False,False,False,False,5966,ok
weather_20241208_1200_weather_forecast_07208d30.pdf,2024-12-08,1200,weather_forecast,,24.0,75.0,,True,True,False,False,False,False,False,False,5795,ok
weather_20241208_1430_heavy_rain_d1751207.pdf,2024-12-08,1430,heavy_rain,Amber,24.0,,,False,False,False,False,False,False,False,True,1874,ok
weather_20241208_1600_weather_forecast_82b4c996.pdf,2024-12-08,1600,weather_forecast,,36.0,75.0,,True,True,False,False,False,False,False,False,5421,ok
weather_20241209_0530_weather_forecast_6b01c3c5.pdf,2024-12-09,0530,weather_forecast,,24.0,75.0,,True,True,False,False,False,False,False,False,5720,ok
weather_20241209_1200_weather_forecast_877177ce.pdf,2024-12-09,1200,weather_forecast,,24.0,75.0,,True,True,False,False,False,False,False,False,6150,ok
weather_20241209_1400_heavy_rain_9af5c8bc.pdf,2024-12-09,1400,heavy_rain,Amber,,,,False,False,False,True,False,False,False,True,1925,ok
weather_20241209_1600_weather_forecast_d4d4fd2a.pdf,2024-12-09,1600,weather_forecast,,36.0,75.0,,True,True,False,False,False,False,False,False,5359,ok
weather_20241210_0530_weather_forecast_1207e293.pdf,2024-12-10,0530,weather_forecast,,24.0,75.0,,True,True,False,False,False,False,False,False,5715,ok
weather_20241210_1200_weather_forecast_48f84084.pdf,2024-12-10,1200,weather_forecast,,24.0,100.0,,True,True,False,False,False,False,False,False,5466,ok
weather_20241210_1400_heavy_rain_43066e8d.pdf,2024-12-10,1400,heavy_rain,Amber,24.0,,,False,False,False,True,False,False,False,True,2631,ok
weather_20241210_1600_weather_forecast_d215348b.pdf,2024-12-10,1600,weather_forecast,,36.0,100.0,,True,True,False,True,False,False,False,False,4865,ok
weather_20241211_0545_weather_forecast_792af2c0.pdf,2024-12-11,0545,weather_forecast,,24.0,100.0,,True,True,False,False,False,False,False,False,6026,ok
weather_20241211_1200_weather_forecast_015cd0bd.pdf,2024-12-11,1200,weather_forecast,,36.0,100.0,,True,True,False,False,False,False,False,False,4810,ok
weather_20241211_1200_weather_forecast_be61cdc8.pdf,2024-12-11,1200,weather_forecast,,24.0,,,False,True,False,False,False,False,False,False,6039,ok
weather_20241211_1400_heavy_rain_f2f1baee.pdf,2024-12-11,1400,heavy_rain,Amber,24.0,,,False,False,False,False,False,False,False,True,2572,ok
weather_20241212_0530_weather_forecast_b0042d75.pdf,2024-12-12,0530,weather_forecast,,24.0,75.0,,True,True,False,False,False,False,False,False,6060,ok
weather_20241212_1200_weather_forecast_4eaf8a9a.pdf,2024-12-12,1200,weather_forecast,,24.0,75.0,,True,True,False,False,False,False,False,False,5365,ok
weather_20241212_1600_weather_forecast_c6a28323.pdf,2024-12-12,1600,weather_forecast,,36.0,75.0,,True,True,False,False,False,False,False,False,4625,ok
weather_20241213_0530_weather_forecast_ca9455c8.pdf,2024-12-13,0530,weather_forecast,,24.0,75.0,,True,True,False,False,False,False,False,False,4452,ok
weather_20241213_1200_weather_forecast_1e11d9aa.pdf,2024-12-13,1200,weather_forecast,,24.0,,,False,True,False,False,False,False,False,False,4217,ok
weather_20241213_1600_weather_forecast_70573261.pdf,2024-12-13,1600,weather_forecast,,36.0,,,False,True,False,False,False,False,False,False,4678,ok
weather_20241214_0530_weather_forecast_79988faa.pdf,2024-12-14,0530,weather_forecast,,24.0,75.0,,True,True,False,False,False,False,False,False,4698,ok
weather_20241214_1200_weather_forecast_8e23939f.pdf,2024-12-14,1200,weather_forecast,,24.0,75.0,,True,True,False,False,False,False,False,False,4358,ok
weather_20241214_1600_weather_forecast_e4a14c02.pdf,2024-12-14,1600,weather_forecast,,36.0,75.0,,True,True,False,False,False,False,False,False,3934,ok
weather_20241215_0530_weather_forecast_e796f651.pdf,2024-12-15,0530,weather_forecast,,24.0,100.0,,True,True,False,False,False,False,False,False,6582,ok
weather_20241215_1200_weather_forecast_2fca9d1e.pdf,2024-12-15,1200,weather_forecast,,24.0,100.0,40.0,True,True,True,False,False,False,False,False,6778,ok
weather_20241215_1600_weather_forecast_269ef459.pdf,2024-12-15,1600,weather_forecast,,36.0,100.0,40.0,True,True,True,False,False,False,False,False,5839,ok
weather_20241216_0530_weather_forecast_78c8ebc8.pdf,2024-12-16,0530,weather_forecast,,24.0,100.0,40.0,True,True,True,False,False,False,False,False,7157,ok
weather_20241216_1200_weather_forecast_bb9e6f0c.pdf,2024-12-16,1200,weather_forecast,,24.0,100.0,40.0,True,True,True,False,False,False,False,False,6965,ok
weather_20241216_1600_weather_forecast_c8b4e38f.pdf,2024-12-16,1600,weather_forecast,,36.0,100.0,40.0,True,True,True,False,False,False,False,False,5043,ok
weather_20241217_0530_weather_forecast_9df1519d.pdf,2024-12-17,0530,weather_forecast,,48.0,75.0,40.0,True,True,True,True,False,False,False,False,6605,ok
weather_20241217_1200_weather_forecast_473c1e61.pdf,2024-12-17,1200,weather_forecast,,24.0,50.0,50.0,True,True,True,True,False,False,False,False,6249,ok
weather_20241217_1600_weather_forecast_e1fc5522.pdf,2024-12-17,1600,weather_forecast,,36.0,50.0,50.0,True,True,True,False,False,False,False,False,5248,ok
weather_20241218_0530_weather_forecast_6a1bcbc4.pdf,2024-12-18,0530,weather_forecast,,24.0,,40.0,False,True,True,True,False,False,False,False,5978,ok
weather_20241218_1600_weather_forecast_cb4e420c.pdf,2024-12-18,1600,weather_forecast,,36.0,,,False,True,False,True,False,False,False,False,4913,ok
weather_20241219_0530_weather_forecast_cc0c439f.pdf,2024-12-19,0530,weather_forecast,,24.0,,,False,True,False,False,False,False,False,False,5477,ok
weather_20241219_1200_weather_forecast_2603a45b.pdf,2024-12-19,1200,weather_forecast,,24.0,50.0,,True,True,False,False,False,False,False,False,5820,ok
weather_20241219_1600_weather_forecast_e8404f68.pdf,2024-12-19,1600,weather_forecast,,36.0,50.0,,True,True,False,False,False,False,False,False,4720,ok
weather_20241220_0530_weather_forecast_60ad1a6f.pdf,2024-12-20,0530,weather_forecast,,24.0,50.0,,True,True,False,False,False,False,False,False,5238,ok
weather_20241220_1200_weather_forecast_f6adeb87.pdf,2024-12-20,1200,weather_forecast,,24.0,,,False,True,False,False,False,False,False,False,4813,ok
weather_20241220_1600_weather_forecast_d61886b7.pdf,2024-12-20,1600,weather_forecast,,36.0,,,False,True,False,False,False,False,False,False,4571,ok
weather_20241221_0530_weather_forecast_771620f0.pdf,2024-12-21,0530,weather_forecast,,24.0,,,False,True,False,False,False,False,False,False,4213,ok
weather_20241221_1200_weather_forecast_d3444b7d.pdf,2024-12-21,1200,weather_forecast,,24.0,,,False,True,False,False,False,False,False,False,4134,ok
weather_20241221_1600_weather_forecast_525ebe0e.pdf,2024-12-21,1600,weather_forecast,,36.0,,,False,True,False,False,False,False,False,False,4090,ok
weather_20241222_0530_weather_forecast_7480acb1.pdf,2024-12-22,0530,weather_forecast,,24.0,,,False,True,False,False,False,False,False,False,4059,ok
weather_20241222_1200_weather_forecast_9a761413.pdf,2024-12-22,1200,weather_forecast,,24.0,,,False,True,False,False,False,False,False,False,3917,ok
weather_20241222_1600_weather_forecast_bc54e775.pdf,2024-12-22,1600,weather_forecast,,36.0,,,False,True,False,False,False,False,False,False,3866,ok
weather_20241223_0530_weather_forecast_9ba6c257.pdf,2024-12-23,0530,weather_forecast,,24.0,,,False,True,False,False,False,False,False,False,3991,ok
weather_20241223_1200_weather_forecast_932a44e2.pdf,2024-12-23,1200,weather_forecast,,24.0,,,False,True,False,False,False,False,False,False,3921,ok
weather_20241223_1600_weather_forecast_48bdf4f0.pdf,2024-12-23,1600,weather_forecast,,36.0,,,False,True,False,False,False,False,False,False,3640,ok
weather_20241224_0530_weather_forecast_0fea46f1.pdf,2024-12-24,0530,weather_forecast,,24.0,,,False,True,False,False,False,False,False,False,3945,ok
weather_20241224_1200_weather_forecast_09a314be.pdf,2024-12-24,1200,weather_forecast,,24.0,,,False,False,False,False,False,False,False,False,3028,ok
weather_20241224_1600_weather_forecast_5831a08b.pdf,2024-12-24,1600,weather_forecast,,36.0,,,False,False,False,False,False,False,False,False,3080,ok
weather_20241225_0530_weather_forecast_fb997b0a.pdf,2024-12-25,0530,weather_forecast,,24.0,,,False,False,False,False,False,False,False,False,3018,ok
weather_20241225_1200_weather_forecast_458100bb.pdf,2024-12-25,1200,weather_forecast,,24.0,,,False,False,False,False,False,False,False,False,2896,ok
weather_20241225_1600_weather_forecast_549e0112.pdf,2024-12-25,1600,weather_forecast,,36.0,,,False,False,False,False,False,False,False,False,3138,ok
weather_20241226_0530_weather_forecast_0bb0bd9a.pdf,2024-12-26,0530,weather_forecast,,24.0,,,False,False,False,False,False,False,False,False,2573,ok
weather_20241226_1200_weather_forecast_e0256afc.pdf,2024-12-26,1200,weather_forecast,,24.0,,,False,True,False,False,False,False,False,False,2788,ok
weather_20241226_1600_weather_forecast_0a5bf4f5.pdf,2024-12-26,1600,weather_forecast,,36.0,,,False,True,False,False,False,False,False,False,4186,ok
weather_20241227_0530_weather_forecast_e70da238.pdf,2024-12-27,0530,weather_forecast,,24.0,,,False,True,False,False,False,False,False,False,4153,ok
weather_20241227_1200_weather_forecast_646d27c8.pdf,2024-12-27,1200,weather_forecast,,24.0,,,False,True,False,False,False,False,False,False,4121,ok
weather_20241227_1600_weather_forecast_0ed064b6.pdf,2024-12-27,1600,weather_forecast,,36.0,,,False,True,False,False,False,False,False,False,4003,ok
weather_20241228_0530_weather_forecast_2610c541.pdf,2024-12-28,0530,weather_forecast,,24.0,,,False,True,False,False,False,False,False,False,4165,ok
weather_20241228_1200_weather_forecast_bac050c8.pdf,2024-12-28,1200,weather_forecast,,24.0,,,False,True,False,False,False,False,False,False,4167,ok
weather_20241228_1600_weather_forecast_8b6943a8.pdf,2024-12-28,1600,weather_forecast,,36.0,,,False,True,False,False,False,False,False,False,4432,ok
weather_20241229_0530_weather_forecast_6dd0c20e.pdf,2024-12-29,0530,weather_forecast,,24.0,,,False,True,False,False,False,False,False,False,4220,ok
weather_20241229_1200_weather_forecast_0f9e4a7e.pdf,2024-12-29,1200,weather_forecast,,24.0,75.0,,True,True,False,False,False,False,False,False,4866,ok
weather_20241229_1200_weather_forecast_20220d8f.pdf,2024-12-29,1200,weather_forecast,,36.0,75.0,,True,True,False,False,False,False,False,False,5519,ok
weather_20241230_0530_weather_forecast_0f4fa51e.pdf,2024-12-30,0530,weather_forecast,,24.0,75.0,35.0,True,True,False,False,False,False,False,False,5078,ok
weather_20241230_1200_weather_forecast_468b85e9.pdf,2024-12-30,1200,weather_forecast,,24.0,75.0,35.0,True,True,False,False,False,False,False,False,5204,ok
weather_20241230_1600_weather_forecast_c4e469f7.pdf,2024-12-30,1600,weather_forecast,,36.0,75.0,35.0,True,True,False,False,False,False,False,False,5484,ok
weather_20241231_0545_weather_forecast_ebed30ba.pdf,2024-12-31,0545,weather_forecast,,24.0,75.0,35.0,True,True,False,False,False,False,False,False,5148,ok
weather_20241231_1200_weather_forecast_c6c3f549.pdf,2024-12-31,1200,weather_forecast,,24.0,100.0,40.0,True,True,True,False,False,False,False,False,5446,ok
weather_20241231_1500_weather_forecast_b62efd8f.pdf,2024-12-31,1500,weather_forecast,,,,,False,False,False,False,False,False,False,True,1522,ok
weather_20241231_1600_weather_forecast_d642b956.pdf,2024-12-31,1600,weather_forecast,,36.0,100.0,40.0,True,True,True,False,False,False,False,False,5321,ok
weather_20250101_0530_weather_forecast_4c56e602.pdf,2025-01-01,0530,weather_forecast,,24.0,100.0,40.0,True,True,True,False,False,False,False,False,5346,ok
weather_20250101_1200_weather_forecast_e08fb2a4.pdf,2025-01-01,1200,weather_forecast,,24.0,75.0,40.0,True,True,True,False,False,False,False,False,5107,ok
weather_20250101_1600_weather_forecast_7b2c46f5.pdf,2025-01-01,1600,weather_forecast,,36.0,75.0,40.0,True,True,True,False,False,False,False,False,4927,ok
weather_20250102_0530_weather_forecast_4e146044.pdf,2025-01-02,0530,weather_forecast,,24.0,,40.0,False,True,True,False,False,False,False,False,4463,ok
weather_20250102_1230_weather_forecast_36a98ddc.pdf,2025-01-02,1230,weather_forecast,,24.0,,40.0,False,True,True,False,False,False,False,False,4894,ok
weather_20250102_1600_weather_forecast_5f45fed4.pdf,2025-01-02,1600,weather_forecast,,36.0,,40.0,False,True,True,False,False,False,False,False,4861,ok
weather_20250103_0530_weather_forecast_c1af1476.pdf,2025-01-03,0530,weather_forecast,,24.0,,40.0,False,True,True,False,False,False,False,False,4880,ok
weather_20250103_1200_weather_forecast_ba832f4c.pdf,2025-01-03,1200,weather_forecast,,24.0,100.0,40.0,True,True,True,False,False,False,False,False,4614,ok
weather_20250103_1600_weather_forecast_3de4997f.pdf,2025-01-03,1600,weather_forecast,,36.0,100.0,40.0,True,True,True,False,False,False,False,False,4593,ok
weather_20250104_0530_weather_forecast_80fb65ca.pdf,2025-01-04,0530,weather_forecast,,24.0,100.0,40.0,True,True,True,False,False,False,False,False,4597,ok
weather_20250104_1200_weather_forecast_bcbd4311.pdf,2025-01-04,1200,weather_forecast,,24.0,50.0,,True,True,False,False,False,False,False,False,4183,ok
weather_20250104_1600_weather_forecast_e63ffcb0.pdf,2025-01-04,1600,weather_forecast,,36.0,50.0,,True,True,False,False,False,False,False,False,4377,ok
weather_20250105_0530_weather_forecast_bde530a0.pdf,2025-01-05,0530,weather_forecast,,24.0,,,False,True,False,False,False,False,False,False,4142,ok
weather_20250105_1200_weather_forecast_8fb27941.pdf,2025-01-05,1200,weather_forecast,,24.0,,,False,True,False,False,False,False,False,False,4160,ok
weather_20250105_1500_weather_forecast_e16f51fc.pdf,2025-01-05,1500,weather_forecast,,,,,False,False,False,False,False,False,False,True,1269,ok
weather_20250105_1600_weather_forecast_3e1e8d56.pdf,2025-01-05,1600,weather_forecast,,36.0,,,False,True,False,False,False,False,False,False,4099,ok
weather_20250106_0530_weather_forecast_6fb05d84.pdf,2025-01-06,0530,weather_forecast,,24.0,,,False,True,False,False,False,False,False,False,4167,ok
weather_20250106_1200_weather_forecast_390b193b.pdf,2025-01-06,1200,weather_forecast,,24.0,,,False,True,False,False,False,False,False,False,4128,ok
weather_20250106_1600_weather_forecast_20bd0c4b.pdf,2025-01-06,1600,weather_forecast,,36.0,,,False,True,False,False,False,False,False,False,3964,ok
weather_20250107_0530_weather_forecast_008f5dbd.pdf,2025-01-07,0530,weather_forecast,,24.0,,,False,True,False,False,False,False,False,False,4215,ok
weather_20250107_1200_weather_forecast_fd0798f8.pdf,2025-01-07,1200,weather_forecast,,24.0,,,False,True,False,False,False,False,False,False,3998,ok
weather_20250107_1600_weather_forecast_0904cf08.pdf,2025-01-07,1600,weather_forecast,,36.0,,,False,True,False,False,False,False,False,False,4206,ok
weather_20250108_0530_weather_forecast_677f3652.pdf,2025-01-08,0530,weather_forecast,,24.0,,,False,True,False,False,False,False,False,False,3974,ok
weather_20250108_1200_weather_forecast_d5a98a84.pdf,2025-01-08,1200,weather_forecast,,24.0,,,False,True,False,False,False,False,False,False,3664,ok
weather_20250108_1600_weather_forecast_aae2aaff.pdf,2025-01-08,1600,weather_forecast,,36.0,,,False,True,False,False,False,False,False,False,4238,ok
weather_20250109_0530_weather_forecast_69d1a35b.pdf,2025-01-09,0530,weather_forecast,,24.0,,,False,True,False,False,False,False,False,False,4372,ok
weather_20250109_1200_weather_forecast_b7602229.pdf,2025-01-09,1200,weather_forecast,,24.0,75.0,40.0,True,True,True,False,False,False,False,False,4390,ok
weather_20250109_1600_weather_forecast_f890af78.pdf,2025-01-09,1600,weather_forecast,,36.0,75.0,40.0,True,True,True,False,False,False,False,False,4966,ok
weather_20250110_0530_weather_forecast_fafb044d.pdf,2025-01-10,0530,weather_forecast,,24.0,75.0,40.0,True,True,True,False,False,False,False,False,4391,ok
weather_20250110_1200_weather_forecast_b1f30023.pdf,2025-01-10,1200,weather_forecast,,24.0,100.0,40.0,True,True,True,False,False,False,False,False,5350,ok
weather_20250110_1600_weather_forecast_71f175d2.pdf,2025-01-10,1600,weather_forecast,,36.0,100.0,40.0,True,True,True,False,False,False,False,False,5182,ok
weather_20250111_0530_weather_forecast_3a985017.pdf,2025-01-11,0530,weather_forecast,,24.0,,,False,True,False,False,False,False,False,False,5433,ok
weather_20250111_1200_weather_forecast_dfe34e78.pdf,2025-01-11,1200,weather_forecast,,24.0,,,False,True,False,False,False,False,False,False,5430,ok
weather_20250111_1230_heavy_rain_9ad0a17d.pdf,2025-01-11,1230,heavy_rain,Amber,24.0,100.0,,True,True,False,False,False,False,False,False,1758,ok
weather_20250111_1600_weather_forecast_de1b6a0c.pdf,2025-01-11,1600,weather_forecast,,36.0,100.0,40.0,True,True,True,False,False,False,False,False,4796,ok
weather_20250112_0530_weather_forecast_90bb4cd3.pdf,2025-01-12,0530,weather_forecast,,24.0,50.0,40.0,True,True,True,False,False,False,False,False,4865,ok
weather_20250112_1200_weather_forecast_45aaaf98.pdf,2025-01-12,1200,weather_forecast,,24.0,,40.0,False,True,True,False,False,False,False,False,4720,ok
weather_20250112_1600_weather_forecast_ea8a250b.pdf,2025-01-12,1600,weather_forecast,,36.0,75.0,40.0,True,True,True,False,False,False,False,False,5005,ok
weather_20250113_0530_weather_forecast_76e6c5d3.pdf,2025-01-13,0530,weather_forecast,,24.0,50.0,40.0,True,True,True,False,False,False,False,False,5147,ok
weather_20250113_1200_weather_forecast_136ee762.pdf,2025-01-13,1200,weather_forecast,,24.0,75.0,40.0,True,True,True,False,False,False,False,False,5053,ok
weather_20250113_1600_weather_forecast_bda02cc4.pdf,2025-01-13,1600,weather_forecast,,36.0,75.0,40.0,True,True,True,False,False,False,False,False,5051,ok
weather_20250114_0530_weather_forecast_b5be00d4.pdf,2025-01-14,0530,weather_forecast,,24.0,75.0,40.0,True,True,True,False,False,False,False,False,5010,ok
weather_20250114_1200_weather_forecast_2df0ab07.pdf,2025-01-14,1200,weather_forecast,,24.0,75.0,40.0,True,True,True,False,False,False,False,False,5010,ok
weather_20250114_1600_weather_forecast_a4947907.pdf,2025-01-14,1600,weather_forecast,,36.0,75.0,40.0,True,True,True,False,False,False,False,False,3910,ok
weather_20250114_2045_heavy_rain_a96347a0.pdf,2025-01-14,2045,heavy_rain,Amber,24.0,150.0,,True,True,False,False,False,False,False,False,1851,ok
weather_20250115_0530_weather_forecast_778d4c4e.pdf,2025-01-15,0530,weather_forecast,,24.0,100.0,40.0,True,True,True,False,False,False,False,False,4481,ok
weather_20250115_1200_weather_forecast_5abcba30.pdf,2025-01-15,1200,weather_forecast,,24.0,75.0,40.0,True,True,True,False,False,False,False,False,4881,ok
weather_20250115_1600_weather_forecast_5f03747f.pdf,2025-01-15,1600,weather_forecast,,36.0,75.0,40.0,True,True,True,False,False,False,False,False,4363,ok
weather_20250116_0530_weather_forecast_22e92dea.pdf,2025-01-16,0530,weather_forecast,,24.0,50.0,40.0,True,True,True,False,False,False,False,False,5181,ok
weather_20250116_1200_weather_forecast_24472992.pdf,2025-01-16,1200,weather_forecast,,24.0,,40.0,False,True,True,False,False,False,False,False,5151,ok
weather_20250116_1600_weather_forecast_00d358b2.pdf,2025-01-16,1600,weather_forecast,,36.0,,40.0,False,True,True,False,False,False,False,False,4695,ok
weather_20250117_0530_weather_forecast_0449eea1.pdf,2025-01-17,0530,weather_forecast,,24.0,,40.0,False,True,True,False,False,False,False,False,5264,ok
weather_20250117_1200_weather_forecast_2badd05d.pdf,2025-01-17,1200,weather_forecast,,24.0,,,False,True,False,False,False,False,False,False,5874,ok
weather_20250117_1530_heavy_rain_a83ad3e3.pdf,2025-01-17,1530,heavy_rain,Amber,24.0,100.0,,True,True,False,False,False,False,False,False,1913,ok
weather_20250117_1600_weather_forecast_0a6c5366.pdf,2025-01-17,1600,weather_forecast,,36.0,100.0,40.0,True,True,True,False,False,False,False,False,6109,ok
weather_20250118_0530_weather_forecast_3ecdfeab.pdf,2025-01-18,0530,weather_forecast,,24.0,,,False,True,False,False,False,False,False,False,5673,ok
weather_20250118_1200_weather_forecast_ef74c482.pdf,2025-01-18,1200,weather_forecast,,24.0,,,False,True,False,False,False,False,False,False,5797,ok
weather_20250118_1600_weather_forecast_379dffd9.pdf,2025-01-18,1600,weather_forecast,,36.0,100.0,40.0,True,True,True,False,False,False,False,False,5276,ok
weather_20250119_0330_heavy_rain_40bee3aa.pdf,2025-01-19,0330,heavy_rain,Red,24.0,150.0,,True,True,False,False,False,False,False,False,1901,ok
weather_20250119_0530_weather_forecast_e3d1e003.pdf,2025-01-19,0530,weather_forecast,,24.0,,,False,True,False,False,False,False,False,False,5253,ok
weather_20250119_1200_weather_forecast_eebddf78.pdf,2025-01-19,1200,weather_forecast,,24.0,,,False,True,False,False,False,False,False,False,5066,ok
weather_20250119_1600_weather_forecast_7be7dba1.pdf,2025-01-19,1600,weather_forecast,,36.0,100.0,40.0,True,True,True,False,False,False,False,False,4962,ok
weather_20250120_0530_weather_forecast_9b2853e7.pdf,2025-01-20,0530,weather_forecast,,24.0,,,False,True,False,False,False,False,False,False,4853,ok
weather_20250120_1200_weather_forecast_3ce5d23d.pdf,2025-01-20,1200,weather_forecast,,24.0,,40.0,False,True,True,False,False,False,False,False,4602,ok
weather_20250120_1600_weather_forecast_35c3a770.pdf,2025-01-20,1600,weather_forecast,,36.0,,40.0,False,True,True,False,False,False,False,False,4863,ok
weather_20250121_0530_weather_forecast_4c85a96e.pdf,2025-01-21,0530,weather_forecast,,24.0,,40.0,False,True,True,False,False,False,False,False,4695,ok
weather_20250121_1200_weather_forecast_426d6c05.pdf,2025-01-21,1200,weather_forecast,,24.0,,40.0,False,True,True,False,False,False,False,False,4556,ok
weather_20250121_1600_weather_forecast_87180147.pdf,2025-01-21,1600,weather_forecast,,36.0,,40.0,False,True,True,False,False,False,False,False,4431,ok
weather_20250122_0530_weather_forecast_eb6030ad.pdf,2025-01-22,0530,weather_forecast,,24.0,75.0,40.0,True,True,True,False,False,False,False,False,4727,ok
weather_20250122_1200_weather_forecast_49e87140.pdf,2025-01-22,1200,weather_forecast,,24.0,75.0,35.0,True,True,False,False,False,False,False,False,4538,ok
weather_20250122_1600_weather_forecast_c4e967dc.pdf,2025-01-22,1600,weather_forecast,,36.0,75.0,35.0,True,True,False,False,False,False,False,False,4525,ok
weather_20250123_0530_weather_forecast_c225af34.pdf,2025-01-23,0530,weather_forecast,,24.0,50.0,40.0,True,True,True,False,False,False,False,False,4742,ok
weather_20250123_1200_weather_forecast_320319b0.pdf,2025-01-23,1200,weather_forecast,,24.0,50.0,40.0,True,True,True,False,False,False,False,False,4691,ok
weather_20250123_1600_weather_forecast_827c93ed.pdf,2025-01-23,1600,weather_forecast,,36.0,50.0,40.0,True,True,True,False,False,False,False,False,4831,ok
weather_20250124_0530_weather_forecast_824e72c3.pdf,2025-01-24,0530,weather_forecast,,24.0,50.0,40.0,True,True,True,False,False,False,False,False,4692,ok
weather_20250124_1200_weather_forecast_025b0b03.pdf,2025-01-24,1200,weather_forecast,,24.0,75.0,40.0,True,True,True,False,False,False,False,False,4705,ok
weather_20250124_1600_weather_forecast_0de6280a.pdf,2025-01-24,1600,weather_forecast,,36.0,75.0,40.0,True,True,True,False,False,False,False,False,4639,ok
weather_20250125_0530_weather_forecast_c1865d0b.pdf,2025-01-25,0530,weather_forecast,,24.0,75.0,40.0,True,True,True,False,False,False,False,False,5113,ok
weather_20250125_1200_weather_forecast_479f762a.pdf,2025-01-25,1200,weather_forecast,,24.0,75.0,40.0,True,True,True,False,False,False,False,False,5109,ok
weather_20250125_1600_weather_forecast_b1d3b0e3.pdf,2025-01-25,1600,weather_forecast,,36.0,75.0,40.0,True,True,True,False,False,False,False,False,5736,ok
weather_20250126_0530_weather_forecast_0b931713.pdf,2025-01-26,0530,weather_forecast,,24.0,50.0,40.0,True,True,True,False,False,False,False,False,5031,ok
weather_20250126_1200_weather_forecast_c6dbbf06.pdf,2025-01-26,1200,weather_forecast,,24.0,,40.0,False,True,True,False,False,False,False,False,4711,ok
weather_20250127_0530_weather_forecast_f40e101b.pdf,2025-01-27,0530,weather_forecast,,24.0,,40.0,False,True,True,False,False,False,False,False,8812,ok
weather_20250127_1200_weather_forecast_af983448.pdf,2025-01-27,1200,weather_forecast,,24.0,,,False,True,False,False,False,False,False,False,4790,ok
weather_20250127_1600_weather_forecast_335f6e63.pdf,2025-01-27,1600,weather_forecast,,36.0,,,False,True,False,False,False,False,False,False,4939,ok
weather_20250128_0530_weather_forecast_36c3e1aa.pdf,2025-01-28,0530,weather_forecast,,24.0,,,False,True,False,False,False,False,False,False,4539,ok
weather_20250128_1200_weather_forecast_3f2d7922.pdf,2025-01-28,1200,weather_forecast,,24.0,75.0,,True,True,False,False,False,False,False,False,4372,ok
weather_20250128_1600_weather_forecast_9cdf7f14.pdf,2025-01-28,1600,weather_forecast,,36.0,75.0,,True,True,False,False,False,False,False,False,4661,ok
weather_20250129_0530_weather_forecast_9710a4b1.pdf,2025-01-29,0530,weather_forecast,,24.0,50.0,,True,True,False,False,False,False,False,False,4370,ok
weather_20250129_1200_weather_forecast_80cb69d2.pdf,2025-01-29,1200,weather_forecast,,24.0,50.0,,True,True,False,False,False,False,False,False,4617,ok
weather_20250129_1600_weather_forecast_2113c968.pdf,2025-01-29,1600,weather_forecast,,36.0,50.0,,True,True,False,False,False,False,False,False,4956,ok
weather_20250130_0530_weather_forecast_7ccf2964.pdf,2025-01-30,0530,weather_forecast,,24.0,75.0,,True,True,False,False,False,False,False,False,4760,ok
weather_20250130_1200_weather_forecast_c121caa8.pdf,2025-01-30,1200,weather_forecast,,24.0,,,False,True,False,False,False,False,False,False,4404,ok
weather_20250130_1600_weather_forecast_586efc11.pdf,2025-01-30,1600,weather_forecast,,36.0,,,False,True,False,False,False,False,False,False,4513,ok
weather_20250131_0530_weather_forecast_8f400a73.pdf,2025-01-31,0530,weather_forecast,,24.0,,,False,True,False,False,False,False,False,False,4516,ok
weather_20250131_1200_weather_forecast_1f20a734.pdf,2025-01-31,1200,weather_forecast,,24.0,,,False,True,False,False,False,False,False,False,4930,ok
weather_20250131_1600_weather_forecast_1f79143b.pdf,2025-01-31,1600,weather_forecast,,36.0,,,False,True,False,False,False,False,False,False,4669,ok
weather_20250131_1600_weather_forecast_90ee17f4.pdf,2025-01-31,1600,weather_forecast,,36.0,,,False,True,False,False,False,False,False,False,4639,ok
weather_20250201_0530_weather_forecast_20bc6b77.pdf,2025-02-01,0530,weather_forecast,,24.0,,,False,True,False,False,False,False,False,False,4451,ok
weather_20250201_1200_weather_forecast_1fbd19ae.pdf,2025-02-01,1200,weather_forecast,,24.0,,,False,True,False,False,False,False,False,False,3905,ok
weather_20250201_1600_weather_forecast_9179ec23.pdf,2025-02-01,1600,weather_forecast,,36.0,,,False,True,False,False,False,False,False,False,4156,ok
weather_20250202_0530_weather_forecast_a72e3347.pdf,2025-02-02,0530,weather_forecast,,24.0,,,False,True,False,False,False,False,False,False,4115,ok
weather_20250202_1200_weather_forecast_9f24458a.pdf,2025-02-02,1200,weather_forecast,,24.0,,,False,True,False,False,False,False,False,False,3175,ok
weather_20250202_1600_weather_forecast_0f68f0fc.pdf,2025-02-02,1600,weather_forecast,,36.0,,,False,True,False,False,False,False,False,False,3688,ok
weather_20250203_0530_weather_forecast_5b161d4f.pdf,2025-02-03,0530,weather_forecast,,24.0,,,False,True,False,False,False,False,False,False,3204,ok
weather_20250203_1200_weather_forecast_58b36655.pdf,2025-02-03,1200,weather_forecast,,24.0,,,False,True,False,False,False,False,False,False,3194,ok
weather_20250203_1600_weather_forecast_e7531acc.pdf,2025-02-03,1600,weather_forecast,,36.0,,,False,True,False,False,False,False,False,False,3385,ok
weather_20250204_0530_weather_forecast_f4785d5a.pdf,2025-02-04,0530,weather_forecast,,24.0,,,False,True,False,False,False,False,False,False,3302,ok
weather_20250204_1200_weather_forecast_586cbef5.pdf,2025-02-04,1200,weather_forecast,,24.0,,,False,True,False,False,False,False,False,False,3410,ok
weather_20250204_1600_weather_forecast_f333dab8.pdf,2025-02-04,1600,weather_forecast,,36.0,,,False,True,False,False,False,False,False,False,3789,ok
weather_20250205_0530_weather_forecast_622f20d3.pdf,2025-02-05,0530,weather_forecast,,24.0,,,False,True,False,False,False,False,False,False,3777,ok
weather_20250205_1200_weather_forecast_58163b59.pdf,2025-02-05,1200,weather_forecast,,24.0,,,False,True,False,False,False,False,False,False,3496,ok
weather_20250205_1600_weather_forecast_eeb42704.pdf,2025-02-05,1600,weather_forecast,,36.0,,,False,True,False,False,False,False,False,False,3572,ok
weather_20250206_0530_weather_forecast_26ba728b.pdf,2025-02-06,0530,weather_forecast,,24.0,,,False,False,False,False,False,False,False,False,3178,ok
weather_20250206_1200_weather_forecast_4c44b892.pdf,2025-02-06,1200,weather_forecast,,24.0,,,False,False,False,False,False,False,False,False,2994,ok
weather_20250206_1600_weather_forecast_55c0007a.pdf,2025-02-06,1600,weather_forecast,,36.0,,,False,False,False,False,False,False,False,False,3145,ok
weather_20250207_0530_weather_forecast_7d3ed3ee.pdf,2025-02-07,0530,weather_forecast,,24.0,,,False,False,False,False,False,False,False,False,2983,ok
weather_20250207_1200_weather_forecast_d28f1c7d.pdf,2025-02-07,1200,weather_forecast,,24.0,,,False,False,False,False,False,False,False,False,3237,ok
weather_20250207_1600_weather_forecast_281c9af4.pdf,2025-02-07,1600,weather_forecast,,36.0,,,False,False,False,False,False,False,False,False,3398,ok
weather_20250208_0530_weather_forecast_1fdc3722.pdf,2025-02-08,0530,weather_forecast,,24.0,,,False,False,False,False,False,False,False,False,3179,ok
weather_20250208_1200_weather_forecast_4af497a5.pdf,2025-02-08,1200,weather_forecast,,24.0,,40.0,False,False,True,False,False,False,False,False,3552,ok
weather_20250208_1600_weather_forecast_a456976c.pdf,2025-02-08,1600,weather_forecast,,36.0,,40.0,False,False,True,False,False,False,False,False,3720,ok
weather_20250209_0530_weather_forecast_6f7f6bdd.pdf,2025-02-09,0530,weather_forecast,,24.0,,40.0,False,False,True,False,False,False,False,False,3297,ok
weather_20250209_1200_weather_forecast_769b8bd8.pdf,2025-02-09,1200,weather_forecast,,24.0,,40.0,False,False,True,False,False,False,False,False,3304,ok
weather_20250209_1600_weather_forecast_952f1905.pdf,2025-02-09,1600,weather_forecast,,36.0,,40.0,False,False,True,False,False,False,False,False,3482,ok
weather_20250210_0530_weather_forecast_fdbdd8ef.pdf,2025-02-10,0530,weather_forecast,,24.0,,,False,False,False,False,False,False,False,False,3160,ok
weather_20250210_1200_weather_forecast_ee96f83e.pdf,2025-02-10,1200,weather_forecast,,24.0,,,False,False,False,False,False,False,False,False,3170,ok
weather_20250210_1600_weather_forecast_75627cdc.pdf,2025-02-10,1600,weather_forecast,,36.0,,,False,False,False,False,False,False,False,False,3333,ok
weather_20250211_0530_weather_forecast_e090b63b.pdf,2025-02-11,0530,weather_forecast,,24.0,,,False,False,False,False,False,False,False,False,3341,ok
weather_20250211_1200_weather_forecast_9c1a6428.pdf,2025-02-11,1200,weather_forecast,,24.0,,,False,True,False,False,False,False,False,False,3654,ok
weather_20250211_1600_weather_forecast_72c02b9b.pdf,2025-02-11,1600,weather_forecast,,36.0,,,False,True,False,False,False,False,False,False,3756,ok
weather_20250212_0530_weather_forecast_2d6efeaf.pdf,2025-02-12,0530,weather_forecast,,24.0,,,False,False,False,False,False,False,False,False,3598,ok
weather_20250212_1200_weather_forecast_0095f034.pdf,2025-02-12,1200,weather_forecast,,24.0,,,False,False,False,False,False,False,False,False,3309,ok
weather_20250212_1600_weather_forecast_77346954.pdf,2025-02-12,1600,weather_forecast,,36.0,,,False,False,False,False,False,False,False,False,3476,ok
weather_20250213_0530_weather_forecast_f5a142ea.pdf,2025-02-13,0530,weather_forecast,,24.0,,,False,False,False,False,False,False,False,False,3248,ok
weather_20250213_1200_weather_forecast_dfc873e3.pdf,2025-02-13,1200,weather_forecast,,24.0,,,False,False,False,False,False,False,False,False,3341,ok
weather_20250213_1600_weather_forecast_95668234.pdf,2025-02-13,1600,weather_forecast,,36.0,,,False,False,False,False,False,False,False,False,3509,ok
weather_20250214_0530_weather_forecast_3396d0ed.pdf,2025-02-14,0530,weather_forecast,,24.0,,,False,False,False,False,False,False,False,False,3099,ok
weather_20250214_1200_weather_forecast_54bac4ea.pdf,2025-02-14,1200,weather_forecast,,24.0,,,False,False,False,False,False,False,False,False,3140,ok
weather_20250214_1600_weather_forecast_b3b2bc7b.pdf,2025-02-14,1600,weather_forecast,,36.0,,,False,False,False,False,False,False,False,False,3302,ok
weather_20250215_0530_weather_forecast_22b7afdf.pdf,2025-02-15,0530,weather_forecast,,24.0,,,False,False,False,False,False,False,False,False,3096,ok
weather_20250215_1200_weather_forecast_d12086c6.pdf,2025-02-15,1200,weather_forecast,,24.0,,,False,False,False,False,False,False,False,False,3002,ok
weather_20250215_1600_weather_forecast_450b4405.pdf,2025-02-15,1600,weather_forecast,,36.0,,,False,False,False,False,False,False,False,False,3193,ok
weather_20250216_0530_weather_forecast_d08b9ef2.pdf,2025-02-16,0530,weather_forecast,,24.0,,,False,False,False,False,False,False,False,False,3033,ok
weather_20250216_1200_weather_forecast_74e8b890.pdf,2025-02-16,1200,weather_forecast,,24.0,,,False,True,False,False,False,False,False,False,3615,ok
weather_20250216_1600_weather_forecast_fa725776.pdf,2025-02-16,1600,weather_forecast,,36.0,,,False,True,False,False,False,False,False,False,3717,ok
weather_20250217_0530_weather_forecast_e2268fc1.pdf,2025-02-17,0530,weather_forecast,,24.0,,,False,True,False,False,False,False,False,False,3850,ok
weather_20250217_1400_weather_forecast_17918f5c.pdf,2025-02-17,1400,weather_forecast,,24.0,,,False,True,False,False,False,False,False,False,3633,ok
weather_20250217_1600_weather_forecast_b40372c9.pdf,2025-02-17,1600,weather_forecast,,36.0,,,False,False,False,False,False,False,False,False,3493,ok
weather_20250218_0530_weather_forecast_550d1903.pdf,2025-02-18,0530,weather_forecast,,24.0,,,False,True,False,False,False,False,False,False,4218,ok
weather_20250218_1600_weather_forecast_05e5f9ae.pdf,2025-02-18,1600,weather_forecast,,36.0,,,False,True,False,False,False,False,False,False,3902,ok
weather_20250219_0530_weather_forecast_ce4cb8f6.pdf,2025-02-19,0530,weather_forecast,,24.0,,,False,True,False,False,False,False,False,False,3837,ok
weather_20250219_1400_weather_forecast_b5ef1613.pdf,2025-02-19,1400,weather_forecast,,24.0,,,False,True,False,False,False,False,False,False,3611,ok
weather_20250219_1600_weather_forecast_a42e5fed.pdf,2025-02-19,1600,weather_forecast,,36.0,,,False,True,False,False,False,False,False,False,3911,ok
weather_20250220_0530_weather_forecast_85d3aa4e.pdf,2025-02-20,0530,weather_forecast,,24.0,,,False,True,False,False,False,False,False,False,3470,ok
weather_20250220_1400_weather_forecast_7b133c6e.pdf,2025-02-20,1400,weather_forecast,,24.0,,,False,True,False,False,False,False,False,False,3466,ok
weather_20250220_1600_weather_forecast_cb6f9c59.pdf,2025-02-20,1600,weather_forecast,,36.0,,,False,True,False,False,False,False,False,False,3818,ok
weather_20250221_0530_weather_forecast_1fd2c54f.pdf,2025-02-21,0530,weather_forecast,,24.0,,,False,True,False,False,False,False,False,False,3473,ok
weather_20250221_1400_weather_forecast_e878e1e7.pdf,2025-02-21,1400,weather_forecast,,24.0,,,False,True,False,False,False,False,False,False,3626,ok
weather_20250221_1600_weather_forecast_6f589dab.pdf,2025-02-21,1600,weather_forecast,,36.0,,,False,True,False,False,False,False,False,False,3938,ok
weather_20250222_0530_weather_forecast_978d84e5.pdf,2025-02-22,0530,weather_forecast,,24.0,,,False,True,False,False,False,False,False,False,3922,ok
weather_20250222_1400_weather_forecast_9c59f3ff.pdf,2025-02-22,1400,weather_forecast,,24.0,,,False,True,False,False,False,False,False,False,3835,ok
weather_20250222_1600_weather_forecast_705898a0.pdf,2025-02-22,1600,weather_forecast,,36.0,,,False,True,False,False,False,False,False,False,4287,ok
weather_20250223_0530_weather_forecast_f272ac2d.pdf,2025-02-23,0530,weather_forecast,,24.0,,,False,True,False,False,False,False,False,False,4014,ok
weather_20250223_1400_weather_forecast_dca25161.pdf,2025-02-23,1400,weather_forecast,,24.0,,,False,True,False,False,False,False,False,False,3906,ok
weather_20250223_1600_weather_forecast_ab22f590.pdf,2025-02-23,1600,weather_forecast,,36.0,,,False,True,False,False,False,False,False,False,4363,ok
weather_20250224_0530_weather_forecast_b498a143.pdf,2025-02-24,0530,weather_forecast,,24.0,,40.0,False,True,True,False,False,False,False,False,4910,ok
weather_20250224_1400_weather_forecast_22315d83.pdf,2025-02-24,1400,weather_forecast,,24.0,,40.0,False,True,True,False,False,False,False,False,4569,ok
weather_20250224_1600_weather_forecast_bf0d62ca.pdf,2025-02-24,1600,weather_forecast,,36.0,,40.0,False,True,True,False,False,False,False,False,4727,ok
weather_20250225_0530_weather_forecast_5d7aacd8.pdf,2025-02-25,0530,weather_forecast,,24.0,,40.0,False,True,True,False,False,False,False,False,4528,ok
weather_20250225_1400_weather_forecast_f3217d19.pdf,2025-02-25,1400,weather_forecast,,24.0,50.0,40.0,True,True,True,False,False,False,False,False,5052,ok
weather_20250225_1600_weather_forecast_71edafda.pdf,2025-02-25,1600,weather_forecast,,36.0,50.0,40.0,True,True,True,False,False,False,False,False,4782,ok
weather_20250226_0530_weather_forecast_d19f2ba6.pdf,2025-02-26,0530,weather_forecast,,24.0,75.0,40.0,True,True,True,False,False,False,False,False,4704,ok
weather_20250226_1200_weather_forecast_5d7a3e88.pdf,2025-02-26,1200,weather_forecast,,24.0,75.0,40.0,True,True,True,False,False,False,False,False,4742,ok
weather_20250226_1600_weather_forecast_c3505717.pdf,2025-02-26,1600,weather_forecast,,36.0,75.0,40.0,True,True,True,False,False,False,False,False,4884,ok
weather_20250227_0530_weather_forecast_223a4a31.pdf,2025-02-27,0530,weather_forecast,,24.0,75.0,40.0,True,True,True,False,False,False,False,False,4755,ok
weather_20250227_1400_weather_forecast_e1cbb3a5.pdf,2025-02-27,1400,weather_forecast,,24.0,100.0,40.0,True,True,True,False,False,False,False,False,5166,ok
weather_20250227_1600_weather_forecast_87da7035.pdf,2025-02-27,1600,weather_forecast,,36.0,100.0,40.0,True,True,True,False,False,False,False,False,5103,ok
weather_20250228_0530_weather_forecast_4ae9e310.pdf,2025-02-28,0530,weather_forecast,,24.0,100.0,40.0,True,True,True,False,False,False,False,False,5207,ok
weather_20250228_0900_weather_forecast_d5a5f40b.pdf,2025-02-28,0900,weather_forecast,,,,,False,False,False,False,False,False,False,False,3259,ok
weather_20250228_1400_weather_forecast_a8840a81.pdf,2025-02-28,1400,weather_forecast,,24.0,75.0,40.0,True,True,True,False,False,False,False,False,5231,ok
weather_20250228_1600_weather_forecast_42d8cc23.pdf,2025-02-28,1600,weather_forecast,,36.0,75.0,40.0,True,True,True,False,False,False,False,False,4840,ok
weather_20250301_0530_weather_forecast_c4739605.pdf,2025-03-01,0530,weather_forecast,,24.0,75.0,40.0,True,True,True,False,False,False,False,False,4897,ok
weather_20250301_1400_weather_forecast_cbc067e6.pdf,2025-03-01,1400,weather_forecast,,24.0,75.0,,True,True,False,False,False,False,False,False,4290,ok
weather_20250301_1600_weather_forecast_7fceaf41.pdf,2025-03-01,1600,weather_forecast,,36.0,75.0,,True,True,False,False,False,False,False,False,4540,ok
weather_20250302_0530_weather_forecast_4543385e.pdf,2025-03-02,0530,weather_forecast,,24.0,75.0,,True,True,False,False,False,False,False,False,4208,ok
weather_20250302_1400_weather_forecast_f96d0ff1.pdf,2025-03-02,1400,weather_forecast,,24.0,75.0,,True,True,False,False,False,False,False,False,3570,ok
weather_20250302_1530_thunderstorm_fb644a60.pdf,2025-03-02,1530,thunderstorm,Amber,,,,False,True,False,False,False,False,False,False,3154,ok
weather_20250302_1600_weather_forecast_7a3ca818.pdf,2025-03-02,1600,weather_forecast,,36.0,75.0,,True,True,False,False,False,False,False,False,4479,ok
weather_20250303_0530_weather_forecast_040f4e2b.pdf,2025-03-03,0530,weather_forecast,,24.0,75.0,,True,True,False,False,False,False,False,False,3672,ok
weather_20250303_1400_weather_forecast_c90518e2.pdf,2025-03-03,1400,weather_forecast,,24.0,,,False,True,False,False,False,False,False,False,3163,ok
weather_20250304_0530_weather_forecast_f1bcd5f1.pdf,2025-03-04,0530,weather_forecast,,24.0,,,False,True,False,False,False,False,False,False,3559,ok
weather_20250304_1400_weather_forecast_8459692f.pdf,2025-03-04,1400,weather_forecast,,24.0,,,False,True,False,False,False,False,False,False,3487,ok
weather_20250304_1600_weather_forecast_0033ccc0.pdf,2025-03-04,1600,weather_forecast,,36.0,,,False,True,False,False,False,False,False,False,3655,ok
weather_20250305_0530_weather_forecast_d1449990.pdf,2025-03-05,0530,weather_forecast,,24.0,,,False,True,False,False,False,False,False,False,3418,ok
weather_20250305_1600_weather_forecast_0a85da25.pdf,2025-03-05,1600,weather_forecast,,36.0,,,False,True,False,False,False,False,False,False,3656,ok
weather_20250306_0530_weather_forecast_ab2fb66e.pdf,2025-03-06,0530,weather_forecast,,24.0,,,False,False,False,False,False,False,False,False,2659,ok
weather_20250306_1400_weather_forecast_56050336.pdf,2025-03-06,1400,weather_forecast,,24.0,,,False,False,False,False,False,False,False,False,2654,ok
weather_20250306_1600_weather_forecast_e165214d.pdf,2025-03-06,1600,weather_forecast,,36.0,,,False,True,False,False,False,False,False,False,3538,ok
weather_20250307_0530_weather_forecast_e33a4691.pdf,2025-03-07,0530,weather_forecast,,24.0,,,False,False,False,False,False,False,False,False,2583,ok
weather_20250307_1400_weather_forecast_b512d44a.pdf,2025-03-07,1400,weather_forecast,,24.0,,,False,False,False,False,False,False,False,False,2618,ok
weather_20250307_1600_weather_forecast_bc0fb2a3.pdf,2025-03-07,1600,weather_forecast,,36.0,,,False,False,False,False,False,False,False,False,3929,ok
weather_20250308_0530_weather_forecast_e690e4db.pdf,2025-03-08,0530,weather_forecast,,24.0,,,False,False,False,False,False,False,False,False,2926,ok
weather_20250308_1400_weather_forecast_700f7a20.pdf,2025-03-08,1400,weather_forecast,,24.0,,,False,True,False,False,False,False,False,False,2992,ok
weather_20250309_0530_weather_forecast_7c159d83.pdf,2025-03-09,0530,weather_forecast,,24.0,,,False,True,False,False,False,False,False,False,3761,ok
weather_20250309_1400_weather_forecast_10aee9bd.pdf,2025-03-09,1400,weather_forecast,,24.0,50.0,40.0,True,True,True,False,False,False,False,False,5054,ok
weather_20250309_1600_weather_forecast_0d014682.pdf,2025-03-09,1600,weather_forecast,,36.0,50.0,40.0,True,True,True,False,False,False,False,False,5630,ok
weather_20250310_0530_weather_forecast_9482c5b0.pdf,2025-03-10,0530,weather_forecast,,24.0,75.0,40.0,True,True,True,False,False,False,False,False,4939,ok
weather_20250310_1400_weather_forecast_5a6b3e6d.pdf,2025-03-10,1400,weather_forecast,,24.0,75.0,40.0,True,True,True,False,False,False,False,False,4959,ok
weather_20250310_1600_weather_forecast_03928dec.pdf,2025-03-10,1600,weather_forecast,,36.0,75.0,40.0,True,True,True,False,False,False,False,False,5042,ok
weather_20250311_0530_weather_forecast_595325fc.pdf,2025-03-11,0530,weather_forecast,,24.0,75.0,40.0,True,True,True,False,False,False,False,False,4619,ok
weather_20250311_1400_weather_forecast_f49fd847.pdf,2025-03-11,1400,weather_forecast,,24.0,75.0,,True,True,False,False,False,False,False,False,4133,ok
weather_20250311_1600_weather_forecast_7e8184bf.pdf,2025-03-11,1600,weather_forecast,,36.0,75.0,,True,True,False,False,False,False,False,False,4098,ok
weather_20250312_0530_weather_forecast_3215bc12.pdf,2025-03-12,0530,weather_forecast,,24.0,75.0,,True,True,False,False,False,False,False,False,3590,ok
weather_20250312_1400_weather_forecast_4420afbb.pdf,2025-03-12,1400,weather_forecast,,24.0,,,False,True,False,False,False,False,False,False,3040,ok
weather_20250312_1600_weather_forecast_8b454eaa.pdf,2025-03-12,1600,weather_forecast,,36.0,,,False,True,False,False,False,False,False,False,3785,ok
weather_20250313_0530_weather_forecast_2b17d880.pdf,2025-03-13,0530,weather_forecast,,24.0,,,False,True,False,False,False,False,False,False,3099,ok
weather_20250313_1400_weather_forecast_0162bdbb.pdf,2025-03-13,1400,weather_forecast,,24.0,,,False,True,False,False,False,False,False,False,3434,ok
weather_20250313_1600_weather_forecast_2c7cb37b.pdf,2025-03-13,1600,weather_forecast,,36.0,,,False,True,False,False,False,False,False,False,4139,ok
weather_20250314_0530_weather_forecast_7defd070.pdf,2025-03-14,0530,weather_forecast,,24.0,50.0,,True,True,False,False,False,False,False,False,3834,ok
weather_20250314_1400_weather_forecast_bf6e6856.pdf,2025-03-14,1400,weather_forecast,,24.0,50.0,,True,True,False,False,False,False,False,False,4016,ok
weather_20250314_1600_weather_forecast_ac552140.pdf,2025-03-14,1600,weather_forecast,,36.0,50.0,,True,True,False,False,False,False,False,False,4691,ok
weather_20250315_0530_weather_forecast_3810009c.pdf,2025-03-15,0530,weather_forecast,,24.0,50.0,,True,True,False,False,False,False,False,False,4223,ok
weather_20250315_1400_weather_forecast_087b7a05.pdf,2025-03-15,1400,weather_forecast,,24.0,75.0,,True,True,False,False,False,False,False,False,3956,ok
weather_20250315_1600_weather_forecast_b8a6278f.pdf,2025-03-15,1600,weather_forecast,,36.0,75.0,,True,True,False,False,False,False,False,False,4731,ok
weather_20250316_0530_weather_forecast_8355c4f5.pdf,2025-03-16,0530,weather_forecast,,24.0,75.0,,True,True,False,False,False,False,False,False,4103,ok
weather_20250316_1400_weather_forecast_0c463936.pdf,2025-03-16,1400,weather_forecast,,24.0,50.0,,True,True,False,False,False,False,False,False,3887,ok
weather_20250316_1500_thunderstorm_8f20fcd8.pdf,2025-03-16,1500,thunderstorm,Amber,,,,False,True,False,False,False,False,False,False,3237,ok
weather_20250316_1600_weather_forecast_5b5e8fdb.pdf,2025-03-16,1600,weather_forecast,,36.0,75.0,,True,True,False,False,False,False,False,False,4965,ok
weather_20250317_0530_weather_forecast_c8bfb634.pdf,2025-03-17,0530,weather_forecast,,24.0,50.0,,True,True,False,False,False,False,False,False,3822,ok
weather_20250317_1400_weather_forecast_23afca26.pdf,2025-03-17,1400,weather_forecast,,24.0,50.0,,True,True,False,False,False,False,False,False,3795,ok
weather_20250317_1600_thunderstorm_f8b8d239.pdf,2025-03-17,1600,thunderstorm,Amber,,,,False,True,False,False,False,False,False,False,3307,ok
weather_20250317_1600_weather_forecast_d882959a.pdf,2025-03-17,1600,weather_forecast,,36.0,50.0,,True,True,False,False,False,False,False,False,4927,ok
weather_20250318_0530_weather_forecast_8bff2ae6.pdf,2025-03-18,0530,weather_forecast,,24.0,50.0,,True,True,False,False,False,False,False,False,3928,ok
weather_20250318_1400_thunderstorm_fb2273fb.pdf,2025-03-18,1400,thunderstorm,Amber,,,,False,True,False,False,False,False,False,False,3077,ok
weather_20250318_1400_weather_forecast_8f65270b.pdf,2025-03-18,1400,weather_forecast,,24.0,75.0,,True,True,False,False,False,False,False,False,4030,ok
weather_20250318_1600_weather_forecast_278a27c1.pdf,2025-03-18,1600,weather_forecast,,36.0,75.0,,True,True,False,False,False,False,False,False,5172,ok
weather_20250319_0530_weather_forecast_ada5647f.pdf,2025-03-19,0530,weather_forecast,,24.0,75.0,,True,True,False,False,False,False,False,False,4124,ok
weather_20250319_0700_weather_forecast_0daf310b.pdf,2025-03-19,0700,weather_forecast,,,,,False,False,False,False,False,False,False,True,2848,ok
weather_20250319_1400_weather_forecast_f5768617.pdf,2025-03-19,1400,weather_forecast,,24.0,75.0,,True,True,False,False,False,False,False,False,4147,ok
weather_20250319_1600_weather_forecast_e1ef534b.pdf,2025-03-19,1600,weather_forecast,,36.0,75.0,,True,True,False,False,False,False,False,False,5585,ok
weather_20250320_0530_weather_forecast_0deb4155.pdf,2025-03-20,0530,weather_forecast,,24.0,75.0,,True,True,False,False,False,False,False,False,4167,ok
weather_20250320_1400_weather_forecast_22da73e7.pdf,2025-03-20,1400,weather_forecast,,24.0,50.0,,True,True,False,False,False,False,False,False,3975,ok
weather_20250320_1600_weather_forecast_d28679b0.pdf,2025-03-20,1600,weather_forecast,,36.0,75.0,,True,True,False,False,False,False,False,False,4959,ok
weather_20250321_0530_weather_forecast_ec2bea94.pdf,2025-03-21,0530,weather_forecast,,24.0,50.0,,True,True,False,False,False,False,False,False,4047,ok
weather_20250321_1400_weather_forecast_ffcf92a4.pdf,2025-03-21,1400,weather_forecast,,24.0,75.0,,True,True,False,False,False,False,False,False,4022,ok
weather_20250321_1600_weather_forecast_5f4ad3aa.pdf,2025-03-21,1600,weather_forecast,,36.0,75.0,,True,True,False,False,False,False,False,False,4785,ok
weather_20250322_0530_weather_forecast_3465e763.pdf,2025-03-22,0530,weather_forecast,,24.0,75.0,,True,True,False,False,False,False,False,False,4051,ok
weather_20250322_1200_thunderstorm_09b3d1ed.pdf,2025-03-22,1200,thunderstorm,Amber,,,,False,True,False,False,False,False,False,False,3297,ok
weather_20250322_1400_weather_forecast_6d9b996e.pdf,2025-03-22,1400,weather_forecast,,24.0,,,False,True,False,False,False,False,False,False,3491,ok
weather_20250322_1600_weather_forecast_d1cb3eb0.pdf,2025-03-22,1600,weather_forecast,,36.0,75.0,,True,True,False,False,False,False,False,False,4495,ok
weather_20250323_0530_weather_forecast_0030165e.pdf,2025-03-23,0530,weather_forecast,,24.0,,,False,True,False,False,False,False,False,False,3355,ok
weather_20250323_0530_weather_forecast_382e46ae.pdf,2025-03-23,0530,weather_forecast,,24.0,,,False,True,False,False,False,False,False,False,3355,ok
weather_20250323_1400_weather_forecast_032ca2f7.pdf,2025-03-23,1400,weather_forecast,,24.0,,,False,True,False,False,False,False,False,False,3860,ok
weather_20250323_1600_weather_forecast_a37e4ec6.pdf,2025-03-23,1600,weather_forecast,,36.0,,,False,True,False,False,False,False,False,False,4104,ok
weather_20250324_0530_weather_forecast_1be9197d.pdf,2025-03-24,0530,weather_forecast,,24.0,50.0,,True,True,False,False,False,False,False,False,4295,ok
weather_20250324_1400_weather_forecast_0b90a3a2.pdf,2025-03-24,1400,weather_forecast,,24.0,75.0,,True,True,False,False,False,False,False,False,4413,ok
weather_20250324_1600_weather_forecast_76103315.pdf,2025-03-24,1600,weather_forecast,,36.0,75.0,,True,True,False,False,False,False,False,False,4471,ok
weather_20250325_0530_weather_forecast_5a1ba602.pdf,2025-03-25,0530,weather_forecast,,24.0,75.0,,True,True,False,False,False,False,False,False,4421,ok
weather_20250325_1400_thunderstorm_61a57986.pdf,2025-03-25,1400,thunderstorm,Amber,,,,False,True,False,False,False,False,False,False,3176,ok
weather_20250325_1400_weather_forecast_06d27ac2.pdf,2025-03-25,1400,weather_forecast,,24.0,75.0,,True,True,False,False,False,False,False,False,4381,ok
weather_20250325_1600_weather_forecast_401bceec.pdf,2025-03-25,1600,weather_forecast,,36.0,75.0,,True,True,False,False,False,False,False,False,4460,ok
weather_20250326_0530_weather_forecast_6e932c57.pdf,2025-03-26,0530,weather_forecast,,24.0,100.0,,True,True,False,False,False,False,False,False,3985,ok
weather_20250326_1330_thunderstorm_fd477c34.pdf,2025-03-26,1330,thunderstorm,Amber,,,,False,True,False,False,False,False,False,False,3154,ok
weather_20250326_1400_weather_forecast_1ed3f286.pdf,2025-03-26,1400,weather_forecast,,24.0,75.0,,True,True,False,False,False,False,False,False,3915,ok
weather_20250326_1600_weather_forecast_a10cedd4.pdf,2025-03-26,1600,weather_forecast,,36.0,75.0,,True,True,False,False,False,False,False,False,4404,ok
weather_20250327_0530_weather_forecast_b02fba99.pdf,2025-03-27,0530,weather_forecast,,24.0,75.0,,True,True,False,False,False,False,False,False,4104,ok
weather_20250327_1330_thunderstorm_c2caa48d.pdf,2025-03-27,1330,thunderstorm,Amber,,,,False,True,False,False,False,False,False,False,3212,ok
weather_20250327_1400_weather_forecast_22ebbb30.pdf,2025-03-27,1400,weather_forecast,,24.0,,,False,True,False,False,False,False,False,False,3362,ok
weather_20250328_0530_weather_forecast_7672a978.pdf,2025-03-28,0530,weather_forecast,,24.0,50.0,,True,True,False,False,False,False,False,False,3772,ok
weather_20250328_1400_weather_forecast_eb5817c8.pdf,2025-03-28,1400,weather_forecast,,24.0,50.0,,True,True,False,False,False,False,False,False,3605,ok
weather_20250328_1600_weather_forecast_bf1b87e4.pdf,2025-03-28,1600,weather_forecast,,36.0,50.0,,True,True,False,False,False,False,False,False,4128,ok
weather_20250329_0530_weather_forecast_e47f9345.pdf,2025-03-29,0530,weather_forecast,,24.0,50.0,,True,True,False,False,False,False,False,False,3626,ok
weather_20250329_1400_weather_forecast_3365dcbd.pdf,2025-03-29,1400,weather_forecast,,24.0,50.0,,True,True,False,False,False,False,False,False,3578,ok
weather_20250329_1600_weather_forecast_abcd0057.pdf,2025-03-29,1600,weather_forecast,,36.0,50.0,,True,True,False,False,False,False,False,False,4023,ok
weather_20250330_0530_weather_forecast_81de4abb.pdf,2025-03-30,0530,weather_forecast,,24.0,50.0,,True,True,False,False,False,False,False,False,3546,ok
weather_20250330_1400_weather_forecast_3cf0eeca.pdf,2025-03-30,1400,weather_forecast,,24.0,50.0,,True,True,False,False,False,False,False,False,3588,ok
weather_20250330_1600_weather_forecast_8b0c3aac.pdf,2025-03-30,1600,weather_forecast,,36.0,50.0,,True,True,False,False,False,False,False,False,4162,ok
weather_20250331_0530_weather_forecast_6bff51df.pdf,2025-03-31,0530,weather_forecast,,24.0,50.0,,True,True,False,False,False,False,False,False,3710,ok
weather_20250331_1400_weather_forecast_d8c349cc.pdf,2025-03-31,1400,weather_forecast,,24.0,75.0,,True,True,False,False,False,False,False,False,3945,ok
weather_20250331_1600_weather_forecast_599f36b2.pdf,2025-03-31,1600,weather_forecast,,36.0,75.0,,True,True,False,False,False,False,False,False,5779,ok
weather_20250401_0530_weather_forecast_14c46e61.pdf,2025-04-01,0530,weather_forecast,,24.0,100.0,,True,True,False,False,False,False,False,False,4040,ok
weather_20250401_1400_thunderstorm_eb25b4e8.pdf,2025-04-01,1400,thunderstorm,Amber,,,,False,True,False,False,False,False,False,False,3168,ok
weather_20250401_1400_weather_forecast_4107c1d9.pdf,2025-04-01,1400,weather_forecast,,24.0,100.0,,True,True,False,False,False,False,False,False,3920,ok
weather_20250401_1600_weather_forecast_06437fb0.pdf,2025-04-01,1600,weather_forecast,,36.0,100.0,,True,True,False,False,False,False,False,False,4784,ok
weather_20250402_0530_weather_forecast_85bdecaf.pdf,2025-04-02,0530,weather_forecast,,24.0,100.0,,True,True,False,False,False,False,False,False,3931,ok
weather_20250402_1200_thunderstorm_2a835e21.pdf,2025-04-02,1200,thunderstorm,Amber,,,,False,True,False,False,False,False,False,False,3265,ok
weather_20250402_1400_weather_forecast_3fc49abb.pdf,2025-04-02,1400,weather_forecast,,24.0,75.0,,True,True,False,False,False,False,False,False,3685,ok
weather_20250402_1600_weather_forecast_380bfcc3.pdf,2025-04-02,1600,weather_forecast,,36.0,75.0,,True,True,False,False,False,False,False,False,4994,ok
weather_20250403_0530_weather_forecast_233a6600.pdf,2025-04-03,0530,weather_forecast,,24.0,75.0,,True,True,False,False,False,False,False,False,3584,ok
weather_20250403_1200_thunderstorm_07bebd1c.pdf,2025-04-03,1200,thunderstorm,Amber,,,,False,True,False,False,False,False,False,False,3306,ok
weather_20250403_1400_weather_forecast_6a351883.pdf,2025-04-03,1400,weather_forecast,,24.0,100.0,,True,True,False,False,False,False,False,False,3420,ok
weather_20250403_1600_weather_forecast_2169221c.pdf,2025-04-03,1600,weather_forecast,,36.0,100.0,,True,True,False,False,False,False,False,False,4656,ok
weather_20250404_0530_weather_forecast_f3d437b1.pdf,2025-04-04,0530,weather_forecast,,24.0,100.0,,True,True,False,False,False,False,False,False,3506,ok
weather_20250404_1200_thunderstorm_db731e8e.pdf,2025-04-04,1200,thunderstorm,Amber,,,,False,True,False,False,False,False,False,False,3313,ok
weather_20250404_1400_weather_forecast_45d49ac2.pdf,2025-04-04,1400,weather_forecast,,24.0,100.0,,True,True,False,False,False,False,False,False,4065,ok
weather_20250404_1600_weather_forecast_457e2408.pdf,2025-04-04,1600,weather_forecast,,36.0,100.0,,True,True,False,False,False,False,False,False,5443,ok
weather_20250405_0530_weather_forecast_c32e12fd.pdf,2025-04-05,0530,weather_forecast,,24.0,100.0,,True,True,False,False,False,False,False,False,4652,ok
weather_20250405_1200_thunderstorm_d4b067bb.pdf,2025-04-05,1200,thunderstorm,Amber,,,,False,True,False,False,False,False,False,False,3360,ok
weather_20250405_1400_weather_forecast_8fc10d4f.pdf,2025-04-05,1400,weather_forecast,,24.0,75.0,,True,True,False,False,False,False,False,False,4490,ok
weather_20250405_1600_weather_forecast_c25ed910.pdf,2025-04-05,1600,weather_forecast,,36.0,75.0,,True,True,False,False,False,False,False,False,5294,ok
weather_20250406_0530_weather_forecast_2eb9bdc7.pdf,2025-04-06,0530,weather_forecast,,24.0,75.0,,True,True,False,False,False,False,False,False,4596,ok
weather_20250406_1200_thunderstorm_aac9b036.pdf,2025-04-06,1200,thunderstorm,Amber,,,,False,True,False,False,False,False,False,False,3323,ok
weather_20250406_1400_weather_forecast_a5f7498c.pdf,2025-04-06,1400,weather_forecast,,24.0,75.0,,True,True,False,False,False,False,False,False,4507,ok
weather_20250406_1600_weather_forecast_5e4082e4.pdf,2025-04-06,1600,weather_forecast,,36.0,75.0,,True,True,False,False,False,False,False,False,5412,ok
weather_20250407_0530_weather_forecast_ceec1c8f.pdf,2025-04-07,0530,weather_forecast,,24.0,100.0,,True,True,False,False,False,False,False,False,5384,ok
weather_20250407_1400_thunderstorm_f7c30549.pdf,2025-04-07,1400,thunderstorm,Amber,,,,False,True,False,False,False,False,False,False,3097,ok
weather_20250407_1400_weather_forecast_02196d80.pdf,2025-04-07,1400,weather_forecast,,24.0,75.0,,True,True,False,False,False,False,False,False,4202,ok
weather_20250407_1600_weather_forecast_0850646e.pdf,2025-04-07,1600,weather_forecast,,36.0,75.0,,True,True,False,False,False,False,False,False,5363,ok
weather_20250408_0530_weather_forecast_16a3292d.pdf,2025-04-08,0530,weather_forecast,,24.0,75.0,,True,True,False,False,False,False,False,False,4441,ok
weather_20250408_1400_weather_forecast_5a770c9c.pdf,2025-04-08,1400,weather_forecast,,24.0,50.0,,True,True,False,False,False,False,False,False,5055,ok
weather_20250408_1600_weather_forecast_8d764d07.pdf,2025-04-08,1600,weather_forecast,,36.0,75.0,,True,True,False,False,False,False,False,False,5993,ok
weather_20250409_0530_weather_forecast_467ede3e.pdf,2025-04-09,0530,weather_forecast,,24.0,75.0,,True,True,False,False,False,False,False,False,5093,ok
weather_20250409_1400_weather_forecast_68801b4a.pdf,2025-04-09,1400,weather_forecast,,24.0,50.0,,True,True,False,False,False,False,False,False,4931,ok
weather_20250409_1600_weather_forecast_45161912.pdf,2025-04-09,1600,weather_forecast,,36.0,50.0,,True,True,False,False,False,False,False,False,5281,ok
weather_20250409_1900_heavy_rain_6fa7aa9a.pdf,2025-04-09,1900,heavy_rain,Amber,24.0,,,False,False,False,False,False,False,False,True,1842,ok
weather_20250410_0530_weather_forecast_94ea5968.pdf,2025-04-10,0530,weather_forecast,,24.0,50.0,,True,True,False,False,False,False,False,False,5104,ok
weather_20250410_1400_weather_forecast_3d896739.pdf,2025-04-10,1400,weather_forecast,,24.0,75.0,40.0,True,True,True,False,False,False,False,False,6158,ok
weather_20250410_1600_weather_forecast_60d160d2.pdf,2025-04-10,1600,weather_forecast,,36.0,75.0,40.0,True,True,True,False,False,False,False,False,5634,ok
weather_20250410_1900_heavy_rain_c87cccbd.pdf,2025-04-10,1900,heavy_rain,Amber,24.0,,,False,False,False,False,False,False,False,True,1364,ok
weather_20250411_0530_weather_forecast_3a6934e6.pdf,2025-04-11,0530,weather_forecast,,24.0,50.0,40.0,True,True,True,False,False,False,False,False,6160,ok
weather_20250411_1400_weather_forecast_31e98db1.pdf,2025-04-11,1400,weather_forecast,,24.0,,40.0,False,True,True,False,False,False,False,False,5621,ok
weather_20250411_1600_weather_forecast_5ed36542.pdf,2025-04-11,1600,weather_forecast,,36.0,,40.0,False,True,True,False,False,False,False,False,4925,ok
weather_20250412_0530_weather_forecast_2cef2120.pdf,2025-04-12,0530,weather_forecast,,24.0,,40.0,False,True,True,False,False,False,False,False,5864,ok
weather_20250412_1400_weather_forecast_94e7adcd.pdf,2025-04-12,1400,weather_forecast,,24.0,,,False,True,False,False,False,False,False,False,4801,ok
weather_20250412_1600_weather_forecast_27e1b2b8.pdf,2025-04-12,1600,weather_forecast,,36.0,,,False,True,False,False,False,False,False,False,4959,ok
weather_20250413_0530_weather_forecast_62c1c263.pdf,2025-04-13,0530,weather_forecast,,24.0,,,False,True,False,False,False,False,False,False,4816,ok
weather_20250413_1400_weather_forecast_be1bcb85.pdf,2025-04-13,1400,weather_forecast,,24.0,,,False,True,False,False,False,False,False,False,5379,ok
weather_20250413_1600_weather_forecast_6f57c921.pdf,2025-04-13,1600,weather_forecast,,36.0,50.0,,True,True,False,False,False,False,False,False,4965,ok
weather_20250414_0530_weather_forecast_aed90da0.pdf,2025-04-14,0530,weather_forecast,,24.0,,,False,True,False,False,False,False,False,False,4494,ok
weather_20250414_1400_weather_forecast_06b07f52.pdf,2025-04-14,1400,weather_forecast,,24.0,,,False,True,False,False,False,False,False,False,4305,ok
weather_20250414_1600_weather_forecast_2bfd75af.pdf,2025-04-14,1600,weather_forecast,,36.0,75.0,,True,True,False,False,False,False,False,False,5107,ok
weather_20250415_0530_weather_forecast_7bae1f95.pdf,2025-04-15,0530,weather_forecast,,24.0,75.0,,True,True,False,False,False,False,False,False,3801,ok
weather_20250415_1400_weather_forecast_1c91cd25.pdf,2025-04-15,1400,weather_forecast,,24.0,50.0,,True,True,False,False,False,False,False,False,3917,ok
weather_20250415_1530_weather_forecast_4ac8f795.pdf,2025-04-15,1530,weather_forecast,Amber,,,,False,False,False,False,False,False,False,False,3195,ok
weather_20250415_1600_weather_forecast_bd0ad2c7.pdf,2025-04-15,1600,weather_forecast,,36.0,75.0,,True,True,False,False,False,False,False,False,5130,ok
weather_20250416_0530_weather_forecast_406130c5.pdf,2025-04-16,0530,weather_forecast,,24.0,50.0,,True,True,False,False,False,False,False,False,3980,ok
weather_20250416_1400_weather_forecast_2483a9b9.pdf,2025-04-16,1400,weather_forecast,,24.0,50.0,,True,True,False,False,False,False,False,False,4101,ok
weather_20250416_1600_weather_forecast_816df911.pdf,2025-04-16,1600,weather_forecast,,36.0,50.0,,True,True,False,False,False,False,False,False,4963,ok
weather_20250417_0530_weather_forecast_fca16bdb.pdf,2025-04-17,0530,weather_forecast,,24.0,50.0,,True,True,False,False,False,False,False,False,4136,ok
weather_20250417_1400_weather_forecast_3ec82fe8.pdf,2025-04-17,1400,weather_forecast,,24.0,50.0,,True,True,False,False,False,False,False,False,3952,ok
weather_20250417_1600_weather_forecast_190a3aca.pdf,2025-04-17,1600,weather_forecast,,36.0,50.0,,True,True,False,False,False,False,False,False,5009,ok
weather_20250418_0530_weather_forecast_0ec068fc.pdf,2025-04-18,0530,weather_forecast,,24.0,50.0,,True,True,False,False,False,False,False,False,4548,ok
weather_20250418_1400_weather_forecast_adb4e12c.pdf,2025-04-18,1400,weather_forecast,,24.0,50.0,,True,True,False,False,False,False,False,False,4344,ok
weather_20250418_1600_weather_forecast_7fe270ec.pdf,2025-04-18,1600,weather_forecast,,36.0,50.0,,True,True,False,False,False,False,False,False,4683,ok
weather_20250419_0530_weather_forecast_ff346a65.pdf,2025-04-19,0530,weather_forecast,,24.0,50.0,,True,True,False,False,False,False,False,False,4356,ok
weather_20250419_1400_weather_forecast_3e28a95d.pdf,2025-04-19,1400,weather_forecast,,24.0,50.0,,True,True,False,False,False,False,False,False,4174,ok
weather_20250419_1600_weather_forecast_bc0ea388.pdf,2025-04-19,1600,weather_forecast,,36.0,50.0,,True,True,False,False,False,False,False,False,4673,ok
weather_20250420_0530_weather_forecast_24452335.pdf,2025-04-20,0530,weather_forecast,,24.0,50.0,,True,True,False,False,False,False,False,False,4186,ok
weather_20250420_1400_weather_forecast_36e1d65e.pdf,2025-04-20,1400,weather_forecast,,24.0,50.0,,True,True,False,False,False,False,False,False,4280,ok
weather_20250420_1600_weather_forecast_41537530.pdf,2025-04-20,1600,weather_forecast,,36.0,50.0,,True,True,False,False,False,False,False,False,4969,ok
weather_20250421_0530_weather_forecast_2cc15b36.pdf,2025-04-21,0530,weather_forecast,,24.0,75.0,,True,True,False,False,False,False,False,False,4426,ok
weather_20250421_1230_thunderstorm_62f85b83.pdf,2025-04-21,1230,thunderstorm,Amber,,,,False,True,False,False,False,False,False,False,3235,ok
weather_20250421_1400_weather_forecast_835c8287.pdf,2025-04-21,1400,weather_forecast,,24.0,75.0,,True,True,False,False,False,False,False,False,4370,ok
weather_20250421_1600_weather_forecast_d82ef6cc.pdf,2025-04-21,1600,weather_forecast,,36.0,75.0,,True,True,False,False,False,False,False,False,4927,ok
weather_20250422_0530_weather_forecast_f9bc3b1f.pdf,2025-04-22,0530,weather_forecast,,24.0,75.0,,True,True,False,False,False,False,False,False,4408,ok
weather_20250422_1330_thunderstorm_78f4f80f.pdf,2025-04-22,1330,thunderstorm,Amber,,,,False,True,False,False,False,False,False,False,3186,ok
weather_20250422_1400_weather_forecast_85726230.pdf,2025-04-22,1400,weather_forecast,,24.0,75.0,,True,True,False,False,False,False,False,False,4534,ok
weather_20250422_1600_weather_forecast_4c5e1206.pdf,2025-04-22,1600,weather_forecast,,36.0,75.0,,True,True,False,False,False,False,False,False,4818,ok
weather_20250423_0130_thunderstorm_4d18af4b.pdf,2025-04-23,0130,thunderstorm,Amber,,,,False,True,False,False,False,False,False,False,1470,ok
weather_20250423_0130_thunderstorm_b689e616.pdf,2025-04-23,0130,thunderstorm,,,,,False,True,False,False,False,False,False,False,1678,ok
weather_20250423_0530_weather_forecast_47382ebd.pdf,2025-04-23,0530,weather_forecast,,24.0,75.0,,True,True,False,False,False,False,False,False,4544,ok
weather_20250423_1400_weather_forecast_472a60d3.pdf,2025-04-23,1400,weather_forecast,,24.0,75.0,,True,True,False,False,False,False,False,False,4570,ok
weather_20250423_1600_weather_forecast_8f9d67bb.pdf,2025-04-23,1600,weather_forecast,,36.0,75.0,,True,True,False,False,False,False,False,False,4967,ok
weather_20250424_0530_weather_forecast_4763b15f.pdf,2025-04-24,0530,weather_forecast,,24.0,75.0,,True,True,False,False,False,False,False,False,4583,ok
weather_20250424_1230_thunderstorm_6b4c0f24.pdf,2025-04-24,1230,thunderstorm,Amber,,,,False,True,False,False,False,False,False,False,3175,ok
weather_20250424_1400_weather_forecast_cf87fb0c.pdf,2025-04-24,1400,weather_forecast,,24.0,75.0,,True,True,False,False,False,False,False,False,4552,ok
weather_20250424_1600_weather_forecast_7eef7e9d.pdf,2025-04-24,1600,weather_forecast,,36.0,75.0,,True,True,False,False,False,False,False,False,4987,ok
weather_20250425_0530_weather_forecast_fea98670.pdf,2025-04-25,0530,weather_forecast,,24.0,100.0,,True,True,False,False,False,False,False,False,4939,ok
weather_20250425_0700_heavy_rain_6dcee2ad.pdf,2025-04-25,0700,heavy_rain,Amber,,100.0,,True,True,False,False,False,False,False,False,1849,ok
weather_20250425_1400_weather_forecast_673991fd.pdf,2025-04-25,1400,weather_forecast,,24.0,75.0,,True,True,False,False,False,False,False,False,4810,ok
weather_20250425_1430_thunderstorm_9bea9ff3.pdf,2025-04-25,1430,thunderstorm,Amber,,,,False,True,False,False,False,False,False,False,3169,ok
weather_20250425_1600_weather_forecast_5a2854da.pdf,2025-04-25,1600,weather_forecast,,36.0,75.0,,True,True,False,False,False,False,False,False,5191,ok
weather_20250426_0530_weather_forecast_3ad4dba0.pdf,2025-04-26,0530,weather_forecast,,24.0,75.0,,True,True,False,False,False,False,False,False,4894,ok
weather_20250426_1230_thunderstorm_f2fa261b.pdf,2025-04-26,1230,thunderstorm,Amber,,,,False,True,False,False,False,False,False,False,3220,ok
weather_20250426_1400_weather_forecast_d063b6b5.pdf,2025-04-26,1400,weather_forecast,,24.0,100.0,,True,True,False,False,False,False,False,False,4657,ok
weather_20250426_1600_weather_forecast_a3ea3290.pdf,2025-04-26,1600,weather_forecast,,36.0,100.0,,True,True,False,False,False,False,False,False,5120,ok
weather_20250427_0530_weather_forecast_32792e2b.pdf,2025-04-27,0530,weather_forecast,,24.0,100.0,,True,True,False,False,False,False,False,False,4376,ok
weather_20250427_1230_thunderstorm_cb3739d9.pdf,2025-04-27,1230,thunderstorm,Amber,,,,False,True,False,False,False,False,False,False,3278,ok
weather_20250427_1400_weather_forecast_f4f4563c.pdf,2025-04-27,1400,weather_forecast,,24.0,100.0,,True,True,False,False,False,False,False,False,3833,ok
weather_20250427_1600_weather_forecast_bb4444c6.pdf,2025-04-27,1600,weather_forecast,,36.0,100.0,,True,True,False,False,False,False,False,False,5033,ok
weather_20250428_0530_weather_forecast_9ffed2d0.pdf,2025-04-28,0530,weather_forecast,,24.0,100.0,,True,True,False,False,False,False,False,False,3901,ok
weather_20250428_1200_thunderstorm_4a3f1c2a.pdf,2025-04-28,1200,thunderstorm,Amber,,,,False,True,False,False,False,False,False,False,3272,ok
weather_20250428_1400_weather_forecast_285a7b91.pdf,2025-04-28,1400,weather_forecast,,24.0,100.0,,True,True,False,False,False,False,False,False,3666,ok
weather_20250428_1600_weather_forecast_064b59a7.pdf,2025-04-28,1600,weather_forecast,,36.0,100.0,,True,True,False,False,False,False,False,False,4924,ok
weather_20250429_0530_weather_forecast_600d2c7c.pdf,2025-04-29,0530,weather_forecast,,24.0,100.0,,True,True,False,False,False,False,False,False,3875,ok
weather_20250429_1200_thunderstorm_314b0399.pdf,2025-04-29,1200,thunderstorm,Amber,,,,False,True,False,False,False,False,False,False,1518,ok
weather_20250429_1200_thunderstorm_342fa4d8.pdf,2025-04-29,1200,thunderstorm,,,,,False,True,False,False,False,False,False,False,1698,ok
weather_20250429_1400_weather_forecast_c2eefca4.pdf,2025-04-29,1400,weather_forecast,,24.0,100.0,,True,True,False,False,False,False,False,False,3694,ok
weather_20250429_1600_weather_forecast_a1c0960b.pdf,2025-04-29,1600,weather_forecast,,36.0,100.0,,True,True,False,False,False,False,False,False,5022,ok
weather_20250430_0530_weather_forecast_01f8c5aa.pdf,2025-04-30,0530,weather_forecast,,24.0,100.0,,True,True,False,False,False,False,False,False,3743,ok
weather_20250430_1200_thunderstorm_3a57de3d.pdf,2025-04-30,1200,thunderstorm,Amber,,,,False,True,False,False,False,False,False,False,1576,ok
weather_20250430_1200_thunderstorm_6c60492f.pdf,2025-04-30,1200,thunderstorm,,,,,False,True,False,False,False,False,False,False,1760,ok
weather_20250501_0530_weather_forecast_32b664ae.pdf,2025-05-01,0530,weather_forecast,,24.0,75.0,,True,True,False,False,False,False,False,False,4303,ok
weather_20250501_1400_weather_forecast_b85a6e8c.pdf,2025-05-01,1400,weather_forecast,,24.0,50.0,,True,True,False,False,False,False,False,False,4346,ok
weather_20250501_1600_weather_forecast_7f418919.pdf,2025-05-01,1600,weather_forecast,,36.0,50.0,,True,True,False,False,False,False,False,False,3887,ok
weather_20250502_0530_weather_forecast_8153155e.pdf,2025-05-02,0530,weather_forecast,,24.0,50.0,,True,True,False,False,False,False,False,False,4768,ok
weather_20250502_1400_weather_forecast_882413cb.pdf,2025-05-02,1400,weather_forecast,,24.0,50.0,,True,True,False,False,False,False,False,False,4730,ok
weather_20250502_1430_thunderstorm_93286e54.pdf,2025-05-02,1430,thunderstorm,Amber,,,,False,True,False,False,False,False,False,False,3188,ok
weather_20250502_1600_weather_forecast_dd13d743.pdf,2025-05-02,1600,weather_forecast,,36.0,50.0,,True,True,False,False,False,False,False,False,5171,ok
weather_20250503_0530_weather_forecast_724f8ea3.pdf,2025-05-03,0530,weather_forecast,,24.0,75.0,,True,True,False,False,False,False,False,False,5095,ok
weather_20250503_1230_thunderstorm_8329b7a2.pdf,2025-05-03,1230,thunderstorm,Amber,,,,False,True,False,False,False,False,False,False,3202,ok
weather_20250503_1400_weather_forecast_5dd0b59c.pdf,2025-05-03,1400,weather_forecast,,24.0,50.0,,True,True,False,False,False,False,False,False,4903,ok
weather_20250503_1600_weather_forecast_a35f53f0.pdf,2025-05-03,1600,weather_forecast,,36.0,50.0,,True,True,False,False,False,False,False,False,5194,ok
weather_20250504_0530_weather_forecast_1f1e515b.pdf,2025-05-04,0530,weather_forecast,,24.0,50.0,,True,True,False,False,False,False,False,False,5045,ok
weather_20250504_1230_thunderstorm_5700ac4c.pdf,2025-05-04,1230,thunderstorm,Amber,,,,False,True,False,False,False,False,False,False,3164,ok
weather_20250504_1400_weather_forecast_0a0bbcbb.pdf,2025-05-04,1400,weather_forecast,,24.0,50.0,,True,True,False,False,False,False,False,False,4584,ok
weather_20250504_1600_weather_forecast_0b967c40.pdf,2025-05-04,1600,weather_forecast,,36.0,50.0,,True,True,False,False,False,False,False,False,4562,ok
weather_20250505_0530_weather_forecast_6c87857a.pdf,2025-05-05,0530,weather_forecast,,24.0,50.0,,True,True,False,False,False,False,False,False,4686,ok
weather_20250505_1230_thunderstorm_9c3a8f10.pdf,2025-05-05,1230,thunderstorm,Amber,,,,False,True,False,False,False,False,False,False,3168,ok
weather_20250505_1400_weather_forecast_cee969a2.pdf,2025-05-05,1400,weather_forecast,,24.0,,,False,True,False,False,False,False,False,False,4569,ok
weather_20250505_1600_weather_forecast_d70e0805.pdf,2025-05-05,1600,weather_forecast,,36.0,,,False,True,False,False,False,False,False,False,4713,ok
weather_20250506_0530_weather_forecast_2421e14a.pdf,2025-05-06,0530,weather_forecast,,24.0,,,False,True,False,False,False,False,False,False,4579,ok
weather_20250506_0700_weather_forecast_f621c3ae.pdf,2025-05-06,0700,weather_forecast,,,,,False,False,False,False,False,False,False,False,3034,ok
weather_20250506_1200_thunderstorm_5124cfa0.pdf,2025-05-06,1200,thunderstorm,Amber,,,,False,True,False,False,False,False,False,False,3261,ok
weather_20250506_1400_weather_forecast_5dd9c0c8.pdf,2025-05-06,1400,weather_forecast,,24.0,50.0,,True,True,False,False,False,False,False,False,4671,ok
weather_20250506_1600_weather_forecast_e634a165.pdf,2025-05-06,1600,weather_forecast,,36.0,50.0,,True,True,False,False,False,False,False,False,4985,ok
weather_20250507_0530_weather_forecast_4638351f.pdf,2025-05-07,0530,weather_forecast,,24.0,50.0,,True,True,False,False,False,False,False,False,4724,ok
weather_20250507_1300_thunderstorm_53eff4f4.pdf,2025-05-07,1300,thunderstorm,Amber,,75.0,,True,True,False,False,False,False,False,False,3357,ok
weather_20250507_1400_weather_forecast_c530ff03.pdf,2025-05-07,1400,weather_forecast,,24.0,75.0,,True,True,False,False,False,False,False,False,4780,ok
weather_20250508_0530_weather_forecast_3f4a9ab6.pdf,2025-05-08,0530,weather_forecast,,24.0,50.0,,True,True,False,False,False,False,False,False,4744,ok
weather_20250508_1230_thunderstorm_eea304d7.pdf,2025-05-08,1230,thunderstorm,Amber,,,,False,True,False,False,False,False,False,False,3129,ok
weather_20250508_1400_weather_forecast_ad571207.pdf,2025-05-08,1400,weather_forecast,,24.0,75.0,,True,True,False,False,False,False,False,False,4578,ok
weather_20250508_1600_weather_forecast_08de3988.pdf,2025-05-08,1600,weather_forecast,,36.0,75.0,,True,True,False,False,False,False,False,False,4917,ok
weather_20250509_0530_weather_forecast_fe4223c6.pdf,2025-05-09,0530,weather_forecast,,24.0,50.0,,True,True,False,False,False,False,False,False,4331,ok
weather_20250509_1400_weather_forecast_44e3d42b.pdf,2025-05-09,1400,weather_forecast,,24.0,,,False,True,False,False,False,False,False,False,3885,ok
weather_20250509_1600_weather_forecast_5a202cde.pdf,2025-05-09,1600,weather_forecast,,36.0,,,False,True,False,False,False,False,False,False,3786,ok
weather_20250510_0530_weather_forecast_9257f074.pdf,2025-05-10,0530,weather_forecast,,24.0,,,False,True,False,False,False,False,False,False,3916,ok
weather_20250510_1400_weather_forecast_73f9ee39.pdf,2025-05-10,1400,weather_forecast,,24.0,,,False,True,False,False,False,False,False,False,3997,ok
weather_20250510_1600_weather_forecast_6fd9dc58.pdf,2025-05-10,1600,weather_forecast,,36.0,,,False,True,False,False,False,False,False,False,4266,ok
weather_20250511_0530_weather_forecast_c1394fe1.pdf,2025-05-11,0530,weather_forecast,,24.0,50.0,,True,True,False,False,False,False,False,False,4232,ok
weather_20250511_1400_weather_forecast_ce34489a.pdf,2025-05-11,1400,weather_forecast,,24.0,,40.0,False,True,True,False,False,False,False,False,3959,ok
weather_20250511_1600_weather_forecast_bdc5ff60.pdf,2025-05-11,1600,weather_forecast,,36.0,,40.0,False,True,True,False,False,False,False,False,4161,ok
weather_20250512_0530_weather_forecast_15345cfe.pdf,2025-05-12,0530,weather_forecast,,24.0,,40.0,False,True,True,False,False,False,False,False,4206,ok
weather_20250512_1400_weather_forecast_05bb4831.pdf,2025-05-12,1400,weather_forecast,,24.0,50.0,40.0,True,True,True,False,False,False,False,False,4349,ok
weather_20250512_1600_weather_forecast_bd6ce7c9.pdf,2025-05-12,1600,weather_forecast,,36.0,50.0,40.0,True,True,True,False,False,False,False,False,4098,ok
weather_20250513_0530_weather_forecast_35376f5f.pdf,2025-05-13,0530,weather_forecast,,24.0,,40.0,False,True,True,False,False,False,False,False,3856,ok
weather_20250513_1400_weather_forecast_ca34c55c.pdf,2025-05-13,1400,weather_forecast,,24.0,,40.0,False,True,True,False,False,False,False,False,4009,ok
weather_20250513_1600_weather_forecast_45ff5ea8.pdf,2025-05-13,1600,weather_forecast,,36.0,,40.0,False,True,True,False,False,False,False,False,4382,ok
weather_20250514_0530_weather_forecast_b13e9dc9.pdf,2025-05-14,0530,weather_forecast,,24.0,50.0,40.0,True,True,True,False,False,False,False,False,4359,ok
weather_20250514_1600_weather_forecast_f576c86e.pdf,2025-05-14,1600,weather_forecast,,36.0,50.0,40.0,True,True,True,False,False,False,False,False,4689,ok
weather_20250515_0530_weather_forecast_00328ae6.pdf,2025-05-15,0530,weather_forecast,,24.0,,,False,True,False,False,False,False,False,False,4461,ok
weather_20250515_1300_thunderstorm_c42f43e7.pdf,2025-05-15,1300,thunderstorm,Amber,,,,False,True,False,False,False,False,False,False,3181,ok
weather_20250515_1400_weather_forecast_195b1c0d.pdf,2025-05-15,1400,weather_forecast,,24.0,,,False,True,False,False,False,False,False,False,4397,ok
weather_20250515_1600_weather_forecast_1092071f.pdf,2025-05-15,1600,weather_forecast,,36.0,75.0,40.0,True,True,True,False,False,False,False,False,4507,ok
weather_20250516_0530_weather_forecast_f5fb1864.pdf,2025-05-16,0530,weather_forecast,,24.0,,,False,True,False,False,False,False,False,False,4407,ok
weather_20250516_1200_thunderstorm_51db3edf.pdf,2025-05-16,1200,thunderstorm,Amber,,,,False,True,False,False,False,False,False,False,1492,ok
weather_20250516_1200_thunderstorm_57d626eb.pdf,2025-05-16,1200,thunderstorm,,,,,False,True,False,False,False,False,False,False,1653,ok
weather_20250516_1400_weather_forecast_72336832.pdf,2025-05-16,1400,weather_forecast,,24.0,,,False,True,False,False,False,False,False,False,5548,ok
weather_20250516_1600_weather_forecast_132ff3d4.pdf,2025-05-16,1600,weather_forecast,,36.0,75.0,40.0,True,True,True,False,False,False,False,False,5329,ok
weather_20250517_0530_weather_forecast_9300225f.pdf,2025-05-17,0530,weather_forecast,,24.0,,,False,True,False,False,False,False,False,False,5500,ok
weather_20250517_0830_heavy_rain_0409e7d7.pdf,2025-05-17,0830,heavy_rain,Amber,,100.0,,True,True,False,False,False,False,False,False,1489,ok
weather_20250517_1400_weather_forecast_df4a7818.pdf,2025-05-17,1400,weather_forecast,,24.0,,,False,True,False,False,False,False,False,False,5239,ok
weather_20250517_1600_weather_forecast_d36ae537.pdf,2025-05-17,1600,weather_forecast,,36.0,75.0,40.0,True,True,True,False,False,False,False,False,5293,ok
weather_20250518_0530_weather_forecast_63f55518.pdf,2025-05-18,0530,weather_forecast,,24.0,,,False,True,False,False,False,False,False,False,5166,ok
weather_20250518_0900_heavy_rain_27e48193.pdf,2025-05-18,0900,heavy_rain,Amber,,100.0,,True,False,False,False,False,False,False,False,1615,ok
weather_20250518_1400_weather_forecast_7f4dc7d3.pdf,2025-05-18,1400,weather_forecast,,24.0,,,False,True,False,False,False,False,False,False,5377,ok
weather_20250518_1600_weather_forecast_a8d6dce9.pdf,2025-05-18,1600,weather_forecast,,36.0,100.0,40.0,True,True,True,False,False,False,False,False,5327,ok
weather_20250519_0530_weather_forecast_66cdaf41.pdf,2025-05-19,0530,weather_forecast,,24.0,,,False,True,False,False,False,False,False,False,5406,ok
weather_20250519_1200_thunderstorm_bd50e0d2.pdf,2025-05-19,1200,thunderstorm,Amber,,,,False,True,False,False,False,False,False,False,3060,ok
weather_20250519_1400_heavy_rain_e108990c.pdf,2025-05-19,1400,heavy_rain,Amber,,100.0,,True,False,False,False,False,False,False,False,1645,ok
weather_20250519_1400_weather_forecast_d83c4000.pdf,2025-05-19,1400,weather_forecast,,24.0,,,False,True,False,False,False,False,False,False,5510,ok
weather_20250519_1600_weather_forecast_4050d6a9.pdf,2025-05-19,1600,weather_forecast,,36.0,100.0,40.0,True,True,True,False,False,False,False,False,5155,ok
weather_20250520_0530_weather_forecast_96ee023e.pdf,2025-05-20,0530,weather_forecast,,24.0,,,False,True,False,False,False,False,False,False,5392,ok
weather_20250520_1400_weather_forecast_a27ae65e.pdf,2025-05-20,1400,weather_forecast,,24.0,,,False,True,False,False,False,False,False,False,6054,ok
weather_20250520_1600_weather_forecast_fdbf3ac4.pdf,2025-05-20,1600,weather_forecast,,36.0,75.0,40.0,True,True,True,False,False,False,False,False,4901,ok
weather_20250521_0530_weather_forecast_975db4a0.pdf,2025-05-21,0530,weather_forecast,,24.0,,,False,True,False,False,False,False,False,False,5889,ok
weather_20250521_1400_weather_forecast_93028913.pdf,2025-05-21,1400,weather_forecast,,24.0,,,False,True,False,False,False,False,False,False,5817,ok
weather_20250521_1600_weather_forecast_b89e0c8e.pdf,2025-05-21,1600,weather_forecast,,36.0,50.0,40.0,True,True,True,False,False,False,False,False,4535,ok
weather_20250522_0530_weather_forecast_68cafe53.pdf,2025-05-22,0530,weather_forecast,,24.0,,,False,True,False,False,False,False,False,False,5520,ok
weather_20250522_1230_thunderstorm_86a6b4f7.pdf,2025-05-22,1230,thunderstorm,Amber,,,,False,True,False,False,False,False,False,False,5731,ok
weather_20250522_1400_weather_forecast_014dc905.pdf,2025-05-22,1400,weather_forecast,,24.0,,,False,True,False,False,False,False,False,False,5732,ok
weather_20250522_1400_weather_forecast_2e63b467.pdf,2025-05-22,1400,weather_forecast,,,,,False,False,False,False,False,False,False,False,5345,ok
weather_20250522_1600_weather_forecast_c6e66892.pdf,2025-05-22,1600,weather_forecast,,36.0,75.0,40.0,True,True,True,False,False,False,False,False,6778,ok
weather_20250523_0530_weather_forecast_75a97c8a.pdf,2025-05-23,0530,weather_forecast,,24.0,,,False,True,False,False,False,False,False,False,5746,ok
weather_20250523_1200_thunderstorm_9f54f806.pdf,2025-05-23,1200,thunderstorm,Amber,,,,False,True,False,False,False,False,False,False,3003,ok
weather_20250523_1400_weather_forecast_5c7e1439.pdf,2025-05-23,1400,weather_forecast,,24.0,,,False,True,False,False,False,False,False,False,5897,ok
weather_20250523_1600_weather_forecast_0ce78723.pdf,2025-05-23,1600,weather_forecast,,36.0,75.0,40.0,True,True,True,False,False,False,False,False,4390,ok
weather_20250524_0530_weather_forecast_acdda4f7.pdf,2025-05-24,0530,weather_forecast,,24.0,,,False,True,False,False,False,False,False,False,5861,ok
weather_20250524_1400_heavy_rain_7c2724af.pdf,2025-05-24,1400,heavy_rain,Amber,,100.0,,True,False,False,False,False,False,False,False,1405,ok
weather_20250524_1400_weather_forecast_321661ec.pdf,2025-05-24,1400,weather_forecast,,24.0,,,False,True,False,False,False,False,False,False,5321,ok
weather_20250524_1600_weather_forecast_35aba58a.pdf,2025-05-24,1600,weather_forecast,,36.0,100.0,45.0,True,False,True,False,False,False,False,False,3765,ok
weather_20250525_0530_weather_forecast_82b0e468.pdf,2025-05-25,0530,weather_forecast,,24.0,,,False,True,False,False,False,False,False,False,5251,ok
weather_20250525_1400_weather_forecast_70c6c666.pdf,2025-05-25,1400,weather_forecast,,24.0,,,False,True,False,False,False,False,False,False,6018,ok
weather_20250525_1600_weather_forecast_8f72f509.pdf,2025-05-25,1600,weather_forecast,,36.0,100.0,50.0,True,True,True,False,False,False,False,False,3856,ok
weather_20250526_0530_weather_forecast_1a7608d9.pdf,2025-05-26,0530,weather_forecast,,24.0,,,False,True,False,False,False,False,False,False,6041,ok
weather_20250526_1400_weather_forecast_11d40a50.pdf,2025-05-26,1400,weather_forecast,,24.0,100.0,50.0,True,True,True,False,False,False,False,False,7308,ok
weather_20250526_1600_weather_forecast_745709ec.pdf,2025-05-26,1600,weather_forecast,,36.0,100.0,50.0,True,True,True,False,False,False,False,False,4807,ok
weather_20250527_0530_weather_forecast_4b2cc233.pdf,2025-05-27,0530,weather_forecast,,24.0,100.0,50.0,True,True,True,False,False,False,False,False,7322,ok
weather_20250527_1400_heavy_rain_f754e87a.pdf,2025-05-27,1400,heavy_rain,Amber,,100.0,,True,False,False,False,False,False,False,False,1403,ok
weather_20250527_1400_weather_forecast_61bc3b33.pdf,2025-05-27,1400,weather_forecast,,24.0,100.0,50.0,True,True,True,False,False,False,False,False,7397,ok
weather_20250527_1600_weather_forecast_60cc5b20.pdf,2025-05-27,1600,weather_forecast,,36.0,100.0,50.0,True,True,True,False,False,False,False,False,4816,ok
weather_20250528_0530_weather_forecast_3a89f21e.pdf,2025-05-28,0530,weather_forecast,,24.0,75.0,50.0,True,True,True,False,False,False,False,False,7408,ok
weather_20250528_1230_strong_wind_7ba64dab.pdf,2025-05-28,1230,strong_wind,Amber,,,60.0,False,False,True,False,False,False,False,False,1739,ok
weather_20250528_1400_weather_forecast_0daa3a00.pdf,2025-05-28,1400,weather_forecast,,24.0,75.0,60.0,True,True,True,False,False,False,False,False,7136,ok
weather_20250528_1600_weather_forecast_a08c77db.pdf,2025-05-28,1600,weather_forecast,,36.0,75.0,60.0,True,True,True,False,False,False,False,False,4658,ok
weather_20250529_0530_weather_forecast_f869f06c.pdf,2025-05-29,0530,weather_forecast,,24.0,75.0,60.0,True,True,True,False,False,False,False,False,6945,ok
weather_20250529_1230_strong_wind_70cba56a.pdf,2025-05-29,1230,strong_wind,Amber,,,60.0,False,False,True,False,False,False,False,False,818,ok
weather_20250529_1230_strong_wind_7f35b956.pdf,2025-05-29,1230,strong_wind,,,,,False,False,True,False,False,False,False,False,918,ok
weather_20250529_1230_strong_wind_ac307850.pdf,2025-05-29,1230,strong_wind,,,,,False,False,True,False,False,False,False,False,1039,ok
weather_20250529_1400_weather_forecast_b5e606e4.pdf,2025-05-29,1400,weather_forecast,,24.0,100.0,60.0,True,True,True,False,False,False,False,False,6888,ok
weather_20250529_1600_weather_forecast_ae8ea18c.pdf,2025-05-29,1600,weather_forecast,,36.0,100.0,60.0,True,True,True,False,False,False,False,False,4486,ok
weather_20250530_0530_weather_forecast_c6810301.pdf,2025-05-30,0530,weather_forecast,,24.0,100.0,60.0,True,True,True,False,False,False,False,False,6709,ok
weather_20250530_0830_heavy_rain_54031d80.pdf,2025-05-30,0830,heavy_rain,Amber,,100.0,,True,False,False,False,False,False,False,False,1441,ok
weather_20250530_0900_strong_wind_54df96f5.pdf,2025-05-30,0900,strong_wind,Amber,,,60.0,False,False,True,False,False,False,False,False,1644,ok
weather_20250530_1400_weather_forecast_27f8ae74.pdf,2025-05-30,1400,weather_forecast,,24.0,75.0,50.0,True,True,True,False,False,False,False,False,6945,ok
weather_20250530_1600_weather_forecast_0e3f4ad0.pdf,2025-05-30,1600,weather_forecast,,36.0,100.0,60.0,True,True,True,False,False,False,False,False,4628,ok
weather_20250531_0530_weather_forecast_6096a3d4.pdf,2025-05-31,0530,weather_forecast,,24.0,75.0,50.0,True,True,True,False,False,False,False,False,6974,ok
weather_20250531_0830_strong_wind_cf9fba35.pdf,2025-05-31,0830,strong_wind,Amber,,,55.0,False,False,True,False,False,False,False,False,1648,ok
weather_20250531_1400_weather_forecast_8024a04a.pdf,2025-05-31,1400,weather_forecast,,24.0,50.0,40.0,True,True,True,False,False,False,False,False,7151,ok
weather_20250531_1400_weather_forecast_b2de1a30.pdf,2025-05-31,1400,weather_forecast,,,,,False,False,False,False,False,False,False,False,5997,ok
weather_20250531_1600_weather_forecast_abab8ebe.pdf,2025-05-31,1600,weather_forecast,,36.0,50.0,40.0,True,True,True,False,False,False,False,False,4359,ok
weather_20250601_0530_weather_forecast_4c16eecc.pdf,2025-06-01,0530,weather_forecast,,24.0,,,False,True,False,False,False,False,False,False,5372,ok
weather_20250601_1400_weather_forecast_d9eff9ad.pdf,2025-06-01,1400,weather_forecast,,24.0,,,False,True,False,False,False,False,False,False,4017,ok
weather_20250601_1600_weather_forecast_e78bd384.pdf,2025-06-01,1600,weather_forecast,,36.0,,40.0,False,False,True,False,False,False,False,False,3321,ok
weather_20250602_0530_weather_forecast_cffec047.pdf,2025-06-02,0530,weather_forecast,,24.0,,40.0,False,True,True,False,False,False,False,False,4310,ok
weather_20250602_1400_weather_forecast_8ba19921.pdf,2025-06-02,1400,weather_forecast,,24.0,,40.0,False,True,True,False,False,False,False,False,5535,ok
weather_20250602_1600_weather_forecast_4336a947.pdf,2025-06-02,1600,weather_forecast,,36.0,,40.0,False,True,True,False,False,False,False,False,4044,ok
weather_20250603_0530_weather_forecast_c826b5b1.pdf,2025-06-03,0530,weather_forecast,,24.0,,40.0,False,True,True,False,False,False,False,False,5524,ok
weather_20250603_1600_weather_forecast_9ab2de57.pdf,2025-06-03,1600,weather_forecast,,36.0,,40.0,False,True,True,False,False,False,False,False,4040,ok
weather_20250604_0530_weather_forecast_a6ba8137.pdf,2025-06-04,0530,weather_forecast,,24.0,,40.0,False,True,True,False,False,False,False,False,5493,ok
weather_20250604_1400_weather_forecast_ae059f6d.pdf,2025-06-04,1400,weather_forecast,,24.0,,40.0,False,True,True,False,False,False,False,False,5481,ok
weather_20250604_1600_weather_forecast_511c5254.pdf,2025-06-04,1600,weather_forecast,,36.0,,40.0,False,True,True,False,False,False,False,False,4103,ok
weather_20250605_0530_weather_forecast_e088128e.pdf,2025-06-05,0530,weather_forecast,,24.0,,40.0,False,True,True,False,False,False,False,False,4949,ok
weather_20250605_1400_weather_forecast_27d445c0.pdf,2025-06-05,1400,weather_forecast,,24.0,,40.0,False,True,True,False,False,False,False,False,4701,ok
weather_20250605_1600_weather_forecast_c1f333ef.pdf,2025-06-05,1600,weather_forecast,,36.0,,40.0,False,True,True,False,False,False,False,False,4061,ok
weather_20250606_0530_weather_forecast_a7941ad7.pdf,2025-06-06,0530,weather_forecast,,24.0,,40.0,False,True,True,False,False,False,False,False,4867,ok
weather_20250606_1400_weather_forecast_12af8f32.pdf,2025-06-06,1400,weather_forecast,,24.0,,40.0,False,True,True,False,False,False,False,False,4697,ok
weather_20250606_1600_weather_forecast_bac7c7c4.pdf,2025-06-06,1600,weather_forecast,,36.0,,40.0,False,True,True,False,False,False,False,False,4017,ok
weather_20250607_0530_weather_forecast_8427e9ea.pdf,2025-06-07,0530,weather_forecast,,24.0,,40.0,False,True,True,False,False,False,False,False,5288,ok
weather_20250607_1400_weather_forecast_2dba513c.pdf,2025-06-07,1400,weather_forecast,,24.0,,40.0,False,True,True,False,False,False,False,False,5351,ok
weather_20250607_1600_weather_forecast_9034aad8.pdf,2025-06-07,1600,weather_forecast,,36.0,,40.0,False,True,True,False,False,False,False,False,4756,ok
weather_20250608_0530_weather_forecast_578932a3.pdf,2025-06-08,0530,weather_forecast,,24.0,,40.0,False,True,True,False,False,False,False,False,5757,ok
weather_20250608_1400_weather_forecast_dea343c6.pdf,2025-06-08,1400,weather_forecast,,24.0,,40.0,False,True,True,False,False,False,False,False,6019,ok
weather_20250608_1600_weather_forecast_92b9486a.pdf,2025-06-08,1600,weather_forecast,,36.0,,40.0,False,True,True,False,False,False,False,False,4773,ok
weather_20250609_0530_weather_forecast_f0a4e6c8.pdf,2025-06-09,0530,weather_forecast,,24.0,,40.0,False,True,True,False,False,False,False,False,6105,ok
weather_20250609_0830_weather_forecast_9edb3591.pdf,2025-06-09,0830,weather_forecast,,24.0,,,False,False,False,False,False,False,False,True,7600,ok
weather_20250609_1400_weather_forecast_1d7c1c5c.pdf,2025-06-09,1400,weather_forecast,,24.0,100.0,50.0,True,True,True,False,False,False,False,False,7726,ok
weather_20250609_1500_strong_wind_dffb3e10.pdf,2025-06-09,1500,strong_wind,,,,,False,False,True,False,False,False,False,False,1284,ok
weather_20250609_1500_strong_wind_f7583000.pdf,2025-06-09,1500,strong_wind,Amber,,,,False,False,False,False,False,False,False,True,1107,ok
weather_20250609_1600_weather_forecast_484f682c.pdf,2025-06-09,1600,weather_forecast,,36.0,100.0,50.0,True,True,True,False,False,False,False,False,5180,ok
weather_20250610_0530_weather_forecast_984bd36c.pdf,2025-06-10,0530,weather_forecast,,24.0,,,False,True,False,False,False,False,False,False,7890,ok
weather_20250610_0700_weather_forecast_8552145b.pdf,2025-06-10,0700,weather_forecast,,,,,False,False,False,False,False,False,False,False,6372,ok
weather_20250610_1400_weather_forecast_53e1c900.pdf,2025-06-10,1400,weather_forecast,,24.0,,,False,True,False,False,False,False,False,False,7635,ok
weather_20250610_1430_strong_wind_a4f65ebf.pdf,2025-06-10,1430,strong_wind,Red,,,,False,False,False,False,False,False,False,True,2399,ok
weather_20250610_1600_weather_forecast_2ea1cae5.pdf,2025-06-10,1600,weather_forecast,,36.0,100.0,50.0,True,True,True,False,False,False,False,False,4760,ok
weather_20250610_1630_strong_wind_ee774003.pdf,2025-06-10,1630,strong_wind,Amber,,,60.0,False,False,True,False,False,False,False,False,3389,ok
weather_20250611_0530_heavy_rain_28ca5e88.pdf,2025-06-11,0530,heavy_rain,Amber,,100.0,,True,False,False,False,False,False,False,False,2236,ok
weather_20250611_0530_weather_forecast_9713eb26.pdf,2025-06-11,0530,weather_forecast,,24.0,,,False,True,False,False,False,False,False,False,6298,ok
weather_20250611_1400_weather_forecast_edeb0347.pdf,2025-06-11,1400,weather_forecast,,24.0,,,False,False,False,False,False,False,False,False,5817,ok
weather_20250611_1600_weather_forecast_bd215c03.pdf,2025-06-11,1600,weather_forecast,,36.0,100.0,60.0,True,True,True,False,False,False,False,False,4001,ok
weather_20250612_0530_weather_forecast_72f88fcb.pdf,2025-06-12,0530,weather_forecast,,24.0,,,False,False,False,False,False,False,False,False,5830,ok
weather_20250612_1400_weather_forecast_1fb37170.pdf,2025-06-12,1400,weather_forecast,,24.0,,,False,False,False,False,False,False,False,False,5903,ok
weather_20250612_1600_weather_forecast_2b421e3c.pdf,2025-06-12,1600,weather_forecast,,36.0,100.0,60.0,True,True,True,False,False,False,False,False,4037,ok
weather_20250613_0530_weather_forecast_cb1fddae.pdf,2025-06-13,0530,weather_forecast,,24.0,,,False,False,False,False,False,False,False,False,5959,ok
weather_20250613_1400_weather_forecast_247b1f18.pdf,2025-06-13,1400,weather_forecast,,,,,False,False,False,False,False,False,False,False,5222,ok
weather_20250613_1400_weather_forecast_9ff48a4c.pdf,2025-06-13,1400,weather_forecast,,24.0,,,False,False,False,False,False,False,False,False,5947,ok
weather_20250613_1600_weather_forecast_9ad31c8e.pdf,2025-06-13,1600,weather_forecast,,36.0,100.0,60.0,True,True,True,False,False,False,False,False,4039,ok
weather_20250614_0530_weather_forecast_d020421a.pdf,2025-06-14,0530,weather_forecast,,24.0,,,False,False,False,False,False,False,False,False,5956,ok
weather_20250614_0800_heavy_rain_63c3b612.pdf,2025-06-14,0800,heavy_rain,Amber,,100.0,,True,False,False,False,False,False,False,False,1445,ok
weather_20250614_0930_strong_wind_3196bb22.pdf,2025-06-14,0930,strong_wind,Amber,,,60.0,False,False,True,False,False,False,False,False,3347,ok
weather_20250614_1400_weather_forecast_77a66333.pdf,2025-06-14,1400,weather_forecast,,24.0,,,False,True,False,False,False,False,False,False,6247,ok
weather_20250614_1515_weather_forecast_2888673a.pdf,2025-06-14,1515,weather_forecast,,,,,False,False,False,False,False,False,False,False,5439,ok
weather_20250614_1600_weather_forecast_a3565a82.pdf,2025-06-14,1600,weather_forecast,,36.0,100.0,60.0,True,True,True,False,False,False,False,False,4339,ok
weather_20250615_0530_weather_forecast_489f494a.pdf,2025-06-15,0530,weather_forecast,,24.0,,,False,True,False,False,False,False,False,False,6224,ok
weather_20250615_0800_heavy_rain_d378eece.pdf,2025-06-15,0800,heavy_rain,Amber,,100.0,,True,False,False,False,False,False,False,False,2296,ok
weather_20250615_0930_strong_wind_b7f294ad.pdf,2025-06-15,0930,strong_wind,Amber,,,60.0,False,False,True,False,False,False,False,False,3347,ok
weather_20250615_1400_weather_forecast_2e6c5cc2.pdf,2025-06-15,1400,weather_forecast,,24.0,,,False,False,False,False,False,False,False,False,5672,ok
weather_20250615_1600_weather_forecast_44db6460.pdf,2025-06-15,1600,weather_forecast,,36.0,50.0,60.0,True,False,True,False,False,False,False,False,3845,ok
weather_20250615_1600_weather_forecast_4ec25bca.pdf,2025-06-15,1600,weather_forecast,,,,,False,False,False,False,False,False,False,False,1641,ok
weather_20250616_0530_weather_forecast_8a507327.pdf,2025-06-16,0530,weather_forecast,,24.0,,,False,False,False,False,False,False,False,False,5847,ok
weather_20250616_1400_weather_forecast_7ba9c02d.pdf,2025-06-16,1400,weather_forecast,,24.0,,,False,True,False,False,False,False,False,False,5990,ok
weather_20250616_1600_weather_forecast_557ea879.pdf,2025-06-16,1600,weather_forecast,,36.0,50.0,40.0,True,True,True,False,False,False,False,False,4429,ok
weather_20250617_0530_weather_forecast_b9d4dcac.pdf,2025-06-17,0530,weather_forecast,,24.0,,,False,True,False,False,False,False,False,False,5804,ok
weather_20250617_1400_weather_forecast_0d8f3de6.pdf,2025-06-17,1400,weather_forecast,,24.0,,,False,True,False,False,False,False,False,False,5718,ok
weather_20250617_1600_weather_forecast_a1ad485e.pdf,2025-06-17,1600,weather_forecast,,36.0,,40.0,False,True,True,False,False,False,False,False,5657,ok
weather_20250618_0530_weather_forecast_af203b69.pdf,2025-06-18,0530,weather_forecast,,24.0,,,False,True,False,False,False,False,False,False,5481,ok
weather_20250618_1400_weather_forecast_1965a809.pdf,2025-06-18,1400,weather_forecast,,24.0,,40.0,False,True,True,False,False,False,False,False,4249,ok
weather_20250618_1600_weather_forecast_13c29d29.pdf,2025-06-18,1600,weather_forecast,,36.0,,40.0,False,True,True,False,False,False,False,False,4051,ok
weather_20250619_0530_weather_forecast_9443f2bc.pdf,2025-06-19,0530,weather_forecast,,24.0,,40.0,False,True,True,False,False,False,False,False,4262,ok
weather_20250619_1400_weather_forecast_6928dd2f.pdf,2025-06-19,1400,weather_forecast,,24.0,,40.0,False,True,True,False,False,False,False,False,4207,ok
weather_20250619_1600_weather_forecast_fc4bef4a.pdf,2025-06-19,1600,weather_forecast,,36.0,,40.0,False,True,True,False,False,False,False,False,4025,ok
weather_20250620_0530_weather_forecast_cfceeb6b.pdf,2025-06-20,0530,weather_forecast,,24.0,,40.0,False,True,True,False,False,False,False,False,4217,ok
weather_20250620_1400_weather_forecast_a8ebd9c3.pdf,2025-06-20,1400,weather_forecast,,24.0,,40.0,False,True,True,False,False,False,False,False,4620,ok
weather_20250620_1600_weather_forecast_2bbb7f5a.pdf,2025-06-20,1600,weather_forecast,,36.0,,40.0,False,True,True,False,False,False,False,False,4158,ok
weather_20250621_0530_weather_forecast_b477e19e.pdf,2025-06-21,0530,weather_forecast,,24.0,,40.0,False,True,True,False,False,False,False,False,4466,ok
weather_20250621_1400_weather_forecast_5810875d.pdf,2025-06-21,1400,weather_forecast,,24.0,,40.0,False,True,True,False,False,False,False,False,4504,ok
weather_20250621_1600_weather_forecast_fa68d1ab.pdf,2025-06-21,1600,weather_forecast,,36.0,,40.0,False,True,True,False,False,False,False,False,3933,ok
weather_20250622_0530_weather_forecast_c5fff81a.pdf,2025-06-22,0530,weather_forecast,,24.0,,,False,True,False,False,False,False,False,False,5067,ok
weather_20250622_1400_weather_forecast_7bcf78b5.pdf,2025-06-22,1400,weather_forecast,,24.0,,40.0,False,True,True,False,False,False,False,False,4779,ok
weather_20250622_1600_weather_forecast_c6c536ab.pdf,2025-06-22,1600,weather_forecast,,36.0,,40.0,False,True,True,False,False,False,False,False,4025,ok
weather_20250623_0530_weather_forecast_888c9766.pdf,2025-06-23,0530,weather_forecast,,24.0,,40.0,False,True,True,False,False,False,False,False,4791,ok
weather_20250623_1400_weather_forecast_b82d7f7e.pdf,2025-06-23,1400,weather_forecast,,24.0,,40.0,False,True,True,False,False,False,False,False,4738,ok
weather_20250623_1600_weather_forecast_9af97c96.pdf,2025-06-23,1600,weather_forecast,,36.0,,40.0,False,True,True,False,False,False,False,False,4054,ok
weather_20250624_0530_weather_forecast_2cf0cb50.pdf,2025-06-24,0530,weather_forecast,,24.0,,40.0,False,True,True,False,False,False,False,False,4700,ok
weather_20250624_1400_weather_forecast_b161bf7c.pdf,2025-06-24,1400,weather_forecast,,24.0,,40.0,False,True,True,False,False,False,False,False,4762,ok
weather_20250624_1600_weather_forecast_a877282f.pdf,2025-06-24,1600,weather_forecast,,36.0,,40.0,False,True,True,False,False,False,False,False,4088,ok
weather_20250625_0530_weather_forecast_a5de8ce7.pdf,2025-06-25,0530,weather_forecast,,24.0,,40.0,False,True,True,False,False,False,False,False,5049,ok
weather_20250625_1400_weather_forecast_e5303f45.pdf,2025-06-25,1400,weather_forecast,,24.0,,40.0,False,True,True,False,False,False,False,False,5028,ok
weather_20250625_1600_weather_forecast_ead568b3.pdf,2025-06-25,1600,weather_forecast,,36.0,,40.0,False,True,True,False,False,False,False,False,4084,ok
weather_20250626_0530_weather_forecast_7a71fed9.pdf,2025-06-26,0530,weather_forecast,,24.0,50.0,40.0,True,True,True,False,False,False,False,False,5170,ok
weather_20250626_1400_weather_forecast_0ef68d33.pdf,2025-06-26,1400,weather_forecast,,24.0,50.0,40.0,True,True,True,False,False,False,False,False,5073,ok
weather_20250626_1600_weather_forecast_35f8773b.pdf,2025-06-26,1600,weather_forecast,,36.0,50.0,40.0,True,True,True,False,False,False,False,False,4282,ok
weather_20250627_0530_weather_forecast_b49040ea.pdf,2025-06-27,0530,weather_forecast,,24.0,50.0,40.0,True,True,True,False,False,False,False,False,5130,ok
weather_20250627_1400_weather_forecast_55b316c0.pdf,2025-06-27,1400,weather_forecast,,24.0,,,False,True,False,False,False,False,False,False,5332,ok
weather_20250627_1600_weather_forecast_c3d1871b.pdf,2025-06-27,1600,weather_forecast,,36.0,75.0,40.0,True,True,True,False,False,False,False,False,4331,ok
weather_20250628_0530_weather_forecast_42e4ee58.pdf,2025-06-28,0530,weather_forecast,,24.0,,,False,True,False,False,False,False,False,False,5275,ok
weather_20250628_1400_weather_forecast_504b5440.pdf,2025-06-28,1400,weather_forecast,,24.0,,,False,True,False,False,False,False,False,False,4997,ok
weather_20250628_1600_weather_forecast_de49ffa3.pdf,2025-06-28,1600,weather_forecast,,36.0,,40.0,False,True,True,False,False,False,False,False,4005,ok
weather_20250629_0530_weather_forecast_85fd9b17.pdf,2025-06-29,0530,weather_forecast,,24.0,,,False,True,False,False,False,False,False,False,5085,ok
weather_20250629_1400_weather_forecast_256195bd.pdf,2025-06-29,1400,weather_forecast,,24.0,,,False,True,False,False,False,False,False,False,5071,ok
weather_20250630_0530_weather_forecast_c761fe70.pdf,2025-06-30,0530,weather_forecast,,24.0,,,False,True,False,False,False,False,False,False,5028,ok
weather_20250630_1600_weather_forecast_9e17ebb4.pdf,2025-06-30,1600,weather_forecast,,36.0,,40.0,False,True,True,False,False,False,False,False,3870,ok
weather_20250701_0530_weather_forecast_fda39798.pdf,2025-07-01,0530,weather_forecast,,24.0,,40.0,False,True,True,False,False,False,False,False,4205,ok
weather_20250701_1400_weather_forecast_39dde30e.pdf,2025-07-01,1400,weather_forecast,,24.0,,40.0,False,False,True,False,False,False,False,False,3959,ok
weather_20250701_1600_weather_forecast_3e7976f1.pdf,2025-07-01,1600,weather_forecast,,36.0,,40.0,False,False,True,False,False,False,False,False,3385,ok
weather_20250702_0530_weather_forecast_e883967e.pdf,2025-07-02,0530,weather_forecast,,24.0,,40.0,False,False,True,False,False,False,False,False,3986,ok
weather_20250702_1400_weather_forecast_9eedc152.pdf,2025-07-02,1400,weather_forecast,,24.0,,40.0,False,True,True,False,False,False,False,False,4489,ok
weather_20250702_1600_weather_forecast_f93d7a23.pdf,2025-07-02,1600,weather_forecast,,36.0,,40.0,False,True,True,False,False,False,False,False,4063,ok
weather_20250703_0530_weather_forecast_d7baef61.pdf,2025-07-03,0530,weather_forecast,,24.0,,40.0,False,True,True,False,False,False,False,False,4458,ok
weather_20250703_1400_weather_forecast_9af6ba1f.pdf,2025-07-03,1400,weather_forecast,,24.0,,40.0,False,True,True,False,False,False,False,False,4505,ok
weather_20250703_1600_weather_forecast_a47e817b.pdf,2025-07-03,1600,weather_forecast,,36.0,,40.0,False,True,True,False,False,False,False,False,4041,ok
weather_20250704_0530_weather_forecast_72f08961.pdf,2025-07-04,0530,weather_forecast,,24.0,,40.0,False,True,True,False,False,False,False,False,4586,ok
weather_20250704_1400_weather_forecast_5bdf7156.pdf,2025-07-04,1400,weather_forecast,,24.0,,40.0,False,True,True,False,False,False,False,False,4560,ok
weather_20250704_1600_weather_forecast_d4075841.pdf,2025-07-04,1600,weather_forecast,,36.0,,40.0,False,True,True,False,False,False,False,False,4110,ok
weather_20250705_0530_weather_forecast_20cf24ca.pdf,2025-07-05,0530,weather_forecast,,24.0,,40.0,False,True,True,False,False,False,False,False,4523,ok
weather_20250705_1400_weather_forecast_3b0ba775.pdf,2025-07-05,1400,weather_forecast,,24.0,,,False,True,False,False,False,False,False,False,5134,ok
weather_20250705_1600_weather_forecast_4fbf3b69.pdf,2025-07-05,1600,weather_forecast,,36.0,,45.0,False,True,True,False,False,False,False,False,4093,ok
weather_20250706_0530_weather_forecast_a35609c5.pdf,2025-07-06,0530,weather_forecast,,24.0,,,False,True,False,False,False,False,False,False,5065,ok
weather_20250706_0700_weather_forecast_24320bfb.pdf,2025-07-06,0700,weather_forecast,,24.0,,75.0,False,True,True,False,False,False,False,False,6458,ok
weather_20250706_1400_weather_forecast_b602fdef.pdf,2025-07-06,1400,weather_forecast,,24.0,,,False,True,False,False,False,False,False,False,5114,ok
weather_20250706_1600_weather_forecast_b587df48.pdf,2025-07-06,1600,weather_forecast,,36.0,,50.0,False,True,True,False,False,False,False,False,4181,ok
weather_20250707_0530_weather_forecast_61732d92.pdf,2025-07-07,0530,weather_forecast,,24.0,,,False,True,False,False,False,False,False,False,5123,ok
weather_20250707_0700_weather_forecast_ed139005.pdf,2025-07-07,0700,weather_forecast,,24.0,,70.0,False,True,True,False,False,False,False,False,6654,ok
weather_20250707_1400_weather_forecast_8b51473a.pdf,2025-07-07,1400,weather_forecast,,24.0,,,False,False,False,False,False,False,False,False,4532,ok
weather_20250707_1600_weather_forecast_8ce5941b.pdf,2025-07-07,1600,weather_forecast,,36.0,,50.0,False,False,True,False,False,False,False,False,3436,ok
weather_20250708_0530_weather_forecast_d6848f30.pdf,2025-07-08,0530,weather_forecast,,24.0,,,False,False,False,False,False,False,False,False,4470,ok
weather_20250708_1400_weather_forecast_02ff7497.pdf,2025-07-08,1400,weather_forecast,,24.0,,40.0,False,False,True,False,False,False,False,False,3981,ok
weather_20250708_1600_weather_forecast_e4b2e35e.pdf,2025-07-08,1600,weather_forecast,,36.0,,40.0,False,False,True,False,False,False,False,False,3412,ok
weather_20250709_0530_weather_forecast_8c1773a4.pdf,2025-07-09,0530,weather_forecast,,24.0,,40.0,False,False,True,False,False,False,False,False,3959,ok
weather_20250709_1400_weather_forecast_841d2d69.pdf,2025-07-09,1400,weather_forecast,,24.0,,,False,True,False,False,False,False,False,False,4940,ok
weather_20250709_1600_weather_forecast_b9aeb681.pdf,2025-07-09,1600,weather_forecast,,36.0,,40.0,False,True,True,False,False,False,False,False,4197,ok
weather_20250710_0530_weather_forecast_2ff3b820.pdf,2025-07-10,0530,weather_forecast,,24.0,,,False,True,False,False,False,False,False,False,4865,ok
weather_20250710_1400_weather_forecast_a7098b86.pdf,2025-07-10,1400,weather_forecast,,24.0,,40.0,False,True,True,False,False,False,False,False,5210,ok
weather_20250710_1600_weather_forecast_b4d45850.pdf,2025-07-10,1600,weather_forecast,,36.0,,40.0,False,True,True,False,False,False,False,False,4230,ok
weather_20250711_0530_weather_forecast_18dcee52.pdf,2025-07-11,0530,weather_forecast,,24.0,,40.0,False,True,True,False,False,False,False,False,5195,ok
weather_20250711_1400_weather_forecast_28b6afa8.pdf,2025-07-11,1400,weather_forecast,,24.0,,40.0,False,True,True,False,False,False,False,False,5153,ok
weather_20250711_1600_weather_forecast_1f88882b.pdf,2025-07-11,1600,weather_forecast,,36.0,,40.0,False,True,True,False,False,False,False,False,4210,ok
weather_20250712_0530_weather_forecast_881da3f6.pdf,2025-07-12,0530,weather_forecast,,24.0,,40.0,False,True,True,False,False,False,False,False,5191,ok
weather_20250712_1400_weather_forecast_d17c898e.pdf,2025-07-12,1400,weather_forecast,,24.0,,50.0,False,True,True,False,False,False,False,False,5256,ok
weather_20250712_1600_weather_forecast_9c0b030a.pdf,2025-07-12,1600,weather_forecast,,36.0,,50.0,False,True,True,False,False,False,False,False,3984,ok
weather_20250713_0530_weather_forecast_59d432a4.pdf,2025-07-13,0530,weather_forecast,,24.0,,50.0,False,True,True,False,False,False,False,False,6188,ok
weather_20250713_1400_weather_forecast_c4b2e8ce.pdf,2025-07-13,1400,weather_forecast,,24.0,,50.0,False,True,True,False,False,False,False,False,6177,ok
weather_20250713_1600_weather_forecast_5177609c.pdf,2025-07-13,1600,weather_forecast,,36.0,,50.0,False,True,True,False,False,False,False,False,3948,ok
weather_20250714_0530_weather_forecast_151bfa0d.pdf,2025-07-14,0530,weather_forecast,,24.0,,50.0,False,True,True,False,False,False,False,False,5863,ok
weather_20250714_1400_weather_forecast_acdb5bb8.pdf,2025-07-14,1400,weather_forecast,,24.0,,50.0,False,True,True,False,False,False,False,False,5989,ok
weather_20250714_1600_weather_forecast_65dcf6ac.pdf,2025-07-14,1600,weather_forecast,,36.0,,50.0,False,True,True,False,False,False,False,False,4074,ok
weather_20250715_0530_weather_forecast_f0b2784e.pdf,2025-07-15,0530,weather_forecast,,24.0,,50.0,False,True,True,False,False,False,False,False,5744,ok
weather_20250715_1400_weather_forecast_b01bb498.pdf,2025-07-15,1400,weather_forecast,,24.0,,50.0,False,True,True,False,False,False,False,False,5768,ok
weather_20250715_1600_weather_forecast_2eceb622.pdf,2025-07-15,1600,weather_forecast,,36.0,,50.0,False,True,True,False,False,False,False,False,4344,ok
weather_20250716_0530_weather_forecast_405d3eef.pdf,2025-07-16,0530,weather_forecast,,24.0,,50.0,False,True,True,False,False,False,False,False,5779,ok
weather_20250716_1000_strong_wind_7e21bc0a.pdf,2025-07-16,1000,strong_wind,,,,,False,False,True,False,False,False,False,False,1460,ok
weather_20250716_1000_strong_wind_cd6ebdd4.pdf,2025-07-16,1000,strong_wind,Amber,,,,False,False,False,False,False,False,False,True,1269,ok
weather_20250716_1400_weather_forecast_74e890fc.pdf,2025-07-16,1400,weather_forecast,,24.0,,50.0,False,True,True,False,False,False,False,False,5981,ok
weather_20250716_1600_weather_forecast_8bb8308b.pdf,2025-07-16,1600,weather_forecast,,36.0,,50.0,False,True,True,False,False,False,False,False,4236,ok
weather_20250717_0530_weather_forecast_131683c6.pdf,2025-07-17,0530,weather_forecast,,24.0,,50.0,False,True,True,False,False,False,False,False,6088,ok
weather_20250717_1400_weather_forecast_d511c8ba.pdf,2025-07-17,1400,weather_forecast,,24.0,50.0,50.0,True,True,True,False,False,False,False,False,6213,ok
weather_20250717_1600_weather_forecast_235126af.pdf,2025-07-17,1600,weather_forecast,,36.0,50.0,50.0,True,True,True,False,False,False,False,False,4339,ok
weather_20250718_0530_weather_forecast_bdfbefca.pdf,2025-07-18,0530,weather_forecast,,24.0,50.0,50.0,True,True,True,False,False,False,False,False,6192,ok
weather_20250718_1000_strong_wind_21765c65.pdf,2025-07-18,1000,strong_wind,Amber,,,60.0,False,False,True,False,False,False,False,False,3254,ok
weather_20250718_1400_weather_forecast_7fde0bab.pdf,2025-07-18,1400,weather_forecast,,24.0,75.0,60.0,True,False,True,False,False,False,False,False,6183,ok
weather_20250718_1600_weather_forecast_c63564b8.pdf,2025-07-18,1600,weather_forecast,,36.0,75.0,60.0,True,False,True,False,False,False,False,False,4054,ok
weather_20250719_0530_weather_forecast_ae383186.pdf,2025-07-19,0530,weather_forecast,,24.0,75.0,60.0,True,False,True,False,False,False,False,False,6121,ok
weather_20250719_1000_strong_wind_d9e224c8.pdf,2025-07-19,1000,strong_wind,Amber,,,60.0,False,False,True,False,False,False,False,False,3252,ok
weather_20250719_1400_weather_forecast_da7fbcca.pdf,2025-07-19,1400,weather_forecast,,24.0,75.0,60.0,True,False,True,False,False,False,False,False,6122,ok
weather_20250719_1600_weather_forecast_f8d626fd.pdf,2025-07-19,1600,weather_forecast,,36.0,75.0,60.0,True,False,True,False,False,False,False,False,3983,ok
weather_20250720_0530_weather_forecast_45b7586f.pdf,2025-07-20,0530,weather_forecast,,24.0,75.0,60.0,True,False,True,False,False,False,False,False,6200,ok
weather_20250720_1000_strong_wind_c8dd8b24.pdf,2025-07-20,1000,strong_wind,Amber,,,60.0,False,False,True,False,False,False,False,False,3254,ok
weather_20250720_1400_weather_forecast_c2576275.pdf,2025-07-20,1400,weather_forecast,,24.0,75.0,60.0,True,False,True,False,False,False,False,False,6285,ok
weather_20250720_1600_weather_forecast_da3bc327.pdf,2025-07-20,1600,weather_forecast,,36.0,75.0,60.0,True,False,True,False,False,False,False,False,4065,ok
weather_20250721_0530_weather_forecast_43eace1b.pdf,2025-07-21,0530,weather_forecast,,24.0,75.0,50.0,True,False,True,False,False,False,False,False,6339,ok
weather_20250721_1100_strong_wind_01940246.pdf,2025-07-21,1100,strong_wind,Amber,,,60.0,False,False,True,False,False,False,False,False,3356,ok
weather_20250721_1400_weather_forecast_9ab34760.pdf,2025-07-21,1400,weather_forecast,,24.0,75.0,60.0,True,False,True,False,False,False,False,False,6516,ok
weather_20250721_1600_weather_forecast_5a12e35e.pdf,2025-07-21,1600,weather_forecast,,36.0,75.0,60.0,True,False,True,False,False,False,False,False,4115,ok
weather_20250722_0530_weather_forecast_f01dab7a.pdf,2025-07-22,0530,weather_forecast,,24.0,75.0,60.0,True,False,True,False,False,False,False,False,6537,ok
weather_20250722_0700_weather_forecast_dd377ab6.pdf,2025-07-22,0700,weather_forecast,,24.0,,,False,False,False,False,False,False,False,True,7383,ok
weather_20250722_1100_strong_wind_1e7303c3.pdf,2025-07-22,1100,strong_wind,Amber,,,60.0,False,False,True,False,False,False,False,False,3362,ok
weather_20250722_1400_weather_forecast_a8cfe376.pdf,2025-07-22,1400,weather_forecast,,24.0,75.0,60.0,True,False,True,False,False,False,False,False,6514,ok
weather_20250722_1600_weather_forecast_0c15d9d0.pdf,2025-07-22,1600,weather_forecast,,36.0,75.0,60.0,True,False,True,False,False,False,False,False,4062,ok
weather_20250723_0530_weather_forecast_487f99bf.pdf,2025-07-23,0530,weather_forecast,,24.0,,60.0,False,False,True,False,False,False,False,False,5689,ok
weather_20250723_1100_strong_wind_7487d978.pdf,2025-07-23,1100,strong_wind,Amber,,,60.0,False,False,True,False,False,False,False,False,3422,ok
weather_20250723_1400_weather_forecast_b30388b7.pdf,2025-07-23,1400,weather_forecast,,24.0,,60.0,False,False,True,False,False,False,False,False,5676,ok
weather_20250723_1600_weather_forecast_d770aa0d.pdf,2025-07-23,1600,weather_forecast,,36.0,,60.0,False,False,True,False,False,False,False,False,3757,ok
weather_20250724_0530_weather_forecast_88570e96.pdf,2025-07-24,0530,weather_forecast,,24.0,,60.0,False,False,True,False,False,False,False,False,5609,ok
weather_20250724_1030_strong_wind_37a933fa.pdf,2025-07-24,1030,strong_wind,Amber,,,60.0,False,False,True,False,False,False,False,False,3458,ok
weather_20250724_1400_weather_forecast_0f8fbfb4.pdf,2025-07-24,1400,weather_forecast,,24.0,,60.0,False,False,True,False,False,False,False,False,5623,ok
weather_20250724_1600_weather_forecast_d0e7267f.pdf,2025-07-24,1600,weather_forecast,,36.0,,60.0,False,False,True,False,False,False,False,False,3778,ok
weather_20250725_0530_weather_forecast_a05ec4fa.pdf,2025-07-25,0530,weather_forecast,,24.0,,60.0,False,False,True,False,False,False,False,False,5630,ok
weather_20250725_0700_weather_forecast_56d93369.pdf,2025-07-25,0700,weather_forecast,,,,,False,False,False,False,False,False,False,False,3552,ok
weather_20250725_1030_strong_wind_988b0831.pdf,2025-07-25,1030,strong_wind,Amber,,,60.0,False,False,True,False,False,False,False,False,5523,ok
weather_20250725_1400_weather_forecast_56fd81be.pdf,2025-07-25,1400,weather_forecast,,24.0,,50.0,False,False,True,False,False,False,False,False,5077,ok
weather_20250725_1600_weather_forecast_9f557344.pdf,2025-07-25,1600,weather_forecast,,36.0,,55.0,False,False,True,False,False,False,False,False,3343,ok
weather_20250726_0530_weather_forecast_63f544a0.pdf,2025-07-26,0530,weather_forecast,,24.0,,50.0,False,False,True,False,False,False,False,False,4117,ok
weather_20250726_1030_strong_wind_cb50473e.pdf,2025-07-26,1030,strong_wind,Amber,,,55.0,False,False,True,False,False,False,False,False,3421,ok
weather_20250726_1400_weather_forecast_13877526.pdf,2025-07-26,1400,weather_forecast,,24.0,,50.0,False,False,True,False,False,False,False,False,3987,ok
weather_20250726_1600_weather_forecast_549d7615.pdf,2025-07-26,1600,weather_forecast,,36.0,,50.0,False,False,True,False,False,False,False,False,3299,ok
weather_20250727_0530_weather_forecast_2b7feca1.pdf,2025-07-27,0530,weather_forecast,,24.0,,50.0,False,False,True,False,False,False,False,False,3349,ok
weather_20250727_1400_weather_forecast_a4caf396.pdf,2025-07-27,1400,weather_forecast,,24.0,,40.0,False,True,True,False,False,False,False,False,3932,ok
weather_20250727_1600_weather_forecast_cafb287c.pdf,2025-07-27,1600,weather_forecast,,36.0,,40.0,False,True,True,False,False,False,False,False,4162,ok
weather_20250728_0530_weather_forecast_4b184761.pdf,2025-07-28,0530,weather_forecast,,24.0,,40.0,False,False,True,False,False,False,False,False,3189,ok
weather_20250728_1400_weather_forecast_0484f99d.pdf,2025-07-28,1400,weather_forecast,,24.0,,40.0,False,True,True,False,False,False,False,False,3584,ok
weather_20250728_1600_weather_forecast_ad116c73.pdf,2025-07-28,1600,weather_forecast,,36.0,,40.0,False,True,True,False,False,False,False,False,3915,ok
weather_20250729_0530_weather_forecast_88c1ba57.pdf,2025-07-29,0530,weather_forecast,,24.0,,40.0,False,True,True,False,False,False,False,False,3594,ok
weather_20250729_1400_weather_forecast_7b4894e3.pdf,2025-07-29,1400,weather_forecast,,24.0,,40.0,False,True,True,False,False,False,False,False,4340,ok
weather_20250729_1600_weather_forecast_23359277.pdf,2025-07-29,1600,weather_forecast,,36.0,,40.0,False,True,True,False,False,False,False,False,4081,ok
weather_20250730_0530_weather_forecast_0e44a6ef.pdf,2025-07-30,0530,weather_forecast,,24.0,,40.0,False,True,True,False,False,False,False,False,4335,ok
weather_20250730_1600_weather_forecast_265ccebd.pdf,2025-07-30,1600,weather_forecast,,36.0,,40.0,False,True,True,False,False,False,False,False,4513,ok
weather_20250731_0530_weather_forecast_0f3ca1d4.pdf,2025-07-31,0530,weather_forecast,,24.0,,,False,True,False,False,False,False,False,False,4114,ok
weather_20250731_1400_weather_forecast_3b7104ea.pdf,2025-07-31,1400,weather_forecast,,24.0,,,False,True,False,False,False,False,False,False,3986,ok
weather_20250731_1600_weather_forecast_5fa30d91.pdf,2025-07-31,1600,weather_forecast,,36.0,75.0,,True,True,False,False,False,False,False,False,4475,ok
weather_20250801_0530_weather_forecast_0e4215a0.pdf,2025-08-01,0530,weather_forecast,,24.0,,,False,True,False,False,False,False,False,False,3798,ok
weather_20250801_1230_thunderstorm_f31efff3.pdf,2025-08-01,1230,thunderstorm,Amber,,,,False,True,False,False,False,False,False,False,3131,ok
weather_20250801_1400_weather_forecast_6d62aad4.pdf,2025-08-01,1400,weather_forecast,,24.0,,,False,True,False,False,False,False,False,False,6939,ok
weather_20250801_1600_weather_forecast_1ddfc765.pdf,2025-08-01,1600,weather_forecast,,36.0,75.0,,True,True,False,False,False,False,False,False,4479,ok
weather_20250802_0530_weather_forecast_b789edc5.pdf,2025-08-02,0530,weather_forecast,,24.0,,,False,True,False,False,False,False,False,False,3789,ok
weather_20250802_1200_thunderstorm_017da5dc.pdf,2025-08-02,1200,thunderstorm,Amber,,,,False,True,False,False,False,False,False,False,3132,ok
weather_20250802_1400_weather_forecast_a2624f9b.pdf,2025-08-02,1400,weather_forecast,,24.0,,,False,True,False,False,False,False,False,False,3740,ok
weather_20250802_1600_weather_forecast_064c8d6b.pdf,2025-08-02,1600,weather_forecast,,36.0,75.0,,True,True,False,False,False,False,False,False,4189,ok
weather_20250803_0530_weather_forecast_ccbcc1be.pdf,2025-08-03,0530,weather_forecast,,24.0,,,False,True,False,False,False,False,False,False,3890,ok
weather_20250803_1400_weather_forecast_e6bc0901.pdf,2025-08-03,1400,weather_forecast,,24.0,,,False,True,False,False,False,False,False,False,4215,ok
weather_20250803_1600_weather_forecast_a1307897.pdf,2025-08-03,1600,weather_forecast,,36.0,75.0,,True,True,False,False,False,False,False,False,4244,ok
weather_20250804_0530_weather_forecast_457c2025.pdf,2025-08-04,0530,weather_forecast,,24.0,,,False,True,False,False,False,False,False,False,4268,ok
weather_20250804_1200_thunderstorm_3394fa5e.pdf,2025-08-04,1200,thunderstorm,Amber,,,,False,True,False,False,False,False,False,False,3023,ok
weather_20250804_1400_weather_forecast_74fa1130.pdf,2025-08-04,1400,weather_forecast,,24.0,,,False,True,False,False,False,False,False,False,4310,ok
weather_20250804_1600_weather_forecast_7597b1b8.pdf,2025-08-04,1600,weather_forecast,,36.0,50.0,,True,True,False,False,False,False,False,False,4426,ok
weather_20250805_0530_weather_forecast_f79ca520.pdf,2025-08-05,0530,weather_forecast,,24.0,,,False,True,False,False,False,False,False,False,5115,ok
weather_20250805_1600_weather_forecast_8d864f73.pdf,2025-08-05,1600,weather_forecast,,36.0,,,False,True,False,False,False,False,False,False,3917,ok
weather_20250805_1600_weather_forecast_ffdf8493.pdf,2025-08-05,1600,weather_forecast,,24.0,,,False,True,False,False,False,False,False,False,4141,ok
weather_20250806_0530_weather_forecast_afe9a53c.pdf,2025-08-06,0530,weather_forecast,,24.0,,,False,True,False,False,False,False,False,False,4204,ok
weather_20250806_1400_weather_forecast_f1892b2c.pdf,2025-08-06,1400,weather_forecast,,24.0,,,False,True,False,False,False,False,False,False,4377,ok
weather_20250806_1600_weather_forecast_409fd7dc.pdf,2025-08-06,1600,weather_forecast,,36.0,,,False,True,False,False,False,False,False,False,3892,ok
weather_20250807_0530_weather_forecast_8e52388d.pdf,2025-08-07,0530,weather_forecast,,24.0,,,False,True,False,False,False,False,False,False,3714,ok
weather_20250807_1400_weather_forecast_7c1394ef.pdf,2025-08-07,1400,weather_forecast,,24.0,,,False,True,False,False,False,False,False,False,4037,ok
weather_20250807_1600_weather_forecast_be0ed951.pdf,2025-08-07,1600,weather_forecast,,36.0,,,False,True,False,False,False,False,False,False,3705,ok
weather_20250808_0530_weather_forecast_afe5aac8.pdf,2025-08-08,0530,weather_forecast,,24.0,,,False,True,False,False,False,False,False,False,3772,ok
weather_20250808_1400_weather_forecast_51b6b294.pdf,2025-08-08,1400,weather_forecast,,24.0,,,False,False,False,False,False,False,False,False,3296,ok
weather_20250808_1600_weather_forecast_18372b9f.pdf,2025-08-08,1600,weather_forecast,,36.0,,,False,True,False,False,False,False,False,False,3659,ok
weather_20250809_0530_weather_forecast_f65e7350.pdf,2025-08-09,0530,weather_forecast,,24.0,,,False,False,False,False,False,False,False,False,3326,ok
weather_20250809_1400_weather_forecast_1f743ca4.pdf,2025-08-09,1400,weather_forecast,,24.0,,,False,True,False,False,False,False,False,False,3470,ok
weather_20250809_1600_weather_forecast_a2e869a3.pdf,2025-08-09,1600,weather_forecast,,36.0,,,False,True,False,False,False,False,False,False,4026,ok
weather_20250810_0530_weather_forecast_7baf53a5.pdf,2025-08-10,0530,weather_forecast,,24.0,,,False,True,False,False,False,False,False,False,3513,ok
weather_20250810_1400_weather_forecast_231c8454.pdf,2025-08-10,1400,weather_forecast,,24.0,,,False,True,False,False,False,False,False,False,3487,ok
weather_20250810_1600_weather_forecast_ed24c58f.pdf,2025-08-10,1600,weather_forecast,,36.0,,,False,True,False,False,False,False,False,False,3820,ok
weather_20250811_0530_weather_forecast_67b84884.pdf,2025-08-11,0530,weather_forecast,,24.0,,,False,True,False,False,False,False,False,False,3512,ok
weather_20250811_1400_weather_forecast_3b95a2f6.pdf,2025-08-11,1400,weather_forecast,,24.0,,40.0,False,True,True,False,False,False,False,False,3983,ok
weather_20250811_1600_weather_forecast_eb68131e.pdf,2025-08-11,1600,weather_forecast,,36.0,,40.0,False,True,True,False,False,False,False,False,4102,ok
weather_20250812_0530_weather_forecast_ea3122f7.pdf,2025-08-12,0530,weather_forecast,,24.0,,40.0,False,True,True,False,False,False,False,False,4623,ok
weather_20250812_1400_weather_forecast_7b14f404.pdf,2025-08-12,1400,weather_forecast,,24.0,75.0,40.0,True,True,True,False,False,False,False,False,4677,ok
weather_20250812_1600_weather_forecast_b9d3b1cc.pdf,2025-08-12,1600,weather_forecast,,36.0,75.0,50.0,True,True,True,False,False,False,False,False,4207,ok
weather_20250813_0530_weather_forecast_8ddee004.pdf,2025-08-13,0530,weather_forecast,,24.0,50.0,50.0,True,True,True,False,False,False,False,False,4892,ok
weather_20250813_1400_weather_forecast_cc9f7589.pdf,2025-08-13,1400,weather_forecast,,24.0,,40.0,False,True,True,False,False,False,False,False,4144,ok
weather_20250813_1600_weather_forecast_f74697b2.pdf,2025-08-13,1600,weather_forecast,,36.0,,40.0,False,True,True,False,False,False,False,False,3758,ok
weather_20250814_0530_weather_forecast_472a1b5c.pdf,2025-08-14,0530,weather_forecast,,24.0,,40.0,False,True,True,False,False,False,False,False,4116,ok
weather_20250814_1600_weather_forecast_2e4f79f9.pdf,2025-08-14,1600,weather_forecast,,36.0,,40.0,False,False,True,False,False,False,False,False,3431,ok
weather_20250815_0530_weather_forecast_6676e5ab.pdf,2025-08-15,0530,weather_forecast,,24.0,,40.0,False,True,True,False,False,False,False,False,4116,ok
weather_20250815_1400_weather_forecast_1610182c.pdf,2025-08-15,1400,weather_forecast,,24.0,,40.0,False,False,True,False,False,False,False,False,4128,ok
weather_20250815_1600_weather_forecast_491975a2.pdf,2025-08-15,1600,weather_forecast,,36.0,,40.0,False,False,True,False,False,False,False,False,3535,ok
weather_20250816_0530_weather_forecast_c77f8fe8.pdf,2025-08-16,0530,weather_forecast,,24.0,,50.0,False,False,True,False,False,False,False,False,4121,ok
weather_20250816_1400_weather_forecast_3ca534d9.pdf,2025-08-16,1400,weather_forecast,,24.0,,50.0,False,False,True,False,False,False,False,False,4004,ok
weather_20250816_1600_weather_forecast_82cf6190.pdf,2025-08-16,1600,weather_forecast,,36.0,,50.0,False,False,True,False,False,False,False,False,3461,ok
weather_20250817_0530_weather_forecast_8e99d20b.pdf,2025-08-17,0530,weather_forecast,,24.0,,50.0,False,False,True,False,False,False,False,False,4089,ok
weather_20250817_1400_weather_forecast_0f6ae8b6.pdf,2025-08-17,1400,weather_forecast,,24.0,,50.0,False,False,True,False,False,False,False,False,4153,ok
weather_20250817_1600_weather_forecast_38f7b232.pdf,2025-08-17,1600,weather_forecast,,36.0,,50.0,False,False,True,False,False,False,False,False,3538,ok
weather_20250818_0530_weather_forecast_32655d43.pdf,2025-08-18,0530,weather_forecast,,24.0,,50.0,False,False,True,False,False,False,False,False,3930,ok
weather_20250818_1400_weather_forecast_00258d5f.pdf,2025-08-18,1400,weather_forecast,,24.0,,40.0,False,False,True,False,False,False,False,False,3841,ok
weather_20250818_1600_weather_forecast_3643d723.pdf,2025-08-18,1600,weather_forecast,,36.0,,40.0,False,False,True,False,False,False,False,False,3518,ok
weather_20250819_0530_weather_forecast_da59f84f.pdf,2025-08-19,0530,weather_forecast,,24.0,,40.0,False,False,True,False,False,False,False,False,3794,ok
weather_20250819_1400_weather_forecast_158773a5.pdf,2025-08-19,1400,weather_forecast,,24.0,,40.0,False,False,True,False,False,False,False,False,3618,ok
weather_20250819_1600_weather_forecast_15de924d.pdf,2025-08-19,1600,weather_forecast,,36.0,,40.0,False,False,True,False,False,False,False,False,3205,ok
weather_20250820_0530_weather_forecast_367d8f81.pdf,2025-08-20,0530,weather_forecast,,24.0,,40.0,False,False,True,False,False,False,False,False,3167,ok
weather_20250820_1400_weather_forecast_396f2bff.pdf,2025-08-20,1400,weather_forecast,,24.0,,,False,True,False,False,False,False,False,False,3488,ok
weather_20250820_1600_weather_forecast_ec790c43.pdf,2025-08-20,1600,weather_forecast,,36.0,,,False,True,False,False,False,False,False,False,5185,ok
weather_20250821_0530_weather_forecast_2e4e7cdb.pdf,2025-08-21,0530,weather_forecast,,24.0,,,False,True,False,False,False,False,False,False,3300,ok
weather_20250821_1400_weather_forecast_7987f8da.pdf,2025-08-21,1400,weather_forecast,,24.0,50.0,,True,True,False,False,False,False,False,False,3492,ok
weather_20250821_1600_weather_forecast_e8ed9672.pdf,2025-08-21,1600,weather_forecast,,36.0,50.0,,True,True,False,False,False,False,False,False,4167,ok
weather_20250822_0530_weather_forecast_1409dfb3.pdf,2025-08-22,0530,weather_forecast,,24.0,50.0,,True,True,False,False,False,False,False,False,3737,ok
weather_20250822_1400_weather_forecast_ac5aefae.pdf,2025-08-22,1400,weather_forecast,,24.0,50.0,,True,True,False,False,False,False,False,False,3346,ok
weather_20250822_1600_weather_forecast_1d99b8d1.pdf,2025-08-22,1600,weather_forecast,,,,,False,False,False,False,False,False,False,True,7323,ok
weather_20250822_1600_weather_forecast_2feff096.pdf,2025-08-22,1600,weather_forecast,,36.0,50.0,,True,True,False,False,False,False,False,False,4202,ok
weather_20250823_0530_weather_forecast_8f604889.pdf,2025-08-23,0530,weather_forecast,,24.0,50.0,,True,True,False,False,False,False,False,False,3369,ok
weather_20250823_1400_weather_forecast_1a10451a.pdf,2025-08-23,1400,weather_forecast,,24.0,,,False,True,False,False,False,False,False,False,6705,ok
weather_20250823_1600_weather_forecast_8faf0adb.pdf,2025-08-23,1600,weather_forecast,,36.0,,,False,True,False,False,False,False,False,False,3686,ok
weather_20250824_0530_weather_forecast_399fa781.pdf,2025-08-24,0530,weather_forecast,,24.0,,,False,True,False,False,False,False,False,False,3532,ok
weather_20250824_1400_weather_forecast_fc9bf7ae.pdf,2025-08-24,1400,weather_forecast,,24.0,,,False,True,False,False,False,False,False,False,3440,ok
weather_20250824_1600_weather_forecast_1808d9db.pdf,2025-08-24,1600,weather_forecast,,36.0,,,False,True,False,False,False,False,False,False,3745,ok
weather_20250825_0530_weather_forecast_167f65e0.pdf,2025-08-25,0530,weather_forecast,,24.0,,,False,True,False,False,False,False,False,False,3290,ok
weather_20250825_1400_weather_forecast_5fc647b0.pdf,2025-08-25,1400,weather_forecast,,24.0,,,False,True,False,False,False,False,False,False,3421,ok
weather_20250825_1600_weather_forecast_e0820b1a.pdf,2025-08-25,1600,weather_forecast,,36.0,,,False,True,False,False,False,False,False,False,3505,ok
weather_20250826_0530_weather_forecast_2fe67f58.pdf,2025-08-26,0530,weather_forecast,,24.0,,,False,True,False,False,False,False,False,False,3426,ok
weather_20250826_1400_weather_forecast_4ea0add9.pdf,2025-08-26,1400,weather_forecast,,24.0,,40.0,False,True,True,False,False,False,False,False,3878,ok
weather_20250826_1600_weather_forecast_abb59562.pdf,2025-08-26,1600,weather_forecast,,36.0,,40.0,False,True,True,False,False,False,False,False,3999,ok
weather_20250827_0530_weather_forecast_8fd9ace1.pdf,2025-08-27,0530,weather_forecast,,24.0,,40.0,False,True,True,False,False,False,False,False,4356,ok
weather_20250827_1400_weather_forecast_cc82c3c2.pdf,2025-08-27,1400,weather_forecast,,24.0,,40.0,False,True,True,False,False,False,False,False,4974,ok
weather_20250827_1600_weather_forecast_dd2fd70f.pdf,2025-08-27,1600,weather_forecast,,36.0,,40.0,False,True,True,False,False,False,False,False,4703,ok
weather_20250828_0530_weather_forecast_41bce1c1.pdf,2025-08-28,0530,weather_forecast,,24.0,50.0,50.0,True,False,True,False,False,False,False,False,5637,ok
weather_20250828_1400_weather_forecast_03f15ffb.pdf,2025-08-28,1400,weather_forecast,,24.0,,50.0,False,False,True,False,False,False,False,False,4909,ok
weather_20250828_1600_weather_forecast_43d0c1cd.pdf,2025-08-28,1600,weather_forecast,,36.0,,50.0,False,False,True,False,False,False,False,False,4283,ok
weather_20250829_0530_weather_forecast_206cf59a.pdf,2025-08-29,0530,weather_forecast,,24.0,,50.0,False,False,True,False,False,False,False,False,4893,ok
weather_20250829_1600_weather_forecast_2b024a11.pdf,2025-08-29,1600,weather_forecast,,36.0,,50.0,False,True,True,False,False,False,False,False,4486,ok
weather_20250830_0530_weather_forecast_099f7ae7.pdf,2025-08-30,0530,weather_forecast,,24.0,,,False,True,False,False,False,False,False,False,5323,ok
weather_20250830_1400_weather_forecast_790602df.pdf,2025-08-30,1400,weather_forecast,,24.0,,,False,True,False,False,False,False,False,False,6049,ok
weather_20250830_1600_weather_forecast_4aa9d4be.pdf,2025-08-30,1600,weather_forecast,,36.0,,50.0,False,True,True,False,False,False,False,False,4714,ok
weather_20250831_0530_weather_forecast_0002abe3.pdf,2025-08-31,0530,weather_forecast,,24.0,,,False,True,False,False,False,False,False,False,5411,ok
weather_20250831_1400_weather_forecast_bc8503a2.pdf,2025-08-31,1400,weather_forecast,,24.0,,,False,True,False,False,False,False,False,False,5515,ok
weather_20250831_1600_weather_forecast_fc1c0083.pdf,2025-08-31,1600,weather_forecast,,36.0,,50.0,False,True,True,False,False,False,False,False,6713,ok
weather_20250901_0530_weather_forecast_d0e08f3d.pdf,2025-09-01,0530,weather_forecast,,24.0,,,False,True,False,False,False,False,False,False,5502,ok
weather_20250901_1400_weather_forecast_63ebe663.pdf,2025-09-01,1400,weather_forecast,,24.0,,,False,True,False,False,False,False,False,False,5069,ok
weather_20250901_1600_weather_forecast_98b69779.pdf,2025-09-01,1600,weather_forecast,,36.0,,40.0,False,True,True,False,False,False,False,False,4087,ok
weather_20250902_0530_weather_forecast_37b3019d.pdf,2025-09-02,0530,weather_forecast,,24.0,,,False,True,False,False,False,False,False,False,5132,ok
weather_20250902_1400_weather_forecast_32e37b06.pdf,2025-09-02,1400,weather_forecast,,24.0,,,False,False,False,False,False,False,False,False,4883,ok
weather_20250902_1600_weather_forecast_82b59124.pdf,2025-09-02,1600,weather_forecast,,36.0,,40.0,False,False,True,False,False,False,False,False,3907,ok
weather_20250903_0530_weather_forecast_7df9bf3a.pdf,2025-09-03,0530,weather_forecast,,24.0,,40.0,False,True,True,False,False,False,False,False,4776,ok
weather_20250903_1400_weather_forecast_3bd513a9.pdf,2025-09-03,1400,weather_forecast,,24.0,,40.0,False,True,True,False,False,False,False,False,4729,ok
weather_20250903_1600_weather_forecast_67d9a4d7.pdf,2025-09-03,1600,weather_forecast,,36.0,,40.0,False,True,True,False,False,False,False,False,4118,ok
weather_20250904_0530_weather_forecast_6054323d.pdf,2025-09-04,0530,weather_forecast,,24.0,,40.0,False,True,True,False,False,False,False,False,4805,ok
weather_20250904_1400_weather_forecast_4c1cec93.pdf,2025-09-04,1400,weather_forecast,,24.0,,40.0,False,True,True,False,False,False,False,False,4784,ok
weather_20250904_1600_weather_forecast_b519803c.pdf,2025-09-04,1600,weather_forecast,,36.0,,40.0,False,True,True,False,False,False,False,False,4428,ok
weather_20250905_0530_weather_forecast_6ff3c651.pdf,2025-09-05,0530,weather_forecast,,24.0,,,False,True,False,False,False,False,False,False,4966,ok
weather_20250905_1400_weather_forecast_1a462c1a.pdf,2025-09-05,1400,weather_forecast,,24.0,,,False,True,False,False,False,False,False,False,4153,ok
weather_20250905_1600_weather_forecast_5a7d1c06.pdf,2025-09-05,1600,weather_forecast,,36.0,,,False,True,False,False,False,False,False,False,4132,ok
weather_20250906_0530_weather_forecast_4e9ee583.pdf,2025-09-06,0530,weather_forecast,,24.0,,,False,True,False,False,False,False,False,False,4122,ok
weather_20250906_0700_weather_forecast_7e8510ca.pdf,2025-09-06,0700,weather_forecast,,24.0,,,False,False,False,False,False,False,False,True,5629,ok
weather_20250906_1400_weather_forecast_04c5f92e.pdf,2025-09-06,1400,weather_forecast,,24.0,,,False,True,False,False,False,False,False,False,4189,ok
weather_20250906_1600_weather_forecast_83d56b52.pdf,2025-09-06,1600,weather_forecast,,36.0,,,False,True,False,False,False,False,False,False,4356,ok
weather_20250907_0530_weather_forecast_969174a9.pdf,2025-09-07,0530,weather_forecast,,24.0,50.0,,True,True,False,False,False,False,False,False,3847,ok
weather_20250907_0700_weather_forecast_883a58ad.pdf,2025-09-07,0700,weather_forecast,,24.0,,,False,False,False,False,False,False,False,True,5099,ok
weather_20250907_1400_weather_forecast_8225a486.pdf,2025-09-07,1400,weather_forecast,,24.0,75.0,,True,True,False,False,False,False,False,False,3710,ok
weather_20250907_1500_thunderstorm_76625000.pdf,2025-09-07,1500,thunderstorm,Amber,,,,False,True,False,False,False,False,False,False,3031,ok
weather_20250907_1600_weather_forecast_4b4c5bd1.pdf,2025-09-07,1600,weather_forecast,,36.0,75.0,,True,True,False,False,False,False,False,False,4847,ok
weather_20250907_1620_thunderstorm_1e4bc095.pdf,2025-09-07,1620,thunderstorm,,,,,False,True,False,False,False,False,False,False,2584,ok
weather_20250908_0530_weather_forecast_aab5d3ce.pdf,2025-09-08,0530,weather_forecast,,24.0,75.0,,True,True,False,False,False,False,False,False,4380,ok
weather_20250908_1100_weather_forecast_6c5df80b.pdf,2025-09-08,1100,weather_forecast,Amber,,,,False,True,False,False,False,False,False,False,3291,ok
weather_20250908_1400_weather_forecast_ac0bdc9e.pdf,2025-09-08,1400,weather_forecast,,24.0,75.0,,True,True,False,False,False,False,False,False,3730,ok
weather_20250908_1600_weather_forecast_413087ff.pdf,2025-09-08,1600,weather_forecast,,36.0,75.0,,True,True,False,False,False,False,False,False,4303,ok
weather_20250909_0530_weather_forecast_7f74f171.pdf,2025-09-09,0530,weather_forecast,,24.0,100.0,,True,True,False,False,False,False,False,False,3769,ok
weather_20250909_1200_thunderstorm_a63f1b0c.pdf,2025-09-09,1200,thunderstorm,Amber,,,,False,True,False,False,False,False,False,False,3254,ok
weather_20250909_1400_weather_forecast_5e0310b2.pdf,2025-09-09,1400,weather_forecast,,24.0,50.0,,True,True,False,False,False,False,False,False,3970,ok
weather_20250909_1600_weather_forecast_661259ed.pdf,2025-09-09,1600,weather_forecast,,36.0,50.0,,True,True,False,False,False,False,False,False,4744,ok
weather_20250910_0530_weather_forecast_78465603.pdf,2025-09-10,0530,weather_forecast,,24.0,50.0,,True,True,False,False,False,False,False,False,3868,ok
weather_20250910_1400_weather_forecast_4b6f07be.pdf,2025-09-10,1400,weather_forecast,,24.0,50.0,,True,True,False,False,False,False,False,False,3862,ok
weather_20250910_1600_weather_forecast_086c5c2f.pdf,2025-09-10,1600,weather_forecast,,36.0,50.0,,True,True,False,False,False,False,False,False,4119,ok
weather_20250911_0530_weather_forecast_2e53b9a7.pdf,2025-09-11,0530,weather_forecast,,24.0,50.0,,True,True,False,False,False,False,False,False,3796,ok
weather_20250911_0530_weather_forecast_33417964.pdf,2025-09-11,0530,weather_forecast,,24.0,75.0,,True,True,False,False,False,False,False,False,4233,ok
weather_20250911_1400_weather_forecast_9c94d019.pdf,2025-09-11,1400,weather_forecast,,24.0,50.0,,True,True,False,False,False,False,False,False,3867,ok
weather_20250911_1600_weather_forecast_9b856a02.pdf,2025-09-11,1600,weather_forecast,,36.0,50.0,,True,True,False,False,False,False,False,False,4144,ok
weather_20250912_0530_weather_forecast_62379a97.pdf,2025-09-12,0530,weather_forecast,,24.0,50.0,,True,True,False,False,False,False,False,False,3807,ok
weather_20250912_1400_weather_forecast_65f90724.pdf,2025-09-12,1400,weather_forecast,,24.0,,,False,True,False,False,False,False,False,False,3665,ok
weather_20250912_1600_weather_forecast_3c9e739e.pdf,2025-09-12,1600,weather_forecast,,36.0,,,False,True,False,False,False,False,False,False,3508,ok
weather_20250913_0530_weather_forecast_41fb6f8f.pdf,2025-09-13,0530,weather_forecast,,24.0,,,False,True,False,False,False,False,False,False,3612,ok
weather_20250913_1400_weather_forecast_f64aeda4.pdf,2025-09-13,1400,weather_forecast,,24.0,50.0,,True,True,False,False,False,False,False,False,3957,ok
weather_20250913_1600_weather_forecast_80b0328d.pdf,2025-09-13,1600,weather_forecast,,36.0,50.0,,True,True,False,False,False,False,False,False,3623,ok
weather_20250914_0530_weather_forecast_32ddb9fd.pdf,2025-09-14,0530,weather_forecast,,24.0,,,False,True,False,False,False,False,False,False,3746,ok
weather_20250914_1400_weather_forecast_48ef064f.pdf,2025-09-14,1400,weather_forecast,,24.0,,,False,True,False,False,False,False,False,False,3761,ok
weather_20250914_1600_weather_forecast_f2984dcc.pdf,2025-09-14,1600,weather_forecast,,36.0,,,False,True,False,False,False,False,False,False,3717,ok
weather_20250915_0530_weather_forecast_9f846c4f.pdf,2025-09-15,0530,weather_forecast,,24.0,50.0,,True,True,False,False,False,False,False,False,4064,ok
weather_20250915_1400_weather_forecast_6d0da225.pdf,2025-09-15,1400,weather_forecast,,24.0,,,False,True,False,False,False,False,False,False,3961,ok
weather_20250915_1600_weather_forecast_f91ad765.pdf,2025-09-15,1600,weather_forecast,,36.0,,,False,True,False,False,False,False,False,False,3852,ok
weather_20250916_0530_weather_forecast_1873a3cf.pdf,2025-09-16,0530,weather_forecast,,24.0,,,False,True,False,False,False,False,False,False,4132,ok
weather_20250916_1400_weather_forecast_a9c5412c.pdf,2025-09-16,1400,weather_forecast,,24.0,50.0,,True,True,False,False,False,False,False,False,4602,ok
weather_20250916_1500_weather_forecast_a4ef12b1.pdf,2025-09-16,1500,weather_forecast,,,,,False,False,False,False,False,False,False,True,1290,ok
weather_20250916_1600_weather_forecast_29a6e12a.pdf,2025-09-16,1600,weather_forecast,,36.0,50.0,,True,True,False,False,False,False,False,False,4303,ok
weather_20250917_0530_weather_forecast_ad41f27e.pdf,2025-09-17,0530,weather_forecast,,24.0,50.0,,True,True,False,False,False,False,False,False,4064,ok
weather_20250917_0700_weather_forecast_db0f59ed.pdf,2025-09-17,0700,weather_forecast,,24.0,,,False,False,False,False,False,False,False,True,5706,ok
weather_20250917_1400_weather_forecast_619f6585.pdf,2025-09-17,1400,weather_forecast,,24.0,75.0,,True,True,False,False,False,False,False,False,4442,ok
weather_20250917_1600_weather_forecast_bfb7b8e6.pdf,2025-09-17,1600,weather_forecast,,36.0,75.0,,True,True,False,False,False,False,False,False,4403,ok
weather_20250918_0530_weather_forecast_6d786cb4.pdf,2025-09-18,0530,weather_forecast,,24.0,75.0,,True,True,False,False,False,False,False,False,4233,ok
weather_20250918_1400_weather_forecast_bbda4f94.pdf,2025-09-18,1400,weather_forecast,,24.0,,40.0,False,True,True,False,False,False,False,False,4294,ok
weather_20250918_1600_weather_forecast_c78bf1ca.pdf,2025-09-18,1600,weather_forecast,,36.0,,40.0,False,True,True,False,False,False,False,False,4235,ok
weather_20250919_0530_weather_forecast_395e6d1a.pdf,2025-09-19,0530,weather_forecast,,24.0,50.0,40.0,True,True,True,False,False,False,False,False,4872,ok
weather_20250919_1400_weather_forecast_83b3f8d6.pdf,2025-09-19,1400,weather_forecast,,24.0,50.0,40.0,True,True,True,False,False,False,False,False,5061,ok
weather_20250919_1600_weather_forecast_18f06ac3.pdf,2025-09-19,1600,weather_forecast,,36.0,50.0,40.0,True,True,True,False,False,False,False,False,4374,ok
weather_20250920_0530_weather_forecast_7679f97e.pdf,2025-09-20,0530,weather_forecast,,24.0,,40.0,False,True,True,False,False,False,False,False,4383,ok
weather_20250920_1400_weather_forecast_e2582640.pdf,2025-09-20,1400,weather_forecast,,24.0,50.0,40.0,True,True,True,False,False,False,False,False,4131,ok
weather_20250920_1600_weather_forecast_8e316890.pdf,2025-09-20,1600,weather_forecast,,36.0,50.0,40.0,True,True,True,False,False,False,False,False,4403,ok
weather_20250921_0530_weather_forecast_5296ec46.pdf,2025-09-21,0530,weather_forecast,,24.0,75.0,40.0,True,True,True,False,False,False,False,False,4332,ok
weather_20250921_1400_weather_forecast_7e2b0656.pdf,2025-09-21,1400,weather_forecast,,24.0,50.0,40.0,True,True,True,False,False,False,False,False,4333,ok
weather_20250921_1600_weather_forecast_b6602abb.pdf,2025-09-21,1600,weather_forecast,,36.0,75.0,40.0,True,True,True,False,False,False,False,False,4570,ok
weather_20250922_0530_weather_forecast_ad6b5c0a.pdf,2025-09-22,0530,weather_forecast,,24.0,,40.0,False,True,True,False,False,False,False,False,4162,ok
weather_20250922_1400_weather_forecast_868d3b4d.pdf,2025-09-22,1400,weather_forecast,,24.0,,,False,True,False,False,False,False,False,False,4942,ok
weather_20250922_1600_weather_forecast_2d5e0117.pdf,2025-09-22,1600,weather_forecast,,36.0,,40.0,False,True,True,False,False,False,False,False,4106,ok
weather_20250923_0530_weather_forecast_b9987760.pdf,2025-09-23,0530,weather_forecast,,24.0,,,False,True,False,False,False,False,False,False,5076,ok
weather_20250923_1400_weather_forecast_b48be6d0.pdf,2025-09-23,1400,weather_forecast,,24.0,,,False,True,False,False,False,False,False,False,5956,ok
weather_20250923_1600_weather_forecast_9ef43413.pdf,2025-09-23,1600,weather_forecast,,36.0,50.0,40.0,True,True,True,False,False,False,False,False,4121,ok
weather_20250924_0530_weather_forecast_4f603751.pdf,2025-09-24,0530,weather_forecast,,24.0,,,False,True,False,False,False,False,False,False,5415,ok
weather_20250924_1400_weather_forecast_b8ef3ab9.pdf,2025-09-24,1400,weather_forecast,,24.0,75.0,50.0,True,True,True,False,False,False,False,False,4860,ok
weather_20250924_1600_weather_forecast_25617d07.pdf,2025-09-24,1600,weather_forecast,,36.0,75.0,50.0,True,True,True,False,False,False,False,False,4460,ok
weather_20250925_0530_weather_forecast_d9c7f43e.pdf,2025-09-25,0530,weather_forecast,,24.0,100.0,50.0,True,True,True,False,False,False,False,False,4873,ok
weather_20250925_1030_heavy_rain_a6804e19.pdf,2025-09-25,1030,heavy_rain,Amber,,100.0,,True,False,False,False,False,False,False,False,1261,ok
weather_20250925_1400_weather_forecast_9181ad2b.pdf,2025-09-25,1400,weather_forecast,,24.0,100.0,50.0,True,True,True,False,False,False,False,False,4920,ok
weather_20250925_1600_weather_forecast_ed6443db.pdf,2025-09-25,1600,weather_forecast,,36.0,100.0,50.0,True,True,True,False,False,False,False,False,4466,ok
weather_20250926_0200_heavy_rain_5bf64e46.pdf,2025-09-26,0200,heavy_rain,Red,24.0,150.0,,True,False,False,False,False,False,False,False,1917,ok
weather_20250926_0530_weather_forecast_83f79f90.pdf,2025-09-26,0530,weather_forecast,,24.0,100.0,50.0,True,False,True,False,False,False,False,False,4896,ok
weather_20250926_0700_weather_forecast_7be03330.pdf,2025-09-26,0700,weather_forecast,,24.0,,,False,False,False,False,True,False,False,True,7149,ok
weather_20250926_0755_weather_forecast_fc8b0e6b.pdf,2025-09-26,0755,weather_forecast,,24.0,100.0,50.0,True,False,True,False,False,False,False,False,4955,ok
weather_20250926_1400_weather_forecast_8bd74e16.pdf,2025-09-26,1400,weather_forecast,,24.0,75.0,50.0,True,False,True,False,False,False,False,False,4705,ok
weather_20250926_1600_weather_forecast_c3c1968c.pdf,2025-09-26,1600,weather_forecast,,36.0,75.0,50.0,True,True,True,False,False,False,False,False,4251,ok
weather_20250927_0530_weather_forecast_1f562685.pdf,2025-09-27,0530,weather_forecast,,24.0,50.0,50.0,True,False,True,False,False,False,False,False,4243,ok
weather_20250927_1400_weather_forecast_10816148.pdf,2025-09-27,1400,weather_forecast,,24.0,,50.0,False,True,True,False,False,False,False,False,3974,ok
weather_20250927_1600_weather_forecast_562e18b6.pdf,2025-09-27,1600,weather_forecast,,36.0,,50.0,False,True,True,False,False,False,False,False,3953,ok
weather_20250928_0530_weather_forecast_d1b21b0b.pdf,2025-09-28,0530,weather_forecast,,24.0,,50.0,False,True,True,False,False,False,False,False,3968,ok
weather_20250928_0700_weather_forecast_2b9f69c1.pdf,2025-09-28,0700,weather_forecast,,24.0,,,False,False,False,False,False,False,False,True,5207,ok
weather_20250928_1400_weather_forecast_5a040871.pdf,2025-09-28,1400,weather_forecast,,24.0,,45.0,False,True,True,False,False,False,False,False,4182,ok
weather_20250928_1600_weather_forecast_e72cd172.pdf,2025-09-28,1600,weather_forecast,,36.0,,45.0,False,True,True,False,False,False,False,False,3709,ok
weather_20250929_0530_weather_forecast_b2e325e5.pdf,2025-09-29,0530,weather_forecast,,24.0,,45.0,False,True,True,False,False,False,False,False,4107,ok
weather_20250929_1400_weather_forecast_d918d0fc.pdf,2025-09-29,1400,weather_forecast,,24.0,,40.0,False,False,True,False,False,False,False,False,3725,ok
weather_20250929_1600_weather_forecast_610d999b.pdf,2025-09-29,1600,weather_forecast,,36.0,,40.0,False,False,True,False,False,False,False,False,3493,ok
weather_20250930_0530_weather_forecast_af2d4467.pdf,2025-09-30,0530,weather_forecast,,24.0,,40.0,False,False,True,False,False,False,False,False,3762,ok
weather_20250930_0700_weather_forecast_f2984b38.pdf,2025-09-30,0700,weather_forecast,,24.0,,,False,False,False,False,True,False,False,True,6376,ok
weather_20250930_1400_weather_forecast_f91ebb33.pdf,2025-09-30,1400,weather_forecast,,24.0,,40.0,False,False,True,False,False,False,False,False,3780,ok
weather_20250930_1600_weather_forecast_17179d52.pdf,2025-09-30,1600,weather_forecast,,36.0,,40.0,False,False,True,False,False,False,False,False,3446,ok
weather_20251001_0530_weather_forecast_1a81f42b.pdf,2025-10-01,0530,weather_forecast,,24.0,,40.0,False,False,True,False,False,False,False,False,3779,ok
weather_20251001_1400_weather_forecast_2d73bce7.pdf,2025-10-01,1400,weather_forecast,,24.0,,40.0,False,True,True,False,False,False,False,False,3829,ok
weather_20251001_1600_weather_forecast_1270385d.pdf,2025-10-01,1600,weather_forecast,,36.0,,40.0,False,True,True,False,False,False,False,False,3510,ok
weather_20251002_0530_weather_forecast_4b425f70.pdf,2025-10-02,0530,weather_forecast,,24.0,,40.0,False,True,True,False,False,False,False,False,3802,ok
weather_20251002_1400_weather_forecast_936926cf.pdf,2025-10-02,1400,weather_forecast,,24.0,50.0,,True,True,False,False,False,False,False,False,4106,ok
weather_20251002_1600_weather_forecast_10cec9da.pdf,2025-10-02,1600,weather_forecast,,36.0,50.0,,True,True,False,False,False,False,False,False,4653,ok
weather_20251003_0530_weather_forecast_150768ea.pdf,2025-10-03,0530,weather_forecast,,24.0,50.0,,True,True,False,False,False,False,False,False,3531,ok
weather_20251003_1400_thunderstorm_b87ceca8.pdf,2025-10-03,1400,thunderstorm,Amber,,,,False,True,False,False,False,False,False,False,3075,ok
weather_20251003_1400_thunderstorm_e82a54ae.pdf,2025-10-03,1400,thunderstorm,,,,,False,True,False,False,False,False,False,False,2671,ok
weather_20251003_1400_weather_forecast_d19aa600.pdf,2025-10-03,1400,weather_forecast,,24.0,100.0,,True,True,False,False,False,False,False,False,5929,ok
weather_20251003_1600_weather_forecast_b4d0b35b.pdf,2025-10-03,1600,weather_forecast,,36.0,100.0,,True,True,False,False,False,False,False,False,4468,ok
weather_20251004_0530_weather_forecast_f8d33b66.pdf,2025-10-04,0530,weather_forecast,,24.0,100.0,,True,True,False,False,False,False,False,False,3213,ok
weather_20251004_1130_thunderstorm_76c2487e.pdf,2025-10-04,1130,thunderstorm,Amber,,,,False,True,False,False,False,False,False,False,5779,ok
weather_20251004_1400_weather_forecast_3f27d33f.pdf,2025-10-04,1400,weather_forecast,,24.0,100.0,,True,True,False,False,False,False,False,False,3430,ok
weather_20251004_1600_weather_forecast_a58e84ec.pdf,2025-10-04,1600,weather_forecast,,36.0,100.0,,True,True,False,False,False,False,False,False,4544,ok
weather_20251005_0530_weather_forecast_b4fe5297.pdf,2025-10-05,0530,weather_forecast,,24.0,75.0,,True,True,False,False,False,False,False,False,3850,ok
weather_20251005_1230_thunderstorm_5131a8b0.pdf,2025-10-05,1230,thunderstorm,Amber,,,,False,True,False,False,False,False,False,False,3091,ok
weather_20251005_1400_weather_forecast_bb385e82.pdf,2025-10-05,1400,weather_forecast,,24.0,50.0,,True,True,False,False,False,False,False,False,3398,ok
weather_20251005_1600_weather_forecast_1ca4f169.pdf,2025-10-05,1600,weather_forecast,,36.0,50.0,,True,True,False,False,False,False,False,False,4783,ok
weather_20251006_0530_weather_forecast_3df867e1.pdf,2025-10-06,0530,weather_forecast,,24.0,50.0,,True,True,False,False,False,False,False,False,3411,ok
weather_20251006_1330_thunderstorm_e9f952f9.pdf,2025-10-06,1330,thunderstorm,Amber,,,,False,True,False,False,False,False,False,False,2972,ok
weather_20251006_1400_weather_forecast_458bdc57.pdf,2025-10-06,1400,weather_forecast,,24.0,50.0,,True,True,False,False,False,False,False,False,3083,ok
weather_20251006_1600_weather_forecast_9a69765e.pdf,2025-10-06,1600,weather_forecast,,36.0,50.0,,True,True,False,False,False,False,False,False,4469,ok
weather_20251007_0530_weather_forecast_500afb73.pdf,2025-10-07,0530,weather_forecast,,24.0,50.0,,True,True,False,False,False,False,False,False,3361,ok
weather_20251007_1330_thunderstorm_28779b61.pdf,2025-10-07,1330,thunderstorm,Amber,,,,False,True,False,False,False,False,False,False,3006,ok
weather_20251007_1400_weather_forecast_3f9aab0e.pdf,2025-10-07,1400,weather_forecast,,24.0,50.0,,True,True,False,False,False,False,False,False,3844,ok
weather_20251007_1420_thunderstorm_167a80dc.pdf,2025-10-07,1420,thunderstorm,,,,,False,True,False,False,False,False,False,False,2607,ok
weather_20251007_1600_weather_forecast_e22ec12b.pdf,2025-10-07,1600,weather_forecast,,36.0,50.0,,True,True,False,False,False,False,False,False,4850,ok
weather_20251008_0530_weather_forecast_35bef310.pdf,2025-10-08,0530,weather_forecast,,24.0,50.0,,True,True,False,False,False,False,False,False,3906,ok
weather_20251008_1200_thunderstorm_3d877fcb.pdf,2025-10-08,1200,thunderstorm,Amber,,,,False,True,False,False,False,False,False,False,3008,ok
weather_20251008_1400_weather_forecast_0173fd7d.pdf,2025-10-08,1400,weather_forecast,,24.0,,,False,True,False,False,False,False,False,False,3298,ok
weather_20251008_1600_weather_forecast_9e4f271f.pdf,2025-10-08,1600,weather_forecast,,36.0,,,False,True,False,False,False,False,False,False,4448,ok
weather_20251009_0530_weather_forecast_6e566597.pdf,2025-10-09,0530,weather_forecast,,24.0,,,False,True,False,False,False,False,False,False,3276,ok
weather_20251009_1200_thunderstorm_297479b7.pdf,2025-10-09,1200,thunderstorm,Amber,,,,False,True,False,False,False,False,False,False,1470,ok
weather_20251009_1200_thunderstorm_d00bf0b0.pdf,2025-10-09,1200,thunderstorm,,,,,False,True,False,False,False,False,False,False,1641,ok
weather_20251009_1400_weather_forecast_82742076.pdf,2025-10-09,1400,weather_forecast,,24.0,,,False,True,False,False,False,False,False,False,4074,ok
weather_20251009_1600_weather_forecast_c148fd46.pdf,2025-10-09,1600,weather_forecast,,36.0,,,False,True,False,False,False,False,False,False,4531,ok
weather_20251010_0530_weather_forecast_8df29f0d.pdf,2025-10-10,0530,weather_forecast,,24.0,,,False,True,False,False,False,False,False,False,4447,ok
weather_20251010_1230_thunderstorm_003e8856.pdf,2025-10-10,1230,thunderstorm,Amber,,,,False,True,False,False,False,False,False,False,3022,ok
weather_20251010_1400_weather_forecast_227f9108.pdf,2025-10-10,1400,weather_forecast,,24.0,50.0,,True,True,False,False,False,False,False,False,4365,ok
weather_20251010_1600_weather_forecast_f1d8c2ed.pdf,2025-10-10,1600,weather_forecast,,36.0,50.0,,True,True,False,False,False,False,False,False,4729,ok
weather_20251011_0530_weather_forecast_e1891424.pdf,2025-10-11,0530,weather_forecast,,24.0,50.0,,True,True,False,False,False,False,False,False,4345,ok
weather_20251011_1200_thunderstorm_f7e9f553.pdf,2025-10-11,1200,thunderstorm,Amber,,,,False,True,False,False,False,False,False,False,3070,ok
weather_20251011_1400_weather_forecast_2c58e1c5.pdf,2025-10-11,1400,weather_forecast,,24.0,50.0,,True,True,False,False,False,False,False,False,4153,ok
weather_20251011_1600_weather_forecast_deaf0c91.pdf,2025-10-11,1600,weather_forecast,,36.0,50.0,,True,True,False,False,False,False,False,False,4512,ok
weather_20251012_0530_weather_forecast_6cd1e0a9.pdf,2025-10-12,0530,weather_forecast,,24.0,50.0,,True,True,False,False,False,False,False,False,4226,ok
weather_20251012_1200_thunderstorm_39d39e82.pdf,2025-10-12,1200,thunderstorm,Amber,,,,False,True,False,False,False,False,False,False,3173,ok
weather_20251012_1400_weather_forecast_f8177628.pdf,2025-10-12,1400,weather_forecast,,24.0,50.0,,True,True,False,False,False,False,False,False,4194,ok
weather_20251012_1600_weather_forecast_f7e32afe.pdf,2025-10-12,1600,weather_forecast,,36.0,50.0,,True,True,False,False,False,False,False,False,4648,ok
weather_20251013_0530_weather_forecast_0b3585c2.pdf,2025-10-13,0530,weather_forecast,,24.0,75.0,,True,True,False,False,False,False,False,False,4286,ok
weather_20251013_1200_thunderstorm_63c6057f.pdf,2025-10-13,1200,thunderstorm,Amber,,,,False,True,False,False,False,False,False,False,3268,ok
weather_20251013_1400_weather_forecast_ba581305.pdf,2025-10-13,1400,weather_forecast,,24.0,75.0,,True,True,False,False,False,False,False,False,3684,ok
weather_20251013_1600_weather_forecast_b012daa9.pdf,2025-10-13,1600,weather_forecast,,36.0,75.0,,True,True,False,False,False,False,False,False,4592,ok
weather_20251014_0530_weather_forecast_c03db654.pdf,2025-10-14,0530,weather_forecast,,24.0,100.0,,True,True,False,False,False,False,False,False,3815,ok
weather_20251014_1200_thunderstorm_3087c696.pdf,2025-10-14,1200,thunderstorm,Amber,,,,False,True,False,False,False,False,False,False,3075,ok
weather_20251014_1400_weather_forecast_09823b60.pdf,2025-10-14,1400,weather_forecast,,24.0,100.0,,True,True,False,False,False,False,False,False,3739,ok
weather_20251014_1600_weather_forecast_dd0a769f.pdf,2025-10-14,1600,weather_forecast,,36.0,100.0,,True,True,False,False,False,False,False,False,4656,ok
weather_20251014_1700_heavy_rain_1f16e94d.pdf,2025-10-14,1700,heavy_rain,,,,,True,False,False,False,False,False,False,False,833,ok
weather_20251014_1700_heavy_rain_72ce2c6a.pdf,2025-10-14,1700,heavy_rain,Amber,12.0,100.0,,True,True,False,False,False,False,False,False,843,ok
weather_20251015_0530_weather_forecast_f685dd70.pdf,2025-10-15,0530,weather_forecast,,24.0,100.0,,True,True,False,False,False,False,False,False,4485,ok
weather_20251015_1200_thunderstorm_f0c93ff6.pdf,2025-10-15,1200,thunderstorm,Amber,,,,False,True,False,False,False,False,False,False,3310,ok
weather_20251015_1500_heavy_rain_74441953.pdf,2025-10-15,1500,heavy_rain,Amber,,100.0,,True,True,False,False,False,False,False,False,2164,ok
weather_20251015_1600_weather_forecast_5f6c2b3b.pdf,2025-10-15,1600,weather_forecast,,36.0,100.0,,True,True,False,False,False,False,False,False,5361,ok
weather_20251016_0530_weather_forecast_106448ed.pdf,2025-10-16,0530,weather_forecast,,24.0,100.0,,True,True,False,False,False,False,False,False,3180,ok
weather_20251016_1200_thunderstorm_a0a5fb6f.pdf,2025-10-16,1200,thunderstorm,Amber,,,,False,True,False,False,False,False,False,False,3220,ok
weather_20251016_1400_weather_forecast_9a345b76.pdf,2025-10-16,1400,weather_forecast,,24.0,75.0,,True,True,False,False,False,False,False,False,3182,ok
weather_20251016_1600_weather_forecast_815695c8.pdf,2025-10-16,1600,weather_forecast,,36.0,75.0,,True,True,False,False,False,False,False,False,4455,ok
weather_20251017_0530_weather_forecast_4ee47c92.pdf,2025-10-17,0530,weather_forecast,,24.0,75.0,,True,True,False,False,False,False,False,False,3607,ok
weather_20251017_0700_weather_forecast_5abb44b3.pdf,2025-10-17,0700,weather_forecast,,,,,False,False,False,False,False,False,False,False,3154,ok
weather_20251017_1230_thunderstorm_5290058b.pdf,2025-10-17,1230,thunderstorm,Amber,,,,False,True,False,False,False,False,False,False,2702,ok
weather_20251017_1400_weather_forecast_7b405c77.pdf,2025-10-17,1400,weather_forecast,,24.0,75.0,,True,True,False,False,False,False,False,False,3238,ok
weather_20251017_1515_heavy_rain_12ce4f99.pdf,2025-10-17,1515,heavy_rain,Amber,,100.0,,True,True,False,False,False,False,False,False,1505,ok
weather_20251017_1600_weather_forecast_7f42f6da.pdf,2025-10-17,1600,weather_forecast,,36.0,100.0,,True,True,False,False,False,False,False,False,4402,ok
weather_20251018_0530_weather_forecast_d60359fc.pdf,2025-10-18,0530,weather_forecast,,24.0,100.0,,True,True,False,False,False,False,False,False,3184,ok
weather_20251018_1200_thunderstorm_108236dd.pdf,2025-10-18,1200,thunderstorm,Amber,,,,False,True,False,False,False,False,False,False,2779,ok
weather_20251018_1400_weather_forecast_e8ae1041.pdf,2025-10-18,1400,weather_forecast,,24.0,100.0,,True,True,False,False,False,False,False,False,3396,ok
weather_20251018_1600_weather_forecast_aa39168b.pdf,2025-10-18,1600,weather_forecast,,36.0,100.0,,True,True,False,False,False,False,False,False,4297,ok
weather_20251018_2115_heavy_rain_2841f290.pdf,2025-10-18,2115,heavy_rain,Amber,,100.0,,True,True,False,False,False,False,False,False,1488,ok
weather_20251019_0530_weather_forecast_8ab07c21.pdf,2025-10-19,0530,weather_forecast,,24.0,100.0,,True,True,False,False,False,False,False,False,3818,ok
weather_20251019_0830_heavy_rain_243fa238.pdf,2025-10-19,0830,heavy_rain,Amber,,100.0,,True,True,False,False,False,False,False,False,1541,ok
weather_20251019_1200_thunderstorm_8f063182.pdf,2025-10-19,1200,thunderstorm,Amber,,,,False,True,False,False,False,False,False,False,2827,ok
weather_20251019_1400_weather_forecast_90ca8540.pdf,2025-10-19,1400,weather_forecast,,24.0,100.0,,True,True,False,False,False,False,False,False,3586,ok
weather_20251019_1600_weather_forecast_c911860a.pdf,2025-10-19,1600,weather_forecast,,36.0,100.0,,True,True,False,False,False,False,False,False,4227,ok
weather_20251020_0530_weather_forecast_d4c0c378.pdf,2025-10-20,0530,weather_forecast,,24.0,100.0,,True,True,False,False,False,False,False,False,4600,ok
weather_20251020_0830_heavy_rain_6b50fac9.pdf,2025-10-20,0830,heavy_rain,Amber,,100.0,,True,True,False,False,False,False,False,False,1726,ok
weather_20251020_1400_weather_forecast_d83e1591.pdf,2025-10-20,1400,weather_forecast,,24.0,100.0,,True,True,False,True,False,False,False,False,5148,ok
weather_20251020_1600_weather_forecast_8a2b1fd1.pdf,2025-10-20,1600,weather_forecast,,36.0,100.0,,True,True,False,True,False,False,False,False,4817,ok
weather_20251021_0530_weather_forecast_65002756.pdf,2025-10-21,0530,weather_forecast,,24.0,100.0,,True,True,False,True,False,False,False,False,5815,ok
weather_20251021_0900_heavy_rain_a45353ec.pdf,2025-10-21,0900,heavy_rain,Red,,150.0,,True,False,False,False,False,False,False,False,2830,ok
weather_20251021_1125_heavy_rain_3780820d.pdf,2025-10-21,1125,heavy_rain,,,,,True,False,False,False,False,False,False,False,1754,ok
weather_20251021_1400_weather_forecast_d54d17cc.pdf,2025-10-21,1400,weather_forecast,,24.0,100.0,40.0,True,True,True,False,False,False,False,False,5775,ok
weather_20251021_1600_weather_forecast_b13b491e.pdf,2025-10-21,1600,weather_forecast,,36.0,100.0,40.0,True,True,True,False,False,False,False,False,4981,ok
weather_20251022_0530_weather_forecast_46036736.pdf,2025-10-22,0530,weather_forecast,,24.0,75.0,40.0,True,True,True,False,True,False,False,False,6519,ok
weather_20251022_1400_weather_forecast_03a86021.pdf,2025-10-22,1400,weather_forecast,,12.0,75.0,40.0,True,True,True,True,True,False,False,False,5038,ok
weather_20251022_1600_weather_forecast_f5d6adfb.pdf,2025-10-22,1600,weather_forecast,,36.0,75.0,40.0,True,True,True,True,False,False,False,False,5195,ok
weather_20251023_0530_weather_forecast_229f18c7.pdf,2025-10-23,0530,weather_forecast,,24.0,75.0,50.0,True,True,True,False,False,False,False,False,4221,ok
weather_20251023_1400_weather_forecast_4a8bc7c9.pdf,2025-10-23,1400,weather_forecast,,24.0,75.0,50.0,True,True,True,True,False,False,False,False,4849,ok
weather_20251023_1600_weather_forecast_19f63fd4.pdf,2025-10-23,1600,weather_forecast,,36.0,75.0,50.0,True,True,True,False,False,False,False,False,4761,ok
weather_20251024_0530_weather_forecast_fb0dbfa1.pdf,2025-10-24,0530,weather_forecast,,24.0,50.0,50.0,True,True,True,True,False,False,False,False,4964,ok
weather_20251024_1400_weather_forecast_49944718.pdf,2025-10-24,1400,weather_forecast,,24.0,75.0,50.0,True,True,True,False,True,True,False,False,5311,ok
weather_20251024_1600_weather_forecast_55b87777.pdf,2025-10-24,1600,weather_forecast,,36.0,75.0,50.0,True,True,True,False,False,False,False,False,4494,ok
weather_20251025_0530_weather_forecast_24ef464a.pdf,2025-10-25,0530,weather_forecast,,24.0,75.0,50.0,True,True,True,False,True,True,False,False,6447,ok
weather_20251025_1400_weather_forecast_898e80a9.pdf,2025-10-25,1400,weather_forecast,,24.0,100.0,50.0,True,True,True,False,True,True,False,False,6535,ok
weather_20251025_1600_weather_forecast_d3eeb6c6.pdf,2025-10-25,1600,weather_forecast,,36.0,100.0,50.0,True,True,True,False,False,False,False,False,4800,ok
weather_20251026_0530_weather_forecast_60e9f2d4.pdf,2025-10-26,0530,weather_forecast,,24.0,75.0,50.0,True,True,True,False,True,True,False,False,6335,ok
weather_20251026_0830_strong_wind_64645070.pdf,2025-10-26,0830,strong_wind,Amber,,,60.0,False,False,True,False,True,False,False,False,1551,ok
weather_20251026_1400_weather_forecast_a6ed6d2e.pdf,2025-10-26,1400,weather_forecast,,24.0,,60.0,False,True,True,False,True,True,False,False,7224,ok
weather_20251026_1600_weather_forecast_0a30b17c.pdf,2025-10-26,1600,weather_forecast,,36.0,,60.0,False,True,True,False,False,False,False,False,4101,ok
weather_20251027_0530_weather_forecast_d47246e5.pdf,2025-10-27,0530,weather_forecast,,24.0,,60.0,False,True,True,False,True,True,False,False,6080,ok
weather_20251027_0830_strong_wind_7882e373.pdf,2025-10-27,0830,strong_wind,Amber,,,60.0,False,False,True,False,False,True,False,False,1607,ok
weather_20251027_1400_weather_forecast_a2336517.pdf,2025-10-27,1400,weather_forecast,,24.0,,60.0,False,True,True,False,False,True,False,False,6678,ok
weather_20251027_1600_weather_forecast_138e8815.pdf,2025-10-27,1600,weather_forecast,,36.0,,60.0,False,False,True,False,False,False,False,False,3525,ok
weather_20251028_0530_weather_forecast_0c3f86fb.pdf,2025-10-28,0530,weather_forecast,,24.0,,60.0,False,True,True,False,False,True,False,False,6692,ok
weather_20251028_0700_weather_forecast_80e9e72f.pdf,2025-10-28,0700,weather_forecast,,24.0,,,False,False,False,False,True,True,False,True,8807,ok
weather_20251028_1100_strong_wind_a28cbbce.pdf,2025-10-28,1100,strong_wind,Amber,,,60.0,False,False,True,False,False,True,False,False,1607,ok
weather_20251028_1400_weather_forecast_89e2d05c.pdf,2025-10-28,1400,weather_forecast,,24.0,,60.0,False,True,True,False,False,True,False,False,6351,ok
weather_20251028_1600_weather_forecast_ce749d52.pdf,2025-10-28,1600,weather_forecast,,36.0,,60.0,False,False,True,False,False,False,False,False,3524,ok
weather_20251029_0530_weather_forecast_de383f54.pdf,2025-10-29,0530,weather_forecast,,24.0,,60.0,False,False,True,False,False,True,False,False,5245,ok
weather_20251029_1600_weather_forecast_345d9f41.pdf,2025-10-29,1600,weather_forecast,,24.0,,,False,True,False,False,False,False,False,False,3087,ok
weather_20251029_1600_weather_forecast_ef6f002a.pdf,2025-10-29,1600,weather_forecast,,36.0,,,False,True,False,False,False,False,False,False,3431,ok
weather_20251030_0530_weather_forecast_28fd459e.pdf,2025-10-30,0530,weather_forecast,,24.0,,,False,True,False,False,False,False,False,False,2426,ok
weather_20251030_0700_weather_forecast_e8758d31.pdf,2025-10-30,0700,weather_forecast,,,,,False,False,False,False,False,False,False,False,2884,ok
weather_20251030_1400_weather_forecast_8b0fa136.pdf,2025-10-30,1400,weather_forecast,,24.0,,,False,False,False,False,False,False,False,False,2419,ok
weather_20251031_0530_weather_forecast_2e22359d.pdf,2025-10-31,0530,weather_forecast,,24.0,,,False,False,False,False,False,False,False,False,2431,ok
weather_20251031_0700_weather_forecast_1842f9a5.pdf,2025-10-31,0700,weather_forecast,,24.0,,,False,False,False,False,True,False,False,True,4851,ok
weather_20251031_1400_weather_forecast_01ae4c01.pdf,2025-10-31,1400,weather_forecast,,24.0,,,False,True,False,False,False,False,False,False,2602,ok
weather_20251031_1600_weather_forecast_4643be50.pdf,2025-10-31,1600,weather_forecast,,36.0,,,False,True,False,False,False,False,False,False,3652,ok
weather_20251101_0530_weather_forecast_0478d6c6.pdf,2025-11-01,0530,weather_forecast,,24.0,,,False,True,False,False,False,False,False,False,2988,ok
weather_20251101_1400_weather_forecast_13119899.pdf,2025-11-01,1400,weather_forecast,,24.0,,,False,True,False,False,False,False,False,False,3027,ok
weather_20251101_1600_weather_forecast_2dc55a8c.pdf,2025-11-01,1600,weather_forecast,,36.0,,,False,True,False,False,False,False,False,False,4056,ok
weather_20251102_0530_weather_forecast_c69c8063.pdf,2025-11-02,0530,weather_forecast,,24.0,,,False,True,False,False,False,False,False,False,3484,ok
weather_20251102_1400_weather_forecast_550b2237.pdf,2025-11-02,1400,weather_forecast,,24.0,,,False,True,False,False,False,False,False,False,3517,ok
weather_20251102_1600_weather_forecast_9e9f707e.pdf,2025-11-02,1600,weather_forecast,,36.0,,,False,True,False,False,False,False,False,False,4068,ok
weather_20251103_0530_weather_forecast_4202cd4f.pdf,2025-11-03,0530,weather_forecast,,24.0,,,False,True,False,False,False,False,False,False,3676,ok
weather_20251103_1400_weather_forecast_67bdd8cc.pdf,2025-11-03,1400,weather_forecast,,24.0,,,False,True,False,False,False,False,False,False,3570,ok
weather_20251103_1600_weather_forecast_01df2a96.pdf,2025-11-03,1600,weather_forecast,,36.0,,,False,True,False,False,False,False,False,False,4125,ok
weather_20251104_0530_weather_forecast_306f07e5.pdf,2025-11-04,0530,weather_forecast,,24.0,,,False,True,False,False,False,False,False,False,3897,ok
weather_20251104_1400_weather_forecast_f52d5d2e.pdf,2025-11-04,1400,weather_forecast,,24.0,,,False,True,False,False,False,False,False,False,3905,ok
weather_20251104_1600_weather_forecast_de52086a.pdf,2025-11-04,1600,weather_forecast,,36.0,,,False,True,False,False,False,False,False,False,3794,ok
weather_20251105_0530_weather_forecast_f87040f8.pdf,2025-11-05,0530,weather_forecast,,24.0,,,False,True,False,False,False,False,False,False,4203,ok
weather_20251105_1400_weather_forecast_3340a985.pdf,2025-11-05,1400,weather_forecast,,24.0,,,False,True,False,False,False,False,False,False,3975,ok
weather_20251105_1600_weather_forecast_fee8aadb.pdf,2025-11-05,1600,weather_forecast,,36.0,,,False,True,False,False,False,False,False,False,3989,ok
weather_20251106_0530_weather_forecast_4e1e820c.pdf,2025-11-06,0530,weather_forecast,,24.0,,,False,True,False,False,False,False,False,False,4402,ok
weather_20251106_1400_weather_forecast_0c7e5a7d.pdf,2025-11-06,1400,weather_forecast,,24.0,75.0,,True,True,False,False,False,False,False,False,4258,ok
weather_20251106_1530_thunderstorm_063dc76e.pdf,2025-11-06,1530,thunderstorm,Amber,,,,False,True,False,False,False,False,False,False,2986,ok
weather_20251106_1600_weather_forecast_95fc2e99.pdf,2025-11-06,1600,weather_forecast,,36.0,75.0,,True,True,False,False,False,False,False,False,4510,ok
weather_20251107_0530_weather_forecast_e92d8b2b.pdf,2025-11-07,0530,weather_forecast,,24.0,75.0,,True,True,False,False,False,False,False,False,3908,ok
weather_20251107_1400_weather_forecast_c0c69043.pdf,2025-11-07,1400,weather_forecast,,24.0,75.0,,True,True,False,False,False,False,False,False,3523,ok
weather_20251107_1600_weather_forecast_f7d397b0.pdf,2025-11-07,1600,weather_forecast,,36.0,75.0,,True,True,False,False,False,False,False,False,4469,ok
weather_20251108_0530_weather_forecast_379de0b8.pdf,2025-11-08,0530,weather_forecast,,24.0,75.0,,True,True,False,False,False,False,False,False,3690,ok
weather_20251108_1345_weather_forecast_3ca975fe.pdf,2025-11-08,1345,weather_forecast,Amber,,,,False,True,False,False,False,False,False,False,3204,ok
weather_20251108_1600_weather_forecast_f86563d1.pdf,2025-11-08,1600,weather_forecast,,36.0,75.0,,True,True,False,False,False,False,False,False,4525,ok
weather_20251109_0530_weather_forecast_ed9422e0.pdf,2025-11-09,0530,weather_forecast,,24.0,75.0,,True,True,False,False,False,False,False,False,3492,ok
weather_20251109_1400_weather_forecast_225b806e.pdf,2025-11-09,1400,weather_forecast,,24.0,75.0,,True,True,False,False,False,False,False,False,3054,ok
weather_20251109_1600_weather_forecast_d92c0715.pdf,2025-11-09,1600,weather_forecast,,36.0,75.0,,True,True,False,False,False,False,False,False,4459,ok
weather_20251110_0530_weather_forecast_5f2ef9df.pdf,2025-11-10,0530,weather_forecast,,24.0,75.0,,True,True,False,False,False,False,False,False,3858,ok
weather_20251110_1400_weather_forecast_ed25340d.pdf,2025-11-10,1400,weather_forecast,,24.0,75.0,,True,True,False,False,False,False,False,False,4260,ok
weather_20251110_1600_weather_forecast_eb441c55.pdf,2025-11-10,1600,weather_forecast,,36.0,75.0,,True,True,False,False,False,False,False,False,4645,ok
weather_20251111_1300_thunderstorm_e5e5c119.pdf,2025-11-11,1300,thunderstorm,Amber,,,,False,True,False,False,False,False,False,False,2981,ok
weather_20251111_1400_weather_forecast_a6329695.pdf,2025-11-11,1400,weather_forecast,,24.0,75.0,,True,True,False,False,False,False,False,False,4258,ok
weather_20251111_1600_weather_forecast_7ceca721.pdf,2025-11-11,1600,weather_forecast,,36.0,75.0,,True,True,False,False,False,False,False,False,4812,ok
weather_20251112_0530_weather_forecast_0958c929.pdf,2025-11-12,0530,weather_forecast,,24.0,75.0,,True,True,False,False,False,False,False,False,4325,ok
weather_20251112_1400_weather_forecast_c6e81e97.pdf,2025-11-12,1400,weather_forecast,,24.0,75.0,,True,True,False,False,False,False,False,False,4603,ok
weather_20251112_1500_thunderstorm_a3d1b964.pdf,2025-11-12,1500,thunderstorm,Amber,,,,False,True,False,False,False,False,False,False,3059,ok
weather_20251112_1600_weather_forecast_e9872ee6.pdf,2025-11-12,1600,weather_forecast,,36.0,75.0,,True,True,False,False,False,False,False,False,4997,ok
weather_20251113_0530_weather_forecast_12948998.pdf,2025-11-13,0530,weather_forecast,,24.0,75.0,,True,True,False,False,False,False,False,False,4615,ok
weather_20251113_1200_thunderstorm_b2198418.pdf,2025-11-13,1200,thunderstorm,Amber,,,,False,True,False,False,False,False,False,False,3093,ok
weather_20251113_1400_weather_forecast_ea697cd7.pdf,2025-11-13,1400,weather_forecast,,24.0,75.0,,True,True,False,False,False,False,False,False,4766,ok
weather_20251113_1600_weather_forecast_f36b8c30.pdf,2025-11-13,1600,weather_forecast,,36.0,75.0,,True,True,False,False,False,False,False,False,4959,ok
weather_20251114_0530_weather_forecast_01a3e306.pdf,2025-11-14,0530,weather_forecast,,24.0,75.0,,True,True,False,False,False,False,False,False,4880,ok
weather_20251114_1230_thunderstorm_fe6707da.pdf,2025-11-14,1230,thunderstorm,Amber,,,,False,True,False,False,False,False,False,False,3013,ok
weather_20251114_1400_weather_forecast_08055327.pdf,2025-11-14,1400,weather_forecast,,24.0,,,False,True,False,False,False,False,False,False,4769,ok
weather_20251114_1600_weather_forecast_7f2a5689.pdf,2025-11-14,1600,weather_forecast,,36.0,100.0,,True,True,False,False,False,False,False,False,5069,ok
weather_20251115_0530_weather_forecast_2e07c8f3.pdf,2025-11-15,0530,weather_forecast,,24.0,,,False,True,False,False,False,False,False,False,5055,ok
weather_20251115_1230_thunderstorm_5a5911e2.pdf,2025-11-15,1230,thunderstorm,Amber,,,,False,True,False,False,False,False,False,False,3108,ok
weather_20251115_1400_weather_forecast_2fa6fb81.pdf,2025-11-15,1400,weather_forecast,,24.0,,,False,True,False,False,False,False,False,False,5304,ok
weather_20251115_1600_weather_forecast_6079e574.pdf,2025-11-15,1600,weather_forecast,,36.0,100.0,,True,True,False,False,False,False,False,False,5345,ok
weather_20251116_0530_weather_forecast_603a099b.pdf,2025-11-16,0530,weather_forecast,,24.0,100.0,,True,True,False,False,False,False,False,False,4819,ok
weather_20251116_1230_heavy_rain_7da354e6.pdf,2025-11-16,1230,heavy_rain,Amber,24.0,100.0,,True,True,False,False,False,False,False,False,1609,ok
weather_20251116_1400_weather_forecast_ca4be861.pdf,2025-11-16,1400,weather_forecast,,24.0,100.0,,True,True,False,True,False,False,False,False,4639,ok
weather_20251116_1600_weather_forecast_214190e4.pdf,2025-11-16,1600,weather_forecast,,36.0,100.0,,True,True,False,True,False,False,False,False,5049,ok
weather_20251117_0530_weather_forecast_7709eb20.pdf,2025-11-17,0530,weather_forecast,,24.0,100.0,,True,True,False,True,False,False,False,False,4683,ok
weather_20251117_1230_thunderstorm_6236de91.pdf,2025-11-17,1230,thunderstorm,Amber,,,,False,True,False,False,False,False,False,False,3033,ok
weather_20251117_1400_weather_forecast_ab9eaa62.pdf,2025-11-17,1400,weather_forecast,,24.0,75.0,,True,True,False,True,False,False,False,False,4198,ok
weather_20251117_1600_weather_forecast_e3dcd7ed.pdf,2025-11-17,1600,weather_forecast,,36.0,75.0,,True,True,False,False,False,False,False,False,4970,ok
weather_20251118_0530_weather_forecast_1791b4bb.pdf,2025-11-18,0530,weather_forecast,,24.0,100.0,,True,True,False,True,False,False,False,False,4320,ok
weather_20251118_0700_weather_forecast_66b9bdd7.pdf,2025-11-18,0700,weather_forecast,,,,,False,False,False,False,False,False,False,True,3390,ok
weather_20251118_1230_thunderstorm_5b05bcc2.pdf,2025-11-18,1230,thunderstorm,Amber,,,,False,True,False,False,False,False,False,False,3001,ok
weather_20251118_1400_weather_forecast_99336256.pdf,2025-11-18,1400,weather_forecast,,24.0,50.0,,True,True,False,True,False,False,False,False,4408,ok
weather_20251118_1600_weather_forecast_97f97fd5.pdf,2025-11-18,1600,weather_forecast,,36.0,50.0,,True,True,False,True,False,False,False,False,4935,ok
weather_20251119_0530_weather_forecast_eaad955d.pdf,2025-11-19,0530,weather_forecast,,24.0,,,False,True,False,False,False,False,False,False,4004,ok
weather_20251119_1230_thunderstorm_82c5f07b.pdf,2025-11-19,1230,thunderstorm,Amber,,,,False,True,False,False,False,False,False,False,3064,ok
weather_20251119_1400_weather_forecast_137ef44d.pdf,2025-11-19,1400,weather_forecast,,24.0,,,False,True,False,True,False,False,False,False,5442,ok
weather_20251119_1600_weather_forecast_a1c1b2ec.pdf,2025-11-19,1600,weather_forecast,,36.0,,,False,True,False,True,False,False,False,False,5046,ok
weather_20251120_0600_weather_forecast_16304733.pdf,2025-11-20,0600,weather_forecast,,24.0,,,False,True,False,True,False,False,False,False,5568,ok
weather_20251120_1300_thunderstorm_fcf3a03d.pdf,2025-11-20,1300,thunderstorm,Amber,,,,False,True,False,False,False,False,False,False,2925,ok
weather_20251120_1400_weather_forecast_cd6f7d44.pdf,2025-11-20,1400,weather_forecast,,24.0,50.0,,True,True,False,False,False,False,False,False,5096,ok
weather_20251120_1600_weather_forecast_6a8c09f8.pdf,2025-11-20,1600,weather_forecast,,36.0,50.0,,True,True,False,False,False,False,False,False,4762,ok
weather_20251121_0530_weather_forecast_33b07b3c.pdf,2025-11-21,0530,weather_forecast,,24.0,50.0,,True,True,False,False,False,False,False,False,5208,ok
weather_20251121_1200_thunderstorm_d1b1d93e.pdf,2025-11-21,1200,thunderstorm,Amber,,,,False,True,False,False,False,False,False,False,3120,ok
weather_20251121_1400_weather_forecast_ef464154.pdf,2025-11-21,1400,weather_forecast,,24.0,100.0,,True,True,False,False,True,False,False,False,5290,ok
weather_20251122_0530_weather_forecast_9e04b374.pdf,2025-11-22,0530,weather_forecast,,24.0,100.0,,True,True,False,False,True,False,False,False,5419,ok
weather_20251122_1400_weather_forecast_56a7d95b.pdf,2025-11-22,1400,weather_forecast,,24.0,100.0,,True,True,False,False,True,False,False,False,5374,ok
weather_20251122_1430_heavy_rain_f77a99f6.pdf,2025-11-22,1430,heavy_rain,Amber,,100.0,,True,True,False,False,False,False,False,False,1577,ok
weather_20251123_0530_weather_forecast_60c93ceb.pdf,2025-11-23,0530,weather_forecast,,24.0,100.0,,True,True,False,False,True,False,False,False,5044,ok
weather_20251123_0700_weather_forecast_93a1ce39.pdf,2025-11-23,0700,weather_forecast,,24.0,,,False,False,False,False,True,False,False,True,7424,ok
weather_20251123_1200_thunderstorm_9b0ddd87.pdf,2025-11-23,1200,thunderstorm,Amber,,,,False,True,False,False,False,False,False,False,3210,ok
weather_20251123_1300_heavy_rain_920a2a5e.pdf,2025-11-23,1300,heavy_rain,Amber,,100.0,,True,True,False,False,False,False,False,False,1663,ok
weather_20251123_1400_weather_forecast_a2ad4683.pdf,2025-11-23,1400,weather_forecast,,24.0,100.0,,True,True,False,False,True,False,False,False,4946,ok
weather_20251123_1600_weather_forecast_4e403d72.pdf,2025-11-23,1600,weather_forecast,,36.0,100.0,,True,True,False,False,False,False,False,False,5122,ok
weather_20251124_0530_weather_forecast_1e450edb.pdf,2025-11-24,0530,weather_forecast,,24.0,100.0,,True,True,False,False,True,False,False,False,5259,ok
weather_20251124_1400_weather_forecast_1b4cfbc7.pdf,2025-11-24,1400,weather_forecast,,24.0,100.0,40.0,True,True,True,False,True,True,False,False,5143,ok
weather_20251124_1600_weather_forecast_7f3a689d.pdf,2025-11-24,1600,weather_forecast,,36.0,100.0,40.0,True,True,True,False,False,False,False,False,5411,ok
weather_20251125_0530_weather_forecast_6bba4c3d.pdf,2025-11-25,0530,weather_forecast,,24.0,100.0,40.0,True,True,True,False,False,False,False,False,5104,ok
weather_20251125_1030_low_pressure_945fdead.pdf,2025-11-25,1030,low_pressure,Amber,24.0,100.0,60.0,True,True,True,True,False,False,False,False,3508,ok
weather_20251125_1400_weather_forecast_37d3cf80.pdf,2025-11-25,1400,weather_forecast,,24.0,150.0,50.0,True,True,True,False,False,False,False,False,6337,ok
weather_20251125_1530_heavy_rain_f4604402.pdf,2025-11-25,1530,heavy_rain,Red,24.0,150.0,,True,True,False,False,False,False,False,False,2219,ok
weather_20251125_1600_weather_forecast_7615ceeb.pdf,2025-11-25,1600,weather_forecast,,36.0,150.0,50.0,True,True,True,False,False,False,False,False,5730,ok
weather_20251125_2230_low_pressure_07756d1b.pdf,2025-11-25,2230,low_pressure,Red,30.0,150.0,70.0,True,True,True,True,True,False,False,False,4074,ok
weather_20251126_0530_weather_forecast_5b6d044b.pdf,2025-11-26,0530,weather_forecast,,30.0,,,False,True,False,False,True,False,False,False,6276,ok
weather_20251126_0700_weather_forecast_be3aff72.pdf,2025-11-26,0700,weather_forecast,,24.0,,70.0,False,True,True,False,True,False,False,False,9376,ok
weather_20251126_1030_low_pressure_2ee872d0.pdf,2025-11-26,1030,low_pressure,Red,24.0,150.0,70.0,True,True,True,True,True,False,False,False,4100,ok
weather_20251126_1400_weather_forecast_3d01fed6.pdf,2025-11-26,1400,weather_forecast,,24.0,,,False,True,False,True,True,False,False,False,5950,ok
weather_20251126_1600_weather_forecast_b4f993cd.pdf,2025-11-26,1600,weather_forecast,,36.0,150.0,60.0,True,True,True,False,True,False,False,False,5308,ok
weather_20251126_2230_low_pressure_71e6ac1e.pdf,2025-11-26,2230,low_pressure,Red,24.0,150.0,70.0,True,True,True,True,True,False,False,False,4198,ok
weather_20251127_0530_weather_forecast_0a88d42d.pdf,2025-11-27,0530,weather_forecast,,12.0,,,False,True,False,False,True,False,False,False,6590,ok
weather_20251127_0530_weather_forecast_6f06ec3f.pdf,2025-11-27,0530,weather_forecast,,12.0,,,False,True,False,False,True,False,False,False,6590,ok
weather_20251127_1300_depression_276d18bf.pdf,2025-11-27,1300,depression,Red,12.0,200.0,80.0,True,True,True,False,True,True,False,False,7664,ok
weather_20251127_1600_weather_forecast_943acb1f.pdf,2025-11-27,1600,weather_forecast,,36.0,200.0,80.0,True,True,True,False,True,True,False,False,5944,ok
weather_20251128_0500_cyclone_2b804eda.pdf,2025-11-28,0500,cyclone,Red,,200.0,90.0,True,True,True,False,False,True,False,False,15863,ok
weather_20251128_1200_cyclone_040ba751.pdf,2025-11-28,1200,cyclone,Red,,200.0,90.0,True,True,True,False,False,True,False,False,9687,ok
weather_20251128_1400_weather_forecast_bfb00dab.pdf,2025-11-28,1400,weather_forecast,,24.0,200.0,90.0,True,True,True,False,False,True,False,False,5909,ok
weather_20251128_1430_cyclone_0b35228e.pdf,2025-11-28,1430,cyclone,Red,,200.0,90.0,True,True,True,False,False,True,False,False,8058,ok
weather_20251128_1600_weather_forecast_e3bdf5fa.pdf,2025-11-28,1600,weather_forecast,,36.0,200.0,90.0,True,True,True,False,False,True,False,False,5683,ok
weather_20251129_0530_weather_forecast_9c4ef074.pdf,2025-11-29,0530,weather_forecast,,24.0,100.0,90.0,True,True,True,False,False,True,False,False,7171,ok
weather_20251129_0800_cyclone_e5ee0360.pdf,2025-11-29,0800,cyclone,Red,,100.0,90.0,True,True,True,False,True,True,False,False,8886,ok
weather_20251129_1100_cyclone_cc3df390.pdf,2025-11-29,1100,cyclone,Red,,100.0,90.0,True,True,True,False,True,True,False,False,8059,ok
weather_20251129_1400_cyclone_29b0280d.pdf,2025-11-29,1400,cyclone,Red,,100.0,90.0,True,True,True,False,True,True,False,False,8007,ok
weather_20251129_1400_weather_forecast_46720b48.pdf,2025-11-29,1400,weather_forecast,,24.0,50.0,70.0,True,True,True,False,False,True,False,False,6274,ok
weather_20251129_1600_weather_forecast_c89edc03.pdf,2025-11-29,1600,weather_forecast,,36.0,100.0,80.0,True,True,True,False,False,True,False,False,11410,ok
weather_20251129_1700_cyclone_1090a03b.pdf,2025-11-29,1700,cyclone,Red,,100.0,90.0,True,True,True,False,True,True,False,False,13183,ok
weather_20251129_2000_cyclone_4d450241.pdf,2025-11-29,2000,cyclone,Red,,50.0,90.0,True,True,True,False,True,True,False,False,14174,ok
weather_20251130_0530_weather_forecast_7eb0fdb1.pdf,2025-11-30,0530,weather_forecast,,24.0,,60.0,False,False,True,False,False,True,False,False,5501,ok
weather_20251130_0700_weather_forecast_a6069547.pdf,2025-11-30,0700,weather_forecast,,24.0,,,False,False,False,False,False,True,False,True,7166,ok
weather_20251130_1400_weather_forecast_fa599b8a.pdf,2025-11-30,1400,weather_forecast,,24.0,,50.0,False,True,True,False,False,True,False,False,5910,ok
weather_20251130_1600_weather_forecast_aa115572.pdf,2025-11-30,1600,weather_forecast,,24.0,,50.0,False,True,True,False,False,True,False,False,5910,ok
weather_20251201_0530_weather_forecast_e30de6f6.pdf,2025-12-01,0530,weather_forecast,,24.0,,,False,True,False,False,True,False,False,False,5140,ok
weather_20251201_0900_cyclone_67d4e75e.pdf,2025-12-01,0900,cyclone,Amber,,,,False,False,False,False,True,True,False,True,2959,ok
weather_20251201_1400_weather_forecast_126165e1.pdf,2025-12-01,1400,weather_forecast,,24.0,,,False,True,False,False,True,False,False,False,4501,ok
weather_20251201_1600_cyclone_295e2d7f.pdf,2025-12-01,1600,cyclone,Amber,,,,False,False,False,False,True,True,False,True,1934,ok
weather_20251201_1600_weather_forecast_7a579ebe.pdf,2025-12-01,1600,weather_forecast,,36.0,,,False,True,False,False,False,False,False,False,3846,ok
weather_20251202_0530_weather_forecast_9875036f.pdf,2025-12-02,0530,weather_forecast,,24.0,,,False,True,False,False,False,False,False,False,3482,ok
weather_20251202_1400_weather_forecast_e5a46742.pdf,2025-12-02,1400,weather_forecast,,24.0,,,False,True,False,False,False,False,False,False,3573,ok
weather_20251202_1600_weather_forecast_507e3f43.pdf,2025-12-02,1600,weather_forecast,,36.0,,,False,True,False,False,False,False,False,False,4013,ok
weather_20251203_0530_weather_forecast_f1b530df.pdf,2025-12-03,0530,weather_forecast,,24.0,,,False,True,False,False,False,False,False,False,3586,ok
weather_20251203_1400_weather_forecast_683cc283.pdf,2025-12-03,1400,weather_forecast,,24.0,75.0,,True,True,False,False,False,False,False,False,4866,ok
weather_20251203_1600_weather_forecast_65505523.pdf,2025-12-03,1600,weather_forecast,,36.0,75.0,,True,True,False,False,False,False,False,False,4656,ok
weather_20251204_0530_weather_forecast_a1727643.pdf,2025-12-04,0530,weather_forecast,,24.0,75.0,,True,True,False,False,False,False,False,False,4599,ok
weather_20251204_1400_weather_forecast_7793d105.pdf,2025-12-04,1400,weather_forecast,,24.0,50.0,,True,True,False,False,False,False,False,False,5534,ok
weather_20251204_1530_thunderstorm_5a6784a3.pdf,2025-12-04,1530,thunderstorm,Amber,,,,False,True,False,False,False,False,False,False,4512,ok
weather_20251204_1600_weather_forecast_9a6356a0.pdf,2025-12-04,1600,weather_forecast,,36.0,50.0,,True,True,False,False,False,False,False,False,4706,ok
weather_20251205_0530_weather_forecast_5f554017.pdf,2025-12-05,0530,weather_forecast,,24.0,75.0,,True,True,False,False,False,False,False,False,9538,ok
weather_20251205_1215_thunderstorm_9cb6740b.pdf,2025-12-05,1215,thunderstorm,Amber,,,,False,True,False,False,False,False,False,False,3065,ok
weather_20251205_1400_weather_forecast_ed186da6.pdf,2025-12-05,1400,weather_forecast,,24.0,,,False,True,False,False,False,False,False,False,4290,ok
weather_20251205_1600_weather_forecast_c0df7cfe.pdf,2025-12-05,1600,weather_forecast,,36.0,,,False,True,False,False,False,False,False,False,7537,ok
weather_20251206_0530_weather_forecast_0e114eed.pdf,2025-12-06,0530,weather_forecast,,24.0,,,False,True,False,False,False,False,False,False,6200,ok
weather_20251206_1215_thunderstorm_a99ecb4f.pdf,2025-12-06,1215,thunderstorm,Amber,,,,False,True,False,False,False,False,False,False,4525,ok
weather_20251206_1400_weather_forecast_06b5b71d.pdf,2025-12-06,1400,weather_forecast,,24.0,50.0,,True,True,False,False,False,False,False,False,5957,ok
weather_20251206_1600_weather_forecast_8d6d039c.pdf,2025-12-06,1600,weather_forecast,,36.0,50.0,,True,True,False,False,False,False,False,False,6290,ok
weather_20251207_0530_weather_forecast_135c6bb6.pdf,2025-12-07,0530,weather_forecast,,24.0,50.0,,True,True,False,False,False,False,False,False,6142,ok
weather_20251207_1200_thunderstorm_2a51282f.pdf,2025-12-07,1200,thunderstorm,Amber,,,,False,True,False,False,False,False,False,False,4531,ok
weather_20251207_1400_weather_forecast_230a3fc8.pdf,2025-12-07,1400,weather_forecast,,24.0,75.0,,True,True,False,False,False,False,False,False,5652,ok
weather_20251207_1600_weather_forecast_2d97a093.pdf,2025-12-07,1600,weather_forecast,,36.0,75.0,,True,True,False,False,False,False,False,False,6058,ok
weather_20251208_0530_weather_forecast_26b95787.pdf,2025-12-08,0530,weather_forecast,,24.0,50.0,,True,True,False,False,False,False,False,False,5916,ok
weather_20251208_0700_weather_forecast_c523bb7f.pdf,2025-12-08,0700,weather_forecast,,24.0,,,False,False,False,False,False,False,False,True,6835,ok
weather_20251208_1200_thunderstorm_9b97bc57.pdf,2025-12-08,1200,thunderstorm,Amber,,,,False,True,False,False,False,False,False,False,7189,ok
weather_20251208_1600_weather_forecast_925eb473.pdf,2025-12-08,1600,weather_forecast,,36.0,75.0,,True,True,False,False,False,False,False,False,6204,ok
weather_20251209_0530_weather_forecast_36cd06bd.pdf,2025-12-09,0530,weather_forecast,,24.0,100.0,40.0,True,True,True,False,False,False,False,False,10002,ok
weather_20251209_0730_heavy_rain_48b73bfa.pdf,2025-12-09,0730,heavy_rain,Amber,24.0,100.0,,True,True,False,False,False,False,False,False,4291,ok
weather_20251209_1400_weather_forecast_5d1dcb73.pdf,2025-12-09,1400,weather_forecast,,24.0,75.0,40.0,True,True,True,False,False,False,False,False,6309,ok
weather_20251209_1600_weather_forecast_7c5cfe5b.pdf,2025-12-09,1600,weather_forecast,,36.0,75.0,40.0,True,True,True,False,False,False,False,False,6613,ok
weather_20251209_1600_weather_forecast_8d91933f.pdf,2025-12-09,1600,weather_forecast,,36.0,75.0,40.0,True,True,True,False,False,False,False,False,5118,ok
weather_20251209_1600_weather_forecast_f2bfb46b.pdf,2025-12-09,1600,weather_forecast,,,,,False,False,False,False,False,False,False,False,1498,ok
weather_20251210_0530_weather_forecast_e83f3767.pdf,2025-12-10,0530,weather_forecast,,24.0,100.0,40.0,True,True,True,False,False,False,False,False,6436,ok
weather_20251210_0830_heavy_rain_609d3898.pdf,2025-12-10,0830,heavy_rain,Amber,,100.0,,True,True,False,False,False,False,False,False,3267,ok
weather_20251210_1200_thunderstorm_c2b0b12f.pdf,2025-12-10,1200,thunderstorm,Amber,,,,False,True,False,False,False,False,False,False,7191,ok
weather_20251210_1400_weather_forecast_62f70524.pdf,2025-12-10,1400,weather_forecast,,24.0,100.0,40.0,True,True,True,False,False,False,False,False,10584,ok
weather_20251210_1600_weather_forecast_59c21b6e.pdf,2025-12-10,1600,weather_forecast,,36.0,100.0,40.0,True,True,True,False,False,False,False,False,6454,ok
weather_20251211_0530_weather_forecast_d37bc637.pdf,2025-12-11,0530,weather_forecast,,24.0,50.0,,True,True,False,False,False,False,False,False,5800,ok
weather_20251211_1230_thunderstorm_37f9531a.pdf,2025-12-11,1230,thunderstorm,Amber,,,,False,True,False,False,False,False,False,False,7111,ok
weather_20251211_1400_weather_forecast_57c301fc.pdf,2025-12-11,1400,weather_forecast,,24.0,,,False,True,False,False,False,False,False,False,5951,ok
weather_20251211_1600_weather_forecast_d8f37417.pdf,2025-12-11,1600,weather_forecast,,36.0,,,False,True,False,False,False,False,False,False,6156,ok
weather_20251212_0530_weather_forecast_058f9a93.pdf,2025-12-12,0530,weather_forecast,,24.0,75.0,,True,True,False,False,False,False,False,False,6151,ok
weather_20251212_1230_thunderstorm_d103b4fc.pdf,2025-12-12,1230,thunderstorm,Amber,,,,False,True,False,False,False,False,False,False,4504,ok
weather_20251212_1400_weather_forecast_a23c8f70.pdf,2025-12-12,1400,weather_forecast,,24.0,50.0,40.0,True,True,True,False,False,False,False,False,9970,ok
weather_20251212_1600_weather_forecast_0d7c63a3.pdf,2025-12-12,1600,weather_forecast,,36.0,50.0,40.0,True,True,True,False,False,False,False,False,7987,ok
weather_20251213_0530_weather_forecast_5b555f35.pdf,2025-12-13,0530,weather_forecast,,24.0,50.0,40.0,True,True,True,False,False,False,False,False,4820,ok
weather_20251213_0530_weather_forecast_c9fd8b34.pdf,2025-12-13,0530,weather_forecast,,,,,False,False,False,False,False,False,False,False,4018,ok
weather_20251213_1230_thunderstorm_71d68910.pdf,2025-12-13,1230,thunderstorm,Amber,,,,False,True,False,False,False,False,False,False,7109,ok
weather_20251213_1400_weather_forecast_e6449220.pdf,2025-12-13,1400,weather_forecast,,24.0,,40.0,False,True,True,False,False,False,False,False,6129,ok
weather_20251213_1630_weather_forecast_eeeea51a.pdf,2025-12-13,1630,weather_forecast,,36.0,,40.0,False,True,True,False,False,False,False,False,7978,ok
weather_20251214_0530_weather_forecast_539b757b.pdf,2025-12-14,0530,weather_forecast,,24.0,,40.0,False,True,True,False,False,False,False,False,6126,ok
weather_20251214_1400_weather_forecast_1e7b6c78.pdf,2025-12-14,1400,weather_forecast,,24.0,,40.0,False,True,True,False,False,False,False,False,10528,ok
weather_20251214_1400_weather_forecast_e2fc2822.pdf,2025-12-14,1400,weather_forecast,,24.0,,40.0,False,True,True,False,False,False,False,False,10528,ok
weather_20251214_1600_weather_forecast_b8437d85.pdf,2025-12-14,1600,weather_forecast,,36.0,,40.0,False,True,True,False,False,False,False,False,4779,ok
weather_20251215_0530_weather_forecast_2915a142.pdf,2025-12-15,0530,weather_forecast,,24.0,,40.0,False,True,True,False,False,False,False,False,6459,ok
weather_20251215_1400_weather_forecast_513abeb2.pdf,2025-12-15,1400,weather_forecast,,24.0,,40.0,False,True,True,False,False,False,False,False,10411,ok
weather_20251215_1600_weather_forecast_18856d8f.pdf,2025-12-15,1600,weather_forecast,,36.0,50.0,40.0,True,True,True,False,False,False,False,False,6368,ok
weather_20251216_0530_weather_forecast_3308168f.pdf,2025-12-16,0530,weather_forecast,,24.0,50.0,40.0,True,True,True,False,False,False,False,False,6669,ok
weather_20251216_1400_weather_forecast_0374a5c5.pdf,2025-12-16,1400,weather_forecast,,24.0,100.0,50.0,True,True,True,False,False,False,False,False,11605,ok
weather_20251216_1600_heavy_rain_4933f599.pdf,2025-12-16,1600,heavy_rain,Amber,,100.0,,True,True,False,False,False,False,False,False,3276,ok
weather_20251216_1600_weather_forecast_908ef423.pdf,2025-12-16,1600,weather_forecast,,36.0,100.0,50.0,True,True,True,False,False,False,False,False,7448,ok
weather_20251217_0530_weather_forecast_c600dc20.pdf,2025-12-17,0530,weather_forecast,,24.0,100.0,50.0,True,True,True,False,False,False,False,False,5407,ok
weather_20251217_1400_weather_forecast_22834bbe.pdf,2025-12-17,1400,weather_forecast,,24.0,100.0,50.0,True,True,True,False,False,False,False,False,11741,ok
weather_20251217_1600_weather_forecast_65a84dd5.pdf,2025-12-17,1600,weather_forecast,,36.0,100.0,50.0,True,True,True,False,False,False,False,False,6596,ok
weather_20251218_0530_weather_forecast_3efd47b2.pdf,2025-12-18,0530,weather_forecast,,24.0,75.0,50.0,True,True,True,False,False,False,False,False,6880,ok
weather_20251218_1400_weather_forecast_1742ee8a.pdf,2025-12-18,1400,weather_forecast,,24.0,75.0,40.0,True,True,True,False,False,False,False,False,6423,ok
weather_20251218_1600_weather_forecast_e9fa8b56.pdf,2025-12-18,1600,weather_forecast,,36.0,75.0,40.0,True,True,True,False,False,False,False,False,6169,ok
weather_20251218_1700_weather_forecast_122864c9.pdf,2025-12-18,1700,weather_forecast,,,,,False,False,False,False,False,False,False,False,1991,ok
weather_20251219_0530_weather_forecast_3107a449.pdf,2025-12-19,0530,weather_forecast,,24.0,75.0,40.0,True,True,True,False,False,False,False,False,6511,ok
weather_20251219_1400_weather_forecast_a231014b.pdf,2025-12-19,1400,weather_forecast,,24.0,,40.0,False,True,True,False,False,False,False,False,6020,ok
weather_20251219_1600_weather_forecast_e0b980bd.pdf,2025-12-19,1600,weather_forecast,,36.0,,40.0,False,True,True,False,False,False,False,False,6023,ok
weather_20251220_0530_weather_forecast_847f4691.pdf,2025-12-20,0530,weather_forecast,,24.0,,40.0,False,True,True,False,False,False,False,False,6290,ok
weather_20251220_0700_weather_forecast_93e8da61.pdf,2025-12-20,0700,weather_forecast,,24.0,,,False,False,False,False,False,False,False,True,5264,ok
weather_20251220_1400_weather_forecast_fdecdd59.pdf,2025-12-20,1400,weather_forecast,,24.0,,40.0,False,True,True,False,False,False,False,False,9288,ok
weather_20251220_1600_weather_forecast_4fd763d8.pdf,2025-12-20,1600,weather_forecast,,36.0,,40.0,False,True,True,False,False,False,False,False,7870,ok
weather_20251221_1400_weather_forecast_69baace0.pdf,2025-12-21,1400,weather_forecast,,24.0,,40.0,False,True,True,False,False,False,False,False,5918,ok
weather_20251221_1600_weather_forecast_0b843d39.pdf,2025-12-21,1600,weather_forecast,,36.0,,40.0,False,True,True,False,False,False,False,False,6063,ok
weather_20251221_1800_weather_forecast_0363c7ba.pdf,2025-12-21,1800,weather_forecast,,,,,False,False,False,False,False,False,False,False,1897,ok
weather_20251222_0530_weather_forecast_7eabe3ef.pdf,2025-12-22,0530,weather_forecast,,24.0,,40.0,False,False,True,False,False,False,False,False,5212,ok
weather_20251222_0700_weather_forecast_f334d561.pdf,2025-12-22,0700,weather_forecast,,24.0,,,False,False,False,False,False,False,False,True,6614,ok
weather_20251222_1400_weather_forecast_06315e3c.pdf,2025-12-22,1400,weather_forecast,,24.0,,,False,False,False,False,False,False,False,False,4910,ok
weather_20251222_1600_weather_forecast_4719b85b.pdf,2025-12-22,1600,weather_forecast,,36.0,,,False,True,False,False,False,False,False,False,5057,ok
weather_20251223_0530_weather_forecast_72512ba0.pdf,2025-12-23,0530,weather_forecast,,24.0,,,False,True,False,False,False,False,False,False,5714,ok
weather_20251223_1400_weather_forecast_40c30c7a.pdf,2025-12-23,1400,weather_forecast,,24.0,,,False,True,False,False,False,False,False,False,5046,ok
weather_20251223_1600_weather_forecast_506b555a.pdf,2025-12-23,1600,weather_forecast,,36.0,,,False,True,False,False,False,False,False,False,5256,ok
weather_20251224_0530_weather_forecast_506d7f93.pdf,2025-12-24,0530,weather_forecast,,24.0,50.0,,True,True,False,False,False,False,False,False,5568,ok
weather_20251224_0700_weather_forecast_7ac8d250.pdf,2025-12-24,0700,weather_forecast,,24.0,,,False,False,False,False,False,False,False,True,6799,ok
weather_20251224_1400_weather_forecast_9b4618a6.pdf,2025-12-24,1400,weather_forecast,,24.0,50.0,,True,True,False,False,False,False,False,False,5468,ok
weather_20251224_1600_weather_forecast_bfaaca53.pdf,2025-12-24,1600,weather_forecast,,36.0,50.0,,True,True,False,False,False,False,False,False,5590,ok
weather_20251224_1730_weather_forecast_b307bb8e.pdf,2025-12-24,1730,weather_forecast,,,,,False,False,False,False,False,False,False,False,3545,ok
weather_20251225_0530_weather_forecast_35a487a9.pdf,2025-12-25,0530,weather_forecast,,24.0,50.0,,True,True,False,False,False,False,False,False,5503,ok
weather_20251225_1400_weather_forecast_79b54ba2.pdf,2025-12-25,1400,weather_forecast,,24.0,50.0,,True,True,False,False,False,False,False,False,9427,ok
weather_20251225_1600_weather_forecast_5a24493b.pdf,2025-12-25,1600,weather_forecast,,36.0,50.0,,True,True,False,False,False,False,False,False,5620,ok
weather_20251226_0530_weather_forecast_9fc18bb6.pdf,2025-12-26,0530,weather_forecast,,24.0,50.0,40.0,True,True,True,False,False,False,False,False,4722,ok
weather_20251226_1400_weather_forecast_d7861aa5.pdf,2025-12-26,1400,weather_forecast,,24.0,,40.0,False,True,True,False,False,False,False,False,6025,ok
weather_20251226_1600_weather_forecast_71aebe83.pdf,2025-12-26,1600,weather_forecast,,36.0,,40.0,False,True,True,False,False,False,False,False,7619,ok
weather_20251227_0530_weather_forecast_1c754f3d.pdf,2025-12-27,0530,weather_forecast,,24.0,,40.0,False,True,True,False,False,False,False,False,9973,ok
weather_20251227_1600_weather_forecast_3755a676.pdf,2025-12-27,1600,weather_forecast,,36.0,50.0,40.0,True,True,True,False,False,False,False,False,4709,ok
weather_20251227_1600_weather_forecast_789d2fae.pdf,2025-12-27,1600,weather_forecast,,,,,False,False,False,False,False,False,False,False,2045,ok
weather_20251228_0530_weather_forecast_8b027a6d.pdf,2025-12-28,0530,weather_forecast,,24.0,50.0,40.0,True,True,True,False,False,False,False,False,6270,ok
weather_20251228_1400_weather_forecast_2a1e52c4.pdf,2025-12-28,1400,weather_forecast,,24.0,50.0,40.0,True,True,True,False,False,False,False,False,4863,ok
weather_20251228_1600_weather_forecast_8e51a54c.pdf,2025-12-28,1600,weather_forecast,,,,,False,False,False,False,False,False,False,False,1524,ok
weather_20251229_0530_weather_forecast_2004a685.pdf,2025-12-29,0530,weather_forecast,,24.0,50.0,40.0,True,True,True,False,False,False,False,False,6450,ok
weather_20251229_1600_weather_forecast_6e35a137.pdf,2025-12-29,1600,weather_forecast,,36.0,50.0,40.0,True,True,True,False,False,False,False,False,4763,ok
weather_20251230_0530_weather_forecast_e5f713e0.pdf,2025-12-30,0530,weather_forecast,,24.0,50.0,40.0,True,True,True,False,False,False,False,False,5851,ok
weather_20251230_1400_weather_forecast_77db6fd4.pdf,2025-12-30,1400,weather_forecast,,24.0,75.0,,True,True,False,False,False,False,False,False,5335,ok
weather_20251230_1600_weather_forecast_b97985c0.pdf,2025-12-30,1600,weather_forecast,,36.0,75.0,,True,True,False,False,False,False,False,False,5174,ok
weather_20251231_0530_weather_forecast_94d4b66c.pdf,2025-12-31,0530,weather_forecast,,24.0,75.0,,True,True,False,False,False,False,False,False,5774,ok
weather_20251231_1400_weather_forecast_77641261.pdf,2025-12-31,1400,weather_forecast,,24.0,75.0,,True,True,False,False,False,False,False,False,5796,ok
weather_20251231_1600_weather_forecast_ad0c41da.pdf,2025-12-31,1600,weather_forecast,,36.0,100.0,,True,True,False,False,False,False,False,False,5703,ok
weather_20260101_0530_weather_forecast_386260cd.pdf,2026-01-01,0530,weather_forecast,,24.0,75.0,,True,True,False,False,False,False,False,False,6011,ok
weather_20260101_1400_weather_forecast_3cd41cfe.pdf,2026-01-01,1400,weather_forecast,,24.0,50.0,,True,True,False,False,False,False,False,False,10064,ok
weather_20260101_1600_weather_forecast_058b7a6a.pdf,2026-01-01,1600,weather_forecast,,36.0,50.0,,True,True,False,False,False,False,False,False,5724,ok
weather_20260102_0530_weather_forecast_bb345aa7.pdf,2026-01-02,0530,weather_forecast,,24.0,75.0,,True,True,False,False,False,False,False,False,6855,ok
weather_20260102_1400_weather_forecast_95db550a.pdf,2026-01-02,1400,weather_forecast,,24.0,75.0,,True,True,False,False,False,False,False,False,10749,ok
weather_20260102_1600_weather_forecast_a63caa94.pdf,2026-01-02,1600,weather_forecast,,36.0,75.0,,True,True,False,False,False,False,False,False,5669,ok
weather_20260103_0530_weather_forecast_000e09a8.pdf,2026-01-03,0530,weather_forecast,,24.0,75.0,40.0,True,True,True,False,False,False,False,False,6854,ok
weather_20260103_1400_weather_forecast_d5b0943d.pdf,2026-01-03,1400,weather_forecast,,24.0,,50.0,False,True,True,False,False,False,False,False,9831,ok
weather_20260103_1600_weather_forecast_ecb589ea.pdf,2026-01-03,1600,weather_forecast,,36.0,,50.0,False,True,True,False,False,False,False,False,5753,ok
weather_20260104_0530_weather_forecast_e12206a3.pdf,2026-01-04,0530,weather_forecast,,24.0,,50.0,False,True,True,False,False,False,False,False,6631,ok
weather_20260104_1400_weather_forecast_a62ff39a.pdf,2026-01-04,1400,weather_forecast,,24.0,50.0,50.0,True,True,True,False,False,False,False,False,7060,ok
weather_20260104_1600_weather_forecast_131ab85e.pdf,2026-01-04,1600,weather_forecast,,36.0,50.0,50.0,True,True,True,False,False,False,False,False,6105,ok
weather_20260105_0530_weather_forecast_d0c17a03.pdf,2026-01-05,0530,weather_forecast,,24.0,50.0,50.0,True,True,True,False,False,False,False,False,7111,ok
weather_20260105_1400_weather_forecast_ee293fee.pdf,2026-01-05,1400,weather_forecast,,24.0,75.0,50.0,True,True,True,False,False,False,False,False,7438,ok
weather_20260105_1530_weather_forecast_a362c82f.pdf,2026-01-05,1530,weather_forecast,,,,,False,False,False,False,False,False,False,False,2952,ok
weather_20260105_1600_weather_forecast_ca77ce29.pdf,2026-01-05,1600,weather_forecast,,36.0,75.0,50.0,True,True,True,False,False,False,False,False,5879,ok
weather_20260106_0530_weather_forecast_e9b202ab.pdf,2026-01-06,0530,weather_forecast,,24.0,,,False,True,False,False,False,False,False,False,7295,ok
weather_20260106_1330_low_pressure_3bc94933.pdf,2026-01-06,1330,low_pressure,Amber,24.0,100.0,60.0,True,True,True,True,True,False,False,False,6759,ok
weather_20260106_1600_weather_forecast_260c47b4.pdf,2026-01-06,1600,weather_forecast,,36.0,100.0,50.0,True,True,True,False,True,False,False,False,9761,ok
weather_20260107_0530_weather_forecast_06c7b680.pdf,2026-01-07,0530,weather_forecast,,12.0,,,False,True,False,False,True,False,False,False,8944,ok
weather_20260107_1330_depression_06f4f187.pdf,2026-01-07,1330,depression,Amber,24.0,100.0,70.0,True,True,True,False,True,False,False,False,18122,ok
weather_20260107_1545_weather_forecast_4d0a27bc.pdf,2026-01-07,1545,weather_forecast,,24.0,,,False,True,False,False,True,False,False,False,10919,ok
weather_20260107_1600_weather_forecast_7cfe000b.pdf,2026-01-07,1600,weather_forecast,,36.0,100.0,60.0,True,True,True,False,True,False,False,False,7978,ok
weather_20260107_2300_depression_2a7e73b9.pdf,2026-01-07,2300,depression,,,,,False,False,False,False,True,False,False,False,11697,ok
weather_20260108_0530_weather_forecast_2ee05272.pdf,2026-01-08,0530,weather_forecast,,24.0,,,False,True,False,False,True,False,False,False,9196,ok
weather_20260108_0530_weather_forecast_ed4b1653.pdf,2026-01-08,0530,weather_forecast,,24.0,,,False,True,False,False,True,False,False,False,9265,ok
weather_20260108_0730_weather_forecast_53c1d254.pdf,2026-01-08,0730,weather_forecast,,,,,False,False,False,False,False,False,False,False,6189,ok
weather_20260108_1030_depression_930f054c.pdf,2026-01-08,1030,depression,Red,,150.0,70.0,True,True,True,False,True,False,False,False,32823,ok
weather_20260108_1530_depression_5b43949e.pdf,2026-01-08,1530,depression,,,,,False,False,False,False,True,False,False,False,11607,ok
weather_20260108_1600_weather_forecast_490f5ce9.pdf,2026-01-08,1600,weather_forecast,,36.0,150.0,70.0,True,True,True,False,True,False,False,False,10096,ok
weather_20260108_1830_depression_935d5c73.pdf,2026-01-08,1830,depression,Red,,150.0,70.0,True,True,True,False,True,False,False,False,32221,ok
weather_20260108_2200_depression_5fdc25bf.pdf,2026-01-08,2200,depression,Red,,150.0,70.0,True,True,True,False,True,False,False,False,21302,ok
weather_20260109_0130_depression_d8b9b9c2.pdf,2026-01-09,0130,depression,Red,24.0,150.0,70.0,True,True,True,False,True,True,False,False,19450,ok
weather_20260109_0400_weather_forecast_6e14f094.pdf,2026-01-09,0400,weather_forecast,,,,,False,False,False,False,False,False,False,False,9308,ok
weather_20260109_0530_weather_forecast_6bd290f1.pdf,2026-01-09,0530,weather_forecast,,24.0,,,False,True,False,False,True,False,False,False,7527,ok
weather_20260109_0700_depression_9a84af3b.pdf,2026-01-09,0700,depression,Red,,100.0,60.0,True,True,True,False,True,False,False,False,19559,ok
weather_20260109_1030_depression_f7f3ba85.pdf,2026-01-09,1030,depression,Red,,100.0,60.0,True,True,True,False,True,False,False,False,18013,ok
weather_20260109_1330_depression_1e99a646.pdf,2026-01-09,1330,depression,Red,,100.0,60.0,True,True,True,False,True,False,False,False,16369,ok
weather_20260109_1400_weather_forecast_8aa417ff.pdf,2026-01-09,1400,weather_forecast,,24.0,,,False,True,False,False,True,False,False,False,7250,ok
weather_20260109_1600_weather_forecast_c2d57c16.pdf,2026-01-09,1600,weather_forecast,,36.0,100.0,70.0,True,True,True,False,True,False,False,False,5110,ok
weather_20260109_1630_depression_333f7c60.pdf,2026-01-09,1630,depression,,,,,False,False,False,False,True,False,False,False,8851,ok
weather_20260109_1630_depression_3cca402a.pdf,2026-01-09,1630,depression,Red,,100.0,60.0,True,True,True,False,True,False,False,False,7916,ok
weather_20260109_1930_depression_0d33e068.pdf,2026-01-09,1930,depression,Red,,100.0,60.0,True,True,True,False,True,False,False,False,27913,ok
weather_20260109_2230_depression_fa78a842.pdf,2026-01-09,2230,depression,Red,,100.0,60.0,True,True,True,False,True,False,False,False,26786,ok
weather_20260110_0130_depression_40e680fe.pdf,2026-01-10,0130,depression,Red,,100.0,50.0,True,True,True,False,True,False,False,False,17340,ok
weather_20260110_0530_weather_forecast_5f8b6038.pdf,2026-01-10,0530,weather_forecast,,24.0,,,False,True,False,False,True,False,False,False,10125,ok
weather_20260110_0815_depression_dc3a4806.pdf,2026-01-10,0815,depression,Red,24.0,100.0,70.0,True,True,True,False,True,False,False,False,6978,ok
weather_20260110_1100_depression_5b75c513.pdf,2026-01-10,1100,depression,Red,24.0,100.0,70.0,True,True,True,True,True,False,False,False,7775,ok
weather_20260110_1400_weather_forecast_1e9bdd31.pdf,2026-01-10,1400,weather_forecast,,24.0,,,False,True,False,False,True,False,False,False,7582,ok
weather_20260110_1440_depression_837d3e16.pdf,2026-01-10,1440,depression,Red,24.0,100.0,70.0,True,True,True,False,True,False,False,False,7651,ok
weather_20260110_1600_weather_forecast_44ba51ad.pdf,2026-01-10,1600,weather_forecast,,36.0,,40.0,False,True,True,False,True,False,False,False,4651,ok
weather_20260110_1800_depression_6bfb4a28.pdf,2026-01-10,1800,depression,Red,24.0,100.0,70.0,True,True,True,False,True,False,False,False,9304,ok
weather_20260110_2330_depression_7e272a12.pdf,2026-01-10,2330,depression,Red,24.0,100.0,70.0,True,True,True,False,True,False,False,False,9413,ok
weather_20260111_0230_depression_a731db5e.pdf,2026-01-11,0230,depression,Amber,,,,False,False,False,False,True,False,False,True,4213,ok
weather_20260111_0530_depression_ba185abb.pdf,2026-01-11,0530,depression,Amber,,,,False,False,False,True,True,False,False,True,4318,ok
weather_20260111_1400_weather_forecast_6d1760c6.pdf,2026-01-11,1400,weather_forecast,,24.0,50.0,,True,True,False,False,False,False,False,False,4461,ok
weather_20260111_1600_weather_forecast_8d340958.pdf,2026-01-11,1600,weather_forecast,,36.0,50.0,,True,True,False,False,False,False,False,False,5279,ok
weather_20260112_0530_weather_forecast_fffd5c7e.pdf,2026-01-12,0530,weather_forecast,,24.0,75.0,,True,True,False,False,False,False,False,False,6168,ok
weather_20260112_1100_thunderstorm_a5a97963.pdf,2026-01-12,1100,thunderstorm,Amber,,,,False,True,False,False,False,False,False,False,4650,ok
weather_20260112_1400_weather_forecast_bbee31ff.pdf,2026-01-12,1400,weather_forecast,,24.0,50.0,,True,True,False,False,False,False,False,False,4497,ok
weather_20260112_1600_weather_forecast_ba0e47cd.pdf,2026-01-12,1600,weather_forecast,,36.0,50.0,,True,True,False,False,False,False,False,False,5424,ok
weather_20260113_0530_weather_forecast_453034fa.pdf,2026-01-13,0530,weather_forecast,,24.0,50.0,,True,True,False,False,False,False,False,False,6002,ok
weather_20260113_1300_thunderstorm_66a1a560.pdf,2026-01-13,1300,thunderstorm,Amber,,,,False,True,False,False,False,False,False,False,4581,ok
weather_20260113_1400_weather_forecast_899d4d72.pdf,2026-01-13,1400,weather_forecast,,24.0,,,False,True,False,False,False,False,False,False,4472,ok
weather_20260113_1600_weather_forecast_d0457e60.pdf,2026-01-13,1600,weather_forecast,,36.0,,,False,True,False,False,False,False,False,False,3626,ok
weather_20260114_0530_weather_forecast_68079e34.pdf,2026-01-14,0530,weather_forecast,,24.0,,,False,True,False,False,False,False,False,False,5947,ok
weather_20260114_1300_thunderstorm_e17ca295.pdf,2026-01-14,1300,thunderstorm,Amber,,,,False,True,False,False,False,False,False,False,1348,ok
weather_20260114_1300_thunderstorm_ec9723e9.pdf,2026-01-14,1300,thunderstorm,,,,,False,True,False,False,False,False,False,False,1540,ok
weather_20260114_1400_weather_forecast_7845eb06.pdf,2026-01-14,1400,weather_forecast,,24.0,,,False,True,False,False,False,False,False,False,3554,ok
weather_20260114_1600_weather_forecast_181ea307.pdf,2026-01-14,1600,weather_forecast,,36.0,,,False,True,False,False,False,False,False,False,4604,ok
weather_20260115_0530_weather_forecast_493498b0.pdf,2026-01-15,0530,weather_forecast,,24.0,,,False,True,False,False,False,False,False,False,5123,ok
weather_20260115_1400_weather_forecast_fbb027b9.pdf,2026-01-15,1400,weather_forecast,,24.0,,,False,True,False,False,False,False,False,False,5139,ok
weather_20260115_1600_weather_forecast_98bff504.pdf,2026-01-15,1600,weather_forecast,,36.0,,,False,True,False,False,False,False,False,False,5723,ok
weather_20260116_0530_weather_forecast_a6c15bb5.pdf,2026-01-16,0530,weather_forecast,,24.0,,,False,False,False,False,False,False,False,False,4661,ok
weather_20260116_1400_weather_forecast_8b92940b.pdf,2026-01-16,1400,weather_forecast,,24.0,,,False,False,False,False,False,False,False,False,4827,ok
weather_20260116_1600_weather_forecast_0cd0827b.pdf,2026-01-16,1600,weather_forecast,,36.0,,,False,True,False,False,False,False,False,False,4513,ok
weather_20260117_0530_weather_forecast_197d23c8.pdf,2026-01-17,0530,weather_forecast,,24.0,,,False,False,False,False,False,False,False,False,4845,ok
weather_20260117_1400_weather_forecast_cfeb27e6.pdf,2026-01-17,1400,weather_forecast,,24.0,,,False,False,False,False,False,False,False,False,4505,ok
weather_20260117_1600_weather_forecast_a8eccf5c.pdf,2026-01-17,1600,weather_forecast,,36.0,,,False,False,False,False,False,False,False,False,3913,ok
weather_20260118_0530_weather_forecast_598941a6.pdf,2026-01-18,0530,weather_forecast,,24.0,,,False,False,False,False,False,False,False,False,3347,ok
weather_20260118_1400_weather_forecast_c02ae162.pdf,2026-01-18,1400,weather_forecast,,24.0,,,False,False,False,False,False,False,False,False,3895,ok
weather_20260118_1600_weather_forecast_7e18bb91.pdf,2026-01-18,1600,weather_forecast,,36.0,,,False,False,False,False,False,False,False,False,3973,ok
weather_20260119_0530_weather_forecast_80a59be5.pdf,2026-01-19,0530,weather_forecast,,24.0,,,False,False,False,False,False,False,False,False,3955,ok
weather_20260119_1400_weather_forecast_dd426a76.pdf,2026-01-19,1400,weather_forecast,,24.0,,,False,False,False,False,False,False,False,False,4533,ok
weather_20260119_1600_weather_forecast_f8d51819.pdf,2026-01-19,1600,weather_forecast,,36.0,,,False,False,False,False,False,False,False,False,3921,ok
weather_20260120_0530_weather_forecast_97be772a.pdf,2026-01-20,0530,weather_forecast,,24.0,,,False,False,False,False,False,False,False,False,4573,ok
weather_20260120_1400_weather_forecast_6279e870.pdf,2026-01-20,1400,weather_forecast,,24.0,,,False,False,False,False,False,False,False,False,4677,ok
weather_20260120_1600_weather_forecast_f5cc20ed.pdf,2026-01-20,1600,weather_forecast,,36.0,,,False,False,False,False,False,False,False,False,4082,ok
weather_20260121_0530_weather_forecast_91394364.pdf,2026-01-21,0530,weather_forecast,,24.0,,,False,False,False,False,False,False,False,False,4678,ok
weather_20260121_1400_weather_forecast_16a48a19.pdf,2026-01-21,1400,weather_forecast,,24.0,,,False,False,False,False,False,False,False,False,4656,ok
weather_20260121_1600_weather_forecast_a0aab528.pdf,2026-01-21,1600,weather_forecast,,36.0,,,False,False,False,False,False,False,False,False,4100,ok
weather_20260122_0530_weather_forecast_52fba65c.pdf,2026-01-22,0530,weather_forecast,,24.0,,,False,False,False,False,False,False,False,False,4743,ok
weather_20260122_1400_weather_forecast_8f3a5ebf.pdf,2026-01-22,1400,weather_forecast,,24.0,50.0,,True,True,False,False,False,False,False,False,4888,ok
weather_20260122_1600_weather_forecast_26d90e4b.pdf,2026-01-22,1600,weather_forecast,,36.0,50.0,,True,True,False,False,False,False,False,False,4615,ok
weather_20260123_0530_weather_forecast_5b5da66f.pdf,2026-01-23,0530,weather_forecast,,24.0,,,False,True,False,False,False,False,False,False,4782,ok
weather_20260123_1400_weather_forecast_ceb105ce.pdf,2026-01-23,1400,weather_forecast,,24.0,50.0,,True,True,False,False,False,False,False,False,5402,ok
weather_20260124_0530_weather_forecast_3dac1190.pdf,2026-01-24,0530,weather_forecast,,24.0,50.0,,True,True,False,False,False,False,False,False,5519,ok
weather_20260124_1400_weather_forecast_ae18a750.pdf,2026-01-24,1400,weather_forecast,,24.0,50.0,,True,True,False,False,False,False,False,False,5479,ok
weather_20260124_1600_weather_forecast_217173a7.pdf,2026-01-24,1600,weather_forecast,,36.0,50.0,,True,True,False,False,False,False,False,False,5047,ok
weather_20260125_0530_weather_forecast_699c986c.pdf,2026-01-25,0530,weather_forecast,,24.0,,,False,True,False,False,False,False,False,False,4941,ok
weather_20260125_1400_weather_forecast_473e764f.pdf,2026-01-25,1400,weather_forecast,,24.0,50.0,,True,True,False,False,False,False,False,False,5768,ok
weather_20260125_1600_weather_forecast_9fc9ecee.pdf,2026-01-25,1600,weather_forecast,,36.0,50.0,,True,True,False,False,False,False,False,False,4956,ok
weather_20260126_0530_weather_forecast_2f1338de.pdf,2026-01-26,0530,weather_forecast,,24.0,50.0,40.0,True,True,True,False,False,False,False,False,4958,ok
weather_20260126_1400_weather_forecast_87ddcdc2.pdf,2026-01-26,1400,weather_forecast,,24.0,,40.0,False,True,True,False,False,False,False,False,5260,ok
weather_20260126_1600_weather_forecast_cb09ad09.pdf,2026-01-26,1600,weather_forecast,,36.0,,40.0,False,True,True,False,False,False,False,False,5109,ok
weather_20260127_0530_weather_forecast_0269f8f4.pdf,2026-01-27,0530,weather_forecast,,24.0,,40.0,False,True,True,False,False,False,False,False,5121,ok
weather_20260127_1400_weather_forecast_60be9906.pdf,2026-01-27,1400,weather_forecast,,24.0,,40.0,False,False,True,False,False,False,False,False,4647,ok
weather_20260127_1600_weather_forecast_d16df5e8.pdf,2026-01-27,1600,weather_forecast,,36.0,,40.0,False,False,True,False,False,False,False,False,4013,ok
weather_20260128_0530_weather_forecast_abb3535a.pdf,2026-01-28,0530,weather_forecast,,24.0,,40.0,False,False,True,False,False,False,False,False,4667,ok
weather_20260128_1400_weather_forecast_c0a83573.pdf,2026-01-28,1400,weather_forecast,,24.0,,,False,False,False,False,False,False,False,False,3105,ok
weather_20260128_1600_weather_forecast_e6cff516.pdf,2026-01-28,1600,weather_forecast,,36.0,,,False,False,False,False,False,False,False,False,3661,ok
weather_20260129_0530_weather_forecast_5865d7d1.pdf,2026-01-29,0530,weather_forecast,,24.0,,,False,False,False,False,False,False,False,False,4494,ok
weather_20260129_1400_weather_forecast_a5462179.pdf,2026-01-29,1400,weather_forecast,,24.0,,,False,True,False,False,False,False,False,False,5144,ok
weather_20260129_1600_weather_forecast_105843fa.pdf,2026-01-29,1600,weather_forecast,,36.0,,,False,True,False,False,False,False,False,False,5008,ok
weather_20260130_0530_weather_forecast_ae8daff8.pdf,2026-01-30,0530,weather_forecast,,24.0,50.0,,True,True,False,False,False,False,False,False,5665,ok
weather_20260130_1400_weather_forecast_b50b3485.pdf,2026-01-30,1400,weather_forecast,,24.0,50.0,,True,True,False,False,False,False,False,False,5925,ok
weather_20260130_1600_weather_forecast_44816826.pdf,2026-01-30,1600,weather_forecast,,36.0,50.0,,True,True,False,False,False,False,False,False,5060,ok
weather_20260131_0530_weather_forecast_1ec9cad5.pdf,2026-01-31,0530,weather_forecast,,24.0,50.0,,True,True,False,False,False,False,False,False,5947,ok
weather_20260131_1200_thunderstorm_a942f397.pdf,2026-01-31,1200,thunderstorm,Amber,,,,False,True,False,False,False,False,False,False,4613,ok
weather_20260131_1400_weather_forecast_01220887.pdf,2026-01-31,1400,weather_forecast,,24.0,50.0,,True,True,False,False,False,False,False,False,5938,ok
weather_20260131_1600_weather_forecast_9beb3769.pdf,2026-01-31,1600,weather_forecast,,36.0,50.0,,True,True,False,False,False,False,False,False,5244,ok
weather_20260201_0530_weather_forecast_b47110ee.pdf,2026-02-01,0530,weather_forecast,,24.0,50.0,,True,True,False,False,False,False,False,False,5952,ok
weather_20260201_1200_thunderstorm_0eef8195.pdf,2026-02-01,1200,thunderstorm,Amber,,,,False,True,False,False,False,False,False,False,4620,ok
weather_20260201_1400_weather_forecast_597fd5d5.pdf,2026-02-01,1400,weather_forecast,,24.0,50.0,,True,True,False,False,False,False,False,False,5700,ok
weather_20260201_1600_weather_forecast_2a87827d.pdf,2026-02-01,1600,weather_forecast,,36.0,50.0,,True,True,False,False,False,False,False,False,4962,ok
weather_20260202_0530_weather_forecast_73d83203.pdf,2026-02-02,0530,weather_forecast,,24.0,50.0,,True,True,False,False,False,False,False,False,5652,ok
weather_20260202_1200_thunderstorm_bdaf49f6.pdf,2026-02-02,1200,thunderstorm,Amber,,,,False,True,False,False,False,False,False,False,7257,ok
weather_20260202_1400_weather_forecast_2aacafa4.pdf,2026-02-02,1400,weather_forecast,,24.0,,,False,True,False,False,False,False,False,False,9020,ok
weather_20260202_1600_weather_forecast_c66a7a14.pdf,2026-02-02,1600,weather_forecast,,36.0,,,False,True,False,False,False,False,False,False,4916,ok
weather_20260203_0530_weather_forecast_a7cc0aa6.pdf,2026-02-03,0530,weather_forecast,,24.0,50.0,,True,True,False,False,False,False,False,False,5579,ok
weather_20260203_0700_weather_forecast_31b7be18.pdf,2026-02-03,0700,weather_forecast,,24.0,,,False,False,False,False,False,False,False,True,6438,ok
weather_20260203_1200_thunderstorm_48dbfbfd.pdf,2026-02-03,1200,thunderstorm,Amber,,,,False,True,False,False,False,False,False,False,4622,ok
weather_20260203_1400_weather_forecast_ece92587.pdf,2026-02-03,1400,weather_forecast,,24.0,,,False,True,False,False,False,False,False,False,5492,ok
weather_20260203_1600_weather_forecast_6769f55d.pdf,2026-02-03,1600,weather_forecast,,36.0,,,False,True,False,False,False,False,False,False,4769,ok
weather_20260204_0530_weather_forecast_5afe5b2a.pdf,2026-02-04,0530,weather_forecast,,24.0,,,False,True,False,False,False,False,False,False,5469,ok
weather_20260204_1200_thunderstorm_35d0cd5a.pdf,2026-02-04,1200,thunderstorm,Amber,,,,False,True,False,False,False,False,False,False,4634,ok
weather_20260204_1400_weather_forecast_d3be1433.pdf,2026-02-04,1400,weather_forecast,,24.0,75.0,,True,True,False,False,False,False,False,False,5800,ok
weather_20260204_1600_weather_forecast_2f002d55.pdf,2026-02-04,1600,weather_forecast,,36.0,75.0,,True,True,False,False,False,False,False,False,5086,ok
weather_20260205_0530_weather_forecast_d2962169.pdf,2026-02-05,0530,weather_forecast,,24.0,75.0,40.0,True,True,True,False,False,False,False,False,6118,ok
weather_20260205_1200_thunderstorm_b6499f6c.pdf,2026-02-05,1200,thunderstorm,Amber,,,,False,True,False,False,False,False,False,False,4630,ok
weather_20260205_1400_weather_forecast_3ecd7f42.pdf,2026-02-05,1400,weather_forecast,,24.0,50.0,40.0,True,True,True,False,False,False,False,False,10775,ok
weather_20260205_1600_weather_forecast_476633f9.pdf,2026-02-05,1600,weather_forecast,,36.0,50.0,40.0,True,True,True,False,False,False,False,False,5693,ok
weather_20260206_0530_weather_forecast_7367f9aa.pdf,2026-02-06,0530,weather_forecast,,24.0,50.0,40.0,True,True,True,False,False,False,False,False,6353,ok
weather_20260206_1200_thunderstorm_ddc5fd32.pdf,2026-02-06,1200,thunderstorm,Amber,,,,False,True,False,False,False,False,False,False,4639,ok
weather_20260206_1400_weather_forecast_f7f5e2dc.pdf,2026-02-06,1400,weather_forecast,,24.0,50.0,40.0,True,True,True,False,False,False,False,False,10154,ok
weather_20260206_1600_weather_forecast_0ba6f175.pdf,2026-02-06,1600,weather_forecast,,36.0,50.0,40.0,True,True,True,False,False,False,False,False,5427,ok
weather_20260207_0530_weather_forecast_1590afc5.pdf,2026-02-07,0530,weather_forecast,,24.0,50.0,40.0,True,True,True,False,False,False,False,False,6184,ok
weather_20260207_1200_thunderstorm_3ea6a714.pdf,2026-02-07,1200,thunderstorm,Amber,,,,False,True,False,False,False,False,False,False,7273,ok
weather_20260207_1400_weather_forecast_cf4a1692.pdf,2026-02-07,1400,weather_forecast,,24.0,,40.0,False,True,True,False,False,False,False,False,6169,ok
weather_20260207_1600_weather_forecast_666e5640.pdf,2026-02-07,1600,weather_forecast,,36.0,50.0,40.0,True,True,True,False,False,False,False,False,5975,ok
weather_20260208_0530_weather_forecast_cb331c94.pdf,2026-02-08,0530,weather_forecast,,24.0,,40.0,False,True,True,False,False,False,False,False,5907,ok
weather_20260208_1400_weather_forecast_4ebba509.pdf,2026-02-08,1400,weather_forecast,,24.0,,,False,True,False,False,False,False,False,False,5437,ok
weather_20260208_1600_weather_forecast_acc0cfaa.pdf,2026-02-08,1600,weather_forecast,,36.0,,,False,True,False,False,False,False,False,False,5807,ok
weather_20260209_0530_weather_forecast_0646f4f5.pdf,2026-02-09,0530,weather_forecast,,24.0,,,False,True,False,False,False,False,False,False,5616,ok
weather_20260209_1400_weather_forecast_e6f2e1fc.pdf,2026-02-09,1400,weather_forecast,,24.0,,,False,False,False,False,False,False,False,False,4317,ok
weather_20260209_1600_weather_forecast_ce9e0653.pdf,2026-02-09,1600,weather_forecast,,36.0,,,False,True,False,False,False,False,False,False,3991,ok
weather_20260210_0530_weather_forecast_3cab3f4c.pdf,2026-02-10,0530,weather_forecast,,24.0,,,False,False,False,False,False,False,False,False,4306,ok
weather_20260210_1400_weather_forecast_ec1a5251.pdf,2026-02-10,1400,weather_forecast,,24.0,,,False,False,False,False,False,False,False,False,4477,ok
weather_20260210_1600_weather_forecast_f20961d1.pdf,2026-02-10,1600,weather_forecast,,36.0,,,False,False,False,False,False,False,False,False,3812,ok
weather_20260211_0530_weather_forecast_c4beb269.pdf,2026-02-11,0530,weather_forecast,,24.0,,,False,False,False,False,False,False,False,False,4828,ok
weather_20260211_1400_weather_forecast_5c286121.pdf,2026-02-11,1400,weather_forecast,,24.0,50.0,,True,True,False,False,False,False,False,False,5757,ok
weather_20260211_1600_weather_forecast_81a34c08.pdf,2026-02-11,1600,weather_forecast,,36.0,50.0,,True,True,False,False,False,False,False,False,5488,ok
weather_20260212_0530_weather_forecast_aa0adeb3.pdf,2026-02-12,0530,weather_forecast,,24.0,50.0,,True,True,False,False,False,False,False,False,5931,ok
weather_20260212_1200_thunderstorm_a9682f74.pdf,2026-02-12,1200,thunderstorm,Amber,,,,False,True,False,False,False,False,False,False,4542,ok
weather_20260212_1400_weather_forecast_9e1f68aa.pdf,2026-02-12,1400,weather_forecast,,24.0,50.0,,True,True,False,False,False,False,False,False,6077,ok
weather_20260212_1600_weather_forecast_3ba7addc.pdf,2026-02-12,1600,weather_forecast,,36.0,50.0,,True,True,False,False,False,False,False,False,5372,ok
weather_20260213_0530_weather_forecast_105dfb48.pdf,2026-02-13,0530,weather_forecast,,24.0,50.0,,True,True,False,False,False,False,False,False,5995,ok
weather_20260213_1200_thunderstorm_9b75a899.pdf,2026-02-13,1200,thunderstorm,Amber,,,,False,True,False,False,False,False,False,False,4537,ok
weather_20260213_1400_weather_forecast_8f89c7b0.pdf,2026-02-13,1400,weather_forecast,,24.0,75.0,,True,True,False,False,False,False,False,False,9956,ok
weather_20260213_1600_weather_forecast_e8fbfe84.pdf,2026-02-13,1600,weather_forecast,,36.0,75.0,,True,True,False,False,False,False,False,False,5232,ok
weather_20260214_0530_weather_forecast_62ff7117.pdf,2026-02-14,0530,weather_forecast,,24.0,75.0,,True,True,False,False,False,False,False,False,6054,ok
weather_20260214_1145_thunderstorm_abe10689.pdf,2026-02-14,1145,thunderstorm,Amber,,,,False,True,False,False,False,False,False,False,4731,ok
weather_20260214_1400_weather_forecast_f108a722.pdf,2026-02-14,1400,weather_forecast,,24.0,75.0,,True,True,False,False,False,False,False,False,5957,ok
weather_20260214_1600_weather_forecast_82a93ad8.pdf,2026-02-14,1600,weather_forecast,,36.0,75.0,,True,True,False,False,False,False,False,False,5342,ok
weather_20260215_0530_weather_forecast_5021ac53.pdf,2026-02-15,0530,weather_forecast,,24.0,75.0,,True,True,False,False,False,False,False,False,5834,ok
weather_20260215_1200_thunderstorm_fb846fcb.pdf,2026-02-15,1200,thunderstorm,Amber,,,,False,True,False,False,False,False,False,False,4608,ok
weather_20260215_1400_weather_forecast_a10567b1.pdf,2026-02-15,1400,weather_forecast,,24.0,50.0,,True,True,False,False,False,False,False,False,4630,ok
weather_20260215_1600_weather_forecast_0b3af5ae.pdf,2026-02-15,1600,weather_forecast,,36.0,50.0,,True,True,False,False,False,False,False,False,4962,ok
weather_20260216_0530_weather_forecast_8a1406e3.pdf,2026-02-16,0530,weather_forecast,,24.0,,,False,True,False,False,False,False,False,False,5890,ok
weather_20260216_1400_weather_forecast_8111e8cf.pdf,2026-02-16,1400,weather_forecast,,24.0,100.0,,True,True,False,False,False,False,False,False,6763,ok
weather_20260216_1600_low_pressure_5a59911b.pdf,2026-02-16,1600,low_pressure,Amber,,,60.0,False,True,True,True,True,False,False,False,4496,ok
weather_20260216_1600_weather_forecast_ce40dece.pdf,2026-02-16,1600,weather_forecast,,36.0,100.0,,True,True,False,False,False,False,False,False,5697,ok
weather_20260217_0530_weather_forecast_6053447f.pdf,2026-02-17,0530,weather_forecast,,24.0,75.0,,True,True,False,False,False,False,False,False,6780,ok
weather_20260217_1230_heavy_rain_ce17a114.pdf,2026-02-17,1230,heavy_rain,Amber,,100.0,,True,True,False,False,False,False,False,False,3022,ok
weather_20260217_1400_weather_forecast_73b4ec6b.pdf,2026-02-17,1400,weather_forecast,,24.0,100.0,,True,True,False,False,False,False,False,False,5287,ok
weather_20260217_1500_low_pressure_1415375b.pdf,2026-02-17,1500,low_pressure,Amber,,,60.0,False,True,True,True,True,False,False,False,4400,ok
weather_20260218_0530_weather_forecast_e8124303.pdf,2026-02-18,0530,weather_forecast,,24.0,75.0,,True,True,False,False,False,False,False,False,6393,ok
weather_20260218_1300_weather_forecast_82a4d461.pdf,2026-02-18,1300,weather_forecast,Amber,,100.0,,True,True,False,False,False,False,False,False,720,ok
weather_20260218_1300_weather_forecast_c1d93d0e.pdf,2026-02-18,1300,weather_forecast,,,,,False,False,False,False,False,False,False,False,737,ok
weather_20260218_1400_weather_forecast_82061f44.pdf,2026-02-18,1400,weather_forecast,,24.0,75.0,,True,True,False,False,False,False,False,False,6592,ok
weather_20260218_1500_low_pressure_8ccaada6.pdf,2026-02-18,1500,low_pressure,Amber,,,,False,False,False,True,True,False,False,True,2641,ok
weather_20260218_1600_weather_forecast_572729ac.pdf,2026-02-18,1600,weather_forecast,,,,,False,False,False,False,False,False,False,False,1710,ok
weather_20260218_1600_weather_forecast_7832896a.pdf,2026-02-18,1600,weather_forecast,,36.0,75.0,,True,True,False,False,False,False,False,False,3516,ok
weather_20260219_0530_weather_forecast_b53cf29b.pdf,2026-02-19,0530,weather_forecast,,24.0,75.0,40.0,True,True,True,False,False,False,False,False,6996,ok
weather_20260219_1200_thunderstorm_ee69ced2.pdf,2026-02-19,1200,thunderstorm,Amber,,,,False,True,False,False,False,False,False,False,3161,ok
weather_20260219_1400_weather_forecast_a2d0e370.pdf,2026-02-19,1400,weather_forecast,,24.0,75.0,,True,True,False,False,False,False,False,False,6792,ok
weather_20260219_1600_weather_forecast_2f2171b1.pdf,2026-02-19,1600,weather_forecast,,36.0,75.0,,True,True,False,False,False,False,False,False,5923,ok
weather_20260220_0530_weather_forecast_3a496555.pdf,2026-02-20,0530,weather_forecast,,24.0,75.0,,True,True,False,False,False,False,False,False,6698,ok
weather_20260220_1230_thunderstorm_3aef0c9c.pdf,2026-02-20,1230,thunderstorm,Amber,,,,False,True,False,False,False,False,False,False,4597,ok
weather_20260220_1400_weather_forecast_315c1a9a.pdf,2026-02-20,1400,weather_forecast,,24.0,100.0,,True,True,False,False,False,False,False,False,6596,ok
weather_20260220_1600_weather_forecast_5eeabf9f.pdf,2026-02-20,1600,weather_forecast,,36.0,100.0,,True,True,False,False,False,False,False,False,4462,ok
weather_20260221_0530_weather_forecast_54fea0ca.pdf,2026-02-21,0530,weather_forecast,,24.0,100.0,,True,True,False,False,False,False,False,False,6251,ok
weather_20260221_1200_heavy_rain_ff8041f6.pdf,2026-02-21,1200,heavy_rain,Amber,,100.0,,True,True,False,False,False,False,False,False,3253,ok
weather_20260221_1400_weather_forecast_ce0b8741.pdf,2026-02-21,1400,weather_forecast,,24.0,75.0,,True,True,False,False,False,False,False,False,5437,ok
weather_20260221_1600_weather_forecast_61c4e7b2.pdf,2026-02-21,1600,weather_forecast,,36.0,100.0,,True,True,False,False,False,False,False,False,4305,ok
weather_20260222_0530_weather_forecast_0bdff35f.pdf,2026-02-22,0530,weather_forecast,,24.0,100.0,,True,True,False,False,False,False,False,False,4741,ok
weather_20260222_0700_weather_forecast_52d82dae.pdf,2026-02-22,0700,weather_forecast,,24.0,,,False,False,False,False,False,False,False,True,7876,ok
weather_20260222_0930_heavy_rain_c0725db9.pdf,2026-02-22,0930,heavy_rain,Amber,,100.0,,True,True,False,False,False,False,False,False,3157,ok
weather_20260222_1330_low_pressure_43f6d2eb.pdf,2026-02-22,1330,low_pressure,,,,,False,False,False,True,False,False,False,False,1294,ok
weather_20260222_1330_low_pressure_d0ea6141.pdf,2026-02-22,1330,low_pressure,Amber,,,,False,False,False,True,True,False,False,True,1230,ok
weather_20260222_1400_weather_forecast_6fa88776.pdf,2026-02-22,1400,weather_forecast,,24.0,50.0,,True,True,False,False,False,False,False,False,5468,ok
weather_20260222_1600_weather_forecast_2a05e542.pdf,2026-02-22,1600,weather_forecast,,36.0,100.0,,True,True,False,False,False,False,False,False,4643,ok
weather_20260223_0530_weather_forecast_e2f83742.pdf,2026-02-23,0530,weather_forecast,,24.0,,,False,True,False,False,False,False,False,False,5043,ok
weather_20260223_1300_low_pressure_3348c9b6.pdf,2026-02-23,1300,low_pressure,,,,,False,False,False,True,False,False,False,False,1294,ok
weather_20260223_1300_low_pressure_e8c128e6.pdf,2026-02-23,1300,low_pressure,Amber,24.0,,,False,False,False,True,True,False,False,True,1230,ok
weather_20260223_1400_weather_forecast_1d53c1c7.pdf,2026-02-23,1400,weather_forecast,,24.0,,,False,True,False,False,False,False,False,False,4667,ok
weather_20260223_1600_weather_forecast_96010cea.pdf,2026-02-23,1600,weather_forecast,,36.0,,,False,True,False,False,False,False,False,False,3552,ok
weather_20260224_0530_weather_forecast_7644850d.pdf,2026-02-24,0530,weather_forecast,,24.0,,,False,True,False,False,False,False,False,False,4555,ok
weather_20260224_1400_low_pressure_dcffe016.pdf,2026-02-24,1400,low_pressure,Amber,24.0,,,False,False,False,True,True,False,False,True,2549,ok
weather_20260224_1400_weather_forecast_63bb1ae3.pdf,2026-02-24,1400,weather_forecast,,24.0,,,False,True,False,False,False,False,False,False,7021,ok
weather_20260224_1600_weather_forecast_31c3c1e1.pdf,2026-02-24,1600,weather_forecast,,36.0,,,False,True,False,False,False,False,False,False,3387,ok
weather_20260225_0530_weather_forecast_81adbdab.pdf,2026-02-25,0530,weather_forecast,,24.0,,,False,True,False,False,False,False,False,False,3839,ok
weather_20260225_1400_low_pressure_6c078212.pdf,2026-02-25,1400,low_pressure,Green,,,,False,False,False,True,False,False,False,False,562,ok
weather_20260225_1400_weather_forecast_75549a4e.pdf,2026-02-25,1400,weather_forecast,,24.0,,,False,True,False,False,False,False,False,False,3060,ok
weather_20260225_1600_weather_forecast_852a648c.pdf,2026-02-25,1600,weather_forecast,,36.0,,,False,True,False,False,False,False,False,False,3032,ok
weather_20260226_0530_weather_forecast_64acb456.pdf,2026-02-26,0530,weather_forecast,,24.0,,,False,True,False,False,False,False,False,False,3230,ok
weather_20260226_1400_weather_forecast_c65797b7.pdf,2026-02-26,1400,weather_forecast,,24.0,,,False,True,False,False,False,False,False,False,2893,ok
weather_20260226_1600_weather_forecast_ea86c3f2.pdf,2026-02-26,1600,weather_forecast,,36.0,,,False,True,False,False,False,False,False,False,2996,ok
weather_20260227_0530_weather_forecast_bd5b5536.pdf,2026-02-27,0530,weather_forecast,,24.0,,,False,True,False,False,False,False,False,False,2699,ok
weather_20260227_1400_weather_forecast_c7eafd48.pdf,2026-02-27,1400,weather_forecast,,24.0,,,False,True,False,False,False,False,False,False,2661,ok
weather_20260227_1600_weather_forecast_16fb2909.pdf,2026-02-27,1600,weather_forecast,,24.0,,,False,True,False,False,False,False,False,False,2893,ok
weather_20260228_0530_weather_forecast_503a04d4.pdf,2026-02-28,0530,weather_forecast,,24.0,,,False,True,False,False,False,False,False,False,2700,ok
weather_20260228_1400_weather_forecast_bf814d5d.pdf,2026-02-28,1400,weather_forecast,,24.0,,,False,False,False,False,False,False,False,False,2483,ok
weather_20260228_1600_weather_forecast_5386bc4a.pdf,2026-02-28,1600,weather_forecast,,36.0,,,False,True,False,False,False,False,False,False,2900,ok
weather_20260301_0530_weather_forecast_b029c5c1.pdf,2026-03-01,0530,weather_forecast,,24.0,,,False,False,False,False,False,False,False,False,2312,ok
weather_20260301_1400_weather_forecast_3a817774.pdf,2026-03-01,1400,weather_forecast,,24.0,,,False,False,False,False,False,False,False,False,4675,ok
weather_20260301_1600_weather_forecast_fa6e7872.pdf,2026-03-01,1600,weather_forecast,,36.0,,,False,False,False,False,False,False,False,False,2514,ok
weather_20260301_1630_weather_forecast_5dc1313f.pdf,2026-03-01,1630,weather_forecast,,,,,False,False,False,False,False,False,False,False,1040,ok
weather_20260302_0530_weather_forecast_fe210faf.pdf,2026-03-02,0530,weather_forecast,,24.0,,,False,False,False,False,False,False,False,False,2461,ok
weather_20260302_1400_weather_forecast_9dfde938.pdf,2026-03-02,1400,weather_forecast,,24.0,,,False,False,False,False,False,False,False,False,2407,ok
weather_20260302_1600_weather_forecast_491f5ad7.pdf,2026-03-02,1600,weather_forecast,,36.0,,,False,False,False,False,False,False,False,False,2508,ok
weather_20260303_0530_weather_forecast_9c0889f7.pdf,2026-03-03,0530,weather_forecast,,24.0,,,False,False,False,False,False,False,False,False,2397,ok
weather_20260303_1400_weather_forecast_751597ab.pdf,2026-03-03,1400,weather_forecast,,24.0,,,False,False,False,False,False,False,False,False,2402,ok
weather_20260303_1600_weather_forecast_a88955c6.pdf,2026-03-03,1600,weather_forecast,,36.0,,,False,False,False,False,False,False,False,False,2455,ok
weather_20260304_0530_weather_forecast_7ea20da4.pdf,2026-03-04,0530,weather_forecast,,24.0,,,False,False,False,False,False,False,False,False,2412,ok
weather_20260304_1400_weather_forecast_f9808bf3.pdf,2026-03-04,1400,weather_forecast,,24.0,,,False,False,False,False,False,False,False,False,2367,ok
weather_20260304_1600_weather_forecast_b34efe7e.pdf,2026-03-04,1600,weather_forecast,,36.0,,,False,False,False,False,False,False,False,False,2423,ok
weather_20260305_0530_weather_forecast_10d3edd1.pdf,2026-03-05,0530,weather_forecast,,24.0,,,False,True,False,False,False,False,False,False,2801,ok
weather_20260305_1400_weather_forecast_e03b562b.pdf,2026-03-05,1400,weather_forecast,,24.0,,,False,True,False,False,False,False,False,False,2681,ok
weather_20260305_1600_weather_forecast_130adcc8.pdf,2026-03-05,1600,weather_forecast,,36.0,,,False,True,False,False,False,False,False,False,2919,ok
weather_20260306_0530_weather_forecast_1d073ac3.pdf,2026-03-06,0530,weather_forecast,,24.0,,,False,True,False,False,False,False,False,False,2692,ok
weather_20260306_1400_weather_forecast_b0771eab.pdf,2026-03-06,1400,weather_forecast,,24.0,,,False,False,False,False,False,False,False,False,2342,ok
weather_20260306_1600_weather_forecast_ea5c78bb.pdf,2026-03-06,1600,weather_forecast,,36.0,,,False,False,False,False,False,False,False,False,2381,ok
weather_20260307_0530_weather_forecast_2319399a.pdf,2026-03-07,0530,weather_forecast,,24.0,,,False,False,False,False,False,False,False,False,2366,ok
weather_20260307_1400_weather_forecast_dfdb7585.pdf,2026-03-07,1400,weather_forecast,,24.0,,,False,True,False,False,False,False,False,False,2650,ok
weather_20260307_1600_weather_forecast_391f63dd.pdf,2026-03-07,1600,weather_forecast,,36.0,,,False,True,False,False,False,False,False,False,2896,ok
weather_20260308_0530_weather_forecast_1975dd2e.pdf,2026-03-08,0530,weather_forecast,,24.0,,,False,True,False,False,False,False,False,False,2663,ok
weather_20260308_1400_weather_forecast_de8b5afc.pdf,2026-03-08,1400,weather_forecast,,24.0,,,False,True,False,False,False,False,False,False,2761,ok
weather_20260308_1600_weather_forecast_989aeb47.pdf,2026-03-08,1600,weather_forecast,,36.0,,,False,True,False,False,False,False,False,False,2863,ok
weather_20260309_0530_weather_forecast_942136a3.pdf,2026-03-09,0530,weather_forecast,,24.0,,,False,True,False,False,False,False,False,False,3576,ok
weather_20260309_1400_weather_forecast_f3516117.pdf,2026-03-09,1400,weather_forecast,,24.0,,,False,True,False,False,False,False,False,False,4000,ok
weather_20260309_1600_weather_forecast_72c39e1e.pdf,2026-03-09,1600,weather_forecast,,36.0,,,False,True,False,False,False,False,False,False,3433,ok
weather_20260310_0530_weather_forecast_d3add5f6.pdf,2026-03-10,0530,weather_forecast,,24.0,,,False,True,False,False,False,False,False,False,4042,ok
weather_20260310_1600_weather_forecast_6cf476cd.pdf,2026-03-10,1600,weather_forecast,,36.0,,,False,True,False,False,False,False,False,False,3421,ok
weather_20260311_0530_weather_forecast_6e1e39ad.pdf,2026-03-11,0530,weather_forecast,,24.0,,,False,True,False,False,False,False,False,False,3708,ok
weather_20260311_1400_weather_forecast_ca3edba0.pdf,2026-03-11,1400,weather_forecast,,24.0,,,False,True,False,False,False,False,False,False,4155,ok
weather_20260311_1600_weather_forecast_95e84daa.pdf,2026-03-11,1600,weather_forecast,,36.0,,,False,True,False,False,False,False,False,False,3812,ok
weather_20260312_0530_weather_forecast_ab172674.pdf,2026-03-12,0530,weather_forecast,,24.0,50.0,,True,True,False,False,False,False,False,False,4332,ok
weather_20260312_1230_thunderstorm_52834372.pdf,2026-03-12,1230,thunderstorm,Amber,,,,False,True,False,False,False,False,False,False,3095,ok
weather_20260312_1400_weather_forecast_403b0d82.pdf,2026-03-12,1400,weather_forecast,,24.0,,,False,True,False,False,False,False,False,False,4088,ok
weather_20260313_0530_weather_forecast_5a168195.pdf,2026-03-13,0530,weather_forecast,,24.0,50.0,,True,True,False,False,False,False,False,False,3888,ok
weather_20260313_1200_thunderstorm_5b49e8ea.pdf,2026-03-13,1200,thunderstorm,Amber,,,,False,True,False,False,False,False,False,False,1459,ok
weather_20260313_1400_weather_forecast_4928fb4e.pdf,2026-03-13,1400,weather_forecast,,24.0,,,False,True,False,False,False,False,False,False,3626,ok
weather_20260313_1600_weather_forecast_2a4fa1e5.pdf,2026-03-13,1600,weather_forecast,,36.0,50.0,,True,True,False,False,False,False,False,False,4259,ok
weather_20260314_0530_weather_forecast_3c5514be.pdf,2026-03-14,0530,weather_forecast,,24.0,50.0,,True,True,False,False,False,False,False,False,3808,ok
weather_20260314_1400_weather_forecast_f1535702.pdf,2026-03-14,1400,weather_forecast,,24.0,50.0,,True,True,False,False,False,False,False,False,3823,ok
weather_20260314_1600_weather_forecast_9722752b.pdf,2026-03-14,1600,weather_forecast,,36.0,50.0,,True,True,False,False,False,False,False,False,4073,ok
weather_20260315_0500_weather_forecast_0c062975.pdf,2026-03-15,0500,weather_forecast,,24.0,50.0,,True,True,False,False,False,False,False,False,3624,ok
weather_20260315_1400_weather_forecast_7a41b2de.pdf,2026-03-15,1400,weather_forecast,,24.0,,,False,True,False,False,False,False,False,False,3460,ok
weather_20260315_1600_weather_forecast_a84a1006.pdf,2026-03-15,1600,weather_forecast,,36.0,,,False,True,False,False,False,False,False,False,3881,ok
weather_20260316_0530_weather_forecast_3585e176.pdf,2026-03-16,0530,weather_forecast,,24.0,,,False,True,False,False,False,False,False,False,3627,ok
weather_20260316_1400_weather_forecast_a6ae8173.pdf,2026-03-16,1400,weather_forecast,,24.0,,,False,True,False,False,False,False,False,False,3308,ok
weather_20260316_1600_weather_forecast_f33717ac.pdf,2026-03-16,1600,weather_forecast,,36.0,,,False,True,False,False,False,False,False,False,3531,ok
weather_20260317_0530_weather_forecast_31fcc2ac.pdf,2026-03-17,0530,weather_forecast,,24.0,,,False,True,False,False,False,False,False,False,3319,ok
weather_20260317_1200_weather_forecast_47de5951.pdf,2026-03-17,1200,weather_forecast,Amber,,,,False,True,False,False,False,False,False,False,4723,ok
weather_20260317_1330_thunderstorm_70305f7d.pdf,2026-03-17,1330,thunderstorm,,,,,False,True,False,False,False,False,False,False,2735,ok
weather_20260317_1400_weather_forecast_80985c0b.pdf,2026-03-17,1400,weather_forecast,,24.0,50.0,,True,True,False,False,False,False,False,False,3715,ok
weather_20260317_1600_weather_forecast_ba91119b.pdf,2026-03-17,1600,weather_forecast,,36.0,50.0,,True,True,False,False,False,False,False,False,3950,ok
weather_20260318_0530_weather_forecast_cb3c0d8f.pdf,2026-03-18,0530,weather_forecast,,24.0,50.0,,True,True,False,False,False,False,False,False,4001,ok
weather_20260318_1230_thunderstorm_92349d67.pdf,2026-03-18,1230,thunderstorm,Amber,,,,False,True,False,False,False,False,False,False,4732,ok
weather_20260318_1400_weather_forecast_6b6ff5d2.pdf,2026-03-18,1400,weather_forecast,,24.0,75.0,,True,True,False,False,False,False,False,False,5061,ok
weather_20260318_1600_weather_forecast_9f7cb204.pdf,2026-03-18,1600,weather_forecast,,36.0,75.0,,True,True,False,False,False,False,False,False,4252,ok
weather_20260319_0530_weather_forecast_d94b9018.pdf,2026-03-19,0530,weather_forecast,,24.0,50.0,,True,True,False,False,False,False,False,False,5068,ok
weather_20260319_1130_thunderstorm_99f3a690.pdf,2026-03-19,1130,thunderstorm,Amber,,,,False,True,False,False,False,False,False,False,3278,ok
weather_20260319_1400_weather_forecast_01ae0697.pdf,2026-03-19,1400,weather_forecast,,24.0,,,False,True,False,False,False,False,False,False,4867,ok
weather_20260319_1600_weather_forecast_c80840c5.pdf,2026-03-19,1600,weather_forecast,,36.0,75.0,,True,True,False,False,False,False,False,False,4256,ok
weather_20260320_0530_weather_forecast_2bef5cb4.pdf,2026-03-20,0530,weather_forecast,,24.0,,,False,True,False,False,False,False,False,False,3443,ok
weather_20260320_1230_thunderstorm_a2c88fcb.pdf,2026-03-20,1230,thunderstorm,Amber,,,,False,True,False,False,False,False,False,False,7394,ok
weather_20260320_1400_weather_forecast_37b74a88.pdf,2026-03-20,1400,weather_forecast,,24.0,,,False,True,False,False,False,False,False,False,3549,ok
weather_20260320_1600_weather_forecast_9feb3f5c.pdf,2026-03-20,1600,weather_forecast,,36.0,,,False,True,False,False,False,False,False,False,3992,ok
weather_20260321_0530_weather_forecast_cfdbc76f.pdf,2026-03-21,0530,weather_forecast,,24.0,,,False,True,False,False,False,False,False,False,3506,ok
weather_20260321_1230_thunderstorm_811610eb.pdf,2026-03-21,1230,thunderstorm,Amber,,,,False,True,False,False,False,False,False,False,3036,ok
weather_20260321_1400_weather_forecast_be189e1a.pdf,2026-03-21,1400,weather_forecast,,24.0,,,False,True,False,False,False,False,False,False,3460,ok
weather_20260321_1600_weather_forecast_53d002a4.pdf,2026-03-21,1600,weather_forecast,,36.0,,,False,True,False,False,False,False,False,False,3575,ok
weather_20260322_0530_weather_forecast_a212c078.pdf,2026-03-22,0530,weather_forecast,,24.0,,,False,True,False,False,False,False,False,False,3470,ok
weather_20260322_1230_thunderstorm_40e0f21f.pdf,2026-03-22,1230,thunderstorm,Amber,,,,False,True,False,False,False,False,False,False,3082,ok
weather_20260322_1400_weather_forecast_a147d5dd.pdf,2026-03-22,1400,weather_forecast,,24.0,,,False,True,False,False,False,False,False,False,3483,ok
weather_20260322_1600_weather_forecast_3d670553.pdf,2026-03-22,1600,weather_forecast,,36.0,,,False,True,False,False,False,False,False,False,3560,ok
weather_20260323_0530_weather_forecast_8d4f0fa9.pdf,2026-03-23,0530,weather_forecast,,24.0,,,False,True,False,False,False,False,False,False,3489,ok
weather_20260323_1400_weather_forecast_5a0a67df.pdf,2026-03-23,1400,weather_forecast,,24.0,,,False,True,False,False,False,False,False,False,3574,ok
weather_20260323_1600_weather_forecast_a33d317e.pdf,2026-03-23,1600,weather_forecast,,36.0,,,False,True,False,False,False,False,False,False,4007,ok
weather_20260324_0530_weather_forecast_9b7748ba.pdf,2026-03-24,0530,weather_forecast,,24.0,50.0,,True,True,False,False,False,False,False,False,4174,ok
weather_20260324_1230_thunderstorm_69dd13e6.pdf,2026-03-24,1230,thunderstorm,Amber,,,,False,True,False,False,False,False,False,False,3088,ok
weather_20260324_1400_weather_forecast_014e964d.pdf,2026-03-24,1400,weather_forecast,,24.0,,,False,True,False,False,False,False,False,False,5517,ok
weather_20260324_1600_weather_forecast_6227253f.pdf,2026-03-24,1600,weather_forecast,,36.0,,,False,True,False,False,False,False,False,False,3453,ok
weather_20260325_0530_weather_forecast_c658f57a.pdf,2026-03-25,0530,weather_forecast,,24.0,,,False,True,False,False,False,False,False,False,4117,ok
weather_20260325_1400_weather_forecast_d1c4589a.pdf,2026-03-25,1400,weather_forecast,,24.0,,,False,True,False,False,False,False,False,False,3957,ok
weather_20260325_1600_weather_forecast_87c6bc8f.pdf,2026-03-25,1600,weather_forecast,,36.0,,,False,True,False,False,False,False,False,False,3393,ok
weather_20260326_0530_weather_forecast_d6f6b594.pdf,2026-03-26,0530,weather_forecast,,24.0,,,False,True,False,False,False,False,False,False,3737,ok
weather_20260326_1400_weather_forecast_ff6c7fef.pdf,2026-03-26,1400,weather_forecast,,24.0,,,False,True,False,False,False,False,False,False,4275,ok
weather_20260326_1600_weather_forecast_e8e6b4fb.pdf,2026-03-26,1600,weather_forecast,,36.0,,,False,True,False,False,False,False,False,False,3418,ok
weather_20260327_0530_weather_forecast_65f2e561.pdf,2026-03-27,0530,weather_forecast,,24.0,,,False,True,False,False,False,False,False,False,3689,ok
weather_20260327_1400_weather_forecast_11918906.pdf,2026-03-27,1400,weather_forecast,,24.0,,,False,True,False,False,False,False,False,False,3680,ok
weather_20260327_1530_weather_forecast_331d4c1f.pdf,2026-03-27,1530,weather_forecast,Amber,,,,False,False,False,False,False,False,False,False,3194,ok
weather_20260327_1600_weather_forecast_c027d6ce.pdf,2026-03-27,1600,weather_forecast,,36.0,,,False,True,False,False,False,False,False,False,3303,ok
weather_20260328_0530_weather_forecast_983581b9.pdf,2026-03-28,0530,weather_forecast,,24.0,,,False,True,False,False,False,False,False,False,3615,ok
weather_20260328_1400_weather_forecast_45b0c919.pdf,2026-03-28,1400,weather_forecast,,24.0,,,False,True,False,False,False,False,False,False,3593,ok
weather_20260328_1600_weather_forecast_d3187197.pdf,2026-03-28,1600,weather_forecast,,36.0,,,False,True,False,False,False,False,False,False,3395,ok
weather_20260329_0530_weather_forecast_e3e1e54f.pdf,2026-03-29,0530,weather_forecast,,24.0,,,False,True,False,False,False,False,False,False,3646,ok
weather_20260329_1400_weather_forecast_2af5adf4.pdf,2026-03-29,1400,weather_forecast,,24.0,,,False,True,False,False,False,False,False,False,3761,ok
weather_20260329_1600_weather_forecast_bc118d98.pdf,2026-03-29,1600,weather_forecast,,36.0,,,False,True,False,False,False,False,False,False,5145,ok
weather_20260330_0530_weather_forecast_d59e0da2.pdf,2026-03-30,0530,weather_forecast,,24.0,,,False,True,False,False,False,False,False,False,3702,ok
weather_20260330_1400_weather_forecast_724f6631.pdf,2026-03-30,1400,weather_forecast,,24.0,,,False,True,False,False,False,False,False,False,3162,ok
weather_20260330_1600_weather_forecast_223957cb.pdf,2026-03-30,1600,weather_forecast,,36.0,,,False,True,False,False,False,False,False,False,3458,ok
weather_20260331_0530_weather_forecast_cb4e4b1f.pdf,2026-03-31,0530,weather_forecast,,24.0,,,False,True,False,False,False,False,False,False,3197,ok
weather_20260331_1400_weather_forecast_9a466c0a.pdf,2026-03-31,1400,weather_forecast,,24.0,,,False,True,False,False,False,False,False,False,3394,ok
weather_20260331_1600_weather_forecast_e30b4183.pdf,2026-03-31,1600,weather_forecast,,36.0,,,False,True,False,False,False,False,False,False,3735,ok
weather_20260401_0530_weather_forecast_bc712347.pdf,2026-04-01,0530,weather_forecast,,24.0,,,False,True,False,False,False,False,False,False,4004,ok
weather_20260401_1400_weather_forecast_a6ab0d85.pdf,2026-04-01,1400,weather_forecast,,24.0,50.0,,True,True,False,False,False,False,False,False,4244,ok
weather_20260401_1600_weather_forecast_3ecdcc68.pdf,2026-04-01,1600,weather_forecast,,36.0,50.0,,True,True,False,False,False,False,False,False,4936,ok
weather_20260402_0530_weather_forecast_2e0899d0.pdf,2026-04-02,0530,weather_forecast,,24.0,50.0,,True,True,False,False,False,False,False,False,4270,ok
weather_20260402_1300_thunderstorm_ac9fed85.pdf,2026-04-02,1300,thunderstorm,Amber,,,,False,True,False,False,False,False,False,False,3241,ok
weather_20260402_1400_weather_forecast_7f431557.pdf,2026-04-02,1400,weather_forecast,,24.0,75.0,,True,True,False,False,False,False,False,False,4046,ok
weather_20260402_1600_weather_forecast_efccdfb4.pdf,2026-04-02,1600,weather_forecast,,36.0,75.0,,True,True,False,False,False,False,False,False,4451,ok
weather_20260403_0530_weather_forecast_bbb078a7.pdf,2026-04-03,0530,weather_forecast,,24.0,75.0,,True,True,False,False,False,False,False,False,5557,ok
weather_20260403_0700_weather_forecast_2febc660.pdf,2026-04-03,0700,weather_forecast,,24.0,,,False,False,False,False,False,False,False,True,5026,ok
weather_20260403_1200_thunderstorm_0e1b7d43.pdf,2026-04-03,1200,thunderstorm,Amber,,,,False,True,False,False,False,False,False,False,3359,ok
weather_20260403_1400_weather_forecast_94db40b0.pdf,2026-04-03,1400,weather_forecast,,24.0,75.0,,True,True,False,False,False,False,False,False,3690,ok
weather_20260403_1600_weather_forecast_20b31c5e.pdf,2026-04-03,1600,weather_forecast,,36.0,75.0,,True,True,False,False,False,False,False,False,4262,ok
weather_20260404_0530_weather_forecast_305c930d.pdf,2026-04-04,0530,weather_forecast,,24.0,75.0,,True,True,False,False,False,False,False,False,3555,ok
weather_20260404_1200_thunderstorm_df013736.pdf,2026-04-04,1200,thunderstorm,Amber,,,,False,True,False,False,False,False,False,False,4755,ok
weather_20260404_1400_weather_forecast_2a29ccb2.pdf,2026-04-04,1400,weather_forecast,,24.0,50.0,,True,True,False,False,False,False,False,False,4354,ok
weather_20260404_1600_weather_forecast_c0c83dfb.pdf,2026-04-04,1600,weather_forecast,,36.0,50.0,,True,True,False,False,False,False,False,False,4729,ok
weather_20260405_0530_weather_forecast_3796c260.pdf,2026-04-05,0530,weather_forecast,,24.0,50.0,,True,True,False,False,False,False,False,False,5775,ok
weather_20260405_1200_thunderstorm_c215a45e.pdf,2026-04-05,1200,thunderstorm,Amber,,,,False,True,False,False,False,False,False,False,4660,ok
weather_20260405_1400_weather_forecast_372b52bc.pdf,2026-04-05,1400,weather_forecast,,24.0,,,False,True,False,False,False,False,False,False,4478,ok
weather_20260405_1600_weather_forecast_eb58be56.pdf,2026-04-05,1600,weather_forecast,,36.0,50.0,,True,True,False,False,False,False,False,False,5161,ok
weather_20260406_0530_weather_forecast_6c3fc4d0.pdf,2026-04-06,0530,weather_forecast,,24.0,,,False,True,False,False,False,False,False,False,6530,ok
weather_20260406_1200_thunderstorm_089d8a55.pdf,2026-04-06,1200,thunderstorm,Amber,,,,False,True,False,False,False,False,False,False,4824,ok
weather_20260406_1400_weather_forecast_925951b1.pdf,2026-04-06,1400,weather_forecast,,24.0,,,False,True,False,False,False,False,False,False,5148,ok
weather_20260406_1600_weather_forecast_70e4cb87.pdf,2026-04-06,1600,weather_forecast,,36.0,,,False,True,False,False,False,False,False,False,5097,ok
weather_20260407_0530_weather_forecast_a8ed6765.pdf,2026-04-07,0530,weather_forecast,,24.0,,,False,True,False,False,False,False,False,False,4801,ok
weather_20260407_1230_thunderstorm_df357d10.pdf,2026-04-07,1230,thunderstorm,Amber,,,,False,True,False,False,False,False,False,False,3236,ok
weather_20260407_1400_weather_forecast_7794fa51.pdf,2026-04-07,1400,weather_forecast,,24.0,,,False,True,False,False,False,False,False,False,4819,ok
weather_20260407_1600_weather_forecast_ad91af77.pdf,2026-04-07,1600,weather_forecast,,36.0,,,False,True,False,False,False,False,False,False,4954,ok
weather_20260408_0530_weather_forecast_77049ae1.pdf,2026-04-08,0530,weather_forecast,,24.0,,,False,True,False,False,False,False,False,False,6508,ok
weather_20260408_1200_thunderstorm_cbc472fb.pdf,2026-04-08,1200,thunderstorm,Amber,,,,False,True,False,False,False,False,False,False,5921,ok
weather_20260408_1400_weather_forecast_ad5b224c.pdf,2026-04-08,1400,weather_forecast,,24.0,,,False,True,False,False,False,False,False,False,4879,ok
weather_20260408_1600_weather_forecast_250a938e.pdf,2026-04-08,1600,weather_forecast,,36.0,,,False,True,False,False,False,False,False,False,6958,ok
weather_20260409_0530_weather_forecast_52260edc.pdf,2026-04-09,0530,weather_forecast,,24.0,,,False,True,False,False,False,False,False,False,4720,ok
weather_20260409_1400_weather_forecast_818b4745.pdf,2026-04-09,1400,weather_forecast,,24.0,,,False,True,False,False,False,False,False,False,4527,ok
weather_20260409_1600_weather_forecast_fcbde4b3.pdf,2026-04-09,1600,weather_forecast,,36.0,,,False,True,False,False,False,False,False,False,4203,ok
weather_20260410_0530_weather_forecast_72577734.pdf,2026-04-10,0530,weather_forecast,,24.0,,,False,True,False,False,False,False,False,False,4574,ok
weather_20260410_1200_thunderstorm_ca8717ed.pdf,2026-04-10,1200,thunderstorm,Amber,,,,False,True,False,False,False,False,False,False,3152,ok
weather_20260410_1400_weather_forecast_9bd15932.pdf,2026-04-10,1400,weather_forecast,,24.0,,,False,True,False,False,False,False,False,False,5122,ok
weather_20260410_1600_weather_forecast_3b435ffc.pdf,2026-04-10,1600,weather_forecast,,36.0,,,False,True,False,False,False,False,False,False,4694,ok
weather_20260411_1200_thunderstorm_267ff02f.pdf,2026-04-11,1200,thunderstorm,Amber,,,,False,True,False,False,False,False,False,False,5861,ok
weather_20260411_1400_weather_forecast_2df4250f.pdf,2026-04-11,1400,weather_forecast,,24.0,50.0,,True,True,False,False,False,False,False,False,4496,ok
weather_20260411_1600_weather_forecast_ff4f99ff.pdf,2026-04-11,1600,weather_forecast,,36.0,50.0,,True,True,False,False,False,False,False,False,5278,ok
weather_20260412_0530_weather_forecast_b5006ebe.pdf,2026-04-12,0530,weather_forecast,,24.0,75.0,,True,True,False,False,False,False,False,False,4765,ok
weather_20260412_1200_thunderstorm_ba0d20c2.pdf,2026-04-12,1200,thunderstorm,Amber,,,,False,True,False,False,False,False,False,False,3281,ok
weather_20260412_1200_thunderstorm_c0f632c1.pdf,2026-04-12,1200,thunderstorm,,,,,False,True,False,False,False,False,False,False,2773,ok
weather_20260412_1400_weather_forecast_c4e0d036.pdf,2026-04-12,1400,weather_forecast,,24.0,75.0,,True,True,False,False,False,False,False,False,4550,ok
weather_20260412_1600_weather_forecast_7063565a.pdf,2026-04-12,1600,weather_forecast,,36.0,75.0,,True,True,False,False,False,False,False,False,4965,ok
weather_20260413_0530_weather_forecast_4445d544.pdf,2026-04-13,0530,weather_forecast,,24.0,75.0,,True,True,False,False,False,False,False,False,4132,ok
weather_20260413_1200_thunderstorm_0197d975.pdf,2026-04-13,1200,thunderstorm,,,,,False,True,False,False,False,False,False,False,1721,ok
weather_20260413_1200_thunderstorm_7d21933a.pdf,2026-04-13,1200,thunderstorm,Amber,,,,False,True,False,False,False,False,False,False,1583,ok
weather_20260413_1400_weather_forecast_7c6a20f2.pdf,2026-04-13,1400,weather_forecast,,24.0,75.0,,True,True,False,False,False,False,False,False,7610,ok
weather_20260413_1600_weather_forecast_bf203c63.pdf,2026-04-13,1600,weather_forecast,,36.0,75.0,,True,True,False,False,False,False,False,False,6641,ok
weather_20260414_0530_weather_forecast_fc4ac1cc.pdf,2026-04-14,0530,weather_forecast,,24.0,50.0,,True,True,False,False,False,False,False,False,4161,ok
weather_20260414_1230_thunderstorm_ec63002a.pdf,2026-04-14,1230,thunderstorm,Amber,,,,False,True,False,False,False,False,False,False,6086,ok
weather_20260414_1400_weather_forecast_9dfc9af5.pdf,2026-04-14,1400,weather_forecast,,24.0,50.0,,True,True,False,False,False,False,False,False,4313,ok
weather_20260414_1600_weather_forecast_17c80d20.pdf,2026-04-14,1600,weather_forecast,,36.0,50.0,,True,True,False,False,False,False,False,False,4673,ok
weather_20260415_0530_weather_forecast_8ad7015c.pdf,2026-04-15,0530,weather_forecast,,24.0,50.0,,True,True,False,False,False,False,False,False,4332,ok
weather_20260415_1200_thunderstorm_240ea470.pdf,2026-04-15,1200,thunderstorm,Amber,,,,False,True,False,False,False,False,False,False,3248,ok
weather_20260415_1600_weather_forecast_e2486e69.pdf,2026-04-15,1600,weather_forecast,,36.0,,,False,True,False,False,False,False,False,False,3771,ok
weather_20260416_0530_weather_forecast_63686e45.pdf,2026-04-16,0530,weather_forecast,,24.0,50.0,,True,True,False,False,False,False,False,False,3959,ok
weather_20260416_1200_thunderstorm_f55aba47.pdf,2026-04-16,1200,thunderstorm,Amber,,,,False,True,False,False,False,False,False,False,3195,ok
weather_20260416_1400_weather_forecast_b685833a.pdf,2026-04-16,1400,weather_forecast,,24.0,,,False,True,False,False,False,False,False,False,3533,ok
weather_20260416_1600_weather_forecast_4166237e.pdf,2026-04-16,1600,weather_forecast,,36.0,,,False,True,False,False,False,False,False,False,5144,ok
weather_20260417_0530_weather_forecast_6fe29075.pdf,2026-04-17,0530,weather_forecast,,24.0,,,False,True,False,False,False,False,False,False,3487,ok
weather_20260417_1200_thunderstorm_8049f8c0.pdf,2026-04-17,1200,thunderstorm,Amber,,,,False,True,False,False,False,False,False,False,3124,ok
weather_20260417_1400_weather_forecast_c69b356a.pdf,2026-04-17,1400,weather_forecast,,24.0,,,False,True,False,False,False,False,False,False,3748,ok
weather_20260417_1600_weather_forecast_c862cdf9.pdf,2026-04-17,1600,weather_forecast,,36.0,,,False,True,False,False,False,False,False,False,3715,ok
weather_20260418_1400_weather_forecast_e5103693.pdf,2026-04-18,1400,weather_forecast,,24.0,,,False,True,False,False,False,False,False,False,6891,ok
weather_20260418_1600_weather_forecast_94570cb1.pdf,2026-04-18,1600,weather_forecast,,36.0,,,False,True,False,False,False,False,False,False,4042,ok
weather_20260419_0530_weather_forecast_b658de1a.pdf,2026-04-19,0530,weather_forecast,,24.0,50.0,,True,True,False,False,False,False,False,False,5427,ok
weather_20260419_1200_thunderstorm_ef1c0629.pdf,2026-04-19,1200,thunderstorm,Amber,,,,False,True,False,False,False,False,False,False,3206,ok
weather_20260419_1400_weather_forecast_05c86afe.pdf,2026-04-19,1400,weather_forecast,,24.0,75.0,,True,True,False,False,False,False,False,False,4948,ok
weather_20260419_1600_weather_forecast_50027b8c.pdf,2026-04-19,1600,weather_forecast,,36.0,75.0,,True,True,False,False,False,False,False,False,6352,ok
weather_20260420_0530_weather_forecast_9a69cfc3.pdf,2026-04-20,0530,weather_forecast,,24.0,75.0,,True,True,False,False,False,False,False,False,5273,ok
weather_20260420_1200_thunderstorm_288981c2.pdf,2026-04-20,1200,thunderstorm,Amber,,,,False,True,False,False,False,False,False,False,4412,ok
weather_20260420_1400_weather_forecast_6aaef98f.pdf,2026-04-20,1400,weather_forecast,,,,,False,False,False,False,False,False,False,False,2907,ok
weather_20260420_1400_weather_forecast_c1d0b0c4.pdf,2026-04-20,1400,weather_forecast,,24.0,100.0,,True,True,False,False,False,False,False,False,4851,ok
weather_20260420_1600_weather_forecast_7a4546cd.pdf,2026-04-20,1600,weather_forecast,,36.0,100.0,,True,True,False,False,False,False,False,False,5704,ok
weather_20260421_0530_weather_forecast_e913a473.pdf,2026-04-21,0530,weather_forecast,,24.0,100.0,,True,True,False,False,False,False,False,False,5188,ok
weather_20260421_1200_thunderstorm_e1ca2bb6.pdf,2026-04-21,1200,thunderstorm,,,,,False,True,False,False,False,False,False,False,3220,ok
weather_20260421_1400_weather_forecast_443a537c.pdf,2026-04-21,1400,weather_forecast,,24.0,100.0,,True,True,False,False,False,False,False,False,8594,ok
weather_20260421_1600_weather_forecast_c0189d98.pdf,2026-04-21,1600,weather_forecast,,36.0,100.0,,True,True,False,False,False,False,False,False,4277,ok
weather_20260422_0530_weather_forecast_ac9c4662.pdf,2026-04-22,0530,weather_forecast,,24.0,75.0,,True,True,False,False,False,False,False,False,5523,ok
weather_20260422_1200_thunderstorm_8e25b0bf.pdf,2026-04-22,1200,thunderstorm,Amber,,,,False,True,False,False,False,False,False,False,4731,ok
weather_20260422_1400_weather_forecast_348cb76c.pdf,2026-04-22,1400,weather_forecast,,24.0,75.0,,True,True,False,False,False,False,False,False,5277,ok
weather_20260422_1600_weather_forecast_b8214c24.pdf,2026-04-22,1600,weather_forecast,,36.0,75.0,,True,True,False,False,False,False,False,False,5740,ok
weather_20260423_0530_weather_forecast_7ebe5dfd.pdf,2026-04-23,0530,weather_forecast,,24.0,75.0,,True,True,False,False,False,False,False,False,5336,ok
weather_20260423_1200_thunderstorm_e64949c4.pdf,2026-04-23,1200,thunderstorm,Amber,,,,False,True,False,False,False,False,False,False,4739,ok
weather_20260423_1400_weather_forecast_d86c3a40.pdf,2026-04-23,1400,weather_forecast,,24.0,75.0,,True,True,False,False,False,False,False,False,5269,ok
weather_20260423_1600_weather_forecast_6c257ae4.pdf,2026-04-23,1600,weather_forecast,,36.0,75.0,,True,True,False,False,False,False,False,False,5644,ok
weather_20260424_0530_weather_forecast_48d26481.pdf,2026-04-24,0530,weather_forecast,,24.0,75.0,,True,True,False,False,False,False,False,False,5340,ok
weather_20260424_1200_thunderstorm_780da8d8.pdf,2026-04-24,1200,thunderstorm,Amber,,,,False,True,False,False,False,False,False,False,3169,ok
weather_20260424_1400_weather_forecast_ba88e6e0.pdf,2026-04-24,1400,weather_forecast,,24.0,,,False,True,False,False,False,False,False,False,3582,ok
weather_20260424_1600_weather_forecast_5adce006.pdf,2026-04-24,1600,weather_forecast,,36.0,75.0,,True,True,False,False,False,False,False,False,4396,ok
weather_20260425_0530_weather_forecast_f68de537.pdf,2026-04-25,0530,weather_forecast,,24.0,,,False,True,False,False,False,False,False,False,3537,ok
weather_20260425_1200_thunderstorm_991084b5.pdf,2026-04-25,1200,thunderstorm,Amber,,,,False,True,False,False,False,False,False,False,3178,ok
weather_20260425_1400_weather_forecast_768ee5e5.pdf,2026-04-25,1400,weather_forecast,,24.0,,,False,True,False,False,False,False,False,False,3586,ok
weather_20260425_1600_weather_forecast_9bc8c3f5.pdf,2026-04-25,1600,weather_forecast,,36.0,,,False,True,False,False,False,False,False,False,3792,ok
weather_20260426_0530_weather_forecast_c2780809.pdf,2026-04-26,0530,weather_forecast,,24.0,,,False,True,False,False,False,False,False,False,3544,ok
weather_20260426_1200_thunderstorm_5e23a57c.pdf,2026-04-26,1200,thunderstorm,Amber,,,,False,True,False,False,False,False,False,False,3204,ok
weather_20260426_1400_weather_forecast_8073c72a.pdf,2026-04-26,1400,weather_forecast,,24.0,75.0,,True,True,False,False,False,False,False,False,3575,ok
weather_20260426_1600_weather_forecast_dd9a23cf.pdf,2026-04-26,1600,weather_forecast,,36.0,75.0,,True,True,False,False,False,False,False,False,4492,ok
weather_20260427_0530_weather_forecast_7a992bb3.pdf,2026-04-27,0530,weather_forecast,,24.0,75.0,,True,True,False,False,False,False,False,False,3678,ok
weather_20260427_1200_weather_forecast_a1ceca9a.pdf,2026-04-27,1200,weather_forecast,Amber,,,,False,True,False,False,False,False,False,False,6063,ok
weather_20260427_1600_weather_forecast_16594fca.pdf,2026-04-27,1600,weather_forecast,,,,,False,False,False,False,False,False,False,False,1647,ok
weather_20260427_1600_weather_forecast_8dd2751f.pdf,2026-04-27,1600,weather_forecast,,36.0,75.0,,True,True,False,False,False,False,False,False,4302,ok
weather_20260428_0530_weather_forecast_7c75dbf8.pdf,2026-04-28,0530,weather_forecast,,24.0,75.0,,True,True,False,False,False,False,False,False,3804,ok
weather_20260428_1200_thunderstorm_7e29d60c.pdf,2026-04-28,1200,thunderstorm,Amber,,,,False,True,False,False,False,False,False,False,3285,ok
weather_20260428_1400_weather_forecast_396d81a5.pdf,2026-04-28,1400,weather_forecast,,24.0,50.0,,True,True,False,False,False,False,False,False,4127,ok
weather_20260428_1600_weather_forecast_93040505.pdf,2026-04-28,1600,weather_forecast,,36.0,50.0,,True,True,False,False,False,False,False,False,5594,ok
weather_20260429_0530_weather_forecast_5eeb1847.pdf,2026-04-29,0530,weather_forecast,,24.0,50.0,,True,True,False,False,False,False,False,False,4210,ok
weather_20260429_1200_thunderstorm_5df9986a.pdf,2026-04-29,1200,thunderstorm,Amber,,,,False,True,False,False,False,False,False,False,3266,ok
weather_20260429_1400_weather_forecast_881581a0.pdf,2026-04-29,1400,weather_forecast,,24.0,50.0,,True,True,False,False,False,False,False,False,3961,ok
weather_20260429_1600_weather_forecast_fc35f552.pdf,2026-04-29,1600,weather_forecast,,36.0,50.0,,True,True,False,False,False,False,False,False,3972,ok
weather_20260430_0530_weather_forecast_a3d1a542.pdf,2026-04-30,0530,weather_forecast,,24.0,50.0,,True,True,False,False,False,False,False,False,4023,ok
weather_20260430_1400_weather_forecast_d25fcd36.pdf,2026-04-30,1400,weather_forecast,,24.0,50.0,,True,True,False,False,False,False,False,False,4080,ok
weather_20260430_1600_weather_forecast_35607dac.pdf,2026-04-30,1600,weather_forecast,,36.0,50.0,,True,True,False,False,False,False,False,False,4104,ok
weather_20260501_0530_weather_forecast_3ad8d6f2.pdf,2026-05-01,0530,weather_forecast,,24.0,50.0,,True,True,False,False,False,False,False,False,3901,ok
weather_20260501_1200_thunderstorm_2bc6de12.pdf,2026-05-01,1200,thunderstorm,Amber,,,,False,True,False,False,False,False,False,False,4857,ok
weather_20260501_1400_weather_forecast_bad6b502.pdf,2026-05-01,1400,weather_forecast,,24.0,,,False,True,False,False,False,False,False,False,3893,ok
weather_20260501_1600_weather_forecast_f22ec38f.pdf,2026-05-01,1600,weather_forecast,,36.0,,,False,True,False,False,False,False,False,False,4093,ok
weather_20260502_0530_weather_forecast_f656450e.pdf,2026-05-02,0530,weather_forecast,,24.0,,,False,True,False,False,False,False,False,False,4098,ok
weather_20260502_1200_thunderstorm_a2a7a67f.pdf,2026-05-02,1200,thunderstorm,Amber,,,,False,True,False,False,False,False,False,False,3103,ok
weather_20260502_1400_weather_forecast_e5316dd7.pdf,2026-05-02,1400,weather_forecast,,24.0,,,False,True,False,False,False,False,False,False,4100,ok
weather_20260502_1600_weather_forecast_0c4a2a57.pdf,2026-05-02,1600,weather_forecast,,36.0,,,False,True,False,False,False,False,False,False,3804,ok
weather_20260503_0530_weather_forecast_b01c0ea9.pdf,2026-05-03,0530,weather_forecast,,24.0,50.0,,True,True,False,False,False,False,False,False,4425,ok
weather_20260503_0700_weather_forecast_47f66626.pdf,2026-05-03,0700,weather_forecast,,24.0,,,False,False,False,False,False,False,False,True,5718,ok
weather_20260503_1200_thunderstorm_66843805.pdf,2026-05-03,1200,thunderstorm,Amber,,,,False,True,False,False,False,False,False,False,4762,ok
weather_20260503_1400_weather_forecast_2d21c0b1.pdf,2026-05-03,1400,weather_forecast,,24.0,50.0,,True,True,False,False,False,False,False,False,4448,ok
weather_20260503_1600_weather_forecast_3390bce1.pdf,2026-05-03,1600,weather_forecast,,36.0,50.0,,True,True,False,False,False,False,False,False,4083,ok
weather_20260504_0530_weather_forecast_fb96881a.pdf,2026-05-04,0530,weather_forecast,,24.0,50.0,40.0,True,True,True,False,False,False,False,False,4631,ok
weather_20260504_0700_weather_forecast_3c95b258.pdf,2026-05-04,0700,weather_forecast,,24.0,,,False,False,False,False,False,False,False,True,5778,ok
weather_20260504_1200_thunderstorm_64de4884.pdf,2026-05-04,1200,thunderstorm,Amber,,,,False,True,False,False,False,False,False,False,3208,ok
weather_20260504_1400_weather_forecast_6ff54d22.pdf,2026-05-04,1400,weather_forecast,,24.0,50.0,40.0,True,True,True,False,False,False,False,False,5238,ok
weather_20260504_1600_weather_forecast_3efd145a.pdf,2026-05-04,1600,weather_forecast,,36.0,50.0,40.0,True,True,True,False,False,False,False,False,4923,ok
weather_20260505_0530_weather_forecast_084b3978.pdf,2026-05-05,0530,weather_forecast,,24.0,50.0,40.0,True,True,True,False,False,False,False,False,5395,ok
weather_20260505_1230_thunderstorm_05286357.pdf,2026-05-05,1230,thunderstorm,Amber,,,,False,True,False,False,False,False,False,False,3198,ok
weather_20260505_1400_weather_forecast_4eb21d2a.pdf,2026-05-05,1400,weather_forecast,,24.0,100.0,,True,True,False,False,False,False,False,False,4644,ok
weather_20260505_1600_weather_forecast_909037f8.pdf,2026-05-05,1600,weather_forecast,,36.0,100.0,,True,True,False,False,False,False,False,False,7484,ok
weather_20260506_0530_weather_forecast_9ff9d72a.pdf,2026-05-06,0530,weather_forecast,,24.0,100.0,,True,True,False,False,False,False,False,False,4447,ok
weather_20260506_1230_thunderstorm_bedc55f9.pdf,2026-05-06,1230,thunderstorm,Amber,,,,False,True,False,False,False,False,False,False,4731,ok
weather_20260506_1400_weather_forecast_291c0bbf.pdf,2026-05-06,1400,weather_forecast,,24.0,100.0,,True,True,False,False,False,False,False,False,3724,ok
weather_20260506_1600_weather_forecast_2cd34797.pdf,2026-05-06,1600,weather_forecast,,36.0,100.0,,True,True,False,False,False,False,False,False,4834,ok
weather_20260507_0530_weather_forecast_b205d097.pdf,2026-05-07,0530,weather_forecast,,24.0,75.0,,True,True,False,False,False,False,False,False,3783,ok
weather_20260507_1200_thunderstorm_8672b2b3.pdf,2026-05-07,1200,thunderstorm,Amber,,,,False,True,False,False,False,False,False,False,4754,ok
weather_20260507_1400_weather_forecast_818b9b45.pdf,2026-05-07,1400,weather_forecast,,24.0,100.0,,True,True,False,False,False,False,False,False,3718,ok
weather_20260507_1600_weather_forecast_fe9a607c.pdf,2026-05-07,1600,weather_forecast,,36.0,100.0,,True,True,False,False,False,False,False,False,4109,ok
weather_20260508_0530_weather_forecast_ce8f8ce6.pdf,2026-05-08,0530,weather_forecast,,24.0,100.0,,True,True,False,False,False,False,False,False,5324,ok
weather_20260508_1200_thunderstorm_c8eec842.pdf,2026-05-08,1200,thunderstorm,Amber,,,,False,True,False,False,False,False,False,False,3342,ok
weather_20260508_1400_weather_forecast_1449760f.pdf,2026-05-08,1400,weather_forecast,,24.0,100.0,,True,True,False,False,False,False,False,False,3774,ok
weather_20260508_1400_weather_forecast_39f321f4.pdf,2026-05-08,1400,weather_forecast,,,,,False,False,False,False,False,False,False,False,3186,ok
weather_20260508_1600_weather_forecast_2ac686c6.pdf,2026-05-08,1600,weather_forecast,,,,,False,False,False,False,False,False,False,False,1773,ok
weather_20260508_1600_weather_forecast_ca239693.pdf,2026-05-08,1600,weather_forecast,,36.0,100.0,,True,True,False,False,False,False,False,False,4232,ok
weather_20260509_0530_weather_forecast_970d60b9.pdf,2026-05-09,0530,weather_forecast,,24.0,100.0,,True,True,False,False,False,False,False,False,6928,ok
weather_20260509_1200_heavy_rain_3767ac34.pdf,2026-05-09,1200,heavy_rain,Amber,,100.0,,True,True,False,False,False,False,False,False,1720,ok
weather_20260509_1400_weather_forecast_b1810d4e.pdf,2026-05-09,1400,weather_forecast,,24.0,100.0,,True,True,False,False,False,False,False,False,3632,ok
weather_20260509_1600_weather_forecast_83087bec.pdf,2026-05-09,1600,weather_forecast,,36.0,100.0,,True,True,False,False,False,False,False,False,3961,ok
weather_20260510_0530_weather_forecast_a682255e.pdf,2026-05-10,0530,weather_forecast,,24.0,100.0,,True,True,False,False,False,False,False,False,3712,ok
weather_20260510_1200_heavy_rain_a69b6b8a.pdf,2026-05-10,1200,heavy_rain,Amber,,100.0,,True,True,False,False,False,False,False,False,1702,ok
weather_20260510_1400_weather_forecast_eacc6466.pdf,2026-05-10,1400,weather_forecast,,48.0,100.0,,True,True,False,False,False,False,False,False,4456,ok
weather_20260510_1600_weather_forecast_96ce99e2.pdf,2026-05-10,1600,weather_forecast,,36.0,100.0,,True,True,False,False,False,False,False,False,3795,ok
weather_20260511_0530_weather_forecast_48f735ee.pdf,2026-05-11,0530,weather_forecast,,36.0,100.0,,True,True,False,False,False,False,False,False,4915,ok
weather_20260511_1200_thunderstorm_67f6fd23.pdf,2026-05-11,1200,thunderstorm,Amber,,,,False,True,False,False,False,False,False,False,4772,ok
weather_20260511_1400_weather_forecast_02bef069.pdf,2026-05-11,1400,weather_forecast,,24.0,100.0,,True,True,False,False,False,False,False,False,4814,ok
weather_20260511_1500_low_pressure_91331172.pdf,2026-05-11,1500,low_pressure,,,,,False,False,False,True,False,False,False,False,1295,ok
weather_20260511_1500_low_pressure_b14bfd16.pdf,2026-05-11,1500,low_pressure,Amber,,,,False,False,False,True,True,False,False,True,1187,ok
weather_20260511_1600_weather_forecast_be0ebfaa.pdf,2026-05-11,1600,weather_forecast,,36.0,100.0,,True,True,False,False,False,False,False,False,4915,ok
weather_20260511_1700_heavy_rain_4dd69779.pdf,2026-05-11,1700,heavy_rain,Amber,,100.0,,True,True,False,False,False,False,False,False,1738,ok
weather_20260512_0530_weather_forecast_a81dce6c.pdf,2026-05-12,0530,weather_forecast,,24.0,100.0,,True,True,False,True,False,False,False,False,4704,ok
weather_20260512_1400_weather_forecast_85bface6.pdf,2026-05-12,1400,weather_forecast,,24.0,100.0,,True,True,False,True,False,False,False,False,5477,ok
weather_20260512_1500_low_pressure_7c882d58.pdf,2026-05-12,1500,low_pressure,Amber,,,,False,False,False,True,True,False,False,True,2513,ok
weather_20260512_1530_heavy_rain_f8eea11c.pdf,2026-05-12,1530,heavy_rain,Amber,,100.0,,True,True,False,False,False,False,False,False,1734,ok
weather_20260512_1600_weather_forecast_0c0e13a7.pdf,2026-05-12,1600,weather_forecast,,36.0,100.0,,True,True,False,True,False,False,False,False,4370,ok
weather_20260513_0530_weather_forecast_735b6036.pdf,2026-05-13,0530,weather_forecast,,24.0,100.0,,True,True,False,True,False,False,False,False,5443,ok
weather_20260513_0630_heavy_rain_4586ed8a.pdf,2026-05-13,0630,heavy_rain,Amber,,200.0,,True,True,False,False,False,False,False,False,2679,ok
weather_20260513_0930_heavy_rain_1a8129ca.pdf,2026-05-13,0930,heavy_rain,Red,,150.0,,True,True,False,False,False,False,False,False,2441,ok
weather_20260513_1400_weather_forecast_2da92d77.pdf,2026-05-13,1400,weather_forecast,,48.0,,,False,True,False,True,False,False,False,False,5884,ok
weather_20260513_1500_low_pressure_21b1f153.pdf,2026-05-13,1500,low_pressure,Amber,48.0,,,False,False,False,True,True,False,False,True,2543,ok
weather_20260513_1600_weather_forecast_1095c32d.pdf,2026-05-13,1600,weather_forecast,,,,,False,False,False,False,False,False,False,False,1887,ok
weather_20260513_1600_weather_forecast_73826071.pdf,2026-05-13,1600,weather_forecast,,36.0,100.0,,True,True,False,True,False,False,False,False,4380,ok
weather_20260514_0530_weather_forecast_e5648d67.pdf,2026-05-14,0530,weather_forecast,,36.0,,,False,True,False,True,False,False,False,False,5584,ok
weather_20260514_0900_heavy_rain_6962778b.pdf,2026-05-14,0900,heavy_rain,Red,36.0,100.0,,True,True,False,True,False,False,False,False,1090,ok
weather_20260514_0900_heavy_rain_cff259ed.pdf,2026-05-14,0900,heavy_rain,,,,,True,False,False,False,False,False,False,False,1120,ok
weather_20260514_1400_weather_forecast_869e872d.pdf,2026-05-14,1400,weather_forecast,,48.0,,,False,True,False,True,False,False,False,False,5907,ok
weather_20260514_1500_low_pressure_d25c8f6d.pdf,2026-05-14,1500,low_pressure,Amber,48.0,,,False,False,False,True,True,False,False,True,2603,ok
weather_20260514_1600_weather_forecast_bc0e8b01.pdf,2026-05-14,1600,weather_forecast,,36.0,100.0,,True,True,False,False,False,False,False,False,4308,ok
weather_20260514_1730_heavy_rain_8afe3829.pdf,2026-05-14,1730,heavy_rain,Red,48.0,150.0,,True,True,False,False,False,False,False,False,2620,ok
weather_20260515_0530_weather_forecast_a0052240.pdf,2026-05-15,0530,weather_forecast,,36.0,,,False,True,False,False,False,False,False,False,5704,ok
weather_20260515_0930_heavy_rain_750de670.pdf,2026-05-15,0930,heavy_rain,Red,36.0,150.0,,True,True,False,False,False,False,False,False,1309,ok
weather_20260515_0930_heavy_rain_eebd56ee.pdf,2026-05-15,0930,heavy_rain,,,,,True,False,False,False,False,False,False,False,1292,ok
weather_20260515_1400_weather_forecast_db223b83.pdf,2026-05-15,1400,weather_forecast,,24.0,,,False,True,False,False,False,False,False,False,6380,ok
weather_20260515_1530_low_pressure_aa453609.pdf,2026-05-15,1530,low_pressure,Amber,,,,False,False,False,True,True,False,False,True,2535,ok
weather_20260515_1600_weather_forecast_d7a56e8b.pdf,2026-05-15,1600,weather_forecast,,36.0,100.0,,True,True,False,False,False,False,False,False,4644,ok
weather_20260516_0530_weather_forecast_8db449c7.pdf,2026-05-16,0530,weather_forecast,,24.0,,,False,True,False,False,False,False,False,False,6353,ok
weather_20260516_1400_weather_forecast_567e4bc8.pdf,2026-05-16,1400,weather_forecast,,24.0,75.0,,True,True,False,False,False,False,False,False,5902,ok
weather_20260516_1500_low_pressure_e0c18184.pdf,2026-05-16,1500,low_pressure,Amber,,,,False,False,False,True,True,False,False,True,2539,ok
weather_20260516_1600_weather_forecast_10cf6462.pdf,2026-05-16,1600,weather_forecast,,36.0,75.0,,True,True,False,False,False,False,False,False,4053,ok
weather_20260517_0530_weather_forecast_14b62e61.pdf,2026-05-17,0530,weather_forecast,,24.0,,,False,True,False,False,False,False,False,False,4582,ok
weather_20260517_1400_weather_forecast_c5d8a981.pdf,2026-05-17,1400,weather_forecast,,24.0,,,False,True,False,False,False,False,False,False,5114,ok
weather_20260517_1500_low_pressure_981d0373.pdf,2026-05-17,1500,low_pressure,Green,,,,False,False,False,True,False,False,False,True,1361,ok
weather_20260517_1600_weather_forecast_440ebcd3.pdf,2026-05-17,1600,weather_forecast,,36.0,50.0,40.0,True,True,True,False,False,False,False,False,4274,ok
weather_20260518_0530_weather_forecast_13eed32b.pdf,2026-05-18,0530,weather_forecast,,24.0,,,False,True,False,False,False,False,False,False,5562,ok
weather_20260518_1200_thunderstorm_a9c8e3f1.pdf,2026-05-18,1200,thunderstorm,Amber,,,,False,True,False,False,False,False,False,False,3116,ok
weather_20260518_1400_weather_forecast_2683fb6d.pdf,2026-05-18,1400,weather_forecast,,24.0,,,False,True,False,False,False,False,False,False,5597,ok
weather_20260518_1600_weather_forecast_3be1d58a.pdf,2026-05-18,1600,weather_forecast,,36.0,50.0,40.0,True,True,True,False,False,False,False,False,4049,ok
weather_20260519_0530_weather_forecast_730e32d5.pdf,2026-05-19,0530,weather_forecast,,24.0,,,False,True,False,False,False,False,False,False,5444,ok
weather_20260519_1230_thunderstorm_0842deeb.pdf,2026-05-19,1230,thunderstorm,Amber,,,,False,True,False,False,False,False,False,False,3024,ok
weather_20260519_1400_weather_forecast_0fc9fd6a.pdf,2026-05-19,1400,weather_forecast,,24.0,,,False,True,False,False,False,False,False,False,10604,ok
weather_20260519_1600_weather_forecast_b315d82b.pdf,2026-05-19,1600,weather_forecast,,36.0,50.0,40.0,True,True,True,False,False,False,False,False,3816,ok
weather_20260520_0530_weather_forecast_27a42244.pdf,2026-05-20,0530,weather_forecast,,24.0,,,False,True,False,False,False,False,False,False,5396,ok
weather_20260520_0530_weather_forecast_9359f562.pdf,2026-05-20,0530,weather_forecast,,24.0,,,False,True,False,False,False,False,False,False,5802,ok
weather_20260520_1400_weather_forecast_1803f8fc.pdf,2026-05-20,1400,weather_forecast,,24.0,,,False,True,False,False,False,False,False,False,6226,ok
weather_20260520_1600_weather_forecast_9c3abd7a.pdf,2026-05-20,1600,weather_forecast,,36.0,50.0,40.0,True,True,True,False,False,False,False,False,3632,ok
weather_20260521_0530_weather_forecast_1d7336fb.pdf,2026-05-21,0530,weather_forecast,,24.0,,,False,True,False,False,False,False,False,False,6202,ok
weather_20260521_0700_weather_forecast_972d04eb.pdf,2026-05-21,0700,weather_forecast,,,,,False,False,False,False,False,False,False,False,5407,ok
weather_20260521_1400_weather_forecast_4e63948e.pdf,2026-05-21,1400,weather_forecast,,24.0,,,False,True,False,False,False,False,False,False,7697,ok
weather_20260521_1600_weather_forecast_e0c92e41.pdf,2026-05-21,1600,weather_forecast,,36.0,75.0,45.0,True,True,True,False,False,False,False,False,3644,ok
weather_20260522_0430_heavy_rain_fa946f53.pdf,2026-05-22,0430,heavy_rain,Red,,200.0,,True,True,False,False,False,False,False,False,3528,ok
weather_20260522_1400_weather_forecast_e42f0d31.pdf,2026-05-22,1400,weather_forecast,,24.0,,,False,True,False,False,False,False,False,False,9973,ok
weather_20260522_1600_weather_forecast_1246af30.pdf,2026-05-22,1600,weather_forecast,,36.0,100.0,45.0,True,True,True,False,False,False,False,False,3974,ok
weather_20260523_0530_weather_forecast_7bcaba5a.pdf,2026-05-23,0530,weather_forecast,,24.0,,,False,True,False,False,False,False,False,False,6659,ok
weather_20260523_1400_weather_forecast_c68ed0ce.pdf,2026-05-23,1400,weather_forecast,,24.0,,,False,True,False,False,False,False,False,False,5206,ok
weather_20260523_1600_weather_forecast_84842b47.pdf,2026-05-23,1600,weather_forecast,,36.0,100.0,40.0,True,True,True,False,False,False,False,False,3924,ok
weather_20260524_0530_weather_forecast_4add0866.pdf,2026-05-24,0530,weather_forecast,,24.0,,,False,True,False,False,False,False,False,False,5232,ok
weather_20260524_0700_weather_forecast_4735e12f.pdf,2026-05-24,0700,weather_forecast,,24.0,,60.0,False,True,True,False,False,False,False,False,6298,ok
weather_20260524_1400_weather_forecast_1c93ac22.pdf,2026-05-24,1400,weather_forecast,,24.0,,,False,True,False,False,False,False,False,False,5647,ok
weather_20260524_1600_weather_forecast_88fb8005.pdf,2026-05-24,1600,weather_forecast,,36.0,75.0,40.0,True,True,True,False,False,False,False,False,4283,ok
weather_20260525_0530_weather_forecast_56953d5a.pdf,2026-05-25,0530,weather_forecast,,24.0,,,False,True,False,False,False,False,False,False,5439,ok
weather_20260525_0600_weather_forecast_501cc722.pdf,2026-05-25,0600,weather_forecast,,24.0,,60.0,False,True,True,False,False,False,False,False,6311,ok
weather_20260525_1200_thunderstorm_8cb2bfb3.pdf,2026-05-25,1200,thunderstorm,Amber,,,,False,True,False,False,False,False,False,False,5664,ok
weather_20260525_1400_weather_forecast_88fe80f8.pdf,2026-05-25,1400,weather_forecast,,24.0,,,False,True,False,False,False,False,False,False,5414,ok
weather_20260525_1600_weather_forecast_f1172b46.pdf,2026-05-25,1600,weather_forecast,,36.0,100.0,40.0,True,True,True,False,False,False,False,False,3987,ok
weather_20260526_0530_weather_forecast_437f550a.pdf,2026-05-26,0530,weather_forecast,,24.0,,,False,True,False,False,False,False,False,False,5300,ok
weather_20260526_1400_weather_forecast_9a147691.pdf,2026-05-26,1400,weather_forecast,,24.0,,,False,True,False,False,False,False,False,False,10361,ok
weather_20260526_1600_weather_forecast_a5a774bf.pdf,2026-05-26,1600,weather_forecast,,36.0,75.0,40.0,True,True,True,False,False,False,False,False,3910,ok
weather_20260526_1730_strong_wind_4ccf612b.pdf,2026-05-26,1730,strong_wind,Amber,,,,False,False,True,False,False,False,False,False,1689,ok
weather_20260526_1730_strong_wind_8ce80a92.pdf,2026-05-26,1730,strong_wind,,,,,False,False,True,False,False,False,False,False,1805,ok
weather_20260527_0530_weather_forecast_25a86c02.pdf,2026-05-27,0530,weather_forecast,,24.0,,,False,True,False,False,False,False,False,False,5396,ok
weather_20260527_1400_weather_forecast_68db8974.pdf,2026-05-27,1400,weather_forecast,,24.0,,,False,True,False,False,False,False,False,False,5068,ok
weather_20260527_1600_weather_forecast_dd3fb65f.pdf,2026-05-27,1600,weather_forecast,,36.0,,40.0,False,True,True,False,False,False,False,False,3817,ok
weather_20260527_1630_strong_wind_4a1d347d.pdf,2026-05-27,1630,strong_wind,Amber,,,,False,False,True,False,False,False,False,False,2912,ok
weather_20260528_0530_weather_forecast_9c6cd794.pdf,2026-05-28,0530,weather_forecast,,24.0,,,False,True,False,False,False,False,False,False,5092,ok
weather_20260528_1400_weather_forecast_ac8279a8.pdf,2026-05-28,1400,weather_forecast,,24.0,,40.0,False,True,True,False,False,False,False,False,4564,ok
weather_20260528_1600_weather_forecast_0dda4ae0.pdf,2026-05-28,1600,weather_forecast,,36.0,75.0,40.0,True,True,True,False,False,False,False,False,3947,ok
weather_20260528_2130_weather_forecast_4d29a16b.pdf,2026-05-28,2130,weather_forecast,,,,,False,False,False,False,False,False,False,False,3203,ok
weather_20260529_0530_weather_forecast_315055d7.pdf,2026-05-29,0530,weather_forecast,,24.0,,,False,True,False,False,False,False,False,False,5345,ok
weather_20260529_1400_weather_forecast_eea2de01.pdf,2026-05-29,1400,weather_forecast,,24.0,,,False,True,False,False,False,False,False,False,4798,ok
weather_20260529_1600_weather_forecast_de45279e.pdf,2026-05-29,1600,weather_forecast,,36.0,,40.0,False,True,True,False,False,False,False,False,3565,ok
weather_20260530_0530_weather_forecast_73f0c6d5.pdf,2026-05-30,0530,weather_forecast,,24.0,,,False,True,False,False,False,False,False,False,4771,ok
weather_20260530_1400_weather_forecast_f0fa2da5.pdf,2026-05-30,1400,weather_forecast,,24.0,,,False,True,False,False,False,False,False,False,5002,ok
weather_20260530_1600_weather_forecast_1b124ff8.pdf,2026-05-30,1600,weather_forecast,,36.0,50.0,40.0,True,True,True,False,False,False,False,False,3792,ok
weather_20260531_0530_weather_forecast_00a39615.pdf,2026-05-31,0530,weather_forecast,,24.0,,,False,True,False,False,False,False,False,False,5012,ok
weather_20260531_1400_weather_forecast_5a02c223.pdf,2026-05-31,1400,weather_forecast,,24.0,,,False,True,False,False,False,False,False,False,5344,ok
weather_20260531_1600_weather_forecast_789305a3.pdf,2026-05-31,1600,weather_forecast,,36.0,50.0,40.0,True,True,True,False,False,False,False,False,3727,ok
weather_20260601_0530_weather_forecast_30277695.pdf,2026-06-01,0530,weather_forecast,,24.0,,40.0,False,True,True,False,False,False,False,False,4960,ok
weather_20260601_0700_weather_forecast_3f5e995b.pdf,2026-06-01,0700,weather_forecast,,24.0,,,False,False,False,False,False,False,False,True,5455,ok
weather_20260601_1400_weather_forecast_3cd8436c.pdf,2026-06-01,1400,weather_forecast,,24.0,75.0,40.0,True,True,True,False,False,False,False,False,5255,ok
weather_20260601_1600_weather_forecast_8270838b.pdf,2026-06-01,1600,weather_forecast,,36.0,75.0,40.0,True,True,True,False,False,False,False,False,5319,ok
weather_20260602_0530_weather_forecast_301a1e59.pdf,2026-06-02,0530,weather_forecast,,24.0,,,False,True,False,False,False,False,False,False,6399,ok
weather_20260602_1400_weather_forecast_19b021b4.pdf,2026-06-02,1400,weather_forecast,,24.0,,,False,True,False,False,False,False,False,False,4856,ok
weather_20260602_1600_weather_forecast_e9748672.pdf,2026-06-02,1600,weather_forecast,,36.0,100.0,50.0,True,True,True,False,False,False,False,False,3623,ok
weather_20260603_0530_weather_forecast_b559c0a7.pdf,2026-06-03,0530,weather_forecast,,24.0,,,False,True,False,False,False,False,False,False,5973,ok
weather_20260603_0700_weather_forecast_4212baab.pdf,2026-06-03,0700,weather_forecast,,24.0,,60.0,False,True,True,False,False,False,False,False,6147,ok
weather_20260603_1400_weather_forecast_5f980442.pdf,2026-06-03,1400,weather_forecast,,24.0,,,False,True,False,False,False,False,False,False,5034,ok
weather_20260603_1530_strong_wind_b804678a.pdf,2026-06-03,1530,strong_wind,Amber,,,50.0,False,False,True,False,False,False,False,False,3313,ok
weather_20260603_1600_weather_forecast_3f404013.pdf,2026-06-03,1600,weather_forecast,,36.0,100.0,50.0,True,True,True,False,False,False,False,False,4102,ok
weather_20260604_0530_weather_forecast_4afd3697.pdf,2026-06-04,0530,weather_forecast,,24.0,100.0,50.0,True,True,True,False,False,False,False,False,4964,ok
weather_20260604_0700_weather_forecast_8e27fb9e.pdf,2026-06-04,0700,weather_forecast,,24.0,,,False,False,False,False,False,False,False,True,5863,ok
weather_20260604_1400_weather_forecast_2a9ba5fc.pdf,2026-06-04,1400,weather_forecast,,24.0,100.0,50.0,True,True,True,False,False,False,False,False,4869,ok
weather_20260604_1530_strong_wind_4cdb2361.pdf,2026-06-04,1530,strong_wind,Amber,,,50.0,False,False,True,False,False,False,False,False,4734,ok
weather_20260604_1600_weather_forecast_42961f39.pdf,2026-06-04,1600,weather_forecast,,36.0,100.0,50.0,True,True,True,False,False,False,False,False,5251,ok
weather_20260605_0530_weather_forecast_419c9ce7.pdf,2026-06-05,0530,weather_forecast,,24.0,100.0,50.0,True,True,True,False,False,False,False,False,6445,ok
weather_20260605_1400_weather_forecast_da9f8ab3.pdf,2026-06-05,1400,weather_forecast,,24.0,75.0,50.0,True,True,True,False,False,False,False,False,6052,ok
weather_20260605_1530_strong_wind_c440cb57.pdf,2026-06-05,1530,strong_wind,Amber,,,50.0,False,False,True,False,False,False,False,False,4743,ok
weather_20260605_1600_weather_forecast_f7c1d122.pdf,2026-06-05,1600,weather_forecast,,36.0,75.0,50.0,True,True,True,False,False,False,False,False,3880,ok
weather_20260605_2030_heavy_rain_41a06fd5.pdf,2026-06-05,2030,heavy_rain,Amber,,100.0,,True,True,False,False,False,False,False,False,3340,ok
weather_20260606_0530_weather_forecast_9e46b373.pdf,2026-06-06,0530,weather_forecast,,24.0,75.0,50.0,True,True,True,False,False,False,False,False,6063,ok
weather_20260606_1400_weather_forecast_ba3e2d56.pdf,2026-06-06,1400,weather_forecast,,24.0,100.0,50.0,True,True,True,False,False,False,False,False,5397,ok
weather_20260606_1530_strong_wind_2ef92591.pdf,2026-06-06,1530,strong_wind,Amber,,,50.0,False,False,True,False,False,False,False,False,4736,ok
weather_20260606_1600_weather_forecast_6953b16b.pdf,2026-06-06,1600,weather_forecast,,36.0,100.0,50.0,True,True,True,False,False,False,False,False,3940,ok
weather_20260607_0530_weather_forecast_feb0891b.pdf,2026-06-07,0530,weather_forecast,,24.0,100.0,50.0,True,True,True,False,False,False,False,False,6758,ok
weather_20260607_1400_weather_forecast_ea2854e3.pdf,2026-06-07,1400,weather_forecast,,24.0,50.0,50.0,True,True,True,False,False,False,False,False,7591,ok
weather_20260607_1530_strong_wind_851adce7.pdf,2026-06-07,1530,strong_wind,Amber,,,50.0,False,False,True,False,False,False,False,False,3320,ok
weather_20260607_1600_weather_forecast_0c9c0430.pdf,2026-06-07,1600,weather_forecast,,36.0,100.0,50.0,True,True,True,False,False,False,False,False,3844,ok
weather_20260608_0530_weather_forecast_872da97a.pdf,2026-06-08,0530,weather_forecast,,24.0,50.0,50.0,True,True,True,False,False,False,False,False,6220,ok
weather_20260608_1400_weather_forecast_2bbef193.pdf,2026-06-08,1400,weather_forecast,,24.0,50.0,50.0,True,True,True,False,False,False,False,False,6029,ok
weather_20260608_1530_strong_wind_d034ca11.pdf,2026-06-08,1530,strong_wind,,,,,False,False,True,False,False,False,False,False,1818,ok
weather_20260608_1600_weather_forecast_3ebf3f80.pdf,2026-06-08,1600,weather_forecast,,36.0,50.0,50.0,True,True,True,False,False,False,False,False,3780,ok
weather_20260609_0530_weather_forecast_e1f91a3f.pdf,2026-06-09,0530,weather_forecast,,24.0,,50.0,False,True,True,False,False,False,False,False,5938,ok
weather_20260609_0930_weather_forecast_4a0f8055.pdf,2026-06-09,0930,weather_forecast,,,,,False,False,False,False,False,False,False,False,5800,ok
weather_20260609_1400_weather_forecast_63ab1e8d.pdf,2026-06-09,1400,weather_forecast,,24.0,,50.0,False,True,True,False,False,False,False,False,5833,ok
weather_20260609_1530_strong_wind_baf2b1e8.pdf,2026-06-09,1530,strong_wind,Amber,,,50.0,False,False,True,False,False,False,False,False,3321,ok
weather_20260609_1600_weather_forecast_401437af.pdf,2026-06-09,1600,weather_forecast,,36.0,,50.0,False,True,True,False,False,False,False,False,3584,ok
weather_20260610_0530_weather_forecast_4afe685b.pdf,2026-06-10,0530,weather_forecast,,24.0,,50.0,False,True,True,False,False,False,False,False,5843,ok
weather_20260610_1400_weather_forecast_accf059a.pdf,2026-06-10,1400,weather_forecast,,24.0,50.0,50.0,True,True,True,False,False,False,False,False,5943,ok
weather_20260610_1530_strong_wind_3ad0bdd2.pdf,2026-06-10,1530,strong_wind,Amber,,,50.0,False,False,True,False,False,False,False,False,3320,ok
weather_20260610_1600_weather_forecast_5426d515.pdf,2026-06-10,1600,weather_forecast,,36.0,50.0,50.0,True,True,True,False,False,False,False,False,3538,ok
weather_20260611_0530_weather_forecast_3d9aee87.pdf,2026-06-11,0530,weather_forecast,,24.0,50.0,50.0,True,True,True,False,False,False,False,False,5957,ok
weather_20260611_1400_weather_forecast_93fc1edf.pdf,2026-06-11,1400,weather_forecast,,24.0,75.0,50.0,True,True,True,False,False,False,False,False,5944,ok
weather_20260611_1600_weather_forecast_6d0e2f9b.pdf,2026-06-11,1600,weather_forecast,,36.0,75.0,50.0,True,True,True,False,False,False,False,False,3725,ok
weather_20260611_1800_weather_forecast_037770bd.pdf,2026-06-11,1800,weather_forecast,Amber,,,50.0,False,False,True,False,False,False,False,False,1502,ok
weather_20260611_1800_weather_forecast_8c02d5dd.pdf,2026-06-11,1800,weather_forecast,,,,,False,False,False,False,False,False,False,False,1817,ok
weather_20260612_0530_weather_forecast_d85b376e.pdf,2026-06-12,0530,weather_forecast,,24.0,75.0,50.0,True,True,True,False,False,False,False,False,6339,ok
weather_20260612_1400_weather_forecast_e03d06ef.pdf,2026-06-12,1400,weather_forecast,,24.0,75.0,50.0,True,True,True,False,False,False,False,False,5996,ok
weather_20260612_1600_weather_forecast_4dcfd706.pdf,2026-06-12,1600,weather_forecast,,36.0,75.0,50.0,True,True,True,False,False,False,False,False,3401,ok
weather_20260612_1800_strong_wind_9dd8785f.pdf,2026-06-12,1800,strong_wind,Amber,,,50.0,False,False,True,False,False,False,False,False,5406,ok
weather_20260613_0530_weather_forecast_210957b8.pdf,2026-06-13,0530,weather_forecast,,24.0,75.0,50.0,True,True,True,False,False,False,False,False,6137,ok
weather_20260613_1400_weather_forecast_4599b7ac.pdf,2026-06-13,1400,weather_forecast,,24.0,50.0,50.0,True,True,True,False,False,False,False,False,6077,ok
weather_20260613_1600_weather_forecast_47482056.pdf,2026-06-13,1600,weather_forecast,,36.0,75.0,50.0,True,True,True,False,False,False,False,False,3538,ok
weather_20260613_1800_strong_wind_76a365f4.pdf,2026-06-13,1800,strong_wind,Amber,,,50.0,False,False,True,False,False,False,False,False,3320,ok
weather_20260614_0530_weather_forecast_9d710475.pdf,2026-06-14,0530,weather_forecast,,24.0,,50.0,False,True,True,False,False,False,False,False,4714,ok
weather_20260614_1030_strong_wind_74d48f05.pdf,2026-06-14,1030,strong_wind,Amber,,,,False,False,False,False,False,False,False,True,2742,ok
weather_20260614_1400_weather_forecast_2346f82b.pdf,2026-06-14,1400,weather_forecast,,24.0,,50.0,False,True,True,False,False,False,False,False,4860,ok
weather_20260614_1600_weather_forecast_76bf326f.pdf,2026-06-14,1600,weather_forecast,,36.0,,50.0,False,True,True,False,False,False,False,False,3446,ok
weather_20260614_2030_strong_wind_4b83c285.pdf,2026-06-14,2030,strong_wind,Amber,,,50.0,False,False,True,False,False,False,False,False,3321,ok
weather_20260615_0530_weather_forecast_beffd995.pdf,2026-06-15,0530,weather_forecast,,24.0,,40.0,False,True,True,False,False,False,False,False,4752,ok
weather_20260615_1400_weather_forecast_9046b789.pdf,2026-06-15,1400,weather_forecast,,24.0,,40.0,False,True,True,False,False,False,False,False,4690,ok
weather_20260615_1600_weather_forecast_654d109b.pdf,2026-06-15,1600,weather_forecast,,36.0,,40.0,False,True,True,False,False,False,False,False,3470,ok
weather_20260616_0530_weather_forecast_3f3c69fb.pdf,2026-06-16,0530,weather_forecast,,24.0,,40.0,False,True,True,False,False,False,False,False,4641,ok
weather_20260616_1400_weather_forecast_f577e89e.pdf,2026-06-16,1400,weather_forecast,,24.0,,40.0,False,True,True,False,False,False,False,False,5231,ok
weather_20260616_1600_weather_forecast_b163c9de.pdf,2026-06-16,1600,weather_forecast,,36.0,,40.0,False,True,True,False,False,False,False,False,3450,ok
weather_20260617_0530_weather_forecast_4c60b9ad.pdf,2026-06-17,0530,weather_forecast,,24.0,,40.0,False,True,True,False,False,False,False,False,4566,ok
weather_20260617_0700_weather_forecast_43f49fd1.pdf,2026-06-17,0700,weather_forecast,,24.0,,,False,False,False,False,False,False,False,True,6934,ok
weather_20260617_1400_weather_forecast_1f54f3b0.pdf,2026-06-17,1400,weather_forecast,,24.0,,,False,True,False,False,False,False,False,False,6271,ok
weather_20260617_1600_weather_forecast_d4db08e8.pdf,2026-06-17,1600,weather_forecast,,36.0,,,False,True,False,False,False,False,False,False,3141,ok
weather_20260618_0530_weather_forecast_befac14d.pdf,2026-06-18,0530,weather_forecast,,24.0,,,False,True,False,False,False,False,False,False,4286,ok
weather_20260618_1400_weather_forecast_d15e22cb.pdf,2026-06-18,1400,weather_forecast,,24.0,,,False,True,False,False,False,False,False,False,4095,ok
weather_20260618_1600_weather_forecast_a95244a2.pdf,2026-06-18,1600,weather_forecast,,36.0,,,False,True,False,False,False,False,False,False,3141,ok
weather_20260619_0530_weather_forecast_df59595c.pdf,2026-06-19,0530,weather_forecast,,24.0,,,False,True,False,False,False,False,False,False,4161,ok
weather_20260619_0700_weather_forecast_256dc104.pdf,2026-06-19,0700,weather_forecast,,24.0,,,False,False,False,False,False,False,False,True,6105,ok
weather_20260619_0700_weather_forecast_f2a899cd.pdf,2026-06-19,0700,weather_forecast,,24.0,,,False,False,False,False,False,False,False,True,6105,ok
weather_20260619_1400_weather_forecast_7e2ad7f1.pdf,2026-06-19,1400,weather_forecast,,24.0,,,False,True,False,False,False,False,False,False,3748,ok
weather_20260619_1600_weather_forecast_36b72093.pdf,2026-06-19,1600,weather_forecast,,36.0,,,False,True,False,False,False,False,False,False,3127,ok
weather_20260620_0530_weather_forecast_6402f2a3.pdf,2026-06-20,0530,weather_forecast,,24.0,,,False,True,False,False,False,False,False,False,4121,ok
weather_20260620_0700_weather_forecast_d544a5f5.pdf,2026-06-20,0700,weather_forecast,,24.0,,,False,False,False,False,False,False,False,True,6627,ok
weather_20260620_1400_weather_forecast_3a92f4e7.pdf,2026-06-20,1400,weather_forecast,,24.0,,,False,True,False,False,False,False,False,False,3992,ok
weather_20260620_1600_weather_forecast_5d05c6a1.pdf,2026-06-20,1600,weather_forecast,,36.0,,,False,True,False,False,False,False,False,False,3233,ok
weather_20260620_1600_weather_forecast_60f5c69b.pdf,2026-06-20,1600,weather_forecast,,36.0,,,False,True,False,False,False,False,False,False,3233,ok
weather_20260621_0530_weather_forecast_f964f5fe.pdf,2026-06-21,0530,weather_forecast,,24.0,,40.0,False,True,True,False,False,False,False,False,4074,ok
weather_20260621_0700_weather_forecast_9605623f.pdf,2026-06-21,0700,weather_forecast,,24.0,,,False,False,False,False,False,False,False,True,5715,ok
weather_20260621_1400_weather_forecast_69e4ecfd.pdf,2026-06-21,1400,weather_forecast,,24.0,,40.0,False,True,True,False,False,False,False,False,4067,ok
weather_20260621_1600_weather_forecast_16eb3dc3.pdf,2026-06-21,1600,weather_forecast,,36.0,,40.0,False,True,True,False,False,False,False,False,3437,ok
weather_20260622_0530_weather_forecast_8dd14597.pdf,2026-06-22,0530,weather_forecast,,24.0,,40.0,False,True,True,False,False,False,False,False,4119,ok
weather_20260622_0700_weather_forecast_524e29d4.pdf,2026-06-22,0700,weather_forecast,,24.0,,,False,False,False,False,False,False,False,True,5847,ok
weather_20260622_1400_weather_forecast_b4480928.pdf,2026-06-22,1400,weather_forecast,,24.0,,40.0,False,True,True,False,False,False,False,False,8399,ok
weather_20260622_1600_weather_forecast_6131d3c7.pdf,2026-06-22,1600,weather_forecast,,36.0,,40.0,False,True,True,False,False,False,False,False,3337,ok
weather_20260623_0530_weather_forecast_ffee9ebf.pdf,2026-06-23,0530,weather_forecast,,24.0,,40.0,False,True,True,False,False,False,False,False,4501,ok
weather_20260623_1400_weather_forecast_3c542e79.pdf,2026-06-23,1400,weather_forecast,,24.0,,40.0,False,True,True,False,False,False,False,False,4534,ok
weather_20260623_1600_weather_forecast_a5adcc93.pdf,2026-06-23,1600,weather_forecast,,36.0,,40.0,False,True,True,False,False,False,False,False,3342,ok
weather_20260624_0530_weather_forecast_e06695bd.pdf,2026-06-24,0530,weather_forecast,,24.0,,40.0,False,True,True,False,False,False,False,False,4212,ok
weather_20260624_1400_weather_forecast_0cefb538.pdf,2026-06-24,1400,weather_forecast,,24.0,,40.0,False,True,True,False,False,False,False,False,4475,ok
weather_20260624_1600_weather_forecast_9919ae58.pdf,2026-06-24,1600,weather_forecast,,36.0,,40.0,False,True,True,False,False,False,False,False,3942,ok
weather_20260625_0530_weather_forecast_3a533c5b.pdf,2026-06-25,0530,weather_forecast,,24.0,,40.0,False,True,True,False,False,False,False,False,4480,ok
weather_20260625_1400_weather_forecast_b59f2c40.pdf,2026-06-25,1400,weather_forecast,,24.0,,40.0,False,True,True,False,False,False,False,False,4197,ok
weather_20260625_1600_weather_forecast_41c7587e.pdf,2026-06-25,1600,weather_forecast,,36.0,,40.0,False,True,True,False,False,False,False,False,3735,ok
weather_20260626_0530_weather_forecast_a1938c5c.pdf,2026-06-26,0530,weather_forecast,,24.0,,40.0,False,True,True,False,False,False,False,False,4209,ok
weather_20260626_1400_weather_forecast_d3fb2e7f.pdf,2026-06-26,1400,weather_forecast,,24.0,,40.0,False,True,True,False,False,False,False,False,4482,ok
weather_20260626_1600_weather_forecast_512c6a06.pdf,2026-06-26,1600,weather_forecast,,36.0,,40.0,False,True,True,False,False,False,False,False,3725,ok
weather_20260627_0530_weather_forecast_52f6f2e7.pdf,2026-06-27,0530,weather_forecast,,24.0,,40.0,False,True,True,False,False,False,False,False,4508,ok
weather_20260627_1400_weather_forecast_50bf549d.pdf,2026-06-27,1400,weather_forecast,,24.0,50.0,40.0,True,True,True,False,False,False,False,False,5268,ok
weather_20260627_1600_weather_forecast_0fa4917a.pdf,2026-06-27,1600,weather_forecast,,36.0,50.0,40.0,True,True,True,False,False,False,False,False,3765,ok
weather_20260628_0530_weather_forecast_c3c0451f.pdf,2026-06-28,0530,weather_forecast,,24.0,75.0,40.0,True,True,True,False,False,False,False,False,5293,ok
weather_20260628_1400_weather_forecast_ca6aba23.pdf,2026-06-28,1400,weather_forecast,,24.0,75.0,40.0,True,True,True,False,False,False,False,False,4594,ok
weather_20260628_1600_weather_forecast_82293240.pdf,2026-06-28,1600,weather_forecast,,36.0,75.0,40.0,True,True,True,False,False,False,False,False,3815,ok
weather_20260629_0530_weather_forecast_89da24bf.pdf,2026-06-29,0530,weather_forecast,,24.0,50.0,40.0,True,True,True,False,False,False,False,False,4511,ok
weather_20260629_1100_strong_wind_e0ba9a9a.pdf,2026-06-29,1100,strong_wind,Amber,,,50.0,False,False,True,False,False,False,False,False,3166,ok
weather_20260629_1400_weather_forecast_2dee6249.pdf,2026-06-29,1400,weather_forecast,,24.0,50.0,50.0,True,True,True,False,False,False,False,False,4459,ok
weather_20260629_1600_weather_forecast_511fb14f.pdf,2026-06-29,1600,weather_forecast,,36.0,50.0,50.0,True,True,True,False,False,False,False,False,3593,ok
weather_20260630_0530_weather_forecast_dbddcc1e.pdf,2026-06-30,0530,weather_forecast,,24.0,50.0,50.0,True,True,True,False,False,False,False,False,4471,ok
weather_20260630_1100_strong_wind_0c449160.pdf,2026-06-30,1100,strong_wind,Amber,,,50.0,False,False,True,False,False,False,False,False,1430,ok
weather_20260630_1100_strong_wind_13404424.pdf,2026-06-30,1100,strong_wind,,,,,False,False,True,False,False,False,False,False,1735,ok
weather_20260630_1100_strong_wind_3b1ad6d4.pdf,2026-06-30,1100,strong_wind,,,,,False,False,True,False,False,False,False,False,1901,ok
weather_20260630_1400_weather_forecast_3aa99468.pdf,2026-06-30,1400,weather_forecast,,24.0,,50.0,False,True,True,False,False,False,False,False,4411,ok
weather_20260630_1600_weather_forecast_8b6eeeb5.pdf,2026-06-30,1600,weather_forecast,,36.0,,50.0,False,True,True,False,False,False,False,False,3287,ok
weather_20260701_0530_weather_forecast_725f4784.pdf,2026-07-01,0530,weather_forecast,,24.0,,50.0,False,True,True,False,False,False,False,False,4718,ok
weather_20260701_1100_strong_wind_78f1553c.pdf,2026-07-01,1100,strong_wind,Amber,,,50.0,False,False,True,False,False,False,False,False,3125,ok
weather_20260701_1400_weather_forecast_cfc4f90a.pdf,2026-07-01,1400,weather_forecast,,24.0,,50.0,False,True,True,False,False,False,False,False,4452,ok
weather_20260701_1600_weather_forecast_f24c0598.pdf,2026-07-01,1600,weather_forecast,,36.0,,50.0,False,False,True,False,False,False,False,False,2547,ok
weather_20260702_0530_weather_forecast_011b3738.pdf,2026-07-02,0530,weather_forecast,,24.0,,50.0,False,True,True,False,False,False,False,False,3858,ok
weather_20260702_0700_weather_forecast_e70c07f1.pdf,2026-07-02,0700,weather_forecast,,24.0,,,False,False,False,False,False,False,False,True,5254,ok
weather_20260702_1130_strong_wind_2d867cb6.pdf,2026-07-02,1130,strong_wind,Amber,,,50.0,False,False,True,False,False,False,False,False,3156,ok
weather_20260702_1400_weather_forecast_507a2188.pdf,2026-07-02,1400,weather_forecast,,24.0,,50.0,False,True,True,False,False,False,False,False,3800,ok
weather_20260702_1600_weather_forecast_f99fbab0.pdf,2026-07-02,1600,weather_forecast,,36.0,,50.0,False,False,True,False,False,False,False,False,2622,ok
weather_20260703_0530_weather_forecast_7670fd65.pdf,2026-07-03,0530,weather_forecast,,24.0,,50.0,False,True,True,False,False,False,False,False,3957,ok
weather_20260703_0700_weather_forecast_58f64181.pdf,2026-07-03,0700,weather_forecast,,24.0,,,False,False,False,False,False,False,False,True,5231,ok
weather_20260703_1100_strong_wind_8aab4a55.pdf,2026-07-03,1100,strong_wind,Amber,,,50.0,False,False,True,False,False,False,False,False,3202,ok
weather_20260703_1400_weather_forecast_8eefde32.pdf,2026-07-03,1400,weather_forecast,,24.0,50.0,50.0,True,True,True,False,False,False,False,False,4121,ok
weather_20260703_1600_weather_forecast_3f4c8b80.pdf,2026-07-03,1600,weather_forecast,,36.0,50.0,50.0,True,False,True,False,False,False,False,False,2886,ok
weather_20260704_0530_weather_forecast_e6e214dd.pdf,2026-07-04,0530,weather_forecast,,24.0,50.0,50.0,True,True,True,False,False,False,False,False,4087,ok
weather_20260704_0700_weather_forecast_54f775d9.pdf,2026-07-04,0700,weather_forecast,,24.0,,,False,False,False,False,False,False,False,True,5474,ok
weather_20260704_1100_strong_wind_db9c890a.pdf,2026-07-04,1100,strong_wind,Amber,,,50.0,False,False,True,False,False,False,False,False,3143,ok
weather_20260704_1400_weather_forecast_3d6b6177.pdf,2026-07-04,1400,weather_forecast,,24.0,,50.0,False,False,True,False,False,False,False,False,3768,ok
weather_20260704_1600_weather_forecast_b121b243.pdf,2026-07-04,1600,weather_forecast,,36.0,50.0,50.0,True,False,True,False,False,False,False,False,3214,ok
weather_20260705_0530_weather_forecast_8f8639cf.pdf,2026-07-05,0530,weather_forecast,,24.0,,50.0,False,False,True,False,False,False,False,False,3870,ok
weather_20260705_1130_strong_wind_aee0099a.pdf,2026-07-05,1130,strong_wind,Amber,,,50.0,False,False,True,False,False,False,False,False,3145,ok
weather_20260705_1400_weather_forecast_7fa5b40a.pdf,2026-07-05,1400,weather_forecast,,24.0,,50.0,False,False,True,False,False,False,False,False,3809,ok
weather_20260705_1600_weather_forecast_20fb26e5.pdf,2026-07-05,1600,weather_forecast,,36.0,,50.0,False,False,True,False,False,False,False,False,2568,ok
weather_20260706_0530_weather_forecast_66298f33.pdf,2026-07-06,0530,weather_forecast,,24.0,,50.0,False,False,True,False,False,False,False,False,3802,ok
weather_20260706_1100_strong_wind_3f01c9e0.pdf,2026-07-06,1100,strong_wind,Amber,,,50.0,False,False,True,False,False,False,False,False,4604,ok
weather_20260706_1400_weather_forecast_af6e608b.pdf,2026-07-06,1400,weather_forecast,,24.0,,50.0,False,False,True,False,False,False,False,False,3809,ok
weather_20260706_1600_weather_forecast_d2171602.pdf,2026-07-06,1600,weather_forecast,,36.0,,50.0,False,False,True,False,False,False,False,False,2548,ok
weather_20260707_0530_weather_forecast_60e2189e.pdf,2026-07-07,0530,weather_forecast,,24.0,,50.0,False,False,True,False,False,False,False,False,3942,ok
weather_20260707_1100_strong_wind_4a36c089.pdf,2026-07-07,1100,strong_wind,Amber,,,50.0,False,False,True,False,False,False,False,False,3196,ok
weather_20260707_1400_weather_forecast_0067cbb9.pdf,2026-07-07,1400,weather_forecast,,24.0,,50.0,False,False,True,False,False,False,False,False,3599,ok
weather_20260707_1600_weather_forecast_f0bd6251.pdf,2026-07-07,1600,weather_forecast,,36.0,,50.0,False,False,True,False,False,False,False,False,2796,ok
weather_20260708_0530_weather_forecast_fbe5dce9.pdf,2026-07-08,0530,weather_forecast,,24.0,,50.0,False,False,True,False,False,False,False,False,3561,ok
weather_20260708_1100_strong_wind_e20b6e21.pdf,2026-07-08,1100,strong_wind,Amber,,,50.0,False,False,True,False,False,False,False,False,3188,ok
weather_20260708_1400_weather_forecast_602d09ad.pdf,2026-07-08,1400,weather_forecast,,24.0,,50.0,False,False,True,False,False,False,False,False,3909,ok
weather_20260708_1600_weather_forecast_13f809ab.pdf,2026-07-08,1600,weather_forecast,,36.0,,50.0,False,False,True,False,False,False,False,False,2775,ok
weather_20260709_0530_weather_forecast_ff060bc8.pdf,2026-07-09,0530,weather_forecast,,24.0,,50.0,False,False,True,False,False,False,False,False,3953,ok
weather_20260709_1100_strong_wind_b9a55949.pdf,2026-07-09,1100,strong_wind,Amber,,,50.0,False,False,True,False,False,False,False,False,3183,ok
weather_20260709_1400_weather_forecast_5ae8d607.pdf,2026-07-09,1400,weather_forecast,,24.0,,50.0,False,False,True,False,False,False,False,False,3628,ok
weather_20260709_1600_weather_forecast_4ec46fd7.pdf,2026-07-09,1600,weather_forecast,,36.0,,50.0,False,False,True,False,False,False,False,False,2668,ok
weather_20260710_0530_weather_forecast_6e753134.pdf,2026-07-10,0530,weather_forecast,,24.0,,50.0,False,True,True,False,False,False,False,False,4444,ok
weather_20260710_1100_strong_wind_1cff8e60.pdf,2026-07-10,1100,strong_wind,Amber,,,50.0,False,False,True,False,False,False,False,False,3228,ok
weather_20260710_1400_weather_forecast_552556b3.pdf,2026-07-10,1400,weather_forecast,,24.0,,50.0,False,True,True,False,False,False,False,False,4609,ok
weather_20260710_1600_weather_forecast_ddcd7ff7.pdf,2026-07-10,1600,weather_forecast,,36.0,,50.0,False,True,True,False,False,False,False,False,3380,ok
weather_20260711_0530_weather_forecast_e2807231.pdf,2026-07-11,0530,weather_forecast,,24.0,,50.0,False,True,True,False,False,False,False,False,4844,ok
weather_20260711_1100_strong_wind_f78b85f4.pdf,2026-07-11,1100,strong_wind,Amber,,,50.0,False,False,True,False,False,False,False,False,3227,ok
weather_20260711_1400_weather_forecast_931d6b20.pdf,2026-07-11,1400,weather_forecast,,24.0,,50.0,False,True,True,False,False,False,False,False,4831,ok
weather_20260711_1600_weather_forecast_b5dff164.pdf,2026-07-11,1600,weather_forecast,,36.0,,50.0,False,True,True,False,False,False,False,False,3516,ok
weather_20260712_0530_weather_forecast_63a7b5f7.pdf,2026-07-12,0530,weather_forecast,,24.0,,50.0,False,True,True,False,False,False,False,False,4763,ok
weather_20260712_1100_strong_wind_7bdad91d.pdf,2026-07-12,1100,strong_wind,Amber,,,50.0,False,False,True,False,False,False,False,False,3229,ok
weather_20260712_1400_weather_forecast_34f30b41.pdf,2026-07-12,1400,weather_forecast,,24.0,,50.0,False,False,True,False,False,False,False,False,4042,ok
weather_20260712_1600_weather_forecast_8c8b649f.pdf,2026-07-12,1600,weather_forecast,,36.0,,50.0,False,False,True,False,False,False,False,False,2829,ok
weather_20260713_0530_weather_forecast_84499b3e.pdf,2026-07-13,0530,weather_forecast,,24.0,,50.0,False,False,True,False,False,False,False,False,4055,ok
weather_20260713_0930_rain_related_0de00e5c.pdf,2026-07-13,0930,rain_related,,,,,False,False,False,False,False,False,False,False,5668,ok
weather_20260713_1400_weather_forecast_e2aa0716.pdf,2026-07-13,1400,weather_forecast,,24.0,,50.0,False,False,True,False,False,False,False,False,4042,ok
weather_20260713_1600_weather_forecast_fa46dccd.pdf,2026-07-13,1600,weather_forecast,,36.0,,50.0,False,False,True,False,False,False,False,False,2785,ok
weather_20260714_0530_weather_forecast_7f5f53d9.pdf,2026-07-14,0530,weather_forecast,,24.0,,50.0,False,False,True,False,False,False,False,False,3975,ok
weather_20260714_1100_strong_wind_cf2c9945.pdf,2026-07-14,1100,strong_wind,Amber,,,50.0,False,False,True,False,False,False,False,False,3231,ok
weather_20260714_1400_weather_forecast_448757a4.pdf,2026-07-14,1400,weather_forecast,,24.0,,50.0,False,False,True,False,False,False,False,False,3958,ok
weather_20260714_1600_weather_forecast_cb9450f1.pdf,2026-07-14,1600,weather_forecast,,36.0,,50.0,False,False,True,False,False,False,False,False,2710,ok
weather_20260715_0530_weather_forecast_b8a4d5b7.pdf,2026-07-15,0530,weather_forecast,,24.0,,50.0,False,False,True,False,False,False,False,False,4015,ok
weather_20260715_1100_strong_wind_b165d09a.pdf,2026-07-15,1100,strong_wind,Amber,,,50.0,False,False,True,False,False,False,False,False,3137,ok
weather_20260715_1400_weather_forecast_b7c37625.pdf,2026-07-15,1400,weather_forecast,,24.0,,50.0,False,False,True,False,False,False,False,False,3879,ok
weather_20260715_1600_weather_forecast_62ee50f8.pdf,2026-07-15,1600,weather_forecast,,36.0,,50.0,False,False,True,False,False,False,False,False,2621,ok
weather_20260716_0530_weather_forecast_3a3bec2a.pdf,2026-07-16,0530,weather_forecast,,24.0,,50.0,False,False,True,False,False,False,False,False,3823,ok
weather_20260716_1100_strong_wind_47a1ece5.pdf,2026-07-16,1100,strong_wind,Amber,,,50.0,False,False,True,False,False,False,False,False,4539,ok
weather_20260716_1400_weather_forecast_6b06e3c4.pdf,2026-07-16,1400,weather_forecast,,24.0,,50.0,False,False,True,False,False,False,False,False,4010,ok
weather_20260716_1600_weather_forecast_7dcfd188.pdf,2026-07-16,1600,weather_forecast,,36.0,,50.0,False,False,True,False,False,False,False,False,2621,ok
weather_20260717_0530_weather_forecast_141809c8.pdf,2026-07-17,0530,weather_forecast,,24.0,,50.0,False,False,True,False,False,False,False,False,4023,ok
weather_20260717_1100_strong_wind_8592143b.pdf,2026-07-17,1100,strong_wind,Amber,,,50.0,False,False,True,False,False,False,False,False,4552,ok
weather_20260717_1400_weather_forecast_33317526.pdf,2026-07-17,1400,weather_forecast,,24.0,,50.0,False,False,True,False,False,False,False,False,3705,ok
weather_20260718_0530_weather_forecast_df11b765.pdf,2026-07-18,0530,weather_forecast,,24.0,,50.0,False,False,True,False,False,False,False,False,3718,ok
weather_20260718_0700_weather_forecast_c8304c31.pdf,2026-07-18,0700,weather_forecast,,24.0,,,False,False,False,False,False,False,False,True,5495,ok
weather_20260718_1400_weather_forecast_19900e37.pdf,2026-07-18,1400,weather_forecast,,24.0,,50.0,False,False,True,False,False,False,False,False,3824,ok
weather_20260718_1600_weather_forecast_d042008f.pdf,2026-07-18,1600,weather_forecast,,36.0,,50.0,False,False,True,False,False,False,False,False,2752,ok
weather_20260719_0530_weather_forecast_3d4ba462.pdf,2026-07-19,0530,weather_forecast,,24.0,,50.0,False,True,True,False,False,False,False,False,4357,ok
weather_20260719_1100_strong_wind_c88874c9.pdf,2026-07-19,1100,strong_wind,Amber,,,50.0,False,False,True,False,False,False,False,False,4659,ok
weather_20260719_1400_weather_forecast_e7aed32c.pdf,2026-07-19,1400,weather_forecast,,24.0,,50.0,False,True,True,False,False,False,False,False,4334,ok
weather_20260719_1600_weather_forecast_1d4bb45b.pdf,2026-07-19,1600,weather_forecast,,36.0,,50.0,False,True,True,False,False,False,False,False,3445,ok
weather_20260720_0530_weather_forecast_1345a977.pdf,2026-07-20,0530,weather_forecast,,24.0,,50.0,False,True,True,False,False,False,False,False,4342,ok
weather_20260720_1100_strong_wind_8cfd22c7.pdf,2026-07-20,1100,strong_wind,Amber,,,50.0,False,False,True,False,False,False,False,False,3162,ok
weather_20260720_1400_weather_forecast_42114e32.pdf,2026-07-20,1400,weather_forecast,,24.0,,50.0,False,True,True,False,False,False,False,False,4453,ok
weather_20260720_1600_weather_forecast_68bb383f.pdf,2026-07-20,1600,weather_forecast,,36.0,,50.0,False,True,True,False,False,False,False,False,3453,ok
weather_20260721_0530_weather_forecast_4f1574cf.pdf,2026-07-21,0530,weather_forecast,,24.0,,50.0,False,True,True,False,False,False,False,False,4466,ok
weather_20260721_0700_weather_forecast_1a915769.pdf,2026-07-21,0700,weather_forecast,,24.0,,,False,False,False,False,False,False,False,True,4937,ok
weather_20260721_1100_strong_wind_186c4e87.pdf,2026-07-21,1100,strong_wind,Amber,,,50.0,False,False,True,False,False,False,False,False,3150,ok
weather_20260721_1400_weather_forecast_a5d150f6.pdf,2026-07-21,1400,weather_forecast,,24.0,,50.0,False,True,True,False,False,False,False,False,7162,ok
weather_20260721_1600_weather_forecast_84939b22.pdf,2026-07-21,1600,weather_forecast,,36.0,,50.0,False,True,True,False,False,False,False,False,3529,ok
weather_20260721_1700_weather_forecast_e1b3926a.pdf,2026-07-21,1700,weather_forecast,,,,,False,False,False,False,False,False,False,False,1657,ok
weather_20260722_0530_weather_forecast_05d0832c.pdf,2026-07-22,0530,weather_forecast,,24.0,,50.0,False,True,True,False,False,False,False,False,3746,ok
weather_20260722_0700_weather_forecast_63c1bdbb.pdf,2026-07-22,0700,weather_forecast,,24.0,,,False,False,False,False,False,False,False,True,4959,ok
weather_20260722_1100_strong_wind_47092087.pdf,2026-07-22,1100,strong_wind,Amber,,,50.0,False,False,True,False,False,False,False,False,3063,ok
weather_20260722_1400_weather_forecast_dd50083b.pdf,2026-07-22,1400,weather_forecast,,24.0,,40.0,False,False,True,False,False,False,False,False,3138,ok
weather_20260722_1600_weather_forecast_b7447d4d.pdf,2026-07-22,1600,weather_forecast,,36.0,,40.0,False,False,True,False,False,False,False,False,2556,ok
weather_20260723_0530_weather_forecast_5b903863.pdf,2026-07-23,0530,weather_forecast,,24.0,,40.0,False,True,True,False,False,False,False,False,3761,ok
weather_20260723_1400_weather_forecast_f4bec864.pdf,2026-07-23,1400,weather_forecast,,24.0,,40.0,False,False,True,False,False,False,False,False,3184,ok
weather_20260723_1600_weather_forecast_83d39341.pdf,2026-07-23,1600,weather_forecast,,36.0,,40.0,False,False,True,False,False,False,False,False,2624,ok
weather_20260724_0530_weather_forecast_36746533.pdf,2026-07-24,0530,weather_forecast,,24.0,,40.0,False,False,True,False,False,False,False,False,3266,ok
weather_20260724_0700_weather_forecast_29cc7ba0.pdf,2026-07-24,0700,weather_forecast,,24.0,,,False,False,False,False,False,False,False,True,5193,ok
weather_20260724_1400_weather_forecast_0bffa2ab.pdf,2026-07-24,1400,weather_forecast,,24.0,,40.0,False,False,True,False,False,False,False,False,3205,ok
weather_20260724_1600_weather_forecast_a12a9166.pdf,2026-07-24,1600,weather_forecast,,36.0,,40.0,False,False,True,False,False,False,False,False,2582,ok
weather_20260725_0530_weather_forecast_fb8c9e44.pdf,2026-07-25,0530,weather_forecast,,24.0,,40.0,False,False,True,False,False,False,False,False,3448,ok
weather_20260725_1400_weather_forecast_61533a05.pdf,2026-07-25,1400,weather_forecast,,24.0,,50.0,False,False,True,False,False,False,False,False,3786,ok
weather_20260725_1600_weather_forecast_0313ed69.pdf,2026-07-25,1600,weather_forecast,,36.0,,50.0,False,False,True,False,False,False,False,False,2633,ok
weather_20260726_0530_weather_forecast_556c78d2.pdf,2026-07-26,0530,weather_forecast,,24.0,,50.0,False,False,True,False,False,False,False,False,4025,ok
weather_20260726_1100_strong_wind_6483d5fe.pdf,2026-07-26,1100,strong_wind,Amber,,,50.0,False,False,True,False,False,False,False,False,3107,ok
weather_20260726_1400_weather_forecast_59fd984f.pdf,2026-07-26,1400,weather_forecast,,24.0,,50.0,False,False,True,False,False,False,False,False,4232,ok
weather_20260726_1600_weather_forecast_4147f14d.pdf,2026-07-26,1600,weather_forecast,,36.0,,50.0,False,False,True,False,False,False,False,False,2962,ok
weather_20260727_0530_weather_forecast_02f81ddd.pdf,2026-07-27,0530,weather_forecast,,24.0,,50.0,False,True,True,False,False,False,False,False,5294,ok
weather_20260727_1100_strong_wind_8d23347d.pdf,2026-07-27,1100,strong_wind,Amber,,,50.0,False,False,True,False,False,False,False,False,3109,ok
weather_20260727_1400_weather_forecast_f9c4ef33.pdf,2026-07-27,1400,weather_forecast,,24.0,,50.0,False,False,True,False,False,False,False,False,4534,ok
weather_20260727_1600_weather_forecast_6cd08efa.pdf,2026-07-27,1600,weather_forecast,,36.0,,50.0,False,False,True,False,False,False,False,False,3398,ok
weather_20260727_1600_weather_forecast_fd3d7437.pdf,2026-07-27,1600,weather_forecast,,,,,False,False,False,False,False,False,False,False,1675,ok
weather_20260728_0530_weather_forecast_bab88119.pdf,2026-07-28,0530,weather_forecast,,24.0,,50.0,False,False,True,False,False,False,False,False,4547,ok
weather_20260728_1100_strong_wind_46057202.pdf,2026-07-28,1100,strong_wind,Amber,,,50.0,False,False,True,False,False,False,False,False,3146,ok
weather_20260728_1400_weather_forecast_386ba2a8.pdf,2026-07-28,1400,weather_forecast,,24.0,,50.0,False,False,True,False,False,False,False,False,4638,ok
weather_20260728_1600_weather_forecast_40a82335.pdf,2026-07-28,1600,weather_forecast,,36.0,,50.0,False,False,True,False,False,False,False,False,3094,ok
weather_20260729_0530_weather_forecast_3882830c.pdf,2026-07-29,0530,weather_forecast,,24.0,,50.0,False,False,True,False,False,False,False,False,4341,ok
weather_20260729_1100_strong_wind_31bebe9d.pdf,2026-07-29,1100,strong_wind,Amber,,,50.0,False,False,True,False,False,False,False,False,3229,ok
weather_20260729_1400_weather_forecast_5b82841d.pdf,2026-07-29,1400,weather_forecast,,24.0,50.0,50.0,True,False,True,False,False,False,False,False,4626,ok
weather_20260729_1600_weather_forecast_0e38cc1b.pdf,2026-07-29,1600,weather_forecast,,36.0,50.0,50.0,True,False,True,False,False,False,False,False,3143,ok
weather_20260730_0530_weather_forecast_a1643b02.pdf,2026-07-30,0530,weather_forecast,,24.0,50.0,50.0,True,False,True,False,False,False,False,False,4496,ok
weather_20260730_1100_strong_wind_2ad36c52.pdf,2026-07-30,1100,strong_wind,Amber,,,50.0,False,False,True,False,False,False,False,False,3232,ok
weather_20260730_1400_weather_forecast_e1d78873.pdf,2026-07-30,1400,weather_forecast,,24.0,100.0,50.0,True,False,True,False,False,False,False,False,4646,ok
weather_20260730_1600_weather_forecast_9f6e6521.pdf,2026-07-30,1600,weather_forecast,,36.0,100.0,50.0,True,True,True,False,False,False,False,False,3020,ok
weather_20260731_0530_weather_forecast_30fc4677.pdf,2026-07-31,0530,weather_forecast,,24.0,100.0,50.0,True,False,True,False,False,False,False,False,5512,ok
weather_20260731_1100_strong_wind_a0143e6c.pdf,2026-07-31,1100,strong_wind,Amber,,,50.0,False,False,True,False,False,False,False,False,3233,ok
weather_20260731_1600_weather_forecast_ff4a9273.pdf,2026-07-31,1600,weather_forecast,,36.0,100.0,50.0,True,True,True,False,False,False,False,False,3052,ok
weather_20260801_0530_weather_forecast_2c526a41.pdf,2026-08-01,0530,weather_forecast,,24.0,100.0,50.0,True,False,True,False,False,False,False,False,5820,ok
weather_20260801_0700_weather_forecast_9e25e5f4.pdf,2026-08-01,0700,weather_forecast,,24.0,,,False,False,False,False,False,False,False,True,7252,ok
weather_20260801_1130_strong_wind_c3adfd39.pdf,2026-08-01,1130,strong_wind,Amber,,,50.0,False,False,True,False,False,False,False,False,3237,ok
weather_20260801_1400_weather_forecast_457185bf.pdf,2026-08-01,1400,weather_forecast,,24.0,50.0,50.0,True,True,True,False,False,False,False,False,5627,ok
weather_20260801_1600_weather_forecast_72f4b88d.pdf,2026-08-01,1600,weather_forecast,,36.0,100.0,50.0,True,True,True,False,False,False,False,False,4078,ok
weather_20260802_0530_weather_forecast_0d551df6.pdf,2026-08-02,0530,weather_forecast,,24.0,50.0,50.0,True,True,True,False,False,False,False,False,4699,ok
weather_20260802_0700_weather_forecast_531b5bea.pdf,2026-08-02,0700,weather_forecast,,24.0,,,False,False,False,False,False,False,False,True,6080,ok
weather_20260802_1130_strong_wind_c4253875.pdf,2026-08-02,1130,strong_wind,Amber,,,50.0,False,False,True,False,False,False,False,False,4546,ok
weather_20260802_1400_weather_forecast_ba64a2d9.pdf,2026-08-02,1400,weather_forecast,,24.0,50.0,50.0,True,True,True,False,False,False,False,False,4683,ok
weather_20260802_1600_weather_forecast_2f71ebf8.pdf,2026-08-02,1600,weather_forecast,,36.0,50.0,50.0,True,True,True,False,False,False,False,False,3773,ok
weather_20260803_0530_weather_forecast_7902edc9.pdf,2026-08-03,0530,weather_forecast,,24.0,100.0,50.0,True,True,True,False,False,False,False,False,5241,ok
weather_20260803_1130_heavy_rain_8a6f6582.pdf,2026-08-03,1130,heavy_rain,,,,,True,False,False,False,False,False,False,False,1019,ok
weather_20260803_1400_weather_forecast_b2e537a5.pdf,2026-08-03,1400,weather_forecast,,24.0,100.0,50.0,True,True,True,False,False,False,False,False,5179,ok
weather_20260803_1600_weather_forecast_3a9c84e9.pdf,2026-08-03,1600,weather_forecast,,36.0,100.0,50.0,True,True,True,False,False,False,False,False,3662,ok
weather_20260803_2030_strong_wind_d3ac2be7.pdf,2026-08-03,2030,strong_wind,Red,,,,False,False,False,False,False,False,False,True,2580,ok
weather_20260804_0530_weather_forecast_58c66d84.pdf,2026-08-04,0530,weather_forecast,,24.0,75.0,50.0,True,True,True,False,False,False,False,False,5466,ok
weather_20260804_1400_weather_forecast_e8323462.pdf,2026-08-04,1400,weather_forecast,,24.0,75.0,50.0,True,True,True,False,False,False,False,False,5070,ok
weather_20260804_1600_weather_forecast_218fc817.pdf,2026-08-04,1600,weather_forecast,,36.0,75.0,50.0,True,True,True,False,False,False,False,False,3466,ok
weather_20260805_0530_weather_forecast_2433efab.pdf,2026-08-05,0530,weather_forecast,,24.0,75.0,50.0,True,True,True,False,False,False,False,False,5612,ok
weather_20260805_0730_weather_forecast_e25625d6.pdf,2026-08-05,0730,weather_forecast,,24.0,,,False,False,False,False,False,False,False,True,6041,ok
weather_20260805_1130_strong_wind_714cf345.pdf,2026-08-05,1130,strong_wind,Amber,,,50.0,False,False,True,False,False,False,False,False,3023,ok
weather_20260805_1400_weather_forecast_554c847b.pdf,2026-08-05,1400,weather_forecast,,24.0,100.0,50.0,True,True,True,False,False,False,False,False,6758,ok
weather_20260805_1600_weather_forecast_5c35aaa5.pdf,2026-08-05,1600,weather_forecast,,36.0,100.0,50.0,True,True,True,False,False,False,False,False,4274,ok
weather_20260806_0530_weather_forecast_c22707ab.pdf,2026-08-06,0530,weather_forecast,,24.0,100.0,50.0,True,True,True,False,False,False,False,False,6026,ok
weather_20260806_0700_weather_forecast_fbd4fbff.pdf,2026-08-06,0700,weather_forecast,,24.0,,,False,False,False,False,False,False,False,True,7560,ok
weather_20260806_1145_strong_wind_1780bb2f.pdf,2026-08-06,1145,strong_wind,Amber,,,50.0,False,False,True,False,False,False,False,False,3023,ok
weather_20260806_1400_weather_forecast_89f79cd5.pdf,2026-08-06,1400,weather_forecast,,24.0,100.0,50.0,True,True,True,False,False,False,False,False,5735,ok
weather_20260806_1600_weather_forecast_b66fa4a9.pdf,2026-08-06,1600,weather_forecast,,36.0,100.0,50.0,True,True,True,False,False,False,False,False,3451,ok
weather_20260807_0530_weather_forecast_38708551.pdf,2026-08-07,0530,weather_forecast,,24.0,75.0,50.0,True,True,True,False,False,False,False,False,5410,ok
weather_20260807_1130_strong_wind_66966e5a.pdf,2026-08-07,1130,strong_wind,Amber,,,50.0,False,False,True,False,False,False,False,False,3023,ok
weather_20260807_1400_weather_forecast_dba2f222.pdf,2026-08-07,1400,weather_forecast,,24.0,100.0,50.0,True,True,True,False,False,False,False,False,6241,ok
weather_20260807_1600_weather_forecast_fe7dc239.pdf,2026-08-07,1600,weather_forecast,,36.0,100.0,50.0,True,True,True,False,False,False,False,False,3393,ok
weather_20260808_0530_weather_forecast_982b0380.pdf,2026-08-08,0530,weather_forecast,,24.0,75.0,50.0,True,True,True,False,False,False,False,False,6410,ok
weather_20260808_1130_strong_wind_d42e091d.pdf,2026-08-08,1130,strong_wind,Amber,,,50.0,False,False,True,False,False,False,False,False,3135,ok
weather_20260808_1400_weather_forecast_2c0fc4b4.pdf,2026-08-08,1400,weather_forecast,,24.0,50.0,50.0,True,True,True,False,False,False,False,False,6310,ok
weather_20260809_0530_weather_forecast_ccdbceea.pdf,2026-08-09,0530,weather_forecast,,24.0,,50.0,False,True,True,False,False,False,False,False,5976,ok
weather_20260809_1130_strong_wind_72ffcb21.pdf,2026-08-09,1130,strong_wind,Amber,,,50.0,False,False,True,False,False,False,False,False,3136,ok
weather_20260809_1400_weather_forecast_a40bcda3.pdf,2026-08-09,1400,weather_forecast,,24.0,,40.0,False,True,True,False,False,False,False,False,5952,ok
weather_20260809_1600_weather_forecast_8f053e6c.pdf,2026-08-09,1600,weather_forecast,,36.0,,40.0,False,True,True,False,False,False,False,False,3491,ok
weather_20260810_0530_weather_forecast_66ec8c37.pdf,2026-08-10,0530,weather_forecast,,24.0,,40.0,False,True,True,False,False,False,False,False,5952,ok
weather_20260810_1400_weather_forecast_079d9241.pdf,2026-08-10,1400,weather_forecast,,24.0,,40.0,False,True,True,False,False,False,False,False,5199,ok
weather_20260810_1600_weather_forecast_c2ad8028.pdf,2026-08-10,1600,weather_forecast,,36.0,,40.0,False,True,True,False,False,False,False,False,3428,ok
weather_20260811_0530_weather_forecast_82bc54cc.pdf,2026-08-11,0530,weather_forecast,,24.0,,,False,True,False,False,False,False,False,False,4036,ok
weather_20260811_1400_weather_forecast_2bb8d468.pdf,2026-08-11,1400,weather_forecast,,24.0,,,False,True,False,False,False,False,False,False,4988,ok
weather_20260811_1600_weather_forecast_e4458f84.pdf,2026-08-11,1600,weather_forecast,,36.0,,,False,True,False,False,False,False,False,False,3084,ok
weather_20260812_0530_weather_forecast_a5559c14.pdf,2026-08-12,0530,weather_forecast,,24.0,,,False,True,False,False,False,False,False,False,4693,ok
weather_20260812_1400_weather_forecast_720f9c49.pdf,2026-08-12,1400,weather_forecast,,24.0,,,False,True,False,False,False,False,False,False,4668,ok
weather_20260812_1600_weather_forecast_0262f1c1.pdf,2026-08-12,1600,weather_forecast,,36.0,,,False,True,False,False,False,False,False,False,3069,ok
weather_20260812_1830_weather_forecast_10c9ffbb.pdf,2026-08-12,1830,weather_forecast,,,,,False,False,False,False,False,False,False,False,5878,ok
weather_20260813_0530_weather_forecast_63403f3b.pdf,2026-08-13,0530,weather_forecast,,24.0,,,False,True,False,False,False,False,False,False,4593,ok
weather_20260813_1400_weather_forecast_75b14d26.pdf,2026-08-13,1400,weather_forecast,,24.0,50.0,40.0,True,True,True,False,False,False,False,False,4561,ok
weather_20260813_1600_weather_forecast_45eb18aa.pdf,2026-08-13,1600,weather_forecast,,36.0,50.0,40.0,True,True,True,False,False,False,False,False,3408,ok
weather_20260814_0530_weather_forecast_1957e4bb.pdf,2026-08-14,0530,weather_forecast,,24.0,75.0,40.0,True,True,True,False,False,False,False,False,4805,ok
weather_20260814_1400_weather_forecast_90f9073c.pdf,2026-08-14,1400,weather_forecast,,24.0,,,False,True,False,False,False,False,False,False,4405,ok
weather_20260814_1600_weather_forecast_f0c96eb8.pdf,2026-08-14,1600,weather_forecast,,36.0,,,False,True,False,False,False,False,False,False,3001,ok
