title,date,time,language,report_type,project_relevant,source,pdf_url,archive_offset
Landslide Early Warning,2026-10-07,19:00,English,early_warning,True,Sri Lanka Disaster Management Centre,https://www.dmc.gov.lk/images/dmcreports/Landslide_EW_Report_at_1900hrs_on_2026__1791388539.pdf,0
Landslide EW Report,2026-10-07,16:00,English,early_warning,True,Sri Lanka Disaster Management Centre,https://www.dmc.gov.lk/images/dmcreports/Landslide_EW_Report_at_1600hrs_on_2026__1791371317.pdf,0
Landslide EW Report,2026-10-06,16:00,English,early_warning,True,Sri Lanka Disaster Management Centre,https://www.dmc.gov.lk/images/dmcreports/Landslide_EW_Report_at_1600hrs_on_2026__1791282469.pdf,0
Landslide EW Report,2026-10-05,16:00,English,early_warning,True,Sri Lanka Disaster Management Centre,https://www.dmc.gov.lk/images/dmcreports/Landslide_EW_Report_at_1600hrs_on_2026__1791197863.pdf,0
Landslide EW Report,2026-10-04,16:00,English,early_warning,True,Sri Lanka Disaster Management Centre,https://www.dmc.gov.lk/images/dmcreports/Landslide_EW_Report_at_1600hrs_on_2026__1791113233.pdf,0
Landslide Early warning,2026-09-27,16:30,English,early_warning,True,Sri Lanka Disaster Management Centre,https://www.dmc.gov.lk/images/dmcreports/Landslide_EW_Report_at_1630hrs_on_2026__1790508308.pdf,0
Landslide warning,2026-09-26,16:00,English,warning,True,Sri Lanka Disaster Management Centre,https://www.dmc.gov.lk/images/dmcreports/Landslide_EW_Report_at_1600hrs_on_2026__1790421382.pdf,0
Landslide Warning,2026-09-25,16:00,English,warning,True,Sri Lanka Disaster Management Centre,https://www.dmc.gov.lk/images/dmcreports/Landslide_EW_Report_at_1600hrs_on_2026__1790333042.pdf,0
Landslide Warning,2026-09-24,17:00,English,warning,True,Sri Lanka Disaster Management Centre,https://www.dmc.gov.lk/images/dmcreports/Landslide_EW_Report_at_1700hrs_on_2026__1790251970.pdf,0
Landslide EW Report,2026-09-24,13:00,English,early_warning,True,Sri Lanka Disaster Management Centre,https://www.dmc.gov.lk/images/dmcreports/Landslide_EW_Report_at_1300hrs_on_2026__1790236908.pdf,0
Landslide EW Report,2026-09-24,13:00,English,early_warning,True,Sri Lanka Disaster Management Centre,https://www.dmc.gov.lk/images/dmcreports/Landslide_EW_Report_at_1300hrs_on_2026__1790237433.pdf,10
Landslide EW Report,2026-09-24,04:00,English,early_warning,True,Sri Lanka Disaster Management Centre,https://www.dmc.gov.lk/images/dmcreports/Landslide_EW_Report_at_0400hrs_on_2026__1790205325.pdf,10
Landslide EW Report,2026-09-23,16:00,English,early_warning,True,Sri Lanka Disaster Management Centre,https://www.dmc.gov.lk/images/dmcreports/Landslide_EW_Report_at_1600hrs_on_2026__1790160812.pdf,10
Landslide EW Report,2026-09-22,16:00,English,early_warning,True,Sri Lanka Disaster Management Centre,https://www.dmc.gov.lk/images/dmcreports/Landslide_EW_Report_at_1600hrs_on_2026__1790075641.pdf,10
Landslide EW Report,2026-09-21,16:00,English,early_warning,True,Sri Lanka Disaster Management Centre,https://www.dmc.gov.lk/images/dmcreports/Landslide_EW_Report_at_1600hrs_on_2026__1789987708.pdf,10
Landslide Warning,2026-09-20,22:00,English,warning,True,Sri Lanka Disaster Management Centre,https://www.dmc.gov.lk/images/dmcreports/Landslide_EW_Report_at_2200hrs_on_2026__1789931576.pdf,10
Landslide EW Report,2026-09-20,14:00,English,early_warning,True,Sri Lanka Disaster Management Centre,https://www.dmc.gov.lk/images/dmcreports/Landslide_EW_Report_at_1400hrs_on_2026__1789894283.pdf,10
Landslide EW Report,2026-09-20,10:00,English,early_warning,True,Sri Lanka Disaster Management Centre,https://www.dmc.gov.lk/images/dmcreports/Landslide_EW_Report_at_1000hrs_on_2026__1789879344.pdf,10
Landslide EW Report,2026-09-20,07:00,English,early_warning,True,Sri Lanka Disaster Management Centre,https://www.dmc.gov.lk/images/dmcreports/Landslide_EW_Report_at_0700hrs_on_2026__1789870835.pdf,10
Landslide EW Report,2026-09-16,10:00,English,early_warning,True,Sri Lanka Disaster Management Centre,https://www.dmc.gov.lk/images/dmcreports/Landslide_EW_Report_at_1000hrs_on_2026__1789534365.pdf,10
Landslide EW Report,2026-09-15,10:00,English,early_warning,True,Sri Lanka Disaster Management Centre,https://www.dmc.gov.lk/images/dmcreports/Landslide_EW_Report_at_1000hrs_on_2026__1789448963.pdf,20
Landslide EW Report,2026-08-09,09:30,English,early_warning,True,Sri Lanka Disaster Management Centre,https://www.dmc.gov.lk/images/dmcreports/Landslide_EW_Report_at_0900hrs_on_2026__1786251019.pdf,20
Landslide EW Report,2026-08-08,09:00,English,early_warning,True,Sri Lanka Disaster Management Centre,https://www.dmc.gov.lk/images/dmcreports/Landslide_EW_Report_at_0900hrs_on_2026__1786161107.pdf,20
Landslide EW Report,2026-08-07,09:00,English,early_warning,True,Sri Lanka Disaster Management Centre,https://www.dmc.gov.lk/images/dmcreports/Landslide_EW_Report_at_0900hrs_on_2026__1786075964.pdf,20
Landslide EW Report,2026-08-06,09:00,English,early_warning,True,Sri Lanka Disaster Management Centre,https://www.dmc.gov.lk/images/dmcreports/Landslide_EW_Report_at_0900hrs_on_2026__1785988143.pdf,20
Landslide EW Report,2026-08-05,09:00,English,early_warning,True,Sri Lanka Disaster Management Centre,https://www.dmc.gov.lk/images/dmcreports/Landslide_EW_Report_at_09__1785902381.pdf,20
Landslide Ew Report,2026-08-04,09:00,English,early_warning,True,Sri Lanka Disaster Management Centre,https://www.dmc.gov.lk/images/dmcreports/Landslide_EW_Report_at_09__1785816590.pdf,20
Landslide Ew Report,2026-08-03,12:00,English,early_warning,True,Sri Lanka Disaster Management Centre,https://www.dmc.gov.lk/images/dmcreports/Landslide_EW_Report_at_12__1785742696.pdf,20
Landslide Ew Report,2026-08-03,09:00,English,early_warning,True,Sri Lanka Disaster Management Centre,https://www.dmc.gov.lk/images/dmcreports/Landslide_EW_Report_at_09__1785729374.pdf,20
Landslide Early warning,2026-08-02,23:50,English,early_warning,True,Sri Lanka Disaster Management Centre,https://www.dmc.gov.lk/images/dmcreports/Landslide_EW_Report_at_2350hrs_on_2026__1785696011.pdf,20
Landslide Early warning,2026-06-13,16:00,English,early_warning,True,Sri Lanka Disaster Management Centre,https://www.dmc.gov.lk/images/dmcreports/Landslide_Early_warning_report_at_1600hrs_on_13__1781348104.pdf,30
Landslide Warning,2026-06-13,16:00,English,warning,True,Sri Lanka Disaster Management Centre,https://www.dmc.gov.lk/images/dmcreports/Landslide_Early_warning_report_at_1600hrs_on_13__1781348112.pdf,30
Landslide warning,2026-06-12,16:00,English,warning,True,Sri Lanka Disaster Management Centre,https://www.dmc.gov.lk/images/dmcreports/Landslide_Early_warning_report_at_1600hrs_on_12__1781261099.pdf,30
Landslide Early Warning,2026-06-12,04:00,English,early_warning,True,Sri Lanka Disaster Management Centre,https://www.dmc.gov.lk/images/dmcreports/Landslide_Early_warning_report_at_0400hrs_on_12__1781221492.pdf,30
Landslide Early Warning,2026-05-29,16:00,English,early_warning,True,Sri Lanka Disaster Management Centre,https://www.dmc.gov.lk/images/dmcreports/Landslide_Early_Warning_at_1600hrs_on_29__1780052116.pdf,30
Landslide Early Warning,2026-05-28,16:00,English,early_warning,True,Sri Lanka Disaster Management Centre,https://www.dmc.gov.lk/images/dmcreports/Landslide_Early_Warning_at_1600hrs_on_28__1779964569.pdf,30
Landslide Early Warning,2026-05-27,16:00,English,early_warning,True,Sri Lanka Disaster Management Centre,https://www.dmc.gov.lk/images/dmcreports/Landslide_Early_Warning_at_1600hrs_on_27__1779880374.pdf,30
Landslide Warning,2026-05-26,16:00,English,warning,True,Sri Lanka Disaster Management Centre,https://www.dmc.gov.lk/images/dmcreports/LEWM_26-05-2026_16_00__1779796966.pdf,30
Landslide Early Warning,2026-05-25,16:00,English,early_warning,True,Sri Lanka Disaster Management Centre,https://www.dmc.gov.lk/images/dmcreports/LEWM_25-05-2026_16_00__1779705918.pdf,30
Landslide early warning report at 1700hrs,2026-05-24,17:00,English,early_warning,True,Sri Lanka Disaster Management Centre,https://www.dmc.gov.lk/images/dmcreports/Landslide_warning_report_at_1700hrs__1779624141.pdf,30
Landslide Early warning,2026-05-24,06:00,English,early_warning,True,Sri Lanka Disaster Management Centre,https://www.dmc.gov.lk/images/dmcreports/Lanslide_Early_Warning_at_0600_on_24__1779584677.pdf,40
Landslide early warning report,2026-05-23,09:00,English,early_warning,True,Sri Lanka Disaster Management Centre,https://www.dmc.gov.lk/images/dmcreports/Landslide_Early_Warning_at_0900hrs_at_23__1779509025.pdf,40
Landslide Warning,2026-05-22,09:00,English,warning,True,Sri Lanka Disaster Management Centre,https://www.dmc.gov.lk/images/dmcreports/Landslide_Early_Warning_at_0900hrs_at_22__1779423870.pdf,40
Landslide Early Warning,2026-05-22,06:00,English,early_warning,True,Sri Lanka Disaster Management Centre,https://www.dmc.gov.lk/images/dmcreports/(Merged)Landslide_early_warning_Report_at_0600hrs___1779412352.pdf,40
Landslide Early Warning,2026-05-22,03:00,English,early_warning,True,Sri Lanka Disaster Management Centre,https://www.dmc.gov.lk/images/dmcreports/Landslide_Early_Warning_at_0300hrs_at_22__1779400855.pdf,40
Landslide Early Warning,2026-05-18,16:00,English,early_warning,True,Sri Lanka Disaster Management Centre,https://www.dmc.gov.lk/images/dmcreports/landslide_EW_Report_at_1600hrs_on_2026__1779101540.pdf,40
Landslide Warning,2026-05-17,17:45,English,warning,True,Sri Lanka Disaster Management Centre,https://www.dmc.gov.lk/images/dmcreports/Landslide_EW_Report_at_1600hrs_on_2026__1779021090.pdf,40
Landslide Early Warning Report,2026-05-16,16:00,English,early_warning,True,Sri Lanka Disaster Management Centre,https://www.dmc.gov.lk/images/dmcreports/Landslide_Early_Warning_Report_at_1600hrs_on_16__1778928261.pdf,40
Landslide Early Warning Report,2026-05-15,16:00,English,early_warning,True,Sri Lanka Disaster Management Centre,https://www.dmc.gov.lk/images/dmcreports/Landslide_Early_Warning_Report_at_1600hrs_on_15__1778844228.pdf,40
Landslide Early warning report,2026-05-14,22:00,English,early_warning,True,Sri Lanka Disaster Management Centre,https://www.dmc.gov.lk/images/dmcreports/Landslide_Early_warning_report_at_2200hrs_on_14__1778779033.pdf,40
Landslide Early Warning,2026-05-14,16:00,English,early_warning,True,Sri Lanka Disaster Management Centre,https://www.dmc.gov.lk/images/dmcreports/LEWM_14-05-2026_16_00__1778757021.pdf,50
Landslide Early Warning Report,2026-05-14,09:00,English,early_warning,True,Sri Lanka Disaster Management Centre,https://www.dmc.gov.lk/images/dmcreports/Landslide_Early_warning_report_at_0900hrs_on_14__1778733408.pdf,50
Landslide Early Warning,2026-05-13,09:00,English,early_warning,True,Sri Lanka Disaster Management Centre,https://www.dmc.gov.lk/images/dmcreports/Landslide_Early_warning_report_at_0900hrs_on_13__1778644336.pdf,50
Landslide early warning,2026-05-11,21:00,English,early_warning,True,Sri Lanka Disaster Management Centre,https://www.dmc.gov.lk/images/dmcreports/Landslide_early_warning_at_2200hrs_on_2026__1778517844.pdf,50
Landslide Warning,2026-05-11,16:00,English,warning,True,Sri Lanka Disaster Management Centre,https://www.dmc.gov.lk/images/dmcreports/Landslide_Ew_Repots_at_1600hrs_on_2026__1778497802.pdf,50
Landslide early warning,2026-05-10,21:00,English,early_warning,True,Sri Lanka Disaster Management Centre,https://www.dmc.gov.lk/images/dmcreports/Landslide_early_warning__1778430610.pdf,50
LandSlide Early warning report,2026-05-09,21:30,English,early_warning,True,Sri Lanka Disaster Management Centre,https://www.dmc.gov.lk/images/dmcreports/LandSlide_Early_warning_report___1778350473.pdf,50
Landslide Early Warning,2026-04-24,16:00,English,early_warning,True,Sri Lanka Disaster Management Centre,https://www.dmc.gov.lk/images/dmcreports/LEWM_24-04-2026_16_00__1777027275.pdf,50
Landslide Early Warning,2026-04-23,16:00,English,early_warning,True,Sri Lanka Disaster Management Centre,https://www.dmc.gov.lk/images/dmcreports/Landslide_Ew_Report_at_1600hrs_on_2026__1776942433.pdf,50
Landslide Early Warning,2026-04-13,16:00,English,early_warning,True,Sri Lanka Disaster Management Centre,https://www.dmc.gov.lk/images/dmcreports/Landslide_Ew_Report_at_1600hrs_on_2026__1776081161.pdf,50
Landslide Early Warning,2026-04-04,17:30,English,early_warning,True,Sri Lanka Disaster Management Centre,https://www.dmc.gov.lk/images/dmcreports/Landslide_Early_Warning_Report_at_1700hrs_on_2026__1775305024.pdf,60
Landslide early warning Report,2026-02-24,08:30,English,early_warning,True,Sri Lanka Disaster Management Centre,https://www.dmc.gov.lk/images/dmcreports/Landslide_Ew_Report_at_0830hrs_on_24__1771903346.pdf,60
Landslide Early Warning,2026-02-23,08:30,English,early_warning,True,Sri Lanka Disaster Management Centre,https://www.dmc.gov.lk/images/dmcreports/Landslide_Ew_Report_at_0830hrs_on_23__1771817075.pdf,60
Landslide Ew Report,2026-02-22,09:30,English,early_warning,True,Sri Lanka Disaster Management Centre,https://www.dmc.gov.lk/images/dmcreports/Landslide_Ew_Report_at_0830hrs_on_22__1771733754.pdf,60
Landslide Warning,2026-02-21,20:30,English,warning,True,Sri Lanka Disaster Management Centre,https://www.dmc.gov.lk/images/dmcreports/LEWM_21-02-2026_20_30-1__1771688491.pdf,60
Landslide Early Warning,2026-02-21,19:00,English,early_warning,True,Sri Lanka Disaster Management Centre,https://www.dmc.gov.lk/images/dmcreports/Landslide_Ew_Report_at_1900hrs_on_2026__1771682960.pdf,60
Landslide Ew Report,2026-02-21,08:00,English,early_warning,True,Sri Lanka Disaster Management Centre,https://www.dmc.gov.lk/images/dmcreports/Landslide_Ew_Report_at_0800hrs_on_21__1771643034.pdf,60
Landslide Early Warning,2026-02-20,08:00,English,early_warning,True,Sri Lanka Disaster Management Centre,https://www.dmc.gov.lk/images/dmcreports/Landslide_EW_Report_at_0800hrs_on_2026__1771556682.pdf,60
Landslide Ew Report,2026-02-18,11:00,English,early_warning,True,Sri Lanka Disaster Management Centre,https://www.dmc.gov.lk/images/dmcreports/Landslide_EW_Report_at_1030hrs_on_2026__1771393203.pdf,60
Landslide Early Warning,2026-02-16,09:00,English,early_warning,True,Sri Lanka Disaster Management Centre,https://www.dmc.gov.lk/images/dmcreports/Landslide_EW_Report_at_0900hrs_on_2026__1771215166.pdf,60
Landslide Early Warning,2026-02-15,07:00,English,early_warning,True,Sri Lanka Disaster Management Centre,https://www.dmc.gov.lk/images/dmcreports/Landslide_EW_Report_at_0700hrs_on_2026__1771119917.pdf,70
Landslide Early Warning,2026-02-14,06:00,English,early_warning,True,Sri Lanka Disaster Management Centre,https://www.dmc.gov.lk/images/dmcreports/Landslide_early_warning_at_0600_hrs_on_14-02-2026__1771031819.pdf,70
Landslide Early Warning,2026-02-13,06:00,English,early_warning,True,Sri Lanka Disaster Management Centre,https://www.dmc.gov.lk/images/dmcreports/Landslide_early_warning_at_0600_hrs_on_13-02-2026_(2)__1770947319.pdf,70
Landslide Ew Report,2026-01-10,16:00,English,early_warning,True,Sri Lanka Disaster Management Centre,https://www.dmc.gov.lk/images/dmcreports/Landslide_Ew_Report_1600hrs_on_2026__1768040183.pdf,70
Landslide Ew Report,2026-01-09,16:00,English,early_warning,True,Sri Lanka Disaster Management Centre,https://www.dmc.gov.lk/images/dmcreports/Landslide_Ew_Report_at_1600_hrs_on_09__1767956321.pdf,70
Landslide Ew Report,2026-01-09,09:00,English,early_warning,True,Sri Lanka Disaster Management Centre,https://www.dmc.gov.lk/images/dmcreports/Landslide_Ew_Report_0900hrs_on_2026__1767932551.pdf,70
Landslide Early Warning,2026-01-08,18:00,English,early_warning,True,Sri Lanka Disaster Management Centre,https://www.dmc.gov.lk/images/dmcreports/Landslide_Ew_Report_1800hrs_on_2026__1767881916.pdf,70
Landslide Ew Report,2026-01-08,12:00,English,early_warning,True,Sri Lanka Disaster Management Centre,https://www.dmc.gov.lk/images/dmcreports/Landslide_Ew_Report_at_1200hrs_on_2026__1767858108.pdf,70
Landslide Ew Report,2026-01-07,12:00,English,early_warning,True,Sri Lanka Disaster Management Centre,https://www.dmc.gov.lk/images/dmcreports/Landslide_Ew_Report_at_1200hrs_on_2026__1767770574.pdf,70
Air Quality Status,2026-01-07,09:00,English,other,False,Sri Lanka Disaster Management Centre,https://www.dmc.gov.lk/images/dmcreports/Air_Quality_Index_on_2026__1767758246.pdf,70
landslide Warning,2026-01-06,12:00,English,warning,True,Sri Lanka Disaster Management Centre,https://www.dmc.gov.lk/images/dmcreports/Landslide_Ew_Report_at_1200hrs_on_2026__1767682516.pdf,80
Landslide Warning,2026-01-06,08:30,English,warning,True,Sri Lanka Disaster Management Centre,https://www.dmc.gov.lk/images/dmcreports/Landslide_Ew_Report_at_0830hrs_on_2026__1767672507.pdf,80
Landslide Early Warning,2026-01-05,22:45,English,early_warning,True,Sri Lanka Disaster Management Centre,https://www.dmc.gov.lk/images/dmcreports/Landslide_Ew_Report_at_2200hrs_on_2026__1767636549.pdf,80
Landslide Early Warning,2026-01-05,22:00,English,early_warning,True,Sri Lanka Disaster Management Centre,https://www.dmc.gov.lk/images/dmcreports/Landslide_Ew_Report_at_2200hrs_on_2026__1767632800.pdf,80
Landslide Warning,2025-12-23,16:00,English,warning,True,Sri Lanka Disaster Management Centre,https://www.dmc.gov.lk/images/dmcreports/Landslide_Ew_Report_at_1600hrs_on_2025__1766486027.pdf,80
Landslide Warning,2025-12-22,16:00,English,warning,True,Sri Lanka Disaster Management Centre,https://www.dmc.gov.lk/images/dmcreports/Landslide_Ew_Report_at_1600hrs_on_2025__1766401856.pdf,80
Landslide Ew Report,2025-12-21,16:00,English,early_warning,True,Sri Lanka Disaster Management Centre,https://www.dmc.gov.lk/images/dmcreports/Landslide_Ew_Report_at_1600hrs_on_2025__1766314521.pdf,80
Landslide Ew Report,2025-12-20,16:00,English,early_warning,True,Sri Lanka Disaster Management Centre,https://www.dmc.gov.lk/images/dmcreports/Landslide_Ew_Report_at_1600hrs_on_2025__1766228619.pdf,80
Landslide Early Warning,2025-12-20,08:00,English,early_warning,True,Sri Lanka Disaster Management Centre,https://www.dmc.gov.lk/images/dmcreports/Landslide_Ew_Report_at_0800hrs_on_2025__1766201577.pdf,80
Landslide Early Warning,2025-12-19,08:00,English,early_warning,True,Sri Lanka Disaster Management Centre,https://www.dmc.gov.lk/images/dmcreports/Landslide_Ew_Report_at_0800hrs_on_2025__1766118371.pdf,80
Landslide Early Warning,2025-12-18,08:00,English,early_warning,True,Sri Lanka Disaster Management Centre,https://www.dmc.gov.lk/images/dmcreports/Landslide_Ew_Report_at_0800hrs_on_2025__1766028289.pdf,90
Landslide Early Warning,2025-12-18,03:00,English,early_warning,True,Sri Lanka Disaster Management Centre,https://www.dmc.gov.lk/images/dmcreports/Landslide_Ew_Report_at_0230hrs_on_2025__1766008151.pdf,90
Landslide Early Warning,2025-12-17,16:00,English,early_warning,True,Sri Lanka Disaster Management Centre,https://www.dmc.gov.lk/images/dmcreports/Landslide_Ew_Report_at_1600hrs_on_2025__1765968669.pdf,90
Landslide Early Warning,2025-12-16,16:00,English,early_warning,True,Sri Lanka Disaster Management Centre,https://www.dmc.gov.lk/images/dmcreports/Landslide_Ew_Report_at_1600hrs_on_2025__1765882670.pdf,90
Landslide Early Warning,2025-12-15,16:00,English,early_warning,True,Sri Lanka Disaster Management Centre,https://www.dmc.gov.lk/images/dmcreports/Landslide_Ew_Report_at_1600hrs_on_2025__1765797573.pdf,90
Landslide Early Warning,2025-12-14,16:00,English,early_warning,True,Sri Lanka Disaster Management Centre,https://www.dmc.gov.lk/images/dmcreports/Landslide_Ew_Report_at_1600hrs_on_2025__1765709557.pdf,90
Landslide Ew Report,2025-12-13,16:30,English,early_warning,True,Sri Lanka Disaster Management Centre,https://www.dmc.gov.lk/images/dmcreports/Landslide_Ew_Report_at_1600hrs_on_2025__1765628487.pdf,90
Landslide Ew Report,2025-12-12,16:00,English,early_warning,True,Sri Lanka Disaster Management Centre,https://www.dmc.gov.lk/images/dmcreports/Landslide_Ew_Report_at_1600hrs_on_2025__1765537494.pdf,90
Landslide Ew Report,2025-12-11,16:00,English,early_warning,True,Sri Lanka Disaster Management Centre,https://www.dmc.gov.lk/images/dmcreports/Landslide_Ew_Report_at_1600hrs_on_2025__1765451944.pdf,90
Landslide Early Warning,2025-12-10,16:00,English,early_warning,True,Sri Lanka Disaster Management Centre,https://www.dmc.gov.lk/images/dmcreports/Landslide_Ew_Report_at_1600hrs_on_2025__1765365537.pdf,90
Landslide Early Warning,2025-12-09,16:00,English,early_warning,True,Sri Lanka Disaster Management Centre,https://www.dmc.gov.lk/images/dmcreports/Landslide_Ew_Report_at_1600hrs_on_2025__1765280953.pdf,100
Landslide Early warning,2025-12-08,16:00,English,early_warning,True,Sri Lanka Disaster Management Centre,https://www.dmc.gov.lk/images/dmcreports/Landslide_Ew_Report_at_1600hrs_on_2025__1765192019.pdf,100
Landslide Early Warning,2025-12-07,16:00,English,early_warning,True,Sri Lanka Disaster Management Centre,https://www.dmc.gov.lk/images/dmcreports/Landslide_EW_Report_at_1600hrs_on_2025__1765107552.pdf,100
Landslide Early Warning,2025-12-06,16:00,English,early_warning,True,Sri Lanka Disaster Management Centre,https://www.dmc.gov.lk/images/dmcreports/Landslide_Ew_Report_at_1600hrs_on_2025__1765019885.pdf,100
Landslide Ew Report,2025-12-05,16:00,English,early_warning,True,Sri Lanka Disaster Management Centre,https://www.dmc.gov.lk/images/dmcreports/Landslide_Ew_Report_at_1600hrs_on_2025__1764932298.pdf,100
Landslide Early Warning,2025-12-04,19:30,English,early_warning,True,Sri Lanka Disaster Management Centre,https://www.dmc.gov.lk/images/dmcreports/Landslide_Ew_Report_at_1930hrs_on_2025__1764861404.pdf,100
Landslide Warning,2025-12-04,16:00,English,warning,True,Sri Lanka Disaster Management Centre,https://www.dmc.gov.lk/images/dmcreports/Landslide_Ew_Report_at_1600hrs_on_2025__1764850501.pdf,100
Landslide Early Warning,2025-12-03,16:00,English,early_warning,True,Sri Lanka Disaster Management Centre,https://www.dmc.gov.lk/images/dmcreports/LEWM_03-12-2025_16_00__1764763792.pdf,100
Landslide Early Warning,2025-12-03,16:00,English,early_warning,True,Sri Lanka Disaster Management Centre,https://www.dmc.gov.lk/images/dmcreports/New_LEWM_03-12-2025_16_00_(1)__1764765904.pdf,100
The Landslide Ew Report,2025-12-02,16:00,English,early_warning,True,Sri Lanka Disaster Management Centre,https://www.dmc.gov.lk/images/dmcreports/Landslide_Ew_Report_at_1600hrs_on_2025__1764672793.pdf,100
Landslide Early Warning,2025-12-01,16:00,English,early_warning,True,Sri Lanka Disaster Management Centre,https://www.dmc.gov.lk/images/dmcreports/Landslide_Ew_Report_at_1600hrs_on_2025__1764585481.pdf,110
Landslide Early Warning,2025-11-30,16:00,English,early_warning,True,Sri Lanka Disaster Management Centre,https://www.dmc.gov.lk/images/dmcreports/LEWM_30-11-2025_16_00__1764503733.pdf,110
Landslide Warning,2025-11-29,16:00,English,warning,True,Sri Lanka Disaster Management Centre,https://www.dmc.gov.lk/images/dmcreports/LEWM_29-11-2025_16_00__1764415674.pdf,110
Landslide Early Warning,2025-11-28,23:00,English,early_warning,True,Sri Lanka Disaster Management Centre,https://www.dmc.gov.lk/images/dmcreports/Landslide_Ew_Report_at_2300hrs_on_2025__1764269006.pdf,110
Landslide Early Warning,2025-11-28,16:00,English,early_warning,True,Sri Lanka Disaster Management Centre,https://www.dmc.gov.lk/images/dmcreports/Landslide_Ew_Report_at_16__1764330786.pdf,110
Landslide Early Warning,2025-11-28,05:00,English,early_warning,True,Sri Lanka Disaster Management Centre,https://www.dmc.gov.lk/images/dmcreports/LEWM_28-11-2025_04_30__1764289136.pdf,110
Landslide Early Warning,2025-11-28,02:00,English,early_warning,True,Sri Lanka Disaster Management Centre,https://www.dmc.gov.lk/images/dmcreports/Landslide_Ew_Report_at_02__1764277062.pdf,110
Landslide Early Warning,2025-11-27,16:30,English,early_warning,True,Sri Lanka Disaster Management Centre,https://www.dmc.gov.lk/images/dmcreports/Landslide_Ew_Report_at_1600hrs_on_2025__1764245076.pdf,110
Landslide Early Warning,2025-11-26,21:30,English,early_warning,True,Sri Lanka Disaster Management Centre,https://www.dmc.gov.lk/images/dmcreports/Landslide_EW_Report_at_2130hrs_on_2025__1764174295.pdf,110
Landslide Early Warning,2025-11-26,17:00,English,early_warning,True,Sri Lanka Disaster Management Centre,https://www.dmc.gov.lk/images/dmcreports/Landslide_Ew_Report_at_1630hrs_on_2025__1764162615.pdf,110
Landslide Warning,2025-11-26,08:00,English,warning,True,Sri Lanka Disaster Management Centre,https://www.dmc.gov.lk/images/dmcreports/Landslide_Ew_Report_at_0800hrs_on_2025__1764126134.pdf,120
Landslide Early Warning,2025-11-25,14:30,English,early_warning,True,Sri Lanka Disaster Management Centre,https://www.dmc.gov.lk/images/dmcreports/Landslide_EW_Report_at_1430hrs_on_2025__1764063143.pdf,120
Landslide warning,2025-11-24,14:30,English,warning,True,Sri Lanka Disaster Management Centre,https://www.dmc.gov.lk/images/dmcreports/Landslide_EW_Report_at_1430hrs_on_2025__1763977647.pdf,120
Landslide Early Warning,2025-11-23,15:00,English,early_warning,True,Sri Lanka Disaster Management Centre,https://www.dmc.gov.lk/images/dmcreports/Landslide_EW_Report_at_1500hrs_on_2025__1763891999.pdf,120
Landslide Ew Report,2025-11-22,14:30,English,early_warning,True,Sri Lanka Disaster Management Centre,https://www.dmc.gov.lk/images/dmcreports/landslide_Ew_Report_at_1430hrs_on_2025__1763803911.pdf,120
Landslide Early Warning,2025-11-21,20:00,English,early_warning,True,Sri Lanka Disaster Management Centre,https://www.dmc.gov.lk/images/dmcreports/landslide_Ew_Report_at_2000hrs_on_2025__1763738593.pdf,120
Landslide Early Warning,2025-11-21,16:00,English,early_warning,True,Sri Lanka Disaster Management Centre,https://www.dmc.gov.lk/images/dmcreports/landslide_Ew_Report_at_1600hrs_on_2025__1763721903.pdf,120
Landslide Early Warning,2025-11-20,16:00,English,early_warning,True,Sri Lanka Disaster Management Centre,https://www.dmc.gov.lk/images/dmcreports/Landslide_early_warning_message_and_text_file__1763636629.pdf,120
Landslide Early Warning,2025-11-19,16:00,English,early_warning,True,Sri Lanka Disaster Management Centre,https://www.dmc.gov.lk/images/dmcreports/LEWM_19-11-2025_16_00__1763548991.pdf,120
landslide Ew Report,2025-11-18,16:00,English,early_warning,True,Sri Lanka Disaster Management Centre,https://www.dmc.gov.lk/images/dmcreports/landslide_Ew_Report_at_1600hrs_on_2025__1763462383.pdf,120
Landslide Early Warning,2025-11-17,19:30,English,early_warning,True,Sri Lanka Disaster Management Centre,https://www.dmc.gov.lk/images/dmcreports/LEWM_17-11-2025_19_00__1763389437.pdf,130
Landslide Warning,2025-11-07,12:30,English,warning,True,Sri Lanka Disaster Management Centre,https://www.dmc.gov.lk/images/dmcreports/landslide_Ew_Report_at_1230hrs_on_2025__1762501368.pdf,130
Landslide Early Warning,2025-11-06,12:30,English,early_warning,True,Sri Lanka Disaster Management Centre,https://www.dmc.gov.lk/images/dmcreports/landslide_Ew_Report_at_1230hrs_on_2025__1762413025.pdf,130
Landslide Early Warning,2025-10-28,16:00,English,early_warning,True,Sri Lanka Disaster Management Centre,https://www.dmc.gov.lk/images/dmcreports/Landslide_Early_Warning_at_1600hrs_on_2025__1761647884.pdf,130
Landslide Early Warning,2025-10-27,16:00,English,early_warning,True,Sri Lanka Disaster Management Centre,https://www.dmc.gov.lk/images/dmcreports/Landslide_Early_Warning_at_1600hrs_on_2025__1761561530.pdf,130
Landslide Early Warning,2025-10-26,16:00,English,early_warning,True,Sri Lanka Disaster Management Centre,https://www.dmc.gov.lk/images/dmcreports/LEWM_26-10-2025_16_00_(1)__1761478333.pdf,130
Landslide Ew Report,2025-10-25,16:00,English,early_warning,True,Sri Lanka Disaster Management Centre,https://www.dmc.gov.lk/images/dmcreports/Landslide_Early_Warning_at_1600hrs_on_2025__1761390585.pdf,130
Landslide Ew Report,2025-10-24,16:00,English,early_warning,True,Sri Lanka Disaster Management Centre,https://www.dmc.gov.lk/images/dmcreports/Landslide_Ew_Report_at_1600hrs_on_2025__1761302857.pdf,130
Landslide Ew Report,2025-10-23,16:00,English,early_warning,True,Sri Lanka Disaster Management Centre,https://www.dmc.gov.lk/images/dmcreports/Landslide_Ew_Report_at_1600hrs_on_2025__1761216649.pdf,130
Landslide Ew Report,2025-10-22,16:00,English,early_warning,True,Sri Lanka Disaster Management Centre,https://www.dmc.gov.lk/images/dmcreports/Landslide_Ew_Report_at_1600hrs_on_2025__1761129509.pdf,130
Lanslide Early Warning,2025-10-21,17:00,English,early_warning,True,Sri Lanka Disaster Management Centre,https://www.dmc.gov.lk/images/dmcreports/Landslide_Ew_Report_at_1700hrs_on_2025__1761048919.pdf,140
Landslide Early Warning,2025-10-21,05:30,English,early_warning,True,Sri Lanka Disaster Management Centre,https://www.dmc.gov.lk/images/dmcreports/Landslide_Ew_Report_at_0530hrs_on_2025__1761006163.pdf,140
Landslide Early Warning,2025-10-20,20:30,English,early_warning,True,Sri Lanka Disaster Management Centre,https://www.dmc.gov.lk/images/dmcreports/Landslide_Ew_Report_at_2030hrs_on_2025__1760973531.pdf,140
Landslide EW Report,2025-10-20,16:00,English,early_warning,True,Sri Lanka Disaster Management Centre,https://www.dmc.gov.lk/images/dmcreports/Landslide_EW_Report_at_1600hrs_on_2025__1760957321.pdf,140
Landslide Early Warning,2025-10-19,21:30,English,early_warning,True,Sri Lanka Disaster Management Centre,https://www.dmc.gov.lk/images/dmcreports/Landslide_EW_Report_at_2130hrs_on_2025__1760890149.pdf,140
Landslide EW Report,2025-10-19,16:00,English,early_warning,True,Sri Lanka Disaster Management Centre,https://www.dmc.gov.lk/images/dmcreports/Landslide_EW_Report_at_1600hrs_on_2025__1760872275.pdf,140
Landslide Early Warning,2025-10-18,19:00,English,early_warning,True,Sri Lanka Disaster Management Centre,https://www.dmc.gov.lk/images/dmcreports/Landslide_EW_Report_at_1900hrs_on_2025__1760799139.pdf,140
Landslide Early Warning,2025-10-17,19:30,English,early_warning,True,Sri Lanka Disaster Management Centre,https://www.dmc.gov.lk/images/dmcreports/Landslide_EW_Report_at_1930hrs_on_2025__1760710168.pdf,140
Landslide Early Warning,2025-10-17,16:00,English,early_warning,True,Sri Lanka Disaster Management Centre,https://www.dmc.gov.lk/images/dmcreports/Landslide_EW_Report_at_1600hrs_on_2025__1760697361.pdf,140
Weather forecast,2025-10-16,16:00,English,other,False,Sri Lanka Disaster Management Centre,https://www.dmc.gov.lk/images/dmcreports/Landslide_Early_Warning_at_1600hrs_on_2025__1760610960.pdf,140
Landslide Early Warning,2025-10-15,19:30,English,early_warning,True,Sri Lanka Disaster Management Centre,https://www.dmc.gov.lk/images/dmcreports/Landslide_EW_Report_at_1930hrs_on_2025__1760538283.pdf,150
Landslide Early Warning,2025-10-13,21:00,English,early_warning,True,Sri Lanka Disaster Management Centre,https://www.dmc.gov.lk/images/dmcreports/Landslide_early_warning_message_and_text_file__1760370929.pdf,150
Landslide Early Warning,2025-10-05,18:00,English,early_warning,True,Sri Lanka Disaster Management Centre,https://www.dmc.gov.lk/images/dmcreports/Landslide_EW_Report_at_1800_hrs_on_2025__1759668924.pdf,150
Landslide Early Warning,2025-10-04,18:00,English,early_warning,True,Sri Lanka Disaster Management Centre,https://www.dmc.gov.lk/images/dmcreports/Landslide_Early_Warning_at_1800hrs_on_2025__1759584763.pdf,150
Landslide Early Warning,2025-09-27,16:00,English,early_warning,True,Sri Lanka Disaster Management Centre,https://www.dmc.gov.lk/images/dmcreports/Landslide_Early_Warning_at_1600hrs_on_2025__1758972244.pdf,150
Landslide Early Warning,2025-09-26,16:00,English,early_warning,True,Sri Lanka Disaster Management Centre,https://www.dmc.gov.lk/images/dmcreports/Landslide_Early_Warning_at_1600hrs_on_2025__1758884026.pdf,150
Landslide Early Warning,2025-09-25,22:00,English,early_warning,True,Sri Lanka Disaster Management Centre,https://www.dmc.gov.lk/images/dmcreports/Landslide_Early_Warning_at_2200hrs_on_2025__1758821789.pdf,150
Landslide Early Warning Report,2025-09-19,10:00,English,early_warning,True,Sri Lanka Disaster Management Centre,https://www.dmc.gov.lk/images/dmcreports/Landslide_Early_Warning_at_1000hrs_on_2025__1758256897.pdf,150
Landslide Early Warning,2025-06-17,16:00,English,early_warning,True,Sri Lanka Disaster Management Centre,https://www.dmc.gov.lk/images/dmcreports/Landslide_early_warning_at_1600hrs_on_17__1750157016.pdf,150
Landslide Early Warning,2025-06-16,16:00,English,early_warning,True,Sri Lanka Disaster Management Centre,https://www.dmc.gov.lk/images/dmcreports/Landslide_early_warning_at_1600hrs_on_16__1750070574.pdf,150
Landslide Early Warning,2025-06-15,16:00,English,early_warning,True,Sri Lanka Disaster Management Centre,https://www.dmc.gov.lk/images/dmcreports/Landslide_early_warning_at_1600hrs_on_15__1749983774.pdf,160
Landslide Early Warning,2025-06-15,08:00,English,early_warning,True,Sri Lanka Disaster Management Centre,https://www.dmc.gov.lk/images/dmcreports/Landslide_early_warning_at_0800hrs_on_15__1749957391.pdf,160
Landslide Early Warning,2025-06-14,16:00,English,early_warning,True,Sri Lanka Disaster Management Centre,https://www.dmc.gov.lk/images/dmcreports/Landslide_early_warning_at_1600hrs_on_14__1749897616.pdf,160
Landslide Early Warning,2025-06-11,16:00,English,early_warning,True,Sri Lanka Disaster Management Centre,https://www.dmc.gov.lk/images/dmcreports/LEWM_11-06-2025_16_00__1749638936.pdf,160
Landslide Early Warning,2025-05-31,16:00,English,early_warning,True,Sri Lanka Disaster Management Centre,https://www.dmc.gov.lk/images/dmcreports/LEWM_31-05-2025_16_00__1748689507.pdf,160
Landslide Early Warning,2025-05-30,21:00,English,early_warning,True,Sri Lanka Disaster Management Centre,https://www.dmc.gov.lk/images/dmcreports/LEWM_30-05-2025_21_00__1748620600.pdf,160
Landslide Early Warning,2025-05-28,10:00,English,early_warning,True,Sri Lanka Disaster Management Centre,https://www.dmc.gov.lk/images/dmcreports/Landslide_early_warning_at_1000hrs_on_2025__1748406627.pdf,160
Landslide early warning,2025-05-27,10:00,English,early_warning,True,Sri Lanka Disaster Management Centre,https://www.dmc.gov.lk/images/dmcreports/Landslide_early_warning_at_1000hrs_on_2025__1748322081.pdf,160
Landslide early warning,2025-05-20,14:00,English,early_warning,True,Sri Lanka Disaster Management Centre,https://www.dmc.gov.lk/images/dmcreports/Landslide_early_warning_at_1400hrs_on_2025__1747731623.pdf,160
Landslide early warning,2025-05-19,14:00,English,early_warning,True,Sri Lanka Disaster Management Centre,https://www.dmc.gov.lk/images/dmcreports/Landslide_early_warning_at_1400hrs_on_2025__1747645656.pdf,160
Landslide early warning,2025-05-18,10:00,English,early_warning,True,Sri Lanka Disaster Management Centre,https://www.dmc.gov.lk/images/dmcreports/Landslide_early_warning_at_1000hrs_on_2025__1747544607.pdf,170
Landslide Early Warning,2025-04-10,16:00,English,early_warning,True,Sri Lanka Disaster Management Centre,https://www.dmc.gov.lk/images/dmcreports/Landslide_early_warning_at_1600hrs_on_2025__1744281412.pdf,170
Landslide Early Warning,2025-03-03,12:30,English,early_warning,True,Sri Lanka Disaster Management Centre,https://www.dmc.gov.lk/images/dmcreports/Landslide_early_warning_at_1230hrs_on_2025__1740986154.pdf,170
Landslide Early Warning,2025-03-02,12:30,English,early_warning,True,Sri Lanka Disaster Management Centre,https://www.dmc.gov.lk/images/dmcreports/Landslide_early_warning_at_1230hrs_on_2025__1740901229.pdf,170
Landslide Early Warning,2025-03-01,12:30,English,early_warning,True,Sri Lanka Disaster Management Centre,https://www.dmc.gov.lk/images/dmcreports/Landslide_early_warning_at_1230hrs_on_2025__1740817102.pdf,170
Landslide Early Warning,2025-02-28,12:30,English,early_warning,True,Sri Lanka Disaster Management Centre,https://www.dmc.gov.lk/images/dmcreports/Landslide_early_warning_at_1230_hrs_on_2025__1740732028.pdf,170
Landslide EW Report,2025-01-21,16:00,English,early_warning,True,Sri Lanka Disaster Management Centre,https://www.dmc.gov.lk/images/dmcreports/Landslide_Early_Warning_Report_at_1600hrs_on_2025__1737456571.pdf,170
Landslide EW Report,2025-01-21,16:00,English,early_warning,True,Sri Lanka Disaster Management Centre,https://www.dmc.gov.lk/images/dmcreports/Landslide_Early_Warning_Report_at_1600hrs_on_2025__1737456603.pdf,170
Landslide EW Report,2025-01-20,16:00,English,early_warning,True,Sri Lanka Disaster Management Centre,https://www.dmc.gov.lk/images/dmcreports/Landslide_Early_Warning_Report_at_1600hrs_on_2025__1737369533.pdf,170
Landslide Early Warning,2025-01-19,17:00,English,early_warning,True,Sri Lanka Disaster Management Centre,https://www.dmc.gov.lk/images/dmcreports/Landslide_EW_Report_at_0800hrs_on_19-01-2025___1737286572.pdf,170
Landslide EW Report,2025-01-19,08:00,English,early_warning,True,Sri Lanka Disaster Management Centre,https://www.dmc.gov.lk/images/dmcreports/Landslide_EW_Report_at_0800hrs_on_19-01-2025___1737256358.pdf,180
Landslide Early Warning,2025-01-14,16:00,English,early_warning,True,Sri Lanka Disaster Management Centre,https://www.dmc.gov.lk/images/dmcreports/Landslide_EW_Report_at_1600hrs_on_14-01-2025-1600-02___1736856542.pdf,180
Landslide EW Report,2025-01-13,16:00,English,early_warning,True,Sri Lanka Disaster Management Centre,https://www.dmc.gov.lk/images/dmcreports/Landslide_EW_Report_at_1600hrs_on_2025__1736766064.pdf,180
Landslide Early Warning,2024-12-16,16:00,English,early_warning,True,Sri Lanka Disaster Management Centre,https://www.dmc.gov.lk/images/dmcreports/Landslide_EW_Report_at_1600hrs_on_2024__1734346097.pdf,180
Landslide Early Warning,2024-12-15,16:00,English,early_warning,True,Sri Lanka Disaster Management Centre,https://www.dmc.gov.lk/images/dmcreports/Landslide_Ew_Report_at_1600hrs_on_2024__1734259908.pdf,180
Landslide Early Warning,2024-12-14,16:00,English,early_warning,True,Sri Lanka Disaster Management Centre,https://www.dmc.gov.lk/images/dmcreports/Landslide_Ew_Report_at_1600hrs_on_2024__1734172777.pdf,180
Landslide early warning,2024-12-02,16:00,English,early_warning,True,Sri Lanka Disaster Management Centre,https://www.dmc.gov.lk/images/dmcreports/Landslide_early_warning_message__1600_hrs_on_02-12-2024__1733136728.pdf,180
Landslide Early Warning,2024-12-01,16:00,English,early_warning,True,Sri Lanka Disaster Management Centre,https://www.dmc.gov.lk/images/dmcreports/LEWM_01-12-2024_16_00__1733050103.pdf,180
Landslide Early Warning,2024-11-30,16:00,English,early_warning,True,Sri Lanka Disaster Management Centre,https://www.dmc.gov.lk/images/dmcreports/Landslide_Ew_Report_at_1600hrs_on_2024__1732963513.pdf,180
Landslide Early Warning,2024-11-29,16:00,English,early_warning,True,Sri Lanka Disaster Management Centre,https://www.dmc.gov.lk/images/dmcreports/Landslide_Ew_Report_at_1600hrs_on_2024__1732878266.pdf,180
Landslide Early Warning,2024-11-28,16:00,English,early_warning,True,Sri Lanka Disaster Management Centre,https://www.dmc.gov.lk/images/dmcreports/Landslide_Ew_Report_at_1600hrs_on_2024__1732791328.pdf,190
Landslide Ew Report,2024-11-27,19:00,English,early_warning,True,Sri Lanka Disaster Management Centre,https://www.dmc.gov.lk/images/dmcreports/Landslide_Ew_Report_at_1900hrs_on_2024__1732716215.pdf,190
Landslide Early Warning,2024-11-27,16:00,English,early_warning,True,Sri Lanka Disaster Management Centre,https://www.dmc.gov.lk/images/dmcreports/Landslide_Ew_Report_at_1600hrs_on_2024__1732705600.pdf,190
Landslide early warning Report,2024-11-26,21:00,English,early_warning,True,Sri Lanka Disaster Management Centre,https://www.dmc.gov.lk/images/dmcreports/Landslide_Ew_Report_at_2100hrs_on_2024__1732635440.pdf,190
Landslide early warning Report,2024-11-26,12:00,English,early_warning,True,Sri Lanka Disaster Management Centre,https://www.dmc.gov.lk/images/dmcreports/Landslide_Ew_Report_at_1200hrs_on_2024__1732611038.pdf,190
Landslide Early Warning,2024-11-26,00:00,English,early_warning,True,Sri Lanka Disaster Management Centre,https://www.dmc.gov.lk/images/dmcreports/Landslide_Ew_Report_at_0000hrs_on_2024__1732571641.pdf,190
Landslide Early Warning,2024-11-25,21:00,English,early_warning,True,Sri Lanka Disaster Management Centre,https://www.dmc.gov.lk/images/dmcreports/Landslide_Ew_Report_at_2100hrs_on_2024__1732549850.pdf,190
Landslide early warning Report,2024-11-25,16:00,English,early_warning,True,Sri Lanka Disaster Management Centre,https://www.dmc.gov.lk/images/dmcreports/Landslide_Ew_Report_at_1600hrs_on_2024__1732531006.pdf,190
Landslide Early Warning,2024-11-24,16:00,English,early_warning,True,Sri Lanka Disaster Management Centre,https://www.dmc.gov.lk/images/dmcreports/Landslide_Ew_Report_at_1600hrs_on_2024__1732445183.pdf,190
Landslide early warning Report,2024-11-23,16:00,English,early_warning,True,Sri Lanka Disaster Management Centre,https://www.dmc.gov.lk/images/dmcreports/Landslide_EW_Report_at_1600hrs_on_2024__1732357230.pdf,190
Landslide early warning Report,2024-11-22,16:00,English,early_warning,True,Sri Lanka Disaster Management Centre,https://www.dmc.gov.lk/images/dmcreports/Landslide_EW_Report_at_1600hrs_on_2024__1732271653.pdf,200
Landslide early warning Report,2024-11-21,16:00,English,early_warning,True,Sri Lanka Disaster Management Centre,https://www.dmc.gov.lk/images/dmcreports/Landslide_EW_Report_at_1600hrs_on_2024__1732184833.pdf,200
Landslide early warning Report,2024-11-20,16:00,English,early_warning,True,Sri Lanka Disaster Management Centre,https://www.dmc.gov.lk/images/dmcreports/Landslide_EW_Report_at_1600hrs_on_2024__1732099072.pdf,200
Landslide Early Warning,2024-11-19,16:00,English,early_warning,True,Sri Lanka Disaster Management Centre,https://www.dmc.gov.lk/images/dmcreports/Landslide_EW_Report_at_1600hrs_on_2024__1732013989.pdf,200
Landslide Warning,2024-11-18,22:00,English,warning,True,Sri Lanka Disaster Management Centre,https://www.dmc.gov.lk/images/dmcreports/Landslide_EW_Report_at_2200hrs_on_2024__1731947997.pdf,200
Landslide Early Warning,2024-11-17,16:00,English,early_warning,True,Sri Lanka Disaster Management Centre,https://www.dmc.gov.lk/images/dmcreports/The_Landslide_early_warning_Report_at_1600hrs_on_2024__1731842581.pdf,200
Landslide early warning Report,2024-11-16,16:00,English,early_warning,True,Sri Lanka Disaster Management Centre,https://www.dmc.gov.lk/images/dmcreports/Landslide_Early_warning_at_1600hrs_on_2024__1731753608.pdf,200
Landslide Early Warning,2024-11-15,20:00,English,early_warning,True,Sri Lanka Disaster Management Centre,https://www.dmc.gov.lk/images/dmcreports/Landslide_Early_warning_at_2000hrs_on_2024__1731682495.pdf,200
Landslide early warning Report,2024-11-10,16:00,English,early_warning,True,Sri Lanka Disaster Management Centre,https://www.dmc.gov.lk/images/dmcreports/Landslide_Ealy_Warnning_report_at_1600_hrs_on_2024__1731235120.pdf,200
Landslide Early Warning,2024-11-09,23:00,English,early_warning,True,Sri Lanka Disaster Management Centre,https://www.dmc.gov.lk/images/dmcreports/Landslide_Ealy_Warnning_report_at_22__1731096104.pdf,200
Landslide Early Warning,2024-11-09,16:00,English,early_warning,True,Sri Lanka Disaster Management Centre,https://www.dmc.gov.lk/images/dmcreports/LEWM_09-11-2024_16_00__1731152319.pdf,210
Landslide Early Warning,2024-11-08,16:00,English,early_warning,True,Sri Lanka Disaster Management Centre,https://www.dmc.gov.lk/images/dmcreports/LEWM_08-11-2024_16_00__1731063086.pdf,210
Landslide Early Warning,2024-11-07,16:00,English,early_warning,True,Sri Lanka Disaster Management Centre,https://www.dmc.gov.lk/images/dmcreports/LEWM_07-11-2024_16_00__1730976490.pdf,210
Landslide Early Warning,2024-11-06,16:00,English,early_warning,True,Sri Lanka Disaster Management Centre,https://www.dmc.gov.lk/images/dmcreports/LEWM_06-11-2024_16_00__1730889868.pdf,210
Landslide early warning Report,2024-11-05,16:00,English,early_warning,True,Sri Lanka Disaster Management Centre,https://www.dmc.gov.lk/images/dmcreports/Landslide_Ealy_Warnning_report_at_1600_hrs_on_2024__1730804165.pdf,210
Landslide early warning Report,2024-11-04,16:00,English,early_warning,True,Sri Lanka Disaster Management Centre,https://www.dmc.gov.lk/images/dmcreports/Landslide_Ealy_Warnning_report_at_1600_hrs_on_2024__1730716796.pdf,210
Landslide Early Warning,2024-11-03,16:00,English,early_warning,True,Sri Lanka Disaster Management Centre,https://www.dmc.gov.lk/images/dmcreports/LEWM_03-11-2024_16_00__1730633262.pdf,210
Landslide Early Warning,2024-11-02,17:00,English,early_warning,True,Sri Lanka Disaster Management Centre,https://www.dmc.gov.lk/images/dmcreports/LEWM_02-11-2024_17_00__1730550416.pdf,210
Landslide Early Warning,2024-11-01,19:00,English,early_warning,True,Sri Lanka Disaster Management Centre,https://www.dmc.gov.lk/images/dmcreports/Landslide_Ealy_Warnning_report_at_1900_hrs_on_2024__1730471743.pdf,210
Landslide EW Report,2024-10-16,16:00,English,early_warning,True,Sri Lanka Disaster Management Centre,https://www.dmc.gov.lk/images/dmcreports/Landslide_Warning_at_1600hrs_on_2024__1729075437.pdf,210
Landslide Warning,2024-10-15,16:00,English,warning,True,Sri Lanka Disaster Management Centre,https://www.dmc.gov.lk/images/dmcreports/Landslide_Warning_at_1600hrs_on_2024__1728989074.pdf,220
Landslide Warning,2024-10-14,16:00,English,warning,True,Sri Lanka Disaster Management Centre,https://www.dmc.gov.lk/images/dmcreports/LEWM_14-10-2024_16_00__1728906854.pdf,220
Landslide Warning,2024-10-13,16:00,English,warning,True,Sri Lanka Disaster Management Centre,https://www.dmc.gov.lk/images/dmcreports/LEWM_13-10-2024_16_00__1728817987.pdf,220
Landslide Warning,2024-10-12,16:00,English,warning,True,Sri Lanka Disaster Management Centre,https://www.dmc.gov.lk/images/dmcreports/Landslide_Warning_at_1600hrs_on_2024__1728729743.pdf,220
Landslide Early Warning,2024-10-11,16:00,English,early_warning,True,Sri Lanka Disaster Management Centre,https://www.dmc.gov.lk/images/dmcreports/Landslide_Warning_at_1600hrs_on_2024__1728643354.pdf,220
landslide Warning,2024-10-11,06:00,English,warning,True,Sri Lanka Disaster Management Centre,https://www.dmc.gov.lk/images/dmcreports/Landslide_Warning_at_0530hrs_on_2024__1728609350.pdf,220
Landslide Early Warning,2024-10-11,01:30,English,early_warning,True,Sri Lanka Disaster Management Centre,https://www.dmc.gov.lk/images/dmcreports/Landslide_Warning_at_0100hrs_on_2024__1728592440.pdf,220
Landslide Early Warning,2024-10-10,20:00,English,early_warning,True,Sri Lanka Disaster Management Centre,https://www.dmc.gov.lk/images/dmcreports/LEWM_10-10-2024_20_00__1728572414.pdf,220
Landslide Warning,2024-10-10,16:00,English,warning,True,Sri Lanka Disaster Management Centre,https://www.dmc.gov.lk/images/dmcreports/Landslide_Warning_at_1600hrs_on_2024__1728556831.pdf,220
Landslide Early Warning,2024-10-09,16:00,English,early_warning,True,Sri Lanka Disaster Management Centre,https://www.dmc.gov.lk/images/dmcreports/Landslide_Warning_at_1600hrs_on_2024__1728470705.pdf,220
Landslide Warning,2024-10-08,16:00,English,warning,True,Sri Lanka Disaster Management Centre,https://www.dmc.gov.lk/images/dmcreports/Landslide_Warning_at_1600hrs_on_2024__1728384077.pdf,230
Landslide Warning,2024-10-07,19:30,English,warning,True,Sri Lanka Disaster Management Centre,https://www.dmc.gov.lk/images/dmcreports/Landslide_Warning_at_1930hrs_on_2024__1728313218.pdf,230
Landslide Warning,2024-10-07,09:30,English,warning,True,Sri Lanka Disaster Management Centre,https://www.dmc.gov.lk/images/dmcreports/Landslide_Warning_at_0930hrs_on_2024__1728276218.pdf,230
Landslide Early Warning,2024-08-22,16:00,English,early_warning,True,Sri Lanka Disaster Management Centre,https://www.dmc.gov.lk/images/dmcreports/Landslide_Warning_at_1600hrs_on_22__1724322996.pdf,230
Landslide Early Warning,2024-08-21,16:00,English,early_warning,True,Sri Lanka Disaster Management Centre,https://www.dmc.gov.lk/images/dmcreports/Landslide_Warning_at_1600hrs_on_20__1724236793.pdf,230
Landslide Warning,2024-08-20,16:00,English,warning,True,Sri Lanka Disaster Management Centre,https://www.dmc.gov.lk/images/dmcreports/Landslide_Warning_at_1600hrs_on_20__1724150631.pdf,230
Landslide Early Warning,2024-08-19,16:00,English,early_warning,True,Sri Lanka Disaster Management Centre,https://www.dmc.gov.lk/images/dmcreports/Landslide_Early_Warning_Report_at_1600hrs_on_19__1724064673.pdf,230
Landslide Warning,2024-08-18,16:00,English,warning,True,Sri Lanka Disaster Management Centre,https://www.dmc.gov.lk/images/dmcreports/LEWM_18-08-2024_16_00__1723979034.pdf,230
Landslide Early Warning,2024-08-17,20:00,English,early_warning,True,Sri Lanka Disaster Management Centre,https://www.dmc.gov.lk/images/dmcreports/LEWM_17-08-2024_20_00_(1)__1723907411.pdf,230
Landslide early warning,2024-08-17,16:00,English,early_warning,True,Sri Lanka Disaster Management Centre,https://www.dmc.gov.lk/images/dmcreports/Landslide_early_warning_at_1600hrs__1723892743.pdf,230
Landslide Early Warning,2024-08-17,05:30,English,early_warning,True,Sri Lanka Disaster Management Centre,https://www.dmc.gov.lk/images/dmcreports/LEWM_17-08-2024_05_00__1723853290.pdf,240
Landslide Early Warning,2024-08-16,19:30,English,early_warning,True,Sri Lanka Disaster Management Centre,https://www.dmc.gov.lk/images/dmcreports/Lanndslide_early_warning_at_1930hrs__1723819922.pdf,240
Landslide Early Warning,2024-07-17,16:00,English,early_warning,True,Sri Lanka Disaster Management Centre,https://www.dmc.gov.lk/images/dmcreports/Landslide_Warning_at_1600hrs_on_17__1721213186.pdf,240
Landslide Early Warning Report,2024-07-16,16:00,English,early_warning,True,Sri Lanka Disaster Management Centre,https://www.dmc.gov.lk/images/dmcreports/Landslide_Early_Warning_at_1600hrs_on_16__1721127640.pdf,240
Landslide Early Warning,2024-07-15,16:00,English,early_warning,True,Sri Lanka Disaster Management Centre,https://www.dmc.gov.lk/images/dmcreports/Landslide_early_warning_report_at_1600hrs__1721039776.pdf,240
Landslide Early Warning,2024-07-14,16:00,English,early_warning,True,Sri Lanka Disaster Management Centre,https://www.dmc.gov.lk/images/dmcreports/Landslide_Early_Warning_Report_at_1600hrs_on_2024__1720954161.pdf,240
Landslide Early Warning,2024-07-13,16:30,English,early_warning,True,Sri Lanka Disaster Management Centre,https://www.dmc.gov.lk/images/dmcreports/Landslide_Ew_Report_at_1630hrs_on_2024__1720869940.pdf,240
Landslide Warning,2024-07-08,16:00,English,warning,True,Sri Lanka Disaster Management Centre,https://www.dmc.gov.lk/images/dmcreports/Landslide_Early_Warning_Report_at_1600hrs_on_2024__1720435404.pdf,240
Landslide Early Warning,2024-07-07,16:30,English,early_warning,True,Sri Lanka Disaster Management Centre,https://www.dmc.gov.lk/images/dmcreports/Landslide_Early_Warning_Report_at_1600hrs_on_2024__1720350217.pdf,240
Landslide Early Warning Report,2024-07-06,16:00,English,early_warning,True,Sri Lanka Disaster Management Centre,https://www.dmc.gov.lk/images/dmcreports/Landslide_Early_Warning_Report_at_1600hrs_on_2024__1720263217.pdf,240
Landslide Early Warning,2024-07-05,21:00,English,early_warning,True,Sri Lanka Disaster Management Centre,https://www.dmc.gov.lk/images/dmcreports/Landslide_Early_Warning_Report_at_2100hrs_on_2024__1720195338.pdf,250
Landslide Early Warning,2024-06-26,16:00,English,early_warning,True,Sri Lanka Disaster Management Centre,https://www.dmc.gov.lk/images/dmcreports/Landslide_Early_Warning_Report_at_1600hrs_on_2024__1719398731.pdf,250
Landslide Early Warning,2024-06-25,16:00,English,early_warning,True,Sri Lanka Disaster Management Centre,https://www.dmc.gov.lk/images/dmcreports/LEWM_25-06-2024_16_00__1719318550.pdf,250
Landslide Early Warning Report,2024-06-10,16:00,English,early_warning,True,Sri Lanka Disaster Management Centre,https://www.dmc.gov.lk/images/dmcreports/Landslide_Early_Warning_Report_at_1600hrs_on_2024__1718016022.pdf,250
Landslide Early Warning,2024-06-09,16:00,English,early_warning,True,Sri Lanka Disaster Management Centre,https://www.dmc.gov.lk/images/dmcreports/Landslide_Early_Warning_Report_at_1600hrs_on_2024__1717929590.pdf,250
Landslide Early Warning Report,2024-06-08,16:00,English,early_warning,True,Sri Lanka Disaster Management Centre,https://www.dmc.gov.lk/images/dmcreports/Landslide_Early_Warning_Report_at_1600hrs_on_2024__1717843940.pdf,250
Landslide Early Warning Report,2024-06-06,16:00,English,early_warning,True,Sri Lanka Disaster Management Centre,https://www.dmc.gov.lk/images/dmcreports/Landslide_Early_Warning_Report_at_1600hrs_on_2024__1717670067.pdf,250
Landslide Early Warning Report,2024-06-05,16:00,English,early_warning,True,Sri Lanka Disaster Management Centre,https://www.dmc.gov.lk/images/dmcreports/Landslide_Early_Warning_Report_at_1600hrs_on_2024__1717585389.pdf,250
Landslide Early Warning Report,2024-06-04,16:00,English,early_warning,True,Sri Lanka Disaster Management Centre,https://www.dmc.gov.lk/images/dmcreports/Landslide_Early_Warning_Report_at_1600hrs_on_2024__1717497638.pdf,250
Landslide Early Warning Report,2024-06-03,16:00,English,early_warning,True,Sri Lanka Disaster Management Centre,https://www.dmc.gov.lk/images/dmcreports/Landslide_Early_Warning_Report_at_1600hrs_on_2024__1717412785.pdf,250
Landslide Early Warning Report,2024-06-02,16:00,English,early_warning,True,Sri Lanka Disaster Management Centre,https://www.dmc.gov.lk/images/dmcreports/Landslide_Early_Warning_Report_at_1600hrs_on_2024__1717325126.pdf,260
Landslide Early Warning Report,2024-06-02,07:00,English,early_warning,True,Sri Lanka Disaster Management Centre,https://www.dmc.gov.lk/images/dmcreports/Landslide_EW_Report_at_0700hrs_on_2024__1717294843.pdf,260
Landslide Early Warning,2024-06-02,04:00,English,early_warning,True,Sri Lanka Disaster Management Centre,https://www.dmc.gov.lk/images/dmcreports/LEWM_02-06-2024_04_00__1717282892.pdf,260
Landslide Warning,2024-06-01,18:30,English,warning,True,Sri Lanka Disaster Management Centre,https://www.dmc.gov.lk/images/dmcreports/Landslide_EW_Report_at_1830hrs_on_2024__1717250734.pdf,260
Landslide Early Warning,2024-06-01,16:00,English,early_warning,True,Sri Lanka Disaster Management Centre,https://www.dmc.gov.lk/images/dmcreports/Landslide_EW_Report_at_1600hrs_on_2024__1717239771.pdf,260
Landslide Early Warning,2024-06-01,08:00,English,early_warning,True,Sri Lanka Disaster Management Centre,https://www.dmc.gov.lk/images/dmcreports/Landslide_EW_Report_at_0800hrs_on_2024__1717210009.pdf,260
Landslide Early Warning,2024-05-31,17:00,English,early_warning,True,Sri Lanka Disaster Management Centre,https://www.dmc.gov.lk/images/dmcreports/Landslide_EW_Report_at_1600hrs_on_2024__1717153038.pdf,260
Landslide EW Report,2024-05-30,16:00,English,early_warning,True,Sri Lanka Disaster Management Centre,https://www.dmc.gov.lk/images/dmcreports/Landslide_EW_Report_at_1600hrs_on_2024__1717065176.pdf,260
Landslide Early Warning,2024-05-30,07:00,English,early_warning,True,Sri Lanka Disaster Management Centre,https://www.dmc.gov.lk/images/dmcreports/Landslide_EW_Report_at_0700hrs_on_2024__1717033856.pdf,260
Landslide Early Warning,2024-05-29,16:00,English,early_warning,True,Sri Lanka Disaster Management Centre,https://www.dmc.gov.lk/images/dmcreports/Landslide_EW_Report_at_1600hrs_on_2024__1716979767.pdf,260
Landslide early warning Report,2024-05-28,16:00,English,early_warning,True,Sri Lanka Disaster Management Centre,https://www.dmc.gov.lk/images/dmcreports/Landslide_EW_Report_at_1600hrs_on_2024__1716892236.pdf,270
Landslide early warning Report,2024-05-27,16:00,English,early_warning,True,Sri Lanka Disaster Management Centre,https://www.dmc.gov.lk/images/dmcreports/Landslide_EW_Report_at_1600hrs_on_2024__1716806133.pdf,270
Landslide Early Warning,2024-05-26,16:00,English,early_warning,True,Sri Lanka Disaster Management Centre,https://www.dmc.gov.lk/images/dmcreports/Landslide_EW_Report_at_1600hrs_on_2024__1716720783.pdf,270
Landslide Early Warning,2024-05-25,16:15,English,early_warning,True,Sri Lanka Disaster Management Centre,https://www.dmc.gov.lk/images/dmcreports/Landslide_EW_Report_at_1600hrs_on_2024__1716633957.pdf,270
Landslide Early Warning,2024-05-24,16:00,English,early_warning,True,Sri Lanka Disaster Management Centre,https://www.dmc.gov.lk/images/dmcreports/Landslide_EW_Report_at_1600hrs_on_2024__1716548647.pdf,270
Landslide Early Warning,2024-05-23,16:00,English,early_warning,True,Sri Lanka Disaster Management Centre,https://www.dmc.gov.lk/images/dmcreports/LEWM_23-05-2024_16_00_(1)__1716465033.pdf,270
Landslide Early Warning,2024-05-22,15:00,English,early_warning,True,Sri Lanka Disaster Management Centre,https://www.dmc.gov.lk/images/dmcreports/Landslide_EW_Report_at_1600hrs_on_2024__1716375288.pdf,270
Landslide Early Warning,2024-05-21,16:00,English,early_warning,True,Sri Lanka Disaster Management Centre,https://www.dmc.gov.lk/images/dmcreports/Landslide_EW_Report_at_1600hrs_on_2024__1716288514.pdf,270
Landslide Early Warning,2024-05-20,16:00,English,early_warning,True,Sri Lanka Disaster Management Centre,https://www.dmc.gov.lk/images/dmcreports/LEWM_20-05-2024_16_00_(1)__1716203350.pdf,270
Landslide Early Warning,2024-05-20,12:00,English,early_warning,True,Sri Lanka Disaster Management Centre,https://www.dmc.gov.lk/images/dmcreports/Landslide_EW_Report_at_1200hrs_on_2024__1716188417.pdf,270
Landslide Early Warning,2024-05-19,16:00,English,early_warning,True,Sri Lanka Disaster Management Centre,https://www.dmc.gov.lk/images/dmcreports/Landslide_EW_Report_at_1600hrs_on_2024__1716115479.pdf,280
Landslide Early Warning,2024-05-19,03:30,English,early_warning,True,Sri Lanka Disaster Management Centre,https://www.dmc.gov.lk/images/dmcreports/Landslide_warning_at_0330hrs__1716070107.pdf,280
Landslide Early Warning,2024-05-18,16:00,English,early_warning,True,Sri Lanka Disaster Management Centre,https://www.dmc.gov.lk/images/dmcreports/Landslide_Early_Warning_at_1600hrs_on_18__1716030528.pdf,280
Landslide Early Warning,2024-05-17,16:00,English,early_warning,True,Sri Lanka Disaster Management Centre,https://www.dmc.gov.lk/images/dmcreports/Landslide_Early_Warning_at_1600hrs_on_17__1715942569.pdf,280
Landslide Early Warning,2024-05-16,16:00,English,early_warning,True,Sri Lanka Disaster Management Centre,https://www.dmc.gov.lk/images/dmcreports/Landslide_Early_Warning_at_1600hrs_on_16__1715855822.pdf,280
Landslide Early Warning,2024-05-15,16:00,English,early_warning,True,Sri Lanka Disaster Management Centre,https://www.dmc.gov.lk/images/dmcreports/Landslide_Early_Warning_at_1600hrs_on_15__1715769584.pdf,280
Landslide Early Warning,2024-05-14,16:00,English,early_warning,True,Sri Lanka Disaster Management Centre,https://www.dmc.gov.lk/images/dmcreports/Landslide_Early_warning__1715684056.pdf,280
Landslide Early Warning,2024-05-13,16:15,English,early_warning,True,Sri Lanka Disaster Management Centre,https://www.dmc.gov.lk/images/dmcreports/Landslide_Early_Warning_at_16__1715597809.pdf,280
Landslide Early Warning,2024-05-12,15:00,English,early_warning,True,Sri Lanka Disaster Management Centre,https://www.dmc.gov.lk/images/dmcreports/Landslide_Early_Warning_at_1500hrs__1715506665.pdf,280
Landslide Early Warning,2024-04-01,19:30,English,early_warning,True,Sri Lanka Disaster Management Centre,https://www.dmc.gov.lk/images/dmcreports/Landslide_EW_Report_at_1930hrs_on_2024__1711981243.pdf,280
Landslide Early Warning,2024-02-02,16:00,English,early_warning,True,Sri Lanka Disaster Management Centre,https://www.dmc.gov.lk/images/dmcreports/Landslide_EW_Report_at_1600hrs_on_2024__1706870566.pdf,290
Landslide Early Warning,2024-02-01,16:30,English,early_warning,True,Sri Lanka Disaster Management Centre,https://www.dmc.gov.lk/images/dmcreports/Landslide_EW_Report_at_1600hrs_on_2024__1706786543.pdf,290
Landslide Early Warning,2024-01-31,20:00,English,early_warning,True,Sri Lanka Disaster Management Centre,https://www.dmc.gov.lk/images/dmcreports/Landslide_EW_Report_at_2000hrs_on_2024__1706714747.pdf,290
Landslide EW Report,2024-01-13,15:00,English,early_warning,True,Sri Lanka Disaster Management Centre,https://www.dmc.gov.lk/images/dmcreports/Landslide_EW_Report_at_1500hrs_on_2024__1705143857.pdf,290
Landslide Early Warning,2024-01-12,15:00,English,early_warning,True,Sri Lanka Disaster Management Centre,https://www.dmc.gov.lk/images/dmcreports/Landslide_EW_Report_at_1500hrs_on_2024__1705053875.pdf,290
Landslide Early Warning,2024-01-11,15:00,English,early_warning,True,Sri Lanka Disaster Management Centre,https://www.dmc.gov.lk/images/dmcreports/LEWM_11-01-2024_15_00__1704966903.pdf,290
Landslide Early Warning,2024-01-10,15:00,English,early_warning,True,Sri Lanka Disaster Management Centre,https://www.dmc.gov.lk/images/dmcreports/Landslide_EW_Report_at_1500hrs_on_2024__1704880606.pdf,290
Landslide Early Warning,2024-01-09,10:00,English,early_warning,True,Sri Lanka Disaster Management Centre,https://www.dmc.gov.lk/images/dmcreports/LEWM_09-01-2024_10_00__1704778241.pdf,290
Landslide EW Report,2024-01-05,15:30,English,early_warning,True,Sri Lanka Disaster Management Centre,https://www.dmc.gov.lk/images/dmcreports/Landslide_EW_Report_at_1530hrs_on_2024__1704450968.pdf,290
Landslide EW Report,2024-01-04,15:30,English,early_warning,True,Sri Lanka Disaster Management Centre,https://www.dmc.gov.lk/images/dmcreports/Landslide_EW_Report_at_1530hrs_on_2024__1704363149.pdf,290
Landslide Early Warning,2024-01-03,17:00,English,early_warning,True,Sri Lanka Disaster Management Centre,https://www.dmc.gov.lk/images/dmcreports/Landslide_EW_Report_at_1530hrs_on_2024__1704281487.pdf,300
Landslide EW Report,2024-01-02,15:30,English,early_warning,True,Sri Lanka Disaster Management Centre,https://www.dmc.gov.lk/images/dmcreports/Landslide_EW_Report_at_1530hrs_on_2024__1704191027.pdf,300
Landslide EW Report,2024-01-01,15:30,English,early_warning,True,Sri Lanka Disaster Management Centre,https://www.dmc.gov.lk/images/dmcreports/Landslide_EW_Report_at_1530hrs_on_2024__1704104655.pdf,300
Landslide Early Warning,2023-12-31,18:00,English,early_warning,True,Sri Lanka Disaster Management Centre,https://www.dmc.gov.lk/images/dmcreports/Landslide_EW_Report_at_1700hrs_on_2023__1704023757.pdf,300
Landslide EW Report,2023-12-31,14:30,English,early_warning,True,Sri Lanka Disaster Management Centre,https://www.dmc.gov.lk/images/dmcreports/Landslide_EW_Report_at_1430hrs_on_2023__1704014551.pdf,300
Landslide Early Warning,2023-12-30,14:30,English,early_warning,True,Sri Lanka Disaster Management Centre,https://www.dmc.gov.lk/images/dmcreports/LEWM_30-12-2023_14_30__1703928631.pdf,300
Landslide EW Report,2023-12-29,14:45,English,early_warning,True,Sri Lanka Disaster Management Centre,https://www.dmc.gov.lk/images/dmcreports/Landslide_EW_Report_at_1445hrs_on_2023__1703842449.pdf,300
Landslide Early Warning,2023-12-28,14:30,English,early_warning,True,Sri Lanka Disaster Management Centre,https://www.dmc.gov.lk/images/dmcreports/Landslide_EW_Report_at_1430hrs_on_2023__1703754754.pdf,300
Landslide Early Warning,2023-12-20,15:30,English,early_warning,True,Sri Lanka Disaster Management Centre,https://www.dmc.gov.lk/images/dmcreports/Landslide_EW_Report_at_1530hrs_on_2023__1703068014.pdf,300
Landslide  early warning,2023-12-19,16:00,English,early_warning,True,Sri Lanka Disaster Management Centre,https://www.dmc.gov.lk/images/dmcreports/Landslide_EW_Report_at_1600hrs_on_2023__1702982514.pdf,300
Landslide Early Warning,2023-12-18,15:30,English,early_warning,True,Sri Lanka Disaster Management Centre,https://www.dmc.gov.lk/images/dmcreports/Landslide_warning_at_1530hrs__1702895774.pdf,310
landslide Warning,2023-12-17,15:30,English,warning,True,Sri Lanka Disaster Management Centre,https://www.dmc.gov.lk/images/dmcreports/Landslide_early_warning_1530hrs_on_2023__1702807986.pdf,310
Landslide Warning,2023-12-16,15:30,English,warning,True,Sri Lanka Disaster Management Centre,https://www.dmc.gov.lk/images/dmcreports/Landslide_early_warning_1530hrs_on_2023__1702721461.pdf,310
Landslide Early Warning,2023-12-15,15:30,English,early_warning,True,Sri Lanka Disaster Management Centre,https://www.dmc.gov.lk/images/dmcreports/LEWM_15-12-2023_15_30__1702635149.pdf,310
Landslide Early Warning,2023-12-14,15:30,English,early_warning,True,Sri Lanka Disaster Management Centre,https://www.dmc.gov.lk/images/dmcreports/LEWM_14-12-2023_15_30__1702549045.pdf,310
Landslide Early Warning,2023-12-13,15:30,English,early_warning,True,Sri Lanka Disaster Management Centre,https://www.dmc.gov.lk/images/dmcreports/Landslide_early_warning_1530hrs_on_2023__1702461991.pdf,310
Landslide Early Warning,2023-12-12,16:00,English,early_warning,True,Sri Lanka Disaster Management Centre,https://www.dmc.gov.lk/images/dmcreports/LEWM_12-12-2023_15_30__1702376788.pdf,310
Landslide Early Warning,2023-12-11,16:00,English,early_warning,True,Sri Lanka Disaster Management Centre,https://www.dmc.gov.lk/images/dmcreports/LEWM_11-12-2023_15_30__1702291439.pdf,310
Landslide Early Warning,2023-12-10,15:30,English,early_warning,True,Sri Lanka Disaster Management Centre,https://www.dmc.gov.lk/images/dmcreports/Landslide_early_warning_1530hrs_on_2023__1702203688.pdf,310
Landslide early warning,2023-12-09,16:14,English,early_warning,True,Sri Lanka Disaster Management Centre,https://www.dmc.gov.lk/images/dmcreports/Landslide_early_warning_1600hrs_on_2023__1702119094.pdf,310
Landslide early warning,2023-12-08,15:48,English,early_warning,True,Sri Lanka Disaster Management Centre,https://www.dmc.gov.lk/images/dmcreports/Landslide_early_warning_1530hrs_on_2023__1702031104.pdf,320
Landslide Early Warning,2023-12-07,21:00,English,early_warning,True,Sri Lanka Disaster Management Centre,https://www.dmc.gov.lk/images/dmcreports/Landslide_EW_at_2100hrs__1701970770.pdf,320
Landslide Waining,2023-12-07,15:00,English,landslide_related,True,Sri Lanka Disaster Management Centre,https://www.dmc.gov.lk/images/dmcreports/LEWM_07-12-2023_15_00__1701942967.pdf,320
Landslide Early Warning,2023-12-06,15:30,English,early_warning,True,Sri Lanka Disaster Management Centre,https://www.dmc.gov.lk/images/dmcreports/LEWM_06-12-2023_15_00__1701856916.pdf,320
Landslide Early Warning,2023-12-05,14:00,English,early_warning,True,Sri Lanka Disaster Management Centre,https://www.dmc.gov.lk/images/dmcreports/LEWM_05-12-2023_13_00__1701765826.pdf,320
Landslide Early Warning,2023-12-04,13:30,English,early_warning,True,Sri Lanka Disaster Management Centre,https://www.dmc.gov.lk/images/dmcreports/Landslide_early_warning_1300hr__1701677734.pdf,320
Landslide Early Warning,2023-12-04,06:00,English,early_warning,True,Sri Lanka Disaster Management Centre,https://www.dmc.gov.lk/images/dmcreports/Landslide_EW_Report_at_0600hrs_on_2023__1701650959.pdf,320
Landslide Early Warning,2023-12-03,16:00,English,early_warning,True,Sri Lanka Disaster Management Centre,https://www.dmc.gov.lk/images/dmcreports/Landslide_Warning_1530hrs__1701600132.pdf,320
Landslide Early Warning,2023-12-02,15:30,English,early_warning,True,Sri Lanka Disaster Management Centre,https://www.dmc.gov.lk/images/dmcreports/Landslide_early_warning_1530hrs__1701513059.pdf,320
Landslide Early Warning,2023-12-01,15:45,English,early_warning,True,Sri Lanka Disaster Management Centre,https://www.dmc.gov.lk/images/dmcreports/Landslide_EW_Report_at_1545hrs_on_2023__1701426784.pdf,320
Landslide Early Warning,2023-11-30,16:00,English,early_warning,True,Sri Lanka Disaster Management Centre,https://www.dmc.gov.lk/images/dmcreports/LEWM_30-11-2023_15_30__1701340339.pdf,330
landslide Warning,2023-11-29,16:00,English,warning,True,Sri Lanka Disaster Management Centre,https://www.dmc.gov.lk/images/dmcreports/LEWM_29-11-2023_15_30__1701254031.pdf,330
Landslide Early Warning,2023-11-27,15:30,English,early_warning,True,Sri Lanka Disaster Management Centre,https://www.dmc.gov.lk/images/dmcreports/Landslide_EW_Report_at_1530hrs_on_2023__1701079892.pdf,330
Landslide Warning,2023-11-26,15:30,English,warning,True,Sri Lanka Disaster Management Centre,https://www.dmc.gov.lk/images/dmcreports/LEWM_26-11-2023_15_30__1700993162.pdf,330
Landslide Early Warning,2023-11-25,15:30,English,early_warning,True,Sri Lanka Disaster Management Centre,https://www.dmc.gov.lk/images/dmcreports/Landslide_EW_Report_at_1530hrs_on_2023__1700908149.pdf,330
Landslide EW Report,2023-11-24,15:30,English,early_warning,True,Sri Lanka Disaster Management Centre,https://www.dmc.gov.lk/images/dmcreports/Landslide_EW_Report_at_1530hrs_on_2023__1700821282.pdf,330
Landslide Early Warning,2023-11-23,15:30,English,early_warning,True,Sri Lanka Disaster Management Centre,https://www.dmc.gov.lk/images/dmcreports/Landslide_at_1530_hrs_on_2023__1700739608.pdf,330
Landslide Warning,2023-11-22,20:30,English,warning,True,Sri Lanka Disaster Management Centre,https://www.dmc.gov.lk/images/dmcreports/Landslide_EW_report_at_2000hrs_on_2023__1700668255.pdf,330
Landslide Early Warning,2023-11-22,19:30,English,early_warning,True,Sri Lanka Disaster Management Centre,https://www.dmc.gov.lk/images/dmcreports/Landslide_EW_report_at_1930hrs_on_2023__1700663793.pdf,330
Landslide Early Warning,2023-11-22,16:00,English,early_warning,True,Sri Lanka Disaster Management Centre,https://www.dmc.gov.lk/images/dmcreports/LEWM_22-11-2023_16_00__1700649477.pdf,330
Landslide warning,2023-11-21,20:00,English,warning,True,Sri Lanka Disaster Management Centre,https://www.dmc.gov.lk/images/dmcreports/Landslide_EW_Report_at_2000hrs_on_2023__1700581990.pdf,340
Landslide Early Warning,2023-11-21,15:00,English,early_warning,True,Sri Lanka Disaster Management Centre,https://www.dmc.gov.lk/images/dmcreports/Landslide_EW_Report_at_1500hrs_on_2023__1700561071.pdf,340
Landslide Early Warning,2023-11-20,17:00,English,early_warning,True,Sri Lanka Disaster Management Centre,https://www.dmc.gov.lk/images/dmcreports/Landslide_EW_Report_at_1700hrs_on_2023__1700480981.pdf,340
Landslide Early Warning,2023-11-19,17:30,English,early_warning,True,Sri Lanka Disaster Management Centre,https://www.dmc.gov.lk/images/dmcreports/Landslide_EW_Report_at_1730_hrs_on_2023__1700395211.pdf,340
Landslide Early Warning,2023-11-18,19:30,English,early_warning,True,Sri Lanka Disaster Management Centre,https://www.dmc.gov.lk/images/dmcreports/Landslide_EW_Report_at_1930hrs_on_2023__1700316863.pdf,340
Landslide Early Warning,2023-11-17,19:30,English,early_warning,True,Sri Lanka Disaster Management Centre,https://www.dmc.gov.lk/images/dmcreports/Landslide_EW_Report_at_1930hrs_on_2023__1700229804.pdf,340
Landslide Early Warning,2023-11-17,15:30,English,early_warning,True,Sri Lanka Disaster Management Centre,https://www.dmc.gov.lk/images/dmcreports/Landslide_EW_Report_at_1530hrs_on_2023__1700216679.pdf,340
Landslide Early Warning,2023-11-16,22:00,English,early_warning,True,Sri Lanka Disaster Management Centre,https://www.dmc.gov.lk/images/dmcreports/Landslide_EW_Report_at_2200hrs_on_2023__1700152354.pdf,340
Landslide Early Warning,2023-11-16,15:00,English,early_warning,True,Sri Lanka Disaster Management Centre,https://www.dmc.gov.lk/images/dmcreports/Landslide_EW_Report_at_1500hrs_on_2023__1700128053.pdf,340
Landslide Early Warning,2023-11-15,15:30,English,early_warning,True,Sri Lanka Disaster Management Centre,https://www.dmc.gov.lk/images/dmcreports/LEWM_15-11-2023_15_00__1700044847.pdf,340
Landslide Early Warning,2023-11-14,15:30,English,early_warning,True,Sri Lanka Disaster Management Centre,https://www.dmc.gov.lk/images/dmcreports/LEWM_14-11-2023_15_00__1699956227.pdf,350
Landslide Early Warning,2023-11-13,15:00,English,early_warning,True,Sri Lanka Disaster Management Centre,https://www.dmc.gov.lk/images/dmcreports/LEWM_13-11-2023_15_00__1699869259.pdf,350
Landslide Warning,2023-11-12,15:00,English,warning,True,Sri Lanka Disaster Management Centre,https://www.dmc.gov.lk/images/dmcreports/LEWM_12-11-2023_15_00__1699785121.pdf,350
Landslide Early Warning,2023-11-11,15:00,English,early_warning,True,Sri Lanka Disaster Management Centre,https://www.dmc.gov.lk/images/dmcreports/LEWM_11-11-2023_15_00__1699695629.pdf,350
Landslide Warning,2023-11-10,15:00,English,warning,True,Sri Lanka Disaster Management Centre,https://www.dmc.gov.lk/images/dmcreports/Landslide_early_warning_at_1500hrs___1699610712.pdf,350
Landslide Early Warning,2023-11-09,22:30,English,early_warning,True,Sri Lanka Disaster Management Centre,https://www.dmc.gov.lk/images/dmcreports/Landslide_early_warning_2230hrs__1699555779.pdf,350
Landslide Warning,2023-11-09,15:00,English,warning,True,Sri Lanka Disaster Management Centre,https://www.dmc.gov.lk/images/dmcreports/LEWM_09-11-2023_15_00__1699524979.pdf,350
Landslide Warning,2023-11-09,15:00,English,warning,True,Sri Lanka Disaster Management Centre,https://www.dmc.gov.lk/images/dmcreports/Landslide_early_warning_message_1500_hrs_on_2023__1699526744.pdf,350
Landslide Early Warning,2023-11-08,15:00,English,early_warning,True,Sri Lanka Disaster Management Centre,https://www.dmc.gov.lk/images/dmcreports/Landslide_early_warning_message_1500_hrs_on_2023__1699436745.pdf,350
Landslide Early Warning,2023-11-07,16:00,English,early_warning,True,Sri Lanka Disaster Management Centre,https://www.dmc.gov.lk/images/dmcreports/Landslide_early_warning_message_1600_hrs_on__1699354770.pdf,350
Landslide Early Warning,2023-11-06,15:30,English,early_warning,True,Sri Lanka Disaster Management Centre,https://www.dmc.gov.lk/images/dmcreports/LEWM_06-11-2023_15_00__1699264809.pdf,360
Landslide Early Warning,2023-11-05,15:00,English,early_warning,True,Sri Lanka Disaster Management Centre,https://www.dmc.gov.lk/images/dmcreports/Landslide_early_warning_message_1500_hrs_on_05-11-2023__1699179592.pdf,360
Landslide Early warning,2023-11-04,15:00,English,early_warning,True,Sri Lanka Disaster Management Centre,https://www.dmc.gov.lk/images/dmcreports/Landslide_early_warning_message_1500_hrs_on_04-11-2023__1699091309.pdf,360
Landslide Early Warning,2023-11-02,16:00,English,early_warning,True,Sri Lanka Disaster Management Centre,https://www.dmc.gov.lk/images/dmcreports/LEWM_02-11-2023_15_30__1698921768.pdf,360
Landslide Early Warning,2023-11-01,15:00,English,early_warning,True,Sri Lanka Disaster Management Centre,https://www.dmc.gov.lk/images/dmcreports/Landslide_EW_Report_at_1515hrs_on_2023__1698832089.pdf,360
Landslide Early Warning,2023-10-31,15:15,English,early_warning,True,Sri Lanka Disaster Management Centre,https://www.dmc.gov.lk/images/dmcreports/Landslide_EW_Report_at_1515hrs_on_2023__1698746184.pdf,360
Landslide Early Warning,2023-10-30,19:30,English,early_warning,True,Sri Lanka Disaster Management Centre,https://www.dmc.gov.lk/images/dmcreports/Landslide_EW_Report_at_1945hrs_on_2023__1698676106.pdf,360
Landslide Early Warning,2023-10-30,16:30,English,early_warning,True,Sri Lanka Disaster Management Centre,https://www.dmc.gov.lk/images/dmcreports/Landslide_EW_Report_at_1645hrs_on_2023__1698665315.pdf,360
Landslide Early Warning,2023-10-30,15:00,English,early_warning,True,Sri Lanka Disaster Management Centre,https://www.dmc.gov.lk/images/dmcreports/Lanslide_EW_Report_at_1500hrs_on_2023__1698659535.pdf,360
Landslide Early Warning,2023-10-29,21:45,English,early_warning,True,Sri Lanka Disaster Management Centre,https://www.dmc.gov.lk/images/dmcreports/Landslide_EW_Report_at_2145hrs_on_2023__1698597427.pdf,360
Landslide Early Warning,2023-10-29,15:00,English,early_warning,True,Sri Lanka Disaster Management Centre,https://www.dmc.gov.lk/images/dmcreports/LEWM_29-10-2023_15_00__1698573751.pdf,370
Landslide Early Warning,2023-10-28,15:00,English,early_warning,True,Sri Lanka Disaster Management Centre,https://www.dmc.gov.lk/images/dmcreports/Landslide_EW_Report_at_1500hrs_on_2023__1698485619.pdf,370
Landslide Early Warning,2023-10-27,15:00,English,early_warning,True,Sri Lanka Disaster Management Centre,https://www.dmc.gov.lk/images/dmcreports/LEWM_27-10-2023_15_00__1698401407.pdf,370
Landslide Early Warning,2023-10-26,15:00,English,early_warning,True,Sri Lanka Disaster Management Centre,https://www.dmc.gov.lk/images/dmcreports/Landslide_Warning_at_15__1698314704.pdf,370
Landslide Warning,2023-10-25,15:00,English,warning,True,Sri Lanka Disaster Management Centre,https://www.dmc.gov.lk/images/dmcreports/Landslide_Warning_at_15__1698226284.pdf,370
Landslide Warning,2023-10-24,15:00,English,warning,True,Sri Lanka Disaster Management Centre,https://www.dmc.gov.lk/images/dmcreports/Landslide_Warning_at_15__1698141360.pdf,370
Landslide Early Warning,2023-10-23,15:00,English,early_warning,True,Sri Lanka Disaster Management Centre,https://www.dmc.gov.lk/images/dmcreports/LEWM_23-10-2023_15_00__1698055443.pdf,370
Landslide Warning,2023-10-22,16:00,English,warning,True,Sri Lanka Disaster Management Centre,https://www.dmc.gov.lk/images/dmcreports/Landslide_EW_Report_at_1600hrs_on_22-10-2023__1697972779.pdf,370
Landslide Early Warning,2023-10-21,16:00,English,early_warning,True,Sri Lanka Disaster Management Centre,https://www.dmc.gov.lk/images/dmcreports/Landslide_EW_Report_at_1600hrs_on_21-10-2023__1697886037.pdf,370
Landslide Warning,2023-10-20,15:00,English,warning,True,Sri Lanka Disaster Management Centre,https://www.dmc.gov.lk/images/dmcreports/Landslide_EW_Report_at_1500hrs_on_20-10-2023_15_00__1697795176.pdf,370
Landslide Early Warning,2023-10-19,15:00,English,early_warning,True,Sri Lanka Disaster Management Centre,https://www.dmc.gov.lk/images/dmcreports/Landslide_EW_Report_at_1500hrs_on_2023__1697708570.pdf,380
Landslide Early Warning,2023-10-18,15:30,English,early_warning,True,Sri Lanka Disaster Management Centre,https://www.dmc.gov.lk/images/dmcreports/Landslide_EW_Report_at_1530hrs_on_2023__1697623364.pdf,380
Landslide Early Warning,2023-10-17,15:00,English,early_warning,True,Sri Lanka Disaster Management Centre,https://www.dmc.gov.lk/images/dmcreports/LEWM_17-10-2023_15_00__1697536706.pdf,380
Landslide Early Warning,2023-10-16,16:00,English,early_warning,True,Sri Lanka Disaster Management Centre,https://www.dmc.gov.lk/images/dmcreports/LEWM_16-10-2023_16_00__1697452960.pdf,380
Landslide Early Warning,2023-10-15,16:00,English,early_warning,True,Sri Lanka Disaster Management Centre,https://www.dmc.gov.lk/images/dmcreports/LEWM_15-10-2023_16_00__1697366073.pdf,380
Landslide Early Warning,2023-10-14,20:00,English,early_warning,True,Sri Lanka Disaster Management Centre,https://www.dmc.gov.lk/images/dmcreports/LEWM_14-10-2023_20_00__1697294102.pdf,380
Landslide Early Warning,2023-10-14,16:00,English,early_warning,True,Sri Lanka Disaster Management Centre,https://www.dmc.gov.lk/images/dmcreports/LEWM_14-10-2023_16_00__1697280265.pdf,380
Landslide Early Warning,2023-10-13,16:00,English,early_warning,True,Sri Lanka Disaster Management Centre,https://www.dmc.gov.lk/images/dmcreports/LEWM_13-10-2023_16_00__1697194151.pdf,380
Landslide Early Warning,2023-10-12,16:00,English,early_warning,True,Sri Lanka Disaster Management Centre,https://www.dmc.gov.lk/images/dmcreports/LEWM_12-10-2023_16_00__1697109674.pdf,380
Landslide Early Warning,2023-10-11,16:00,English,early_warning,True,Sri Lanka Disaster Management Centre,https://www.dmc.gov.lk/images/dmcreports/Landslide_early_warning_at_1600hrs__1697021288.pdf,380
Landslide Warning,2023-10-10,15:30,English,warning,True,Sri Lanka Disaster Management Centre,https://www.dmc.gov.lk/images/dmcreports/LEWM_10-10-2023_16_00__1696934103.pdf,390
Landslide warning,2023-10-09,16:00,English,warning,True,Sri Lanka Disaster Management Centre,https://www.dmc.gov.lk/images/dmcreports/Landslide_early_warning_report_at_1600hrs_on_2023__1696848373.pdf,390
Landslide Early Warning,2023-10-08,15:15,English,early_warning,True,Sri Lanka Disaster Management Centre,https://www.dmc.gov.lk/images/dmcreports/Landslide_EW_Report_at_1515hrs_on_2023__1696758648.pdf,390
Landslide Early Warning,2023-10-07,19:00,English,early_warning,True,Sri Lanka Disaster Management Centre,https://www.dmc.gov.lk/images/dmcreports/Landslide_EW_Report_at_1900hrs_on_2023__1696686940.pdf,390
Landslide Warning - Evacuation,2023-10-07,14:30,English,warning,True,Sri Lanka Disaster Management Centre,https://www.dmc.gov.lk/images/dmcreports/Landslide_EW_Report_at_1430hrs_on_2023__1696670829.pdf,390
Landslide Early Warning,2023-10-07,09:30,English,early_warning,True,Sri Lanka Disaster Management Centre,https://www.dmc.gov.lk/images/dmcreports/Landslide_EW_Report_at_0930hrs_on_2023__1696651791.pdf,390
Landslide EW Report (Red - Level 3),2023-10-06,20:30,English,early_warning,True,Sri Lanka Disaster Management Centre,https://www.dmc.gov.lk/images/dmcreports/Landslide_EW_Report_at_2115hrs_on_2023__1696607828.pdf,390
Landslide Early Warning report,2023-10-06,09:00,English,early_warning,True,Sri Lanka Disaster Management Centre,https://www.dmc.gov.lk/images/dmcreports/Landslide_Early_Warning_Report_at_0900hrs_on_2023__1696568877.pdf,390
Landslide Early Warning,2023-10-05,16:30,English,early_warning,True,Sri Lanka Disaster Management Centre,https://www.dmc.gov.lk/images/dmcreports/Landslide_early_warning_1630_hrs_on_05-10-2023__1696503394.pdf,390
Landslide Early Warning,2023-10-04,16:30,English,early_warning,True,Sri Lanka Disaster Management Centre,https://www.dmc.gov.lk/images/dmcreports/LEWM_04-10-2023_16_30__1696416720.pdf,390
Landslide Early Warning,2023-10-03,16:30,English,early_warning,True,Sri Lanka Disaster Management Centre,https://www.dmc.gov.lk/images/dmcreports/Landslide_early_warning1630_hrs_on_03-10-2023__1696330931.pdf,400
Landslide Early Warning,2023-10-02,16:30,English,early_warning,True,Sri Lanka Disaster Management Centre,https://www.dmc.gov.lk/images/dmcreports/LEWM_02-10-2023_17_00__1696246050.pdf,400
Landslide Early Warning,2023-10-01,17:00,English,early_warning,True,Sri Lanka Disaster Management Centre,https://www.dmc.gov.lk/images/dmcreports/LEWM_01-10-2023_17_00__1696161524.pdf,400
Landslide Early Warning,2023-10-01,10:00,English,early_warning,True,Sri Lanka Disaster Management Centre,https://www.dmc.gov.lk/images/dmcreports/LEWM_01-10-2023_10_00__1696135768.pdf,400
Landslide Early Warning,2023-09-30,10:15,English,early_warning,True,Sri Lanka Disaster Management Centre,https://www.dmc.gov.lk/images/dmcreports/Landslide_EW_Report_at_1000hrs_on_2023__1696049592.pdf,400
Landslide Early Warning,2023-09-29,12:45,English,early_warning,True,Sri Lanka Disaster Management Centre,https://www.dmc.gov.lk/images/dmcreports/Landslide_EW_Report_at_1245hrs_on_2023__1695971806.pdf,400
Landslide Early Warning,2023-09-28,13:00,English,early_warning,True,Sri Lanka Disaster Management Centre,https://www.dmc.gov.lk/images/dmcreports/Landslide_EW_Report_at_1300hrs_on_2023__1695886664.pdf,400
Landslide Early Warning,2023-09-28,06:30,English,early_warning,True,Sri Lanka Disaster Management Centre,https://www.dmc.gov.lk/images/dmcreports/LEWM_28-09-2023_06_00__1695863723.pdf,400
Landslide Early Warning,2023-09-19,22:30,English,early_warning,True,Sri Lanka Disaster Management Centre,https://www.dmc.gov.lk/images/dmcreports/LEWM_19-09-2023_22_30__1695156207.pdf,400
Landslide Early Warning,2023-09-19,21:00,English,early_warning,True,Sri Lanka Disaster Management Centre,https://www.dmc.gov.lk/images/dmcreports/Landslide_warning__1695139751.pdf,400
Landslide Early Warning,2023-09-18,13:30,English,early_warning,True,Sri Lanka Disaster Management Centre,https://www.dmc.gov.lk/images/dmcreports/LEWM_18-09-2023_13_00__1695025685.pdf,410
Landslide Early Warning,2023-09-14,16:00,English,early_warning,True,Sri Lanka Disaster Management Centre,https://www.dmc.gov.lk/images/dmcreports/LEWM_14-09-2023_16_00__1694688596.pdf,410
Linslade Warning,2023-09-13,16:00,English,other,False,Sri Lanka Disaster Management Centre,https://www.dmc.gov.lk/images/dmcreports/LEWM_13-09-2023_16_00__1694602005.pdf,410
Landslide Early Warning,2023-09-12,16:00,English,early_warning,True,Sri Lanka Disaster Management Centre,https://www.dmc.gov.lk/images/dmcreports/Landslide_EW_Report_at_1600hrs_on_2023__1694516084.pdf,410
Landslide Early Warning,2023-09-11,16:00,English,early_warning,True,Sri Lanka Disaster Management Centre,https://www.dmc.gov.lk/images/dmcreports/LEWM_11-09-2023_16_00__1694429451.pdf,410
Landslide Early Warning,2023-09-10,16:00,English,early_warning,True,Sri Lanka Disaster Management Centre,https://www.dmc.gov.lk/images/dmcreports/LEWM_10-09-2023_16_00__1694342935.pdf,410
Landslide Early Warning,2023-09-09,16:00,English,early_warning,True,Sri Lanka Disaster Management Centre,https://www.dmc.gov.lk/images/dmcreports/LEWM_09-09-2023_16_00__1694256445.pdf,410
Landslide Early Warning,2023-09-08,16:00,English,early_warning,True,Sri Lanka Disaster Management Centre,https://www.dmc.gov.lk/images/dmcreports/LEWM_08-09-2023_16_00__1694170944.pdf,410
Landslide Warning,2023-09-07,16:00,English,warning,True,Sri Lanka Disaster Management Centre,https://www.dmc.gov.lk/images/dmcreports/LEWM_07-09-2023_16_00__1694087205.pdf,410
Landslide Early Warning,2023-09-06,16:00,English,early_warning,True,Sri Lanka Disaster Management Centre,https://www.dmc.gov.lk/images/dmcreports/LEWM_06-09-2023_16_00__1693997683.pdf,410
Landslide Early Warning,2023-09-05,16:00,English,early_warning,True,Sri Lanka Disaster Management Centre,https://www.dmc.gov.lk/images/dmcreports/Landslide_early_warning_1600hrs__1693910915.pdf,420
Landslide Early Warning,2023-09-04,16:00,English,early_warning,True,Sri Lanka Disaster Management Centre,https://www.dmc.gov.lk/images/dmcreports/LEWM_04-09-2023_16_00__1693825214.pdf,420
Landslide Warnning,2023-09-03,22:30,English,landslide_related,True,Sri Lanka Disaster Management Centre,https://www.dmc.gov.lk/images/dmcreports/Landslide_Early_Warning_Report_at_2230hrs_on_2023__1693761991.pdf,420
Landslide Early Warnning,2023-09-03,10:30,English,landslide_related,True,Sri Lanka Disaster Management Centre,https://www.dmc.gov.lk/images/dmcreports/Landslide_Early_Warning_Report_at_1030hrs_on_2023__1693719367.pdf,420
Landslide Early Warning,2023-09-03,09:00,English,early_warning,True,Sri Lanka Disaster Management Centre,https://www.dmc.gov.lk/images/dmcreports/Landslide_Early_Warning_Report_at_0900hrs_on_2023__1693713540.pdf,420
Landslide Early Warning,2023-09-02,12:00,English,early_warning,True,Sri Lanka Disaster Management Centre,https://www.dmc.gov.lk/images/dmcreports/Landslide_Early_Warning_Report_at_1200hrs_on_2023__1693637412.pdf,420
Landslide Early Warning,2023-09-01,12:00,English,early_warning,True,Sri Lanka Disaster Management Centre,https://www.dmc.gov.lk/images/dmcreports/Landslide_Early_Warning_Report_at_1200hrs_on_2023__1693554720.pdf,420
Landslide Early Warning,2023-08-31,20:00,English,early_warning,True,Sri Lanka Disaster Management Centre,https://www.dmc.gov.lk/images/dmcreports/Landslide_Early_Warning_Report_at_2000hrs_on_2023__1693499065.pdf,420
Landslide Warning,2023-07-07,16:00,English,warning,True,Sri Lanka Disaster Management Centre,https://www.dmc.gov.lk/images/dmcreports/Landslide_early_warning_at_1600hrs_on_2023__1688729033.pdf,420
Landslide Warning,2023-07-06,16:00,English,warning,True,Sri Lanka Disaster Management Centre,https://www.dmc.gov.lk/images/dmcreports/Landslide_early_warning_at_1600hrs_on_2023__1688642429.pdf,420
Landslide Warning,2023-07-05,23:00,English,warning,True,Sri Lanka Disaster Management Centre,https://www.dmc.gov.lk/images/dmcreports/Landslide_early_warning_at_2300hrs_on_2023__1688579288.pdf,430
Landslide Warning,2023-07-05,11:30,English,warning,True,Sri Lanka Disaster Management Centre,https://www.dmc.gov.lk/images/dmcreports/Landslide_early_warning_at_1130hrs_on_2023__1688537600.pdf,430
Landslide Warning,2023-07-04,23:00,English,warning,True,Sri Lanka Disaster Management Centre,https://www.dmc.gov.lk/images/dmcreports/Landslide_early_warning_at_2300hrs_on_2023__1688497491.pdf,430
Landslide Warning,2023-07-03,07:30,English,warning,True,Sri Lanka Disaster Management Centre,https://www.dmc.gov.lk/images/dmcreports/LEWM_03-07-2023_07_00__1688350873.pdf,430
Landslide Waring,2023-06-14,16:00,English,landslide_related,True,Sri Lanka Disaster Management Centre,https://www.dmc.gov.lk/images/dmcreports/Landslide_Early_warning_Report_at_1615hrs_on_2023__1686739868.pdf,430
Landslide Early Warning,2023-06-13,16:15,English,early_warning,True,Sri Lanka Disaster Management Centre,https://www.dmc.gov.lk/images/dmcreports/Landslide_Early_warning_Report_at_1615hrs_on_2023__1686653998.pdf,430
Landslide Warning,2023-06-12,19:00,English,warning,True,Sri Lanka Disaster Management Centre,https://www.dmc.gov.lk/images/dmcreports/Landslide_early_warning_message_1900_hrs_on_2023__1686577896.pdf,430
Landslide Warning,2023-06-08,16:00,English,warning,True,Sri Lanka Disaster Management Centre,https://www.dmc.gov.lk/images/dmcreports/Landslide_early_warning_message_1600_hrs_on_2023__1686222901.pdf,430
Landslide Warning,2023-06-07,16:00,English,warning,True,Sri Lanka Disaster Management Centre,https://www.dmc.gov.lk/images/dmcreports/Landslide_early_warning_message_1600_hrs_on_2023__1686134426.pdf,430
Landslide Warning,2023-06-06,16:00,English,warning,True,Sri Lanka Disaster Management Centre,https://www.dmc.gov.lk/images/dmcreports/Landslide_early_warning_message_1600_hrs_on_2023__1686048172.pdf,430
Landslide Warning,2023-06-05,19:00,English,warning,True,Sri Lanka Disaster Management Centre,https://www.dmc.gov.lk/images/dmcreports/Landslide_EW_report_at_1900_hrs_on_2023__1685973236.pdf,440
Landslide Warning,2023-06-05,14:30,English,warning,True,Sri Lanka Disaster Management Centre,https://www.dmc.gov.lk/images/dmcreports/LEWM_05-06-2023_14_30__1685956772.pdf,440
Landslide Warning,2023-06-04,15:00,English,warning,True,Sri Lanka Disaster Management Centre,https://www.dmc.gov.lk/images/dmcreports/LEWM_04-06-2023_14_30__1685871264.pdf,440
Landslide Warning,2023-06-04,08:00,English,warning,True,Sri Lanka Disaster Management Centre,https://www.dmc.gov.lk/images/dmcreports/Landslide_Early_warning_Report_at_0800hrs_on_2023__1685846611.pdf,440
Landslide Warning,2023-06-02,16:00,English,warning,True,Sri Lanka Disaster Management Centre,https://www.dmc.gov.lk/images/dmcreports/Landslide_EW_report_at_1600_hrs_on_2023__1685703350.pdf,440
Landslide Warning,2023-06-02,01:00,English,warning,True,Sri Lanka Disaster Management Centre,https://www.dmc.gov.lk/images/dmcreports/Landslide_EW_report_at_0100_hrs_on_2023__1685649765.pdf,440
Landslide Warning,2023-06-01,23:30,English,warning,True,Sri Lanka Disaster Management Centre,https://www.dmc.gov.lk/images/dmcreports/Landslide_EW_report_at_2330_hrs_on_2023__1685643494.pdf,440
Landslide Warning,2023-06-01,19:30,English,warning,True,Sri Lanka Disaster Management Centre,https://www.dmc.gov.lk/images/dmcreports/Landslide_EW_report_at_1930_hrs_on_2023__1685629238.pdf,440
Landslide Warning,2023-05-22,09:00,English,warning,True,Sri Lanka Disaster Management Centre,https://www.dmc.gov.lk/images/dmcreports/LEWM_22-05-2023_08_00__1684726631.pdf,440
Landslide Warning,2023-05-21,08:00,English,warning,True,Sri Lanka Disaster Management Centre,https://www.dmc.gov.lk/images/dmcreports/LEWM_21-05-2023_08_00__1684638683.pdf,440
Landslide Warning,2023-05-15,14:00,English,warning,True,Sri Lanka Disaster Management Centre,https://www.dmc.gov.lk/images/dmcreports/LEWM_15-05-2023_13_30__1684142438.pdf,450
Landslide Warning,2023-05-14,13:30,English,warning,True,Sri Lanka Disaster Management Centre,https://www.dmc.gov.lk/images/dmcreports/Landslide_EW_report_at_1330_hrs_on_2023__1684053781.pdf,450
Landslide Warning,2023-05-13,18:30,English,warning,True,Sri Lanka Disaster Management Centre,https://www.dmc.gov.lk/images/dmcreports/Landslide_EW_report_at_1830_hrs_on_2023__1683985115.pdf,450
Landslide Warning,2023-05-12,18:30,English,warning,True,Sri Lanka Disaster Management Centre,https://www.dmc.gov.lk/images/dmcreports/LEWM_12-05-2023_18_30__1683897166.pdf,450
Landslide Warning,2023-05-11,18:30,English,warning,True,Sri Lanka Disaster Management Centre,https://www.dmc.gov.lk/images/dmcreports/Landslide_EW_report_at_1830_hrs_on_2023__1683814261.pdf,450
Landslide Warning,2023-05-11,16:00,English,warning,True,Sri Lanka Disaster Management Centre,https://www.dmc.gov.lk/images/dmcreports/Landslide_EW_report_at_1600_hrs_on_2023__1683801430.pdf,450
Landslide Warning,2023-05-11,09:30,English,warning,True,Sri Lanka Disaster Management Centre,https://www.dmc.gov.lk/images/dmcreports/Landslide_EW_report_at_0930_hrs_on_2023__1683778767.pdf,450
Landslide Warning,2023-05-10,09:30,English,warning,True,Sri Lanka Disaster Management Centre,https://www.dmc.gov.lk/images/dmcreports/Landslide_EW_report_at_0930_hrs_on_2023__1683695058.pdf,450
Landslide Warning,2023-05-09,09:30,English,warning,True,Sri Lanka Disaster Management Centre,https://www.dmc.gov.lk/images/dmcreports/Landslide_EW_report_at_0930_hrs_on_2023__1683609267.pdf,450
Landslide Warning,2023-05-08,09:00,English,warning,True,Sri Lanka Disaster Management Centre,https://www.dmc.gov.lk/images/dmcreports/Landslide_EW_report_at_0900_hrs_on_2023__1683518725.pdf,450
Landslide Warning,2023-05-07,09:00,English,warning,True,Sri Lanka Disaster Management Centre,https://www.dmc.gov.lk/images/dmcreports/Landslide_EW_report_at_0900_hrs_on_2023__1683432139.pdf,460
Landslide Warning,2023-05-06,16:00,English,warning,True,Sri Lanka Disaster Management Centre,https://www.dmc.gov.lk/images/dmcreports/Landslide_EW_report_at_1600_hrs_on_2023__1683385590.pdf,460
Landslide Warning,2023-05-06,00:30,English,warning,True,Sri Lanka Disaster Management Centre,https://www.dmc.gov.lk/images/dmcreports/Landslide_EW_report_at_0030_hrs_on_2023__1683315348.pdf,460
Landslide Warning,2023-05-05,00:30,English,warning,True,Sri Lanka Disaster Management Centre,https://www.dmc.gov.lk/images/dmcreports/Landslide_EW_report_at_0030_hrs_on_2023__1683227807.pdf,460
Landslide Warning,2023-05-04,22:00,English,warning,True,Sri Lanka Disaster Management Centre,https://www.dmc.gov.lk/images/dmcreports/Landslide_EW_report_at_2200_hrs_on_2023__1683220612.pdf,460
Landslide Warning,2023-05-04,20:00,English,warning,True,Sri Lanka Disaster Management Centre,https://www.dmc.gov.lk/images/dmcreports/Landslide_EW_report_at_2000_hrs_on_2023__1683213562.pdf,460
Landslide warnning,2023-05-04,16:00,English,landslide_related,True,Sri Lanka Disaster Management Centre,https://www.dmc.gov.lk/images/dmcreports/Landslide_EW_report_at_1600_hrs_on_2023__1683197781.pdf,460
Landslide Warning,2023-05-03,16:00,English,warning,True,Sri Lanka Disaster Management Centre,https://www.dmc.gov.lk/images/dmcreports/Landslide_EW_report_at_1600_hrs_on_2023__1683114070.pdf,460
Landslide Early Warning,2023-05-02,16:00,English,early_warning,True,Sri Lanka Disaster Management Centre,https://www.dmc.gov.lk/images/dmcreports/Land_Slide_EW_at_1600_hrs_on_2023__1683025322.pdf,460
Landslide Warning,2023-05-01,22:30,English,warning,True,Sri Lanka Disaster Management Centre,https://www.dmc.gov.lk/images/dmcreports/LEWM_01-05-2023_22_00__1682960560.pdf,460
Landslide Warning,2023-05-01,16:00,English,warning,True,Sri Lanka Disaster Management Centre,https://www.dmc.gov.lk/images/dmcreports/LEWM_01-05-2023_16_00__1682938756.pdf,470
Landslide Warning,2023-04-30,16:00,English,warning,True,Sri Lanka Disaster Management Centre,https://www.dmc.gov.lk/images/dmcreports/LEWM_30-04-2023_16_00__1682852370.pdf,470
Landslide Warning,2023-04-29,16:00,English,warning,True,Sri Lanka Disaster Management Centre,https://www.dmc.gov.lk/images/dmcreports/LEWM_29-04-2023_16_00__1682768692.pdf,470
Landslide Warning,2023-04-29,14:30,English,warning,True,Sri Lanka Disaster Management Centre,https://www.dmc.gov.lk/images/dmcreports/LEWM_29-04-2023_14_30__1682759806.pdf,470
Landslide Warning,2023-04-26,20:30,English,warning,True,Sri Lanka Disaster Management Centre,https://www.dmc.gov.lk/images/dmcreports/Landslide_early_warning_at_2000_hrs_on_2023__1682522023.pdf,470
Landslide Warning,2023-04-23,18:00,English,warning,True,Sri Lanka Disaster Management Centre,https://www.dmc.gov.lk/images/dmcreports/LEWM_23-04-2023_18_00__1682256277.pdf,470
Landslide Warning,2023-04-22,13:00,English,warning,True,Sri Lanka Disaster Management Centre,https://www.dmc.gov.lk/images/dmcreports/Landslide_early_warning_at_1300_hrs_on_2023__1682149305.pdf,470
Landslide Warning,2023-04-16,16:30,English,warning,True,Sri Lanka Disaster Management Centre,https://www.dmc.gov.lk/images/dmcreports/Landslide_early_warning_at_1630_hrs_on_2023__1681644756.pdf,470
Landslide Warning,2023-04-15,23:30,English,warning,True,Sri Lanka Disaster Management Centre,https://www.dmc.gov.lk/images/dmcreports/Landslide_early_warning_at_2300_hrs_on_2023__1681582437.pdf,470
Landslide Warning,2023-04-08,17:30,English,warning,True,Sri Lanka Disaster Management Centre,https://www.dmc.gov.lk/images/dmcreports/Landslide_early_warning_at_1730_hrs_on_2023__1680956144.pdf,470
Landslide Warning,2023-04-08,16:30,English,warning,True,Sri Lanka Disaster Management Centre,https://www.dmc.gov.lk/images/dmcreports/Landslide_early_warning_at_1630_hrs_on_2023__1680955544.pdf,480
Landslide Warning,2023-04-04,17:20,English,warning,True,Sri Lanka Disaster Management Centre,https://www.dmc.gov.lk/images/dmcreports/LEWM_04-04-2023_17_00__1680609160.pdf,480
Landslide Warning,2023-04-02,18:00,English,warning,True,Sri Lanka Disaster Management Centre,https://www.dmc.gov.lk/images/dmcreports/Landslide_early_warning__1680452877.pdf,480
Landslide Warning,2023-03-25,00:00,English,warning,True,Sri Lanka Disaster Management Centre,https://www.dmc.gov.lk/images/dmcreports/LEWM_24-03-2023_00_00__1679692168.pdf,480
Landslide Warning,2023-03-23,17:00,English,warning,True,Sri Lanka Disaster Management Centre,https://www.dmc.gov.lk/images/dmcreports/LEWM_23-03-2023_16_30__1679572696.pdf,480
Landslide Warning,2023-03-23,16:00,English,warning,True,Sri Lanka Disaster Management Centre,https://www.dmc.gov.lk/images/dmcreports/LEWM_23-03-2023_15_30__1679569028.pdf,480
Landslide Warning,2023-03-20,08:45,English,warning,True,Sri Lanka Disaster Management Centre,https://www.dmc.gov.lk/images/dmcreports/LEWM_20-03-2023_08_30__1679282206.pdf,480
Landslide Warning,2023-03-20,00:32,English,warning,True,Sri Lanka Disaster Management Centre,https://www.dmc.gov.lk/images/dmcreports/Lanslide_early_warning__1679253632.pdf,480
Landslide Warning,2023-03-19,21:45,English,warning,True,Sri Lanka Disaster Management Centre,https://www.dmc.gov.lk/images/dmcreports/Early_Warning_message__1679243286.pdf,480
Landslide Warning,2023-03-18,18:00,English,warning,True,Sri Lanka Disaster Management Centre,https://www.dmc.gov.lk/images/dmcreports/Landslide_early_warning_report__1679149054.pdf,480
Landslide Warning,2023-03-16,19:30,English,warning,True,Sri Lanka Disaster Management Centre,https://www.dmc.gov.lk/images/dmcreports/Landslide_warning_16-03-2023_19_00__1678976518.pdf,490
Landslide Warning,2023-03-16,19:30,English,warning,True,Sri Lanka Disaster Management Centre,https://www.dmc.gov.lk/images/dmcreports/Landslide_warning_16-03-2023_19_00__1678976558.pdf,490
Landslide Warning,2022-12-26,21:00,English,warning,True,Sri Lanka Disaster Management Centre,https://www.dmc.gov.lk/images/dmcreports/NBRO_Landslide__warning_2100hrs_on_2022__1672071231.pdf,490
Landslide Warning,2022-12-25,09:00,English,warning,True,Sri Lanka Disaster Management Centre,https://www.dmc.gov.lk/images/dmcreports/NBRO_Landslide__warning_0900hrs_on_2022__1671940769.pdf,490
Landslide Warning,2022-12-19,12:00,English,warning,True,Sri Lanka Disaster Management Centre,https://www.dmc.gov.lk/images/dmcreports/LEWM_19-12-2022_12_00__1671432327.pdf,490
Landslide Warning,2022-12-19,09:00,English,warning,True,Sri Lanka Disaster Management Centre,https://www.dmc.gov.lk/images/dmcreports/LEWM_19-12-2022_09_00__1671421279.pdf,490
Landslide Warning,2022-12-04,19:00,English,warning,True,Sri Lanka Disaster Management Centre,https://www.dmc.gov.lk/images/dmcreports/LEWM_04-12-2022_19_00__1670162648.pdf,490
Landslide Warning,2022-12-03,19:00,English,warning,True,Sri Lanka Disaster Management Centre,https://www.dmc.gov.lk/images/dmcreports/LEWM_03-12-2022_19_00__1670075022.pdf,490
Landslide Warning,2022-12-03,18:00,English,warning,True,Sri Lanka Disaster Management Centre,https://www.dmc.gov.lk/images/dmcreports/LEWM_03-12-2022_18_00__1670074597.pdf,490
Landslide Warning,2022-11-27,18:00,English,warning,True,Sri Lanka Disaster Management Centre,https://www.dmc.gov.lk/images/dmcreports/Landslide_Early_warning_Report_at_1730hrs_on_2022__1669553504.pdf,490
Landslide Warning,2022-11-14,19:30,English,warning,True,Sri Lanka Disaster Management Centre,https://www.dmc.gov.lk/images/dmcreports/Landslide_Early_warning_Report_at_1930hrs_on_2022__1668435426.pdf,500
Landslide Warning,2022-11-13,21:30,English,warning,True,Sri Lanka Disaster Management Centre,https://www.dmc.gov.lk/images/dmcreports/Landslide_Early_warning_Report_at_2100hrs_on_2022__1668355573.pdf,500
Landslide Warning,2022-11-11,19:00,English,warning,True,Sri Lanka Disaster Management Centre,https://www.dmc.gov.lk/images/dmcreports/Landslide_Early_warning_Report_at_1900hrs_on_2022__1668175247.pdf,500
Landslide Warning,2022-11-10,19:00,English,warning,True,Sri Lanka Disaster Management Centre,https://www.dmc.gov.lk/images/dmcreports/Landslide_Early_warning_Report_at_1900hrs_on_2022__1668088781.pdf,500
Landslide Warning,2022-11-08,15:30,English,warning,True,Sri Lanka Disaster Management Centre,https://www.dmc.gov.lk/images/dmcreports/Landslide_Early_Warning_Report_at_1530hrs_on_2022__1667901900.pdf,500
Landslide Warning,2022-11-07,22:00,English,warning,True,Sri Lanka Disaster Management Centre,https://www.dmc.gov.lk/images/dmcreports/Landslide_Early_Warning_report_at_2200_hrs_on_2022__1667841082.pdf,500
Landslide Warning,2022-11-07,16:00,English,warning,True,Sri Lanka Disaster Management Centre,https://www.dmc.gov.lk/images/dmcreports/Landslide_Early_Warning_report_at_1600_hrs_on_2022__1667817366.pdf,500
Landslide Warning,2022-11-06,16:00,English,warning,True,Sri Lanka Disaster Management Centre,https://www.dmc.gov.lk/images/dmcreports/Landslide_Early_Warning_report_at_1600_hrs_on_2022__1667732369.pdf,500
Landslide Warning,2022-11-05,18:30,English,warning,True,Sri Lanka Disaster Management Centre,https://www.dmc.gov.lk/images/dmcreports/Landslide_Early_Warning_report_at_1830_hrs_on_2022__1667655583.pdf,500
Landslide Warning,2022-11-05,16:30,English,warning,True,Sri Lanka Disaster Management Centre,https://www.dmc.gov.lk/images/dmcreports/Landslide_Early_Warning_report_at_1630_hrs_on_2022__1667653049.pdf,500
Landslide Early Warning,2022-11-05,15:00,English,early_warning,True,Sri Lanka Disaster Management Centre,https://www.dmc.gov.lk/images/dmcreports/Landslide_Early_Warning_report_at_1500_hrs_on_2022__1667641621.pdf,510
Landslide Warning,2022-11-04,22:00,English,warning,True,Sri Lanka Disaster Management Centre,https://www.dmc.gov.lk/images/dmcreports/Landslide_Early_warning_Report_at_2200hrson_2022__1667580993.pdf,510
landslide Early Warning,2022-11-04,20:30,English,early_warning,True,Sri Lanka Disaster Management Centre,https://www.dmc.gov.lk/images/dmcreports/Landslide_Early_warning_Report_at_2030hrson_2022__1667575308.pdf,510
Landslide Warning,2022-11-03,15:00,English,warning,True,Sri Lanka Disaster Management Centre,https://www.dmc.gov.lk/images/dmcreports/Landslide_Early_warning_Report_at_1500hrson_2022__1667473234.pdf,510
Landslide Warning,2022-11-02,15:00,English,warning,True,Sri Lanka Disaster Management Centre,https://www.dmc.gov.lk/images/dmcreports/Landslide_Early_warning_Report_at_1500hrson_2022__1667382377.pdf,510
Landslide Warning,2022-11-01,14:45,English,warning,True,Sri Lanka Disaster Management Centre,https://www.dmc.gov.lk/images/dmcreports/Landslide_Early_Warning_Report_at_1445hrs_on_2022__1667294220.pdf,510
Landslide Warning,2022-10-31,19:00,English,warning,True,Sri Lanka Disaster Management Centre,https://www.dmc.gov.lk/images/dmcreports/Landslide_Early_Warning_Report_at_1900hrs_on_2022__1667223541.pdf,510
Landslide Warning,2022-10-30,19:00,English,warning,True,Sri Lanka Disaster Management Centre,https://www.dmc.gov.lk/images/dmcreports/Landslide_Early_Warning_Report_at_1900hrs_on_2022__1667137428.pdf,510
landslide Early Warning,2022-10-26,15:00,English,early_warning,True,Sri Lanka Disaster Management Centre,https://www.dmc.gov.lk/images/dmcreports/Landslide_Early_Warning_at_1600hrs_on_2022__1666778801.pdf,510
Landslide Warning,2022-10-25,16:00,English,warning,True,Sri Lanka Disaster Management Centre,https://www.dmc.gov.lk/images/dmcreports/Landslide_Early_Warning_at_1600hrs_on_2022__1666694187.pdf,510
landslide Early Warning,2022-10-24,18:00,English,early_warning,True,Sri Lanka Disaster Management Centre,https://www.dmc.gov.lk/images/dmcreports/Landslide_Early_Warning_at_1800hrs_on_2022__1666618763.pdf,520
Landslide Warning,2022-10-24,15:00,English,warning,True,Sri Lanka Disaster Management Centre,https://www.dmc.gov.lk/images/dmcreports/Landslide_Early_Warning_at_1500hrs_on_2022__1666605618.pdf,520
Landslide Warning,2022-10-23,15:00,English,warning,True,Sri Lanka Disaster Management Centre,https://www.dmc.gov.lk/images/dmcreports/Landslide_early_warning__at_1500hrs__1666520507.pdf,520
Landslide Warning,2022-10-22,15:30,English,warning,True,Sri Lanka Disaster Management Centre,https://www.dmc.gov.lk/images/dmcreports/LEWM_22-10-2022_15_00__1666433135.pdf,520
Landslide Warning,2022-10-21,15:30,English,warning,True,Sri Lanka Disaster Management Centre,https://www.dmc.gov.lk/images/dmcreports/Landslide_early_warnings_at_1500hrs__1666346660.pdf,520
Landslide Warning,2022-10-20,15:30,English,warning,True,Sri Lanka Disaster Management Centre,https://www.dmc.gov.lk/images/dmcreports/Landslide_Early_Warning_1500hrs__1666261824.pdf,520
Landslide Warning,2022-10-19,15:30,English,warning,True,Sri Lanka Disaster Management Centre,https://www.dmc.gov.lk/images/dmcreports/Landslide_Early_warning_Report_at_1515hrs_on_2022__1666173762.pdf,520
Landslide Warning,2022-10-18,16:00,English,warning,True,Sri Lanka Disaster Management Centre,https://www.dmc.gov.lk/images/dmcreports/Landslide_Early_warning_Report_at_1600hrs_on_2022__1666090541.pdf,520
Landslide Warning,2022-10-17,16:00,English,warning,True,Sri Lanka Disaster Management Centre,https://www.dmc.gov.lk/images/dmcreports/Landslide_Early_warning_Report_at_1600hrs_on_2022__1666003319.pdf,520
Landslide Warning,2022-10-16,16:00,English,warning,True,Sri Lanka Disaster Management Centre,https://www.dmc.gov.lk/images/dmcreports/Landslide_Early_warning_Report_at_1600hrs_on_2022__1665917047.pdf,520
Landslide Warning,2022-10-15,16:00,English,warning,True,Sri Lanka Disaster Management Centre,https://www.dmc.gov.lk/images/dmcreports/Landslide_Early_Warning_at_1600_hrs_on_2022__1665830287.pdf,530
landslide Early Warning,2022-10-14,16:00,English,early_warning,True,Sri Lanka Disaster Management Centre,https://www.dmc.gov.lk/images/dmcreports/Landslide_Early_Warning_at_1600_hrs_on_2022__1665744789.pdf,530
Landslide Warning,2022-10-14,10:30,English,warning,True,Sri Lanka Disaster Management Centre,https://www.dmc.gov.lk/images/dmcreports/Landslide_Early_Warning_at_1030_hrs_on_2022__1665726678.pdf,530
Landslide Alert,2022-10-13,18:30,English,landslide_related,True,Sri Lanka Disaster Management Centre,https://www.dmc.gov.lk/images/dmcreports/Landslide_Early_Warning_at_1830_hrs_on_2022__1665666713.pdf,530
Landslide Warning,2022-10-13,15:30,English,warning,True,Sri Lanka Disaster Management Centre,https://www.dmc.gov.lk/images/dmcreports/Landslide_Early_Warning_at_1530_hrs_on_2022__1665655664.pdf,530
Landslide Warning,2022-10-03,21:00,English,warning,True,Sri Lanka Disaster Management Centre,https://www.dmc.gov.lk/images/dmcreports/LEWM_03-10-2022_21_00__1664839447.pdf,530
Landslide Warning,2022-10-03,14:00,English,warning,True,Sri Lanka Disaster Management Centre,https://www.dmc.gov.lk/images/dmcreports/LEWM_03-10-2022_14_00__1664788077.pdf,530
landslide Early Warning,2022-09-07,15:30,English,early_warning,True,Sri Lanka Disaster Management Centre,https://www.dmc.gov.lk/images/dmcreports/Landslide_Early_Warning_report_at_1530_hrs_on_2022__1662546052.pdf,530
Landslide Warning,2022-09-06,15:00,English,warning,True,Sri Lanka Disaster Management Centre,https://www.dmc.gov.lk/images/dmcreports/LEWM_06-09-2022_15_30__1662460961.pdf,530
Landslide Early Warning,2022-09-05,20:30,English,early_warning,True,Sri Lanka Disaster Management Centre,https://www.dmc.gov.lk/images/dmcreports/LEWM_05-09-2022_20_30_(1)__1662391277.pdf,530
Landslide Warning,2022-09-05,16:00,English,warning,True,Sri Lanka Disaster Management Centre,https://www.dmc.gov.lk/images/dmcreports/LEWM_05-09-2022_16_00__1662375107.pdf,540
Landslide Warning,2022-09-03,15:00,English,warning,True,Sri Lanka Disaster Management Centre,https://www.dmc.gov.lk/images/dmcreports/Landslide_Early_Warning_Report_at_1500hrs_on_2022__1662197456.pdf,540
Landslide Warning,2022-09-02,15:00,English,warning,True,Sri Lanka Disaster Management Centre,https://www.dmc.gov.lk/images/dmcreports/Landslide_Eearly_Warning_Report_at_1500hrs_on_2022__1662112099.pdf,540
Landslide Warning,2022-09-01,15:00,English,warning,True,Sri Lanka Disaster Management Centre,https://www.dmc.gov.lk/images/dmcreports/LEWM_01-09-2022_15_00__1662026890.pdf,540
landslide Early Warning,2022-09-01,08:30,English,early_warning,True,Sri Lanka Disaster Management Centre,https://www.dmc.gov.lk/images/dmcreports/LEWM_01-09-2022_08_30__1662002698.pdf,540
Landslide Warning,2022-08-31,19:30,English,warning,True,Sri Lanka Disaster Management Centre,https://www.dmc.gov.lk/images/dmcreports/LEWM_31-08-2022_19_30__1661955249.pdf,540
Landslide Warning,2022-08-30,20:30,English,warning,True,Sri Lanka Disaster Management Centre,https://www.dmc.gov.lk/images/dmcreports/LEWM_30-08-2022_20_30__1661872401.pdf,540
Landslide Warning,2022-08-27,16:00,English,warning,True,Sri Lanka Disaster Management Centre,https://www.dmc.gov.lk/images/dmcreports/LEWM_27-08-2022_16_00__1661596535.pdf,540
Landslide Warning,2022-08-26,23:30,English,warning,True,Sri Lanka Disaster Management Centre,https://www.dmc.gov.lk/images/dmcreports/LEWM_26-08-2022_23_00__1661537694.pdf,540
Landslide Warning,2022-08-08,15:00,English,warning,True,Sri Lanka Disaster Management Centre,https://www.dmc.gov.lk/images/dmcreports/LEWM_08-08-2022_15_00__1659956367.pdf,540
Landslide Warning,2022-08-07,15:00,English,warning,True,Sri Lanka Disaster Management Centre,https://www.dmc.gov.lk/images/dmcreports/LEWM_07-08-2022_15_00__1659865191.pdf,550
Water Level,2022-08-06,15:00,English,other,False,Sri Lanka Disaster Management Centre,https://www.dmc.gov.lk/images/dmcreports/LEWM_06-08-2022_15_00__1659780047.pdf,550
Landslide Warning,2022-08-05,15:00,English,warning,True,Sri Lanka Disaster Management Centre,https://www.dmc.gov.lk/images/dmcreports/Water_level_&_Rainfall_2022__1659694477.pdf,550
Landslide Warning,2022-08-04,15:00,English,warning,True,Sri Lanka Disaster Management Centre,https://www.dmc.gov.lk/images/dmcreports/LEWM_04-08-2022_15_00__1659609327.pdf,550
Landslide Warning,2022-08-03,15:00,English,warning,True,Sri Lanka Disaster Management Centre,https://www.dmc.gov.lk/images/dmcreports/LEWM_03-08-2022_15_00__1659519886.pdf,550
Landslide Warning,2022-08-02,19:30,English,warning,True,Sri Lanka Disaster Management Centre,https://www.dmc.gov.lk/images/dmcreports/LEWM_02-08-2022_19_30__1659450134.pdf,550
Landslide Warning,2022-08-02,15:00,English,warning,True,Sri Lanka Disaster Management Centre,https://www.dmc.gov.lk/images/dmcreports/LEWM_02-08-2022_15_00__1659433396.pdf,550
Landslide Warning,2022-08-01,15:00,English,warning,True,Sri Lanka Disaster Management Centre,https://www.dmc.gov.lk/images/dmcreports/LEWM_01-08-2022_15_00__1659348247.pdf,550
Landslide Warning,2022-08-01,11:00,English,warning,True,Sri Lanka Disaster Management Centre,https://www.dmc.gov.lk/images/dmcreports/Landslide_Warning__1659333678.pdf,550
Landslide Warning,2022-06-04,15:00,English,warning,True,Sri Lanka Disaster Management Centre,https://www.dmc.gov.lk/images/dmcreports/LEWM_04-06-2022_15_00__1654337318.pdf,550
Landslide Warning,2022-06-01,15:30,English,warning,True,Sri Lanka Disaster Management Centre,https://www.dmc.gov.lk/images/dmcreports/Landslide_Early_warning_1500hrs__1654078509.pdf,560
Landslide Warning,2022-05-31,16:30,English,warning,True,Sri Lanka Disaster Management Centre,https://www.dmc.gov.lk/images/dmcreports/LEWM_31-05-2022_16_30__1653995059.pdf,560
Landslide Warning,2022-05-31,11:00,English,warning,True,Sri Lanka Disaster Management Centre,https://www.dmc.gov.lk/images/dmcreports/LEWM_31-05-2022_10_30__1653976310.pdf,560
Landslide Warning,2022-05-20,16:00,English,warning,True,Sri Lanka Disaster Management Centre,https://www.dmc.gov.lk/images/dmcreports/LEWM_20-05-2022_16_00__1653043980.pdf,560
Landslide Warning,2022-05-19,16:00,English,warning,True,Sri Lanka Disaster Management Centre,https://www.dmc.gov.lk/images/dmcreports/Landslide_Early_warning_Report_at_1600_hrs_on_2022__1652957787.pdf,560
Landslide Warning,2022-05-18,16:00,English,warning,True,Sri Lanka Disaster Management Centre,https://www.dmc.gov.lk/images/dmcreports/Landslide_Early_warning_Report_at_1600_hrs_on_2022__1652870610.pdf,560
Landslide Warning,2022-05-17,16:00,English,warning,True,Sri Lanka Disaster Management Centre,https://www.dmc.gov.lk/images/dmcreports/LEWM_17-05-2022_16_00__1652783821.pdf,560
Landslide Warning,2022-05-16,17:00,English,warning,True,Sri Lanka Disaster Management Centre,https://www.dmc.gov.lk/images/dmcreports/LEWM_16-05-2022_17_00__1652703235.pdf,560
Landslide Warning,2022-05-15,18:00,English,warning,True,Sri Lanka Disaster Management Centre,https://www.dmc.gov.lk/images/dmcreports/Landslide_Early_warning_Report_at_1800hrs_on_2022__1652618464.pdf,560
Landslide Warning,2022-05-14,21:30,English,warning,True,Sri Lanka Disaster Management Centre,https://www.dmc.gov.lk/images/dmcreports/Landslide_Early_Warning_Report_at_2130hrs_on_2022__1652471639.pdf,560
Landslide Warning,2022-05-14,19:30,English,warning,True,Sri Lanka Disaster Management Centre,https://www.dmc.gov.lk/images/dmcreports/Landslide_Early_Warning_Report_at_1930hrs_on_2022__1652539178.pdf,570
Landslide Warning,2022-05-14,16:30,English,warning,True,Sri Lanka Disaster Management Centre,https://www.dmc.gov.lk/images/dmcreports/Landslide_Early_Warning_Report_at_1630hrs_on_2022__1652528461.pdf,570
Landslide Warning,2022-05-13,19:30,English,warning,True,Sri Lanka Disaster Management Centre,https://www.dmc.gov.lk/images/dmcreports/Landslide_Early_Warning_Report_at_1930hrs_on_2022__1652451444.pdf,570
Landslide Warning,2022-05-13,13:30,English,warning,True,Sri Lanka Disaster Management Centre,https://www.dmc.gov.lk/images/dmcreports/Landslide_Early_Warning_Report_at_1330hrs_on_2022__1652429355.pdf,570
Landslide Warning,2022-05-12,16:00,English,warning,True,Sri Lanka Disaster Management Centre,https://www.dmc.gov.lk/images/dmcreports/Landslide_Early_Warning_Report_at_1600hrs_on_2022__1652353542.pdf,570
Landslide Warning,2022-05-11,08:00,English,warning,True,Sri Lanka Disaster Management Centre,https://www.dmc.gov.lk/images/dmcreports/Landslide_Early_Warning_Report_at_0800hrs_on_2022__1652238515.pdf,570
Landslide Warning,2022-05-10,19:00,English,warning,True,Sri Lanka Disaster Management Centre,https://www.dmc.gov.lk/images/dmcreports/Landslide_Early_warning_Report_at_1900_hrs_on_2022__1652192574.pdf,570
Landslide Warning,2022-04-11,13:00,English,warning,True,Sri Lanka Disaster Management Centre,https://www.dmc.gov.lk/images/dmcreports/Landslide_Early_warning_Report_at_1300_hrs_on_2022__1649663713.pdf,570
Landslide Warning,2022-04-10,13:30,English,warning,True,Sri Lanka Disaster Management Centre,https://www.dmc.gov.lk/images/dmcreports/Landslide_Early_warning_Report_at_1330hrs_on_2022__1649577789.pdf,570
Landslide Warning,2021-11-30,16:00,English,warning,True,Sri Lanka Disaster Management Centre,https://www.dmc.gov.lk/images/dmcreports/LEWM_30-11-2021_16_00__1638270019.pdf,570
Landslide Warning,2021-11-29,16:00,English,warning,True,Sri Lanka Disaster Management Centre,https://www.dmc.gov.lk/images/dmcreports/LEWM_29-11-2021_16_00__1638182537.pdf,580
Landslide Warning,2021-11-28,20:00,English,warning,True,Sri Lanka Disaster Management Centre,https://www.dmc.gov.lk/images/dmcreports/Landslide_Early_warning_at_2030hrs_on_2021__1638111846.pdf,580
Landslide Warning,2021-11-27,23:30,English,warning,True,Sri Lanka Disaster Management Centre,https://www.dmc.gov.lk/images/dmcreports/LEWM_26-11-2021_23_00__1637952840.pdf,580
Landslide Warning,2021-11-27,20:30,English,warning,True,Sri Lanka Disaster Management Centre,https://www.dmc.gov.lk/images/dmcreports/Landslide_early_warning_at_2030hrs__1638026028.pdf,580
Landslide Warning,2021-11-27,18:30,English,warning,True,Sri Lanka Disaster Management Centre,https://www.dmc.gov.lk/images/dmcreports/LEWM_27-11-2021_18_00__1638019228.pdf,580
Landslide Warning,2021-11-25,15:30,English,warning,True,Sri Lanka Disaster Management Centre,https://www.dmc.gov.lk/images/dmcreports/Landslide_early_warning_report__1637835397.pdf,580
Landslide Warning,2021-11-24,20:21,English,warning,True,Sri Lanka Disaster Management Centre,https://www.dmc.gov.lk/images/dmcreports/Landslide_Warning_report_at_2000hrs_on_2021__1637767646.pdf,580
Landslide Warning,2021-11-24,10:00,English,warning,True,Sri Lanka Disaster Management Centre,https://www.dmc.gov.lk/images/dmcreports/Landslide_Warning_report_on_2021__1637733593.pdf,580
Landslide Warning,2021-11-19,16:00,English,warning,True,Sri Lanka Disaster Management Centre,https://www.dmc.gov.lk/images/dmcreports/Landslide_Warning_report_on_2021__1637319959.pdf,580
Landslide Warning,2021-11-17,16:00,English,warning,True,Sri Lanka Disaster Management Centre,https://www.dmc.gov.lk/images/dmcreports/LEWM_17-11-2021_16_00__1637145566.pdf,580
Landslide Warning,2021-11-16,16:00,English,warning,True,Sri Lanka Disaster Management Centre,https://www.dmc.gov.lk/images/dmcreports/Landslide_Early_warning_Report_at_1600hrs_on_2021__1637060603.pdf,590
Landslide Warning,2021-11-15,16:00,English,warning,True,Sri Lanka Disaster Management Centre,https://www.dmc.gov.lk/images/dmcreports/LEWM_15-11-2021_16_00__1636979677.pdf,590
Landslide Warning,2021-11-14,16:00,English,warning,True,Sri Lanka Disaster Management Centre,https://www.dmc.gov.lk/images/dmcreports/Landslide_Early_warning_Report_at_1600hrs_on_2021__1636886750.pdf,590
Landslide Warning,2021-11-13,16:00,English,warning,True,Sri Lanka Disaster Management Centre,https://www.dmc.gov.lk/images/dmcreports/Landslide_Early_warning_Report_at_1600hrs_on_2021__1636800851.pdf,590
Landslide Warning,2021-11-12,16:00,English,warning,True,Sri Lanka Disaster Management Centre,https://www.dmc.gov.lk/images/dmcreports/LEWM_12-11-2021_16_00__1636715707.pdf,590
Landslide Warning,2021-11-11,16:00,English,warning,True,Sri Lanka Disaster Management Centre,https://www.dmc.gov.lk/images/dmcreports/Landslide_Early_warning_Report_at_1600hrs_on_2021__1636627896.pdf,590
Landslide Warning,2021-11-10,16:00,English,warning,True,Sri Lanka Disaster Management Centre,https://www.dmc.gov.lk/images/dmcreports/Landslide_Early_warning_Report_at_1600hrs_on_2021__1636541034.pdf,590
Landslide Warning,2021-11-09,21:30,English,warning,True,Sri Lanka Disaster Management Centre,https://www.dmc.gov.lk/images/dmcreports/LEWM_09-11-2021_21_00__1636474201.pdf,590
Landslide Warning,2021-11-09,16:00,English,warning,True,Sri Lanka Disaster Management Centre,https://www.dmc.gov.lk/images/dmcreports/Landslide_Early_warning_Report_at_1600hrs_on_2021__1636456263.pdf,590
Landslide Warning,2021-11-08,21:30,English,warning,True,Sri Lanka Disaster Management Centre,https://www.dmc.gov.lk/images/dmcreports/Landslide_Early_warning_Report_at_2100hrs_on_2021__1636387802.pdf,590
Landslide Warning,2021-11-08,16:00,English,warning,True,Sri Lanka Disaster Management Centre,https://www.dmc.gov.lk/images/dmcreports/Landslide_Early_warning_Report_at_1600hrs_on_2021__1636367946.pdf,600
Landslide Warning,2021-11-07,20:50,English,warning,True,Sri Lanka Disaster Management Centre,https://www.dmc.gov.lk/images/dmcreports/Landslide_Early_warning_Report_at_2050hrs_on_2021__1636298856.pdf,600
Landslide Warning,2021-11-07,18:00,English,warning,True,Sri Lanka Disaster Management Centre,https://www.dmc.gov.lk/images/dmcreports/Landslide_Warning__1636291144.pdf,600
Landslide Warning,2021-11-07,13:30,English,warning,True,Sri Lanka Disaster Management Centre,https://www.dmc.gov.lk/images/dmcreports/LEWM_07-11-2021_13_00_(1)__1636273374.pdf,600
Landslide Warning,2021-11-06,22:00,English,warning,True,Sri Lanka Disaster Management Centre,https://www.dmc.gov.lk/images/dmcreports/Landslide_Early_warning_Report_at_2200hrs_on_2021__1636217085.pdf,600
Landslide Warning,2021-11-06,16:00,English,warning,True,Sri Lanka Disaster Management Centre,https://www.dmc.gov.lk/images/dmcreports/Landslide_warning__1636197595.pdf,600
Landslide Warning,2021-11-05,16:00,English,warning,True,Sri Lanka Disaster Management Centre,https://www.dmc.gov.lk/images/dmcreports/Landslide_warning__1636109015.pdf,600
Landslide Warning,2021-11-03,16:00,English,warning,True,Sri Lanka Disaster Management Centre,https://www.dmc.gov.lk/images/dmcreports/LEWM_03-11-2021_16_00__1635938252.pdf,600
Landslide Warning,2021-11-02,20:00,English,warning,True,Sri Lanka Disaster Management Centre,https://www.dmc.gov.lk/images/dmcreports/Landslide_Early_Warning_2000hrs__1635864541.pdf,600
Landslide Warning,2021-11-02,18:00,English,warning,True,Sri Lanka Disaster Management Centre,https://www.dmc.gov.lk/images/dmcreports/Landslide_Early_Warning__1635857110.pdf,600
Landslide Warning,2021-11-01,18:00,English,warning,True,Sri Lanka Disaster Management Centre,https://www.dmc.gov.lk/images/dmcreports/Landslide_Early_Warning__1635772423.pdf,610
Landslide Warning,2021-10-31,21:30,English,warning,True,Sri Lanka Disaster Management Centre,https://www.dmc.gov.lk/images/dmcreports/Landslide_Early_Warning__1635696494.pdf,610
Landslide Warning,2021-10-06,08:30,English,warning,True,Sri Lanka Disaster Management Centre,https://www.dmc.gov.lk/images/dmcreports/Landslide_Early_Warning_Report_at_0830hrs_on_2021__1633491880.pdf,610
Landslide Warning,2021-10-05,18:25,English,warning,True,Sri Lanka Disaster Management Centre,https://www.dmc.gov.lk/images/dmcreports/Landslide_Early_Warning_Report_at_1800hrs_on_2021__1633438566.pdf,610
Landslide Warning,2021-10-05,12:30,English,warning,True,Sri Lanka Disaster Management Centre,https://www.dmc.gov.lk/images/dmcreports/Landslide_Early_Warning_Report_at_1230hrs_on_2021__1633417691.pdf,610
Landslide Warning,2021-10-01,17:00,English,warning,True,Sri Lanka Disaster Management Centre,https://www.dmc.gov.lk/images/dmcreports/LEWM_01-10-2021_18_00__1633093821.pdf,610
Landslide Warning,2021-09-26,20:00,English,warning,True,Sri Lanka Disaster Management Centre,https://www.dmc.gov.lk/images/dmcreports/LEWM_26-09-2021_19_00__1632669548.pdf,610
Landslide Warning,2021-08-12,14:00,English,warning,True,Sri Lanka Disaster Management Centre,https://www.dmc.gov.lk/images/dmcreports/Landslide_Early_Warning_Reort_at_1400_hrs_on_2021__1628758597.pdf,610
Landslide Warning,2021-07-10,23:30,English,warning,True,Sri Lanka Disaster Management Centre,https://www.dmc.gov.lk/images/dmcreports/Landslide_Early_Warning_Report_at_2330hrs_on_2021__1625858193.pdf,610
Landslide Warning,2021-07-10,02:00,English,warning,True,Sri Lanka Disaster Management Centre,https://www.dmc.gov.lk/images/dmcreports/Landslide_Early_Warning_Reort_at_0130hrs_on_2021__1625863274.pdf,610
Landslide Warning,2021-07-09,21:30,English,warning,True,Sri Lanka Disaster Management Centre,https://www.dmc.gov.lk/images/dmcreports/Landslide_Early_Warning_Report_at_2130hrs_on_2021__1625847887.pdf,620
Landslide Warning,2021-06-14,16:00,English,warning,True,Sri Lanka Disaster Management Centre,https://www.dmc.gov.lk/images/dmcreports/LEWM_14-06-2021_16_30__1623671530.pdf,620
Landslide Warning,2021-06-13,20:30,English,warning,True,Sri Lanka Disaster Management Centre,https://www.dmc.gov.lk/images/dmcreports/Landlide_Warning_Report_at_2030hrs_on_2021__1623597075.pdf,620
Landslide Warning,2021-06-11,16:30,English,warning,True,Sri Lanka Disaster Management Centre,https://www.dmc.gov.lk/images/dmcreports/LEWM_11-06-2021_16_30_(1)__1623411814.pdf,620
Landslide Warning,2021-06-10,17:00,English,warning,True,Sri Lanka Disaster Management Centre,https://www.dmc.gov.lk/images/dmcreports/LEWM_10-06-2021_16_30__1623324818.pdf,620
Landslide Warning,2021-06-09,17:00,English,warning,True,Sri Lanka Disaster Management Centre,https://www.dmc.gov.lk/images/dmcreports/LEWM_09-06-2021_16_30__1623237846.pdf,620
Landslide Warning,2021-06-08,23:30,English,warning,True,Sri Lanka Disaster Management Centre,https://www.dmc.gov.lk/images/dmcreports/Landslide_Early_warning_Report_at_2330hrs_on_2021__1623182574.pdf,620
Landslide Warning,2021-06-08,16:30,English,warning,True,Sri Lanka Disaster Management Centre,https://www.dmc.gov.lk/images/dmcreports/Landslide_Early_warning_Report_at1630hrs_on_2021__1623151104.pdf,620
Landslide Warning,2021-06-07,16:30,English,warning,True,Sri Lanka Disaster Management Centre,https://www.dmc.gov.lk/images/dmcreports/LEWM_07-06-2021_16_30__1623064302.pdf,620
Landslide Warning,2021-06-06,16:30,English,warning,True,Sri Lanka Disaster Management Centre,https://www.dmc.gov.lk/images/dmcreports/LEWM_06-06-2021_16_30__1622979922.pdf,620
Landslide Warning,2021-06-05,18:00,English,warning,True,Sri Lanka Disaster Management Centre,https://www.dmc.gov.lk/images/dmcreports/Landslide_early_warning_1800hrs__1622897762.pdf,630
Landslide Warning,2021-06-05,06:00,English,warning,True,Sri Lanka Disaster Management Centre,https://www.dmc.gov.lk/images/dmcreports/Landslide_Early_warning_Report_at_0600hrs_on_2021__1622853319.pdf,630
Landslide Warning,2021-06-04,17:00,English,warning,True,Sri Lanka Disaster Management Centre,https://www.dmc.gov.lk/images/dmcreports/Landslide_Warning_at_1700hrs__1622812924.pdf,630
Landslide Warning,2021-06-04,00:30,English,warning,True,Sri Lanka Disaster Management Centre,https://www.dmc.gov.lk/images/dmcreports/Lahdslide_Warning_0030hrs__1622754393.pdf,630
Landslide Warning,2021-06-03,18:00,English,warning,True,Sri Lanka Disaster Management Centre,https://www.dmc.gov.lk/images/dmcreports/Landslide_Early_warning_Report_at_1800hrs_on_2021__1622725662.pdf,630
Landslide Warning,2021-06-03,14:00,English,warning,True,Sri Lanka Disaster Management Centre,https://www.dmc.gov.lk/images/dmcreports/Landslide_Early_warning_Report_at_1400hrs_on_2021__1622711100.pdf,630
Landslide Warning,2021-06-03,09:00,English,warning,True,Sri Lanka Disaster Management Centre,https://www.dmc.gov.lk/images/dmcreports/LEWM_03-06-2021_09_00__1622693105.pdf,630
Landslide Warning,2021-05-27,17:30,English,warning,True,Sri Lanka Disaster Management Centre,https://www.dmc.gov.lk/images/dmcreports/Landslide_Early_warning_Report_at_1725hrs_on_2021__1622117183.pdf,630
Landslide Warning,2021-05-26,17:00,English,warning,True,Sri Lanka Disaster Management Centre,https://www.dmc.gov.lk/images/dmcreports/Landslide_Early_warning_Report_at_1700hrs_on_2021__1622032307.pdf,630
Landslide Warning,2021-05-25,17:30,English,warning,True,Sri Lanka Disaster Management Centre,https://www.dmc.gov.lk/images/dmcreports/Landslide_Early_warning_Report_at_1725hrs_on_2021__1621944000.pdf,630
Landslide Warning,2021-05-25,09:25,English,warning,True,Sri Lanka Disaster Management Centre,https://www.dmc.gov.lk/images/dmcreports/Landslide_early_warning_Report_at_0925_hrs_on_2021__1621915682.pdf,640
Landslide Warning,2021-05-24,20:15,English,warning,True,Sri Lanka Disaster Management Centre,https://www.dmc.gov.lk/images/dmcreports/Landslide_Eraly_warning_Report_at_2015hrs_on_2021__1621868079.pdf,640
Landslide Warning,2021-05-24,17:00,English,warning,True,Sri Lanka Disaster Management Centre,https://www.dmc.gov.lk/images/dmcreports/Landslide_Warning_report_at_1700hrs_on_2021__1621858780.pdf,640
Landslide Warning,2021-05-23,17:00,English,warning,True,Sri Lanka Disaster Management Centre,https://www.dmc.gov.lk/images/dmcreports/Landslide_Warning_report_at_1700hrs_on_2021__1621771243.pdf,640
Landslide Watchful,2021-05-16,19:00,English,landslide_related,True,Sri Lanka Disaster Management Centre,https://www.dmc.gov.lk/images/dmcreports/Landslide_Warning_report_at_1900hrs_on_2021__1621172299.pdf,640
Landslide Warning - Alert,2021-05-15,19:00,English,warning,True,Sri Lanka Disaster Management Centre,https://www.dmc.gov.lk/images/dmcreports/Landslide_Warning_report_at_1900hrs_on_2021__1621088017.pdf,640
Landslide Warning,2021-05-14,19:00,English,warning,True,Sri Lanka Disaster Management Centre,https://www.dmc.gov.lk/images/dmcreports/Landslide_Warning__1621000183.pdf,640
Landslide Warning,2021-05-13,20:00,English,warning,True,Sri Lanka Disaster Management Centre,https://www.dmc.gov.lk/images/dmcreports/Landslide_Warning__at_2000hrs_on_2021__1620916481.pdf,640
Landslide Warning,2021-05-13,17:00,English,warning,True,Sri Lanka Disaster Management Centre,https://www.dmc.gov.lk/images/dmcreports/Landslide_Warning_for_Kalutara_at_1700hrs_on_2021__1620906548.pdf,640
Landslide Warning,2021-05-13,15:00,English,warning,True,Sri Lanka Disaster Management Centre,"https://www.dmc.gov.lk/images/dmcreports/Landslide_Warning_for_Kalutara,_Horana_at_1530hrs_on_2021__1620900958.pdf",640
Landslide Warning,2021-05-13,11:00,English,warning,True,Sri Lanka Disaster Management Centre,https://www.dmc.gov.lk/images/dmcreports/Landslide_Warning_for_Kalutara_at_1100hrs_on_2021__1620886040.pdf,650
landslide warning,2021-05-10,19:00,English,warning,True,Sri Lanka Disaster Management Centre,https://www.dmc.gov.lk/images/dmcreports/Landslide_Warning__1620657637.pdf,650
landslide warning,2021-05-09,19:00,English,warning,True,Sri Lanka Disaster Management Centre,https://www.dmc.gov.lk/images/dmcreports/Landslide_Early_Warning_2021__1620567886.pdf,650
Landslide Watchful,2021-05-03,20:00,English,landslide_related,True,Sri Lanka Disaster Management Centre,https://www.dmc.gov.lk/images/dmcreports/LEWM_03-05-2021_19_30__1620053639.pdf,650
landslide warning,2021-04-15,18:00,English,warning,True,Sri Lanka Disaster Management Centre,https://www.dmc.gov.lk/images/dmcreports/Land_Slide_warning__1618490602.pdf,650
Landslide Alert,2021-03-29,22:30,English,landslide_related,True,Sri Lanka Disaster Management Centre,https://www.dmc.gov.lk/images/dmcreports/Landslide_Early_Warning_2021__1617037328.pdf,650
Landslide Warning,2020-12-23,18:00,English,warning,True,Sri Lanka Disaster Management Centre,https://www.dmc.gov.lk/images/dmcreports/Landslide_Early_warning_Report_at_1800_hrs_on_2020__1608727629.pdf,650
Landslide Warning,2020-12-21,16:30,English,warning,True,Sri Lanka Disaster Management Centre,https://www.dmc.gov.lk/images/dmcreports/Landslide_Early_warning_Report_at_1630_hrs_on_2020__1608548621.pdf,650
Landslide Early Warning,2020-12-20,15:00,English,early_warning,True,Sri Lanka Disaster Management Centre,https://www.dmc.gov.lk/images/dmcreports/Landslide_Early_warning_Report_at_1500_hrs_on_2020__1608465903.pdf,650
Landslide Watch,2020-11-18,20:00,English,landslide_related,True,Sri Lanka Disaster Management Centre,https://www.dmc.gov.lk/images/dmcreports/Landslide_Watch_Report_at_1955_hrs_on_2020__1605709913.pdf,650
Landslide Warning,2020-11-04,19:00,English,warning,True,Sri Lanka Disaster Management Centre,https://www.dmc.gov.lk/images/dmcreports/LEWM_04-11-2020_19_30__1604501434.pdf,660
Landslide Warning,2020-09-29,12:00,English,warning,True,Sri Lanka Disaster Management Centre,https://www.dmc.gov.lk/images/dmcreports/Landslide_Early_warning_report_at_1200hrs_on_2020__1601361417.pdf,660
Landslide Warning,2020-09-19,18:30,English,warning,True,Sri Lanka Disaster Management Centre,https://www.dmc.gov.lk/images/dmcreports/LEWM_19-09-2020_17_30__1600520926.pdf,660
Landslide Warning - Alert,2020-09-18,17:45,English,warning,True,Sri Lanka Disaster Management Centre,https://www.dmc.gov.lk/images/dmcreports/Landslide_Early_warning_report_at_1745hrs_on_2020__1600431759.pdf,660
Landslide Early Warning,2020-09-07,16:00,English,early_warning,True,Sri Lanka Disaster Management Centre,https://www.dmc.gov.lk/images/dmcreports/NBRO_Early_Warning_Report_at_1600_hrs_on_2020__1599474716.pdf,660
Landslide Warning,2020-09-06,21:30,English,warning,True,Sri Lanka Disaster Management Centre,https://www.dmc.gov.lk/images/dmcreports/NBRO_Early_Warning_Report_at_2130_hrs_on_2020__1599410144.pdf,660
Landslide Watchful,2020-09-06,18:30,English,landslide_related,True,Sri Lanka Disaster Management Centre,https://www.dmc.gov.lk/images/dmcreports/NBRO_Early_Warning_Report_at_1830_hrs_on_2020__1599399183.pdf,660
Landslide Warning,2020-09-03,16:00,English,warning,True,Sri Lanka Disaster Management Centre,https://www.dmc.gov.lk/images/dmcreports/LEWM_03-09-2020_16_00__1599128430.pdf,660
Landslide Warning,2020-09-02,16:00,English,warning,True,Sri Lanka Disaster Management Centre,https://www.dmc.gov.lk/images/dmcreports/NBRO_Early_Warning_Report_at_1600_hrs_on_2020__1599043717.pdf,660
Landslide Warning - Alert,2020-09-02,01:00,English,warning,True,Sri Lanka Disaster Management Centre,https://www.dmc.gov.lk/images/dmcreports/NBRO_Early_Warning_Report_at_0100_hrs_on_2020__1598988652.pdf,660
Landslide Watchful,2020-09-01,21:55,English,landslide_related,True,Sri Lanka Disaster Management Centre,https://www.dmc.gov.lk/images/dmcreports/Landslide_Watch_Report_at_2145hrs_on_2020__1598977611.pdf,670
Landslide Early Warning,2020-08-09,18:30,English,early_warning,True,Sri Lanka Disaster Management Centre,https://www.dmc.gov.lk/images/dmcreports/Landslide_Warning__1596978164.pdf,670
Landslide Watchful,2020-07-21,13:00,English,landslide_related,True,Sri Lanka Disaster Management Centre,https://www.dmc.gov.lk/images/dmcreports/Landslie_Early_Warning_21-07-2020__1595316495.pdf,670
Landslide Warning,2020-07-20,13:00,English,warning,True,Sri Lanka Disaster Management Centre,https://www.dmc.gov.lk/images/dmcreports/Landslie_Early_Warning_20-07-2020_1300_hrs__1595233807.pdf,670
Landslide Warning,2020-07-20,09:00,English,warning,True,Sri Lanka Disaster Management Centre,https://www.dmc.gov.lk/images/dmcreports/Landslie_Early_Warning_20-07-2020_08_00__1595218605.pdf,670
Landlide Warning,2020-05-30,14:30,English,other,False,Sri Lanka Disaster Management Centre,https://www.dmc.gov.lk/images/dmcreports/LS_Early_Warning_30-05-2020_at_14__1590829224.pdf,670
Landslide Warning,2020-05-29,14:00,English,warning,True,Sri Lanka Disaster Management Centre,https://www.dmc.gov.lk/images/dmcreports/LS_Early_Warning_29-05-2020_at_14__1590741784.pdf,670
Landslide Warning,2020-05-28,14:00,English,warning,True,Sri Lanka Disaster Management Centre,https://www.dmc.gov.lk/images/dmcreports/LS_Early_Warning_28-05-2020_at_14__1590654851.pdf,670
Landslide Warning,2020-05-27,14:00,English,warning,True,Sri Lanka Disaster Management Centre,https://www.dmc.gov.lk/images/dmcreports/LS_Early_Warning_27-05-2020_at_14__1590568965.pdf,670
Landslide Warning,2020-05-27,08:40,English,warning,True,Sri Lanka Disaster Management Centre,https://www.dmc.gov.lk/images/dmcreports/LS_Early_Warning_27-05-2020_at_8__1590549255.pdf,670
Landslide Warning,2020-05-26,16:30,English,warning,True,Sri Lanka Disaster Management Centre,https://www.dmc.gov.lk/images/dmcreports/LS_Early_Warning_26-05-2020_at_16__1590491433.pdf,680
Landslide Warning,2020-05-24,17:00,English,warning,True,Sri Lanka Disaster Management Centre,https://www.dmc.gov.lk/images/dmcreports/LS_Early_Warning_24-05-2020_at_17__1590320251.pdf,680
Landslide Warning,2020-05-24,14:30,English,warning,True,Sri Lanka Disaster Management Centre,https://www.dmc.gov.lk/images/dmcreports/LS_Early_Warning_24-05-2020_at_14__1590311486.pdf,680
Landslide Early Warning,2020-05-23,14:30,English,early_warning,True,Sri Lanka Disaster Management Centre,https://www.dmc.gov.lk/images/dmcreports/LS_Early_Warning_23-05-2020_at_14__1590226412.pdf,680
Landslide Warning,2020-05-22,12:45,English,warning,True,Sri Lanka Disaster Management Centre,https://www.dmc.gov.lk/images/dmcreports/LS_Early_Warning_22-05-2020_at_14__1590133278.pdf,680
Landslide Warning,2020-05-21,15:00,English,warning,True,Sri Lanka Disaster Management Centre,https://www.dmc.gov.lk/images/dmcreports/LS_Early_Warning_21-05-2020_at_1430_hrs__1590054471.pdf,680
Landslide Warning,2020-05-20,14:00,English,warning,True,Sri Lanka Disaster Management Centre,https://www.dmc.gov.lk/images/dmcreports/LS_Early_Warning_20-05-2020_at_14__1589968080.pdf,680
Landslide Warning,2020-05-19,14:30,English,warning,True,Sri Lanka Disaster Management Centre,https://www.dmc.gov.lk/images/dmcreports/LS_Early_Warning_19-05-2020_at_14__1589880454.pdf,680
Landslide Warning,2020-05-19,10:30,English,warning,True,Sri Lanka Disaster Management Centre,https://www.dmc.gov.lk/images/dmcreports/LS_Early_Warning_19-05-2020_at_10__1589865552.pdf,680
Landslide Warning,2020-05-19,10:10,English,warning,True,Sri Lanka Disaster Management Centre,https://www.dmc.gov.lk/images/dmcreports/LS_Early_Warning_19-05-2020_at_9__1589863483.pdf,680
Landslide Warning,2020-05-18,14:00,English,warning,True,Sri Lanka Disaster Management Centre,https://www.dmc.gov.lk/images/dmcreports/LS_Early_Warning_18-05-2020_at_1400_hrs__1589790806.pdf,690
Landslide Warning,2020-05-17,14:30,English,warning,True,Sri Lanka Disaster Management Centre,https://www.dmc.gov.lk/images/dmcreports/LS_Early_Warning_17-05-2020_at_1400_hrs__1589706777.pdf,690
Landslide Warning,2020-05-16,14:30,English,warning,True,Sri Lanka Disaster Management Centre,https://www.dmc.gov.lk/images/dmcreports/LS_Early_Warning_16-05-2020_at_1400_hrs__1589620708.pdf,690
Landslide Warning,2020-05-16,04:00,English,warning,True,Sri Lanka Disaster Management Centre,https://www.dmc.gov.lk/images/dmcreports/LS_Early_Warning_16-05-2020_at_03__1589583645.pdf,690
Landslide Warning,2020-05-15,22:00,English,warning,True,Sri Lanka Disaster Management Centre,https://www.dmc.gov.lk/images/dmcreports/Land_side_Early_Warning_Report_at_2200_hrs_on_2020__1589564420.pdf,690
Landslide Warning,2020-05-15,21:30,English,warning,True,Sri Lanka Disaster Management Centre,https://www.dmc.gov.lk/images/dmcreports/Land_side_Early_Warning_Report_at_2130_hrs_on_2020__1589561021.pdf,690
Landslide Warning,2020-05-15,18:00,English,warning,True,Sri Lanka Disaster Management Centre,https://www.dmc.gov.lk/images/dmcreports/LS_Early_Warning_15-05-2020_at_18__1589550053.pdf,690
Pre-Early Warning on Landslide,2020-04-15,17:30,English,early_warning,True,Sri Lanka Disaster Management Centre,https://www.dmc.gov.lk/images/dmcreports/Pre-landslide_early_warning_on_15-04-2020_at_1700__1586953338.pdf,690
Landslide Watchful,2020-01-23,16:00,English,landslide_related,True,Sri Lanka Disaster Management Centre,https://www.dmc.gov.lk/images/dmcreports/Land_side_Early_Warning_Report_at_1530_hrs_on_2020__1579775617.PDF,690
Landslide Watchful,2020-01-23,16:00,English,landslide_related,True,Sri Lanka Disaster Management Centre,https://www.dmc.gov.lk/images/dmcreports/Land_side_Early_Warning_Report_at_1530_hrs_on_2020__1579775620.PDF,690
Landslide Watchful,2020-01-22,18:30,English,landslide_related,True,Sri Lanka Disaster Management Centre,https://www.dmc.gov.lk/images/dmcreports/Land_side_Early_Warning_Report_at_2030_hrs_on_2020__1579706513.pdf,700
Landslide Early Warning,2019-12-24,16:00,English,early_warning,True,Sri Lanka Disaster Management Centre,https://www.dmc.gov.lk/images/dmcreports/Land_side_Early_Warning_Report_at_1600_hrs_on_2019__1577184536.pdf,700
Landslide Early Warning,2019-12-23,16:00,English,early_warning,True,Sri Lanka Disaster Management Centre,https://www.dmc.gov.lk/images/dmcreports/Land_side_Early_Warning_Report_at_1600_hrs_on_2019__1577097154.pdf,700
Landslide Early Warning,2019-12-22,16:00,English,early_warning,True,Sri Lanka Disaster Management Centre,https://www.dmc.gov.lk/images/dmcreports/Land_side_Early_Warning_Report_at_1600_hrs_on_2019__1577011335.pdf,700
Landslide Early Warning,2019-12-21,16:00,English,early_warning,True,Sri Lanka Disaster Management Centre,https://www.dmc.gov.lk/images/dmcreports/Landslide_Early_Warning_Report_at_1600hrs_on_2019__1576923486.PDF,700
Landslide Warning,2019-12-20,18:30,English,warning,True,Sri Lanka Disaster Management Centre,https://www.dmc.gov.lk/images/dmcreports/Landslide_warning_1830hrs__1576850775.pdf,700
Landslide Warning,2019-12-20,16:00,English,warning,True,Sri Lanka Disaster Management Centre,https://www.dmc.gov.lk/images/dmcreports/Landslide_Warning_1600hrs__1576839925.pdf,700
Landslide Warning,2019-12-20,10:00,English,warning,True,Sri Lanka Disaster Management Centre,https://www.dmc.gov.lk/images/dmcreports/Landslide_Early_Warning_Report_at_1000hrs_on_2019__1576817363.PDF,700
Landslide Warning,2019-12-20,05:55,English,warning,True,Sri Lanka Disaster Management Centre,https://www.dmc.gov.lk/images/dmcreports/Landslide_Warning_0550hrs__1576803425.pdf,700
Landslide Warning,2019-12-19,19:00,English,warning,True,Sri Lanka Disaster Management Centre,https://www.dmc.gov.lk/images/dmcreports/Landslide_Early_Warning_Report_at_1900hrs_on_2019__1576764627.PDF,700
Landslide Early Warning,2019-12-19,16:00,English,early_warning,True,Sri Lanka Disaster Management Centre,https://www.dmc.gov.lk/images/dmcreports/Landslide_Early_Warning_Report_at_1600hrs_on_2019__1576751544.PDF,710
Landslide Early Warning,2019-12-19,08:00,English,early_warning,True,Sri Lanka Disaster Management Centre,https://www.dmc.gov.lk/images/dmcreports/Landslide_Early_Warning_Report_at_0800hrs_on_2019__1576722948.PDF,710
Landslide Watchful,2019-12-18,08:30,English,landslide_related,True,Sri Lanka Disaster Management Centre,https://www.dmc.gov.lk/images/dmcreports/0830hrs__1576641342.pdf,710
Landslide Watchful,2019-12-11,16:00,English,landslide_related,True,Sri Lanka Disaster Management Centre,https://www.dmc.gov.lk/images/dmcreports/Landslide_Early_Warning_Report_at_1600hrs_on_2019__1576061786.PDF,710
Landslide Watchful,2019-12-10,16:15,English,landslide_related,True,Sri Lanka Disaster Management Centre,https://www.dmc.gov.lk/images/dmcreports/Landslide_Early_Warning_Report_at_1615hrs_on_2019__1575976969.PDF,710
Landslide Warning,2019-12-09,16:00,English,warning,True,Sri Lanka Disaster Management Centre,https://www.dmc.gov.lk/images/dmcreports/Landslide_Early_Warning_Report_at_1600hrs_on_2019__1575889515.PDF,710
Landslide Warning - Red,2019-12-08,16:45,English,warning,True,Sri Lanka Disaster Management Centre,https://www.dmc.gov.lk/images/dmcreports/Landslide_Early_Report_at_1600hs__1575804291.PDF,710
Landslide Early Warning,2019-12-07,16:00,English,early_warning,True,Sri Lanka Disaster Management Centre,https://www.dmc.gov.lk/images/dmcreports/EW_07_Dec_2019_at_16__1575715603.pdf,710
Landslide Warning,2019-12-06,16:00,English,warning,True,Sri Lanka Disaster Management Centre,https://www.dmc.gov.lk/images/dmcreports/NBRO_Report_at_1600hrs_on_2019__1575629011.pdf,710
Landslide Warning,2019-12-05,16:00,English,warning,True,Sri Lanka Disaster Management Centre,https://www.dmc.gov.lk/images/dmcreports/NBRO_1600hrs__1575544132.pdf,710
Landslide Early Warning,2019-12-04,18:30,English,early_warning,True,Sri Lanka Disaster Management Centre,https://www.dmc.gov.lk/images/dmcreports/NBRO_Report_at_1830hrs_on_2019__1575465515.PDF,720
Landslide Watchful,2019-12-04,14:00,English,landslide_related,True,Sri Lanka Disaster Management Centre,https://www.dmc.gov.lk/images/dmcreports/NBRO_Report_at_1400hrs_on_2019__1575449420.PDF,720
Landslide Watchful,2019-12-03,16:00,English,landslide_related,True,Sri Lanka Disaster Management Centre,https://www.dmc.gov.lk/images/dmcreports/NBRO_Report_at_1600hrs_on_2019__1575368879.PDF,720
Landslide Watchful,2019-12-02,15:30,English,landslide_related,True,Sri Lanka Disaster Management Centre,https://www.dmc.gov.lk/images/dmcreports/NBRO_Report_at_1530_hrs_on_2019__1575287386.PDF,720
Landslide Watchful,2019-12-01,17:00,English,landslide_related,True,Sri Lanka Disaster Management Centre,https://www.dmc.gov.lk/images/dmcreports/EW_01_Dec_2019_at_15__1575201508.PDF,720
Landslide Watchful,2019-11-30,19:30,English,landslide_related,True,Sri Lanka Disaster Management Centre,https://www.dmc.gov.lk/images/dmcreports/EW_30_Nov_2019_at_15__1575123830.pdf,720
Landslide Watchful,2019-11-21,18:30,English,landslide_related,True,Sri Lanka Disaster Management Centre,https://www.dmc.gov.lk/images/dmcreports/LS_Early_Warning_21-11-2019_at_18__1574341792.pdf,720
Landslide Watchful,2019-11-12,15:00,English,landslide_related,True,Sri Lanka Disaster Management Centre,https://www.dmc.gov.lk/images/dmcreports/Landslide_Early_Warning_2019__1573552313.PDF,720
Landslide Early Warning,2019-11-11,15:00,English,early_warning,True,Sri Lanka Disaster Management Centre,https://www.dmc.gov.lk/images/dmcreports/Landslide_Early_Warning_2019__1573465492.PDF,720
Landslide Watchful,2019-10-26,16:00,English,landslide_related,True,Sri Lanka Disaster Management Centre,https://www.dmc.gov.lk/images/dmcreports/NBRO_Report_at_1600_hrs_on_2019__1572088120.PDF,720
Landslide Watchful,2019-10-25,16:00,English,landslide_related,True,Sri Lanka Disaster Management Centre,https://www.dmc.gov.lk/images/dmcreports/NBRO_Report_at_1600_hrs_on_2019__1572001012.PDF,730
Landslide Warning,2019-10-24,15:00,English,warning,True,Sri Lanka Disaster Management Centre,https://www.dmc.gov.lk/images/dmcreports/LS_Early_Warning_24-10-2019_at_16__1571911522.pdf,730
Landslide Watchful,2019-10-23,16:00,English,landslide_related,True,Sri Lanka Disaster Management Centre,https://www.dmc.gov.lk/images/dmcreports/NBRO_Report_at_1600_hrs_on_2019__1571826574.PDF,730
Landslide Warning,2019-10-22,16:00,English,warning,True,Sri Lanka Disaster Management Centre,https://www.dmc.gov.lk/images/dmcreports/NBRO_Report_at_1600_hrs_on_2019__1571741041.pdf,730
Landslide Warning,2019-10-21,16:00,English,warning,True,Sri Lanka Disaster Management Centre,https://www.dmc.gov.lk/images/dmcreports/NBRO_Report_at_1600_hrs_on_2019__1571655889.PDF,730
Landslide Warning,2019-10-20,18:00,English,warning,True,Sri Lanka Disaster Management Centre,https://www.dmc.gov.lk/images/dmcreports/Landslide_Early_Warning_27-09-2019_at_10__1571575154.PDF,730
Landslide Watchful,2019-10-19,18:30,English,landslide_related,True,Sri Lanka Disaster Management Centre,https://www.dmc.gov.lk/images/dmcreports/1830hrs__1571490473.pdf,730
Landslide Warning,2019-10-18,18:00,English,warning,True,Sri Lanka Disaster Management Centre,https://www.dmc.gov.lk/images/dmcreports/EW_18_Oct_2019_at_1800hrs_(1)__1571401974.pdf,730
Landslide Warning,2019-10-17,18:00,English,warning,True,Sri Lanka Disaster Management Centre,https://www.dmc.gov.lk/images/dmcreports/EW_17_Oct_2019_at_1800hrs__1571317347.pdf,730
Landslide Watchful,2019-10-16,19:30,English,landslide_related,True,Sri Lanka Disaster Management Centre,https://www.dmc.gov.lk/images/dmcreports/NBRO_Report_at_1930_hrs_on_2019__1571233707.PDF,730
Landslide Watchful,2019-10-15,19:30,English,landslide_related,True,Sri Lanka Disaster Management Centre,https://www.dmc.gov.lk/images/dmcreports/NBRO_Report_at_1930_hrs_on_2019__1571150534.PDF,740
Landslide Early Warning,2019-10-13,18:00,English,early_warning,True,Sri Lanka Disaster Management Centre,https://www.dmc.gov.lk/images/dmcreports/NBRO_Report_at_1800_hrs_on_2019__1570971985.PDF,740
Landslide Watchful,2019-10-01,21:00,English,landslide_related,True,Sri Lanka Disaster Management Centre,https://www.dmc.gov.lk/images/dmcreports/NBRO_Report_at_2100_hrs_on_2019__1569944742.pdf,740
Landslide Early Warning,2019-09-27,10:00,English,early_warning,True,Sri Lanka Disaster Management Centre,https://www.dmc.gov.lk/images/dmcreports/Landslide_Early_Warning_27-09-2019_at_10__1569561080.PDF,740
Landslide Warning - Alert,2019-09-26,11:00,English,warning,True,Sri Lanka Disaster Management Centre,https://www.dmc.gov.lk/images/dmcreports/Early_Warning_26-09-2019_at_10__1569477071.pdf,740
Landslide Warning,2019-09-25,10:20,English,warning,True,Sri Lanka Disaster Management Centre,https://www.dmc.gov.lk/images/dmcreports/NBRO_Report_at_1020_hrs_on_2019__1569389311.PDF,740
Landslide Warning,2019-09-24,11:00,English,warning,True,Sri Lanka Disaster Management Centre,https://www.dmc.gov.lk/images/dmcreports/NBRO_Warning__1569303281.PDF,740
Landslide Warning,2019-09-23,19:00,English,warning,True,Sri Lanka Disaster Management Centre,https://www.dmc.gov.lk/images/dmcreports/NBRO_Report_at_1900_hrs_on_2019__1569246831.PDF,740
Landslide Warning,2019-09-23,17:00,English,warning,True,Sri Lanka Disaster Management Centre,https://www.dmc.gov.lk/images/dmcreports/NBRO_Report_at_1700_hrs_on_2019__1569239008.PDF,740
Landslide Warning,2019-09-23,14:45,English,warning,True,Sri Lanka Disaster Management Centre,https://www.dmc.gov.lk/images/dmcreports/NBRO_Report_at_1445_hrs_on_2019__1569231003.PDF,740
Landslide Warning - Alert,2019-09-23,12:00,English,warning,True,Sri Lanka Disaster Management Centre,https://www.dmc.gov.lk/images/dmcreports/Landslide_warning__1569222702.PDF,750
Landslide Watchful,2019-09-18,15:30,English,landslide_related,True,Sri Lanka Disaster Management Centre,https://www.dmc.gov.lk/images/dmcreports/NBRO_Report_at_1530_hrs_on_2019__1568802386.PDF,750
Landslide Watchful,2019-09-18,15:30,English,landslide_related,True,Sri Lanka Disaster Management Centre,https://www.dmc.gov.lk/images/dmcreports/NBRO_Report_at_1530_hrs_on_2019__1568802426.PDF,750
Landslide Warning - Alert,2019-09-17,15:30,English,warning,True,Sri Lanka Disaster Management Centre,https://www.dmc.gov.lk/images/dmcreports/NBRO_Report_at_1530_hrs_on_2019__1568715781.PDF,750
Landslide Warning,2019-09-16,16:00,English,warning,True,Sri Lanka Disaster Management Centre,https://www.dmc.gov.lk/images/dmcreports/Landslide_Warning_at_1600hrs__1568631258.PDF,750
"Landslide Early Warning,",2019-09-16,12:30,English,early_warning,True,Sri Lanka Disaster Management Centre,https://www.dmc.gov.lk/images/dmcreports/Landslide_Warning_at_1230hrs__1568618287.PDF,750
Landslide Warning,2019-09-16,03:30,English,warning,True,Sri Lanka Disaster Management Centre,https://www.dmc.gov.lk/images/dmcreports/Landslide_Early_Warning_Report_at_0320_hrs_on_2019__1568585294.PDF,750
Landslide Watchful,2019-08-15,15:45,English,landslide_related,True,Sri Lanka Disaster Management Centre,https://www.dmc.gov.lk/images/dmcreports/Landslide_Report_at_1545hrs_on_2019__1565864819.PDF,750
Landslide Warning - Alert,2019-08-14,16:00,English,warning,True,Sri Lanka Disaster Management Centre,https://www.dmc.gov.lk/images/dmcreports/Landslide_Report_at_1600hrs_on_2019__1565778932.PDF,750
Landslide Watchful,2019-08-13,16:30,English,landslide_related,True,Sri Lanka Disaster Management Centre,https://www.dmc.gov.lk/images/dmcreports/Landslide_Watchfull__at_1630hrs__1565696299.PDF,750
Landslide Watchull,2019-08-13,12:35,English,landslide_related,True,Sri Lanka Disaster Management Centre,https://www.dmc.gov.lk/images/dmcreports/Landslide_Watchfull__at_1235hrs__1565682679.PDF,760
Landslide Warning,2019-07-21,19:15,English,warning,True,Sri Lanka Disaster Management Centre,https://www.dmc.gov.lk/images/dmcreports/NBRO_Report_at_1915hrs_on_2019__1563718413.PDF,760
Landslide Warning,2019-07-20,21:00,English,warning,True,Sri Lanka Disaster Management Centre,https://www.dmc.gov.lk/images/dmcreports/Landslide_Warning_2100hrs_on_2019__1563636661.PDF,760
Landslide Warning,2019-07-19,21:45,English,warning,True,Sri Lanka Disaster Management Centre,https://www.dmc.gov.lk/images/dmcreports/Landslide_0945_hrs_on_2019__1563553808.PDF,760
Landslide Warning,2019-07-18,21:00,English,warning,True,Sri Lanka Disaster Management Centre,https://www.dmc.gov.lk/images/dmcreports/Landslide_Warning_report_at_2100_hrs_on_2019__1563465427.PDF,760
Landslide Warning,2019-07-18,20:30,English,warning,True,Sri Lanka Disaster Management Centre,https://www.dmc.gov.lk/images/dmcreports/Landslide_Warning_2019__1563462652.pdf,760
Landslide Warning,2019-07-18,14:30,English,warning,True,Sri Lanka Disaster Management Centre,https://www.dmc.gov.lk/images/dmcreports/Landslide_Warning__1563441964.PDF,760
Landslide Warning,2018-12-22,23:55,English,warning,True,Sri Lanka Disaster Management Centre,https://www.dmc.gov.lk/images/dmcreports/Landslide_Warning_at_2355_hrs_on_2018__1545504265.PDF,760
Landslide Warning,2018-12-04,16:00,English,warning,True,Sri Lanka Disaster Management Centre,https://www.dmc.gov.lk/images/dmcreports/Landslide_warning__1543919868.PDF,760
Landslide Warning,2018-12-03,18:30,English,warning,True,Sri Lanka Disaster Management Centre,https://www.dmc.gov.lk/images/dmcreports/Landslide_Warning_at_1830_hrs_on_2018__1543845632.PDF,760
landslide Early Warning,2018-11-24,18:30,English,early_warning,True,Sri Lanka Disaster Management Centre,https://www.dmc.gov.lk/images/dmcreports/Landslide_Warning_at_1830_hrs_on_2018__1543066323.PDF,770
landslide warning,2018-11-17,20:00,English,warning,True,Sri Lanka Disaster Management Centre,https://www.dmc.gov.lk/images/dmcreports/Landslide_Warning__1542467985.PDF,770
landslide warning,2018-11-09,16:00,English,warning,True,Sri Lanka Disaster Management Centre,https://www.dmc.gov.lk/images/dmcreports/Landslide_Warning__1541761254.PDF,770
landslide warning,2018-11-08,21:00,English,warning,True,Sri Lanka Disaster Management Centre,https://www.dmc.gov.lk/images/dmcreports/Landslide_Warning0001__1541691486.PDF,770
landslide Early Warning,2018-11-08,16:00,English,early_warning,True,Sri Lanka Disaster Management Centre,https://www.dmc.gov.lk/images/dmcreports/Landslide_Warning_at_1600_hrs_on_2018__1541673340.PDF,770
landslide warning,2018-11-07,16:00,English,warning,True,Sri Lanka Disaster Management Centre,https://www.dmc.gov.lk/images/dmcreports/Landslide_Warning_at_1600_hrs_on_2018__1541588235.PDF,770
landslide warning,2018-11-06,16:00,English,warning,True,Sri Lanka Disaster Management Centre,https://www.dmc.gov.lk/images/dmcreports/Landslide_Warning_at_1600_hrs_on_2018__1541503407.PDF,770
landslide warning,2018-11-05,20:30,English,warning,True,Sri Lanka Disaster Management Centre,https://www.dmc.gov.lk/images/dmcreports/Landslide_Warning_at_0830_hrs_on_2018__1541431618.PDF,770
landslide warning,2018-10-28,16:00,English,warning,True,Sri Lanka Disaster Management Centre,https://www.dmc.gov.lk/images/dmcreports/Landslide_Warning_at_1600_hrs_on_2018__1540724248.PDF,770
landslide warning,2018-10-27,16:00,English,warning,True,Sri Lanka Disaster Management Centre,https://www.dmc.gov.lk/images/dmcreports/Lanslide_wa1600hrs_on_2018__1540638755.PDF,770
landslide warning,2018-10-26,16:30,English,warning,True,Sri Lanka Disaster Management Centre,https://www.dmc.gov.lk/images/dmcreports/Landslide_Warning_-_ii__1540554486.PDF,780
landslide warning,2018-10-25,16:00,English,warning,True,Sri Lanka Disaster Management Centre,https://www.dmc.gov.lk/images/dmcreports/Landslide_Warning__1540464796.PDF,780
landslide warning,2018-10-24,16:00,English,warning,True,Sri Lanka Disaster Management Centre,https://www.dmc.gov.lk/images/dmcreports/Landslide_Report_2018__1540378401.PDF,780
landslide warning,2018-10-23,16:00,English,warning,True,Sri Lanka Disaster Management Centre,https://www.dmc.gov.lk/images/dmcreports/Landslide_Report_2018__1540293435.PDF,780
landslide warning,2018-10-22,16:00,English,warning,True,Sri Lanka Disaster Management Centre,https://www.dmc.gov.lk/images/dmcreports/Landslide_Report_2018__1540205515.PDF,780
landslide warning,2018-10-21,22:00,English,warning,True,Sri Lanka Disaster Management Centre,https://www.dmc.gov.lk/images/dmcreports/Landslide_Report_10__1540141807.PDF,780
landslide warning,2018-10-14,16:00,English,warning,True,Sri Lanka Disaster Management Centre,https://www.dmc.gov.lk/images/dmcreports/1600hrs_NBRO_Report__1539513507.PDF,780
landslide warning,2018-10-13,16:30,English,warning,True,Sri Lanka Disaster Management Centre,https://www.dmc.gov.lk/images/dmcreports/10__1539429554.PDF,780
landslide warning,2018-10-12,16:00,English,warning,True,Sri Lanka Disaster Management Centre,https://www.dmc.gov.lk/images/dmcreports/Landslide_Early_Warning_at_1600h__1539341578.PDF,780
landslide warning,2018-10-11,15:30,English,warning,True,Sri Lanka Disaster Management Centre,https://www.dmc.gov.lk/images/dmcreports/1550hrs_NBRO__1539254266.PDF,790
landslide warning,2018-10-10,16:00,English,warning,True,Sri Lanka Disaster Management Centre,https://www.dmc.gov.lk/images/dmcreports/1600hrs__1539167774.PDF,790
landslide warning,2018-10-09,16:00,English,warning,True,Sri Lanka Disaster Management Centre,https://www.dmc.gov.lk/images/dmcreports/Lanslide_warning0001__1539086406.PDF,790
landslide warning,2018-10-09,16:00,English,warning,True,Sri Lanka Disaster Management Centre,https://www.dmc.gov.lk/images/dmcreports/Lanslide_warning0001__1539086427.PDF,790
landslide warning,2018-10-09,08:00,English,warning,True,Sri Lanka Disaster Management Centre,https://www.dmc.gov.lk/images/dmcreports/Lanslide_Warning__1539055306.PDF,790
landslide warning,2018-10-08,18:00,English,warning,True,Sri Lanka Disaster Management Centre,https://www.dmc.gov.lk/images/dmcreports/Early_Warning-2018-10-08___16__1539007287.pdf,790
landslide warning,2018-10-07,16:00,English,warning,True,Sri Lanka Disaster Management Centre,https://www.dmc.gov.lk/images/dmcreports/1600_hrs_NBRO__1538910569.PDF,790
Landslide Warning (Red),2018-10-06,20:00,English,warning,True,Sri Lanka Disaster Management Centre,https://www.dmc.gov.lk/images/dmcreports/NBRO_2000hrs__1538836879.PDF,790
landslide warning,2018-10-06,17:00,English,warning,True,Sri Lanka Disaster Management Centre,https://www.dmc.gov.lk/images/dmcreports/1600_hrs_NBRO__1538825961.PDF,790
landslide warning,2018-10-05,16:00,English,warning,True,Sri Lanka Disaster Management Centre,https://www.dmc.gov.lk/images/dmcreports/1600_hrs_NBRO__1538736813.PDF,790
landslide warning,2018-10-03,16:30,English,warning,True,Sri Lanka Disaster Management Centre,https://www.dmc.gov.lk/images/dmcreports/NBRO_Warning__1538566384.PDF,800
landslide Early Warning,2018-08-18,17:00,English,early_warning,True,Sri Lanka Disaster Management Centre,https://www.dmc.gov.lk/images/dmcreports/1700_hrs__1534593888.PDF,800
landslide warning,2018-08-17,17:00,English,warning,True,Sri Lanka Disaster Management Centre,https://www.dmc.gov.lk/images/dmcreports/1700_hrs_NBRO__1534507275.PDF,800
Landslide Warning,2018-06-07,18:00,English,warning,True,Sri Lanka Disaster Management Centre,https://www.dmc.gov.lk/images/dmcreports/1800_hrs__1528379333.PDF,800
Landslide Warning,2018-06-07,16:00,English,warning,True,Sri Lanka Disaster Management Centre,https://www.dmc.gov.lk/images/dmcreports/1600_hrs__1528369923.PDF,800
Landslide Warning,2018-05-29,16:00,English,warning,True,Sri Lanka Disaster Management Centre,https://www.dmc.gov.lk/images/dmcreports/1600hrs__1527593954.PDF,800
Landslide Warning,2018-05-28,16:00,English,warning,True,Sri Lanka Disaster Management Centre,https://www.dmc.gov.lk/images/dmcreports/Land_Slide__1527503863.PDF,800
Landslide Warning,2018-05-27,16:00,English,warning,True,Sri Lanka Disaster Management Centre,https://www.dmc.gov.lk/images/dmcreports/NBRO_1600_hrs__1527417765.PDF,800
Landslide Warning,2018-05-26,16:00,English,warning,True,Sri Lanka Disaster Management Centre,https://www.dmc.gov.lk/images/dmcreports/NBRO1600__1527331531.PDF,800
Landslide Warning,2018-05-25,16:00,English,warning,True,Sri Lanka Disaster Management Centre,https://www.dmc.gov.lk/images/dmcreports/NBRO_Report_1600_hrs__1527245427.PDF,800
Landslide Evacuation,2018-05-24,16:00,English,landslide_related,True,Sri Lanka Disaster Management Centre,https://www.dmc.gov.lk/images/dmcreports/1600hrs__1527160840.PDF,810
Landslide Warning,2018-05-23,16:00,English,warning,True,Sri Lanka Disaster Management Centre,https://www.dmc.gov.lk/images/dmcreports/NBRO_1600___1527076921.pdf,810
Landslide Watch,2018-05-21,16:00,English,landslide_related,True,Sri Lanka Disaster Management Centre,https://www.dmc.gov.lk/images/dmcreports/Land_Slide_watch__1526907116.PDF,810
Landslide Warning,2018-05-21,09:00,English,warning,True,Sri Lanka Disaster Management Centre,https://www.dmc.gov.lk/images/dmcreports/Land_Slide_Alert_0645__1526875291.PDF,810
Landslide Watch,2018-05-21,05:30,English,landslide_related,True,Sri Lanka Disaster Management Centre,https://www.dmc.gov.lk/images/dmcreports/Land_slide__1526861401.PDF,810
Landslide Warning,2018-05-21,05:30,English,warning,True,Sri Lanka Disaster Management Centre,https://www.dmc.gov.lk/images/dmcreports/Land_slide1__1526861773.PDF,810
Landslide Evacuation,2018-05-20,20:00,English,landslide_related,True,Sri Lanka Disaster Management Centre,https://www.dmc.gov.lk/images/dmcreports/NBRO_Evacuation_1930_hrs__1526827667.PDF,810
Landslide Watch,2018-05-20,20:00,English,landslide_related,True,Sri Lanka Disaster Management Centre,https://www.dmc.gov.lk/images/dmcreports/NBRO_Warnning_2000_hrs__1526829691.PDF,810
Landslide Warning,2018-05-20,19:00,English,warning,True,Sri Lanka Disaster Management Centre,https://www.dmc.gov.lk/images/dmcreports/NBRO_1900_hrs__1526825473.PDF,810
