title,date,time,pdf_url,archive_offset
Situation Report,2026-10-08,10:00,https://www.dmc.gov.lk/images/dmcreports/Situation_Report_on_2026__1791437342.pdf,0
Situation Report,2026-10-06,10:00,https://www.dmc.gov.lk/images/dmcreports/Situation_Report_on_2026__1791262582.pdf,0
Situation Report,2026-10-05,10:00,https://www.dmc.gov.lk/images/dmcreports/Situation_Report_on_2026__1791178519.pdf,0
Drought Situation Report,2026-10-05,10:00,https://www.dmc.gov.lk/images/dmcreports/Drought_Situation_Report_on_2026__1791178541.pdf,0
Situation Report,2026-10-04,10:00,https://www.dmc.gov.lk/images/dmcreports/Situation_Report_on_2026__1791089060.pdf,0
Drought Situation Report,2026-10-04,10:00,https://www.dmc.gov.lk/images/dmcreports/Drought_Situation_Report_on_2026__1791089087.pdf,0
Situation Report,2026-10-03,10:00,https://www.dmc.gov.lk/images/dmcreports/Situation_Report_on_2026__1791003670.pdf,0
Drought Situation Report,2026-10-03,10:00,https://www.dmc.gov.lk/images/dmcreports/Drought_Situation_Report_on_2026__1791003705.pdf,0
Situation Report,2026-09-30,10:00,https://www.dmc.gov.lk/images/dmcreports/Situation_Report_on_2026__1790745357.pdf,0
Drought Situation Report,2026-09-30,10:00,https://www.dmc.gov.lk/images/dmcreports/Drought_Situation_Report_on_2026__1790745384.pdf,0
Situation Report,2026-09-29,10:00,https://www.dmc.gov.lk/images/dmcreports/Situation_Report_on_2026__1790750768.pdf,10
Drought Situation Report,2026-09-29,10:00,https://www.dmc.gov.lk/images/dmcreports/Drought_Situation_Report_on_2026__1790750792.pdf,10
Situation Report,2026-09-27,10:00,https://www.dmc.gov.lk/images/dmcreports/Situation_Report_on_2026__1790485204.pdf,10
Situation Report,2026-09-27,10:00,https://www.dmc.gov.lk/images/dmcreports/Drought_Situation_Report_on_2026__1790485224.pdf,10
Situation Report,2026-09-24,10:00,https://www.dmc.gov.lk/images/dmcreports/Situation_Report_on_2026__1790245513.pdf,10
Situation Report,2026-09-22,10:00,https://www.dmc.gov.lk/images/dmcreports/Situation_Report_on_2026__1790053739.pdf,10
Drought Situation Report,2026-09-22,10:00,https://www.dmc.gov.lk/images/dmcreports/Drought_Situation_Report_on_2026__1790053767.pdf,10
Situation Report,2026-09-19,10:00,https://www.dmc.gov.lk/images/dmcreports/Situation_Report_on_2026__1789792349.pdf,10
Drought Situation Report,2026-09-19,10:00,https://www.dmc.gov.lk/images/dmcreports/Drought_Situation_Report_on_2026__1789792374.pdf,10
Situation Report,2026-09-18,10:00,https://www.dmc.gov.lk/images/dmcreports/Situation_Report_on_2026__1789706759.pdf,10
Drought Situation Report,2026-09-18,10:00,https://www.dmc.gov.lk/images/dmcreports/Drought_Situation_Report_on_2026__1789706775.pdf,20
situation report,2026-09-17,10:00,https://www.dmc.gov.lk/images/dmcreports/Situation_Report_on_2026__1789623228.pdf,20
situation report,2026-09-17,10:00,https://www.dmc.gov.lk/images/dmcreports/Drought_Situation_Report_on_2026__1789623308.pdf,20
Situation Report,2026-09-16,10:00,https://www.dmc.gov.lk/images/dmcreports/Situation_Report_on_2026__1789536506.pdf,20
Drought Situation Report,2026-09-16,10:00,https://www.dmc.gov.lk/images/dmcreports/Drought_Situation_Report_on_2026__1789536549.pdf,20
Situation Report,2026-09-15,10:00,https://www.dmc.gov.lk/images/dmcreports/Situation_Report_on_2026__1789454335.pdf,20
Drought Situation Report,2026-09-15,10:00,https://www.dmc.gov.lk/images/dmcreports/Drought_Situation_Report_on_2026__1789454350.pdf,20
Situation Report,2026-09-13,10:00,https://www.dmc.gov.lk/images/dmcreports/Situation_Report_on_2026__1789277061.pdf,20
Drought Situation Report,2026-09-13,10:00,https://www.dmc.gov.lk/images/dmcreports/Drought_Situation_Report_on_2026__1789277084.pdf,20
Situation Report,2026-09-09,10:00,https://www.dmc.gov.lk/images/dmcreports/Situation_Report_on_2026__1788932329.pdf,20
Drought Situation Report,2026-09-09,10:00,https://www.dmc.gov.lk/images/dmcreports/Drought_Situation_Report_on_2026__1788932348.pdf,30
Situation Report,2026-09-08,10:00,https://www.dmc.gov.lk/images/dmcreports/Situation_Report_on_2026__1788845354.pdf,30
Drought Situation Report,2026-09-08,10:00,https://www.dmc.gov.lk/images/dmcreports/Drought_Situation_Report_on_2026__1788845374.pdf,30
Situation Report,2026-09-04,10:00,https://www.dmc.gov.lk/images/dmcreports/Situation_Report_on_2026__1788501891.pdf,30
Drought Situation Report,2026-09-04,10:00,https://www.dmc.gov.lk/images/dmcreports/Drought_Situation_Report_on_2026__1788501914.pdf,30
Situation Report,2026-09-03,10:00,https://www.dmc.gov.lk/images/dmcreports/Situation_Report_on_2026__1788412182.pdf,30
Drought Situation Report,2026-09-03,10:00,https://www.dmc.gov.lk/images/dmcreports/Drought_Situation_Report_on_2026__1788412204.pdf,30
Situation Report,2026-09-02,10:00,https://www.dmc.gov.lk/images/dmcreports/Situation_Report_on_2026__1788327166.pdf,30
Drought Situation Report,2026-09-02,10:00,https://www.dmc.gov.lk/images/dmcreports/Drought_Situation_Report_on_2026__1788327203.pdf,30
Situation Report,2026-08-31,10:00,https://www.dmc.gov.lk/images/dmcreports/Situation_Report_on_2026__1788152069.pdf,30
Drought Situation Report,2026-08-31,10:00,https://www.dmc.gov.lk/images/dmcreports/Drought_Situation_Report_on_2026__1788152090.pdf,40
situation report,2026-08-30,10:00,https://www.dmc.gov.lk/images/dmcreports/Situation_Report_on_2026__1788071549.pdf,40
Drought Situation Report,2026-08-30,10:00,https://www.dmc.gov.lk/images/dmcreports/Drought_Situation_Report_on_2026__1788071576.pdf,40
Situation Report,2026-08-29,10:00,https://www.dmc.gov.lk/images/dmcreports/Situation_Report_on_2026__1787979784.pdf,40
Drought Situation Report,2026-08-29,10:00,https://www.dmc.gov.lk/images/dmcreports/Drought_Situation_Report_on_2026__1787979807.pdf,40
Situation Report,2026-08-26,10:00,https://www.dmc.gov.lk/images/dmcreports/Situation_Report_on_2026__1787718998.pdf,40
Drought Situation Report,2026-08-26,10:00,https://www.dmc.gov.lk/images/dmcreports/Drought_Situation_Report_on_2026__1787719014.pdf,40
Situation Report,2026-08-23,10:00,https://www.dmc.gov.lk/images/dmcreports/Situation_Report_on_2026__1787459674.pdf,40
Drought Situation Report,2026-08-23,10:00,https://www.dmc.gov.lk/images/dmcreports/Drought_Situation_Report_on_2026__1787459694.pdf,40
Situation Report,2026-08-19,10:00,https://www.dmc.gov.lk/images/dmcreports/Situation_Report_on_2026__1787114595.pdf,50
Drought Situation Report,2026-08-19,10:00,https://www.dmc.gov.lk/images/dmcreports/Drought_Situation_Report_on_2026__1787114639.pdf,50
situation report,2026-08-17,10:30,https://www.dmc.gov.lk/images/dmcreports/Situation_Report_on_2026__1786947948.pdf,50
Situation Report,2026-08-14,10:00,https://www.dmc.gov.lk/images/dmcreports/Situation_Report_on_2026__1786683813.pdf,50
Situation report,2026-08-13,10:00,https://www.dmc.gov.lk/images/dmcreports/Situation_Report_on_2026__1786596389.pdf,50
Situation report,2026-08-11,10:00,https://www.dmc.gov.lk/images/dmcreports/Situation_Report_on_2026__1786423533.pdf,50
Situation Report,2026-08-07,10:00,https://www.dmc.gov.lk/images/dmcreports/Situation_Report_on_2026__1786091360.pdf,50
Situation Report,2026-08-06,10:00,https://www.dmc.gov.lk/images/dmcreports/Situation_Report_on_2026__1785992656.pdf,50
Situation Report,2026-08-05,13:00,https://www.dmc.gov.lk/images/dmcreports/Situation_Report_on_2026__1785915466.pdf,50
Situation Report,2026-07-29,10:00,https://www.dmc.gov.lk/images/dmcreports/Situation_Report_on_2026__1785300539.pdf,50
Situation Report,2026-07-28,10:00,https://www.dmc.gov.lk/images/dmcreports/Situation_Report_on_2026__1785217345.pdf,60
Situation Report,2026-07-26,10:00,https://www.dmc.gov.lk/images/dmcreports/Situation_Report_on_2026__1785040354.pdf,60
Situation Report,2026-07-24,10:00,https://www.dmc.gov.lk/images/dmcreports/Situation_Report_on_2026__1784868183.pdf,60
Situation Report,2026-07-23,10:00,https://www.dmc.gov.lk/images/dmcreports/Situation_Report_on_2026__1784782165.pdf,60
Situation Report,2026-07-22,10:00,https://www.dmc.gov.lk/images/dmcreports/Situation_Report_on_2026__1784695394.pdf,60
Situation Report,2026-07-19,10:00,https://www.dmc.gov.lk/images/dmcreports/Situation_Report_on_2026__1784438679.pdf,60
Situation Report,2026-07-17,10:00,https://www.dmc.gov.lk/images/dmcreports/Situation_Report_on_2026__1784265647.pdf,60
Situation Report,2026-07-12,10:00,https://www.dmc.gov.lk/images/dmcreports/Situation_Report_on_2026__1783830635.pdf,60
Situation Report,2026-07-11,10:00,https://www.dmc.gov.lk/images/dmcreports/Situation_Report_on_2026__1783744685.pdf,60
Situation Report,2026-07-10,10:00,https://www.dmc.gov.lk/images/dmcreports/Situation_Report_on_2026__1783658003.pdf,60
Situation Report,2026-07-08,10:00,https://www.dmc.gov.lk/images/dmcreports/Situation_Report_on_2026__1783487220.pdf,70
Situation Report,2026-07-07,10:00,https://www.dmc.gov.lk/images/dmcreports/Situation_Report_on_2026__1783398937.pdf,70
Situation Report,2026-07-06,10:00,https://www.dmc.gov.lk/images/dmcreports/Situation_Report_on_2026__1783320123.pdf,70
Situation Report,2026-07-05,10:00,https://www.dmc.gov.lk/images/dmcreports/Situation_Report_on_2026__1783225813.pdf,70
Situation Report,2026-07-02,10:00,https://www.dmc.gov.lk/images/dmcreports/Situation_Report_on_2026__1782968316.pdf,70
Situation Report,2026-07-01,10:00,https://www.dmc.gov.lk/images/dmcreports/Situation_Report_on_2026__1782883470.pdf,70
Situation Report,2026-06-30,10:00,https://www.dmc.gov.lk/images/dmcreports/Situation_Report_on_2026__1782796212.pdf,70
Situation Report,2026-06-29,10:00,https://www.dmc.gov.lk/images/dmcreports/Situation_Report_on_2026__1782707590.pdf,70
Situation Report,2026-06-26,10:00,https://www.dmc.gov.lk/images/dmcreports/Situation_Report_on_2026__1782448582.pdf,70
Situation Report,2026-06-25,10:00,https://www.dmc.gov.lk/images/dmcreports/Disaster_Incident_Report_on_2026__1782364433.pdf,70
Situation Report,2026-06-24,10:00,https://www.dmc.gov.lk/images/dmcreports/Situation_Report_on_2026__1782276139.pdf,80
Situation Report,2026-06-23,10:00,https://www.dmc.gov.lk/images/dmcreports/Situation_Report_on_2026__1782191843.pdf,80
Situation Report,2026-06-22,10:00,https://www.dmc.gov.lk/images/dmcreports/Situation_Report_on_2026__1782104647.pdf,80
Situation Report,2026-06-21,10:00,https://www.dmc.gov.lk/images/dmcreports/Situation_Report_on_2026__1782018657.pdf,80
Situation Report,2026-06-20,10:00,https://www.dmc.gov.lk/images/dmcreports/Situation_Report_on_2026__1781931449.pdf,80
Situation Report,2026-06-19,10:00,https://www.dmc.gov.lk/images/dmcreports/Situation_Report_on_2026__1781843755.pdf,80
Situation Report,2026-06-18,10:00,https://www.dmc.gov.lk/images/dmcreports/Situation_Report_on_2026__1781757927.pdf,80
Situation Report,2026-06-17,10:00,https://www.dmc.gov.lk/images/dmcreports/Situation_Report_on_2026__1781671924.pdf,80
Situation Report,2026-06-16,10:00,https://www.dmc.gov.lk/images/dmcreports/Situation_Report_on_2026__1781585569.pdf,80
Situation Report,2026-06-15,10:00,https://www.dmc.gov.lk/images/dmcreports/Situation_Report_on_2026__1781498310.pdf,80
Situation Report,2026-06-14,10:00,https://www.dmc.gov.lk/images/dmcreports/Situation_Report_on_2026__1781412171.pdf,90
Situation Report,2026-06-13,10:00,https://www.dmc.gov.lk/images/dmcreports/Situation_Report_on_2026__1781325524.pdf,90
Situation Report,2026-06-12,10:00,https://www.dmc.gov.lk/images/dmcreports/Situation_Report_on_2026__1781239827.pdf,90
Situation Report,2026-06-11,10:00,https://www.dmc.gov.lk/images/dmcreports/Situation_Report_on_2026__1781154901.pdf,90
Situation Report,2026-06-10,10:00,https://www.dmc.gov.lk/images/dmcreports/Situation_Report_on_2026__1781066746.pdf,90
Situation Report,2026-06-09,10:00,https://www.dmc.gov.lk/images/dmcreports/Situation_Report_on_2026__1780979838.pdf,90
Situation Report,2026-06-08,10:00,https://www.dmc.gov.lk/images/dmcreports/Situation_Report_on_2026__1780897875.pdf,90
Situation Report,2026-06-07,10:00,https://www.dmc.gov.lk/images/dmcreports/Situation_Report_on_2026__1780807077.pdf,90
Situation Report,2026-06-06,10:00,https://www.dmc.gov.lk/images/dmcreports/Situation_Report_on_2026__1780720332.pdf,90
Situation Report,2026-06-05,10:00,https://www.dmc.gov.lk/images/dmcreports/Situation_Report_on_2026__1780634002.pdf,100
Situation Report,2026-06-04,10:00,https://www.dmc.gov.lk/images/dmcreports/Situation_Report_on_2026__1780556608.pdf,100
Situation Report,2026-06-03,10:00,https://www.dmc.gov.lk/images/dmcreports/Situation_Report_on_2026__1780463208.pdf,100
Situation Report,2026-06-02,10:00,https://www.dmc.gov.lk/images/dmcreports/Situation_Report_on_2026__1780376088.pdf,100
Situation Report,2026-06-01,10:00,https://www.dmc.gov.lk/images/dmcreports/Situation_Report_on_2026__1780289819.pdf,100
Situation Report,2026-05-31,10:00,https://www.dmc.gov.lk/images/dmcreports/Situation_Report_on_2026__1780203594.pdf,100
Situation Report,2026-05-30,10:00,https://www.dmc.gov.lk/images/dmcreports/Situation_Report_on_2026__1780116153.pdf,100
Situation Report,2026-05-29,10:00,https://www.dmc.gov.lk/images/dmcreports/Situation_Report_on_2026__1780029518.pdf,100
Situation Report,2026-05-28,10:00,https://www.dmc.gov.lk/images/dmcreports/Situation_Report_on_2026__1779943434.pdf,100
Situation Report,2026-05-27,10:00,https://www.dmc.gov.lk/images/dmcreports/Situation_Report_on_2026__1779859712.pdf,100
Situation Report,2026-05-26,10:00,https://www.dmc.gov.lk/images/dmcreports/Situation_Report_on_2026__1779770408.pdf,110
Situation Report,2026-05-25,10:00,https://www.dmc.gov.lk/images/dmcreports/Situation_Report_on_2026__1779687218.pdf,110
Situation Report,2026-05-24,10:00,https://www.dmc.gov.lk/images/dmcreports/Situation_Report_on_2026__1779603056.pdf,110
Situation Report,2026-05-23,10:00,https://www.dmc.gov.lk/images/dmcreports/Situation_Report_on_2026__1779521556.pdf,110
Situation Report,2026-05-22,10:00,https://www.dmc.gov.lk/images/dmcreports/Situation_Report_on_2026__1779428410.pdf,110
Situation Report,2026-05-21,10:00,https://www.dmc.gov.lk/images/dmcreports/Situation_Report_on_2026__1779338686.pdf,110
Situation Report,2026-05-20,10:00,https://www.dmc.gov.lk/images/dmcreports/Situation_Report_on_2026__1779251446.pdf,110
Situation Report,2026-05-19,10:00,https://www.dmc.gov.lk/images/dmcreports/Situation_Report_on_2026__1779165453.pdf,110
Situation Report,2026-05-18,10:00,https://www.dmc.gov.lk/images/dmcreports/Situation_Report_on_2026__1779079485.pdf,110
Situation Report,2026-05-17,10:00,https://www.dmc.gov.lk/images/dmcreports/Situation_Report_on_2026__1778993631.pdf,110
Situation Report,2026-05-16,10:00,https://www.dmc.gov.lk/images/dmcreports/Situation_Report_on_2026__1778907229.pdf,120
Situation Reports,2026-05-15,10:00,https://www.dmc.gov.lk/images/dmcreports/Situation_Report_on_2026__1778831110.pdf,120
Situation Report,2026-05-14,10:00,https://www.dmc.gov.lk/images/dmcreports/Situation_Report_on_2026__1778737921.pdf,120
Situation Report,2026-05-13,10:00,https://www.dmc.gov.lk/images/dmcreports/Situation_Report_on_2026__1778652421.pdf,120
Situation Report,2026-05-12,10:00,https://www.dmc.gov.lk/images/dmcreports/Situation_Report_on_2026__1778560407.pdf,120
Situation Report,2026-05-11,10:00,https://www.dmc.gov.lk/images/dmcreports/Situation_Report_on_2026__1778479805.pdf,120
Situation Report,2026-05-09,10:00,https://www.dmc.gov.lk/images/dmcreports/Situation_Report_on_2026__1778304507.pdf,120
Situation Report,2026-05-07,10:00,https://www.dmc.gov.lk/images/dmcreports/Situation_Report_on_2026__1778132513.pdf,120
Situation Report,2026-05-05,10:00,https://www.dmc.gov.lk/images/dmcreports/Situation_Report_on_2026__1777958216.pdf,120
Situation Report,2026-05-04,10:00,https://www.dmc.gov.lk/images/dmcreports/Situation_Report_on_2026__1777874574.pdf,130
Situation Report,2026-05-03,10:00,https://www.dmc.gov.lk/images/dmcreports/Situation_Report_on_2026__1777783326.pdf,130
Situation Report,2026-05-02,10:00,https://www.dmc.gov.lk/images/dmcreports/Situation_Report_on_2026__1777696260.pdf,130
Situation Report,2026-05-01,10:00,https://www.dmc.gov.lk/images/dmcreports/Situation_Report_on_2026__1777609874.pdf,130
Situation Report,2026-04-30,10:00,https://www.dmc.gov.lk/images/dmcreports/Situation_Report_on_2026__1777523819.pdf,130
Situation Report,2026-04-29,10:00,https://www.dmc.gov.lk/images/dmcreports/Situation_Report_on_2026__1777437408.pdf,140
Situation Report,2026-04-28,10:00,https://www.dmc.gov.lk/images/dmcreports/Situation_Report_on_2026__1777355216.pdf,140
Situation Report,2026-04-27,10:00,https://www.dmc.gov.lk/images/dmcreports/Situation_Report_on_2026__1777266354.pdf,140
Situation Report,2026-04-26,10:00,https://www.dmc.gov.lk/images/dmcreports/Situation_Report_on_2026__1777179057.pdf,140
Situation Report,2026-04-25,10:00,https://www.dmc.gov.lk/images/dmcreports/Situation_Report_on_2026__1777091799.pdf,150
Situation Report,2026-04-24,10:00,https://www.dmc.gov.lk/images/dmcreports/Situation_Report_on_2026__1777008096.pdf,150
Situation Report,2026-04-23,10:00,https://www.dmc.gov.lk/images/dmcreports/Situation_Report_on_2026__1776921178.pdf,150
Situation Report,2026-04-22,10:00,https://www.dmc.gov.lk/images/dmcreports/Situation_Report_on_2026__1776834614.pdf,150
Situation Report,2026-04-21,10:00,https://www.dmc.gov.lk/images/dmcreports/Situation_Report_on_2026__1776746052.pdf,150
Situation Report,2026-04-20,10:00,https://www.dmc.gov.lk/images/dmcreports/Situation_Report_on_2026__1776659874.pdf,160
Situation Report,2026-04-19,10:00,https://www.dmc.gov.lk/images/dmcreports/Situation_Report_on_2026__1776573667.pdf,160
Situation Report,2026-04-18,10:00,https://www.dmc.gov.lk/images/dmcreports/Situation_Report_on_2026__1776486834.pdf,160
Situation Report,2026-04-17,10:00,https://www.dmc.gov.lk/images/dmcreports/Situation_Report_on_2026__1776403237.pdf,160
Situation Report,2026-04-16,10:00,https://www.dmc.gov.lk/images/dmcreports/Situation_Report_on_2026__1776314318.pdf,160
Situation Report - Ditwah,2026-04-16,10:00,https://www.dmc.gov.lk/images/dmcreports/Ditwah_Situation_Summary_Report_at_1000hrs_on_2026__1776314406.pdf,170
Situation report,2026-04-15,18:00,https://www.dmc.gov.lk/images/dmcreports/Ditwah_Situation_Summary_Report_at_1800hrs_on_2026__1776257995.pdf,170
Situation report,2026-04-15,10:00,https://www.dmc.gov.lk/images/dmcreports/Situation_Report_on_2026__1776228230.pdf,170
Situation Report,2026-04-14,10:00,https://www.dmc.gov.lk/images/dmcreports/Situation_Report_on_2026__1776142731.pdf,170
Situation report,2026-04-13,10:00,https://www.dmc.gov.lk/images/dmcreports/Situation_Report_on_2026__1776057308.pdf,170
Situation Report,2026-04-12,10:00,https://www.dmc.gov.lk/images/dmcreports/Situation_Report_on_2026__1775967376.pdf,170
Situation Report,2026-04-10,10:00,https://www.dmc.gov.lk/images/dmcreports/Situation_Report_on_2026__1775797568.pdf,180
Situation Report,2026-04-07,10:00,https://www.dmc.gov.lk/images/dmcreports/Situation_Report_on_2026__1775536304.pdf,180
Situation Report - Ditwah,2026-04-07,10:00,https://www.dmc.gov.lk/images/dmcreports/Situation_Summary_Report_(Ditwah)_at_1000hrs_on_2026__1775536327.pdf,180
Situation Report,2026-04-06,10:00,https://www.dmc.gov.lk/images/dmcreports/Situation_Report_on_2026__1775453324.pdf,180
Situation Report,2026-04-05,10:00,https://www.dmc.gov.lk/images/dmcreports/Situation_Report_on_2026__1775364146.pdf,190
Situation Report,2026-04-04,10:00,https://www.dmc.gov.lk/images/dmcreports/Situation_Report_on_2026__1775277107.pdf,190
Situation Report,2026-04-03,10:00,https://www.dmc.gov.lk/images/dmcreports/Situation_Report_on_2026__1775190592.pdf,190
Situation Report,2026-04-02,10:00,https://www.dmc.gov.lk/images/dmcreports/Situation_Report_on_2026__1775104313.pdf,190
Situation Report,2026-04-02,10:00,https://www.dmc.gov.lk/images/dmcreports/Situation_Summary_Report_at_1000hrs_on_2026__1775104335.pdf,200
Situation Report,2026-04-01,10:00,https://www.dmc.gov.lk/images/dmcreports/Situation_Report_on_2026__1775017878.pdf,200
Situation Report,2026-04-01,10:00,https://www.dmc.gov.lk/images/dmcreports/Situation_Summary_Report_at_1000hrs_on_2026__1775017927.pdf,200
Situation Report,2026-03-31,10:00,https://www.dmc.gov.lk/images/dmcreports/Situation_Report_on_2026__1774934238.pdf,200
Situation Report,2026-03-31,10:00,https://www.dmc.gov.lk/images/dmcreports/Situation_Summary_Report_at_1000hrs_on_2026__1774934259.pdf,200
Situation Report,2026-03-30,10:00,https://www.dmc.gov.lk/images/dmcreports/Situation_Summary_Report_(Ditwah)_at_1000hrs_on_2026__1774845154.pdf,200
Situation Report,2026-03-30,10:00,https://www.dmc.gov.lk/images/dmcreports/Situation_Report_on_2026__1774845177.pdf,200
Situation Report,2026-03-29,10:00,https://www.dmc.gov.lk/images/dmcreports/Situation_Report_on_2026__1774759779.pdf,200
Situation Report,2026-03-29,10:00,https://www.dmc.gov.lk/images/dmcreports/Situation_Summary_Report_(Ditwah)_at_1000hrs_on_2026__1774759814.pdf,200
Situation Report,2026-03-27,10:00,https://www.dmc.gov.lk/images/dmcreports/Situation_Report_on_2026__1774586234.pdf,210
Situation Report,2026-03-26,10:00,https://www.dmc.gov.lk/images/dmcreports/Situation_Report_on_2026__1774506187.pdf,210
Situation Report,2026-03-25,10:00,https://www.dmc.gov.lk/images/dmcreports/Situation_Report_on_2026__1774413446.pdf,210
Situation Report (Ditwah),2026-03-25,10:00,https://www.dmc.gov.lk/images/dmcreports/Situation_Summary_Report_at_1000hrs_on_2026__1774413481.pdf,210
Situation Report (Ditwah),2026-03-24,10:00,https://www.dmc.gov.lk/images/dmcreports/Situation_Summary_Report_at_1000hrs_on_2026__1774327613.pdf,210
Situation Report,2026-03-23,22:00,https://www.dmc.gov.lk/images/dmcreports/Situation_Report_on_2026__1774250046.pdf,210
Situation Report,2026-03-23,10:00,https://www.dmc.gov.lk/images/dmcreports/Situation_Summary_Report(_Ditwah)_at1000hrs_on_2026__1774250086.pdf,210
Situation Report,2026-03-22,10:00,https://www.dmc.gov.lk/images/dmcreports/Situation_Report_on_2026__1774154031.pdf,210
Situation Report - Ditwah,2026-03-22,10:00,https://www.dmc.gov.lk/images/dmcreports/Situation_Summary_Report_(Ditwah)at_1000hrs_on_2026__1774154080.pdf,220
Daily Situation Report,2026-03-21,10:00,https://www.dmc.gov.lk/images/dmcreports/Situation_Report_on_2026__1774074156.pdf,220
Situation Report - Ditwah,2026-03-21,10:00,https://www.dmc.gov.lk/images/dmcreports/Situation_Summary_Report_at_1000hrs_on_2026__1774074201.pdf,220
Situation Report,2026-03-19,10:00,https://www.dmc.gov.lk/images/dmcreports/Situation_Report_on_2026__1773896550.pdf,220
Situation Report,2026-03-18,10:00,https://www.dmc.gov.lk/images/dmcreports/Situation_Report_on_2026__1773808769.pdf,220
Situation Report,2026-03-16,10:00,https://www.dmc.gov.lk/images/dmcreports/Situation_Report_on_2026__1773637122.pdf,220
Situation Report (Ditwah),2026-03-16,10:00,https://www.dmc.gov.lk/images/dmcreports/Situation_Summary_Report_at_1000hrs_on_2026__1773637170.pdf,220
Situation Report,2026-03-15,10:00,https://www.dmc.gov.lk/images/dmcreports/Situation_Report_on_2026__1773549633.pdf,220
Situation Report (Ditwah),2026-03-15,10:00,https://www.dmc.gov.lk/images/dmcreports/Situation_Summ_Report_at_1000hrs_on_2026__1773549797.pdf,230
Situation Report (Ditwah),2026-03-14,10:00,https://www.dmc.gov.lk/images/dmcreports/Situation_Summary_Report_at_1000hrs_on_2026__1773462886.pdf,230
Situation Report,2026-03-14,10:00,https://www.dmc.gov.lk/images/dmcreports/Situation_Report_on_2026__1773462907.pdf,230
Situation Report,2026-03-13,10:00,https://www.dmc.gov.lk/images/dmcreports/Situation_Report_on_2026__1773378394.pdf,230
Situation Report,2026-03-13,10:00,https://www.dmc.gov.lk/images/dmcreports/Situation_Sum_Report_at_1000hrs_on_2026__1773378421.pdf,230
Situation Report,2026-03-11,10:00,https://www.dmc.gov.lk/images/dmcreports/Situation_Report_on_2026__1773204396.pdf,230
Situation Report,2026-03-10,10:00,https://www.dmc.gov.lk/images/dmcreports/Situation_Report_on_2026__1773117889.pdf,230
Situation Report - Ditwah,2026-03-10,10:00,https://www.dmc.gov.lk/images/dmcreports/Situation_Summary_Report_at_1000hrs_on_2026__1773117908.pdf,230
Situation Report,2026-03-09,10:00,https://www.dmc.gov.lk/images/dmcreports/Situation_Report_on_2026__1773031424.pdf,230
Situation Report,2026-03-09,10:00,https://www.dmc.gov.lk/images/dmcreports/Situation_Summary_Report_at_1000hrs_on_2026__1773031626.pdf,240
Situation Report,2026-03-08,10:00,https://www.dmc.gov.lk/images/dmcreports/Situation_Report_on_2026__1772944986.pdf,240
Situation Report - Ditwah,2026-03-08,10:00,https://www.dmc.gov.lk/images/dmcreports/Situation_Summary_Report_(Ditwah)_at_1000hrs_on_2026__1772945009.pdf,240
Situation Report,2026-03-07,10:00,https://www.dmc.gov.lk/images/dmcreports/Situation_Summary_Report_at1000hrs_on_2026__1772858116.pdf,240
Situation Report,2026-03-07,10:00,https://www.dmc.gov.lk/images/dmcreports/Situation_Report_on_2026__1772858138.pdf,240
Situation Report,2026-03-06,10:00,https://www.dmc.gov.lk/images/dmcreports/Situation_Summary_Report_at_1000hrs_on_2026__1772772863.pdf,240
Situation Report,2026-03-03,10:00,https://www.dmc.gov.lk/images/dmcreports/Situation_Summary_Report_at_1000hrs_on_2026__1772512131.pdf,240
Situation Report,2026-03-02,10:00,https://www.dmc.gov.lk/images/dmcreports/Situation_Summary_Report_at_1000hrs_on_2026__1772437018.pdf,240
Situation Report,2026-03-01,10:00,https://www.dmc.gov.lk/images/dmcreports/Situation_Summary_Report_at_1000hrs_on_2026__1772339449.pdf,240
Situation Report,2026-02-28,10:00,https://www.dmc.gov.lk/images/dmcreports/Situation_Summary_Report_at_1000hrs_on_2026__1772253428.pdf,240
Situation Report,2026-02-21,10:00,https://www.dmc.gov.lk/images/dmcreports/Situation_Summary_Report_at_1000hrs_on_2026__1771654434.pdf,250
Situation Report,2026-02-21,10:00,https://www.dmc.gov.lk/images/dmcreports/Situation_Report_on_2026__1771654865.pdf,250
Situation Report (Ditwah),2026-02-20,10:00,https://www.dmc.gov.lk/images/dmcreports/Situation_Summary_Report_at_1000hrs_on_2026__1771564670.pdf,250
Situation Report,2026-02-20,10:00,https://www.dmc.gov.lk/images/dmcreports/Situation_Report_on_2026__1771564699.pdf,250
Situation Report,2026-02-18,10:00,https://www.dmc.gov.lk/images/dmcreports/Summary_Situation_Report_at_1000hrs_on_18__1771389044.pdf,250
Situation Report,2026-02-17,10:00,https://www.dmc.gov.lk/images/dmcreports/Situation_Summary_Report_at_1000hrs_on_2026__1771320399.pdf,250
Situation Report,2026-02-16,10:00,https://www.dmc.gov.lk/images/dmcreports/Situation_Summary_Report_at_1000hrs_on_2026__1771219246.pdf,250
Situation Report,2026-02-15,10:00,https://www.dmc.gov.lk/images/dmcreports/Situation_Summary_Report_at_1000hrs_on_2026__1771130303.pdf,250
Situation Report,2026-02-14,10:00,https://www.dmc.gov.lk/images/dmcreports/Situation_Summary_Report_at_1000hrs_on_2026__1771044453.pdf,250
Situation Report,2026-02-10,10:00,https://www.dmc.gov.lk/images/dmcreports/Situation_Summary_Report_at_1000hrs_on_2026__1770701293.pdf,250
Situation Report,2026-02-09,10:00,https://www.dmc.gov.lk/images/dmcreports/Situation_Summary_Report_(Ditwah)_at_1000hrs_on_2026__1770618878.pdf,260
Situation Report,2026-02-08,10:00,https://www.dmc.gov.lk/images/dmcreports/Situation_Summary_Report_(Ditwah)_at_1000hrs_on_2026__1770525351.pdf,260
Situation Report,2026-02-06,10:00,https://www.dmc.gov.lk/images/dmcreports/Situation_Summary_Report_at_1000hrs_on_2026__1770352405.pdf,260
Situation Report,2026-02-04,10:00,https://www.dmc.gov.lk/images/dmcreports/Situation_Summary_Report_(Ditwah)_at_1000hrs_on_2026__1770179560.pdf,260
Situation Report,2026-02-02,10:00,https://www.dmc.gov.lk/images/dmcreports/Situation_Report_on_2026__1770008093.pdf,260
Situation Report - (Ditwah),2026-02-02,10:00,https://www.dmc.gov.lk/images/dmcreports/Situation_Summary_Report_at_1000hrs_on_2026__1770008172.pdf,260
Situation Report (Ditwah),2026-02-01,10:00,https://www.dmc.gov.lk/images/dmcreports/Situation_Summary_Report_(Ditwah)_at_1000hrs_on_2026__1769920605.pdf,260
Situation Report,2026-01-27,10:00,https://www.dmc.gov.lk/images/dmcreports/Situation_Report_on_2026__1769488302.pdf,270
Situation Report,2026-01-26,10:00,https://www.dmc.gov.lk/images/dmcreports/Situation_Report_on_2026__1769402617.pdf,270
Situation Report,2026-01-26,10:00,https://www.dmc.gov.lk/images/dmcreports/Situation_Summary_Report_One_page_at_0600hrs_on_2026__1769402634.pdf,270
Situation Report - Ditwah,2026-01-25,10:00,https://www.dmc.gov.lk/images/dmcreports/Situation_Summary_Report_(Ditwah)_at_1000hrs_on_2026__1769317538.pdf,270
Situation Report,2026-01-25,10:00,https://www.dmc.gov.lk/images/dmcreports/Situation_Report_on_2026__1769317609.pdf,270
Situation Report,2026-01-24,10:00,https://www.dmc.gov.lk/images/dmcreports/Situation_Summary_Report__at_1000hrs_on_2026__1769229840.pdf,270
Situation Report,2026-01-22,10:00,https://www.dmc.gov.lk/images/dmcreports/Situation_Summary_Report__at_0900hrs_on_2026__1769056357.pdf,270
Situation Report,2026-01-20,10:00,https://www.dmc.gov.lk/images/dmcreports/Situation_Summary_Report_at_0600hrs_on_2026__1768885214.pdf,270
Situation Report,2026-01-19,10:00,https://www.dmc.gov.lk/images/dmcreports/Situation_Summary_Report_at_0600hrs_on_2026__1768801860.pdf,270
Situation Report,2026-01-16,10:00,https://www.dmc.gov.lk/images/dmcreports/Situation_Summary_Report_at_1000hrs_on_2026__1768539487.pdf,280
Situation Report,2026-01-15,10:00,https://www.dmc.gov.lk/images/dmcreports/Situation_Summary_Report_at_1000hrs_on_2026__1768454924.pdf,280
Situation Report,2026-01-09,10:00,https://www.dmc.gov.lk/images/dmcreports/Situation_Summary_Report_at_1000hrs_on_2026__1767934255.pdf,280
Situation Report,2026-01-08,10:00,https://www.dmc.gov.lk/images/dmcreports/Situation_Summary_Report_at_1000hrs_on_2026__1767851876.pdf,280
Situation Report,2026-01-07,10:00,https://www.dmc.gov.lk/images/dmcreports/Situation_Summary_Report_at_1000hrs_on_2026__1767761830.pdf,280
Situation Report,2026-01-06,10:00,https://www.dmc.gov.lk/images/dmcreports/Situation_Summary_Report_at_1000hrs_on_2026__1767675139.pdf,280
Situation Report,2026-01-05,10:00,https://www.dmc.gov.lk/images/dmcreports/Situation_Summary_Report_at_1000hrs_on_2026__1767587807.pdf,280
Situation Report,2026-01-04,10:00,https://www.dmc.gov.lk/images/dmcreports/Situation_Summary_Report_at_1000hrs_on_2026__1767501182.pdf,280
Situation Report,2026-01-03,10:00,https://www.dmc.gov.lk/images/dmcreports/Situation_Summary_Report_at_1000hrs_on_2026__1767414970.pdf,280
Situation Report,2026-01-02,10:00,https://www.dmc.gov.lk/images/dmcreports/Situation_Summary_Report_at_1000hrs_on_2026__1767330508.pdf,290
Situation Report,2026-01-01,10:00,https://www.dmc.gov.lk/images/dmcreports/Situation_Summery_Report_at_1000hrs_on_2026__1767243926.pdf,290
Situation Report,2025-12-28,09:00,https://www.dmc.gov.lk/images/dmcreports/Situation_Summary_Report__2025__1766894866.pdf,290
Situation Report,2025-12-27,10:00,https://www.dmc.gov.lk/images/dmcreports/Situation_Summary_Report_at_1000hrs_on_2025__1766816439.pdf,290
Current Situation Report,2025-12-17,16:00,https://www.dmc.gov.lk/images/dmcreports/Situation_Report_at_1600hrs_on_2025__1765970343.pdf,290
Situation Report,2025-12-16,06:00,https://www.dmc.gov.lk/images/dmcreports/Situation_Report_at_0600hrs_on_2025__1765845711.pdf,290
Situation Report,2025-12-15,18:00,https://www.dmc.gov.lk/images/dmcreports/Situation_Report_at_1800hrs_on_2025__1765853626.pdf,290
Situation Report,2025-12-15,14:00,https://www.dmc.gov.lk/images/dmcreports/Situation_Report_at_1400hrs_on_2025__1765810724.pdf,290
Situation Report,2025-12-15,06:00,https://www.dmc.gov.lk/images/dmcreports/Situation_Report_at_0600hrs_on_2025__1765760412.pdf,300
Situation Report,2025-12-14,17:00,https://www.dmc.gov.lk/images/dmcreports/Situation_Report_at_1700hrs_on_2025__1765711878.pdf,300
Situation Report,2025-12-14,06:00,https://www.dmc.gov.lk/images/dmcreports/Situation_Report_at_0600hrs_on_2025__1765676738.pdf,300
Situation Report,2025-12-13,16:30,https://www.dmc.gov.lk/images/dmcreports/Situation_Report_at_1630hrs_on_2025__1765623695.pdf,300
Situation Report,2025-12-13,06:00,https://www.dmc.gov.lk/images/dmcreports/Situation_Report_at_0600hrs_on_2025__1765587314.pdf,300
Situation Report,2025-12-12,18:00,https://www.dmc.gov.lk/images/dmcreports/Situation_Report_at_1800hrs_on_2025__1765544355.pdf,300
Situation Report,2025-12-12,12:00,https://www.dmc.gov.lk/images/dmcreports/Situation_Report_at_1200hrs_on_2025__1765521447.pdf,300
Situation Report,2025-12-12,09:00,https://www.dmc.gov.lk/images/dmcreports/Situation_Report_at_0900hrs_on_2025__1765510492.pdf,300
Situation Report,2025-12-11,18:00,https://www.dmc.gov.lk/images/dmcreports/Situation_Report_at_1800hrs_on_2025__1765456452.pdf,300
Situation Report,2025-12-11,06:00,https://www.dmc.gov.lk/images/dmcreports/Situation_Report_at_0600hrs_on_2025__1765414348.pdf,300
Situation Report,2025-12-10,12:00,https://www.dmc.gov.lk/images/dmcreports/Situation_Report_at_1200hrs_on_2025__1765355033.pdf,310
Situation Report,2025-12-10,06:00,https://www.dmc.gov.lk/images/dmcreports/Situation_Report_at_0600hrs_on_2025__1765327545.pdf,310
Situation Report,2025-12-09,10:00,https://www.dmc.gov.lk/images/dmcreports/Situation_Report_at_0600hrs_on_2025__1765257271.pdf,310
Situation Report,2025-12-09,06:00,https://www.dmc.gov.lk/images/dmcreports/Situation_Report_at_0600hrs_on_2025__1765241453.pdf,310
Situation Report,2025-12-08,12:00,https://www.dmc.gov.lk/images/dmcreports/Situation_Report_at_1200hrs_on_2025__1765188103.pdf,310
Situation Report,2025-12-08,06:00,https://www.dmc.gov.lk/images/dmcreports/Situation_Report_at_0600hrs_on_2025__1765154945.pdf,310
Situation Report,2025-12-07,12:00,https://www.dmc.gov.lk/images/dmcreports/Situation_Report_at_1200hrs_on_2025__1765092356.pdf,310
Situation Report,2025-12-06,20:00,https://www.dmc.gov.lk/images/dmcreports/Situation_Report_at_2000hrs_on_2025__1765032825.pdf,310
Situation Report,2025-12-06,12:00,https://www.dmc.gov.lk/images/dmcreports/Situation_Summary_Report_at_1200hrs_on_2025__1765004157.pdf,310
Situation Report,2025-12-06,06:00,https://www.dmc.gov.lk/images/dmcreports/Situation_Report_at_0600hrs_on_2025__1764982790.pdf,310
Situation Report,2025-12-05,18:00,https://www.dmc.gov.lk/images/dmcreports/Situation_Report_at_1800hrs_on_2025__1764939507.pdf,320
Situation Report,2025-12-05,06:00,https://www.dmc.gov.lk/images/dmcreports/Situation_Report_at_0600hrs_on_2025__1764898696.pdf,320
Situation Report,2025-12-04,19:00,https://www.dmc.gov.lk/images/dmcreports/Situation_Report_at_1900hrs_on_2025__1764859958.pdf,320
Situation Report,2025-12-04,18:00,https://www.dmc.gov.lk/images/dmcreports/Situation_Report_at_1600hrs_on_2025__1764851806.pdf,320
Situation Report,2025-12-04,06:00,https://www.dmc.gov.lk/images/dmcreports/Situation_Report_at_0600hrs_on_2025__1764820352.pdf,320
Situation Report,2025-12-03,18:00,https://www.dmc.gov.lk/images/dmcreports/Situation_Report_at_1600hrs_on_2025__1764765645.pdf,320
Situation Report,2025-12-03,10:00,https://www.dmc.gov.lk/images/dmcreports/Situation_Report_at_1000hrs_on_2025__1764738268.pdf,320
Situation Report,2025-12-03,06:00,https://www.dmc.gov.lk/images/dmcreports/Situation_Report_at_0600hrs_on_2025__1764729520.pdf,320
Situation Report,2025-12-02,18:00,https://www.dmc.gov.lk/images/dmcreports/Situation_Report_at_1800hrs_on_2025__1764682741.pdf,320
Situation Report,2025-12-02,10:00,https://www.dmc.gov.lk/images/dmcreports/Situation_Report_at_1000hrs_on_2025__1764654146.pdf,320
Situation Report,2025-12-02,06:00,https://www.dmc.gov.lk/images/dmcreports/Situation_Report_at_0600hrs_on_2025__1764639365.pdf,330
Situation Report,2025-12-01,18:00,https://www.dmc.gov.lk/images/dmcreports/Situation_Report_at_1800hrs_on_2025__1764606483.pdf,330
Situation Report,2025-12-01,12:30,https://www.dmc.gov.lk/images/dmcreports/Situation_Report_at_1230hrs_on_2025__1764591492.pdf,330
Situation Report,2025-12-01,10:00,https://www.dmc.gov.lk/images/dmcreports/Situation_Report_at_1000hrs_on_2025__1764566105.pdf,330
Situation Report,2025-12-01,06:00,https://www.dmc.gov.lk/images/dmcreports/Situation_Report_at_0600hrs_on_2025__1764552029.pdf,330
Situation Report,2025-11-30,18:00,https://www.dmc.gov.lk/images/dmcreports/Situation_Report_at_1800hrs_on_2025__1764527243.pdf,330
Situation Report,2025-11-30,16:00,https://www.dmc.gov.lk/images/dmcreports/Situation_Report_at_1600hrs_on_2025__1764498894.pdf,330
Situation Report,2025-11-30,12:00,https://www.dmc.gov.lk/images/dmcreports/Situation_Report_at_1200hrs_on_2025__1764484757.pdf,330
Situation Report,2025-11-30,06:00,https://www.dmc.gov.lk/images/dmcreports/Situation_Report_at_0600hrs_on_2025__1764464998.pdf,330
Situation Report (English),2025-11-29,18:00,https://www.dmc.gov.lk/images/dmcreports/Situation_Report_(English)___1764420396.pdf,330
Situation Report (English),2025-11-29,14:00,https://www.dmc.gov.lk/images/dmcreports/Situation_Report_(English)___1764408301.pdf,340
Situation Report (Sinhala),2025-11-29,09:00,https://www.dmc.gov.lk/images/dmcreports/Situation_Report_(Sinhala)___1764390085.pdf,340
Situation Report (English),2025-11-29,09:00,https://www.dmc.gov.lk/images/dmcreports/Situation_Report_(English)___1764390338.pdf,340
Situation Report,2025-11-29,06:00,https://www.dmc.gov.lk/images/dmcreports/Situation_Summary_Report_at_0600hrs_on_2025__1764378519.pdf,340
Situation Report,2025-11-28,18:00,https://www.dmc.gov.lk/images/dmcreports/Situation_Summary_Report_at_1800hrs_on_2025__1764337168.pdf,340
Situation Report (English),2025-11-28,18:00,https://www.dmc.gov.lk/images/dmcreports/1800hrs__1764337615.pdf,340
Situation Report,2025-11-28,18:00,https://www.dmc.gov.lk/images/dmcreports/Situation_Summary_Report_at_1800hrs_on_2025__1764350609.pdf,340
Situation Report,2025-11-28,09:00,https://www.dmc.gov.lk/images/dmcreports/Situation_Summary_Report_at_0600hrs_on_2025__1764305438.pdf,340
Situation Report,2025-11-27,18:00,https://www.dmc.gov.lk/images/dmcreports/Situation_Summary_Report_at_1800hrs_on_2025__1764350558.pdf,340
Situation Report,2025-11-26,10:00,https://www.dmc.gov.lk/images/dmcreports/Situation_Report_on_2025__1764133532.pdf,340
Situation Report,2025-11-25,10:00,https://www.dmc.gov.lk/images/dmcreports/Situation_Report_on_2025__1764048511.pdf,350
Situation Report,2025-11-24,09:00,https://www.dmc.gov.lk/images/dmcreports/Situation_Report_on_2025__1763955547.pdf,350
Situation Report,2025-11-23,09:00,https://www.dmc.gov.lk/images/dmcreports/Situation_Report_on_2025__1763873918.pdf,350
Situation Report,2025-11-22,09:00,https://www.dmc.gov.lk/images/dmcreports/Situation_Report_on_2025__1763787830.pdf,350
Situation Report,2025-11-21,09:00,https://www.dmc.gov.lk/images/dmcreports/Situation_Report_on_2025__1763696852.pdf,350
Situation Report,2025-11-19,09:00,https://www.dmc.gov.lk/images/dmcreports/Situation_Report_on_2025__1763533964.pdf,350
Situation Report,2025-11-18,09:00,https://www.dmc.gov.lk/images/dmcreports/Situation_Report_on_2025__1763437678.pdf,350
Situation Report,2025-11-17,09:00,https://www.dmc.gov.lk/images/dmcreports/Situation_Report_on_2025__1763351262.pdf,350
Situation Report,2025-11-16,09:00,https://www.dmc.gov.lk/images/dmcreports/Situation_Report_on_2025__1763264468.pdf,350
Situation Report,2025-11-15,09:00,https://www.dmc.gov.lk/images/dmcreports/Situation_Report_on_2025__1763178264.pdf,350
Situation Report,2025-11-14,09:00,https://www.dmc.gov.lk/images/dmcreports/Situation_Report_on_2025__1763091533.pdf,360
Situation Report,2025-11-13,09:00,https://www.dmc.gov.lk/images/dmcreports/Situation_Report_on_2025__1763006532.pdf,360
Situation Report,2025-11-12,09:00,https://www.dmc.gov.lk/images/dmcreports/Situation_Report_on_2025__1762921366.pdf,360
Situation Report,2025-11-11,09:00,https://www.dmc.gov.lk/images/dmcreports/Situation_Report_on_2025__1762834611.pdf,360
Situation Report,2025-11-10,09:00,https://www.dmc.gov.lk/images/dmcreports/Situation_Report_on_2025__1762746926.pdf,360
Situation Report,2025-11-09,09:00,https://www.dmc.gov.lk/images/dmcreports/Situation_Report_on_2025__1762660277.pdf,360
Situation Report,2025-11-08,09:00,https://www.dmc.gov.lk/images/dmcreports/Situation_Report_on_2025__1762574260.pdf,360
Situation Report,2025-11-07,09:00,https://www.dmc.gov.lk/images/dmcreports/Situation_Report_on_2025__1762486423.pdf,360
Situation Report,2025-11-06,09:00,https://www.dmc.gov.lk/images/dmcreports/Situation_Report_on_2025__1762402729.pdf,360
Situation Report,2025-11-04,09:00,https://www.dmc.gov.lk/images/dmcreports/Situation_Report_on_2025__1762229224.pdf,360
Situation Report,2025-11-03,09:00,https://www.dmc.gov.lk/images/dmcreports/Situation_Report_on_2025__1762141259.pdf,370
Situation Report,2025-11-02,09:00,https://www.dmc.gov.lk/images/dmcreports/Situation_Report_on_2025__1762054945.pdf,370
Situation Report,2025-11-01,09:00,https://www.dmc.gov.lk/images/dmcreports/Situation_Report_on_2025__1761988846.pdf,370
Situation Report,2025-10-30,09:00,https://www.dmc.gov.lk/images/dmcreports/Situation_Report_on_2025__1761798452.pdf,370
Situation Report,2025-10-29,09:00,https://www.dmc.gov.lk/images/dmcreports/Situation_Report_on_2025__1761718438.pdf,370
Situation Report,2025-10-28,09:00,https://www.dmc.gov.lk/images/dmcreports/Situation_Report_on_2025__1761625007.pdf,370
Situation Report,2025-10-27,09:00,https://www.dmc.gov.lk/images/dmcreports/Situation_Report_on_2025__1761537325.pdf,370
Situation Report,2025-10-26,10:30,https://www.dmc.gov.lk/images/dmcreports/Situation_Report_on_2025__1761455653.pdf,370
Situation Report,2025-10-25,09:00,https://www.dmc.gov.lk/images/dmcreports/Situation_Report_on_2025__1761368508.pdf,370
Situation Report,2025-10-24,10:00,https://www.dmc.gov.lk/images/dmcreports/Situation_Report_on_2025__1761280236.pdf,370
Situation Report,2025-10-23,11:00,https://www.dmc.gov.lk/images/dmcreports/Situation_Report_on_2025__1761198552.pdf,380
Situation Report,2025-10-22,11:00,https://www.dmc.gov.lk/images/dmcreports/Situation_Report_on_2025__1761111879.pdf,380
Situation Report,2025-10-21,10:00,https://www.dmc.gov.lk/images/dmcreports/Drought_Situation_Report_on_2025__1761021781.pdf,380
Situation Report,2025-10-21,10:00,https://www.dmc.gov.lk/images/dmcreports/Situation_Report_on_2025__1761024509.pdf,380
Situation Report,2025-10-20,09:00,https://www.dmc.gov.lk/images/dmcreports/Situation_Report_on_2025__1760933922.pdf,380
Drought Situation Report,2025-10-20,09:00,https://www.dmc.gov.lk/images/dmcreports/Drought_Situation_Report_on_2025__1760934005.pdf,380
Drought Situation Report,2025-10-19,09:00,https://www.dmc.gov.lk/images/dmcreports/Drought_Situation_Report_on_2025__1760845229.pdf,380
Situation Report,2025-10-19,09:00,https://www.dmc.gov.lk/images/dmcreports/Situation_Report_on_2025__1760848134.pdf,380
Situation Report,2025-10-18,09:00,https://www.dmc.gov.lk/images/dmcreports/Situation_Report_on_2025__1760758257.pdf,380
Drought Situation Report,2025-10-18,09:00,https://www.dmc.gov.lk/images/dmcreports/Drought_Situation_Report_on_2025__1760758272.pdf,380
Situation Report,2025-10-17,09:00,https://www.dmc.gov.lk/images/dmcreports/Situation_Report_on_2025__1760674897.pdf,390
Drought Situation Report,2025-10-17,09:00,https://www.dmc.gov.lk/images/dmcreports/Drought_Situation_Report_on_2025__1760675330.pdf,390
Situation Report,2025-10-16,09:00,https://www.dmc.gov.lk/images/dmcreports/Situation_Report_on_2025__1760585692.pdf,390
Drought Situation Report,2025-10-16,09:00,https://www.dmc.gov.lk/images/dmcreports/Drought_Situation_Report_on_2025__1760585716.pdf,390
Situation Report,2025-10-15,09:00,https://www.dmc.gov.lk/images/dmcreports/Situation_Report_on_2025__1760503472.pdf,390
Drought Situation Report,2025-10-15,09:00,https://www.dmc.gov.lk/images/dmcreports/Drought_Situation_Report_on_2025__1760503611.pdf,390
Situation Report,2025-10-14,09:00,https://www.dmc.gov.lk/images/dmcreports/Situation_Report_on_2025__1760412710.pdf,390
Drought Situation Report,2025-10-14,09:00,https://www.dmc.gov.lk/images/dmcreports/Drought_Situation_Report_on_2025__1760412772.pdf,390
Situation Report,2025-10-13,09:00,https://www.dmc.gov.lk/images/dmcreports/Situation_Report_on_2025__1760327789.pdf,390
Drought Situation Report,2025-10-13,09:00,https://www.dmc.gov.lk/images/dmcreports/Drought_Situation_Report_on_2025__1760327852.pdf,390
Situation Report,2025-10-12,09:00,https://www.dmc.gov.lk/images/dmcreports/Situation_Report_on_2025__1760240769.pdf,400
Drought Situation Report,2025-10-12,09:00,https://www.dmc.gov.lk/images/dmcreports/Drought_Situation_Report_on_2025__1760240826.pdf,400
Situation Report,2025-10-11,09:00,https://www.dmc.gov.lk/images/dmcreports/Situation_Report_on_2025__1760154361.pdf,400
Situation Report,2025-10-10,09:00,https://www.dmc.gov.lk/images/dmcreports/Situation_Report_on_2025__1760067596.pdf,400
Drought Situation Report,2025-10-10,09:00,https://www.dmc.gov.lk/images/dmcreports/Drought_Situation_Report_on_2025__1760067641.pdf,400
Situation Report,2025-10-09,09:00,https://www.dmc.gov.lk/images/dmcreports/Drought_Situation_Report_on_2025__1759982283.pdf,400
Situation Report,2025-10-09,09:00,https://www.dmc.gov.lk/images/dmcreports/Situation_Report_on_2025__1759982300.pdf,400
Situation Report,2025-10-08,09:00,https://www.dmc.gov.lk/images/dmcreports/Situation_Report_on_2025__1759899494.pdf,400
Drought Situation Report,2025-10-08,09:00,https://www.dmc.gov.lk/images/dmcreports/Drought_Situation_Report_on_2025__1759899618.pdf,400
Situation Report,2025-10-07,09:00,https://www.dmc.gov.lk/images/dmcreports/Situation_Report_on_2025__1759809628.pdf,410
Drought Situation Report,2025-10-07,09:00,https://www.dmc.gov.lk/images/dmcreports/Drought_Situation_Report_on_2025__1759809694.pdf,410
Situation Report,2025-10-06,09:00,https://www.dmc.gov.lk/images/dmcreports/Situation_Report_on_2025__1759724240.pdf,410
Drought Situation Report,2025-10-06,09:00,https://www.dmc.gov.lk/images/dmcreports/Drought_Situation_Report_on_2025__1759724357.pdf,410
Situation Report,2025-10-05,09:00,https://www.dmc.gov.lk/images/dmcreports/Situation_Report_on_2025__1759637417.pdf,410
Drought Situation Report,2025-10-05,09:00,https://www.dmc.gov.lk/images/dmcreports/Drought_Situation_Report_on_2025__1759637451.pdf,410
Situation Report,2025-10-04,09:00,https://www.dmc.gov.lk/images/dmcreports/Situation_Report_on_2025__1759549802.pdf,410
Drought Situation Report,2025-10-04,09:00,https://www.dmc.gov.lk/images/dmcreports/Drought_Situation_Report_on_2025__1759549854.pdf,410
Situation Report,2025-10-03,09:00,https://www.dmc.gov.lk/images/dmcreports/Situation_Report_on_2025__1759463233.pdf,410
Drought Situation Report,2025-10-03,09:00,https://www.dmc.gov.lk/images/dmcreports/Drought_Situation_Report_on_2025__1759463335.pdf,410
Situation Report,2025-10-02,09:00,https://www.dmc.gov.lk/images/dmcreports/Situation_Report_on_2025__1759380158.pdf,420
Drought Situation Report,2025-10-02,09:00,https://www.dmc.gov.lk/images/dmcreports/Drought_Situation_Report_on_2025__1759380243.pdf,420
Situation Report,2025-10-01,09:00,https://www.dmc.gov.lk/images/dmcreports/Situation_Report_on_2025__1759292962.pdf,420
Situation Report,2025-10-01,09:00,https://www.dmc.gov.lk/images/dmcreports/Drought_Situation_Report_on_2025__1759293035.pdf,420
Situation Report,2025-09-30,09:00,https://www.dmc.gov.lk/images/dmcreports/Situation_Report_on_2025__1759208785.pdf,420
Drought Situation Report,2025-09-30,09:00,https://www.dmc.gov.lk/images/dmcreports/Drought_Situation_Report_on_2025__1759209216.pdf,420
Situation Report,2025-09-29,09:00,https://www.dmc.gov.lk/images/dmcreports/Situation_Report_on_2025__1759117197.pdf,420
Situation Report,2025-09-28,09:00,https://www.dmc.gov.lk/images/dmcreports/Situation_Report_on_2025__1759031748.pdf,420
Drought Situation Report,2025-09-28,09:00,https://www.dmc.gov.lk/images/dmcreports/Drought_Situation_Report_on_2025__1759031811.pdf,420
Situation Report,2025-09-27,09:00,https://www.dmc.gov.lk/images/dmcreports/Situation_Report_on_2025__1758948356.pdf,420
Drought Situation Report,2025-09-27,09:00,https://www.dmc.gov.lk/images/dmcreports/Drought_Situation_Report_on_2025__1758948399.pdf,430
Drought Situation Report,2025-09-26,09:00,https://www.dmc.gov.lk/images/dmcreports/Drought_Situation_Report_on_2025__1758862059.pdf,430
Situation Report,2025-09-26,09:00,https://www.dmc.gov.lk/images/dmcreports/Situation_Report_on_2025__1758862084.pdf,430
Drought Situation Report,2025-09-25,09:00,https://www.dmc.gov.lk/images/dmcreports/Drought_Situation_Report_on_2025__1758772867.pdf,430
Situation Report,2025-09-25,09:00,https://www.dmc.gov.lk/images/dmcreports/Situation_Report_on_2025__1758772905.pdf,430
Situation Report,2025-09-24,09:00,https://www.dmc.gov.lk/images/dmcreports/Situation_Report_on_2025__1758687610.pdf,430
Drought Situation Report,2025-09-24,09:00,https://www.dmc.gov.lk/images/dmcreports/Drought_Situation_Report_on_2025__1758687754.pdf,430
Situation Report,2025-09-23,09:00,https://www.dmc.gov.lk/images/dmcreports/Situation_Report_on_2025__1758601544.pdf,430
Drought Situation Report,2025-09-23,09:00,https://www.dmc.gov.lk/images/dmcreports/Drought_Situation_Report_on_2025__1758604251.pdf,430
Drought Situation Report,2025-09-22,09:00,https://www.dmc.gov.lk/images/dmcreports/Drought_Situation_Report_on_2025__1758513530.pdf,430
Situation Report,2025-09-22,09:00,https://www.dmc.gov.lk/images/dmcreports/Situation_Report_on_2025__1758513735.pdf,440
Situation Report,2025-09-21,09:00,https://www.dmc.gov.lk/images/dmcreports/Situation_Report_on_2025__1758425934.pdf,440
Drought Situation Report,2025-09-21,09:00,https://www.dmc.gov.lk/images/dmcreports/Drought_Situation_Report_on_2025__1758425954.pdf,440
Situation Report,2025-09-20,09:00,https://www.dmc.gov.lk/images/dmcreports/Situation_Report_on_2025__1758341027.pdf,440
Drought Situation Report,2025-09-20,09:00,https://www.dmc.gov.lk/images/dmcreports/Drought_Situation_Report_on_2025__1758341103.pdf,440
Drought Situation Report,2025-09-19,09:00,https://www.dmc.gov.lk/images/dmcreports/Drought_Situation_Report_on_2025__1758254572.pdf,440
Situation Report,2025-09-19,09:00,https://www.dmc.gov.lk/images/dmcreports/Situation_Report_on_2025__1758254608.pdf,440
Situation Report,2025-09-18,09:00,https://www.dmc.gov.lk/images/dmcreports/Situation_Report_on_2025__1758167148.pdf,440
Drought Situation Report,2025-09-18,09:00,https://www.dmc.gov.lk/images/dmcreports/Drought_Situation_Report_on_2025__1758167182.pdf,440
Situation Report,2025-09-17,09:00,https://www.dmc.gov.lk/images/dmcreports/Situation_Report_on_2025__1758081536.pdf,440
Drought Situation Report,2025-09-17,09:00,https://www.dmc.gov.lk/images/dmcreports/Drought_Situation_Report_on_2025__1758081648.pdf,450
Situation Report,2025-09-16,09:00,https://www.dmc.gov.lk/images/dmcreports/Situation_Report_on_2025__1757998741.pdf,450
Drought Situation Report,2025-09-16,09:00,https://www.dmc.gov.lk/images/dmcreports/Drought_Situation_Report_on_2025__1757998821.pdf,450
Situation Report,2025-09-14,09:00,https://www.dmc.gov.lk/images/dmcreports/Situation_Report_on_2025__1757821427.pdf,450
Situation Report,2025-09-13,09:00,https://www.dmc.gov.lk/images/dmcreports/Situation_Report_on_2025__1757735683.pdf,450
Situation Report on 2025.09.12 at 0900hrs,2025-09-12,09:00,https://www.dmc.gov.lk/images/dmcreports/Situation_Report_on_2025__1757650712.pdf,450
Situation Report,2025-09-11,09:00,https://www.dmc.gov.lk/images/dmcreports/Situation_Report_on_2025__1757564261.pdf,450
Situation Report,2025-09-10,09:00,https://www.dmc.gov.lk/images/dmcreports/Situation_Report_on_2025__1757475193.pdf,450
Situation Report,2025-09-09,09:00,https://www.dmc.gov.lk/images/dmcreports/Situation_Report_on_2025__1757389418.pdf,450
Situation Report,2025-09-08,09:00,https://www.dmc.gov.lk/images/dmcreports/Situation_Report_on_2025__1757303687.pdf,450
Situation Report,2025-09-07,09:00,https://www.dmc.gov.lk/images/dmcreports/Situation_Report_on_2025__1757216019.pdf,460
Situation Report,2025-09-06,09:00,https://www.dmc.gov.lk/images/dmcreports/Situation_Report_on_2025__1757129755.pdf,460
Situation Report,2025-09-05,09:00,https://www.dmc.gov.lk/images/dmcreports/Situation_Report_on_2025__1757044140.pdf,460
Situation Report,2025-09-04,09:00,https://www.dmc.gov.lk/images/dmcreports/Situation_Report_on_2025__1756957142.pdf,460
Situation Report,2025-09-03,09:00,https://www.dmc.gov.lk/images/dmcreports/Situation_Report_on_2025__1756870370.pdf,460
Situation Report,2025-09-02,09:00,https://www.dmc.gov.lk/images/dmcreports/Situation_Report_on_2025__1756784273.pdf,460
Situation Report,2025-09-01,09:00,https://www.dmc.gov.lk/images/dmcreports/Situation_Report_on_2025__1756698954.pdf,460
Situation Report,2025-08-31,09:00,https://www.dmc.gov.lk/images/dmcreports/Situation_Report_on_2025__1756611227.pdf,460
Situation Report,2025-08-30,09:00,https://www.dmc.gov.lk/images/dmcreports/Situation_Report_on_2025__1756526269.pdf,460
Situation Report,2025-08-29,14:00,https://www.dmc.gov.lk/images/dmcreports/Weather_Report_at_1400hrs_on_29__1756456662.pdf,460
Situation Report,2025-08-29,09:00,https://www.dmc.gov.lk/images/dmcreports/Situation_Report_on_2025__1756439305.pdf,470
Situation Report,2025-08-28,09:00,https://www.dmc.gov.lk/images/dmcreports/Situation_Report_on_2025__1756354495.pdf,470
Situation Report,2025-08-27,09:00,https://www.dmc.gov.lk/images/dmcreports/Situation_Report_on_2025__1756269664.pdf,470
Situation Report,2025-08-26,09:00,https://www.dmc.gov.lk/images/dmcreports/Situation_Report_on_2025__1756180256.pdf,470
Situation Report,2025-08-25,09:00,https://www.dmc.gov.lk/images/dmcreports/Situation_Report_on_2025__1756096034.pdf,470
Situation Report,2025-08-24,09:00,https://www.dmc.gov.lk/images/dmcreports/Situation_Report_on_2025__1756008432.pdf,470
Situation Report,2025-08-23,09:00,https://www.dmc.gov.lk/images/dmcreports/Situation_Report_on_2025__1755920166.pdf,470
Situation Report,2025-08-22,09:00,https://www.dmc.gov.lk/images/dmcreports/Situation_Report_on_2025__1755833865.pdf,470
Situation Report,2025-08-21,09:00,https://www.dmc.gov.lk/images/dmcreports/Situation_Report_on_2025__1755747392.pdf,470
Situation Report,2025-08-20,09:00,https://www.dmc.gov.lk/images/dmcreports/Situation_Report_on_2025__1755660624.pdf,470
Situation Report,2025-08-19,09:00,https://www.dmc.gov.lk/images/dmcreports/Situation_Report_on_2025__1755574312.pdf,480
Situation Report,2025-08-18,09:00,https://www.dmc.gov.lk/images/dmcreports/Situation_Report_on_2025__1755488798.pdf,480
Situation Report,2025-08-17,09:00,https://www.dmc.gov.lk/images/dmcreports/Situation_Report_on_2025__1755401665.pdf,480
Situation Report,2025-08-16,09:00,https://www.dmc.gov.lk/images/dmcreports/Situation_Report_on_2025__1755317885.pdf,480
Situation Report,2025-08-15,09:00,https://www.dmc.gov.lk/images/dmcreports/Situation_Report_on_2025__1755230644.pdf,480
Situation Report,2025-08-14,09:00,https://www.dmc.gov.lk/images/dmcreports/Situation_Report_on_2025__1755142260.pdf,480
Situation Report,2025-08-12,09:00,https://www.dmc.gov.lk/images/dmcreports/Situation_Report_on_2025__1754969927.pdf,480
Situation Report,2025-08-11,09:00,https://www.dmc.gov.lk/images/dmcreports/Situation_Report_on_2025__1754883493.pdf,480
Situation Report,2025-08-10,09:00,https://www.dmc.gov.lk/images/dmcreports/Situation_Report_on_2025__1754797495.pdf,480
Situation Report,2025-08-09,09:00,https://www.dmc.gov.lk/images/dmcreports/Situation_Report_on_2025__1754710337.pdf,480
Situation Report,2025-08-08,09:00,https://www.dmc.gov.lk/images/dmcreports/Situation_Report_on_2025__1754625581.pdf,490
Situation Report,2025-08-07,09:00,https://www.dmc.gov.lk/images/dmcreports/Situation_Report_on_2025__1754539423.pdf,490
Situation Report,2025-08-06,09:00,https://www.dmc.gov.lk/images/dmcreports/Situation_Report_on_2025__1754452307.pdf,490
Situation Report,2025-08-05,09:00,https://www.dmc.gov.lk/images/dmcreports/Situation_Report_on_2025__1754365920.pdf,490
Situation Report,2025-08-04,09:00,https://www.dmc.gov.lk/images/dmcreports/Situation_Report_on_2025__1754278970.pdf,490
Situation Report,2025-08-03,09:00,https://www.dmc.gov.lk/images/dmcreports/Situation_Report_on_2025__1754193586.pdf,490
Situation Report,2025-08-02,09:00,https://www.dmc.gov.lk/images/dmcreports/Situation_Report_on_2025__1754107533.pdf,490
Situation Report,2025-08-01,09:00,https://www.dmc.gov.lk/images/dmcreports/Situation_Report_on_2025__1754019575.pdf,490
Situation Report,2025-07-31,09:00,https://www.dmc.gov.lk/images/dmcreports/Situation_Report_on_2025__1753934100.pdf,490
Situation Report,2025-07-30,14:00,https://www.dmc.gov.lk/images/dmcreports/Weather_Report_at_1400_hrs_on_2025__1753865064.pdf,490
Situation Report,2025-07-30,09:00,https://www.dmc.gov.lk/images/dmcreports/Situation_Report_on_2025__1753849069.pdf,500
Situation Report,2025-07-29,09:00,https://www.dmc.gov.lk/images/dmcreports/Situation_Report_on_2025__1753761167.pdf,500
Situation Report,2025-07-27,09:00,https://www.dmc.gov.lk/images/dmcreports/Situation_Report_on_2025__1753587587.pdf,500
Situation Report,2025-07-26,09:00,https://www.dmc.gov.lk/images/dmcreports/Situation_Report_on_2025__1753502435.pdf,500
Situation Report,2025-07-25,09:00,https://www.dmc.gov.lk/images/dmcreports/Situation_Report_on_2025__1753415860.pdf,500
Situation Report,2025-07-24,09:00,https://www.dmc.gov.lk/images/dmcreports/Situation_Report_on_2025__1753328835.pdf,500
Situation Report,2025-07-23,09:00,https://www.dmc.gov.lk/images/dmcreports/Situation_Report_on_2025__1753241600.pdf,500
Situation Report,2025-07-22,09:30,https://www.dmc.gov.lk/images/dmcreports/Situation_Report_on_2025__1753156650.pdf,500
Situation Report,2025-07-21,10:00,https://www.dmc.gov.lk/images/dmcreports/Situation_Report_on_2025__1753072838.pdf,500
Situation Report,2025-07-20,09:00,https://www.dmc.gov.lk/images/dmcreports/Situation_Report_on_2025__1752983638.pdf,500
Situation Report,2025-07-19,09:00,https://www.dmc.gov.lk/images/dmcreports/Situation_Report_on_2025__1752895714.pdf,510
Situation Report,2025-07-18,09:00,https://www.dmc.gov.lk/images/dmcreports/Situation_Report_on_2025__1752809872.pdf,510
Situation Report,2025-07-17,09:00,https://www.dmc.gov.lk/images/dmcreports/Situation_Report_on_2025__1752725232.pdf,510
Situation Report,2025-07-16,09:00,https://www.dmc.gov.lk/images/dmcreports/Situation_Report_on_2025__1752638747.pdf,510
Situation Report,2025-07-15,09:00,https://www.dmc.gov.lk/images/dmcreports/Situation_Report_on_2025__1752550667.pdf,510
Situation Report,2025-07-14,09:00,https://www.dmc.gov.lk/images/dmcreports/Situation_Report_on_2025__1752463868.pdf,510
Situation Report,2025-07-13,09:00,https://www.dmc.gov.lk/images/dmcreports/Situation_Report_on_2025__1752377984.pdf,510
Situation Report,2025-07-12,09:00,https://www.dmc.gov.lk/images/dmcreports/Situation_Report_on_2025__1752291051.pdf,510
Situation Report,2025-07-10,09:00,https://www.dmc.gov.lk/images/dmcreports/Situation_Report_on_2025__1752119370.pdf,510
Situation Report,2025-07-09,09:00,https://www.dmc.gov.lk/images/dmcreports/Situation_Report_on_2025__1752031975.pdf,510
Situation Report,2025-07-08,09:00,https://www.dmc.gov.lk/images/dmcreports/Situation_Report_on_2025__1751946114.pdf,520
Situation Report,2025-07-07,09:00,https://www.dmc.gov.lk/images/dmcreports/Situation_Report_on_2025__1751859116.pdf,520
Situation Report,2025-07-06,09:00,https://www.dmc.gov.lk/images/dmcreports/Situation_Report_on_2025__1751773586.pdf,520
Situation Report,2025-07-05,09:00,https://www.dmc.gov.lk/images/dmcreports/Situation_Report_on_2025__1751686551.pdf,520
Situation Report,2025-07-04,09:00,https://www.dmc.gov.lk/images/dmcreports/Situation_Report_on_2025__1751605516.pdf,520
Situation Report,2025-07-03,09:00,https://www.dmc.gov.lk/images/dmcreports/Situation_Report_on_2025__1751513522.pdf,520
Situation Report,2025-07-02,09:00,https://www.dmc.gov.lk/images/dmcreports/Situation_Report_on_2025__1751427273.pdf,520
Situation Report,2025-07-01,09:00,https://www.dmc.gov.lk/images/dmcreports/Situation_Report_on_2025__1751341396.pdf,520
Situation Report,2025-06-30,09:00,https://www.dmc.gov.lk/images/dmcreports/Situation_Report_on_2025__1751254244.pdf,520
Situation Report,2025-06-29,09:00,https://www.dmc.gov.lk/images/dmcreports/Situation_Report_on_2025__1751168712.pdf,520
Situation Report,2025-06-28,09:00,https://www.dmc.gov.lk/images/dmcreports/Situation_Report_on_2025__1751081758.pdf,530
Situation Report,2025-06-27,09:00,https://www.dmc.gov.lk/images/dmcreports/Situation_Report_on_2025__1750995231.pdf,530
Situation Report,2025-06-26,09:00,https://www.dmc.gov.lk/images/dmcreports/Situation_Report_on_2025__1750909270.pdf,530
Situation Report,2025-06-25,09:00,https://www.dmc.gov.lk/images/dmcreports/Situation_Report_on_2025__1750822673.pdf,530
Situation Report,2025-06-24,09:00,https://www.dmc.gov.lk/images/dmcreports/Situation_Report_on_2025__1750736686.pdf,530
Situation Report,2025-06-23,09:00,https://www.dmc.gov.lk/images/dmcreports/Situation_Report_on_2025__1750650915.pdf,530
Situation Report,2025-06-22,09:00,https://www.dmc.gov.lk/images/dmcreports/Situation_Report_on_2025__1750563245.pdf,530
Situation Report,2025-06-21,09:00,https://www.dmc.gov.lk/images/dmcreports/Situation_Report_on_2025__1750478668.pdf,530
Situation Report,2025-06-20,09:00,https://www.dmc.gov.lk/images/dmcreports/Situation_Report_on_2025__1750390517.pdf,530
Situation Report,2025-06-19,09:00,https://www.dmc.gov.lk/images/dmcreports/Situation_Report_on_2025__1750304590.pdf,530
Situation Report,2025-06-18,09:00,https://www.dmc.gov.lk/images/dmcreports/Situation_Report_on_2025__1750219534.pdf,540
Situation Report,2025-06-17,09:00,https://www.dmc.gov.lk/images/dmcreports/Situation_Report_on_2025__1750133683.pdf,540
Situation Report,2025-06-16,09:00,https://www.dmc.gov.lk/images/dmcreports/Situation_Report_on_2025__1750045221.pdf,540
Situation Report,2025-06-15,09:00,https://www.dmc.gov.lk/images/dmcreports/Situation_Report_on_2025__1749960153.pdf,540
Situation Report,2025-06-14,09:00,https://www.dmc.gov.lk/images/dmcreports/Situation_Report_on_2025__1749873130.pdf,540
Situation Report,2025-06-13,09:00,https://www.dmc.gov.lk/images/dmcreports/Situation_Report_on_2025__1749786456.pdf,540
Situation Report,2025-06-12,09:00,https://www.dmc.gov.lk/images/dmcreports/Situation_Report_on_2025__1749699396.pdf,540
Situation Report,2025-06-10,09:00,https://www.dmc.gov.lk/images/dmcreports/Situation_Report_on_2025__1749526959.pdf,540
Situation Report,2025-06-09,09:00,https://www.dmc.gov.lk/images/dmcreports/Situation_Report_on_2025__1749440038.pdf,540
Situation Report,2025-06-08,09:00,https://www.dmc.gov.lk/images/dmcreports/Situation_Report_on_2025__1749353927.pdf,540
Situation Report,2025-06-07,09:00,https://www.dmc.gov.lk/images/dmcreports/Situation_Report_on_2025__1749267330.pdf,550
Situation Report,2025-06-06,09:00,https://www.dmc.gov.lk/images/dmcreports/Situation_Report_on_2025__1749181149.pdf,550
Situation Report,2025-06-05,09:00,https://www.dmc.gov.lk/images/dmcreports/Situation_Report_on_2025__1749094429.pdf,550
Situation Report,2025-06-04,09:00,https://www.dmc.gov.lk/images/dmcreports/Situation_Report_on_2025__1749009422.pdf,550
Situation Report,2025-06-03,09:00,https://www.dmc.gov.lk/images/dmcreports/Situation_Report_on_2025__1748924993.pdf,550
Situation Report,2025-06-02,10:40,https://www.dmc.gov.lk/images/dmcreports/Situation_Report_on_2025__1748841115.pdf,550
Situation Report,2025-06-01,09:00,https://www.dmc.gov.lk/images/dmcreports/Situation_Report_on_2025__1748749485.pdf,550
Situation Report,2025-05-31,09:00,https://www.dmc.gov.lk/images/dmcreports/Situation_Report_on_2025__1748666898.pdf,550
Situation Report,2025-05-30,18:00,https://www.dmc.gov.lk/images/dmcreports/Situation_Report_on_2025__1748610325.pdf,550
Situation Report,2025-05-30,09:00,https://www.dmc.gov.lk/images/dmcreports/Situation_Report_on_2025__1748586049.pdf,550
Situation Report,2025-05-29,09:00,https://www.dmc.gov.lk/images/dmcreports/Situation_Report_on_2025__1748492163.pdf,560
Situation Report,2025-05-28,09:00,https://www.dmc.gov.lk/images/dmcreports/Situation_Report_on_2025__1748403753.pdf,560
Situation Report,2025-05-27,09:00,https://www.dmc.gov.lk/images/dmcreports/Situation_Report_on_2025__1748325956.pdf,560
Situation Report,2025-05-26,09:00,https://www.dmc.gov.lk/images/dmcreports/Situation_Report_on_2025__1748230310.pdf,560
Situation Report,2025-05-25,09:00,https://www.dmc.gov.lk/images/dmcreports/Situation_Report_on_2025__1748143839.pdf,560
Situation Report,2025-05-24,09:00,https://www.dmc.gov.lk/images/dmcreports/Situation_Report_on_2025__1748060372.pdf,560
Situation Report,2025-05-23,09:00,https://www.dmc.gov.lk/images/dmcreports/Situation_Report_on_2025__1747971752.pdf,560
Situation Report,2025-05-22,09:00,https://www.dmc.gov.lk/images/dmcreports/Situation_Report_on_2025__1747885691.pdf,560
Situation Report,2025-05-21,09:00,https://www.dmc.gov.lk/images/dmcreports/Situation_Report_on_2025__1747799955.pdf,560
Situation Report,2025-05-20,09:00,https://www.dmc.gov.lk/images/dmcreports/Situation_Report_on_2025__1747714752.pdf,560
Situation Report,2025-05-19,09:00,https://www.dmc.gov.lk/images/dmcreports/Situation_Report_on_2025__1747626415.pdf,570
Situation Report,2025-05-18,09:00,https://www.dmc.gov.lk/images/dmcreports/Situation_Report_on_2025__1747540537.pdf,570
Situation Report,2025-05-17,09:00,https://www.dmc.gov.lk/images/dmcreports/Situation_Report_on_2025__1747452945.pdf,570
Situation Report,2025-05-14,09:00,https://www.dmc.gov.lk/images/dmcreports/Situation_Report_on_2025__1747197263.pdf,570
Situation Report,2025-05-13,09:00,https://www.dmc.gov.lk/images/dmcreports/Situation_Report_on_2025__1747112885.pdf,570
Situation Report,2025-05-12,09:00,https://www.dmc.gov.lk/images/dmcreports/Situation_Report_on_2025__1747022674.pdf,570
Situation Report,2025-05-11,09:00,https://www.dmc.gov.lk/images/dmcreports/Situation_Report_on_2025__1746936434.pdf,570
Situation Report,2025-05-10,09:00,https://www.dmc.gov.lk/images/dmcreports/Situation_Report_on_2025__1746848796.pdf,570
Situation Report,2025-05-09,09:00,https://www.dmc.gov.lk/images/dmcreports/Situation_Report_on_2025__1746765102.pdf,570
Situation Report,2025-05-08,09:00,https://www.dmc.gov.lk/images/dmcreports/Situation_Report_on_2025__1746677941.pdf,570
Situation Report,2025-05-07,09:00,https://www.dmc.gov.lk/images/dmcreports/Situation_Report_on_2025__1746589892.pdf,580
Situation Report,2025-05-06,09:00,https://www.dmc.gov.lk/images/dmcreports/Situation_Report_on_2025__1746502907.pdf,580
Situation Report,2025-05-05,09:00,https://www.dmc.gov.lk/images/dmcreports/Situation_Report_on_2025__1746415976.pdf,580
Situation Report,2025-05-04,09:00,https://www.dmc.gov.lk/images/dmcreports/Situation_Report_on_2025__1746329578.pdf,580
Situation Report,2025-05-03,09:00,https://www.dmc.gov.lk/images/dmcreports/Situation_Report_on_2025__1746257180.pdf,580
Situation Reports,2025-05-02,09:00,https://www.dmc.gov.lk/images/dmcreports/Situation_Report_on_2025__1746156568.pdf,580
Situation Report,2025-04-30,09:00,https://www.dmc.gov.lk/images/dmcreports/Situation_Report_on_2025__1745984118.pdf,580
Situation Report,2025-04-29,09:00,https://www.dmc.gov.lk/images/dmcreports/Situation_Report_on_2025__1745904590.pdf,580
Situation Report,2025-04-28,09:00,https://www.dmc.gov.lk/images/dmcreports/Situation_Report_on_2025__1745816026.pdf,580
Situation Report,2025-04-27,09:00,https://www.dmc.gov.lk/images/dmcreports/Situation_Report_on_2025__1745727345.pdf,580
Situation Report,2025-04-26,09:00,https://www.dmc.gov.lk/images/dmcreports/Situation_Report_on_2025__1745638478.pdf,590
Situation Report,2025-04-25,09:00,https://www.dmc.gov.lk/images/dmcreports/Situation_Report_on_2025__1745552117.pdf,590
Situation Report,2025-04-24,09:00,https://www.dmc.gov.lk/images/dmcreports/Situation_Report_on_2025__1745471122.pdf,590
Situation Report,2025-04-23,09:00,https://www.dmc.gov.lk/images/dmcreports/Situation_Report_on_2025__1745379318.pdf,590
Situation Report,2025-04-22,09:00,https://www.dmc.gov.lk/images/dmcreports/Situation_Report_on_2025__1745293951.pdf,590
Situation Report,2025-04-21,09:00,https://www.dmc.gov.lk/images/dmcreports/Situation_Report_on_2025__1745206786.pdf,590
Situation Report,2025-04-20,09:00,https://www.dmc.gov.lk/images/dmcreports/Situation_Report_on_2025__1745119904.pdf,590
Situation Report,2025-04-19,09:00,https://www.dmc.gov.lk/images/dmcreports/Situation_Report_on_2025__1745033506.pdf,590
Situation Report,2025-04-18,09:00,https://www.dmc.gov.lk/images/dmcreports/Situation_Report_on_2025__1744950794.pdf,590
Situation Report,2025-04-17,09:00,https://www.dmc.gov.lk/images/dmcreports/Situation_Report_on_2025__1744860944.pdf,590
Situation Report,2025-04-16,09:00,https://www.dmc.gov.lk/images/dmcreports/Situation_Report_on_2025__1744774416.pdf,600
Situation Report,2025-04-15,09:00,https://www.dmc.gov.lk/images/dmcreports/Situation_Report_on_2025__1744688669.pdf,600
Situation Report,2025-04-14,09:00,https://www.dmc.gov.lk/images/dmcreports/Situation_Report_on_2025__1744601695.pdf,600
Situation Report,2025-04-13,09:00,https://www.dmc.gov.lk/images/dmcreports/Situation_Report_on_2025__1744515311.pdf,600
Situation Report,2025-04-12,09:00,https://www.dmc.gov.lk/images/dmcreports/Situation_Report_on_2025__1744429860.pdf,600
Situation Report,2025-04-11,09:00,https://www.dmc.gov.lk/images/dmcreports/Situation_Report_on_2025__1744345533.pdf,600
Situation Report,2025-04-10,09:00,https://www.dmc.gov.lk/images/dmcreports/Situation_Report_on_2025__1744260630.pdf,600
Situation Report,2025-04-09,09:00,https://www.dmc.gov.lk/images/dmcreports/Situation_Report_on_2025__1744174457.pdf,600
Situation Report,2025-04-08,09:00,https://www.dmc.gov.lk/images/dmcreports/Situation_Report_on_2025__1744085919.pdf,600
Situation Report,2025-04-07,09:00,https://www.dmc.gov.lk/images/dmcreports/Situation_Report_on_2025__1744006162.pdf,600
Situation Report,2025-04-06,09:00,https://www.dmc.gov.lk/images/dmcreports/Situation_Report_on_2025__1743911934.pdf,610
Situation Report,2025-04-05,09:00,https://www.dmc.gov.lk/images/dmcreports/Situation_Report_on_2025__1743829149.pdf,610
Situation Report,2025-04-04,09:00,https://www.dmc.gov.lk/images/dmcreports/Situation_Report_on_2025__1743737651.pdf,610
Situation Report,2025-04-03,09:00,https://www.dmc.gov.lk/images/dmcreports/Situation_Report_on_2025__1743653426.pdf,610
Situation Report,2025-04-02,09:00,https://www.dmc.gov.lk/images/dmcreports/Situation_Report_on_2025__1743566714.pdf,610
Situation Report,2025-04-01,09:00,https://www.dmc.gov.lk/images/dmcreports/Situation_Report_on_2025__1743496476.pdf,610
Situation Report,2025-03-29,09:00,https://www.dmc.gov.lk/images/dmcreports/Situation_Report_on_2025__1743226617.pdf,610
Situation Report,2025-03-28,09:00,https://www.dmc.gov.lk/images/dmcreports/Situation_Report_on_2025__1743134705.pdf,610
Situation Report,2025-03-27,16:00,https://www.dmc.gov.lk/images/dmcreports/Weather_Report_at_1600_hrs_on_2025__1743073444.pdf,610
Situation Report,2025-03-27,09:00,https://www.dmc.gov.lk/images/dmcreports/Situation_Report_on_2025__1743050713.pdf,610
Situation Report,2025-03-26,09:00,https://www.dmc.gov.lk/images/dmcreports/Situation_Report_on_2025__1742959933.pdf,620
Situation Report,2025-03-25,09:00,https://www.dmc.gov.lk/images/dmcreports/Situation_Report_on_2025__1742883248.pdf,620
Situation Report,2025-03-24,09:00,https://www.dmc.gov.lk/images/dmcreports/Situation_Report_on_2025__1742789652.pdf,620
Situation Report,2025-03-23,09:00,https://www.dmc.gov.lk/images/dmcreports/Situation_Report_on_2025__1742701363.pdf,620
Situation Report,2025-03-22,09:00,https://www.dmc.gov.lk/images/dmcreports/Situation_Report_on_2025__1742615309.pdf,620
Situation Report,2025-03-20,09:00,https://www.dmc.gov.lk/images/dmcreports/Situation_Report_on_2025__1742441988.pdf,620
Situation Report,2025-03-19,09:00,https://www.dmc.gov.lk/images/dmcreports/Situation_Report_on_2025__1742355858.pdf,620
Situation Report,2025-03-18,09:00,https://www.dmc.gov.lk/images/dmcreports/Situation_Report_on_2025__1742268695.pdf,620
Situation Report,2025-03-17,09:00,https://www.dmc.gov.lk/images/dmcreports/Situation_Report_on_2025__1742183143.pdf,620
Situation Report,2025-03-16,09:00,https://www.dmc.gov.lk/images/dmcreports/Situation_Report_on_2025__1742097933.pdf,630
Situation Report,2025-03-13,09:30,https://www.dmc.gov.lk/images/dmcreports/Situation_Report_on_2025__1741844223.pdf,630
Situation Report,2025-03-12,09:00,https://www.dmc.gov.lk/images/dmcreports/Situation_Report_on_2025__1741750817.pdf,630
Situation Report,2025-03-11,09:00,https://www.dmc.gov.lk/images/dmcreports/Situation_Report_on_2025__1741664204.pdf,630
Situation Report,2025-03-10,09:00,https://www.dmc.gov.lk/images/dmcreports/Situation_Report_on_2025__1741577586.pdf,630
Situation Report,2025-03-09,09:00,https://www.dmc.gov.lk/images/dmcreports/Situation_Report_on_2025__1741491018.pdf,630
Situation Report,2025-03-08,09:00,https://www.dmc.gov.lk/images/dmcreports/Situation_Report_on_2025__1741407070.pdf,630
Situation Report,2025-03-07,09:00,https://www.dmc.gov.lk/images/dmcreports/Situation_Report_on_2025__1741319442.pdf,630
Situation Report,2025-03-06,09:00,https://www.dmc.gov.lk/images/dmcreports/Situation_Report_on_2025__1741233347.pdf,630
Situation Report,2025-03-05,14:00,https://www.dmc.gov.lk/images/dmcreports/Weather_Report_at_1400_hrs_on_2025__1741163667.pdf,630
Situation Report,2025-03-05,09:00,https://www.dmc.gov.lk/images/dmcreports/Situation_Report_on_2025__1741147207.pdf,640
Situation Report,2025-03-04,09:00,https://www.dmc.gov.lk/images/dmcreports/Situation_Report_on_2025__1741064550.pdf,640
Situation Report,2025-03-03,09:00,https://www.dmc.gov.lk/images/dmcreports/Situation_Report_on_2025__1740975514.pdf,640
Situation Report,2025-03-02,09:00,https://www.dmc.gov.lk/images/dmcreports/Situation_Report_on_2025__1740914940.pdf,640
Situation Report,2025-03-01,09:00,https://www.dmc.gov.lk/images/dmcreports/Situation_Report_on_2025__1740800908.pdf,640
Situation Report,2025-02-27,09:00,https://www.dmc.gov.lk/images/dmcreports/Situation_Report_on_2025__1740630355.pdf,640
Situation Report,2025-02-26,09:00,https://www.dmc.gov.lk/images/dmcreports/Situation_Report_on_2025__1740542157.pdf,650
Situation Report,2025-02-25,09:00,https://www.dmc.gov.lk/images/dmcreports/Situation_Report_on_2025__1740456214.pdf,650
Situation Report,2025-02-24,09:00,https://www.dmc.gov.lk/images/dmcreports/Situation_Report_on_2025__1740456840.pdf,650
Situation Report,2025-02-23,09:00,https://www.dmc.gov.lk/images/dmcreports/Situation_Report_on_2025__1740281714.pdf,650
Situation Report,2025-02-22,09:00,https://www.dmc.gov.lk/images/dmcreports/Situation_Report_on_2025__1740198720.pdf,650
Situation Report,2025-02-21,09:00,https://www.dmc.gov.lk/images/dmcreports/Situation_Report_on_2025__1740109178.pdf,650
Situation Report,2025-02-20,09:00,https://www.dmc.gov.lk/images/dmcreports/Situation_Report_on_2025__1740023204.pdf,650
Situation Report,2025-02-19,09:00,https://www.dmc.gov.lk/images/dmcreports/Situation_Report_on_2025__1739936358.pdf,650
Situation Report,2025-02-18,09:00,https://www.dmc.gov.lk/images/dmcreports/Situation_Report_on_2025__1739849560.pdf,650
Situation Report,2025-02-17,09:00,https://www.dmc.gov.lk/images/dmcreports/Situation_Report_on_2025__1739763120.pdf,650
Situation Report,2025-02-16,09:00,https://www.dmc.gov.lk/images/dmcreports/Situation_Report_on_2025__1739676683.pdf,660
Situation Report,2025-02-15,09:00,https://www.dmc.gov.lk/images/dmcreports/Situation_Report_on_2025__1739590293.pdf,660
Situation Report,2025-02-14,09:00,https://www.dmc.gov.lk/images/dmcreports/Situation_Report_on_2025__1739503994.pdf,660
Situation Report,2025-02-13,09:00,https://www.dmc.gov.lk/images/dmcreports/Situation_Report_on_2025__1739418292.pdf,660
Situation Report,2025-02-12,09:00,https://www.dmc.gov.lk/images/dmcreports/Situation_Report_on_2025__1739330907.pdf,660
Situation Report,2025-02-11,09:00,https://www.dmc.gov.lk/images/dmcreports/Situation_Report_on_2025__1739245443.pdf,660
Situation Report,2025-02-10,09:00,https://www.dmc.gov.lk/images/dmcreports/Situation_Report_on_2025__1739160295.pdf,660
Situation Report,2025-02-09,09:00,https://www.dmc.gov.lk/images/dmcreports/Situation_Report_on_2025__1739076120.pdf,660
Situation Report,2025-02-08,09:00,https://www.dmc.gov.lk/images/dmcreports/Situation_Report_on_2025__1738987666.pdf,660
Situation Report,2025-02-07,09:00,https://www.dmc.gov.lk/images/dmcreports/Situation_Report_on_2025__1738899652.pdf,660
Situation Report,2025-02-06,09:00,https://www.dmc.gov.lk/images/dmcreports/Situation_Report_on_2025__1738816125.pdf,670
Situation Report,2025-02-05,09:00,https://www.dmc.gov.lk/images/dmcreports/Situation_Report_on_2025__1738726361.pdf,670
Situation Report,2025-02-04,09:00,https://www.dmc.gov.lk/images/dmcreports/Situation_Report_on_2025__1738648576.pdf,670
Situation Reports,2025-02-03,09:00,https://www.dmc.gov.lk/images/dmcreports/Situation_Report_on_2025__1738563428.pdf,670
Situation Report,2025-02-02,09:00,https://www.dmc.gov.lk/images/dmcreports/Situation_Report_on_2025__1738469368.pdf,670
Situation Report,2025-02-01,09:00,https://www.dmc.gov.lk/images/dmcreports/Situation_Report_on_2025__1738380895.pdf,670
Situation Report,2025-01-31,09:00,https://www.dmc.gov.lk/images/dmcreports/Situation_Report_on_2025__1738301237.pdf,670
Situation Report,2025-01-30,09:00,https://www.dmc.gov.lk/images/dmcreports/Situation_Report_on_2025__1738211824.pdf,670
Situation Report,2025-01-29,09:00,https://www.dmc.gov.lk/images/dmcreports/Situation_Report_on_2025__1738123813.pdf,670
Situation Report,2025-01-28,09:00,https://www.dmc.gov.lk/images/dmcreports/Situation_Report_on_2025__1738038124.pdf,670
Situation Reports,2025-01-27,09:00,https://www.dmc.gov.lk/images/dmcreports/Situation_Report_on_2025__1737949995.pdf,680
Situation Report,2025-01-26,09:00,https://www.dmc.gov.lk/images/dmcreports/Situation_Report_on_2025__1737862785.pdf,680
Situation Report,2025-01-25,09:00,https://www.dmc.gov.lk/images/dmcreports/Situation_Report_on_2025__1737776592.pdf,680
Situation Report,2025-01-24,09:00,https://www.dmc.gov.lk/images/dmcreports/Situation_Report_on_2025__1737698005.pdf,680
Situation Report,2025-01-23,09:00,https://www.dmc.gov.lk/images/dmcreports/Situation_Report_on_2025__1737613276.pdf,680
Situation Report,2025-01-22,09:00,https://www.dmc.gov.lk/images/dmcreports/Situation_Report_on_2025__1737519833.pdf,680
Situation Report,2025-01-21,09:00,https://www.dmc.gov.lk/images/dmcreports/Situation_Report_on_2025__1737431476.pdf,680
Situation Report,2025-01-20,09:00,https://www.dmc.gov.lk/images/dmcreports/Situation_Report_on_2025__1737345523.pdf,680
Situation Report,2025-01-19,09:00,https://www.dmc.gov.lk/images/dmcreports/Situation_Report_on_2025__1737258442.pdf,680
Situation Report,2025-01-18,09:00,https://www.dmc.gov.lk/images/dmcreports/Situation_Report_on_2025__1737171616.pdf,680
Situation Report,2025-01-17,09:00,https://www.dmc.gov.lk/images/dmcreports/Situation_Report_on_2025__1737084898.pdf,690
Situation Report,2025-01-16,09:00,https://www.dmc.gov.lk/images/dmcreports/Situation_Report_on_2025__1736999278.pdf,690
Situation Report,2025-01-15,09:00,https://www.dmc.gov.lk/images/dmcreports/Situation_Report_on_2025__1736912229.pdf,690
Situation Report,2025-01-14,09:00,https://www.dmc.gov.lk/images/dmcreports/Situation_Report_on_2025__1736825785.pdf,690
Situation Report,2025-01-13,09:00,https://www.dmc.gov.lk/images/dmcreports/Situation_Report_on_2025__1736739499.pdf,690
Situation Report,2025-01-12,09:00,https://www.dmc.gov.lk/images/dmcreports/Situation_Report_on_2025__1736652761.pdf,690
Situation Report,2025-01-11,09:00,https://www.dmc.gov.lk/images/dmcreports/Situation_Report_on_2025__1736566898.pdf,690
Situation Report,2025-01-10,09:00,https://www.dmc.gov.lk/images/dmcreports/Situation_Report_on_2025__1736482234.pdf,690
Situation Report,2025-01-09,09:00,https://www.dmc.gov.lk/images/dmcreports/Situation_Report_on_2025__1736394937.pdf,690
Situation Report,2025-01-08,09:00,https://www.dmc.gov.lk/images/dmcreports/Situation_Report_on_2025__1736307417.pdf,690
Situation Report,2025-01-07,09:00,https://www.dmc.gov.lk/images/dmcreports/Situation_Report_on_2025__1736224185.pdf,700
Situation Report,2025-01-06,09:00,https://www.dmc.gov.lk/images/dmcreports/Situation_Report_on_2025__1736135116.pdf,700
Situation Reports,2025-01-05,09:00,https://www.dmc.gov.lk/images/dmcreports/Situation_Report_on_2025__1736051876.pdf,700
Situation Report,2025-01-03,09:00,https://www.dmc.gov.lk/images/dmcreports/Situation_Report_on_2025__1735880667.pdf,700
Situation Report,2025-01-02,09:00,https://www.dmc.gov.lk/images/dmcreports/Situation_Report_on_2025__1735791647.pdf,700
Situation Report,2025-01-01,09:00,https://www.dmc.gov.lk/images/dmcreports/Situation_Report_on_2025__1735713870.pdf,700
Situation Report,2024-12-29,09:00,https://www.dmc.gov.lk/images/dmcreports/Situation_Report_on_2024__1735443272.pdf,700
Situation Report,2024-12-28,09:00,https://www.dmc.gov.lk/images/dmcreports/Situation_Report_on_2024__1735356041.pdf,700
Situation Report,2024-12-27,09:00,https://www.dmc.gov.lk/images/dmcreports/Situation_Report_on_2024__1735270609.pdf,700
Situation Report,2024-12-26,09:00,https://www.dmc.gov.lk/images/dmcreports/Situation_Report_on_2024__1735184571.pdf,700
Situation Report,2024-12-25,09:00,https://www.dmc.gov.lk/images/dmcreports/Situation_Report_on_2024__1735097739.pdf,710
Situation Report,2024-12-24,09:00,https://www.dmc.gov.lk/images/dmcreports/Situation_Report_on_2024__1735016251.pdf,710
Situation Report,2024-12-23,09:00,https://www.dmc.gov.lk/images/dmcreports/Situation_Report_on_2024__1734924784.pdf,710
Situation Report,2024-12-21,09:00,https://www.dmc.gov.lk/images/dmcreports/Situation_Report_on_2024__1734752373.pdf,710
Situation Report,2024-12-20,09:00,https://www.dmc.gov.lk/images/dmcreports/Situation_Report_on_2024__1734665665.pdf,710
Situation Report,2024-12-19,09:00,https://www.dmc.gov.lk/images/dmcreports/Situation_Report_on_2024__1734580442.pdf,710
Situation Report,2024-12-18,09:00,https://www.dmc.gov.lk/images/dmcreports/Situation_Report_on_2024__1734492980.pdf,710
Situation Report,2024-12-17,09:00,https://www.dmc.gov.lk/images/dmcreports/Situation_Report_on_2024__1734406412.pdf,710
Situation Report,2024-12-16,09:00,https://www.dmc.gov.lk/images/dmcreports/Situation_Report_on_2024__1734320093.pdf,710
Situation Report,2024-12-15,09:00,https://www.dmc.gov.lk/images/dmcreports/Situation_Report_on_2024__1734234146.pdf,710
Situation Report,2024-12-14,09:00,https://www.dmc.gov.lk/images/dmcreports/Situation_Report_on_2024__1734148722.pdf,720
Situation Report,2024-12-13,09:00,https://www.dmc.gov.lk/images/dmcreports/Situation_Report_on_2024__1734060914.pdf,720
Situation Report,2024-12-12,09:00,https://www.dmc.gov.lk/images/dmcreports/Situation_Report_on_2024__1733975404.pdf,720
Situation Report,2024-12-11,09:00,https://www.dmc.gov.lk/images/dmcreports/Situation_Report_on_2024__1733889046.pdf,720
Situation Report,2024-12-10,09:00,https://www.dmc.gov.lk/images/dmcreports/Situation_Report_on_2024__1733804403.pdf,720
Situation Report,2024-12-09,10:00,https://www.dmc.gov.lk/images/dmcreports/Situation_Report_on_2024__1733722007.pdf,720
Situation Report,2024-12-08,09:00,https://www.dmc.gov.lk/images/dmcreports/Situation_Report_on_2024__1733631818.pdf,720
Situation Report,2024-12-07,09:00,https://www.dmc.gov.lk/images/dmcreports/Situation_Report_on_2024__1733548269.pdf,720
Situation Report,2024-12-06,12:00,https://www.dmc.gov.lk/images/dmcreports/Situation_Report_on_2024__1733468625.pdf,720
Situation Report,2024-12-05,10:00,https://www.dmc.gov.lk/images/dmcreports/Situation_Report_on_2024__1733373812.pdf,720
Situation Report,2024-12-03,10:00,https://www.dmc.gov.lk/images/dmcreports/Situation_Report_on_2024__1733202658.pdf,730
Situation Report,2024-12-02,10:00,https://www.dmc.gov.lk/images/dmcreports/Situation_Report_on_2024__1733115065.pdf,730
Situation Report,2024-12-01,12:00,https://www.dmc.gov.lk/images/dmcreports/Situation_Report_on_2024__1733035048.pdf,730
Situation Report,2024-11-30,12:00,https://www.dmc.gov.lk/images/dmcreports/Situation_Report_on_2024__1732948764.pdf,730
Situation Report,2024-11-29,14:00,https://www.dmc.gov.lk/images/dmcreports/Situation_Report_on_2024__1732872151.pdf,730
Situation Report,2024-11-28,16:00,https://www.dmc.gov.lk/images/dmcreports/Situation_Report_on_2024__1732794421.pdf,730
Situation Report,2024-11-27,09:00,https://www.dmc.gov.lk/images/dmcreports/Situation_Report_on_2024__1732687355.pdf,730
Situation Report,2024-11-26,09:00,https://www.dmc.gov.lk/images/dmcreports/Situation_Report_on_2024__1732610803.pdf,730
Situation Report,2024-11-25,09:00,https://www.dmc.gov.lk/images/dmcreports/Situation_Report_on_2024__1732512234.pdf,730
Situation Report,2024-11-24,09:00,https://www.dmc.gov.lk/images/dmcreports/Situation_Report_on_2024__1732422769.pdf,730
Situation Report,2024-11-23,09:00,https://www.dmc.gov.lk/images/dmcreports/Situation_Report_on_2024__1732333318.pdf,740
Situation Report,2024-11-22,09:00,https://www.dmc.gov.lk/images/dmcreports/Situation_Report_on_2024__1732246650.pdf,740
Situation Report,2024-11-21,09:00,https://www.dmc.gov.lk/images/dmcreports/Situation_Report_on_2024__1732160458.pdf,740
Situation Report,2024-11-20,09:00,https://www.dmc.gov.lk/images/dmcreports/Situation_Report_on_2024__1732073998.pdf,740
Situation Report,2024-11-19,09:00,https://www.dmc.gov.lk/images/dmcreports/Situation_Report_on_2024__1731987903.pdf,740
Situation Report,2024-11-18,09:00,https://www.dmc.gov.lk/images/dmcreports/Situation_Report_on_2024__1731901007.pdf,740
Situation Report,2024-11-17,09:00,https://www.dmc.gov.lk/images/dmcreports/Situation_Report_on_2024__1731814395.pdf,740
Situation Report,2024-11-16,09:00,https://www.dmc.gov.lk/images/dmcreports/Situation_Report_on_2024__1731728046.pdf,740
Situation Report,2024-11-15,09:00,https://www.dmc.gov.lk/images/dmcreports/Situation_Report_on_2024__1731641783.pdf,740
Situation Report,2024-11-14,09:00,https://www.dmc.gov.lk/images/dmcreports/Situation_Report_on_2024__1731555726.pdf,740
Situation Report,2024-11-13,09:00,https://www.dmc.gov.lk/images/dmcreports/Situation_Report_on_2024__1731470563.pdf,750
Situation Report,2024-11-12,09:00,https://www.dmc.gov.lk/images/dmcreports/Situation_Report_on_2024__1731382874.pdf,750
Situation Report,2024-11-11,09:00,https://www.dmc.gov.lk/images/dmcreports/Situation_Report_on_2024__1731297827.pdf,750
Situation Report,2024-11-10,09:00,https://www.dmc.gov.lk/images/dmcreports/Situation_Report_on_2024__1731210334.pdf,750
Situation Report,2024-11-09,09:00,https://www.dmc.gov.lk/images/dmcreports/Situation_Report_on_2024__1731124144.pdf,750
Situation Report,2024-11-08,09:00,https://www.dmc.gov.lk/images/dmcreports/Situation_Report_on_2024__1731037731.pdf,750
Situation Report,2024-11-07,09:00,https://www.dmc.gov.lk/images/dmcreports/Situation_Report_on_2024__1730952507.pdf,750
Situation Report,2024-11-05,09:00,https://www.dmc.gov.lk/images/dmcreports/Situation_Report_on_2024__1730778329.pdf,750
Situation Report,2024-11-04,09:00,https://www.dmc.gov.lk/images/dmcreports/Situation_Report_on_2024__1730692273.pdf,750
Situation Report,2024-11-03,09:00,https://www.dmc.gov.lk/images/dmcreports/Situation_Report_on_2024__1730606357.pdf,750
Situation Report,2024-11-02,09:00,https://www.dmc.gov.lk/images/dmcreports/Situation_Report_on_2024__1730520311.pdf,760
Situation Report,2024-11-01,09:00,https://www.dmc.gov.lk/images/dmcreports/Situation_Report_on_2024__1730433645.pdf,760
Situation Report,2024-10-31,09:00,https://www.dmc.gov.lk/images/dmcreports/Situation_Report_on_2024__1730346021.pdf,760
Situation Report,2024-10-30,09:00,https://www.dmc.gov.lk/images/dmcreports/Situation_Report_on_2024__1730260073.pdf,760
Situation Report,2024-10-29,09:00,https://www.dmc.gov.lk/images/dmcreports/Situation_Report_on_2024__1730172728.pdf,760
Situation Report,2024-10-28,09:00,https://www.dmc.gov.lk/images/dmcreports/Situation_Report_on_2024__1730086468.pdf,760
Situation Report,2024-10-27,09:00,https://www.dmc.gov.lk/images/dmcreports/Situation_Report_on_2024__1730003075.pdf,760
Situation Report,2024-10-25,09:00,https://www.dmc.gov.lk/images/dmcreports/Situation_Report_on_2024__1729834974.pdf,760
Situation Report,2024-10-24,09:00,https://www.dmc.gov.lk/images/dmcreports/Situation_Report_on_2024__1729742805.pdf,760
Situation Report,2024-10-23,09:00,https://www.dmc.gov.lk/images/dmcreports/Situation_Report_on_2024__1729654613.pdf,760
Situation Report,2024-10-22,09:00,https://www.dmc.gov.lk/images/dmcreports/Situation_Report_on_2024__1729568144.pdf,770
Situation Report,2024-10-21,09:00,https://www.dmc.gov.lk/images/dmcreports/Situation_Report_on_2024__1729485165.pdf,770
Situation Report,2024-10-20,09:00,https://www.dmc.gov.lk/images/dmcreports/Situation_Report_on_2024__1729395434.pdf,770
Situation Report,2024-10-19,09:00,https://www.dmc.gov.lk/images/dmcreports/Situation_Report_on_2024__1729308776.pdf,770
Situation Report,2024-10-18,09:00,https://www.dmc.gov.lk/images/dmcreports/Situation_Report_on_2024__1729222556.pdf,770
Situation Report,2024-10-17,09:00,https://www.dmc.gov.lk/images/dmcreports/Situation_Report_on_2024__1729138577.pdf,770
Situation Report,2024-10-16,09:00,https://www.dmc.gov.lk/images/dmcreports/Situation_Report_on_2024__1729049880.pdf,770
Situation Report,2024-10-15,09:00,https://www.dmc.gov.lk/images/dmcreports/Situation_Report_on_2024__1728965696.pdf,770
Situation Report,2024-10-14,09:00,https://www.dmc.gov.lk/images/dmcreports/Situation_Report_on_2024__1728878667.pdf,770
Situation Report,2024-10-13,09:00,https://www.dmc.gov.lk/images/dmcreports/Situation_Report_on_2024__1728793913.pdf,770
Situation Report,2024-10-12,09:00,https://www.dmc.gov.lk/images/dmcreports/Situation_Report_on_2024__1728705758.pdf,780
Drought Situation Report,2024-10-11,09:00,https://www.dmc.gov.lk/images/dmcreports/Drought_Situation_Report_on_2024__1728621135.pdf,780
Situation Report,2024-10-11,09:00,https://www.dmc.gov.lk/images/dmcreports/Situation_Report_on_2024__1728621165.pdf,780
Situation Report,2024-10-10,09:00,https://www.dmc.gov.lk/images/dmcreports/Situation_Report_on_2024__1728535471.pdf,780
Drought Situation Report,2024-10-10,09:00,https://www.dmc.gov.lk/images/dmcreports/Drought_Situation_Report_on_2024__1728535545.pdf,780
Situation Report (Drought),2024-10-09,09:00,https://www.dmc.gov.lk/images/dmcreports/Drought_Situation_Report_on_2024__1728444692.pdf,780
Situation Report,2024-10-09,09:00,https://www.dmc.gov.lk/images/dmcreports/Situation_Report_on_2024__1728444757.pdf,780
Situation Report,2024-10-08,09:00,https://www.dmc.gov.lk/images/dmcreports/Situation_Report_on_2024__1728359373.pdf,780
Situation Report (Drought),2024-10-08,09:00,https://www.dmc.gov.lk/images/dmcreports/Drought_Situation_Report_on_2024__1728359420.pdf,780
Situation Report,2024-10-07,09:00,https://www.dmc.gov.lk/images/dmcreports/Situation_Report_on_2024__1728275206.pdf,780
Drought Situation Report,2024-10-07,09:00,https://www.dmc.gov.lk/images/dmcreports/Drought_Situation_Report_on_2024__1728275272.pdf,790
Drought Situation Report,2024-10-06,09:00,https://www.dmc.gov.lk/images/dmcreports/Drought_Situation_Report_on_2024__1728185782.pdf,790
Situation Report,2024-10-06,09:00,https://www.dmc.gov.lk/images/dmcreports/Situation_Report_on_2024__1728185841.pdf,790
Situation Report (Drought),2024-10-05,09:00,https://www.dmc.gov.lk/images/dmcreports/Drought_Situation_Report_on_2024__1728100117.pdf,790
Situation Report,2024-10-05,09:00,https://www.dmc.gov.lk/images/dmcreports/Situation_Report_on_2024__1728100145.pdf,790
Situation Report (Drought),2024-10-04,09:00,https://www.dmc.gov.lk/images/dmcreports/Drought_Situation_Report_on_2024__1728014220.pdf,790
Situation Report,2024-10-04,09:00,https://www.dmc.gov.lk/images/dmcreports/Situation_Report_on_2024__1728014293.pdf,790
Situation Report,2024-10-03,09:00,https://www.dmc.gov.lk/images/dmcreports/Situation_Report_on_2024__1727927251.pdf,790
Situation Report,2024-10-03,09:00,https://www.dmc.gov.lk/images/dmcreports/Drought_Situation_Report_on_2024__1727927270.pdf,790
Situation Report (Drought),2024-10-02,09:00,https://www.dmc.gov.lk/images/dmcreports/Drought_Situation_Report_on_2024__1727843315.pdf,790
Situation Report,2024-10-02,09:00,https://www.dmc.gov.lk/images/dmcreports/Situation_Report_on_2024__1727843390.pdf,800
Situation Report (Drought),2024-10-01,09:00,https://www.dmc.gov.lk/images/dmcreports/Drought_Situation_Report_on_2024__1727754801.pdf,800
Situation Report,2024-10-01,09:00,https://www.dmc.gov.lk/images/dmcreports/Situation_Report_on_2024__1727754855.pdf,800
Situation Report (Drought),2024-09-29,09:00,https://www.dmc.gov.lk/images/dmcreports/Drought_Situation_Report_on_2024__1727583447.pdf,800
Situation Report,2024-09-28,09:00,https://www.dmc.gov.lk/images/dmcreports/Situation_Report_on_2024__1727496049.pdf,800
Situation Report (Drought),2024-09-28,09:00,https://www.dmc.gov.lk/images/dmcreports/Drought_Situation_Report_on_2024__1727496176.pdf,800
Drought Situation Report,2024-09-27,09:00,https://www.dmc.gov.lk/images/dmcreports/Drought_Situation_Report_on_2024__1727410466.pdf,800
Situation Report,2024-09-27,09:00,https://www.dmc.gov.lk/images/dmcreports/Situation_Report_on_2024__1727410497.pdf,800
Drought Situation Report,2024-09-26,09:00,https://www.dmc.gov.lk/images/dmcreports/Drought_Situation_Report_on_2024__1727322310.pdf,800
Situation Report,2024-09-26,09:00,https://www.dmc.gov.lk/images/dmcreports/Situation_Report_on_2024__1727322338.pdf,800
Drought Situation Report,2024-09-25,09:00,https://www.dmc.gov.lk/images/dmcreports/Drought_Situation_Report_on_2024__1727245202.pdf,810
Situation Report,2024-09-25,09:00,https://www.dmc.gov.lk/images/dmcreports/Situation_Report_on_2024__1727245243.pdf,810
Drought Situation Report,2024-09-24,09:00,https://www.dmc.gov.lk/images/dmcreports/Drought_Situation_Report_on_2024__1727150115.pdf,810
Situation Report,2024-09-24,09:00,https://www.dmc.gov.lk/images/dmcreports/Situation_Report_on_2024__1727150162.pdf,810
Situation Report,2024-09-23,09:00,https://www.dmc.gov.lk/images/dmcreports/Situation_Report_on_2024__1727062741.pdf,810
Situation Report (Drought),2024-09-23,09:00,https://www.dmc.gov.lk/images/dmcreports/Drought_Situation_Report_on_2024__1727062758.pdf,810
Situation Report (Drought),2024-09-22,09:00,https://www.dmc.gov.lk/images/dmcreports/Drought_Situation_Report_on_2024__1726976280.pdf,810
Situation Report,2024-09-22,09:00,https://www.dmc.gov.lk/images/dmcreports/Situation_Report_on_2024__1726976297.pdf,810
Situation Report,2024-09-21,09:00,https://www.dmc.gov.lk/images/dmcreports/Situation_Report_on_2024__1726891355.pdf,810
Situation Report (Drought),2024-09-21,09:00,https://www.dmc.gov.lk/images/dmcreports/Drought_Situation_Report_on_2024__1726891377.pdf,810
Situation Report (Drought),2024-09-20,09:00,https://www.dmc.gov.lk/images/dmcreports/Drought_Situation_Report_on_2024__1726805195.pdf,820
Situation Report,2024-09-20,09:00,https://www.dmc.gov.lk/images/dmcreports/Situation_Report_on_2024__1726805217.pdf,820
Situation Report,2024-09-19,09:00,https://www.dmc.gov.lk/images/dmcreports/Situation_Report_on_2024__1726717687.pdf,820
Situation Report (Drought),2024-09-19,09:00,https://www.dmc.gov.lk/images/dmcreports/Drought_Situation_Report_on_2024__1726717744.pdf,820
Drought Situation Report,2024-09-18,09:00,https://www.dmc.gov.lk/images/dmcreports/Drought_Situation_Report_on_2024__1726631811.pdf,820
Situation Report,2024-09-18,09:00,https://www.dmc.gov.lk/images/dmcreports/Situation_Report_on_2024__1726631939.pdf,820
Situation Report,2024-09-17,09:00,https://www.dmc.gov.lk/images/dmcreports/Situation_Report_on_2024__1726545056.pdf,820
Situation Report (Drought),2024-09-17,09:00,https://www.dmc.gov.lk/images/dmcreports/Drought_Situation_Report_on_2024__1726545100.pdf,820
Situation Report,2024-09-16,09:00,https://www.dmc.gov.lk/images/dmcreports/Situation_Report_on_2024__1726458251.pdf,820
Drought Situation Report,2024-09-16,09:00,https://www.dmc.gov.lk/images/dmcreports/Drought_Situation_Report_on_2024__1726458307.pdf,820
Situation Report,2024-09-15,09:00,https://www.dmc.gov.lk/images/dmcreports/Situation_Report_on_2024__1726371147.pdf,830
Situation Report(Drought),2024-09-15,09:00,https://www.dmc.gov.lk/images/dmcreports/Drought_Situation_Report_on_2024__1726371180.pdf,830
Situation Report,2024-09-14,09:00,https://www.dmc.gov.lk/images/dmcreports/Situation_Report_on_2024__1726284453.pdf,830
Situation Report,2024-09-14,09:00,https://www.dmc.gov.lk/images/dmcreports/Drought_Situation_Report_on_2024__1726284526.pdf,830
Situation Report,2024-09-13,09:00,https://www.dmc.gov.lk/images/dmcreports/Situation_Report_on_2024__1726199912.pdf,830
Situation Report (Drought),2024-09-13,09:00,https://www.dmc.gov.lk/images/dmcreports/Drought_Situation_Report_on_2024__1726199947.pdf,830
Situation Report,2024-09-12,09:00,https://www.dmc.gov.lk/images/dmcreports/Situation_Report_on_2024__1726113029.pdf,830
Situation Report (Drought),2024-09-12,09:00,https://www.dmc.gov.lk/images/dmcreports/Situation_Report_(Drought)_on_2024__1726113108.pdf,830
Situation Report,2024-09-10,09:00,https://www.dmc.gov.lk/images/dmcreports/Situation_Report_on_2024__1725939491.pdf,830
Situation Report (Drought),2024-09-10,09:00,https://www.dmc.gov.lk/images/dmcreports/Situation_Report_(Drought)_on_2024__1725939581.pdf,830
Situation Report,2024-09-09,09:00,https://www.dmc.gov.lk/images/dmcreports/Situation_Report_on_2024__1725860526.pdf,840
Situation Report,2024-09-07,09:00,https://www.dmc.gov.lk/images/dmcreports/Situation_Report_on_2024__1725679963.pdf,840
Situation Report(Drought),2024-09-06,09:00,https://www.dmc.gov.lk/images/dmcreports/Situation_Report_(Drought)_on_2024__1725595402.pdf,840
Situation Report,2024-09-06,09:00,https://www.dmc.gov.lk/images/dmcreports/Situation_Report_on_2024__1725595470.pdf,840
Situation Report (Drought),2024-09-05,09:00,https://www.dmc.gov.lk/images/dmcreports/Situation_Report_(Drought)_on_2024__1725509899.pdf,840
Situation Report,2024-09-05,09:00,https://www.dmc.gov.lk/images/dmcreports/Situation_Report_on_2024__1725509973.pdf,840
Situation Report (Drought),2024-09-04,09:00,https://www.dmc.gov.lk/images/dmcreports/Situation_Report_on_(Drought)_2024__1725422891.pdf,840
Situation Report,2024-09-04,09:00,https://www.dmc.gov.lk/images/dmcreports/Situation_Report_on_2024__1725424145.pdf,840
Situation Report(Drought),2024-09-03,09:00,https://www.dmc.gov.lk/images/dmcreports/Situation_Report_(Drought)_on_2024__1725336469.pdf,840
Situation Report,2024-09-03,09:00,https://www.dmc.gov.lk/images/dmcreports/Situation_Report_on_2024__1725336611.pdf,840
Situation Report,2024-09-02,09:00,https://www.dmc.gov.lk/images/dmcreports/Situation_Report_on_2024__1725248444.pdf,850
Situation Report,2024-08-31,09:00,https://www.dmc.gov.lk/images/dmcreports/Situation_Report_on_2024__1725075482.pdf,850
Situation Report (Drought),2024-08-31,09:00,https://www.dmc.gov.lk/images/dmcreports/Situation_Report_(Drought)_on_2024__1725075567.pdf,850
Situation Report,2024-08-30,09:00,https://www.dmc.gov.lk/images/dmcreports/Situation_Report_on_2024__1724989223.pdf,850
Situation Report(Drought),2024-08-29,09:00,https://www.dmc.gov.lk/images/dmcreports/Drought_Situation_Report_on_2024__1724903777.pdf,850
Situation Report,2024-08-29,09:00,https://www.dmc.gov.lk/images/dmcreports/Situation_Report_on_2024__1724903817.pdf,850
Situation Report,2024-08-28,09:00,https://www.dmc.gov.lk/images/dmcreports/Situation_Report_on_2024__1724816047.pdf,850
Situation Report(Drought),2024-08-28,09:00,https://www.dmc.gov.lk/images/dmcreports/Situation_Report_(Drought_)_on_2024__1724816149.pdf,850
Situation Report,2024-08-27,09:00,https://www.dmc.gov.lk/images/dmcreports/Situation_Report_on_2024__1724730500.pdf,850
Situation Report,2024-08-27,09:00,https://www.dmc.gov.lk/images/dmcreports/Situation_Report_on_2024__1724730540.pdf,850
Situation Report,2024-08-26,09:00,https://www.dmc.gov.lk/images/dmcreports/Situation_Report_on_2024__1724644315.pdf,860
Situation Report,2024-08-26,09:00,https://www.dmc.gov.lk/images/dmcreports/Situation_Report_on_2024__1724644360.pdf,860
Situation Report,2024-08-25,09:00,https://www.dmc.gov.lk/images/dmcreports/Situation_Report_on_2024__1724557302.pdf,860
Situation Report,2024-08-25,09:00,https://www.dmc.gov.lk/images/dmcreports/Situation_Report_on_2024__1724557342.pdf,860
Situation Report,2024-08-24,09:00,https://www.dmc.gov.lk/images/dmcreports/Situation_Report_on_2024__1724495728.pdf,860
Situation Report,2024-08-23,09:00,https://www.dmc.gov.lk/images/dmcreports/Situation_Report_on_2024__1724389397.pdf,860
Situation Report,2024-08-22,09:00,https://www.dmc.gov.lk/images/dmcreports/Correction_-_Situation_Report_on_2024__1724302400.pdf,860
Situation Report,2024-08-21,09:00,https://www.dmc.gov.lk/images/dmcreports/Situation_Report_on_2024__1724215383.pdf,860
Situation Report,2024-08-20,09:00,https://www.dmc.gov.lk/images/dmcreports/Situation_Report_on_2024__1724127346.pdf,860
Situation Report,2024-08-19,09:00,https://www.dmc.gov.lk/images/dmcreports/Situation_Report_on_2024__1724039301.pdf,860
Situation Report,2024-08-18,09:00,https://www.dmc.gov.lk/images/dmcreports/Situation_Report_on_2024__1723952876.pdf,870
Situation Report,2024-08-17,09:00,https://www.dmc.gov.lk/images/dmcreports/Situation_Report_on_2024__1723882945.pdf,870
Situation Reports,2024-08-16,09:00,https://www.dmc.gov.lk/images/dmcreports/Situation_Report_on_2024__1723779590.pdf,870
Situation Report,2024-08-15,09:00,https://www.dmc.gov.lk/images/dmcreports/Situation_Report_on_2024__1723693794.pdf,870
Situation Report,2024-08-14,09:00,https://www.dmc.gov.lk/images/dmcreports/Situation_Report_on_2024__1723606359.pdf,870
Situation Report,2024-08-13,09:00,https://www.dmc.gov.lk/images/dmcreports/Situation_Report_on_2024__1723523382.pdf,870
Situation Report,2024-08-12,09:00,https://www.dmc.gov.lk/images/dmcreports/Situation_Report_on_2024__1723434374.pdf,870
Situation Report,2024-08-11,09:00,https://www.dmc.gov.lk/images/dmcreports/Situation_Report_on_2024__1723348739.pdf,870
Situation Report,2024-08-10,09:00,https://www.dmc.gov.lk/images/dmcreports/Situation_Report_on_2024__1723267739.pdf,870
Situation Report,2024-08-09,09:00,https://www.dmc.gov.lk/images/dmcreports/Situation_Report_on_2024__1723174936.pdf,870
Situation Report,2024-08-08,09:00,https://www.dmc.gov.lk/images/dmcreports/Situation_Report_on_2024__1723088459.pdf,880
Situation Report,2024-08-07,09:00,https://www.dmc.gov.lk/images/dmcreports/Situation_Report_on_2024__1723001686.pdf,880
Situation Report,2024-08-06,09:00,https://www.dmc.gov.lk/images/dmcreports/Situation_Report_on_2024__1722916981.pdf,880
Situation Report,2024-08-05,09:00,https://www.dmc.gov.lk/images/dmcreports/Situation_Report_on_2024__1722829133.pdf,880
Situation Report,2024-08-04,09:00,https://www.dmc.gov.lk/images/dmcreports/Situation_Report_on_2024__1722750269.pdf,880
Situation Report,2024-08-03,09:00,https://www.dmc.gov.lk/images/dmcreports/Situation_Report_on_2024__1722665099.pdf,880
Situation Report,2024-08-02,09:00,https://www.dmc.gov.lk/images/dmcreports/Situation_Report_on_2024__1722571348.pdf,880
Situation Report,2024-08-01,09:00,https://www.dmc.gov.lk/images/dmcreports/Situation_Report_on_2024__1722485187.pdf,880
Situation Report,2024-07-31,09:00,https://www.dmc.gov.lk/images/dmcreports/Situation_Report_on_2024__1722397692.pdf,880
Situation Report,2024-07-30,09:00,https://www.dmc.gov.lk/images/dmcreports/Situation_Report_on_2024__1722313055.pdf,880
Situation Report,2024-07-29,09:00,https://www.dmc.gov.lk/images/dmcreports/Situation_Report_on_2024__1722224138.pdf,890
Situation Report,2024-07-28,09:00,https://www.dmc.gov.lk/images/dmcreports/Situation_Report_on_2024__1722138410.pdf,890
Situation Report,2024-07-27,09:00,https://www.dmc.gov.lk/images/dmcreports/Situation_Report_on_2024__1722051983.pdf,890
Situation Report,2024-07-26,09:00,https://www.dmc.gov.lk/images/dmcreports/Situation_Report_on_2024__1721964908.pdf,890
Situation Report,2024-07-25,09:00,https://www.dmc.gov.lk/images/dmcreports/Situation_Report_on_2024__1721880191.pdf,890
Situation Report,2024-07-24,09:00,https://www.dmc.gov.lk/images/dmcreports/Situation_Report_on_2024__1721793392.pdf,890
Situation Report,2024-07-23,09:00,https://www.dmc.gov.lk/images/dmcreports/Situation_Report_on_2024__1721718302.pdf,890
Situation Report,2024-07-22,09:00,https://www.dmc.gov.lk/images/dmcreports/Situation_Report_on_2024__1721619926.pdf,890
Situation Report,2024-07-21,09:00,https://www.dmc.gov.lk/images/dmcreports/Situation_Report_on_2024__1721535297.pdf,890
Situation Report,2024-07-20,09:00,https://www.dmc.gov.lk/images/dmcreports/Situation_Report_on_2024__1721446691.pdf,890
Situation Report,2024-07-19,09:00,https://www.dmc.gov.lk/images/dmcreports/Situation_Report_on_2024__1721362689.pdf,900
Situation report,2024-07-18,09:00,https://www.dmc.gov.lk/images/dmcreports/Situation_Report_on_2024__1721275378.pdf,900
Situation Report,2024-07-17,09:00,https://www.dmc.gov.lk/images/dmcreports/Situation_Report_on_2024__1721189298.pdf,900
Situation Report,2024-07-16,09:00,https://www.dmc.gov.lk/images/dmcreports/Situation_Report_on_2024__1721104247.pdf,900
Situation Report,2024-07-15,09:00,https://www.dmc.gov.lk/images/dmcreports/Situation_Report_on_2024__1721015316.pdf,900
Situation Report,2024-07-14,09:00,https://www.dmc.gov.lk/images/dmcreports/Situation_Report_on_2024__1720930482.pdf,900
Situation Report,2024-07-13,09:00,https://www.dmc.gov.lk/images/dmcreports/Situation_Report_on_2024__1720841724.pdf,900
Situation Report,2024-07-12,09:00,https://www.dmc.gov.lk/images/dmcreports/Situation_Report_on_2024__1720759098.pdf,900
Situation Report,2024-07-11,09:00,https://www.dmc.gov.lk/images/dmcreports/Situation_Report_on_2024__1720670134.pdf,900
Situation Report,2024-07-10,09:00,https://www.dmc.gov.lk/images/dmcreports/Situation_Report_on_2024__1720590330.pdf,900
Situation Report,2024-07-09,09:00,https://www.dmc.gov.lk/images/dmcreports/Situation_Report_on_2024__1720497256.pdf,910
Situation Report,2024-07-08,09:00,https://www.dmc.gov.lk/images/dmcreports/Situation_Report_on_2024__1720411153.pdf,910
Situation Report,2024-07-07,09:00,https://www.dmc.gov.lk/images/dmcreports/Situation_Report_on_2024__1720325267.pdf,910
Situation Report,2024-07-06,09:00,https://www.dmc.gov.lk/images/dmcreports/Situation_Report_on_2024__1720236789.pdf,910
Situation Report,2024-07-05,09:00,https://www.dmc.gov.lk/images/dmcreports/Situation_Report_on_2024__1720151813.pdf,910
Situation Report,2024-07-04,09:00,https://www.dmc.gov.lk/images/dmcreports/Situation_Report_on_2024__1720064956.pdf,910
Situation Report,2024-07-03,09:00,https://www.dmc.gov.lk/images/dmcreports/Situation_Report_on_2024__1719977815.pdf,910
Situation Report,2024-07-02,09:00,https://www.dmc.gov.lk/images/dmcreports/Weather_Report_at_0530_hrs_on_2024__1719878959.pdf,910
Situation Reports,2024-07-02,09:00,https://www.dmc.gov.lk/images/dmcreports/Situation_Report_on_2024__1719892993.pdf,910
Situation Report,2024-07-01,09:00,https://www.dmc.gov.lk/images/dmcreports/Situation_Report_on_2024__1719805372.pdf,910
Situation Report,2024-06-30,09:00,https://www.dmc.gov.lk/images/dmcreports/Situation_Report_on_2024__1719718552.pdf,920
Situation Report,2024-06-29,09:00,https://www.dmc.gov.lk/images/dmcreports/Situation_Report_on_2024__1719632105.pdf,920
Situation Report,2024-06-28,09:00,https://www.dmc.gov.lk/images/dmcreports/Situation_Report_on_2024__1719545813.pdf,920
Situation Report,2024-06-27,09:00,https://www.dmc.gov.lk/images/dmcreports/Situation_Report_on_2024__1719461278.pdf,920
Situation Report,2024-06-26,09:00,https://www.dmc.gov.lk/images/dmcreports/Situation_Report_on_2024__1719373274.pdf,920
Situation Report,2024-06-25,09:00,https://www.dmc.gov.lk/images/dmcreports/Situation_Report_on_2024__1719286423.pdf,920
Situation Report,2024-06-24,09:00,https://www.dmc.gov.lk/images/dmcreports/Situation_Report_on_2024__1719200216.pdf,920
Situation Report,2024-06-23,09:00,https://www.dmc.gov.lk/images/dmcreports/Situation_Report_on_2024__1719125486.pdf,920
Situation Report,2024-06-22,09:00,https://www.dmc.gov.lk/images/dmcreports/Situation_Report_on_2024__1719027058.pdf,920
Situation Report,2024-06-21,09:00,https://www.dmc.gov.lk/images/dmcreports/Situation_Report_on_2024__1718941121.pdf,920
Situation Report,2024-06-19,09:00,https://www.dmc.gov.lk/images/dmcreports/Situation_Report_on_2024__1718767932.pdf,930
Situation Report,2024-06-18,09:00,https://www.dmc.gov.lk/images/dmcreports/Situation_Report_on_2024__1718681966.pdf,930
Situation Report,2024-06-16,09:00,https://www.dmc.gov.lk/images/dmcreports/Situation_Report_on_2024__1718508890.pdf,930
Situation Report,2024-06-15,09:00,https://www.dmc.gov.lk/images/dmcreports/Situation_Report_on_2024__1718430039.pdf,930
Situation Report,2024-06-14,09:00,https://www.dmc.gov.lk/images/dmcreports/Situation_Report_on_2024__1718336484.pdf,930
Situation Report,2024-06-13,09:00,https://www.dmc.gov.lk/images/dmcreports/Situation_Report_on_2024__1718252703.pdf,930
Situation Report,2024-06-12,09:00,https://www.dmc.gov.lk/images/dmcreports/Situation_Report_on_2024__1718194006.pdf,930
Situation Report,2024-06-11,09:00,https://www.dmc.gov.lk/images/dmcreports/Situation_Report_on_2024__1718091347.pdf,930
Situation Report,2024-06-10,09:00,https://www.dmc.gov.lk/images/dmcreports/Situation_Report_on_2024__1718017922.pdf,930
Situation Report,2024-06-09,09:00,https://www.dmc.gov.lk/images/dmcreports/Situation_Report_on_2024__1717932161.pdf,930
Situation Report,2024-06-08,09:00,https://www.dmc.gov.lk/images/dmcreports/Situation_Report_on_2024__1717833525.pdf,940
Situation Report,2024-06-07,09:00,https://www.dmc.gov.lk/images/dmcreports/Situation_Report_on_2024__1717737550.pdf,940
Situation Report,2024-06-06,09:00,https://www.dmc.gov.lk/images/dmcreports/Situation_Report_on_2024__1717653459.pdf,940
Situation Report,2024-06-05,09:00,https://www.dmc.gov.lk/images/dmcreports/Situation_Report_on_2024__1717580244.pdf,940
Situation Report,2024-06-04,09:00,https://www.dmc.gov.lk/images/dmcreports/Situation_Report_on_2024__1717475561.pdf,940
Situation Report,2024-06-02,09:00,https://www.dmc.gov.lk/images/dmcreports/Situation_Report_on_2024__1717316728.pdf,940
Situation Report,2024-06-01,09:00,https://www.dmc.gov.lk/images/dmcreports/Situation_Report_on_2024__1717217278.pdf,940
Situation Report,2024-05-31,09:00,https://www.dmc.gov.lk/images/dmcreports/Situation_Report_on_2024__1717133268.pdf,940
Situation Report,2024-05-30,09:00,https://www.dmc.gov.lk/images/dmcreports/Situation_Report_on_2024__1717043170.pdf,940
Situation Report,2024-05-29,09:00,https://www.dmc.gov.lk/images/dmcreports/Situation_Report_on_2024__1716955957.pdf,940
Situation Report,2024-05-28,09:00,https://www.dmc.gov.lk/images/dmcreports/Situation_Report_on_2024__1716874942.pdf,950
Situation Report,2024-05-27,09:00,https://www.dmc.gov.lk/images/dmcreports/Situation_Report_on_2024__1716783048.pdf,950
Situation Report,2024-05-26,09:00,https://www.dmc.gov.lk/images/dmcreports/Situation_Report_on_2024__1716697427.pdf,950
Situation Report,2024-05-25,09:00,https://www.dmc.gov.lk/images/dmcreports/Situation_Report_on_2024__1716608411.pdf,950
Situation Report,2024-05-24,09:00,https://www.dmc.gov.lk/images/dmcreports/Situation_Report_on_2024__1716532556.pdf,950
Situation Report,2024-05-23,09:00,https://www.dmc.gov.lk/images/dmcreports/Situation_Report_on_2024__1716439267.pdf,950
Situation Report,2024-05-22,09:00,https://www.dmc.gov.lk/images/dmcreports/Situation_Report_on_2024__1716358131.pdf,950
Situation Report,2024-05-21,09:00,https://www.dmc.gov.lk/images/dmcreports/Situation_Report_on_2024__1716270784.pdf,950
Situation Report,2024-05-20,09:00,https://www.dmc.gov.lk/images/dmcreports/Situation_Report_on_2024__1716183395.pdf,950
Situation Report,2024-05-19,09:00,https://www.dmc.gov.lk/images/dmcreports/Situation_Report_on_2024__1716091489.pdf,950
Situation Report,2024-05-18,09:00,https://www.dmc.gov.lk/images/dmcreports/Situation_Report_on_2024__1716007521.pdf,960
Situation Report,2024-05-17,09:00,https://www.dmc.gov.lk/images/dmcreports/Situation_Report_on_2024__1715916903.pdf,960
Situation Report,2024-05-16,09:00,https://www.dmc.gov.lk/images/dmcreports/Situation_Report_on_2024__1715837528.pdf,960
Situation Report,2024-05-15,09:00,https://www.dmc.gov.lk/images/dmcreports/Situation_Report_on_2024__1715745538.pdf,960
Situation Report,2024-05-14,16:00,https://www.dmc.gov.lk/images/dmcreports/Situation_Report_on_2024__1715685059.pdf,960
Situation Report,2024-05-14,09:00,https://www.dmc.gov.lk/images/dmcreports/Situation_Report_on_2024__1715664669.pdf,960
Situation Report,2024-05-13,09:00,https://www.dmc.gov.lk/images/dmcreports/Situation_Report_on_2024__1715570901.pdf,960
Situation Report,2024-05-12,09:00,https://www.dmc.gov.lk/images/dmcreports/Situation_Report_on_2024__1715484702.pdf,960
Situation Report,2024-05-11,09:00,https://www.dmc.gov.lk/images/dmcreports/Situation_Report_on_2024__1715401097.pdf,960
Situation Report,2024-05-10,09:00,https://www.dmc.gov.lk/images/dmcreports/Situation_Report_on_2024__1715311978.pdf,960
Situation Report,2024-05-09,09:00,https://www.dmc.gov.lk/images/dmcreports/Situation_Report_on_2024__1715226090.pdf,970
Situation Report,2024-05-08,09:00,https://www.dmc.gov.lk/images/dmcreports/Situation_Report_on_2024__1715139498.pdf,970
Situation Report,2024-05-07,09:00,https://www.dmc.gov.lk/images/dmcreports/Situation_Report_on_2024__1715053571.pdf,970
Situation Report,2024-05-06,09:00,https://www.dmc.gov.lk/images/dmcreports/Situation_Report_on_2024__1714966486.pdf,970
Situation Report,2024-05-05,09:00,https://www.dmc.gov.lk/images/dmcreports/Situation_Report_on_2024__1714881283.pdf,970
Situation Report,2024-05-04,09:00,https://www.dmc.gov.lk/images/dmcreports/Situation_Report_on_2024__1714796925.pdf,970
Situation Report,2024-05-03,09:00,https://www.dmc.gov.lk/images/dmcreports/Situation_Report_on_2024__1714708612.pdf,970
Situation Report,2024-05-02,09:00,https://www.dmc.gov.lk/images/dmcreports/Situation_Report_on_2024__1714625129.pdf,970
Situation Report,2024-05-01,09:00,https://www.dmc.gov.lk/images/dmcreports/Situation_Report_on_2024__1714534268.pdf,970
Situation Report,2024-04-30,09:00,https://www.dmc.gov.lk/images/dmcreports/Situation_Report_on_2024__1714448160.pdf,980
Situation Report,2024-04-29,09:00,https://www.dmc.gov.lk/images/dmcreports/Situation_Report_on_2024__1714361673.pdf,980
Situation Report,2024-04-28,09:00,https://www.dmc.gov.lk/images/dmcreports/Situation_Report_on_2024__1714275908.pdf,980
Situation Report,2024-04-27,09:00,https://www.dmc.gov.lk/images/dmcreports/Situation_Report_on_2024__1714189972.pdf,980
Situation Report,2024-04-26,09:00,https://www.dmc.gov.lk/images/dmcreports/Situation_Report_on_2024__1714102657.pdf,980
Situation Report,2024-04-25,09:00,https://www.dmc.gov.lk/images/dmcreports/Situation_Report_on_2024__1714015725.pdf,980
Situation Report,2024-04-24,09:00,https://www.dmc.gov.lk/images/dmcreports/Situation_Report_on_2024__1713929904.pdf,980
Situation Report,2024-04-23,09:00,https://www.dmc.gov.lk/images/dmcreports/Situation_Report_on_2024__1713843586.pdf,980
Situation Report,2024-04-22,09:00,https://www.dmc.gov.lk/images/dmcreports/Situation_Report_on_2024__1713757349.pdf,980
Situation Report,2024-04-21,09:00,https://www.dmc.gov.lk/images/dmcreports/Situation_Report_on_2024__1713670708.pdf,980
Situation Report,2024-04-20,09:00,https://www.dmc.gov.lk/images/dmcreports/Situation_Report_on_2024__1713585014.pdf,990
Situation Report,2024-04-18,09:00,https://www.dmc.gov.lk/images/dmcreports/Situation_Report_on_2024__1713411600.pdf,990
Situation Report,2024-04-17,09:00,https://www.dmc.gov.lk/images/dmcreports/Situation_Report_on_2024__1713324966.pdf,990
Situation Report,2024-04-16,09:00,https://www.dmc.gov.lk/images/dmcreports/Situation_Report_on_2024__1713238397.pdf,990
Situation Report,2024-04-15,09:00,https://www.dmc.gov.lk/images/dmcreports/Situation_Report_on_2024__1713151955.pdf,990
Situation Report,2024-04-14,09:00,https://www.dmc.gov.lk/images/dmcreports/Situation_Report_on_2024__1713065772.pdf,990
Situation Report,2024-04-13,09:00,https://www.dmc.gov.lk/images/dmcreports/Situation_Report_on_2024__1712979471.pdf,990
Situation Report,2024-04-12,09:00,https://www.dmc.gov.lk/images/dmcreports/Situation_Report_on_2024__1712892588.pdf,990
Situation Report,2024-04-11,09:00,https://www.dmc.gov.lk/images/dmcreports/Situation_Report_on_2024__1712810173.pdf,990
Situation Report,2024-04-10,09:00,https://www.dmc.gov.lk/images/dmcreports/Situation_Report_on_2024__1712719976.pdf,990
Situation Report,2024-04-09,09:00,https://www.dmc.gov.lk/images/dmcreports/Situation_Report_on_2024__1712633968.pdf,1000
Situation Report,2024-04-08,09:00,https://www.dmc.gov.lk/images/dmcreports/Situation_Report_on_2024__1712548168.pdf,1000
Situation Report,2024-04-07,09:00,https://www.dmc.gov.lk/images/dmcreports/Situation_Report_on_2024__1712460984.pdf,1000
Situation Report,2024-04-06,09:00,https://www.dmc.gov.lk/images/dmcreports/Situation_Report_on_2024__1712375149.pdf,1000
Situation Report,2024-04-05,09:00,https://www.dmc.gov.lk/images/dmcreports/Situation_Report_on_2024__1712289847.pdf,1000
Situation Report,2024-04-04,09:00,https://www.dmc.gov.lk/images/dmcreports/Situation_Report_on_2024__1712202633.pdf,1000
Situation Report,2024-04-03,09:00,https://www.dmc.gov.lk/images/dmcreports/Situation_Report_on_2024__1712116291.pdf,1000
Situation Report,2024-04-02,09:00,https://www.dmc.gov.lk/images/dmcreports/Situation_Report_on_2024__1712028896.pdf,1000
Situation Report,2024-04-01,09:00,https://www.dmc.gov.lk/images/dmcreports/Situation_Report_on_2024__1711950916.pdf,1000
Situation Report,2024-03-31,09:00,https://www.dmc.gov.lk/images/dmcreports/Situation_Report_on_2024__1711856037.pdf,1000
Situation Report,2024-03-30,09:00,https://www.dmc.gov.lk/images/dmcreports/Situation_Report_on_2024__1711770164.pdf,1010
Situation Report,2024-03-29,09:00,https://www.dmc.gov.lk/images/dmcreports/Situation_Report_on_2024__1711684051.pdf,1010
Situation Report,2024-03-28,09:00,https://www.dmc.gov.lk/images/dmcreports/Situation_Report_on_2024__1711597672.pdf,1010
Situation Report,2024-03-27,09:00,https://www.dmc.gov.lk/images/dmcreports/Situation_Report_on_2024__1711510054.pdf,1010
Situation Report,2024-03-24,09:00,https://www.dmc.gov.lk/images/dmcreports/Situation_Report_on_2024__1711250358.pdf,1010
Situation Report,2024-03-23,09:00,https://www.dmc.gov.lk/images/dmcreports/Situation_Report_on_2024__1711168318.pdf,1010
Situation Report,2024-03-22,09:00,https://www.dmc.gov.lk/images/dmcreports/Situation_Report_on_2024__1711079855.pdf,1010
Situation Report,2024-03-21,09:00,https://www.dmc.gov.lk/images/dmcreports/Situation_Report_on_2024__1710992201.pdf,1010
Situation Report,2024-03-20,09:00,https://www.dmc.gov.lk/images/dmcreports/Situation_Report_on_2024__1710906100.pdf,1010
Situation Report,2024-03-19,09:00,https://www.dmc.gov.lk/images/dmcreports/Situation_Report_on_2024__1710824714.pdf,1020
Situation Report,2024-03-17,09:00,https://www.dmc.gov.lk/images/dmcreports/Situation_Report_on_2024__1710650356.pdf,1020
Situation Report,2024-03-16,09:00,https://www.dmc.gov.lk/images/dmcreports/Situation_Report_on_2024__1710563909.pdf,1020
Situation Report,2024-03-15,09:00,https://www.dmc.gov.lk/images/dmcreports/Situation_Report_on_2024__1710482186.pdf,1020
Situation Report,2024-03-14,09:00,https://www.dmc.gov.lk/images/dmcreports/Situation_Report_on_2024__1710387091.pdf,1020
Situation Report,2024-03-13,09:00,https://www.dmc.gov.lk/images/dmcreports/Situation_Report_on_2024__1710300659.pdf,1020
Situation Report,2024-03-12,09:00,https://www.dmc.gov.lk/images/dmcreports/Situation_Report_on_2024__1710215809.pdf,1020
Situation Report,2024-03-11,09:00,https://www.dmc.gov.lk/images/dmcreports/Situation_Report_on_2024__1710128702.pdf,1020
Situation Report,2024-03-10,09:00,https://www.dmc.gov.lk/images/dmcreports/Situation_Report_on_2024__1710042013.pdf,1020
Situation Report,2024-03-09,09:00,https://www.dmc.gov.lk/images/dmcreports/Situation_Report_on_2024__1709955294.pdf,1020
Situation Report,2024-03-08,09:00,https://www.dmc.gov.lk/images/dmcreports/Situation_Report_on_2024__1709872716.pdf,1030
Situation Report,2024-03-07,09:00,https://www.dmc.gov.lk/images/dmcreports/Situation_Report_on_2024__1709782514.pdf,1030
Situation Report,2024-03-05,09:00,https://www.dmc.gov.lk/images/dmcreports/Situation_Report_on_2024__1709611521.pdf,1030
Situation Report,2024-03-04,09:00,https://www.dmc.gov.lk/images/dmcreports/Situation_Report_on_2024__1709523374.pdf,1030
Situation Report,2024-03-03,09:00,https://www.dmc.gov.lk/images/dmcreports/Situation_Report_on_2024__1709436797.pdf,1030
Situation Report,2024-03-02,09:00,https://www.dmc.gov.lk/images/dmcreports/Situation_Report_on_2024__1709351299.pdf,1030
Situation Report,2024-03-01,09:00,https://www.dmc.gov.lk/images/dmcreports/Situation_Report_on_2024__1709265456.pdf,1030
Situation Report,2024-02-29,09:00,https://www.dmc.gov.lk/images/dmcreports/Situation_Report_on_2024__1709177905.pdf,1030
Situation Report,2024-02-28,09:00,https://www.dmc.gov.lk/images/dmcreports/Situation_Report_on_2024__1709092961.pdf,1030
Situation Report,2024-02-27,09:00,https://www.dmc.gov.lk/images/dmcreports/Situation_Report_on_2024__1709004684.pdf,1030
Situation Report,2024-02-26,09:00,https://www.dmc.gov.lk/images/dmcreports/Situation_Report_on_2024__1708918973.pdf,1040
Situation Report,2024-02-25,09:00,https://www.dmc.gov.lk/images/dmcreports/Situation_Report_on_2024__1708831859.pdf,1040
Situation Report,2024-02-23,09:00,https://www.dmc.gov.lk/images/dmcreports/Situation_Report_on_2024__1708659392.pdf,1040
Situation Report,2024-02-21,09:00,https://www.dmc.gov.lk/images/dmcreports/Situation_Report_on_2024__1708488842.pdf,1040
Situation Report,2024-02-20,09:00,https://www.dmc.gov.lk/images/dmcreports/Situation_Report_on_2024__1708400571.pdf,1040
Situation Report,2024-02-19,09:00,https://www.dmc.gov.lk/images/dmcreports/Situation_Report_on_2024__1708314224.pdf,1040
Situation Report,2024-02-18,09:00,https://www.dmc.gov.lk/images/dmcreports/Situation_Report_on_2024__1708227055.pdf,1040
Situation Report,2024-02-17,09:00,https://www.dmc.gov.lk/images/dmcreports/Situation_Report_on_2024__1708140875.pdf,1040
Situation Report,2024-02-16,09:00,https://www.dmc.gov.lk/images/dmcreports/Situation_Report_on_2024__1708055292.pdf,1040
Situation Report,2024-02-15,09:00,https://www.dmc.gov.lk/images/dmcreports/Situation_Report_on_2024__1707967995.pdf,1050
Situation Report,2024-02-14,09:00,https://www.dmc.gov.lk/images/dmcreports/Situation_Report_on_2024__1707881445.pdf,1050
Situation Report,2024-02-13,09:00,https://www.dmc.gov.lk/images/dmcreports/Situation_Report_on_2024__1707795213.pdf,1050
Situation Report,2024-02-12,09:00,https://www.dmc.gov.lk/images/dmcreports/Situation_Report_on_2024__1707709008.pdf,1050
Situation Reports,2024-02-11,09:00,https://www.dmc.gov.lk/images/dmcreports/Situation_Report_on_2024__1707623344.pdf,1050
Situation Report,2024-02-10,09:00,https://www.dmc.gov.lk/images/dmcreports/Situation_Report_on_2024__1707536312.pdf,1050
Situation Reports,2024-02-09,09:00,https://www.dmc.gov.lk/images/dmcreports/Situation_Report_on_2024__1707449790.pdf,1050
Situation Report,2024-02-08,09:00,https://www.dmc.gov.lk/images/dmcreports/Situation_Report_on_2024__1707378155.pdf,1050
Situation Report,2024-02-07,09:00,https://www.dmc.gov.lk/images/dmcreports/Situation_Report_on_2024__1707277004.pdf,1050
Situation Report,2024-02-06,09:00,https://www.dmc.gov.lk/images/dmcreports/Situation_Report_on_2024__1707192186.pdf,1050
Situation Report,2024-02-05,09:00,https://www.dmc.gov.lk/images/dmcreports/Situation_Report_on_2024__1707104466.pdf,1060
Situation Report,2024-02-03,09:00,https://www.dmc.gov.lk/images/dmcreports/Situation_Report_on_2024__1706930098.pdf,1060
Situation Report,2024-02-01,09:00,https://www.dmc.gov.lk/images/dmcreports/Situation_Report_on_2024__1706760773.pdf,1060
Situation Report,2024-01-31,09:00,https://www.dmc.gov.lk/images/dmcreports/Situation_Report_on_2024__1706675654.pdf,1060
Situation Report,2024-01-30,09:00,https://www.dmc.gov.lk/images/dmcreports/Situation_Report_on_2024__1706588605.pdf,1060
Situation Report,2024-01-29,09:00,https://www.dmc.gov.lk/images/dmcreports/Situation_Report_on_2024__1706501200.pdf,1060
Situation Report,2024-01-28,09:00,https://www.dmc.gov.lk/images/dmcreports/Situation_Report_on_2024__1706412450.pdf,1060
situation report,2024-01-27,09:00,https://www.dmc.gov.lk/images/dmcreports/Situation_Report_on_2024__1706326492.pdf,1060
Situation Report,2024-01-26,09:00,https://www.dmc.gov.lk/images/dmcreports/Situation_Report_on_2024__1706239415.pdf,1060
Situation Report,2024-01-25,09:00,https://www.dmc.gov.lk/images/dmcreports/Situation_Report_on_2024__1706153510.pdf,1060
Situation Report,2024-01-24,09:00,https://www.dmc.gov.lk/images/dmcreports/Situation_Report_on_2024__1706067138.pdf,1070
Situation Report,2024-01-23,09:00,https://www.dmc.gov.lk/images/dmcreports/Situation_Report_on_2024__1705980672.pdf,1070
Situation Report,2024-01-22,09:00,https://www.dmc.gov.lk/images/dmcreports/Situation_Report_on_2024__1705897286.pdf,1070
Situation Report,2024-01-21,09:00,https://www.dmc.gov.lk/images/dmcreports/Situation_Report_on_2024__1705807722.pdf,1070
Situation Report,2024-01-20,09:00,https://www.dmc.gov.lk/images/dmcreports/Situation_Report_on_2024__1705721492.pdf,1070
Situation Report,2024-01-19,09:00,https://www.dmc.gov.lk/images/dmcreports/Situation_Report_on_2024__1705635428.pdf,1070
Situation Report,2024-01-18,09:00,https://www.dmc.gov.lk/images/dmcreports/Situation_Report_on_2024__1705549394.pdf,1070
Situation Report,2024-01-17,09:00,https://www.dmc.gov.lk/images/dmcreports/Situation_Report_on_2024__1705462996.pdf,1070
Situation Report,2024-01-16,09:00,https://www.dmc.gov.lk/images/dmcreports/Situation_Report_on_2024__1705376211.pdf,1070
Situation Report,2024-01-15,09:00,https://www.dmc.gov.lk/images/dmcreports/Situation_Report_on_2024__1705289400.pdf,1070
Situation Report,2024-01-14,09:00,https://www.dmc.gov.lk/images/dmcreports/Situation_Report_on_2024__1705201234.pdf,1080
Situation Report,2024-01-13,09:00,https://www.dmc.gov.lk/images/dmcreports/Situation_Report_on_2024__1705117067.pdf,1080
Situation Report,2024-01-12,09:00,https://www.dmc.gov.lk/images/dmcreports/Situation_Report_on_2024__1705032951.pdf,1080
Situation Report,2024-01-11,09:00,https://www.dmc.gov.lk/images/dmcreports/Situation_Report_on_2024__1704945216.pdf,1080
Situation Report,2024-01-10,09:00,https://www.dmc.gov.lk/images/dmcreports/Situation_Report_on_2024__1704857869.pdf,1080
Situation Report,2024-01-09,09:00,https://www.dmc.gov.lk/images/dmcreports/Situation_Report_on_2024__1704771423.pdf,1080
Situation Report,2024-01-08,09:00,https://www.dmc.gov.lk/images/dmcreports/Situation_Report_on_2024__1704685296.pdf,1080
Situation Report,2024-01-06,09:00,https://www.dmc.gov.lk/images/dmcreports/Situation_Report_on_2024__1704512648.pdf,1080
Situation Report,2024-01-05,09:00,https://www.dmc.gov.lk/images/dmcreports/Situation_Report_on_2024__1704425483.pdf,1080
Situation Report,2024-01-04,09:00,https://www.dmc.gov.lk/images/dmcreports/Situation_Report_on_2024__1704340570.pdf,1080
Situation Report,2024-01-03,09:00,https://www.dmc.gov.lk/images/dmcreports/Situation_Report_on_2024__1704252764.pdf,1090
Situation Report,2024-01-02,09:00,https://www.dmc.gov.lk/images/dmcreports/Situation_Report_on_2024__1704166753.pdf,1090
Situation Report,2024-01-01,09:00,https://www.dmc.gov.lk/images/dmcreports/Situation_Report_on_2024__1704080044.pdf,1090
Situation Report,2023-12-31,09:00,https://www.dmc.gov.lk/images/dmcreports/Situation_Report_on_2023__1703999321.pdf,1090
Situation Report,2023-12-30,09:00,https://www.dmc.gov.lk/images/dmcreports/Situation_Report_on_2023__1703907447.pdf,1090
Situation Report,2023-12-29,09:00,https://www.dmc.gov.lk/images/dmcreports/Situation_Report_on_2023__1703820729.pdf,1090
Situation Report,2023-12-28,09:00,https://www.dmc.gov.lk/images/dmcreports/Situation_Report_on_2023__1703738106.pdf,1090
Situation Report,2023-12-27,09:00,https://www.dmc.gov.lk/images/dmcreports/Situation_Report_on_2023__1703648613.pdf,1090
Situation Report,2023-12-26,09:00,https://www.dmc.gov.lk/images/dmcreports/Situation_Report_on_2023__1703562050.pdf,1090
Situation report,2023-12-24,09:00,https://www.dmc.gov.lk/images/dmcreports/Situation_Report_on_2023__1703389022.pdf,1090
Situation Report,2023-12-23,09:00,https://www.dmc.gov.lk/images/dmcreports/Situation_Report_on_2023__1703308033.pdf,1100
Situation Report,2023-12-22,09:00,https://www.dmc.gov.lk/images/dmcreports/Situation_Report_on_2023__1703217875.pdf,1100
Situation Report,2023-12-21,09:00,https://www.dmc.gov.lk/images/dmcreports/Situation_Report_on_2023__1703133452.pdf,1100
Situation Report,2023-12-20,09:00,https://www.dmc.gov.lk/images/dmcreports/Situation_Report_on_2023__1703043202.pdf,1100
Situation Report,2023-12-19,09:00,https://www.dmc.gov.lk/images/dmcreports/Situation_Report_on_2023__1702956689.pdf,1100
Situation Report,2023-12-18,09:00,https://www.dmc.gov.lk/images/dmcreports/Situation_Report_on_2023__1702871820.pdf,1100
Situation Report,2023-12-17,09:00,https://www.dmc.gov.lk/images/dmcreports/Situation_Report_on_2023__1702785915.pdf,1100
Situation Report,2023-12-16,09:00,https://www.dmc.gov.lk/images/dmcreports/Situation_Report_on_2023__1702698119.pdf,1100
Situation Report,2023-12-15,09:00,https://www.dmc.gov.lk/images/dmcreports/Situation_Report_on_2023__1702611382.pdf,1100
Situation Report,2023-12-14,09:00,https://www.dmc.gov.lk/images/dmcreports/Situation_Report_on_2023__1702524941.pdf,1100
Situation Report,2023-12-13,09:00,https://www.dmc.gov.lk/images/dmcreports/Situation_Report_on_2023__1702438662.pdf,1110
Situation Report,2023-12-12,09:00,https://www.dmc.gov.lk/images/dmcreports/Situation_Report_on_2023__1702352701.pdf,1110
Situation Report,2023-12-11,09:00,https://www.dmc.gov.lk/images/dmcreports/Situation_Report_on_2023__1702267248.pdf,1110
Situation Report,2023-12-10,09:00,https://www.dmc.gov.lk/images/dmcreports/Situation_Report_on_2023__1702179543.pdf,1110
Situation Report,2023-12-09,09:00,https://www.dmc.gov.lk/images/dmcreports/Situation_Report_on_2023__1702093064.pdf,1110
Situation Report,2023-12-08,09:00,https://www.dmc.gov.lk/images/dmcreports/Situation_Report_on_2023__1702006805.pdf,1110
Situation Report,2023-12-07,09:00,https://www.dmc.gov.lk/images/dmcreports/Situation_Report_on_2023__1701920939.pdf,1110
Situation Report,2023-12-06,09:00,https://www.dmc.gov.lk/images/dmcreports/Situation_Report_on_2023__1701837387.pdf,1110
Situation Report,2023-12-05,09:00,https://www.dmc.gov.lk/images/dmcreports/Situation_Report_on_2023__1701747508.pdf,1110
Situation Report,2023-12-04,09:00,https://www.dmc.gov.lk/images/dmcreports/Situation_Report_on_2023__1701662117.pdf,1110
Situation Report,2023-12-03,09:00,https://www.dmc.gov.lk/images/dmcreports/Situation_Report_on_2023__1701574273.pdf,1120
Situation Report,2023-12-02,09:00,https://www.dmc.gov.lk/images/dmcreports/Situation_Report_on_2023__1701488080.pdf,1120
Situation Report,2023-12-01,09:00,https://www.dmc.gov.lk/images/dmcreports/Situation_Report_on_2023__1701403087.pdf,1120
Situation Report,2023-11-30,09:00,https://www.dmc.gov.lk/images/dmcreports/Situation_Report_on_2023__1701316463.pdf,1120
Situation Report,2023-11-29,09:00,https://www.dmc.gov.lk/images/dmcreports/Situation_Report_on_2023__1701230748.pdf,1120
Situation Report,2023-11-28,09:00,https://www.dmc.gov.lk/images/dmcreports/Situation_Report_on_2023__1701143398.pdf,1120
Situation Report,2023-11-27,09:00,https://www.dmc.gov.lk/images/dmcreports/Situation_Report_on_2023__1701057599.pdf,1120
Situation Report,2023-11-26,09:00,https://www.dmc.gov.lk/images/dmcreports/Situation_Report_on_2023__1700970619.pdf,1120
Situation Report,2023-11-25,09:00,https://www.dmc.gov.lk/images/dmcreports/Situation_Report_on_2023__1700883665.pdf,1120
Situation Report,2023-11-24,09:00,https://www.dmc.gov.lk/images/dmcreports/Situation_Report_on_2023__1700797038.pdf,1120
Situation Report,2023-11-23,09:00,https://www.dmc.gov.lk/images/dmcreports/Situation_Report_on_2023__1700710845.pdf,1130
Situation Report,2023-11-22,09:00,https://www.dmc.gov.lk/images/dmcreports/Situation_Report_on_2023__1700624141.pdf,1130
Situation Report,2023-11-21,09:00,https://www.dmc.gov.lk/images/dmcreports/Situation_Report_on_2023__1700537856.pdf,1130
Situation Report,2023-11-20,09:00,https://www.dmc.gov.lk/images/dmcreports/Situation_Report_on_2023__1700451315.pdf,1130
Situation Report,2023-11-19,09:00,https://www.dmc.gov.lk/images/dmcreports/Situation_Report_on_2023__1700365639.pdf,1130
Situation Report,2023-11-18,09:00,https://www.dmc.gov.lk/images/dmcreports/Situation_Report_on_2023__1700278646.pdf,1130
Situation Report,2023-11-17,09:00,https://www.dmc.gov.lk/images/dmcreports/Situation_Report_on_2023__1700192253.pdf,1130
Situation Report,2023-11-16,09:00,https://www.dmc.gov.lk/images/dmcreports/Situation_Report_on_2023__1700105472.pdf,1130
Situation Report,2023-11-15,09:00,https://www.dmc.gov.lk/images/dmcreports/Situation_Report_on_2023__1700019882.pdf,1130
Situation Report,2023-11-14,09:00,https://www.dmc.gov.lk/images/dmcreports/Situation_Report_on_2023__1699932674.pdf,1130
Situation Report,2023-11-13,09:00,https://www.dmc.gov.lk/images/dmcreports/Situation_Report_on_2023__1699847523.pdf,1140
Situation Report,2023-11-12,09:00,https://www.dmc.gov.lk/images/dmcreports/Situation_Report_on_2023__1699761235.pdf,1140
Situation Report,2023-11-11,09:00,https://www.dmc.gov.lk/images/dmcreports/Situation_Report_on_2023__1699673991.pdf,1140
Situation Report,2023-11-10,09:00,https://www.dmc.gov.lk/images/dmcreports/Situation_Report_on_2023__1699587009.pdf,1140
Situation Report,2023-11-09,09:00,https://www.dmc.gov.lk/images/dmcreports/Situation_Report_on_2023__1699503019.pdf,1140
Situation Report,2023-11-08,09:00,https://www.dmc.gov.lk/images/dmcreports/Situation_Report_on_2023__1699414282.pdf,1140
Situation Report,2023-11-07,09:00,https://www.dmc.gov.lk/images/dmcreports/Situation_Report_on_2023__1699327660.pdf,1140
Situation Report,2023-11-06,09:00,https://www.dmc.gov.lk/images/dmcreports/Situation_Report_on_2023__1699242876.pdf,1140
Situation Report,2023-11-05,09:00,https://www.dmc.gov.lk/images/dmcreports/Situation_Report_on_2023__1699155942.pdf,1140
Situation Report,2023-11-04,09:00,https://www.dmc.gov.lk/images/dmcreports/Situation_Report_on_2023__1699068676.pdf,1140
Situation Report,2023-11-03,09:00,https://www.dmc.gov.lk/images/dmcreports/Situation_Report_on_2023__1698982110.pdf,1150
Situation Report,2023-11-02,09:00,https://www.dmc.gov.lk/images/dmcreports/Situation_Report_on_2023__1698895942.pdf,1150
Situation Report,2023-11-01,09:00,https://www.dmc.gov.lk/images/dmcreports/Situation_Report_on_2023__1698809621.pdf,1150
Situation Report,2023-10-31,09:00,https://www.dmc.gov.lk/images/dmcreports/Situation_Report_on_2023__1698723472.pdf,1150
Situation Report,2023-10-30,09:00,https://www.dmc.gov.lk/images/dmcreports/Situation_Report_on_2023__1698636848.pdf,1150
Situation Report,2023-10-29,09:00,https://www.dmc.gov.lk/images/dmcreports/Situation_Report_on_2023__1698550845.pdf,1150
Situation Report,2023-10-28,09:00,https://www.dmc.gov.lk/images/dmcreports/Situation_Report_on_2023__1698464162.pdf,1150
Situation Report,2023-10-27,09:00,https://www.dmc.gov.lk/images/dmcreports/Situation_Report_on_2023__1698377525.pdf,1150
Situation Report,2023-10-26,18:00,https://www.dmc.gov.lk/images/dmcreports/Water_level_&_Rainfall_2023__1698325182.pdf,1150
Situation Report,2023-10-26,09:00,https://www.dmc.gov.lk/images/dmcreports/Situation_Report_on_2023__1698299660.pdf,1150
Situation Report,2023-10-25,15:00,https://www.dmc.gov.lk/images/dmcreports/Situation_Report_on_2023__1698227179.pdf,1160
Situation Report,2023-10-24,09:00,https://www.dmc.gov.lk/images/dmcreports/Situation_Report_on_2023__1698118339.pdf,1160
Situation Report,2023-10-23,09:00,https://www.dmc.gov.lk/images/dmcreports/Situation_Report_on_2023__1698032495.pdf,1160
Situation Report,2023-10-22,09:00,https://www.dmc.gov.lk/images/dmcreports/Situation_Report_on_2023__1697944888.pdf,1160
Situation Report,2023-10-21,09:00,https://www.dmc.gov.lk/images/dmcreports/Situation_Report_on_2023__1697858989.pdf,1160
Situation Report,2023-10-20,09:00,https://www.dmc.gov.lk/images/dmcreports/Situation_Report_on_2023__1697772770.pdf,1160
Situation Report,2023-10-19,09:00,https://www.dmc.gov.lk/images/dmcreports/Situation_Report_on_2023__1697686565.pdf,1160
Situation Report,2023-10-18,09:00,https://www.dmc.gov.lk/images/dmcreports/Situation_Report_on_2023__1697599960.pdf,1160
Situation Report,2023-10-17,09:00,https://www.dmc.gov.lk/images/dmcreports/Situation_Report_on_2023__1697514557.pdf,1160
Situation Report,2023-10-16,09:00,https://www.dmc.gov.lk/images/dmcreports/Situation_Report_on_2023__1697427299.pdf,1160
Situation Report,2023-10-15,09:00,https://www.dmc.gov.lk/images/dmcreports/Situation_Report_on_2023__1697348546.pdf,1170
Situation Report,2023-10-14,09:00,https://www.dmc.gov.lk/images/dmcreports/Situation_Report_on_2023__1697255733.pdf,1170
Situation Report,2023-10-13,18:00,https://www.dmc.gov.lk/images/dmcreports/Situation_Report_on_2023__1697201318.pdf,1170
Situation Report,2023-10-13,09:00,https://www.dmc.gov.lk/images/dmcreports/Situation_Report_on_2023__1697167802.pdf,1170
Situation Report,2023-10-12,18:00,https://www.dmc.gov.lk/images/dmcreports/Situation_Report_on_2023__1697113903.pdf,1170
Situation Report,2023-10-12,06:00,https://www.dmc.gov.lk/images/dmcreports/Situation_Report_on_2023__1697071122.pdf,1170
Situation Report,2023-10-11,18:00,https://www.dmc.gov.lk/images/dmcreports/Situation_Report_on_2023__1697027375.pdf,1170
Situation Report,2023-10-11,06:00,https://www.dmc.gov.lk/images/dmcreports/Situation_Report_on_2023__1696984922.pdf,1170
Situation Report,2023-10-10,18:00,https://www.dmc.gov.lk/images/dmcreports/Situation_Report_on_2023__1696941160.pdf,1170
Situation Report,2023-10-10,06:00,https://www.dmc.gov.lk/images/dmcreports/Situation_Report_on_2023__1696897221.pdf,1170
Situation Report,2023-10-09,18:00,https://www.dmc.gov.lk/images/dmcreports/Situation_Report_on_2023__1696866485.pdf,1180
Situation Report,2023-10-09,06:00,https://www.dmc.gov.lk/images/dmcreports/Situation_Report_on_2023__1696811740.pdf,1180
situation report,2023-10-08,18:00,https://www.dmc.gov.lk/images/dmcreports/Situation_Report_on_2023__1696769094.pdf,1180
Situation Report,2023-10-08,06:00,https://www.dmc.gov.lk/images/dmcreports/Situation_Report_on_2023__1696725863.pdf,1180
Situation Report,2023-10-07,18:00,https://www.dmc.gov.lk/images/dmcreports/Situation_Report_on_2023__1696681865.pdf,1180
Situation Report,2023-10-07,06:00,https://www.dmc.gov.lk/images/dmcreports/Situation_Report_on_2023__1696640421.pdf,1180
Situation Report,2023-10-06,18:00,https://www.dmc.gov.lk/images/dmcreports/Situation_Report_on_2023__1696596172.pdf,1180
Situation Report,2023-10-06,06:00,https://www.dmc.gov.lk/images/dmcreports/Situation_Report_on_2023__1696554307.pdf,1180
Situation Report,2023-10-05,18:00,https://www.dmc.gov.lk/images/dmcreports/Situation_Report_on_2023__1696512628.pdf,1180
Situation Report,2023-10-05,06:00,https://www.dmc.gov.lk/images/dmcreports/Situation_Report_on_2023__1696465852.pdf,1180
Situation report,2023-10-04,18:00,https://www.dmc.gov.lk/images/dmcreports/Situation_Report_on_2023__1696426530.pdf,1190
Situation Report,2023-10-04,06:00,https://www.dmc.gov.lk/images/dmcreports/Situation_Report_on_2023__1696385954.pdf,1190
Situation Report,2023-10-03,18:00,https://www.dmc.gov.lk/images/dmcreports/Situation_Report_on_2023__1696337730.pdf,1190
Situation Report,2023-10-03,06:00,https://www.dmc.gov.lk/images/dmcreports/Situation_Report_on_2023__1696293604.pdf,1190
Situation Report,2023-10-02,18:00,https://www.dmc.gov.lk/images/dmcreports/Situation_Report_on_2023__1696258451.pdf,1190
Situation Report,2023-10-02,06:00,https://www.dmc.gov.lk/images/dmcreports/Situation_Report_on_2023__1696210069.pdf,1190
Situation Report,2023-10-01,18:00,https://www.dmc.gov.lk/images/dmcreports/Situation_Report_on_2023__1696165001.pdf,1190
Situation Report,2023-10-01,06:00,https://www.dmc.gov.lk/images/dmcreports/Situation_Report_on_2023__1696120326.pdf,1190
Situation Report,2023-09-30,18:00,https://www.dmc.gov.lk/images/dmcreports/Situation_Report_on_2023__1696078366.pdf,1190
Situation Report,2023-09-30,06:00,https://www.dmc.gov.lk/images/dmcreports/Situation_Report_on_2023__1696034120.pdf,1190
Situation Report,2023-09-29,18:00,https://www.dmc.gov.lk/images/dmcreports/Situation_Report_on_2023__1695991140.pdf,1200
Situation Report,2023-09-29,06:00,https://www.dmc.gov.lk/images/dmcreports/Situation_Report_on_2023__1695950331.pdf,1200
Situation Report,2023-09-28,18:00,https://www.dmc.gov.lk/images/dmcreports/Situation_Report_on_2023__1695904827.pdf,1200
Situation Report,2023-09-28,06:00,https://www.dmc.gov.lk/images/dmcreports/Situation_Report_on_2023__1695868570.pdf,1200
Situation Report,2023-09-27,06:00,https://www.dmc.gov.lk/images/dmcreports/Situation_Report_on_2023__1695775390.pdf,1200
Situation Report,2023-09-26,18:00,https://www.dmc.gov.lk/images/dmcreports/Situation_Report_on_2023__1695731470.pdf,1200
Situation Report,2023-09-25,18:00,https://www.dmc.gov.lk/images/dmcreports/Situation_Report_on_2023__1695645481.pdf,1200
Situation Report,2023-09-24,06:00,https://www.dmc.gov.lk/images/dmcreports/Situation_Report_on_2023__1695515977.pdf,1200
Situation Report,2023-09-23,18:00,https://www.dmc.gov.lk/images/dmcreports/Situation_Report_on_2023__1695473313.pdf,1200
Situation Report,2023-09-23,06:00,https://www.dmc.gov.lk/images/dmcreports/Situation_Report_on_2023__1695429173.pdf,1200
Situation Report,2023-09-22,18:00,https://www.dmc.gov.lk/images/dmcreports/Situation_Report_on_2023__1695386872.pdf,1210
Situation Report,2023-09-21,18:00,https://www.dmc.gov.lk/images/dmcreports/Situation_Report_on_2023__1695300211.pdf,1210
Situation Report,2023-09-21,06:00,https://www.dmc.gov.lk/images/dmcreports/Situation_Report_on_2023__1695256973.pdf,1210
Situation Report,2023-09-20,18:00,https://www.dmc.gov.lk/images/dmcreports/Situation_Report_on_2023__1695217410.pdf,1210
Situation Report,2023-09-20,06:00,https://www.dmc.gov.lk/images/dmcreports/Situation_Report_on_2023__1695173362.pdf,1210
Situation Report,2023-09-19,18:00,https://www.dmc.gov.lk/images/dmcreports/Situation_Report_on_2023__1695126994.pdf,1210
Situation Report,2023-09-18,18:00,https://www.dmc.gov.lk/images/dmcreports/Situation_Report_on_2023__1695040934.pdf,1210
Situation Report,2023-09-18,06:00,https://www.dmc.gov.lk/images/dmcreports/Situation_Report_on_2023__1694997461.pdf,1210
Situation Report,2023-09-17,18:00,https://www.dmc.gov.lk/images/dmcreports/Situation_Report_on_2023__1694953927.pdf,1210
Situation Report,2023-09-16,18:00,https://www.dmc.gov.lk/images/dmcreports/Situation_Report_on_2023__1694869736.pdf,1210
Situation Report,2023-09-16,06:00,https://www.dmc.gov.lk/images/dmcreports/Situation_Report_on_2023__1694824378.pdf,1220
Situation Report,2023-09-15,18:00,https://www.dmc.gov.lk/images/dmcreports/Situation_Report_on_2023__1694782158.pdf,1220
Situation Report,2023-09-15,06:00,https://www.dmc.gov.lk/images/dmcreports/Situation_Report_on_2023__1694738423.pdf,1220
Situation Report,2023-09-14,18:00,https://www.dmc.gov.lk/images/dmcreports/Situation_Report_on_2023__1694695065.pdf,1220
Situation Report,2023-09-14,06:00,https://www.dmc.gov.lk/images/dmcreports/Situation_Report_on_2023__1694654842.pdf,1220
Situation Report,2023-09-13,18:00,https://www.dmc.gov.lk/images/dmcreports/Situation_Report_on_2023__1694608589.pdf,1220
Situation Report,2023-09-13,06:00,https://www.dmc.gov.lk/images/dmcreports/Situation_Report_on_2023__1694565054.pdf,1220
Situation Report,2023-09-12,18:00,https://www.dmc.gov.lk/images/dmcreports/Situation_Report_on_2023__1694521963.pdf,1220
Situation Report,2023-09-12,06:00,https://www.dmc.gov.lk/images/dmcreports/Situation_Report_on_2023__1694478787.pdf,1220
Situation Report,2023-09-11,18:00,https://www.dmc.gov.lk/images/dmcreports/Situation_Report_on_2023__1694435500.pdf,1220
Situation Report,2023-09-11,06:00,https://www.dmc.gov.lk/images/dmcreports/Situation_Report_on_2023__1694392263.pdf,1230
Situation Report,2023-09-10,18:00,https://www.dmc.gov.lk/images/dmcreports/Situation_Report_on_2023__1694349131.pdf,1230
Situation Report,2023-09-10,06:00,https://www.dmc.gov.lk/images/dmcreports/Situation_Report_on_2023__1694306037.pdf,1230
Situation Report,2023-09-09,18:00,https://www.dmc.gov.lk/images/dmcreports/Situation_Report_on_2023__1694262776.pdf,1230
Situation Report,2023-09-09,06:00,https://www.dmc.gov.lk/images/dmcreports/Situation_Report_on_2023__1694219745.pdf,1230
Situation Report,2023-09-08,18:00,https://www.dmc.gov.lk/images/dmcreports/Situation_Report_on_2023__1694177379.pdf,1230
Situation Report,2023-09-07,18:00,https://www.dmc.gov.lk/images/dmcreports/Situation_Report_on_2023__1694093871.pdf,1230
Situation Report,2023-09-06,18:00,https://www.dmc.gov.lk/images/dmcreports/Situation_Report_on_2023__1694006045.pdf,1230
Situation Report,2023-09-06,06:00,https://www.dmc.gov.lk/images/dmcreports/Situation_Report_on_2023__1693961060.pdf,1230
Situation Reports,2023-09-05,18:00,https://www.dmc.gov.lk/images/dmcreports/Situation_Report_on_2023__1693917258.pdf,1230
Situation Report,2023-09-05,06:00,https://www.dmc.gov.lk/images/dmcreports/Situation_Report_on_2023__1693877127.pdf,1240
Situation Report,2023-09-04,18:00,https://www.dmc.gov.lk/images/dmcreports/Situation_Report_on_2023__1693832853.pdf,1240
Situation Report,2023-09-04,06:00,https://www.dmc.gov.lk/images/dmcreports/Situation_Report_on_2023__1693789574.pdf,1240
Situation Report,2023-09-03,18:00,https://www.dmc.gov.lk/images/dmcreports/Situation_Report_on_2023__1693746133.pdf,1240
Situation Report,2023-09-02,18:00,https://www.dmc.gov.lk/images/dmcreports/Situation_Report_on_2023__1693657602.pdf,1240
Situation Report,2023-09-01,18:00,https://www.dmc.gov.lk/images/dmcreports/Situation_Report_on_2023__1693573390.pdf,1240
Situation Report,2023-08-31,18:00,https://www.dmc.gov.lk/images/dmcreports/Situation_Report_on_2023__1693485072.pdf,1240
Situation Report,2023-08-31,06:00,https://www.dmc.gov.lk/images/dmcreports/Situation_Report_on_2023__1693442127.pdf,1240
Situation Report,2023-08-30,18:00,https://www.dmc.gov.lk/images/dmcreports/Situation_Report_on_2023__1693399585.pdf,1240
Situation Report,2023-08-30,06:00,https://www.dmc.gov.lk/images/dmcreports/Situation_Report_on_2023__1693357021.pdf,1240
Situation Report,2023-08-29,18:00,https://www.dmc.gov.lk/images/dmcreports/Situation_Report_on_2023__1693315440.pdf,1250
Situation Report,2023-08-29,06:00,https://www.dmc.gov.lk/images/dmcreports/Situation_Report_on_2023__1693268186.pdf,1250
Situation Report,2023-08-28,18:00,https://www.dmc.gov.lk/images/dmcreports/Situation_Report_on_2023__1693226174.pdf,1250
Situation Report,2023-08-28,06:00,https://www.dmc.gov.lk/images/dmcreports/Situation_Report_on_2023__1693182754.pdf,1250
Situation Report,2023-08-27,18:00,https://www.dmc.gov.lk/images/dmcreports/Situation_Report_on_2023__1693140762.pdf,1250
Situation Report,2023-08-27,06:00,https://www.dmc.gov.lk/images/dmcreports/Situation_Report_on_2023__1693097373.pdf,1250
Situation Report,2023-08-26,18:00,https://www.dmc.gov.lk/images/dmcreports/Situation_Report_on_2023__1693054123.pdf,1250
Situation Report,2023-08-26,06:00,https://www.dmc.gov.lk/images/dmcreports/Situation_Report_on_2023__1693012516.pdf,1250
Situation Report,2023-08-25,18:00,https://www.dmc.gov.lk/images/dmcreports/Situation_Report_on_2023__1692967398.pdf,1250
Situation Report,2023-08-25,06:00,https://www.dmc.gov.lk/images/dmcreports/Situation_Report_on_2023__1692925235.pdf,1260
Situation Report,2023-08-24,06:00,https://www.dmc.gov.lk/images/dmcreports/Situation_Report_on_2023__1692840553.pdf,1260
Situation Report,2023-08-23,18:00,https://www.dmc.gov.lk/images/dmcreports/Situation_Report_on_2023__1692796049.pdf,1260
Situation Report,2023-08-22,18:00,https://www.dmc.gov.lk/images/dmcreports/Situation_Report_on_2023__1692711485.pdf,1260
Situation Report,2023-08-22,06:00,https://www.dmc.gov.lk/images/dmcreports/Situation_Report_on_2023__1692668965.pdf,1260
Situation Report,2023-08-21,18:00,https://www.dmc.gov.lk/images/dmcreports/Situation_Report_on_2023__1692631905.pdf,1260
Situation Report,2023-08-21,06:00,https://www.dmc.gov.lk/images/dmcreports/Situation_Report_on_2023__1692578423.pdf,1260
Situation Report,2023-08-20,18:00,https://www.dmc.gov.lk/images/dmcreports/Situation_Report_on_2023__1692537340.pdf,1260
Situation Report,2023-08-20,06:00,https://www.dmc.gov.lk/images/dmcreports/Situation_Report_on_2023__1692491838.pdf,1260
Situation Report,2023-08-19,18:00,https://www.dmc.gov.lk/images/dmcreports/Situation_Report_on_2023__1692448496.pdf,1260
Situation Report,2023-08-18,18:00,https://www.dmc.gov.lk/images/dmcreports/Situation_Report_on_2023__1692362561.pdf,1270
Situation Report,2023-08-18,06:00,https://www.dmc.gov.lk/images/dmcreports/Situation_Report_on_2023__1692319282.pdf,1270
Situation Report,2023-08-17,18:00,https://www.dmc.gov.lk/images/dmcreports/Situation_Report_on_2023__1692277064.pdf,1270
Situation Report,2023-08-17,06:00,https://www.dmc.gov.lk/images/dmcreports/Situation_Report_on_2023__1692232255.pdf,1270
Situation Report,2023-08-16,18:00,https://www.dmc.gov.lk/images/dmcreports/Situation_Report_on_2023__1692190677.pdf,1270
Situation Report,2023-08-16,06:00,https://www.dmc.gov.lk/images/dmcreports/Situation_Report_on_2023__1692146492.pdf,1270
Situation Report,2023-08-15,18:00,https://www.dmc.gov.lk/images/dmcreports/Situation_Report_on_2023__1692106446.pdf,1270
Situation Report,2023-08-14,18:00,https://www.dmc.gov.lk/images/dmcreports/Situation_Report_on_2023__1692017601.pdf,1270
Situation Report,2023-08-14,06:00,https://www.dmc.gov.lk/images/dmcreports/Situation_Report_on_2023__1691974520.pdf,1270
Situation Report,2023-08-13,18:00,https://www.dmc.gov.lk/images/dmcreports/Situation_Report_on_2023__1691930260.pdf,1270
Situation Report,2023-08-13,06:00,https://www.dmc.gov.lk/images/dmcreports/Situation_Report_on_2023__1691887336.pdf,1280
Situation Report,2023-08-12,18:00,https://www.dmc.gov.lk/images/dmcreports/Situation_Report_on_2023__1691845300.pdf,1280
Situation Report,2023-08-11,18:00,https://www.dmc.gov.lk/images/dmcreports/Situation_Report_on_2023__1691757249.pdf,1280
Situation Report,2023-08-10,18:00,https://www.dmc.gov.lk/images/dmcreports/Situation_Report_on_2023__1691674801.pdf,1280
Situation Report,2023-08-09,18:00,https://www.dmc.gov.lk/images/dmcreports/Situation_Report_on_2023__1691583982.pdf,1280
Situation Report,2023-08-09,06:00,https://www.dmc.gov.lk/images/dmcreports/Situation_Report_on_2023__1691541143.pdf,1280
Situation Report,2023-08-08,18:00,https://www.dmc.gov.lk/images/dmcreports/Situation_Report_on_2023__1691500119.pdf,1280
Situation Report,2023-08-07,18:00,https://www.dmc.gov.lk/images/dmcreports/Situation_Report_on_2023__1691411500.pdf,1280
Situation Report,2023-08-07,06:00,https://www.dmc.gov.lk/images/dmcreports/Situation_Report_on_2023__1691369855.pdf,1280
Situation Report,2023-08-06,18:00,https://www.dmc.gov.lk/images/dmcreports/Situation_Report_on_2023__1691325249.pdf,1280
Situation Report,2023-08-05,18:00,https://www.dmc.gov.lk/images/dmcreports/Situation_Report_on_2023__1691239442.pdf,1290
Situation Report,2023-08-04,18:00,https://www.dmc.gov.lk/images/dmcreports/Situation_Report_on_2023__1691152702.pdf,1290
Situation Report,2023-08-03,18:00,https://www.dmc.gov.lk/images/dmcreports/Situation_Report_on_2023__1691066952.pdf,1290
Situation Report,2023-08-02,18:00,https://www.dmc.gov.lk/images/dmcreports/Situation_Report_on_2023__1690979673.pdf,1290
Situation Report,2023-07-31,18:00,https://www.dmc.gov.lk/images/dmcreports/Situation_Report_on_2023__1690806675.pdf,1290
Situation Report,2023-07-28,18:00,https://www.dmc.gov.lk/images/dmcreports/Situation_Report_on_2023__1690548828.pdf,1290
Situation Report,2023-07-28,06:00,https://www.dmc.gov.lk/images/dmcreports/Situation_Report_on_2023__1690504433.pdf,1290
Situation Report,2023-07-27,18:00,https://www.dmc.gov.lk/images/dmcreports/Situation_Report_on_2023__1690461183.pdf,1290
Situation Report,2023-07-27,06:00,https://www.dmc.gov.lk/images/dmcreports/Situation_Report_on_2023__1690418106.pdf,1290
Situation Report,2023-07-26,18:00,https://www.dmc.gov.lk/images/dmcreports/Situation_Report_on_2023__1690375793.pdf,1290
Situation Report,2023-07-26,06:00,https://www.dmc.gov.lk/images/dmcreports/Situation_Report_on_2023__1690331565.pdf,1300
Situation Report,2023-07-25,18:00,https://www.dmc.gov.lk/images/dmcreports/Situation_Report_on_2023__1690288235.pdf,1300
Situation Report,2023-07-24,18:00,https://www.dmc.gov.lk/images/dmcreports/Situation_Report_on_2023__1690202716.pdf,1300
Situation Report,2023-07-24,06:00,https://www.dmc.gov.lk/images/dmcreports/Situation_Report_on_2023__1690159098.pdf,1300
Situation Report,2023-07-23,18:00,https://www.dmc.gov.lk/images/dmcreports/Situation_Report_on_2023__1690115747.pdf,1300
Situation Report,2023-07-22,06:00,https://www.dmc.gov.lk/images/dmcreports/Situation_Report_on_2023__1689987161.pdf,1300
Situation Report,2023-07-20,18:00,https://www.dmc.gov.lk/images/dmcreports/Situation_Report_on_2023__1689857543.pdf,1300
Situation Report,2023-07-20,06:00,https://www.dmc.gov.lk/images/dmcreports/Situation_Report_on_2023__1689813655.pdf,1300
Situation Report,2023-07-18,06:00,https://www.dmc.gov.lk/images/dmcreports/Situation_Report_on_2023__1689640596.pdf,1300
Situation Report,2023-07-17,18:00,https://www.dmc.gov.lk/images/dmcreports/Situation_Report_on_2023__1689597810.pdf,1300
Situation Report,2023-07-17,12:00,https://www.dmc.gov.lk/images/dmcreports/Weather_Report_at_1200hrs_on_2023__1689577366.pdf,1310
Situation Report,2023-07-16,18:00,https://www.dmc.gov.lk/images/dmcreports/Situation_Report_on_2023__1689522765.pdf,1310
Situation Report,2023-07-16,06:00,https://www.dmc.gov.lk/images/dmcreports/Situation_Report_on_2023__1689467473.pdf,1310
Situation Report,2023-07-15,18:00,https://www.dmc.gov.lk/images/dmcreports/Situation_Report_on_2023__1689424183.pdf,1310
Situation Report,2023-07-14,18:00,https://www.dmc.gov.lk/images/dmcreports/Situation_Report_on_2023__1689338187.pdf,1310
Situation Report,2023-07-13,18:00,https://www.dmc.gov.lk/images/dmcreports/Situation_Report_on_2023__1689251455.pdf,1310
Situation Report,2023-07-13,06:00,https://www.dmc.gov.lk/images/dmcreports/Situation_Report_on_2023__1689208394.pdf,1310
Situation Report,2023-07-12,18:00,https://www.dmc.gov.lk/images/dmcreports/Situation_Report_on_2023__1689165072.pdf,1310
Situation Report,2023-07-12,06:00,https://www.dmc.gov.lk/images/dmcreports/Situation_Report_on_2023__1689121865.pdf,1310
Situation Report,2023-07-11,18:00,https://www.dmc.gov.lk/images/dmcreports/Situation_Report_on_2023__1689078645.pdf,1310
Situation Report,2023-07-11,06:00,https://www.dmc.gov.lk/images/dmcreports/Situation_Report_on_2023__1689035234.pdf,1320
Situation Report,2023-07-10,18:00,https://www.dmc.gov.lk/images/dmcreports/Situation_Report_on_2023__1688997410.pdf,1320
Situation Report,2023-07-09,18:00,https://www.dmc.gov.lk/images/dmcreports/Situation_Report_on_2023__1688910417.pdf,1320
Situation Report,2023-07-08,06:00,https://www.dmc.gov.lk/images/dmcreports/Situation_Report_on_2023__1688776403.pdf,1320
Situation Report,2023-07-07,18:00,https://www.dmc.gov.lk/images/dmcreports/Situation_Report_on_2023__1688739030.pdf,1320
Situation Report,2023-07-07,12:00,https://www.dmc.gov.lk/images/dmcreports/Situation_Report_on_2023__1688689610.pdf,1320
Situation Report,2023-07-06,18:00,https://www.dmc.gov.lk/images/dmcreports/Situation_Report_on_2023__1688659259.pdf,1320
Situation Report,2023-07-06,06:00,https://www.dmc.gov.lk/images/dmcreports/Situation_Report_on_2023__1688603828.pdf,1320
Situation Report,2023-07-05,18:00,https://www.dmc.gov.lk/images/dmcreports/Situation_Report_on_2023__1688560652.pdf,1320
Situation Report,2023-07-05,06:00,https://www.dmc.gov.lk/images/dmcreports/Situation_Report_on_2023__1688519092.pdf,1320
Situation Report,2023-07-04,18:00,https://www.dmc.gov.lk/images/dmcreports/Situation_Report_on_2023__1688474302.pdf,1330
Situation Report,2023-07-03,18:00,https://www.dmc.gov.lk/images/dmcreports/Situation_Report_on_2023__1688390271.pdf,1330
Situation Report,2023-07-02,18:00,https://www.dmc.gov.lk/images/dmcreports/Situation_Report_on_2023__1688302014.pdf,1330
Situation Report,2023-07-02,06:00,https://www.dmc.gov.lk/images/dmcreports/Situation_Report_on_2023__1688264033.pdf,1330
Situation Report,2023-07-01,18:00,https://www.dmc.gov.lk/images/dmcreports/Situation_Report_on_2023__1688219563.pdf,1330
Situation Report,2023-07-01,06:00,https://www.dmc.gov.lk/images/dmcreports/Situation_Report_on_2023__1688173110.pdf,1330
Situation Report,2023-06-30,18:00,https://www.dmc.gov.lk/images/dmcreports/Situation_Report_on_2023__1688130895.pdf,1330
Situation Report,2023-06-30,,https://www.dmc.gov.lk/images/dmcreports/Situation_Report_on_2023__1688086113.pdf,1330
Situation Report,2023-06-29,06:00,https://www.dmc.gov.lk/images/dmcreports/Situation_Report_on_2023__1688000336.pdf,1330
Situation Report,2023-06-28,18:00,https://www.dmc.gov.lk/images/dmcreports/Situation_Report_on_2023__1687955610.pdf,1330
Situation Report,2023-06-28,06:00,https://www.dmc.gov.lk/images/dmcreports/Situation_Report_on_2023__1687917749.pdf,1340
Situation Report,2023-06-27,18:00,https://www.dmc.gov.lk/images/dmcreports/Situation_Report_on_2023__1687869075.pdf,1340
Situation Report,2023-06-26,18:00,https://www.dmc.gov.lk/images/dmcreports/Situation_Report_on_2023__1687782920.pdf,1340
Situation Report,2023-06-24,18:00,https://www.dmc.gov.lk/images/dmcreports/Situation_Report_on_2023__1687611322.pdf,1340
Situation Report,2023-06-23,18:00,https://www.dmc.gov.lk/images/dmcreports/Situation_Report_on_2023__1687524615.pdf,1340
Situation Report,2023-06-21,18:00,https://www.dmc.gov.lk/images/dmcreports/Situation_Report_on_2023__1687351158.pdf,1340
Situation Report,2023-06-21,06:00,https://www.dmc.gov.lk/images/dmcreports/Situation_Report_on_2023__1687307685.pdf,1340
Situation Report,2023-06-20,06:00,https://www.dmc.gov.lk/images/dmcreports/Situation_Report_on_2023__1687221128.pdf,1340
Situation Report,2023-06-19,18:00,https://www.dmc.gov.lk/images/dmcreports/Situation_Report_on_2023__1687176950.pdf,1340
Situation Report,2023-06-19,06:00,https://www.dmc.gov.lk/images/dmcreports/Situation_Report_on_2023__1687151313.pdf,1340
Situation Report,2023-06-16,18:00,https://www.dmc.gov.lk/images/dmcreports/Situation_Report_on_2023__1687091586.pdf,1350
Situation Report,2023-06-15,18:00,https://www.dmc.gov.lk/images/dmcreports/Situation_Report_on_2023__1686832215.pdf,1350
Situation Report,2023-06-14,18:00,https://www.dmc.gov.lk/images/dmcreports/Situation_Report_on_2023__1686745916.pdf,1350
Situation Report,2023-06-13,18:00,https://www.dmc.gov.lk/images/dmcreports/Situation_Report_on_2023__1686660150.pdf,1350
Situation Report,2023-06-12,18:00,https://www.dmc.gov.lk/images/dmcreports/Situation_Report_on_2023__1686575483.pdf,1350
Situation Report,2023-06-12,06:00,https://www.dmc.gov.lk/images/dmcreports/Situation_Report_on_2023__1686534105.pdf,1350
Situation Report,2023-06-09,18:00,https://www.dmc.gov.lk/images/dmcreports/Situation_Report_on_2023__1686314040.pdf,1350
Situation Report,2023-06-09,06:00,https://www.dmc.gov.lk/images/dmcreports/Situation_Report_on_2023__1686270774.pdf,1350
Situation Report,2023-06-08,18:00,https://www.dmc.gov.lk/images/dmcreports/Situation_Report_on_2023__1686227589.pdf,1350
Situation Report,2023-06-08,06:00,https://www.dmc.gov.lk/images/dmcreports/Situation_Report_on_2023__1686184514.pdf,1350
Situation Report,2023-06-07,18:00,https://www.dmc.gov.lk/images/dmcreports/Situation_Report_on_2023__1686141925.pdf,1360
Situation Report,2023-06-07,06:00,https://www.dmc.gov.lk/images/dmcreports/Situation_Report_on_2023__1686098983.pdf,1360
Situation Report,2023-06-06,18:00,https://www.dmc.gov.lk/images/dmcreports/Situation_Report_on_2023__1686054984.pdf,1360
Situation Report,2023-06-06,06:00,https://www.dmc.gov.lk/images/dmcreports/Situation_Report_on_2023__1686012826.pdf,1360
Situation Report,2023-06-05,18:00,https://www.dmc.gov.lk/images/dmcreports/Situation_Report_on_2023__1685968565.pdf,1360
Situation Report,2023-06-05,06:00,https://www.dmc.gov.lk/images/dmcreports/Situation_Report_on_2023__1685926132.pdf,1360
Situation Report,2023-06-04,18:00,https://www.dmc.gov.lk/images/dmcreports/Situation_Report_on_2023__1685882140.pdf,1360
Situation Report,2023-06-04,06:00,https://www.dmc.gov.lk/images/dmcreports/Situation_Report_on_2023__1685838806.pdf,1360
Situation Report,2023-06-03,18:00,https://www.dmc.gov.lk/images/dmcreports/Situation_Report_on_2023__1685795483.pdf,1360
Situation Report,2023-06-03,06:00,https://www.dmc.gov.lk/images/dmcreports/Situation_Report_on_2023__1685754109.pdf,1360
Situation Report,2023-06-02,18:00,https://www.dmc.gov.lk/images/dmcreports/Situation_Report_on_2023__1685709074.pdf,1370
Situation Report,2023-06-02,06:00,https://www.dmc.gov.lk/images/dmcreports/Situation_Report_on_2023__1685671196.pdf,1370
Situation Report,2023-06-01,18:00,https://www.dmc.gov.lk/images/dmcreports/Situation_Report_on_2023__1685622931.pdf,1370
Situation Report,2023-06-01,06:00,https://www.dmc.gov.lk/images/dmcreports/Situation_Report_on_2023__1685581373.pdf,1370
Situation Report,2023-05-31,18:00,https://www.dmc.gov.lk/images/dmcreports/Situation_Report_on_2023__1685537228.pdf,1370
Situation Report,2023-05-30,18:00,https://www.dmc.gov.lk/images/dmcreports/Situation_Report_on_2023__1685449616.pdf,1370
Situation Report,2023-05-29,18:00,https://www.dmc.gov.lk/images/dmcreports/Situation_Report_on_2023__1685363522.pdf,1370
Situation Report,2023-05-29,06:00,https://www.dmc.gov.lk/images/dmcreports/Situation_Report_on_2023__1685327950.pdf,1370
Situation Report,2023-05-28,18:00,https://www.dmc.gov.lk/images/dmcreports/Situation_Report_on_2023__1685278025.pdf,1370
Situation Report,2023-05-28,06:00,https://www.dmc.gov.lk/images/dmcreports/Situation_Report_on_2023__1685234670.pdf,1370
Situation Report,2023-05-26,18:00,https://www.dmc.gov.lk/images/dmcreports/Situation_Report_on_2023__1685105197.pdf,1380
Situation Report,2023-05-25,18:00,https://www.dmc.gov.lk/images/dmcreports/Situation_Report_on_2023__1685018071.pdf,1380
Situation Report,2023-05-24,18:00,https://www.dmc.gov.lk/images/dmcreports/Situation_Report_on_2023__1684931579.pdf,1380
Situation Report,2023-05-24,06:00,https://www.dmc.gov.lk/images/dmcreports/Situation_Report_on_2023__1684888293.pdf,1380
Situation Report,2023-05-23,18:00,https://www.dmc.gov.lk/images/dmcreports/Situation_Report_on_2023__1684845057.pdf,1380
Situation Report,2023-05-23,06:00,https://www.dmc.gov.lk/images/dmcreports/Situation_Report_on_2023__1684801890.pdf,1380
Situation Report,2023-05-22,18:00,https://www.dmc.gov.lk/images/dmcreports/Situation_Report_on_2023__1684759827.pdf,1380
Situation Report,2023-05-22,06:00,https://www.dmc.gov.lk/images/dmcreports/Situation_Report_on_2023__1684715577.pdf,1380
Situation Report,2023-05-21,06:00,https://www.dmc.gov.lk/images/dmcreports/Situation_Report_on_2023__1684629014.pdf,1380
Situation Report,2023-05-20,18:00,https://www.dmc.gov.lk/images/dmcreports/Situation_Report_on_2023__1684586761.pdf,1380
Situation Report,2023-05-19,18:00,https://www.dmc.gov.lk/images/dmcreports/Situation_Report_on_2023__1684499701.pdf,1390
Situation Report,2023-05-19,06:00,https://www.dmc.gov.lk/images/dmcreports/Situation_Report_on_2023__1684456356.pdf,1390
Situation Report,2023-05-18,18:00,https://www.dmc.gov.lk/images/dmcreports/Situation_Report_on_2023__1684414184.pdf,1390
Situation Report,2023-05-18,06:00,https://www.dmc.gov.lk/images/dmcreports/Situation_Report_on_2023__1684370073.pdf,1390
Situation Report,2023-05-17,18:00,https://www.dmc.gov.lk/images/dmcreports/Situation_Report_on_2023__1684331133.pdf,1390
Situation Report,2023-05-17,06:00,https://www.dmc.gov.lk/images/dmcreports/Situation_Report_on_2023__1684283562.pdf,1390
Situation Report,2023-05-16,18:00,https://www.dmc.gov.lk/images/dmcreports/Situation_Report_on_2023__1684244864.pdf,1390
Situation Report,2023-05-16,06:00,https://www.dmc.gov.lk/images/dmcreports/Situation_Report_on_2023__1684200188.pdf,1390
Situation Report,2023-05-15,18:00,https://www.dmc.gov.lk/images/dmcreports/Situation_Report_on_2023__1684155506.pdf,1390
Situation Report,2023-05-15,06:00,https://www.dmc.gov.lk/images/dmcreports/Situation_Report_on_2023__1684111082.pdf,1390
Situation Report,2023-05-14,18:00,https://www.dmc.gov.lk/images/dmcreports/Situation_Report_on_2023__1684071333.pdf,1400
Situation Report,2023-05-13,18:00,https://www.dmc.gov.lk/images/dmcreports/Situation_Report_on_2023__1683981692.pdf,1400
Situation Report,2023-05-12,18:00,https://www.dmc.gov.lk/images/dmcreports/Situation_Report_on_2023__1683895595.pdf,1400
Situation Report,2023-05-12,06:00,https://www.dmc.gov.lk/images/dmcreports/Situation_Report_on_2023__1683851569.pdf,1400
Situation Report,2023-05-11,18:00,https://www.dmc.gov.lk/images/dmcreports/Situation_Report_on_2023__1683812726.pdf,1400
Situation Report,2023-05-11,06:00,https://www.dmc.gov.lk/images/dmcreports/Situation_Report_on_2023__1683765143.pdf,1400
Situation Report,2023-05-10,18:00,https://www.dmc.gov.lk/images/dmcreports/Situation_Report_on_2023__1683722719.pdf,1400
Situation Report,2023-05-10,06:00,https://www.dmc.gov.lk/images/dmcreports/Situation_Report_on_2023__1683678750.pdf,1400
Situation Report,2023-05-09,18:00,https://www.dmc.gov.lk/images/dmcreports/Situation_Report_on_2023__1683635627.pdf,1400
Situation Report,2023-05-09,06:00,https://www.dmc.gov.lk/images/dmcreports/Situation_Report_on_2023__1683593588.pdf,1400
Situation Report,2023-05-08,18:00,https://www.dmc.gov.lk/images/dmcreports/Situation_Report_on_2023__1683550510.pdf,1410
Situation Report,2023-05-08,06:00,https://www.dmc.gov.lk/images/dmcreports/Situation_Report_on_2023__1683505948.pdf,1410
Situation Report,2023-05-07,18:00,https://www.dmc.gov.lk/images/dmcreports/Situation_Report_on_2023__1683462687.pdf,1410
Situation Report,2023-05-06,06:00,https://www.dmc.gov.lk/images/dmcreports/Situation_Report_on_2023__1683333066.pdf,1410
Situation Report,2023-05-05,18:00,https://www.dmc.gov.lk/images/dmcreports/Situation_Report_on_2023__1683291529.pdf,1410
Situation Report,2023-05-05,06:00,https://www.dmc.gov.lk/images/dmcreports/Situation_Report_on_2023__1683247000.pdf,1410
Situation Report,2023-05-04,18:00,https://www.dmc.gov.lk/images/dmcreports/Situation_Report_on_2023__1683204052.pdf,1410
Situation Report,2023-05-03,18:00,https://www.dmc.gov.lk/images/dmcreports/Situation_Report_on_2023__1683119759.pdf,1410
Situation Report,2023-05-03,06:00,https://www.dmc.gov.lk/images/dmcreports/Situation_Report_on_2023__1683073957.pdf,1410
Situation Report,2023-05-02,18:00,https://www.dmc.gov.lk/images/dmcreports/Situation_Report_on_2023__1683031336.pdf,1410
Situation Report,2023-05-02,06:00,https://www.dmc.gov.lk/images/dmcreports/Situation_Report_on_2023__1682987104.pdf,1420
Situation Report,2023-05-01,18:00,https://www.dmc.gov.lk/images/dmcreports/Situation_Report_on_2023__1682944331.pdf,1420
Situation Report,2023-05-01,06:00,https://www.dmc.gov.lk/images/dmcreports/Situation_Report_on_2023__1682901243.pdf,1420
Situation Report,2023-04-30,18:00,https://www.dmc.gov.lk/images/dmcreports/Situation_Report_on_2023__1682859126.pdf,1420
Situation Report,2023-04-29,06:00,https://www.dmc.gov.lk/images/dmcreports/Situation_Report_on_2023__1682728234.pdf,1420
Situation Report,2023-04-28,18:00,https://www.dmc.gov.lk/images/dmcreports/Situation_Report_on_2023__1682685352.pdf,1420
Situation Report,2023-04-28,06:00,https://www.dmc.gov.lk/images/dmcreports/Situation_Report_on_2023__1682642618.pdf,1420
Situation Report,2023-04-27,18:00,https://www.dmc.gov.lk/images/dmcreports/Situation_Report_on_2023__1682602121.pdf,1420
Situation Report,2023-04-27,06:00,https://www.dmc.gov.lk/images/dmcreports/Situation_Report_on_2023__1682555613.pdf,1420
Situation Report,2023-04-26,18:00,https://www.dmc.gov.lk/images/dmcreports/Situation_Report_on_2023__1682522059.pdf,1420
Situation Report,2023-04-26,06:00,https://www.dmc.gov.lk/images/dmcreports/Situation_Report_on_2023__1682469346.pdf,1430
Situation Report,2023-04-25,18:00,https://www.dmc.gov.lk/images/dmcreports/Situation_Report_on_2023__1682431938.pdf,1430
Situation Report,2023-04-25,06:00,https://www.dmc.gov.lk/images/dmcreports/Situation_Report_on_2023__1682382730.pdf,1430
Situation Report,2023-04-24,18:00,https://www.dmc.gov.lk/images/dmcreports/Situation_Report_on_2023__1682339756.pdf,1430
Situation Report,2023-04-24,06:00,https://www.dmc.gov.lk/images/dmcreports/Situation_Report_on_2023__1682296269.pdf,1430
Situation Report,2023-04-23,18:00,https://www.dmc.gov.lk/images/dmcreports/Situation_Report_on_2023__1682253342.pdf,1430
Situation Report,2023-04-23,06:00,https://www.dmc.gov.lk/images/dmcreports/Situation_Report_on_2023__1682815099.pdf,1430
Situation Report,2023-04-23,06:00,https://www.dmc.gov.lk/images/dmcreports/Situation_Report_on_2023__1682209198.pdf,1430
Situation Report,2023-04-22,18:00,https://www.dmc.gov.lk/images/dmcreports/Situation_Report_on_2023__1682168424.pdf,1430
Situation Report,2023-04-22,06:00,https://www.dmc.gov.lk/images/dmcreports/Situation_Report_on_2023__1682123601.pdf,1430
Situation Report,2023-04-21,18:00,https://www.dmc.gov.lk/images/dmcreports/Situation_Report_on_2023__1682080237.pdf,1440
Situation Report,2023-04-20,18:00,https://www.dmc.gov.lk/images/dmcreports/Situation_Report_on_2023__1681997401.pdf,1440
Situation Report,2023-04-19,18:00,https://www.dmc.gov.lk/images/dmcreports/Situation_Report_on_2023__1681910093.pdf,1440
Situation Report,2023-04-18,18:00,https://www.dmc.gov.lk/images/dmcreports/Situation_Report_on_2023__1681821172.pdf,1440
Situation Report,2023-04-18,06:00,https://www.dmc.gov.lk/images/dmcreports/Situation_Report_on_2023__1681778267.pdf,1440
Situation Report,2023-04-14,18:00,https://www.dmc.gov.lk/images/dmcreports/Situation_Report_on_2023__1681476014.pdf,1440
Situation Report,2023-04-13,18:00,https://www.dmc.gov.lk/images/dmcreports/Situation_Report_on_2023__1681390663.pdf,1440
Situation Report,2023-04-12,18:00,https://www.dmc.gov.lk/images/dmcreports/Situation_Report_on_2023__1681303374.pdf,1440
Situation Report,2023-04-12,06:00,https://www.dmc.gov.lk/images/dmcreports/Situation_Report_on_2023__1681259627.pdf,1440
Situation Report,2023-04-11,18:00,https://www.dmc.gov.lk/images/dmcreports/Situation_Report_on_2023__1681218413.pdf,1440
Situation Report,2023-04-11,06:00,https://www.dmc.gov.lk/images/dmcreports/Situation_Report_on_2023__1681173566.pdf,1450
Situation Report,2023-04-10,18:00,https://www.dmc.gov.lk/images/dmcreports/Situation_Report_on_2023__1681131893.pdf,1450
Situation Report,2023-04-10,06:00,https://www.dmc.gov.lk/images/dmcreports/Situation_Report_on_2023__1681086765.pdf,1450
Situation Report,2023-04-09,18:00,https://www.dmc.gov.lk/images/dmcreports/Situation_Report_on_2023__1681058417.pdf,1450
Situation Report,2023-04-09,06:00,https://www.dmc.gov.lk/images/dmcreports/Situation_Report_on_2023__1681000518.pdf,1450
Situation Report,2023-04-07,18:00,https://www.dmc.gov.lk/images/dmcreports/Situation_Report_on_2023__1680871332.pdf,1450
Situation Report,2023-04-07,06:00,https://www.dmc.gov.lk/images/dmcreports/Situation_Report_on_2023__1680828478.pdf,1450
Situation Report,2023-04-06,18:00,https://www.dmc.gov.lk/images/dmcreports/Situation_Report_on_2023__1680785103.pdf,1450
Situation Report,2023-04-06,06:00,https://www.dmc.gov.lk/images/dmcreports/Situation_Report_on_2023__1680741519.pdf,1450
Situation Report,2023-04-05,18:00,https://www.dmc.gov.lk/images/dmcreports/Situation_Report_on_2023__1680698655.pdf,1450
Situation Report,2023-04-05,06:00,https://www.dmc.gov.lk/images/dmcreports/Situation_Report_on_2023__1680654749.pdf,1460
Situation Report,2023-04-04,18:00,https://www.dmc.gov.lk/images/dmcreports/Situation_Report_on_2023__1680612983.pdf,1460
Situation Report,2023-04-03,18:00,https://www.dmc.gov.lk/images/dmcreports/Situation_Report_on_2023__1680524966.pdf,1460
Situation Report,2023-04-03,06:00,https://www.dmc.gov.lk/images/dmcreports/Situation_Report_on_2023__1680482039.pdf,1460
Situation Report,2023-04-02,06:00,https://www.dmc.gov.lk/images/dmcreports/Situation_Report_on_2023__1680395715.pdf,1460
Situation Report,2023-04-01,18:00,https://www.dmc.gov.lk/images/dmcreports/Situation_Report_on_2023__1680352558.pdf,1460
Situation Report,2023-03-31,18:00,https://www.dmc.gov.lk/images/dmcreports/Situation_Report_on_2023__1680266145.pdf,1460
Situation Report,2023-03-31,06:00,https://www.dmc.gov.lk/images/dmcreports/Situation_Report_on_2023__1680222486.pdf,1460
Situation Report,2023-03-30,18:00,https://www.dmc.gov.lk/images/dmcreports/Situation_Report_on_2023__1680179708.pdf,1460
Situation Report,2023-03-29,18:00,https://www.dmc.gov.lk/images/dmcreports/Situation_Report_on_2023__1680093101.pdf,1460
Situation Report,2023-03-29,06:00,https://www.dmc.gov.lk/images/dmcreports/Situation_Report_on_2023__1680050514.pdf,1470
Situation Report,2023-03-28,18:00,https://www.dmc.gov.lk/images/dmcreports/Situation_Report_on_2023__1680007267.pdf,1470
Situation Report,2023-03-28,06:00,https://www.dmc.gov.lk/images/dmcreports/Situation_Report_on_2023__1679972058.pdf,1470
Situation Report,2023-03-27,06:00,https://www.dmc.gov.lk/images/dmcreports/Situation_Report_on_2023__1679879855.pdf,1470
Situation Report,2023-03-26,06:00,https://www.dmc.gov.lk/images/dmcreports/Situation_Report_on_2023__1679791601.pdf,1470
Situation Report,2023-03-25,18:00,https://www.dmc.gov.lk/images/dmcreports/Situation_Report_on_2023__1679791414.pdf,1470
Situation Report,2023-03-25,06:00,https://www.dmc.gov.lk/images/dmcreports/Situation_Report_on_2023__1679705068.pdf,1470
Situation Report,2023-03-24,18:00,https://www.dmc.gov.lk/images/dmcreports/Situation_Report_on_2023__1679661481.pdf,1470
Situation Report,2023-03-24,06:00,https://www.dmc.gov.lk/images/dmcreports/Situation_Report_on_2023__1679618297.pdf,1470
Situation Report,2023-03-23,18:00,https://www.dmc.gov.lk/images/dmcreports/Situation_Report_on_2023__1679576201.pdf,1470
Situation Report,2023-03-22,06:00,https://www.dmc.gov.lk/images/dmcreports/Situation_Report_on_2023__1679450136.pdf,1480
Situation Report,2023-03-21,18:00,https://www.dmc.gov.lk/images/dmcreports/Situation_Report_on_2023__1679401956.pdf,1480
Situation Report,2023-03-21,06:00,https://www.dmc.gov.lk/images/dmcreports/Situation_Report_on_2023__1679360242.pdf,1480
Situation Report,2023-03-20,18:00,https://www.dmc.gov.lk/images/dmcreports/Situation_Report_on_2023__1679316759.pdf,1480
Situation Report,2023-03-20,06:00,https://www.dmc.gov.lk/images/dmcreports/Situation_Report_on_2023__1679273019.pdf,1480
Situation Report,2023-03-16,18:00,https://www.dmc.gov.lk/images/dmcreports/Situation_Report_on_2023__1678972517.pdf,1480
Situation Report,2023-03-16,06:00,https://www.dmc.gov.lk/images/dmcreports/Situation_Report_on_2023__1678928247.pdf,1480
Situation Report,2023-03-14,18:00,https://www.dmc.gov.lk/images/dmcreports/Situation_Report_on_2023__1678799670.pdf,1480
Situation Report,2023-03-14,06:00,https://www.dmc.gov.lk/images/dmcreports/Situation_Report_on_2023__1678759455.pdf,1480
Situation Report,2023-03-14,06:00,https://www.dmc.gov.lk/images/dmcreports/Situation_Report_on_2023__1678759470.pdf,1490
Situation Report,2023-03-13,18:00,https://www.dmc.gov.lk/images/dmcreports/Situation_Report_on_2023__1678711556.pdf,1490
Situation Report,2023-03-12,06:00,https://www.dmc.gov.lk/images/dmcreports/Situation_Report_on_2023__1678581425.pdf,1490
Situation Report,2023-03-11,06:00,https://www.dmc.gov.lk/images/dmcreports/Situation_Report_on_2023__1678494728.pdf,1490
Situation Report,2023-03-10,18:00,https://www.dmc.gov.lk/images/dmcreports/Situation_Report_on_2023__1678453270.pdf,1490
Situation Report,2023-03-10,06:00,https://www.dmc.gov.lk/images/dmcreports/Situation_Report_on_2023__1678408449.pdf,1490
Situation Report,2023-03-09,18:00,https://www.dmc.gov.lk/images/dmcreports/Situation_Report_on_2023__1678365030.pdf,1490
Situation Report,2023-03-08,18:00,https://www.dmc.gov.lk/images/dmcreports/Situation_Report_on_2023__1678278669.pdf,1490
Situation Report,2023-03-08,06:00,https://www.dmc.gov.lk/images/dmcreports/Situation_Report_on_2023__1678236165.pdf,1490
Situation Report,2023-03-07,18:00,https://www.dmc.gov.lk/images/dmcreports/Situation_Report_on_2023__1678193081.pdf,1490
Situation Report,2023-03-03,06:00,https://www.dmc.gov.lk/images/dmcreports/Situation_Report_on_2023__1677803510.pdf,1500
Situation Report,2023-03-02,06:00,https://www.dmc.gov.lk/images/dmcreports/Situation_Report_on_2023__1677717107.pdf,1500
Situation Report,2023-03-01,18:00,https://www.dmc.gov.lk/images/dmcreports/Situation_Report_on_2023__1677674516.pdf,1500
Situation Report,2023-03-01,06:00,https://www.dmc.gov.lk/images/dmcreports/Situation_Report_on_2023__1677632087.pdf,1500
Situation Report,2023-02-28,18:00,https://www.dmc.gov.lk/images/dmcreports/Situation_Report_on_2023__1677588373.pdf,1500
Situation Report,2023-02-28,06:00,https://www.dmc.gov.lk/images/dmcreports/Situation_Report_on_2023__1677544556.pdf,1500
Situation Report,2023-02-27,18:00,https://www.dmc.gov.lk/images/dmcreports/Situation_Report_on_2023__1677501676.pdf,1500
Situation Report,2023-02-27,06:00,https://www.dmc.gov.lk/images/dmcreports/Situation_Report_on_2023__1677458147.pdf,1500
Situation Report,2023-02-26,06:00,https://www.dmc.gov.lk/images/dmcreports/Situation_Report_on_2023__1677371872.pdf,1500
Situation Report,2023-02-24,06:00,https://www.dmc.gov.lk/images/dmcreports/Situation_Report_on_2023__1677199128.pdf,1500
Situation Report,2023-02-23,18:00,https://www.dmc.gov.lk/images/dmcreports/Situation_Report_on_2023__1677155751.pdf,1510
Situation Report,2023-02-22,18:00,https://www.dmc.gov.lk/images/dmcreports/Situation_Report_on_2023__1677070126.pdf,1510
Situation Report,2023-02-22,06:00,https://www.dmc.gov.lk/images/dmcreports/Situation_Report_on_2023__1677025960.pdf,1510
Situation Report,2023-02-21,18:00,https://www.dmc.gov.lk/images/dmcreports/Situation_Report_on_2023__1676984089.pdf,1510
Situation Report,2023-02-18,06:00,https://www.dmc.gov.lk/images/dmcreports/Situation_Report_on_2023__1676680061.pdf,1510
Situation Report,2023-02-17,18:00,https://www.dmc.gov.lk/images/dmcreports/Situation_Report_on_2023__1676637034.pdf,1510
Situation Report,2023-02-17,06:00,https://www.dmc.gov.lk/images/dmcreports/Situation_Report_on_2023__1676635004.pdf,1510
Situation Report,2023-02-14,18:00,https://www.dmc.gov.lk/images/dmcreports/Situation_Report_on_2023__1676385075.pdf,1510
Situation Report,2023-02-14,05:30,https://www.dmc.gov.lk/images/dmcreports/Situation_Report_on_2023__1676334899.pdf,1510
Situation Report,2023-02-13,18:00,https://www.dmc.gov.lk/images/dmcreports/Situation_Report_on_2023__1676298149.pdf,1510
Situation Report,2023-02-12,06:00,https://www.dmc.gov.lk/images/dmcreports/Situation_Report_on_2023__1676161165.pdf,1520
Situation Report,2023-02-10,18:00,https://www.dmc.gov.lk/images/dmcreports/Situation_Report_on_2023__1676032353.pdf,1520
Situation Report,2023-02-10,06:00,https://www.dmc.gov.lk/images/dmcreports/Situation_Report_on_2023__1675989868.pdf,1520
Situation Report,2023-02-09,18:00,https://www.dmc.gov.lk/images/dmcreports/Situation_Report_on_2023__1675947953.pdf,1520
Situation Report,2023-02-09,06:00,https://www.dmc.gov.lk/images/dmcreports/Situation_Report_on_2023__1675903052.pdf,1520
Situation Report,2023-02-08,18:00,https://www.dmc.gov.lk/images/dmcreports/Situation_Report_on_2023__1675859678.pdf,1520
Situation Report,2023-02-08,06:00,https://www.dmc.gov.lk/images/dmcreports/Situation_Report_on_2023__1675816297.pdf,1520
Situation Report,2023-02-07,18:00,https://www.dmc.gov.lk/images/dmcreports/Situation_Report_on_2023__1675773591.pdf,1520
Situation Report,2023-02-06,18:00,https://www.dmc.gov.lk/images/dmcreports/Situation_Report_on_2023__1675686759.pdf,1520
Situation Report,2023-02-06,06:00,https://www.dmc.gov.lk/images/dmcreports/Situation_Report_on_2023__1675644348.pdf,1520
Situation Report,2023-02-05,18:00,https://www.dmc.gov.lk/images/dmcreports/Situation_Report_on_2023__1675600544.pdf,1530
Situation Report,2023-02-05,06:00,https://www.dmc.gov.lk/images/dmcreports/Situation_Report_on_2023__1675557820.pdf,1530
Situation Report,2023-02-04,18:00,https://www.dmc.gov.lk/images/dmcreports/Situation_Report_on_2023__1675514797.pdf,1530
Situation Report,2023-02-04,06:00,https://www.dmc.gov.lk/images/dmcreports/Situation_Report_on_2023__1675474138.pdf,1530
Situation Report,2023-02-03,18:00,https://www.dmc.gov.lk/images/dmcreports/Situation_Report_on_2023__1675427879.pdf,1530
Situation Report,2023-02-03,06:00,https://www.dmc.gov.lk/images/dmcreports/Situation_Report_on_2023__1675385758.pdf,1530
Situation Report,2023-02-02,18:00,https://www.dmc.gov.lk/images/dmcreports/Situation_Report_on_2023__1675340661.pdf,1530
Situation Report,2023-02-02,16:00,https://www.dmc.gov.lk/images/dmcreports/Weather_Report_at_1600_hrs_on_2023__1675335308.pdf,1530
Situation Report,2023-02-01,18:00,https://www.dmc.gov.lk/images/dmcreports/Situation_Report_on_2023__1675307973.pdf,1530
Situation Report,2023-01-31,18:00,https://www.dmc.gov.lk/images/dmcreports/Situation_Report_on_2023__1675170266.pdf,1530
Situation Report,2023-01-31,06:00,https://www.dmc.gov.lk/images/dmcreports/Weather_Report_at_0530_hrs_on_2023__1675125287.pdf,1540
Situation Report,2023-01-30,18:00,https://www.dmc.gov.lk/images/dmcreports/Situation_Report_on_2023__1675081767.pdf,1540
Situation Report,2023-01-28,18:00,https://www.dmc.gov.lk/images/dmcreports/Situation_Report_on_2023__1674909472.pdf,1540
Situation Report,2023-01-28,06:00,https://www.dmc.gov.lk/images/dmcreports/Situation_Report_on_2023__1674869485.pdf,1540
Situation Report,2023-01-27,18:00,https://www.dmc.gov.lk/images/dmcreports/Situation_Report_on_2023__1674823653.pdf,1540
Situation Report,2023-01-26,18:00,https://www.dmc.gov.lk/images/dmcreports/Situation_Report_on_2023__1674736318.pdf,1540
Situation Report,2023-01-25,18:00,https://www.dmc.gov.lk/images/dmcreports/Situation_Report_on_2023__1674650061.pdf,1540
Situation Report,2023-01-24,18:00,https://www.dmc.gov.lk/images/dmcreports/Situation_Report_on_2023__1674563878.pdf,1540
Situation Report,2023-01-24,06:00,https://www.dmc.gov.lk/images/dmcreports/Situation_Report_on_2023__1674520257.pdf,1540
Situation Report,2023-01-21,06:00,https://www.dmc.gov.lk/images/dmcreports/Situation_Report_on_2023__1674263503.pdf,1540
Situation Report,2023-01-20,18:00,https://www.dmc.gov.lk/images/dmcreports/Situation_Report_on_2023__1674218176.pdf,1550
Situation Report,2023-01-20,06:00,https://www.dmc.gov.lk/images/dmcreports/Situation_Report_on_2023__1674176476.pdf,1550
Situation Report,2023-01-19,06:00,https://www.dmc.gov.lk/images/dmcreports/Situation_Report_on_2023__1674093751.pdf,1550
Situation Report,2023-01-18,18:00,https://www.dmc.gov.lk/images/dmcreports/Situation_Report_on_2023__1674045212.pdf,1550
Situation Report,2023-01-17,18:00,https://www.dmc.gov.lk/images/dmcreports/Situation_Report_on_2023__1673959338.pdf,1550
Situation Report,2023-01-17,06:00,https://www.dmc.gov.lk/images/dmcreports/Situation_Report_on_2023__1673916270.pdf,1550
Situation Report,2023-01-16,18:00,https://www.dmc.gov.lk/images/dmcreports/Situation_Report_on_2023__1673873832.pdf,1550
Situation Report,2023-01-15,06:00,https://www.dmc.gov.lk/images/dmcreports/Situation_Report_on_2023__1673742642.pdf,1550
Situation Report,2023-01-13,06:00,https://www.dmc.gov.lk/images/dmcreports/Situation_Report_on_2023__1673570037.pdf,1550
Situation Report,2023-01-12,18:00,https://www.dmc.gov.lk/images/dmcreports/Situation_Report_on_2023__1673526300.pdf,1550
Situation Report,2023-01-12,06:00,https://www.dmc.gov.lk/images/dmcreports/Situation_Report_on_2023__1673483709.pdf,1560
Situation Report,2023-01-11,18:00,https://www.dmc.gov.lk/images/dmcreports/Situation_Report_on_2023__1673440888.pdf,1560
Situation Report,2023-01-11,06:00,https://www.dmc.gov.lk/images/dmcreports/Situation_Report_on_2023__1673398680.pdf,1560
Situation Report,2023-01-10,18:00,https://www.dmc.gov.lk/images/dmcreports/Situation_Report_on_2023__1673355371.pdf,1560
Situation Report,2023-01-10,06:00,https://www.dmc.gov.lk/images/dmcreports/Situation_Report_on_2023__1673310606.pdf,1560
Situation Report,2023-01-09,18:00,https://www.dmc.gov.lk/images/dmcreports/Situation_Report_on_2023__1673267714.pdf,1560
Situation Report,2023-01-09,06:00,https://www.dmc.gov.lk/images/dmcreports/Situation_Report_on_2023__1673224301.pdf,1560
Situation Report,2023-01-05,06:00,https://www.dmc.gov.lk/images/dmcreports/Situation_Report_on_2023__1672878945.pdf,1560
Situation Report,2023-01-04,06:00,https://www.dmc.gov.lk/images/dmcreports/Situation_Report_on_2023__1672792149.pdf,1560
Situation Report,2023-01-03,18:00,https://www.dmc.gov.lk/images/dmcreports/Situation_Report_on_2023__1672750835.pdf,1560
Situation Report,2023-01-03,06:00,https://www.dmc.gov.lk/images/dmcreports/Situation_Report_on_2023__1672706173.pdf,1570
Situation Report,2023-01-02,06:00,https://www.dmc.gov.lk/images/dmcreports/Situation_Report_on_2023__1672619633.pdf,1570
Situation Report,2022-12-31,06:00,https://www.dmc.gov.lk/images/dmcreports/Situation_Report_on_2022__1672447999.pdf,1570
Situation Report,2022-12-30,06:00,https://www.dmc.gov.lk/images/dmcreports/Situation_Report_on_2022__1672360492.pdf,1570
Situation Report,2022-12-29,18:00,https://www.dmc.gov.lk/images/dmcreports/Situation_Report_on_2022__1672317158.pdf,1570
Situation Report,2022-12-27,18:00,https://www.dmc.gov.lk/images/dmcreports/Situation_Report_on_2022__1672145559.pdf,1570
Situation Report,2022-12-27,06:00,https://www.dmc.gov.lk/images/dmcreports/Situation_Report_on_2022__1672101892.pdf,1570
Situation Report,2022-12-26,18:00,https://www.dmc.gov.lk/images/dmcreports/Situation_Report_on_2022__1672058169.pdf,1570
Situation Report,2022-12-26,06:00,https://www.dmc.gov.lk/images/dmcreports/Situation_Report_on_2022__1672014762.pdf,1570
Situation Report,2022-12-25,18:00,https://www.dmc.gov.lk/images/dmcreports/Situation_Report_on_2022__1671972077.pdf,1570
Situation Report,2022-12-25,06:00,https://www.dmc.gov.lk/images/dmcreports/Situation_Report_on_2022__1671930055.pdf,1580
Situation Report,2022-12-24,18:00,https://www.dmc.gov.lk/images/dmcreports/Situation_Report_on_2022__1671885494.pdf,1580
Situation Report,2022-12-24,18:00,https://www.dmc.gov.lk/images/dmcreports/Situation_Report_on_2022__1671885520.pdf,1580
Situation Report,2022-12-24,18:00,https://www.dmc.gov.lk/images/dmcreports/Situation_Report_on_2022__1671885677.pdf,1580
Situation Report,2022-12-24,06:00,https://www.dmc.gov.lk/images/dmcreports/Situation_Report_on_2022__1671842594.pdf,1580
Situation Report,2022-12-23,18:00,https://www.dmc.gov.lk/images/dmcreports/Situation_Report_on_2022__1671799750.pdf,1580
Situation Report,2022-12-23,06:00,https://www.dmc.gov.lk/images/dmcreports/Situation_Report_on_2022__1671758126.pdf,1580
Situation Report,2022-12-22,06:00,https://www.dmc.gov.lk/images/dmcreports/Situation_Report_on_2022__1671670382.pdf,1580
Situation Report,2022-12-20,18:00,https://www.dmc.gov.lk/images/dmcreports/Situation_Report_on_2022__1671539527.pdf,1580
Situation Report,2022-12-20,06:00,https://www.dmc.gov.lk/images/dmcreports/Situation_Report_on_2022__1671496731.pdf,1580
Situation Report,2022-12-19,18:00,https://www.dmc.gov.lk/images/dmcreports/Situation_Report_on_2022__1671453677.pdf,1590
Situation Report,2022-12-19,06:00,https://www.dmc.gov.lk/images/dmcreports/Situation_Report_on_2022__1671412295.pdf,1590
Situation Report,2022-12-17,06:00,https://www.dmc.gov.lk/images/dmcreports/Situation_Report_on_2022__1671245472.pdf,1590
Situation Report,2022-12-16,18:00,https://www.dmc.gov.lk/images/dmcreports/Situation_Report_on_2022__1671196670.pdf,1590
Situation Report,2022-12-16,06:00,https://www.dmc.gov.lk/images/dmcreports/Situation_Report_on_2022__1671151113.pdf,1590
Situation Report,2022-12-15,18:00,https://www.dmc.gov.lk/images/dmcreports/Situation_Report_on_2022__1671107532.pdf,1590
Situation Report,2022-12-14,18:00,https://www.dmc.gov.lk/images/dmcreports/Situation_Report_on_2022__1671021247.pdf,1590
Situation Report,2022-12-13,18:00,https://www.dmc.gov.lk/images/dmcreports/Situation_Report_on_2022__1670941698.pdf,1590
Situation Report,2022-12-13,06:00,https://www.dmc.gov.lk/images/dmcreports/Situation_Report_on_2022__1670891451.pdf,1590
Situation Report,2022-12-12,18:00,https://www.dmc.gov.lk/images/dmcreports/Situation_Report_on_2022__1670848563.pdf,1590
Situation Report,2022-12-12,06:00,https://www.dmc.gov.lk/images/dmcreports/Situation_Report_on_2022__1670804890.pdf,1600
Situation Report,2022-12-11,18:00,https://www.dmc.gov.lk/images/dmcreports/Situation_Report_on_2022__1670763557.pdf,1600
Situation Report,2022-12-10,18:00,https://www.dmc.gov.lk/images/dmcreports/Situation_Report_on_2022__1670678520.pdf,1600
Situation Report,2022-12-10,06:00,https://www.dmc.gov.lk/images/dmcreports/Situation_Report_on_2022__1670634164.pdf,1600
Situation Report,2022-12-09,18:00,https://www.dmc.gov.lk/images/dmcreports/Situation_Report_on_2022__1670590517.pdf,1600
Situation Report,2022-12-09,06:00,https://www.dmc.gov.lk/images/dmcreports/Situation_Report_on_2022__1670546522.pdf,1600
Situation Report,2022-12-08,18:00,https://www.dmc.gov.lk/images/dmcreports/Situation_Report_on_2022__1670514066.pdf,1600
Situation Report,2022-12-06,18:00,https://www.dmc.gov.lk/images/dmcreports/Situation_Report_on_2022__1670330332.pdf,1600
Situation Report,2022-12-06,12:00,https://www.dmc.gov.lk/images/dmcreports/Situation_Report_on_2022__1670290060.pdf,1600
Situation Report,2022-12-06,06:00,https://www.dmc.gov.lk/images/dmcreports/Situation_Report_on_2022__1670290066.pdf,1610
Situation Report,2022-12-05,18:00,https://www.dmc.gov.lk/images/dmcreports/Situation_Report_on_2022__1670244120.pdf,1610
Situation Report,2022-12-02,18:00,https://www.dmc.gov.lk/images/dmcreports/Situation_Report_on_2022__1669984537.pdf,1610
Situation Report,2022-12-02,06:00,https://www.dmc.gov.lk/images/dmcreports/Situation_Report_on_2022__1669940968.pdf,1610
Situation Report,2022-12-01,18:00,https://www.dmc.gov.lk/images/dmcreports/Situation_Report_on_2022__1669898573.pdf,1610
Situation Report,2022-12-01,06:00,https://www.dmc.gov.lk/images/dmcreports/Situation_Report_on_2022__1669854690.pdf,1610
Situation Report,2022-11-30,18:00,https://www.dmc.gov.lk/images/dmcreports/Situation_Report_on_2022__1669811248.pdf,1610
Situation Report,2022-11-30,06:00,https://www.dmc.gov.lk/images/dmcreports/Situation_Report_on_2022__1669768345.pdf,1610
Situation Report,2022-11-29,18:00,https://www.dmc.gov.lk/images/dmcreports/Situation_Report_on_2022__1669725649.pdf,1610
Situation Report,2022-11-29,06:00,https://www.dmc.gov.lk/images/dmcreports/Situation_Report_on_2022__1669680656.pdf,1610
Situation Report,2022-11-28,18:00,https://www.dmc.gov.lk/images/dmcreports/Situation_Report_on_2022__1669639104.pdf,1620
Situation Report,2022-11-28,06:00,https://www.dmc.gov.lk/images/dmcreports/Situation_Report_on_2022__1669611720.pdf,1620
Situation Report,2022-11-27,18:00,https://www.dmc.gov.lk/images/dmcreports/Situation_Report_on_2022__1669611846.pdf,1620
Situation Report,2022-11-24,18:00,https://www.dmc.gov.lk/images/dmcreports/Situation_Report_on_2022__1669301028.pdf,1620
Situation Report,2022-11-24,06:00,https://www.dmc.gov.lk/images/dmcreports/Situation_Report_on_2022__1669250281.pdf,1620
Situation Report,2022-11-23,18:00,https://www.dmc.gov.lk/images/dmcreports/Situation_Report_on_2022__1669210512.pdf,1620
Situation Report,2022-11-22,18:00,https://www.dmc.gov.lk/images/dmcreports/Situation_Report_on_2022__1669124873.pdf,1620
Situation Report,2022-11-22,06:00,https://www.dmc.gov.lk/images/dmcreports/Situation_Report_on_2022__1669077650.pdf,1620
Situation Report,2022-11-21,06:00,https://www.dmc.gov.lk/images/dmcreports/Situation_Report_on_2022__1668994571.pdf,1620
Situation Report,2022-11-20,18:00,https://www.dmc.gov.lk/images/dmcreports/Situation_Report_on_2022__1668948594.pdf,1620
Situation Report,2022-11-20,06:00,https://www.dmc.gov.lk/images/dmcreports/Situation_Report_on_2022__1668905280.pdf,1630
Situation Report,2022-11-19,18:00,https://www.dmc.gov.lk/images/dmcreports/Situation_Report_on_2022__1668861044.pdf,1630
Situation Report,2022-11-19,06:00,https://www.dmc.gov.lk/images/dmcreports/Situation_Report_on_2022__1668818258.pdf,1630
Situation Report,2022-11-18,06:00,https://www.dmc.gov.lk/images/dmcreports/Situation_Report_on_2022__1668730988.pdf,1630
Situation Report,2022-11-17,06:00,https://www.dmc.gov.lk/images/dmcreports/Situation_Report_on_2022__1668645312.pdf,1630
Situation Report,2022-11-16,18:00,https://www.dmc.gov.lk/images/dmcreports/Situation_Report_on_2022__1668602618.pdf,1630
Situation Report,2022-11-16,06:00,https://www.dmc.gov.lk/images/dmcreports/Situation_Report_on_2022__1668559444.pdf,1630
Situation Report,2022-11-15,18:00,https://www.dmc.gov.lk/images/dmcreports/Situation_Report_on_2022__1668514171.pdf,1630
Situation Report,2022-11-15,06:00,https://www.dmc.gov.lk/images/dmcreports/Situation_Report_on_2022__1668474921.pdf,1630
Situation Report,2022-11-14,18:00,https://www.dmc.gov.lk/images/dmcreports/Situation_Report_on_2022__1668427574.pdf,1630
Situation Report,2022-11-14,06:00,https://www.dmc.gov.lk/images/dmcreports/Situation_Report_on_2022__1668386056.pdf,1640
Situation Report,2022-11-13,18:00,https://www.dmc.gov.lk/images/dmcreports/Situation_Report_on_2022__1668341719.pdf,1640
Situation Report,2022-11-13,06:00,https://www.dmc.gov.lk/images/dmcreports/Situation_Report_on_2022__1668302827.pdf,1640
Situation Report,2022-11-12,18:00,https://www.dmc.gov.lk/images/dmcreports/Situation_Report_on_2022__1668256634.pdf,1640
Situation Report,2022-11-12,06:00,https://www.dmc.gov.lk/images/dmcreports/Situation_Report_on_2022__1668213385.pdf,1640
Situation Report,2022-11-11,18:00,https://www.dmc.gov.lk/images/dmcreports/Situation_Report_on_2022__1668169983.pdf,1640
Situation Report,2022-11-11,06:00,https://www.dmc.gov.lk/images/dmcreports/Situation_Report_on_2022__1668129663.pdf,1640
Situation Report,2022-11-10,18:00,https://www.dmc.gov.lk/images/dmcreports/Situation_Report_on_2022__1668083524.pdf,1640
Situation Report,2022-11-10,06:00,https://www.dmc.gov.lk/images/dmcreports/Situation_Report_on_2022__1668040276.pdf,1640
Situation Report,2022-11-09,18:00,https://www.dmc.gov.lk/images/dmcreports/Situation_Report_on_2022__1667997254.pdf,1640
Situation Report,2022-11-09,06:00,https://www.dmc.gov.lk/images/dmcreports/Situation_Report_on_2022__1667954199.pdf,1650
Situation Report,2022-11-08,19:00,https://www.dmc.gov.lk/images/dmcreports/Landslide_Early_Warning_Report_at_1900hrs_on_2022__1667915214.pdf,1650
Situation Report,2022-11-08,18:00,https://www.dmc.gov.lk/images/dmcreports/Situation_Report_on_2022__1667910808.pdf,1650
Situation Report,2022-11-07,18:00,https://www.dmc.gov.lk/images/dmcreports/Situation_Report_on_2022__1667824278.pdf,1650
Situation Report,2022-11-07,06:00,https://www.dmc.gov.lk/images/dmcreports/Situation_Report_on_2022__1667781263.pdf,1650
Situation Report,2022-11-06,18:00,https://www.dmc.gov.lk/images/dmcreports/Situation_Report_on_2022__1667736131.pdf,1650
Situation Report,2022-11-06,06:00,https://www.dmc.gov.lk/images/dmcreports/Situation_Report_on_2022__1667695012.pdf,1650
Situation Report,2022-11-05,18:00,https://www.dmc.gov.lk/images/dmcreports/Situation_Report_on_2022__1667651553.pdf,1650
Situation Report,2022-11-05,06:00,https://www.dmc.gov.lk/images/dmcreports/Situation_Report_on_2022__1667609440.pdf,1650
Situation Report,2022-11-04,06:00,https://www.dmc.gov.lk/images/dmcreports/Situation_Report_on_2022__1667522095.pdf,1650
Situation Report,2022-11-03,18:00,https://www.dmc.gov.lk/images/dmcreports/Situation_Report_on_2022__1667478807.pdf,1660
Situation Report,2022-11-03,06:00,https://www.dmc.gov.lk/images/dmcreports/Situation_Report_on_2022__1667435791.pdf,1660
Situation Report,2022-11-02,18:00,https://www.dmc.gov.lk/images/dmcreports/Situation_Report_on_2022__1667392441.pdf,1660
Situation Report,2022-11-02,05:30,https://www.dmc.gov.lk/images/dmcreports/Situation_Report_on_2022__1667349180.pdf,1660
Situation Report,2022-11-01,18:00,https://www.dmc.gov.lk/images/dmcreports/Situation_Report_on_2022__1667306246.pdf,1660
Situation Report,2022-11-01,06:00,https://www.dmc.gov.lk/images/dmcreports/Situation_Report_on_2022__1667273474.pdf,1660
Situation Report,2022-10-31,18:00,https://www.dmc.gov.lk/images/dmcreports/Situation_Report_on_2022__1667219533.pdf,1660
Situation Report,2022-10-31,06:00,https://www.dmc.gov.lk/images/dmcreports/Situation_Report_on_2022__1667176778.pdf,1660
Situation Report,2022-10-30,18:00,https://www.dmc.gov.lk/images/dmcreports/Situation_Report_on_2022__1667133885.pdf,1660
Situation Report,2022-10-30,06:00,https://www.dmc.gov.lk/images/dmcreports/Situation_Report_on_2022__1667089964.pdf,1660
Situation Report,2022-10-29,18:00,https://www.dmc.gov.lk/images/dmcreports/Situation_Report_on_2022__1667047305.pdf,1670
Situation Report,2022-10-29,06:00,https://www.dmc.gov.lk/images/dmcreports/Situation_Report_on_2022__1667004825.pdf,1670
Situation Report,2022-10-28,18:00,https://www.dmc.gov.lk/images/dmcreports/Situation_Report_on_2022__1666960513.pdf,1670
Situation Report,2022-10-27,18:00,https://www.dmc.gov.lk/images/dmcreports/Situation_Report_on_2022__1666883842.pdf,1670
Situation Report,2022-10-27,06:00,https://www.dmc.gov.lk/images/dmcreports/Situation_Report_on_2022__1666831204.pdf,1670
Situation Report,2022-10-26,18:00,https://www.dmc.gov.lk/images/dmcreports/Situation_Report_on_2022__1666787683.pdf,1670
Situation Report,2022-10-26,06:00,https://www.dmc.gov.lk/images/dmcreports/Situation_Report_on_2022__1666745319.pdf,1670
Situation Report,2022-10-25,18:00,https://www.dmc.gov.lk/images/dmcreports/Situation_Report_on_2022__1666702302.pdf,1670
Situation Report,2022-10-25,06:00,https://www.dmc.gov.lk/images/dmcreports/Situation_Report_on_2022__1666658524.pdf,1670
Situation Report,2022-10-24,18:00,https://www.dmc.gov.lk/images/dmcreports/Situation_Report_on_2022__1666615981.pdf,1670
Situation Report,2022-10-24,06:00,https://www.dmc.gov.lk/images/dmcreports/Situation_Report_on_2022__1666574570.pdf,1680
Situation Report,2022-10-23,18:00,https://www.dmc.gov.lk/images/dmcreports/Situation_Report_on_2022__1666528501.pdf,1680
Situation Report,2022-10-23,06:00,https://www.dmc.gov.lk/images/dmcreports/Situation_Report_on_2022__1666486722.pdf,1680
Situation Report,2022-10-22,18:00,https://www.dmc.gov.lk/images/dmcreports/Situation_Report_on_2022__1666441299.pdf,1680
Situation Report,2022-10-22,06:00,https://www.dmc.gov.lk/images/dmcreports/Situation_Report_on_2022__1666398706.pdf,1680
Situation Report,2022-10-21,18:00,https://www.dmc.gov.lk/images/dmcreports/Situation_Report_on_2022__1666357916.pdf,1680
Situation Report,2022-10-21,06:00,https://www.dmc.gov.lk/images/dmcreports/Situation_Report_on_2022__1666312621.pdf,1680
Situation Report,2022-10-20,18:00,https://www.dmc.gov.lk/images/dmcreports/Situation_Report_on_2022__1666270053.pdf,1680
Situation Report,2022-10-20,06:00,https://www.dmc.gov.lk/images/dmcreports/Situation_Report_on_2022__1666227685.pdf,1680
Situation Report,2022-10-19,18:00,https://www.dmc.gov.lk/images/dmcreports/Situation_Report_on_2022__1666183132.pdf,1680
Situation Report,2022-10-19,06:00,https://www.dmc.gov.lk/images/dmcreports/Situation_Report_on_2022__1666139424.pdf,1690
Situation Report,2022-10-18,18:00,https://www.dmc.gov.lk/images/dmcreports/Situation_Report_on_2022__1666097192.pdf,1690
Situation Report,2022-10-18,06:00,https://www.dmc.gov.lk/images/dmcreports/Situation_Report_on_2022__1666053189.pdf,1690
Situation Report,2022-10-17,18:00,https://www.dmc.gov.lk/images/dmcreports/Situation_Report_on_2022__1666010076.pdf,1690
Situation Report,2022-10-17,06:00,https://www.dmc.gov.lk/images/dmcreports/Situation_Report_on_2022__1665966721.pdf,1690
Situation Report,2022-10-16,18:00,https://www.dmc.gov.lk/images/dmcreports/Situation_Report_on_2022__1665923840.pdf,1690
Situation Report,2022-10-16,06:00,https://www.dmc.gov.lk/images/dmcreports/Situation_Report_on_2022__1665881297.pdf,1690
Situation Report,2022-10-15,18:00,https://www.dmc.gov.lk/images/dmcreports/Situation_Report_on_2022__1665837512.pdf,1690
Situation Report,2022-10-15,06:00,https://www.dmc.gov.lk/images/dmcreports/Situation_Report_on_2022__1665796686.pdf,1690
Situation Report,2022-10-14,18:00,https://www.dmc.gov.lk/images/dmcreports/Situation_Report_on_2022__1665750730.pdf,1690
Situation Report,2022-10-13,18:00,https://www.dmc.gov.lk/images/dmcreports/Situation_Report_on_2022__1665665249.pdf,1700
Situation Report,2022-10-13,06:00,https://www.dmc.gov.lk/images/dmcreports/Situation_Report_on_2022__1665621915.pdf,1700
Situation Report,2022-10-12,18:00,https://www.dmc.gov.lk/images/dmcreports/Situation_Report_on_2022__1665579177.pdf,1700
Situation Report,2022-10-12,06:00,https://www.dmc.gov.lk/images/dmcreports/Situation_Report_on_2022__1665534392.pdf,1700
Situation Report,2022-10-11,06:00,https://www.dmc.gov.lk/images/dmcreports/Situation_Report_on_2022__1665449974.pdf,1700
Situation Report,2022-10-10,18:00,https://www.dmc.gov.lk/images/dmcreports/Situation_Report_on_2022__1665405985.pdf,1700
Situation Report,2022-10-09,18:00,https://www.dmc.gov.lk/images/dmcreports/Situation_Report_on_2022__1665319157.pdf,1700
Situation Report,2022-10-09,06:00,https://www.dmc.gov.lk/images/dmcreports/Situation_Report_on_2022__1665275170.pdf,1700
Situation Report,2022-10-08,18:00,https://www.dmc.gov.lk/images/dmcreports/Situation_Report_on_2022__1665232670.pdf,1700
Situation Report,2022-10-08,06:00,https://www.dmc.gov.lk/images/dmcreports/Situation_Report_on_2022__1665190457.pdf,1700
Situation Report,2022-10-07,18:00,https://www.dmc.gov.lk/images/dmcreports/Situation_Report_on_2022__1665145940.pdf,1710
Situation Report,2022-10-07,06:00,https://www.dmc.gov.lk/images/dmcreports/Situation_Report_on_2022__1665102493.pdf,1710
Situation Report,2022-10-06,18:00,https://www.dmc.gov.lk/images/dmcreports/Situation_Report_on_2022__1665059746.pdf,1710
Situation Report,2022-10-06,06:00,https://www.dmc.gov.lk/images/dmcreports/Situation_Report_on_2022__1665016364.pdf,1710
Situation Report,2022-10-05,18:00,https://www.dmc.gov.lk/images/dmcreports/Situation_Report_on_2022__1664974026.pdf,1710
Situation Report,2022-10-05,06:00,https://www.dmc.gov.lk/images/dmcreports/Situation_Report_on_2022__1664932974.pdf,1710
Situation Report,2022-10-04,18:00,https://www.dmc.gov.lk/images/dmcreports/Situation_Report_on_2022__1664889558.pdf,1710
Situation Report,2022-10-04,06:00,https://www.dmc.gov.lk/images/dmcreports/Situation_Report_on_2022__1664843120.pdf,1710
Situation Report,2022-10-03,18:00,https://www.dmc.gov.lk/images/dmcreports/Situation_Report_on_2022__1664800914.pdf,1710
Situation Report,2022-10-03,06:00,https://www.dmc.gov.lk/images/dmcreports/Situation_Report_on_2022__1664757147.pdf,1710
Situation Report,2022-10-02,06:00,https://www.dmc.gov.lk/images/dmcreports/Situation_Report_on_2022__1664674009.pdf,1720
Situation Report,2022-10-01,18:00,https://www.dmc.gov.lk/images/dmcreports/Situation_Report_on_2022__1664628302.pdf,1720
Situation Report,2022-10-01,06:00,https://www.dmc.gov.lk/images/dmcreports/Situation_Report_on_2022__1664584482.pdf,1720
Situation Report,2022-09-30,18:00,https://www.dmc.gov.lk/images/dmcreports/Situation_Report_on_2022__1664541331.pdf,1720
Situation Report,2022-09-30,06:00,https://www.dmc.gov.lk/images/dmcreports/Situation_Report_on_2022__1664497861.pdf,1720
Situation Report,2022-09-29,18:00,https://www.dmc.gov.lk/images/dmcreports/Situation_Report_on_2022__1664455348.pdf,1720
Situation Report,2022-09-28,18:00,https://www.dmc.gov.lk/images/dmcreports/Situation_Report_on_2022__1664367968.pdf,1720
Situation Report,2022-09-28,06:00,https://www.dmc.gov.lk/images/dmcreports/Situation_Report_on_2022__1664331557.pdf,1720
Situation Report,2022-09-20,18:00,https://www.dmc.gov.lk/images/dmcreports/Situation_Report_on_2022__1663677105.pdf,1720
Situation Report,2022-09-19,18:00,https://www.dmc.gov.lk/images/dmcreports/Situation_Report_on_2022__1663594097.pdf,1720
Situation Report,2022-09-19,06:00,https://www.dmc.gov.lk/images/dmcreports/Situation_Report_on_2022__1663549071.pdf,1730
Situation Report,2022-09-18,18:00,https://www.dmc.gov.lk/images/dmcreports/Situation_Report_on_2022__1663504447.pdf,1730
Situation Report,2022-09-18,06:00,https://www.dmc.gov.lk/images/dmcreports/Situation_Report_on_2022__1663461267.pdf,1730
Situation Report,2022-09-17,18:00,https://www.dmc.gov.lk/images/dmcreports/Situation_Report_on_2022__1663418222.pdf,1730
Situation Report,2022-09-17,06:00,https://www.dmc.gov.lk/images/dmcreports/Situation_Report_on_2022__1663374690.pdf,1730
Situation Report,2022-09-16,18:00,https://www.dmc.gov.lk/images/dmcreports/Situation_Report_on_2022__1663331780.pdf,1730
Situation Report,2022-09-16,06:00,https://www.dmc.gov.lk/images/dmcreports/Situation_Report_on_2022__1663288275.pdf,1730
Situation Report,2022-09-15,18:00,https://www.dmc.gov.lk/images/dmcreports/Situation_Report_on_2022__1663245193.pdf,1730
Situation Report,2022-09-15,06:00,https://www.dmc.gov.lk/images/dmcreports/Situation_Report_on_2022__1663201935.pdf,1730
Situation Report,2022-09-14,18:00,https://www.dmc.gov.lk/images/dmcreports/Situation_Report_on_2022__1663158832.pdf,1730
Situation Report,2022-09-14,06:00,https://www.dmc.gov.lk/images/dmcreports/Situation_Report_on_2022__1663114748.pdf,1740
Situation Report,2022-09-13,18:00,https://www.dmc.gov.lk/images/dmcreports/Situation_Report_on_2022__1663073732.pdf,1740
Situation Report,2022-09-13,16:00,https://www.dmc.gov.lk/images/dmcreports/Weather_Report_at_1600hrs_on_2022__1663065951.pdf,1740
Situation Report,2022-09-13,06:00,https://www.dmc.gov.lk/images/dmcreports/Situation_Report_on_2022__1663029608.pdf,1740
Situation Report,2022-09-10,06:00,https://www.dmc.gov.lk/images/dmcreports/Situation_Report_on_2022__1662769871.pdf,1740
Situation Report,2022-09-09,18:00,https://www.dmc.gov.lk/images/dmcreports/Situation_Report_on_2022__1662726677.pdf,1740
Situation Report,2022-09-09,06:00,https://www.dmc.gov.lk/images/dmcreports/Situation_Report_on_2022__1662684105.pdf,1740
Situation Report,2022-09-08,18:00,https://www.dmc.gov.lk/images/dmcreports/Situation_Report_on_2022__1662640386.pdf,1740
Situation Report,2022-09-08,06:00,https://www.dmc.gov.lk/images/dmcreports/Situation_Report_on_2022__1662598642.pdf,1740
Situation Report,2022-09-07,18:00,https://www.dmc.gov.lk/images/dmcreports/Situation_Report_on_2022__1662554691.pdf,1740
Situation Report,2022-09-07,06:00,https://www.dmc.gov.lk/images/dmcreports/Situation_Report_on_2022__1662510728.pdf,1750
Situation Report,2022-09-06,18:00,https://www.dmc.gov.lk/images/dmcreports/Situation_Report_on_2022__1662468844.pdf,1750
Situation Report,2022-09-05,18:00,https://www.dmc.gov.lk/images/dmcreports/Situation_Report_on_2022__1662382926.pdf,1750
Situation Report,2022-09-05,06:00,https://www.dmc.gov.lk/images/dmcreports/Situation_Report_on_2022__1662338472.pdf,1750
Situation Report,2022-09-04,18:00,https://www.dmc.gov.lk/images/dmcreports/Situation_Report_on_2022__1662295152.pdf,1750
Situation Report,2022-09-03,18:00,https://www.dmc.gov.lk/images/dmcreports/Situation_Report_on_2022__1662208613.pdf,1750
Situation Report,2022-09-03,06:00,https://www.dmc.gov.lk/images/dmcreports/Situation_Report_on_2022__1662165937.pdf,1750
Situation Report,2022-09-02,18:00,https://www.dmc.gov.lk/images/dmcreports/Situation_Report_on_2022__1662122225.pdf,1750
Situation Report,2022-09-02,06:00,https://www.dmc.gov.lk/images/dmcreports/Situation_Report_on_2022__1662079116.pdf,1750
Situation Report,2022-09-01,18:00,https://www.dmc.gov.lk/images/dmcreports/Situation_Report_on_2022__1662035468.pdf,1750
Situation Report,2022-09-01,06:00,https://www.dmc.gov.lk/images/dmcreports/Situation_Report_on_2022__1661993097.pdf,1760
Situation Report,2022-08-30,18:00,https://www.dmc.gov.lk/images/dmcreports/Situation_Report_on_2022__1661864799.pdf,1760
Situation Report,2022-08-30,06:00,https://www.dmc.gov.lk/images/dmcreports/Situation_Report_on_2022__1661819237.pdf,1760
Situation Report,2022-08-27,18:00,https://www.dmc.gov.lk/images/dmcreports/Situation_Report_on_2022__1661603842.pdf,1760
Situation Report,2022-08-26,18:00,https://www.dmc.gov.lk/images/dmcreports/Situation_Report_on_2022__1661517337.pdf,1760
Situation Report,2022-08-26,06:00,https://www.dmc.gov.lk/images/dmcreports/Situation_Report_on_2022__1661475731.pdf,1760
Situation Report,2022-08-25,18:00,https://www.dmc.gov.lk/images/dmcreports/Situation_Report_on_2022__1661430837.pdf,1760
Situation Report,2022-08-25,06:00,https://www.dmc.gov.lk/images/dmcreports/Situation_Report_on_2022__1661387807.pdf,1760
Situation Report,2022-08-24,18:00,https://www.dmc.gov.lk/images/dmcreports/Situation_Report_on_2022__1661345085.pdf,1760
Situation Report,2022-08-24,06:00,https://www.dmc.gov.lk/images/dmcreports/Situation_Report_on_2022__1661301683.pdf,1760
Situation Report,2022-08-23,18:00,https://www.dmc.gov.lk/images/dmcreports/Situation_Report_on_2022__1661261637.pdf,1770
Situation Report,2022-08-23,06:00,https://www.dmc.gov.lk/images/dmcreports/Situation_Report_on_2022__1661215166.pdf,1770
Situation Report,2022-08-22,18:00,https://www.dmc.gov.lk/images/dmcreports/Situation_Report_on_2022__1661172926.pdf,1770
Situation Report,2022-08-20,06:00,https://www.dmc.gov.lk/images/dmcreports/Situation_Report_on_2022__1660955877.pdf,1770
Situation Report,2022-08-19,18:00,https://www.dmc.gov.lk/images/dmcreports/Situation_Report_on_2022__1660913256.pdf,1770
Situation Report,2022-08-19,06:00,https://www.dmc.gov.lk/images/dmcreports/Situation_Report_on_2022__1660872608.pdf,1770
Situation Report,2022-08-18,18:00,https://www.dmc.gov.lk/images/dmcreports/Situation_Report_on_2022__1660828793.pdf,1770
Situation Report,2022-08-18,06:00,https://www.dmc.gov.lk/images/dmcreports/Situation_Report_on_2022__1660782667.pdf,1770
Situation Report,2022-08-17,18:00,https://www.dmc.gov.lk/images/dmcreports/Situation_Report_on_2022__1660739774.pdf,1770
Situation Report,2022-08-12,18:00,https://www.dmc.gov.lk/images/dmcreports/Situation_Report_on_2022__1660308407.pdf,1770
Situation Report,2022-08-12,06:00,https://www.dmc.gov.lk/images/dmcreports/Situation_Report_on_2022__1660264945.pdf,1780
Situation Report,2022-08-11,18:00,https://www.dmc.gov.lk/images/dmcreports/Situation_Report_on_2022__1660221151.pdf,1780
Situation Report,2022-08-11,06:00,https://www.dmc.gov.lk/images/dmcreports/Situation_Report_on_2022__1660177972.pdf,1780
Situation Report,2022-08-10,18:00,https://www.dmc.gov.lk/images/dmcreports/Situation_Report_on_2022__1660134745.pdf,1780
Situation Report,2022-08-10,05:30,https://www.dmc.gov.lk/images/dmcreports/Situation_Report_on_2022__1660091785.pdf,1780
Situation Report,2022-08-09,18:00,https://www.dmc.gov.lk/images/dmcreports/Situation_Report_on_2022__1660051218.pdf,1780
Situation Report,2022-08-09,06:00,https://www.dmc.gov.lk/images/dmcreports/Situation_Report_on_2022__1660007488.pdf,1780
Situation Report,2022-08-08,18:00,https://www.dmc.gov.lk/images/dmcreports/Situation_Report_on_2022__1659965106.pdf,1780
Situation Report,2022-08-08,06:00,https://www.dmc.gov.lk/images/dmcreports/Situation_Report_on_2022__1659918387.pdf,1780
Situation Report,2022-08-07,18:00,https://www.dmc.gov.lk/images/dmcreports/Situation_Report_on_2022__1659875735.pdf,1780
Situation Report,2022-08-07,06:00,https://www.dmc.gov.lk/images/dmcreports/Situation_Report_on_2022__1659832516.pdf,1790
Situation Report,2022-08-06,18:00,https://www.dmc.gov.lk/images/dmcreports/Situation_Report_on_2022__1659789169.pdf,1790
Situation Report,2022-08-06,06:00,https://www.dmc.gov.lk/images/dmcreports/Situation_Report_on_2022__1659746275.pdf,1790
Situation Report,2022-08-05,18:00,https://www.dmc.gov.lk/images/dmcreports/Situation_Report_on_2022__1659702587.pdf,1790
Situation Report,2022-08-05,06:00,https://www.dmc.gov.lk/images/dmcreports/Situation_Report_on_2022__1659659950.pdf,1790
Situation Report,2022-08-04,18:00,https://www.dmc.gov.lk/images/dmcreports/Situation_Summary_Report_at_1800_hrs_on_2022__1659618366.pdf,1790
Situation Report,2022-08-04,06:00,https://www.dmc.gov.lk/images/dmcreports/Situation_Report_on_2022__1659573583.pdf,1790
Situation Report,2022-08-03,18:00,https://www.dmc.gov.lk/images/dmcreports/Situation_Report_on_2022__1659530558.pdf,1790
Situation Report,2022-08-03,06:00,https://www.dmc.gov.lk/images/dmcreports/Situation_Report_on_2022__1659486845.pdf,1790
Situation Report,2022-08-02,18:00,https://www.dmc.gov.lk/images/dmcreports/Situation_Report_on_2022__1659445035.pdf,1790
Situation Report,2022-08-02,06:00,https://www.dmc.gov.lk/images/dmcreports/Situation_Report_on_2022__1659415462.pdf,1800
Situation Report,2022-08-01,18:00,https://www.dmc.gov.lk/images/dmcreports/Situation_Report_on_2022__1659363616.pdf,1800
Situation Report,2022-07-29,06:00,https://www.dmc.gov.lk/images/dmcreports/Situation_Report_on_2022__1659054615.pdf,1800
Situation Report,2022-07-28,18:00,https://www.dmc.gov.lk/images/dmcreports/Situation_Report_on_2022__1659011559.pdf,1800
Situation Report,2022-07-27,18:00,https://www.dmc.gov.lk/images/dmcreports/Situation_Report_on_2022__1658925095.pdf,1800
Situation Report,2022-07-27,06:00,https://www.dmc.gov.lk/images/dmcreports/Situation_Report_on_2022__1658882540.pdf,1800
Situation Report,2022-07-26,18:00,https://www.dmc.gov.lk/images/dmcreports/Situation_Report_on_2022__1658838739.pdf,1800
Situation Report,2022-07-26,06:00,https://www.dmc.gov.lk/images/dmcreports/Situation_Report_on_2022__1658796387.pdf,1800
Situation Report,2022-07-24,06:00,https://www.dmc.gov.lk/images/dmcreports/Situation_Report_on_2022__1658622825.pdf,1800
Situation Report,2022-07-24,06:00,https://www.dmc.gov.lk/images/dmcreports/Situation_Report_on_2022__1658665923.pdf,1800
Situation Report,2022-07-22,06:00,https://www.dmc.gov.lk/images/dmcreports/Situation_Report_on_2022__1658452282.pdf,1810
Situation Report,2022-07-21,18:00,https://www.dmc.gov.lk/images/dmcreports/Situation_Report_on_2022__1658406959.pdf,1810
Situation Report,2022-07-21,06:00,https://www.dmc.gov.lk/images/dmcreports/Situation_Report_on_2022__1658365186.pdf,1810
Situation Report,2022-07-20,18:00,https://www.dmc.gov.lk/images/dmcreports/Situation_Report_on_2022__1658321297.pdf,1810
Situation Report,2022-07-20,06:00,https://www.dmc.gov.lk/images/dmcreports/Situation_Report_on_2022__1658277403.pdf,1810
Situation Report,2022-07-19,18:00,https://www.dmc.gov.lk/images/dmcreports/Situation_Report_on_2022__1658233897.pdf,1810
Situation Report,2022-07-18,18:00,https://www.dmc.gov.lk/images/dmcreports/Situation_Report_on_2022__1658147791.pdf,1810
Situation Report,2022-07-16,05:30,https://www.dmc.gov.lk/images/dmcreports/Situation_Report_on_2022__1657932290.pdf,1810
Situation Report,2022-07-15,18:00,https://www.dmc.gov.lk/images/dmcreports/Situation_Report_on_2022__1657889557.pdf,1810
Situation Report,2022-07-14,18:00,https://www.dmc.gov.lk/images/dmcreports/Situation_Report_on_2022__1657804851.pdf,1810
Situation Report,2022-07-13,06:00,https://www.dmc.gov.lk/images/dmcreports/Situation_Report_on_2022__1657672606.pdf,1820
Situation Report,2022-07-12,18:00,https://www.dmc.gov.lk/images/dmcreports/Situation_Report_on_2022__1657629697.pdf,1820
Situation Report,2022-07-12,06:00,https://www.dmc.gov.lk/images/dmcreports/Situation_Report_on_2022__1657585901.pdf,1820
Situation Report,2022-07-11,18:00,https://www.dmc.gov.lk/images/dmcreports/Situation_Report_on_2022__1657543754.pdf,1820
Situation Report,2022-07-11,06:00,https://www.dmc.gov.lk/images/dmcreports/Situation_Report_on_2022__1657498815.pdf,1820
Situation Report,2022-07-10,18:00,https://www.dmc.gov.lk/images/dmcreports/Situation_Report_on_2022__1657457389.pdf,1820
Situation Report,2022-07-08,18:00,https://www.dmc.gov.lk/images/dmcreports/Situation_Report_on_2022__1657283680.pdf,1820
Situation Report,2022-07-07,18:00,https://www.dmc.gov.lk/images/dmcreports/Situation_Report_on_2022__1657197206.pdf,1820
Situation Report,2022-07-07,06:00,https://www.dmc.gov.lk/images/dmcreports/Situation_Report_on_2022__1657154103.pdf,1820
Situation Report,2022-07-06,18:00,https://www.dmc.gov.lk/images/dmcreports/Situation_Report_on_2022__1657111289.pdf,1820
Situation Report,2022-07-05,18:00,https://www.dmc.gov.lk/images/dmcreports/Situation_Report_on_2022__1657026837.pdf,1830
Situation Report,2022-07-04,18:00,https://www.dmc.gov.lk/images/dmcreports/Situation_Report_on_2022__1656938267.pdf,1830
Situation Report,2022-07-04,06:00,https://www.dmc.gov.lk/images/dmcreports/Situation_Report_on_2022__1656895974.pdf,1830
Situation Report,2022-06-28,06:00,https://www.dmc.gov.lk/images/dmcreports/Situation_Report_on_2022__1656378690.pdf,1830
Situation Report,2022-06-27,18:00,https://www.dmc.gov.lk/images/dmcreports/Situation_Report_on_2022__1656333356.pdf,1830
Situation Report,2022-06-26,06:00,https://www.dmc.gov.lk/images/dmcreports/Situation_Report_on_2022__1656203955.pdf,1830
Situation Report,2022-06-25,06:00,https://www.dmc.gov.lk/images/dmcreports/Situation_Report_on_2022__1656118049.pdf,1830
Situation Report,2022-06-24,18:00,https://www.dmc.gov.lk/images/dmcreports/Situation_Report_on_2022__1656074528.pdf,1830
Situation Report,2022-06-24,06:00,https://www.dmc.gov.lk/images/dmcreports/Situation_Report_on_2022__1656030934.pdf,1830
Situation Report,2022-06-23,18:00,https://www.dmc.gov.lk/images/dmcreports/Situation_Report_on_2022__1655987956.pdf,1830
Situation Report,2022-06-23,06:00,https://www.dmc.gov.lk/images/dmcreports/Situation_Report_on_2022__1655944334.pdf,1840
Situation Report,2022-06-22,18:00,https://www.dmc.gov.lk/images/dmcreports/Situation_Report_on_2022__1655901786.pdf,1840
Situation Report,2022-06-22,06:00,https://www.dmc.gov.lk/images/dmcreports/Situation_Report_on_2022__1655858002.pdf,1840
Situation Report,2022-06-21,18:00,https://www.dmc.gov.lk/images/dmcreports/Situation_Report_on_2022__1655814668.pdf,1840
Situation Report,2022-06-21,06:00,https://www.dmc.gov.lk/images/dmcreports/Situation_Report_on_2022__1655771425.pdf,1840
Situation Report,2022-06-20,18:00,https://www.dmc.gov.lk/images/dmcreports/Situation_Report_on_2022__1655729994.pdf,1840
Situation Report,2022-06-20,06:00,https://www.dmc.gov.lk/images/dmcreports/Situation_Report_on_2022__1655684909.pdf,1840
Situation Report,2022-06-19,18:00,https://www.dmc.gov.lk/images/dmcreports/Situation_Report_on_2022__1655642085.pdf,1840
Situation Report,2022-06-19,06:00,https://www.dmc.gov.lk/images/dmcreports/Situation_Report_on_2022__1655598033.pdf,1840
Situation Report,2022-06-18,18:00,https://www.dmc.gov.lk/images/dmcreports/Situation_Report_on_2022__1655555729.pdf,1840
Situation Report,2022-06-18,06:00,https://www.dmc.gov.lk/images/dmcreports/Situation_Report_on_2022__1655512310.pdf,1850
Situation Report,2022-06-17,18:00,https://www.dmc.gov.lk/images/dmcreports/Situation_Report_on_2022__1655469217.pdf,1850
Situation Report,2022-06-17,06:00,https://www.dmc.gov.lk/images/dmcreports/Situation_Report_on_2022__1655427761.pdf,1850
Situation Report,2022-06-16,18:00,https://www.dmc.gov.lk/images/dmcreports/Situation_Report_on_2022__1655382665.pdf,1850
Situation Report,2022-06-16,06:00,https://www.dmc.gov.lk/images/dmcreports/Situation_Report_on_2022__1655339483.pdf,1850
Situation Report,2022-06-15,18:00,https://www.dmc.gov.lk/images/dmcreports/Situation_Report_on_2022__1655296730.pdf,1850
Situation Report,2022-06-10,06:00,https://www.dmc.gov.lk/images/dmcreports/Situation_Report_on_2022__1654820818.pdf,1850
Situation Report,2022-06-09,18:00,https://www.dmc.gov.lk/images/dmcreports/Situation_Report_on_2022__1654778539.pdf,1850
Situation Report,2022-06-09,06:00,https://www.dmc.gov.lk/images/dmcreports/Situation_Report_on_2022__1654734783.pdf,1850
Situation Report,2022-06-08,18:00,https://www.dmc.gov.lk/images/dmcreports/Situation_Report_on_2022__1654697950.pdf,1850
Situation Report,2022-06-08,06:00,https://www.dmc.gov.lk/images/dmcreports/Situation_Report_on_2022__1654648594.pdf,1860
Situation Report,2022-06-07,18:00,https://www.dmc.gov.lk/images/dmcreports/Situation_Report_on_2022__1654605175.pdf,1860
Situation Report,2022-06-07,06:00,https://www.dmc.gov.lk/images/dmcreports/Situation_Report_on_2022__1654561749.pdf,1860
Situation Report,2022-06-06,18:00,https://www.dmc.gov.lk/images/dmcreports/Situation_Report_on_2022__1654519201.pdf,1860
Situation Report,2022-06-06,06:00,https://www.dmc.gov.lk/images/dmcreports/Situation_Report_on_2022__1654476086.pdf,1860
Situation Report,2022-06-05,18:00,https://www.dmc.gov.lk/images/dmcreports/Situation_Report_on_2022__1654433909.pdf,1860
Situation Report,2022-06-05,06:00,https://www.dmc.gov.lk/images/dmcreports/Situation_Report_on_2022__1654390580.pdf,1860
Situation Report,2022-06-04,12:00,https://www.dmc.gov.lk/images/dmcreports/Situation_Report_on_2022__1654325446.pdf,1860
Situation Report,2022-06-04,06:00,https://www.dmc.gov.lk/images/dmcreports/Situation_Report_on_2022__1654303434.pdf,1860
Situation Report,2022-06-03,18:00,https://www.dmc.gov.lk/images/dmcreports/Situation_Report_on_2022__1654261370.pdf,1860
Situation Report,2022-06-03,06:00,https://www.dmc.gov.lk/images/dmcreports/Situation_Report_on_2022__1654218050.pdf,1870
Situation Report,2022-06-02,18:00,https://www.dmc.gov.lk/images/dmcreports/Situation_Report_on_2022__1654176217.pdf,1870
Situation Report,2022-06-02,12:00,https://www.dmc.gov.lk/images/dmcreports/Situation_Report_on_2022__1654152092.pdf,1870
Situation Report,2022-06-02,06:00,https://www.dmc.gov.lk/images/dmcreports/Situation_Report_on_2022__1654143973.pdf,1870
Situation Report,2022-06-01,18:00,https://www.dmc.gov.lk/images/dmcreports/Situation_Report_on_2022__1654088434.pdf,1870
Situation Report,2022-06-01,12:00,https://www.dmc.gov.lk/images/dmcreports/Situation_Report_on_2022__1654070777.pdf,1870
Situation Report,2022-06-01,06:00,https://www.dmc.gov.lk/images/dmcreports/Situation_Report_on_2022__1654046781.pdf,1870
Situation Report,2022-05-31,18:00,https://www.dmc.gov.lk/images/dmcreports/Situation_Report_on_2022__1654004670.pdf,1870
Situation Report,2022-05-31,06:00,https://www.dmc.gov.lk/images/dmcreports/Situation_Report_on_2022__1653961086.pdf,1870
Situation Report,2022-05-30,18:00,https://www.dmc.gov.lk/images/dmcreports/Situation_Report_on_2022__1653913898.pdf,1870
Situation Report,2022-05-29,18:00,https://www.dmc.gov.lk/images/dmcreports/Situation_Report_on_2022__1653828165.pdf,1880
Situation Report,2022-05-29,06:00,https://www.dmc.gov.lk/images/dmcreports/Situation_Report_on_2022__1653785169.pdf,1880
Situation Report,2022-05-28,06:00,https://www.dmc.gov.lk/images/dmcreports/Situation_Report_on_2022__1653698166.pdf,1880
Situation Report,2022-05-27,18:00,https://www.dmc.gov.lk/images/dmcreports/Situation_Report_on_2022__1653655436.pdf,1880
Situation Report,2022-05-27,06:00,https://www.dmc.gov.lk/images/dmcreports/Situation_Report_on_2022__1653612270.pdf,1880
Situation Report,2022-05-26,18:00,https://www.dmc.gov.lk/images/dmcreports/Situation_Report_on_2022__1653571219.pdf,1880
Situation Report,2022-05-26,06:00,https://www.dmc.gov.lk/images/dmcreports/Situation_Report_on_2022__1653525399.pdf,1880
Situation Report,2022-05-25,18:00,https://www.dmc.gov.lk/images/dmcreports/Situation_Report_on_2022__1653483247.pdf,1880
Situation Report,2022-05-25,06:00,https://www.dmc.gov.lk/images/dmcreports/Situation_Report_on_2022__1653440785.pdf,1880
Situation Report,2022-05-24,18:00,https://www.dmc.gov.lk/images/dmcreports/Situation_Report_on_2022__1653395694.pdf,1880
Situation Report,2022-05-24,06:00,https://www.dmc.gov.lk/images/dmcreports/Situation_Report_on_2022__1653354336.pdf,1890
Situation Report,2022-05-23,18:00,https://www.dmc.gov.lk/images/dmcreports/Situation_Report_on_2022__1653309133.pdf,1890
Situation Report,2022-05-23,06:00,https://www.dmc.gov.lk/images/dmcreports/Situation_Report_on_2022__1653265955.pdf,1890
Situation Report,2022-05-22,18:00,https://www.dmc.gov.lk/images/dmcreports/Situation_Report_on_2022__1653223079.pdf,1890
Situation Report,2022-05-22,06:00,https://www.dmc.gov.lk/images/dmcreports/Situation_Report_on_2022__1653179848.pdf,1890
Situation Report,2022-05-21,18:00,https://www.dmc.gov.lk/images/dmcreports/Situation_Report_on_2022__1653140073.pdf,1890
Situation Report,2022-05-21,06:00,https://www.dmc.gov.lk/images/dmcreports/Situation_Report_on_2022__1653098125.pdf,1890
Situation Report,2022-05-20,18:00,https://www.dmc.gov.lk/images/dmcreports/Situation_Report_on_2022__1653050693.pdf,1890
Situation Report,2022-05-20,06:00,https://www.dmc.gov.lk/images/dmcreports/Situation_Report_on_2022__1653007344.pdf,1890
Situation Report,2022-05-19,06:00,https://www.dmc.gov.lk/images/dmcreports/Situation_Report_on_2022__1652920679.pdf,1890
Situation Report,2022-05-18,18:00,https://www.dmc.gov.lk/images/dmcreports/Situation_Report_on_2022__1652877587.pdf,1900
Situation Report,2022-05-18,06:00,https://www.dmc.gov.lk/images/dmcreports/Situation_Report_on_2022__1652835299.pdf,1900
Situation Report,2022-05-17,18:00,https://www.dmc.gov.lk/images/dmcreports/Situation_Report_on_2022__1652791938.pdf,1900
Situation Report,2022-05-17,06:00,https://www.dmc.gov.lk/images/dmcreports/Situation_Report_on_2022__1652764438.pdf,1900
Situation Report,2022-05-16,18:00,https://www.dmc.gov.lk/images/dmcreports/Situation_Report_on_2022__1652707395.pdf,1900
Situation Report,2022-05-16,06:00,https://www.dmc.gov.lk/images/dmcreports/Situation_Report_on_2022__1652663108.pdf,1900
Situation Report,2022-05-15,18:00,https://www.dmc.gov.lk/images/dmcreports/Situation_Report_on_2022__1652619137.pdf,1900
Situation Report,2022-05-14,18:00,https://www.dmc.gov.lk/images/dmcreports/Situation_Report_on_2022__1652546316.pdf,1900
Situation Report,2022-05-13,18:00,https://www.dmc.gov.lk/images/dmcreports/Situation_Report_on_2022__1652448561.pdf,1900
Situation Report,2022-05-13,06:00,https://www.dmc.gov.lk/images/dmcreports/Situation_Report_on_2022__1652402159.pdf,1900
Situation Report,2022-05-12,18:00,https://www.dmc.gov.lk/images/dmcreports/Situation_Report_on_2022__1652358903.pdf,1910
Situation Report,2022-05-12,06:00,https://www.dmc.gov.lk/images/dmcreports/Situation_Report_on_2022__1652315527.pdf,1910
Situation Report,2022-05-11,18:00,https://www.dmc.gov.lk/images/dmcreports/Situation_Report_on_2022__1652273528.pdf,1910
Situation Report,2022-05-10,18:00,https://www.dmc.gov.lk/images/dmcreports/Situation_Report_on_2022__1652186107.pdf,1910
Situation Report,2022-05-10,06:00,https://www.dmc.gov.lk/images/dmcreports/Situation_Report_on_2022__1652142711.pdf,1910
Situation Report,2022-05-09,18:00,https://www.dmc.gov.lk/images/dmcreports/Situation_Report_on_2022__1652104706.pdf,1910
Situation Report,2022-05-08,18:00,https://www.dmc.gov.lk/images/dmcreports/Situation_Report_on_2022__1652013103.pdf,1910
Situation Report,2022-05-06,06:00,https://www.dmc.gov.lk/images/dmcreports/Situation_Report_on_2022__1651797748.pdf,1910
Situation Report,2022-05-05,18:00,https://www.dmc.gov.lk/images/dmcreports/Situation_Report_on_2022__1651754028.pdf,1910
Situation Report,2022-05-05,06:00,https://www.dmc.gov.lk/images/dmcreports/Situation_Report_on_2022__1651710352.pdf,1910
Situation Report,2022-05-04,18:00,https://www.dmc.gov.lk/images/dmcreports/Situation_Report_on_2022__1651669261.pdf,1920
Situation Report,2022-05-04,06:00,https://www.dmc.gov.lk/images/dmcreports/Situation_Report_on_2022__1651624232.pdf,1920
Situation Report,2022-05-03,18:00,https://www.dmc.gov.lk/images/dmcreports/Situation_Report_on_2022__1651584228.pdf,1920
Situation Report,2022-05-03,06:00,https://www.dmc.gov.lk/images/dmcreports/Situation_Report_on_2022__1651538186.pdf,1920
Situation Report,2022-05-02,18:00,https://www.dmc.gov.lk/images/dmcreports/Situation_Report_on_2022__1651498260.pdf,1920
Situation Report,2022-05-02,06:00,https://www.dmc.gov.lk/images/dmcreports/Situation_Report_on_2022__1651452136.pdf,1920
Situation Report,2022-05-01,18:00,https://www.dmc.gov.lk/images/dmcreports/Situation_Report_on_2022__1651408290.pdf,1920
Situation Report,2022-05-01,06:00,https://www.dmc.gov.lk/images/dmcreports/Situation_Report_on_2022__1651365365.pdf,1920
Situation Report,2022-04-30,18:00,https://www.dmc.gov.lk/images/dmcreports/Situation_Report_on_2022__1651321933.pdf,1920
Situation Report,2022-04-29,18:00,https://www.dmc.gov.lk/images/dmcreports/Situation_Report_on_2022__1651235484.pdf,1920
Situation Report,2022-04-29,06:00,https://www.dmc.gov.lk/images/dmcreports/Situation_Report_on_2022__1651192458.pdf,1930
Situation Report,2022-04-28,18:00,https://www.dmc.gov.lk/images/dmcreports/Situation_Report_on_2022__1651149666.pdf,1930
Situation Report,2022-04-28,06:00,https://www.dmc.gov.lk/images/dmcreports/Situation_Report_on_2022__1651107751.pdf,1930
Situation Report,2022-04-27,18:00,https://www.dmc.gov.lk/images/dmcreports/Situation_Report_on_2022__1651063374.pdf,1930
Situation Report,2022-04-27,06:00,https://www.dmc.gov.lk/images/dmcreports/Situation_Report_on_2022__1651019483.pdf,1930
Situation Report,2022-04-26,18:00,https://www.dmc.gov.lk/images/dmcreports/Situation_Report_on_2022__1650978482.pdf,1930
Situation Report,2022-04-26,06:00,https://www.dmc.gov.lk/images/dmcreports/Situation_Report_on_2022__1650933551.pdf,1930
Situation Report,2022-04-25,18:00,https://www.dmc.gov.lk/images/dmcreports/Situation_Report_on_2022__1650891638.pdf,1930
Situation Report,2022-04-25,06:00,https://www.dmc.gov.lk/images/dmcreports/Situation_Report_on_2022__1650846851.pdf,1930
Situation Report,2022-04-24,18:00,https://www.dmc.gov.lk/images/dmcreports/Situation_Report_on_2022__1650803505.pdf,1930
Situation Report,2022-04-24,06:00,https://www.dmc.gov.lk/images/dmcreports/Situation_Report_on_2022__1650760544.pdf,1940
Situation Report,2022-04-22,18:00,https://www.dmc.gov.lk/images/dmcreports/Situation_Report_on_2022__1650632047.pdf,1940
Situation Report,2022-04-22,06:00,https://www.dmc.gov.lk/images/dmcreports/Situation_Report_on_2022__1650587632.pdf,1940
Situation Report,2022-04-21,18:00,https://www.dmc.gov.lk/images/dmcreports/Situation_Report_on_2022__1650546143.pdf,1940
Situation Report,2022-04-21,06:00,https://www.dmc.gov.lk/images/dmcreports/Situation_Report_on_2022__1650502344.pdf,1940
Situation Report,2022-04-20,18:00,https://www.dmc.gov.lk/images/dmcreports/Situation_Report_on_2022__1650458049.pdf,1940
Situation Report,2022-04-20,06:00,https://www.dmc.gov.lk/images/dmcreports/Situation_Report_on_2022__1650415992.pdf,1940
Situation Report,2022-04-19,18:00,https://www.dmc.gov.lk/images/dmcreports/Situation_Report_on_2022__1650372248.pdf,1940
Situation Report,2022-04-19,06:00,https://www.dmc.gov.lk/images/dmcreports/Situation_Report_on_2022__1650328063.pdf,1940
Situation Report,2022-04-17,18:00,https://www.dmc.gov.lk/images/dmcreports/Situation_Report_on_2022__1650201679.pdf,1940
Situation Report,2022-04-17,06:00,https://www.dmc.gov.lk/images/dmcreports/Situation_Report_on_2022__1650158827.pdf,1950
Situation Report,2022-04-16,18:00,https://www.dmc.gov.lk/images/dmcreports/Situation_Report_on_2022__1650113284.pdf,1950
Situation Report,2022-04-15,18:00,https://www.dmc.gov.lk/images/dmcreports/Situation_Report_on_2022__1650026127.pdf,1950
Situation Report,2022-04-15,06:00,https://www.dmc.gov.lk/images/dmcreports/Situation_Report_on_2022__1649982828.pdf,1950
Situation Report,2022-04-14,18:00,https://www.dmc.gov.lk/images/dmcreports/Situation_Report_on_2022__1649940310.pdf,1950
Situation Report,2022-04-14,06:00,https://www.dmc.gov.lk/images/dmcreports/Situation_Report_on_2022__1649898467.pdf,1950
Situation Report,2022-04-13,18:00,https://www.dmc.gov.lk/images/dmcreports/Situation_Report_on_2022__1649853904.pdf,1950
Situation Report,2022-04-13,06:00,https://www.dmc.gov.lk/images/dmcreports/Situation_Report_on_2022__1649810069.pdf,1950
Situation Report,2022-04-12,18:00,https://www.dmc.gov.lk/images/dmcreports/Situation_Report_on_2022__1649768579.pdf,1950
Situation Report,2022-04-12,06:00,https://www.dmc.gov.lk/images/dmcreports/Situation_Report_on_2022__1649723935.pdf,1950
Situation Report,2022-04-11,18:00,https://www.dmc.gov.lk/images/dmcreports/Situation_Report_on_2022__1649681599.pdf,1960
Situation Report,2022-04-11,06:00,https://www.dmc.gov.lk/images/dmcreports/Situation_Report_on_2022__1649637359.pdf,1960
Situation Report,2022-04-10,18:00,https://www.dmc.gov.lk/images/dmcreports/Situation_Report_on_2022__1649601540.pdf,1960
Situation Report,2022-04-10,06:00,https://www.dmc.gov.lk/images/dmcreports/Situation_Report_on_2022__1649550446.pdf,1960
Situation Report,2022-04-09,18:00,https://www.dmc.gov.lk/images/dmcreports/Situation_Report_on_2022__1649509445.pdf,1960
Situation Report,2022-04-09,06:00,https://www.dmc.gov.lk/images/dmcreports/Situation_Report_on_2022__1649464118.pdf,1960
Situation Report,2022-04-08,18:00,https://www.dmc.gov.lk/images/dmcreports/Situation_Report_on_2022__1649421257.pdf,1960
Situation Report,2022-04-08,06:00,https://www.dmc.gov.lk/images/dmcreports/Situation_Report_on_2022__1649380604.pdf,1960
Situation Report,2022-04-07,06:00,https://www.dmc.gov.lk/images/dmcreports/Situation_Report_on_2022__1649292216.pdf,1960
Situation Report,2022-04-06,18:00,https://www.dmc.gov.lk/images/dmcreports/Situation_Report_on_2022__1649248269.pdf,1960
Situation Report,2022-04-06,06:00,https://www.dmc.gov.lk/images/dmcreports/Situation_Report_on_2022__1649206256.pdf,1970
Situation Report,2022-04-05,18:00,https://www.dmc.gov.lk/images/dmcreports/Situation_Report_on_2022__1649162467.pdf,1970
Situation Report,2022-04-05,06:00,https://www.dmc.gov.lk/images/dmcreports/Situation_Report_on_2022__1649125886.pdf,1970
Situation Report,2022-04-04,18:00,https://www.dmc.gov.lk/images/dmcreports/Situation_Report_on_2022__1649077511.pdf,1970
Situation Report,2022-04-04,06:00,https://www.dmc.gov.lk/images/dmcreports/Situation_Report_on_2022__1649032253.pdf,1970
Situation Report,2022-04-03,18:00,https://www.dmc.gov.lk/images/dmcreports/Situation_Report_on_2022__1649031144.pdf,1970
Situation Report,2022-04-03,06:00,https://www.dmc.gov.lk/images/dmcreports/Situation_Report_on_2022__1648946869.pdf,1970
Situation Report,2022-04-02,18:00,https://www.dmc.gov.lk/images/dmcreports/Situation_Report_on_2022__1648902762.pdf,1970
Situation Report,2022-04-02,06:00,https://www.dmc.gov.lk/images/dmcreports/Situation_Report_on_2022__1648860370.pdf,1970
Situation Report,2022-04-01,18:00,https://www.dmc.gov.lk/images/dmcreports/Situation_Report_on_2022__1648816229.pdf,1970
Situation Report,2022-04-01,06:00,https://www.dmc.gov.lk/images/dmcreports/Situation_Report_on_2022__1648775858.pdf,1980
Situation Report,2022-03-31,18:00,https://www.dmc.gov.lk/images/dmcreports/Situation_Report_on_2022__1648729835.pdf,1980
Situation Report,2022-03-31,06:00,https://www.dmc.gov.lk/images/dmcreports/Situation_Report_on_2022__1648689208.pdf,1980
Situation Report,2022-03-30,18:00,https://www.dmc.gov.lk/images/dmcreports/Situation_Report_on_2022__1648643521.pdf,1980
Situation Report,2022-03-30,06:00,https://www.dmc.gov.lk/images/dmcreports/Situation_Report_on_2022__1648603129.pdf,1980
Situation Report,2022-03-29,18:00,https://www.dmc.gov.lk/images/dmcreports/Situation_Report_on_2022__1648557347.pdf,1980
Situation Report,2022-03-28,18:00,https://www.dmc.gov.lk/images/dmcreports/Situation_Report_on_2022__1648471721.pdf,1980
Situation Report,2022-03-28,06:00,https://www.dmc.gov.lk/images/dmcreports/Situation_Report_on_2022__1648429477.pdf,1980
Situation Report,2022-03-27,06:00,https://www.dmc.gov.lk/images/dmcreports/Situation_Report_on_2022__1648341191.pdf,1980
Situation Report,2022-03-26,06:00,https://www.dmc.gov.lk/images/dmcreports/Situation_Report_on_2022__1648257099.pdf,1980
Situation Report,2022-03-25,06:00,https://www.dmc.gov.lk/images/dmcreports/Situation_Report_on_2022__1648171524.pdf,1990
Situation Report,2022-03-23,06:00,https://www.dmc.gov.lk/images/dmcreports/Situation_Report_on_2022__1647995586.pdf,1990
Situation Report,2022-03-22,06:00,https://www.dmc.gov.lk/images/dmcreports/Situation_Report_on_2022__1647910028.pdf,1990
Situation Report,2022-03-21,06:00,https://www.dmc.gov.lk/images/dmcreports/Situation_Report_on_2022__1647823759.pdf,1990
Situation Report,2022-03-20,06:00,https://www.dmc.gov.lk/images/dmcreports/Situation_Report_on_2022__1647737597.pdf,1990
Situation Report,2022-03-19,06:00,https://www.dmc.gov.lk/images/dmcreports/Situation_Report_on_2022__1647652849.pdf,1990
Situation Report,2022-03-18,06:00,https://www.dmc.gov.lk/images/dmcreports/Situation_Report_on_2022__1647565316.pdf,1990
Situation Report,2022-03-17,06:00,https://www.dmc.gov.lk/images/dmcreports/Situation_Report_on_2022__1647482567.pdf,1990
Situation Report,2022-03-16,06:00,https://www.dmc.gov.lk/images/dmcreports/Situation_Report_on_2022__1647392514.pdf,1990
Situation Report,2022-03-15,06:00,https://www.dmc.gov.lk/images/dmcreports/Situation_Report_on_2022__1647305279.pdf,1990
Situation Report,2022-03-14,06:00,https://www.dmc.gov.lk/images/dmcreports/Situation_Report_on_2022__1647217302.pdf,2000
Situation Report,2022-03-13,06:00,https://www.dmc.gov.lk/images/dmcreports/Situation_Report_on_2022__1647131731.pdf,2000
Situation Report,2022-03-12,12:00,https://www.dmc.gov.lk/images/dmcreports/Situation_Report_on_2022__1647045419.pdf,2000
Situation Report,2022-03-11,06:00,https://www.dmc.gov.lk/images/dmcreports/Situation_Report_on_2022__1646960680.pdf,2000
Situation Report,2022-03-10,06:00,https://www.dmc.gov.lk/images/dmcreports/Situation_Report_on_2022__1646874560.pdf,2000
Situation Report,2022-03-08,06:00,https://www.dmc.gov.lk/images/dmcreports/Situation_Report_on_2022__1646700204.pdf,2000
Situation Report,2022-03-05,06:00,https://www.dmc.gov.lk/images/dmcreports/Situation_Report_on_2022__1646443001.pdf,2000
Situation Report,2022-03-04,06:00,https://www.dmc.gov.lk/images/dmcreports/Situation_Report_on_2022__1646354134.pdf,2000
Situation Report,2022-03-03,06:00,https://www.dmc.gov.lk/images/dmcreports/Situation_Report_on_2022__1646269562.pdf,2000
Situation Report,2022-03-02,06:00,https://www.dmc.gov.lk/images/dmcreports/Situation_Report_on_2022__1646184040.pdf,2000
Situation Report,2022-03-01,06:00,https://www.dmc.gov.lk/images/dmcreports/Situation_Report_on_2022__1646098386.pdf,2010
Situation Report,2022-02-28,06:00,https://www.dmc.gov.lk/images/dmcreports/Situation_Report_on_2022__1646008753.pdf,2010
Situation Report,2022-02-26,06:00,https://www.dmc.gov.lk/images/dmcreports/Situation_Report_on_2022__1645837155.pdf,2010
Situation Report,2022-02-25,06:00,https://www.dmc.gov.lk/images/dmcreports/Situation_Report_on_2022__1645749126.pdf,2010
Situation Report,2022-02-24,06:00,https://www.dmc.gov.lk/images/dmcreports/Situation_Report_on_2022__1645665669.pdf,2010
Situation Report,2022-02-23,06:00,https://www.dmc.gov.lk/images/dmcreports/Situation_Report_on_2022__1645577476.pdf,2010
Situation Report,2022-02-22,06:00,https://www.dmc.gov.lk/images/dmcreports/Situation_Report_on_2022__1645492221.pdf,2010
Situation Report,2022-02-21,06:00,https://www.dmc.gov.lk/images/dmcreports/Situation_Report_on_2022__1645404162.pdf,2010
Situation Report,2022-02-20,06:00,https://www.dmc.gov.lk/images/dmcreports/Situation_Report_on_2022__1645316997.pdf,2010
Situation Report,2022-02-18,06:00,https://www.dmc.gov.lk/images/dmcreports/Situation_Report_on_2022__1645145958.pdf,2010
Situation Report,2022-02-17,06:00,https://www.dmc.gov.lk/images/dmcreports/Situation_Report_on_2022__1645059247.pdf,2020
Situation Report,2022-02-16,06:00,https://www.dmc.gov.lk/images/dmcreports/Situation_Report_on_2022__1644971760.pdf,2020
Situation Report,2022-02-15,06:00,https://www.dmc.gov.lk/images/dmcreports/Situation_Report_on_2022__1644888638.pdf,2020
Situation Report,2022-02-13,06:00,https://www.dmc.gov.lk/images/dmcreports/Situation_Report_on_2022__1644715984.pdf,2020
Situation Report,2022-02-11,06:00,https://www.dmc.gov.lk/images/dmcreports/Situation_Report_on_2022__1644539524.pdf,2020
Situation Report,2022-02-10,06:00,https://www.dmc.gov.lk/images/dmcreports/Situation_Report_on_2022__1644453104.pdf,2020
Situation Report,2022-02-09,06:00,https://www.dmc.gov.lk/images/dmcreports/Situation_Report_on_2022__1644366924.pdf,2020
Situation Report,2022-02-08,06:00,https://www.dmc.gov.lk/images/dmcreports/Situation_Report_on_2022__1644280455.pdf,2020
Situation Report,2022-02-05,05:30,https://www.dmc.gov.lk/images/dmcreports/Situation_Report_on_2022__1644021461.pdf,2020
Situation Report,2022-02-03,06:00,https://www.dmc.gov.lk/images/dmcreports/Situation_Report_on_2022__1643849353.pdf,2020
Situation Report,2022-01-31,06:00,https://www.dmc.gov.lk/images/dmcreports/Situation_Report_on_2022__1643591859.pdf,2030
Situation Report,2022-01-30,06:00,https://www.dmc.gov.lk/images/dmcreports/Situation_Report_on_2022__1643507791.pdf,2030
Situation Report,2022-01-29,06:00,https://www.dmc.gov.lk/images/dmcreports/Situation_Report_on_2022__1643416342.pdf,2030
Situation Report,2022-01-28,06:00,https://www.dmc.gov.lk/images/dmcreports/Situation_Report_on_2022__1643329902.pdf,2030
Situation Report,2022-01-27,06:00,https://www.dmc.gov.lk/images/dmcreports/Situation_Report_on_2022__1643246128.pdf,2030
Situation Report,2022-01-26,06:00,https://www.dmc.gov.lk/images/dmcreports/Situation_Report_on_2022__1643159792.pdf,2030
Situation Report,2022-01-25,06:00,https://www.dmc.gov.lk/images/dmcreports/Situation_Report_on_2022__1643072143.pdf,2030
Situation Report,2022-01-23,06:00,https://www.dmc.gov.lk/images/dmcreports/Situation_Report_on_2022__1642898218.pdf,2030
Situation Report,2022-01-22,06:00,https://www.dmc.gov.lk/images/dmcreports/Situation_Report_on_2022__1642811584.pdf,2030
Situation Report,2022-01-20,06:00,https://www.dmc.gov.lk/images/dmcreports/Situation_Report_on_2022__1642639554.pdf,2030
Situation Report,2022-01-18,16:00,https://www.dmc.gov.lk/images/dmcreports/Weather_Report_at_1600_hrs_on_2022__1642505216.pdf,2040
Situation Report,2022-01-18,06:00,https://www.dmc.gov.lk/images/dmcreports/Situation_Report_on_2022__1642466767.pdf,2040
Situation Report,2022-01-17,06:00,https://www.dmc.gov.lk/images/dmcreports/Situation_Report_on_2022__1642381655.pdf,2040
Situation Report,2022-01-16,06:00,https://www.dmc.gov.lk/images/dmcreports/Situation_Report_on_2022__1642300783.pdf,2040
Situation Report,2022-01-15,06:00,https://www.dmc.gov.lk/images/dmcreports/Situation_Report_on_2022__1642209002.pdf,2040
Situation Report,2022-01-14,06:00,https://www.dmc.gov.lk/images/dmcreports/Situation_Report_on_2022__1642123444.pdf,2040
Situation Report,2022-01-13,06:00,https://www.dmc.gov.lk/images/dmcreports/Situation_Report_on_2022__1642034470.pdf,2040
Situation Report,2022-01-12,06:00,https://www.dmc.gov.lk/images/dmcreports/Situation_Report_on_2022__1641947977.pdf,2040
Situation Report,2022-01-10,06:00,https://www.dmc.gov.lk/images/dmcreports/Situation_Report_on_2022__1641775117.pdf,2040
Situation Report,2022-01-08,06:00,https://www.dmc.gov.lk/images/dmcreports/Situation_Report_on_2022__1641602368.pdf,2040
Situation Report,2022-01-07,06:00,https://www.dmc.gov.lk/images/dmcreports/Situation_Report_on_2022__1641516164.pdf,2050
Situation Report,2022-01-06,06:00,https://www.dmc.gov.lk/images/dmcreports/Situation_Report_on_2022__1641429779.pdf,2050
Situation Report,2022-01-04,06:00,https://www.dmc.gov.lk/images/dmcreports/Situation_Report_on_2022__1641256268.pdf,2050
Situation Report,2022-01-02,06:00,https://www.dmc.gov.lk/images/dmcreports/Situation_Report_on_2022__1641088559.pdf,2050
Situation Report,2022-01-01,06:00,https://www.dmc.gov.lk/images/dmcreports/Situation_Report_on_2022__1640997294.pdf,2050
Situation Report,2021-12-31,06:00,https://www.dmc.gov.lk/images/dmcreports/Situation_Report_on_2021__1640933137.pdf,2050
Situation Report,2021-12-30,06:00,https://www.dmc.gov.lk/images/dmcreports/Situation_Report_on_2021__1640825514.pdf,2050
Situation Report,2021-12-29,06:00,https://www.dmc.gov.lk/images/dmcreports/Situation_Report_on_2021__1640738150.pdf,2050
Situation Report,2021-12-28,06:00,https://www.dmc.gov.lk/images/dmcreports/Situation_Report_on_2021__1640652050.pdf,2050
Situation Report,2021-12-27,06:00,https://www.dmc.gov.lk/images/dmcreports/Situation_Report_on_2021__1640566059.pdf,2050
Situation Report,2021-12-26,06:00,https://www.dmc.gov.lk/images/dmcreports/Situation_Report_on_2021__1640478684.pdf,2060
Situation Report,2021-12-25,06:00,https://www.dmc.gov.lk/images/dmcreports/Situation_Report_on_2021__1640392226.pdf,2060
Situation Report,2021-12-24,06:00,https://www.dmc.gov.lk/images/dmcreports/Situation_Report_on_2021__1640306384.pdf,2060
Situation Report,2021-12-23,06:00,https://www.dmc.gov.lk/images/dmcreports/Situation_Report_on_2021__1640227696.pdf,2060
Situation Report,2021-12-22,06:00,https://www.dmc.gov.lk/images/dmcreports/Situation_Report_on_2021__1640133483.pdf,2060
Situation Report,2021-12-20,06:00,https://www.dmc.gov.lk/images/dmcreports/Situation_Report_on_2021__1639961018.pdf,2060
Situation Report,2021-12-19,06:00,https://www.dmc.gov.lk/images/dmcreports/Situation_Report_on_2021__1639874246.pdf,2060
Situation Report,2021-12-18,06:00,https://www.dmc.gov.lk/images/dmcreports/Situation_Report_on_2021__1639787507.pdf,2060
Situation Report,2021-12-17,06:00,https://www.dmc.gov.lk/images/dmcreports/Situation_Report_on_2021__1639703109.pdf,2060
Situation Report,2021-12-16,06:00,https://www.dmc.gov.lk/images/dmcreports/Situation_Report_on_2021__1639618600.pdf,2060
Situation Report,2021-12-15,06:00,https://www.dmc.gov.lk/images/dmcreports/Situation_Report_on_2021__1639529778.pdf,2070
Situation Report,2021-12-14,06:00,https://www.dmc.gov.lk/images/dmcreports/Situation_Report_on_2021__1639442105.pdf,2070
Situation Report,2021-12-13,06:00,https://www.dmc.gov.lk/images/dmcreports/Situation_Report_on_2021__1639355417.pdf,2070
Situation Report,2021-12-12,06:00,https://www.dmc.gov.lk/images/dmcreports/Situation_Report_on_2021__1639269450.pdf,2070
Situation Report,2021-12-11,06:00,https://www.dmc.gov.lk/images/dmcreports/Situation_Report_on_2021__1639183028.pdf,2070
Situation Report,2021-12-10,06:00,https://www.dmc.gov.lk/images/dmcreports/Situation_Report_on_2021__1639096949.pdf,2070
Situation Report,2021-12-09,06:00,https://www.dmc.gov.lk/images/dmcreports/Situation_Report_on_2021__1639011223.pdf,2070
Situation Report,2021-12-08,06:00,https://www.dmc.gov.lk/images/dmcreports/Situation_Report_on_2021__1638924405.pdf,2070
Situation Report,2021-12-07,06:00,https://www.dmc.gov.lk/images/dmcreports/Situation_Report_on_2021__1638839105.pdf,2070
Situation Report,2021-12-06,06:00,https://www.dmc.gov.lk/images/dmcreports/Situation_Report_on_2021__1638750879.pdf,2070
Situation Report,2021-12-05,06:00,https://www.dmc.gov.lk/images/dmcreports/Situation_Report_on_2021__1638666737.pdf,2080
Situation Report,2021-12-04,06:00,https://www.dmc.gov.lk/images/dmcreports/Situation_Report_on_2021__1638578544.pdf,2080
Situation Report,2021-12-03,06:00,https://www.dmc.gov.lk/images/dmcreports/Situation_Report_on_2021__1638494588.pdf,2080
Situation Report,2021-12-02,06:00,https://www.dmc.gov.lk/images/dmcreports/Situation_Report_on_2021__1638407850.pdf,2080
Situation Report,2021-12-01,06:00,https://www.dmc.gov.lk/images/dmcreports/Situation_Report_on_2021__1638320719.pdf,2080
Situation Report,2021-11-30,06:00,https://www.dmc.gov.lk/images/dmcreports/Situation_Report_on_2021__1638232649.pdf,2080
Situation Report,2021-11-29,06:00,https://www.dmc.gov.lk/images/dmcreports/Situation_Report_on_2021__1638149149.pdf,2080
Situation Report,2021-11-28,06:00,https://www.dmc.gov.lk/images/dmcreports/Situation_Report_on_2021__1638059875.pdf,2080
Situation Report,2021-11-27,17:30,https://www.dmc.gov.lk/images/dmcreports/Situation_Report_on_2021__1638015408.pdf,2080
Situation Report,2021-11-26,06:00,https://www.dmc.gov.lk/images/dmcreports/Situation_Report_on_2021__1637887102.pdf,2080
Situation Report,2021-11-25,06:00,https://www.dmc.gov.lk/images/dmcreports/Situation_Report_on_2021__1637800798.pdf,2090
Situation Report,2021-11-24,06:00,https://www.dmc.gov.lk/images/dmcreports/Situation_Report_on_2021__1637714138.pdf,2090
Situation Report,2021-11-23,06:00,https://www.dmc.gov.lk/images/dmcreports/Situation_Report_on_2021__1637628504.pdf,2090
Situation Report,2021-11-22,06:00,https://www.dmc.gov.lk/images/dmcreports/Situation_Report_on_2021__1637541096.pdf,2090
Situation Report,2021-11-21,06:00,https://www.dmc.gov.lk/images/dmcreports/Situation_Report_on_2021__1637454656.pdf,2090
Situation Report,2021-11-20,06:00,https://www.dmc.gov.lk/images/dmcreports/Situation_Report_on_2021__1637368853.pdf,2090
Situation Report,2021-11-19,06:00,https://www.dmc.gov.lk/images/dmcreports/Situation_Report_on_2021__1637284331.pdf,2090
Situation Report,2021-11-18,06:00,https://www.dmc.gov.lk/images/dmcreports/Situation_Report_on_2021__1637237380.pdf,2090
Situation Report,2021-11-09,06:00,https://www.dmc.gov.lk/images/dmcreports/Situation_Report_on_2021__1636422583.pdf,2100
Situation Report,2021-11-08,06:00,https://www.dmc.gov.lk/images/dmcreports/Situation_Report_on_2021__1636335200.pdf,2110
Situation Report,2021-11-07,06:00,https://www.dmc.gov.lk/images/dmcreports/Situation_Report_on_2021__1636246150.pdf,2110
Situation Report,2021-11-06,06:00,https://www.dmc.gov.lk/images/dmcreports/Situation_Report_on_2021__1636161738.pdf,2110
Situation Report,2021-11-05,06:00,https://www.dmc.gov.lk/images/dmcreports/Situation_Report_on_2021__1636072702.pdf,2110
Situation Report,2021-11-04,06:00,https://www.dmc.gov.lk/images/dmcreports/Situation_Report_on_2021__1635987756.pdf,2110
Situation Report,2021-11-03,06:00,https://www.dmc.gov.lk/images/dmcreports/Situation_Report_on_2021__1635900184.pdf,2110
Situation Report,2021-11-01,06:00,https://www.dmc.gov.lk/images/dmcreports/Situation_Report_on_2021__1635729952.pdf,2110
Situation Report,2021-10-31,06:00,https://www.dmc.gov.lk/images/dmcreports/Situation_Report_on_2021__1635641947.pdf,2110
Situation Report,2021-10-30,06:00,https://www.dmc.gov.lk/images/dmcreports/Situation_Report_on_2021__1635563512.pdf,2110
Situation Report,2021-10-27,06:00,https://www.dmc.gov.lk/images/dmcreports/Situation_Report_on_2021__1635295494.pdf,2110
Situation Report,2021-10-26,06:00,https://www.dmc.gov.lk/images/dmcreports/Situation_Report_on_2021__1635209789.pdf,2120
Situation Report,2021-10-25,06:00,https://www.dmc.gov.lk/images/dmcreports/Situation_Report_on_2021__1635121944.pdf,2120
Situation Report,2021-10-24,05:30,https://www.dmc.gov.lk/images/dmcreports/Situation_Report_on_2021__1635035589.pdf,2120
Situation Report,2021-10-23,06:00,https://www.dmc.gov.lk/images/dmcreports/Situation_Report_on_2021__1634951615.pdf,2120
Situation Report,2021-10-22,06:00,https://www.dmc.gov.lk/images/dmcreports/Situation_Report_on_2021__1634866086.pdf,2120
Situation Report,2021-10-21,06:00,https://www.dmc.gov.lk/images/dmcreports/Situation_Report_on_2021__1634776437.pdf,2120
Situation Report,2021-10-20,06:00,https://www.dmc.gov.lk/images/dmcreports/Situation_Report_on_2021__1634697601.pdf,2120
Situation Report,2021-10-19,06:00,https://www.dmc.gov.lk/images/dmcreports/Situation_Report_on_2021__1634606638.pdf,2120
Situation Report,2021-10-17,06:00,https://www.dmc.gov.lk/images/dmcreports/Situation_Report_on_2021__1634433381.pdf,2120
Situation Report,2021-10-16,06:00,https://www.dmc.gov.lk/images/dmcreports/Situation_Report_on_2021__1634346187.pdf,2120
Situation Report,2021-10-15,06:00,https://www.dmc.gov.lk/images/dmcreports/Situation_Report_on_2021__1634258747.pdf,2130
Situation Report,2021-10-14,06:00,https://www.dmc.gov.lk/images/dmcreports/Situation_Report_on_2021__1634172765.pdf,2130
Situation Report,2021-10-13,06:00,https://www.dmc.gov.lk/images/dmcreports/Situation_Report_on_2021__1634086015.pdf,2130
Situation Report,2021-10-12,06:00,https://www.dmc.gov.lk/images/dmcreports/Situation_Report_on_2021__1633999291.pdf,2130
Situation Report,2021-10-11,06:00,https://www.dmc.gov.lk/images/dmcreports/Situation_Report_on_2021__1633912861.pdf,2130
Situation Report,2021-10-10,06:00,https://www.dmc.gov.lk/images/dmcreports/Situation_Report_on_2021__1633826026.pdf,2130
Situation Report,2021-10-09,06:00,https://www.dmc.gov.lk/images/dmcreports/Situation_Report_on_2021__1633739922.pdf,2130
Situation Report,2021-10-08,06:00,https://www.dmc.gov.lk/images/dmcreports/Situation_Report_on_2021__1633653059.pdf,2130
Situation Report,2021-10-07,06:00,https://www.dmc.gov.lk/images/dmcreports/Situation_Report_on_2021__1633567125.pdf,2130
Situation Report,2021-10-06,06:00,https://www.dmc.gov.lk/images/dmcreports/Situation_Report_on_2021__1633480623.pdf,2130
Situation Report,2021-10-03,06:00,https://www.dmc.gov.lk/images/dmcreports/Situation_Report_on_2021__1633226870.pdf,2140
Situation Report,2021-10-02,06:00,https://www.dmc.gov.lk/images/dmcreports/Situation_Report_on_2021__1633136763.pdf,2140
Situation Report,2021-10-01,06:00,https://www.dmc.gov.lk/images/dmcreports/Situation_Report_on_2021__1633051235.pdf,2140
Situation Report,2021-09-30,05:30,https://www.dmc.gov.lk/images/dmcreports/Situation_Report_on_2021__1632962870.pdf,2140
Situation Report,2021-09-29,06:00,https://www.dmc.gov.lk/images/dmcreports/Situation_Report_on_2021__1632877246.pdf,2140
Situation Report,2021-09-28,06:00,https://www.dmc.gov.lk/images/dmcreports/Situation_Report_on_2021__1632790083.pdf,2140
Situation Report,2021-09-26,06:00,https://www.dmc.gov.lk/images/dmcreports/Situation_Report_on_2021__1632616564.pdf,2140
Situation Report,2021-09-25,06:00,https://www.dmc.gov.lk/images/dmcreports/Situation_Report_on_2021__1632530150.pdf,2140
Situation Report,2021-09-24,06:00,https://www.dmc.gov.lk/images/dmcreports/Situation_Report_on_2021__1632443856.pdf,2140
Situation Report,2021-09-23,06:00,https://www.dmc.gov.lk/images/dmcreports/Situation_Report_on_2021__1632358376.pdf,2140
Situation Report,2021-09-22,06:00,https://www.dmc.gov.lk/images/dmcreports/Situation_Report_on_2021__1632270347.pdf,2150
Situation Report,2021-09-20,06:00,https://www.dmc.gov.lk/images/dmcreports/Situation_Report_on_2021__1632100072.pdf,2150
Situation Report,2021-09-19,06:00,https://www.dmc.gov.lk/images/dmcreports/Situation_Report_on_2021__1632013574.pdf,2150
Situation Report,2021-09-18,12:00,https://www.dmc.gov.lk/images/dmcreports/Situation_Report_on_2021__1631956847.pdf,2150
Situation Report,2021-09-18,06:00,https://www.dmc.gov.lk/images/dmcreports/Situation_Report_on_2021__1631924739.pdf,2150
Situation Report,2021-09-17,06:00,https://www.dmc.gov.lk/images/dmcreports/Situation_Report_on_2021__1631839251.pdf,2150
Situation Report,2021-09-16,06:00,https://www.dmc.gov.lk/images/dmcreports/Situation_Report_on_2021__1631754441.pdf,2150
Situation Report,2021-09-14,06:00,https://www.dmc.gov.lk/images/dmcreports/Situation_Report_on_2021__1631581558.pdf,2150
Situation Report,2021-09-13,06:00,https://www.dmc.gov.lk/images/dmcreports/Situation_Report_on_2021__1631494565.pdf,2150
Situation Report,2021-09-12,06:00,https://www.dmc.gov.lk/images/dmcreports/Situation_Report_on_2021__1631407662.pdf,2150
Situation Report,2021-09-11,06:00,https://www.dmc.gov.lk/images/dmcreports/Situation_Report_on_2021__1631320340.pdf,2160
Situation Report,2021-09-10,06:00,https://www.dmc.gov.lk/images/dmcreports/Situation_Report_on_2021__1631235511.pdf,2160
Situation Report,2021-09-09,06:00,https://www.dmc.gov.lk/images/dmcreports/Weather_Report_at_0530_hrs_on_2021__1631148837.pdf,2160
Situation Report,2021-09-08,06:00,https://www.dmc.gov.lk/images/dmcreports/Situation_Report_on_2021__1631061410.pdf,2160
Situation Report,2021-09-07,06:00,https://www.dmc.gov.lk/images/dmcreports/Situation_Report_on_2021__1630979124.pdf,2160
Situation Report,2021-09-06,06:00,https://www.dmc.gov.lk/images/dmcreports/Situation_Report_on_2021__1630889054.pdf,2160
Situation Report,2021-09-05,06:00,https://www.dmc.gov.lk/images/dmcreports/Situation_Report_on_2021__1630802680.pdf,2160
Situation Report,2021-09-04,06:00,https://www.dmc.gov.lk/images/dmcreports/Situation_Report_on_2021__1630717122.pdf,2160
Situation Report,2021-09-03,06:00,https://www.dmc.gov.lk/images/dmcreports/Situation_Report_on_2021__1630629740.pdf,2160
Situation Report,2021-09-02,06:00,https://www.dmc.gov.lk/images/dmcreports/Situation_Report_on_2021__1630543357.pdf,2160
Situation Report,2021-09-01,06:00,https://www.dmc.gov.lk/images/dmcreports/Situation_Report_on_2021__1630457095.pdf,2170
Situation Report,2021-08-31,06:00,https://www.dmc.gov.lk/images/dmcreports/Situation_Report_on_2021__1630370121.pdf,2170
Situation Report,2021-08-29,06:00,https://www.dmc.gov.lk/images/dmcreports/Situation_Report_on_2021__1630197295.pdf,2170
Situation Report,2021-08-28,06:00,https://www.dmc.gov.lk/images/dmcreports/Situation_Report_on_2021__1630114522.pdf,2170
Situation Report,2021-08-26,06:00,https://www.dmc.gov.lk/images/dmcreports/Situation_Report_on_2021__1629938637.pdf,2170
Situation Report,2021-08-25,06:00,https://www.dmc.gov.lk/images/dmcreports/Situation_Report_on_2021__1629852659.pdf,2170
Situation Report,2021-08-24,06:00,https://www.dmc.gov.lk/images/dmcreports/Situation_Report_on_2021__1629769472.pdf,2170
Situation Report,2021-08-22,06:00,https://www.dmc.gov.lk/images/dmcreports/Situation_Report_on_2021__1629591135.pdf,2170
Situation Report,2021-08-21,06:00,https://www.dmc.gov.lk/images/dmcreports/Situation_Report_on_2021__1629506794.pdf,2170
Situation Report,2021-08-20,06:00,https://www.dmc.gov.lk/images/dmcreports/Situation_Report_on_2021__1629424369.pdf,2170
Situation Report,2021-08-19,06:00,https://www.dmc.gov.lk/images/dmcreports/Situation_Report_on_2021__1629335562.pdf,2180
Situation Report,2021-08-18,06:00,https://www.dmc.gov.lk/images/dmcreports/Situation_Report_on_2021__1629246922.pdf,2180
Situation Report,2021-08-17,06:00,https://www.dmc.gov.lk/images/dmcreports/Situation_Report_on_2021__1629161295.pdf,2180
Situation Report,2021-08-16,06:00,https://www.dmc.gov.lk/images/dmcreports/Situation_Report_on_2021__1629074873.pdf,2180
Situation Report,2021-08-15,06:00,https://www.dmc.gov.lk/images/dmcreports/Situation_Report_on_2021__1628992373.pdf,2180
Situation Report,2021-08-14,06:00,https://www.dmc.gov.lk/images/dmcreports/Situation_Report_on_2021__1628901771.pdf,2180
Situation Report,2021-08-13,18:00,https://www.dmc.gov.lk/images/dmcreports/Situation_Report_on_2021__1628858087.pdf,2180
Situation Report,2021-08-11,18:00,https://www.dmc.gov.lk/images/dmcreports/Situation_Report_on_2021__1628687178.pdf,2180
Situation Report,2021-08-09,18:00,https://www.dmc.gov.lk/images/dmcreports/Situation_Report_on_2021__1628514881.pdf,2180
Situation Report,2021-07-11,18:00,https://www.dmc.gov.lk/images/dmcreports/Situation_Report_on_2021__1626050922.pdf,2190
Situation Report,2021-07-10,18:00,https://www.dmc.gov.lk/images/dmcreports/Situation_Report_on_2021__1625930744.pdf,2190
Situation Report,2021-07-09,18:00,https://www.dmc.gov.lk/images/dmcreports/Situation_Report_on_2021__1625835446.pdf,2190
Situation Report,2021-07-07,18:00,https://www.dmc.gov.lk/images/dmcreports/Situation_Report_on_2021__1625674034.pdf,2190
Situation Report,2021-06-09,18:00,https://www.dmc.gov.lk/images/dmcreports/New_Situation_Summary_Report_at_1800_hrs_on_2021__1623242536.pdf,2190
Situation Report,2021-06-09,06:00,https://www.dmc.gov.lk/images/dmcreports/Situation_Summary_Report_at_1800_hrs_on_2021__1623200358.pdf,2190
Situation Report,2021-06-06,07:00,https://www.dmc.gov.lk/images/dmcreports/Situation_Summary_Report_at_0600_hrs_on_2021__1622944119.pdf,2200
Situation Report,2021-06-05,18:00,https://www.dmc.gov.lk/images/dmcreports/Situation_Summary_Report_at_1800_hrs_on_2021__1622898588.pdf,2200
Situation Report,2021-06-04,18:00,https://www.dmc.gov.lk/images/dmcreports/Situation_Report_on_2021__1622813337.pdf,2200
Situation Report,2021-06-02,18:00,https://www.dmc.gov.lk/images/dmcreports/Situation_Report_on_2021__1622638229.pdf,2200
Situation Report,2021-06-01,18:00,https://www.dmc.gov.lk/images/dmcreports/Situation_Report_on_2021__1622553159.pdf,2200
Situation Report,2021-05-31,18:00,https://www.dmc.gov.lk/images/dmcreports/Situation_Report_on_2021__1622467713.pdf,2200
Situation Report,2021-05-30,18:00,https://www.dmc.gov.lk/images/dmcreports/Situation_Report_on_2021__1622380704.pdf,2200
Situation Report,2021-05-29,18:00,https://www.dmc.gov.lk/images/dmcreports/Situation_Report_on_2021__1622292362.pdf,2210
Situation Report,2021-05-27,18:00,https://www.dmc.gov.lk/images/dmcreports/Situation_Report_on_2021__1622121525.pdf,2210
Situation Report,2021-05-26,18:00,https://www.dmc.gov.lk/images/dmcreports/Situation_Report_on_2021__1622032561.pdf,2210
Situation Report,2021-05-25,20:30,https://www.dmc.gov.lk/images/dmcreports/Situation_Report_on_2021__1621955340.pdf,2210
Situation Report,2021-05-24,20:30,https://www.dmc.gov.lk/images/dmcreports/Situation_Report_on_2021__1621869107.pdf,2210
Situation Report,2021-05-23,18:00,https://www.dmc.gov.lk/images/dmcreports/Situation_Report_on_2021__1621775040.pdf,2210
Situation Report,2021-05-22,18:00,https://www.dmc.gov.lk/images/dmcreports/Situation_Report_on_2021__1621688829.pdf,2210
Situation Report,2021-05-21,18:00,https://www.dmc.gov.lk/images/dmcreports/Situation_Report_on_2021__1621604941.pdf,2210
Situation Report,2021-05-20,18:00,https://www.dmc.gov.lk/images/dmcreports/Situation_Report_on_2021__1621518242.pdf,2210
Situation Report,2021-05-18,18:00,https://www.dmc.gov.lk/images/dmcreports/Situation_Report_on_2021__1621384332.pdf,2220
Situation Report,2021-05-17,18:00,https://www.dmc.gov.lk/images/dmcreports/Situation_Report_on_2021__1621302249.pdf,2220
Situation Report,2021-05-17,12:00,https://www.dmc.gov.lk/images/dmcreports/Disaster_Situation_Summary_1200hrs_17-05-2021__1621249108.pdf,2220
Situation Report,2021-05-16,18:00,https://www.dmc.gov.lk/images/dmcreports/Situation_Report_on_2021__1621168708.pdf,2220
Situation Report,2021-05-15,18:00,https://www.dmc.gov.lk/images/dmcreports/Situation_Report_on_2021__1621087432.pdf,2220
Situation Report,2021-05-14,18:00,https://www.dmc.gov.lk/images/dmcreports/Situation_Report_on_2021__1620998870.pdf,2220
Situation Report,2021-05-13,18:00,https://www.dmc.gov.lk/images/dmcreports/Situation_Report_on_2021__1620915557.pdf,2220
Situation Report,2021-05-11,18:00,https://www.dmc.gov.lk/images/dmcreports/Situation_Report_on_2021__1620738967.pdf,2220
Situation Report,2021-05-10,18:00,https://www.dmc.gov.lk/images/dmcreports/Situation_Report_on_2021__1620652214.pdf,2220
Drought Situation Report,2021-05-10,18:00,https://www.dmc.gov.lk/images/dmcreports/Drought_Situation_Report_on_2021__1620652241.pdf,2220
Situation Report,2021-05-09,18:00,https://www.dmc.gov.lk/images/dmcreports/Situation_Report_on_2021__1620565170.pdf,2230
Situation Report,2021-05-08,18:00,https://www.dmc.gov.lk/images/dmcreports/Situation_Report_on_2021__1620478710.pdf,2230
Drought Situation Report,2021-05-07,18:00,https://www.dmc.gov.lk/images/dmcreports/Drought_Situation_Report_on_2021__1620392572.pdf,2230
Situation Report,2021-05-07,18:00,https://www.dmc.gov.lk/images/dmcreports/Situation_Report_on_2021__1620392587.pdf,2230
Situation Report,2021-05-06,18:00,https://www.dmc.gov.lk/images/dmcreports/Situation_Report_on_2021__1620308388.pdf,2230
Drought Situation Report,2021-05-06,18:00,https://www.dmc.gov.lk/images/dmcreports/Drought_Situation_Report_on_2021__1620308437.pdf,2230
Situation Report,2021-05-05,18:00,https://www.dmc.gov.lk/images/dmcreports/Situation_Report_on_2021__1620221174.pdf,2230
Drought Situation Report,2021-05-05,18:00,https://www.dmc.gov.lk/images/dmcreports/Drought_Situation_Report_on_2021__1620221200.pdf,2230
Situation Report,2021-05-04,18:00,https://www.dmc.gov.lk/images/dmcreports/Situation_Report_on_2021__1620137229.pdf,2230
Situation Report,2021-05-02,18:00,https://www.dmc.gov.lk/images/dmcreports/Situation_Report_on_2021__1619959509.pdf,2230
Situation Report,2021-05-01,18:00,https://www.dmc.gov.lk/images/dmcreports/Situation_Report_on_2021__1619874564.pdf,2240
Situation Report,2021-04-30,18:00,https://www.dmc.gov.lk/images/dmcreports/Situation_Report_on_2021__1619788167.pdf,2240
Situation Report,2021-04-29,18:00,https://www.dmc.gov.lk/images/dmcreports/Situation_Report_on_2021__1619701544.pdf,2240
Situation Report,2021-04-28,18:00,https://www.dmc.gov.lk/images/dmcreports/Situation_Report_on_2021__1619613108.pdf,2240
Situation Report,2021-04-27,18:00,https://www.dmc.gov.lk/images/dmcreports/Situation_Report_on_2021__1619527717.pdf,2240
Situation Report,2021-04-26,18:00,https://www.dmc.gov.lk/images/dmcreports/Situation_Report_on_2021__1619441841.pdf,2240
Situation Report,2021-04-25,18:00,https://www.dmc.gov.lk/images/dmcreports/Situation_Report_on_2021__1619356683.pdf,2240
Situation Report,2021-04-24,18:00,https://www.dmc.gov.lk/images/dmcreports/Situation_Report_on_2021__1619271602.pdf,2240
Situation Report,2021-04-23,18:00,https://www.dmc.gov.lk/images/dmcreports/Situation_Report_on_2021__1619355343.pdf,2240
Situation Report,2021-04-22,18:00,https://www.dmc.gov.lk/images/dmcreports/Situation_Report_on_2021__1619097388.pdf,2240
Situation Report,2021-04-21,18:00,https://www.dmc.gov.lk/images/dmcreports/Situation_Report_on_2021__1619010176.pdf,2250
Situation Report,2021-04-20,18:00,https://www.dmc.gov.lk/images/dmcreports/Situation_Report_on_2021__1618923719.pdf,2250
Situation Report,2021-04-19,18:00,https://www.dmc.gov.lk/images/dmcreports/new_Situation_Report_on_2021__1618842703.pdf,2250
Situation Report,2021-04-18,18:00,https://www.dmc.gov.lk/images/dmcreports/new_Situation_Report_on_2021__1618756905.pdf,2250
Situation Report,2021-04-17,18:00,https://www.dmc.gov.lk/images/dmcreports/new_Situation_Report_on_2021__1618669123.pdf,2250
Situation Report,2021-04-16,18:00,https://www.dmc.gov.lk/images/dmcreports/Situation_Report_on_2021__1618586274.pdf,2250
Situation Report,2021-04-15,18:00,https://www.dmc.gov.lk/images/dmcreports/Situation_Report_on_2021__1618498374.pdf,2250
Situation Report,2021-04-14,18:00,https://www.dmc.gov.lk/images/dmcreports/Situation_Report_on_2021__1618404971.pdf,2250
Situation Report,2021-04-13,18:00,https://www.dmc.gov.lk/images/dmcreports/Situation_Report_on_2021__1618317021.pdf,2250
Situation Report,2021-04-12,18:00,https://www.dmc.gov.lk/images/dmcreports/Situation_Report_on_2021__1618235358.pdf,2250
Situation Report,2021-04-10,18:00,https://www.dmc.gov.lk/images/dmcreports/Situation_Report_on_2021__1618061292.pdf,2260
Situation Report,2021-04-09,18:00,https://www.dmc.gov.lk/images/dmcreports/Situation_Report_on_2021__1617975581.pdf,2260
Situation Report,2021-04-08,18:00,https://www.dmc.gov.lk/images/dmcreports/Situation_Report_on_2021__1617890136.pdf,2260
Situation Report,2021-04-07,18:00,https://www.dmc.gov.lk/images/dmcreports/Situation_Report_on_2021__1617799716.pdf,2260
Situation Report,2021-04-06,18:00,https://www.dmc.gov.lk/images/dmcreports/Situation_Report_on_2021__1617713925.pdf,2260
Situation Report,2021-04-05,18:00,https://www.dmc.gov.lk/images/dmcreports/Situation_Report_on_2021__1617626388.pdf,2260
Situation Report,2021-04-04,18:00,https://www.dmc.gov.lk/images/dmcreports/Situation_Report_on_2021__1617542305.pdf,2260
Situation Report,2021-04-03,18:00,https://www.dmc.gov.lk/images/dmcreports/Situation_Report_on_2021__1617460312.pdf,2260
Situation Report,2021-04-02,18:00,https://www.dmc.gov.lk/images/dmcreports/Situation_Report_on_2021__1617368753.pdf,2260
Situation Report,2021-04-01,18:00,https://www.dmc.gov.lk/images/dmcreports/Situation_Report_on_2021__1617282020.pdf,2260
Situation Report,2021-03-31,18:00,https://www.dmc.gov.lk/images/dmcreports/Situation_Report_on_2021__1617197138.pdf,2270
Situation Report,2021-03-30,18:00,https://www.dmc.gov.lk/images/dmcreports/Situation_Report_on_2021__1617112177.pdf,2270
Situation Report,2021-03-29,18:00,https://www.dmc.gov.lk/images/dmcreports/Situation_Report_on_2021__1617029359.pdf,2270
Situation Report,2021-03-28,18:00,https://www.dmc.gov.lk/images/dmcreports/Situation_Report_on_2021__1616936978.pdf,2270
Situation Report,2021-03-27,18:00,https://www.dmc.gov.lk/images/dmcreports/Situation_Report_on_2021__1616848324.pdf,2270
Situation Report,2021-03-26,18:00,https://www.dmc.gov.lk/images/dmcreports/Situation_Report_on_2021__1616769191.pdf,2270
Situation Report,2021-03-25,12:00,https://www.dmc.gov.lk/images/dmcreports/Situation_Report_on_2021__1616680108.pdf,2270
Situation Report,2021-03-24,18:00,https://www.dmc.gov.lk/images/dmcreports/Situation_Report_on_2021__1616590264.pdf,2270
Situation Report,2021-03-23,18:00,https://www.dmc.gov.lk/images/dmcreports/Situation_Report_on_2021__1616505854.pdf,2270
Situation Report,2021-03-22,18:00,https://www.dmc.gov.lk/images/dmcreports/Situation_Report_on_2021__1616416974.pdf,2270
Situation Report,2021-03-21,18:00,https://www.dmc.gov.lk/images/dmcreports/Situation_Report_on_2021__1616329507.pdf,2280
Situation Report,2021-03-20,18:00,https://www.dmc.gov.lk/images/dmcreports/Situation_Report_on_2021__1616245802.pdf,2280
Situation Report,2021-03-19,18:00,https://www.dmc.gov.lk/images/dmcreports/Situation_Report_on_2021__1616158544.pdf,2280
Situation Report,2021-03-18,18:00,https://www.dmc.gov.lk/images/dmcreports/Situation_Report_on_2021__1616073346.pdf,2280
Situation Report,2021-03-17,18:00,https://www.dmc.gov.lk/images/dmcreports/Situation_Report_on_2021__1615990230.pdf,2280
Situation Report,2021-03-16,18:00,https://www.dmc.gov.lk/images/dmcreports/Situation_Report_on_2021__1615898419.pdf,2280
Situation Report,2021-03-15,18:00,https://www.dmc.gov.lk/images/dmcreports/Situation_Report_on_2021__1615814761.pdf,2280
Situation Report,2021-03-14,18:00,https://www.dmc.gov.lk/images/dmcreports/Situation_Report_on_2021__1615734885.pdf,2280
Situation Report,2021-03-13,18:00,https://www.dmc.gov.lk/images/dmcreports/Situation_Report_on_2021__1615638617.pdf,2280
Situation Report,2021-03-12,18:00,https://www.dmc.gov.lk/images/dmcreports/Situation_Report_on_2021__1615557820.pdf,2280
Situation Report,2021-03-10,18:00,https://www.dmc.gov.lk/images/dmcreports/Situation_Report_on_2021__1615384191.pdf,2290
Situation Report,2021-03-09,18:00,https://www.dmc.gov.lk/images/dmcreports/Situation_Report_on_2021__1615297389.pdf,2290
Situation Report,2021-03-08,18:00,https://www.dmc.gov.lk/images/dmcreports/Situation_Report_on_2021__1615211734.pdf,2290
Situation Report,2021-03-05,18:00,https://www.dmc.gov.lk/images/dmcreports/Situation_Report_on_2021__1614951970.pdf,2290
Situation Report,2021-03-03,18:00,https://www.dmc.gov.lk/images/dmcreports/Situation_Report_on_2021__1614778974.pdf,2290
Situation Report,2021-03-02,18:00,https://www.dmc.gov.lk/images/dmcreports/Situation_Report_on_2021__1614690604.pdf,2290
Situation Report,2021-03-01,18:00,https://www.dmc.gov.lk/images/dmcreports/Situation_Report_on_2021__1614605827.pdf,2290
Situation Report,2021-02-28,18:00,https://www.dmc.gov.lk/images/dmcreports/Situation_Report_on_2021__1614519311.pdf,2290
Situation Report,2021-02-27,18:00,https://www.dmc.gov.lk/images/dmcreports/Situation_Report_on_2021__1614430308.pdf,2290
Situation Report,2021-02-24,18:00,https://www.dmc.gov.lk/images/dmcreports/Situation_Report_on_2021__1614170544.pdf,2290
Situation Report,2021-02-22,18:00,https://www.dmc.gov.lk/images/dmcreports/Situation_Report_on_2021__1613998765.pdf,2300
Situation Report,2021-02-21,18:00,https://www.dmc.gov.lk/images/dmcreports/Situation_Report_on_2021__1613912970.pdf,2300
Situation Report,2021-02-20,18:00,https://www.dmc.gov.lk/images/dmcreports/Situation_Report_on_2021__1613826943.pdf,2300
Situation Report,2021-02-19,18:00,https://www.dmc.gov.lk/images/dmcreports/Situation_Report_on_2021__1613744105.pdf,2300
Situation Report,2021-02-18,18:00,https://www.dmc.gov.lk/images/dmcreports/Situation_Report_on_2021__1613666898.pdf,2300
Situation Report,2021-02-17,18:00,https://www.dmc.gov.lk/images/dmcreports/Situation_Report_on_2021__1613574788.pdf,2300
Situation Report,2021-02-16,18:00,https://www.dmc.gov.lk/images/dmcreports/Situation_Report_on_2021__1613482048.pdf,2300
Situation Report,2021-02-15,18:00,https://www.dmc.gov.lk/images/dmcreports/Situation_Report_on_2021__1613402934.pdf,2300
Situation Report,2021-02-13,18:00,https://www.dmc.gov.lk/images/dmcreports/Situation_Report_on_2021__1613221385.pdf,2300
Situation Report,2021-02-12,18:00,https://www.dmc.gov.lk/images/dmcreports/Situation_Report_on_2021__1613139474.pdf,2300
Situation Report,2021-02-11,18:00,https://www.dmc.gov.lk/images/dmcreports/Situation_Report_on_2021__1613048147.pdf,2310
Situation Report,2021-02-09,18:00,https://www.dmc.gov.lk/images/dmcreports/Situation_Report_on_2021__1612875835.pdf,2310
Situation Report,2021-02-08,18:00,https://www.dmc.gov.lk/images/dmcreports/Situation_Report_on_2021__1612787485.pdf,2310
Situation Report,2021-02-07,18:00,https://www.dmc.gov.lk/images/dmcreports/Situation_Report_on_2021__1612702178.pdf,2310
Situation Report,2021-02-06,18:00,https://www.dmc.gov.lk/images/dmcreports/Situation_Report_on_2021__1612616650.pdf,2310
Situation Report,2021-02-05,18:00,https://www.dmc.gov.lk/images/dmcreports/Situation_Report_on_2021__1612529099.pdf,2310
Situation Report,2021-02-04,18:00,https://www.dmc.gov.lk/images/dmcreports/Situation_Report_on_2021__1612445405.pdf,2310
Situation Report,2021-02-03,18:00,https://www.dmc.gov.lk/images/dmcreports/Situation_Report_on_2021__1612355281.pdf,2310
Situation Report,2021-02-02,18:00,https://www.dmc.gov.lk/images/dmcreports/Situation_Report_on_2021__1612270162.pdf,2310
Situation Report,2021-02-01,18:00,https://www.dmc.gov.lk/images/dmcreports/Situation_Report_on_2021__1612186907.pdf,2310
Situation Report,2021-01-31,18:00,https://www.dmc.gov.lk/images/dmcreports/Situation_Report_on_2021__1612097273.pdf,2320
Situation Report,2021-01-30,18:00,https://www.dmc.gov.lk/images/dmcreports/Situation_Report_on_2021__1612010733.pdf,2320
Situation Report,2021-01-29,18:00,https://www.dmc.gov.lk/images/dmcreports/Situation_Report_on_2021__1611926857.pdf,2320
Situation Report,2021-01-28,18:00,https://www.dmc.gov.lk/images/dmcreports/Situation_Report_on_2021__1611841768.pdf,2320
Situation Report,2021-01-27,18:00,https://www.dmc.gov.lk/images/dmcreports/Situation_Report_on_2021__1611753637.pdf,2320
Situation Report,2021-01-25,18:00,https://www.dmc.gov.lk/images/dmcreports/Situation_Report_on_2021__1611579828.pdf,2320
Situation Report,2021-01-23,18:00,https://www.dmc.gov.lk/images/dmcreports/Situation_Report_on_2021__1611409773.pdf,2320
Situation Report,2021-01-23,05:30,https://www.dmc.gov.lk/images/dmcreports/Weather_Report_at_0530hrs_on_2021__1611361145.pdf,2320
Situation Report,2021-01-22,18:00,https://www.dmc.gov.lk/images/dmcreports/Situation_Report_on_2021__1611320027.pdf,2320
Situation Report,2021-01-21,18:00,https://www.dmc.gov.lk/images/dmcreports/Situation_Report_on_2021__1611234547.pdf,2320
Situation Report,2021-01-20,18:00,https://www.dmc.gov.lk/images/dmcreports/Situation_Report_on_2021__1611147973.pdf,2330
Situation Report,2021-01-19,18:00,https://www.dmc.gov.lk/images/dmcreports/Situation_Report_on_2021__1611060643.pdf,2330
Situation Report,2021-01-18,18:00,https://www.dmc.gov.lk/images/dmcreports/Situation_Report_on_2021__1610978884.pdf,2330
Situation Report,2021-01-16,18:00,https://www.dmc.gov.lk/images/dmcreports/Situation_Report_on_2021__1610802764.pdf,2330
Situation Report,2021-01-15,18:00,https://www.dmc.gov.lk/images/dmcreports/Situation_Report_on_2021__1610841155.pdf,2330
Situation Report,2021-01-14,18:00,https://www.dmc.gov.lk/images/dmcreports/Situation_Report_on_2021__1610841284.pdf,2330
Situation Report,2021-01-12,18:00,https://www.dmc.gov.lk/images/dmcreports/Situation_Report_on_2021__1610889413.pdf,2330
Situation Report,2021-01-11,18:00,https://www.dmc.gov.lk/images/dmcreports/Situation_Report_on_2021__1610889383.pdf,2330
Situation Report,2021-01-09,18:00,https://www.dmc.gov.lk/images/dmcreports/Situation_Report_on_2021__1610889341.pdf,2330
Situation Report,2021-01-08,18:00,https://www.dmc.gov.lk/images/dmcreports/Situation_Report_on_2021__1610889312.pdf,2330
Situation Report,2021-01-07,18:00,https://www.dmc.gov.lk/images/dmcreports/Situation_Report_on_2021__1610889284.pdf,2340
Situation Report,2021-01-06,18:00,https://www.dmc.gov.lk/images/dmcreports/Situation_Report_on_2021__1610889258.pdf,2340
Situation Report,2021-01-05,18:00,https://www.dmc.gov.lk/images/dmcreports/Situation_Report_on_2021__1610889231.pdf,2340
Situation Report,2021-01-04,18:00,https://www.dmc.gov.lk/images/dmcreports/Situation_Report_on_2021__1610889177.pdf,2340
Situation Report,2021-01-03,18:00,https://www.dmc.gov.lk/images/dmcreports/Situation_Report_on_2021__1610889145.pdf,2340
Situation Report,2021-01-02,18:00,https://www.dmc.gov.lk/images/dmcreports/Situation_Report_on_2021__1610841027.pdf,2340
Situation Report,2021-01-01,18:00,https://www.dmc.gov.lk/images/dmcreports/Situation_Report_on_2021__1610840859.pdf,2340
Situation Report,2020-12-31,18:00,https://www.dmc.gov.lk/images/dmcreports/Situation_Report_on_2020__1609422125.pdf,2340
Situation Report,2020-12-30,18:00,https://www.dmc.gov.lk/images/dmcreports/Situation_Report_on_2020__1609336428.pdf,2340
Situation Report,2020-12-29,18:00,https://www.dmc.gov.lk/images/dmcreports/Situation_Report_on_2020__1609247216.pdf,2340
Situation Report,2020-12-26,18:00,https://www.dmc.gov.lk/images/dmcreports/Situation_Report_on_2020__1609041959.pdf,2350
Situation Report,2020-12-24,18:00,https://www.dmc.gov.lk/images/dmcreports/Situation_Report_on_2020__1608816725.pdf,2350
Situation Report,2020-12-23,18:00,https://www.dmc.gov.lk/images/dmcreports/Situation_Report_on_2020__1608744365.pdf,2350
Situation Report,2020-12-22,18:00,https://www.dmc.gov.lk/images/dmcreports/Situation_Report_on_2020__1608645045.pdf,2350
Situation Report,2020-12-21,18:00,https://www.dmc.gov.lk/images/dmcreports/Situation_Report_on_2020__1608562292.pdf,2350
Situation Report,2020-12-19,18:00,https://www.dmc.gov.lk/images/dmcreports/Situation_Report_on_2020__1608383145.pdf,2350
Situation Report,2020-12-18,18:00,https://www.dmc.gov.lk/images/dmcreports/Situation_Report_on_2020__1608297994.pdf,2350
Situation Report,2020-12-16,18:00,https://www.dmc.gov.lk/images/dmcreports/Situation_Report_on_2020__1608125564.pdf,2350
Situation Report,2020-12-15,12:00,https://www.dmc.gov.lk/images/dmcreports/Situation_Report_on_2020__1608042182.pdf,2350
Situation Report,2020-12-13,18:00,https://www.dmc.gov.lk/images/dmcreports/Situation_Report_on_2020__1607869279.pdf,2350
Situation Report,2020-12-11,18:00,https://www.dmc.gov.lk/images/dmcreports/Situation_Report_on_2020__1607689975.pdf,2360
Situation Report,2020-12-10,18:00,https://www.dmc.gov.lk/images/dmcreports/Situation_Report_on_2020__1607603789.pdf,2360
Situation Report,2020-12-09,18:00,https://www.dmc.gov.lk/images/dmcreports/Situation_Report_on_2020__1607518369.pdf,2360
Situation Report,2020-12-08,18:00,https://www.dmc.gov.lk/images/dmcreports/Situation_Report_on_2020__1607430892.pdf,2360
Situation Report,2020-12-07,18:00,https://www.dmc.gov.lk/images/dmcreports/Situation_Report_on_2020__1607346356.pdf,2360
Situation Report,2020-12-06,18:00,https://www.dmc.gov.lk/images/dmcreports/Situation_Report_on_2020__1607259989.pdf,2360
Situation Report,2020-12-05,18:00,https://www.dmc.gov.lk/images/dmcreports/Situation_Report_on_2020__1607171781.pdf,2360
Situation Report,2020-12-04,18:00,https://www.dmc.gov.lk/images/dmcreports/Situation_Report_on_2020__1607084937.pdf,2360
Situation Report,2020-12-03,18:00,https://www.dmc.gov.lk/images/dmcreports/Situation_Report_on_2020__1607007347.pdf,2360
Situation Report,2020-12-03,12:00,https://www.dmc.gov.lk/images/dmcreports/Situation_Report_on_2020__1606980090.pdf,2360
Situation Report,2020-12-02,18:00,https://www.dmc.gov.lk/images/dmcreports/Situation_Report_on_2020__1606915671.pdf,2370
Situation Report,2020-11-26,18:00,https://www.dmc.gov.lk/images/dmcreports/Situation_Report_on_2020__1606396949.pdf,2370
Situation Report,2020-11-25,18:00,https://www.dmc.gov.lk/images/dmcreports/Situation_Report_on_2020__1606308223.pdf,2370
Situation Report,2020-11-24,18:00,https://www.dmc.gov.lk/images/dmcreports/Situation_Report_on_2020__1606222566.pdf,2370
Situation Report,2020-11-23,18:00,https://www.dmc.gov.lk/images/dmcreports/Situation_Report_on_2020__1606139860.pdf,2370
Situation Report,2020-11-22,18:00,https://www.dmc.gov.lk/images/dmcreports/Situation_Report_on_2020__1606057941.pdf,2370
Situation Report,2020-11-21,18:00,https://www.dmc.gov.lk/images/dmcreports/Situation_Report_on_2020__1605965226.pdf,2370
Situation Report,2020-11-20,18:00,https://www.dmc.gov.lk/images/dmcreports/Situation_Report_on_2020__1605882831.pdf,2370
Situation Report,2020-11-19,18:00,https://www.dmc.gov.lk/images/dmcreports/Situation_Report_on_2020__1605791839.pdf,2370
Situation Report,2020-11-18,18:00,https://www.dmc.gov.lk/images/dmcreports/Situation_Report_on_2020__1605707447.pdf,2370
Situation Report,2020-11-16,18:00,https://www.dmc.gov.lk/images/dmcreports/Situation_Report_on_2020__1605532710.pdf,2380
Situation Report,2020-11-15,18:00,https://www.dmc.gov.lk/images/dmcreports/Situation_Report_on_2020__1605463916.pdf,2380
Situation Report,2020-11-14,18:00,https://www.dmc.gov.lk/images/dmcreports/Situation_Report_on_2020__1605374429.pdf,2380
Situation Report,2020-11-12,18:00,https://www.dmc.gov.lk/images/dmcreports/Situation_Report_on_2020__1605192139.pdf,2380
Situation Report,2020-11-11,18:00,https://www.dmc.gov.lk/images/dmcreports/Situation_Report_on_2020__1605102259.pdf,2380
Situation Report,2020-11-10,18:00,https://www.dmc.gov.lk/images/dmcreports/Situation_Report_on_2020__1605013266.pdf,2380
Situation Report,2020-11-09,18:00,https://www.dmc.gov.lk/images/dmcreports/Situation_Report_on_2020__1604935339.pdf,2380
Situation Report,2020-11-09,16:00,https://www.dmc.gov.lk/images/dmcreports/Weather_Report_at_1600_hrs_on_2020__1604921199.pdf,2380
Situation Report,2020-11-08,18:00,https://www.dmc.gov.lk/images/dmcreports/Situation_Report_on_2020__1604840242.pdf,2380
Situation Report,2020-11-07,18:00,https://www.dmc.gov.lk/images/dmcreports/Situation_Report_on_2020__1604753440.pdf,2380
Situation Report,2020-11-06,18:00,https://www.dmc.gov.lk/images/dmcreports/Situation_Report_on_2020__1604676537.pdf,2390
Situation Report,2020-11-05,18:00,https://www.dmc.gov.lk/images/dmcreports/Situation_Report_on_2020__1604586459.pdf,2390
Situation Report,2020-11-04,18:00,https://www.dmc.gov.lk/images/dmcreports/Situation_Report_on_2020__1604504242.pdf,2390
Situation Report,2020-11-03,18:00,https://www.dmc.gov.lk/images/dmcreports/Situation_Report_on_2020__1604419690.pdf,2390
Situation Report,2020-11-01,18:00,https://www.dmc.gov.lk/images/dmcreports/Situation_Report_on_2020__1604235515.pdf,2390
Situation Report,2020-10-31,18:00,https://www.dmc.gov.lk/images/dmcreports/Situation_Report_on_2020__1604148882.pdf,2390
Situation Report,2020-10-29,18:00,https://www.dmc.gov.lk/images/dmcreports/Situation_Report_on_2020__1603974865.pdf,2390
Situation Report,2020-10-28,18:00,https://www.dmc.gov.lk/images/dmcreports/Situation_Report_on_2020__1603891137.pdf,2390
Situation Report,2020-10-27,18:00,https://www.dmc.gov.lk/images/dmcreports/Situation_Report_on_2020__1603803863.pdf,2390
Situation Report,2020-10-26,18:00,https://www.dmc.gov.lk/images/dmcreports/Situation_Report_on_2020__1603720121.pdf,2390
Situation Report,2020-10-25,18:00,https://www.dmc.gov.lk/images/dmcreports/Situation_Report_on_2020__1603630644.pdf,2400
Situation Report,2020-10-24,18:00,https://www.dmc.gov.lk/images/dmcreports/Situation_Report_on_2020__1603544861.pdf,2400
Situation Report,2020-10-23,18:00,https://www.dmc.gov.lk/images/dmcreports/Situation_Report_on_2020__1603456275.pdf,2400
Situation Report,2020-10-22,18:00,https://www.dmc.gov.lk/images/dmcreports/Situation_Report_on_2020__1603373640.pdf,2400
Situation Report,2020-10-21,18:00,https://www.dmc.gov.lk/images/dmcreports/Situation_Report_on_2020__1603287556.pdf,2400
Situation Report,2020-10-20,18:00,https://www.dmc.gov.lk/images/dmcreports/Situation_Report_on_2020__1603198815.pdf,2400
Situation Report,2020-10-19,18:00,https://www.dmc.gov.lk/images/dmcreports/Situation_Report_on_2020__1603112207.pdf,2400
Situation Report,2020-10-18,18:00,https://www.dmc.gov.lk/images/dmcreports/Situation_Report_on_2020__1603030064.pdf,2400
Situation Report,2020-10-17,18:00,https://www.dmc.gov.lk/images/dmcreports/Situation_Report_on_2020__1602949448.pdf,2400
Situation Report,2020-10-16,18:00,https://www.dmc.gov.lk/images/dmcreports/Situation_Report_on_2020__1602866285.pdf,2400
Situation Report,2020-10-15,18:00,https://www.dmc.gov.lk/images/dmcreports/Situation_Report_on_2020__1602775393.pdf,2410
Situation Report,2020-10-14,18:00,https://www.dmc.gov.lk/images/dmcreports/Situation_Report_on_2020__1602683792.pdf,2410
Situation Report,2020-10-13,18:00,https://www.dmc.gov.lk/images/dmcreports/Situation_Report_on_2020__1602596882.pdf,2410
Situation Report,2020-10-12,18:00,https://www.dmc.gov.lk/images/dmcreports/Situation_Report_on_2020__1602509764.pdf,2410
Situation Report,2020-10-09,18:00,https://www.dmc.gov.lk/images/dmcreports/Situation_Report_on_2020__1602246165.pdf,2410
Situation Report,2020-10-08,18:00,https://www.dmc.gov.lk/images/dmcreports/Situation_Report_on_2020__1602162936.pdf,2410
Situation Report,2020-10-07,18:00,https://www.dmc.gov.lk/images/dmcreports/Situation_Report_on_2020__1602075972.pdf,2410
Situation Report,2020-10-06,18:00,https://www.dmc.gov.lk/images/dmcreports/Situation_Report_on_2020__1601992365.pdf,2410
Situation Report,2020-10-03,18:00,https://www.dmc.gov.lk/images/dmcreports/Situation_Report_on_2020__1601729376.pdf,2410
Situation Report,2020-10-01,18:00,https://www.dmc.gov.lk/images/dmcreports/Situation_Report_on_2020__1601559446.pdf,2410
Situation Report,2020-09-30,18:00,https://www.dmc.gov.lk/images/dmcreports/Situation_Report_on_2020__1601473972.pdf,2420
Situation Report,2020-09-29,18:00,https://www.dmc.gov.lk/images/dmcreports/Situation_Report_on_2020__1601386297.pdf,2420
Situation Report,2020-09-28,18:00,https://www.dmc.gov.lk/images/dmcreports/Situation_Report_on_2020__1601301621.pdf,2420
Situation Report,2020-09-27,18:00,https://www.dmc.gov.lk/images/dmcreports/Situation_Report_on_2020__1601211628.pdf,2420
Situation Report,2020-09-26,18:00,https://www.dmc.gov.lk/images/dmcreports/Situation_Report_on_2020__1601125356.pdf,2420
Situation Report,2020-09-25,18:00,https://www.dmc.gov.lk/images/dmcreports/Situation_Report_on_2020__1601048966.pdf,2420
Situation Report,2020-09-24,18:00,https://www.dmc.gov.lk/images/dmcreports/Situation_Report_on_2020__1600952358.pdf,2420
Situation Report,2020-09-23,18:00,https://www.dmc.gov.lk/images/dmcreports/Situation_Report_on_2020__1600877336.pdf,2420
Situation Report,2020-09-22,18:00,https://www.dmc.gov.lk/images/dmcreports/Situation_Report_on_2020__1600784885.pdf,2420
Situation Report,2020-09-21,18:00,https://www.dmc.gov.lk/images/dmcreports/Situation_Report_on_2020__1600701866.pdf,2420
Situation Report,2020-09-19,18:00,https://www.dmc.gov.lk/images/dmcreports/Situation_Report_on_2020__1600523822.pdf,2430
Situation Report,2020-09-18,18:00,https://www.dmc.gov.lk/images/dmcreports/Situation_Report_on_2020__1600440538.pdf,2430
Situation Report,2020-09-18,18:00,https://www.dmc.gov.lk/images/dmcreports/Situation_Report_on_2020__1600613588.pdf,2430
Situation Report,2020-09-17,18:00,https://www.dmc.gov.lk/images/dmcreports/Situation_Report_on_2020__1600347409.pdf,2430
Situation Report,2020-09-16,18:00,https://www.dmc.gov.lk/images/dmcreports/Situation_Report_on_2020__1600262078.pdf,2430
Situation Report,2020-09-13,18:00,https://www.dmc.gov.lk/images/dmcreports/Situation_Report_on_2020__1599936563.pdf,2430
Situation Report,2020-09-13,18:00,https://www.dmc.gov.lk/images/dmcreports/Situation_Report_on_2020__1600004450.pdf,2430
Situation Report,2020-09-11,18:00,https://www.dmc.gov.lk/images/dmcreports/Situation_Report_on_2020__1599832884.pdf,2430
Situation Report,2020-09-09,18:00,https://www.dmc.gov.lk/images/dmcreports/Situation_Report_on_2020__1599665697.pdf,2430
Situation Report,2020-09-08,18:00,https://www.dmc.gov.lk/images/dmcreports/Situation_Report_on_2020__1599582323.pdf,2430
Situation Report,2020-09-08,09:00,https://www.dmc.gov.lk/images/dmcreports/Situation_Report_on_2020__1599540246.pdf,2440
Situation Report,2020-09-07,18:00,https://www.dmc.gov.lk/images/dmcreports/Situation_Report_on_2020__1599537859.pdf,2440
Situation Report,2020-09-06,18:00,https://www.dmc.gov.lk/images/dmcreports/Situation_Report_on_2020__1599424475.pdf,2440
Situation Report,2020-09-04,18:00,https://www.dmc.gov.lk/images/dmcreports/Situation_Report_on_2020__1599227746.pdf,2440
Situation Report,2020-09-03,18:00,https://www.dmc.gov.lk/images/dmcreports/Situation_Report_on_2020__1599149858.pdf,2440
Situation Report,2020-09-02,18:00,https://www.dmc.gov.lk/images/dmcreports/Situation_Report_on_2020__1599053258.pdf,2440
Situation Report,2020-09-01,18:00,https://www.dmc.gov.lk/images/dmcreports/Situation_Report_on_2020__1598965432.pdf,2440
Drought Situation Report,2020-09-01,18:00,https://www.dmc.gov.lk/images/dmcreports/Drought_Situation_Report_on_2020__1598965472.pdf,2440
Situation Report,2020-08-31,18:00,https://www.dmc.gov.lk/images/dmcreports/Situation_Report_on_2020__1598879526.pdf,2440
Drought Situation Report,2020-08-31,18:00,https://www.dmc.gov.lk/images/dmcreports/Drought_Situation_Report_on_2020__1598879544.pdf,2440
Situation Report,2020-08-30,18:00,https://www.dmc.gov.lk/images/dmcreports/Situation_Report_on_2020__1598791719.pdf,2450
Drought Situation Report,2020-08-30,18:00,https://www.dmc.gov.lk/images/dmcreports/Drought_Situation_Report_on_2020__1598791737.pdf,2450
Situation Report,2020-08-28,18:00,https://www.dmc.gov.lk/images/dmcreports/Situation_Report_on_2020__1598618881.pdf,2450
Drought Situation Report,2020-08-28,18:00,https://www.dmc.gov.lk/images/dmcreports/Drought_Situation_Report_on_2020__1598618903.pdf,2450
Situation Report,2020-08-25,18:00,https://www.dmc.gov.lk/images/dmcreports/Situation_Report_on_2020__1598360450.pdf,2450
Situation Report,2020-08-25,18:00,https://www.dmc.gov.lk/images/dmcreports/Drought_Situation_Report_on_2020__1598360473.pdf,2450
Situation Report,2020-08-24,18:00,https://www.dmc.gov.lk/images/dmcreports/Drought_Situation_Report_on_2020__1598274264.pdf,2450
Situation Report,2020-08-24,18:00,https://www.dmc.gov.lk/images/dmcreports/Situation_Report_on_2020__1598274288.pdf,2450
Situation Report,2020-08-23,18:00,https://www.dmc.gov.lk/images/dmcreports/Situation_Report_on_2020__1598190700.pdf,2450
Drought Situation Report,2020-08-23,18:00,https://www.dmc.gov.lk/images/dmcreports/Drought_Situation_Report_on_2020__1598190730.pdf,2450
Situation Report,2020-08-22,18:00,https://www.dmc.gov.lk/images/dmcreports/Situation_Report_on_2020__1598103020.pdf,2460
Drought Situation Report,2020-08-22,18:00,https://www.dmc.gov.lk/images/dmcreports/Drought_Situation_Report_on_2020__1598103037.pdf,2460
Situation Report,2020-08-21,18:00,https://www.dmc.gov.lk/images/dmcreports/Situation_Report_on_2020__1598017334.pdf,2460
Drought Situation Report,2020-08-21,18:00,https://www.dmc.gov.lk/images/dmcreports/Drought_Situation_Report_on_2020__1598017363.pdf,2460
Situation Report,2020-08-20,18:00,https://www.dmc.gov.lk/images/dmcreports/Situation_Report_on_2020__1597930640.pdf,2460
Situation Report,2020-08-19,18:00,https://www.dmc.gov.lk/images/dmcreports/Situation_Report_on_2020__1597844408.pdf,2460
Situation Report,2020-08-18,18:00,https://www.dmc.gov.lk/images/dmcreports/Drought_Situation_Report_on_2020__1597759152.pdf,2460
Situation Report,2020-08-18,18:00,https://www.dmc.gov.lk/images/dmcreports/Situation_Report_on_2020__1597759194.pdf,2460
Situation Report,2020-08-17,18:00,https://www.dmc.gov.lk/images/dmcreports/Situation_Report_on_2020__1597668396.pdf,2460
Situation Report,2020-08-17,18:00,https://www.dmc.gov.lk/images/dmcreports/Drought_Situation_Report_on_2020__1597668414.pdf,2460
Drought Situation Report,2020-08-16,18:00,https://www.dmc.gov.lk/images/dmcreports/Drought_Situation_Report_on_2020__1597583108.pdf,2470
Situation Report,2020-08-16,18:00,https://www.dmc.gov.lk/images/dmcreports/Situation_Report_on_2020__1597583141.pdf,2470
Situation Report,2020-08-15,18:00,https://www.dmc.gov.lk/images/dmcreports/Situation_Report_on_2020__1597495023.pdf,2470
Drought Situation Report,2020-08-15,18:00,https://www.dmc.gov.lk/images/dmcreports/Drought_Situation_Report_on_2020__1597495038.pdf,2470
Situation Report,2020-08-14,18:00,https://www.dmc.gov.lk/images/dmcreports/Situation_Report_on_2020__1597408256.pdf,2470
Drought Situation Report,2020-08-14,18:00,https://www.dmc.gov.lk/images/dmcreports/Drought_Situation_Report_on_2020__1597408320.pdf,2470
Situation Report,2020-08-13,18:00,https://www.dmc.gov.lk/images/dmcreports/Situation_Report_on_2020__1597324777.pdf,2470
Situation Report,2020-08-11,18:00,https://www.dmc.gov.lk/images/dmcreports/Situation_Report_on_2020__1597152633.pdf,2470
Situation Report,2020-08-10,18:00,https://www.dmc.gov.lk/images/dmcreports/Situation_Report_on_2020__1597093349.pdf,2470
Situation Report,2020-08-09,18:00,https://www.dmc.gov.lk/images/dmcreports/Situation_Report_on_2020__1596980148.pdf,2470
Situation Report,2020-08-09,18:00,https://www.dmc.gov.lk/images/dmcreports/Drought_Situation_Report_on_2020__1596980183.pdf,2480
Situation Report,2020-08-08,18:00,https://www.dmc.gov.lk/images/dmcreports/Situation_Report_on_2020__1596891805.pdf,2480
Drought Situation Report,2020-08-07,18:00,https://www.dmc.gov.lk/images/dmcreports/Drought_Situation_Report_on_2020__1596807436.pdf,2480
Situation Report,2020-08-07,18:00,https://www.dmc.gov.lk/images/dmcreports/Situation_Report_on_2020__1596807452.pdf,2480
Situation Report,2020-08-06,18:00,https://www.dmc.gov.lk/images/dmcreports/Situation_Report_on_2020__1596720738.pdf,2480
Situation Report,2020-08-05,18:00,https://www.dmc.gov.lk/images/dmcreports/Situation_Report_on_2020__1596631608.pdf,2480
Drought Situation Report,2020-08-05,18:00,https://www.dmc.gov.lk/images/dmcreports/Drought_Situation_Report_on_2020__1596631646.pdf,2480
Situation Report,2020-08-04,18:00,https://www.dmc.gov.lk/images/dmcreports/Situation_Report_on_2020__1596547225.pdf,2480
Situation Report,2020-08-02,18:00,https://www.dmc.gov.lk/images/dmcreports/Situation_Report_on_2020__1596371782.pdf,2480
Drought Situation Report,2020-08-02,18:00,https://www.dmc.gov.lk/images/dmcreports/Drought_Situation_Report_on_2020__1596371813.pdf,2480
Situation Report,2020-08-01,18:00,https://www.dmc.gov.lk/images/dmcreports/Situation_Report_on_2020__1596287883.pdf,2490
Drought Situation Report,2020-08-01,18:00,https://www.dmc.gov.lk/images/dmcreports/Drought_Situation_Report_on_2020__1596287901.pdf,2490
Situation Report,2020-07-31,18:00,https://www.dmc.gov.lk/images/dmcreports/Situation_Report_on_2020__1596205260.pdf,2490
Situation Report,2020-07-31,18:00,https://www.dmc.gov.lk/images/dmcreports/Drought_Situation_Report_on_2020__1596205293.pdf,2490
Situation Report,2020-07-30,18:00,https://www.dmc.gov.lk/images/dmcreports/Situation_Report_on_2020__1596115981.pdf,2490
Drought Situation Report,2020-07-30,18:00,https://www.dmc.gov.lk/images/dmcreports/Drought_Situation_Report_on_2020__1596116001.pdf,2490
Situation Report,2020-07-29,18:00,https://www.dmc.gov.lk/images/dmcreports/Situation_Report_on_2020__1596029176.pdf,2490
Situation Report,2020-07-28,18:00,https://www.dmc.gov.lk/images/dmcreports/Situation_Report_on_2020__1595948114.pdf,2490
Drought Situation Report,2020-07-28,18:00,https://www.dmc.gov.lk/images/dmcreports/Drought_Situation_Report_on_2020__1595948132.pdf,2490
Situation Report,2020-07-27,18:00,https://www.dmc.gov.lk/images/dmcreports/Situation_Report_on_2020__1595854901.pdf,2490
Drought Situation Report,2020-07-27,18:00,https://www.dmc.gov.lk/images/dmcreports/Drought_Situation_Report_on_2020__1595854921.pdf,2500
Situation Report,2020-07-26,18:00,https://www.dmc.gov.lk/images/dmcreports/Situation_Report_on_2020__1595796167.pdf,2500
Situation Report,2020-07-25,18:00,https://www.dmc.gov.lk/images/dmcreports/Situation_Report_on_2020__1595694355.pdf,2500
Drought Situation Report,2020-07-24,18:00,https://www.dmc.gov.lk/images/dmcreports/Drought_Situation_Report_on_2020__1595596661.pdf,2500
Situation Report,2020-07-24,18:00,https://www.dmc.gov.lk/images/dmcreports/Situation_Report_on_2020__1595596686.pdf,2500
Situation Report,2020-07-23,18:00,https://www.dmc.gov.lk/images/dmcreports/Situation_Report_on_2020__1595510274.pdf,2500
Drought Situation Report,2020-07-22,18:00,https://www.dmc.gov.lk/images/dmcreports/Drought_Situation_Report_on_2020__1595427633.pdf,2500
Situation Report,2020-07-22,18:00,https://www.dmc.gov.lk/images/dmcreports/Situation_Report_on_2020__1595427650.pdf,2500
Situation Report,2020-07-21,12:00,https://www.dmc.gov.lk/images/dmcreports/Situation_Report_on_2020__1595316006.pdf,2500
Situation Report,2020-07-21,12:00,https://www.dmc.gov.lk/images/dmcreports/Drought_Situation_Report_on_2020__1595316023.pdf,2500
Situation Report,2020-07-18,18:00,https://www.dmc.gov.lk/images/dmcreports/Situation_Report_on_2020__1595075011.pdf,2510
Drought Situation Report,2020-07-18,18:00,https://www.dmc.gov.lk/images/dmcreports/Drought_Situation_Report_on_2020__1595075029.pdf,2510
Situation Report,2020-07-17,18:00,https://www.dmc.gov.lk/images/dmcreports/Situation_Report_on_2020__1595004107.pdf,2510
Situation Report,2020-07-16,18:00,https://www.dmc.gov.lk/images/dmcreports/Situation_Report_on_2020__1594904724.pdf,2510
Situation Report,2020-07-16,18:00,https://www.dmc.gov.lk/images/dmcreports/Drought_Situation_Report_on_2020__1594904748.pdf,2510
Situation Report,2020-07-15,18:00,https://www.dmc.gov.lk/images/dmcreports/Situation_Report_on_2020__1594823231.pdf,2510
Drought Situation Report,2020-07-15,18:00,https://www.dmc.gov.lk/images/dmcreports/Drought_Situation_Report_on_2020__1594823268.pdf,2510
Situation Report,2020-07-13,18:00,https://www.dmc.gov.lk/images/dmcreports/Situation_Report_on_2020__1594645377.pdf,2510
Drought Situation Report,2020-07-13,18:00,https://www.dmc.gov.lk/images/dmcreports/Drought_Situation_Report_on_2020__1594644952.pdf,2510
Situation Report,2020-07-12,18:00,https://www.dmc.gov.lk/images/dmcreports/Situation_Report_on_2020__1594559309.pdf,2510
Drought Situation Report,2020-07-12,18:00,https://www.dmc.gov.lk/images/dmcreports/Drought_Situation_Report_on_2020__1594559328.pdf,2520
Situation Report,2020-07-11,18:00,https://www.dmc.gov.lk/images/dmcreports/Situation_Report_on_2020__1594471156.pdf,2520
Drought Situation Report,2020-07-11,18:00,https://www.dmc.gov.lk/images/dmcreports/Drought_Situation_Report_on_2020__1594471200.pdf,2520
Drought Situation Report,2020-07-10,18:00,https://www.dmc.gov.lk/images/dmcreports/Drought_Situation_Report_on_2020__1594389084.pdf,2520
Situation Report,2020-07-09,18:00,https://www.dmc.gov.lk/images/dmcreports/Situation_Report_on_2020__1594303110.pdf,2520
Situation Report,2020-07-08,18:00,https://www.dmc.gov.lk/images/dmcreports/Situation_Report_on_2020__1594215406.pdf,2520
Drought Situation Report,2020-07-08,18:00,https://www.dmc.gov.lk/images/dmcreports/Drought_Situation_Report_on_2020__1594215431.pdf,2520
Situation Report,2020-07-07,18:00,https://www.dmc.gov.lk/images/dmcreports/Situation_Report_on_2020__1594128336.pdf,2520
Drought Situation Report,2020-07-07,18:00,https://www.dmc.gov.lk/images/dmcreports/Drought_Situation_Report_on_2020__1594128365.pdf,2520
Situation Report,2020-07-06,18:00,https://www.dmc.gov.lk/images/dmcreports/Situation_Report_on_2020__1594040615.pdf,2520
Drought Situation Report,2020-07-06,18:00,https://www.dmc.gov.lk/images/dmcreports/Drought_Situation_Report_on_2020__1594040633.pdf,2530
Situation Report,2020-07-05,18:00,https://www.dmc.gov.lk/images/dmcreports/Situation_Report_on_2020__1593960725.pdf,2530
Situation Report,2020-07-05,18:00,https://www.dmc.gov.lk/images/dmcreports/Drought_Situation_Report_on_2020__1593960798.pdf,2530
Situation Report,2020-07-04,18:00,https://www.dmc.gov.lk/images/dmcreports/Drought_Situation_Report_on_2020__1593873746.pdf,2530
Situation Report,2020-07-04,18:00,https://www.dmc.gov.lk/images/dmcreports/Situation_Report_on_2020__1593873785.pdf,2530
Situation Report,2020-07-03,18:00,https://www.dmc.gov.lk/images/dmcreports/Situation_Report_on_2020__1593781241.pdf,2530
Situation Report,2020-07-03,18:00,https://www.dmc.gov.lk/images/dmcreports/Situation_Report_on_2020__1593781681.pdf,2530
Situation Report,2020-07-02,18:00,https://www.dmc.gov.lk/images/dmcreports/Situation_Report_on_2020__1593697804.pdf,2530
Situation Report,2020-07-01,18:00,https://www.dmc.gov.lk/images/dmcreports/Situation_Report_on_2020__1593609207.pdf,2530
Situation Report,2020-06-30,18:00,https://www.dmc.gov.lk/images/dmcreports/Situation_Report_on_2020__1593523719.pdf,2540
Situation Report,2020-06-29,18:00,https://www.dmc.gov.lk/images/dmcreports/Situation_Report_on_2020__1593442824.pdf,2540
Situation Report,2020-06-26,18:00,https://www.dmc.gov.lk/images/dmcreports/Situation_Report_on_2020__1593177415.pdf,2540
Situation Report,2020-06-21,18:00,https://www.dmc.gov.lk/images/dmcreports/Situation_Report_on_2020__1592744319.pdf,2540
Situation Report,2020-06-20,18:00,https://www.dmc.gov.lk/images/dmcreports/Situation_Report_on_2020__1592659323.pdf,2540
Situation Report,2020-06-19,18:00,https://www.dmc.gov.lk/images/dmcreports/Situation_Report_on_2020__1592573036.pdf,2540
Situation Report,2020-06-18,18:00,https://www.dmc.gov.lk/images/dmcreports/Situation_Report_on_2020__1592486230.pdf,2540
Situation Report,2020-06-17,18:00,https://www.dmc.gov.lk/images/dmcreports/Situation_Report_on_2020__1592400852.pdf,2540
Situation Report,2020-06-16,18:00,https://www.dmc.gov.lk/images/dmcreports/Situation_Report_on_2020__1592317759.pdf,2540
Situation Report,2020-06-10,18:00,https://www.dmc.gov.lk/images/dmcreports/Situation_Report_on_2020__1591795767.pdf,2540
Situation Report,2020-06-06,18:00,https://www.dmc.gov.lk/images/dmcreports/Situation_Report_on_2020__1591450264.pdf,2550
Situation Report,2020-05-28,18:00,https://www.dmc.gov.lk/images/dmcreports/Situation_Report_on_2020__1590674842.pdf,2550
Situation Report,2020-05-27,18:00,https://www.dmc.gov.lk/images/dmcreports/Situation_Report_on_2020__1590595555.pdf,2550
Situation Report,2020-05-26,18:00,https://www.dmc.gov.lk/images/dmcreports/Situation_Report_on_2020__1590496726.pdf,2550
Situation Report,2020-05-25,18:00,https://www.dmc.gov.lk/images/dmcreports/Situation_Report_on_2020__1590422488.pdf,2550
Situation Report,2020-05-25,09:00,https://www.dmc.gov.lk/images/dmcreports/Situation_Report_on_2020__1590382657.pdf,2550
Situation Report,2020-05-24,18:00,https://www.dmc.gov.lk/images/dmcreports/Situation_Report_on_2020__1590326646.pdf,2550
Situation Report,2020-05-23,18:00,https://www.dmc.gov.lk/images/dmcreports/Situation_Report_on_2020__1590242624.pdf,2550
Situation Report,2020-05-22,18:00,https://www.dmc.gov.lk/images/dmcreports/Situation_Report_on_2020__1590158997.pdf,2550
Situation Report,2020-05-21,18:00,https://www.dmc.gov.lk/images/dmcreports/Situation_Report_on_2020__1590071443.pdf,2550
Situation Report,2020-05-20,18:00,https://www.dmc.gov.lk/images/dmcreports/Situation_Report_on_2020__1589978493.pdf,2560
Situation Report,2020-05-19,18:00,https://www.dmc.gov.lk/images/dmcreports/Situation_Report_on_2020__1589903520.pdf,2560
Situation Report,2020-05-18,18:00,https://www.dmc.gov.lk/images/dmcreports/Situation_Report_on_2020__1589821373.pdf,2560
Situation Report,2020-05-17,18:00,https://www.dmc.gov.lk/images/dmcreports/Situation_Report_on_2020__1589730120.pdf,2560
Situation Report,2020-05-16,18:00,https://www.dmc.gov.lk/images/dmcreports/Situation_Report_on_2020__1589636344.pdf,2560
Situation Report,2020-05-16,09:00,https://www.dmc.gov.lk/images/dmcreports/Situation_Report_on_2020__1589619698.pdf,2560
Situation Report,2020-05-14,18:00,https://www.dmc.gov.lk/images/dmcreports/Situation_Report_on_2020__1589465598.pdf,2560
Situation Report,2020-05-13,18:00,https://www.dmc.gov.lk/images/dmcreports/Situation_Report_on_2020__1589377157.pdf,2560
Situation Report,2020-05-12,18:00,https://www.dmc.gov.lk/images/dmcreports/Situation_Report_on_2020__1589291333.pdf,2560
Situation Report,2020-05-10,18:00,https://www.dmc.gov.lk/images/dmcreports/Situation_Report_on_2020__1589115094.pdf,2560
Situation Report,2020-05-10,12:00,https://www.dmc.gov.lk/images/dmcreports/Situation_Report_on_2020__1589095355.pdf,2570
Drought Situation Report,2020-05-10,12:00,https://www.dmc.gov.lk/images/dmcreports/Drought_Situation_Report_on_2020__1589095373.pdf,2570
Situation Report,2020-05-09,18:00,https://www.dmc.gov.lk/images/dmcreports/Situation_Report_on_2020__1589030836.pdf,2570
Drought Situation Report,2020-05-09,18:00,https://www.dmc.gov.lk/images/dmcreports/Drought_Situation_Report_on_2020__1589030856.pdf,2570
Situation Report,2020-05-09,12:00,https://www.dmc.gov.lk/images/dmcreports/Situation_Report_on_2020__1589008004.pdf,2570
Drought Situation Report,2020-05-09,12:00,https://www.dmc.gov.lk/images/dmcreports/Drought_Situation_Report_on_2020__1589008034.pdf,2570
Situation Report,2020-05-07,18:00,https://www.dmc.gov.lk/images/dmcreports/Situation_Report_on_2020__1588862456.pdf,2570
Drought Situation Report,2020-05-07,18:00,https://www.dmc.gov.lk/images/dmcreports/Drought_Situation_Report_on_2020__1588862473.pdf,2570
Situation Report,2020-05-06,18:00,https://www.dmc.gov.lk/images/dmcreports/Situation_Report_on_2020__1588770272.pdf,2570
Situation Report,2020-05-06,18:00,https://www.dmc.gov.lk/images/dmcreports/Drought_Situation_Report_on_2020__1588770300.pdf,2570
Situation Report,2020-05-05,18:00,https://www.dmc.gov.lk/images/dmcreports/Situation_Report_on_2020__1588700429.pdf,2580
Drought Situation Report,2020-05-05,18:00,https://www.dmc.gov.lk/images/dmcreports/Drought_Situation_Report_on_2020__1588700461.pdf,2580
Situation Report,2020-05-04,18:00,https://www.dmc.gov.lk/images/dmcreports/Situation_Report_on_2020__1588602662.pdf,2580
Drought Situation Report,2020-05-04,18:00,https://www.dmc.gov.lk/images/dmcreports/Drought_Situation_Report_on_2020__1588602690.pdf,2580
Situation Report,2020-05-02,18:00,https://www.dmc.gov.lk/images/dmcreports/Situation_Report_on_2020__1588426492.pdf,2580
Drought Situation Report,2020-05-02,18:00,https://www.dmc.gov.lk/images/dmcreports/Drought_Situation_Report_on_2020__1588426512.pdf,2580
Situation Report,2020-05-01,18:00,https://www.dmc.gov.lk/images/dmcreports/Situation_Report_on_2020__1588344786.pdf,2580
Drought Situation Report,2020-05-01,18:00,https://www.dmc.gov.lk/images/dmcreports/Drought_Situation_Report_on_2020__1588344810.pdf,2580
Situation Report,2020-04-30,18:00,https://www.dmc.gov.lk/images/dmcreports/Situation_Report_on_2020__1588297976.pdf,2580
Drought Situation Report,2020-04-30,18:00,https://www.dmc.gov.lk/images/dmcreports/Drought_Situation_Report_on_2020__1588298036.pdf,2580
Situation Report,2020-04-25,09:00,https://www.dmc.gov.lk/images/dmcreports/Situation_Report_on_2020__1587793794.pdf,2590
Drought Situation Report,2020-04-25,09:00,https://www.dmc.gov.lk/images/dmcreports/Drought_Situation_Report_on_2020__1587793836.pdf,2590
Situation Report,2020-04-22,18:00,https://www.dmc.gov.lk/images/dmcreports/Situation_Report_on_2020__1587571688.pdf,2590
Drought Situation Report,2020-04-22,18:00,https://www.dmc.gov.lk/images/dmcreports/Drought_Situation_Report_on_2020__1587571709.pdf,2590
Situation Report,2020-04-20,18:00,https://www.dmc.gov.lk/images/dmcreports/Situation_Report_on_2020__1587328941.pdf,2590
Situation Report,2020-04-20,18:00,https://www.dmc.gov.lk/images/dmcreports/Situation_Report_on_2020__1587401949.pdf,2590
Situation Report,2020-04-18,18:00,https://www.dmc.gov.lk/images/dmcreports/Situation_Report_on_2020__1587216173.pdf,2590
Situation Report,2020-04-16,18:00,https://www.dmc.gov.lk/images/dmcreports/Situation_Report_on_2020__1587046387.pdf,2590
Situation Report,2020-04-15,18:00,https://www.dmc.gov.lk/images/dmcreports/Situation_Report_on_2020__1586963941.pdf,2590
Situation Report,2020-04-13,18:00,https://www.dmc.gov.lk/images/dmcreports/Situation_Report_on_2020__1586783291.pdf,2590
Situation Report,2020-04-09,18:00,https://www.dmc.gov.lk/images/dmcreports/Situation_Report_on_2020__1586439048.pdf,2600
Situation Report,2020-04-08,18:00,https://www.dmc.gov.lk/images/dmcreports/Situation_Report_on_2020__1586356716.pdf,2600
Situation Report,2020-04-05,18:00,https://www.dmc.gov.lk/images/dmcreports/Situation_Report_on_2020__1586091173.pdf,2600
Situation Report,2020-04-02,18:00,https://www.dmc.gov.lk/images/dmcreports/Situation_Report_on_2020__1585831718.pdf,2600
Situation Report,2020-04-01,18:00,https://www.dmc.gov.lk/images/dmcreports/Situation_Report_on_2020__1585747623.pdf,2600
Situation Report,2020-03-29,18:00,https://www.dmc.gov.lk/images/dmcreports/Situation_Report_on_2020__1585485908.pdf,2600
Situation Report,2020-03-28,18:00,https://www.dmc.gov.lk/images/dmcreports/Situation_Report_on_2020__1585409630.pdf,2600
Situation Report,2020-03-23,18:00,https://www.dmc.gov.lk/images/dmcreports/Situation_Report_on_2020__1584969941.pdf,2600
Situation Report,2020-03-22,18:00,https://www.dmc.gov.lk/images/dmcreports/Situation_Report_on_2020__1584885838.pdf,2600
Situation Report,2020-03-21,18:00,https://www.dmc.gov.lk/images/dmcreports/Situation_Report_on_2020__1584796585.pdf,2600
Situation Report,2020-03-20,09:00,https://www.dmc.gov.lk/images/dmcreports/Situation_Report_on_2020__1584697233.pdf,2610
Situation Report,2020-03-19,09:00,https://www.dmc.gov.lk/images/dmcreports/Situation_Report_on_2020__1584589114.pdf,2610
Situation Report,2020-03-18,18:00,https://www.dmc.gov.lk/images/dmcreports/Situation_Report_on_2020__1584541623.pdf,2610
Situation Report,2020-03-18,09:00,https://www.dmc.gov.lk/images/dmcreports/Situation_Report_on_2020__1584502747.pdf,2610
Situation Report,2020-03-17,18:00,https://www.dmc.gov.lk/images/dmcreports/Situation_Report_on_2020__1584456547.pdf,2610
Situation Report,2020-03-16,18:00,https://www.dmc.gov.lk/images/dmcreports/Situation_Report_on_2020__1584361964.pdf,2610
Situation Report,2020-03-16,09:00,https://www.dmc.gov.lk/images/dmcreports/Situation_Report_on_2020__1584335975.pdf,2610
Situation Report,2020-03-15,18:00,https://www.dmc.gov.lk/images/dmcreports/Situation_Report_on_2020__1584280706.pdf,2610
Situation Report,2020-03-15,09:00,https://www.dmc.gov.lk/images/dmcreports/Situation_Report_on_2020__1584242668.pdf,2610
Situation Report,2020-03-15,09:00,https://www.dmc.gov.lk/images/dmcreports/Situation_Report_on_2020__1584246484.pdf,2610
Situation Report,2020-03-14,09:00,https://www.dmc.gov.lk/images/dmcreports/Situation_Report_on_2020__1584157696.pdf,2620
Situation Report,2020-03-13,18:00,https://www.dmc.gov.lk/images/dmcreports/Situation_Report_on_2020__1584105198.pdf,2620
Situation Report,2020-03-13,09:00,https://www.dmc.gov.lk/images/dmcreports/Situation_Report_on_2020__1584071733.pdf,2620
Situation Report,2020-03-12,18:00,https://www.dmc.gov.lk/images/dmcreports/Situation_Report_on_2020__1584017483.pdf,2620
Situation Report,2020-03-11,18:00,https://www.dmc.gov.lk/images/dmcreports/Situation_Report_on_2020__1583930127.pdf,2620
Situation Report,2020-03-11,09:00,https://www.dmc.gov.lk/images/dmcreports/Situation_Report_on_2020__1583898320.pdf,2620
Situation Report,2020-03-10,18:00,https://www.dmc.gov.lk/images/dmcreports/Situation_Report_on_2020__1583844161.pdf,2620
Situation Report,2020-03-10,09:00,https://www.dmc.gov.lk/images/dmcreports/Situation_Report_on_2020__1583812619.pdf,2620
Situation Report,2020-03-09,18:00,https://www.dmc.gov.lk/images/dmcreports/Situation_Report_on_2020__1583758599.pdf,2620
Situation Report,2020-03-08,18:00,https://www.dmc.gov.lk/images/dmcreports/Situation_Report_on_2020__1583673915.pdf,2630
Situation Report,2020-03-08,09:00,https://www.dmc.gov.lk/images/dmcreports/Situation_Report_on_2020__1583648361.pdf,2630
Situation Report,2020-03-07,18:00,https://www.dmc.gov.lk/images/dmcreports/Situation_Report_on_2020__1583585476.pdf,2630
Situation Report,2020-03-07,09:00,https://www.dmc.gov.lk/images/dmcreports/Situation_Report_on_2020__1583552767.pdf,2630
Situation Report,2020-03-06,18:00,https://www.dmc.gov.lk/images/dmcreports/Situation_Report_on_2020__1583503385.pdf,2630
Situation Report,2020-03-06,09:00,https://www.dmc.gov.lk/images/dmcreports/Situation_Report_on_2020__1583466948.pdf,2630
Situation Report,2020-03-05,18:00,https://www.dmc.gov.lk/images/dmcreports/Situation_Report_on_2020__1583419858.pdf,2630
Situation Report,2020-03-05,12:00,https://www.dmc.gov.lk/images/dmcreports/1200hrs__1583394865.pdf,2630
Situation Report,2020-03-04,18:00,https://www.dmc.gov.lk/images/dmcreports/Situation_Report_on_2020__1583326083.pdf,2630
Situation Report,2020-03-03,18:00,https://www.dmc.gov.lk/images/dmcreports/Situation_Report_on_2020__1583243895.pdf,2630
Situation Report,2020-03-03,09:00,https://www.dmc.gov.lk/images/dmcreports/Situation_Report_on_2020__1583206889.pdf,2640
Situation Report,2020-03-02,18:00,https://www.dmc.gov.lk/images/dmcreports/Situation_Report_on_2020__1583154374.pdf,2640
Situation Report,2020-03-02,09:00,https://www.dmc.gov.lk/images/dmcreports/Situation_Report_on_2020__1583121249.pdf,2640
Situation Report,2020-03-01,18:00,https://www.dmc.gov.lk/images/dmcreports/Situation_Report_on_2020__1583066641.pdf,2640
Situation Report,2020-02-29,18:00,https://www.dmc.gov.lk/images/dmcreports/Situation_Report_on_2020__1582983079.pdf,2640
Situation Report,2020-02-29,09:00,https://www.dmc.gov.lk/images/dmcreports/Situation_Report_on_2020__1582948098.pdf,2640
Situation Report,2020-02-28,18:00,https://www.dmc.gov.lk/images/dmcreports/Situation_Report_on_2020__1582894943.pdf,2640
Situation Report,2020-02-27,18:00,https://www.dmc.gov.lk/images/dmcreports/Situation_Report_on_2020__1582809694.pdf,2640
Situation Report,2020-02-27,09:00,https://www.dmc.gov.lk/images/dmcreports/Situation_Report_on_2020__1582777273.pdf,2640
Situation Report,2020-02-26,18:00,https://www.dmc.gov.lk/images/dmcreports/Situation_Report_on_2020__1582721105.pdf,2640
Situation Report,2020-02-26,09:00,https://www.dmc.gov.lk/images/dmcreports/Situation_Report_on_2020__1582688809.pdf,2650
Situation Report,2020-02-25,18:00,https://www.dmc.gov.lk/images/dmcreports/Situation_Report_on_2020__1582635627.pdf,2650
Situation Report,2020-02-25,09:00,https://www.dmc.gov.lk/images/dmcreports/Situation_Report_on_2020__1582601843.pdf,2650
Situation Report,2020-02-24,18:00,https://www.dmc.gov.lk/images/dmcreports/Situation_Report_on_2020__1582548817.pdf,2650
Situation Report,2020-02-24,09:00,https://www.dmc.gov.lk/images/dmcreports/Situation_Report_on_2020__1582516529.pdf,2650
Situation Report,2020-02-23,18:00,https://www.dmc.gov.lk/images/dmcreports/Situation_Report_on_2020__1582462312.pdf,2650
Situation Report,2020-02-23,09:00,https://www.dmc.gov.lk/images/dmcreports/Situation_Report_on_2020__1582429164.pdf,2650
Situation Report,2020-02-22,18:00,https://www.dmc.gov.lk/images/dmcreports/Situation_Report_on_2020__1582375816.pdf,2650
Situation Report,2020-02-22,09:00,https://www.dmc.gov.lk/images/dmcreports/Situation_Report_on_2020__1582346859.pdf,2650
Situation Report,2020-02-21,18:00,https://www.dmc.gov.lk/images/dmcreports/Situation_Report_on_2020__1582293186.pdf,2650
Situation Report,2020-02-21,09:00,https://www.dmc.gov.lk/images/dmcreports/Situation_Report_on_2020__1582258343.pdf,2660
Situation Report,2020-02-20,18:00,https://www.dmc.gov.lk/images/dmcreports/Situation_Report_on_2020__1582206019.pdf,2660
Situation Report,2020-02-20,09:00,https://www.dmc.gov.lk/images/dmcreports/Situation_Report_on_2020__1582175402.pdf,2660
Situation Report,2020-02-20,09:00,https://www.dmc.gov.lk/images/dmcreports/Situation_Report_on_2020__1582175846.pdf,2660
Situation Report,2020-02-19,19:00,https://www.dmc.gov.lk/images/dmcreports/Situation_Report_on_2020__1582117649.pdf,2660
Situation Report,2020-02-19,09:00,https://www.dmc.gov.lk/images/dmcreports/Situation_Report_on_2020__1582083503.pdf,2660
Situation Report,2020-02-18,18:00,https://www.dmc.gov.lk/images/dmcreports/Situation_Report_on_2020__1582034909.pdf,2660
Situation Report,2020-02-18,09:00,https://www.dmc.gov.lk/images/dmcreports/Situation_Report_on_2020__1581997407.pdf,2660
Situation Report,2020-02-17,09:00,https://www.dmc.gov.lk/images/dmcreports/Situation_Report_on_2020__1581913647.pdf,2660
Situation Report,2020-02-16,18:00,https://www.dmc.gov.lk/images/dmcreports/Situation_Report_on_2020__1581857402.pdf,2660
Situation Report,2020-02-16,09:00,https://www.dmc.gov.lk/images/dmcreports/Situation_Report_on_2020__1581827377.pdf,2670
Situation Report,2020-02-15,18:00,https://www.dmc.gov.lk/images/dmcreports/Situation_Report_on_2020__1581770118.pdf,2670
Situation Report,2020-02-15,09:00,https://www.dmc.gov.lk/images/dmcreports/Situation_Report_on_2020__1581739377.pdf,2670
Situation Report,2020-02-14,18:00,https://www.dmc.gov.lk/images/dmcreports/Situation_Report_on_2020__1581683532.pdf,2670
Situation Report,2020-02-14,09:00,https://www.dmc.gov.lk/images/dmcreports/Situation_Report_on_2020__1581651926.pdf,2670
Situation Report,2020-02-13,18:00,https://www.dmc.gov.lk/images/dmcreports/Situation_Report_on_2020__1581604857.pdf,2670
Situation Report,2020-02-13,09:00,https://www.dmc.gov.lk/images/dmcreports/Situation_Report_on_2020__1581568930.pdf,2670
Situation Report,2020-02-12,18:00,https://www.dmc.gov.lk/images/dmcreports/Situation_Report_on_2020__1581516718.pdf,2670
Situation Report,2020-02-11,18:00,https://www.dmc.gov.lk/images/dmcreports/Situation_Report_on_2020__1581426330.pdf,2670
Situation Report,2020-02-10,18:00,https://www.dmc.gov.lk/images/dmcreports/Situation_Report_on_2020__1581340386.pdf,2670
Situation Report,2020-02-10,09:00,https://www.dmc.gov.lk/images/dmcreports/Situation_Report_on_2020__1581308820.pdf,2680
Situation Report,2020-02-09,18:00,https://www.dmc.gov.lk/images/dmcreports/Situation_Report_on_2020__1581261248.pdf,2680
Situation Report,2020-02-09,09:00,https://www.dmc.gov.lk/images/dmcreports/Situation_Report_on_2020__1581222852.pdf,2680
Situation Report,2020-02-08,18:00,https://www.dmc.gov.lk/images/dmcreports/Situation_Report_on_2020__1581166351.pdf,2680
Situation Report,2020-02-08,09:00,https://www.dmc.gov.lk/images/dmcreports/Situation_Report_on_2020__1581134412.pdf,2680
Situation Report,2020-02-07,18:00,https://www.dmc.gov.lk/images/dmcreports/Situation_Report_on_2020__1581081150.pdf,2680
Situation Report,2020-02-06,18:00,https://www.dmc.gov.lk/images/dmcreports/Situation_Report_on_2020__1580993591.pdf,2680
Situation Report,2020-02-06,09:00,https://www.dmc.gov.lk/images/dmcreports/Situation_Report_on_2020__1580962800.pdf,2680
Situation Report,2020-02-05,18:00,https://www.dmc.gov.lk/images/dmcreports/Situation_Report_on_2020__1580911311.pdf,2680
Situation Report,2020-02-05,09:00,https://www.dmc.gov.lk/images/dmcreports/Situation_Report_on_2020__1580876699.pdf,2680
Situation Report,2020-02-04,18:00,https://www.dmc.gov.lk/images/dmcreports/Situation_Report_on_2020__1580821315.pdf,2690
Situation Report,2020-02-04,09:00,https://www.dmc.gov.lk/images/dmcreports/Situation_Report_on_2020__1580787195.pdf,2690
Situation Report,2020-02-03,18:00,https://www.dmc.gov.lk/images/dmcreports/Situation_Report_on_2020__1580733028.pdf,2690
Situation Report,2020-02-03,09:00,https://www.dmc.gov.lk/images/dmcreports/Situation_Report_on_2020__1580701386.pdf,2690
Situation Report,2020-02-02,18:00,https://www.dmc.gov.lk/images/dmcreports/Situation_Report_on_2020__1580647738.pdf,2690
Situation Report,2020-02-02,09:00,https://www.dmc.gov.lk/images/dmcreports/Situation_Report_on_2020__1580615749.pdf,2690
Situation Report,2020-02-01,18:00,https://www.dmc.gov.lk/images/dmcreports/Situation_Report_on_2020__1580561114.pdf,2690
Situation Report,2020-02-01,09:00,https://www.dmc.gov.lk/images/dmcreports/Situation_Report_on_2020__1580529380.pdf,2690
Situation Report,2020-01-31,18:00,https://www.dmc.gov.lk/images/dmcreports/Situation_Report_on_2020__1580475112.pdf,2690
Situation Report,2020-01-31,09:00,https://www.dmc.gov.lk/images/dmcreports/Situation_Report_on_2020__1580441868.pdf,2690
Situation Report,2020-01-30,18:00,https://www.dmc.gov.lk/images/dmcreports/Situation_Report_on_2020__1580387905.pdf,2700
Situation Report,2020-01-30,09:00,https://www.dmc.gov.lk/images/dmcreports/Situation_Report_on_2020__1580357268.pdf,2700
Situation Report,2020-01-29,18:00,https://www.dmc.gov.lk/images/dmcreports/Situation_Report_on_2020__1580301335.pdf,2700
Situation Report,2020-01-28,18:00,https://www.dmc.gov.lk/images/dmcreports/Situation_Report_on_2020__1580216034.pdf,2700
Situation Report,2020-01-28,18:00,https://www.dmc.gov.lk/images/dmcreports/Situation_Report_on_2020__1580216347.pdf,2700
Situation Report,2020-01-28,09:00,https://www.dmc.gov.lk/images/dmcreports/Situation_Report_on_2020__1580182565.pdf,2700
Situation Report,2020-01-27,18:00,https://www.dmc.gov.lk/images/dmcreports/Situation_Report_on_2020__1580128455.pdf,2700
Situation Report,2020-01-27,09:00,https://www.dmc.gov.lk/images/dmcreports/Situation_Report_on_2020__1580099225.pdf,2700
Situation Report,2020-01-26,18:00,https://www.dmc.gov.lk/images/dmcreports/Situation_Report_on_2020__1580042585.pdf,2700
Situation Report,2020-01-26,09:00,https://www.dmc.gov.lk/images/dmcreports/Situation_Report_on_2020__1580011728.pdf,2700
Situation Report,2020-01-25,18:00,https://www.dmc.gov.lk/images/dmcreports/Situation_Report_on_2020__1579956463.pdf,2710
Situation Report,2020-01-24,18:00,https://www.dmc.gov.lk/images/dmcreports/Situation_Report_on_2020__1579870749.pdf,2710
Situation Report,2020-01-24,09:00,https://www.dmc.gov.lk/images/dmcreports/Situation_Report_on_2020__1579836798.pdf,2710
Situation Report,2020-01-23,18:00,https://www.dmc.gov.lk/images/dmcreports/Situation_Report_on_2020__1579810799.pdf,2710
Situation Report,2020-01-23,09:00,https://www.dmc.gov.lk/images/dmcreports/Situation_Report_on_2020__1579751362.pdf,2710
Situation Report,2020-01-22,18:00,https://www.dmc.gov.lk/images/dmcreports/Situation_Report_on_2020__1579698565.pdf,2710
Situation Report,2020-01-22,09:00,https://www.dmc.gov.lk/images/dmcreports/Situation_Report_on_2020__1579670083.pdf,2710
Situation Report,2020-01-21,18:00,https://www.dmc.gov.lk/images/dmcreports/Situation_Report_on_2020__1579610993.pdf,2710
Situation Report,2020-01-21,09:00,https://www.dmc.gov.lk/images/dmcreports/Situation_Report_on_2020__1579578673.pdf,2710
Situation Report,2020-01-20,18:00,https://www.dmc.gov.lk/images/dmcreports/Situation_Report_on_2020__1579528784.pdf,2710
Situation Report,2020-01-20,09:00,https://www.dmc.gov.lk/images/dmcreports/Situation_Report_on_2020__1579491725.pdf,2720
Situation Report,2020-01-19,18:00,https://www.dmc.gov.lk/images/dmcreports/Situation_Report_on_2020__1579437605.pdf,2720
Situation Report,2020-01-19,09:00,https://www.dmc.gov.lk/images/dmcreports/Situation_Report_on_2020__1579406946.pdf,2720
Situation Report,2020-01-18,18:00,https://www.dmc.gov.lk/images/dmcreports/Situation_Report_on_2020__1579351322.pdf,2720
Situation Report,2020-01-18,09:00,https://www.dmc.gov.lk/images/dmcreports/Situation_Report_on_2020__1579319376.pdf,2720
Situation Report,2020-01-17,18:00,https://www.dmc.gov.lk/images/dmcreports/Situation_Report_on_2020__1579267585.pdf,2720
Situation Report,2020-01-16,18:00,https://www.dmc.gov.lk/images/dmcreports/Situation_Report_on_2020__1579179012.pdf,2720
Situation Report,2020-01-16,09:00,https://www.dmc.gov.lk/images/dmcreports/Situation_Report_on_2020__1579147058.pdf,2720
Situation Report,2020-01-15,18:00,https://www.dmc.gov.lk/images/dmcreports/Situation_Report_on_2020__1579094232.pdf,2720
Situation Report,2020-01-15,09:00,https://www.dmc.gov.lk/images/dmcreports/Situation_Report_on_2020__1579059208.pdf,2720
Situation Report,2020-01-14,18:00,https://www.dmc.gov.lk/images/dmcreports/Situation_Report_on_2020__1579005512.pdf,2730
Situation Report,2020-01-14,09:00,https://www.dmc.gov.lk/images/dmcreports/Situation_Report_on_2020__1578974365.pdf,2730
Situation Report,2020-01-13,18:00,https://www.dmc.gov.lk/images/dmcreports/Situation_Report_on_2020__1578918654.pdf,2730
Situation Report,2020-01-13,09:00,https://www.dmc.gov.lk/images/dmcreports/Situation_Report_on_2020__1578886331.pdf,2730
Situation Report,2020-01-12,18:00,https://www.dmc.gov.lk/images/dmcreports/Situation_Report_on_2020__1578832918.pdf,2730
Situation Report,2020-01-10,18:00,https://www.dmc.gov.lk/images/dmcreports/Situation_Report_on_2020__1578668455.pdf,2730
Situation Report,2020-01-09,18:00,https://www.dmc.gov.lk/images/dmcreports/Situation_Report_on_2020__1578574013.pdf,2730
Situation Report,2020-01-09,09:00,https://www.dmc.gov.lk/images/dmcreports/Situation_Report_on_2020__1578544690.pdf,2730
Situation Report,2020-01-08,18:00,https://www.dmc.gov.lk/images/dmcreports/Situation_Report_on_2020__1578488786.pdf,2730
Situation Report,2020-01-08,09:00,https://www.dmc.gov.lk/images/dmcreports/Situation_Report_on_2020__1578455106.pdf,2730
Situation Report,2020-01-07,18:00,https://www.dmc.gov.lk/images/dmcreports/Situation_Report_on_2020__1578401321.pdf,2740
Situation Report,2020-01-07,09:00,https://www.dmc.gov.lk/images/dmcreports/Situation_Report_on_2020__1578373688.pdf,2740
Situation Report,2020-01-06,18:00,https://www.dmc.gov.lk/images/dmcreports/Situation_Report_on_2020__1578316969.pdf,2740
Situation Report,2020-01-06,09:00,https://www.dmc.gov.lk/images/dmcreports/Situation_Report_on_2020__1578287891.pdf,2740
Situation Report,2020-01-05,18:00,https://www.dmc.gov.lk/images/dmcreports/Situation_Report_on_2020__1578227917.pdf,2740
Situation Report,2020-01-05,09:00,https://www.dmc.gov.lk/images/dmcreports/Situation_Report_on_2020__1578201914.pdf,2740
Situation Report,2020-01-04,18:00,https://www.dmc.gov.lk/images/dmcreports/Situation_Report_on_2020__1578142979.pdf,2740
Situation Report,2020-01-04,09:00,https://www.dmc.gov.lk/images/dmcreports/Situation_Report_on_2020__1578109726.pdf,2740
Situation Report,2020-01-03,18:00,https://www.dmc.gov.lk/images/dmcreports/Situation_Report_on_2020__1578056973.pdf,2740
Situation Report,2020-01-03,09:00,https://www.dmc.gov.lk/images/dmcreports/Situation_Report_on_2020__1578025402.pdf,2740
Situation Report,2020-01-02,18:00,https://www.dmc.gov.lk/images/dmcreports/Situation_Report_on_2020__1577971321.pdf,2750
Situation Report,2020-01-02,09:00,https://www.dmc.gov.lk/images/dmcreports/Situation_Report_on_2020__1577939941.pdf,2750
Situation Report,2020-01-01,18:00,https://www.dmc.gov.lk/images/dmcreports/Situation_Report_on_2020__1577882809.pdf,2750
Situation Report,2019-12-31,18:00,https://www.dmc.gov.lk/images/dmcreports/Situation_Report_on_2019__1577805093.pdf,2750
Situation Report,2019-12-31,09:00,https://www.dmc.gov.lk/images/dmcreports/Situation_Report_on_2019__1577766107.pdf,2750
Situation Report,2019-12-30,18:00,https://www.dmc.gov.lk/images/dmcreports/Situation_Report_on_2019__1577710633.pdf,2750
Situation Report,2019-12-30,09:00,https://www.dmc.gov.lk/images/dmcreports/Situation_Report_on_2019__1577679287.pdf,2750
Situation Report,2019-12-29,09:00,https://www.dmc.gov.lk/images/dmcreports/Situation_Report_on_2019__1577591159.pdf,2750
Situation Report,2019-12-28,18:00,https://www.dmc.gov.lk/images/dmcreports/Situation_Report_on_2019__1577537941.pdf,2750
Situation Report,2019-12-28,09:00,https://www.dmc.gov.lk/images/dmcreports/Situation_Report_on_2019__1577504234.pdf,2750
Situation Report,2019-12-27,18:00,https://www.dmc.gov.lk/images/dmcreports/Situation_Report_on_2019__1577450958.pdf,2760
Situation Report,2019-12-27,09:00,https://www.dmc.gov.lk/images/dmcreports/Situation_Report_on_2019__1577422997.pdf,2760
Situation Report,2019-12-26,18:00,https://www.dmc.gov.lk/images/dmcreports/Situation_Report_on_2019__1577363765.pdf,2760
Situation Report,2019-12-26,09:00,https://www.dmc.gov.lk/images/dmcreports/Situation_Report_on_2019__1577332404.pdf,2760
Situation Report,2019-12-25,19:00,https://www.dmc.gov.lk/images/dmcreports/Situation_Report_on_2019__1577283019.pdf,2760
Situation Report,2019-12-25,09:00,https://www.dmc.gov.lk/images/dmcreports/Situation_Report_on_2019__1577253377.pdf,2760
Situation Report,2019-12-24,09:00,https://www.dmc.gov.lk/images/dmcreports/Daily_Situation_Report_on_2019__1577168286.pdf,2760
Situation Report,2019-12-23,09:00,https://www.dmc.gov.lk/images/dmcreports/Situation_Report_on_2019__1577075160.pdf,2760
Situation Report,2019-12-22,18:00,https://www.dmc.gov.lk/images/dmcreports/Situation_Report_on_2019__1577019246.pdf,2760
Situation Report,2019-12-22,09:00,https://www.dmc.gov.lk/images/dmcreports/Situation_Report_on_2019__1576988759.pdf,2760
Situation Report,2019-12-21,18:00,https://www.dmc.gov.lk/images/dmcreports/Situation_Report_on_2019__1576932087.pdf,2770
Situation Report,2019-12-21,09:00,https://www.dmc.gov.lk/images/dmcreports/Situation_Report_on_2019__1576901145.pdf,2770
Situation Report Summary,2019-12-20,22:00,https://www.dmc.gov.lk/images/dmcreports/Situation_Summery_1800hrs_20122019edited3__1576862826.pdf,2770
Situation Report,2019-12-20,18:00,https://www.dmc.gov.lk/images/dmcreports/Situation_Report_on_2019__1576847242.pdf,2770
Situation Report,2019-12-20,09:00,https://www.dmc.gov.lk/images/dmcreports/Situation_Report_on_2019__1576816090.pdf,2770
Situation Report,2019-12-19,18:00,https://www.dmc.gov.lk/images/dmcreports/Situation_Report_on_2019__1576769583.pdf,2770
Situation Report,2019-12-19,12:00,https://www.dmc.gov.lk/images/dmcreports/Situation_Report_on_2019__1576739354.pdf,2770
Situation Report,2019-12-19,09:00,https://www.dmc.gov.lk/images/dmcreports/Situation_Report_on_2019__1576727472.pdf,2770
Situation Report,2019-12-18,18:00,https://www.dmc.gov.lk/images/dmcreports/Situation_Report_on_2019__1576673232.pdf,2770
Situation Report,2019-12-18,12:00,https://www.dmc.gov.lk/images/dmcreports/Situation_Report_on_2019__1576652946.pdf,2770
Situation Report,2019-12-18,09:00,https://www.dmc.gov.lk/images/dmcreports/Situation_Report_on_2019__1576647199.pdf,2780
Situation Report,2019-12-17,18:00,https://www.dmc.gov.lk/images/dmcreports/Situation_Report_on_2019__1576596024.pdf,2780
Situation Report,2019-12-17,12:00,https://www.dmc.gov.lk/images/dmcreports/Situation_Report_on_2019__1576565065.pdf,2780
Situation Report,2019-12-17,09:00,https://www.dmc.gov.lk/images/dmcreports/Situation_Report_on_2019__1576556384.pdf,2780
Situation Report,2019-12-16,18:00,https://www.dmc.gov.lk/images/dmcreports/Situation_Report_on_2019__1576503672.pdf,2780
Situation Report,2019-12-16,12:00,https://www.dmc.gov.lk/images/dmcreports/Situation_Report_on_2019__1576486680.pdf,2780
Situation Report,2019-12-15,18:00,https://www.dmc.gov.lk/images/dmcreports/Situation_Report_on_2019__1576416143.pdf,2780
Situation Report,2019-12-15,09:00,https://www.dmc.gov.lk/images/dmcreports/Situation_Report_on_2019__1576382231.pdf,2780
Situation Report,2019-12-14,12:00,https://www.dmc.gov.lk/images/dmcreports/Situation_Report_on_2019__1576308869.pdf,2780
Situation Report,2019-12-14,09:00,https://www.dmc.gov.lk/images/dmcreports/Situation_Report_on_2019__1576294411.pdf,2780
Situation Report,2019-12-13,12:00,https://www.dmc.gov.lk/images/dmcreports/Situation_Report_on_2019__1576221631.pdf,2790
Situation Report,2019-12-13,09:00,https://www.dmc.gov.lk/images/dmcreports/Situation_Report_on_2019__1576211134.pdf,2790
Situation Report,2019-12-12,18:00,https://www.dmc.gov.lk/images/dmcreports/Situation_Report_on_2019__1576156284.pdf,2790
Situation Report,2019-12-12,12:00,https://www.dmc.gov.lk/images/dmcreports/Situation_Report_on_2019__1576134576.pdf,2790
Situation Report,2019-12-12,09:00,https://www.dmc.gov.lk/images/dmcreports/Situation_Report_on_2019__1576122601.pdf,2790
Situation Report,2019-12-11,18:00,https://www.dmc.gov.lk/images/dmcreports/Situation_Report_on_2019__1576069313.pdf,2790
Situation Report,2019-12-11,12:00,https://www.dmc.gov.lk/images/dmcreports/Situation_Report_on_2019__1576046882.pdf,2790
Situation Report,2019-12-11,09:00,https://www.dmc.gov.lk/images/dmcreports/Situation_Report_on_2019__1576037972.pdf,2790
Situation Report,2019-12-10,18:00,https://www.dmc.gov.lk/images/dmcreports/Situation_Report_on_2019__1575984211.pdf,2790
Situation Report,2019-12-10,12:00,https://www.dmc.gov.lk/images/dmcreports/Situation_Report_on_2019__1575964032.pdf,2790
Situation Report,2019-12-10,09:00,https://www.dmc.gov.lk/images/dmcreports/Situation_Report_on_2019__1575950127.pdf,2800
Situation Report,2019-12-09,18:00,https://www.dmc.gov.lk/images/dmcreports/Situation_Report_on_2019__1575897839.pdf,2800
Situation Report,2019-12-09,12:00,https://www.dmc.gov.lk/images/dmcreports/Situation_Report_on_2019__1575876773.pdf,2800
Situation Report,2019-12-09,09:00,https://www.dmc.gov.lk/images/dmcreports/Situation_Report_on_2019__1575863138.pdf,2800
Situation Report,2019-12-08,18:00,https://www.dmc.gov.lk/images/dmcreports/Situation_Report_on_2019__1575815314.pdf,2800
Situation Report,2019-12-08,13:00,https://www.dmc.gov.lk/images/dmcreports/Situation_Report_on_2019__1575791647.pdf,2800
Situation Report Summary,2019-12-07,22:00,https://www.dmc.gov.lk/images/dmcreports/Sri_Lanka_Disaster_Situation_Summary_2200hrs_07122019__1575738627.pdf,2800
Situation Report,2019-12-07,12:00,https://www.dmc.gov.lk/images/dmcreports/Situation_Report_on_2019__1575712095.pdf,2800
Situation Report,2019-12-06,18:00,https://www.dmc.gov.lk/images/dmcreports/Situation_Report_on_2019__1575641617.pdf,2800
Situation Report,2019-12-06,12:00,https://www.dmc.gov.lk/images/dmcreports/Situation_Report_on_2019__1575623090.pdf,2800
Situation Report,2019-12-05,18:00,https://www.dmc.gov.lk/images/dmcreports/Situation_Report_on_2019__1575567159.pdf,2810
Situation Report,2019-12-05,12:00,https://www.dmc.gov.lk/images/dmcreports/Situation_Report_on_2019__1575535515.pdf,2810
Situation Report,2019-12-05,11:00,https://www.dmc.gov.lk/images/dmcreports/Situation_Report_on_2019__1575529335.pdf,2810
Situation Report,2019-12-04,18:00,https://www.dmc.gov.lk/images/dmcreports/Situation_Report_on_2019__1575469474.pdf,2810
Situation Report,2019-12-04,09:00,https://www.dmc.gov.lk/images/dmcreports/Situation_Report_on_2019__1575432950.pdf,2810
Situation Report,2019-12-03,18:00,https://www.dmc.gov.lk/images/dmcreports/Situation_Report_on_2019__1575377300.pdf,2810
Situation Report,2019-12-03,12:00,https://www.dmc.gov.lk/images/dmcreports/Situation_Report_on_2019__1575358975.pdf,2810
Situation Report,2019-12-03,09:00,https://www.dmc.gov.lk/images/dmcreports/Situation_Report_on_2019__1575345916.pdf,2810
Situation Report,2019-12-02,18:00,https://www.dmc.gov.lk/images/dmcreports/Situation_Report_on_2019__1575295214.pdf,2810
Situation Report,2019-12-02,12:00,https://www.dmc.gov.lk/images/dmcreports/Situation_Report_on_2019__1575277374.pdf,2810
Situation Report,2019-12-01,18:00,https://www.dmc.gov.lk/images/dmcreports/Situation_Report_on_2019__1575209146.pdf,2820
Situation Report,2019-12-01,18:00,https://www.dmc.gov.lk/images/dmcreports/Situation_Report_on_2019__1575209206.pdf,2820
Situation Report,2019-12-01,18:00,https://www.dmc.gov.lk/images/dmcreports/Situation_Report_on_2019__1575209266.pdf,2820
Situation Report,2019-12-01,12:00,https://www.dmc.gov.lk/images/dmcreports/Situation_Report_on_2019__1575185534.pdf,2820
Situation Report,2019-11-30,18:00,https://www.dmc.gov.lk/images/dmcreports/Situation_Report_on_2019__1575124727.pdf,2820
Situation Report,2019-11-30,12:00,https://www.dmc.gov.lk/images/dmcreports/Situation_Report_on_2019__1575097495.pdf,2820
Situation Report,2019-11-30,09:00,https://www.dmc.gov.lk/images/dmcreports/Situation_Report_on_2019__1575085466.pdf,2820
Situation Report,2019-11-29,18:00,https://www.dmc.gov.lk/images/dmcreports/Situation_Report_on_2019__1575059780.pdf,2820
Situation Report,2019-11-29,12:00,https://www.dmc.gov.lk/images/dmcreports/Situation_Report_on_2019__1575012559.pdf,2820
Situation Report,2019-11-29,09:00,https://www.dmc.gov.lk/images/dmcreports/Situation_Report_on_2019__1575000374.pdf,2820
Situation Report,2019-11-28,12:00,https://www.dmc.gov.lk/images/dmcreports/Situation_Report_on_2019__1574927467.pdf,2830
Situation Report,2019-11-28,09:00,https://www.dmc.gov.lk/images/dmcreports/Situation_Report_on_2019__1574916177.pdf,2830
Situation Report,2019-11-27,18:00,https://www.dmc.gov.lk/images/dmcreports/Situation_Report_on_2019__1574861702.pdf,2830
Situation Report,2019-11-27,09:00,https://www.dmc.gov.lk/images/dmcreports/Situation_Report_on_2019__1574828605.pdf,2830
Situation Report,2019-11-26,18:00,https://www.dmc.gov.lk/images/dmcreports/Situation_Report_on_2019__1574776212.pdf,2830
Situation Report,2019-11-26,12:00,https://www.dmc.gov.lk/images/dmcreports/Situation_Report_on_2019__1574754142.pdf,2830
Situation Report,2019-11-26,09:00,https://www.dmc.gov.lk/images/dmcreports/Situation_Report_on_2019__1574742460.pdf,2830
Situation Report,2019-11-25,18:00,https://www.dmc.gov.lk/images/dmcreports/Situation_Report_on_2019__1574688916.pdf,2830
Situation Report,2019-11-25,12:00,https://www.dmc.gov.lk/images/dmcreports/Situation_Report_on_2019__1574664425.pdf,2830
Situation Report,2019-11-25,09:00,https://www.dmc.gov.lk/images/dmcreports/Situation_Report_on_2019__1574655765.pdf,2830
Situation Report,2019-11-24,18:00,https://www.dmc.gov.lk/images/dmcreports/Situation_Report_on_2019__1574600093.pdf,2840
Situation Report,2019-11-24,12:00,https://www.dmc.gov.lk/images/dmcreports/Situation_Report_on_2019__1574577858.pdf,2840
Situation Report,2019-11-24,09:00,https://www.dmc.gov.lk/images/dmcreports/Situation_Report_on_2019__1574568789.pdf,2840
Situation Report,2019-11-23,18:00,https://www.dmc.gov.lk/images/dmcreports/Situation_Report_on_2019__1574513084.pdf,2840
Situation Report,2019-11-23,12:00,https://www.dmc.gov.lk/images/dmcreports/Situation_Report_on_2019__1574492160.pdf,2840
Situation Report,2019-11-23,09:00,https://www.dmc.gov.lk/images/dmcreports/Situation_Report_on_2019__1574485128.pdf,2840
Situation Report,2019-11-22,18:00,https://www.dmc.gov.lk/images/dmcreports/Situation_Report_on_2019__1574429157.pdf,2840
Situation Report,2019-11-22,12:30,https://www.dmc.gov.lk/images/dmcreports/Situation_Report_on_2019__1574409214.pdf,2840
Situation Report,2019-11-22,09:00,https://www.dmc.gov.lk/images/dmcreports/Situation_Report_on_2019__1574398130.pdf,2840
Situation Report,2019-11-21,18:00,https://www.dmc.gov.lk/images/dmcreports/Situation_Report_on_2019__1574343214.pdf,2840
Situation Report,2019-11-21,12:00,https://www.dmc.gov.lk/images/dmcreports/Situation_Report_on_2019__1574320563.pdf,2850
Situation Report,2019-11-21,09:00,https://www.dmc.gov.lk/images/dmcreports/Situation_Report_on_2019__1574312262.pdf,2850
Situation Report,2019-11-20,18:00,https://www.dmc.gov.lk/images/dmcreports/Situation_Report_on_2019__1574254787.pdf,2850
Situation Report,2019-11-20,12:00,https://www.dmc.gov.lk/images/dmcreports/Situation_Report_on_2019__1574234733.pdf,2850
Situation Report,2019-11-19,18:00,https://www.dmc.gov.lk/images/dmcreports/Situation_Report_on_2019__1574169773.pdf,2850
Situation Report,2019-11-19,12:00,https://www.dmc.gov.lk/images/dmcreports/Situation_Report_on_2019__1574147423.pdf,2850
Situation Report,2019-11-19,09:00,https://www.dmc.gov.lk/images/dmcreports/Situation_Report_on_2019__1574135506.pdf,2850
Situation Report,2019-11-18,18:00,https://www.dmc.gov.lk/images/dmcreports/Situation_Report_on_2019__1574087790.pdf,2850
Situation Report,2019-11-18,12:00,https://www.dmc.gov.lk/images/dmcreports/Situation_Report_on_2019__1574058777.pdf,2850
Situation Report,2019-11-18,09:00,https://www.dmc.gov.lk/images/dmcreports/Situation_Report_on_2019__1574048748.pdf,2850
Situation Report,2019-11-17,18:00,https://www.dmc.gov.lk/images/dmcreports/Situation_Report_on_2019__1573994119.pdf,2860
Situation Report,2019-11-17,12:00,https://www.dmc.gov.lk/images/dmcreports/Situation_Report_on_2019__1573972924.pdf,2860
Situation Report,2019-11-16,18:00,https://www.dmc.gov.lk/images/dmcreports/Situation_Report_on_2019__1573908089.pdf,2860
Situation Report,2019-11-16,12:00,https://www.dmc.gov.lk/images/dmcreports/Situation_Report_on_2019__1573885842.pdf,2860
Situation Report,2019-11-16,09:00,https://www.dmc.gov.lk/images/dmcreports/Situation_Report_on_2019__1573876862.pdf,2860
Situation Report,2019-11-15,18:00,https://www.dmc.gov.lk/images/dmcreports/Situation_Report_on_2019__1573822868.pdf,2860
Situation Report,2019-11-15,12:00,https://www.dmc.gov.lk/images/dmcreports/Situation_Report_on_2019__1573802703.pdf,2860
Situation Report,2019-11-14,18:00,https://www.dmc.gov.lk/images/dmcreports/Situation_Report_on_2019__1573738847.pdf,2860
Situation Report,2019-11-14,09:00,https://www.dmc.gov.lk/images/dmcreports/Situation_Report_on_2019__1573705217.pdf,2860
Situation Report,2019-11-13,18:00,https://www.dmc.gov.lk/images/dmcreports/Situation_Report_on_2019__1573649974.pdf,2860
Situation Report,2019-11-13,12:00,https://www.dmc.gov.lk/images/dmcreports/Situation_Report_on_2019__1573627250.pdf,2870
Situation Report,2019-11-13,09:00,https://www.dmc.gov.lk/images/dmcreports/Situation_Report_on_2019__1573617979.pdf,2870
Situation Report,2019-11-12,18:00,https://www.dmc.gov.lk/images/dmcreports/Situation_Report_on_2019__1573562874.pdf,2870
Situation Report,2019-11-12,12:00,https://www.dmc.gov.lk/images/dmcreports/Situation_Report_on_2019__1573540314.pdf,2870
Situation Report,2019-11-12,09:00,https://www.dmc.gov.lk/images/dmcreports/Situation_Report_on_2019__1573529514.pdf,2870
Situation Report,2019-11-11,18:00,https://www.dmc.gov.lk/images/dmcreports/Situation_Report_on_2019__1573478313.pdf,2870
Situation Report,2019-11-11,12:00,https://www.dmc.gov.lk/images/dmcreports/Situation_Report_on_2019__1573453811.pdf,2870
Situation Report,2019-11-11,09:00,https://www.dmc.gov.lk/images/dmcreports/Situation_Report_on_2019__1573443427.pdf,2870
Situation Report,2019-11-10,18:00,https://www.dmc.gov.lk/images/dmcreports/Situation_Report_on_2019__1573390824.pdf,2870
Situation Report,2019-11-10,12:00,https://www.dmc.gov.lk/images/dmcreports/Situation_Report_on_2019__1573370316.pdf,2870
Situation Report,2019-11-10,09:00,https://www.dmc.gov.lk/images/dmcreports/Situation_Report_on_2019__1573357884.pdf,2880
Situation Report,2019-11-09,18:00,https://www.dmc.gov.lk/images/dmcreports/Situation_Report_on_2019__1573304697.pdf,2880
Situation Report,2019-11-09,09:00,https://www.dmc.gov.lk/images/dmcreports/Situation_Report_on_2019__1573272303.pdf,2880
Situation Report,2019-11-08,18:00,https://www.dmc.gov.lk/images/dmcreports/Situation_Report_on_2019__1573218885.pdf,2880
Situation Report,2019-11-08,12:00,https://www.dmc.gov.lk/images/dmcreports/Situation_Report_on_2019__1573196754.pdf,2880
Situation Report,2019-11-08,09:00,https://www.dmc.gov.lk/images/dmcreports/Situation_Report_on_2019__1573184614.pdf,2880
Situation Report,2019-11-07,18:00,https://www.dmc.gov.lk/images/dmcreports/Situation_Report_on_2019__1573134565.pdf,2880
Situation Report,2019-11-07,12:00,https://www.dmc.gov.lk/images/dmcreports/Situation_Report_on_2019__1573110184.pdf,2880
Situation Report,2019-11-07,12:00,https://www.dmc.gov.lk/images/dmcreports/Situation_Report_on_2019__1573110206.pdf,2880
Situation Report,2019-11-07,09:00,https://www.dmc.gov.lk/images/dmcreports/Situation_Report_on_2019__1573099683.pdf,2880
Situation Report,2019-11-06,18:00,https://www.dmc.gov.lk/images/dmcreports/Situation_Report_on_2019__1573048626.pdf,2890
Situation Report,2019-11-06,12:00,https://www.dmc.gov.lk/images/dmcreports/Situation_Report_on_2019__1573023801.pdf,2890
Situation Report,2019-11-06,09:00,https://www.dmc.gov.lk/images/dmcreports/Situation_Report_on_2019__1573020457.pdf,2890
Situation Report,2019-11-05,18:00,https://www.dmc.gov.lk/images/dmcreports/Situation_Report_on_2019__1572959376.pdf,2890
Situation Report,2019-11-05,12:00,https://www.dmc.gov.lk/images/dmcreports/Situation_Report_on_2019__1572936049.pdf,2890
Situation Report,2019-11-05,09:00,https://www.dmc.gov.lk/images/dmcreports/Situation_Report_on_2019__1572925806.pdf,2890
Situation Report,2019-11-04,18:00,https://www.dmc.gov.lk/images/dmcreports/Situation_Report_on_2019__1572872462.pdf,2890
Situation Report,2019-11-04,12:00,https://www.dmc.gov.lk/images/dmcreports/Situation_Report_on_2019__1572856381.pdf,2890
Situation Report,2019-11-04,09:00,https://www.dmc.gov.lk/images/dmcreports/Situation_Report_on_2019__1572840385.pdf,2890
Situation Report,2019-11-03,18:00,https://www.dmc.gov.lk/images/dmcreports/Situation_Report_on_2019__1572784405.pdf,2890
Situation Report,2019-11-03,12:00,https://www.dmc.gov.lk/images/dmcreports/Situation_Report_on_2019__1572767658.pdf,2900
Situation Report,2019-11-03,09:00,https://www.dmc.gov.lk/images/dmcreports/Situation_Report_on_2019__1572751820.pdf,2900
Situation Report,2019-11-02,12:00,https://www.dmc.gov.lk/images/dmcreports/Situation_Report_on_2019__1572679733.pdf,2900
Situation Report,2019-11-02,09:00,https://www.dmc.gov.lk/images/dmcreports/Situation_Report_on_2019__1572670690.pdf,2900
Situation Report,2019-11-01,18:00,https://www.dmc.gov.lk/images/dmcreports/Situation_Report_on_2019__1572613873.pdf,2900
Situation Report,2019-11-01,12:00,https://www.dmc.gov.lk/images/dmcreports/Situation_Report_on_2019__1572592426.pdf,2900
Situation Report,2019-11-01,09:00,https://www.dmc.gov.lk/images/dmcreports/Situation_Report_on_2019__1572583915.pdf,2900
Situation Report,2019-10-31,18:00,https://www.dmc.gov.lk/images/dmcreports/Situation_Report_on_2019__1572527621.pdf,2900
Situation Report,2019-10-31,12:00,https://www.dmc.gov.lk/images/dmcreports/Situation_Report_on_2019__1572504240.pdf,2900
Situation Report,2019-10-31,09:00,https://www.dmc.gov.lk/images/dmcreports/Situation_Report_on_2019__1572494649.pdf,2900
Situation Report,2019-10-30,18:00,https://www.dmc.gov.lk/images/dmcreports/Situation_Report_on_2019__1572441359.pdf,2910
Situation Report,2019-10-30,12:00,https://www.dmc.gov.lk/images/dmcreports/Situation_Report_on_2019__1572418797.pdf,2910
Situation Report,2019-10-30,09:00,https://www.dmc.gov.lk/images/dmcreports/Situation_Report_on_2019__1572408118.pdf,2910
Situation Report,2019-10-29,13:00,https://www.dmc.gov.lk/images/dmcreports/Situation_Report_on_2019__1572335143.pdf,2910
Situation Report,2019-10-28,12:00,https://www.dmc.gov.lk/images/dmcreports/Situation_Report_on_2019__1572247018.pdf,2910
Situation Report,2019-10-28,09:00,https://www.dmc.gov.lk/images/dmcreports/Situation_Report_on_2019__1572235620.pdf,2910
Situation Report,2019-10-27,18:00,https://www.dmc.gov.lk/images/dmcreports/Situation_Report_on_2019__1572192999.pdf,2910
Situation Report,2019-10-27,12:00,https://www.dmc.gov.lk/images/dmcreports/Situation_Report_on_2019__1572158975.pdf,2910
Situation Report,2019-10-27,09:00,https://www.dmc.gov.lk/images/dmcreports/Situation_Report_on_2019__1572148043.pdf,2910
Situation Report,2019-10-26,18:00,https://www.dmc.gov.lk/images/dmcreports/Situation_Report_on_2019__1572094421.pdf,2910
Situation Report,2019-10-26,12:00,https://www.dmc.gov.lk/images/dmcreports/Situation_Report_on_2019__1572074373.pdf,2920
Situation Report,2019-10-26,09:00,https://www.dmc.gov.lk/images/dmcreports/Situation_Report_on_2019__1572063583.pdf,2920
Situation Report,2019-10-25,12:00,https://www.dmc.gov.lk/images/dmcreports/Situation_Report_on_2019__1571993159.pdf,2920
Situation Report,2019-10-24,18:00,https://www.dmc.gov.lk/images/dmcreports/Situation_Report_on_2019__1571926821.pdf,2920
Situation Report,2019-10-24,12:00,https://www.dmc.gov.lk/images/dmcreports/Situation_Report_on_2019__1571899432.pdf,2920
Situation Report,2019-10-24,09:00,https://www.dmc.gov.lk/images/dmcreports/Situation_Report_on_2019__1571888498.pdf,2920
Situation Report,2019-10-23,18:00,https://www.dmc.gov.lk/images/dmcreports/Situation_Report_on_2019__1571840141.pdf,2920
Situation Report,2019-10-23,12:00,https://www.dmc.gov.lk/images/dmcreports/Situation_Report_on_2019__1571815743.pdf,2920
Situation Report,2019-10-23,09:00,https://www.dmc.gov.lk/images/dmcreports/Situation_Report_on_2019__1571803897.pdf,2920
Situation Report,2019-10-22,18:00,https://www.dmc.gov.lk/images/dmcreports/Situation_Report_on_2019__1571756690.pdf,2920
Situation Report,2019-10-22,12:00,https://www.dmc.gov.lk/images/dmcreports/Situation_Report_on_2019__1571732092.pdf,2930
Situation Report,2019-10-22,09:00,https://www.dmc.gov.lk/images/dmcreports/Situation_Report_on_2019__1571719360.pdf,2930
Situation Report,2019-10-21,18:00,https://www.dmc.gov.lk/images/dmcreports/Situation_Report_on_2019__1571669393.pdf,2930
Situation Report,2019-10-21,12:00,https://www.dmc.gov.lk/images/dmcreports/Situation_Report_on_2019__1571642148.pdf,2930
Situation Report,2019-10-21,09:00,https://www.dmc.gov.lk/images/dmcreports/Situation_Report_on_2019__1571631373.pdf,2930
Situation Report,2019-10-20,18:00,https://www.dmc.gov.lk/images/dmcreports/Situation_Report_on_2019__1571584130.pdf,2930
Situation Report,2019-10-20,12:00,https://www.dmc.gov.lk/images/dmcreports/Situation_Report_on_2019__1571553825.pdf,2930
Situation Report,2019-10-20,09:00,https://www.dmc.gov.lk/images/dmcreports/Situation_Report_on_2019__1571545168.pdf,2930
Situation Report,2019-10-19,18:00,https://www.dmc.gov.lk/images/dmcreports/Situation_Report_on_2019__1571491276.pdf,2930
Situation Report,2019-10-19,12:00,https://www.dmc.gov.lk/images/dmcreports/Situation_Report_on_2019__1571469081.pdf,2930
Drought Situation Report,2019-10-19,12:00,https://www.dmc.gov.lk/images/dmcreports/Drought_Situation_Report_on_2019__1571469151.pdf,2940
Situation Report,2019-10-19,09:00,https://www.dmc.gov.lk/images/dmcreports/Situation_Report_on_2019__1571456529.pdf,2940
Drought Situation Report,2019-10-19,09:00,https://www.dmc.gov.lk/images/dmcreports/Drought_Situation_Report_on_2019__1571456551.pdf,2940
Situation Report,2019-10-18,18:00,https://www.dmc.gov.lk/images/dmcreports/Situation_Report_on_2019__1571405804.pdf,2940
Drought Situation Report,2019-10-18,18:00,https://www.dmc.gov.lk/images/dmcreports/Drought_Situation_Report_on_2019__1571405825.pdf,2940
Situation Report,2019-10-18,12:00,https://www.dmc.gov.lk/images/dmcreports/Situation_Report_on_2019__1571384272.pdf,2940
Situation Report,2019-10-18,12:00,https://www.dmc.gov.lk/images/dmcreports/Drought_Situation_Report_on_2019__1571384295.pdf,2940
Situation Report,2019-10-18,09:00,https://www.dmc.gov.lk/images/dmcreports/Situation_Report_on_2019__1571371573.pdf,2940
Situation Report,2019-10-18,09:00,https://www.dmc.gov.lk/images/dmcreports/Drought_Situation_Report_on_2019__1571371603.pdf,2940
Situation Report,2019-10-17,18:00,https://www.dmc.gov.lk/images/dmcreports/Situation_Report_on_2019__1571320843.pdf,2940
Situation Report,2019-10-17,18:00,https://www.dmc.gov.lk/images/dmcreports/Drought_Situation_Report_on_2019__1571320872.pdf,2950
Situation Report,2019-10-17,12:00,https://www.dmc.gov.lk/images/dmcreports/Situation_Report_on_2019__1571298414.pdf,2950
Situation Report,2019-10-17,12:00,https://www.dmc.gov.lk/images/dmcreports/Drought_Situation_Report_on_2019__1571298441.pdf,2950
Situation Report,2019-10-17,09:00,https://www.dmc.gov.lk/images/dmcreports/Situation_Report_on_2019__1571287253.pdf,2950
Drought Situation Report,2019-10-17,09:00,https://www.dmc.gov.lk/images/dmcreports/Drought_Situation_Report_on_2019__1571287281.pdf,2950
Situation Report,2019-10-16,18:00,https://www.dmc.gov.lk/images/dmcreports/Situation_Report_on_2019__1571233233.pdf,2950
Drought Situation Report,2019-10-16,18:00,https://www.dmc.gov.lk/images/dmcreports/Drought_Situation_Report_on_2019__1571233283.pdf,2950
Drought Situation Report,2019-10-16,12:00,https://www.dmc.gov.lk/images/dmcreports/Drought_Situation_Report_on_2019__1571211907.pdf,2950
Situation Report,2019-10-16,09:00,https://www.dmc.gov.lk/images/dmcreports/Situation_Report_on_2019__1571198389.pdf,2950
Drought Situation Report,2019-10-16,09:00,https://www.dmc.gov.lk/images/dmcreports/Drought_Situation_Report_on_2019__1571198434.pdf,2950
Situation Report,2019-10-15,18:00,https://www.dmc.gov.lk/images/dmcreports/Situation_Report_on_2019__1571142988.pdf,2960
Drought Situation Report,2019-10-15,18:00,https://www.dmc.gov.lk/images/dmcreports/Drought_Situation_Report_on_2019__1571143008.pdf,2960
Situation Report,2019-10-15,12:00,https://www.dmc.gov.lk/images/dmcreports/Situation_Report_on_2019__1571127017.pdf,2960
Drought Situation Report,2019-10-15,12:00,https://www.dmc.gov.lk/images/dmcreports/Drought_Situation_Report_on_2019__1571127038.pdf,2960
Situation Report,2019-10-15,09:00,https://www.dmc.gov.lk/images/dmcreports/Situation_Report_on_2019__1571112086.pdf,2960
Drought Situation Report,2019-10-15,09:00,https://www.dmc.gov.lk/images/dmcreports/Drought_Situation_Report_on_2019__1571112106.pdf,2960
Situation Report,2019-10-14,18:00,https://www.dmc.gov.lk/images/dmcreports/Situation_Report_on_2019__1571061068.pdf,2960
Drought Situation Report,2019-10-14,18:00,https://www.dmc.gov.lk/images/dmcreports/Drought_Situation_Report_on_2019__1571061089.pdf,2960
Situation Report,2019-10-14,12:00,https://www.dmc.gov.lk/images/dmcreports/Situation_Report_on_2019__1571038442.pdf,2960
Drought Situation Report,2019-10-14,12:00,https://www.dmc.gov.lk/images/dmcreports/Drought_Situation_Report_on_2019__1571038482.pdf,2960
Situation Report,2019-10-14,09:00,https://www.dmc.gov.lk/images/dmcreports/Situation_Report_on_2019__1571026821.pdf,2970
Drought Situation Report,2019-10-14,09:00,https://www.dmc.gov.lk/images/dmcreports/Drought_Situation_Report_on_2019__1571027013.pdf,2970
Situation Report,2019-10-13,18:00,https://www.dmc.gov.lk/images/dmcreports/Situation_Report_on_2019__1570969932.pdf,2970
Drought Situation Report,2019-10-13,18:00,https://www.dmc.gov.lk/images/dmcreports/Drought_Situation_Report_on_2019__1570969966.pdf,2970
Situation Report,2019-10-13,12:00,https://www.dmc.gov.lk/images/dmcreports/Situation_Report_on_2019__1570949781.pdf,2970
Drought Situation Report,2019-10-13,12:00,https://www.dmc.gov.lk/images/dmcreports/Drought_Situation_Report_on_2019__1570949803.pdf,2970
Situation Report,2019-10-13,09:00,https://www.dmc.gov.lk/images/dmcreports/Situation_Report_on_2019__1570937805.pdf,2970
Drought Situation Report,2019-10-13,09:00,https://www.dmc.gov.lk/images/dmcreports/Drought_Situation_Report_on_2019__1570937874.pdf,2970
Situation Report,2019-10-12,18:00,https://www.dmc.gov.lk/images/dmcreports/Situation_Report_on_2019__1570888666.pdf,2970
Situation Report,2019-10-12,18:00,https://www.dmc.gov.lk/images/dmcreports/Drought_Situation_Report_on_2019__1570888814.pdf,2970
Situation Report,2019-10-12,12:00,https://www.dmc.gov.lk/images/dmcreports/Situation_Report_on_2019__1570863632.pdf,2980
Drought Situation Report,2019-10-12,12:00,https://www.dmc.gov.lk/images/dmcreports/Drought_Situation_Report_on_2019__1570863742.pdf,2980
Situation Report,2019-10-12,09:00,https://www.dmc.gov.lk/images/dmcreports/Situation_Report_on_2019__1570853754.pdf,2980
Drought Situation Report,2019-10-12,09:00,https://www.dmc.gov.lk/images/dmcreports/Drought_Situation_Report_on_2019__1570853782.pdf,2980
Drought Situation Report,2019-10-11,18:00,https://www.dmc.gov.lk/images/dmcreports/Drought_Situation_Report_(EOC)__on_2019__1570798954.pdf,2980
Situation Report,2019-10-11,18:00,https://www.dmc.gov.lk/images/dmcreports/Situation_Report_(EOC)__on_2019__1570798982.pdf,2980
Situation Report,2019-10-11,12:00,https://www.dmc.gov.lk/images/dmcreports/Situation_Report_(EOC)__on_2019__1570776769.pdf,2980
Drought Situation Report,2019-10-11,12:00,https://www.dmc.gov.lk/images/dmcreports/Drought_Situation_Report_(EOC)__on_2019__1570776813.pdf,2980
Drought Situation Report,2019-10-10,18:00,https://www.dmc.gov.lk/images/dmcreports/Drought_Situation_Report__on_2019__1570712477.pdf,2980
Situation Report,2019-10-10,18:00,https://www.dmc.gov.lk/images/dmcreports/Situation_Report_on_2019__1570712541.pdf,2980
Situation Report,2019-10-10,12:00,https://www.dmc.gov.lk/images/dmcreports/Situation_Report_(According_to_NDRSC)_on_2019__1570692018.pdf,2990
Situation Report,2019-10-10,12:00,https://www.dmc.gov.lk/images/dmcreports/Situation_Report__on_2019__1570692136.pdf,2990
Drought Situation Report,2019-10-10,09:00,https://www.dmc.gov.lk/images/dmcreports/Drought_Situation_Report__on_2019__1570682819.pdf,2990
Drought Situation Report,2019-10-09,18:00,https://www.dmc.gov.lk/images/dmcreports/Drought_Situation_Report__on_2019__1570625304.pdf,2990
Situation Report,2019-10-09,18:00,https://www.dmc.gov.lk/images/dmcreports/Situation_Report_(According_to_NDRSC)_on_2019__1570625342.pdf,2990
Situation Report,2019-10-09,12:00,https://www.dmc.gov.lk/images/dmcreports/Situation_Report_(According_to_NDRSC)_on_2019__1570605940.pdf,2990
Drought Situation Report,2019-10-09,12:00,https://www.dmc.gov.lk/images/dmcreports/Drought_Situation_Report__on_2019__1570606082.pdf,2990
Situation Report,2019-10-09,09:00,https://www.dmc.gov.lk/images/dmcreports/Situation_Report_on_2019__1570592591.pdf,2990
Drought Situation Report,2019-10-09,09:00,https://www.dmc.gov.lk/images/dmcreports/Drought_Situation_Report__on_2019__1570592763.pdf,2990
Situation Report,2019-10-08,18:00,https://www.dmc.gov.lk/images/dmcreports/Situation_Report_(According_to_NDRSC)_on_2019__1570541445.pdf,2990
Drought Situation Report,2019-10-08,18:00,https://www.dmc.gov.lk/images/dmcreports/Drought_Situation_Report__on_2019__1570541497.pdf,3000
Situation Report,2019-10-08,12:00,https://www.dmc.gov.lk/images/dmcreports/Situation_Report_on_2019__1570518844.pdf,3000
Drought Situation Report,2019-10-08,12:00,https://www.dmc.gov.lk/images/dmcreports/Drought_Situation_Report__on_2019__1570518883.pdf,3000
Situation Report,2019-10-08,09:00,https://www.dmc.gov.lk/images/dmcreports/Situation_Report_on_2019__1570506939.pdf,3000
Drought Situation Report,2019-10-08,09:00,https://www.dmc.gov.lk/images/dmcreports/Drought_Situation_Report__on_2019__1570507507.pdf,3000
Situation Report,2019-10-07,18:00,https://www.dmc.gov.lk/images/dmcreports/Situation_Report_on_2019__1570453360.pdf,3000
Drought Situation Report,2019-10-07,18:00,https://www.dmc.gov.lk/images/dmcreports/Drought_Situation_Report__on_2019__1570453505.pdf,3000
Situation Report,2019-10-07,12:00,https://www.dmc.gov.lk/images/dmcreports/Situation_Report_on_2019__1570431907.pdf,3000
Drought Situation Report,2019-10-07,12:00,https://www.dmc.gov.lk/images/dmcreports/Drought_Situation_Report__on_2019__1570432062.pdf,3000
Situation Report,2019-10-07,09:00,https://www.dmc.gov.lk/images/dmcreports/Situation_Report__on_2019__1570419903.pdf,3000
Drought Situation Report,2019-10-07,09:00,https://www.dmc.gov.lk/images/dmcreports/Drought_Situation_Report_at_0900_hrs_on_2019__1570419962.pdf,3010
Situation Report,2019-10-06,18:00,https://www.dmc.gov.lk/images/dmcreports/Situation_Report__(According_to_the_NDRSC_Report)on_2019__1570366776.pdf,3010
Drought Situation Report,2019-10-06,18:00,https://www.dmc.gov.lk/images/dmcreports/Drought_Situation_Report__on_2019__1570366797.pdf,3010
Drought Situation Report,2019-10-06,12:00,https://www.dmc.gov.lk/images/dmcreports/Drought_Situation_Report__on_2019__1570344874.pdf,3010
Situation Report,2019-10-06,12:00,https://www.dmc.gov.lk/images/dmcreports/Situation_Report__on_2019__1570344940.pdf,3010
Situation Report,2019-10-06,09:00,https://www.dmc.gov.lk/images/dmcreports/Situation_Report__on_2019__1570334434.pdf,3010
Drought Situation Report,2019-10-06,09:00,https://www.dmc.gov.lk/images/dmcreports/Drought_Situation_Report__on_2019__1570334469.pdf,3010
Drought Situation Report,2019-10-05,18:00,https://www.dmc.gov.lk/images/dmcreports/Drought_Situation_Report__on_2019__1570278901.pdf,3010
Situation Report,2019-10-05,18:00,https://www.dmc.gov.lk/images/dmcreports/Situation_Report_on_2019__1570278941.pdf,3010
Situation Report,2019-10-05,12:00,https://www.dmc.gov.lk/images/dmcreports/Situation_Report__on_2019__1570257824.pdf,3010
Drought Situation Report,2019-10-05,12:00,https://www.dmc.gov.lk/images/dmcreports/Drought_Situation_Report__on_2019__1570257865.pdf,3020
Situation Report,2019-10-05,09:00,https://www.dmc.gov.lk/images/dmcreports/Situation_Report__on_2019__1570246846.pdf,3020
Drought Situation Report,2019-10-05,09:00,https://www.dmc.gov.lk/images/dmcreports/Drought_Situation_Report__on_2019__1570246881.pdf,3020
Situation Report,2019-10-04,18:00,https://www.dmc.gov.lk/images/dmcreports/Situation_Report__(According_to_the_NDRSC_Report)on_2019__1570196133.pdf,3020
Drought Situation Report,2019-10-04,18:00,https://www.dmc.gov.lk/images/dmcreports/Drought_Situation_Report__on_2019__1570196159.pdf,3020
Situation Report,2019-10-04,09:00,https://www.dmc.gov.lk/images/dmcreports/Situation_Report_on_2019__1570160648.pdf,3020
Drought Situation Report,2019-10-04,09:00,https://www.dmc.gov.lk/images/dmcreports/Drought_Situation_Report__on_2019__1570160730.pdf,3020
Situation Report,2019-10-03,18:00,https://www.dmc.gov.lk/images/dmcreports/Situation_Report__on_2019__1570107767.pdf,3020
Drought Situation Report,2019-10-03,18:00,https://www.dmc.gov.lk/images/dmcreports/Drought_Situation_Report__on_2019__1570107785.pdf,3020
Situation Report,2019-10-03,12:00,https://www.dmc.gov.lk/images/dmcreports/Situation_Report__(According_to_the_NDRSC_Report)on_2019__1570089522.pdf,3020
Drought Situation Report,2019-10-03,12:00,https://www.dmc.gov.lk/images/dmcreports/Drought_Situation_Report__on_2019__1570089573.pdf,3030
Situation Report,2019-10-03,09:00,https://www.dmc.gov.lk/images/dmcreports/Situation_Report__(According_to_the_NDRSC_Report)on_2019__1570079573.pdf,3030
Drought Situation Report,2019-10-03,09:00,https://www.dmc.gov.lk/images/dmcreports/Drought_Situation_Report__on_2019__1570079596.pdf,3030
Situation Report,2019-10-02,18:00,https://www.dmc.gov.lk/images/dmcreports/Situation_Report__(with_ndrsc)on_2019__1570021902.pdf,3030
Drought Situation Report,2019-10-02,12:00,https://www.dmc.gov.lk/images/dmcreports/Drought_Situation_Report__on_2019__1570007249.pdf,3030
Situation Report,2019-10-02,12:00,https://www.dmc.gov.lk/images/dmcreports/Situation_Report__(with_ndrsc)on_2019__1570007275.pdf,3030
Situation Report,2019-10-02,09:00,https://www.dmc.gov.lk/images/dmcreports/Situation_Report__(with_ndrsc)on_2019__1569992370.pdf,3030
Drought Situation Report,2019-10-02,09:00,https://www.dmc.gov.lk/images/dmcreports/Drought_Situation_Report__on_2019__1569992388.pdf,3030
Situation Report,2019-10-01,18:00,https://www.dmc.gov.lk/images/dmcreports/Situation_Report__(with_ndrsc)on_2019__1569933020.pdf,3030
Situation Report,2019-10-01,12:00,https://www.dmc.gov.lk/images/dmcreports/Situation_Report__(with_ndrsc)on_2019__1569913476.pdf,3030
Drought Situation Report,2019-09-30,18:00,https://www.dmc.gov.lk/images/dmcreports/Drought_Situation_Report__on_2019__1569856021.pdf,3040
Situation Report,2019-09-30,18:00,https://www.dmc.gov.lk/images/dmcreports/Situation_Report__on_2019__1569856052.pdf,3040
Drought Situation Report,2019-09-30,09:00,https://www.dmc.gov.lk/images/dmcreports/Drought_Situation_Report__on_2019__1569815340.pdf,3040
Situation Report,2019-09-30,09:00,https://www.dmc.gov.lk/images/dmcreports/Situation_Report__(with_ndrsc)on_2019__1569815382.pdf,3040
Situation Report,2019-09-29,18:00,https://www.dmc.gov.lk/images/dmcreports/Situation_Report__(with_ndrsc)on_2019__1569760376.pdf,3040
Drought Situation Report,2019-09-29,18:00,https://www.dmc.gov.lk/images/dmcreports/Drought_Situation_Report__on_2019__1569760413.pdf,3040
Situation Report,2019-09-29,12:00,https://www.dmc.gov.lk/images/dmcreports/Situation_Report__(with_ndrsc)on_2019__1569741008.pdf,3040
Drought Situation Report,2019-09-29,12:00,https://www.dmc.gov.lk/images/dmcreports/Drought_Situation_Report__on_2019__1569741072.pdf,3040
Situation Report,2019-09-29,09:00,https://www.dmc.gov.lk/images/dmcreports/Situation_Report__(with_ndrsc)on_2019__1569728762.pdf,3040
Drought Situation Report,2019-09-29,09:00,https://www.dmc.gov.lk/images/dmcreports/Drought_Situation_Report__on_2019__1569728802.pdf,3040
Situation Report,2019-09-28,18:00,https://www.dmc.gov.lk/images/dmcreports/Situation_Report__(with_ndrsc)on_2019__1569678172.pdf,3050
Drought Situation Report,2019-09-28,18:00,https://www.dmc.gov.lk/images/dmcreports/Drought_Situation_Report__on_2019__1569678232.pdf,3050
Situation Report,2019-09-28,12:00,https://www.dmc.gov.lk/images/dmcreports/Situation_Report__(with_ndrsc)on_2019__1569654207.pdf,3050
Drought Situation Report,2019-09-28,12:00,https://www.dmc.gov.lk/images/dmcreports/Drought_Situation_Report__on_2019__1569654395.pdf,3050
Situation Report,2019-09-28,09:00,https://www.dmc.gov.lk/images/dmcreports/Situation_Report__(with_ndrsc)on_2019__1569642727.pdf,3050
Drought Situation Report,2019-09-28,09:00,https://www.dmc.gov.lk/images/dmcreports/Drought_Situation_Report__on_2019__1569642769.pdf,3050
Situation Report,2019-09-27,18:00,https://www.dmc.gov.lk/images/dmcreports/Situation_Report__(with_ndrsc)on_2019__1569592336.pdf,3050
Drought Situation Report,2019-09-27,18:00,https://www.dmc.gov.lk/images/dmcreports/Drought_Situation_Report_at_1800_hrs___on_2019__1569592382.pdf,3050
Situation Report,2019-09-27,12:00,https://www.dmc.gov.lk/images/dmcreports/Situation_Report__(with_ndrsc)on_2019__1569569689.pdf,3050
Drought Situation Report,2019-09-27,12:00,https://www.dmc.gov.lk/images/dmcreports/Drought_Situation_Report__on_2019__1569569742.pdf,3050
Situation Report,2019-09-27,09:00,https://www.dmc.gov.lk/images/dmcreports/Situation_Report__(with_ndrsc)on_2019__1569558619.pdf,3060
Drought Situation Report,2019-09-27,09:00,https://www.dmc.gov.lk/images/dmcreports/Drought_Situation_Report__on_2019__1569558640.pdf,3060
Drought Situation Report,2019-09-26,18:00,https://www.dmc.gov.lk/images/dmcreports/Drought_Situation_Report_on_2019__1569504897.pdf,3060
Situation Report,2019-09-26,18:00,https://www.dmc.gov.lk/images/dmcreports/Situation_Report__(with_ndrsc)on_2019__1569504929.pdf,3060
Situation Report,2019-09-26,12:00,https://www.dmc.gov.lk/images/dmcreports/Drought_Situation_Report_on_2019__1569485433.pdf,3060
Situation Report,2019-09-26,12:00,https://www.dmc.gov.lk/images/dmcreports/Situation_Report__(with_ndrsc)on_2019__1569485452.pdf,3060
Situation Report,2019-09-26,09:00,https://www.dmc.gov.lk/images/dmcreports/Situation_Report__(with_ndrsc)on_2019__1569470330.pdf,3060
Drought Situation Report,2019-09-26,09:00,https://www.dmc.gov.lk/images/dmcreports/Drought_Situation_Report_on_2019__1569470468.pdf,3060
Situation Report,2019-09-25,18:00,https://www.dmc.gov.lk/images/dmcreports/Situation_Report__(with_ndrsc)on_2019__1569457084.pdf,3060
Situation Report,2019-09-25,12:00,https://www.dmc.gov.lk/images/dmcreports/Situation_Report__on_2019__1569396319.pdf,3070
Drought Situation Report,2019-09-25,12:00,https://www.dmc.gov.lk/images/dmcreports/Drought_Situation_Report__on_2019__1569396344.pdf,3070
Situation Report,2019-09-24,22:00,https://www.dmc.gov.lk/images/dmcreports/Situation_Report__on_2019__1569346751.pdf,3070
Situation Report,2019-09-24,12:00,https://www.dmc.gov.lk/images/dmcreports/Situation_Report__on_2019__1569318971.pdf,3070
Situation Report,2019-09-24,09:00,https://www.dmc.gov.lk/images/dmcreports/Situation_Report__on_2019__1569301445.pdf,3070
Drought Situation Report,2019-09-24,09:00,https://www.dmc.gov.lk/images/dmcreports/Drought_Situation_Report__on_2019__1569301556.pdf,3070
Situation Report,2019-09-23,20:00,https://www.dmc.gov.lk/images/dmcreports/Situation_Report__on_2019__1569254891.pdf,3070
Drought Situation Report,2019-09-23,20:00,https://www.dmc.gov.lk/images/dmcreports/Drought_Situation_Report__on_2019__1569254921.pdf,3070
Situation Report,2019-09-23,09:00,https://www.dmc.gov.lk/images/dmcreports/Situation_Report__on_2019__1569216413.pdf,3080
Situation Report,2019-09-22,18:00,https://www.dmc.gov.lk/images/dmcreports/Situation_Report__on_2019__1569156837.pdf,3080
Drought Situation Report,2019-09-22,18:00,https://www.dmc.gov.lk/images/dmcreports/Drought_Situation_Report__on_2019__1569156883.pdf,3080
Situation Report,2019-09-22,12:00,https://www.dmc.gov.lk/images/dmcreports/Situation_Report__on_2019__1569138246.pdf,3080
Drought Situation Report,2019-09-22,12:00,https://www.dmc.gov.lk/images/dmcreports/Drought_Situation_Report__on_2019__1569138284.pdf,3080
Situation Report,2019-09-22,09:00,https://www.dmc.gov.lk/images/dmcreports/Situation_Report__on_2019__1569134961.pdf,3080
Drought Situation Report,2019-09-22,09:00,https://www.dmc.gov.lk/images/dmcreports/Drought_Situation_Report__on_2019__1569135009.pdf,3080
Situation Report,2019-09-21,18:00,https://www.dmc.gov.lk/images/dmcreports/Situation_Report__on_2019__1569070152.pdf,3080
Drought Situation Report,2019-09-21,18:00,https://www.dmc.gov.lk/images/dmcreports/Drought_Situation_Report__on_2019__1569070232.pdf,3080
Situation Report,2019-09-21,12:00,https://www.dmc.gov.lk/images/dmcreports/Situation_Report__on_2019__1569048646.pdf,3080
Drought Situation Report,2019-09-21,12:00,https://www.dmc.gov.lk/images/dmcreports/Drought_Situation_Report__on_2019__1569048674.pdf,3090
Situation Report,2019-09-21,09:00,https://www.dmc.gov.lk/images/dmcreports/Situation_Report__on_2019__1569039401.pdf,3090
Drought Situation Report,2019-09-21,09:00,https://www.dmc.gov.lk/images/dmcreports/Drought_Situation_Report__on_2019__1569039435.pdf,3090
Situation Report,2019-09-20,18:00,https://www.dmc.gov.lk/images/dmcreports/Situation_Report__on_2019__1568986378.pdf,3090
Drought Situation Report,2019-09-20,18:00,https://www.dmc.gov.lk/images/dmcreports/Drought_Situation_Report__on_2019__1568986413.pdf,3090
Situation Report,2019-09-20,12:00,https://www.dmc.gov.lk/images/dmcreports/Situation_Report__on_2019__1568964001.pdf,3090
Drought Situation Report,2019-09-20,12:00,https://www.dmc.gov.lk/images/dmcreports/Drought_Situation_Report__on_2019__1568964030.pdf,3090
Situation Report,2019-09-20,09:00,https://www.dmc.gov.lk/images/dmcreports/Situation_Report__on_2019__1568952178.pdf,3090
Drought Situation Report,2019-09-20,09:00,https://www.dmc.gov.lk/images/dmcreports/Drought_Situation_Report__on_2019__1568952225.pdf,3090
Situation Report,2019-09-19,18:00,https://www.dmc.gov.lk/images/dmcreports/Situation_Report__on_2019__1568896711.pdf,3090
Drought Situation Report,2019-09-19,18:00,https://www.dmc.gov.lk/images/dmcreports/Drought_Situation_Report__on_2019__1568896736.pdf,3100
Drought Situation Report,2019-09-19,12:00,https://www.dmc.gov.lk/images/dmcreports/Drought_Situation_Report__on_2019__1568876528.pdf,3100
Situation Report,2019-09-19,12:00,https://www.dmc.gov.lk/images/dmcreports/Situation_Report__on_2019__1568876822.pdf,3100
Situation Report,2019-09-19,09:00,https://www.dmc.gov.lk/images/dmcreports/Situation_Report__on_2019__1568865583.pdf,3100
Situation Report,2019-09-18,18:00,https://www.dmc.gov.lk/images/dmcreports/Situation_Report__on_2019__1568811629.pdf,3100
Drought Situation Report,2019-09-18,18:00,https://www.dmc.gov.lk/images/dmcreports/Drought_Situation_Report__on_2019__1568811685.pdf,3100
Situation Report,2019-09-18,12:00,https://www.dmc.gov.lk/images/dmcreports/Situation_Report__on_2019__1568788684.pdf,3100
Drought Situation Report,2019-09-18,12:00,https://www.dmc.gov.lk/images/dmcreports/Drought_Situation_Report__on_2019__1568788757.pdf,3100
Situation Report,2019-09-18,09:00,https://www.dmc.gov.lk/images/dmcreports/Situation_Report__on_2019__1568778375.pdf,3100
Drought Situation Report,2019-09-18,09:00,https://www.dmc.gov.lk/images/dmcreports/Drought_Situation_Report__on_2019__1568778438.pdf,3100
Situation Report,2019-09-17,18:00,https://www.dmc.gov.lk/images/dmcreports/Situation_Report__on_2019__1568724180.pdf,3110
Drought Situation Report,2019-09-17,18:00,https://www.dmc.gov.lk/images/dmcreports/Drought_Situation_Report__on_2019__1568724225.pdf,3110
Situation Report,2019-09-17,12:00,https://www.dmc.gov.lk/images/dmcreports/Situation_Report__on_2019__1568702473.pdf,3110
Drought Situation Report,2019-09-17,12:00,https://www.dmc.gov.lk/images/dmcreports/Drought_Situation_Report__on_2019__1568702506.pdf,3110
Drought Situation Report,2019-09-17,09:00,https://www.dmc.gov.lk/images/dmcreports/Drought_Situation_Report__on_2019__1568691716.pdf,3110
Situation Report,2019-09-17,09:00,https://www.dmc.gov.lk/images/dmcreports/Situation_Report__on_2019__1568691738.pdf,3110
Situation Report,2019-09-16,18:00,https://www.dmc.gov.lk/images/dmcreports/Situation_Report__on_2019__1568644136.pdf,3110
Drought Situation Report,2019-09-16,18:00,https://www.dmc.gov.lk/images/dmcreports/Drought_Situation_Report__on_2019__1568644170.pdf,3110
Situation Report,2019-09-16,12:00,https://www.dmc.gov.lk/images/dmcreports/Situation_Report__on_2019__1568620364.pdf,3110
Drought Situation Report,2019-09-16,12:00,https://www.dmc.gov.lk/images/dmcreports/Drought_Situation_Report__on_2019__1568620396.pdf,3110
Situation Report,2019-09-16,09:00,https://www.dmc.gov.lk/images/dmcreports/Situation_Report__on_2019__1568609457.pdf,3120
Drought Situation Report,2019-09-16,09:00,https://www.dmc.gov.lk/images/dmcreports/Drought_Situation_Report__on_2019__1568609476.pdf,3120
Drought Situation Report,2019-09-15,18:00,https://www.dmc.gov.lk/images/dmcreports/Drought_Situation_Report__on_2019__1568553480.pdf,3120
Situation Report,2019-09-15,18:00,https://www.dmc.gov.lk/images/dmcreports/Situation_Report__on_2019__1568553536.pdf,3120
Situation Report,2019-09-14,18:00,https://www.dmc.gov.lk/images/dmcreports/Situation_Report__on_2019__1568467513.pdf,3120
Situation Report,2019-09-14,18:00,https://www.dmc.gov.lk/images/dmcreports/Drought_Situation_Report__on_2019__1568467539.pdf,3120
Situation Report,2019-09-14,12:00,https://www.dmc.gov.lk/images/dmcreports/Situation_Report__on_2019__1568443851.pdf,3120
Drought Situation Report,2019-09-14,12:00,https://www.dmc.gov.lk/images/dmcreports/Drought_Situation_Report__on_2019__1568443897.pdf,3120
Situation Report,2019-09-14,09:00,https://www.dmc.gov.lk/images/dmcreports/Situation_Report__on_2019__1568433231.pdf,3120
Drought Situation Report,2019-09-13,18:00,https://www.dmc.gov.lk/images/dmcreports/Drought_Situation_Report__on_2019__1568377849.pdf,3130
Situation Report,2019-09-13,18:00,https://www.dmc.gov.lk/images/dmcreports/Situation_Report__on_2019__1568377879.pdf,3130
Situation Report,2019-09-13,12:00,https://www.dmc.gov.lk/images/dmcreports/Situation_Report__on_2019__1568358421.pdf,3130
Drought Situation Report,2019-09-13,12:00,https://www.dmc.gov.lk/images/dmcreports/Drought_Situation_Report__on_2019__1568358448.pdf,3130
Situation Report,2019-09-13,09:00,https://www.dmc.gov.lk/images/dmcreports/Situation_Report__on_2019__1568346479.pdf,3130
Drought Situation Report,2019-09-13,09:00,https://www.dmc.gov.lk/images/dmcreports/Drought_Situation_Report__on_2019__1568346507.pdf,3130
Drought Situation Report,2019-09-12,18:00,https://www.dmc.gov.lk/images/dmcreports/Drought_Situation_Report__on_2019__1568294083.pdf,3130
Situation Report,2019-09-12,18:00,https://www.dmc.gov.lk/images/dmcreports/Situation_Report__on_2019__1568294109.pdf,3130
Situation Report,2019-09-12,12:00,https://www.dmc.gov.lk/images/dmcreports/Situation_Report__on_2019__1568270218.pdf,3130
Drought Situation Report,2019-09-12,12:00,https://www.dmc.gov.lk/images/dmcreports/Drought_Situation_Report__on_2019__1568270257.pdf,3130
Drought Situation Report,2019-09-12,09:00,https://www.dmc.gov.lk/images/dmcreports/Drought_Situation_Report__on_2019__1568259239.pdf,3140
Situation Report,2019-09-12,09:00,https://www.dmc.gov.lk/images/dmcreports/Situation_Report__on_2019__1568259273.pdf,3140
Drought Situation Report,2019-09-11,18:00,https://www.dmc.gov.lk/images/dmcreports/Drought_Situation_Report__on_2019__1568205087.pdf,3140
Situation Report,2019-09-11,18:00,https://www.dmc.gov.lk/images/dmcreports/Situation_Report__on_2019__1568205134.pdf,3140
Drought Situation Report,2019-09-11,12:00,https://www.dmc.gov.lk/images/dmcreports/Drought_Situation_Report__on_2019__1568184692.pdf,3140
Situation Report,2019-09-11,12:00,https://www.dmc.gov.lk/images/dmcreports/Situation_Report__on_2019__1568184712.pdf,3140
Drought Situation Report,2019-09-11,09:00,https://www.dmc.gov.lk/images/dmcreports/Drought_Situation_Report__on_2019__1568172698.pdf,3140
Situation Report,2019-09-11,09:00,https://www.dmc.gov.lk/images/dmcreports/Situation_Report__on_2019__1568172740.pdf,3140
Situation Report,2019-09-10,18:00,https://www.dmc.gov.lk/images/dmcreports/Situation_Report__on_2019__1568120327.pdf,3140
Drought Situation Report,2019-09-10,18:00,https://www.dmc.gov.lk/images/dmcreports/Drought_Situation_Report__on_2019__1568120366.pdf,3140
Drought Situation Report,2019-09-10,12:00,https://www.dmc.gov.lk/images/dmcreports/Drought_Situation_Report__on_2019__1568097449.pdf,3150
Situation Report,2019-09-10,12:00,https://www.dmc.gov.lk/images/dmcreports/Situation_Report__on_2019__1568097544.pdf,3150
Drought Situation Report,2019-09-10,09:00,https://www.dmc.gov.lk/images/dmcreports/Drought_Situation_Report__on_2019__1568088050.pdf,3150
Situation Report,2019-09-10,09:00,https://www.dmc.gov.lk/images/dmcreports/Situation_Report__on_2019__1568088082.pdf,3150
Drought Situation Report,2019-09-09,12:00,https://www.dmc.gov.lk/images/dmcreports/Drought_Situation_Report__on_2019__1568014796.pdf,3150
Situation Report,2019-09-09,12:00,https://www.dmc.gov.lk/images/dmcreports/Situation_Report__on_2019__1568014825.pdf,3150
Drought Situation Report,2019-09-09,09:00,https://www.dmc.gov.lk/images/dmcreports/Drought_Situation_Report__on_2019__1567999954.pdf,3150
Situation Report,2019-09-09,09:00,https://www.dmc.gov.lk/images/dmcreports/Situation_Report__on_2019__1567999975.pdf,3150
Situation Report,2019-09-08,18:00,https://www.dmc.gov.lk/images/dmcreports/Situation_Report__on_2019__1567946574.pdf,3150
Drought Situation Report,2019-09-08,18:00,https://www.dmc.gov.lk/images/dmcreports/Drought_Situation_Report__on_2019__1567946601.pdf,3150
Drought Situation Report,2019-09-08,12:00,https://www.dmc.gov.lk/images/dmcreports/Drought_Situation_Report__on_2019__1567926753.pdf,3160
Situation Report,2019-09-08,12:00,https://www.dmc.gov.lk/images/dmcreports/Situation_Report__on_2019__1567926784.pdf,3160
Situation Report,2019-09-08,09:00,https://www.dmc.gov.lk/images/dmcreports/Situation_Report__on_2019__1567914742.pdf,3160
Drought Situation Report,2019-09-08,09:00,https://www.dmc.gov.lk/images/dmcreports/Drought_Situation_Report__on_2019__1567914774.pdf,3160
Situation Report,2019-09-07,18:00,https://www.dmc.gov.lk/images/dmcreports/Situation_Report__on_2019__1567859605.pdf,3160
Drought Situation Report,2019-09-07,18:00,https://www.dmc.gov.lk/images/dmcreports/Drought_Situation_Report__on_2019__1567859632.pdf,3160
Situation Report,2019-09-07,12:00,https://www.dmc.gov.lk/images/dmcreports/Situation_Report__on_2019__1567838834.pdf,3160
Drought Situation Report,2019-09-07,12:00,https://www.dmc.gov.lk/images/dmcreports/Drought_Situation_Report__on_2019__1567838865.pdf,3160
Situation Report,2019-09-07,09:00,https://www.dmc.gov.lk/images/dmcreports/Situation_Report__on_2019__1567833601.pdf,3160
Drought Situation Report,2019-09-07,09:00,https://www.dmc.gov.lk/images/dmcreports/Drought_Situation_Report__on_2019__1567833635.pdf,3160
Situation Report,2019-09-06,18:00,https://www.dmc.gov.lk/images/dmcreports/Situation_Report__on_2019__1567775847.pdf,3170
Drought Situation Report,2019-09-06,18:00,https://www.dmc.gov.lk/images/dmcreports/Drought_Situation_Report__on_2019__1567775893.pdf,3170
Situation Report,2019-09-06,12:00,https://www.dmc.gov.lk/images/dmcreports/Situation_Report__on_2019__1567753961.pdf,3170
Drought Situation Report,2019-09-06,12:00,https://www.dmc.gov.lk/images/dmcreports/Drought_Situation_Report__on_2019__1567754034.pdf,3170
Situation Report,2019-09-06,09:00,https://www.dmc.gov.lk/images/dmcreports/Situation_Report__on_2019__1567742803.pdf,3170
Drought Situation Report,2019-09-06,09:00,https://www.dmc.gov.lk/images/dmcreports/Drought_Situation_Report__on_2019__1567742840.pdf,3170
Situation Report,2019-09-05,18:00,https://www.dmc.gov.lk/images/dmcreports/Situation_Report__on_2019__1567688902.pdf,3170
Drought Situation Report,2019-09-05,18:00,https://www.dmc.gov.lk/images/dmcreports/Drought_Situation_Report__on_2019__1567689198.pdf,3170
Situation Report,2019-09-05,09:00,https://www.dmc.gov.lk/images/dmcreports/Situation_Report__on_2019__1567659695.pdf,3170
Drought Situation Report,2019-09-05,09:00,https://www.dmc.gov.lk/images/dmcreports/Drought_Situation_Report__on_2019__1567659722.pdf,3170
Situation Report,2019-09-04,18:00,https://www.dmc.gov.lk/images/dmcreports/Situation_Report__on_2019__1567602147.pdf,3180
Drought Situation Report,2019-09-04,18:00,https://www.dmc.gov.lk/images/dmcreports/Drought_Situation_Report__on_2019__1567602206.pdf,3180
Situation Report,2019-09-04,12:00,https://www.dmc.gov.lk/images/dmcreports/Situation_Report__on_2019__1567584785.pdf,3180
Drought Situation Report,2019-09-04,12:00,https://www.dmc.gov.lk/images/dmcreports/Drought_Situation_Report__on_2019__1567584822.pdf,3180
Situation Report,2019-09-04,09:00,https://www.dmc.gov.lk/images/dmcreports/Situation_Report__on_2019__1567573080.pdf,3180
Drought Situation Report,2019-09-04,09:00,https://www.dmc.gov.lk/images/dmcreports/Drought_Situation_Report__on_2019__1567573248.pdf,3180
Situation Report,2019-09-03,18:00,https://www.dmc.gov.lk/images/dmcreports/Situation_Report__on_2019__1567517700.pdf,3180
Drought Situation Report,2019-09-03,18:00,https://www.dmc.gov.lk/images/dmcreports/Drought_Situation_Report__on_2019__1567517743.pdf,3180
Situation Report,2019-09-03,09:00,https://www.dmc.gov.lk/images/dmcreports/Drought_Situation_Report__on_2019__1567483801.pdf,3180
Situation Report,2019-09-03,09:00,https://www.dmc.gov.lk/images/dmcreports/Situation_Report__on_2019__1567483816.pdf,3180
Situation Report,2019-09-02,18:00,https://www.dmc.gov.lk/images/dmcreports/Situation_Report__on_2019__1567427948.pdf,3190
Drought Situation Report,2019-09-02,18:00,https://www.dmc.gov.lk/images/dmcreports/Drought_Situation_Report__on_2019__1567428003.pdf,3190
Situation Report,2019-09-02,18:00,https://www.dmc.gov.lk/images/dmcreports/Situation_Report__on_2019__1568035000.pdf,3190
Drought Situation Report,2019-09-02,12:00,https://www.dmc.gov.lk/images/dmcreports/Drought_Situation_Report__on_2019__1567406253.pdf,3190
Situation Report,2019-09-02,12:00,https://www.dmc.gov.lk/images/dmcreports/Situation_Report__on_2019__1567406282.pdf,3190
Situation Report,2019-09-02,09:00,https://www.dmc.gov.lk/images/dmcreports/Situation_Report__on_2019__1567396106.pdf,3190
Drought Situation Report,2019-09-02,09:00,https://www.dmc.gov.lk/images/dmcreports/Drought_Situation_Report__on_2019__1567396192.pdf,3190
Situation Report,2019-09-01,18:00,https://www.dmc.gov.lk/images/dmcreports/Situation_Report__on_2019__1567341893.pdf,3190
Drought Situation Report,2019-09-01,18:00,https://www.dmc.gov.lk/images/dmcreports/Drought_Situation_Report__on_2019__1567341914.pdf,3190
Drought Situation Report,2019-09-01,12:00,https://www.dmc.gov.lk/images/dmcreports/Drought_Situation_Report__on_2019__1567320614.pdf,3190
Situation Report,2019-09-01,12:00,https://www.dmc.gov.lk/images/dmcreports/Situation_Report__on_2019__1567320633.pdf,3200
Drought Situation Report,2019-09-01,09:00,https://www.dmc.gov.lk/images/dmcreports/Drought_Situation_Report__on_2019__1567309565.pdf,3200
Situation Report,2019-09-01,09:00,https://www.dmc.gov.lk/images/dmcreports/Situation_Report__on_2019__1567309586.pdf,3200
Situation Report,2019-08-31,18:00,https://www.dmc.gov.lk/images/dmcreports/Situation_Report__on_2019__1567256611.pdf,3200
Drought Situation Report,2019-08-31,18:00,https://www.dmc.gov.lk/images/dmcreports/Drought_Situation_Report__on_2019__1567256800.pdf,3200
Drought Situation Report,2019-08-31,12:00,https://www.dmc.gov.lk/images/dmcreports/Drought_Situation_Report__on_2019__1567234241.pdf,3200
Situation Report,2019-08-31,12:00,https://www.dmc.gov.lk/images/dmcreports/Situation_Report__on_2019__1567234311.pdf,3200
Drought Situation Report,2019-08-31,09:00,https://www.dmc.gov.lk/images/dmcreports/Drought_Situation_Report__on_2019__1567222838.pdf,3200
Situation Report,2019-08-31,09:00,https://www.dmc.gov.lk/images/dmcreports/Situation_Report__on_2019__1567222878.pdf,3200
Situation Report,2019-08-30,18:00,https://www.dmc.gov.lk/images/dmcreports/Drought_Situation_Report__on_2019__1567170420.pdf,3200
Situation Report,2019-08-30,18:00,https://www.dmc.gov.lk/images/dmcreports/Situation_Report__on_2019__1567170459.pdf,3210
Situation Report,2019-08-30,09:00,https://www.dmc.gov.lk/images/dmcreports/Situation_Report__on_2019__1567143579.pdf,3210
Situation Report,2019-08-30,09:00,https://www.dmc.gov.lk/images/dmcreports/Drought_Situation_Report__on_2019__1567143619.pdf,3210
Situation Report,2019-08-29,18:00,https://www.dmc.gov.lk/images/dmcreports/Situation_Report__on_2019__1567096149.pdf,3210
Drought Situation Report,2019-08-29,18:00,https://www.dmc.gov.lk/images/dmcreports/Drought_Situation_Report__on_2019__1567096171.pdf,3210
Situation Report,2019-08-29,09:00,https://www.dmc.gov.lk/images/dmcreports/Drought_Situation_Report__on_2019__1567050931.pdf,3210
Situation Report,2019-08-29,09:00,https://www.dmc.gov.lk/images/dmcreports/Situation_Report__on_2019__1567050971.pdf,3210
Situation Report,2019-08-28,18:00,https://www.dmc.gov.lk/images/dmcreports/Situation_Report__on_2019__1566999844.pdf,3210
Drought Situation Report,2019-08-28,18:00,https://www.dmc.gov.lk/images/dmcreports/Drought_Situation_Report__on_2019__1566999868.pdf,3210
Situation Report,2019-08-28,12:00,https://www.dmc.gov.lk/images/dmcreports/Situation_Report__on_2019__1566975220.pdf,3210
Drought Situation Report,2019-08-28,12:00,https://www.dmc.gov.lk/images/dmcreports/Drought_Situation_Report__on_2019__1566975241.pdf,3220
Situation Report,2019-08-28,09:00,https://www.dmc.gov.lk/images/dmcreports/Situation_Report__on_2019__1566964303.pdf,3220
Drought Situation Report,2019-08-28,09:00,https://www.dmc.gov.lk/images/dmcreports/Drought_Situation_Report__on_2019__1566964326.pdf,3220
Situation Report,2019-08-27,18:00,https://www.dmc.gov.lk/images/dmcreports/Situation_Report__on_2019__1566914654.pdf,3220
Drought Situation Report,2019-08-27,18:00,https://www.dmc.gov.lk/images/dmcreports/Drought_Situation_Report__on_2019__1566914679.pdf,3220
Situation Report,2019-08-27,12:00,https://www.dmc.gov.lk/images/dmcreports/Situation_Report__on_2019__1566892836.pdf,3220
Drought Situation Report,2019-08-27,12:00,https://www.dmc.gov.lk/images/dmcreports/Drought_Situation_Report__on_2019__1566892852.pdf,3220
Situation Report,2019-08-27,09:00,https://www.dmc.gov.lk/images/dmcreports/Situation_Report__on_2019__1566877141.pdf,3220
Drought Situation Report,2019-08-27,09:00,https://www.dmc.gov.lk/images/dmcreports/Drought_Situation_Report__on_2019__1566877159.pdf,3220
Situation Report,2019-08-26,18:00,https://www.dmc.gov.lk/images/dmcreports/Situation_Report__on_2019__1566824716.pdf,3220
Drought Situation Report,2019-08-26,18:00,https://www.dmc.gov.lk/images/dmcreports/Drought_Situation_Report__on_2019__1566824739.pdf,3230
Situation Report,2019-08-26,12:00,https://www.dmc.gov.lk/images/dmcreports/Situation_Report__on_2019__1566802996.pdf,3230
Drought Situation Report,2019-08-26,12:00,https://www.dmc.gov.lk/images/dmcreports/Drought_Situation_Report__on_2019__1566803045.pdf,3230
Situation Report,2019-08-26,09:00,https://www.dmc.gov.lk/images/dmcreports/Situation_Report__on_2019__1566791422.pdf,3230
Drought Situation Report,2019-08-26,09:00,https://www.dmc.gov.lk/images/dmcreports/Drought_Situation_Report__on_2019__1566791446.pdf,3230
Situation Report,2019-08-25,18:00,https://www.dmc.gov.lk/images/dmcreports/Situation_Report__on_2019__1566740474.pdf,3230
Drought Situation Report,2019-08-25,18:00,https://www.dmc.gov.lk/images/dmcreports/Drought_Situation_Report__on_2019__1566740500.pdf,3230
Situation Report,2019-08-25,12:00,https://www.dmc.gov.lk/images/dmcreports/Situation_Report__on_2019__1566715060.pdf,3230
Drought Situation Report,2019-08-25,12:00,https://www.dmc.gov.lk/images/dmcreports/Drought_Situation_Report__on_2019__1566715089.pdf,3230
Drought Situation Report,2019-08-25,09:00,https://www.dmc.gov.lk/images/dmcreports/Drought_Situation_Report__on_2019__1566704792.pdf,3230
Situation Report,2019-08-25,09:00,https://www.dmc.gov.lk/images/dmcreports/Situation_Report__on_2019__1566704838.pdf,3240
Situation Report,2019-08-24,18:00,https://www.dmc.gov.lk/images/dmcreports/Situation_Report__on_2019__1566649457.pdf,3240
Drought Situation Report,2019-08-24,18:00,https://www.dmc.gov.lk/images/dmcreports/Drought_Situation_Report__on_2019__1566649490.pdf,3240
Drought Situation Report,2019-08-24,12:00,https://www.dmc.gov.lk/images/dmcreports/Drought_Situation_Report__on_2019__1566628739.pdf,3240
Situation Report,2019-08-24,12:00,https://www.dmc.gov.lk/images/dmcreports/Situation_Report__on_2019__1566628792.pdf,3240
Drought Situation Report,2019-08-24,09:00,https://www.dmc.gov.lk/images/dmcreports/Drought_Situation_Report__on_2019__1566618806.pdf,3240
Situation Report,2019-08-24,09:00,https://www.dmc.gov.lk/images/dmcreports/Situation_Report__on_2019__1566618831.pdf,3240
Drought Situation Report,2019-08-23,18:00,https://www.dmc.gov.lk/images/dmcreports/Drought_Situation_Report__on_2019__1566565687.pdf,3240
Situation Report,2019-08-23,18:00,https://www.dmc.gov.lk/images/dmcreports/Situation_Report__on_2019__1566565704.pdf,3240
Drought Situation Report,2019-08-23,12:00,https://www.dmc.gov.lk/images/dmcreports/Drought_Situation_Report__on_2019__1566544687.pdf,3240
Situation Report,2019-08-23,12:00,https://www.dmc.gov.lk/images/dmcreports/Situation_Report__on_2019__1566544707.pdf,3250
Situation Report,2019-08-23,09:00,https://www.dmc.gov.lk/images/dmcreports/Situation_Report__on_2019__1566536978.pdf,3250
Drought Situation Report,2019-08-23,09:00,https://www.dmc.gov.lk/images/dmcreports/Drought_Situation_Report__on_2019__1566537041.pdf,3250
Situation Report,2019-08-22,18:00,https://www.dmc.gov.lk/images/dmcreports/Situation_Report__on_2019__1566477997.pdf,3250
Drought Situation Report,2019-08-22,18:00,https://www.dmc.gov.lk/images/dmcreports/Drought_Situation_Report__on_2019__1566478024.pdf,3250
Situation Report,2019-08-22,12:00,https://www.dmc.gov.lk/images/dmcreports/Situation_Report__on_2019__1566462550.pdf,3250
Drought Situation Report,2019-08-22,12:00,https://www.dmc.gov.lk/images/dmcreports/Drought_Situation_Report__on_2019__1566462572.pdf,3250
Drought Situation Report,2019-08-22,09:00,https://www.dmc.gov.lk/images/dmcreports/Drought_Situation_Report__on_2019__1566444873.pdf,3250
Situation Report,2019-08-22,09:00,https://www.dmc.gov.lk/images/dmcreports/Situation_Report__on_2019__1566444918.pdf,3250
Situation Report,2019-08-21,18:00,https://www.dmc.gov.lk/images/dmcreports/Drought_Situation_Report__on_2019__1566395840.pdf,3250
Situation Report,2019-08-21,18:00,https://www.dmc.gov.lk/images/dmcreports/Situation_Report__on_2019__1566395878.pdf,3260
Drought Situation Report,2019-08-21,12:00,https://www.dmc.gov.lk/images/dmcreports/Drought_Situation_Report__on_2019__1566370826.pdf,3260
Situation Report,2019-08-21,12:00,https://www.dmc.gov.lk/images/dmcreports/Situation_Report__on_2019__1566370847.pdf,3260
Situation Report,2019-08-21,09:00,https://www.dmc.gov.lk/images/dmcreports/Situation_Report__on_2019__1566359502.pdf,3260
Drought Situation Report,2019-08-21,09:00,https://www.dmc.gov.lk/images/dmcreports/Drought_Situation_Report__on_2019__1566359528.pdf,3260
Situation Report,2019-08-20,18:00,https://www.dmc.gov.lk/images/dmcreports/Situation_Report__on_2019__1566305236.pdf,3260
Drought Situation Report,2019-08-20,18:00,https://www.dmc.gov.lk/images/dmcreports/Drought_Situation_Report__on_2019__1566305254.pdf,3260
Situation Report,2019-08-20,12:00,https://www.dmc.gov.lk/images/dmcreports/Situation_Report__on_2019__1566285504.pdf,3260
Drought Situation Report,2019-08-20,12:00,https://www.dmc.gov.lk/images/dmcreports/Drought_Situation_Report__on_2019__1566285538.pdf,3260
Situation Report,2019-08-20,09:00,https://www.dmc.gov.lk/images/dmcreports/Situation_Report__on_2019__1566273321.pdf,3260
Drought Situation Report,2019-08-20,09:00,https://www.dmc.gov.lk/images/dmcreports/Drought_Situation_Report__on_2019__1566273358.pdf,3270
Situation Report,2019-08-19,18:00,https://www.dmc.gov.lk/images/dmcreports/Situation_Report__on_2019__1566223082.pdf,3270
Drought Situation Report,2019-08-19,18:00,https://www.dmc.gov.lk/images/dmcreports/Drought_Situation_Report__on_2019__1566223103.pdf,3270
Situation Report,2019-08-19,12:00,https://www.dmc.gov.lk/images/dmcreports/Drought_Situation_Report__on_2019__1566199726.pdf,3270
Situation Report,2019-08-19,12:00,https://www.dmc.gov.lk/images/dmcreports/Situation_Report__on_2019__1566199812.pdf,3270
Situation Report,2019-08-19,09:00,https://www.dmc.gov.lk/images/dmcreports/Drought_Situation_Report__on_2019__1566189809.pdf,3270
Situation Report,2019-08-19,09:00,https://www.dmc.gov.lk/images/dmcreports/Situation_Report__on_2019__1566189825.pdf,3270
Situation Report,2019-08-18,18:00,https://www.dmc.gov.lk/images/dmcreports/Situation_Report__on_2019__1566136666.pdf,3270
Drought Situation Report,2019-08-18,18:00,https://www.dmc.gov.lk/images/dmcreports/Drought_Situation_Report__on_2019__1566136692.pdf,3270
Situation Report,2019-08-18,12:00,https://www.dmc.gov.lk/images/dmcreports/Situation_Report__on_2019__1566111296.pdf,3270
Drought Situation Report,2019-08-18,12:00,https://www.dmc.gov.lk/images/dmcreports/Drought_Situation_Report__on_2019__1566111313.pdf,3280
Situation Report,2019-08-18,09:00,https://www.dmc.gov.lk/images/dmcreports/Situation_Report__on_2019__1566100488.pdf,3280
Drought Situation Report,2019-08-18,09:00,https://www.dmc.gov.lk/images/dmcreports/Drought_Situation_Report__on_2019__1566100505.pdf,3280
Situation Report,2019-08-17,18:00,https://www.dmc.gov.lk/images/dmcreports/Drought_Situation_Report__on_2019__1566045158.pdf,3280
Situation Report,2019-08-17,18:00,https://www.dmc.gov.lk/images/dmcreports/Situation_Report__on_2019__1566045180.pdf,3280
Situation Report,2019-08-17,12:00,https://www.dmc.gov.lk/images/dmcreports/Situation_Report__on_2019__1566024182.pdf,3280
Drought Situation Report,2019-08-17,12:00,https://www.dmc.gov.lk/images/dmcreports/Drougt_Situation_Report__on_2019__1566024260.pdf,3280
Situation Report,2019-08-17,09:00,https://www.dmc.gov.lk/images/dmcreports/Situation_Report__on_2019__1566013442.pdf,3280
Drought Situation Report,2019-08-17,09:00,https://www.dmc.gov.lk/images/dmcreports/Drought_Situation_Report__on_2019__1566013466.pdf,3280
Drought Situation Report,2019-08-16,18:00,https://www.dmc.gov.lk/images/dmcreports/Drought_Situation_Report__on_2019__1565958885.pdf,3280
Situation Report,2019-08-16,18:00,https://www.dmc.gov.lk/images/dmcreports/Situation_Report__on_2019__1565958904.pdf,3290
Drought Situation Report,2019-08-16,12:00,https://www.dmc.gov.lk/images/dmcreports/Drought_Situation_Report__on_2019__1565938737.pdf,3290
Situation Report,2019-08-16,12:00,https://www.dmc.gov.lk/images/dmcreports/Situation_Report__on_2019__1565938759.pdf,3290
Drought Situation Report,2019-08-16,09:00,https://www.dmc.gov.lk/images/dmcreports/Drought_Situation_Report__on_2019__1565927183.pdf,3290
Situation Report,2019-08-16,09:00,https://www.dmc.gov.lk/images/dmcreports/Situation_Report__on_2019__1565927223.pdf,3290
Drought Situation Report,2019-08-15,18:00,https://www.dmc.gov.lk/images/dmcreports/Drought_Situation_Report__on_2019__1565874409.pdf,3290
Situation Report,2019-08-15,18:00,https://www.dmc.gov.lk/images/dmcreports/Situation_Report__on_2019__1565874448.pdf,3290
Situation Report,2019-08-15,12:00,https://www.dmc.gov.lk/images/dmcreports/Situation_Report__on_2019__1565854235.pdf,3290
Drought Situation Report,2019-08-15,12:00,https://www.dmc.gov.lk/images/dmcreports/Drought_Situation_Report__on_2019__1565854263.pdf,3290
Situation Report,2019-08-15,09:00,https://www.dmc.gov.lk/images/dmcreports/Situation_Report__on_2019__1565841763.pdf,3290
Drought Situation Report,2019-08-15,09:00,https://www.dmc.gov.lk/images/dmcreports/Drought_Situation_Report__on_2019__1565841787.pdf,3300
Drought Situation Report,2019-08-14,18:00,https://www.dmc.gov.lk/images/dmcreports/Drought_Situation_Report__on_2019__1565793658.pdf,3300
Situation Report,2019-08-14,18:00,https://www.dmc.gov.lk/images/dmcreports/Situation_Report__on_2019__1565793684.pdf,3300
Situation Report,2019-08-14,12:00,https://www.dmc.gov.lk/images/dmcreports/Situation_Report__on_2019__1565767984.pdf,3300
Situation Report,2019-08-14,12:00,https://www.dmc.gov.lk/images/dmcreports/Drought_Situation_Report__on_2019__1565768017.pdf,3300
Situation Report,2019-08-14,09:00,https://www.dmc.gov.lk/images/dmcreports/Situation_Report__on_2019__1565755077.pdf,3300
Drought Situation Report,2019-08-14,09:00,https://www.dmc.gov.lk/images/dmcreports/Drought_Situation_Report__on_2019__1565755279.pdf,3300
Situation Report,2019-08-13,19:00,https://www.dmc.gov.lk/images/dmcreports/Situation_Report__on_2019__1565705823.pdf,3300
Drought Situation Report,2019-08-13,19:00,https://www.dmc.gov.lk/images/dmcreports/Drought_Situation_Report__on_2019__1565705845.pdf,3300
Situation Report,2019-08-13,12:00,https://www.dmc.gov.lk/images/dmcreports/Situation_Report__on_2019__1565680540.pdf,3300
Situation Report,2019-08-13,12:00,https://www.dmc.gov.lk/images/dmcreports/Drought_Situation_Report__on_2019__1565680588.pdf,3310
Situation Report,2019-08-13,10:00,https://www.dmc.gov.lk/images/dmcreports/Situation_Report__on_2019__1565672991.pdf,3310
Drought Situation Report,2019-08-13,10:00,https://www.dmc.gov.lk/images/dmcreports/Drought_Situation_Report__on_2019__1565673072.pdf,3310
Situation Report,2019-08-12,18:00,https://www.dmc.gov.lk/images/dmcreports/Situation_Report__on_2019__1565614663.pdf,3310
Drought Situation Report,2019-08-12,18:00,https://www.dmc.gov.lk/images/dmcreports/Drought_Situation_Report__on_2019__1565614689.pdf,3310
Situation Report,2019-08-11,18:00,https://www.dmc.gov.lk/images/dmcreports/Situation_Report__on_2019__1565530387.pdf,3310
Situation Report,2019-08-11,18:00,https://www.dmc.gov.lk/images/dmcreports/Drought_Situation_Report__on_2019__1565530526.pdf,3310
Situation Report,2019-08-11,12:00,https://www.dmc.gov.lk/images/dmcreports/Situation_Report__on_2019__1565518192.pdf,3310
Drought Situation Report,2019-08-11,12:00,https://www.dmc.gov.lk/images/dmcreports/Drought_Situation_Report__on_2019__1565518230.pdf,3310
Situation Report,2019-08-11,09:00,https://www.dmc.gov.lk/images/dmcreports/Drought_Situation_Report__on_2019__1565496019.pdf,3310
Situation Report,2019-08-11,09:00,https://www.dmc.gov.lk/images/dmcreports/Situation_Report__on_2019__1565496082.pdf,3320
Situation Report,2019-08-10,18:00,https://www.dmc.gov.lk/images/dmcreports/Situation_Report__on_2019__1565445626.pdf,3320
Drought Situation Report,2019-08-10,18:00,https://www.dmc.gov.lk/images/dmcreports/Drought_Situation_Report__on_2019__1565445762.pdf,3320
Situation Report,2019-08-10,12:00,https://www.dmc.gov.lk/images/dmcreports/Situation_Report__on_2019__1565420511.pdf,3320
Drought Situation Report,2019-08-10,12:00,https://www.dmc.gov.lk/images/dmcreports/Drought_Situation_Report__on_2019__1565420545.pdf,3320
Situation Report,2019-08-10,09:00,https://www.dmc.gov.lk/images/dmcreports/Situation_Report__on_2019__1565408620.pdf,3320
Drought Situation Report,2019-08-10,09:00,https://www.dmc.gov.lk/images/dmcreports/Drought_Situation_Report__on_2019__1565408638.pdf,3320
Situation Report,2019-08-09,18:00,https://www.dmc.gov.lk/images/dmcreports/Situation_Report__on_2019__1565357765.pdf,3320
Drought Situation Report,2019-08-09,18:00,https://www.dmc.gov.lk/images/dmcreports/Drought_Situation_Report__on_2019__1565358599.pdf,3320
Situation Report,2019-08-09,12:00,https://www.dmc.gov.lk/images/dmcreports/Situation_Report__on_2019__1565334981.pdf,3320
Drought Situation Report,2019-08-09,12:00,https://www.dmc.gov.lk/images/dmcreports/Drought_Situation_Report__on_2019__1565335005.pdf,3330
Situation Report,2019-08-09,09:00,https://www.dmc.gov.lk/images/dmcreports/Situation_Report__on_2019__1565322548.pdf,3330
Drought Situation Report,2019-08-09,09:00,https://www.dmc.gov.lk/images/dmcreports/Drought_Situation_Report__on_2019__1565322574.pdf,3330
Situation Report,2019-08-08,12:00,https://www.dmc.gov.lk/images/dmcreports/Situation_Report__on_2019__1565248427.pdf,3330
Drought Situation Report,2019-08-08,12:00,https://www.dmc.gov.lk/images/dmcreports/Drought_Situation_Report__on_2019__1565248448.pdf,3330
Situation Report,2019-08-08,09:00,https://www.dmc.gov.lk/images/dmcreports/Situation_Report__on_2019__1565239942.pdf,3330
Drought Situation Report,2019-08-08,09:00,https://www.dmc.gov.lk/images/dmcreports/Drought_Situation_Report__on_2019__1565240003.pdf,3330
Drought Situation Report,2019-08-07,18:00,https://www.dmc.gov.lk/images/dmcreports/Drought_Situation_Report__on_2019__1565183485.pdf,3330
Situation Report,2019-08-07,18:00,https://www.dmc.gov.lk/images/dmcreports/Situation_Report__on_2019__1565183513.pdf,3330
Situation Report,2019-08-07,12:00,https://www.dmc.gov.lk/images/dmcreports/Drought_Situation_Report__on_2019__1565159663.pdf,3330
Drought Situation Report,2019-08-07,09:00,https://www.dmc.gov.lk/images/dmcreports/Drought_Situation_Report__on_2019__1565149622.pdf,3340
Situation Report,2019-08-07,09:00,https://www.dmc.gov.lk/images/dmcreports/Situation_Report__on_2019__1565149666.pdf,3340
Situation Report,2019-08-06,18:00,https://www.dmc.gov.lk/images/dmcreports/Situation_Report__on_2019__1565097661.pdf,3340
Situation Report,2019-08-06,18:00,https://www.dmc.gov.lk/images/dmcreports/Drought_Situation_Report__on_2019__1565097752.pdf,3340
Drought Situation Report,2019-08-06,12:00,https://www.dmc.gov.lk/images/dmcreports/Drought_Situation_Report__on_2019__1565085260.pdf,3340
Situation Report,2019-08-06,12:00,https://www.dmc.gov.lk/images/dmcreports/Situation_Report__on_2019__1565085283.pdf,3340
Situation Report,2019-08-06,09:00,https://www.dmc.gov.lk/images/dmcreports/Situation_Report__on_2019__1565068933.pdf,3340
Situation Report,2019-08-06,09:00,https://www.dmc.gov.lk/images/dmcreports/Drought_Situation_Report__on_2019__1565068963.pdf,3340
Situation Report,2019-08-05,18:00,https://www.dmc.gov.lk/images/dmcreports/Situation_Report__on_2019__1565014733.pdf,3340
Situation Report,2019-08-05,18:00,https://www.dmc.gov.lk/images/dmcreports/Situation_Report__on_2019__1565014853.pdf,3340
Situation Report,2019-08-05,12:00,https://www.dmc.gov.lk/images/dmcreports/Situation_Report__on_2019__1564988629.pdf,3350
Drought Situation Report,2019-08-05,12:00,https://www.dmc.gov.lk/images/dmcreports/Drought_Situation_Report__on_2019__1564988646.pdf,3350
Drought Situation Report,2019-08-05,09:00,https://www.dmc.gov.lk/images/dmcreports/Drought_Situation_Report__on_2019__1564976640.pdf,3350
Situation Report,2019-08-05,09:00,https://www.dmc.gov.lk/images/dmcreports/Situation_Report__on_2019__1564976718.pdf,3350
Situation Report,2019-08-04,18:00,https://www.dmc.gov.lk/images/dmcreports/Situation_Report__on_2019__1564923756.pdf,3350
Situation Report,2019-08-04,18:00,https://www.dmc.gov.lk/images/dmcreports/Situation_Report__on_2019__1564923777.pdf,3350
Situation Report,2019-08-04,12:00,https://www.dmc.gov.lk/images/dmcreports/Drought_Situation_Report__on_2019__1564903084.pdf,3350
Situation Report,2019-08-04,12:00,https://www.dmc.gov.lk/images/dmcreports/Situation_Report__on_2019__1564903275.pdf,3350
Situation Report,2019-08-04,09:00,https://www.dmc.gov.lk/images/dmcreports/Situation_Report__on_2019__1564890137.pdf,3350
Drought Situation Report,2019-08-04,09:00,https://www.dmc.gov.lk/images/dmcreports/Drought_Situation_Report__on_2019__1564890162.pdf,3350
Situation Report,2019-08-03,18:00,https://www.dmc.gov.lk/images/dmcreports/Situation_Report__on_2019__1564841086.pdf,3360
Drought Situation Report,2019-08-03,18:00,https://www.dmc.gov.lk/images/dmcreports/Drought_Situation_Report__on_2019__1564841107.pdf,3360
Situation Report,2019-08-03,12:00,https://www.dmc.gov.lk/images/dmcreports/Situation_Report__on_2019__1564816943.pdf,3360
Drought Situation Report,2019-08-03,12:00,https://www.dmc.gov.lk/images/dmcreports/Situation_Report__on_2019__1564817178.pdf,3360
Situation Report,2019-08-03,09:00,https://www.dmc.gov.lk/images/dmcreports/Situation_Report__on_2019__1564804469.pdf,3360
Drought Situation Report,2019-08-03,09:00,https://www.dmc.gov.lk/images/dmcreports/Drought_Situation_Report__on_2019__1564804485.pdf,3360
Situation Report,2019-08-02,09:00,https://www.dmc.gov.lk/images/dmcreports/Drought_Situation_Report__on_2019__1564718104.pdf,3360
Situation Report,2019-08-02,09:00,https://www.dmc.gov.lk/images/dmcreports/Situation_Report__on_2019__1564718144.pdf,3360
Situation Report,2019-08-01,18:00,https://www.dmc.gov.lk/images/dmcreports/Situation_Report__on_2019__1564667431.pdf,3360
Situation Report,2019-08-01,18:00,https://www.dmc.gov.lk/images/dmcreports/Drought_Situation_Report__on_2019__1564667450.pdf,3360
Situation Report,2019-08-01,16:00,https://www.dmc.gov.lk/images/dmcreports/Weather_Report_at_1600hrs_on_2019__1564657214.PDF,3370
Situation Report,2019-08-01,12:00,https://www.dmc.gov.lk/images/dmcreports/Situation_Report__on_2019__1564642206.pdf,3370
Situation Report,2019-08-01,09:00,https://www.dmc.gov.lk/images/dmcreports/Situation_Report__on_2019__1564631101.pdf,3370
Drought Situation Report,2019-08-01,09:00,https://www.dmc.gov.lk/images/dmcreports/Drought_Situation_Report__on_2019__1564631477.pdf,3370
Situation Report,2019-07-31,18:00,https://www.dmc.gov.lk/images/dmcreports/Situation_Report__on_2019__1564576934.pdf,3370
Drought Situation Report,2019-07-31,18:00,https://www.dmc.gov.lk/images/dmcreports/Drought_Situation_Report__on_2019__1564577025.pdf,3370
Situation Report,2019-07-31,12:00,https://www.dmc.gov.lk/images/dmcreports/Drought_Situation_Report__on_2019__1564556646.pdf,3370
Situation Report,2019-07-31,12:00,https://www.dmc.gov.lk/images/dmcreports/Situation_Report__on_2019__1564556665.pdf,3370
Situation Report,2019-07-31,09:00,https://www.dmc.gov.lk/images/dmcreports/Drought_Situation_Report__on_2019__1564544458.pdf,3370
Situation Report,2019-07-31,09:00,https://www.dmc.gov.lk/images/dmcreports/Situation_Report__on_2019__1564544480.pdf,3370
Situation Report,2019-07-30,18:00,https://www.dmc.gov.lk/images/dmcreports/Situation_Report_-_Drought_on_2019__1564490068.pdf,3380
Situation Report,2019-07-30,18:00,https://www.dmc.gov.lk/images/dmcreports/Situation_Report__on_2019__1564490124.pdf,3380
Situation Report,2019-07-30,12:00,https://www.dmc.gov.lk/images/dmcreports/Situation_Report__on_2019__1564469548.pdf,3380
Situation Report,2019-07-30,12:00,https://www.dmc.gov.lk/images/dmcreports/Drought_Situation_Report__on_2019__1564469569.pdf,3380
Situation Report,2019-07-30,09:00,https://www.dmc.gov.lk/images/dmcreports/Situation_Report__on_2019__1564458305.pdf,3380
Drought Situation Report,2019-07-30,09:00,https://www.dmc.gov.lk/images/dmcreports/Drought_Situation_Report__on_2019__1564458978.pdf,3380
Situation Report,2019-07-29,18:00,https://www.dmc.gov.lk/images/dmcreports/Situation_Report__on_2019__1564406277.pdf,3380
Drought Situation Report,2019-07-29,18:00,https://www.dmc.gov.lk/images/dmcreports/Drought_Situation_Report__on_2019__1564406837.pdf,3380
Situation Report,2019-07-29,12:00,https://www.dmc.gov.lk/images/dmcreports/Situation_Report__on_2019__1564382951.pdf,3380
Situation Report,2019-07-29,12:00,https://www.dmc.gov.lk/images/dmcreports/Situation_Report__on_2019__1564383404.pdf,3380
Situation Report,2019-07-29,09:00,https://www.dmc.gov.lk/images/dmcreports/Situation_Report__on_2019__1564371469.pdf,3390
Situation Report,2019-07-28,18:00,https://www.dmc.gov.lk/images/dmcreports/Situation_Report__on_2019__1564318294.pdf,3390
Situation Report,2019-07-28,12:00,https://www.dmc.gov.lk/images/dmcreports/Drought_Situation_Report__on_2019__1564296159.pdf,3390
Situation Report,2019-07-28,09:00,https://www.dmc.gov.lk/images/dmcreports/Drought_Situation_Report__on_2019__1564285297.pdf,3390
Situation Report,2019-07-28,09:00,https://www.dmc.gov.lk/images/dmcreports/Situation_Report__on_2019__1564285323.pdf,3390
Drought Situation Report,2019-07-27,18:00,https://www.dmc.gov.lk/images/dmcreports/Drought_Situation_Report__on_2019__1564234989.pdf,3390
Situation Report,2019-07-27,18:00,https://www.dmc.gov.lk/images/dmcreports/Situation_Report__on_2019__1564235008.pdf,3390
Drought Situation Report,2019-07-27,12:00,https://www.dmc.gov.lk/images/dmcreports/Drought_Situation_Report__on_2019__1564212204.pdf,3390
Situation Report,2019-07-27,12:00,https://www.dmc.gov.lk/images/dmcreports/Situation_Report__on_2019__1564212303.pdf,3390
Drought Situation Report,2019-07-27,09:00,https://www.dmc.gov.lk/images/dmcreports/Drought_Situation_Report__on_2019__1564200564.pdf,3390
Situation Report,2019-07-27,09:00,https://www.dmc.gov.lk/images/dmcreports/Situation_Report__on_2019__1564200594.pdf,3400
Drought Situation Report,2019-07-26,18:00,https://www.dmc.gov.lk/images/dmcreports/Drought_Situation_Report__on_2019__1564145770.pdf,3400
Situation Report,2019-07-26,18:00,https://www.dmc.gov.lk/images/dmcreports/Situation_Report__on_2019__1564145795.pdf,3400
Situation Report,2019-07-26,12:00,https://www.dmc.gov.lk/images/dmcreports/Drought_Situation_Report__on_2019__1564124387.pdf,3400
Situation Report,2019-07-26,12:00,https://www.dmc.gov.lk/images/dmcreports/Situation_Report__on_2019__1564124403.pdf,3400
Situation Report,2019-07-26,09:00,https://www.dmc.gov.lk/images/dmcreports/Drought_Situation_Report__on_2019__1564114779.pdf,3400
Situation Report,2019-07-26,09:00,https://www.dmc.gov.lk/images/dmcreports/Situation_Report__on_2019__1564114799.pdf,3400
Situation Report,2019-07-25,18:00,https://www.dmc.gov.lk/images/dmcreports/Situation_Report__on_2019__1564059960.pdf,3400
Drought Situation Report,2019-07-25,18:00,https://www.dmc.gov.lk/images/dmcreports/drought_Situation_Report__on_2019__1564059982.pdf,3400
Situation Report,2019-07-25,12:00,https://www.dmc.gov.lk/images/dmcreports/Situation_Report__on_2019__1564038708.pdf,3400
Situation Report,2019-07-25,09:00,https://www.dmc.gov.lk/images/dmcreports/Situation_Report__on_2019__1564026467.pdf,3410
Drought Situation Report,2019-07-25,09:00,https://www.dmc.gov.lk/images/dmcreports/Drought_Situation_Report__on_2019__1564026496.pdf,3410
Situation Report,2019-07-24,18:00,https://www.dmc.gov.lk/images/dmcreports/Situation_Report__on_2019__1563977121.pdf,3410
Drought Situation Report,2019-07-24,18:00,https://www.dmc.gov.lk/images/dmcreports/Drought_Situation_Report__on_2019__1563977153.pdf,3410
Situation Report,2019-07-24,12:00,https://www.dmc.gov.lk/images/dmcreports/Situation_Report__on_2019__1563952093.pdf,3410
Drought Situation Report,2019-07-24,12:00,https://www.dmc.gov.lk/images/dmcreports/Drought_Situation_Report__on_2019__1563952132.pdf,3410
Situation Report,2019-07-24,09:00,https://www.dmc.gov.lk/images/dmcreports/Situation_Report__on_2019__1563940698.pdf,3410
Drought Situation Report,2019-07-24,09:00,https://www.dmc.gov.lk/images/dmcreports/Drought_Situation_Report__on_2019__1563940837.pdf,3410
Situation Report,2019-07-23,18:00,https://www.dmc.gov.lk/images/dmcreports/Situation_Report__on_2019__1563890868.pdf,3410
Situation Report,2019-07-23,12:00,https://www.dmc.gov.lk/images/dmcreports/Situation_Report__on_2019__1563865240.pdf,3410
Situation Report,2019-07-22,12:00,https://www.dmc.gov.lk/images/dmcreports/Situation_Report__on_2019__1563784339.pdf,3420
Situation Report,2019-07-22,09:00,https://www.dmc.gov.lk/images/dmcreports/Situation_Report__on_2019__1563767446.pdf,3420
Situation Report,2019-07-21,18:00,https://www.dmc.gov.lk/images/dmcreports/Situation_Report__on_2019__1563715495.pdf,3420
Situation Report,2019-07-21,12:00,https://www.dmc.gov.lk/images/dmcreports/Situation_Report__on_2019__1563692870.pdf,3420
Situation Report,2019-07-21,09:00,https://www.dmc.gov.lk/images/dmcreports/Situation_Report__on_2019__1563679932.pdf,3420
Situation Report,2019-07-20,18:00,https://www.dmc.gov.lk/images/dmcreports/Situation_Report__on_2019__1563633698.pdf,3420
Situation Report,2019-07-20,12:00,https://www.dmc.gov.lk/images/dmcreports/Situation_Report__on_2019__1563606996.pdf,3420
Situation Report,2019-07-20,09:00,https://www.dmc.gov.lk/images/dmcreports/Situation_Report__on_2019__1563595131.pdf,3420
Situation Report,2019-07-19,18:00,https://www.dmc.gov.lk/images/dmcreports/Situation_Report__on_2019__1563550281.pdf,3420
Situation Report,2019-07-19,12:00,https://www.dmc.gov.lk/images/dmcreports/Situation_Report__on_2019__1563519517.pdf,3420
Situation Report,2019-07-18,12:00,https://www.dmc.gov.lk/images/dmcreports/Situation_Report__on_2019__1563436586.pdf,3430
Situation Report,2019-07-18,09:00,https://www.dmc.gov.lk/images/dmcreports/Situation_Report__on_2019__1563420742.pdf,3430
Situation Report,2019-07-17,18:00,https://www.dmc.gov.lk/images/dmcreports/Situation_Report__on_2019__1563373103.pdf,3430
Situation Report,2019-07-17,09:30,https://www.dmc.gov.lk/images/dmcreports/Situation_Report__on_2019__1563337436.pdf,3430
Situation Report,2019-07-16,18:00,https://www.dmc.gov.lk/images/dmcreports/Situation_Report__on_2019__1563281652.pdf,3430
Situation Report,2019-07-16,12:00,https://www.dmc.gov.lk/images/dmcreports/Situation_Report__on_2019__1563260023.pdf,3430
Situation Report,2019-07-16,09:00,https://www.dmc.gov.lk/images/dmcreports/Situation_Report__on_2019__1563248286.pdf,3430
Situation Report,2019-07-15,18:00,https://www.dmc.gov.lk/images/dmcreports/Situation_Report__on_2019__1563194854.pdf,3430
Situation Report,2019-07-15,12:00,https://www.dmc.gov.lk/images/dmcreports/Situation_Report__on_2019__1563173380.pdf,3430
Situation Report,2019-07-15,09:00,https://www.dmc.gov.lk/images/dmcreports/Situation_Report__on_2019__1563162210.pdf,3440
Situation Report,2019-07-14,18:00,https://www.dmc.gov.lk/images/dmcreports/Situation_Report__on_2019__1563107747.pdf,3440
Situation Report,2019-07-14,12:00,https://www.dmc.gov.lk/images/dmcreports/Situation_Report__on_2019__1563086163.pdf,3440
Situation Report,2019-07-14,09:00,https://www.dmc.gov.lk/images/dmcreports/Situation_Report__on_2019__1563075263.pdf,3440
Situation Report,2019-07-13,18:00,https://www.dmc.gov.lk/images/dmcreports/Situation_Report__on_2019__1563021171.pdf,3440
Situation Report,2019-07-13,12:00,https://www.dmc.gov.lk/images/dmcreports/Situation_Report__on_2019__1563000118.pdf,3440
Situation Report,2019-07-13,09:00,https://www.dmc.gov.lk/images/dmcreports/Situation_Report__on_2019__1562988635.pdf,3440
Situation Report,2019-07-12,18:00,https://www.dmc.gov.lk/images/dmcreports/Situation_Report__on_2019__1562935603.pdf,3440
Situation Report,2019-07-12,12:00,https://www.dmc.gov.lk/images/dmcreports/Situation_Report__on_2019__1562913630.pdf,3440
Situation Report,2019-07-12,09:00,https://www.dmc.gov.lk/images/dmcreports/Situation_Report__on_2019__1562902841.pdf,3440
Situation Report,2019-07-11,18:00,https://www.dmc.gov.lk/images/dmcreports/Situation_Report__on_2019__1562850889.pdf,3450
Situation Report,2019-07-11,12:00,https://www.dmc.gov.lk/images/dmcreports/Situation_Report__on_2019__1562831056.pdf,3450
Situation Report,2019-07-11,09:00,https://www.dmc.gov.lk/images/dmcreports/Situation_Report__on_2019__1562816414.pdf,3450
Situation Report,2019-07-10,18:00,https://www.dmc.gov.lk/images/dmcreports/Situation_Report__on_2019__1562764623.pdf,3450
Situation Report,2019-07-10,12:00,https://www.dmc.gov.lk/images/dmcreports/Situation_Report__on_2019__1562743325.pdf,3450
Situation Report,2019-07-10,09:00,https://www.dmc.gov.lk/images/dmcreports/Situation_Report__on_2019__1562733025.pdf,3450
Situation Report,2019-07-09,18:00,https://www.dmc.gov.lk/images/dmcreports/Situation_Report__on_2019__1562677323.pdf,3450
Situation Report,2019-07-09,12:00,https://www.dmc.gov.lk/images/dmcreports/Situation_Report__on_2019__1562656670.pdf,3450
Situation Report,2019-07-09,09:00,https://www.dmc.gov.lk/images/dmcreports/Situation_Report__on_2019__1562644282.pdf,3450
Situation Report,2019-07-08,18:00,https://www.dmc.gov.lk/images/dmcreports/Situation_Report__on_2019__1562592733.pdf,3450
Situation Report,2019-07-08,12:00,https://www.dmc.gov.lk/images/dmcreports/Situation_Report__on_2019__1562567379.pdf,3460
Situation Report,2019-07-08,09:00,https://www.dmc.gov.lk/images/dmcreports/Situation_Report__on_2019__1562563114.pdf,3460
Situation Report,2019-07-07,18:00,https://www.dmc.gov.lk/images/dmcreports/Situation_Report__on_2019__1562503858.pdf,3460
Situation Report,2019-07-07,12:00,https://www.dmc.gov.lk/images/dmcreports/Situation_Report__on_2019__1562483143.pdf,3460
Situation Report,2019-07-07,09:00,https://www.dmc.gov.lk/images/dmcreports/Situation_Report__on_2019__1562470362.pdf,3460
Situation Report,2019-07-06,18:00,https://www.dmc.gov.lk/images/dmcreports/Situation_Report__on_2019__1562418464.pdf,3460
Situation Report,2019-07-06,12:00,https://www.dmc.gov.lk/images/dmcreports/Situation_Report__on_2019__1562396000.pdf,3460
Situation Report,2019-07-06,09:00,https://www.dmc.gov.lk/images/dmcreports/Situation_Report__on_2019__1562383115.pdf,3460
Situation Report,2019-07-05,18:00,https://www.dmc.gov.lk/images/dmcreports/Situation_Report__on_2019__1562330348.pdf,3460
Situation Report,2019-07-05,12:00,https://www.dmc.gov.lk/images/dmcreports/Situation_Report__on_2019__1562309818.pdf,3460
Situation Report,2019-07-05,09:00,https://www.dmc.gov.lk/images/dmcreports/Situation_Report__on_2019__1562297675.pdf,3470
Situation Report,2019-07-04,18:00,https://www.dmc.gov.lk/images/dmcreports/Situation_Report__on_2019__1562246408.pdf,3470
Situation Report,2019-07-04,12:00,https://www.dmc.gov.lk/images/dmcreports/Situation_Report__on_2019__1562223495.pdf,3470
Situation Report,2019-07-04,09:00,https://www.dmc.gov.lk/images/dmcreports/Situation_Report__on_2019__1562211685.pdf,3470
Situation Report,2019-07-03,18:00,https://www.dmc.gov.lk/images/dmcreports/Situation_Report__on_2019__1562158163.pdf,3470
Situation Report,2019-07-03,12:00,https://www.dmc.gov.lk/images/dmcreports/Situation_Report__on_2019__1562136529.pdf,3470
Situation Report,2019-07-03,09:00,https://www.dmc.gov.lk/images/dmcreports/Situation_Report__on_2019__1562127045.pdf,3470
Situation Report,2019-07-02,18:00,https://www.dmc.gov.lk/images/dmcreports/Situation_Report__on_2019__1562072306.pdf,3470
Situation Report,2019-07-02,12:00,https://www.dmc.gov.lk/images/dmcreports/Situation_Report__on_2019__1562050722.pdf,3470
Situation Report,2019-07-02,09:00,https://www.dmc.gov.lk/images/dmcreports/Situation_Report__on_2019__1562040816.pdf,3470
Situation Report,2019-07-01,18:00,https://www.dmc.gov.lk/images/dmcreports/Situation_Report__on_2019__1561985757.pdf,3480
Situation Report,2019-07-01,12:00,https://www.dmc.gov.lk/images/dmcreports/Situation_Report__on_2019__1561964169.pdf,3480
Situation Report,2019-06-30,18:00,https://www.dmc.gov.lk/images/dmcreports/Situation_Report__on_2019__1561898895.pdf,3480
Situation Report,2019-06-30,12:00,https://www.dmc.gov.lk/images/dmcreports/Situation_Report__on_2019__1561878631.pdf,3480
Situation Report,2019-06-30,09:00,https://www.dmc.gov.lk/images/dmcreports/Situation_Report__on_2019__1561865227.pdf,3480
Situation Report,2019-06-29,18:00,https://www.dmc.gov.lk/images/dmcreports/Situation_Report__on_2019__1561815382.pdf,3480
Situation Report,2019-06-29,12:00,https://www.dmc.gov.lk/images/dmcreports/Situation_Report__on_2019__1561791789.pdf,3480
Situation Report,2019-06-29,09:00,https://www.dmc.gov.lk/images/dmcreports/Situation_Report__on_2019__1561780176.pdf,3480
Situation Report,2019-06-28,18:00,https://www.dmc.gov.lk/images/dmcreports/Situation_Report__on_2019__1561727016.pdf,3480
Situation Report,2019-06-28,12:00,https://www.dmc.gov.lk/images/dmcreports/Situation_Report__on_2019__1561704887.pdf,3480
Situation Report,2019-06-28,09:00,https://www.dmc.gov.lk/images/dmcreports/Situation_Report__on_2019__1561693159.pdf,3490
Situation Report,2019-06-27,18:00,https://www.dmc.gov.lk/images/dmcreports/Situation_Report__on_2019__1561638926.pdf,3490
Situation Report,2019-06-27,12:00,https://www.dmc.gov.lk/images/dmcreports/Situation_Report__on_2019__1561618627.pdf,3490
Situation Report,2019-06-27,09:00,https://www.dmc.gov.lk/images/dmcreports/Situation_Report__on_2019__1561607609.pdf,3490
Situation Report,2019-06-26,18:00,https://www.dmc.gov.lk/images/dmcreports/Situation_Report__on_2019__1561553906.pdf,3490
Situation Report,2019-06-26,12:00,https://www.dmc.gov.lk/images/dmcreports/Situation_Report__on_2019__1561531479.pdf,3490
Situation Report,2019-06-26,09:00,https://www.dmc.gov.lk/images/dmcreports/Situation_Report__on_2019__1561520616.pdf,3490
Situation Report,2019-06-25,18:00,https://www.dmc.gov.lk/images/dmcreports/Situation_Report__on_2019__1561466728.pdf,3490
Situation Report,2019-06-25,12:00,https://www.dmc.gov.lk/images/dmcreports/Situation_Report__on_2019__1561453072.pdf,3490
Situation Report,2019-06-25,09:00,https://www.dmc.gov.lk/images/dmcreports/Situation_Report__on_2019__1561435573.pdf,3490
Situation Report,2019-06-24,18:00,https://www.dmc.gov.lk/images/dmcreports/Situation_Report__on_2019__1561382446.pdf,3500
Situation Report,2019-06-24,12:00,https://www.dmc.gov.lk/images/dmcreports/Situation_Report__on_2019__1561360287.pdf,3500
Situation Report,2019-06-24,09:00,https://www.dmc.gov.lk/images/dmcreports/Situation_Report__on_2019__1561348598.pdf,3500
Situation Report,2019-06-23,18:00,https://www.dmc.gov.lk/images/dmcreports/Situation_Report__on_2019__1561294777.pdf,3500
Situation Report,2019-06-23,12:00,https://www.dmc.gov.lk/images/dmcreports/Situation_Report__on_2019__1561279374.pdf,3500
Situation Report,2019-06-23,09:00,https://www.dmc.gov.lk/images/dmcreports/Situation_Report__on_2019__1561263199.pdf,3500
Situation Report,2019-06-22,18:00,https://www.dmc.gov.lk/images/dmcreports/Situation_Report__on_2019__1561208798.pdf,3500
Situation Report,2019-06-22,12:00,https://www.dmc.gov.lk/images/dmcreports/Situation_Report__on_2019__1561186442.pdf,3500
Situation Report,2019-06-22,09:00,https://www.dmc.gov.lk/images/dmcreports/Situation_Report__on_2019__1561174981.pdf,3500
Situation Report,2019-06-21,18:00,https://www.dmc.gov.lk/images/dmcreports/Situation_Report__on_2019__1561120915.pdf,3500
Situation Report,2019-06-21,12:00,https://www.dmc.gov.lk/images/dmcreports/Situation_Report__on_2019__1561099756.pdf,3510
Situation Report,2019-06-21,09:00,https://www.dmc.gov.lk/images/dmcreports/Situation_Report__on_2019__1561088128.pdf,3510
Situation Report,2019-06-20,18:00,https://www.dmc.gov.lk/images/dmcreports/Situation_Report__on_2019__1561034479.pdf,3510
Situation Report,2019-06-20,12:00,https://www.dmc.gov.lk/images/dmcreports/Situation_Report__on_2019__1561012977.pdf,3510
Situation Report,2019-06-20,09:00,https://www.dmc.gov.lk/images/dmcreports/Situation_Report__on_2019__1561002426.pdf,3510
Situation Report,2019-06-19,12:00,https://www.dmc.gov.lk/images/dmcreports/Situation_Report__on_2019__1560926231.pdf,3510
Situation Report,2019-06-19,09:00,https://www.dmc.gov.lk/images/dmcreports/Situation_Report__on_2019__1560915350.pdf,3510
Situation Report,2019-06-18,18:00,https://www.dmc.gov.lk/images/dmcreports/Situation_Report__on_2019__1560861980.pdf,3510
Situation Report,2019-06-18,12:00,https://www.dmc.gov.lk/images/dmcreports/Situation_Report__on_2019__1560839843.pdf,3510
Situation Report,2019-06-18,09:00,https://www.dmc.gov.lk/images/dmcreports/Situation_Report__on_2019__1560828852.pdf,3510
Situation Report,2019-06-17,18:00,https://www.dmc.gov.lk/images/dmcreports/Situation_Report__on_2019__1560779470.pdf,3520
Situation Report,2019-06-17,12:30,https://www.dmc.gov.lk/images/dmcreports/Situation_Report__on_2019__1560755345.pdf,3520
Situation Report,2019-06-17,09:00,https://www.dmc.gov.lk/images/dmcreports/Situation_Report__on_2019__1560744564.pdf,3520
Situation Report,2019-06-16,18:00,https://www.dmc.gov.lk/images/dmcreports/Situation_Report__on_2019__1560690275.pdf,3520
Situation Report,2019-06-16,12:00,https://www.dmc.gov.lk/images/dmcreports/Situation_Report__on_2019__1560666712.pdf,3520
Situation Report,2019-06-16,09:00,https://www.dmc.gov.lk/images/dmcreports/Situation_Report__on_2019__1560657181.pdf,3520
Situation Report,2019-06-15,18:00,https://www.dmc.gov.lk/images/dmcreports/Situation_Report__on_2019__1560604569.pdf,3520
Situation Report,2019-06-15,12:00,https://www.dmc.gov.lk/images/dmcreports/Situation_Report__on_2019__1560581132.pdf,3520
Situation Report,2019-06-15,09:00,https://www.dmc.gov.lk/images/dmcreports/Situation_Report__on_2019__1560569561.pdf,3520
Situation Report,2019-06-14,18:00,https://www.dmc.gov.lk/images/dmcreports/Situation_Report__on_2019__1560516158.pdf,3520
Situation Report,2019-06-14,12:00,https://www.dmc.gov.lk/images/dmcreports/Situation_Report__on_2019__1560496864.pdf,3530
Situation Report,2019-06-13,18:00,https://www.dmc.gov.lk/images/dmcreports/Situation_Report__on_2019__1560432377.pdf,3530
Situation Report,2019-06-13,12:00,https://www.dmc.gov.lk/images/dmcreports/Situation_Report__on_2019__1560413866.pdf,3530
Situation Report,2019-06-12,12:00,https://www.dmc.gov.lk/images/dmcreports/Situation_Report__on_2019__1560326903.pdf,3530
Situation Report,2019-06-12,09:00,https://www.dmc.gov.lk/images/dmcreports/Situation_Report__on_2019__1560312529.pdf,3530
Situation Report,2019-06-11,18:00,https://www.dmc.gov.lk/images/dmcreports/Situation_Report__on_2019__1560257395.pdf,3530
Situation Report,2019-06-11,12:00,https://www.dmc.gov.lk/images/dmcreports/Situation_Report__on_2019__1560235126.pdf,3530
Situation Report,2019-06-11,09:00,https://www.dmc.gov.lk/images/dmcreports/Situation_Report__on_2019__1560224801.pdf,3530
Situation Report,2019-06-10,18:00,https://www.dmc.gov.lk/images/dmcreports/Situation_Report__on_2019__1560172732.pdf,3530
Situation Report,2019-06-10,12:00,https://www.dmc.gov.lk/images/dmcreports/Situation_Report__on_2019__1560152624.pdf,3530
Situation Report,2019-06-10,09:00,https://www.dmc.gov.lk/images/dmcreports/Situation_Report__on_2019__1560138295.pdf,3540
Situation Report,2019-06-09,18:00,https://www.dmc.gov.lk/images/dmcreports/Situation_Report__on_2019__1560084002.pdf,3540
Situation Report,2019-06-09,12:00,https://www.dmc.gov.lk/images/dmcreports/Situation_Report__on_2019__1560063790.pdf,3540
Situation Report,2019-06-09,09:00,https://www.dmc.gov.lk/images/dmcreports/Situation_Report__on_2019__1560051204.pdf,3540
Situation Report,2019-06-08,18:00,https://www.dmc.gov.lk/images/dmcreports/Situation_Report__on_2019__1560000956.pdf,3540
Situation Report,2019-06-08,12:00,https://www.dmc.gov.lk/images/dmcreports/Situation_Report__on_2019__1559979892.pdf,3540
Situation Report,2019-06-08,09:00,https://www.dmc.gov.lk/images/dmcreports/Situation_Report__on_2019__1559969567.pdf,3540
Situation Report,2019-06-07,18:00,https://www.dmc.gov.lk/images/dmcreports/Situation_Report__on_2019__1559913334.pdf,3540
Situation Report,2019-06-07,13:00,https://www.dmc.gov.lk/images/dmcreports/Situation_Report__on_2019__1559893380.pdf,3540
Situation Report,2019-06-07,09:00,https://www.dmc.gov.lk/images/dmcreports/Situation_Report__on_2019__1559879695.pdf,3540
Situation Report,2019-06-06,18:00,https://www.dmc.gov.lk/images/dmcreports/Situation_Report__on_2019__1559826269.pdf,3550
Situation Report,2019-06-06,12:00,https://www.dmc.gov.lk/images/dmcreports/Situation_Report__on_2019__1559806705.pdf,3550
Situation Report,2019-06-06,09:00,https://www.dmc.gov.lk/images/dmcreports/Situation_Report__on_2019__1559793938.pdf,3550
Situation Report,2019-06-05,18:00,https://www.dmc.gov.lk/images/dmcreports/Situation_Report__on_2019__1559740377.pdf,3550
Situation Report,2019-06-05,12:00,https://www.dmc.gov.lk/images/dmcreports/Situation_Report__on_2019__1559740358.pdf,3550
Situation Report,2019-06-05,09:00,https://www.dmc.gov.lk/images/dmcreports/Situation_Report__on_2019__1559705593.pdf,3550
Situation Report,2019-06-04,18:00,https://www.dmc.gov.lk/images/dmcreports/Situation_Report__on_2019__1559652041.pdf,3550
Situation Report,2019-06-04,12:00,https://www.dmc.gov.lk/images/dmcreports/Situation_Report__on_2019__1559632886.pdf,3550
Situation Report,2019-06-04,09:00,https://www.dmc.gov.lk/images/dmcreports/Situation_Report__on_2019__1559619207.pdf,3550
Situation Report,2019-06-03,18:00,https://www.dmc.gov.lk/images/dmcreports/Situation_Report__on_2019__1559565997.pdf,3550
Situation Report,2019-06-03,12:00,https://www.dmc.gov.lk/images/dmcreports/Situation_Report__on_2019__1559545424.pdf,3560
Situation Report,2019-06-03,09:00,https://www.dmc.gov.lk/images/dmcreports/Situation_Report__on_2019__1559534633.pdf,3560
Situation Report,2019-06-02,18:00,https://www.dmc.gov.lk/images/dmcreports/Situation_Report__on_2019__1559480449.pdf,3560
Situation Report,2019-06-02,12:00,https://www.dmc.gov.lk/images/dmcreports/Situation_Report__on_2019__1559457513.pdf,3560
Situation Report,2019-06-02,09:00,https://www.dmc.gov.lk/images/dmcreports/Situation_Report__on_2019__1559447987.pdf,3560
Situation Report,2019-06-01,18:00,https://www.dmc.gov.lk/images/dmcreports/Situation_Report__on_2019__1559395177.pdf,3560
Situation Report,2019-06-01,12:00,https://www.dmc.gov.lk/images/dmcreports/Situation_Report__on_2019__1559373369.pdf,3560
Situation Report,2019-06-01,09:00,https://www.dmc.gov.lk/images/dmcreports/Situation_Report__on_2019__1559361053.pdf,3560
Situation Report,2019-05-31,18:00,https://www.dmc.gov.lk/images/dmcreports/Situation_Report__on_2019__1559306615.pdf,3560
Situation Report,2019-05-31,12:00,https://www.dmc.gov.lk/images/dmcreports/Situation_Report__on_2019__1559284675.pdf,3560
Situation Report,2019-05-31,09:00,https://www.dmc.gov.lk/images/dmcreports/Situation_Report__on_2019__1559276318.pdf,3570
Situation Report,2019-05-30,18:00,https://www.dmc.gov.lk/images/dmcreports/Situation_Report__on_2019__1559222952.pdf,3570
Situation Report,2019-05-30,12:00,https://www.dmc.gov.lk/images/dmcreports/Situation_Report__on_2019__1559199419.pdf,3570
Situation Report,2019-05-30,09:00,https://www.dmc.gov.lk/images/dmcreports/Situation_Report__on_2019__1559188656.pdf,3570
Situation Report,2019-05-29,12:00,https://www.dmc.gov.lk/images/dmcreports/Situation_Report__on_2019__1559112376.pdf,3570
Situation Report,2019-05-29,09:00,https://www.dmc.gov.lk/images/dmcreports/Situation_Report__on_2019__1559101318.pdf,3570
Situation Report,2019-05-28,18:00,https://www.dmc.gov.lk/images/dmcreports/Situation_Report__on_2019__1559046633.pdf,3570
Situation Report,2019-05-28,12:00,https://www.dmc.gov.lk/images/dmcreports/Situation_Report__on_2019__1559025493.pdf,3570
Situation Report,2019-05-28,09:00,https://www.dmc.gov.lk/images/dmcreports/Situation_Report__on_2019__1559015046.pdf,3570
Situation Report,2019-05-27,18:00,https://www.dmc.gov.lk/images/dmcreports/Situation_Report__on_2019__1558962868.pdf,3570
Situation Report,2019-05-26,18:00,https://www.dmc.gov.lk/images/dmcreports/Situation_Report__on_2019__1558875792.pdf,3580
Situation Report,2019-05-26,12:00,https://www.dmc.gov.lk/images/dmcreports/Situation_Report__on_2019__1558853349.pdf,3580
Situation Report,2019-05-26,09:00,https://www.dmc.gov.lk/images/dmcreports/Situation_Report__on_2019__1558841638.pdf,3580
Situation Report,2019-05-25,18:00,https://www.dmc.gov.lk/images/dmcreports/Situation_Report__on_2019__1558787774.pdf,3580
Situation Report,2019-05-25,12:00,https://www.dmc.gov.lk/images/dmcreports/Situation_Report__on_2019__1558766493.pdf,3580
Situation Report,2019-05-25,09:00,https://www.dmc.gov.lk/images/dmcreports/Situation_Report__on_2019__1558755997.pdf,3580
Situation Report,2019-05-24,18:00,https://www.dmc.gov.lk/images/dmcreports/Situation_Report__on_2019__1558701300.pdf,3580
Situation Report,2019-05-24,12:00,https://www.dmc.gov.lk/images/dmcreports/Situation_Report__on_2019__1558681118.pdf,3580
Situation Report,2019-05-24,09:00,https://www.dmc.gov.lk/images/dmcreports/Situation_Report__on_2019__1558669726.pdf,3580
Situation Report,2019-05-23,18:00,https://www.dmc.gov.lk/images/dmcreports/Situation_Report__on_2019__1558614867.pdf,3580
Situation Report,2019-05-23,12:00,https://www.dmc.gov.lk/images/dmcreports/Situation_Report__on_2019__1558593954.pdf,3590
Situation Report,2019-05-23,09:00,https://www.dmc.gov.lk/images/dmcreports/Situation_Report__on_2019__1558583819.pdf,3590
Situation Report,2019-05-22,18:00,https://www.dmc.gov.lk/images/dmcreports/Situation_Report__on_2019__1558534068.pdf,3590
Situation Report,2019-05-22,12:00,https://www.dmc.gov.lk/images/dmcreports/Situation_Report__on_2019__1558507957.pdf,3590
Situation Report,2019-05-22,09:00,https://www.dmc.gov.lk/images/dmcreports/Situation_Report__on_2019__1558498953.pdf,3590
Situation Report,2019-05-21,18:00,https://www.dmc.gov.lk/images/dmcreports/Situation_Report__on_2019__1558444519.pdf,3590
Situation Report,2019-05-21,12:00,https://www.dmc.gov.lk/images/dmcreports/Situation_Report__on_2019__1558422194.pdf,3590
Situation Report,2019-05-21,09:00,https://www.dmc.gov.lk/images/dmcreports/Situation_Report__on_2019__1558410917.pdf,3590
Situation Report,2019-05-20,18:00,https://www.dmc.gov.lk/images/dmcreports/Situation_Report__on_2019__1558356031.pdf,3590
Situation Report,2019-05-20,12:00,https://www.dmc.gov.lk/images/dmcreports/Situation_Report__on_2019__1558335805.pdf,3590
Situation Report,2019-05-20,09:00,https://www.dmc.gov.lk/images/dmcreports/Situation_Report__on_2019__1558325028.pdf,3600
Situation Report,2019-05-19,18:00,https://www.dmc.gov.lk/images/dmcreports/Situation_Report__on_2019__1558270833.pdf,3600
Situation Report,2019-05-19,12:00,https://www.dmc.gov.lk/images/dmcreports/Situation_Report__on_2019__1558247794.pdf,3600
Situation Report,2019-05-19,09:00,https://www.dmc.gov.lk/images/dmcreports/Situation_Report__on_2019__1558237868.pdf,3600
Situation Report,2019-05-18,18:00,https://www.dmc.gov.lk/images/dmcreports/Situation_Report__on_2019__1558184241.pdf,3600
Situation Report,2019-05-18,12:00,https://www.dmc.gov.lk/images/dmcreports/Situation_Report__on_2019__1558162153.pdf,3600
Situation Report,2019-05-18,09:00,https://www.dmc.gov.lk/images/dmcreports/Situation_Report__on_2019__1558150288.pdf,3600
Situation Report,2019-05-17,18:00,https://www.dmc.gov.lk/images/dmcreports/Situation_Report__on_2019__1558099963.pdf,3600
Situation Report,2019-05-17,12:00,https://www.dmc.gov.lk/images/dmcreports/Situation_Report__on_2019__1558075387.pdf,3600
Situation Report,2019-05-17,09:00,https://www.dmc.gov.lk/images/dmcreports/Situation_Report__on_2019__1558064770.pdf,3600
Situation Report,2019-05-16,18:00,https://www.dmc.gov.lk/images/dmcreports/Situation_Report__on_2019__1558010202.pdf,3610
Situation Report,2019-05-16,12:00,https://www.dmc.gov.lk/images/dmcreports/Situation_Report__on_2019__1557989551.pdf,3610
Situation Report,2019-05-16,09:00,https://www.dmc.gov.lk/images/dmcreports/Situation_Report__on_2019__1557978066.pdf,3610
Situation Report,2019-05-15,18:00,https://www.dmc.gov.lk/images/dmcreports/Situation_Report__on_2019__1557923489.pdf,3610
Situation Report,2019-05-15,12:00,https://www.dmc.gov.lk/images/dmcreports/Situation_Report__on_2019__1557904151.pdf,3610
Situation Report,2019-05-15,09:00,https://www.dmc.gov.lk/images/dmcreports/Situation_Report__on_2019__1557892068.pdf,3610
Situation Report,2019-05-14,18:00,https://www.dmc.gov.lk/images/dmcreports/Situation_Report__on_2019__1557838202.pdf,3610
Situation Report,2019-05-14,12:00,https://www.dmc.gov.lk/images/dmcreports/Situation_Report__on_2019__1557818456.pdf,3610
Situation Report,2019-05-14,09:00,https://www.dmc.gov.lk/images/dmcreports/Situation_Report__on_2019__1557805833.pdf,3610
Situation Report,2019-05-13,18:00,https://www.dmc.gov.lk/images/dmcreports/Situation_Report__on_2019__1557751841.pdf,3610
Situation Report,2019-05-13,12:00,https://www.dmc.gov.lk/images/dmcreports/Situation_Report__on_2019__1557732762.pdf,3620
Situation Report,2019-05-13,09:00,https://www.dmc.gov.lk/images/dmcreports/Situation_Report__on_2019__1557719273.pdf,3620
Situation Report,2019-05-12,18:00,https://www.dmc.gov.lk/images/dmcreports/Situation_Report__on_2019__1557665314.pdf,3620
Situation Report,2019-05-12,12:00,https://www.dmc.gov.lk/images/dmcreports/Situation_Report__on_2019__1557645309.pdf,3620
Situation Report,2019-05-12,09:00,https://www.dmc.gov.lk/images/dmcreports/Situation_Report__on_2019__1557631898.pdf,3620
Situation Report,2019-05-11,18:00,https://www.dmc.gov.lk/images/dmcreports/Situation_Report__on_2019__1557580161.pdf,3620
Situation Report,2019-05-11,12:00,https://www.dmc.gov.lk/images/dmcreports/Situation_Report__on_2019__1557559418.pdf,3620
Situation Report,2019-05-11,09:00,https://www.dmc.gov.lk/images/dmcreports/Situation_Report__on_2019__1557546892.pdf,3620
Situation Report,2019-05-10,18:00,https://www.dmc.gov.lk/images/dmcreports/Situation_Report__on_2019__1557494866.pdf,3620
Situation Report,2019-05-10,12:00,https://www.dmc.gov.lk/images/dmcreports/Situation_Report__on_2019__1557470624.pdf,3620
Situation Report,2019-05-10,09:00,https://www.dmc.gov.lk/images/dmcreports/Situation_Report__on_2019__1557460607.pdf,3630
Situation Report,2019-05-09,18:00,https://www.dmc.gov.lk/images/dmcreports/Situation_Report__on_2019__1557408878.pdf,3630
Situation Report,2019-05-09,12:00,https://www.dmc.gov.lk/images/dmcreports/Situation_Report__on_2019__1557385311.pdf,3630
Situation Report,2019-05-08,18:00,https://www.dmc.gov.lk/images/dmcreports/Situation_Report__on_2019__1557319173.pdf,3630
Situation Report,2019-05-08,12:00,https://www.dmc.gov.lk/images/dmcreports/Situation_Report__on_2019__1557297232.pdf,3630
Situation Report,2019-05-08,09:00,https://www.dmc.gov.lk/images/dmcreports/Situation_Report__on_2019__1557286759.pdf,3630
Situation Report,2019-05-07,18:00,https://www.dmc.gov.lk/images/dmcreports/Situation_Report__on_2019__1557235906.pdf,3630
Situation Report,2019-05-07,12:00,https://www.dmc.gov.lk/images/dmcreports/Situation_Report__on_2019__1557214099.pdf,3630
Situation Report,2019-05-07,09:00,https://www.dmc.gov.lk/images/dmcreports/Situation_Report__on_2019__1557203373.pdf,3630
Situation Report,2019-05-06,18:00,https://www.dmc.gov.lk/images/dmcreports/Situation_Report__on_2019__1557147304.pdf,3630
Situation Report,2019-05-06,12:00,https://www.dmc.gov.lk/images/dmcreports/Situation_Report__on_2019__1557130829.pdf,3640
Situation Report,2019-05-06,09:00,https://www.dmc.gov.lk/images/dmcreports/Situation_Report__on_2019__1557114649.pdf,3640
Situation Report,2019-05-05,18:00,https://www.dmc.gov.lk/images/dmcreports/Situation_Report__on_2019__1557065169.pdf,3640
Situation Report,2019-05-05,12:00,https://www.dmc.gov.lk/images/dmcreports/Situation_Report__on_2019__1557039663.pdf,3640
Situation Report,2019-05-05,09:00,https://www.dmc.gov.lk/images/dmcreports/Situation_Report__on_2019__1557027251.pdf,3640
Situation Report,2019-05-04,18:00,https://www.dmc.gov.lk/images/dmcreports/Situation_Report__on_2019__1556976368.pdf,3640
Situation Report,2019-05-04,12:00,https://www.dmc.gov.lk/images/dmcreports/Situation_Report__on_2019__1556953233.pdf,3640
Situation Report,2019-05-04,09:00,https://www.dmc.gov.lk/images/dmcreports/Situation_Report__on_2019__1556943922.pdf,3640
Situation Report,2019-05-03,18:00,https://www.dmc.gov.lk/images/dmcreports/Situation_Report__on_2019__1556889469.pdf,3640
Situation Report,2019-05-03,12:00,https://www.dmc.gov.lk/images/dmcreports/Situation_Report__on_2019__1556868716.pdf,3640
Situation Report,2019-05-03,09:00,https://www.dmc.gov.lk/images/dmcreports/Situation_Report__on_2019__1556856004.pdf,3650
Situation Report,2019-05-02,18:00,https://www.dmc.gov.lk/images/dmcreports/Situation_Report__on_2019__1556804256.pdf,3650
Situation Report,2019-05-02,12:00,https://www.dmc.gov.lk/images/dmcreports/Situation_Report__on_2019__1556780304.pdf,3650
Situation Report,2019-05-02,09:00,https://www.dmc.gov.lk/images/dmcreports/Situation_Report__on_2019__1556768854.pdf,3650
Situation Report,2019-05-01,18:00,https://www.dmc.gov.lk/images/dmcreports/Situation_Report__on_2019__1556713430.pdf,3650
Situation Report,2019-05-01,12:00,https://www.dmc.gov.lk/images/dmcreports/Situation_Report__on_2019__1556691953.pdf,3650
Situation Report,2019-05-01,09:00,https://www.dmc.gov.lk/images/dmcreports/Situation_Report__on_2019__1556682006.pdf,3650
Situation Report,2019-04-30,18:00,https://www.dmc.gov.lk/images/dmcreports/Situation_Report__on_2019__1556630411.pdf,3650
Situation Report,2019-04-30,12:00,https://www.dmc.gov.lk/images/dmcreports/Situation_Report__on_2019__1556607057.pdf,3650
Situation Report,2019-04-30,09:00,https://www.dmc.gov.lk/images/dmcreports/Situation_Report__on_2019__1556595690.pdf,3650
Situation Report,2019-04-29,18:00,https://www.dmc.gov.lk/images/dmcreports/Situation_Report__on_2019__1556547497.pdf,3660
Situation Report,2019-04-29,12:00,https://www.dmc.gov.lk/images/dmcreports/Situation_Report__on_2019__1556520464.pdf,3660
Situation Report,2019-04-29,09:00,https://www.dmc.gov.lk/images/dmcreports/Situation_Report__on_2019__1556511027.pdf,3660
Situation Report,2019-04-28,18:00,https://www.dmc.gov.lk/images/dmcreports/Situation_Report__on_2019__1556456292.pdf,3660
Situation Report,2019-04-28,12:00,https://www.dmc.gov.lk/images/dmcreports/Situation_Report__on_2019__1556433863.pdf,3660
Situation Report,2019-04-28,09:00,https://www.dmc.gov.lk/images/dmcreports/Situation_Report__on_2019__1556422784.pdf,3660
Situation Report,2019-04-27,18:00,https://www.dmc.gov.lk/images/dmcreports/Situation_Report__on_2019__1556370253.pdf,3660
Situation Report,2019-04-27,12:00,https://www.dmc.gov.lk/images/dmcreports/Situation_Report__on_2019__1556347254.pdf,3660
Situation Report,2019-04-27,09:00,https://www.dmc.gov.lk/images/dmcreports/Situation_Report__on_2019__1556336238.pdf,3660
Situation Report,2019-04-26,18:00,https://www.dmc.gov.lk/images/dmcreports/Situation_Report__on_2019__1556296087.pdf,3660
Situation Report,2019-04-26,12:00,https://www.dmc.gov.lk/images/dmcreports/Situation_Report__on_2019__1556263249.pdf,3670
Situation Report,2019-04-25,09:00,https://www.dmc.gov.lk/images/dmcreports/Situation_Report__on_2019__1556165547.pdf,3670
Situation Report,2019-04-24,18:00,https://www.dmc.gov.lk/images/dmcreports/Situation_Report__on_2019__1556116774.pdf,3670
Situation Report,2019-04-24,12:00,https://www.dmc.gov.lk/images/dmcreports/Situation_Report__on_2019__1556091910.pdf,3670
Situation Report,2019-04-24,09:00,https://www.dmc.gov.lk/images/dmcreports/Situation_Report__on_2019__1556078681.pdf,3670
Situation Report,2019-04-23,12:00,https://www.dmc.gov.lk/images/dmcreports/Situation_Report__on_2019__1556003048.pdf,3670
Situation Report,2019-04-22,18:00,https://www.dmc.gov.lk/images/dmcreports/Situation_Report__on_2019__1555946965.pdf,3670
Situation Report,2019-04-22,12:00,https://www.dmc.gov.lk/images/dmcreports/Situation_Report__on_2019__1555915752.pdf,3670
Situation Report,2019-04-22,09:00,https://www.dmc.gov.lk/images/dmcreports/Situation_Report__on_2019__1555908275.pdf,3670
Situation Report,2019-04-21,18:00,https://www.dmc.gov.lk/images/dmcreports/Situation_Report__on_2019__1555855573.pdf,3670
Situation Report,2019-04-21,12:00,https://www.dmc.gov.lk/images/dmcreports/Situation_Report__on_2019__1555829907.pdf,3680
Situation Report,2019-04-21,09:00,https://www.dmc.gov.lk/images/dmcreports/Situation_Report__on_2019__1555819341.pdf,3680
Situation Report,2019-04-20,18:00,https://www.dmc.gov.lk/images/dmcreports/Situation_Report__on_2019__1555764931.pdf,3680
Situation Report,2019-04-20,12:00,https://www.dmc.gov.lk/images/dmcreports/Situation_Report__on_2019__1555742471.pdf,3680
Situation Report,2019-04-20,09:00,https://www.dmc.gov.lk/images/dmcreports/Situation_Report__on_2019__1555733037.pdf,3680
Situation Report,2019-04-19,12:00,https://www.dmc.gov.lk/images/dmcreports/Situation_Report__on_2019__1555655786.pdf,3680
Situation Report,2019-04-19,09:00,https://www.dmc.gov.lk/images/dmcreports/Situation_Report__on_2019__1555644932.pdf,3680
Situation Report,2019-04-18,18:00,https://www.dmc.gov.lk/images/dmcreports/Situation_Report__on_2019__1555596915.pdf,3680
Situation Report,2019-04-18,12:00,https://www.dmc.gov.lk/images/dmcreports/Situation_Report__on_2019__1555574679.pdf,3680
Situation Report,2019-04-18,09:00,https://www.dmc.gov.lk/images/dmcreports/Situation_Report__on_2019__1555560412.pdf,3680
Situation Report,2019-04-17,18:00,https://www.dmc.gov.lk/images/dmcreports/Situation_Report__on_2019__1555507644.pdf,3690
Situation Report,2019-04-17,12:00,https://www.dmc.gov.lk/images/dmcreports/Situation_Report__on_2019__1555484314.pdf,3690
Situation Report,2019-04-17,09:00,https://www.dmc.gov.lk/images/dmcreports/Situation_Report__on_2019__1555472902.pdf,3690
Situation Report,2019-04-16,18:00,https://www.dmc.gov.lk/images/dmcreports/Situation_Report__on_2019__1555418644.pdf,3690
Situation Report,2019-04-16,12:00,https://www.dmc.gov.lk/images/dmcreports/Situation_Report__on_2019__1555401176.pdf,3690
Situation Report,2019-04-16,09:00,https://www.dmc.gov.lk/images/dmcreports/Situation_Report__on_2019__1555386547.pdf,3690
Situation Report,2019-04-15,18:00,https://www.dmc.gov.lk/images/dmcreports/Situation_Report__on_2019__1555332383.pdf,3690
Situation Report,2019-04-15,12:00,https://www.dmc.gov.lk/images/dmcreports/Situation_Report__on_2019__1555311550.pdf,3690
Situation Report,2019-04-15,09:00,https://www.dmc.gov.lk/images/dmcreports/Situation_Report__on_2019__1555299623.pdf,3690
Situation Report,2019-04-14,18:00,https://www.dmc.gov.lk/images/dmcreports/Situation_Report__on_2019__1555245901.pdf,3690
Situation Report,2019-04-14,12:00,https://www.dmc.gov.lk/images/dmcreports/Situation_Report__on_2019__1555224053.pdf,3700
Situation Report,2019-04-13,18:00,https://www.dmc.gov.lk/images/dmcreports/Situation_Report__on_2019__1555159651.pdf,3700
Situation Report,2019-04-13,12:00,https://www.dmc.gov.lk/images/dmcreports/Situation_Report__on_2019__1555137683.pdf,3700
Situation Report,2019-04-13,09:00,https://www.dmc.gov.lk/images/dmcreports/Situation_Report__on_2019__1555127723.pdf,3700
Situation Report,2019-04-12,18:00,https://www.dmc.gov.lk/images/dmcreports/Situation_Report__on_2019__1555071866.pdf,3700
Situation Report,2019-04-12,12:00,https://www.dmc.gov.lk/images/dmcreports/Situation_Report__on_2019__1555053419.pdf,3700
Situation Report,2019-04-12,09:00,https://www.dmc.gov.lk/images/dmcreports/Situation_Report__on_2019__1555049847.pdf,3700
Situation Report,2019-04-11,18:00,https://www.dmc.gov.lk/images/dmcreports/Situation_Report__on_2019__1554988007.pdf,3700
Situation Report,2019-04-11,12:00,https://www.dmc.gov.lk/images/dmcreports/Situation_Report__on_2019__1554972505.pdf,3700
Situation Report,2019-04-11,09:00,https://www.dmc.gov.lk/images/dmcreports/Situation_Report__on_2019__1554955573.pdf,3700
Situation Report,2019-04-10,18:00,https://www.dmc.gov.lk/images/dmcreports/Situation_Report__on_2019__1554906817.pdf,3710
Situation Report,2019-04-10,12:00,https://www.dmc.gov.lk/images/dmcreports/Situation_Report__on_2019__1554879114.pdf,3710
Situation Report,2019-04-10,09:00,https://www.dmc.gov.lk/images/dmcreports/Situation_Report__on_2019__1554870351.pdf,3710
Situation Report,2019-04-09,12:00,https://www.dmc.gov.lk/images/dmcreports/Situation_Report__on_2019__1554794878.pdf,3710
Situation Report,2019-04-08,18:00,https://www.dmc.gov.lk/images/dmcreports/Situation_Report__on_2019__1554733138.pdf,3710
Situation Report,2019-04-08,09:00,https://www.dmc.gov.lk/images/dmcreports/Situation_Report__on_2019__1554696964.pdf,3710
Situation Report,2019-04-07,18:00,https://www.dmc.gov.lk/images/dmcreports/Situation_Report__on_2019__1554642479.pdf,3710
Situation Report,2019-04-07,12:00,https://www.dmc.gov.lk/images/dmcreports/Situation_Report__on_2019__1554619056.pdf,3710
Situation Report,2019-04-07,09:00,https://www.dmc.gov.lk/images/dmcreports/Situation_Report__on_2019__1554609499.pdf,3710
Situation Report,2019-04-06,18:00,https://www.dmc.gov.lk/images/dmcreports/Situation_Report__on_2019__1554565868.pdf,3710
Situation Report,2019-04-06,12:00,https://www.dmc.gov.lk/images/dmcreports/Situation_Report__on_2019__1554533446.pdf,3720
Situation Report,2019-04-05,12:00,https://www.dmc.gov.lk/images/dmcreports/Situation_Report__on_2019__1554450480.pdf,3720
Situation Report,2019-04-05,09:00,https://www.dmc.gov.lk/images/dmcreports/Situation_Report__on_2019__1554436168.pdf,3720
Situation Report,2019-04-04,18:00,https://www.dmc.gov.lk/images/dmcreports/Situation_Report__on_2019__1554382389.pdf,3720
Situation Report,2019-04-04,12:00,https://www.dmc.gov.lk/images/dmcreports/Situation_Report__on_2019__1554365370.pdf,3720
Situation Report,2019-04-04,09:00,https://www.dmc.gov.lk/images/dmcreports/Situation_Report__on_2019__1554349045.pdf,3720
Situation Report,2019-04-03,12:00,https://www.dmc.gov.lk/images/dmcreports/Situation_Report__on_2019__1554274456.pdf,3720
Situation Report,2019-04-03,09:00,https://www.dmc.gov.lk/images/dmcreports/Situation_Report__on_2019__1554264366.pdf,3720
Situation Report,2019-04-02,18:00,https://www.dmc.gov.lk/images/dmcreports/Situation_Report__on_2019__1554219002.pdf,3720
Situation Report,2019-04-02,12:00,https://www.dmc.gov.lk/images/dmcreports/Situation_Report__on_2019__1554189786.pdf,3720
Situation Report,2019-04-02,12:00,https://www.dmc.gov.lk/images/dmcreports/Situation_Report__on_2019__1554189810.pdf,3730
Situation Report,2019-04-02,09:00,https://www.dmc.gov.lk/images/dmcreports/Situation_Report__on_2019__1554179482.pdf,3730
Situation Report,2019-04-01,18:00,https://www.dmc.gov.lk/images/dmcreports/Situation_Report__on_2019__1554129842.pdf,3730
Situation Report,2019-04-01,12:00,https://www.dmc.gov.lk/images/dmcreports/Situation_Report__on_2019__1554102685.pdf,3730
Situation Report,2019-04-01,09:00,https://www.dmc.gov.lk/images/dmcreports/Situation_Report__on_2019__1554095817.pdf,3730
Situation Report,2019-03-31,18:00,https://www.dmc.gov.lk/images/dmcreports/Situation_Report__on_2019__1554037983.pdf,3730
Situation Report,2019-03-31,12:00,https://www.dmc.gov.lk/images/dmcreports/Situation_Report__on_2019__1554019952.pdf,3730
Situation Report,2019-03-31,09:00,https://www.dmc.gov.lk/images/dmcreports/Situation_Report__on_2019__1554008109.pdf,3730
Situation Report,2019-03-30,18:00,https://www.dmc.gov.lk/images/dmcreports/Situation_Report__on_2019__1553949638.pdf,3730
Situation Report,2019-03-30,12:00,https://www.dmc.gov.lk/images/dmcreports/Situation_Report__on_2019__1553930492.pdf,3730
Situation Report,2019-03-30,09:00,https://www.dmc.gov.lk/images/dmcreports/Situation_Report__on_2019__1553919989.pdf,3740
Situation Report,2019-03-29,18:00,https://www.dmc.gov.lk/images/dmcreports/Situation_Report__on_2019__1553865896.pdf,3740
Situation Report,2019-03-29,12:00,https://www.dmc.gov.lk/images/dmcreports/Situation_Report__on_2019__1553841999.pdf,3740
Situation Report,2019-03-29,09:00,https://www.dmc.gov.lk/images/dmcreports/Situation_Report__on_2019__1553831408.pdf,3740
Situation Report,2019-03-28,18:00,https://www.dmc.gov.lk/images/dmcreports/Situation_Report__on_2019__1553776477.pdf,3740
Situation Report,2019-03-28,12:00,https://www.dmc.gov.lk/images/dmcreports/Situation_Report__on_2019__1553757181.pdf,3740
Situation Report,2019-03-28,09:00,https://www.dmc.gov.lk/images/dmcreports/Situation_Report__on_2019__1553745561.pdf,3740
Situation Report,2019-03-27,18:00,https://www.dmc.gov.lk/images/dmcreports/Situation_Report__on_2019__1553691929.pdf,3740
Situation Report,2019-03-27,12:00,https://www.dmc.gov.lk/images/dmcreports/Situation_Report__on_2019__1553668586.pdf,3740
Situation Report,2019-03-27,09:00,https://www.dmc.gov.lk/images/dmcreports/Situation_Report__on_2019__1553659241.pdf,3740
Situation Report,2019-03-26,18:00,https://www.dmc.gov.lk/images/dmcreports/Situation_Report__on_2019__1553608081.pdf,3750
Situation Report,2019-03-26,12:00,https://www.dmc.gov.lk/images/dmcreports/Situation_Report__on_2019__1553585703.pdf,3750
Situation Report,2019-03-26,09:00,https://www.dmc.gov.lk/images/dmcreports/Situation_Report__on_2019__1553571788.pdf,3750
Situation Report,2019-03-25,18:00,https://www.dmc.gov.lk/images/dmcreports/Situation_Report__on_2019__1553519962.pdf,3750
Situation Report,2019-03-25,12:00,https://www.dmc.gov.lk/images/dmcreports/Situation_Report__on_2019__1553497583.pdf,3750
Situation Report,2019-03-25,09:00,https://www.dmc.gov.lk/images/dmcreports/Situation_Report__on_2019__1553485463.pdf,3750
Situation Report,2019-03-24,18:00,https://www.dmc.gov.lk/images/dmcreports/Situation_Report__on_2019__1553431195.pdf,3750
Situation Report,2019-03-24,12:00,https://www.dmc.gov.lk/images/dmcreports/Situation_Report__on_2019__1553409312.pdf,3750
Situation Report,2019-03-24,09:00,https://www.dmc.gov.lk/images/dmcreports/Situation_Report__on_2019__1553399586.pdf,3750
Situation Report,2019-03-23,09:00,https://www.dmc.gov.lk/images/dmcreports/Situation_Report__on_2019__1553314083.pdf,3750
Situation Report,2019-03-22,18:00,https://www.dmc.gov.lk/images/dmcreports/Situation_Report__on_2019__1553258670.pdf,3760
Situation Report,2019-03-22,12:00,https://www.dmc.gov.lk/images/dmcreports/Situation_Report__on_2019__1553238774.pdf,3760
Situation Report,2019-03-22,09:00,https://www.dmc.gov.lk/images/dmcreports/Situation_Report__on_2019__1553228537.pdf,3760
Situation Report,2019-03-21,18:00,https://www.dmc.gov.lk/images/dmcreports/Situation_Report__on_2019__1553172673.pdf,3760
Situation Report,2019-03-21,12:00,https://www.dmc.gov.lk/images/dmcreports/Situation_Report__on_2019__1553150885.pdf,3760
Situation Report,2019-03-21,09:00,https://www.dmc.gov.lk/images/dmcreports/Situation_Report__on_2019__1553140648.pdf,3760
Situation Report,2019-03-20,18:00,https://www.dmc.gov.lk/images/dmcreports/Situation_Report__on_2019__1553088071.pdf,3760
Situation Report,2019-03-20,12:00,https://www.dmc.gov.lk/images/dmcreports/Situation_Report__on_2019__1553066484.pdf,3760
Situation Report,2019-03-20,09:00,https://www.dmc.gov.lk/images/dmcreports/Situation_Report__on_2019__1553054957.pdf,3760
Situation Report,2019-03-19,18:00,https://www.dmc.gov.lk/images/dmcreports/Situation_Report__on_2019__1553002018.pdf,3760
Situation Report,2019-03-19,12:00,https://www.dmc.gov.lk/images/dmcreports/Situation_Report__on_2019__1552977016.pdf,3770
Situation Report,2019-03-19,09:00,https://www.dmc.gov.lk/images/dmcreports/Situation_Report__on_2019__1552966431.pdf,3770
Situation Report,2019-03-18,18:00,https://www.dmc.gov.lk/images/dmcreports/Situation_Report__on_2019__1552912664.pdf,3770
Situation Report,2019-03-18,12:00,https://www.dmc.gov.lk/images/dmcreports/Situation_Report__on_2019__1552891818.pdf,3770
Situation Report,2019-03-18,09:00,https://www.dmc.gov.lk/images/dmcreports/Situation_Report__on_2019__1552880763.pdf,3770
Situation Report,2019-03-17,18:00,https://www.dmc.gov.lk/images/dmcreports/Situation_Report__on_2019__1552826912.pdf,3770
Situation Report,2019-03-17,12:00,https://www.dmc.gov.lk/images/dmcreports/Situation_Report__on_2019__1552807058.pdf,3770
Situation Report,2019-03-17,09:00,https://www.dmc.gov.lk/images/dmcreports/Situation_Report__on_2019__1552794079.pdf,3770
Situation Report,2019-03-16,18:00,https://www.dmc.gov.lk/images/dmcreports/Situation_Report__on_2019__1552741921.pdf,3770
Situation Report,2019-03-16,09:00,https://www.dmc.gov.lk/images/dmcreports/Situation_Report__on_2019__1552708926.pdf,3780
Situation Report,2019-03-15,18:00,https://www.dmc.gov.lk/images/dmcreports/Situation_Report__on_2019__1552653400.pdf,3780
Situation Report,2019-03-15,12:00,https://www.dmc.gov.lk/images/dmcreports/Situation_Report__on_2019__1552632724.pdf,3780
Situation Report,2019-03-15,09:00,https://www.dmc.gov.lk/images/dmcreports/Situation_Report__on_2019__1552622755.pdf,3780
Situation Report,2019-03-14,18:00,https://www.dmc.gov.lk/images/dmcreports/Situation_Report__on_2019__1552571302.pdf,3780
Situation Report,2019-03-14,12:00,https://www.dmc.gov.lk/images/dmcreports/Situation_Report__on_2019__1552547837.pdf,3780
Situation Report,2019-03-14,09:00,https://www.dmc.gov.lk/images/dmcreports/Situation_Report__on_2019__1552534885.pdf,3780
Situation Report,2019-03-13,18:00,https://www.dmc.gov.lk/images/dmcreports/Situation_Report__on_2019__1552481075.pdf,3780
Situation Report,2019-03-13,12:00,https://www.dmc.gov.lk/images/dmcreports/Situation_Report__on_2019__1552461306.pdf,3780
Situation Report,2019-03-13,09:00,https://www.dmc.gov.lk/images/dmcreports/Situation_Report__on_2019__1552448986.pdf,3780
Situation Report,2019-03-12,18:00,https://www.dmc.gov.lk/images/dmcreports/Situation_Report__on_2019__1552395896.pdf,3790
Situation Report,2019-03-12,12:00,https://www.dmc.gov.lk/images/dmcreports/Situation_Report__on_2019__1552373763.pdf,3790
Situation Report,2019-03-12,09:00,https://www.dmc.gov.lk/images/dmcreports/Situation_Report__on_2019__1552362743.pdf,3790
Situation Report,2019-03-11,18:00,https://www.dmc.gov.lk/images/dmcreports/Situation_Report__on_2019__1552309055.pdf,3790
Situation Report,2019-03-11,12:00,https://www.dmc.gov.lk/images/dmcreports/Situation_Report__on_2019__1552288808.pdf,3790
Situation Report,2019-03-11,09:00,https://www.dmc.gov.lk/images/dmcreports/Situation_Report__on_2019__1552275939.pdf,3790
Situation Report,2019-03-10,12:00,https://www.dmc.gov.lk/images/dmcreports/Situation_Report__on_2019__1552203091.pdf,3790
Situation Report,2019-03-10,09:00,https://www.dmc.gov.lk/images/dmcreports/Situation_Report__on_2019__1552191691.pdf,3790
Situation Report,2019-03-09,18:00,https://www.dmc.gov.lk/images/dmcreports/Situation_Report__on_2019__1552135787.pdf,3790
Situation Report,2019-03-09,12:00,https://www.dmc.gov.lk/images/dmcreports/Situation_Report__on_2019__1552113312.pdf,3790
Situation Report,2019-03-09,09:00,https://www.dmc.gov.lk/images/dmcreports/Situation_Report__on_2019__1552102191.pdf,3800
Situation Report,2019-03-08,18:00,https://www.dmc.gov.lk/images/dmcreports/Situation_Report__on_2019__1552049073.pdf,3800
Situation Report,2019-03-08,12:00,https://www.dmc.gov.lk/images/dmcreports/Situation_Report__on_2019__1552028035.pdf,3800
Situation Report,2019-03-08,09:00,https://www.dmc.gov.lk/images/dmcreports/Situation_Report__on_2019__1552016814.pdf,3800
Situation Report,2019-03-07,18:00,https://www.dmc.gov.lk/images/dmcreports/Situation_Report__on_2019__1551964101.pdf,3800
Situation Report,2019-03-07,09:00,https://www.dmc.gov.lk/images/dmcreports/Situation_Report__on_2019__1551929885.pdf,3800
Situation Report,2019-03-06,18:00,https://www.dmc.gov.lk/images/dmcreports/Situation_Report__on_2019__1551875663.pdf,3800
Situation Report,2019-03-06,12:00,https://www.dmc.gov.lk/images/dmcreports/Situation_Report__on_2019__1551855509.pdf,3800
Situation Report,2019-03-05,18:00,https://www.dmc.gov.lk/images/dmcreports/Situation_Report__on_2019__1551790893.pdf,3800
Situation Report,2019-03-05,12:00,https://www.dmc.gov.lk/images/dmcreports/Situation_Report__on_2019__1551771565.pdf,3800
Situation Report,2019-03-04,18:00,https://www.dmc.gov.lk/images/dmcreports/Situation_Report__on_2019__1551704691.pdf,3810
Situation Report,2019-03-04,12:00,https://www.dmc.gov.lk/images/dmcreports/Situation_Report__on_2019__1551684060.pdf,3810
Situation Report,2019-03-04,09:00,https://www.dmc.gov.lk/images/dmcreports/Situation_Report__on_2019__1551672928.pdf,3810
Situation Report,2019-03-03,18:00,https://www.dmc.gov.lk/images/dmcreports/Situation_Report__on_2019__1551616214.pdf,3810
Situation Report,2019-03-03,12:00,https://www.dmc.gov.lk/images/dmcreports/Situation_Report__on_2019__1551594736.pdf,3810
Situation Report,2019-03-03,09:00,https://www.dmc.gov.lk/images/dmcreports/Situation_Report__on_2019__1551594776.pdf,3810
Situation Report,2019-03-02,18:00,https://www.dmc.gov.lk/images/dmcreports/Situation_Report__on_2019__1551530183.pdf,3810
Situation Report,2019-03-02,12:00,https://www.dmc.gov.lk/images/dmcreports/Situation_Report__on_2019__1551508636.pdf,3810
Situation Report,2019-03-02,09:00,https://www.dmc.gov.lk/images/dmcreports/Situation_Report__on_2019__1551497642.pdf,3810
Situation Report,2019-03-01,18:00,https://www.dmc.gov.lk/images/dmcreports/Situation_Report__on_2019__1551443495.pdf,3820
Situation Report,2019-03-01,12:00,https://www.dmc.gov.lk/images/dmcreports/Situation_Report__on_2019__1551422580.pdf,3820
Situation Report,2019-03-01,09:00,https://www.dmc.gov.lk/images/dmcreports/Situation_Report__on_2019__1551411698.pdf,3820
Situation Report,2019-02-28,18:00,https://www.dmc.gov.lk/images/dmcreports/Situation_Report__on_2019__1551358618.pdf,3820
Situation Report,2019-02-28,12:00,https://www.dmc.gov.lk/images/dmcreports/Situation_Report__on_2019__1551338622.pdf,3820
Situation Report,2019-02-28,09:00,https://www.dmc.gov.lk/images/dmcreports/Situation_Report__on_2019__1551325714.pdf,3820
Situation Report,2019-02-27,18:00,https://www.dmc.gov.lk/images/dmcreports/Situation_Report__on_2019__1551272373.pdf,3820
Situation Report,2019-02-27,12:00,https://www.dmc.gov.lk/images/dmcreports/Situation_Report__on_2019__1551254178.pdf,3820
Situation Report,2019-02-27,09:00,https://www.dmc.gov.lk/images/dmcreports/Situation_Report__on_2019__1551238368.pdf,3820
Situation Report,2019-02-26,18:00,https://www.dmc.gov.lk/images/dmcreports/Situation_Report__on_2019__1551186977.pdf,3820
Situation Report,2019-02-26,12:00,https://www.dmc.gov.lk/images/dmcreports/Situation_Report__on_2019__1551165813.pdf,3830
Situation Report,2019-02-26,09:00,https://www.dmc.gov.lk/images/dmcreports/Situation_Report__on_2019__1551154036.pdf,3830
Situation Report,2019-02-25,18:00,https://www.dmc.gov.lk/images/dmcreports/Situation_Report__on_2019__1551099278.pdf,3830
Situation Report,2019-02-25,12:00,https://www.dmc.gov.lk/images/dmcreports/Situation_Report__on_2019__1551076842.pdf,3830
Situation Report,2019-02-25,09:00,https://www.dmc.gov.lk/images/dmcreports/Situation_Report__on_2019__1551066158.pdf,3830
Situation Report,2019-02-24,18:00,https://www.dmc.gov.lk/images/dmcreports/Situation_Report__on_2019__1551013129.pdf,3830
Situation Report,2019-02-24,12:00,https://www.dmc.gov.lk/images/dmcreports/Situation_Report__on_2019__1550991282.pdf,3830
Situation Report,2019-02-24,09:00,https://www.dmc.gov.lk/images/dmcreports/Situation_Report__on_2019__1550979200.pdf,3830
Situation Report,2019-02-23,18:00,https://www.dmc.gov.lk/images/dmcreports/Situation_Report__on_2019__1550925610.pdf,3830
Situation Report,2019-02-23,12:00,https://www.dmc.gov.lk/images/dmcreports/Situation_Report__on_2019__1550904260.pdf,3830
Situation Report,2019-02-23,09:00,https://www.dmc.gov.lk/images/dmcreports/Situation_Report__on_2019__1550893084.pdf,3840
Situation Report,2019-02-22,18:00,https://www.dmc.gov.lk/images/dmcreports/Situation_Report__on_2019__1550839219.pdf,3840
Situation Report,2019-02-22,12:00,https://www.dmc.gov.lk/images/dmcreports/Situation_Report__on_2019__1550817584.pdf,3840
Situation Report,2019-02-22,09:00,https://www.dmc.gov.lk/images/dmcreports/Situation_Report__on_2019__1550806928.pdf,3840
Situation Report,2019-02-21,18:00,https://www.dmc.gov.lk/images/dmcreports/Situation_Report__on_2019__1550753696.pdf,3840
Situation Report,2019-02-21,12:00,https://www.dmc.gov.lk/images/dmcreports/Situation_Report__on_2019__1550730851.pdf,3840
Situation Report,2019-02-21,09:00,https://www.dmc.gov.lk/images/dmcreports/Situation_Report__on_2019__1550720573.pdf,3840
Situation Report,2019-02-20,18:00,https://www.dmc.gov.lk/images/dmcreports/Situation_Report__on_2019__1550665031.pdf,3840
Situation Report,2019-02-20,12:00,https://www.dmc.gov.lk/images/dmcreports/Situation_Report__on_2019__1550645636.pdf,3840
Situation Report,2019-02-20,09:00,https://www.dmc.gov.lk/images/dmcreports/Situation_Report__on_2019__1550634609.pdf,3840
Situation Report,2019-02-19,18:00,https://www.dmc.gov.lk/images/dmcreports/Situation_Report__on_2019__1550579074.pdf,3850
Situation Report,2019-02-19,12:00,https://www.dmc.gov.lk/images/dmcreports/Situation_Report__on_2019__1550560509.pdf,3850
Situation Report,2019-02-19,09:00,https://www.dmc.gov.lk/images/dmcreports/Situation_Report__on_2019__1550546810.pdf,3850
Situation Report,2019-02-18,18:00,https://www.dmc.gov.lk/images/dmcreports/Situation_Report__on_2019__1550494206.pdf,3850
Situation Report,2019-02-18,12:00,https://www.dmc.gov.lk/images/dmcreports/Situation_Report__on_2019__1550473891.pdf,3850
Situation Report,2019-02-18,09:00,https://www.dmc.gov.lk/images/dmcreports/Situation_Report__on_2019__1550462407.pdf,3850
Situation Report,2019-02-17,18:00,https://www.dmc.gov.lk/images/dmcreports/Situation_Report__on_2019__1550408282.pdf,3850
Situation Report,2019-02-17,12:00,https://www.dmc.gov.lk/images/dmcreports/Situation_Report__on_2019__1550386753.pdf,3850
Situation Report,2019-02-17,09:00,https://www.dmc.gov.lk/images/dmcreports/Situation_Report__on_2019__1550374848.pdf,3850
Situation Report,2019-02-16,18:00,https://www.dmc.gov.lk/images/dmcreports/Situation_Report__on_2019__1550320317.pdf,3850
Situation Report,2019-02-16,12:00,https://www.dmc.gov.lk/images/dmcreports/Situation_Report__on_2019__1550299385.pdf,3860
Situation Report,2019-02-16,09:00,https://www.dmc.gov.lk/images/dmcreports/Situation_Report__on_2019__1550289831.pdf,3860
Situation Report,2019-02-15,18:00,https://www.dmc.gov.lk/images/dmcreports/Situation_Report__on_2019__1550234149.pdf,3860
Situation Report,2019-02-15,12:00,https://www.dmc.gov.lk/images/dmcreports/Situation_Report__on_2019__1550212528.pdf,3860
Situation Report,2019-02-15,09:00,https://www.dmc.gov.lk/images/dmcreports/Situation_Report__on_2019__1550202083.pdf,3860
Situation Report,2019-02-14,18:00,https://www.dmc.gov.lk/images/dmcreports/Situation_Report__on_2019__1550148217.pdf,3860
Situation Report,2019-02-14,12:00,https://www.dmc.gov.lk/images/dmcreports/Situation_Report__on_2019__1550127611.pdf,3860
Situation Report,2019-02-14,09:00,https://www.dmc.gov.lk/images/dmcreports/Situation_Report__on_2019__1550115929.pdf,3860
Situation Report,2019-02-13,18:00,https://www.dmc.gov.lk/images/dmcreports/Situation_Report__on_2019__1550061431.pdf,3860
Situation Report,2019-02-13,12:00,https://www.dmc.gov.lk/images/dmcreports/Situation_Report__on_2019__1550041829.pdf,3860
Situation Report,2019-02-13,09:00,https://www.dmc.gov.lk/images/dmcreports/Situation_Report__on_2019__1550029872.pdf,3870
Situation Report,2019-02-12,18:00,https://www.dmc.gov.lk/images/dmcreports/Situation_Report__on_2019__1549977068.pdf,3870
Situation Report,2019-02-12,12:00,https://www.dmc.gov.lk/images/dmcreports/Situation_Report__on_2019__1549953354.pdf,3870
Situation Report,2019-02-12,09:00,https://www.dmc.gov.lk/images/dmcreports/Situation_Report__on_2019__1549941634.pdf,3870
Situation Report,2019-02-11,18:00,https://www.dmc.gov.lk/images/dmcreports/Situation_Report__on_2019__1549893245.pdf,3870
Situation Report,2019-02-11,12:00,https://www.dmc.gov.lk/images/dmcreports/Situation_Report__on_2019__1549870686.pdf,3870
Situation Report,2019-02-11,09:00,https://www.dmc.gov.lk/images/dmcreports/Situation_Report__on_2019__1549857553.pdf,3870
Situation Report,2019-02-10,18:00,https://www.dmc.gov.lk/images/dmcreports/Situation_Report__on_2019__1549807125.pdf,3870
Situation Report,2019-02-10,16:00,https://www.dmc.gov.lk/images/dmcreports/Weather_Report_at_1600_hrs__1549795833.PDF,3870
Situation Report,2019-02-10,12:00,https://www.dmc.gov.lk/images/dmcreports/Situation_Report__on_2019__1549780838.pdf,3870
Situation Report,2019-02-10,09:00,https://www.dmc.gov.lk/images/dmcreports/Situation_Report__on_2019__1549770289.pdf,3880
Situation Report,2019-02-09,18:00,https://www.dmc.gov.lk/images/dmcreports/Situation_Report__on_2019__1549717976.pdf,3880
Situation Report,2019-02-09,12:00,https://www.dmc.gov.lk/images/dmcreports/Situation_Report__on_2019__1549695726.pdf,3880
Situation Report,2019-02-09,09:00,https://www.dmc.gov.lk/images/dmcreports/Situation_Report__on_2019__1549683497.pdf,3880
Situation Report,2019-02-08,18:00,https://www.dmc.gov.lk/images/dmcreports/Situation_Report__on_2019__1549629078.pdf,3880
Situation Report,2019-02-08,12:00,https://www.dmc.gov.lk/images/dmcreports/Situation_Report__on_2019__1549608374.pdf,3880
Situation Report,2019-02-08,09:00,https://www.dmc.gov.lk/images/dmcreports/Situation_Report__on_2019__1549598490.pdf,3880
Situation Report,2019-02-07,18:00,https://www.dmc.gov.lk/images/dmcreports/Situation_Report__on_2019__1549543121.pdf,3880
Situation Report,2019-02-07,09:00,https://www.dmc.gov.lk/images/dmcreports/Situation_Report__on_2019__1549510736.pdf,3880
Situation Report,2019-02-06,12:00,https://www.dmc.gov.lk/images/dmcreports/Situation_Report__on_2019__1549436403.pdf,3880
Situation Report,2019-02-06,09:00,https://www.dmc.gov.lk/images/dmcreports/Situation_Report__on_2019__1549428893.pdf,3890
Situation Report,2019-02-05,18:00,https://www.dmc.gov.lk/images/dmcreports/Situation_Report__on_2019__1549370347.pdf,3890
Situation Report,2019-02-05,12:00,https://www.dmc.gov.lk/images/dmcreports/Situation_Report__on_2019__1549348947.pdf,3890
Situation Report,2019-02-05,09:00,https://www.dmc.gov.lk/images/dmcreports/Situation_Report__on_2019__1549338160.pdf,3890
Situation Report,2019-02-04,18:00,https://www.dmc.gov.lk/images/dmcreports/Situation_Report__on_2019__1549294461.pdf,3890
Situation Report,2019-02-04,09:00,https://www.dmc.gov.lk/images/dmcreports/Situation_Report__on_2019__1549251452.pdf,3890
Situation Report,2019-02-03,18:00,https://www.dmc.gov.lk/images/dmcreports/Situation_Report__on_2019__1549197664.pdf,3890
Situation Report,2019-02-03,12:00,https://www.dmc.gov.lk/images/dmcreports/Situation_Report__on_2019__1549179161.pdf,3890
Situation Report,2019-02-03,09:00,https://www.dmc.gov.lk/images/dmcreports/Situation_Report__on_2019__1549166260.pdf,3890
Situation Report,2019-02-02,18:00,https://www.dmc.gov.lk/images/dmcreports/Situation_Report__on_2019__1549110605.pdf,3890
Situation Report,2019-02-02,12:00,https://www.dmc.gov.lk/images/dmcreports/Situation_Report__on_2019__1549092459.pdf,3900
Situation Report,2019-02-02,09:00,https://www.dmc.gov.lk/images/dmcreports/Situation_Report__on_2019__1549081056.pdf,3900
Situation Report,2019-02-01,18:00,https://www.dmc.gov.lk/images/dmcreports/Situation_Report__on_2019__1549024651.pdf,3900
Situation Report,2019-02-01,12:00,https://www.dmc.gov.lk/images/dmcreports/Situation_Report__on_2019__1549003341.pdf,3900
Situation Report,2019-02-01,09:00,https://www.dmc.gov.lk/images/dmcreports/Situation_Report__on_2019__1548992980.pdf,3900
Situation Report,2019-01-31,18:00,https://www.dmc.gov.lk/images/dmcreports/Situation_Report__on_2019__1548940774.pdf,3900
Situation Report,2019-01-31,12:00,https://www.dmc.gov.lk/images/dmcreports/Situation_Report__on_2019__1548918305.pdf,3900
Situation Report,2019-01-31,09:00,https://www.dmc.gov.lk/images/dmcreports/Situation_Report__on_2019__1548907018.pdf,3900
Situation Report,2019-01-30,18:00,https://www.dmc.gov.lk/images/dmcreports/Situation_Report__on_2019__1548854254.pdf,3900
Situation Report,2019-01-30,12:00,https://www.dmc.gov.lk/images/dmcreports/Situation_Report__on_2019__1548832583.pdf,3900
Situation Report,2019-01-30,09:00,https://www.dmc.gov.lk/images/dmcreports/Situation_Report__on_2019__1548819906.pdf,3910
Situation Report,2019-01-29,18:00,https://www.dmc.gov.lk/images/dmcreports/Situation_Report__on_2019__1548766234.pdf,3910
Situation Report,2019-01-29,12:00,https://www.dmc.gov.lk/images/dmcreports/Situation_Report__on_2019__1548743440.pdf,3910
Situation Report,2019-01-29,09:00,https://www.dmc.gov.lk/images/dmcreports/Situation_Report__on_2019__1548733023.pdf,3910
Situation Report,2019-01-28,18:00,https://www.dmc.gov.lk/images/dmcreports/Situation_Report__on_2019__1548679990.pdf,3910
Situation Report,2019-01-28,16:00,https://www.dmc.gov.lk/images/dmcreports/Weather_Report_1600hrs_on_2019__1548672152.PDF,3910
Situation Report,2019-01-28,12:00,https://www.dmc.gov.lk/images/dmcreports/Situation_Report__on_2019__1548658318.pdf,3910
Situation Report,2019-01-28,09:00,https://www.dmc.gov.lk/images/dmcreports/Situation_Report__on_2019__1548646745.pdf,3910
Situation Report,2019-01-27,18:00,https://www.dmc.gov.lk/images/dmcreports/Situation_Report__on_2019__1548592410.pdf,3910
Situation Report,2019-01-27,12:00,https://www.dmc.gov.lk/images/dmcreports/Situation_Report__on_2019__1548571284.pdf,3910
Situation Report,2019-01-27,09:00,https://www.dmc.gov.lk/images/dmcreports/Situation_Report__on_2019__1548561908.pdf,3920
Situation Report,2019-01-26,18:00,https://www.dmc.gov.lk/images/dmcreports/Situation_Report__on_2019__1548506174.pdf,3920
Situation Report,2019-01-26,09:00,https://www.dmc.gov.lk/images/dmcreports/Situation_Report__on_2019__1548475134.pdf,3920
Situation Report,2019-01-25,18:00,https://www.dmc.gov.lk/images/dmcreports/Situation_Report__on_2019__1548421571.pdf,3920
Situation Report,2019-01-25,12:00,https://www.dmc.gov.lk/images/dmcreports/Situation_Report__on_2019__1548397905.pdf,3920
Situation Report,2019-01-25,09:00,https://www.dmc.gov.lk/images/dmcreports/Situation_Report__on_2019__1548386836.pdf,3920
Situation Report,2019-01-21,18:00,https://www.dmc.gov.lk/images/dmcreports/Situation_Report__on_2019__1548073988.pdf,3920
Situation Report,2019-01-21,12:00,https://www.dmc.gov.lk/images/dmcreports/Situation_Report__on_2019__1548055182.pdf,3920
Situation Report,2019-01-21,09:00,https://www.dmc.gov.lk/images/dmcreports/Situation_Report__on_2019__1548043003.pdf,3920
Situation Report,2019-01-20,18:00,https://www.dmc.gov.lk/images/dmcreports/Situation_Report__on_2019__1547987519.pdf,3920
Situation Report,2019-01-20,12:00,https://www.dmc.gov.lk/images/dmcreports/Situation_Report__on_2019__1547966798.pdf,3930
Situation Report,2019-01-20,09:00,https://www.dmc.gov.lk/images/dmcreports/Situation_Report__on_2019__1547961820.pdf,3930
Situation Report,2019-01-19,18:00,https://www.dmc.gov.lk/images/dmcreports/Situation_Report__on_2019__1547901658.pdf,3930
Situation Report,2019-01-19,12:00,https://www.dmc.gov.lk/images/dmcreports/Situation_Report__on_2019__1547882741.pdf,3930
Situation Report,2019-01-18,18:00,https://www.dmc.gov.lk/images/dmcreports/Situation_Report__on_2019__1547815350.pdf,3930
Situation Report,2019-01-18,12:00,https://www.dmc.gov.lk/images/dmcreports/Situation_Report__on_2019__1547795002.pdf,3930
Situation Report,2019-01-18,09:00,https://www.dmc.gov.lk/images/dmcreports/Situation_Report__on_2019__1547784237.pdf,3930
Situation Report,2019-01-17,18:00,https://www.dmc.gov.lk/images/dmcreports/Situation_Report__on_2019__1547728430.pdf,3930
Situation Report,2019-01-17,12:00,https://www.dmc.gov.lk/images/dmcreports/Situation_Report__on_2019__1547708933.pdf,3930
Situation Report,2019-01-17,09:00,https://www.dmc.gov.lk/images/dmcreports/Situation_Report__on_2019__1547696551.pdf,3930
Situation Report,2019-01-16,18:00,https://www.dmc.gov.lk/images/dmcreports/Situation_Report__on_2019__1547641885.pdf,3940
Situation Report,2019-01-16,12:00,https://www.dmc.gov.lk/images/dmcreports/Situation_Report__on_2019__1547622557.pdf,3940
Situation Report,2019-01-16,09:00,https://www.dmc.gov.lk/images/dmcreports/Situation_Report__on_2019__1547610615.pdf,3940
Situation Report,2019-01-15,18:00,https://www.dmc.gov.lk/images/dmcreports/Situation_Report__on_2019__1547555707.pdf,3940
Situation Report,2019-01-15,12:00,https://www.dmc.gov.lk/images/dmcreports/Situation_Report__on_2019__1547536319.pdf,3940
Situation Report,2019-01-15,09:00,https://www.dmc.gov.lk/images/dmcreports/Situation_Report__on_2019__1547524641.pdf,3940
Situation Report,2019-01-14,18:00,https://www.dmc.gov.lk/images/dmcreports/Situation_Report__on_2019__1547472036.pdf,3940
Situation Report,2019-01-14,12:00,https://www.dmc.gov.lk/images/dmcreports/Situation_Report__on_2019__1547448330.pdf,3940
Situation Report,2019-01-14,09:00,https://www.dmc.gov.lk/images/dmcreports/Situation_Report__on_2019__1547437461.pdf,3940
Situation Report,2019-01-13,18:00,https://www.dmc.gov.lk/images/dmcreports/Situation_Report__on_2019__1547383524.pdf,3940
Situation Report,2019-01-13,12:00,https://www.dmc.gov.lk/images/dmcreports/Situation_Report__on_2019__1547362837.pdf,3950
Situation Report,2019-01-13,09:00,https://www.dmc.gov.lk/images/dmcreports/Situation_Report__on_2019__1547350873.pdf,3950
Situation Report,2019-01-12,18:00,https://www.dmc.gov.lk/images/dmcreports/Situation_Report__on_2019__1547297400.pdf,3950
Situation Report,2019-01-12,12:00,https://www.dmc.gov.lk/images/dmcreports/Situation_Report__on_2019__1547274812.pdf,3950
Situation Report,2019-01-12,09:00,https://www.dmc.gov.lk/images/dmcreports/Situation_Report__on_2019__1547264336.pdf,3950
Situation Report,2019-01-11,18:00,https://www.dmc.gov.lk/images/dmcreports/Situation_Report__on_2019__1547210255.pdf,3950
Situation Report,2019-01-11,12:00,https://www.dmc.gov.lk/images/dmcreports/Situation_Report__on_2019__1547188824.pdf,3950
Situation Report,2019-01-11,09:00,https://www.dmc.gov.lk/images/dmcreports/Situation_Report__on_2019__1547177984.pdf,3950
Situation Report,2019-01-10,18:00,https://www.dmc.gov.lk/images/dmcreports/Situation_Report__on_2019__1547123433.pdf,3950
Situation Report,2019-01-10,12:00,https://www.dmc.gov.lk/images/dmcreports/Situation_Report__on_2019__1547104535.pdf,3950
Situation Report,2019-01-10,09:00,https://www.dmc.gov.lk/images/dmcreports/Situation_Report__on_2019__1547093186.pdf,3960
Situation Report,2019-01-09,18:00,https://www.dmc.gov.lk/images/dmcreports/Situation_Report__on_2019__1547037999.pdf,3960
Situation Report,2019-01-09,12:00,https://www.dmc.gov.lk/images/dmcreports/Situation_Report__on_2019__1547018582.pdf,3960
Situation Report,2019-01-09,09:00,https://www.dmc.gov.lk/images/dmcreports/Situation_Report__on_2019__1547006277.pdf,3960
Situation Report,2019-01-08,18:00,https://www.dmc.gov.lk/images/dmcreports/Situation_Report__on_2019__1546953481.pdf,3960
Situation Report,2019-01-08,12:00,https://www.dmc.gov.lk/images/dmcreports/Situation_Report__on_2019__1546930023.pdf,3960
Situation Report,2019-01-08,09:00,https://www.dmc.gov.lk/images/dmcreports/Situation_Report__on_2019__1546918891.pdf,3960
Situation Report,2019-01-07,18:00,https://www.dmc.gov.lk/images/dmcreports/Situation_Report__on_2019__1546865280.pdf,3960
Situation Report,2019-01-07,12:00,https://www.dmc.gov.lk/images/dmcreports/Situation_Report__on_2019__1546846355.pdf,3960
Situation Report,2019-01-06,18:00,https://www.dmc.gov.lk/images/dmcreports/Situation_Report__on_2019__1546778638.pdf,3960
Situation Report,2019-01-06,12:00,https://www.dmc.gov.lk/images/dmcreports/Situation_Report__on_2019__1546756881.pdf,3970
Situation Report,2019-01-05,18:00,https://www.dmc.gov.lk/images/dmcreports/Situation_Report__on_2019__1546693912.pdf,3970
Situation Report,2019-01-05,12:00,https://www.dmc.gov.lk/images/dmcreports/Situation_Report__on_2019__1546669933.pdf,3970
Situation Report,2019-01-05,09:00,https://www.dmc.gov.lk/images/dmcreports/Situation_Report__on_2019__1546659433.pdf,3970
Situation Report,2019-01-04,18:00,https://www.dmc.gov.lk/images/dmcreports/Situation_Report__on_2019__1546605153.pdf,3970
Situation Report,2019-01-04,09:00,https://www.dmc.gov.lk/images/dmcreports/Situation_Report__on_2019__1546572806.pdf,3970
Situation Report,2019-01-03,18:00,https://www.dmc.gov.lk/images/dmcreports/Situation_Report__on_2019__1546519065.pdf,3970
Situation Report,2019-01-03,09:00,https://www.dmc.gov.lk/images/dmcreports/Situation_Report__on_2019__1546486271.pdf,3970
Situation Report,2019-01-02,18:00,https://www.dmc.gov.lk/images/dmcreports/Situation_Report__on_2019__1546435414.pdf,3970
Situation Report,2019-01-02,12:00,https://www.dmc.gov.lk/images/dmcreports/Situation_Report__on_2019__1546412189.pdf,3980
Situation Report,2019-01-01,18:00,https://www.dmc.gov.lk/images/dmcreports/Situation_Report__on_2019__1546346084.pdf,3980
Situation Report,2019-01-01,12:00,https://www.dmc.gov.lk/images/dmcreports/Situation_Report__on_2019__1546325102.pdf,3980
Situation Report,2019-01-01,09:00,https://www.dmc.gov.lk/images/dmcreports/Situation_Report__on_2019__1546324706.pdf,3980
Situation Report,2018-12-31,18:00,https://www.dmc.gov.lk/images/dmcreports/Situation_Report__on_2018__1546262861.pdf,3980
Situation Report,2018-12-31,12:00,https://www.dmc.gov.lk/images/dmcreports/Situation_Report__on_2018__1546240503.pdf,3980
Situation Report,2018-12-31,09:00,https://www.dmc.gov.lk/images/dmcreports/Situation_Report__on_2018__1546228360.pdf,3980
Situation Report,2018-12-30,18:00,https://www.dmc.gov.lk/images/dmcreports/Situation_Report__on_2018__1546175636.pdf,3980
Situation Report,2018-12-30,12:00,https://www.dmc.gov.lk/images/dmcreports/Situation_Report__on_2018__1546152165.pdf,3980
Situation Report,2018-12-30,09:00,https://www.dmc.gov.lk/images/dmcreports/Situation_Report__on_2018__1546141452.pdf,3980
Situation Report,2018-12-29,18:00,https://www.dmc.gov.lk/images/dmcreports/Situation_Report__on_2018__1546088267.pdf,3990
Situation Report,2018-12-29,12:00,https://www.dmc.gov.lk/images/dmcreports/Situation_Report__on_2018__1546069546.pdf,3990
Situation Report,2018-12-29,09:00,https://www.dmc.gov.lk/images/dmcreports/Situation_Report__on_2018__1546055704.pdf,3990
Situation Report,2018-12-28,18:00,https://www.dmc.gov.lk/images/dmcreports/Situation_Report__on_2018__1546001124.pdf,3990
Situation Report,2018-12-28,12:00,https://www.dmc.gov.lk/images/dmcreports/Situation_Report__on_2018__1545982253.pdf,3990
Situation Report,2018-12-28,09:00,https://www.dmc.gov.lk/images/dmcreports/Situation_Report__on_2018__1545975736.pdf,3990
Situation Report,2018-12-27,18:00,https://www.dmc.gov.lk/images/dmcreports/Situation_Report__on_2018__1545917074.pdf,3990
Situation Report,2018-12-27,12:00,https://www.dmc.gov.lk/images/dmcreports/Situation_Report__on_2018__1545898669.pdf,3990
Situation Report,2018-12-27,09:00,https://www.dmc.gov.lk/images/dmcreports/Situation_Report__on_2018__1545883001.pdf,3990
Situation Report,2018-12-26,18:00,https://www.dmc.gov.lk/images/dmcreports/Situation_Report__on_2018__1545835555.pdf,3990
Situation Report,2018-12-26,12:00,https://www.dmc.gov.lk/images/dmcreports/Situation_Report__on_2018__1545814861.pdf,4000
Situation Report,2018-12-25,12:00,https://www.dmc.gov.lk/images/dmcreports/Situation_Report__on_2018__1545720235.pdf,4000
Situation Report,2018-12-25,09:00,https://www.dmc.gov.lk/images/dmcreports/Situation_Report__on_2018__1545710703.pdf,4000
Situation Report,2018-12-24,18:00,https://www.dmc.gov.lk/images/dmcreports/Situation_Report__on_2018__1545656900.pdf,4000
Situation Report,2018-12-24,12:00,https://www.dmc.gov.lk/images/dmcreports/Situation_Report__on_2018__1545636807.pdf,4000
Situation Report,2018-12-24,09:00,https://www.dmc.gov.lk/images/dmcreports/Situation_Report__on_2018__1545624993.pdf,4000
Situation Report,2018-12-23,18:00,https://www.dmc.gov.lk/images/dmcreports/Situation_Report__on_2018__1545569557.pdf,4000
Situation Report,2018-12-23,15:00,https://www.dmc.gov.lk/images/dmcreports/20181223_Sri_Lanka_Disaster_Situation_Summery__1545559868.pdf,4000
Situation Report,2018-12-23,09:00,https://www.dmc.gov.lk/images/dmcreports/Situation_Report__on_2018__1545537141.pdf,4000
Situation Report,2018-12-22,18:00,https://www.dmc.gov.lk/images/dmcreports/Situation_Report__on_2018__1545487738.pdf,4010
Situation Report,2018-12-22,15:00,https://www.dmc.gov.lk/images/dmcreports/Situation_Report__on_2018__1545472108.pdf,4010
Situation Report,2018-12-21,12:00,https://www.dmc.gov.lk/images/dmcreports/Situation_Report__on_2018__1545374518.pdf,4010
Situation Report,2018-12-20,18:00,https://www.dmc.gov.lk/images/dmcreports/Situation_Report__on_2018__1545308096.pdf,4010
Situation Report,2018-12-20,12:00,https://www.dmc.gov.lk/images/dmcreports/Situation_Report__on_2018__1545288627.pdf,4010
Situation Report,2018-12-20,09:00,https://www.dmc.gov.lk/images/dmcreports/Situation_Report__on_2018__1545278954.pdf,4010
Situation Report,2018-12-19,18:00,https://www.dmc.gov.lk/images/dmcreports/Situation_Report__on_2018__1545223247.pdf,4010
Situation Report,2018-12-19,12:00,https://www.dmc.gov.lk/images/dmcreports/Situation_Report__on_2018__1545202886.pdf,4010
Situation Report,2018-12-19,09:00,https://www.dmc.gov.lk/images/dmcreports/Situation_Report__on_2018__1545192401.pdf,4010
Situation Report,2018-12-18,18:00,https://www.dmc.gov.lk/images/dmcreports/Situation_Report__on_2018__1545136924.pdf,4010
Situation Report,2018-12-18,12:00,https://www.dmc.gov.lk/images/dmcreports/Situation_Report__on_2018__1545115947.pdf,4020
Situation Report,2018-12-18,09:00,https://www.dmc.gov.lk/images/dmcreports/Situation_Report__on_2018__1545105835.pdf,4020
Situation Report,2018-12-17,18:00,https://www.dmc.gov.lk/images/dmcreports/Situation_Report__on_2018__1545052554.pdf,4020
Situation Report,2018-12-17,12:00,https://www.dmc.gov.lk/images/dmcreports/Situation_Report__on_2018__1545028918.pdf,4020
Situation Report,2018-12-11,12:00,https://www.dmc.gov.lk/images/dmcreports/Situation_Report__on_2018__1544512788.pdf,4020
Situation Report,2018-12-11,09:00,https://www.dmc.gov.lk/images/dmcreports/Situation_Report__on_2018__1544500207.pdf,4020
Situation Report,2018-12-10,12:00,https://www.dmc.gov.lk/images/dmcreports/Situation_Report__on_2018__1544427869.pdf,4020
Situation Report,2018-12-10,09:00,https://www.dmc.gov.lk/images/dmcreports/Situation_Report__on_2018__1544413533.pdf,4020
Situation Report,2018-12-09,18:00,https://www.dmc.gov.lk/images/dmcreports/Situation_Report__on_2018__1544359971.pdf,4020
Situation Report,2018-12-09,12:00,https://www.dmc.gov.lk/images/dmcreports/Situation_Report__on_2018__1544337531.pdf,4020
Situation Report,2018-12-09,09:00,https://www.dmc.gov.lk/images/dmcreports/Situation_Report__on_2018__1544326491.pdf,4030
Situation Report,2018-12-08,18:00,https://www.dmc.gov.lk/images/dmcreports/Situation_Report__on_2018__1544272487.pdf,4030
Situation Report,2018-12-08,12:00,https://www.dmc.gov.lk/images/dmcreports/Situation_Report__on_2018__1544252852.pdf,4030
Situation Report,2018-12-08,09:00,https://www.dmc.gov.lk/images/dmcreports/Situation_Report__on_2018__1544240319.pdf,4030
Situation Report,2018-12-07,18:00,https://www.dmc.gov.lk/images/dmcreports/Situation_Report__on_2018__1544185754.pdf,4030
Situation Report,2018-12-07,12:00,https://www.dmc.gov.lk/images/dmcreports/Situation_Report__on_2018__1544164850.pdf,4030
Situation Report,2018-12-07,09:00,https://www.dmc.gov.lk/images/dmcreports/Situation_Report__on_2018__1544157250.pdf,4030
Situation Report,2018-12-06,18:00,https://www.dmc.gov.lk/images/dmcreports/Situation_Report__on_2018__1544101470.pdf,4030
Situation Report,2018-12-06,12:00,https://www.dmc.gov.lk/images/dmcreports/Situation_Report__on_2018__1544067573.pdf,4030
Situation Report,2018-12-05,18:00,https://www.dmc.gov.lk/images/dmcreports/Situation_Report__on_2018__1544015682.pdf,4030
Situation Report,2018-12-05,12:00,https://www.dmc.gov.lk/images/dmcreports/Situation_Report__on_2018__1543993261.pdf,4040
Situation Report,2018-12-05,09:00,https://www.dmc.gov.lk/images/dmcreports/Situation_Report__on_2018__1543982155.pdf,4040
Situation Report,2018-12-04,18:00,https://www.dmc.gov.lk/images/dmcreports/Situation_Report__on_2018__1543928071.pdf,4040
Situation Report,2018-12-04,12:00,https://www.dmc.gov.lk/images/dmcreports/Situation_Report__on_2018__1543906058.pdf,4040
Situation Report,2018-12-03,18:00,https://www.dmc.gov.lk/images/dmcreports/Situation_Report__on_2018__1543840758.pdf,4040
Situation Report,2018-12-02,18:00,https://www.dmc.gov.lk/images/dmcreports/Situation_Report__on_2018__1543754751.pdf,4040
Situation Report,2018-12-02,12:00,https://www.dmc.gov.lk/images/dmcreports/Situation_Report__on_2018__1543732257.pdf,4040
Situation Report,2018-12-02,09:00,https://www.dmc.gov.lk/images/dmcreports/Situation_Report__on_2018__1543722219.pdf,4040
Situation Report,2018-12-01,18:00,https://www.dmc.gov.lk/images/dmcreports/Situation_Report__on_2018__1543669350.pdf,4040
Situation Report,2018-12-01,09:00,https://www.dmc.gov.lk/images/dmcreports/Situation_Report__on_2018__1543635745.pdf,4040
Situation Report,2018-12-01,,https://www.dmc.gov.lk/images/dmcreports/Situation_Report__on_2018__1543647705.pdf,4050
Situation Report,2018-11-30,18:00,https://www.dmc.gov.lk/images/dmcreports/Situation_Report__on_2018__1543581625.pdf,4050
Situation Report,2018-11-30,12:00,https://www.dmc.gov.lk/images/dmcreports/Situation_Report__on_2018__1543560602.pdf,4050
Situation Report,2018-11-30,09:00,https://www.dmc.gov.lk/images/dmcreports/Situation_Report__on_2018__1543548851.pdf,4050
Situation Report,2018-11-29,18:00,https://www.dmc.gov.lk/images/dmcreports/Situation_Report__on_2018__1543495317.pdf,4050
Situation Report,2018-11-29,12:00,https://www.dmc.gov.lk/images/dmcreports/Situation_Report__on_2018__1543473850.pdf,4050
Situation Report,2018-11-29,09:00,https://www.dmc.gov.lk/images/dmcreports/Situation_Report__on_2018__1543461866.pdf,4050
Situation Report,2018-11-28,18:00,https://www.dmc.gov.lk/images/dmcreports/Situation_Report__on_2018__1543412932.pdf,4050
Situation Report,2018-11-28,12:00,https://www.dmc.gov.lk/images/dmcreports/Situation_Report__on_2018__1543389210.pdf,4050
Situation Report,2018-11-28,09:00,https://www.dmc.gov.lk/images/dmcreports/Situation_Report__on_2018__1543376983.pdf,4050
Situation Report,2018-11-27,18:00,https://www.dmc.gov.lk/images/dmcreports/Situation_Report__on_2018__1543322476.pdf,4060
Situation Report,2018-11-27,12:00,https://www.dmc.gov.lk/images/dmcreports/Situation_Report__on_2018__1543301858.pdf,4060
Situation Report,2018-11-27,09:00,https://www.dmc.gov.lk/images/dmcreports/Situation_Report__on_2018__1543290026.pdf,4060
Situation Report,2018-11-26,18:00,https://www.dmc.gov.lk/images/dmcreports/Situation_Report__on_2018__1543239274.pdf,4060
Situation Report,2018-11-26,12:00,https://www.dmc.gov.lk/images/dmcreports/Situation_Report__on_2018__1543214186.pdf,4060
Situation Report,2018-11-26,09:00,https://www.dmc.gov.lk/images/dmcreports/Situation_Report__on_2018__1543203274.pdf,4060
Situation Report,2018-11-25,18:00,https://www.dmc.gov.lk/images/dmcreports/Situation_Report__on_2018__1543151368.pdf,4060
Situation Report,2018-11-25,12:00,https://www.dmc.gov.lk/images/dmcreports/Situation_Report__on_2018__1543127730.pdf,4060
Situation Report,2018-11-25,09:00,https://www.dmc.gov.lk/images/dmcreports/Situation_Report__on_2018__1543117085.pdf,4060
Situation Report,2018-11-24,18:00,https://www.dmc.gov.lk/images/dmcreports/Situation_Report__on_2018__1543068393.pdf,4060
Situation Report,2018-11-24,12:00,https://www.dmc.gov.lk/images/dmcreports/Situation_Report__on_2018__1543041817.pdf,4070
Situation Report,2018-11-24,09:00,https://www.dmc.gov.lk/images/dmcreports/Situation_Report__on_2018__1543032685.pdf,4070
Situation Report,2018-11-23,18:00,https://www.dmc.gov.lk/images/dmcreports/Situation_Report__on_2018__1542978331.pdf,4070
Situation Report,2018-11-23,12:00,https://www.dmc.gov.lk/images/dmcreports/Situation_Report__on_2018__1542959539.pdf,4070
Situation Report,2018-11-23,09:00,https://www.dmc.gov.lk/images/dmcreports/Situation_Report__on_2018__1542943309.pdf,4070
Situation Report,2018-11-22,18:00,https://www.dmc.gov.lk/images/dmcreports/Situation_Report__on_2018__1542890884.pdf,4070
Situation Report,2018-11-22,09:00,https://www.dmc.gov.lk/images/dmcreports/Situation_Report__on_2018__1542857694.pdf,4070
Situation Report,2018-11-21,18:00,https://www.dmc.gov.lk/images/dmcreports/Situation_Report__on_2018__1542806219.pdf,4070
Situation Report,2018-11-21,12:00,https://www.dmc.gov.lk/images/dmcreports/Situation_Report__on_2018__1542785210.pdf,4070
Situation Report,2018-11-21,09:00,https://www.dmc.gov.lk/images/dmcreports/Situation_Report__on_2018__1542772459.pdf,4070
Situation Report,2018-11-20,18:00,https://www.dmc.gov.lk/images/dmcreports/Situation_Report__on_2018__1542719918.pdf,4080
Situation Report,2018-11-20,12:00,https://www.dmc.gov.lk/images/dmcreports/Situation_Report__on_2018__1542698109.pdf,4080
Situation Report,2018-11-20,09:00,https://www.dmc.gov.lk/images/dmcreports/Situation_Report__on_2018__1542685984.pdf,4080
Situation Report,2018-11-19,18:00,https://www.dmc.gov.lk/images/dmcreports/Situation_Report__on_2018__1542632846.pdf,4080
Situation Report,2018-11-19,12:00,https://www.dmc.gov.lk/images/dmcreports/Situation_Report__on_2018__1542612258.pdf,4080
Situation Report,2018-11-19,09:00,https://www.dmc.gov.lk/images/dmcreports/Situation_Report__on_2018__1542602133.pdf,4080
Situation Report,2018-11-18,18:00,https://www.dmc.gov.lk/images/dmcreports/Situation_Report__on_2018__1542545019.pdf,4080
Situation Report,2018-11-18,12:00,https://www.dmc.gov.lk/images/dmcreports/Situation_Report__on_2018__1542523058.pdf,4080
Situation Report,2018-11-18,09:00,https://www.dmc.gov.lk/images/dmcreports/Situation_Report__on_2018__1542512967.pdf,4080
Situation Report,2018-11-17,18:00,https://www.dmc.gov.lk/images/dmcreports/Situation_Report__on_2018__1542459417.pdf,4080
Situation Report,2018-11-17,12:00,https://www.dmc.gov.lk/images/dmcreports/Situation_Report__on_2018__1542437092.pdf,4090
Situation Report,2018-11-17,09:00,https://www.dmc.gov.lk/images/dmcreports/Situation_Report__on_2018__1542427630.pdf,4090
Situation Report,2018-11-16,18:00,https://www.dmc.gov.lk/images/dmcreports/Situation_Report__on_2018__1542372913.pdf,4090
Situation Report,2018-11-16,12:00,https://www.dmc.gov.lk/images/dmcreports/Situation_Report__on_2018__1542350308.pdf,4090
Situation Report,2018-11-16,09:00,https://www.dmc.gov.lk/images/dmcreports/Situation_Report__on_2018__1542341451.pdf,4090
Situation Report,2018-11-15,18:00,https://www.dmc.gov.lk/images/dmcreports/Situation_Report__on_2018__1542286294.pdf,4090
Situation Report,2018-11-15,12:00,https://www.dmc.gov.lk/images/dmcreports/Situation_Report__on_2018__1542263970.pdf,4090
Situation Report,2018-11-15,09:00,https://www.dmc.gov.lk/images/dmcreports/Situation_Report__on_2018__1542254704.pdf,4090
Situation Report,2018-11-14,18:00,https://www.dmc.gov.lk/images/dmcreports/Situation_Report__on_2018__1542199822.pdf,4090
Situation Report,2018-11-14,12:00,https://www.dmc.gov.lk/images/dmcreports/Situation_Report__on_2018__1542181889.pdf,4090
Situation Report,2018-11-14,09:00,https://www.dmc.gov.lk/images/dmcreports/Situation_Report__on_2018__1542168265.pdf,4100
Situation Report,2018-11-13,18:00,https://www.dmc.gov.lk/images/dmcreports/Situation_Report__on_2018__1542115859.pdf,4100
Situation Report,2018-11-13,12:00,https://www.dmc.gov.lk/images/dmcreports/Situation_Report__on_2018__1542092289.pdf,4100
Situation Report,2018-11-13,09:00,https://www.dmc.gov.lk/images/dmcreports/Situation_Report__on_2018__1542080047.pdf,4100
Situation Report,2018-11-12,18:00,https://www.dmc.gov.lk/images/dmcreports/Situation_Report__on_2018__1542027862.pdf,4100
Situation Report,2018-11-12,12:00,https://www.dmc.gov.lk/images/dmcreports/Situation_Report__on_2018__1542005933.pdf,4100
Situation Report,2018-11-12,09:00,https://www.dmc.gov.lk/images/dmcreports/Situation_Report__on_2018__1541993751.pdf,4100
Situation Report,2018-11-11,18:00,https://www.dmc.gov.lk/images/dmcreports/Situation_Report__on_2018__1541940455.pdf,4100
Situation Report,2018-11-11,12:00,https://www.dmc.gov.lk/images/dmcreports/Situation_Report__on_2018__1541919545.pdf,4100
Situation Report,2018-11-11,09:00,https://www.dmc.gov.lk/images/dmcreports/Situation_Report__on_2018__1541909743.pdf,4100
Situation Report,2018-11-10,18:00,https://www.dmc.gov.lk/images/dmcreports/Situation_Report__on_2018__1541856538.pdf,4110
Situation Report,2018-11-10,12:00,https://www.dmc.gov.lk/images/dmcreports/Situation_Report__on_2018__1541834567.pdf,4110
Situation Report,2018-11-09,18:00,https://www.dmc.gov.lk/images/dmcreports/Situation_Report__on_2018__1541768140.pdf,4110
Situation Report,2018-11-09,12:00,https://www.dmc.gov.lk/images/dmcreports/Situation_Report__on_2018__1541752861.pdf,4110
Situation Report,2018-11-09,09:00,https://www.dmc.gov.lk/images/dmcreports/Situation_Report__on_2018__1541736086.pdf,4110
Situation Report,2018-11-08,18:00,https://www.dmc.gov.lk/images/dmcreports/Situation_Report__on_2018__1541684562.pdf,4110
Situation Report,2018-11-08,12:00,https://www.dmc.gov.lk/images/dmcreports/Situation_Report__on_2018__1541659553.pdf,4110
Situation Report,2018-11-08,09:00,https://www.dmc.gov.lk/images/dmcreports/Situation_Report__on_2018__1541648904.pdf,4110
Situation Report,2018-11-07,18:00,https://www.dmc.gov.lk/images/dmcreports/Situation_Report__on_2018__1541600658.pdf,4110
Situation Report,2018-11-07,12:00,https://www.dmc.gov.lk/images/dmcreports/Situation_Report__on_2018__1541575638.pdf,4110
Situation Report,2018-11-07,09:00,https://www.dmc.gov.lk/images/dmcreports/Situation_Report__on_2018__1541564837.pdf,4120
Situation Report,2018-11-06,18:00,https://www.dmc.gov.lk/images/dmcreports/Situation_Report__on_2018__1541513806.pdf,4120
Situation Report,2018-11-06,12:00,https://www.dmc.gov.lk/images/dmcreports/Situation_Report__on_2018__1541486205.pdf,4120
Situation Report,2018-11-06,09:00,https://www.dmc.gov.lk/images/dmcreports/Situation_Report__on_2018__1541475700.pdf,4120
Situation Report,2018-11-05,18:00,https://www.dmc.gov.lk/images/dmcreports/Situation_Report__on_2018__1541421326.pdf,4120
Situation Report,2018-11-05,12:00,https://www.dmc.gov.lk/images/dmcreports/Situation_Report__on_2018__1541399724.pdf,4120
Situation Report,2018-11-05,09:00,https://www.dmc.gov.lk/images/dmcreports/Situation_Report__on_2018__1541392001.pdf,4120
Situation Report,2018-11-04,18:00,https://www.dmc.gov.lk/images/dmcreports/Situation_Report__on_2018__1541337046.pdf,4120
Situation Report,2018-11-04,12:00,https://www.dmc.gov.lk/images/dmcreports/Situation_Report__on_2018__1541315895.pdf,4120
Situation Report,2018-11-04,09:00,https://www.dmc.gov.lk/images/dmcreports/Situation_Report__on_2018__1541310239.pdf,4120
Situation Report,2018-11-03,12:00,https://www.dmc.gov.lk/images/dmcreports/Situation_Report__on_2018__1541230943.pdf,4130
Situation Report,2018-11-03,09:00,https://www.dmc.gov.lk/images/dmcreports/Situation_Report__on_2018__1541218876.pdf,4130
Situation Report,2018-11-02,18:00,https://www.dmc.gov.lk/images/dmcreports/Situation_Report__on_2018__1541163746.pdf,4130
Situation Report,2018-11-02,12:00,https://www.dmc.gov.lk/images/dmcreports/Situation_Report__on_2018__1541141363.pdf,4130
Situation Report,2018-11-02,09:00,https://www.dmc.gov.lk/images/dmcreports/Situation_Report__on_2018__1541131022.pdf,4130
Situation Report,2018-11-01,18:00,https://www.dmc.gov.lk/images/dmcreports/Situation_Report__on_2018__1541081964.pdf,4130
Situation Report,2018-11-01,12:00,https://www.dmc.gov.lk/images/dmcreports/Situation_Report__on_2018__1541054634.pdf,4130
Situation Report,2018-11-01,09:00,https://www.dmc.gov.lk/images/dmcreports/Situation_Report__on_2018__1541045987.pdf,4130
Situation Report,2018-10-31,18:00,https://www.dmc.gov.lk/images/dmcreports/Situation_Report__on_2018__1540991176.pdf,4130
Situation Report,2018-10-31,12:00,https://www.dmc.gov.lk/images/dmcreports/Situation_Report__on_2018__1540970110.pdf,4130
Situation Report,2018-10-31,09:00,https://www.dmc.gov.lk/images/dmcreports/Situation_Report__on_2018__1540959449.pdf,4140
Situation Report,2018-10-30,12:00,https://www.dmc.gov.lk/images/dmcreports/Situation_Report__on_2018__1540881076.pdf,4140
Situation Report,2018-10-30,09:00,https://www.dmc.gov.lk/images/dmcreports/Situation_Report__on_2018__1540871885.pdf,4140
Situation Report,2018-10-29,18:00,https://www.dmc.gov.lk/images/dmcreports/Situation_Report__on_2018__1540819279.pdf,4140
Situation Report,2018-10-29,12:00,https://www.dmc.gov.lk/images/dmcreports/Situation_Report__on_2018__1540796258.pdf,4140
Situation Report,2018-10-29,09:00,https://www.dmc.gov.lk/images/dmcreports/Situation_Report__on_2018__1540784840.pdf,4140
Situation Report,2018-10-28,18:00,https://www.dmc.gov.lk/images/dmcreports/Situation_Report__on_2018__1540729776.pdf,4140
Situation Report,2018-10-28,12:00,https://www.dmc.gov.lk/images/dmcreports/Situation_Report__on_2018__1540710221.pdf,4140
Situation Report,2018-10-28,09:00,https://www.dmc.gov.lk/images/dmcreports/Situation_Report__on_2018__1540697626.pdf,4140
Situation Report,2018-10-27,18:00,https://www.dmc.gov.lk/images/dmcreports/Situation_Report__on_2018__1540645028.pdf,4140
Situation Report,2018-10-27,12:00,https://www.dmc.gov.lk/images/dmcreports/Situation_Report__on_2018__1540622146.pdf,4150
Situation Report,2018-10-27,09:00,https://www.dmc.gov.lk/images/dmcreports/Situation_Report__on_2018__1540611846.pdf,4150
Situation Report,2018-10-26,12:00,https://www.dmc.gov.lk/images/dmcreports/Situation_Report__on_2018__1540540455.pdf,4150
Situation Report,2018-10-26,09:00,https://www.dmc.gov.lk/images/dmcreports/Situation_Report__on_2018__1540525402.pdf,4150
Situation Report,2018-10-25,18:00,https://www.dmc.gov.lk/images/dmcreports/Situation_Report__on_2018__1540522905.pdf,4150
Situation Report,2018-10-25,12:00,https://www.dmc.gov.lk/images/dmcreports/Situation_Report__on_2018__1540450484.pdf,4150
Situation Report,2018-10-25,09:00,https://www.dmc.gov.lk/images/dmcreports/Situation_Report__on_2018__1540439394.pdf,4150
Situation Report,2018-10-24,18:00,https://www.dmc.gov.lk/images/dmcreports/Situation_Report__on_2018__1540389372.pdf,4150
Situation Report,2018-10-24,12:00,https://www.dmc.gov.lk/images/dmcreports/Situation_Report__on_2018__1540363597.pdf,4150
Situation Report,2018-10-24,09:00,https://www.dmc.gov.lk/images/dmcreports/Situation_Report__on_2018__1540354049.pdf,4150
Situation Report,2018-10-23,18:00,https://www.dmc.gov.lk/images/dmcreports/Situation_Report__on_2018__1540301914.pdf,4160
Situation Report,2018-10-23,09:00,https://www.dmc.gov.lk/images/dmcreports/Situation_Report__on_2018__1540267084.pdf,4160
Situation Report,2018-10-22,18:00,https://www.dmc.gov.lk/images/dmcreports/Situation_Report__on_2018__1540220080.pdf,4160
Situation Report,2018-10-22,12:00,https://www.dmc.gov.lk/images/dmcreports/Situation_Report__on_2018__1540190079.pdf,4160
Situation Report,2018-10-22,09:00,https://www.dmc.gov.lk/images/dmcreports/Situation_Report__on_2018__1540179943.pdf,4160
Situation Report,2018-10-21,18:00,https://www.dmc.gov.lk/images/dmcreports/Situation_Report__on_2018__1540127414.pdf,4160
Situation Report,2018-10-21,12:00,https://www.dmc.gov.lk/images/dmcreports/Situation_Report__on_2018__1540107514.pdf,4160
Situation Report,2018-10-21,09:00,https://www.dmc.gov.lk/images/dmcreports/Situation_Report__on_2018__1540092959.pdf,4160
Situation Report,2018-10-20,18:00,https://www.dmc.gov.lk/images/dmcreports/Situation_Report__on_2018__1540038803.pdf,4160
Situation Report,2018-10-20,12:00,https://www.dmc.gov.lk/images/dmcreports/Situation_Report__on_2018__1540018857.pdf,4160
Situation Report,2018-10-20,09:00,https://www.dmc.gov.lk/images/dmcreports/Situation_Report__on_2018__1540007890.pdf,4170
Situation Report,2018-10-19,18:00,https://www.dmc.gov.lk/images/dmcreports/Situation_Report__on_2018__1539953864.pdf,4170
Situation Report,2018-10-19,12:00,https://www.dmc.gov.lk/images/dmcreports/Situation_Report__on_2018__1539932631.pdf,4170
Situation Report,2018-10-19,09:00,https://www.dmc.gov.lk/images/dmcreports/Situation_Report__on_2018__1539924150.pdf,4170
Situation Report,2018-10-18,12:00,https://www.dmc.gov.lk/images/dmcreports/Situation_Report__on_2018__1539844481.pdf,4170
Situation Report,2018-10-17,18:00,https://www.dmc.gov.lk/images/dmcreports/Situation_Report__on_2018__1539783111.pdf,4170
Situation Report,2018-10-17,12:00,https://www.dmc.gov.lk/images/dmcreports/Situation_Report__on_2018__1539762112.pdf,4170
Situation Report,2018-10-17,09:00,https://www.dmc.gov.lk/images/dmcreports/Situation_Report__on_2018__1539747058.pdf,4170
Situation Report,2018-10-16,18:00,https://www.dmc.gov.lk/images/dmcreports/Situation_Report__on_2018__1539692944.pdf,4170
Situation Report,2018-10-16,12:00,https://www.dmc.gov.lk/images/dmcreports/Situation_Report__on_2018__1539672034.pdf,4180
Situation Report,2018-10-16,09:00,https://www.dmc.gov.lk/images/dmcreports/Situation_Report__on_2018__1539662453.pdf,4180
Situation Report,2018-10-15,18:00,https://www.dmc.gov.lk/images/dmcreports/Situation_Report__on_2018__1539609306.pdf,4180
Situation Report,2018-10-15,09:00,https://www.dmc.gov.lk/images/dmcreports/Situation_Report__on_2018__1539575758.pdf,4180
Situation Report,2018-10-14,12:00,https://www.dmc.gov.lk/images/dmcreports/2018__1539499016.pdf,4180
Situation Report,2018-10-13,12:00,https://www.dmc.gov.lk/images/dmcreports/2018__1539414761.pdf,4180
Situation Report,2018-10-12,12:00,https://www.dmc.gov.lk/images/dmcreports/2018__1539337831.pdf,4180
Situation Report,2018-10-11,12:00,https://www.dmc.gov.lk/images/dmcreports/For_Publishing__1539250332.pdf,4180
Situation Report,2018-10-10,18:00,https://www.dmc.gov.lk/images/dmcreports/Situation_Report__on_2018__1539178292.pdf,4180
Situation Report,2018-10-10,12:00,https://www.dmc.gov.lk/images/dmcreports/20181010_Sri_Lanka_Disaster_Situation_Summery__1539160020.pdf,4180
Situation Report,2018-10-09,18:00,https://www.dmc.gov.lk/images/dmcreports/Situation_Report__on_2018__1539091743.pdf,4190
Daily Situation Report,2018-10-09,16:00,https://www.dmc.gov.lk/images/dmcreports/Daily_Situation_Report_on_2018__1539081564.pdf,4190
Weekly Situation Report,2018-10-08,17:00,https://www.dmc.gov.lk/images/dmcreports/Weekly_Situation_report-08Oct2018_-new__1538999678.pdf,4190
Situation Report,2018-10-08,09:00,https://www.dmc.gov.lk/images/dmcreports/Situation_Report__on_2018__1538972861.pdf,4190
Situation Report,2018-10-07,20:00,https://www.dmc.gov.lk/images/dmcreports/Situation_Report__on_2018__1538924230.pdf,4190
Situation Report,2018-10-07,14:00,https://www.dmc.gov.lk/images/dmcreports/Situation_Report__on_2018__1538902286.pdf,4190
Situation Report,2018-10-06,18:00,https://www.dmc.gov.lk/images/dmcreports/Situation_Report__on_2018__1538830058.pdf,4190
Situation Report,2018-10-06,12:00,https://www.dmc.gov.lk/images/dmcreports/Situation_Report__on_2018__1538808892.pdf,4190
Situation Report,2018-10-06,09:00,https://www.dmc.gov.lk/images/dmcreports/Situation_Report__on_2018__1538796968.pdf,4190
Situation Report,2018-10-05,18:00,https://www.dmc.gov.lk/images/dmcreports/Situation_Report__on_2018__1538744342.pdf,4190
Situation Report,2018-10-05,12:00,https://www.dmc.gov.lk/images/dmcreports/Situation_Report__on_2018__1538721744.pdf,4200
Situation Report,2018-10-04,18:00,https://www.dmc.gov.lk/images/dmcreports/Situation_Report__on_2018__1538657155.pdf,4200
Situation Report,2018-10-04,12:00,https://www.dmc.gov.lk/images/dmcreports/Situation_Report__on_2018__1538641466.pdf,4200
Situation Report,2018-10-03,18:00,https://www.dmc.gov.lk/images/dmcreports/Situation_Report__on_2018__1538573530.pdf,4200
Situation Report,2018-10-03,12:00,https://www.dmc.gov.lk/images/dmcreports/Situation_Report__on_2018__1538552137.pdf,4200
Situation Report,2018-10-03,09:00,https://www.dmc.gov.lk/images/dmcreports/Situation_Report__on_2018__1538538944.pdf,4200
Situation Report,2018-10-02,18:00,https://www.dmc.gov.lk/images/dmcreports/Situation_Report__on_2018__1538488698.pdf,4200
Situation Report,2018-10-02,12:00,https://www.dmc.gov.lk/images/dmcreports/Situation_Report__on_2018__1538466277.pdf,4200
Situation Report,2018-10-02,09:00,https://www.dmc.gov.lk/images/dmcreports/Situation_Report__on_2018__1538457039.pdf,4200
Situation Report,2018-10-01,18:00,https://www.dmc.gov.lk/images/dmcreports/Situation_Report__on_2018__1538400464.pdf,4200
Situation Report,2018-10-01,12:00,https://www.dmc.gov.lk/images/dmcreports/Situation_Report__on_2018__1538377099.pdf,4210
Situation Report,2018-10-01,09:00,https://www.dmc.gov.lk/images/dmcreports/Situation_Report__on_2018__1538365261.pdf,4210
Situation Report,2018-09-30,18:00,https://www.dmc.gov.lk/images/dmcreports/Situation_Report__on_2018__1538311916.pdf,4210
Situation Report,2018-09-30,12:00,https://www.dmc.gov.lk/images/dmcreports/Situation_Report__on_2018__1538292397.pdf,4210
Situation Report,2018-09-30,09:00,https://www.dmc.gov.lk/images/dmcreports/Situation_Report__on_2018__1538278866.pdf,4210
Situation Report,2018-09-29,18:00,https://www.dmc.gov.lk/images/dmcreports/Situation_Report__on_2018__1538224981.pdf,4210
Situation Report,2018-09-29,12:00,https://www.dmc.gov.lk/images/dmcreports/Situation_Report__on_2018__1538203557.pdf,4210
Situation Report,2018-09-29,09:00,https://www.dmc.gov.lk/images/dmcreports/Situation_Report__on_2018__1538192998.pdf,4210
Situation Report,2018-09-28,18:00,https://www.dmc.gov.lk/images/dmcreports/Situation_Report__on_2018__1538140331.pdf,4210
Situation Report,2018-09-28,12:00,https://www.dmc.gov.lk/images/dmcreports/Situation_Report__on_2018__1538116368.pdf,4210
Situation Report,2018-09-28,09:00,https://www.dmc.gov.lk/images/dmcreports/Situation_Report__on_2018__1538105948.pdf,4220
Situation Report,2018-09-27,18:00,https://www.dmc.gov.lk/images/dmcreports/Situation_Report__on_2018__1538053078.pdf,4220
Situation Report,2018-09-27,12:00,https://www.dmc.gov.lk/images/dmcreports/Situation_Report__on_2018__1538030308.pdf,4220
Situation Report,2018-09-27,09:00,https://www.dmc.gov.lk/images/dmcreports/Situation_Report__on_2018__1538019520.pdf,4220
Situation Report,2018-09-26,18:00,https://www.dmc.gov.lk/images/dmcreports/Situation_Report__on_2018__1537967600.pdf,4220
Situation Report,2018-09-26,12:00,https://www.dmc.gov.lk/images/dmcreports/Situation_Report__on_2018__1537944965.pdf,4220
Situation Report,2018-09-26,09:00,https://www.dmc.gov.lk/images/dmcreports/Situation_Report__on_2018__1537932984.pdf,4220
Situation Report,2018-09-25,18:00,https://www.dmc.gov.lk/images/dmcreports/Situation_Report__on_2018__1537879454.pdf,4220
Situation Report,2018-09-25,12:00,https://www.dmc.gov.lk/images/dmcreports/Situation_Report__on_2018__1537860457.pdf,4220
Situation Report,2018-09-25,09:00,https://www.dmc.gov.lk/images/dmcreports/Situation_Report__on_2018__1537847333.pdf,4220
Situation Report,2018-09-24,18:00,https://www.dmc.gov.lk/images/dmcreports/Situation_Report__on_2018__1537793327.pdf,4230
Situation Report,2018-09-24,12:00,https://www.dmc.gov.lk/images/dmcreports/Situation_Report__on_2018__1537770810.pdf,4230
Situation Report,2018-09-24,09:00,https://www.dmc.gov.lk/images/dmcreports/Situation_Report__on_2018__1537761382.pdf,4230
Situation Report,2018-09-23,12:00,https://www.dmc.gov.lk/images/dmcreports/Situation_Report__on_2018__1537685711.pdf,4230
Situation Report,2018-09-23,09:00,https://www.dmc.gov.lk/images/dmcreports/Situation_Report__on_2018__1537674037.pdf,4230
Situation Report,2018-09-22,18:00,https://www.dmc.gov.lk/images/dmcreports/Situation_Report__on_2018__1537620700.pdf,4230
Situation Report,2018-09-22,12:00,https://www.dmc.gov.lk/images/dmcreports/Situation_Report__on_2018__1537597730.pdf,4230
Situation Report,2018-09-22,09:00,https://www.dmc.gov.lk/images/dmcreports/Situation_Report__on_2018__1537587467.pdf,4230
Situation Report,2018-09-21,18:00,https://www.dmc.gov.lk/images/dmcreports/Situation_Report__on_2018__1537533383.pdf,4230
Situation Report,2018-09-21,12:00,https://www.dmc.gov.lk/images/dmcreports/Situation_Report__on_2018__1537511424.pdf,4230
Situation Report,2018-09-21,09:00,https://www.dmc.gov.lk/images/dmcreports/Situation_Report__on_2018__1537501353.pdf,4240
Situation Report,2018-09-20,18:00,https://www.dmc.gov.lk/images/dmcreports/Situation_Report__on_2018__1537446716.pdf,4240
Situation Report,2018-09-20,12:00,https://www.dmc.gov.lk/images/dmcreports/Situation_Report__on_2018__1537429914.pdf,4240
Situation Report,2018-09-20,09:00,https://www.dmc.gov.lk/images/dmcreports/Situation_Report__on_2018__1537414995.pdf,4240
Situation Report,2018-09-19,18:00,https://www.dmc.gov.lk/images/dmcreports/Situation_Report__on_2018__1537361950.pdf,4240
Situation Report,2018-09-19,12:00,https://www.dmc.gov.lk/images/dmcreports/Situation_Report__on_2018__1537339240.pdf,4240
Situation Report,2018-09-19,09:00,https://www.dmc.gov.lk/images/dmcreports/Situation_Report__on_2018__1537328732.pdf,4240
Situation Report,2018-09-18,18:00,https://www.dmc.gov.lk/images/dmcreports/Situation_Report__on_2018__1537275207.pdf,4240
Situation Report,2018-09-18,12:00,https://www.dmc.gov.lk/images/dmcreports/Situation_Report__on_2018__1537254160.pdf,4240
Situation Report,2018-09-18,09:00,https://www.dmc.gov.lk/images/dmcreports/Situation_Report__on_2018__1537243243.pdf,4240
Situation Report,2018-09-17,18:00,https://www.dmc.gov.lk/images/dmcreports/Situation_Report__on_2018__1537190017.pdf,4250
Situation Report,2018-09-17,12:00,https://www.dmc.gov.lk/images/dmcreports/Situation_Report__on_2018__1537170266.pdf,4250
Situation Report,2018-09-17,09:00,https://www.dmc.gov.lk/images/dmcreports/Situation_Report__on_2018__1537157977.pdf,4250
Situation Report,2018-09-16,18:00,https://www.dmc.gov.lk/images/dmcreports/Situation_Report__on_2018__1537102006.pdf,4250
Situation Report,2018-09-16,12:00,https://www.dmc.gov.lk/images/dmcreports/Situation_Report__on_2018__1537080887.pdf,4250
Situation Report,2018-09-16,09:00,https://www.dmc.gov.lk/images/dmcreports/Situation_Report__on_2018__1537069508.pdf,4250
Situation Report,2018-09-15,18:00,https://www.dmc.gov.lk/images/dmcreports/Situation_Report__on_2018__1537014749.pdf,4250
Situation Report,2018-09-15,12:00,https://www.dmc.gov.lk/images/dmcreports/Situation_Report__on_2018__1536993543.pdf,4250
Situation Report,2018-09-15,09:00,https://www.dmc.gov.lk/images/dmcreports/Situation_Report__on_2018__1536983715.pdf,4250
Situation Report,2018-09-14,18:00,https://www.dmc.gov.lk/images/dmcreports/Situation_Report__on_2018__1536929974.pdf,4250
Situation Report,2018-09-14,12:00,https://www.dmc.gov.lk/images/dmcreports/Situation_Report__on_2018__1536907909.pdf,4260
Situation Report,2018-09-14,09:00,https://www.dmc.gov.lk/images/dmcreports/Situation_Report__on_2018__1536896542.pdf,4260
Situation Report,2018-09-13,18:00,https://www.dmc.gov.lk/images/dmcreports/Situation_Report__on_2018__1536846420.pdf,4260
Situation Report,2018-09-13,12:00,https://www.dmc.gov.lk/images/dmcreports/Situation_Report__on_2018__1536820580.pdf,4260
Situation Report,2018-09-13,09:00,https://www.dmc.gov.lk/images/dmcreports/Situation_Report__on_2018__1536815821.pdf,4260
Situation Report,2018-09-12,18:00,https://www.dmc.gov.lk/images/dmcreports/Situation_Report__on_2018__1536760214.pdf,4260
Situation Report,2018-09-12,12:00,https://www.dmc.gov.lk/images/dmcreports/Situation_Report__on_2018__1536734205.pdf,4260
Situation Report,2018-09-12,09:00,https://www.dmc.gov.lk/images/dmcreports/Situation_Report__on_2018__1536723691.pdf,4260
Situation Report,2018-09-11,18:00,https://www.dmc.gov.lk/images/dmcreports/Situation_Report__on_2018__1536670981.pdf,4260
Situation Report,2018-09-11,12:00,https://www.dmc.gov.lk/images/dmcreports/Situation_Report__on_2018__1536648966.pdf,4260
Situation Report,2018-09-11,09:00,https://www.dmc.gov.lk/images/dmcreports/Situation_Report__on_2018__1536639368.pdf,4270
Situation Report,2018-09-10,21:00,https://www.dmc.gov.lk/images/dmcreports/Situation_Report__on_2018__1536594049.pdf,4270
Situation Report,2018-09-10,12:00,https://www.dmc.gov.lk/images/dmcreports/Situation_Report__on_2018__1536561718.pdf,4270
Situation Report,2018-09-10,09:00,https://www.dmc.gov.lk/images/dmcreports/Situation_Report__on_2018__1536551606.pdf,4270
Situation Report,2018-09-09,18:00,https://www.dmc.gov.lk/images/dmcreports/Situation_Report__on_2018__1536497124.pdf,4270
Situation Report,2018-09-09,12:00,https://www.dmc.gov.lk/images/dmcreports/Situation_Report__on_2018__1536474235.pdf,4270
Situation Report,2018-09-09,09:00,https://www.dmc.gov.lk/images/dmcreports/Situation_Report__on_2018__1536463765.pdf,4270
Situation Report,2018-09-08,18:00,https://www.dmc.gov.lk/images/dmcreports/Situation_Report__on_2018__1536411110.pdf,4270
Situation Report,2018-09-08,12:00,https://www.dmc.gov.lk/images/dmcreports/Situation_Report__on_2018__1536389986.pdf,4270
Situation Report,2018-09-08,09:00,https://www.dmc.gov.lk/images/dmcreports/Situation_Report__on_2018__1536378612.pdf,4270
Situation Report,2018-09-07,18:00,https://www.dmc.gov.lk/images/dmcreports/Situation_Report__on_2018__1536324869.pdf,4280
Situation Report,2018-09-07,12:00,https://www.dmc.gov.lk/images/dmcreports/Situation_Report__on_2018__1536304240.pdf,4280
Situation Report,2018-09-07,09:00,https://www.dmc.gov.lk/images/dmcreports/Situation_Report__on_2018__1536291823.pdf,4280
Situation Report,2018-09-06,18:00,https://www.dmc.gov.lk/images/dmcreports/Situation_Report__on_2018__1536237213.pdf,4280
Situation Report,2018-09-06,09:00,https://www.dmc.gov.lk/images/dmcreports/Situation_Report__on_2018__1536204549.pdf,4280
Situation Report,2018-09-05,18:00,https://www.dmc.gov.lk/images/dmcreports/Situation_Report__on_2018__1536150325.pdf,4280
Situation Report,2018-09-04,18:00,https://www.dmc.gov.lk/images/dmcreports/Situation_Report__on_2018__1536068520.pdf,4280
Situation Report,2018-09-03,18:00,https://www.dmc.gov.lk/images/dmcreports/Situation_Report__on_2018__1535980322.pdf,4280
Situation Report,2018-09-03,12:00,https://www.dmc.gov.lk/images/dmcreports/Situation_Report__on_2018__1535956384.pdf,4280
Situation Report,2018-09-03,09:00,https://www.dmc.gov.lk/images/dmcreports/Situation_Report__on_2018__1535946240.pdf,4280
Situation Report,2018-09-02,18:00,https://www.dmc.gov.lk/images/dmcreports/Situation_Report__on_2018__1535892086.pdf,4290
Situation Report,2018-09-02,12:00,https://www.dmc.gov.lk/images/dmcreports/Situation_Report__on_2018__1535873622.pdf,4290
Situation Report,2018-09-02,09:00,https://www.dmc.gov.lk/images/dmcreports/Situation_Report__on_2018__1535859346.pdf,4290
Situation Report,2018-09-01,18:00,https://www.dmc.gov.lk/images/dmcreports/Situation_Report__on_2018__1535805623.pdf,4290
Situation Report,2018-09-01,12:00,https://www.dmc.gov.lk/images/dmcreports/Situation_Report__on_2018__1535785516.pdf,4290
Situation Report,2018-09-01,09:00,https://www.dmc.gov.lk/images/dmcreports/Situation_Report__on_2018__1535772184.pdf,4290
Situation Report,2018-09-01,09:00,https://www.dmc.gov.lk/images/dmcreports/Situation_Report__on_2018__1535772185.pdf,4290
Situation Report,2018-08-31,18:00,https://www.dmc.gov.lk/images/dmcreports/Situation_Report__on_2018__1535718624.pdf,4290
Situation Report,2018-08-31,12:00,https://www.dmc.gov.lk/images/dmcreports/Situation_Report__on_2018__1535699964.pdf,4290
Situation Report,2018-08-31,09:00,https://www.dmc.gov.lk/images/dmcreports/Situation_Report__on_2018__1535686736.pdf,4290
Situation Report,2018-08-30,18:00,https://www.dmc.gov.lk/images/dmcreports/Situation_Report__on_2018__1535632396.pdf,4300
Situation Report,2018-08-30,12:00,https://www.dmc.gov.lk/images/dmcreports/Situation_Report__on_2018__1535612682.pdf,4300
Situation Report,2018-08-30,09:00,https://www.dmc.gov.lk/images/dmcreports/Situation_Report__on_2018__1535600173.pdf,4300
Situation Report,2018-08-29,18:00,https://www.dmc.gov.lk/images/dmcreports/Situation_Report__on_2018__1535550502.pdf,4300
Situation Report,2018-08-29,12:00,https://www.dmc.gov.lk/images/dmcreports/Situation_Report__on_2018__1535525210.pdf,4300
Situation Report,2018-08-29,09:00,https://www.dmc.gov.lk/images/dmcreports/Situation_Report__on_2018__1535513819.pdf,4300
Situation Report,2018-08-28,18:00,https://www.dmc.gov.lk/images/dmcreports/Situation_Report__on_2018__1535463127.pdf,4300
Situation Report,2018-08-28,12:00,https://www.dmc.gov.lk/images/dmcreports/Situation_Report__on_2018__1535438188.pdf,4300
Situation Report,2018-08-28,09:00,https://www.dmc.gov.lk/images/dmcreports/Situation_Report__on_2018__1535429189.pdf,4300
Situation Report,2018-08-27,18:00,https://www.dmc.gov.lk/images/dmcreports/Situation_Report__on_2018__1535375125.pdf,4300
Situation Report,2018-08-27,09:00,https://www.dmc.gov.lk/images/dmcreports/Situation_Report__on_2018__1535340811.pdf,4310
Situation Report,2018-08-26,18:00,https://www.dmc.gov.lk/images/dmcreports/Situation_Report__on_2018__1535287524.pdf,4310
Situation Report,2018-08-25,18:00,https://www.dmc.gov.lk/images/dmcreports/Situation_Report__on_2018__1535200756.pdf,4310
Situation Report,2018-08-25,12:00,https://www.dmc.gov.lk/images/dmcreports/Situation_Report__on_2018__1535178724.pdf,4310
Situation Report,2018-08-25,09:00,https://www.dmc.gov.lk/images/dmcreports/Situation_Report__on_2018__1535168181.pdf,4310
Situation Report,2018-08-24,18:00,https://www.dmc.gov.lk/images/dmcreports/Situation_Report__on_2018__1535112891.pdf,4310
Situation Report,2018-08-24,09:00,https://www.dmc.gov.lk/images/dmcreports/Situation_Report__on_2018__1535082789.pdf,4310
Situation Report,2018-08-23,18:00,https://www.dmc.gov.lk/images/dmcreports/Situation_Report__on_2018__1535028663.pdf,4310
Situation Report,2018-08-23,12:00,https://www.dmc.gov.lk/images/dmcreports/Situation_Report__on_2018__1535007131.pdf,4310
Situation Report,2018-08-23,12:00,https://www.dmc.gov.lk/images/dmcreports/Situation_Report__on_2018__1535007354.pdf,4310
Situation Report,2018-08-22,18:00,https://www.dmc.gov.lk/images/dmcreports/Situation_Report__on_2018__1534941497.pdf,4320
Situation Report,2018-08-22,12:00,https://www.dmc.gov.lk/images/dmcreports/Situation_Report__on_2018__1534919569.pdf,4320
Situation Report,2018-08-22,09:00,https://www.dmc.gov.lk/images/dmcreports/Situation_Report__on_2018__1534908875.pdf,4320
Situation Report,2018-08-21,18:00,https://www.dmc.gov.lk/images/dmcreports/Situation_Report__on_2018__1534859048.pdf,4320
Situation Report,2018-08-21,12:00,https://www.dmc.gov.lk/images/dmcreports/Situation_Report__on_2018__1534835391.pdf,4320
Situation Report,2018-08-20,18:00,https://www.dmc.gov.lk/images/dmcreports/Situation_Report__on_2018__1534770835.pdf,4320
Situation Report,2018-08-20,12:00,https://www.dmc.gov.lk/images/dmcreports/Situation_Report__on_2018__1534752574.pdf,4320
Situation Report,2018-08-20,09:00,https://www.dmc.gov.lk/images/dmcreports/Situation_Report__on_2018__1534738375.pdf,4320
Situation Report,2018-08-19,18:00,https://www.dmc.gov.lk/images/dmcreports/Situation_Report__on_2018__1534682309.pdf,4320
Situation Report,2018-08-19,12:00,https://www.dmc.gov.lk/images/dmcreports/Situation_Report__on_2018__1534662062.pdf,4330
Situation Report,2018-08-19,09:00,https://www.dmc.gov.lk/images/dmcreports/Situation_Report__on_2018__1534650787.pdf,4330
Situation Report,2018-08-18,18:00,https://www.dmc.gov.lk/images/dmcreports/Situation_Report__on_2018__1534604924.pdf,4330
Situation Report,2018-08-18,12:00,https://www.dmc.gov.lk/images/dmcreports/Situation_Report__on_2018__1534577300.pdf,4330
Situation Report,2018-08-18,09:00,https://www.dmc.gov.lk/images/dmcreports/Situation_Report__on_2018__1534567690.pdf,4330
Situation Report,2018-08-17,18:00,https://www.dmc.gov.lk/images/dmcreports/Situation_Report__on_2018__1534514385.pdf,4330
Situation Report,2018-08-17,12:00,https://www.dmc.gov.lk/images/dmcreports/Situation_Report__on_2018__1534490424.pdf,4330
Situation Report,2018-08-17,09:00,https://www.dmc.gov.lk/images/dmcreports/Situation_Report__on_2018__1534477529.pdf,4330
Situation Report,2018-08-16,18:00,https://www.dmc.gov.lk/images/dmcreports/Situation_Report__on_2018__1534426044.pdf,4330
Situation Report,2018-08-16,09:00,https://www.dmc.gov.lk/images/dmcreports/Situation_Report__on_2018__1534391914.pdf,4330
Situation Report,2018-08-15,18:00,https://www.dmc.gov.lk/images/dmcreports/Situation_Report__on_2018__1534337549.pdf,4340
Situation Report,2018-08-15,12:00,https://www.dmc.gov.lk/images/dmcreports/Situation_Report__on_2018__1534318670.pdf,4340
Situation Report,2018-08-15,09:00,https://www.dmc.gov.lk/images/dmcreports/Situation_Report__on_2018__1534304737.pdf,4340
Situation Report,2018-08-14,18:00,https://www.dmc.gov.lk/images/dmcreports/Situation_Report__on_2018__1534252720.pdf,4340
Situation Report,2018-08-14,12:00,https://www.dmc.gov.lk/images/dmcreports/Situation_Report__on_2018__1534229867.pdf,4340
Situation Report,2018-08-14,09:00,https://www.dmc.gov.lk/images/dmcreports/Situation_Report__on_2018__1534217633.pdf,4340
Situation Report,2018-08-13,18:00,https://www.dmc.gov.lk/images/dmcreports/Situation_Report__on_2018__1534164116.pdf,4340
Situation Report,2018-08-13,12:00,https://www.dmc.gov.lk/images/dmcreports/Situation_Report__on_2018__1534142378.pdf,4340
Situation Report,2018-08-13,09:00,https://www.dmc.gov.lk/images/dmcreports/Situation_Report__on_2018__1534131585.pdf,4340
Situation Report,2018-08-12,18:00,https://www.dmc.gov.lk/images/dmcreports/Situation_Report__on_2018__1534077243.pdf,4340
Situation Report,2018-08-12,12:00,https://www.dmc.gov.lk/images/dmcreports/Situation_Report__on_2018__1534056406.pdf,4350
Situation Report,2018-08-12,09:00,https://www.dmc.gov.lk/images/dmcreports/Situation_Report__on_2018__1534044887.pdf,4350
situation Reports,2018-08-11,18:00,https://www.dmc.gov.lk/images/dmcreports/Situation_Report___on_2018__1533991423.pdf,4350
situation Reports,2018-08-11,12:00,https://www.dmc.gov.lk/images/dmcreports/Situation_Report___on_2018__1533970305.pdf,4350
situation Reports,2018-08-11,09:00,https://www.dmc.gov.lk/images/dmcreports/Situation_Report___on_2018__1533960214.pdf,4350
situation Reports,2018-08-10,18:00,https://www.dmc.gov.lk/images/dmcreports/Situation_Report___on_2018__1533905224.pdf,4350
situation Reports,2018-08-10,09:00,https://www.dmc.gov.lk/images/dmcreports/Situation_Report___on_2018__1533875368.pdf,4350
situation Reports,2018-08-09,18:00,https://www.dmc.gov.lk/images/dmcreports/Situation_Report___on_2018__1533818364.pdf,4350
situation Reports,2018-08-09,12:00,https://www.dmc.gov.lk/images/dmcreports/Situation_Report___on_2018__1533796931.pdf,4350
situation Reports,2018-08-09,09:00,https://www.dmc.gov.lk/images/dmcreports/Situation_Report___on_2018__1533785672.pdf,4350
situation Reports,2018-08-08,18:00,https://www.dmc.gov.lk/images/dmcreports/Situation_Report___on_2018__1533731569.pdf,4360
situation Reports,2018-08-08,12:00,https://www.dmc.gov.lk/images/dmcreports/Situation_Report___on_2018__1533709923.pdf,4360
situation Reports,2018-08-08,09:00,https://www.dmc.gov.lk/images/dmcreports/Situation_Report___on_2018__1533699017.pdf,4360
situation Reports,2018-08-07,18:00,https://www.dmc.gov.lk/images/dmcreports/Situation_Report___on_2018__1533646003.pdf,4360
situation Reports,2018-08-07,12:00,https://www.dmc.gov.lk/images/dmcreports/Situation_Report___on_2018__1533624821.pdf,4360
situation Reports,2018-08-07,09:00,https://www.dmc.gov.lk/images/dmcreports/Situation_Report___on_2018__1533613182.pdf,4360
situation Reports,2018-08-06,18:00,https://www.dmc.gov.lk/images/dmcreports/Situation_Report___on_2018__1533559190.pdf,4360
situation Reports,2018-08-06,12:00,https://www.dmc.gov.lk/images/dmcreports/Situation_Report___on_2018__1533540527.pdf,4360
situation Reports,2018-08-06,09:00,https://www.dmc.gov.lk/images/dmcreports/Situation_Report___on_2018__1533528949.pdf,4360
situation Reports,2018-08-05,18:00,https://www.dmc.gov.lk/images/dmcreports/Situation_Report___on_2018__1533479658.pdf,4360
situation Reports,2018-08-05,12:00,https://www.dmc.gov.lk/images/dmcreports/Situation_Report___on_2018__1533452180.pdf,4370
situation Reports,2018-08-05,09:00,https://www.dmc.gov.lk/images/dmcreports/Situation_Report___on_2018__1533449372.pdf,4370
situation Reports,2018-08-04,18:00,https://www.dmc.gov.lk/images/dmcreports/Situation_Report___on_2018__1533387129.pdf,4370
situation Reports,2018-08-04,12:00,https://www.dmc.gov.lk/images/dmcreports/Situation_Report___on_2018__1533365342.pdf,4370
situation Reports,2018-08-04,09:00,https://www.dmc.gov.lk/images/dmcreports/Situation_Report___on_2018__1533355661.pdf,4370
situation Reports,2018-08-03,18:00,https://www.dmc.gov.lk/images/dmcreports/Situation_Report___on_2018__1533305154.pdf,4370
situation Reports,2018-08-03,12:00,https://www.dmc.gov.lk/images/dmcreports/Situation_Report___on_2018__1533279756.pdf,4370
situation Reports,2018-08-03,09:00,https://www.dmc.gov.lk/images/dmcreports/Situation_Report___on_2018__1533268277.pdf,4370
situation Reports,2018-08-02,18:00,https://www.dmc.gov.lk/images/dmcreports/Situation_Report___on_2018__1533216819.pdf,4370
situation Reports,2018-08-02,12:00,https://www.dmc.gov.lk/images/dmcreports/Situation_Report___on_2018__1533193573.pdf,4370
situation Reports,2018-08-02,09:00,https://www.dmc.gov.lk/images/dmcreports/Situation_Report___on_2018__1533182095.pdf,4380
situation Reports,2018-08-01,18:00,https://www.dmc.gov.lk/images/dmcreports/Situation_Report___on_2018__1533129982.pdf,4380
situation Reports,2018-08-01,12:00,https://www.dmc.gov.lk/images/dmcreports/Situation_Report___on_2018__1533108111.pdf,4380
situation Reports,2018-08-01,09:00,https://www.dmc.gov.lk/images/dmcreports/Situation_Report___on_2018__1533094858.pdf,4380
situation Reports,2018-07-31,12:00,https://www.dmc.gov.lk/images/dmcreports/Situation_Report___on_2018__1533019425.pdf,4380
situation Reports,2018-07-31,09:00,https://www.dmc.gov.lk/images/dmcreports/Situation_Report___on_2018__1533009149.pdf,4380
situation Reports,2018-07-30,18:00,https://www.dmc.gov.lk/images/dmcreports/Situation_Report___on_2018__1532954917.pdf,4380
situation Reports,2018-07-30,12:00,https://www.dmc.gov.lk/images/dmcreports/Situation_Report___on_2018__1532933961.pdf,4380
situation Reports,2018-07-30,09:00,https://www.dmc.gov.lk/images/dmcreports/Situation_Report___on_2018__1532922353.pdf,4380
Situation Report,2018-07-29,18:00,https://www.dmc.gov.lk/images/dmcreports/Situation_Report___on_2018__1532869462.pdf,4380
Situation Report,2018-07-29,12:00,https://www.dmc.gov.lk/images/dmcreports/Situation_Report___on_2018__1532846908.pdf,4390
Situation Report,2018-07-29,09:00,https://www.dmc.gov.lk/images/dmcreports/Situation_Report___on_2018__1532835996.pdf,4390
Situation Report,2018-07-28,18:00,https://www.dmc.gov.lk/images/dmcreports/Situation_Report___on_2018__1532783286.pdf,4390
Situation Report,2018-07-28,12:00,https://www.dmc.gov.lk/images/dmcreports/Situation_Report___on_2018__1532770368.pdf,4390
Situation Report,2018-07-28,05:30,https://www.dmc.gov.lk/images/dmcreports/Situation_Report___on_2018__1532748903.pdf,4390
Situation Report,2018-07-27,18:00,https://www.dmc.gov.lk/images/dmcreports/Situation_Report___on_2018__1532696185.pdf,4390
Situation Report,2018-07-27,12:00,https://www.dmc.gov.lk/images/dmcreports/Situation_Report___on_2018__1532674107.pdf,4390
Situation Report,2018-07-27,09:00,https://www.dmc.gov.lk/images/dmcreports/Situation_Report___on_2018__1532662587.pdf,4390
Situation Report,2018-07-26,18:00,https://www.dmc.gov.lk/images/dmcreports/Situation_Report___on_2018__1532608590.pdf,4390
Situation Report,2018-07-26,12:00,https://www.dmc.gov.lk/images/dmcreports/Situation_Report___on_2018__1532587369.pdf,4390
Situation Report,2018-07-26,09:00,https://www.dmc.gov.lk/images/dmcreports/Situation_Report___on_2018__1532578721.pdf,4400
Situation Report,2018-07-25,18:00,https://www.dmc.gov.lk/images/dmcreports/Situation_Report___on_2018__1532525101.pdf,4400
Situation Report,2018-07-25,12:00,https://www.dmc.gov.lk/images/dmcreports/Situation_Report___on_2018__1532501243.pdf,4400
Situation Report,2018-07-25,09:00,https://www.dmc.gov.lk/images/dmcreports/Situation_Report___on_2018__1532489825.pdf,4400
Situation Report,2018-07-24,18:00,https://www.dmc.gov.lk/images/dmcreports/Situation_Report___on_2018__1532438109.pdf,4400
Situation Report,2018-07-24,12:00,https://www.dmc.gov.lk/images/dmcreports/Situation_Report___on_2018__1532414194.pdf,4400
Situation Report,2018-07-23,18:00,https://www.dmc.gov.lk/images/dmcreports/Situation_Report___on_2018__1532353861.pdf,4400
Situation Report,2018-07-23,12:00,https://www.dmc.gov.lk/images/dmcreports/Situation_Report___on_2018__1532328181.pdf,4400
Situation Report,2018-07-23,09:00,https://www.dmc.gov.lk/images/dmcreports/Situation_Report___on_2018__1532318506.pdf,4400
Situation Report,2018-07-22,18:00,https://www.dmc.gov.lk/images/dmcreports/Situation_Report___on_2018__1532264378.pdf,4410
Situation Report,2018-07-22,12:00,https://www.dmc.gov.lk/images/dmcreports/Situation_Report___on_2018__1532242620.pdf,4410
Situation Report,2018-07-22,09:00,https://www.dmc.gov.lk/images/dmcreports/Situation_Report___on_2018__1532232380.pdf,4410
Situation Report,2018-07-21,18:00,https://www.dmc.gov.lk/images/dmcreports/Situation_Report___on_2018__1532178527.pdf,4410
Situation Report,2018-07-21,12:00,https://www.dmc.gov.lk/images/dmcreports/Situation_Report___on_2018__1532159255.pdf,4410
Situation Report,2018-07-21,09:00,https://www.dmc.gov.lk/images/dmcreports/Situation_Report___on_2018__1532148887.pdf,4410
Situation Report,2018-07-20,18:00,https://www.dmc.gov.lk/images/dmcreports/Situation_Report___on_2018__1532091824.pdf,4410
Situation Report,2018-07-20,12:00,https://www.dmc.gov.lk/images/dmcreports/Situation_Report___on_2018__1532074563.pdf,4410
Situation Report,2018-07-20,09:00,https://www.dmc.gov.lk/images/dmcreports/Situation_Report___on_2018__1532061049.pdf,4410
Situation Report,2018-07-19,12:00,https://www.dmc.gov.lk/images/dmcreports/Situation_Report___on_2018__1531983586.pdf,4410
Situation Report,2018-07-19,09:00,https://www.dmc.gov.lk/images/dmcreports/Situation_Report___on_2018__1531971740.pdf,4420
Situation Report,2018-07-19,,https://www.dmc.gov.lk/images/dmcreports/Situation_Report___on_2018__1532005247.pdf,4420
Situation Report,2018-07-18,18:00,https://www.dmc.gov.lk/images/dmcreports/Situation_Report___on_2018__1531918384.pdf,4420
Situation Report,2018-07-18,12:00,https://www.dmc.gov.lk/images/dmcreports/Situation_Report___on_2018__1531897832.pdf,4420
Situation Report,2018-07-18,09:00,https://www.dmc.gov.lk/images/dmcreports/Situation_Report___on_2018__1531885123.pdf,4420
Situation Report,2018-07-17,18:00,https://www.dmc.gov.lk/images/dmcreports/Situation_Report___on_2018__1531831837.pdf,4420
Situation Report,2018-07-17,12:00,https://www.dmc.gov.lk/images/dmcreports/Situation_Report___on_2018__1531809343.pdf,4420
Situation Report,2018-07-17,09:00,https://www.dmc.gov.lk/images/dmcreports/Situation_Report___on_2018__1531798389.pdf,4420
Situation Report,2018-07-16,18:00,https://www.dmc.gov.lk/images/dmcreports/Situation_Report___on_2018__1531745316.pdf,4420
Situation Report,2018-07-16,12:00,https://www.dmc.gov.lk/images/dmcreports/Situation_Report___on_2018__1531725292.pdf,4420
Situation Report,2018-07-16,09:00,https://www.dmc.gov.lk/images/dmcreports/Situation_Report___on_2018__1531712060.pdf,4430
Situation Report,2018-07-14,18:00,https://www.dmc.gov.lk/images/dmcreports/Situation_Report___on_2018__1531572619.pdf,4430
Situation Report,2018-07-14,12:00,https://www.dmc.gov.lk/images/dmcreports/Situation_Report___on_2018__1531550813.pdf,4430
Situation Report,2018-07-14,09:00,https://www.dmc.gov.lk/images/dmcreports/Situation_Report___on_2018__1531539562.pdf,4430
Situation Report,2018-07-13,18:00,https://www.dmc.gov.lk/images/dmcreports/Situation_Report___on_2018__1531487491.pdf,4430
Situation Report,2018-07-13,12:00,https://www.dmc.gov.lk/images/dmcreports/Situation_Report___on_2018__1531464635.pdf,4430
Situation Report,2018-07-13,09:00,https://www.dmc.gov.lk/images/dmcreports/Situation_Report___on_2018__1531453809.pdf,4430
Situation Report,2018-07-12,18:00,https://www.dmc.gov.lk/images/dmcreports/Situation_Report___on_2018__1531403918.pdf,4430
Situation Report,2018-07-11,18:00,https://www.dmc.gov.lk/images/dmcreports/Situation_Report___on_2018__1531315597.pdf,4430
Situation Report,2018-07-11,12:00,https://www.dmc.gov.lk/images/dmcreports/Situation_Report___on_2018__1531297497.pdf,4430
Situation Report,2018-07-10,18:00,https://www.dmc.gov.lk/images/dmcreports/Situation_Report___on_2018__1531268977.pdf,4440
Situation Report,2018-07-10,12:00,https://www.dmc.gov.lk/images/dmcreports/Situation_Report___on_2018__1531204181.pdf,4440
Situation Report,2018-07-10,09:00,https://www.dmc.gov.lk/images/dmcreports/Situation_Report___on_2018__1531193761.pdf,4440
Situation Report,2018-07-09,18:00,https://www.dmc.gov.lk/images/dmcreports/Situation_Report___on_2018__1531139497.pdf,4440
Situation Report,2018-07-09,12:00,https://www.dmc.gov.lk/images/dmcreports/Situation_Report___on_2018__1531117490.pdf,4440
Situation Report,2018-07-09,09:00,https://www.dmc.gov.lk/images/dmcreports/Situation_Report___on_2018__1531106801.pdf,4440
Situation Report,2018-07-08,18:00,https://www.dmc.gov.lk/images/dmcreports/Situation_Report___on_2018__1531057505.pdf,4440
Situation Report,2018-07-08,12:00,https://www.dmc.gov.lk/images/dmcreports/Situation_Report___on_2018__1531032582.pdf,4440
Situation Report,2018-07-08,09:00,https://www.dmc.gov.lk/images/dmcreports/Situation_Report___on_2018__1531022598.pdf,4440
Situation Report,2018-07-07,18:00,https://www.dmc.gov.lk/images/dmcreports/Situation_Report___on_2018__1530967726.pdf,4440
Situation Report,2018-07-07,12:00,https://www.dmc.gov.lk/images/dmcreports/Situation_Report___on_2018__1530945518.pdf,4450
Situation Report,2018-07-07,09:00,https://www.dmc.gov.lk/images/dmcreports/Situation_Report___on_2018__1530936249.pdf,4450
Situation Report,2018-07-06,18:00,https://www.dmc.gov.lk/images/dmcreports/Situation_Report___on_2018__1530881001.pdf,4450
Situation Report,2018-07-06,12:00,https://www.dmc.gov.lk/images/dmcreports/Situation_Report___on_2018__1530861092.pdf,4450
Situation Report,2018-07-06,09:00,https://www.dmc.gov.lk/images/dmcreports/Situation_Report___on_2018__1530848946.pdf,4450
Situation Report,2018-07-05,12:00,https://www.dmc.gov.lk/images/dmcreports/Situation_Report___on_2018__1530776083.pdf,4450
Situation Report,2018-07-05,09:00,https://www.dmc.gov.lk/images/dmcreports/Situation_Report___on_2018__1530763613.pdf,4450
Situation Report,2018-07-04,18:00,https://www.dmc.gov.lk/images/dmcreports/Situation_Report___on_2018__1530710368.pdf,4450
Situation Report,2018-07-04,12:00,https://www.dmc.gov.lk/images/dmcreports/Situation_Report___on_2018__1530687028.pdf,4450
Situation Report,2018-07-04,09:00,https://www.dmc.gov.lk/images/dmcreports/Situation_Report_on_2018__1530675543.pdf,4450
Situation Report,2018-07-03,18:00,https://www.dmc.gov.lk/images/dmcreports/Situation_Report___on_2018__1530622796.pdf,4460
Situation Report,2018-07-03,12:00,https://www.dmc.gov.lk/images/dmcreports/Situation_Report___on_2018__1530601390.pdf,4460
Situation Report,2018-07-03,09:00,https://www.dmc.gov.lk/images/dmcreports/Situation_Report__on_2018__1530589234.pdf,4460
Situation Report,2018-07-02,18:00,https://www.dmc.gov.lk/images/dmcreports/Situation_Report___on_2018__1530535788.pdf,4460
Situation Report,2018-07-02,12:00,https://www.dmc.gov.lk/images/dmcreports/Situation_Report___on_2018__1530514838.pdf,4460
Situation Report,2018-07-02,09:00,https://www.dmc.gov.lk/images/dmcreports/Situation_Report___on_2018__1530502429.pdf,4460
Situation Report,2018-07-01,18:00,https://www.dmc.gov.lk/images/dmcreports/Situation_Report___on_2018__1530448444.pdf,4460
Situation Report,2018-07-01,12:00,https://www.dmc.gov.lk/images/dmcreports/Situation_Report___on_2018__1530427027.pdf,4460
Situation Report,2018-07-01,09:00,https://www.dmc.gov.lk/images/dmcreports/Situation_Report___on_2018__1530416823.pdf,4460
Situation Report,2018-06-30,18:00,https://www.dmc.gov.lk/images/dmcreports/Situation_Report___on_2018__1530365637.pdf,4460
Situation Report,2018-06-30,12:00,https://www.dmc.gov.lk/images/dmcreports/Situation_Report___on_2018__1530340660.pdf,4470
Situation Report,2018-06-30,09:00,https://www.dmc.gov.lk/images/dmcreports/Situation_Report___on_2018__1530330360.pdf,4470
Situation Report,2018-06-29,18:00,https://www.dmc.gov.lk/images/dmcreports/Situation_Report___on_2018__1530276613.pdf,4470
Situation Report,2018-06-29,12:00,https://www.dmc.gov.lk/images/dmcreports/Situation_Report___on_2018__1530255788.pdf,4470
Situation Report,2018-06-29,09:00,https://www.dmc.gov.lk/images/dmcreports/Situation_Report___on_2018__1530243517.pdf,4470
Situation Report,2018-06-28,18:00,https://www.dmc.gov.lk/images/dmcreports/Situation_Report___on_2018__1530196129.pdf,4470
Situation Report,2018-06-28,12:00,https://www.dmc.gov.lk/images/dmcreports/Situation_Report___on_2018__1530168315.pdf,4470
Situation Report,2018-06-27,18:00,https://www.dmc.gov.lk/images/dmcreports/Situation_Report___on_2018__1530102962.pdf,4470
Situation Report,2018-06-27,12:00,https://www.dmc.gov.lk/images/dmcreports/Situation_Report___on_2018__1530084608.pdf,4470
Situation Report,2018-06-27,09:00,https://www.dmc.gov.lk/images/dmcreports/Situation_Report___on_2018__1530071006.pdf,4470
Situation Report,2018-06-26,18:00,https://www.dmc.gov.lk/images/dmcreports/Situation_Report___on_2018__1530017387.pdf,4480
Situation Report,2018-06-26,12:00,https://www.dmc.gov.lk/images/dmcreports/Situation_Report___on_2018__1530001574.pdf,4480
Situation Report,2018-06-26,09:00,https://www.dmc.gov.lk/images/dmcreports/Situation_Report___on_2018__1529986207.pdf,4480
Situation Report,2018-06-25,18:00,https://www.dmc.gov.lk/images/dmcreports/Situation_Report___on_2018__1529930475.pdf,4480
Situation Report,2018-06-25,12:00,https://www.dmc.gov.lk/images/dmcreports/Situation_Report___on_2018__1529908422.pdf,4480
Situation Report,2018-06-25,09:00,https://www.dmc.gov.lk/images/dmcreports/Situation_Report___on_2018__1529898436.pdf,4480
Situation Report,2018-06-24,18:00,https://www.dmc.gov.lk/images/dmcreports/Situation_Report___on_2018__1529843803.pdf,4480
Situation Report,2018-06-24,12:00,https://www.dmc.gov.lk/images/dmcreports/Situation_Report___on_2018__1529822190.pdf,4480
Situation Report,2018-06-24,09:00,https://www.dmc.gov.lk/images/dmcreports/Situation_Report___on_2018__1529811148.pdf,4480
Situation Report,2018-06-23,18:00,https://www.dmc.gov.lk/images/dmcreports/Situation_Report___on_2018__1529759123.pdf,4480
Situation Report,2018-06-23,12:00,https://www.dmc.gov.lk/images/dmcreports/Situation_Report___on_2018__1529735430.pdf,4490
Situation Report,2018-06-23,09:00,https://www.dmc.gov.lk/images/dmcreports/Situation_Report___on_2018__1529725030.pdf,4490
Situation Report,2018-06-22,18:00,https://www.dmc.gov.lk/images/dmcreports/Situation_Report___on_2018__1529671565.pdf,4490
Situation Report,2018-06-22,12:00,https://www.dmc.gov.lk/images/dmcreports/Situation_Report___on_2018__1529652026.pdf,4490
Situation Report,2018-06-22,09:00,https://www.dmc.gov.lk/images/dmcreports/Situation_Report___on_2018__1529642514.pdf,4490
Situation Report,2018-06-21,18:00,https://www.dmc.gov.lk/images/dmcreports/Situation_Report___on_2018__1529586898.pdf,4490
Situation Report,2018-06-21,12:00,https://www.dmc.gov.lk/images/dmcreports/Situation_Report___on_2018__1529563410.pdf,4490
Situation Report,2018-06-21,09:00,https://www.dmc.gov.lk/images/dmcreports/Situation_Report___on_2018__1529553611.pdf,4490
Situation Report,2018-06-20,18:00,https://www.dmc.gov.lk/images/dmcreports/Situation_Report___on_2018__1529502233.pdf,4490
Situation Report,2018-06-20,12:00,https://www.dmc.gov.lk/images/dmcreports/Situation_Report___on_2018__1529487549.pdf,4490
Situation Report,2018-06-20,09:00,https://www.dmc.gov.lk/images/dmcreports/Situation_Report___on_2018__1529468840.pdf,4500
Situation Report,2018-06-19,18:00,https://www.dmc.gov.lk/images/dmcreports/Situation_Report___on_2018__1529413843.pdf,4500
Situation Report,2018-06-19,12:00,https://www.dmc.gov.lk/images/dmcreports/Situation_Report___on_2018__1529392619.pdf,4500
Situation Report,2018-06-19,09:00,https://www.dmc.gov.lk/images/dmcreports/Situation_Report___on_2018__1529379074.pdf,4500
Situation Report,2018-06-18,18:00,https://www.dmc.gov.lk/images/dmcreports/Situation_Report___on_2018__1529328066.pdf,4500
Situation Report,2018-06-18,12:00,https://www.dmc.gov.lk/images/dmcreports/Situation_Report___on_2018__1529306113.pdf,4500
Situation Report,2018-06-18,09:00,https://www.dmc.gov.lk/images/dmcreports/Situation_Report___on_2018__1529292169.pdf,4500
Situation Report,2018-06-17,18:00,https://www.dmc.gov.lk/images/dmcreports/Situation_Report___on_2018__1529242123.pdf,4500
Situation Report,2018-06-17,12:00,https://www.dmc.gov.lk/images/dmcreports/Situation_Report___on_2018__1529218074.pdf,4500
Situation Report,2018-06-17,09:00,https://www.dmc.gov.lk/images/dmcreports/Situation_Report___on_2018__1529207524.pdf,4500
Situation Report,2018-06-16,18:00,https://www.dmc.gov.lk/images/dmcreports/Situation_Report___on_2018__1529154031.pdf,4510
Situation Report,2018-06-16,12:00,https://www.dmc.gov.lk/images/dmcreports/Situation_Report___on_2018__1529130854.pdf,4510
Situation Report,2018-06-16,09:00,https://www.dmc.gov.lk/images/dmcreports/Situation_Report___on_2018__1529120474.pdf,4510
Situation Report,2018-06-15,18:00,https://www.dmc.gov.lk/images/dmcreports/Situation_Report___on_2018__1529067482.pdf,4510
Situation Report,2018-06-15,12:00,https://www.dmc.gov.lk/images/dmcreports/Situation_Report___on_2018__1529046530.pdf,4510
Situation Report,2018-06-15,09:00,https://www.dmc.gov.lk/images/dmcreports/Situation_Report___on_2018__1529034726.pdf,4510
Situation Report,2018-06-14,18:00,https://www.dmc.gov.lk/images/dmcreports/Situation_Report___on_2018__1528982047.pdf,4510
Situation Report,2018-06-14,12:00,https://www.dmc.gov.lk/images/dmcreports/Situation_Report___on_2018__1528962553.pdf,4510
Situation Report,2018-06-14,09:00,https://www.dmc.gov.lk/images/dmcreports/Situation_Report___on_2018__1528950714.pdf,4510
Situation Report,2018-06-13,18:00,https://www.dmc.gov.lk/images/dmcreports/Situation_Report___on_2018__1528898408.pdf,4510
Situation Report,2018-06-13,12:00,https://www.dmc.gov.lk/images/dmcreports/Situation_Report___on_2018__1528874056.pdf,4520
Situation Report,2018-06-13,09:00,https://www.dmc.gov.lk/images/dmcreports/Situation_Report___on_2018__1528864428.pdf,4520
Situation Report,2018-06-12,18:00,https://www.dmc.gov.lk/images/dmcreports/Situation_Report___on_2018__1528812515.pdf,4520
Situation Report,2018-06-12,12:00,https://www.dmc.gov.lk/images/dmcreports/Situation_Report___on_2018__1528787380.pdf,4520
Situation Report,2018-06-12,09:00,https://www.dmc.gov.lk/images/dmcreports/Situation_Report___on_2018__1528776642.pdf,4520
Situation Report,2018-06-11,18:00,https://www.dmc.gov.lk/images/dmcreports/Situation_Report___on_2018__1528727764.pdf,4520
Situation Report,2018-06-11,12:00,https://www.dmc.gov.lk/images/dmcreports/Situation_Report___on_2018__1528700723.pdf,4520
Situation Report,2018-06-11,09:00,https://www.dmc.gov.lk/images/dmcreports/Situation_Report___on_2018__1528690418.pdf,4520
Situation Report,2018-06-10,18:00,https://www.dmc.gov.lk/images/dmcreports/Situation_Report___on_2018__1528635386.pdf,4520
Situation Report,2018-06-10,12:00,https://www.dmc.gov.lk/images/dmcreports/Situation_Report___on_2018__1528613446.pdf,4520
Situation Report,2018-06-10,09:00,https://www.dmc.gov.lk/images/dmcreports/Situation_Report___on_2018__1528602075.pdf,4530
Situation Report,2018-06-09,18:00,https://www.dmc.gov.lk/images/dmcreports/Situation_Report___on_2018__1528556942.pdf,4530
Situation Report,2018-06-09,12:00,https://www.dmc.gov.lk/images/dmcreports/Situation_Report___on_2018__1528530828.pdf,4530
Situation Report,2018-06-09,09:00,https://www.dmc.gov.lk/images/dmcreports/Situation_Report___on_2018__1528516308.pdf,4530
Situation Report,2018-06-08,18:00,https://www.dmc.gov.lk/images/dmcreports/Situation_Report___on_2018__1528463662.pdf,4530
Situation Report,2018-06-08,12:00,https://www.dmc.gov.lk/images/dmcreports/Situation_Report___on_2018__1528442700.pdf,4530
Situation Report,2018-06-08,09:00,https://www.dmc.gov.lk/images/dmcreports/Situation_Report___on_2018__1528429366.pdf,4530
Situation Report,2018-06-07,18:00,https://www.dmc.gov.lk/images/dmcreports/Situation_Report___on_2018__1528383071.pdf,4530
Situation Report,2018-06-07,09:00,https://www.dmc.gov.lk/images/dmcreports/Situation_Report___on_2018__1528347485.pdf,4530
Situation Report,2018-06-06,18:00,https://www.dmc.gov.lk/images/dmcreports/Situation_Report___on_2018__1528291663.pdf,4530
Situation Report,2018-06-06,12:00,https://www.dmc.gov.lk/images/dmcreports/Situation_Report___on_2018__1528274833.pdf,4540
Situation Report,2018-06-05,18:00,https://www.dmc.gov.lk/images/dmcreports/Situation_Report___on_2018__1528204837.pdf,4540
Situation Report,2018-06-05,12:00,https://www.dmc.gov.lk/images/dmcreports/Situation_Report___on_2018__1528185758.pdf,4540
Situation Report,2018-06-05,09:00,https://www.dmc.gov.lk/images/dmcreports/Situation_Report___on_2018__1528173898.pdf,4540
Situation Report Summary,2018-06-05,09:00,https://www.dmc.gov.lk/images/dmcreports/Situation_Report__Summary_on_2018__1528173943.pdf,4540
Situation Report,2018-06-04,18:00,https://www.dmc.gov.lk/images/dmcreports/Situation_Report___on_2018__1528116931.pdf,4540
Situation Report,2018-06-04,18:00,https://www.dmc.gov.lk/images/dmcreports/Summerry_Situation_Report___on_2018__1528116972.pdf,4540
Situation Report,2018-06-04,12:00,https://www.dmc.gov.lk/images/dmcreports/Situation_Report___on_2018__1528099331.pdf,4540
Situation Report Summary,2018-06-04,12:00,https://www.dmc.gov.lk/images/dmcreports/Situation_summery_Report___on_2018__1528099435.pdf,4540
Situation Report,2018-06-04,09:00,https://www.dmc.gov.lk/images/dmcreports/Situation_Report___on_2018__1528084869.pdf,4550
Situation Report Summary,2018-06-04,09:00,https://www.dmc.gov.lk/images/dmcreports/Situation_Report_summery__on_2018__1528085968.pdf,4550
Situation Report,2018-06-03,18:00,https://www.dmc.gov.lk/images/dmcreports/Situation_Report___on_2018__1528029259.pdf,4550
Situation Report Summary,2018-06-03,18:00,https://www.dmc.gov.lk/images/dmcreports/Situation_Report__Summary_on_2018__1528029517.pdf,4550
Situation Report,2018-06-03,12:00,https://www.dmc.gov.lk/images/dmcreports/Situation_Report___on_2018__1528009446.pdf,4550
Situation Report Summary,2018-06-03,12:00,https://www.dmc.gov.lk/images/dmcreports/Situation_Report__summery_on_2018__1528009461.pdf,4550
Situation Report,2018-06-03,09:00,https://www.dmc.gov.lk/images/dmcreports/Situation_Report___on_2018__1527998103.pdf,4550
Situation Report Summary,2018-06-03,09:00,https://www.dmc.gov.lk/images/dmcreports/Situation_Report__summery__on_2018__1527998121.pdf,4550
Situation Report,2018-06-02,18:00,https://www.dmc.gov.lk/images/dmcreports/Situation_Report___on_2018__1527943420.pdf,4550
Situation Report Summary,2018-06-02,18:00,https://www.dmc.gov.lk/images/dmcreports/Situation_Report__Summary_on_2018__1527943473.pdf,4550
Situation Report,2018-06-02,12:00,https://www.dmc.gov.lk/images/dmcreports/Situation_Report___on_2018__1527930476.pdf,4560
Situation Report Summary,2018-06-02,12:00,https://www.dmc.gov.lk/images/dmcreports/Situation_Report_Summery__on_2018__1527930503.pdf,4560
Situation Report,2018-06-02,09:00,https://www.dmc.gov.lk/images/dmcreports/Situation_Report__on_2018__1527910141.pdf,4560
Situation Report Summary,2018-06-02,09:00,https://www.dmc.gov.lk/images/dmcreports/Situation_Report__summery__on_2018__1527910176.pdf,4560
Situation Report,2018-06-01,19:00,https://www.dmc.gov.lk/images/dmcreports/Situation_Report___on_2018__1527863806.pdf,4560
Situation Report Summary,2018-06-01,19:00,https://www.dmc.gov.lk/images/dmcreports/Situation_Report_Summary_on_2018__1527863876.pdf,4560
Situation Report,2018-06-01,12:00,https://www.dmc.gov.lk/images/dmcreports/Situation_Report___on_2018__1527837442.pdf,4560
Situation Report Summary,2018-06-01,12:00,https://www.dmc.gov.lk/images/dmcreports/Situation_Summery__Report___on_2018__1527837510.pdf,4560
Situation Report,2018-06-01,09:00,https://www.dmc.gov.lk/images/dmcreports/Situation_Report___on_2018__1527824621.pdf,4560
Situation Report Summary,2018-06-01,09:00,https://www.dmc.gov.lk/images/dmcreports/Situation_Summary_Report___on_2018__1527824648.pdf,4560
Situation Report,2018-05-31,12:00,https://www.dmc.gov.lk/images/dmcreports/Situation_Report___on_2018__1527754264.pdf,4570
Situation Report Summary,2018-05-31,12:00,https://www.dmc.gov.lk/images/dmcreports/Situation_Summery_Report___on_2018__1527754297.pdf,4570
Situation Report,2018-05-28,13:00,https://www.dmc.gov.lk/images/dmcreports/20180528_Sri_Lanka_Situation_Impact_1200hours_Final__1527495971.pdf,4570
Situation Report,2018-05-27,12:00,https://www.dmc.gov.lk/images/dmcreports/20180527_Sri_Lanka_Situation_Impact_Report1200hours_Final__1527408919.pdf,4570
Situation Report,2018-05-26,12:00,https://www.dmc.gov.lk/images/dmcreports/20180526_Sri_Lanka_Situation_Impact1200hours_Final__1527323970.pdf,4570
Flood Situation Report -25-05-2018,2018-05-25,12:00,https://www.dmc.gov.lk/images/dmcreports/20180525_Sri_Lanka_Situation_Impact_Report1200hours_Final-ilovepdf-compressed__1527238832.pdf,4570
Situation Report,2018-05-24,12:00,https://www.dmc.gov.lk/images/dmcreports/20180524_Sri_Lanka_Disaster_Situation_Impact_1200hours_Final-Publishing-ilovepdf-compressed__1527158461.pdf,4570
Flood Situation Report -23-05-2018,2018-05-23,10:00,https://www.dmc.gov.lk/images/dmcreports/20180523_Sri_Lanka_Flood_Situation_Update1000hours_Final-__1527064877.pdf,4570
Special Situation Report,2018-05-22,18:00,https://www.dmc.gov.lk/images/dmcreports/Special_Situation_Report__on_2018__1526997744.pdf,4570
Situation Report,2018-05-22,12:00,https://www.dmc.gov.lk/images/dmcreports/Situation_Report___on_2018__1526976422.pdf,4570
Situation Report 01,2018-05-22,09:00,https://www.dmc.gov.lk/images/dmcreports/Situation_Report__on_2018__1526961835.pdf,4580
Situation Report,2018-05-21,13:00,https://www.dmc.gov.lk/images/dmcreports/Situation_report__1526893134.pdf,4580
Situation Report,2018-05-20,12:00,https://www.dmc.gov.lk/images/dmcreports/Situation_Report__on_2018__1526805095.pdf,4580
Situation Report,2018-05-20,09:00,https://www.dmc.gov.lk/images/dmcreports/Situation_Report__on_2018__1526788307.pdf,4580
Situation Report,2018-05-19,18:00,https://www.dmc.gov.lk/images/dmcreports/Situation_Report__on_2018__1526735272.pdf,4580
Situation Report,2018-05-19,12:00,https://www.dmc.gov.lk/images/dmcreports/South_West_Monsoon_Situation_Report__on_2018__1526714025.pdf,4590
Situation Report,2018-05-19,09:00,https://www.dmc.gov.lk/images/dmcreports/South_monsoon_Situation_Report__on_2018__1526702184.pdf,4590
Situation Report,2018-05-18,19:30,https://www.dmc.gov.lk/images/dmcreports/Special_Situation_Report__on_2018__1526653107.pdf,4590
Situation Report,2018-05-18,12:00,https://www.dmc.gov.lk/images/dmcreports/Situation_Report__on_2018__1526628394.pdf,4590
Drought Situation Report,2018-05-18,12:00,https://www.dmc.gov.lk/images/dmcreports/Drought_Situation_Report__on_2018__1526628459.pdf,4590
Situation Report,2018-05-18,09:00,https://www.dmc.gov.lk/images/dmcreports/Situation_Report__on_2018__1526615196.pdf,4590
Drought Situation Report,2018-05-18,09:00,https://www.dmc.gov.lk/images/dmcreports/Drought_Situation_Report__on_2018__1526615339.pdf,4590
Situation Report,2018-05-17,18:00,https://www.dmc.gov.lk/images/dmcreports/Situation_Report__on_2018__1526610969.pdf,4590
Situation Report,2018-05-17,12:00,https://www.dmc.gov.lk/images/dmcreports/Situation_Report__on_2018__1526540084.pdf,4600
Situation Report,2018-05-17,09:00,https://www.dmc.gov.lk/images/dmcreports/Situation_Report__on_2018__1526529064.pdf,4600
Situation Report,2018-05-16,18:00,https://www.dmc.gov.lk/images/dmcreports/Situation_Report__on_2018__1526488207.pdf,4600
Situation Report,2018-05-16,12:00,https://www.dmc.gov.lk/images/dmcreports/Situation_Report__on_2018__1526454178.pdf,4600
Situation Report,2018-05-16,09:00,https://www.dmc.gov.lk/images/dmcreports/Situation_Report__on_2018__1526442376.pdf,4600
Situation Report,2018-05-15,18:00,https://www.dmc.gov.lk/images/dmcreports/Situation_Report__on_2018__1526392862.pdf,4600
Drought Situation Report Summary - [PDF],2018-02-04,12:00,https://www.dmc.gov.lk/images/dmcreports/Drought_Situation_Report__on_2018__1520503578.pdf,4610
Situation Report - [PDF],2018-02-04,12:00,https://www.dmc.gov.lk/images/dmcreports/Situation_Report__on_2018__1520503605.pdf,4610
Drought Situation Report Summary - [PDF],2018-02-04,09:00,https://www.dmc.gov.lk/images/dmcreports/Drought_Situation_Report__on_2018__1520503495.pdf,4610
Situation Report - [PDF],2018-02-04,09:00,https://www.dmc.gov.lk/images/dmcreports/Situation_Report__on_2018__1520503522.pdf,4610
Drought Situation Report Summary - [PDF],2018-02-03,18:00,https://www.dmc.gov.lk/images/dmcreports/Drought_Situation_Report__on_2018__1520503361.pdf,4610
Situation Report - [PDF],2018-02-03,18:00,https://www.dmc.gov.lk/images/dmcreports/Situation_Report__on_2018__1520503431.pdf,4610
Drought Situation Report Summary - [PDF],2018-02-03,12:00,https://www.dmc.gov.lk/images/dmcreports/Drought_Situation_Report__on_2018__1520503267.pdf,4620
Situation Report - [PDF],2018-02-03,12:00,https://www.dmc.gov.lk/images/dmcreports/Situation_Report__on_2018__1520503300.pdf,4620
Drought Situation Report Summary - [PDF],2018-02-03,09:00,https://www.dmc.gov.lk/images/dmcreports/Drought_Situation_Report__on_2018__1520503073.pdf,4620
Situation Report - [PDF],2018-02-03,09:00,https://www.dmc.gov.lk/images/dmcreports/Situation_Report__on_2018__1520503165.pdf,4620
Drought Situation Report Summary - [PDF],2018-02-02,18:00,https://www.dmc.gov.lk/images/dmcreports/Drought_Situation_Report__on_2018__1520502534.pdf,4620
Situation Report - [PDF],2018-02-02,18:00,https://www.dmc.gov.lk/images/dmcreports/Situation_Report__on_2018__1520502568.pdf,4620
Drought Situation Report Summary - [PDF],2018-02-02,12:00,https://www.dmc.gov.lk/images/dmcreports/Drought_Situation_Report__on_2018__1520502439.pdf,4630
Situation Report - [PDF],2018-02-02,12:00,https://www.dmc.gov.lk/images/dmcreports/Situation_Report__on_2018__1520502467.pdf,4630
Drought Situation Report Summary - [PDF],2018-02-02,09:00,https://www.dmc.gov.lk/images/dmcreports/Drought_Situation_Report__on_2018__1520502320.pdf,4630
Situation Report - [PDF],2018-02-02,09:00,https://www.dmc.gov.lk/images/dmcreports/Situation_Report__on_2018__1520502346.pdf,4630
Drought Situation Report Summary - [PDF],2018-02-01,18:00,https://www.dmc.gov.lk/images/dmcreports/Drought_Situation_Report__on_2018__1520502194.pdf,4630
Situation Report - [PDF],2018-02-01,18:00,https://www.dmc.gov.lk/images/dmcreports/Situation_Report__on_2018__1520502225.pdf,4630
Drought Situation Report Summary - [PDF],2018-02-01,12:00,https://www.dmc.gov.lk/images/dmcreports/Drought_Situation_Report__on_2018__1520502112.pdf,4630
Situation Report - [PDF],2018-02-01,12:00,https://www.dmc.gov.lk/images/dmcreports/Situation_Report__on_2018__1520502139.pdf,4640
Drought Situation Report Summary - [PDF],2018-02-01,09:00,https://www.dmc.gov.lk/images/dmcreports/Drought_Situation_Summary_Report__on_2018__1520502021.pdf,4640
Situation Report - [PDF],2018-02-01,09:00,https://www.dmc.gov.lk/images/dmcreports/Situation_Report__on_2018__1520502053.pdf,4640
Drought Situation Report Summary - [PDF],2018-01-31,18:00,https://www.dmc.gov.lk/images/dmcreports/Drought_Situation_Report__Summary_on_2018__1520501868.pdf,4640
Situation Report - [PDF],2018-01-31,18:00,https://www.dmc.gov.lk/images/dmcreports/Situation_Report__on_2018__1520501898.pdf,4640
Drought Situation Report Summary - [PDF],2018-01-31,12:00,https://www.dmc.gov.lk/images/dmcreports/Drought_Situation_Summery_Report__on_2018__1520501771.pdf,4640
Situation Report - [PDF],2018-01-31,12:00,https://www.dmc.gov.lk/images/dmcreports/Situation_Report__on_2018__1520501802.pdf,4640
Drought Situation Report Summary - [PDF],2018-01-31,09:00,https://www.dmc.gov.lk/images/dmcreports/Drought_Situation_Summery_Report__on_2018__1520501579.pdf,4650
Situation Report - [PDF],2018-01-31,09:00,https://www.dmc.gov.lk/images/dmcreports/Situation_Report__on_2018__1520501613.pdf,4650
Drought Situation Report Summary - [PDF],2018-01-30,18:00,https://www.dmc.gov.lk/images/dmcreports/Drought_Situation_Report_Summary_on_2018__1520501443.pdf,4650
Situation Report - [PDF],2018-01-30,18:00,https://www.dmc.gov.lk/images/dmcreports/Situation_Report__on_2018__1520501477.pdf,4650
Drought Situation Report Summary - [PDF],2018-01-30,12:00,https://www.dmc.gov.lk/images/dmcreports/Drought_Situation_Report__on_2018__1520501341.pdf,4650
Situation Report - [PDF],2018-01-30,12:00,https://www.dmc.gov.lk/images/dmcreports/Situation_Report__on_2018__1520501379.pdf,4650
Drought Situation Report Summary - [PDF],2018-01-30,09:00,https://www.dmc.gov.lk/images/dmcreports/Drought_Situation_Summery_Report__on_2018__1520501186.pdf,4660
Situation Report - [PDF],2018-01-30,09:00,https://www.dmc.gov.lk/images/dmcreports/Situation_Report__on_2018__1520501213.pdf,4660
Drought Situation Report Summary - [PDF],2018-01-29,18:00,https://www.dmc.gov.lk/images/dmcreports/Drought_Situation_Report__on_2018__1520501059.pdf,4660
Situation Report - [PDF],2018-01-29,18:00,https://www.dmc.gov.lk/images/dmcreports/Situation_Report__on_2018__1520501090.pdf,4660
Drought Situation Report Summary - [PDF],2018-01-29,12:00,https://www.dmc.gov.lk/images/dmcreports/Drought_Situation_Report__on_2018__1520500928.pdf,4660
Situation Report - [PDF],2018-01-29,12:00,https://www.dmc.gov.lk/images/dmcreports/Situation_Report__on_2018__1520500964.pdf,4660
Drought Situation Report Summary - [PDF],2018-01-29,09:00,https://www.dmc.gov.lk/images/dmcreports/Drought_Situation_Report__on_2018__1520500776.pdf,4660
Situation Report - [PDF],2018-01-29,09:00,https://www.dmc.gov.lk/images/dmcreports/Situation_Report__on_2018__1520500853.pdf,4670
Drought Situation Report Summary - [PDF],2018-01-28,18:00,https://www.dmc.gov.lk/images/dmcreports/Drought_Situation_Summery_Report__on_2018__1520500633.pdf,4670
Situation Report - [PDF],2018-01-28,18:00,https://www.dmc.gov.lk/images/dmcreports/Situation_Report__on_2018__1520500663.pdf,4670
Drought Situation Report Summary - [PDF],2018-01-28,12:00,https://www.dmc.gov.lk/images/dmcreports/Drought_Situation_Report__on_2018__1520500520.pdf,4670
Situation Report - [PDF],2018-01-28,12:00,https://www.dmc.gov.lk/images/dmcreports/Situation_Report__on_2018__1520500569.pdf,4670
Drought Situation Report Summary - [PDF],2018-01-28,09:00,https://www.dmc.gov.lk/images/dmcreports/Drought_Situation_Report__on_2018__1520500422.pdf,4670
Situation Report - [PDF],2018-01-28,09:00,https://www.dmc.gov.lk/images/dmcreports/Situation_Report__on_2018__1520500455.pdf,4680
Drought Situation Report Summary - [PDF],2018-01-27,18:00,https://www.dmc.gov.lk/images/dmcreports/Drought_Situation_Summery_Report__on_2018__1520500132.pdf,4680
Situation Report - [PDF],2018-01-27,18:00,https://www.dmc.gov.lk/images/dmcreports/Situation_Report__on_2018__1520500204.pdf,4680
Drought Situation Report Summary - [PDF],2018-01-27,12:00,https://www.dmc.gov.lk/images/dmcreports/Drought_Situation_Report__on_2018__1520500041.pdf,4680
Situation Report - [PDF],2018-01-27,12:00,https://www.dmc.gov.lk/images/dmcreports/Situation_Report__on_2018__1520500074.pdf,4680
Drought Situation Report Summary - [PDF],2018-01-27,09:00,https://www.dmc.gov.lk/images/dmcreports/Drought_Situation_Report__on_2018__1520499602.pdf,4680
Situation Report - [PDF],2018-01-27,09:00,https://www.dmc.gov.lk/images/dmcreports/Situation_Report__on_2018__1520499634.pdf,4680
Drought Situation Report Summary - [PDF],2018-01-26,18:00,https://www.dmc.gov.lk/images/dmcreports/Drought_Situation_Summery_Report__on_2018__1520499424.pdf,4690
Situation Report - [PDF],2018-01-26,18:00,https://www.dmc.gov.lk/images/dmcreports/Situation_Report__on_2018__1520499465.pdf,4690
Drought Situation Report Summary - [PDF],2018-01-26,12:00,https://www.dmc.gov.lk/images/dmcreports/Drought_Situation_Report__on_2018__1520499038.pdf,4690
Situation Report - [PDF],2018-01-26,12:00,https://www.dmc.gov.lk/images/dmcreports/Situation_Report__on_2018__1520499249.pdf,4690
Drought Situation Report Summary - [PDF],2018-01-26,09:00,https://www.dmc.gov.lk/images/dmcreports/Drought_Situation_Summery_Report__on_2018__1520497589.pdf,4690
Situation Report - [PDF],2018-01-26,09:00,https://www.dmc.gov.lk/images/dmcreports/Situation_Report__on_2018__1520497688.pdf,4690
Drought Situation Report Summary - [PDF],2018-01-25,18:00,https://www.dmc.gov.lk/images/dmcreports/Drought_Situation_Summery_Report__on_2018__1520496639.pdf,4700
Situation Report - [PDF],2018-01-25,18:00,https://www.dmc.gov.lk/images/dmcreports/Situation_Report__on_2018__1520496667.pdf,4700
Drought Situation Report Summary - [PDF],2018-01-25,12:00,https://www.dmc.gov.lk/images/dmcreports/Drought_Situation_Report__on_2018__1520496465.pdf,4700
Situation Report - [PDF],2018-01-25,12:00,https://www.dmc.gov.lk/images/dmcreports/Situation_Report__on_2018__1520496509.pdf,4700
Drought Situation Report Summary - [PDF],2018-01-25,09:00,https://www.dmc.gov.lk/images/dmcreports/Drought_Situation_Report__on_2018__1520496350.pdf,4700
Situation Report - [PDF],2018-01-25,09:00,https://www.dmc.gov.lk/images/dmcreports/Situation_Report__on_2018__1520496395.pdf,4700
Drought Situation Report Summary - [PDF],2018-01-24,18:00,https://www.dmc.gov.lk/images/dmcreports/Drought_Situation_Report__on_2018__1520496124.pdf,4700
Situation Report - [PDF],2018-01-24,18:00,https://www.dmc.gov.lk/images/dmcreports/Situation_Report__on_2018__1520496158.pdf,4710
Drought Situation Report Summary - [PDF],2018-01-24,12:00,https://www.dmc.gov.lk/images/dmcreports/Drought_Situation_Report_Summary_on_2018__1520496048.pdf,4710
Situation Report - [PDF],2018-01-24,12:00,https://www.dmc.gov.lk/images/dmcreports/Situation_Report__on_2018__1520496075.pdf,4710
Drought Situation Report Summary - [PDF],2018-01-24,09:00,https://www.dmc.gov.lk/images/dmcreports/Drought_Situation_Report__Summary_on_2018__1520495803.pdf,4710
Situation Report - [PDF],2018-01-24,09:00,https://www.dmc.gov.lk/images/dmcreports/Situation_Report__on_2018__1520495996.pdf,4710
Drought Situation Report Summary - [PDF],2018-01-23,18:00,https://www.dmc.gov.lk/images/dmcreports/Drought_Situation_Report__on_2018__1520495667.pdf,4710
Situation Report - [PDF],2018-01-23,18:00,https://www.dmc.gov.lk/images/dmcreports/Drought_Situation_Report__on_2018__1520495715.pdf,4710
Drought Situation Report Summary - [PDF],2018-01-23,12:00,https://www.dmc.gov.lk/images/dmcreports/Drought_Situation_Report__Summary_on_2018__1520495543.pdf,4720
Situation Report - [PDF],2018-01-23,12:00,https://www.dmc.gov.lk/images/dmcreports/Situation_Report__on_2018__1520495567.pdf,4720
Drought Situation Report Summary - [PDF],2018-01-23,09:00,https://www.dmc.gov.lk/images/dmcreports/Drought_Situation_Report_Summary_on_2018__1520495465.pdf,4720
Situation Report - [PDF],2018-01-23,09:00,https://www.dmc.gov.lk/images/dmcreports/Situation_Report__on_2018__1520495488.pdf,4720
Drought Situation Report Summary - [PDF],2018-01-22,18:00,https://www.dmc.gov.lk/images/dmcreports/Drought_Situation_Report__on_2018__1520495380.pdf,4720
Situation Report - [PDF],2018-01-22,18:00,https://www.dmc.gov.lk/images/dmcreports/Situation_Report__on_2018__1520495404.pdf,4720
Drought Situation Report Summary - [PDF],2018-01-22,12:00,https://www.dmc.gov.lk/images/dmcreports/Drought_Situation_Report_Summary_on_2018__1520495290.pdf,4730
Situation Report - [PDF],2018-01-22,12:00,https://www.dmc.gov.lk/images/dmcreports/Situation_Report__on_2018__1520495315.pdf,4730
Drought Situation Report Summary - [PDF],2018-01-22,09:00,https://www.dmc.gov.lk/images/dmcreports/Drought_Situation_Report__on_2018__1520495202.pdf,4730
Situation Report - [PDF],2018-01-22,09:00,https://www.dmc.gov.lk/images/dmcreports/Situation_Report__on_2018__1520495225.pdf,4730
Drought Situation Report Summary - [PDF],2018-01-21,18:00,https://www.dmc.gov.lk/images/dmcreports/Drought_Situation_Report__on_2018__1520494993.pdf,4730
Situation Report - [PDF],2018-01-21,18:00,https://www.dmc.gov.lk/images/dmcreports/Situation_Report__on_2018__1520495023.pdf,4730
Drought Situation Report Summary - [PDF],2018-01-21,12:00,https://www.dmc.gov.lk/images/dmcreports/Drought_Situation_Report__on_2018__1520494873.pdf,4730
Situation Report - [PDF],2018-01-21,12:00,https://www.dmc.gov.lk/images/dmcreports/Situation_Report__on_2018__1520494926.pdf,4740
Drought Situation Report Summary - [PDF],2018-01-21,09:00,https://www.dmc.gov.lk/images/dmcreports/Drought_Situation_Report__on_2018__1520494786.pdf,4740
Situation Report - [PDF],2018-01-21,09:00,https://www.dmc.gov.lk/images/dmcreports/Situation_Report__on_2018__1520494810.pdf,4740
Drought Situation Report Summary - [PDF],2018-01-20,18:00,https://www.dmc.gov.lk/images/dmcreports/Drought_Situation_Report__on_2018__1520494617.pdf,4740
Situation Report - [PDF],2018-01-20,18:00,https://www.dmc.gov.lk/images/dmcreports/Situation_Report__on_2018__1520494649.pdf,4740
Drought Situation Report Summary - [PDF],2018-01-20,12:00,https://www.dmc.gov.lk/images/dmcreports/Drought_Situation_Report__on_2018__1520494529.pdf,4740
Situation Report - [PDF],2018-01-20,12:00,https://www.dmc.gov.lk/images/dmcreports/Situation_Report__on_2018__1520494558.pdf,4740
Drought Situation Report Summary - [PDF],2018-01-20,09:00,https://www.dmc.gov.lk/images/dmcreports/Drought_Situation_Report__on_2018__1520494381.pdf,4750
Situation Report - [PDF],2018-01-20,09:00,https://www.dmc.gov.lk/images/dmcreports/Situation_Report__on_2018__1520494411.pdf,4750
Drought Situation Report Summary - [PDF],2018-01-19,18:00,https://www.dmc.gov.lk/images/dmcreports/Drought_Situation_Report__on_2018__1520494233.pdf,4750
Situation Report - [PDF],2018-01-19,18:00,https://www.dmc.gov.lk/images/dmcreports/Situation_Report__on_2018__1520494258.pdf,4750
Drought Situation Report Summary - [PDF],2018-01-19,12:00,https://www.dmc.gov.lk/images/dmcreports/Drought_Situation_Report__on_2018__1520494144.pdf,4750
Situation Report - [PDF],2018-01-19,12:00,https://www.dmc.gov.lk/images/dmcreports/Situation_Report__on_2018__1520494169.pdf,4750
Drought Situation Report Summary - [PDF],2018-01-19,09:00,https://www.dmc.gov.lk/images/dmcreports/Drought_Situation_Report__on_2018__1520494006.pdf,4760
Situation Report - [PDF],2018-01-19,09:00,https://www.dmc.gov.lk/images/dmcreports/Situation_Report__on_2018__1520494069.pdf,4760
Drought Situation Report Summary - [PDF],2018-01-18,18:00,https://www.dmc.gov.lk/images/dmcreports/Drought_Situation_Report__on_2018__1520493863.pdf,4760
Situation Report - [PDF],2018-01-18,18:00,https://www.dmc.gov.lk/images/dmcreports/Situation_Report__on_2018__1520493896.pdf,4760
Drought Situation Report Summary - [PDF],2018-01-18,12:00,https://www.dmc.gov.lk/images/dmcreports/Drought_Situation_Report__on_2018__1520493423.pdf,4760
Situation Report - [PDF],2018-01-18,12:00,https://www.dmc.gov.lk/images/dmcreports/Situation_Report__on_2018__1520493759.pdf,4760
Drought Situation Report Summary - [PDF],2018-01-18,09:00,https://www.dmc.gov.lk/images/dmcreports/Drought_Situation_Report__on_2018__1520493334.pdf,4760
Situation Report - [PDF],2018-01-18,09:00,https://www.dmc.gov.lk/images/dmcreports/Situation_Report__on_2018__1520493362.pdf,4770
Drought Situation Report Summary - [PDF],2018-01-17,18:00,https://www.dmc.gov.lk/images/dmcreports/Drought_Situation_Report__on_2018__1520493240.pdf,4770
Situation Report - [PDF],2018-01-17,18:00,https://www.dmc.gov.lk/images/dmcreports/Situation_Report__on_2018__1520493264.pdf,4770
Drought Situation Report Summary - [PDF],2018-01-17,12:00,https://www.dmc.gov.lk/images/dmcreports/Drought_Situation_Report__on_2018__1520493117.pdf,4770
Situation Report - [PDF],2018-01-17,12:00,https://www.dmc.gov.lk/images/dmcreports/Situation_Report__on_2018__1520493139.pdf,4770
Drought Situation Report Summary - [PDF],2018-01-17,09:00,https://www.dmc.gov.lk/images/dmcreports/Drought_Situation_Summery_Report__on_2018__1520493015.pdf,4770
Situation Report - [PDF],2018-01-17,09:00,https://www.dmc.gov.lk/images/dmcreports/Situation_Report__on_2018__1520493048.pdf,4770
Drought Situation Report Summary - [PDF],2018-01-16,18:00,https://www.dmc.gov.lk/images/dmcreports/Drought_Situation_Report_Summary_on_2018__1520492916.pdf,4780
Situation Report - [PDF],2018-01-16,18:00,https://www.dmc.gov.lk/images/dmcreports/Situation_Report__on_2018__1520492943.pdf,4780
Drought Situation Report Summary - [PDF],2018-01-16,12:00,https://www.dmc.gov.lk/images/dmcreports/Drought_Situation_Report__on_2018__1520492804.pdf,4780
Situation Report - [PDF],2018-01-16,12:00,https://www.dmc.gov.lk/images/dmcreports/Situation_Report__on_2018__1520492831.pdf,4780
Drought Situation Report Summary - [PDF],2018-01-16,09:00,https://www.dmc.gov.lk/images/dmcreports/Drought_Situation_Summery_Report__on_2018__1520492700.pdf,4780
Situation Report - [PDF],2018-01-16,09:00,https://www.dmc.gov.lk/images/dmcreports/Situation_Report__on_2018__1520492725.pdf,4780
Drought Situation Report Summary - [PDF],2018-01-15,18:00,https://www.dmc.gov.lk/images/dmcreports/Drought_Situation_Report_Summary_on_2018__1520492504.pdf,4790
Situation Report - [PDF],2018-01-15,18:00,https://www.dmc.gov.lk/images/dmcreports/Situation_Report__on_2018__1520492534.pdf,4790
Drought Situation Report Summary - [PDF],2018-01-15,12:00,https://www.dmc.gov.lk/images/dmcreports/Drought_Situation_Summery_Report__on_2018__1520492421.pdf,4790
Situation Report - [PDF],2018-01-15,12:00,https://www.dmc.gov.lk/images/dmcreports/Situation_Report__on_2018__1520492443.pdf,4790
Drought Situation Report Summary - [PDF],2018-01-15,09:00,https://www.dmc.gov.lk/images/dmcreports/Drought_Situation_Report__on_2018__1520491231.pdf,4790
Situation Report - [PDF],2018-01-15,09:00,https://www.dmc.gov.lk/images/dmcreports/Situation_Report__on_2018__1520492327.pdf,4790
Drought Situation Report Summary - [PDF],2018-01-14,18:00,https://www.dmc.gov.lk/images/dmcreports/Drought_Situation_Report_Summary__on_2018__1520491055.pdf,4790
Situation Report - [PDF],2018-01-14,18:00,https://www.dmc.gov.lk/images/dmcreports/Situation_Report__on_2018__1520491075.pdf,4800
Drought Situation Report Summary - [PDF],2018-01-14,12:00,https://www.dmc.gov.lk/images/dmcreports/Drought_Situation_Report__on_2018__1520490985.pdf,4800
Situation Report - [PDF],2018-01-14,12:00,https://www.dmc.gov.lk/images/dmcreports/Situation_Report__on_2018__1520491011.pdf,4800
Drought Situation Report Summary - [PDF],2018-01-14,09:00,https://www.dmc.gov.lk/images/dmcreports/Drought_Situation_Report__on_2018__1520490906.pdf,4800
Situation Report - [PDF],2018-01-14,09:00,https://www.dmc.gov.lk/images/dmcreports/Situation_Report__on_2018__1520490930.pdf,4800
Drought Situation Report Summary - [PDF],2018-01-13,18:00,https://www.dmc.gov.lk/images/dmcreports/Drought_Situation_Report__Summary_on_2018__1520490740.pdf,4800
Situation Report - [PDF],2018-01-13,18:00,https://www.dmc.gov.lk/images/dmcreports/Situation_Report__on_2018__1520490764.pdf,4800
Drought Situation Report Summary - [PDF],2018-01-13,12:00,https://www.dmc.gov.lk/images/dmcreports/Drought_Situation_Report__on_2018__1520490455.pdf,4810
Situation Report - [PDF],2018-01-13,12:00,https://www.dmc.gov.lk/images/dmcreports/Situation_Report__on_2018__1520490478.pdf,4810
Drought Situation Report Summary - [PDF],2018-01-13,09:00,https://www.dmc.gov.lk/images/dmcreports/Drought_Situation_Report__on_2018__1520490319.pdf,4810
Situation Report - [PDF],2018-01-13,09:00,https://www.dmc.gov.lk/images/dmcreports/Situation_Report__on_2018__1520490343.pdf,4810
Drought Situation Report Summary - [PDF],2018-01-12,18:00,https://www.dmc.gov.lk/images/dmcreports/Drought_Situation_Report__on_2018__1520490215.pdf,4810
Situation Report - [PDF],2018-01-12,18:00,https://www.dmc.gov.lk/images/dmcreports/Situation_Report__on_2018__1520490243.pdf,4810
Drought Situation Report Summary - [PDF],2018-01-12,12:00,https://www.dmc.gov.lk/images/dmcreports/Drought_Situation_Report_on_2018__1520490125.pdf,4820
Situation Report - [PDF],2018-01-12,12:00,https://www.dmc.gov.lk/images/dmcreports/Situation_Report__on_2018__1520490153.pdf,4820
Drought Situation Report Summary - [PDF],2018-01-12,09:00,https://www.dmc.gov.lk/images/dmcreports/Drought_Situation_Report_on_2018__1520490040.pdf,4820
Situation Report - [PDF],2018-01-12,09:00,https://www.dmc.gov.lk/images/dmcreports/Situation_Report__on_2018__1520490064.pdf,4820
Drought Situation Report Summary - [PDF],2018-01-11,18:00,https://www.dmc.gov.lk/images/dmcreports/Drought_Situation_Report_Summary_on_2018__1520489672.pdf,4820
Situation Report - [PDF],2018-01-11,18:00,https://www.dmc.gov.lk/images/dmcreports/Situation_Report__on_2018__1520489699.pdf,4820
Drought Situation Report Summary - [PDF],2018-01-11,12:00,https://www.dmc.gov.lk/images/dmcreports/Drought_Situation_Report__on_2018__1520489519.pdf,4820
Situation Report - [PDF],2018-01-11,12:00,https://www.dmc.gov.lk/images/dmcreports/Situation_Report__on_2018__1520489545.pdf,4830
Drought Situation Report Summary - [PDF],2018-01-11,09:00,https://www.dmc.gov.lk/images/dmcreports/Drought_Situation_Report__on_2018__1520489386.pdf,4830
Situation Report - [PDF],2018-01-11,09:00,https://www.dmc.gov.lk/images/dmcreports/Situation_Report__on_2018__1520489415.pdf,4830
Situation Report - [PDF],2018-01-10,18:00,https://www.dmc.gov.lk/images/dmcreports/Situation_Report__on_2018__1520489114.pdf,4830
Drought Situation Report Summary - [PDF],2018-01-10,12:00,https://www.dmc.gov.lk/images/dmcreports/Drought_Situation_Report__on_2018__1520489027.pdf,4830
Situation Report - [PDF],2018-01-10,12:00,https://www.dmc.gov.lk/images/dmcreports/Situation_Report__on_2018__1520489048.pdf,4830
Drought Situation Report Summary - [PDF],2018-01-10,09:00,https://www.dmc.gov.lk/images/dmcreports/Drought_Situation_Report__on_2018__1520488949.pdf,4840
Situation Report - [PDF],2018-01-10,09:00,https://www.dmc.gov.lk/images/dmcreports/Situation_Report__on_2018__1520488972.pdf,4840
Drought Situation Report Summary - [PDF],2018-01-09,12:00,https://www.dmc.gov.lk/images/dmcreports/Drought_Situation_Report__on_2018__1520488586.pdf,4840
Situation Report - [PDF],2018-01-09,12:00,https://www.dmc.gov.lk/images/dmcreports/Situation_Report__on_2018__1520488704.pdf,4840
Drought Situation Report Summary - [PDF],2018-01-09,09:00,https://www.dmc.gov.lk/images/dmcreports/Drought_Situation_Report__on_2018__1520488518.pdf,4840
Situation Report - [PDF],2018-01-09,09:00,https://www.dmc.gov.lk/images/dmcreports/Situation_Report__on_2018__1520488540.pdf,4840
Drought Situation Report Summary - [PDF],2018-01-08,18:00,https://www.dmc.gov.lk/images/dmcreports/Drought_Situation_Summery_Report__on_2018__1520488386.pdf,4850
Situation Report - [PDF],2018-01-08,18:00,https://www.dmc.gov.lk/images/dmcreports/Situation_Report__on_2018__1520488413.pdf,4850
Drought Situation Report Summary - [PDF],2018-01-08,12:00,https://www.dmc.gov.lk/images/dmcreports/Drought_Situation_Report_Summary_on_2018__1520488306.pdf,4850
Situation Report - [PDF],2018-01-08,12:00,https://www.dmc.gov.lk/images/dmcreports/Situation_Report__on_2018__1520488326.pdf,4850
Drought Situation Report Summary - [PDF],2018-01-08,09:00,https://www.dmc.gov.lk/images/dmcreports/Drought_Situation_Report_Summary__on_2018__1520488200.pdf,4850
Situation Report - [PDF],2018-01-08,09:00,https://www.dmc.gov.lk/images/dmcreports/Situation_Report__on_2018__1520488222.pdf,4850
Drought Situation Report Summary - [PDF],2018-01-07,18:00,https://www.dmc.gov.lk/images/dmcreports/Drought_Situation_Summery_Report__on_2018__1520488049.pdf,4850
Situation Report - [PDF],2018-01-07,18:00,https://www.dmc.gov.lk/images/dmcreports/Situation_Report__on_2018__1520488077.pdf,4860
Drought Situation Report Summary - [PDF],2018-01-07,12:00,https://www.dmc.gov.lk/images/dmcreports/Drought_Situation_Report__Summary_on_2018__1520487940.pdf,4860
Situation Report - [PDF],2018-01-07,12:00,https://www.dmc.gov.lk/images/dmcreports/Situation_Report__on_2018__1520487989.pdf,4860
Drought Situation Report Summary - [PDF],2018-01-07,09:00,https://www.dmc.gov.lk/images/dmcreports/Drought_Situation_Report_Summary__on_2018__1520487870.pdf,4860
Situation Report - [PDF],2018-01-07,09:00,https://www.dmc.gov.lk/images/dmcreports/Situation_Report__on_2018__1520487893.pdf,4860
Drought Situation Report Summary - [PDF],2018-01-06,18:00,https://www.dmc.gov.lk/images/dmcreports/Drought_Situation_Report__on_2018__1520487738.pdf,4860
Situation Report - [PDF],2018-01-06,18:00,https://www.dmc.gov.lk/images/dmcreports/Situation_Report__on_2018__1520487764.pdf,4860
Drought Situation Report Summary - [PDF],2018-01-06,09:00,https://www.dmc.gov.lk/images/dmcreports/Drought_Situation_Report__on_2018__1520487536.pdf,4870
Situation Report - [PDF],2018-01-06,09:00,https://www.dmc.gov.lk/images/dmcreports/Situation_Report__on_2018__1520487559.pdf,4870
Drought Situation Report Summary - [PDF],2018-01-05,18:00,https://www.dmc.gov.lk/images/dmcreports/Drought_Situation_Report__on_2018__1520487414.pdf,4870
Situation Report - [PDF],2018-01-05,18:00,https://www.dmc.gov.lk/images/dmcreports/Situation_Report__on_2018__1520487437.pdf,4870
Drought Situation Report Summary - [PDF],2018-01-05,12:00,https://www.dmc.gov.lk/images/dmcreports/Drought_Situation_Report__on_2018__1520487267.pdf,4870
Situation Report - [PDF],2018-01-05,12:00,https://www.dmc.gov.lk/images/dmcreports/Situation_Report__on_2018__1520487292.pdf,4870
Drought Situation Report Summary - [PDF],2018-01-05,09:00,https://www.dmc.gov.lk/images/dmcreports/Drought_Situation_Report__on_2018__1520487172.pdf,4880
Situation Report - [PDF],2018-01-05,09:00,https://www.dmc.gov.lk/images/dmcreports/Situation_Report__on_2018__1520487199.pdf,4880
Drought Situation Report Summary - [PDF],2018-01-04,18:00,https://www.dmc.gov.lk/images/dmcreports/Drought_Situation_Report__on_2018__1520487079.pdf,4880
Situation Report - [PDF],2018-01-04,18:00,https://www.dmc.gov.lk/images/dmcreports/Situation_Report__on_2018__1520487108.pdf,4880
Drought Situation Report Summary - [PDF],2018-01-04,12:00,https://www.dmc.gov.lk/images/dmcreports/Drought_Situation_Report__on_2018__1520486998.pdf,4880
Situation Report - [PDF],2018-01-04,12:00,https://www.dmc.gov.lk/images/dmcreports/Situation_Report__on_2018__1520487025.pdf,4880
Drought Situation Report Summary - [PDF],2018-01-04,09:00,https://www.dmc.gov.lk/images/dmcreports/Drought_Situation_Report__on_2018__1520486903.pdf,4880
Situation Report - [PDF],2018-01-04,09:00,https://www.dmc.gov.lk/images/dmcreports/Situation_Report__on_2018__1520486937.pdf,4890
Drought Situation Report Summary - [PDF],2018-01-03,18:00,https://www.dmc.gov.lk/images/dmcreports/Drought_Situation_Report__on_2018__1520486781.pdf,4890
Situation Report - [PDF],2018-01-03,18:00,https://www.dmc.gov.lk/images/dmcreports/Situation_Report__on_2018__1520486806.pdf,4890
Drought Situation Report Summary - [PDF],2018-01-03,12:00,https://www.dmc.gov.lk/images/dmcreports/Drought_Situation_Report__on_2018__1520486706.pdf,4890
Situation Report - [PDF],2018-01-03,12:00,https://www.dmc.gov.lk/images/dmcreports/Situation_Report__on_2018__1520486729.pdf,4890
Drought Situation Report Summary - [PDF],2018-01-03,09:00,https://www.dmc.gov.lk/images/dmcreports/Drought_Situation_Report__on_2018__1520486584.pdf,4890
Situation Report - [PDF],2018-01-03,09:00,https://www.dmc.gov.lk/images/dmcreports/Situation_Report__on_2018__1520486628.pdf,4890
Drought Situation Report Summary - [PDF],2018-01-02,18:00,https://www.dmc.gov.lk/images/dmcreports/Drought_Situation_Report__on_2018__1520486416.pdf,4900
Situation Report - [PDF],2018-01-02,18:00,https://www.dmc.gov.lk/images/dmcreports/Situation_Report__on_2018__1520486448.pdf,4900
Drought Situation Report Summary - [PDF],2018-01-02,12:00,https://www.dmc.gov.lk/images/dmcreports/Drought_Situation_Report__on_2018__1520486293.pdf,4900
Situation Report - [PDF],2018-01-02,12:00,https://www.dmc.gov.lk/images/dmcreports/Situation_Report__on_2018__1520486356.pdf,4900
