availability_datetime,file_name,affected_people,target_next_affected_people,people_in_safety_centres,target_next_people_in_safety_centres
2023-01-02 06:00:00,situation_20230102_0600_dc5154e6.pdf,0.0,0.0,0.0,0.0
2023-01-03 06:00:00,situation_20230103_0600_43047f23.pdf,0.0,0.0,0.0,0.0
2023-01-03 18:00:00,situation_20230103_1800_a3820a14.pdf,0.0,0.0,0.0,0.0
2023-01-04 06:00:00,situation_20230104_0600_4df0e25e.pdf,0.0,0.0,0.0,0.0
2023-01-09 06:00:00,situation_20230109_0600_772367fb.pdf,0.0,9.0,0.0,0.0
2023-01-09 18:00:00,situation_20230109_1800_c933338a.pdf,9.0,9.0,0.0,0.0
2023-01-10 06:00:00,situation_20230110_0600_69a4eec8.pdf,9.0,203.0,0.0,0.0
2023-01-10 18:00:00,situation_20230110_1800_402c6ca0.pdf,203.0,203.0,0.0,0.0
2023-01-11 06:00:00,situation_20230111_0600_a8a19a5a.pdf,203.0,0.0,0.0,0.0
2023-01-11 18:00:00,situation_20230111_1800_3904df72.pdf,0.0,0.0,0.0,0.0
2023-01-12 06:00:00,situation_20230112_0600_5c115285.pdf,0.0,0.0,0.0,0.0
2023-01-12 18:00:00,situation_20230112_1800_b8077e1e.pdf,0.0,0.0,0.0,0.0
2023-01-13 06:00:00,situation_20230113_0600_99a7a706.pdf,0.0,0.0,0.0,0.0
2023-01-15 06:00:00,situation_20230115_0600_b35c9d4c.pdf,0.0,49.0,0.0,9.0
2023-01-16 18:00:00,situation_20230116_1800_0af578b6.pdf,49.0,49.0,9.0,9.0
2023-01-17 06:00:00,situation_20230117_0600_e2849096.pdf,49.0,8.0,9.0,0.0
2023-01-17 18:00:00,situation_20230117_1800_ae9b19ab.pdf,8.0,51.0,0.0,9.0
2023-01-18 18:00:00,situation_20230118_1800_73d32da8.pdf,51.0,51.0,9.0,9.0
2023-01-19 06:00:00,situation_20230119_0600_3bb3b71e.pdf,51.0,49.0,9.0,9.0
2023-01-20 06:00:00,situation_20230120_0600_6eb2fece.pdf,49.0,33.0,9.0,0.0
2023-01-20 18:00:00,situation_20230120_1800_e05abc21.pdf,33.0,33.0,0.0,0.0
2023-01-24 06:00:00,situation_20230124_0600_38fa3a35.pdf,0.0,16.0,0.0,0.0
2023-01-24 18:00:00,situation_20230124_1800_607b6102.pdf,16.0,0.0,0.0,0.0
2023-01-25 18:00:00,situation_20230125_1800_93a8e2e3.pdf,0.0,5.0,0.0,0.0
2023-01-26 18:00:00,situation_20230126_1800_3e95f5a1.pdf,5.0,16.0,0.0,0.0
2023-01-27 18:00:00,situation_20230127_1800_c4d06897.pdf,16.0,16.0,0.0,0.0
2023-01-28 06:00:00,situation_20230128_0600_1680e5d6.pdf,16.0,0.0,0.0,0.0
2023-01-28 18:00:00,situation_20230128_1800_a35b9fb4.pdf,0.0,11.0,0.0,0.0
2023-01-30 18:00:00,situation_20230130_1800_76705d62.pdf,11.0,0.0,0.0,0.0
2023-01-31 18:00:00,situation_20230131_1800_f81fd344.pdf,0.0,15.0,0.0,0.0
2023-02-01 18:00:00,situation_20230201_1800_8f104fa8.pdf,15.0,578.0,0.0,0.0
2023-02-02 18:00:00,situation_20230202_1800_d0a3209b.pdf,578.0,578.0,0.0,0.0
2023-02-03 06:00:00,situation_20230203_0600_16ccdd11.pdf,578.0,986.0,0.0,0.0
2023-02-03 18:00:00,situation_20230203_1800_df723938.pdf,986.0,986.0,0.0,0.0
2023-02-04 06:00:00,situation_20230204_0600_5fe4382a.pdf,986.0,1036.0,0.0,0.0
2023-02-04 18:00:00,situation_20230204_1800_98a685b0.pdf,1036.0,1038.0,0.0,0.0
2023-02-05 06:00:00,situation_20230205_0600_ff4876f7.pdf,1038.0,1038.0,0.0,0.0
2023-02-05 18:00:00,situation_20230205_1800_5a8cc6cb.pdf,1038.0,1038.0,0.0,0.0
2023-02-06 06:00:00,situation_20230206_0600_a480d8ce.pdf,1038.0,65.0,0.0,0.0
2023-02-06 18:00:00,situation_20230206_1800_e68937ca.pdf,65.0,37.0,0.0,0.0
2023-02-07 18:00:00,situation_20230207_1800_d0c12c35.pdf,37.0,37.0,0.0,0.0
2023-02-08 06:00:00,situation_20230208_0600_748c5a26.pdf,37.0,38.0,0.0,0.0
2023-02-08 18:00:00,situation_20230208_1800_489b0f59.pdf,38.0,5.0,0.0,0.0
2023-02-09 06:00:00,situation_20230209_0600_1dccf538.pdf,5.0,4.0,0.0,0.0
2023-02-09 18:00:00,situation_20230209_1800_47204481.pdf,4.0,4.0,0.0,0.0
2023-02-10 06:00:00,situation_20230210_0600_48203b09.pdf,4.0,0.0,0.0,0.0
2023-02-10 18:00:00,situation_20230210_1800_7ce9615d.pdf,0.0,0.0,0.0,0.0
2023-02-12 06:00:00,situation_20230212_0600_b90d0bcd.pdf,0.0,8.0,0.0,0.0
2023-02-13 18:00:00,situation_20230213_1800_8f72cf17.pdf,8.0,8.0,0.0,0.0
2023-02-14 05:30:00,situation_20230214_0530_a8a41bd3.pdf,8.0,0.0,0.0,0.0
2023-02-17 06:00:00,situation_20230217_0600_f22d006b.pdf,10.0,5.0,0.0,0.0
2023-02-17 18:00:00,situation_20230217_1800_4a4dd9c9.pdf,5.0,0.0,0.0,0.0
2023-02-21 18:00:00,situation_20230221_1800_693de2ca.pdf,1271.0,1271.0,33.0,33.0
2023-02-22 06:00:00,situation_20230222_0600_d48d7cce.pdf,1271.0,1274.0,33.0,33.0
2023-02-22 18:00:00,situation_20230222_1800_731a520d.pdf,1274.0,1192.0,33.0,33.0
2023-02-23 18:00:00,situation_20230223_1800_e0604234.pdf,1192.0,1192.0,33.0,33.0
2023-02-24 06:00:00,situation_20230224_0600_d5529797.pdf,1192.0,20.0,33.0,0.0
2023-02-26 06:00:00,situation_20230226_0600_2df64929.pdf,20.0,24.0,0.0,0.0
2023-02-27 06:00:00,situation_20230227_0600_2746f43c.pdf,24.0,160.0,0.0,0.0
2023-02-27 18:00:00,situation_20230227_1800_aab8255a.pdf,160.0,160.0,0.0,0.0
2023-02-28 06:00:00,situation_20230228_0600_c6003761.pdf,160.0,6.0,0.0,0.0
2023-02-28 18:00:00,situation_20230228_1800_8ded5ecc.pdf,6.0,6.0,0.0,0.0
2023-03-01 06:00:00,situation_20230301_0600_6bebdc34.pdf,6.0,28.0,0.0,0.0
2023-03-01 18:00:00,situation_20230301_1800_647a12bd.pdf,28.0,28.0,0.0,0.0
2023-03-02 06:00:00,situation_20230302_0600_2e25a498.pdf,28.0,19.0,0.0,0.0
2023-03-07 18:00:00,situation_20230307_1800_09a34879.pdf,49.0,0.0,0.0,0.0
2023-03-08 06:00:00,situation_20230308_0600_394a293f.pdf,0.0,24.0,0.0,0.0
2023-03-08 18:00:00,situation_20230308_1800_f0d3f36a.pdf,24.0,4.0,0.0,0.0
2023-03-09 18:00:00,situation_20230309_1800_c1196d0a.pdf,4.0,0.0,0.0,0.0
2023-03-10 06:00:00,situation_20230310_0600_403a7624.pdf,0.0,6.0,0.0,0.0
2023-03-10 18:00:00,situation_20230310_1800_c972ea45.pdf,6.0,0.0,0.0,0.0
2023-03-11 06:00:00,situation_20230311_0600_122438cf.pdf,0.0,0.0,0.0,0.0
2023-03-12 06:00:00,situation_20230312_0600_16302865.pdf,0.0,43.0,0.0,0.0
2023-03-13 18:00:00,situation_20230313_1800_a2cf9849.pdf,43.0,0.0,0.0,0.0
2023-03-14 06:00:00,situation_20230314_0600_7dd1d4be.pdf,0.0,5.0,0.0,0.0
2023-03-14 18:00:00,situation_20230314_1800_ff9dc89e.pdf,5.0,668.0,0.0,0.0
2023-03-16 06:00:00,situation_20230316_0600_cdb4ed0e.pdf,668.0,77.0,0.0,0.0
2023-03-20 06:00:00,situation_20230320_0600_8003601d.pdf,220.0,790.0,220.0,240.0
2023-03-20 18:00:00,situation_20230320_1800_b8a08ef2.pdf,790.0,790.0,240.0,240.0
2023-03-21 06:00:00,situation_20230321_0600_6db3ffbf.pdf,790.0,808.0,240.0,240.0
2023-03-21 18:00:00,situation_20230321_1800_1847176f.pdf,808.0,808.0,240.0,240.0
2023-03-22 06:00:00,situation_20230322_0600_43a140e7.pdf,808.0,775.0,240.0,240.0
2023-03-23 18:00:00,situation_20230323_1800_8b44bce0.pdf,775.0,775.0,240.0,240.0
2023-03-24 06:00:00,situation_20230324_0600_db62cf18.pdf,775.0,879.0,240.0,242.0
2023-03-24 18:00:00,situation_20230324_1800_67dca0a8.pdf,879.0,879.0,242.0,242.0
2023-03-25 06:00:00,situation_20230325_0600_f64cc32c.pdf,879.0,879.0,242.0,242.0
2023-03-25 18:00:00,situation_20230325_1800_8da5aab5.pdf,879.0,879.0,242.0,242.0
2023-03-26 06:00:00,situation_20230326_0600_ad2e58a8.pdf,879.0,879.0,242.0,242.0
2023-03-27 06:00:00,situation_20230327_0600_9293724a.pdf,879.0,558.0,242.0,242.0
2023-03-28 06:00:00,situation_20230328_0600_014fc8fe.pdf,558.0,304.0,242.0,242.0
2023-03-28 18:00:00,situation_20230328_1800_8e7d9ad2.pdf,304.0,304.0,242.0,242.0
2023-03-29 06:00:00,situation_20230329_0600_d099ff02.pdf,304.0,879.0,242.0,242.0
2023-03-29 18:00:00,situation_20230329_1800_813e1e95.pdf,879.0,246.0,242.0,242.0
2023-03-30 18:00:00,situation_20230330_1800_1ac1767d.pdf,246.0,289.0,242.0,242.0
2023-03-31 06:00:00,situation_20230331_0600_10014e15.pdf,289.0,361.0,242.0,242.0
2023-03-31 18:00:00,situation_20230331_1800_ce71db6c.pdf,361.0,242.0,242.0,242.0
2023-04-01 18:00:00,situation_20230401_1800_01169914.pdf,242.0,242.0,242.0,242.0
2023-04-02 06:00:00,situation_20230402_0600_6eb9346d.pdf,242.0,242.0,242.0,242.0
2023-04-03 06:00:00,situation_20230403_0600_5667f989.pdf,242.0,1083.0,242.0,242.0
2023-04-03 18:00:00,situation_20230403_1800_a05a0c30.pdf,1083.0,731.0,242.0,242.0
2023-04-04 18:00:00,situation_20230404_1800_6b62cad4.pdf,731.0,731.0,242.0,242.0
2023-04-05 06:00:00,situation_20230405_0600_ae9d24aa.pdf,731.0,314.0,242.0,242.0
2023-04-05 18:00:00,situation_20230405_1800_36a15098.pdf,314.0,314.0,242.0,242.0
2023-04-06 06:00:00,situation_20230406_0600_ef73b44e.pdf,314.0,442.0,242.0,242.0
2023-04-06 18:00:00,situation_20230406_1800_43a2cd2d.pdf,442.0,442.0,242.0,242.0
2023-04-07 06:00:00,situation_20230407_0600_797f775d.pdf,442.0,538.0,242.0,242.0
2023-04-07 18:00:00,situation_20230407_1800_d5702f5d.pdf,538.0,646.0,242.0,242.0
2023-04-09 06:00:00,situation_20230409_0600_5de21188.pdf,646.0,646.0,242.0,242.0
2023-04-09 18:00:00,situation_20230409_1800_7a6c02ff.pdf,646.0,646.0,242.0,242.0
2023-04-10 06:00:00,situation_20230410_0600_8f8987d9.pdf,646.0,921.0,242.0,242.0
2023-04-10 18:00:00,situation_20230410_1800_9c9479c4.pdf,921.0,921.0,242.0,242.0
2023-04-11 06:00:00,situation_20230411_0600_0537015d.pdf,921.0,752.0,242.0,240.0
2023-04-11 18:00:00,situation_20230411_1800_c4f4abf1.pdf,752.0,756.0,240.0,240.0
2023-04-12 06:00:00,situation_20230412_0600_bcbad21f.pdf,756.0,751.0,240.0,240.0
2023-04-12 18:00:00,situation_20230412_1800_69ce43ce.pdf,751.0,751.0,240.0,240.0
2023-04-13 18:00:00,situation_20230413_1800_fc4f8b47.pdf,751.0,753.0,240.0,240.0
2023-04-18 06:00:00,situation_20230418_0600_d5d29293.pdf,12083.0,12218.0,240.0,240.0
2023-04-18 18:00:00,situation_20230418_1800_a3b5b367.pdf,12218.0,11942.0,240.0,240.0
2023-04-19 18:00:00,situation_20230419_1800_cb0aa182.pdf,11942.0,11950.0,240.0,240.0
2023-04-20 18:00:00,situation_20230420_1800_15116e45.pdf,11950.0,11919.0,240.0,240.0
2023-04-21 18:00:00,situation_20230421_1800_9f0b34b1.pdf,11919.0,11919.0,240.0,240.0
2023-04-22 06:00:00,situation_20230422_0600_9fb27a62.pdf,11919.0,11873.0,240.0,240.0
2023-04-22 18:00:00,situation_20230422_1800_238e9413.pdf,11873.0,12392.0,240.0,270.0
2023-04-23 06:00:00,situation_20230423_0600_4f2fb9d1.pdf,12392.0,11918.0,270.0,240.0
2023-04-23 18:00:00,situation_20230423_1800_9113d949.pdf,11918.0,11918.0,240.0,240.0
2023-04-24 06:00:00,situation_20230424_0600_7b38d6ce.pdf,11918.0,21190.0,240.0,480.0
2023-04-24 18:00:00,situation_20230424_1800_e14f1b23.pdf,21190.0,20950.0,480.0,240.0
2023-04-25 06:00:00,situation_20230425_0600_8e45345e.pdf,20950.0,21740.0,240.0,240.0
2023-04-25 18:00:00,situation_20230425_1800_edb700c4.pdf,21740.0,21740.0,240.0,240.0
2023-04-26 06:00:00,situation_20230426_0600_098fe6c2.pdf,21740.0,22191.0,240.0,270.0
2023-04-26 18:00:00,situation_20230426_1800_4d729506.pdf,22191.0,22191.0,270.0,270.0
2023-04-27 06:00:00,situation_20230427_0600_4534ed70.pdf,22191.0,21667.0,270.0,270.0
2023-04-27 18:00:00,situation_20230427_1800_d9c6f5b0.pdf,21667.0,21667.0,270.0,270.0
2023-04-28 06:00:00,situation_20230428_0600_fa745f40.pdf,21667.0,21532.0,270.0,270.0
2023-04-28 18:00:00,situation_20230428_1800_7f937be8.pdf,21532.0,21561.0,270.0,270.0
2023-04-29 06:00:00,situation_20230429_0600_2a803c8f.pdf,21561.0,11868.0,270.0,240.0
2023-04-30 18:00:00,situation_20230430_1800_8a80c13c.pdf,11868.0,11868.0,240.0,240.0
2023-05-01 06:00:00,situation_20230501_0600_7bc5a844.pdf,11868.0,11868.0,240.0,240.0
2023-05-01 18:00:00,situation_20230501_1800_e265f158.pdf,11868.0,11868.0,240.0,240.0
2023-05-02 06:00:00,situation_20230502_0600_5e93f889.pdf,11868.0,265.0,240.0,240.0
2023-05-02 18:00:00,situation_20230502_1800_5b13c8ca.pdf,265.0,265.0,240.0,240.0
2023-05-03 06:00:00,situation_20230503_0600_8c529f33.pdf,265.0,660.0,240.0,242.0
2023-05-03 18:00:00,situation_20230503_1800_9f6df2cc.pdf,660.0,679.0,242.0,242.0
2023-05-04 18:00:00,situation_20230504_1800_c3aabcd4.pdf,679.0,679.0,242.0,242.0
2023-05-05 06:00:00,situation_20230505_0600_63dacacf.pdf,679.0,9276.0,242.0,242.0
2023-05-05 18:00:00,situation_20230505_1800_52e05cc8.pdf,9276.0,9276.0,242.0,242.0
2023-05-06 06:00:00,situation_20230506_0600_aa03a76d.pdf,9276.0,6345.0,242.0,242.0
2023-05-07 18:00:00,situation_20230507_1800_8f3aef0e.pdf,6345.0,6349.0,242.0,242.0
2023-05-08 06:00:00,situation_20230508_0600_ada7a333.pdf,6349.0,6777.0,242.0,283.0
2023-05-08 18:00:00,situation_20230508_1800_c4daf8e9.pdf,6777.0,5347.0,283.0,330.0
2023-05-09 06:00:00,situation_20230509_0600_9c68e4d2.pdf,5347.0,2055.0,330.0,307.0
2023-05-09 18:00:00,situation_20230509_1800_74ffe2fc.pdf,2055.0,2055.0,307.0,307.0
2023-05-10 06:00:00,situation_20230510_0600_3f42a269.pdf,2055.0,2115.0,307.0,283.0
2023-05-10 18:00:00,situation_20230510_1800_26315d7c.pdf,2115.0,2115.0,283.0,283.0
2023-05-11 06:00:00,situation_20230511_0600_13305937.pdf,2115.0,2189.0,283.0,283.0
2023-05-11 18:00:00,situation_20230511_1800_785e707b.pdf,2189.0,2189.0,283.0,283.0
2023-05-12 06:00:00,situation_20230512_0600_b027c6d2.pdf,2189.0,2270.0,283.0,283.0
2023-05-12 18:00:00,situation_20230512_1800_4dd3f240.pdf,2270.0,2275.0,283.0,283.0
2023-05-13 18:00:00,situation_20230513_1800_3454b473.pdf,2275.0,137.0,283.0,0.0
2023-05-14 18:00:00,situation_20230514_1800_af9f8da2.pdf,137.0,1872.0,0.0,0.0
2023-05-15 06:00:00,situation_20230515_0600_1114727a.pdf,1872.0,6564.0,0.0,0.0
2023-05-15 18:00:00,situation_20230515_1800_9ad29238.pdf,6564.0,10055.0,0.0,0.0
2023-05-16 06:00:00,situation_20230516_0600_3547c220.pdf,10055.0,14986.0,0.0,0.0
2023-05-16 18:00:00,situation_20230516_1800_c40edb4b.pdf,14986.0,14986.0,0.0,0.0
2023-05-17 06:00:00,situation_20230517_0600_e023a83b.pdf,14986.0,10445.0,0.0,0.0
2023-05-17 18:00:00,situation_20230517_1800_efebb53d.pdf,10445.0,10443.0,0.0,0.0
2023-05-18 06:00:00,situation_20230518_0600_cd319f03.pdf,10443.0,1514.0,0.0,0.0
2023-05-18 18:00:00,situation_20230518_1800_19f0bdec.pdf,1514.0,1514.0,0.0,0.0
2023-05-19 06:00:00,situation_20230519_0600_ebcbad2f.pdf,1514.0,52.0,0.0,0.0
2023-05-19 18:00:00,situation_20230519_1800_ccc5895c.pdf,52.0,10.0,0.0,0.0
2023-05-20 18:00:00,situation_20230520_1800_073cbd6b.pdf,10.0,10.0,0.0,0.0
2023-05-21 06:00:00,situation_20230521_0600_94487067.pdf,10.0,179.0,0.0,0.0
2023-05-22 06:00:00,situation_20230522_0600_70e4f5da.pdf,179.0,52.0,0.0,0.0
2023-05-22 18:00:00,situation_20230522_1800_1e4a48e7.pdf,52.0,52.0,0.0,0.0
2023-05-23 06:00:00,situation_20230523_0600_354c9eab.pdf,52.0,0.0,0.0,0.0
2023-05-23 18:00:00,situation_20230523_1800_35ef0a39.pdf,0.0,0.0,0.0,0.0
2023-05-24 06:00:00,situation_20230524_0600_e8cb289e.pdf,0.0,40.0,0.0,0.0
2023-05-24 18:00:00,situation_20230524_1800_8354e460.pdf,40.0,4.0,0.0,0.0
2023-05-25 18:00:00,situation_20230525_1800_45d7387d.pdf,4.0,4.0,0.0,0.0
2023-05-26 18:00:00,situation_20230526_1800_459c81c4.pdf,4.0,0.0,0.0,0.0
2023-05-28 06:00:00,situation_20230528_0600_c98a75bc.pdf,0.0,0.0,0.0,0.0
2023-05-28 18:00:00,situation_20230528_1800_a1c80965.pdf,0.0,0.0,0.0,0.0
2023-05-29 06:00:00,situation_20230529_0600_b2d17cc0.pdf,0.0,40.0,0.0,0.0
2023-05-29 18:00:00,situation_20230529_1800_6bc974cc.pdf,40.0,48.0,0.0,0.0
2023-05-30 18:00:00,situation_20230530_1800_786ea9bb.pdf,48.0,44.0,0.0,0.0
2023-05-31 18:00:00,situation_20230531_1800_a147e152.pdf,44.0,0.0,0.0,0.0
2023-06-01 06:00:00,situation_20230601_0600_a8ab0fe4.pdf,0.0,2.0,0.0,0.0
2023-06-01 18:00:00,situation_20230601_1800_201f0c44.pdf,2.0,0.0,0.0,0.0
2023-06-02 06:00:00,situation_20230602_0600_ac63e4e9.pdf,0.0,149.0,0.0,0.0
2023-06-02 18:00:00,situation_20230602_1800_eac26723.pdf,149.0,149.0,0.0,0.0
2023-06-03 06:00:00,situation_20230603_0600_a90d41b6.pdf,149.0,149.0,0.0,0.0
2023-06-03 18:00:00,situation_20230603_1800_48affaae.pdf,149.0,149.0,0.0,0.0
2023-06-04 06:00:00,situation_20230604_0600_8783a7dd.pdf,149.0,165.0,0.0,0.0
2023-06-04 18:00:00,situation_20230604_1800_5266ea45.pdf,165.0,165.0,0.0,0.0
2023-06-05 06:00:00,situation_20230605_0600_cda99677.pdf,165.0,413.0,0.0,0.0
2023-06-05 18:00:00,situation_20230605_1800_60b7cb2c.pdf,413.0,423.0,0.0,0.0
2023-06-06 06:00:00,situation_20230606_0600_1ea87a91.pdf,423.0,778.0,0.0,0.0
2023-06-06 18:00:00,situation_20230606_1800_c0b593b8.pdf,778.0,778.0,0.0,0.0
2023-06-07 06:00:00,situation_20230607_0600_3f1413b6.pdf,778.0,561.0,0.0,0.0
2023-06-07 18:00:00,situation_20230607_1800_bdd96df9.pdf,561.0,561.0,0.0,0.0
2023-06-08 06:00:00,situation_20230608_0600_67f0429e.pdf,561.0,762.0,0.0,0.0
2023-06-08 18:00:00,situation_20230608_1800_5ca8e75b.pdf,762.0,762.0,0.0,0.0
2023-06-09 06:00:00,situation_20230609_0600_39bc1a74.pdf,762.0,36.0,0.0,0.0
2023-06-12 06:00:00,situation_20230612_0600_ec0e2760.pdf,27.0,99.0,0.0,0.0
2023-06-12 18:00:00,situation_20230612_1800_9c9ee67e.pdf,99.0,579.0,0.0,0.0
2023-06-13 18:00:00,situation_20230613_1800_977e2585.pdf,579.0,78.0,0.0,0.0
2023-06-14 18:00:00,situation_20230614_1800_fec2c479.pdf,78.0,21.0,0.0,0.0
2023-06-23 18:00:00,situation_20230623_1800_75bd691c.pdf,13444.0,13444.0,0.0,0.0
2023-06-24 18:00:00,situation_20230624_1800_e6ec0509.pdf,13444.0,13453.0,0.0,0.0
2023-06-26 18:00:00,situation_20230626_1800_3e753b33.pdf,13453.0,13464.0,0.0,0.0
2023-06-27 18:00:00,situation_20230627_1800_9ca379b9.pdf,13464.0,13464.0,0.0,0.0
2023-06-28 06:00:00,situation_20230628_0600_806dae89.pdf,13464.0,13458.0,0.0,0.0
2023-06-28 18:00:00,situation_20230628_1800_88f273ab.pdf,13458.0,13444.0,0.0,0.0
2023-06-29 06:00:00,situation_20230629_0600_2b6b3d87.pdf,13444.0,13444.0,0.0,0.0
2023-06-30 00:00:00,situation_20230630_unknown_5b081288.pdf,13444.0,13475.0,0.0,0.0
2023-06-30 18:00:00,situation_20230630_1800_64907388.pdf,13475.0,13444.0,0.0,0.0
2023-07-01 06:00:00,situation_20230701_0600_356e204a.pdf,13444.0,13449.0,0.0,0.0
2023-07-01 18:00:00,situation_20230701_1800_c921a432.pdf,13449.0,13444.0,0.0,0.0
2023-07-02 06:00:00,situation_20230702_0600_efda53d9.pdf,13444.0,13444.0,0.0,0.0
2023-07-02 18:00:00,situation_20230702_1800_848c14d6.pdf,13444.0,13448.0,0.0,0.0
2023-07-03 18:00:00,situation_20230703_1800_59b09091.pdf,13448.0,188.0,0.0,0.0
2023-07-04 18:00:00,situation_20230704_1800_4f7b4f58.pdf,188.0,188.0,0.0,0.0
2023-07-05 06:00:00,situation_20230705_0600_8d3580c8.pdf,188.0,2224.0,0.0,121.0
2023-07-05 18:00:00,situation_20230705_1800_fae5b387.pdf,2224.0,2242.0,121.0,121.0
2023-07-06 06:00:00,situation_20230706_0600_6c17cc58.pdf,2242.0,4630.0,121.0,141.0
2023-07-06 18:00:00,situation_20230706_1800_f2eeff3b.pdf,4630.0,4631.0,141.0,141.0
2023-07-07 12:00:00,situation_20230707_1200_3d244300.pdf,4631.0,6087.0,141.0,141.0
2023-07-07 18:00:00,situation_20230707_1800_6065aef3.pdf,6087.0,6087.0,141.0,141.0
2023-07-08 06:00:00,situation_20230708_0600_ea024546.pdf,6087.0,238.0,141.0,141.0
2023-07-09 18:00:00,situation_20230709_1800_6efaa16e.pdf,238.0,494.0,141.0,75.0
2023-07-10 18:00:00,situation_20230710_1800_1d566816.pdf,494.0,494.0,75.0,75.0
2023-07-11 06:00:00,situation_20230711_0600_b83483eb.pdf,494.0,501.0,75.0,75.0
2023-07-11 18:00:00,situation_20230711_1800_8a609f50.pdf,501.0,82.0,75.0,75.0
2023-07-12 06:00:00,situation_20230712_0600_101f5e22.pdf,82.0,91.0,75.0,75.0
2023-07-12 18:00:00,situation_20230712_1800_b61cd6ac.pdf,91.0,91.0,75.0,75.0
2023-07-13 06:00:00,situation_20230713_0600_7837bd83.pdf,91.0,87.0,75.0,75.0
2023-07-13 18:00:00,situation_20230713_1800_faea58a8.pdf,87.0,19933.0,75.0,75.0
2023-07-14 18:00:00,situation_20230714_1800_326131f8.pdf,19933.0,75.0,75.0,75.0
2023-07-15 18:00:00,situation_20230715_1800_f6f38498.pdf,75.0,75.0,75.0,75.0
2023-07-16 06:00:00,situation_20230716_0600_9f678c03.pdf,75.0,75.0,75.0,75.0
2023-07-16 18:00:00,situation_20230716_1800_914abf64.pdf,75.0,85.0,75.0,75.0
2023-07-17 18:00:00,situation_20230717_1800_0ddab1c8.pdf,85.0,92.0,75.0,75.0
2023-07-18 06:00:00,situation_20230718_0600_2919d45d.pdf,92.0,75.0,75.0,75.0
2023-07-20 06:00:00,situation_20230720_0600_f580a48c.pdf,75.0,17.0,75.0,0.0
2023-07-20 18:00:00,situation_20230720_1800_5ed58217.pdf,17.0,0.0,0.0,0.0
2023-07-22 06:00:00,situation_20230722_0600_81be6202.pdf,0.0,0.0,0.0,0.0
2023-07-23 18:00:00,situation_20230723_1800_59b5f6fc.pdf,0.0,0.0,0.0,0.0
2023-07-24 06:00:00,situation_20230724_0600_beb9d431.pdf,0.0,150.0,0.0,0.0
2023-07-24 18:00:00,situation_20230724_1800_f16ee9a0.pdf,150.0,29.0,0.0,0.0
2023-07-25 18:00:00,situation_20230725_1800_d568c410.pdf,29.0,0.0,0.0,0.0
2023-07-26 06:00:00,situation_20230726_0600_36426eb1.pdf,0.0,950.0,0.0,65.0
2023-07-26 18:00:00,situation_20230726_1800_207e7bdf.pdf,950.0,950.0,65.0,65.0
2023-08-04 18:00:00,situation_20230804_1800_5cac01eb.pdf,89485.0,89480.0,0.0,0.0
2023-08-05 18:00:00,situation_20230805_1800_6d3a6e10.pdf,89480.0,89480.0,0.0,0.0
2023-08-06 18:00:00,situation_20230806_1800_80037d54.pdf,89480.0,89480.0,0.0,0.0
2023-08-07 06:00:00,situation_20230807_0600_a788e13f.pdf,89480.0,92731.0,0.0,0.0
2023-08-07 18:00:00,situation_20230807_1800_e1e7098f.pdf,92731.0,93175.0,0.0,0.0
2023-08-08 18:00:00,situation_20230808_1800_f0532606.pdf,93175.0,93164.0,0.0,0.0
2023-08-09 06:00:00,situation_20230809_0600_1134ecb9.pdf,93164.0,97579.0,0.0,0.0
2023-08-09 18:00:00,situation_20230809_1800_84669402.pdf,97579.0,99599.0,0.0,0.0
2023-08-10 18:00:00,situation_20230810_1800_070f164c.pdf,99599.0,163111.0,0.0,0.0
2023-08-11 18:00:00,situation_20230811_1800_443805f8.pdf,163111.0,168147.0,0.0,0.0
2023-08-12 18:00:00,situation_20230812_1800_3516ab05.pdf,168147.0,171781.0,0.0,0.0
2023-08-13 06:00:00,situation_20230813_0600_cd292c64.pdf,171781.0,171781.0,0.0,0.0
2023-08-13 18:00:00,situation_20230813_1800_85fbc616.pdf,171781.0,171781.0,0.0,0.0
2023-08-14 06:00:00,situation_20230814_0600_0cd325fc.pdf,171781.0,174009.0,0.0,0.0
2023-08-14 18:00:00,situation_20230814_1800_c3a0f3fe.pdf,174009.0,183050.0,0.0,0.0
2023-08-15 18:00:00,situation_20230815_1800_0ac8f571.pdf,183050.0,183050.0,0.0,0.0
2023-08-16 06:00:00,situation_20230816_0600_3f75cbf7.pdf,183050.0,183038.0,0.0,0.0
2023-08-16 18:00:00,situation_20230816_1800_e0964b46.pdf,183038.0,183038.0,0.0,0.0
2023-08-17 06:00:00,situation_20230817_0600_f7dea7ae.pdf,183038.0,210652.0,0.0,0.0
2023-08-17 18:00:00,situation_20230817_1800_0cd755ae.pdf,210652.0,210652.0,0.0,0.0
2023-08-18 06:00:00,situation_20230818_0600_9bba4f58.pdf,210652.0,210798.0,0.0,0.0
2023-08-18 18:00:00,situation_20230818_1800_5002a8cc.pdf,210798.0,210798.0,0.0,0.0
2023-08-19 18:00:00,situation_20230819_1800_8c70a4df.pdf,210798.0,210798.0,0.0,0.0
2023-08-20 06:00:00,situation_20230820_0600_9d49d0f2.pdf,210798.0,210790.0,0.0,0.0
2023-08-20 18:00:00,situation_20230820_1800_733e9e71.pdf,210790.0,210790.0,0.0,0.0
2023-08-21 06:00:00,situation_20230821_0600_6ce1492c.pdf,210790.0,248531.0,0.0,0.0
2023-08-21 18:00:00,situation_20230821_1800_1cd33808.pdf,248531.0,248531.0,0.0,0.0
2023-08-22 06:00:00,situation_20230822_0600_62a0c9be.pdf,248531.0,279739.0,0.0,0.0
2023-08-22 18:00:00,situation_20230822_1800_affb046b.pdf,279739.0,280247.0,0.0,0.0
2023-08-23 18:00:00,situation_20230823_1800_88908493.pdf,280247.0,280230.0,0.0,0.0
2023-08-24 06:00:00,situation_20230824_0600_63aa9ed6.pdf,280230.0,280230.0,0.0,0.0
2023-08-25 06:00:00,situation_20230825_0600_a9640630.pdf,280230.0,280400.0,0.0,0.0
2023-08-25 18:00:00,situation_20230825_1800_5a8d2eae.pdf,280400.0,291720.0,0.0,0.0
2023-08-26 06:00:00,situation_20230826_0600_9c586134.pdf,291720.0,291720.0,0.0,0.0
2023-08-26 18:00:00,situation_20230826_1800_2442af55.pdf,291720.0,291720.0,0.0,0.0
2023-08-27 06:00:00,situation_20230827_0600_3d605c61.pdf,291720.0,291729.0,0.0,0.0
2023-08-27 18:00:00,situation_20230827_1800_b3380edf.pdf,291729.0,291715.0,0.0,0.0
2023-08-28 06:00:00,situation_20230828_0600_74cf4fa1.pdf,291715.0,291804.0,0.0,0.0
2023-08-28 18:00:00,situation_20230828_1800_0454c15a.pdf,291804.0,291804.0,0.0,0.0
2023-08-29 06:00:00,situation_20230829_0600_3cbc6ecf.pdf,291804.0,306934.0,0.0,0.0
2023-08-29 18:00:00,situation_20230829_1800_88c967ba.pdf,306934.0,306934.0,0.0,0.0
2023-08-30 06:00:00,situation_20230830_0600_315f5b53.pdf,306934.0,306934.0,0.0,0.0
2023-08-30 18:00:00,situation_20230830_1800_0a618dff.pdf,306934.0,306934.0,0.0,0.0
2023-08-31 06:00:00,situation_20230831_0600_710d4501.pdf,306934.0,312316.0,0.0,0.0
2023-08-31 18:00:00,situation_20230831_1800_2876216b.pdf,312316.0,279892.0,0.0,0.0
2023-09-01 18:00:00,situation_20230901_1800_dd2384eb.pdf,279892.0,279892.0,0.0,0.0
2023-09-02 18:00:00,situation_20230902_1800_666200e9.pdf,279892.0,62.0,0.0,0.0
2023-09-03 18:00:00,situation_20230903_1800_ded2d8fc.pdf,62.0,98.0,0.0,0.0
2023-09-04 06:00:00,situation_20230904_0600_2707b1aa.pdf,98.0,6049.0,0.0,0.0
2023-09-04 18:00:00,situation_20230904_1800_ed58b2a0.pdf,6049.0,6049.0,0.0,0.0
2023-09-05 06:00:00,situation_20230905_0600_7052ceaf.pdf,6049.0,5806.0,0.0,0.0
2023-09-05 18:00:00,situation_20230905_1800_595a2920.pdf,5806.0,5958.0,0.0,0.0
2023-09-06 06:00:00,situation_20230906_0600_19f574fa.pdf,5958.0,5994.0,0.0,0.0
2023-09-06 18:00:00,situation_20230906_1800_4cc11950.pdf,5994.0,6285.0,0.0,0.0
2023-09-07 18:00:00,situation_20230907_1800_043faa1b.pdf,6285.0,6333.0,0.0,0.0
2023-09-08 18:00:00,situation_20230908_1800_f5da3f8a.pdf,6333.0,6355.0,0.0,0.0
2023-09-09 06:00:00,situation_20230909_0600_60d0f4e5.pdf,6355.0,6370.0,0.0,0.0
2023-09-09 18:00:00,situation_20230909_1800_41816b38.pdf,6370.0,6370.0,0.0,0.0
2023-09-10 06:00:00,situation_20230910_0600_759f79f9.pdf,6370.0,6385.0,0.0,0.0
2023-09-10 18:00:00,situation_20230910_1800_e96eba08.pdf,6385.0,6385.0,0.0,0.0
2023-09-11 06:00:00,situation_20230911_0600_43fd8088.pdf,6385.0,38.0,0.0,0.0
2023-09-11 18:00:00,situation_20230911_1800_c200c4cf.pdf,38.0,38.0,0.0,0.0
2023-09-12 06:00:00,situation_20230912_0600_b12e2151.pdf,38.0,85.0,0.0,0.0
2023-09-12 18:00:00,situation_20230912_1800_5b87e957.pdf,85.0,85.0,0.0,0.0
2023-09-13 06:00:00,situation_20230913_0600_4442e8ae.pdf,85.0,154.0,0.0,0.0
2023-09-13 18:00:00,situation_20230913_1800_16b74994.pdf,154.0,154.0,0.0,0.0
2023-09-14 06:00:00,situation_20230914_0600_ee6a2835.pdf,154.0,38.0,0.0,0.0
2023-09-14 18:00:00,situation_20230914_1800_0d023a51.pdf,38.0,38.0,0.0,0.0
2023-09-15 06:00:00,situation_20230915_0600_6ed481ae.pdf,38.0,221.0,0.0,0.0
2023-09-15 18:00:00,situation_20230915_1800_69de3e4f.pdf,221.0,221.0,0.0,0.0
2023-09-16 06:00:00,situation_20230916_0600_0bf778cf.pdf,221.0,0.0,0.0,0.0
2023-09-16 18:00:00,situation_20230916_1800_9c876233.pdf,0.0,4.0,0.0,0.0
2023-09-17 18:00:00,situation_20230917_1800_d314412f.pdf,4.0,0.0,0.0,0.0
2023-09-18 06:00:00,situation_20230918_0600_04c56989.pdf,0.0,48.0,0.0,0.0
2023-09-18 18:00:00,situation_20230918_1800_33c9e357.pdf,48.0,13.0,0.0,0.0
2023-09-19 18:00:00,situation_20230919_1800_a5d947dd.pdf,13.0,13.0,0.0,0.0
2023-09-20 06:00:00,situation_20230920_0600_6b584a84.pdf,13.0,81.0,0.0,0.0
2023-09-20 18:00:00,situation_20230920_1800_3377cf96.pdf,81.0,81.0,0.0,0.0
2023-09-21 06:00:00,situation_20230921_0600_92458381.pdf,81.0,10.0,0.0,0.0
2023-09-21 18:00:00,situation_20230921_1800_5eac127c.pdf,10.0,22.0,0.0,0.0
2023-09-22 18:00:00,situation_20230922_1800_b40487df.pdf,22.0,22.0,0.0,0.0
2023-09-23 06:00:00,situation_20230923_0600_05f3a74c.pdf,22.0,22.0,0.0,0.0
2023-09-23 18:00:00,situation_20230923_1800_d2cc879e.pdf,22.0,25.0,0.0,0.0
2023-09-24 06:00:00,situation_20230924_0600_5ddf7870.pdf,25.0,24.0,0.0,0.0
2023-09-25 18:00:00,situation_20230925_1800_bf799648.pdf,24.0,53.0,0.0,0.0
2023-09-26 18:00:00,situation_20230926_1800_d635a443.pdf,53.0,0.0,0.0,0.0
2023-09-27 06:00:00,situation_20230927_0600_14d30e8d.pdf,0.0,0.0,0.0,0.0
2023-09-28 06:00:00,situation_20230928_0600_2e09bd18.pdf,0.0,132.0,0.0,0.0
2023-09-28 18:00:00,situation_20230928_1800_5f1d7c97.pdf,132.0,135.0,0.0,0.0
2023-09-29 06:00:00,situation_20230929_0600_d92f9336.pdf,135.0,644.0,0.0,0.0
2023-09-29 18:00:00,situation_20230929_1800_b587f09f.pdf,644.0,644.0,0.0,0.0
2023-09-30 06:00:00,situation_20230930_0600_670d013f.pdf,644.0,5051.0,0.0,0.0
2023-09-30 18:00:00,situation_20230930_1800_5f63d5d4.pdf,5051.0,5051.0,0.0,0.0
2023-10-01 06:00:00,situation_20231001_0600_f4426568.pdf,5051.0,15496.0,0.0,147.0
2023-10-01 18:00:00,situation_20231001_1800_6806f351.pdf,15496.0,15496.0,147.0,147.0
2023-10-02 06:00:00,situation_20231002_0600_c031922e.pdf,15496.0,25863.0,147.0,124.0
2023-10-02 18:00:00,situation_20231002_1800_629d46f1.pdf,25863.0,25863.0,124.0,124.0
2023-10-03 06:00:00,situation_20231003_0600_44f661fb.pdf,25863.0,30353.0,124.0,434.0
2023-10-03 18:00:00,situation_20231003_1800_71611880.pdf,30353.0,34827.0,434.0,434.0
2023-10-04 06:00:00,situation_20231004_0600_3fc61dbd.pdf,34827.0,47963.0,434.0,930.0
2023-10-04 18:00:00,situation_20231004_1800_6d4a38b8.pdf,47963.0,48821.0,930.0,930.0
2023-10-05 06:00:00,situation_20231005_0600_f0f384be.pdf,48821.0,55780.0,930.0,1473.0
2023-10-05 18:00:00,situation_20231005_1800_81326948.pdf,55780.0,55780.0,1473.0,1473.0
2023-10-06 06:00:00,situation_20231006_0600_9f684dc4.pdf,55780.0,53399.0,1473.0,1556.0
2023-10-06 18:00:00,situation_20231006_1800_8e2770f4.pdf,53399.0,53399.0,1556.0,1556.0
2023-10-07 06:00:00,situation_20231007_0600_1f75ff63.pdf,53399.0,54436.0,1556.0,788.0
2023-10-07 18:00:00,situation_20231007_1800_fa8135b6.pdf,54436.0,54440.0,788.0,781.0
2023-10-08 06:00:00,situation_20231008_0600_ba59071e.pdf,54440.0,71320.0,781.0,1910.0
2023-10-08 18:00:00,situation_20231008_1800_2719472b.pdf,71320.0,75734.0,1910.0,3870.0
2023-10-09 06:00:00,situation_20231009_0600_3deb4c93.pdf,75734.0,46052.0,3870.0,3455.0
2023-10-09 18:00:00,situation_20231009_1800_8d7d02f4.pdf,46052.0,46060.0,3455.0,3455.0
2023-10-10 06:00:00,situation_20231010_0600_54fc119d.pdf,46060.0,20957.0,3455.0,1056.0
2023-10-10 18:00:00,situation_20231010_1800_93627e94.pdf,20957.0,20957.0,1056.0,1056.0
2023-10-11 06:00:00,situation_20231011_0600_b1de019f.pdf,20957.0,19328.0,1056.0,1023.0
2023-10-11 18:00:00,situation_20231011_1800_d85fbca0.pdf,19328.0,18394.0,1023.0,814.0
2023-10-12 06:00:00,situation_20231012_0600_91a1a5fb.pdf,18394.0,17950.0,814.0,814.0
2023-10-12 18:00:00,situation_20231012_1800_2224e172.pdf,17950.0,18013.0,814.0,823.0
2023-10-13 09:00:00,situation_20231013_0900_585f9217.pdf,18013.0,18043.0,823.0,823.0
2023-10-13 18:00:00,situation_20231013_1800_fec7253a.pdf,18043.0,8895.0,823.0,586.0
2023-10-14 09:00:00,situation_20231014_0900_3dbbad52.pdf,8895.0,8974.0,586.0,845.0
2023-10-15 09:00:00,situation_20231015_0900_5f12368c.pdf,8974.0,8869.0,845.0,897.0
2023-10-16 09:00:00,situation_20231016_0900_b625096c.pdf,8869.0,8714.0,897.0,491.0
2023-10-17 09:00:00,situation_20231017_0900_bf18ee49.pdf,8714.0,9173.0,491.0,622.0
2023-10-18 09:00:00,situation_20231018_0900_387c931f.pdf,9173.0,8328.0,622.0,556.0
2023-10-19 09:00:00,situation_20231019_0900_88d1c529.pdf,8328.0,8466.0,556.0,556.0
2023-10-20 09:00:00,situation_20231020_0900_7137cc39.pdf,8466.0,13658.0,556.0,499.0
2023-10-21 09:00:00,situation_20231021_0900_e48b577f.pdf,13658.0,8087.0,499.0,499.0
2023-10-22 09:00:00,situation_20231022_0900_e2c50dd5.pdf,8087.0,5.0,499.0,560.0
2023-10-23 09:00:00,situation_20231023_0900_542f56a7.pdf,5.0,10584.0,560.0,689.0
2023-10-24 09:00:00,situation_20231024_0900_a71f366a.pdf,10584.0,11988.0,689.0,728.0
2023-10-25 15:00:00,situation_20231025_1500_2798a212.pdf,11988.0,7439.0,728.0,732.0
2023-10-26 09:00:00,situation_20231026_0900_84f5120b.pdf,7439.0,7462.0,732.0,732.0
2023-10-27 09:00:00,situation_20231027_0900_27422d6b.pdf,7462.0,6848.0,732.0,732.0
2023-10-28 09:00:00,situation_20231028_0900_20c60737.pdf,6848.0,6160.0,732.0,732.0
2023-10-29 09:00:00,situation_20231029_0900_08c66bdf.pdf,6160.0,6160.0,732.0,732.0
2023-10-30 09:00:00,situation_20231030_0900_b59fbda1.pdf,6160.0,6443.0,732.0,732.0
2023-10-31 09:00:00,situation_20231031_0900_a3f8cc03.pdf,6443.0,5755.0,732.0,669.0
2023-11-01 09:00:00,situation_20231101_0900_3e95677d.pdf,5755.0,5780.0,669.0,669.0
2023-11-02 09:00:00,situation_20231102_0900_56e2d4a8.pdf,5780.0,6723.0,669.0,809.0
2023-11-03 09:00:00,situation_20231103_0900_7cdd2e55.pdf,6723.0,1415.0,809.0,564.0
2023-11-04 09:00:00,situation_20231104_0900_2e47ff92.pdf,1415.0,362.0,564.0,1111.0
2023-11-05 09:00:00,situation_20231105_0900_65e7a8f0.pdf,362.0,267.0,1111.0,959.0
2023-11-06 09:00:00,situation_20231106_0900_3a9048a2.pdf,267.0,10892.0,959.0,740.0
2023-11-07 09:00:00,situation_20231107_0900_afdd3b4d.pdf,10892.0,14558.0,740.0,1350.0
2023-11-08 09:00:00,situation_20231108_0900_7278ea17.pdf,14558.0,22634.0,1350.0,1743.0
2023-11-09 09:00:00,situation_20231109_0900_347788a7.pdf,22634.0,20578.0,1743.0,1450.0
2023-11-10 09:00:00,situation_20231110_0900_1d543a88.pdf,20578.0,23132.0,1450.0,1511.0
2023-11-11 09:00:00,situation_20231111_0900_c07bcca6.pdf,23132.0,21386.0,1511.0,1511.0
2023-11-12 09:00:00,situation_20231112_0900_7cef4317.pdf,21386.0,20549.0,1511.0,1569.0
2023-11-13 09:00:00,situation_20231113_0900_04c8a991.pdf,20549.0,21697.0,1569.0,551.0
2023-11-14 09:00:00,situation_20231114_0900_d00d0358.pdf,21697.0,10660.0,551.0,513.0
2023-11-15 09:00:00,situation_20231115_0900_1892f5a0.pdf,10660.0,14260.0,513.0,510.0
2023-11-16 09:00:00,situation_20231116_0900_70b221d4.pdf,14260.0,9831.0,510.0,510.0
2023-11-17 09:00:00,situation_20231117_0900_2a3cf004.pdf,9831.0,6089.0,510.0,520.0
2023-11-18 09:00:00,situation_20231118_0900_7b8ae302.pdf,6089.0,0.0,520.0,463.0
2023-11-19 09:00:00,situation_20231119_0900_7fadec90.pdf,0.0,1.0,463.0,463.0
2023-11-20 09:00:00,situation_20231120_0900_285f5028.pdf,1.0,652.0,463.0,817.0
2023-11-21 09:00:00,situation_20231121_0900_08d3d55b.pdf,652.0,2930.0,817.0,639.0
2023-11-22 09:00:00,situation_20231122_0900_f85f8676.pdf,2930.0,517.0,639.0,662.0
2023-11-23 09:00:00,situation_20231123_0900_dd2b9d20.pdf,517.0,5318.0,662.0,1562.0
2023-11-24 09:00:00,situation_20231124_0900_64ff2f13.pdf,5318.0,13077.0,1562.0,2192.0
2023-11-25 09:00:00,situation_20231125_0900_935424e9.pdf,13077.0,4898.0,2192.0,611.0
2023-11-26 09:00:00,situation_20231126_0900_e1c2ac82.pdf,4898.0,4898.0,611.0,611.0
2023-11-27 09:00:00,situation_20231127_0900_72896cac.pdf,4898.0,831.0,611.0,636.0
2023-11-28 09:00:00,situation_20231128_0900_2eff2b97.pdf,831.0,1029.0,636.0,947.0
2023-11-29 09:00:00,situation_20231129_0900_39191992.pdf,1029.0,1075.0,947.0,947.0
2023-11-30 09:00:00,situation_20231130_0900_93088f23.pdf,1075.0,1403.0,947.0,947.0
2023-12-01 09:00:00,situation_20231201_0900_5571574e.pdf,1403.0,451.0,947.0,888.0
2023-12-02 09:00:00,situation_20231202_0900_eb632984.pdf,451.0,221.0,888.0,741.0
2023-12-03 09:00:00,situation_20231203_0900_79232667.pdf,221.0,0.0,741.0,741.0
2023-12-04 09:00:00,situation_20231204_0900_bd046532.pdf,0.0,454.0,741.0,621.0
2023-12-05 09:00:00,situation_20231205_0900_372ddd17.pdf,454.0,169.0,621.0,589.0
2023-12-06 09:00:00,situation_20231206_0900_069dc60b.pdf,169.0,153.0,589.0,589.0
2023-12-07 09:00:00,situation_20231207_0900_57026bad.pdf,153.0,38.0,589.0,589.0
2023-12-08 09:00:00,situation_20231208_0900_4ebd3246.pdf,38.0,500.0,589.0,589.0
2023-12-09 09:00:00,situation_20231209_0900_ff6f4706.pdf,500.0,141.0,589.0,589.0
2023-12-10 09:00:00,situation_20231210_0900_ed2d4bc2.pdf,141.0,279.0,589.0,589.0
2023-12-11 09:00:00,situation_20231211_0900_372450e8.pdf,279.0,946.0,589.0,589.0
2023-12-12 09:00:00,situation_20231212_0900_6d73fe7e.pdf,946.0,2250.0,589.0,589.0
2023-12-13 09:00:00,situation_20231213_0900_2f8034f2.pdf,2250.0,456.0,589.0,589.0
2023-12-14 09:00:00,situation_20231214_0900_a68e8626.pdf,456.0,840.0,589.0,589.0
2023-12-15 09:00:00,situation_20231215_0900_7b55f01d.pdf,840.0,7061.0,589.0,700.0
2023-12-16 09:00:00,situation_20231216_0900_b8b6d0f9.pdf,7061.0,7181.0,700.0,1625.0
2023-12-17 09:00:00,situation_20231217_0900_14a57581.pdf,7181.0,5815.0,1625.0,1771.0
2023-12-18 09:00:00,situation_20231218_0900_f9070bb1.pdf,5815.0,10958.0,1771.0,2796.0
2023-12-19 09:00:00,situation_20231219_0900_87c1419e.pdf,10958.0,8196.0,2796.0,3648.0
2023-12-20 09:00:00,situation_20231220_0900_c467fed6.pdf,8196.0,28973.0,3648.0,1581.0
2023-12-21 09:00:00,situation_20231221_0900_243a5660.pdf,28973.0,30377.0,1581.0,783.0
2023-12-22 09:00:00,situation_20231222_0900_9c84acdf.pdf,30377.0,29805.0,783.0,737.0
2023-12-23 09:00:00,situation_20231223_0900_6edf433b.pdf,29805.0,29814.0,737.0,662.0
2023-12-24 09:00:00,situation_20231224_0900_963899a9.pdf,29814.0,14304.0,662.0,554.0
2023-12-26 09:00:00,situation_20231226_0900_6b5e8b0e.pdf,14304.0,1514.0,554.0,554.0
2023-12-27 09:00:00,situation_20231227_0900_404db119.pdf,1514.0,1622.0,554.0,583.0
2023-12-28 09:00:00,situation_20231228_0900_9b39d77a.pdf,1622.0,1198.0,583.0,465.0
2023-12-29 09:00:00,situation_20231229_0900_0213234c.pdf,1198.0,2923.0,465.0,548.0
2023-12-30 09:00:00,situation_20231230_0900_7db1a2e8.pdf,2923.0,12573.0,548.0,770.0
2023-12-31 09:00:00,situation_20231231_0900_47dea1b2.pdf,12573.0,14700.0,770.0,1030.0
2024-01-01 09:00:00,situation_20240101_0900_84b4e29a.pdf,14700.0,19202.0,1030.0,1589.0
2024-01-02 09:00:00,situation_20240102_0900_48903c0c.pdf,19202.0,33286.0,1589.0,2312.0
2024-01-03 09:00:00,situation_20240103_0900_5d228f37.pdf,33286.0,38075.0,2312.0,2348.0
2024-01-04 09:00:00,situation_20240104_0900_d481dafd.pdf,38075.0,25662.0,2348.0,2393.0
2024-01-05 09:00:00,situation_20240105_0900_f26e7fe9.pdf,25662.0,21739.0,2393.0,1758.0
2024-01-06 09:00:00,situation_20240106_0900_2b14095d.pdf,21739.0,2208.0,1758.0,1136.0
2024-01-08 09:00:00,situation_20240108_0900_1695088f.pdf,2208.0,2546.0,1136.0,1122.0
2024-01-09 09:00:00,situation_20240109_0900_183f0e08.pdf,2546.0,11170.0,1122.0,1237.0
2024-01-10 09:00:00,situation_20240110_0900_f1107519.pdf,11170.0,109635.0,1237.0,4981.0
2024-01-11 09:00:00,situation_20240111_0900_6fa4bf24.pdf,109635.0,178312.0,4981.0,8351.0
2024-01-12 09:00:00,situation_20240112_0900_ad476523.pdf,178312.0,219862.0,8351.0,9592.0
2024-01-13 09:00:00,situation_20240113_0900_66468a3a.pdf,219862.0,168446.0,9592.0,3828.0
2024-01-14 09:00:00,situation_20240114_0900_3feca663.pdf,168446.0,162868.0,3828.0,2764.0
2024-01-15 09:00:00,situation_20240115_0900_7dbda875.pdf,162868.0,3220.0,2764.0,1379.0
2024-01-16 09:00:00,situation_20240116_0900_66e61c1c.pdf,3220.0,3120.0,1379.0,1438.0
2024-01-17 09:00:00,situation_20240117_0900_80443466.pdf,3120.0,4244.0,1438.0,1309.0
2024-01-18 09:00:00,situation_20240118_0900_2424a9c7.pdf,4244.0,2202.0,1309.0,1228.0
2024-01-19 09:00:00,situation_20240119_0900_96791baa.pdf,2202.0,2192.0,1228.0,1228.0
2024-01-20 09:00:00,situation_20240120_0900_9110f823.pdf,2192.0,2192.0,1228.0,1228.0
2024-01-21 09:00:00,situation_20240121_0900_e1ab7998.pdf,2192.0,1988.0,1228.0,940.0
2024-01-22 09:00:00,situation_20240122_0900_982ad3e6.pdf,1988.0,1866.0,940.0,940.0
2024-01-23 09:00:00,situation_20240123_0900_d14b54bf.pdf,1866.0,1793.0,940.0,673.0
2024-01-24 09:00:00,situation_20240124_0900_4f8f76d0.pdf,1793.0,1692.0,673.0,673.0
2024-01-25 09:00:00,situation_20240125_0900_545f0195.pdf,1692.0,1692.0,673.0,673.0
2024-01-26 09:00:00,situation_20240126_0900_cfca6547.pdf,1692.0,1692.0,673.0,385.0
2024-01-27 09:00:00,situation_20240127_0900_3ebafb8b.pdf,1692.0,1692.0,385.0,385.0
2024-01-28 09:00:00,situation_20240128_0900_28ac0510.pdf,1692.0,1692.0,385.0,385.0
2024-01-29 09:00:00,situation_20240129_0900_bff020d6.pdf,1692.0,1692.0,385.0,385.0
2024-01-30 09:00:00,situation_20240130_0900_761702c4.pdf,1692.0,1692.0,385.0,385.0
2024-01-31 09:00:00,situation_20240131_0900_b6b7638f.pdf,1692.0,1692.0,385.0,385.0
2024-02-01 09:00:00,situation_20240201_0900_2d95e75d.pdf,1692.0,1720.0,385.0,386.0
2024-02-03 09:00:00,situation_20240203_0900_3d62a4bd.pdf,1720.0,1675.0,386.0,386.0
2024-02-05 09:00:00,situation_20240205_0900_e9fc1821.pdf,1675.0,1722.0,386.0,386.0
2024-02-06 09:00:00,situation_20240206_0900_20874263.pdf,1722.0,1675.0,386.0,386.0
2024-02-07 09:00:00,situation_20240207_0900_b0cc09b5.pdf,1675.0,1675.0,386.0,386.0
2024-02-08 09:00:00,situation_20240208_0900_45f4cf93.pdf,1675.0,1675.0,386.0,386.0
2024-02-09 09:00:00,situation_20240209_0900_419c5e1f.pdf,1675.0,1675.0,386.0,386.0
2024-02-10 09:00:00,situation_20240210_0900_4b4cdf15.pdf,1675.0,1675.0,386.0,386.0
2024-02-11 09:00:00,situation_20240211_0900_0ff60beb.pdf,1675.0,1675.0,386.0,386.0
2024-02-12 09:00:00,situation_20240212_0900_d5653894.pdf,1675.0,1685.0,386.0,386.0
2024-02-13 09:00:00,situation_20240213_0900_be1ebb30.pdf,1685.0,1681.0,386.0,386.0
2024-02-14 09:00:00,situation_20240214_0900_68b1e2d6.pdf,1681.0,1689.0,386.0,386.0
2024-02-15 09:00:00,situation_20240215_0900_94edc249.pdf,1689.0,1060.0,386.0,320.0
2024-02-16 09:00:00,situation_20240216_0900_835a5526.pdf,1060.0,1060.0,320.0,320.0
2024-02-17 09:00:00,situation_20240217_0900_18d0fce8.pdf,1060.0,1060.0,320.0,320.0
2024-02-18 09:00:00,situation_20240218_0900_c4f4e38f.pdf,1060.0,1060.0,320.0,320.0
2024-02-19 09:00:00,situation_20240219_0900_1c9dcdb3.pdf,1060.0,1060.0,320.0,320.0
2024-02-20 09:00:00,situation_20240220_0900_4ed9116e.pdf,1060.0,1060.0,320.0,320.0
2024-02-21 09:00:00,situation_20240221_0900_3b250048.pdf,1060.0,1060.0,320.0,320.0
2024-02-23 09:00:00,situation_20240223_0900_65f3f39b.pdf,1060.0,1060.0,320.0,320.0
2024-02-25 09:00:00,situation_20240225_0900_27ba8029.pdf,1060.0,1060.0,320.0,320.0
2024-02-26 09:00:00,situation_20240226_0900_b5ea0d3d.pdf,1060.0,1082.0,320.0,320.0
2024-02-27 09:00:00,situation_20240227_0900_c431ccee.pdf,1082.0,1084.0,320.0,320.0
2024-02-28 09:00:00,situation_20240228_0900_6366dc47.pdf,1084.0,1073.0,320.0,320.0
2024-02-29 09:00:00,situation_20240229_0900_4a4aa574.pdf,1073.0,1075.0,320.0,320.0
2024-03-01 09:00:00,situation_20240301_0900_631b7b1e.pdf,1075.0,1080.0,320.0,320.0
2024-03-02 09:00:00,situation_20240302_0900_aebf0fa1.pdf,1080.0,1071.0,320.0,320.0
2024-03-03 09:00:00,situation_20240303_0900_02349027.pdf,1071.0,1071.0,320.0,320.0
2024-03-04 09:00:00,situation_20240304_0900_81e9b4b7.pdf,1071.0,1075.0,320.0,320.0
2024-03-05 09:00:00,situation_20240305_0900_a13fb241.pdf,1075.0,1071.0,320.0,320.0
2024-03-07 09:00:00,situation_20240307_0900_7e04f575.pdf,1071.0,1089.0,320.0,320.0
2024-03-08 09:00:00,situation_20240308_0900_caa23574.pdf,1089.0,1075.0,320.0,320.0
2024-03-09 09:00:00,situation_20240309_0900_9c7fe2b3.pdf,1075.0,1071.0,320.0,320.0
2024-03-10 09:00:00,situation_20240310_0900_886d3abe.pdf,1071.0,1071.0,320.0,320.0
2024-03-11 09:00:00,situation_20240311_0900_791619ce.pdf,1071.0,271.0,320.0,218.0
2024-03-12 09:00:00,situation_20240312_0900_d0768b02.pdf,271.0,3717.0,218.0,218.0
2024-03-13 09:00:00,situation_20240313_0900_eaac541f.pdf,3717.0,3721.0,218.0,218.0
2024-03-14 09:00:00,situation_20240314_0900_ca19ffce.pdf,3721.0,4010.0,218.0,218.0
2024-03-15 09:00:00,situation_20240315_0900_f380b9c0.pdf,4010.0,4969.0,218.0,218.0
2024-03-16 09:00:00,situation_20240316_0900_fa4ee3f0.pdf,4969.0,4969.0,218.0,218.0
2024-03-17 09:00:00,situation_20240317_0900_c386bad2.pdf,4969.0,5587.0,218.0,218.0
2024-03-19 09:00:00,situation_20240319_0900_9241751a.pdf,5587.0,5600.0,218.0,218.0
2024-03-20 09:00:00,situation_20240320_0900_8b74a036.pdf,5600.0,6909.0,218.0,218.0
2024-03-21 09:00:00,situation_20240321_0900_01c2fbd6.pdf,6909.0,6906.0,218.0,218.0
2024-03-22 09:00:00,situation_20240322_0900_37a5168e.pdf,6906.0,13550.0,218.0,218.0
2024-03-23 09:00:00,situation_20240323_0900_95e89dd3.pdf,13550.0,13550.0,218.0,218.0
2024-03-27 09:00:00,situation_20240327_0900_127a57d0.pdf,14044.0,9976.0,0.0,0.0
2024-03-28 09:00:00,situation_20240328_0900_061e8a2e.pdf,9976.0,10091.0,0.0,0.0
2024-03-29 09:00:00,situation_20240329_0900_926c0a4e.pdf,10091.0,9882.0,0.0,0.0
2024-03-30 09:00:00,situation_20240330_0900_823ccb40.pdf,9882.0,9866.0,0.0,0.0
2024-03-31 09:00:00,situation_20240331_0900_f756735a.pdf,9866.0,9866.0,0.0,0.0
2024-04-01 09:00:00,situation_20240401_0900_ad2e9133.pdf,9866.0,9983.0,0.0,0.0
2024-04-02 09:00:00,situation_20240402_0900_a3fb4880.pdf,9983.0,10240.0,0.0,0.0
2024-04-03 09:00:00,situation_20240403_0900_d2b3543d.pdf,10240.0,10235.0,0.0,0.0
2024-04-04 09:00:00,situation_20240404_0900_492a049b.pdf,10235.0,10185.0,0.0,0.0
2024-04-05 09:00:00,situation_20240405_0900_7b146a2f.pdf,10185.0,10196.0,0.0,0.0
2024-04-06 09:00:00,situation_20240406_0900_6cdff662.pdf,10196.0,10185.0,0.0,0.0
2024-04-07 09:00:00,situation_20240407_0900_9a3b2320.pdf,10185.0,10185.0,0.0,0.0
2024-04-08 09:00:00,situation_20240408_0900_a1f5fd75.pdf,10185.0,10211.0,0.0,0.0
2024-04-09 09:00:00,situation_20240409_0900_2507d9b8.pdf,10211.0,10185.0,0.0,0.0
2024-04-10 09:00:00,situation_20240410_0900_039f1db7.pdf,10185.0,10472.0,0.0,0.0
2024-04-11 09:00:00,situation_20240411_0900_a35816ba.pdf,10472.0,10464.0,0.0,0.0
2024-04-12 09:00:00,situation_20240412_0900_892ec86d.pdf,10464.0,10476.0,0.0,0.0
2024-04-13 09:00:00,situation_20240413_0900_11b72669.pdf,10476.0,10464.0,0.0,0.0
2024-04-14 09:00:00,situation_20240414_0900_71227fda.pdf,10464.0,10464.0,0.0,0.0
2024-04-15 09:00:00,situation_20240415_0900_fbd2943b.pdf,10464.0,10464.0,0.0,0.0
2024-04-16 09:00:00,situation_20240416_0900_f2ac6cba.pdf,10464.0,10468.0,0.0,0.0
2024-04-17 09:00:00,situation_20240417_0900_5b9e6077.pdf,10468.0,11413.0,0.0,0.0
2024-04-18 09:00:00,situation_20240418_0900_68ae79f2.pdf,11413.0,11839.0,0.0,0.0
2024-04-20 09:00:00,situation_20240420_0900_73ce08ce.pdf,11839.0,11839.0,0.0,0.0
2024-04-21 09:00:00,situation_20240421_0900_ccb15fc6.pdf,11839.0,11797.0,0.0,0.0
2024-04-22 09:00:00,situation_20240422_0900_7fc5a304.pdf,11797.0,11797.0,0.0,0.0
2024-04-23 09:00:00,situation_20240423_0900_727b9ee9.pdf,11797.0,11797.0,0.0,0.0
2024-04-24 09:00:00,situation_20240424_0900_33daebd0.pdf,11797.0,11929.0,0.0,0.0
2024-04-25 09:00:00,situation_20240425_0900_e6022b4e.pdf,11929.0,11929.0,0.0,0.0
2024-04-26 09:00:00,situation_20240426_0900_e035696d.pdf,11929.0,13142.0,0.0,0.0
2024-04-27 09:00:00,situation_20240427_0900_60f10af5.pdf,13142.0,13131.0,0.0,0.0
2024-04-28 09:00:00,situation_20240428_0900_c9481c6a.pdf,13131.0,13134.0,0.0,0.0
2024-04-29 09:00:00,situation_20240429_0900_1fb464a3.pdf,13134.0,12809.0,0.0,0.0
2024-04-30 09:00:00,situation_20240430_0900_2f362e97.pdf,12809.0,13377.0,0.0,0.0
2024-05-01 09:00:00,situation_20240501_0900_a333a036.pdf,13377.0,12635.0,0.0,0.0
2024-05-02 09:00:00,situation_20240502_0900_b40f5b81.pdf,12635.0,5009.0,0.0,0.0
2024-05-03 09:00:00,situation_20240503_0900_dadb48cb.pdf,5009.0,4982.0,0.0,0.0
2024-05-04 09:00:00,situation_20240504_0900_42f5e4db.pdf,4982.0,4982.0,0.0,0.0
2024-05-05 09:00:00,situation_20240505_0900_0421f3fc.pdf,4982.0,4982.0,0.0,0.0
2024-05-06 09:00:00,situation_20240506_0900_e54b030f.pdf,4982.0,5016.0,0.0,0.0
2024-05-10 09:00:00,situation_20240510_0900_3ca6a78a.pdf,5036.0,4987.0,0.0,0.0
2024-05-12 09:00:00,situation_20240512_0900_9de0024c.pdf,4987.0,4982.0,0.0,0.0
2024-05-13 09:00:00,situation_20240513_0900_b1e2f7fc.pdf,4982.0,13292.0,0.0,0.0
2024-05-14 09:00:00,situation_20240514_0900_320f6442.pdf,13292.0,13292.0,0.0,0.0
2024-05-14 16:00:00,situation_20240514_1600_86a2a495.pdf,13292.0,13298.0,0.0,0.0
2024-05-15 09:00:00,situation_20240515_0900_0416a669.pdf,13298.0,10663.0,0.0,0.0
2024-05-16 09:00:00,situation_20240516_0900_8d819486.pdf,10663.0,10289.0,0.0,0.0
2024-05-17 09:00:00,situation_20240517_0900_7a446044.pdf,10289.0,10355.0,0.0,0.0
2024-05-18 09:00:00,situation_20240518_0900_79e4578d.pdf,10355.0,10299.0,0.0,0.0
2024-05-19 09:00:00,situation_20240519_0900_33d16632.pdf,10299.0,29447.0,0.0,1140.0
2024-05-20 09:00:00,situation_20240520_0900_91b68742.pdf,29447.0,29228.0,1140.0,1852.0
2024-05-21 09:00:00,situation_20240521_0900_181a38b9.pdf,29228.0,67865.0,1852.0,79.0
2024-05-22 09:00:00,situation_20240522_0900_0d4a2e50.pdf,67865.0,33960.0,79.0,246.0
2024-05-23 09:00:00,situation_20240523_0900_b427c274.pdf,33960.0,35796.0,246.0,121.0
2024-05-24 09:00:00,situation_20240524_0900_d3862289.pdf,35796.0,45344.0,121.0,188.0
2024-05-25 09:00:00,situation_20240525_0900_3b5fbe80.pdf,45344.0,45509.0,188.0,1248.0
2024-05-26 09:00:00,situation_20240526_0900_0602c62f.pdf,45509.0,44627.0,1248.0,2335.0
2024-05-27 09:00:00,situation_20240527_0900_17e879c2.pdf,44627.0,45239.0,2335.0,1132.0
2024-05-28 09:00:00,situation_20240528_0900_38ab1915.pdf,45239.0,35222.0,1132.0,220.0
2024-05-29 09:00:00,situation_20240529_0900_eaa98cef.pdf,35222.0,25401.0,220.0,200.0
2024-05-30 09:00:00,situation_20240530_0900_4d70bf54.pdf,25401.0,18473.0,200.0,231.0
2024-05-31 09:00:00,situation_20240531_0900_754bac55.pdf,18473.0,17119.0,231.0,161.0
2024-06-01 09:00:00,situation_20240601_0900_86036628.pdf,17119.0,11864.0,161.0,2611.0
2024-06-02 09:00:00,situation_20240602_0900_19681c02.pdf,11864.0,161290.0,2611.0,8212.0
2024-06-04 09:00:00,situation_20240604_0900_b46f5422.pdf,161290.0,253581.0,8212.0,10737.0
2024-06-05 09:00:00,situation_20240605_0900_2f9c7a75.pdf,253581.0,259990.0,10737.0,9695.0
2024-06-06 09:00:00,situation_20240606_0900_7c130c4d.pdf,259990.0,206203.0,9695.0,5162.0
2024-06-07 09:00:00,situation_20240607_0900_82ba109a.pdf,206203.0,132521.0,5162.0,1825.0
2024-06-08 09:00:00,situation_20240608_0900_b92e53d7.pdf,132521.0,124476.0,1825.0,1304.0
2024-06-09 09:00:00,situation_20240609_0900_5bf52d8a.pdf,124476.0,121176.0,1304.0,513.0
2024-06-10 09:00:00,situation_20240610_0900_967237ea.pdf,121176.0,117973.0,513.0,466.0
2024-06-11 09:00:00,situation_20240611_0900_adfcad8d.pdf,117973.0,101720.0,466.0,128.0
2024-06-12 09:00:00,situation_20240612_0900_ed72cbaf.pdf,101720.0,101805.0,128.0,128.0
2024-06-13 09:00:00,situation_20240613_0900_76c98c28.pdf,101805.0,101852.0,128.0,124.0
2024-06-14 09:00:00,situation_20240614_0900_ed0e7d2d.pdf,101852.0,948.0,124.0,118.0
2024-06-15 09:00:00,situation_20240615_0900_7a40576a.pdf,948.0,948.0,118.0,118.0
2024-06-16 09:00:00,situation_20240616_0900_5adf1324.pdf,948.0,946.0,118.0,110.0
2024-06-18 09:00:00,situation_20240618_0900_a6652da7.pdf,946.0,963.0,110.0,107.0
2024-06-19 09:00:00,situation_20240619_0900_53bce425.pdf,963.0,976.0,107.0,107.0
2024-06-21 09:00:00,situation_20240621_0900_eaa5d3f9.pdf,976.0,963.0,107.0,107.0
2024-06-22 09:00:00,situation_20240622_0900_01f2e7a2.pdf,963.0,946.0,107.0,35.0
2024-06-23 09:00:00,situation_20240623_0900_980c42cf.pdf,946.0,946.0,35.0,30.0
2024-06-24 09:00:00,situation_20240624_0900_7b498be7.pdf,946.0,946.0,30.0,30.0
2024-06-25 09:00:00,situation_20240625_0900_1774b4c6.pdf,946.0,1478.0,30.0,30.0
2024-06-26 09:00:00,situation_20240626_0900_1a5e15f0.pdf,1478.0,1344.0,30.0,24.0
2024-06-27 09:00:00,situation_20240627_0900_08f7e456.pdf,1344.0,1115.0,24.0,30.0
2024-06-28 09:00:00,situation_20240628_0900_4908ca32.pdf,1115.0,1115.0,30.0,30.0
2024-06-29 09:00:00,situation_20240629_0900_91a7507b.pdf,1115.0,1133.0,30.0,38.0
2024-06-30 09:00:00,situation_20240630_0900_996bdb11.pdf,1133.0,1115.0,38.0,38.0
2024-07-01 09:00:00,situation_20240701_0900_85b74d9e.pdf,1115.0,1127.0,38.0,24.0
2024-07-02 09:00:00,situation_20240702_0900_63e487c5.pdf,1127.0,745.0,24.0,24.0
2024-07-03 09:00:00,situation_20240703_0900_36f90644.pdf,745.0,769.0,24.0,40.0
2024-07-04 09:00:00,situation_20240704_0900_b3db4e3f.pdf,769.0,777.0,40.0,16.0
2024-07-05 09:00:00,situation_20240705_0900_c828471d.pdf,777.0,816.0,16.0,80.0
2024-07-06 09:00:00,situation_20240706_0900_d58b56f9.pdf,816.0,794.0,80.0,84.0
2024-07-08 09:00:00,situation_20240708_0900_e6349c2a.pdf,794.0,732.0,84.0,84.0
2024-07-09 09:00:00,situation_20240709_0900_c2d71f5c.pdf,732.0,732.0,84.0,81.0
2024-07-10 09:00:00,situation_20240710_0900_69e0f02a.pdf,732.0,950.0,81.0,81.0
2024-07-11 09:00:00,situation_20240711_0900_4163262c.pdf,950.0,26302.0,81.0,81.0
2024-07-12 09:00:00,situation_20240712_0900_cea907b5.pdf,26302.0,26274.0,81.0,37.0
2024-07-13 09:00:00,situation_20240713_0900_586cffe6.pdf,26274.0,26255.0,37.0,37.0
2024-07-14 09:00:00,situation_20240714_0900_5bcfe3c3.pdf,26255.0,26255.0,37.0,37.0
2024-07-15 09:00:00,situation_20240715_0900_a882f5d8.pdf,26255.0,26550.0,37.0,37.0
2024-07-16 09:00:00,situation_20240716_0900_cfe9be87.pdf,26550.0,26452.0,37.0,21.0
2024-07-17 09:00:00,situation_20240717_0900_9965bdaa.pdf,26452.0,26691.0,21.0,21.0
2024-07-18 09:00:00,situation_20240718_0900_82f70f57.pdf,26691.0,27127.0,21.0,21.0
2024-07-19 09:00:00,situation_20240719_0900_0fde41dd.pdf,27127.0,26522.0,21.0,21.0
2024-07-20 09:00:00,situation_20240720_0900_9123cadc.pdf,26522.0,26357.0,21.0,21.0
2024-07-21 09:00:00,situation_20240721_0900_962945f6.pdf,26357.0,26357.0,21.0,21.0
2024-07-22 09:00:00,situation_20240722_0900_e2ee6b99.pdf,26357.0,27006.0,21.0,21.0
2024-07-23 09:00:00,situation_20240723_0900_2ecd2461.pdf,27006.0,27533.0,21.0,21.0
2024-07-24 09:00:00,situation_20240724_0900_1de81fa1.pdf,27533.0,27755.0,21.0,21.0
2024-07-25 09:00:00,situation_20240725_0900_58b518ad.pdf,27755.0,27766.0,21.0,21.0
2024-07-26 09:00:00,situation_20240726_0900_648d1c8c.pdf,27766.0,26238.0,21.0,21.0
2024-07-27 09:00:00,situation_20240727_0900_f9179c87.pdf,26238.0,26238.0,21.0,21.0
2024-07-28 09:00:00,situation_20240728_0900_b4f77b4c.pdf,26238.0,26243.0,21.0,21.0
2024-07-29 09:00:00,situation_20240729_0900_e6425f74.pdf,26243.0,26336.0,21.0,21.0
2024-07-30 09:00:00,situation_20240730_0900_a4a6b4cf.pdf,26336.0,26401.0,21.0,21.0
2024-07-31 09:00:00,situation_20240731_0900_38107cf4.pdf,26401.0,26473.0,21.0,21.0
2024-08-01 09:00:00,situation_20240801_0900_09225274.pdf,26473.0,26985.0,21.0,21.0
2024-08-02 09:00:00,situation_20240802_0900_7a6dc101.pdf,26985.0,26899.0,21.0,21.0
2024-08-03 09:00:00,situation_20240803_0900_0b8c2ef9.pdf,26899.0,26894.0,21.0,21.0
2024-08-04 09:00:00,situation_20240804_0900_76f71783.pdf,26894.0,26894.0,21.0,21.0
2024-08-05 09:00:00,situation_20240805_0900_e4ae9673.pdf,26894.0,26928.0,21.0,21.0
2024-08-06 09:00:00,situation_20240806_0900_95961225.pdf,26928.0,27121.0,21.0,21.0
2024-08-07 09:00:00,situation_20240807_0900_1241109e.pdf,27121.0,26898.0,21.0,21.0
2024-08-09 09:00:00,situation_20240809_0900_71388024.pdf,26898.0,26915.0,21.0,21.0
2024-08-10 09:00:00,situation_20240810_0900_2d0ac62d.pdf,26915.0,26894.0,21.0,21.0
2024-08-11 09:00:00,situation_20240811_0900_559426b1.pdf,26894.0,26894.0,21.0,17.0
2024-08-12 09:00:00,situation_20240812_0900_92d0fc59.pdf,26894.0,26907.0,17.0,17.0
2024-08-13 09:00:00,situation_20240813_0900_855a472b.pdf,26907.0,26894.0,17.0,17.0
2024-08-14 09:00:00,situation_20240814_0900_0fa15ad8.pdf,26894.0,26906.0,17.0,17.0
2024-08-15 09:00:00,situation_20240815_0900_bb09ff69.pdf,26906.0,26894.0,17.0,17.0
2024-08-16 09:00:00,situation_20240816_0900_aa71592e.pdf,26894.0,26898.0,17.0,17.0
2024-08-17 09:00:00,situation_20240817_0900_8f7bd8ba.pdf,26898.0,27642.0,17.0,21.0
2024-08-18 09:00:00,situation_20240818_0900_5ce64632.pdf,27642.0,27858.0,21.0,17.0
2024-08-19 09:00:00,situation_20240819_0900_2618b10d.pdf,27858.0,30136.0,17.0,0.0
2024-08-20 09:00:00,situation_20240820_0900_cac1579b.pdf,30136.0,30424.0,0.0,0.0
2024-08-21 09:00:00,situation_20240821_0900_86a94651.pdf,30424.0,39124.0,0.0,51.0
2024-08-22 09:00:00,situation_20240822_0900_4b9e5aab.pdf,39124.0,40450.0,51.0,72.0
2024-08-23 09:00:00,situation_20240823_0900_f9a5b58c.pdf,40450.0,11876.0,72.0,33.0
2024-08-24 09:00:00,situation_20240824_0900_078271a9.pdf,11876.0,216.0,33.0,33.0
2024-08-25 09:00:00,situation_20240825_0900_1408993f.pdf,216.0,176.0,33.0,33.0
2024-08-26 09:00:00,situation_20240826_0900_504b717b.pdf,176.0,80.0,33.0,0.0
2024-08-27 09:00:00,situation_20240827_0900_02fcf25d.pdf,80.0,12.0,0.0,0.0
2024-08-28 09:00:00,situation_20240828_0900_de44127f.pdf,12.0,28.0,0.0,0.0
2024-08-29 09:00:00,situation_20240829_0900_18ea4f54.pdf,28.0,10.0,0.0,0.0
2024-09-03 09:00:00,situation_20240903_0900_674a275c.pdf,110.0,8.0,0.0,0.0
2024-09-04 09:00:00,situation_20240904_0900_daeba128.pdf,8.0,47.0,0.0,0.0
2024-09-05 09:00:00,situation_20240905_0900_ad79d58c.pdf,47.0,10.0,0.0,0.0
2024-09-10 09:00:00,situation_20240910_0900_9d8e614c.pdf,23.0,21.0,0.0,0.0
2024-09-12 09:00:00,situation_20240912_0900_8933c71d.pdf,21.0,22.0,0.0,0.0
2024-09-13 09:00:00,situation_20240913_0900_d13b3eb7.pdf,22.0,13.0,0.0,0.0
2024-09-14 09:00:00,situation_20240914_0900_6b0798f9.pdf,13.0,0.0,0.0,0.0
2024-09-15 09:00:00,situation_20240915_0900_c52d5032.pdf,0.0,0.0,0.0,0.0
2024-09-16 09:00:00,situation_20240916_0900_4abf55ae.pdf,0.0,0.0,0.0,0.0
2024-09-17 09:00:00,situation_20240917_0900_5da2e725.pdf,0.0,0.0,0.0,0.0
2024-09-18 09:00:00,situation_20240918_0900_1fe1bf5e.pdf,0.0,24.0,0.0,0.0
2024-09-19 09:00:00,situation_20240919_0900_fc10dd58.pdf,24.0,0.0,0.0,0.0
2024-09-20 09:00:00,situation_20240920_0900_87c429e4.pdf,0.0,0.0,0.0,0.0
2024-09-21 09:00:00,situation_20240921_0900_8c9157e1.pdf,0.0,0.0,0.0,0.0
2024-09-22 09:00:00,situation_20240922_0900_27eda007.pdf,0.0,0.0,0.0,0.0
2024-09-24 09:00:00,situation_20240924_0900_632de086.pdf,0.0,0.0,0.0,0.0
2024-09-25 09:00:00,situation_20240925_0900_b218995c.pdf,0.0,0.0,0.0,0.0
2024-09-26 09:00:00,situation_20240926_0900_44592a4a.pdf,0.0,0.0,0.0,0.0
2024-09-27 09:00:00,situation_20240927_0900_1e2a887e.pdf,0.0,24.0,0.0,0.0
2024-10-01 09:00:00,situation_20241001_0900_eb1521be.pdf,706.0,174.0,0.0,0.0
2024-10-02 09:00:00,situation_20241002_0900_9a8f4db8.pdf,174.0,33.0,0.0,0.0
2024-10-03 09:00:00,situation_20241003_0900_d6ed17f9.pdf,33.0,99.0,0.0,0.0
2024-10-04 09:00:00,situation_20241004_0900_794df181.pdf,99.0,21.0,0.0,0.0
2024-10-05 09:00:00,situation_20241005_0900_89b276ae.pdf,21.0,0.0,0.0,0.0
2024-10-06 09:00:00,situation_20241006_0900_328e1221.pdf,0.0,0.0,0.0,0.0
2024-10-07 09:00:00,situation_20241007_0900_487af880.pdf,0.0,716.0,0.0,0.0
2024-10-08 09:00:00,situation_20241008_0900_27b11165.pdf,716.0,1943.0,0.0,48.0
2024-10-09 09:00:00,situation_20241009_0900_2973a677.pdf,1943.0,1056.0,48.0,0.0
2024-10-10 09:00:00,situation_20241010_0900_d79a6fa1.pdf,1056.0,1107.0,0.0,24.0
2024-10-11 09:00:00,situation_20241011_0900_91357ad2.pdf,1107.0,22069.0,24.0,100.0
2024-10-12 09:00:00,situation_20241012_0900_5eda10e5.pdf,22069.0,118210.0,100.0,6852.0
2024-10-13 09:00:00,situation_20241013_0900_33e50c33.pdf,118210.0,134484.0,6852.0,6963.0
2024-10-14 09:00:00,situation_20241014_0900_495d0e8b.pdf,134484.0,154782.0,6963.0,10361.0
2024-10-15 09:00:00,situation_20241015_0900_a091e81e.pdf,154782.0,137792.0,10361.0,9591.0
2024-10-16 09:00:00,situation_20241016_0900_176f8f3d.pdf,137792.0,38676.0,9591.0,4622.0
2024-10-17 09:00:00,situation_20241017_0900_5c905f0b.pdf,38676.0,15838.0,4622.0,736.0
2024-10-18 09:00:00,situation_20241018_0900_e6949f5c.pdf,15838.0,10214.0,736.0,206.0
2024-10-19 09:00:00,situation_20241019_0900_e07cddc9.pdf,10214.0,8923.0,206.0,206.0
2024-10-20 09:00:00,situation_20241020_0900_c51cca3c.pdf,8923.0,345.0,206.0,170.0
2024-10-21 09:00:00,situation_20241021_0900_2f42c2d2.pdf,345.0,940.0,170.0,0.0
2024-10-22 09:00:00,situation_20241022_0900_0a91c52d.pdf,940.0,1360.0,0.0,0.0
2024-10-23 09:00:00,situation_20241023_0900_184c9359.pdf,1360.0,1362.0,0.0,0.0
2024-10-24 09:00:00,situation_20241024_0900_3cb58149.pdf,1362.0,12858.0,0.0,336.0
2024-10-25 09:00:00,situation_20241025_0900_87746908.pdf,12858.0,12860.0,336.0,302.0
2024-10-27 09:00:00,situation_20241027_0900_8cdc03fa.pdf,12860.0,12860.0,302.0,302.0
2024-10-28 09:00:00,situation_20241028_0900_902f1b0c.pdf,12860.0,11880.0,302.0,302.0
2024-10-29 09:00:00,situation_20241029_0900_5c616a84.pdf,11880.0,11219.0,302.0,0.0
2024-10-30 09:00:00,situation_20241030_0900_09c8353d.pdf,11219.0,11225.0,0.0,0.0
2024-10-31 09:00:00,situation_20241031_0900_42fa601b.pdf,11225.0,11264.0,0.0,0.0
2024-11-01 09:00:00,situation_20241101_0900_3c826a83.pdf,11264.0,583.0,0.0,0.0
2024-11-02 09:00:00,situation_20241102_0900_166485e0.pdf,583.0,407.0,0.0,0.0
2024-11-03 09:00:00,situation_20241103_0900_87a078d2.pdf,407.0,983.0,0.0,0.0
2024-11-04 09:00:00,situation_20241104_0900_01fb72d9.pdf,983.0,317.0,0.0,0.0
2024-11-05 09:00:00,situation_20241105_0900_498eb861.pdf,317.0,1602.0,0.0,0.0
2024-11-07 09:00:00,situation_20241107_0900_1106db53.pdf,1602.0,1057.0,0.0,0.0
2024-11-08 09:00:00,situation_20241108_0900_d0f11cc8.pdf,1057.0,12257.0,0.0,0.0
2024-11-09 09:00:00,situation_20241109_0900_746c98f4.pdf,12257.0,23924.0,0.0,322.0
2024-11-10 09:00:00,situation_20241110_0900_2e11e2f7.pdf,23924.0,17551.0,322.0,2.0
2024-11-11 09:00:00,situation_20241111_0900_d430b0a2.pdf,17551.0,17491.0,2.0,2.0
2024-11-12 09:00:00,situation_20241112_0900_d4cbf20f.pdf,17491.0,9089.0,2.0,2.0
2024-11-13 09:00:00,situation_20241113_0900_a1569fa2.pdf,9089.0,9210.0,2.0,2.0
2024-11-14 09:00:00,situation_20241114_0900_bec669f0.pdf,9210.0,9255.0,2.0,2.0
2024-11-15 09:00:00,situation_20241115_0900_85deb186.pdf,9255.0,9066.0,2.0,2.0
2024-11-16 09:00:00,situation_20241116_0900_3daef940.pdf,9066.0,0.0,2.0,2.0
2024-11-17 09:00:00,situation_20241117_0900_e2d5d963.pdf,0.0,0.0,2.0,2.0
2024-11-18 09:00:00,situation_20241118_0900_fb3b62c4.pdf,0.0,1643.0,2.0,0.0
2024-11-19 09:00:00,situation_20241119_0900_a903b8fc.pdf,1643.0,1981.0,0.0,0.0
2024-11-20 09:00:00,situation_20241120_0900_3e7f8041.pdf,1981.0,2091.0,0.0,0.0
2024-11-21 09:00:00,situation_20241121_0900_c638c694.pdf,2091.0,3877.0,0.0,0.0
2024-11-22 09:00:00,situation_20241122_0900_ec6b6559.pdf,3877.0,7401.0,0.0,0.0
2024-11-23 09:00:00,situation_20241123_0900_528dc736.pdf,7401.0,15622.0,0.0,399.0
2024-11-24 09:00:00,situation_20241124_0900_256964b1.pdf,15622.0,16287.0,399.0,1136.0
2024-11-25 09:00:00,situation_20241125_0900_fc76c239.pdf,16287.0,55561.0,1136.0,1731.0
2024-11-26 09:00:00,situation_20241126_0900_ea563072.pdf,55561.0,207582.0,1731.0,10137.0
2024-11-27 09:00:00,situation_20241127_0900_3c42d9e4.pdf,207582.0,377511.0,10137.0,32695.0
2024-11-28 16:00:00,situation_20241128_1600_11c4a2cc.pdf,377511.0,441373.0,32695.0,37863.0
2024-11-29 14:00:00,situation_20241129_1400_a7de2adb.pdf,441373.0,465746.0,37863.0,29596.0
2024-11-30 12:00:00,situation_20241130_1200_1e1bd766.pdf,465746.0,471249.0,29596.0,15464.0
2024-12-01 12:00:00,situation_20241201_1200_53f35672.pdf,471249.0,475225.0,15464.0,7308.0
2024-12-02 10:00:00,situation_20241202_1000_f7ccbd8a.pdf,475225.0,468732.0,7308.0,5080.0
2024-12-03 10:00:00,situation_20241203_1000_90e95a5d.pdf,468732.0,456167.0,5080.0,2367.0
2024-12-05 10:00:00,situation_20241205_1000_d56a91f6.pdf,456167.0,420033.0,2367.0,1686.0
2024-12-06 12:00:00,situation_20241206_1200_23299e89.pdf,420033.0,420047.0,1686.0,1463.0
2024-12-07 09:00:00,situation_20241207_0900_d677a6d7.pdf,420047.0,420053.0,1463.0,1463.0
2024-12-08 09:00:00,situation_20241208_0900_8096c11c.pdf,420053.0,0.0,1463.0,129.0
2024-12-09 10:00:00,situation_20241209_1000_0b40bef6.pdf,0.0,23.0,129.0,126.0
2024-12-10 09:00:00,situation_20241210_0900_61c6bbbf.pdf,23.0,0.0,126.0,0.0
2024-12-11 09:00:00,situation_20241211_0900_b48c6a1b.pdf,0.0,10.0,0.0,0.0
2024-12-12 09:00:00,situation_20241212_0900_d1c47c75.pdf,10.0,28.0,0.0,0.0
2024-12-13 09:00:00,situation_20241213_0900_91d7d9c8.pdf,28.0,293.0,0.0,123.0
2024-12-14 09:00:00,situation_20241214_0900_f975fba9.pdf,293.0,771.0,123.0,123.0
2024-12-15 09:00:00,situation_20241215_0900_9d405d14.pdf,771.0,584.0,123.0,123.0
2024-12-16 09:00:00,situation_20241216_0900_bf6142d7.pdf,584.0,924.0,123.0,165.0
2024-12-17 09:00:00,situation_20241217_0900_5f51bb45.pdf,924.0,917.0,165.0,165.0
2024-12-18 09:00:00,situation_20241218_0900_6b750c74.pdf,917.0,205.0,165.0,165.0
2024-12-19 09:00:00,situation_20241219_0900_0a865b60.pdf,205.0,188.0,165.0,165.0
2024-12-20 09:00:00,situation_20241220_0900_6b1db6a8.pdf,188.0,185.0,165.0,165.0
2024-12-21 09:00:00,situation_20241221_0900_84e1e9eb.pdf,185.0,189.0,165.0,165.0
2024-12-23 09:00:00,situation_20241223_0900_a913c626.pdf,189.0,917.0,165.0,186.0
2024-12-24 09:00:00,situation_20241224_0900_dd756a5b.pdf,917.0,736.0,186.0,186.0
2024-12-25 09:00:00,situation_20241225_0900_fc343237.pdf,736.0,736.0,186.0,186.0
2024-12-26 09:00:00,situation_20241226_0900_c2f1785c.pdf,736.0,737.0,186.0,186.0
2024-12-27 09:00:00,situation_20241227_0900_e19f2161.pdf,737.0,138.0,186.0,138.0
2024-12-28 09:00:00,situation_20241228_0900_d7950be8.pdf,138.0,138.0,138.0,138.0
2025-01-01 09:00:00,situation_20250101_0900_95809077.pdf,79.0,13.0,0.0,0.0
2025-01-02 09:00:00,situation_20250102_0900_80b2effc.pdf,13.0,43.0,0.0,0.0
2025-01-03 09:00:00,situation_20250103_0900_6775c9f2.pdf,43.0,12.0,0.0,0.0
2025-01-05 09:00:00,situation_20250105_0900_104e9918.pdf,12.0,12.0,0.0,0.0
2025-01-06 09:00:00,situation_20250106_0900_c06a2f46.pdf,12.0,51.0,0.0,0.0
2025-01-07 09:00:00,situation_20250107_0900_f8610868.pdf,51.0,0.0,0.0,0.0
2025-01-08 09:00:00,situation_20250108_0900_110f4db8.pdf,0.0,4.0,0.0,0.0
2025-01-09 09:00:00,situation_20250109_0900_1e958848.pdf,4.0,5.0,0.0,0.0
2025-01-10 09:00:00,situation_20250110_0900_c6d0a1c5.pdf,5.0,45.0,0.0,45.0
2025-01-11 09:00:00,situation_20250111_0900_fb45c57b.pdf,45.0,0.0,45.0,0.0
2025-01-12 09:00:00,situation_20250112_0900_2f31bce7.pdf,0.0,122.0,0.0,0.0
2025-01-13 09:00:00,situation_20250113_0900_378f4643.pdf,122.0,65.0,0.0,0.0
2025-01-14 09:00:00,situation_20250114_0900_4675fba6.pdf,65.0,200.0,0.0,135.0
2025-01-15 09:00:00,situation_20250115_0900_b99dc53d.pdf,200.0,930.0,135.0,56.0
2025-01-16 09:00:00,situation_20250116_0900_e8d8d4d7.pdf,930.0,667.0,56.0,174.0
2025-01-17 09:00:00,situation_20250117_0900_1bbe96ea.pdf,667.0,603.0,174.0,200.0
2025-01-18 09:00:00,situation_20250118_0900_4e664488.pdf,603.0,910.0,200.0,46.0
2025-01-19 09:00:00,situation_20250119_0900_f7cfd0e8.pdf,910.0,16930.0,46.0,239.0
2025-01-20 09:00:00,situation_20250120_0900_a4b499e8.pdf,16930.0,20333.0,239.0,686.0
2025-01-21 09:00:00,situation_20250121_0900_366c957e.pdf,20333.0,18607.0,686.0,1320.0
2025-01-22 09:00:00,situation_20250122_0900_8365a061.pdf,18607.0,73586.0,1320.0,1202.0
2025-01-23 09:00:00,situation_20250123_0900_887db400.pdf,73586.0,92382.0,1202.0,820.0
2025-01-24 09:00:00,situation_20250124_0900_b81a3ed8.pdf,92382.0,92471.0,820.0,438.0
2025-01-25 09:00:00,situation_20250125_0900_9a0b5bac.pdf,92471.0,92471.0,438.0,438.0
2025-01-26 09:00:00,situation_20250126_0900_69934cae.pdf,92471.0,92477.0,438.0,438.0
2025-01-27 09:00:00,situation_20250127_0900_fddd5d23.pdf,92477.0,822.0,438.0,47.0
2025-01-28 09:00:00,situation_20250128_0900_f46e1081.pdf,822.0,96.0,47.0,33.0
2025-01-29 09:00:00,situation_20250129_0900_347cf28e.pdf,96.0,33.0,33.0,33.0
2025-01-30 09:00:00,situation_20250130_0900_2e417910.pdf,33.0,233.0,33.0,100.0
2025-01-31 09:00:00,situation_20250131_0900_8767d452.pdf,233.0,271.0,100.0,100.0
2025-02-01 09:00:00,situation_20250201_0900_987ff0b2.pdf,271.0,230.0,100.0,100.0
2025-02-02 09:00:00,situation_20250202_0900_f61491d7.pdf,230.0,230.0,100.0,147.0
2025-02-03 09:00:00,situation_20250203_0900_eba9f364.pdf,230.0,985.0,147.0,37.0
2025-02-04 09:00:00,situation_20250204_0900_60601059.pdf,985.0,942.0,37.0,37.0
2025-02-05 09:00:00,situation_20250205_0900_0de7b393.pdf,942.0,1.0,37.0,37.0
2025-02-06 09:00:00,situation_20250206_0900_8d23a712.pdf,1.0,948.0,37.0,0.0
2025-02-07 09:00:00,situation_20250207_0900_8ee869a5.pdf,948.0,960.0,0.0,0.0
2025-02-08 09:00:00,situation_20250208_0900_44489b9b.pdf,960.0,0.0,0.0,0.0
2025-02-09 09:00:00,situation_20250209_0900_21f50e1f.pdf,0.0,0.0,0.0,0.0
2025-02-10 09:00:00,situation_20250210_0900_0201f714.pdf,0.0,14.0,0.0,0.0
2025-02-11 09:00:00,situation_20250211_0900_40fd05b9.pdf,14.0,1.0,0.0,0.0
2025-02-12 09:00:00,situation_20250212_0900_bff647f3.pdf,1.0,0.0,0.0,0.0
2025-02-13 09:00:00,situation_20250213_0900_667a5939.pdf,0.0,3.0,0.0,0.0
2025-02-14 09:00:00,situation_20250214_0900_1956f508.pdf,3.0,1.0,0.0,0.0
2025-02-15 09:00:00,situation_20250215_0900_780293e2.pdf,1.0,0.0,0.0,0.0
2025-02-16 09:00:00,situation_20250216_0900_8ddc693a.pdf,0.0,0.0,0.0,0.0
2025-02-17 09:00:00,situation_20250217_0900_17ae8784.pdf,0.0,4.0,0.0,0.0
2025-02-18 09:00:00,situation_20250218_0900_e528a2c5.pdf,4.0,0.0,0.0,0.0
2025-02-19 09:00:00,situation_20250219_0900_3cba3ff5.pdf,0.0,6.0,0.0,0.0
2025-02-20 09:00:00,situation_20250220_0900_239231d5.pdf,6.0,8.0,0.0,0.0
2025-02-21 09:00:00,situation_20250221_0900_d879e837.pdf,8.0,5777.0,0.0,0.0
2025-02-22 09:00:00,situation_20250222_0900_d075e43e.pdf,5777.0,7194.0,0.0,0.0
2025-02-23 09:00:00,situation_20250223_0900_1ae8dc07.pdf,7194.0,7194.0,0.0,0.0
2025-02-24 09:00:00,situation_20250224_0900_62c582b7.pdf,7194.0,7258.0,0.0,0.0
2025-02-25 09:00:00,situation_20250225_0900_58bb25d3.pdf,7258.0,12308.0,0.0,0.0
2025-02-26 09:00:00,situation_20250226_0900_54177a9f.pdf,12308.0,587.0,0.0,0.0
2025-02-27 09:00:00,situation_20250227_0900_38d96efc.pdf,587.0,714.0,0.0,0.0
2025-03-01 09:00:00,situation_20250301_0900_80f898c1.pdf,714.0,726.0,0.0,0.0
2025-03-02 09:00:00,situation_20250302_0900_02af25c3.pdf,726.0,754.0,0.0,0.0
2025-03-03 09:00:00,situation_20250303_0900_6b204d23.pdf,754.0,887.0,0.0,0.0
2025-03-04 09:00:00,situation_20250304_0900_daaffa89.pdf,887.0,973.0,0.0,0.0
2025-03-05 09:00:00,situation_20250305_0900_b7a94cea.pdf,973.0,1033.0,0.0,0.0
2025-03-06 09:00:00,situation_20250306_0900_56ca00ce.pdf,1033.0,0.0,0.0,0.0
2025-03-07 09:00:00,situation_20250307_0900_63045fc4.pdf,0.0,0.0,0.0,0.0
2025-03-08 09:00:00,situation_20250308_0900_7c9ef882.pdf,0.0,0.0,0.0,0.0
2025-03-09 09:00:00,situation_20250309_0900_7ecf5d4f.pdf,0.0,0.0,0.0,0.0
2025-03-10 09:00:00,situation_20250310_0900_0657e34c.pdf,0.0,0.0,0.0,0.0
2025-03-11 09:00:00,situation_20250311_0900_e0342577.pdf,0.0,10.0,0.0,0.0
2025-03-12 09:00:00,situation_20250312_0900_00e85978.pdf,10.0,85.0,0.0,0.0
2025-03-16 09:00:00,situation_20250316_0900_3b0b7aba.pdf,56.0,66.0,0.0,0.0
2025-03-17 09:00:00,situation_20250317_0900_4dc1591c.pdf,66.0,85.0,0.0,0.0
2025-03-18 09:00:00,situation_20250318_0900_fefb28ae.pdf,85.0,339.0,0.0,0.0
2025-03-19 09:00:00,situation_20250319_0900_136b473f.pdf,339.0,70.0,0.0,0.0
2025-03-20 09:00:00,situation_20250320_0900_d51ad0b2.pdf,70.0,47.0,0.0,0.0
2025-03-22 09:00:00,situation_20250322_0900_535bf914.pdf,47.0,47.0,0.0,0.0
2025-03-23 09:00:00,situation_20250323_0900_869bbd80.pdf,47.0,47.0,0.0,0.0
2025-03-24 09:00:00,situation_20250324_0900_7ac33ad8.pdf,47.0,275.0,0.0,0.0
2025-03-25 09:00:00,situation_20250325_0900_244e6d08.pdf,275.0,463.0,0.0,0.0
2025-03-26 09:00:00,situation_20250326_0900_6a992d07.pdf,463.0,391.0,0.0,0.0
2025-03-27 09:00:00,situation_20250327_0900_c03805be.pdf,391.0,4.0,0.0,0.0
2025-03-28 09:00:00,situation_20250328_0900_663b5784.pdf,4.0,23.0,0.0,0.0
2025-04-01 09:00:00,situation_20250401_0900_2d76f603.pdf,204.0,109.0,0.0,0.0
2025-04-02 09:00:00,situation_20250402_0900_621c9aa2.pdf,109.0,8.0,0.0,0.0
2025-04-03 09:00:00,situation_20250403_0900_5fd31dc2.pdf,8.0,29.0,0.0,0.0
2025-04-04 09:00:00,situation_20250404_0900_bc4faa97.pdf,29.0,61.0,0.0,0.0
2025-04-05 09:00:00,situation_20250405_0900_efd66bcc.pdf,61.0,61.0,0.0,0.0
2025-04-06 09:00:00,situation_20250406_0900_0f1b7cb2.pdf,61.0,61.0,0.0,0.0
2025-04-07 09:00:00,situation_20250407_0900_e1ae0e92.pdf,61.0,90.0,0.0,0.0
2025-04-08 09:00:00,situation_20250408_0900_ac563c28.pdf,90.0,71.0,0.0,0.0
2025-04-09 09:00:00,situation_20250409_0900_bbfa7e33.pdf,71.0,47.0,0.0,0.0
2025-04-10 09:00:00,situation_20250410_0900_24d138cd.pdf,47.0,43.0,0.0,0.0
2025-04-11 09:00:00,situation_20250411_0900_2ed15c71.pdf,43.0,20.0,0.0,0.0
2025-04-12 09:00:00,situation_20250412_0900_3fd78daf.pdf,20.0,0.0,0.0,0.0
2025-04-13 09:00:00,situation_20250413_0900_721218c2.pdf,0.0,0.0,0.0,0.0
2025-04-14 09:00:00,situation_20250414_0900_896916d4.pdf,0.0,0.0,0.0,0.0
2025-04-15 09:00:00,situation_20250415_0900_519f3323.pdf,0.0,0.0,0.0,0.0
2025-04-16 09:00:00,situation_20250416_0900_9cff40c9.pdf,0.0,4.0,0.0,0.0
2025-04-17 09:00:00,situation_20250417_0900_f7f8b877.pdf,4.0,437.0,0.0,0.0
2025-04-18 09:00:00,situation_20250418_0900_c1f1ef90.pdf,437.0,0.0,0.0,0.0
2025-04-19 09:00:00,situation_20250419_0900_a4f7a72e.pdf,0.0,0.0,0.0,0.0
2025-04-20 09:00:00,situation_20250420_0900_6ee90878.pdf,0.0,0.0,0.0,0.0
2025-04-21 09:00:00,situation_20250421_0900_fc0da96c.pdf,0.0,78.0,0.0,27.0
2025-04-22 09:00:00,situation_20250422_0900_9f910bbe.pdf,78.0,12.0,27.0,0.0
2025-04-23 09:00:00,situation_20250423_0900_99828bdd.pdf,12.0,976.0,0.0,0.0
2025-04-24 09:00:00,situation_20250424_0900_e1a5d2e2.pdf,976.0,972.0,0.0,0.0
2025-04-25 09:00:00,situation_20250425_0900_7e8a5c36.pdf,972.0,972.0,0.0,0.0
2025-04-26 09:00:00,situation_20250426_0900_347ba458.pdf,972.0,414.0,0.0,0.0
2025-04-27 09:00:00,situation_20250427_0900_4f8ef648.pdf,414.0,100.0,0.0,0.0
2025-04-28 09:00:00,situation_20250428_0900_6bfbc815.pdf,100.0,217.0,0.0,0.0
2025-04-29 09:00:00,situation_20250429_0900_2c5e10d3.pdf,217.0,175.0,0.0,0.0
2025-04-30 09:00:00,situation_20250430_0900_8c50f755.pdf,175.0,0.0,0.0,0.0
2025-05-02 09:00:00,situation_20250502_0900_6cbbf1ab.pdf,0.0,0.0,0.0,0.0
2025-05-03 09:00:00,situation_20250503_0900_27e24cae.pdf,0.0,22.0,0.0,0.0
2025-05-04 09:00:00,situation_20250504_0900_3e443f56.pdf,22.0,29.0,0.0,0.0
2025-05-05 09:00:00,situation_20250505_0900_c87f86b7.pdf,29.0,26.0,0.0,0.0
2025-05-06 09:00:00,situation_20250506_0900_14631e45.pdf,26.0,4.0,0.0,0.0
2025-05-07 09:00:00,situation_20250507_0900_76c56cf4.pdf,4.0,55.0,0.0,0.0
2025-05-08 09:00:00,situation_20250508_0900_07c3e05e.pdf,55.0,42.0,0.0,0.0
2025-05-09 09:00:00,situation_20250509_0900_415dfb52.pdf,42.0,97.0,0.0,0.0
2025-05-10 09:00:00,situation_20250510_0900_b060d6ee.pdf,97.0,100.0,0.0,0.0
2025-05-11 09:00:00,situation_20250511_0900_da0b54a9.pdf,100.0,100.0,0.0,0.0
2025-05-12 09:00:00,situation_20250512_0900_5bccbeff.pdf,100.0,0.0,0.0,0.0
2025-05-13 09:00:00,situation_20250513_0900_0e82a079.pdf,0.0,26.0,0.0,0.0
2025-05-17 09:00:00,situation_20250517_0900_291e8ccf.pdf,132.0,697.0,0.0,0.0
2025-05-18 09:00:00,situation_20250518_0900_bce77151.pdf,697.0,685.0,0.0,0.0
2025-05-19 09:00:00,situation_20250519_0900_79cdc2ad.pdf,685.0,398.0,0.0,0.0
2025-05-20 09:00:00,situation_20250520_0900_06e1a5aa.pdf,398.0,418.0,0.0,0.0
2025-05-21 09:00:00,situation_20250521_0900_99f53aec.pdf,418.0,181.0,0.0,0.0
2025-05-22 09:00:00,situation_20250522_0900_4dcbe4ef.pdf,181.0,146.0,0.0,0.0
2025-05-23 09:00:00,situation_20250523_0900_9e7fdfe1.pdf,146.0,156.0,0.0,0.0
2025-05-24 09:00:00,situation_20250524_0900_d6de60cd.pdf,156.0,143.0,0.0,0.0
2025-05-25 09:00:00,situation_20250525_0900_fc175ffe.pdf,143.0,8.0,0.0,0.0
2025-05-26 09:00:00,situation_20250526_0900_5960436f.pdf,8.0,1392.0,0.0,0.0
2025-05-27 09:00:00,situation_20250527_0900_8617515d.pdf,1392.0,1520.0,0.0,0.0
2025-05-28 09:00:00,situation_20250528_0900_916e6de3.pdf,1520.0,1752.0,0.0,0.0
2025-05-29 09:00:00,situation_20250529_0900_3890ec63.pdf,1752.0,1757.0,0.0,0.0
2025-05-30 09:00:00,situation_20250530_0900_2178416e.pdf,1757.0,3345.0,0.0,129.0
2025-05-30 18:00:00,situation_20250530_1800_2633c303.pdf,3345.0,5974.0,129.0,129.0
2025-05-31 09:00:00,situation_20250531_0900_e62d0814.pdf,5974.0,9975.0,129.0,147.0
2025-06-01 09:00:00,situation_20250601_0900_96a698f8.pdf,9975.0,11469.0,147.0,162.0
2025-06-02 10:40:00,situation_20250602_1040_853cf3ec.pdf,11469.0,10376.0,162.0,162.0
2025-06-03 09:00:00,situation_20250603_0900_92d3de13.pdf,10376.0,10648.0,162.0,162.0
2025-06-04 09:00:00,situation_20250604_0900_4d474156.pdf,10648.0,4.0,162.0,0.0
2025-06-05 09:00:00,situation_20250605_0900_b4ea08d3.pdf,4.0,14.0,0.0,0.0
2025-06-06 09:00:00,situation_20250606_0900_f532c4a6.pdf,14.0,14.0,0.0,0.0
2025-06-07 09:00:00,situation_20250607_0900_aa97aec3.pdf,14.0,10.0,0.0,0.0
2025-06-08 09:00:00,situation_20250608_0900_14245591.pdf,10.0,10.0,0.0,0.0
2025-06-09 09:00:00,situation_20250609_0900_7417af05.pdf,10.0,3.0,0.0,0.0
2025-06-10 09:00:00,situation_20250610_0900_9c768b5a.pdf,3.0,15.0,0.0,0.0
2025-06-12 09:00:00,situation_20250612_0900_a92564d2.pdf,15.0,157.0,0.0,0.0
2025-06-13 09:00:00,situation_20250613_0900_b296e2ea.pdf,157.0,339.0,0.0,0.0
2025-06-14 09:00:00,situation_20250614_0900_42212151.pdf,339.0,353.0,0.0,0.0
2025-06-15 09:00:00,situation_20250615_0900_ccd80d80.pdf,353.0,255.0,0.0,0.0
2025-06-16 09:00:00,situation_20250616_0900_4f2709f4.pdf,255.0,493.0,0.0,0.0
2025-06-17 09:00:00,situation_20250617_0900_02359c9c.pdf,493.0,548.0,0.0,0.0
2025-06-18 09:00:00,situation_20250618_0900_b642e98b.pdf,548.0,451.0,0.0,0.0
2025-06-19 09:00:00,situation_20250619_0900_50e5f599.pdf,451.0,361.0,0.0,0.0
2025-06-20 09:00:00,situation_20250620_0900_585e3665.pdf,361.0,4.0,0.0,0.0
2025-06-21 09:00:00,situation_20250621_0900_91b902a6.pdf,4.0,0.0,0.0,0.0
2025-06-22 09:00:00,situation_20250622_0900_547684bc.pdf,0.0,0.0,0.0,0.0
2025-06-23 09:00:00,situation_20250623_0900_b1de7a0a.pdf,0.0,164.0,0.0,0.0
2025-06-24 09:00:00,situation_20250624_0900_1b5df8eb.pdf,164.0,183.0,0.0,0.0
2025-06-25 09:00:00,situation_20250625_0900_55d27f76.pdf,183.0,183.0,0.0,0.0
2025-06-26 09:00:00,situation_20250626_0900_86d572ce.pdf,183.0,183.0,0.0,0.0
2025-06-27 09:00:00,situation_20250627_0900_fed99eb6.pdf,183.0,183.0,0.0,0.0
2025-06-28 09:00:00,situation_20250628_0900_8946b702.pdf,183.0,3.0,0.0,0.0
2025-06-29 09:00:00,situation_20250629_0900_a0f4840a.pdf,3.0,0.0,0.0,0.0
2025-06-30 09:00:00,situation_20250630_0900_915bb274.pdf,0.0,21.0,0.0,0.0
2025-07-01 09:00:00,situation_20250701_0900_e024e8e0.pdf,21.0,0.0,0.0,0.0
2025-07-02 09:00:00,situation_20250702_0900_f177156d.pdf,0.0,0.0,0.0,0.0
2025-07-03 09:00:00,situation_20250703_0900_a9c91df6.pdf,0.0,1.0,0.0,0.0
2025-07-04 09:00:00,situation_20250704_0900_1c52cfc8.pdf,1.0,0.0,0.0,0.0
2025-07-05 09:00:00,situation_20250705_0900_ef4a13ec.pdf,0.0,0.0,0.0,0.0
2025-07-06 09:00:00,situation_20250706_0900_49938b0c.pdf,0.0,0.0,0.0,0.0
2025-07-07 09:00:00,situation_20250707_0900_d070f4b3.pdf,0.0,4.0,0.0,0.0
2025-07-08 09:00:00,situation_20250708_0900_58b29fd7.pdf,4.0,3.0,0.0,0.0
2025-07-09 09:00:00,situation_20250709_0900_2db3b7a6.pdf,3.0,0.0,0.0,0.0
2025-07-10 09:00:00,situation_20250710_0900_db9056fb.pdf,0.0,8.0,0.0,0.0
2025-07-12 09:00:00,situation_20250712_0900_85e9db1f.pdf,8.0,0.0,0.0,0.0
2025-07-13 09:00:00,situation_20250713_0900_e165c2be.pdf,0.0,7.0,0.0,0.0
2025-07-14 09:00:00,situation_20250714_0900_547c4942.pdf,7.0,0.0,0.0,0.0
2025-07-15 09:00:00,situation_20250715_0900_18e8a66e.pdf,0.0,0.0,0.0,0.0
2025-07-16 09:00:00,situation_20250716_0900_bd118d31.pdf,0.0,0.0,0.0,0.0
2025-07-17 09:00:00,situation_20250717_0900_ff20ef1a.pdf,0.0,0.0,0.0,0.0
2025-07-18 09:00:00,situation_20250718_0900_093ab659.pdf,0.0,0.0,0.0,0.0
2025-07-19 09:00:00,situation_20250719_0900_a9f99c26.pdf,0.0,24.0,0.0,0.0
2025-07-20 09:00:00,situation_20250720_0900_e0738705.pdf,24.0,33.0,0.0,0.0
2025-07-21 10:00:00,situation_20250721_1000_c87cf419.pdf,33.0,61.0,0.0,0.0
2025-07-22 09:30:00,situation_20250722_0930_7b3eaa1f.pdf,61.0,4.0,0.0,0.0
2025-07-23 09:00:00,situation_20250723_0900_f96d5adf.pdf,4.0,7.0,0.0,0.0
2025-07-24 09:00:00,situation_20250724_0900_0c822c93.pdf,7.0,1.0,0.0,0.0
2025-07-25 09:00:00,situation_20250725_0900_0af8b756.pdf,1.0,68.0,0.0,0.0
2025-07-26 09:00:00,situation_20250726_0900_c3f18578.pdf,68.0,37.0,0.0,0.0
2025-07-27 09:00:00,situation_20250727_0900_40ee6f27.pdf,37.0,6.0,0.0,0.0
2025-07-29 09:00:00,situation_20250729_0900_fece3b03.pdf,6.0,10.0,0.0,0.0
2025-07-30 09:00:00,situation_20250730_0900_a82c824e.pdf,10.0,5.0,0.0,0.0
2025-07-31 09:00:00,situation_20250731_0900_6c4ad1de.pdf,5.0,4.0,0.0,0.0
2025-08-01 09:00:00,situation_20250801_0900_017b82f4.pdf,4.0,68.0,0.0,0.0
2025-08-02 09:00:00,situation_20250802_0900_10097a55.pdf,68.0,1.0,0.0,0.0
2025-08-03 09:00:00,situation_20250803_0900_148208d3.pdf,1.0,4.0,0.0,0.0
2025-08-04 09:00:00,situation_20250804_0900_4eef95a3.pdf,4.0,8.0,0.0,0.0
2025-08-05 09:00:00,situation_20250805_0900_ccf33b0b.pdf,8.0,8.0,0.0,0.0
2025-08-06 09:00:00,situation_20250806_0900_da5ed227.pdf,8.0,144.0,0.0,0.0
2025-08-07 09:00:00,situation_20250807_0900_ad35cca7.pdf,144.0,2.0,0.0,0.0
2025-08-08 09:00:00,situation_20250808_0900_d63395a5.pdf,2.0,0.0,0.0,0.0
2025-08-09 09:00:00,situation_20250809_0900_8278e377.pdf,0.0,6.0,0.0,0.0
2025-08-10 09:00:00,situation_20250810_0900_5e24f592.pdf,6.0,6.0,0.0,0.0
2025-08-11 09:00:00,situation_20250811_0900_5ee19fd2.pdf,6.0,63.0,0.0,0.0
2025-08-12 09:00:00,situation_20250812_0900_b0b68703.pdf,63.0,32.0,0.0,0.0
2025-08-14 09:00:00,situation_20250814_0900_52ee5492.pdf,32.0,32.0,0.0,0.0
2025-08-15 09:00:00,situation_20250815_0900_7ddd4034.pdf,32.0,32.0,0.0,0.0
2025-08-16 09:00:00,situation_20250816_0900_b3d8a260.pdf,32.0,0.0,0.0,0.0
2025-08-17 09:00:00,situation_20250817_0900_6422c6a1.pdf,0.0,4.0,0.0,0.0
2025-08-18 09:00:00,situation_20250818_0900_8b10fa5f.pdf,4.0,0.0,0.0,0.0
2025-08-19 09:00:00,situation_20250819_0900_90866e5c.pdf,0.0,0.0,0.0,0.0
2025-08-20 09:00:00,situation_20250820_0900_431fe8f8.pdf,0.0,0.0,0.0,0.0
2025-08-21 09:00:00,situation_20250821_0900_e9744c41.pdf,0.0,0.0,0.0,0.0
2025-08-22 09:00:00,situation_20250822_0900_09526782.pdf,0.0,21.0,0.0,0.0
2025-08-23 09:00:00,situation_20250823_0900_044f1038.pdf,21.0,7.0,0.0,0.0
2025-08-24 09:00:00,situation_20250824_0900_14dace6e.pdf,7.0,44.0,0.0,0.0
2025-08-25 09:00:00,situation_20250825_0900_299d043c.pdf,44.0,337.0,0.0,0.0
2025-08-26 09:00:00,situation_20250826_0900_f1b5f6e4.pdf,337.0,542.0,0.0,0.0
2025-08-27 09:00:00,situation_20250827_0900_a04733e5.pdf,542.0,938.0,0.0,0.0
2025-08-28 09:00:00,situation_20250828_0900_77f00b71.pdf,938.0,10.0,0.0,0.0
2025-08-29 09:00:00,situation_20250829_0900_c26043bf.pdf,10.0,9.0,0.0,0.0
2025-08-30 09:00:00,situation_20250830_0900_e27a72e5.pdf,9.0,0.0,0.0,0.0
2025-08-31 09:00:00,situation_20250831_0900_c9f58349.pdf,0.0,0.0,0.0,0.0
2025-09-01 09:00:00,situation_20250901_0900_64295925.pdf,0.0,4.0,0.0,0.0
2025-09-02 09:00:00,situation_20250902_0900_2a3ffd1b.pdf,4.0,113.0,0.0,0.0
2025-09-03 09:00:00,situation_20250903_0900_b0c01d3a.pdf,113.0,128.0,0.0,0.0
2025-09-04 09:00:00,situation_20250904_0900_3757acaf.pdf,128.0,0.0,0.0,0.0
2025-09-05 09:00:00,situation_20250905_0900_5996ec17.pdf,0.0,0.0,0.0,0.0
2025-09-06 09:00:00,situation_20250906_0900_9807bf0e.pdf,0.0,0.0,0.0,0.0
2025-09-07 09:00:00,situation_20250907_0900_42244ec4.pdf,0.0,0.0,0.0,0.0
2025-09-08 09:00:00,situation_20250908_0900_bbdb824e.pdf,0.0,53.0,0.0,0.0
2025-09-09 09:00:00,situation_20250909_0900_cccda21d.pdf,53.0,7.0,0.0,0.0
2025-09-10 09:00:00,situation_20250910_0900_624d69e1.pdf,7.0,7.0,0.0,0.0
2025-09-11 09:00:00,situation_20250911_0900_bd8f3929.pdf,7.0,0.0,0.0,0.0
2025-09-12 09:00:00,situation_20250912_0900_838ecb1e.pdf,0.0,16.0,0.0,0.0
2025-09-13 09:00:00,situation_20250913_0900_ed5503cf.pdf,16.0,0.0,0.0,0.0
2025-09-14 09:00:00,situation_20250914_0900_fcc87159.pdf,0.0,1662.0,0.0,0.0
2025-09-16 09:00:00,situation_20250916_0900_75d18374.pdf,1662.0,1865.0,0.0,0.0
2025-09-17 09:00:00,situation_20250917_0900_e67d33c5.pdf,1865.0,1865.0,0.0,0.0
2025-09-18 09:00:00,situation_20250918_0900_43ac7a82.pdf,1865.0,1985.0,0.0,0.0
2025-09-19 09:00:00,situation_20250919_0900_66290597.pdf,1985.0,2125.0,0.0,0.0
2025-09-20 09:00:00,situation_20250920_0900_11b0fc9f.pdf,2125.0,2125.0,0.0,0.0
2025-09-21 09:00:00,situation_20250921_0900_bbe784ad.pdf,2125.0,1922.0,0.0,0.0
2025-09-22 09:00:00,situation_20250922_0900_cbe05b0a.pdf,1922.0,2125.0,0.0,0.0
2025-09-23 09:00:00,situation_20250923_0900_04e82f2a.pdf,2125.0,2125.0,0.0,0.0
2025-09-24 09:00:00,situation_20250924_0900_8b55a7d4.pdf,2125.0,2125.0,0.0,0.0
2025-09-25 09:00:00,situation_20250925_0900_ece61898.pdf,2125.0,2179.0,0.0,0.0
2025-09-26 09:00:00,situation_20250926_0900_9b4301ae.pdf,2179.0,2179.0,0.0,0.0
2025-09-27 09:00:00,situation_20250927_0900_508aa680.pdf,2179.0,1976.0,0.0,0.0
2025-09-28 09:00:00,situation_20250928_0900_d8e0d41e.pdf,1976.0,42.0,0.0,0.0
2025-09-29 09:00:00,situation_20250929_0900_33bf50fa.pdf,42.0,708.0,0.0,0.0
2025-09-30 09:00:00,situation_20250930_0900_56192440.pdf,708.0,708.0,0.0,0.0
2025-10-01 09:00:00,situation_20251001_0900_50c1b705.pdf,708.0,2531.0,0.0,0.0
2025-10-02 09:00:00,situation_20251002_0900_3a07a3f9.pdf,2531.0,2531.0,0.0,0.0
2025-10-03 09:00:00,situation_20251003_0900_36dc3c96.pdf,2531.0,2531.0,0.0,0.0
2025-10-04 09:00:00,situation_20251004_0900_29e22d53.pdf,2531.0,2531.0,0.0,0.0
2025-10-05 09:00:00,situation_20251005_0900_e96af9cf.pdf,2531.0,2531.0,0.0,0.0
2025-10-06 09:00:00,situation_20251006_0900_38906902.pdf,2531.0,2531.0,0.0,0.0
2025-10-07 09:00:00,situation_20251007_0900_bf28b13b.pdf,2531.0,2531.0,0.0,0.0
2025-10-08 09:00:00,situation_20251008_0900_329dd9ea.pdf,2531.0,2531.0,0.0,0.0
2025-10-09 09:00:00,situation_20251009_0900_60b0a466.pdf,2531.0,1263.0,0.0,0.0
2025-10-10 09:00:00,situation_20251010_0900_d18f210c.pdf,1263.0,0.0,0.0,0.0
2025-10-11 09:00:00,situation_20251011_0900_9f706ebd.pdf,0.0,2531.0,0.0,0.0
2025-10-12 09:00:00,situation_20251012_0900_951f1f9e.pdf,2531.0,2531.0,0.0,0.0
2025-10-13 09:00:00,situation_20251013_0900_0636a91d.pdf,2531.0,2785.0,0.0,0.0
2025-10-14 09:00:00,situation_20251014_0900_14b03728.pdf,2785.0,2785.0,0.0,0.0
2025-10-15 09:00:00,situation_20251015_0900_85e4e054.pdf,2785.0,2785.0,0.0,0.0
2025-10-16 09:00:00,situation_20251016_0900_abd50e16.pdf,2785.0,2785.0,0.0,0.0
2025-10-17 09:00:00,situation_20251017_0900_e3072190.pdf,2785.0,2785.0,0.0,0.0
2025-10-18 09:00:00,situation_20251018_0900_43507407.pdf,2785.0,555.0,0.0,0.0
2025-10-19 09:00:00,situation_20251019_0900_a96033dc.pdf,555.0,585.0,0.0,0.0
2025-10-20 09:00:00,situation_20251020_0900_250bc174.pdf,585.0,731.0,0.0,0.0
2025-10-21 10:00:00,situation_20251021_1000_4d66abc1.pdf,731.0,9542.0,0.0,30.0
2025-10-22 11:00:00,situation_20251022_1100_b8cfca64.pdf,9542.0,12142.0,30.0,30.0
2025-10-23 11:00:00,situation_20251023_1100_30088458.pdf,12142.0,21778.0,30.0,30.0
2025-10-24 10:00:00,situation_20251024_1000_72eed757.pdf,21778.0,22620.0,30.0,30.0
2025-10-25 09:00:00,situation_20251025_0900_793fb866.pdf,22620.0,31623.0,30.0,544.0
2025-10-26 10:30:00,situation_20251026_1030_7ac503db.pdf,31623.0,31628.0,544.0,544.0
2025-10-27 09:00:00,situation_20251027_0900_b89b91ad.pdf,31628.0,16726.0,544.0,10.0
2025-10-28 09:00:00,situation_20251028_0900_e639eb83.pdf,16726.0,15146.0,10.0,0.0
2025-10-29 09:00:00,situation_20251029_0900_401f78ea.pdf,15146.0,15155.0,0.0,0.0
2025-10-30 09:00:00,situation_20251030_0900_48945be0.pdf,15155.0,0.0,0.0,0.0
2025-11-01 09:00:00,situation_20251101_0900_2fbe1e97.pdf,0.0,4.0,0.0,0.0
2025-11-02 09:00:00,situation_20251102_0900_850dccbb.pdf,4.0,0.0,0.0,0.0
2025-11-03 09:00:00,situation_20251103_0900_60d4a413.pdf,0.0,19.0,0.0,0.0
2025-11-04 09:00:00,situation_20251104_0900_a3c2f6c8.pdf,19.0,44.0,0.0,0.0
2025-11-06 09:00:00,situation_20251106_0900_166b177f.pdf,44.0,0.0,0.0,0.0
2025-11-07 09:00:00,situation_20251107_0900_d1061f8f.pdf,0.0,2.0,0.0,0.0
2025-11-08 09:00:00,situation_20251108_0900_80b2b1cc.pdf,2.0,0.0,0.0,0.0
2025-11-09 09:00:00,situation_20251109_0900_a259777c.pdf,0.0,2.0,0.0,0.0
2025-11-10 09:00:00,situation_20251110_0900_a51ff5f7.pdf,2.0,29.0,0.0,0.0
2025-11-11 09:00:00,situation_20251111_0900_7b18b1d2.pdf,29.0,0.0,0.0,0.0
2025-11-12 09:00:00,situation_20251112_0900_c350a1ac.pdf,0.0,6.0,0.0,0.0
2025-11-13 09:00:00,situation_20251113_0900_55f92615.pdf,6.0,0.0,0.0,0.0
2025-11-14 09:00:00,situation_20251114_0900_bf8c1cb6.pdf,0.0,20.0,0.0,0.0
2025-11-15 09:00:00,situation_20251115_0900_b15fc1aa.pdf,20.0,0.0,0.0,0.0
2025-11-16 09:00:00,situation_20251116_0900_261a1f19.pdf,0.0,0.0,0.0,0.0
2025-11-17 09:00:00,situation_20251117_0900_1ec83952.pdf,0.0,307.0,0.0,0.0
2025-11-18 09:00:00,situation_20251118_0900_5e1f5eaf.pdf,307.0,420.0,0.0,0.0
2025-11-19 09:00:00,situation_20251119_0900_6817c9c2.pdf,420.0,674.0,0.0,0.0
2025-11-21 09:00:00,situation_20251121_0900_6ee8f3b5.pdf,674.0,806.0,0.0,0.0
2025-11-22 09:00:00,situation_20251122_0900_fd625367.pdf,806.0,1740.0,0.0,16.0
2025-11-23 09:00:00,situation_20251123_0900_51932e90.pdf,1740.0,1790.0,16.0,16.0
2025-11-24 09:00:00,situation_20251124_0900_c87d006f.pdf,1790.0,2617.0,16.0,67.0
2025-11-25 10:00:00,situation_20251125_1000_b185fe50.pdf,2617.0,3058.0,67.0,104.0
2025-11-26 10:00:00,situation_20251126_1000_c093a442.pdf,3058.0,6433.0,104.0,524.0
2025-11-27 18:00:00,situation_20251127_1800_3d5be6af.pdf,6433.0,43991.0,524.0,3684.0
2025-11-28 09:00:00,situation_20251128_0900_4fddda25.pdf,43991.0,219282.0,3684.0,18443.0
2025-11-28 18:00:00,situation_20251128_1800_b61d9d6f.pdf,219282.0,219282.0,18443.0,18443.0
2025-11-29 06:00:00,situation_20251129_0600_970e59a6.pdf,219282.0,373428.0,18443.0,43925.0
2025-11-29 09:00:00,situation_20251129_0900_af94f066.pdf,373428.0,646567.0,43925.0,78010.0
2025-11-29 14:00:00,situation_20251129_1400_6cfead4d.pdf,646567.0,774724.0,78010.0,100898.0
2025-11-29 18:00:00,situation_20251129_1800_555ac942.pdf,774724.0,833985.0,100898.0,122822.0
2025-12-01 06:00:00,situation_20251201_0600_55cd4803.pdf,1118929.0,1156860.0,196790.0,209568.0
2025-12-01 10:00:00,situation_20251201_1000_3029f1fa.pdf,1156860.0,1151776.0,209568.0,218526.0
2025-12-01 12:30:00,situation_20251201_1230_78ec8fa7.pdf,1151776.0,1373899.0,218526.0,204597.0
2025-12-01 18:00:00,situation_20251201_1800_05efb207.pdf,1373899.0,1373899.0,204597.0,204597.0
2025-12-02 06:00:00,situation_20251202_0600_e0601d4e.pdf,1373899.0,1466615.0,204597.0,233015.0
2025-12-02 10:00:00,situation_20251202_1000_5073e12f.pdf,1466615.0,1558919.0,233015.0,232752.0
2025-12-02 18:00:00,situation_20251202_1800_3670c52c.pdf,1558919.0,1558919.0,232752.0,232752.0
2025-12-03 06:00:00,situation_20251203_0600_8089a5b7.pdf,1558919.0,1586329.0,232752.0,201875.0
2025-12-03 10:00:00,situation_20251203_1000_1be53c43.pdf,1586329.0,1614790.0,201875.0,188974.0
2025-12-03 18:00:00,situation_20251203_1800_60b89511.pdf,1614790.0,1614790.0,188974.0,188974.0
2025-12-04 06:00:00,situation_20251204_0600_ab2afc40.pdf,1614790.0,1814534.0,188974.0,171492.0
2025-12-04 18:00:00,situation_20251204_1800_70afb5c7.pdf,1814534.0,1844055.0,171492.0,171778.0
2025-12-04 19:00:00,situation_20251204_1900_f7d008c3.pdf,1844055.0,1844055.0,171778.0,171778.0
2025-12-05 06:00:00,situation_20251205_0600_869ff8dd.pdf,1844055.0,2082195.0,171778.0,152537.0
2025-12-05 18:00:00,situation_20251205_1800_e3c837b0.pdf,2082195.0,2082195.0,152537.0,152537.0
2025-12-06 06:00:00,situation_20251206_0600_cfaa8738.pdf,2082195.0,2054535.0,152537.0,114126.0
2025-12-06 12:00:00,situation_20251206_1200_32039eb5.pdf,2054535.0,2078436.0,114126.0,100124.0
2025-12-06 20:00:00,situation_20251206_2000_7cd515cf.pdf,2078436.0,2179138.0,100124.0,89857.0
2025-12-07 12:00:00,situation_20251207_1200_5e7485ac.pdf,2179138.0,2179138.0,89857.0,89857.0
2025-12-08 06:00:00,situation_20251208_0600_b1fa7cdd.pdf,2179138.0,1766103.0,89857.0,69861.0
2025-12-08 12:00:00,situation_20251208_1200_da69c218.pdf,1766103.0,1766103.0,69861.0,69861.0
2025-12-09 06:00:00,situation_20251209_0600_d549091e.pdf,1766103.0,1737330.0,69861.0,63628.0
2025-12-09 10:00:00,situation_20251209_1000_4f6c6074.pdf,1737330.0,1824771.0,63628.0,86040.0
2025-12-10 06:00:00,situation_20251210_0600_ce7862a9.pdf,1824771.0,1812311.0,86040.0,85333.0
2025-12-10 12:00:00,situation_20251210_1200_ee97036f.pdf,1812311.0,1814421.0,85333.0,85351.0
2025-12-11 06:00:00,situation_20251211_0600_9e804743.pdf,1814421.0,1703318.0,85351.0,84674.0
2025-12-11 18:00:00,situation_20251211_1800_02a0870c.pdf,1703318.0,1703318.0,84674.0,84674.0
2025-12-12 09:00:00,situation_20251212_0900_4b30c520.pdf,1703318.0,1637960.0,84674.0,82813.0
2025-12-12 12:00:00,situation_20251212_1200_f0c7869f.pdf,1637960.0,1637960.0,82813.0,82813.0
2025-12-12 18:00:00,situation_20251212_1800_7ec64345.pdf,1637960.0,1637960.0,82813.0,82813.0
2025-12-13 06:00:00,situation_20251213_0600_18622479.pdf,1637960.0,1398036.0,82813.0,83361.0
2025-12-13 16:30:00,situation_20251213_1630_6dc495d0.pdf,1398036.0,1364481.0,83361.0,72911.0
2025-12-14 06:00:00,situation_20251214_0600_1dc4d33a.pdf,1364481.0,1344898.0,72911.0,70359.0
2025-12-14 17:00:00,situation_20251214_1700_eef81613.pdf,1344898.0,1628017.0,70359.0,70055.0
2025-12-15 06:00:00,situation_20251215_0600_291adf01.pdf,1628017.0,1600469.0,70055.0,71472.0
2025-12-15 14:00:00,situation_20251215_1400_d96545bf.pdf,1600469.0,1678022.0,71472.0,70297.0
2025-12-15 18:00:00,situation_20251215_1800_6c79a849.pdf,1678022.0,1678022.0,70297.0,70297.0
2025-12-16 06:00:00,situation_20251216_0600_8edbe297.pdf,1678022.0,1702719.0,70297.0,66132.0
2025-12-27 10:00:00,situation_20251227_1000_5df19cba.pdf,510744.0,499671.0,35139.0,34175.0
2026-01-01 10:00:00,situation_20260101_1000_9c68bf23.pdf,353903.0,263105.0,24431.0,24112.0
2026-01-02 10:00:00,situation_20260102_1000_4550f668.pdf,263105.0,262348.0,24112.0,23890.0
2026-01-03 10:00:00,situation_20260103_1000_194a6d14.pdf,262348.0,262348.0,23890.0,23890.0
2026-01-04 10:00:00,situation_20260104_1000_f1f74f49.pdf,262348.0,261557.0,23890.0,22136.0
2026-01-05 10:00:00,situation_20260105_1000_29c4a593.pdf,261557.0,260804.0,22136.0,21514.0
2026-01-06 10:00:00,situation_20260106_1000_eeec1ce4.pdf,260804.0,260804.0,21514.0,20382.0
2026-01-07 10:00:00,situation_20260107_1000_e349781a.pdf,260804.0,258967.0,20382.0,19340.0
2026-01-08 10:00:00,situation_20260108_1000_7b0c5e7a.pdf,258967.0,258700.0,19340.0,19299.0
2026-01-15 10:00:00,situation_20260115_1000_ab486071.pdf,235947.0,174463.0,8362.0,8337.0
2026-01-19 10:00:00,situation_20260119_1000_6e640470.pdf,175217.0,236676.0,8294.0,7572.0
2026-01-20 10:00:00,situation_20260120_1000_e1042caa.pdf,236676.0,228511.0,7572.0,7109.0
2026-01-22 10:00:00,situation_20260122_1000_7345de5a.pdf,228511.0,228511.0,7109.0,7109.0
2026-01-24 10:00:00,situation_20260124_1000_3b934aad.pdf,228511.0,231304.0,7109.0,6680.0
2026-01-25 10:00:00,situation_20260125_1000_b3cbd836.pdf,231304.0,231304.0,6680.0,6680.0
2026-01-26 10:00:00,situation_20260126_1000_fbc56113.pdf,231304.0,0.0,6680.0,0.0
2026-02-01 10:00:00,situation_20260201_1000_844547e2.pdf,231304.0,231304.0,6680.0,6680.0
2026-02-02 10:00:00,situation_20260202_1000_901ced60.pdf,231304.0,231304.0,6680.0,6680.0
2026-02-04 10:00:00,situation_20260204_1000_49ba6914.pdf,231304.0,220408.0,6680.0,6413.0
2026-02-06 10:00:00,situation_20260206_1000_ff3594ed.pdf,220408.0,220408.0,6413.0,6413.0
2026-02-08 10:00:00,situation_20260208_1000_e44e7708.pdf,220408.0,220408.0,6413.0,6413.0
2026-02-09 10:00:00,situation_20260209_1000_843bd47e.pdf,220408.0,220408.0,6413.0,6413.0
2026-02-14 10:00:00,situation_20260214_1000_973d1e8d.pdf,220408.0,220408.0,6413.0,6413.0
2026-02-15 10:00:00,situation_20260215_1000_e786a75f.pdf,220408.0,220408.0,6413.0,6413.0
2026-02-16 10:00:00,situation_20260216_1000_3ad84596.pdf,220408.0,220405.0,6413.0,4125.0
2026-02-17 10:00:00,situation_20260217_1000_37a88032.pdf,220405.0,220405.0,4125.0,4125.0
2026-02-18 10:00:00,situation_20260218_1000_f572d768.pdf,220405.0,220044.0,4125.0,3403.0
2026-02-20 10:00:00,situation_20260220_1000_a92df030.pdf,220044.0,220044.0,3403.0,3401.0
2026-02-28 10:00:00,situation_20260228_1000_dddac469.pdf,220044.0,220044.0,3146.0,3146.0
2026-03-01 10:00:00,situation_20260301_1000_ec02b3ab.pdf,220044.0,220044.0,3146.0,3146.0
2026-03-02 10:00:00,situation_20260302_1000_7cd70c0e.pdf,220044.0,220044.0,3146.0,3146.0
2026-03-06 10:00:00,situation_20260306_1000_ff855046.pdf,220044.0,220044.0,3146.0,2852.0
2026-03-07 10:00:00,situation_20260307_1000_851134fd.pdf,220044.0,220044.0,2852.0,2852.0
2026-03-08 10:00:00,situation_20260308_1000_efcd109c.pdf,220044.0,220044.0,2852.0,2852.0
2026-03-09 10:00:00,situation_20260309_1000_d2200006.pdf,220044.0,220044.0,2852.0,2852.0
2026-03-10 10:00:00,situation_20260310_1000_d4c4f5b6.pdf,220044.0,0.0,2852.0,0.0
2026-03-11 10:00:00,situation_20260311_1000_c63fa4fa.pdf,0.0,220044.0,0.0,2833.0
2026-03-13 10:00:00,situation_20260313_1000_d3f77b76.pdf,220044.0,220044.0,2833.0,2833.0
2026-03-14 10:00:00,situation_20260314_1000_66a0b446.pdf,220044.0,220044.0,2833.0,2833.0
2026-03-15 10:00:00,situation_20260315_1000_0e7309d5.pdf,220044.0,220044.0,2833.0,2833.0
2026-03-16 10:00:00,situation_20260316_1000_72459e30.pdf,220044.0,0.0,2833.0,0.0
2026-03-18 10:00:00,situation_20260318_1000_6453726a.pdf,0.0,11.0,0.0,0.0
2026-03-19 10:00:00,situation_20260319_1000_d109af0c.pdf,11.0,220044.0,0.0,2833.0
2026-03-21 10:00:00,situation_20260321_1000_d29aed91.pdf,220044.0,220044.0,2833.0,2833.0
2026-03-22 10:00:00,situation_20260322_1000_03689f3f.pdf,220044.0,220044.0,2833.0,2833.0
2026-03-23 10:00:00,situation_20260323_1000_845f1a3b.pdf,220044.0,12.0,2833.0,0.0
2026-03-23 22:00:00,situation_20260323_2200_39bf0edc.pdf,12.0,220044.0,0.0,2833.0
2026-03-24 10:00:00,situation_20260324_1000_132619e3.pdf,220044.0,220044.0,2833.0,2757.0
2026-03-25 10:00:00,situation_20260325_1000_aea2c35d.pdf,220044.0,0.0,2757.0,0.0
2026-03-26 10:00:00,situation_20260326_1000_3588a594.pdf,0.0,0.0,0.0,0.0
2026-03-27 10:00:00,situation_20260327_1000_2092eaec.pdf,0.0,220044.0,0.0,2581.0
2026-03-29 10:00:00,situation_20260329_1000_19c01d22.pdf,220044.0,220044.0,2581.0,2581.0
2026-03-30 10:00:00,situation_20260330_1000_669bfaa6.pdf,220044.0,220044.0,2581.0,2581.0
2026-03-31 10:00:00,situation_20260331_1000_79eb5c13.pdf,220044.0,220044.0,2581.0,2435.0
2026-04-01 10:00:00,situation_20260401_1000_f1ab5966.pdf,220044.0,220044.0,2435.0,2435.0
2026-04-02 10:00:00,situation_20260402_1000_864a02fa.pdf,220044.0,5.0,2435.0,0.0
2026-04-03 10:00:00,situation_20260403_1000_c910d5f9.pdf,5.0,41.0,0.0,0.0
2026-04-04 10:00:00,situation_20260404_1000_eb0f9599.pdf,41.0,41.0,0.0,0.0
2026-04-05 10:00:00,situation_20260405_1000_f550e89b.pdf,41.0,0.0,0.0,0.0
2026-04-06 10:00:00,situation_20260406_1000_46148868.pdf,0.0,220044.0,0.0,2435.0
2026-04-10 10:00:00,situation_20260410_1000_fbefcca4.pdf,0.0,0.0,0.0,0.0
2026-04-12 10:00:00,situation_20260412_1000_725a2bd4.pdf,0.0,2.0,0.0,0.0
2026-04-13 10:00:00,situation_20260413_1000_6680d09d.pdf,2.0,2.0,0.0,0.0
2026-04-14 10:00:00,situation_20260414_1000_88c3f706.pdf,2.0,0.0,0.0,0.0
2026-04-15 10:00:00,situation_20260415_1000_482976ae.pdf,0.0,220044.0,0.0,1404.0
2026-04-15 18:00:00,situation_20260415_1800_e1596f02.pdf,220044.0,220044.0,1404.0,1404.0
2026-04-16 10:00:00,situation_20260416_1000_50571a70.pdf,220044.0,4.0,1404.0,0.0
2026-04-17 10:00:00,situation_20260417_1000_77f76f25.pdf,4.0,571.0,0.0,0.0
2026-04-18 10:00:00,situation_20260418_1000_5de88b8a.pdf,571.0,571.0,0.0,0.0
2026-04-19 10:00:00,situation_20260419_1000_b7011387.pdf,571.0,0.0,0.0,0.0
2026-04-20 10:00:00,situation_20260420_1000_2f48f162.pdf,0.0,0.0,0.0,0.0
2026-04-21 10:00:00,situation_20260421_1000_dcfbdfe2.pdf,0.0,0.0,0.0,0.0
2026-04-22 10:00:00,situation_20260422_1000_7fafdca9.pdf,0.0,678.0,0.0,0.0
2026-04-23 10:00:00,situation_20260423_1000_a8c6acf2.pdf,678.0,682.0,0.0,0.0
2026-04-24 10:00:00,situation_20260424_1000_69b97ad6.pdf,682.0,0.0,0.0,0.0
2026-04-25 10:00:00,situation_20260425_1000_e162da3b.pdf,0.0,0.0,0.0,0.0
2026-04-26 10:00:00,situation_20260426_1000_9bd42034.pdf,0.0,0.0,0.0,0.0
2026-04-27 10:00:00,situation_20260427_1000_83734d53.pdf,0.0,6.0,0.0,0.0
2026-04-28 10:00:00,situation_20260428_1000_13e7281f.pdf,6.0,0.0,0.0,0.0
2026-04-29 10:00:00,situation_20260429_1000_2870b5a5.pdf,0.0,9.0,0.0,0.0
2026-04-30 10:00:00,situation_20260430_1000_221e6737.pdf,9.0,94.0,0.0,0.0
2026-05-01 10:00:00,situation_20260501_1000_c33871df.pdf,94.0,73.0,0.0,0.0
2026-05-02 10:00:00,situation_20260502_1000_e1f75b1a.pdf,73.0,2.0,0.0,0.0
2026-05-03 10:00:00,situation_20260503_1000_99f71816.pdf,2.0,112.0,0.0,0.0
2026-05-04 10:00:00,situation_20260504_1000_c0e045e1.pdf,112.0,131.0,0.0,0.0
2026-05-05 10:00:00,situation_20260505_1000_755d3978.pdf,131.0,54.0,0.0,0.0
2026-05-07 10:00:00,situation_20260507_1000_d0d1276a.pdf,54.0,12.0,0.0,0.0
2026-05-09 10:00:00,situation_20260509_1000_74e91f64.pdf,12.0,149.0,0.0,0.0
2026-05-11 10:00:00,situation_20260511_1000_50328cd4.pdf,149.0,85.0,0.0,17.0
2026-05-12 10:00:00,situation_20260512_1000_78a5f5ef.pdf,85.0,203.0,17.0,17.0
2026-05-13 10:00:00,situation_20260513_1000_b7ae321a.pdf,203.0,3475.0,17.0,1310.0
2026-05-14 10:00:00,situation_20260514_1000_43941880.pdf,3475.0,3623.0,1310.0,123.0
2026-05-15 10:00:00,situation_20260515_1000_b5370cef.pdf,3623.0,4354.0,123.0,250.0
2026-05-16 10:00:00,situation_20260516_1000_00db5e05.pdf,4354.0,5242.0,250.0,162.0
2026-05-17 10:00:00,situation_20260517_1000_7a00b5c2.pdf,5242.0,5277.0,162.0,135.0
2026-05-18 10:00:00,situation_20260518_1000_a091fb5e.pdf,5277.0,5336.0,135.0,0.0
2026-05-19 10:00:00,situation_20260519_1000_ab423649.pdf,5336.0,5366.0,0.0,0.0
2026-05-20 10:00:00,situation_20260520_1000_ceaeff47.pdf,5366.0,5369.0,0.0,0.0
2026-05-21 10:00:00,situation_20260521_1000_8ee96b08.pdf,5369.0,5500.0,0.0,0.0
2026-05-22 10:00:00,situation_20260522_1000_d803f279.pdf,5500.0,17736.0,0.0,297.0
2026-05-23 10:00:00,situation_20260523_1000_5dbcd2f0.pdf,17736.0,31072.0,297.0,1724.0
2026-05-24 10:00:00,situation_20260524_1000_d5e5848b.pdf,31072.0,31078.0,1724.0,1724.0
2026-05-25 10:00:00,situation_20260525_1000_efb0f9b4.pdf,31078.0,31078.0,1724.0,254.0
2026-05-26 10:00:00,situation_20260526_1000_c93d604b.pdf,31078.0,18532.0,254.0,245.0
2026-05-27 10:00:00,situation_20260527_1000_74033c6f.pdf,18532.0,18532.0,245.0,45.0
2026-05-28 10:00:00,situation_20260528_1000_295205da.pdf,18532.0,18593.0,45.0,45.0
2026-05-29 10:00:00,situation_20260529_1000_44dad31e.pdf,18593.0,16668.0,45.0,116.0
2026-05-30 10:00:00,situation_20260530_1000_560ffe5c.pdf,16668.0,16668.0,116.0,116.0
2026-05-31 10:00:00,situation_20260531_1000_052fb160.pdf,16668.0,16672.0,116.0,116.0
2026-06-01 10:00:00,situation_20260601_1000_00f064c4.pdf,16672.0,16672.0,116.0,45.0
2026-06-02 10:00:00,situation_20260602_1000_b11e9e75.pdf,16672.0,16724.0,45.0,0.0
2026-06-03 10:00:00,situation_20260603_1000_a3b8436d.pdf,16724.0,16804.0,0.0,0.0
2026-06-04 10:00:00,situation_20260604_1000_dd506427.pdf,16804.0,16832.0,0.0,0.0
2026-06-05 10:00:00,situation_20260605_1000_2315e58c.pdf,16832.0,84.0,0.0,0.0
2026-06-06 10:00:00,situation_20260606_1000_04f78bf8.pdf,84.0,84.0,0.0,0.0
2026-06-07 10:00:00,situation_20260607_1000_8d717fcc.pdf,84.0,135.0,0.0,0.0
2026-06-08 10:00:00,situation_20260608_1000_219d5da9.pdf,135.0,135.0,0.0,0.0
2026-06-09 10:00:00,situation_20260609_1000_2b64cacc.pdf,135.0,138.0,0.0,0.0
2026-06-10 10:00:00,situation_20260610_1000_56865ea4.pdf,138.0,246.0,0.0,0.0
2026-06-11 10:00:00,situation_20260611_1000_f1b4ba2d.pdf,246.0,297.0,0.0,0.0
2026-06-12 10:00:00,situation_20260612_1000_b0287da2.pdf,297.0,531.0,0.0,0.0
2026-06-13 10:00:00,situation_20260613_1000_9750f029.pdf,531.0,756.0,0.0,0.0
2026-06-14 10:00:00,situation_20260614_1000_25551f8b.pdf,756.0,756.0,0.0,0.0
2026-06-15 10:00:00,situation_20260615_1000_41407ba9.pdf,756.0,797.0,0.0,0.0
2026-06-16 10:00:00,situation_20260616_1000_8b5cb4cd.pdf,797.0,920.0,0.0,0.0
2026-06-17 10:00:00,situation_20260617_1000_ea5c273d.pdf,920.0,920.0,0.0,0.0
2026-06-18 10:00:00,situation_20260618_1000_5395ba15.pdf,920.0,398.0,0.0,0.0
2026-06-19 10:00:00,situation_20260619_1000_9c43158b.pdf,398.0,61.0,0.0,0.0
2026-06-20 10:00:00,situation_20260620_1000_2d01495a.pdf,61.0,61.0,0.0,0.0
2026-06-21 10:00:00,situation_20260621_1000_0a379643.pdf,61.0,61.0,0.0,0.0
2026-06-22 10:00:00,situation_20260622_1000_dcc8b40f.pdf,61.0,0.0,0.0,0.0
2026-06-23 10:00:00,situation_20260623_1000_adbed3cd.pdf,0.0,0.0,0.0,0.0
2026-06-24 10:00:00,situation_20260624_1000_ba8d78a8.pdf,0.0,209.0,0.0,0.0
2026-06-29 10:00:00,situation_20260629_1000_0d87883e.pdf,0.0,50.0,0.0,0.0
2026-06-30 10:00:00,situation_20260630_1000_d76aeac2.pdf,50.0,0.0,0.0,0.0
2026-07-01 10:00:00,situation_20260701_1000_70b01d8d.pdf,0.0,17.0,0.0,0.0
2026-07-05 10:00:00,situation_20260705_1000_d1169454.pdf,9.0,0.0,0.0,0.0
2026-07-06 10:00:00,situation_20260706_1000_e19e22fd.pdf,0.0,11.0,0.0,0.0
2026-07-07 10:00:00,situation_20260707_1000_c974087a.pdf,11.0,0.0,0.0,0.0
2026-07-08 10:00:00,situation_20260708_1000_fb40c3fc.pdf,0.0,0.0,0.0,0.0
2026-07-10 10:00:00,situation_20260710_1000_1b48e1b7.pdf,0.0,103.0,0.0,0.0
2026-07-11 10:00:00,situation_20260711_1000_01a60d23.pdf,103.0,0.0,0.0,0.0
2026-07-17 10:00:00,situation_20260717_1000_3340617f.pdf,0.0,0.0,0.0,0.0
2026-07-24 10:00:00,situation_20260724_1000_00487a56.pdf,0.0,6.0,0.0,0.0
2026-07-26 10:00:00,situation_20260726_1000_120a596d.pdf,6.0,0.0,0.0,0.0
2026-07-28 10:00:00,situation_20260728_1000_20f39b22.pdf,0.0,0.0,0.0,0.0
2026-08-05 13:00:00,situation_20260805_1300_b9eed5ac.pdf,15412.0,16345.0,3566.0,2504.0
2026-08-06 10:00:00,situation_20260806_1000_1b7d933e.pdf,16345.0,16693.0,2504.0,1375.0
2026-08-11 10:00:00,situation_20260811_1000_230956b9.pdf,16465.0,16520.0,495.0,263.0
2026-08-13 10:00:00,situation_20260813_1000_e719370a.pdf,16520.0,16536.0,263.0,188.0
